ball_x,ball_y,ball_vx,ball_vy,left_y,right_y,left_action,right_action,left_scored,right_scored
404.624,301.901,4.624,1.901,260,260,0,0,0,0
409.249,303.802,4.624,1.901,260,260,0,0,0,0
413.873,305.703,4.624,1.901,260,260,0,0,0,0
418.498,307.605,4.624,1.901,260,260,0,0,0,0
423.122,309.506,4.624,1.901,260,260,0,0,0,0
427.747,311.407,4.624,1.901,260,260,0,0,0,0
432.371,313.308,4.624,1.901,260,260,0,0,0,0
436.996,315.209,4.624,1.901,260,260,0,0,0,0
441.62,317.11,4.624,1.901,260,260,0,0,0,0
446.245,319.012,4.624,1.901,260,260,0,0,0,0
450.869,320.913,4.624,1.901,260,260,0,0,0,0
455.493,322.814,4.624,1.901,260,260,0,0,0,0
460.118,324.715,4.624,1.901,260,260,0,0,0,0
464.742,326.616,4.624,1.901,260,260,0,0,0,0
469.367,328.517,4.624,1.901,260,260,0,0,0,0
473.991,330.419,4.624,1.901,260,260,0,0,0,0
478.616,332.32,4.624,1.901,260,260,0,0,0,0
483.24,334.221,4.624,1.901,260,260,0,0,0,0
487.865,336.122,4.624,1.901,260,260,0,0,0,0
492.489,338.023,4.624,1.901,260,260,0,0,0,0
497.114,339.924,4.624,1.901,260,260,0,0,0,0
501.738,341.825,4.624,1.901,260,260,0,0,0,0
506.363,343.727,4.624,1.901,260,260,0,0,0,0
510.987,345.628,4.624,1.901,260,260,0,0,0,0
515.611,347.529,4.624,1.901,260,260,0,0,0,0
520.236,349.43,4.624,1.901,260,260,0,0,0,0
524.86,351.331,4.624,1.901,260,260,0,0,0,0
529.485,353.232,4.624,1.901,260,260,0,0,0,0
534.109,355.134,4.624,1.901,260,260,0,0,0,0
538.734,357.035,4.624,1.901,260,260,0,0,0,0
543.358,358.936,4.624,1.901,260,260,0,0,0,0
547.983,360.837,4.624,1.901,260,260,0,0,0,0
552.607,362.738,4.624,1.901,260,260,0,0,0,0
557.232,364.639,4.624,1.901,260,260,0,0,0,0
561.856,366.541,4.624,1.901,260,260,0,0,0,0
566.48,368.442,4.624,1.901,260,260,0,0,0,0
571.105,370.343,4.624,1.901,260,260,0,0,0,0
575.729,372.244,4.624,1.901,260,260,0,0,0,0
580.354,374.145,4.624,1.901,260,260,0,0,0,0
584.978,376.046,4.624,1.901,260,260,0,0,0,0
589.603,377.947,4.624,1.901,260,260,0,0,0,0
594.227,379.849,4.624,1.901,265,260,1,0,0,0
598.852,381.75,4.624,1.901,270,260,1,0,0,0
603.476,383.651,4.624,1.901,275,260,1,0,0,0
608.101,385.552,4.624,1.901,280,260,1,0,0,0
612.725,387.453,4.624,1.901,285,260,1,0,0,0
617.349,389.354,4.624,1.901,290,260,1,0,0,0
621.974,391.256,4.624,1.901,295,260,1,0,0,0
626.598,393.157,4.624,1.901,300,260,1,0,0,0
631.223,395.058,4.624,1.901,305,260,1,0,0,0
635.847,396.959,4.624,1.901,310,260,1,0,0,0
640.472,398.86,4.624,1.901,315,260,1,0,0,0
645.096,400.761,4.624,1.901,320,265,1,1,0,0
649.721,402.662,4.624,1.901,325,270,1,1,0,0
654.345,404.564,4.624,1.901,330,275,1,1,0,0
658.97,406.465,4.624,1.901,335,280,1,1,0,0
663.594,408.366,4.624,1.901,340,285,1,1,0,0
668.218,410.267,4.624,1.901,345,290,1,1,0,0
672.843,412.168,4.624,1.901,350,295,1,1,0,0
677.467,414.069,4.624,1.901,355,300,1,1,0,0
682.092,415.971,4.624,1.901,355,305,0,1,0,0
686.716,417.872,4.624,1.901,355,310,0,1,0,0
691.341,419.773,4.624,1.901,355,315,0,1,0,0
695.965,421.674,4.624,1.901,355,320,0,1,0,0
700.59,423.575,4.624,1.901,355,325,0,1,0,0
705.214,425.476,4.624,1.901,355,330,0,1,0,0
709.839,427.378,4.624,1.901,355,335,0,1,0,0
714.463,429.279,4.624,1.901,355,340,0,1,0,0
719.088,431.18,4.624,1.901,355,345,0,1,0,0
723.712,433.081,4.624,1.901,355,350,0,1,0,0
728.336,434.982,4.624,1.901,355,355,0,1,0,0
732.961,436.883,4.624,1.901,355,360,0,1,0,0
737.585,438.784,4.624,1.901,355,365,0,1,0,0
742.21,440.686,4.624,1.901,355,370,0,1,0,0
746.834,442.587,4.624,1.901,360,375,1,1,0,0
751.459,444.488,4.624,1.901,365,380,1,1,0,0
751.0,446.389,-4.491,2.815,370,385,1,1,0,0
746.509,449.204,-4.491,2.815,375,390,1,1,0,0
742.019,452.019,-4.491,2.815,380,395,1,1,0,0
737.528,454.835,-4.491,2.815,385,400,1,1,0,0
733.038,457.65,-4.491,2.815,390,405,1,1,0,0
728.547,460.465,-4.491,2.815,395,410,1,1,0,0
724.057,463.28,-4.491,2.815,400,415,1,1,0,0
719.566,466.095,-4.491,2.815,405,420,1,1,0,0
715.076,468.91,-4.491,2.815,410,425,1,1,0,0
710.585,471.725,-4.491,2.815,410,430,0,1,0,0
706.095,474.54,-4.491,2.815,410,435,0,1,0,0
701.604,477.356,-4.491,2.815,410,435,0,0,0,0
697.113,480.171,-4.491,2.815,410,435,0,0,0,0
692.623,482.986,-4.491,2.815,410,435,0,0,0,0
688.132,485.801,-4.491,2.815,410,435,0,0,0,0
683.642,488.616,-4.491,2.815,410,435,0,0,0,0
679.151,491.431,-4.491,2.815,410,435,0,0,0,0
674.661,494.246,-4.491,2.815,410,435,0,0,0,0
670.17,497.061,-4.491,2.815,410,435,0,0,0,0
665.68,499.877,-4.491,2.815,410,435,0,0,0,0
661.189,502.692,-4.491,2.815,410,435,0,0,0,0
656.698,505.507,-4.491,2.815,410,435,0,0,0,0
652.208,508.322,-4.491,2.815,405,435,-1,0,0,0
647.717,511.137,-4.491,2.815,400,435,-1,0,0,0
643.227,513.952,-4.491,2.815,395,435,-1,0,0,0
638.736,516.767,-4.491,2.815,390,435,-1,0,0,0
634.246,519.583,-4.491,2.815,385,435,-1,0,0,0
629.755,522.398,-4.491,2.815,380,435,-1,0,0,0
625.265,525.213,-4.491,2.815,380,435,0,0,0,0
620.774,528.028,-4.491,2.815,380,435,0,0,0,0
616.284,530.843,-4.491,2.815,380,435,0,0,0,0
611.793,533.658,-4.491,2.815,380,435,0,0,0,0
607.302,536.473,-4.491,2.815,380,435,0,0,0,0
602.812,539.288,-4.491,2.815,380,435,0,0,0,0
598.321,542.104,-4.491,2.815,380,435,0,0,0,0
593.831,544.919,-4.491,2.815,380,435,0,0,0,0
589.34,547.734,-4.491,2.815,380,435,0,0,0,0
584.85,550.549,-4.491,2.815,380,435,0,0,0,0
580.359,553.364,-4.491,2.815,380,435,0,0,0,0
575.869,556.179,-4.491,2.815,380,435,0,0,0,0
571.378,558.994,-4.491,2.815,380,435,0,0,0,0
566.887,561.81,-4.491,2.815,380,435,0,0,0,0
562.397,564.625,-4.491,2.815,380,435,0,0,0,0
557.906,567.44,-4.491,2.815,380,435,0,0,0,0
553.416,570.255,-4.491,2.815,380,435,0,0,0,0
548.925,573.07,-4.491,2.815,380,435,0,0,0,0
544.435,575.885,-4.491,2.815,380,435,0,0,0,0
539.944,578.7,-4.491,2.815,380,435,0,0,0,0
535.454,581.515,-4.491,2.815,380,435,0,0,0,0
530.963,584.331,-4.491,2.815,380,435,0,0,0,0
526.473,587.146,-4.491,2.815,380,435,0,0,0,0
521.982,589.961,-4.491,2.815,380,435,0,0,0,0
517.491,592.776,-4.491,2.815,385,435,1,0,0,0
513.001,594.0,-4.491,-2.815,390,435,1,0,0,0
508.51,591.185,-4.491,-2.815,395,435,1,0,0,0
504.02,588.37,-4.491,-2.815,400,435,1,0,0,0
499.529,585.555,-4.491,-2.815,405,435,1,0,0,0
495.039,582.739,-4.491,-2.815,410,435,1,0,0,0
490.548,579.924,-4.491,-2.815,415,435,1,0,0,0
486.058,577.109,-4.491,-2.815,420,435,1,0,0,0
481.567,574.294,-4.491,-2.815,420,435,0,0,0,0
477.077,571.479,-4.491,-2.815,420,435,0,0,0,0
472.586,568.664,-4.491,-2.815,420,435,0,0,0,0
468.095,565.849,-4.491,-2.815,420,435,0,0,0,0
463.605,563.034,-4.491,-2.815,420,435,0,0,0,0
459.114,560.218,-4.491,-2.815,420,435,0,0,0,0
454.624,557.403,-4.491,-2.815,415,435,-1,0,0,0
450.133,554.588,-4.491,-2.815,410,435,-1,0,0,0
445.643,551.773,-4.491,-2.815,405,435,-1,0,0,0
441.152,548.958,-4.491,-2.815,400,435,-1,0,0,0
436.662,546.143,-4.491,-2.815,395,435,-1,0,0,0
432.171,543.328,-4.491,-2.815,390,435,-1,0,0,0
427.68,540.512,-4.491,-2.815,385,435,-1,0,0,0
423.19,537.697,-4.491,-2.815,380,435,-1,0,0,0
418.699,534.882,-4.491,-2.815,375,435,-1,0,0,0
414.209,532.067,-4.491,-2.815,370,435,-1,0,0,0
409.718,529.252,-4.491,-2.815,365,435,-1,0,0,0
405.228,526.437,-4.491,-2.815,360,435,-1,0,0,0
400.737,523.622,-4.491,-2.815,355,435,-1,0,0,0
396.247,520.807,-4.491,-2.815,350,435,-1,0,0,0
391.756,517.991,-4.491,-2.815,345,435,-1,0,0,0
387.266,515.176,-4.491,-2.815,340,435,-1,0,0,0
382.775,512.361,-4.491,-2.815,335,435,-1,0,0,0
378.284,509.546,-4.491,-2.815,335,435,0,0,0,0
373.794,506.731,-4.491,-2.815,335,435,0,0,0,0
369.303,503.916,-4.491,-2.815,335,435,0,0,0,0
364.813,501.101,-4.491,-2.815,335,435,0,0,0,0
360.322,498.285,-4.491,-2.815,335,435,0,0,0,0
355.832,495.47,-4.491,-2.815,335,435,0,0,0,0
351.341,492.655,-4.491,-2.815,335,435,0,0,0,0
346.851,489.84,-4.491,-2.815,335,435,0,0,0,0
342.36,487.025,-4.491,-2.815,335,435,0,0,0,0
337.87,484.21,-4.491,-2.815,335,435,0,0,0,0
333.379,481.395,-4.491,-2.815,335,435,0,0,0,0
328.888,478.58,-4.491,-2.815,335,435,0,0,0,0
324.398,475.764,-4.491,-2.815,335,435,0,0,0,0
319.907,472.949,-4.491,-2.815,335,435,0,0,0,0
315.417,470.134,-4.491,-2.815,335,435,0,0,0,0
310.926,467.319,-4.491,-2.815,335,435,0,0,0,0
306.436,464.504,-4.491,-2.815,335,435,0,0,0,0
301.945,461.689,-4.491,-2.815,335,435,0,0,0,0
297.455,458.874,-4.491,-2.815,335,435,0,0,0,0
292.964,456.059,-4.491,-2.815,335,435,0,0,0,0
288.473,453.243,-4.491,-2.815,335,435,0,0,0,0
283.983,450.428,-4.491,-2.815,335,435,0,0,0,0
279.492,447.613,-4.491,-2.815,335,435,0,0,0,0
275.002,444.798,-4.491,-2.815,335,435,0,0,0,0
270.511,441.983,-4.491,-2.815,335,435,0,0,0,0
266.021,439.168,-4.491,-2.815,335,435,0,0,0,0
261.53,436.353,-4.491,-2.815,335,435,0,0,0,0
257.04,433.537,-4.491,-2.815,335,435,0,0,0,0
252.549,430.722,-4.491,-2.815,335,435,0,0,0,0
248.059,427.907,-4.491,-2.815,335,435,0,0,0,0
243.568,425.092,-4.491,-2.815,335,435,0,0,0,0
239.077,422.277,-4.491,-2.815,335,435,0,0,0,0
234.587,419.462,-4.491,-2.815,335,435,0,0,0,0
230.096,416.647,-4.491,-2.815,330,435,-1,0,0,0
225.606,413.832,-4.491,-2.815,325,435,-1,0,0,0
221.115,411.016,-4.491,-2.815,320,435,-1,0,0,0
216.625,408.201,-4.491,-2.815,315,435,-1,0,0,0
212.134,405.386,-4.491,-2.815,310,435,-1,0,0,0
207.644,402.571,-4.491,-2.815,305,435,-1,0,0,0
203.153,399.756,-4.491,-2.815,305,435,0,0,0,0
198.662,396.941,-4.491,-2.815,305,435,0,0,0,0
194.172,394.126,-4.491,-2.815,305,435,0,0,0,0
189.681,391.31,-4.491,-2.815,305,435,0,0,0,0
185.191,388.495,-4.491,-2.815,305,435,0,0,0,0
180.7,385.68,-4.491,-2.815,305,435,0,0,0,0
176.21,382.865,-4.491,-2.815,305,435,0,0,0,0
171.719,380.05,-4.491,-2.815,305,435,0,0,0,0
167.229,377.235,-4.491,-2.815,305,435,0,0,0,0
162.738,374.42,-4.491,-2.815,305,435,0,0,0,0
158.248,371.605,-4.491,-2.815,305,435,0,0,0,0
153.757,368.789,-4.491,-2.815,305,435,0,0,0,0
149.266,365.974,-4.491,-2.815,305,435,0,0,0,0
144.776,363.159,-4.491,-2.815,305,435,0,0,0,0
140.285,360.344,-4.491,-2.815,300,435,-1,0,0,0
135.795,357.529,-4.491,-2.815,295,435,-1,0,0,0
131.304,354.714,-4.491,-2.815,290,435,-1,0,0,0
126.814,351.899,-4.491,-2.815,285,435,-1,0,0,0
122.323,349.083,-4.491,-2.815,280,435,-1,0,0,0
117.833,346.268,-4.491,-2.815,275,435,-1,0,0,0
113.342,343.453,-4.491,-2.815,270,435,-1,0,0,0
108.852,340.638,-4.491,-2.815,265,435,-1,0,0,0
104.361,337.823,-4.491,-2.815,260,435,-1,0,0,0
99.87,335.008,-4.491,-2.815,260,435,0,0,0,0
95.38,332.193,-4.491,-2.815,260,435,0,0,0,0
90.889,329.378,-4.491,-2.815,260,435,0,0,0,0
86.399,326.562,-4.491,-2.815,260,435,0,0,0,0
81.908,323.747,-4.491,-2.815,260,435,0,0,0,0
77.418,320.932,-4.491,-2.815,260,435,0,0,0,0
72.927,318.117,-4.491,-2.815,260,435,0,0,0,0
68.437,315.302,-4.491,-2.815,260,435,0,0,0,0
63.946,312.487,-4.491,-2.815,260,435,0,0,0,0
59.455,309.672,-4.491,-2.815,260,435,0,0,0,0
54.965,306.856,-4.491,-2.815,260,435,0,0,0,0
50.474,304.041,-4.491,-2.815,260,435,0,0,0,0
49.0,301.226,5.597,0.18,260,435,0,0,0,0
54.597,301.406,5.597,0.18,260,435,0,0,0,0
60.194,301.586,5.597,0.18,260,435,0,0,0,0
65.791,301.765,5.597,0.18,260,435,0,0,0,0
71.388,301.945,5.597,0.18,255,435,-1,0,0,0
76.986,302.125,5.597,0.18,250,435,-1,0,0,0
82.583,302.305,5.597,0.18,245,435,-1,0,0,0
88.18,302.484,5.597,0.18,240,435,-1,0,0,0
93.777,302.664,5.597,0.18,235,435,-1,0,0,0
99.374,302.844,5.597,0.18,230,435,-1,0,0,0
104.971,303.024,5.597,0.18,225,435,-1,0,0,0
110.568,303.203,5.597,0.18,220,435,-1,0,0,0
116.165,303.383,5.597,0.18,215,435,-1,0,0,0
121.762,303.563,5.597,0.18,210,435,-1,0,0,0
127.36,303.743,5.597,0.18,205,435,-1,0,0,0
132.957,303.922,5.597,0.18,200,435,-1,0,0,0
138.554,304.102,5.597,0.18,195,435,-1,0,0,0
144.151,304.282,5.597,0.18,190,435,-1,0,0,0
149.748,304.462,5.597,0.18,185,435,-1,0,0,0
155.345,304.641,5.597,0.18,180,435,-1,0,0,0
160.942,304.821,5.597,0.18,180,435,0,0,0,0
166.539,305.001,5.597,0.18,180,435,0,0,0,0
172.137,305.181,5.597,0.18,180,435,0,0,0,0
177.734,305.36,5.597,0.18,180,435,0,0,0,0
183.331,305.54,5.597,0.18,180,435,0,0,0,0
188.928,305.72,5.597,0.18,180,435,0,0,0,0
194.525,305.9,5.597,0.18,180,435,0,0,0,0
200.122,306.079,5.597,0.18,180,435,0,0,0,0
205.719,306.259,5.597,0.18,180,435,0,0,0,0
211.316,306.439,5.597,0.18,180,435,0,0,0,0
216.913,306.618,5.597,0.18,180,435,0,0,0,0
222.511,306.798,5.597,0.18,180,435,0,0,0,0
228.108,306.978,5.597,0.18,180,435,0,0,0,0
233.705,307.158,5.597,0.18,180,435,0,0,0,0
239.302,307.337,5.597,0.18,180,435,0,0,0,0
244.899,307.517,5.597,0.18,180,435,0,0,0,0
250.496,307.697,5.597,0.18,180,435,0,0,0,0
256.093,307.877,5.597,0.18,180,435,0,0,0,0
261.69,308.056,5.597,0.18,180,435,0,0,0,0
267.287,308.236,5.597,0.18,180,435,0,0,0,0
272.885,308.416,5.597,0.18,180,435,0,0,0,0
278.482,308.596,5.597,0.18,180,435,0,0,0,0
284.079,308.775,5.597,0.18,180,435,0,0,0,0
289.676,308.955,5.597,0.18,180,435,0,0,0,0
295.273,309.135,5.597,0.18,180,435,0,0,0,0
300.87,309.315,5.597,0.18,180,435,0,0,0,0
306.467,309.494,5.597,0.18,180,435,0,0,0,0
312.064,309.674,5.597,0.18,180,435,0,0,0,0
317.662,309.854,5.597,0.18,180,430,0,-1,0,0
323.259,310.034,5.597,0.18,180,425,0,-1,0,0
328.856,310.213,5.597,0.18,185,420,1,-1,0,0
334.453,310.393,5.597,0.18,190,415,1,-1,0,0
340.05,310.573,5.597,0.18,195,410,1,-1,0,0
345.647,310.753,5.597,0.18,200,405,1,-1,0,0
351.244,310.932,5.597,0.18,205,400,1,-1,0,0
356.841,311.112,5.597,0.18,210,395,1,-1,0,0
362.438,311.292,5.597,0.18,215,390,1,-1,0,0
368.036,311.472,5.597,0.18,220,385,1,-1,0,0
373.633,311.651,5.597,0.18,220,380,0,-1,0,0
379.23,311.831,5.597,0.18,220,375,0,-1,0,0
384.827,312.011,5.597,0.18,220,370,0,-1,0,0
390.424,312.19,5.597,0.18,220,365,0,-1,0,0
396.021,312.37,5.597,0.18,220,360,0,-1,0,0
401.618,312.55,5.597,0.18,220,355,0,-1,0,0
407.215,312.73,5.597,0.18,220,350,0,-1,0,0
412.812,312.909,5.597,0.18,220,345,0,-1,0,0
418.41,313.089,5.597,0.18,220,345,0,0,0,0
424.007,313.269,5.597,0.18,220,345,0,0,0,0
429.604,313.449,5.597,0.18,220,345,0,0,0,0
435.201,313.628,5.597,0.18,220,345,0,0,0,0
440.798,313.808,5.597,0.18,220,345,0,0,0,0
446.395,313.988,5.597,0.18,220,345,0,0,0,0
451.992,314.168,5.597,0.18,220,345,0,0,0,0
457.589,314.347,5.597,0.18,220,345,0,0,0,0
463.186,314.527,5.597,0.18,220,345,0,0,0,0
468.784,314.707,5.597,0.18,220,345,0,0,0,0
474.381,314.887,5.597,0.18,220,345,0,0,0,0
479.978,315.066,5.597,0.18,220,345,0,0,0,0
485.575,315.246,5.597,0.18,220,345,0,0,0,0
491.172,315.426,5.597,0.18,220,340,0,-1,0,0
496.769,315.606,5.597,0.18,220,335,0,-1,0,0
502.366,315.785,5.597,0.18,220,330,0,-1,0,0
507.963,315.965,5.597,0.18,215,325,-1,-1,0,0
513.561,316.145,5.597,0.18,210,320,-1,-1,0,0
519.158,316.325,5.597,0.18,205,315,-1,-1,0,0
524.755,316.504,5.597,0.18,200,310,-1,-1,0,0
530.352,316.684,5.597,0.18,195,305,-1,-1,0,0
535.949,316.864,5.597,0.18,195,300,0,-1,0,0
541.546,317.044,5.597,0.18,195,295,0,-1,0,0
547.143,317.223,5.597,0.18,195,290,0,-1,0,0
552.74,317.403,5.597,0.18,195,285,0,-1,0,0
558.337,317.583,5.597,0.18,195,280,0,-1,0,0
563.935,317.762,5.597,0.18,195,275,0,-1,0,0
569.532,317.942,5.597,0.18,195,270,0,-1,0,0
575.129,318.122,5.597,0.18,195,265,0,-1,0,0
580.726,318.302,5.597,0.18,195,260,0,-1,0,0
586.323,318.481,5.597,0.18,195,260,0,0,0,0
591.92,318.661,5.597,0.18,195,260,0,0,0,0
597.517,318.841,5.597,0.18,200,260,1,0,0,0
603.114,319.021,5.597,0.18,205,260,1,0,0,0
608.711,319.2,5.597,0.18,210,260,1,0,0,0
614.309,319.38,5.597,0.18,215,260,1,0,0,0
619.906,319.56,5.597,0.18,220,260,1,0,0,0
625.503,319.74,5.597,0.18,225,260,1,0,0,0
631.1,319.919,5.597,0.18,225,260,0,0,0,0
636.697,320.099,5.597,0.18,225,260,0,0,0,0
642.294,320.279,5.597,0.18,225,260,0,0,0,0
647.891,320.459,5.597,0.18,225,260,0,0,0,0
653.488,320.638,5.597,0.18,225,260,0,0,0,0
659.086,320.818,5.597,0.18,225,260,0,0,0,0
664.683,320.998,5.597,0.18,225,260,0,0,0,0
670.28,321.178,5.597,0.18,225,260,0,0,0,0
675.877,321.357,5.597,0.18,225,260,0,0,0,0
681.474,321.537,5.597,0.18,225,260,0,0,0,0
687.071,321.717,5.597,0.18,225,260,0,0,0,0
692.668,321.897,5.597,0.18,225,260,0,0,0,0
698.265,322.076,5.597,0.18,225,260,0,0,0,0
703.862,322.256,5.597,0.18,225,260,0,0,0,0
709.46,322.436,5.597,0.18,225,260,0,0,0,0
715.057,322.616,5.597,0.18,225,260,0,0,0,0
720.654,322.795,5.597,0.18,225,260,0,0,0,0
726.251,322.975,5.597,0.18,225,260,0,0,0,0
731.848,323.155,5.597,0.18,225,260,0,0,0,0
737.445,323.335,5.597,0.18,225,260,0,0,0,0
743.042,323.514,5.597,0.18,225,260,0,0,0,0
748.639,323.694,5.597,0.18,225,260,0,0,0,0
751.0,323.874,-4.785,3.452,225,260,0,0,0,0
746.215,327.326,-4.785,3.452,225,260,0,0,0,0
741.431,330.778,-4.785,3.452,230,260,1,0,0,0
736.646,334.23,-4.785,3.452,235,260,1,0,0,0
731.861,337.682,-4.785,3.452,240,260,1,0,0,0
727.077,341.134,-4.785,3.452,240,260,0,0,0,0
722.292,344.587,-4.785,3.452,240,260,0,0,0,0
717.508,348.039,-4.785,3.452,240,260,0,0,0,0
712.723,351.491,-4.785,3.452,240,260,0,0,0,0
707.938,354.943,-4.785,3.452,240,260,0,0,0,0
703.154,358.395,-4.785,3.452,245,260,1,0,0,0
698.369,361.847,-4.785,3.452,250,260,1,0,0,0
693.584,365.299,-4.785,3.452,255,260,1,0,0,0
688.8,368.751,-4.785,3.452,260,260,1,0,0,0
684.015,372.204,-4.785,3.452,265,260,1,0,0,0
679.23,375.656,-4.785,3.452,270,260,1,0,0,0
674.446,379.108,-4.785,3.452,275,260,1,0,0,0
669.661,382.56,-4.785,3.452,280,260,1,0,0,0
664.877,386.012,-4.785,3.452,285,260,1,0,0,0
660.092,389.464,-4.785,3.452,290,260,1,0,0,0
655.307,392.916,-4.785,3.452,295,260,1,0,0,0
650.523,396.369,-4.785,3.452,300,260,1,0,0,0
645.738,399.821,-4.785,3.452,305,260,1,0,0,0
640.953,403.273,-4.785,3.452,310,260,1,0,0,0
636.169,406.725,-4.785,3.452,315,260,1,0,0,0
631.384,410.177,-4.785,3.452,320,260,1,0,0,0
626.599,413.629,-4.785,3.452,325,260,1,0,0,0
621.815,417.081,-4.785,3.452,330,260,1,0,0,0
617.03,420.534,-4.785,3.452,335,265,1,1,0,0
612.245,423.986,-4.785,3.452,340,270,1,1,0,0
607.461,427.438,-4.785,3.452,345,275,1,1,0,0
602.676,430.89,-4.785,3.452,350,280,1,1,0,0
597.892,434.342,-4.785,3.452,355,285,1,1,0,0
593.107,437.794,-4.785,3.452,360,290,1,1,0,0
588.322,441.246,-4.785,3.452,365,295,1,1,0,0
583.538,444.698,-4.785,3.452,370,300,1,1,0,0
578.753,448.151,-4.785,3.452,375,305,1,1,0,0
573.968,451.603,-4.785,3.452,380,310,1,1,0,0
569.184,455.055,-4.785,3.452,385,315,1,1,0,0
564.399,458.507,-4.785,3.452,390,320,1,1,0,0
559.614,461.959,-4.785,3.452,395,325,1,1,0,0
554.83,465.411,-4.785,3.452,400,330,1,1,0,0
550.045,468.863,-4.785,3.452,405,335,1,1,0,0
545.261,472.316,-4.785,3.452,410,340,1,1,0,0
540.476,475.768,-4.785,3.452,415,345,1,1,0,0
535.691,479.22,-4.785,3.452,420,350,1,1,0,0
530.907,482.672,-4.785,3.452,425,355,1,1,0,0
526.122,486.124,-4.785,3.452,430,355,1,0,0,0
521.337,489.576,-4.785,3.452,435,355,1,0,0,0
516.553,493.028,-4.785,3.452,440,355,1,0,0,0
511.768,496.48,-4.785,3.452,440,355,0,0,0,0
506.983,499.933,-4.785,3.452,440,355,0,0,0,0
502.199,503.385,-4.785,3.452,440,355,0,0,0,0
497.414,506.837,-4.785,3.452,440,355,0,0,0,0
492.63,510.289,-4.785,3.452,440,355,0,0,0,0
487.845,513.741,-4.785,3.452,440,355,0,0,0,0
483.06,517.193,-4.785,3.452,440,355,0,0,0,0
478.276,520.645,-4.785,3.452,440,355,0,0,0,0
473.491,524.098,-4.785,3.452,440,355,0,0,0,0
468.706,527.55,-4.785,3.452,440,355,0,0,0,0
463.922,531.002,-4.785,3.452,440,355,0,0,0,0
459.137,534.454,-4.785,3.452,440,355,0,0,0,0
454.352,537.906,-4.785,3.452,440,355,0,0,0,0
449.568,541.358,-4.785,3.452,440,355,0,0,0,0
444.783,544.81,-4.785,3.452,435,355,-1,0,0,0
439.999,548.262,-4.785,3.452,430,355,-1,0,0,0
435.214,551.715,-4.785,3.452,425,355,-1,0,0,0
430.429,555.167,-4.785,3.452,420,355,-1,0,0,0
425.645,558.619,-4.785,3.452,415,355,-1,0,0,0
420.86,562.071,-4.785,3.452,410,355,-1,0,0,0
416.075,565.523,-4.785,3.452,405,355,-1,0,0,0
411.291,568.975,-4.785,3.452,400,355,-1,0,0,0
406.506,572.427,-4.785,3.452,395,355,-1,0,0,0
401.721,575.88,-4.785,3.452,390,355,-1,0,0,0
396.937,579.332,-4.785,3.452,390,355,0,0,0,0
392.152,582.784,-4.785,3.452,390,355,0,0,0,0
387.367,586.236,-4.785,3.452,390,355,0,0,0,0
382.583,589.688,-4.785,3.452,390,355,0,0,0,0
377.798,593.14,-4.785,3.452,390,355,0,0,0,0
373.014,594.0,-4.785,-3.452,390,355,0,0,0,0
368.229,590.548,-4.785,-3.452,390,355,0,0,0,0
363.444,587.096,-4.785,-3.452,390,355,0,0,0,0
358.66,583.644,-4.785,-3.452,390,355,0,0,0,0
353.875,580.191,-4.785,-3.452,390,355,0,0,0,0
349.09,576.739,-4.785,-3.452,390,355,0,0,0,0
344.306,573.287,-4.785,-3.452,390,355,0,0,0,0
339.521,569.835,-4.785,-3.452,390,355,0,0,0,0
334.736,566.383,-4.785,-3.452,390,355,0,0,0,0
329.952,562.931,-4.785,-3.452,390,355,0,0,0,0
325.167,559.479,-4.785,-3.452,390,355,0,0,0,0
320.383,556.027,-4.785,-3.452,390,355,0,0,0,0
315.598,552.574,-4.785,-3.452,390,355,0,0,0,0
310.813,549.122,-4.785,-3.452,390,355,0,0,0,0
306.029,545.67,-4.785,-3.452,390,355,0,0,0,0
301.244,542.218,-4.785,-3.452,390,355,0,0,0,0
296.459,538.766,-4.785,-3.452,390,355,0,0,0,0
291.675,535.314,-4.785,-3.452,390,355,0,0,0,0
286.89,531.862,-4.785,-3.452,390,355,0,0,0,0
282.105,528.409,-4.785,-3.452,390,355,0,0,0,0
277.321,524.957,-4.785,-3.452,390,355,0,0,0,0
272.536,521.505,-4.785,-3.452,390,355,0,0,0,0
267.752,518.053,-4.785,-3.452,390,355,0,0,0,0
262.967,514.601,-4.785,-3.452,390,355,0,0,0,0
258.182,511.149,-4.785,-3.452,390,355,0,0,0,0
253.398,507.697,-4.785,-3.452,390,355,0,0,0,0
248.613,504.244,-4.785,-3.452,390,355,0,0,0,0
243.828,500.792,-4.785,-3.452,390,355,0,0,0,0
239.044,497.34,-4.785,-3.452,390,355,0,0,0,0
234.259,493.888,-4.785,-3.452,390,355,0,0,0,0
229.474,490.436,-4.785,-3.452,385,355,-1,0,0,0
224.69,486.984,-4.785,-3.452,380,355,-1,0,0,0
219.905,483.532,-4.785,-3.452,375,355,-1,0,0,0
215.12,480.08,-4.785,-3.452,370,355,-1,0,0,0
210.336,476.627,-4.785,-3.452,365,355,-1,0,0,0
205.551,473.175,-4.785,-3.452,360,355,-1,0,0,0
200.767,469.723,-4.785,-3.452,360,355,0,0,0,0
195.982,466.271,-4.785,-3.452,360,355,0,0,0,0
191.197,462.819,-4.785,-3.452,360,355,0,0,0,0
186.413,459.367,-4.785,-3.452,360,355,0,0,0,0
181.628,455.915,-4.785,-3.452,360,355,0,0,0,0
176.843,452.462,-4.785,-3.452,360,355,0,0,0,0
172.059,449.01,-4.785,-3.452,360,355,0,0,0,0
167.274,445.558,-4.785,-3.452,360,355,0,0,0,0
162.489,442.106,-4.785,-3.452,360,355,0,0,0,0
157.705,438.654,-4.785,-3.452,360,355,0,0,0,0
152.92,435.202,-4.785,-3.452,360,355,0,0,0,0
148.136,431.75,-4.785,-3.452,360,355,0,0,0,0
143.351,428.298,-4.785,-3.452,360,355,0,0,0,0
138.566,424.845,-4.785,-3.452,360,355,0,0,0,0
133.782,421.393,-4.785,-3.452,360,355,0,0,0,0
128.997,417.941,-4.785,-3.452,360,355,0,0,0,0
124.212,414.489,-4.785,-3.452,355,355,-1,0,0,0
119.428,411.037,-4.785,-3.452,350,355,-1,0,0,0
114.643,407.585,-4.785,-3.452,345,355,-1,0,0,0
109.858,404.133,-4.785,-3.452,340,355,-1,0,0,0
105.074,400.68,-4.785,-3.452,335,355,-1,0,0,0
100.289,397.228,-4.785,-3.452,330,355,-1,0,0,0
95.505,393.776,-4.785,-3.452,325,355,-1,0,0,0
90.72,390.324,-4.785,-3.452,320,355,-1,0,0,0
85.935,386.872,-4.785,-3.452,315,355,-1,0,0,0
81.151,383.42,-4.785,-3.452,310,355,-1,0,0,0
76.366,379.968,-4.785,-3.452,305,355,-1,0,0,0
71.581,376.516,-4.785,-3.452,300,355,-1,0,0,0
66.797,373.063,-4.785,-3.452,295,355,-1,0,0,0
62.012,369.611,-4.785,-3.452,290,355,-1,0,0,0
57.227,366.159,-4.785,-3.452,290,355,0,0,0,0
52.443,362.707,-4.785,-3.452,290,355,0,0,0,0
49.0,359.255,4.469,4.298,290,355,0,0,0,0
53.469,363.553,4.469,4.298,290,355,0,0,0,0
57.937,367.85,4.469,4.298,290,355,0,0,0,0
62.406,372.148,4.469,4.298,290,355,0,0,0,0
66.875,376.446,4.469,4.298,290,355,0,0,0,0
71.344,380.743,4.469,4.298,290,355,0,0,0,0
75.812,385.041,4.469,4.298,290,355,0,0,0,0
80.281,389.339,4.469,4.298,290,355,0,0,0,0
84.75,393.636,4.469,4.298,290,355,0,0,0,0
89.219,397.934,4.469,4.298,290,355,0,0,0,0
93.687,402.232,4.469,4.298,290,355,0,0,0,0
98.156,406.53,4.469,4.298,290,355,0,0,0,0
102.625,410.827,4.469,4.298,290,355,0,0,0,0
107.094,415.125,4.469,4.298,290,355,0,0,0,0
111.562,419.423,4.469,4.298,290,355,0,0,0,0
116.031,423.72,4.469,4.298,290,355,0,0,0,0
120.5,428.018,4.469,4.298,290,355,0,0,0,0
124.969,432.316,4.469,4.298,290,355,0,0,0,0
129.437,436.614,4.469,4.298,290,355,0,0,0,0
133.906,440.911,4.469,4.298,290,355,0,0,0,0
138.375,445.209,4.469,4.298,295,355,1,0,0,0
142.844,449.507,4.469,4.298,300,355,1,0,0,0
147.312,453.804,4.469,4.298,305,355,1,0,0,0
151.781,458.102,4.469,4.298,310,355,1,0,0,0
156.25,462.4,4.469,4.298,315,355,1,0,0,0
160.719,466.698,4.469,4.298,320,360,1,1,0,0
165.187,470.995,4.469,4.298,325,365,1,1,0,0
169.656,475.293,4.469,4.298,330,370,1,1,0,0
174.125,479.591,4.469,4.298,335,375,1,1,0,0
178.594,483.888,4.469,4.298,340,380,1,1,0,0
183.062,488.186,4.469,4.298,345,385,1,1,0,0
187.531,492.484,4.469,4.298,350,390,1,1,0,0
192.0,496.781,4.469,4.298,355,395,1,1,0,0
196.469,501.079,4.469,4.298,360,400,1,1,0,0
200.937,505.377,4.469,4.298,365,405,1,1,0,0
205.406,509.675,4.469,4.298,370,410,1,1,0,0
209.875,513.972,4.469,4.298,375,415,1,1,0,0
214.344,518.27,4.469,4.298,380,420,1,1,0,0
218.812,522.568,4.469,4.298,385,425,1,1,0,0
223.281,526.865,4.469,4.298,390,430,1,1,0,0
227.75,531.163,4.469,4.298,395,435,1,1,0,0
232.219,535.461,4.469,4.298,395,440,0,1,0,0
236.687,539.759,4.469,4.298,395,445,0,1,0,0
241.156,544.056,4.469,4.298,395,450,0,1,0,0
245.625,548.354,4.469,4.298,395,455,0,1,0,0
250.094,552.652,4.469,4.298,395,460,0,1,0,0
254.562,556.949,4.469,4.298,395,465,0,1,0,0
259.031,561.247,4.469,4.298,395,470,0,1,0,0
263.5,565.545,4.469,4.298,395,475,0,1,0,0
267.969,569.842,4.469,4.298,390,480,-1,1,0,0
272.437,574.14,4.469,4.298,385,485,-1,1,0,0
276.906,578.438,4.469,4.298,380,490,-1,1,0,0
281.375,582.736,4.469,4.298,375,495,-1,1,0,0
285.844,587.033,4.469,4.298,370,495,-1,0,0,0
290.312,591.331,4.469,4.298,365,495,-1,0,0,0
294.781,594.0,4.469,-4.298,360,495,-1,0,0,0
299.25,589.702,4.469,-4.298,355,495,-1,0,0,0
303.719,585.405,4.469,-4.298,350,495,-1,0,0,0
308.187,581.107,4.469,-4.298,345,495,-1,0,0,0
312.656,576.809,4.469,-4.298,340,495,-1,0,0,0
317.125,572.511,4.469,-4.298,335,495,-1,0,0,0
321.594,568.214,4.469,-4.298,330,495,-1,0,0,0
326.062,563.916,4.469,-4.298,325,495,-1,0,0,0
330.531,559.618,4.469,-4.298,320,495,-1,0,0,0
335.0,555.321,4.469,-4.298,315,495,-1,0,0,0
339.469,551.023,4.469,-4.298,310,495,-1,0,0,0
343.937,546.725,4.469,-4.298,305,495,-1,0,0,0
348.406,542.428,4.469,-4.298,300,495,-1,0,0,0
352.875,538.13,4.469,-4.298,295,495,-1,0,0,0
357.344,533.832,4.469,-4.298,290,495,-1,0,0,0
361.812,529.534,4.469,-4.298,285,495,-1,0,0,0
366.281,525.237,4.469,-4.298,280,495,-1,0,0,0
370.75,520.939,4.469,-4.298,275,495,-1,0,0,0
375.219,516.641,4.469,-4.298,270,495,-1,0,0,0
379.687,512.344,4.469,-4.298,265,495,-1,0,0,0
384.156,508.046,4.469,-4.298,260,495,-1,0,0,0
388.625,503.748,4.469,-4.298,255,495,-1,0,0,0
393.094,499.45,4.469,-4.298,250,495,-1,0,0,0
397.562,495.153,4.469,-4.298,245,495,-1,0,0,0
402.031,490.855,4.469,-4.298,240,495,-1,0,0,0
406.5,486.557,4.469,-4.298,235,495,-1,0,0,0
410.969,482.26,4.469,-4.298,230,495,-1,0,0,0
415.437,477.962,4.469,-4.298,225,490,-1,-1,0,0
419.906,473.664,4.469,-4.298,225,485,0,-1,0,0
424.375,469.367,4.469,-4.298,225,480,0,-1,0,0
428.844,465.069,4.469,-4.298,225,475,0,-1,0,0
433.312,460.771,4.469,-4.298,225,470,0,-1,0,0
437.781,456.473,4.469,-4.298,225,465,0,-1,0,0
442.25,452.176,4.469,-4.298,225,460,0,-1,0,0
446.719,447.878,4.469,-4.298,225,455,0,-1,0,0
451.187,443.58,4.469,-4.298,225,450,0,-1,0,0
455.656,439.283,4.469,-4.298,225,445,0,-1,0,0
460.125,434.985,4.469,-4.298,225,440,0,-1,0,0
464.594,430.687,4.469,-4.298,225,435,0,-1,0,0
469.062,426.389,4.469,-4.298,225,430,0,-1,0,0
473.531,422.092,4.469,-4.298,225,425,0,-1,0,0
478.0,417.794,4.469,-4.298,225,420,0,-1,0,0
482.469,413.496,4.469,-4.298,225,415,0,-1,0,0
486.937,409.199,4.469,-4.298,225,410,0,-1,0,0
491.406,404.901,4.469,-4.298,225,405,0,-1,0,0
495.875,400.603,4.469,-4.298,225,400,0,-1,0,0
500.344,396.305,4.469,-4.298,225,395,0,-1,0,0
504.812,392.008,4.469,-4.298,225,390,0,-1,0,0
509.281,387.71,4.469,-4.298,220,385,-1,-1,0,0
513.75,383.412,4.469,-4.298,215,380,-1,-1,0,0
518.219,379.115,4.469,-4.298,210,375,-1,-1,0,0
522.687,374.817,4.469,-4.298,205,370,-1,-1,0,0
527.156,370.519,4.469,-4.298,200,365,-1,-1,0,0
531.625,366.222,4.469,-4.298,195,360,-1,-1,0,0
536.094,361.924,4.469,-4.298,190,355,-1,-1,0,0
540.562,357.626,4.469,-4.298,185,350,-1,-1,0,0
545.031,353.328,4.469,-4.298,180,345,-1,-1,0,0
549.5,349.031,4.469,-4.298,175,340,-1,-1,0,0
553.969,344.733,4.469,-4.298,170,335,-1,-1,0,0
558.437,340.435,4.469,-4.298,165,330,-1,-1,0,0
562.906,336.138,4.469,-4.298,160,325,-1,-1,0,0
567.375,331.84,4.469,-4.298,155,320,-1,-1,0,0
571.844,327.542,4.469,-4.298,150,315,-1,-1,0,0
576.312,323.244,4.469,-4.298,145,310,-1,-1,0,0
580.781,318.947,4.469,-4.298,140,305,-1,-1,0,0
585.25,314.649,4.469,-4.298,135,300,-1,-1,0,0
589.719,310.351,4.469,-4.298,130,295,-1,-1,0,0
594.187,306.054,4.469,-4.298,125,290,-1,-1,0,0
598.656,301.756,4.469,-4.298,120,285,-1,-1,0,0
603.125,297.458,4.469,-4.298,115,280,-1,-1,0,0
607.594,293.161,4.469,-4.298,110,275,-1,-1,0,0
612.062,288.863,4.469,-4.298,105,270,-1,-1,0,0
616.531,284.565,4.469,-4.298,100,265,-1,-1,0,0
621.0,280.267,4.469,-4.298,100,260,0,-1,0,0
625.469,275.97,4.469,-4.298,100,255,0,-1,0,0
629.937,271.672,4.469,-4.298,100,250,0,-1,0,0
634.406,267.374,4.469,-4.298,100,245,0,-1,0,0
638.875,263.077,4.469,-4.298,100,240,0,-1,0,0
643.344,258.779,4.469,-4.298,100,235,0,-1,0,0
647.812,254.481,4.469,-4.298,100,230,0,-1,0,0
652.281,250.183,4.469,-4.298,100,225,0,-1,0,0
656.75,245.886,4.469,-4.298,95,220,-1,-1,0,0
661.219,241.588,4.469,-4.298,90,215,-1,-1,0,0
665.687,237.29,4.469,-4.298,85,210,-1,-1,0,0
670.156,232.993,4.469,-4.298,80,205,-1,-1,0,0
674.625,228.695,4.469,-4.298,75,200,-1,-1,0,0
679.094,224.397,4.469,-4.298,70,195,-1,-1,0,0
683.562,220.1,4.469,-4.298,65,190,-1,-1,0,0
688.031,215.802,4.469,-4.298,60,185,-1,-1,0,0
692.5,211.504,4.469,-4.298,55,180,-1,-1,0,0
696.969,207.206,4.469,-4.298,50,175,-1,-1,0,0
701.437,202.909,4.469,-4.298,45,170,-1,-1,0,0
705.906,198.611,4.469,-4.298,40,165,-1,-1,0,0
710.375,194.313,4.469,-4.298,35,160,-1,-1,0,0
714.844,190.016,4.469,-4.298,30,155,-1,-1,0,0
719.312,185.718,4.469,-4.298,25,150,-1,-1,0,0
723.781,181.42,4.469,-4.298,20,145,-1,-1,0,0
728.25,177.122,4.469,-4.298,15,140,-1,-1,0,0
732.719,172.825,4.469,-4.298,10,135,-1,-1,0,0
737.187,168.527,4.469,-4.298,5,130,-1,-1,0,0
741.656,164.229,4.469,-4.298,0,125,-1,-1,0,0
746.125,159.932,4.469,-4.298,0,120,-1,-1,0,0
750.594,155.634,4.469,-4.298,0,115,0,-1,0,0
751.0,151.336,-6.496,0.227,0,110,0,-1,0,0
744.504,151.564,-6.496,0.227,0,110,0,0,0,0
738.008,151.791,-6.496,0.227,0,110,0,0,0,0
731.512,152.018,-6.496,0.227,0,110,0,0,0,0
725.016,152.246,-6.496,0.227,0,110,0,0,0,0
718.52,152.473,-6.496,0.227,0,110,0,0,0,0
712.024,152.7,-6.496,0.227,0,110,0,0,0,0
705.528,152.928,-6.496,0.227,0,110,0,0,0,0
699.032,153.155,-6.496,0.227,0,110,0,0,0,0
692.536,153.382,-6.496,0.227,0,110,0,0,0,0
686.04,153.61,-6.496,0.227,0,110,0,0,0,0
679.544,153.837,-6.496,0.227,0,110,0,0,0,0
673.048,154.064,-6.496,0.227,0,110,0,0,0,0
666.552,154.292,-6.496,0.227,5,110,1,0,0,0
660.056,154.519,-6.496,0.227,10,110,1,0,0,0
653.56,154.746,-6.496,0.227,15,110,1,0,0,0
647.064,154.974,-6.496,0.227,20,110,1,0,0,0
640.568,155.201,-6.496,0.227,25,110,1,0,0,0
634.072,155.428,-6.496,0.227,30,110,1,0,0,0
627.576,155.656,-6.496,0.227,35,110,1,0,0,0
621.08,155.883,-6.496,0.227,40,110,1,0,0,0
614.584,156.11,-6.496,0.227,45,110,1,0,0,0
608.087,156.338,-6.496,0.227,50,110,1,0,0,0
601.591,156.565,-6.496,0.227,55,110,1,0,0,0
595.095,156.792,-6.496,0.227,60,110,1,0,0,0
588.599,157.02,-6.496,0.227,65,110,1,0,0,0
582.103,157.247,-6.496,0.227,70,110,1,0,0,0
575.607,157.474,-6.496,0.227,75,110,1,0,0,0
569.111,157.702,-6.496,0.227,80,110,1,0,0,0
562.615,157.929,-6.496,0.227,85,110,1,0,0,0
556.119,158.156,-6.496,0.227,90,110,1,0,0,0
549.623,158.384,-6.496,0.227,90,110,0,0,0,0
543.127,158.611,-6.496,0.227,90,110,0,0,0,0
536.631,158.838,-6.496,0.227,90,110,0,0,0,0
530.135,159.066,-6.496,0.227,90,110,0,0,0,0
523.639,159.293,-6.496,0.227,90,110,0,0,0,0
517.143,159.52,-6.496,0.227,90,110,0,0,0,0
510.647,159.748,-6.496,0.227,90,110,0,0,0,0
504.151,159.975,-6.496,0.227,90,110,0,0,0,0
497.655,160.202,-6.496,0.227,90,110,0,0,0,0
491.159,160.43,-6.496,0.227,90,110,0,0,0,0
484.663,160.657,-6.496,0.227,90,110,0,0,0,0
478.167,160.884,-6.496,0.227,90,110,0,0,0,0
471.671,161.112,-6.496,0.227,90,110,0,0,0,0
465.175,161.339,-6.496,0.227,90,110,0,0,0,0
458.679,161.566,-6.496,0.227,90,110,0,0,0,0
452.183,161.794,-6.496,0.227,90,110,0,0,0,0
445.687,162.021,-6.496,0.227,90,110,0,0,0,0
439.191,162.248,-6.496,0.227,90,110,0,0,0,0
432.695,162.476,-6.496,0.227,90,110,0,0,0,0
426.199,162.703,-6.496,0.227,90,110,0,0,0,0
419.703,162.93,-6.496,0.227,90,110,0,0,0,0
413.207,163.158,-6.496,0.227,90,110,0,0,0,0
406.711,163.385,-6.496,0.227,90,110,0,0,0,0
400.215,163.612,-6.496,0.227,90,110,0,0,0,0
393.719,163.84,-6.496,0.227,90,110,0,0,0,0
387.223,164.067,-6.496,0.227,90,110,0,0,0,0
380.727,164.294,-6.496,0.227,90,110,0,0,0,0
374.231,164.522,-6.496,0.227,90,110,0,0,0,0
367.735,164.749,-6.496,0.227,95,110,1,0,0,0
361.239,164.976,-6.496,0.227,100,110,1,0,0,0
354.743,165.204,-6.496,0.227,105,110,1,0,0,0
348.247,165.431,-6.496,0.227,110,110,1,0,0,0
341.751,165.658,-6.496,0.227,115,110,1,0,0,0
335.255,165.886,-6.496,0.227,120,110,1,0,0,0
328.758,166.113,-6.496,0.227,125,110,1,0,0,0
322.262,166.34,-6.496,0.227,125,110,0,0,0,0
315.766,166.568,-6.496,0.227,125,110,0,0,0,0
309.27,166.795,-6.496,0.227,125,110,0,0,0,0
302.774,167.022,-6.496,0.227,125,110,0,0,0,0
296.278,167.25,-6.496,0.227,125,110,0,0,0,0
289.782,167.477,-6.496,0.227,125,110,0,0,0,0
283.286,167.704,-6.496,0.227,125,110,0,0,0,0
276.79,167.932,-6.496,0.227,125,110,0,0,0,0
270.294,168.159,-6.496,0.227,125,110,0,0,0,0
263.798,168.386,-6.496,0.227,125,110,0,0,0,0
257.302,168.614,-6.496,0.227,125,110,0,0,0,0
250.806,168.841,-6.496,0.227,125,110,0,0,0,0
244.31,169.068,-6.496,0.227,125,110,0,0,0,0
237.814,169.296,-6.496,0.227,125,110,0,0,0,0
231.318,169.523,-6.496,0.227,125,110,0,0,0,0
224.822,169.75,-6.496,0.227,125,110,0,0,0,0
218.326,169.978,-6.496,0.227,125,110,0,0,0,0
211.83,170.205,-6.496,0.227,125,110,0,0,0,0
205.334,170.432,-6.496,0.227,125,110,0,0,0,0
198.838,170.66,-6.496,0.227,125,110,0,0,0,0
192.342,170.887,-6.496,0.227,125,110,0,0,0,0
185.846,171.114,-6.496,0.227,125,110,0,0,0,0
179.35,171.342,-6.496,0.227,125,110,0,0,0,0
172.854,171.569,-6.496,0.227,125,110,0,0,0,0
166.358,171.796,-6.496,0.227,125,110,0,0,0,0
159.862,172.024,-6.496,0.227,125,110,0,0,0,0
153.366,172.251,-6.496,0.227,125,110,0,0,0,0
146.87,172.478,-6.496,0.227,125,110,0,0,0,0
140.374,172.706,-6.496,0.227,125,110,0,0,0,0
133.878,172.933,-6.496,0.227,125,110,0,0,0,0
127.382,173.16,-6.496,0.227,125,110,0,0,0,0
120.886,173.388,-6.496,0.227,125,110,0,0,0,0
114.39,173.615,-6.496,0.227,125,110,0,0,0,0
107.894,173.842,-6.496,0.227,125,110,0,0,0,0
101.398,174.07,-6.496,0.227,125,110,0,0,0,0
94.902,174.297,-6.496,0.227,125,110,0,0,0,0
88.406,174.524,-6.496,0.227,125,110,0,0,0,0
81.91,174.752,-6.496,0.227,125,110,0,0,0,0
75.414,174.979,-6.496,0.227,125,110,0,0,0,0
68.918,175.206,-6.496,0.227,125,110,0,0,0,0
62.422,175.434,-6.496,0.227,120,110,-1,0,0,0
55.926,175.661,-6.496,0.227,115,110,-1,0,0,0
49.429,175.888,-6.496,0.227,110,110,-1,0,0,0
49.0,176.116,4.666,4.947,105,110,-1,0,0,0
53.666,181.062,4.666,4.947,105,110,0,0,0,0
58.332,186.009,4.666,4.947,105,110,0,0,0,0
62.998,190.956,4.666,4.947,105,110,0,0,0,0
67.663,195.902,4.666,4.947,105,110,0,0,0,0
72.329,200.849,4.666,4.947,105,110,0,0,0,0
76.995,205.796,4.666,4.947,105,110,0,0,0,0
81.661,210.742,4.666,4.947,105,110,0,0,0,0
86.327,215.689,4.666,4.947,105,110,0,0,0,0
90.993,220.636,4.666,4.947,110,110,1,0,0,0
95.659,225.583,4.666,4.947,115,110,1,0,0,0
100.324,230.529,4.666,4.947,120,110,1,0,0,0
104.99,235.476,4.666,4.947,125,110,1,0,0,0
109.656,240.423,4.666,4.947,130,110,1,0,0,0
114.322,245.369,4.666,4.947,135,115,1,1,0,0
118.988,250.316,4.666,4.947,140,120,1,1,0,0
123.654,255.263,4.666,4.947,145,125,1,1,0,0
128.32,260.209,4.666,4.947,150,130,1,1,0,0
132.985,265.156,4.666,4.947,155,135,1,1,0,0
137.651,270.103,4.666,4.947,160,140,1,1,0,0
142.317,275.05,4.666,4.947,165,145,1,1,0,0
146.983,279.996,4.666,4.947,170,150,1,1,0,0
151.649,284.943,4.666,4.947,175,155,1,1,0,0
156.315,289.89,4.666,4.947,180,160,1,1,0,0
160.981,294.836,4.666,4.947,185,165,1,1,0,0
165.646,299.783,4.666,4.947,190,170,1,1,0,0
170.312,304.73,4.666,4.947,195,175,1,1,0,0
174.978,309.676,4.666,4.947,200,180,1,1,0,0
179.644,314.623,4.666,4.947,205,185,1,1,0,0
184.31,319.57,4.666,4.947,210,190,1,1,0,0
188.976,324.516,4.666,4.947,215,195,1,1,0,0
193.642,329.463,4.666,4.947,220,200,1,1,0,0
198.307,334.41,4.666,4.947,225,205,1,1,0,0
202.973,339.357,4.666,4.947,230,210,1,1,0,0
207.639,344.303,4.666,4.947,235,215,1,1,0,0
212.305,349.25,4.666,4.947,240,220,1,1,0,0
216.971,354.197,4.666,4.947,245,225,1,1,0,0
221.637,359.143,4.666,4.947,250,230,1,1,0,0
226.303,364.09,4.666,4.947,255,235,1,1,0,0
230.968,369.037,4.666,4.947,260,240,1,1,0,0
235.634,373.983,4.666,4.947,265,245,1,1,0,0
240.3,378.93,4.666,4.947,270,250,1,1,0,0
244.966,383.877,4.666,4.947,275,255,1,1,0,0
249.632,388.823,4.666,4.947,280,260,1,1,0,0
254.298,393.77,4.666,4.947,285,265,1,1,0,0
258.964,398.717,4.666,4.947,290,270,1,1,0,0
263.629,403.664,4.666,4.947,295,275,1,1,0,0
268.295,408.61,4.666,4.947,300,280,1,1,0,0
272.961,413.557,4.666,4.947,305,285,1,1,0,0
277.627,418.504,4.666,4.947,310,290,1,1,0,0
282.293,423.45,4.666,4.947,315,295,1,1,0,0
286.959,428.397,4.666,4.947,320,300,1,1,0,0
291.625,433.344,4.666,4.947,325,305,1,1,0,0
296.29,438.29,4.666,4.947,325,310,0,1,0,0
300.956,443.237,4.666,4.947,325,315,0,1,0,0
305.622,448.184,4.666,4.947,325,315,0,0,0,0
310.288,453.13,4.666,4.947,325,315,0,0,0,0
314.954,458.077,4.666,4.947,325,315,0,0,0,0
319.62,463.024,4.666,4.947,325,315,0,0,0,0
324.286,467.971,4.666,4.947,325,315,0,0,0,0
328.951,472.917,4.666,4.947,325,315,0,0,0,0
333.617,477.864,4.666,4.947,325,315,0,0,0,0
338.283,482.811,4.666,4.947,325,315,0,0,0,0
342.949,487.757,4.666,4.947,325,315,0,0,0,0
347.615,492.704,4.666,4.947,325,315,0,0,0,0
352.281,497.651,4.666,4.947,325,315,0,0,0,0
356.947,502.597,4.666,4.947,325,315,0,0,0,0
361.612,507.544,4.666,4.947,325,315,0,0,0,0
366.278,512.491,4.666,4.947,325,315,0,0,0,0
370.944,517.438,4.666,4.947,325,315,0,0,0,0
375.61,522.384,4.666,4.947,325,315,0,0,0,0
380.276,527.331,4.666,4.947,325,320,0,1,0,0
384.942,532.278,4.666,4.947,325,325,0,1,0,0
389.608,537.224,4.666,4.947,325,330,0,1,0,0
394.273,542.171,4.666,4.947,325,335,0,1,0,0
398.939,547.118,4.666,4.947,325,340,0,1,0,0
403.605,552.064,4.666,4.947,325,345,0,1,0,0
408.271,557.011,4.666,4.947,325,350,0,1,0,0
412.937,561.958,4.666,4.947,325,355,0,1,0,0
417.603,566.904,4.666,4.947,330,360,1,1,0,0
422.269,571.851,4.666,4.947,335,365,1,1,0,0
426.934,576.798,4.666,4.947,340,370,1,1,0,0
431.6,581.745,4.666,4.947,345,375,1,1,0,0
436.266,586.691,4.666,4.947,350,380,1,1,0,0
440.932,591.638,4.666,4.947,355,385,1,1,0,0
445.598,594.0,4.666,-4.947,360,390,1,1,0,0
450.264,589.053,4.666,-4.947,365,395,1,1,0,0
454.93,584.107,4.666,-4.947,365,395,0,0,0,0
459.595,579.16,4.666,-4.947,365,395,0,0,0,0
464.261,574.213,4.666,-4.947,365,395,0,0,0,0
468.927,569.267,4.666,-4.947,365,395,0,0,0,0
473.593,564.32,4.666,-4.947,365,395,0,0,0,0
478.259,559.373,4.666,-4.947,365,395,0,0,0,0
482.925,554.426,4.666,-4.947,360,395,-1,0,0,0
487.591,549.48,4.666,-4.947,355,395,-1,0,0,0
492.256,544.533,4.666,-4.947,350,395,-1,0,0,0
496.922,539.586,4.666,-4.947,345,395,-1,0,0,0
501.588,534.64,4.666,-4.947,340,395,-1,0,0,0
506.254,529.693,4.666,-4.947,335,395,-1,0,0,0
510.92,524.746,4.666,-4.947,330,395,-1,0,0,0
515.586,519.8,4.666,-4.947,325,395,-1,0,0,0
520.252,514.853,4.666,-4.947,320,395,-1,0,0,0
524.917,509.906,4.666,-4.947,315,395,-1,0,0,0
529.583,504.96,4.666,-4.947,310,395,-1,0,0,0
534.249,500.013,4.666,-4.947,305,395,-1,0,0,0
538.915,495.066,4.666,-4.947,300,395,-1,0,0,0
543.581,490.119,4.666,-4.947,295,395,-1,0,0,0
548.247,485.173,4.666,-4.947,295,390,0,-1,0,0
552.913,480.226,4.666,-4.947,295,385,0,-1,0,0
557.578,475.279,4.666,-4.947,295,380,0,-1,0,0
562.244,470.333,4.666,-4.947,295,375,0,-1,0,0
566.91,465.386,4.666,-4.947,295,370,0,-1,0,0
571.576,460.439,4.666,-4.947,295,365,0,-1,0,0
576.242,455.493,4.666,-4.947,295,360,0,-1,0,0
580.908,450.546,4.666,-4.947,295,355,0,-1,0,0
585.574,445.599,4.666,-4.947,295,350,0,-1,0,0
590.239,440.652,4.666,-4.947,295,345,0,-1,0,0
594.905,435.706,4.666,-4.947,295,340,0,-1,0,0
599.571,430.759,4.666,-4.947,295,335,0,-1,0,0
604.237,425.812,4.666,-4.947,295,330,0,-1,0,0
608.903,420.866,4.666,-4.947,295,325,0,-1,0,0
613.569,415.919,4.666,-4.947,295,320,0,-1,0,0
618.235,410.972,4.666,-4.947,295,315,0,-1,0,0
622.9,406.026,4.666,-4.947,295,310,0,-1,0,0
627.566,401.079,4.666,-4.947,295,305,0,-1,0,0
632.232,396.132,4.666,-4.947,295,300,0,-1,0,0
636.898,391.186,4.666,-4.947,295,295,0,-1,0,0
641.564,386.239,4.666,-4.947,295,290,0,-1,0,0
646.23,381.292,4.666,-4.947,295,285,0,-1,0,0
650.896,376.345,4.666,-4.947,295,285,0,0,0,0
655.561,371.399,4.666,-4.947,295,285,0,0,0,0
660.227,366.452,4.666,-4.947,290,285,-1,0,0,0
664.893,361.505,4.666,-4.947,285,285,-1,0,0,0
669.559,356.559,4.666,-4.947,280,285,-1,0,0,0
674.225,351.612,4.666,-4.947,275,285,-1,0,0,0
678.891,346.665,4.666,-4.947,270,285,-1,0,0,0
683.557,341.719,4.666,-4.947,265,285,-1,0,0,0
688.222,336.772,4.666,-4.947,265,285,0,0,0,0
692.888,331.825,4.666,-4.947,265,285,0,0,0,0
697.554,326.879,4.666,-4.947,265,285,0,0,0,0
702.22,321.932,4.666,-4.947,265,285,0,0,0,0
706.886,316.985,4.666,-4.947,265,285,0,0,0,0
711.552,312.038,4.666,-4.947,265,285,0,0,0,0
716.218,307.092,4.666,-4.947,265,285,0,0,0,0
720.883,302.145,4.666,-4.947,265,285,0,0,0,0
725.549,297.198,4.666,-4.947,265,285,0,0,0,0
730.215,292.252,4.666,-4.947,265,280,0,-1,0,0
734.881,287.305,4.666,-4.947,265,275,0,-1,0,0
739.547,282.358,4.666,-4.947,265,270,0,-1,0,0
744.213,277.412,4.666,-4.947,265,265,0,-1,0,0
748.879,272.465,4.666,-4.947,265,260,0,-1,0,0
751.0,267.518,-5.34,-4.679,265,255,0,-1,0,0
745.66,262.839,-5.34,-4.679,265,250,0,-1,0,0
740.319,258.161,-5.34,-4.679,265,245,0,-1,0,0
734.979,253.482,-5.34,-4.679,265,240,0,-1,0,0
729.639,248.803,-5.34,-4.679,260,235,-1,-1,0,0
724.299,244.124,-5.34,-4.679,255,230,-1,-1,0,0
718.958,239.445,-5.34,-4.679,250,225,-1,-1,0,0
713.618,234.767,-5.34,-4.679,245,220,-1,-1,0,0
708.278,230.088,-5.34,-4.679,240,215,-1,-1,0,0
702.937,225.409,-5.34,-4.679,235,210,-1,-1,0,0
697.597,220.73,-5.34,-4.679,230,205,-1,-1,0,0
692.257,216.051,-5.34,-4.679,225,200,-1,-1,0,0
686.916,211.372,-5.34,-4.679,220,195,-1,-1,0,0
681.576,206.694,-5.34,-4.679,215,190,-1,-1,0,0
676.236,202.015,-5.34,-4.679,210,185,-1,-1,0,0
670.896,197.336,-5.34,-4.679,205,180,-1,-1,0,0
665.555,192.657,-5.34,-4.679,200,175,-1,-1,0,0
660.215,187.978,-5.34,-4.679,195,170,-1,-1,0,0
654.875,183.3,-5.34,-4.679,190,170,-1,0,0,0
649.534,178.621,-5.34,-4.679,185,170,-1,0,0,0
644.194,173.942,-5.34,-4.679,180,170,-1,0,0,0
638.854,169.263,-5.34,-4.679,175,170,-1,0,0,0
633.514,164.584,-5.34,-4.679,170,170,-1,0,0,0
628.173,159.906,-5.34,-4.679,165,170,-1,0,0,0
622.833,155.227,-5.34,-4.679,160,170,-1,0,0,0
617.493,150.548,-5.34,-4.679,155,170,-1,0,0,0
612.152,145.869,-5.34,-4.679,150,170,-1,0,0,0
606.812,141.19,-5.34,-4.679,145,170,-1,0,0,0
601.472,136.512,-5.34,-4.679,140,170,-1,0,0,0
596.131,131.833,-5.34,-4.679,135,170,-1,0,0,0
590.791,127.154,-5.34,-4.679,130,170,-1,0,0,0
585.451,122.475,-5.34,-4.679,125,170,-1,0,0,0
580.111,117.796,-5.34,-4.679,120,170,-1,0,0,0
574.77,113.118,-5.34,-4.679,115,170,-1,0,0,0
569.43,108.439,-5.34,-4.679,110,170,-1,0,0,0
564.09,103.76,-5.34,-4.679,105,170,-1,0,0,0
558.749,99.081,-5.34,-4.679,100,170,-1,0,0,0
553.409,94.402,-5.34,-4.679,95,170,-1,0,0,0
548.069,89.723,-5.34,-4.679,90,170,-1,0,0,0
542.729,85.045,-5.34,-4.679,85,170,-1,0,0,0
537.388,80.366,-5.34,-4.679,80,170,-1,0,0,0
532.048,75.687,-5.34,-4.679,75,170,-1,0,0,0
526.708,71.008,-5.34,-4.679,70,170,-1,0,0,0
521.367,66.329,-5.34,-4.679,65,170,-1,0,0,0
516.027,61.651,-5.34,-4.679,65,170,0,0,0,0
510.687,56.972,-5.34,-4.679,65,170,0,0,0,0
505.346,52.293,-5.34,-4.679,65,170,0,0,0,0
500.006,47.614,-5.34,-4.679,65,170,0,0,0,0
494.666,42.935,-5.34,-4.679,65,170,0,0,0,0
489.326,38.257,-5.34,-4.679,65,170,0,0,0,0
483.985,33.578,-5.34,-4.679,65,170,0,0,0,0
478.645,28.899,-5.34,-4.679,65,170,0,0,0,0
473.305,24.22,-5.34,-4.679,65,170,0,0,0,0
467.964,19.541,-5.34,-4.679,65,170,0,0,0,0
462.624,14.863,-5.34,-4.679,65,170,0,0,0,0
457.284,10.184,-5.34,-4.679,65,170,0,0,0,0
451.944,6.0,-5.34,4.679,65,170,0,0,0,0
446.603,10.679,-5.34,4.679,65,170,0,0,0,0
441.263,15.358,-5.34,4.679,65,170,0,0,0,0
435.923,20.036,-5.34,4.679,65,170,0,0,0,0
430.582,24.715,-5.34,4.679,65,170,0,0,0,0
425.242,29.394,-5.34,4.679,70,170,1,0,0,0
419.902,34.073,-5.34,4.679,75,170,1,0,0,0
414.561,38.752,-5.34,4.679,80,170,1,0,0,0
409.221,43.43,-5.34,4.679,85,170,1,0,0,0
403.881,48.109,-5.34,4.679,90,170,1,0,0,0
398.541,52.788,-5.34,4.679,95,170,1,0,0,0
393.2,57.467,-5.34,4.679,100,170,1,0,0,0
387.86,62.146,-5.34,4.679,105,170,1,0,0,0
382.52,66.825,-5.34,4.679,110,170,1,0,0,0
377.179,71.503,-5.34,4.679,115,170,1,0,0,0
371.839,76.182,-5.34,4.679,120,170,1,0,0,0
366.499,80.861,-5.34,4.679,125,170,1,0,0,0
361.159,85.54,-5.34,4.679,130,170,1,0,0,0
355.818,90.219,-5.34,4.679,135,170,1,0,0,0
350.478,94.897,-5.34,4.679,140,170,1,0,0,0
345.138,99.576,-5.34,4.679,145,170,1,0,0,0
339.797,104.255,-5.34,4.679,150,170,1,0,0,0
334.457,108.934,-5.34,4.679,155,170,1,0,0,0
329.117,113.613,-5.34,4.679,160,170,1,0,0,0
323.776,118.291,-5.34,4.679,165,170,1,0,0,0
318.436,122.97,-5.34,4.679,170,170,1,0,0,0
313.096,127.649,-5.34,4.679,175,170,1,0,0,0
307.756,132.328,-5.34,4.679,180,170,1,0,0,0
302.415,137.007,-5.34,4.679,185,170,1,0,0,0
297.075,141.685,-5.34,4.679,190,170,1,0,0,0
291.735,146.364,-5.34,4.679,195,170,1,0,0,0
286.394,151.043,-5.34,4.679,200,170,1,0,0,0
281.054,155.722,-5.34,4.679,205,170,1,0,0,0
275.714,160.401,-5.34,4.679,210,170,1,0,0,0
270.374,165.08,-5.34,4.679,215,170,1,0,0,0
265.033,169.758,-5.34,4.679,220,170,1,0,0,0
259.693,174.437,-5.34,4.679,225,170,1,0,0,0
254.353,179.116,-5.34,4.679,230,170,1,0,0,0
249.012,183.795,-5.34,4.679,235,170,1,0,0,0
243.672,188.474,-5.34,4.679,240,170,1,0,0,0
238.332,193.152,-5.34,4.679,245,170,1,0,0,0
232.991,197.831,-5.34,4.679,250,170,1,0,0,0
227.651,202.51,-5.34,4.679,255,170,1,0,0,0
222.311,207.189,-5.34,4.679,255,170,0,0,0,0
216.971,211.868,-5.34,4.679,255,170,0,0,0,0
211.63,216.546,-5.34,4.679,255,170,0,0,0,0
206.29,221.225,-5.34,4.679,255,170,0,0,0,0
200.95,225.904,-5.34,4.679,255,170,0,0,0,0
195.609,230.583,-5.34,4.679,255,170,0,0,0,0
190.269,235.262,-5.34,4.679,255,170,0,0,0,0
184.929,239.94,-5.34,4.679,255,170,0,0,0,0
179.589,244.619,-5.34,4.679,255,170,0,0,0,0
174.248,249.298,-5.34,4.679,255,170,0,0,0,0
168.908,253.977,-5.34,4.679,255,170,0,0,0,0
163.568,258.656,-5.34,4.679,255,170,0,0,0,0
158.227,263.335,-5.34,4.679,255,170,0,0,0,0
152.887,268.013,-5.34,4.679,255,170,0,0,0,0
147.547,272.692,-5.34,4.679,255,170,0,0,0,0
142.206,277.371,-5.34,4.679,255,170,0,0,0,0
136.866,282.05,-5.34,4.679,255,170,0,0,0,0
131.526,286.729,-5.34,4.679,255,170,0,0,0,0
126.186,291.407,-5.34,4.679,260,170,1,0,0,0
120.845,296.086,-5.34,4.679,265,170,1,0,0,0
115.505,300.765,-5.34,4.679,270,170,1,0,0,0
110.165,305.444,-5.34,4.679,275,170,1,0,0,0
104.824,310.123,-5.34,4.679,280,170,1,0,0,0
99.484,314.801,-5.34,4.679,285,170,1,0,0,0
94.144,319.48,-5.34,4.679,290,170,1,0,0,0
88.804,324.159,-5.34,4.679,295,170,1,0,0,0
83.463,328.838,-5.34,4.679,300,175,1,1,0,0
78.123,333.517,-5.34,4.679,305,180,1,1,0,0
72.783,338.195,-5.34,4.679,310,185,1,1,0,0
67.442,342.874,-5.34,4.679,315,190,1,1,0,0
62.102,347.553,-5.34,4.679,320,190,1,0,0,0
56.762,352.232,-5.34,4.679,325,190,1,0,0,0
51.421,356.911,-5.34,4.679,330,190,1,0,0,0
49.0,361.59,6.949,-2.545,335,190,1,0,0,0
55.949,359.045,6.949,-2.545,340,190,1,0,0,0
62.897,356.5,6.949,-2.545,345,190,1,0,0,0
69.846,353.955,6.949,-2.545,350,190,1,0,0,0
76.794,351.41,6.949,-2.545,355,190,1,0,0,0
83.743,348.865,6.949,-2.545,360,190,1,0,0,0
90.692,346.32,6.949,-2.545,365,190,1,0,0,0
97.64,343.775,6.949,-2.545,370,190,1,0,0,0
104.589,341.23,6.949,-2.545,375,190,1,0,0,0
111.537,338.685,6.949,-2.545,380,190,1,0,0,0
118.486,336.14,6.949,-2.545,385,190,1,0,0,0
125.435,333.595,6.949,-2.545,390,190,1,0,0,0
132.383,331.05,6.949,-2.545,395,190,1,0,0,0
139.332,328.505,6.949,-2.545,400,190,1,0,0,0
146.28,325.96,6.949,-2.545,405,190,1,0,0,0
153.229,323.415,6.949,-2.545,410,190,1,0,0,0
160.178,320.87,6.949,-2.545,415,190,1,0,0,0
167.126,318.325,6.949,-2.545,420,190,1,0,0,0
174.075,315.78,6.949,-2.545,420,190,0,0,0,0
181.023,313.235,6.949,-2.545,420,190,0,0,0,0
187.972,310.69,6.949,-2.545,420,190,0,0,0,0
194.921,308.145,6.949,-2.545,420,190,0,0,0,0
201.869,305.6,6.949,-2.545,420,190,0,0,0,0
208.818,303.055,6.949,-2.545,420,190,0,0,0,0
215.766,300.51,6.949,-2.545,415,190,-1,0,0,0
222.715,297.965,6.949,-2.545,410,190,-1,0,0,0
229.664,295.42,6.949,-2.545,405,190,-1,0,0,0
236.612,292.875,6.949,-2.545,400,190,-1,0,0,0
243.561,290.33,6.949,-2.545,395,190,-1,0,0,0
250.509,287.785,6.949,-2.545,390,190,-1,0,0,0
257.458,285.24,6.949,-2.545,385,190,-1,0,0,0
264.407,282.695,6.949,-2.545,380,190,-1,0,0,0
271.355,280.15,6.949,-2.545,375,190,-1,0,0,0
278.304,277.605,6.949,-2.545,370,185,-1,-1,0,0
285.252,275.06,6.949,-2.545,365,180,-1,-1,0,0
292.201,272.515,6.949,-2.545,360,175,-1,-1,0,0
299.15,269.97,6.949,-2.545,355,170,-1,-1,0,0
306.098,267.425,6.949,-2.545,350,165,-1,-1,0,0
313.047,264.88,6.949,-2.545,345,160,-1,-1,0,0
319.995,262.335,6.949,-2.545,340,155,-1,-1,0,0
326.944,259.79,6.949,-2.545,335,150,-1,-1,0,0
333.893,257.245,6.949,-2.545,330,145,-1,-1,0,0
340.841,254.7,6.949,-2.545,325,140,-1,-1,0,0
347.79,252.155,6.949,-2.545,320,135,-1,-1,0,0
354.738,249.61,6.949,-2.545,315,130,-1,-1,0,0
361.687,247.065,6.949,-2.545,310,125,-1,-1,0,0
368.636,244.52,6.949,-2.545,305,120,-1,-1,0,0
375.584,241.975,6.949,-2.545,300,115,-1,-1,0,0
382.533,239.43,6.949,-2.545,295,110,-1,-1,0,0
389.481,236.885,6.949,-2.545,290,105,-1,-1,0,0
396.43,234.34,6.949,-2.545,285,105,-1,0,0,0
403.379,231.795,6.949,-2.545,280,105,-1,0,0,0
410.327,229.25,6.949,-2.545,275,105,-1,0,0,0
417.276,226.705,6.949,-2.545,270,105,-1,0,0,0
424.224,224.16,6.949,-2.545,265,105,-1,0,0,0
431.173,221.615,6.949,-2.545,260,105,-1,0,0,0
438.122,219.07,6.949,-2.545,255,105,-1,0,0,0
445.07,216.525,6.949,-2.545,250,105,-1,0,0,0
452.019,213.98,6.949,-2.545,245,105,-1,0,0,0
458.967,211.435,6.949,-2.545,240,105,-1,0,0,0
465.916,208.89,6.949,-2.545,235,105,-1,0,0,0
472.865,206.345,6.949,-2.545,230,105,-1,0,0,0
479.813,203.8,6.949,-2.545,225,105,-1,0,0,0
486.762,201.255,6.949,-2.545,220,105,-1,0,0,0
493.71,198.71,6.949,-2.545,215,105,-1,0,0,0
500.659,196.165,6.949,-2.545,210,105,-1,0,0,0
507.608,193.62,6.949,-2.545,205,105,-1,0,0,0
514.556,191.075,6.949,-2.545,200,105,-1,0,0,0
521.505,188.53,6.949,-2.545,195,105,-1,0,0,0
528.453,185.985,6.949,-2.545,190,105,-1,0,0,0
535.402,183.44,6.949,-2.545,185,105,-1,0,0,0
542.351,180.895,6.949,-2.545,180,105,-1,0,0,0
549.299,178.35,6.949,-2.545,175,105,-1,0,0,0
556.248,175.805,6.949,-2.545,170,105,-1,0,0,0
563.196,173.26,6.949,-2.545,165,105,-1,0,0,0
570.145,170.715,6.949,-2.545,160,105,-1,0,0,0
577.094,168.17,6.949,-2.545,160,105,0,0,0,0
584.042,165.625,6.949,-2.545,160,105,0,0,0,0
590.991,163.08,6.949,-2.545,160,105,0,0,0,0
597.939,160.535,6.949,-2.545,160,105,0,0,0,0
604.888,157.99,6.949,-2.545,160,105,0,0,0,0
611.837,155.445,6.949,-2.545,160,105,0,0,0,0
618.785,152.9,6.949,-2.545,160,105,0,0,0,0
625.734,150.355,6.949,-2.545,160,105,0,0,0,0
632.682,147.81,6.949,-2.545,160,105,0,0,0,0
639.631,145.265,6.949,-2.545,160,105,0,0,0,0
646.58,142.72,6.949,-2.545,160,105,0,0,0,0
653.528,140.176,6.949,-2.545,160,105,0,0,0,0
660.477,137.631,6.949,-2.545,160,105,0,0,0,0
667.425,135.086,6.949,-2.545,160,105,0,0,0,0
674.374,132.541,6.949,-2.545,160,105,0,0,0,0
681.323,129.996,6.949,-2.545,160,105,0,0,0,0
688.271,127.451,6.949,-2.545,155,105,-1,0,0,0
695.22,124.906,6.949,-2.545,150,105,-1,0,0,0
702.168,122.361,6.949,-2.545,145,105,-1,0,0,0
709.117,119.816,6.949,-2.545,140,105,-1,0,0,0
716.066,117.271,6.949,-2.545,135,105,-1,0,0,0
723.014,114.726,6.949,-2.545,130,105,-1,0,0,0
729.963,112.181,6.949,-2.545,125,105,-1,0,0,0
736.911,109.636,6.949,-2.545,120,105,-1,0,0,0
743.86,107.091,6.949,-2.545,115,105,-1,0,0,0
750.809,104.546,6.949,-2.545,110,105,-1,0,0,0
751.0,102.001,-3.85,-6.668,105,105,-1,0,0,0
747.15,95.332,-3.85,-6.668,100,105,-1,0,0,0
743.3,88.664,-3.85,-6.668,95,110,-1,1,0,0
739.45,81.995,-3.85,-6.668,90,115,-1,1,0,0
735.6,75.327,-3.85,-6.668,85,120,-1,1,0,0
731.75,68.659,-3.85,-6.668,80,125,-1,1,0,0
727.9,61.99,-3.85,-6.668,75,130,-1,1,0,0
724.05,55.322,-3.85,-6.668,70,135,-1,1,0,0
720.2,48.654,-3.85,-6.668,65,140,-1,1,0,0
716.35,41.985,-3.85,-6.668,60,145,-1,1,0,0
712.5,35.317,-3.85,-6.668,55,150,-1,1,0,0
708.65,28.648,-3.85,-6.668,50,155,-1,1,0,0
704.8,21.98,-3.85,-6.668,45,160,-1,1,0,0
700.95,15.312,-3.85,-6.668,40,165,-1,1,0,0
697.1,8.643,-3.85,-6.668,35,170,-1,1,0,0
693.25,6.0,-3.85,6.668,30,175,-1,1,0,0
689.4,12.668,-3.85,6.668,25,180,-1,1,0,0
685.55,19.337,-3.85,6.668,20,185,-1,1,0,0
681.7,26.005,-3.85,6.668,15,190,-1,1,0,0
677.85,32.674,-3.85,6.668,15,195,0,1,0,0
674.0,39.342,-3.85,6.668,15,195,0,0,0,0
670.15,46.01,-3.85,6.668,15,195,0,0,0,0
666.3,52.679,-3.85,6.668,15,195,0,0,0,0
662.45,59.347,-3.85,6.668,15,195,0,0,0,0
658.6,66.016,-3.85,6.668,15,195,0,0,0,0
654.75,72.684,-3.85,6.668,15,195,0,0,0,0
650.9,79.352,-3.85,6.668,15,195,0,0,0,0
647.05,86.021,-3.85,6.668,15,195,0,0,0,0
643.2,92.689,-3.85,6.668,15,195,0,0,0,0
639.35,99.358,-3.85,6.668,15,195,0,0,0,0
635.5,106.026,-3.85,6.668,20,195,1,0,0,0
631.65,112.694,-3.85,6.668,25,195,1,0,0,0
627.8,119.363,-3.85,6.668,30,195,1,0,0,0
623.95,126.031,-3.85,6.668,35,195,1,0,0,0
620.1,132.7,-3.85,6.668,40,195,1,0,0,0
616.25,139.368,-3.85,6.668,45,195,1,0,0,0
612.4,146.036,-3.85,6.668,50,195,1,0,0,0
608.55,152.705,-3.85,6.668,55,195,1,0,0,0
604.7,159.373,-3.85,6.668,60,195,1,0,0,0
600.85,166.041,-3.85,6.668,65,195,1,0,0,0
597.0,172.71,-3.85,6.668,70,195,1,0,0,0
593.15,179.378,-3.85,6.668,75,195,1,0,0,0
589.3,186.047,-3.85,6.668,80,195,1,0,0,0
585.45,192.715,-3.85,6.668,85,195,1,0,0,0
581.6,199.383,-3.85,6.668,90,195,1,0,0,0
577.75,206.052,-3.85,6.668,95,195,1,0,0,0
573.9,212.72,-3.85,6.668,100,195,1,0,0,0
570.05,219.389,-3.85,6.668,105,195,1,0,0,0
566.2,226.057,-3.85,6.668,110,195,1,0,0,0
562.35,232.725,-3.85,6.668,115,195,1,0,0,0
558.5,239.394,-3.85,6.668,120,195,1,0,0,0
554.65,246.062,-3.85,6.668,125,195,1,0,0,0
550.8,252.731,-3.85,6.668,130,195,1,0,0,0
546.95,259.399,-3.85,6.668,135,195,1,0,0,0
543.1,266.067,-3.85,6.668,140,195,1,0,0,0
539.25,272.736,-3.85,6.668,145,195,1,0,0,0
535.4,279.404,-3.85,6.668,150,195,1,0,0,0
531.55,286.073,-3.85,6.668,155,195,1,0,0,0
527.7,292.741,-3.85,6.668,160,195,1,0,0,0
523.85,299.409,-3.85,6.668,165,195,1,0,0,0
520.0,306.078,-3.85,6.668,170,195,1,0,0,0
516.15,312.746,-3.85,6.668,175,195,1,0,0,0
512.3,319.415,-3.85,6.668,180,195,1,0,0,0
508.45,326.083,-3.85,6.668,185,195,1,0,0,0
504.6,332.751,-3.85,6.668,190,195,1,0,0,0
500.75,339.42,-3.85,6.668,195,195,1,0,0,0
496.9,346.088,-3.85,6.668,200,195,1,0,0,0
493.05,352.757,-3.85,6.668,205,195,1,0,0,0
489.2,359.425,-3.85,6.668,210,195,1,0,0,0
485.35,366.093,-3.85,6.668,215,195,1,0,0,0
481.5,372.762,-3.85,6.668,220,195,1,0,0,0
477.65,379.43,-3.85,6.668,225,195,1,0,0,0
473.8,386.099,-3.85,6.668,230,195,1,0,0,0
469.95,392.767,-3.85,6.668,235,195,1,0,0,0
466.1,399.435,-3.85,6.668,240,195,1,0,0,0
462.25,406.104,-3.85,6.668,245,195,1,0,0,0
458.4,412.772,-3.85,6.668,250,195,1,0,0,0
454.55,419.441,-3.85,6.668,255,195,1,0,0,0
450.7,426.109,-3.85,6.668,260,195,1,0,0,0
446.85,432.777,-3.85,6.668,265,195,1,0,0,0
443.0,439.446,-3.85,6.668,270,195,1,0,0,0
439.15,446.114,-3.85,6.668,275,195,1,0,0,0
435.3,452.783,-3.85,6.668,280,195,1,0,0,0
431.45,459.451,-3.85,6.668,285,195,1,0,0,0
427.6,466.119,-3.85,6.668,290,195,1,0,0,0
423.75,472.788,-3.85,6.668,295,195,1,0,0,0
419.9,479.456,-3.85,6.668,300,195,1,0,0,0
416.05,486.124,-3.85,6.668,305,195,1,0,0,0
412.2,492.793,-3.85,6.668,310,195,1,0,0,0
408.35,499.461,-3.85,6.668,310,195,0,0,0,0
404.5,506.13,-3.85,6.668,310,195,0,0,0,0
400.65,512.798,-3.85,6.668,310,195,0,0,0,0
396.8,519.466,-3.85,6.668,310,195,0,0,0,0
392.95,526.135,-3.85,6.668,310,195,0,0,0,0
389.1,532.803,-3.85,6.668,310,195,0,0,0,0
385.25,539.472,-3.85,6.668,305,195,-1,0,0,0
381.4,546.14,-3.85,6.668,300,195,-1,0,0,0
377.55,552.808,-3.85,6.668,295,195,-1,0,0,0
373.7,559.477,-3.85,6.668,290,195,-1,0,0,0
369.85,566.145,-3.85,6.668,285,195,-1,0,0,0
366.0,572.814,-3.85,6.668,280,195,-1,0,0,0
362.15,579.482,-3.85,6.668,275,195,-1,0,0,0
358.3,586.15,-3.85,6.668,270,195,-1,0,0,0
354.45,592.819,-3.85,6.668,265,195,-1,0,0,0
350.6,594.0,-3.85,-6.668,260,195,-1,0,0,0
346.75,587.332,-3.85,-6.668,255,195,-1,0,0,0
342.9,580.663,-3.85,-6.668,250,195,-1,0,0,0
339.05,573.995,-3.85,-6.668,245,195,-1,0,0,0
335.2,567.326,-3.85,-6.668,240,195,-1,0,0,0
331.35,560.658,-3.85,-6.668,235,195,-1,0,0,0
327.5,553.99,-3.85,-6.668,230,195,-1,0,0,0
323.65,547.321,-3.85,-6.668,225,195,-1,0,0,0
319.8,540.653,-3.85,-6.668,220,195,-1,0,0,0
315.95,533.984,-3.85,-6.668,215,195,-1,0,0,0
312.1,527.316,-3.85,-6.668,210,195,-1,0,0,0
308.25,520.648,-3.85,-6.668,205,195,-1,0,0,0
304.4,513.979,-3.85,-6.668,200,195,-1,0,0,0
300.55,507.311,-3.85,-6.668,195,195,-1,0,0,0
296.7,500.642,-3.85,-6.668,195,195,0,0,0,0
292.85,493.974,-3.85,-6.668,195,195,0,0,0,0
289.0,487.306,-3.85,-6.668,195,195,0,0,0,0
285.15,480.637,-3.85,-6.668,195,195,0,0,0,0
281.3,473.969,-3.85,-6.668,195,195,0,0,0,0
277.45,467.3,-3.85,-6.668,195,195,0,0,0,0
273.6,460.632,-3.85,-6.668,195,195,0,0,0,0
269.75,453.964,-3.85,-6.668,195,195,0,0,0,0
265.9,447.295,-3.85,-6.668,195,195,0,0,0,0
262.05,440.627,-3.85,-6.668,190,195,-1,0,0,0
258.2,433.959,-3.85,-6.668,185,195,-1,0,0,0
254.35,427.29,-3.85,-6.668,180,195,-1,0,0,0
250.5,420.622,-3.85,-6.668,175,195,-1,0,0,0
246.65,413.953,-3.85,-6.668,170,195,-1,0,0,0
242.8,407.285,-3.85,-6.668,165,195,-1,0,0,0
238.95,400.617,-3.85,-6.668,160,195,-1,0,0,0
235.1,393.948,-3.85,-6.668,155,195,-1,0,0,0
231.25,387.28,-3.85,-6.668,150,195,-1,0,0,0
227.4,380.611,-3.85,-6.668,145,195,-1,0,0,0
223.55,373.943,-3.85,-6.668,140,195,-1,0,0,0
219.7,367.275,-3.85,-6.668,135,195,-1,0,0,0
215.85,360.606,-3.85,-6.668,130,195,-1,0,0,0
212.0,353.938,-3.85,-6.668,125,195,-1,0,0,0
208.15,347.269,-3.85,-6.668,120,195,-1,0,0,0
204.3,340.601,-3.85,-6.668,115,195,-1,0,0,0
200.45,333.933,-3.85,-6.668,110,195,-1,0,0,0
196.6,327.264,-3.85,-6.668,105,195,-1,0,0,0
192.75,320.596,-3.85,-6.668,100,195,-1,0,0,0
188.9,313.927,-3.85,-6.668,95,195,-1,0,0,0
185.05,307.259,-3.85,-6.668,90,195,-1,0,0,0
181.2,300.591,-3.85,-6.668,85,195,-1,0,0,0
177.35,293.922,-3.85,-6.668,80,195,-1,0,0,0
173.5,287.254,-3.85,-6.668,75,195,-1,0,0,0
169.65,280.585,-3.85,-6.668,75,195,0,0,0,0
165.8,273.917,-3.85,-6.668,75,195,0,0,0,0
161.95,267.249,-3.85,-6.668,75,195,0,0,0,0
158.1,260.58,-3.85,-6.668,75,195,0,0,0,0
154.25,253.912,-3.85,-6.668,75,195,0,0,0,0
150.4,247.243,-3.85,-6.668,75,195,0,0,0,0
146.55,240.575,-3.85,-6.668,75,195,0,0,0,0
142.7,233.907,-3.85,-6.668,75,195,0,0,0,0
138.85,227.238,-3.85,-6.668,75,195,0,0,0,0
135.0,220.57,-3.85,-6.668,75,195,0,0,0,0
131.15,213.901,-3.85,-6.668,75,195,0,0,0,0
127.3,207.233,-3.85,-6.668,70,195,-1,0,0,0
123.45,200.565,-3.85,-6.668,65,195,-1,0,0,0
119.6,193.896,-3.85,-6.668,60,195,-1,0,0,0
115.75,187.228,-3.85,-6.668,55,195,-1,0,0,0
111.9,180.559,-3.85,-6.668,50,195,-1,0,0,0
108.05,173.891,-3.85,-6.668,45,195,-1,0,0,0
104.2,167.223,-3.85,-6.668,45,195,0,0,0,0
100.35,160.554,-3.85,-6.668,45,195,0,0,0,0
96.5,153.886,-3.85,-6.668,45,195,0,0,0,0
92.65,147.217,-3.85,-6.668,45,195,0,0,0,0
88.8,140.549,-3.85,-6.668,45,195,0,0,0,0
84.95,133.881,-3.85,-6.668,45,195,0,0,0,0
81.1,127.212,-3.85,-6.668,45,195,0,0,0,0
77.25,120.544,-3.85,-6.668,45,195,0,0,0,0
73.4,113.876,-3.85,-6.668,40,195,-1,0,0,0
69.55,107.207,-3.85,-6.668,35,195,-1,0,0,0
65.7,100.539,-3.85,-6.668,30,195,-1,0,0,0
61.85,93.87,-3.85,-6.668,25,195,-1,0,0,0
58.0,87.202,-3.85,-6.668,20,195,-1,0,0,0
54.15,80.534,-3.85,-6.668,15,195,-1,0,0,0
50.3,73.865,-3.85,-6.668,10,195,-1,0,0,0
49.0,67.197,6.687,4.392,5,195,-1,0,0,0
55.687,71.588,6.687,4.392,0,195,-1,0,0,0
62.374,75.98,6.687,4.392,0,195,-1,0,0,0
69.06,80.372,6.687,4.392,0,195,0,0,0,0
75.747,84.763,6.687,4.392,0,195,0,0,0,0
82.434,89.155,6.687,4.392,0,195,0,0,0,0
89.121,93.546,6.687,4.392,0,195,0,0,0,0
95.808,97.938,6.687,4.392,0,195,0,0,0,0
102.495,102.33,6.687,4.392,0,195,0,0,0,0
109.181,106.721,6.687,4.392,0,195,0,0,0,0
115.868,111.113,6.687,4.392,0,195,0,0,0,0
122.555,115.504,6.687,4.392,0,195,0,0,0,0
129.242,119.896,6.687,4.392,0,195,0,0,0,0
135.929,124.288,6.687,4.392,0,195,0,0,0,0
142.616,128.679,6.687,4.392,5,195,1,0,0,0
149.302,133.071,6.687,4.392,10,195,1,0,0,0
155.989,137.463,6.687,4.392,15,195,1,0,0,0
162.676,141.854,6.687,4.392,20,195,1,0,0,0
169.363,146.246,6.687,4.392,25,195,1,0,0,0
176.05,150.637,6.687,4.392,30,195,1,0,0,0
182.737,155.029,6.687,4.392,35,195,1,0,0,0
189.423,159.421,6.687,4.392,40,195,1,0,0,0
196.11,163.812,6.687,4.392,45,195,1,0,0,0
202.797,168.204,6.687,4.392,50,195,1,0,0,0
209.484,172.595,6.687,4.392,55,195,1,0,0,0
216.171,176.987,6.687,4.392,60,195,1,0,0,0
222.858,181.379,6.687,4.392,65,195,1,0,0,0
229.544,185.77,6.687,4.392,70,195,1,0,0,0
236.231,190.162,6.687,4.392,75,195,1,0,0,0
242.918,194.554,6.687,4.392,80,200,1,1,0,0
249.605,198.945,6.687,4.392,85,205,1,1,0,0
256.292,203.337,6.687,4.392,90,210,1,1,0,0
262.979,207.728,6.687,4.392,95,215,1,1,0,0
269.665,212.12,6.687,4.392,100,220,1,1,0,0
276.352,216.512,6.687,4.392,105,225,1,1,0,0
283.039,220.903,6.687,4.392,110,230,1,1,0,0
289.726,225.295,6.687,4.392,115,235,1,1,0,0
296.413,229.686,6.687,4.392,120,240,1,1,0,0
303.1,234.078,6.687,4.392,125,245,1,1,0,0
309.786,238.47,6.687,4.392,130,250,1,1,0,0
316.473,242.861,6.687,4.392,135,255,1,1,0,0
323.16,247.253,6.687,4.392,140,260,1,1,0,0
329.847,251.644,6.687,4.392,145,265,1,1,0,0
336.534,256.036,6.687,4.392,150,270,1,1,0,0
343.221,260.428,6.687,4.392,155,275,1,1,0,0
349.907,264.819,6.687,4.392,160,280,1,1,0,0
356.594,269.211,6.687,4.392,165,285,1,1,0,0
363.281,273.603,6.687,4.392,170,290,1,1,0,0
369.968,277.994,6.687,4.392,175,295,1,1,0,0
376.655,282.386,6.687,4.392,180,300,1,1,0,0
383.342,286.777,6.687,4.392,185,300,1,0,0,0
390.028,291.169,6.687,4.392,190,300,1,0,0,0
396.715,295.561,6.687,4.392,195,300,1,0,0,0
403.402,299.952,6.687,4.392,200,300,1,0,0,0
410.089,304.344,6.687,4.392,205,300,1,0,0,0
416.776,308.735,6.687,4.392,210,300,1,0,0,0
423.463,313.127,6.687,4.392,215,300,1,0,0,0
430.149,317.519,6.687,4.392,220,300,1,0,0,0
436.836,321.91,6.687,4.392,225,300,1,0,0,0
443.523,326.302,6.687,4.392,230,300,1,0,0,0
450.21,330.694,6.687,4.392,235,300,1,0,0,0
456.897,335.085,6.687,4.392,240,300,1,0,0,0
463.584,339.477,6.687,4.392,245,300,1,0,0,0
470.27,343.868,6.687,4.392,250,300,1,0,0,0
476.957,348.26,6.687,4.392,255,300,1,0,0,0
483.644,352.652,6.687,4.392,260,300,1,0,0,0
490.331,357.043,6.687,4.392,265,300,1,0,0,0
497.018,361.435,6.687,4.392,270,300,1,0,0,0
503.705,365.826,6.687,4.392,275,300,1,0,0,0
510.391,370.218,6.687,4.392,280,300,1,0,0,0
517.078,374.61,6.687,4.392,280,300,0,0,0,0
523.765,379.001,6.687,4.392,280,300,0,0,0,0
530.452,383.393,6.687,4.392,280,300,0,0,0,0
537.139,387.785,6.687,4.392,280,305,0,1,0,0
543.826,392.176,6.687,4.392,280,310,0,1,0,0
550.512,396.568,6.687,4.392,280,315,0,1,0,0
557.199,400.959,6.687,4.392,280,320,0,1,0,0
563.886,405.351,6.687,4.392,280,325,0,1,0,0
570.573,409.743,6.687,4.392,280,330,0,1,0,0
577.26,414.134,6.687,4.392,280,335,0,1,0,0
583.947,418.526,6.687,4.392,280,340,0,1,0,0
590.633,422.917,6.687,4.392,280,345,0,1,0,0
597.32,427.309,6.687,4.392,285,350,1,1,0,0
604.007,431.701,6.687,4.392,290,355,1,1,0,0
610.694,436.092,6.687,4.392,295,360,1,1,0,0
617.381,440.484,6.687,4.392,300,365,1,1,0,0
624.068,444.875,6.687,4.392,305,370,1,1,0,0
630.754,449.267,6.687,4.392,310,375,1,1,0,0
637.441,453.659,6.687,4.392,315,380,1,1,0,0
644.128,458.05,6.687,4.392,320,385,1,1,0,0
650.815,462.442,6.687,4.392,325,390,1,1,0,0
657.502,466.834,6.687,4.392,330,395,1,1,0,0
664.189,471.225,6.687,4.392,335,400,1,1,0,0
670.875,475.617,6.687,4.392,340,405,1,1,0,0
677.562,480.008,6.687,4.392,345,405,1,0,0,0
684.249,484.4,6.687,4.392,350,405,1,0,0,0
690.936,488.792,6.687,4.392,355,405,1,0,0,0
697.623,493.183,6.687,4.392,360,405,1,0,0,0
704.31,497.575,6.687,4.392,365,405,1,0,0,0
710.996,501.966,6.687,4.392,370,405,1,0,0,0
717.683,506.358,6.687,4.392,375,405,1,0,0,0
724.37,510.75,6.687,4.392,380,405,1,0,0,0
731.057,515.141,6.687,4.392,385,405,1,0,0,0
737.744,519.533,6.687,4.392,390,405,1,0,0,0
744.431,523.925,6.687,4.392,395,405,1,0,0,0
751.117,528.316,6.687,4.392,400,405,1,0,0,0
757.804,532.708,6.687,4.392,405,405,1,0,0,0
764.491,537.099,6.687,4.392,410,405,1,0,0,0
771.178,541.491,6.687,4.392,415,405,1,0,0,0
777.865,545.883,6.687,4.392,420,405,1,0,0,0
784.552,550.274,6.687,4.392,425,405,1,0,0,0
791.238,554.666,6.687,4.392,430,405,1,0,0,0
797.925,559.057,6.687,4.392,435,405,1,0,0,0
804.612,563.449,6.687,4.392,440,410,1,1,0,0
400.0,300.0,-3.907,-3.121,445,415,1,1,1,0
396.093,296.879,-3.907,-3.121,445,415,0,0,0,0
392.187,293.759,-3.907,-3.121,445,415,0,0,0,0
388.28,290.638,-3.907,-3.121,445,415,0,0,0,0
384.374,287.517,-3.907,-3.121,445,415,0,0,0,0
380.467,284.397,-3.907,-3.121,445,415,0,0,0,0
376.56,281.276,-3.907,-3.121,445,415,0,0,0,0
372.654,278.155,-3.907,-3.121,445,415,0,0,0,0
368.747,275.035,-3.907,-3.121,445,415,0,0,0,0
364.841,271.914,-3.907,-3.121,445,415,0,0,0,0
360.934,268.794,-3.907,-3.121,445,415,0,0,0,0
357.027,265.673,-3.907,-3.121,445,415,0,0,0,0
353.121,262.552,-3.907,-3.121,445,415,0,0,0,0
349.214,259.432,-3.907,-3.121,445,415,0,0,0,0
345.308,256.311,-3.907,-3.121,445,415,0,0,0,0
341.401,253.19,-3.907,-3.121,445,415,0,0,0,0
337.494,250.07,-3.907,-3.121,445,415,0,0,0,0
333.588,246.949,-3.907,-3.121,445,415,0,0,0,0
329.681,243.828,-3.907,-3.121,445,415,0,0,0,0
325.774,240.708,-3.907,-3.121,445,415,0,0,0,0
321.868,237.587,-3.907,-3.121,445,415,0,0,0,0
317.961,234.466,-3.907,-3.121,445,415,0,0,0,0
314.055,231.346,-3.907,-3.121,445,415,0,0,0,0
310.148,228.225,-3.907,-3.121,445,415,0,0,0,0
306.241,225.105,-3.907,-3.121,445,415,0,0,0,0
302.335,221.984,-3.907,-3.121,445,415,0,0,0,0
298.428,218.863,-3.907,-3.121,445,415,0,0,0,0
294.522,215.743,-3.907,-3.121,445,415,0,0,0,0
290.615,212.622,-3.907,-3.121,445,415,0,0,0,0
286.708,209.501,-3.907,-3.121,445,415,0,0,0,0
282.802,206.381,-3.907,-3.121,445,415,0,0,0,0
278.895,203.26,-3.907,-3.121,445,415,0,0,0,0
274.989,200.139,-3.907,-3.121,445,415,0,0,0,0
271.082,197.019,-3.907,-3.121,445,415,0,0,0,0
267.175,193.898,-3.907,-3.121,445,415,0,0,0,0
263.269,190.777,-3.907,-3.121,445,415,0,0,0,0
259.362,187.657,-3.907,-3.121,445,415,0,0,0,0
255.456,184.536,-3.907,-3.121,445,415,0,0,0,0
251.549,181.416,-3.907,-3.121,445,415,0,0,0,0
247.642,178.295,-3.907,-3.121,445,415,0,0,0,0
243.736,175.174,-3.907,-3.121,445,415,0,0,0,0
239.829,172.054,-3.907,-3.121,445,415,0,0,0,0
235.923,168.933,-3.907,-3.121,445,415,0,0,0,0
232.016,165.812,-3.907,-3.121,445,415,0,0,0,0
228.109,162.692,-3.907,-3.121,445,415,0,0,0,0
224.203,159.571,-3.907,-3.121,445,415,0,0,0,0
220.296,156.45,-3.907,-3.121,445,415,0,0,0,0
216.389,153.33,-3.907,-3.121,445,415,0,0,0,0
212.483,150.209,-3.907,-3.121,445,415,0,0,0,0
208.576,147.088,-3.907,-3.121,445,415,0,0,0,0
204.67,143.968,-3.907,-3.121,440,415,-1,0,0,0
200.763,140.847,-3.907,-3.121,435,415,-1,0,0,0
196.856,137.726,-3.907,-3.121,430,415,-1,0,0,0
192.95,134.606,-3.907,-3.121,425,415,-1,0,0,0
189.043,131.485,-3.907,-3.121,420,415,-1,0,0,0
185.137,128.365,-3.907,-3.121,415,415,-1,0,0,0
181.23,125.244,-3.907,-3.121,410,415,-1,0,0,0
177.323,122.123,-3.907,-3.121,405,415,-1,0,0,0
173.417,119.003,-3.907,-3.121,400,415,-1,0,0,0
169.51,115.882,-3.907,-3.121,395,415,-1,0,0,0
165.604,112.761,-3.907,-3.121,390,415,-1,0,0,0
161.697,109.641,-3.907,-3.121,385,415,-1,0,0,0
157.79,106.52,-3.907,-3.121,380,415,-1,0,0,0
153.884,103.399,-3.907,-3.121,375,415,-1,0,0,0
149.977,100.279,-3.907,-3.121,370,415,-1,0,0,0
146.071,97.158,-3.907,-3.121,365,415,-1,0,0,0
142.164,94.037,-3.907,-3.121,360,415,-1,0,0,0
138.257,90.917,-3.907,-3.121,355,415,-1,0,0,0
134.351,87.796,-3.907,-3.121,350,415,-1,0,0,0
130.444,84.676,-3.907,-3.121,345,415,-1,0,0,0
126.538,81.555,-3.907,-3.121,340,415,-1,0,0,0
122.631,78.434,-3.907,-3.121,335,415,-1,0,0,0
118.724,75.314,-3.907,-3.121,330,415,-1,0,0,0
114.818,72.193,-3.907,-3.121,325,415,-1,0,0,0
110.911,69.072,-3.907,-3.121,320,415,-1,0,0,0
107.004,65.952,-3.907,-3.121,315,415,-1,0,0,0
103.098,62.831,-3.907,-3.121,310,415,-1,0,0,0
99.191,59.71,-3.907,-3.121,305,415,-1,0,0,0
95.285,56.59,-3.907,-3.121,300,415,-1,0,0,0
91.378,53.469,-3.907,-3.121,295,415,-1,0,0,0
87.471,50.348,-3.907,-3.121,290,415,-1,0,0,0
83.565,47.228,-3.907,-3.121,285,415,-1,0,0,0
79.658,44.107,-3.907,-3.121,280,415,-1,0,0,0
75.752,40.987,-3.907,-3.121,275,415,-1,0,0,0
71.845,37.866,-3.907,-3.121,270,415,-1,0,0,0
67.938,34.745,-3.907,-3.121,265,415,-1,0,0,0
64.032,31.625,-3.907,-3.121,260,415,-1,0,0,0
60.125,28.504,-3.907,-3.121,255,415,-1,0,0,0
56.219,25.383,-3.907,-3.121,250,415,-1,0,0,0
52.312,22.263,-3.907,-3.121,245,415,-1,0,0,0
48.405,19.142,-3.907,-3.121,240,415,-1,0,0,0
44.499,16.021,-3.907,-3.121,235,415,-1,0,0,0
40.592,12.901,-3.907,-3.121,230,415,-1,0,0,0
36.686,9.78,-3.907,-3.121,225,415,-1,0,0,0
32.779,6.659,-3.907,-3.121,220,415,-1,0,0,0
28.872,6.0,-3.907,3.121,215,415,-1,0,0,0
24.966,9.121,-3.907,3.121,210,415,-1,0,0,0
21.059,12.241,-3.907,3.121,205,415,-1,0,0,0
17.153,15.362,-3.907,3.121,200,415,-1,0,0,0
13.246,18.483,-3.907,3.121,195,415,-1,0,0,0
9.339,21.603,-3.907,3.121,190,415,-1,0,0,0
5.433,24.724,-3.907,3.121,185,415,-1,0,0,0
1.526,27.845,-3.907,3.121,180,415,-1,0,0,0
-2.381,30.965,-3.907,3.121,175,415,-1,0,0,0
400.0,300.0,4.999,0.101,170,415,-1,0,0,1
404.999,300.101,4.999,0.101,170,415,0,0,0,0
409.998,300.201,4.999,0.101,170,415,0,0,0,0
414.997,300.302,4.999,0.101,170,415,0,0,0,0
419.996,300.402,4.999,0.101,170,415,0,0,0,0
424.995,300.503,4.999,0.101,170,415,0,0,0,0
429.994,300.603,4.999,0.101,170,415,0,0,0,0
434.993,300.704,4.999,0.101,170,415,0,0,0,0
439.992,300.804,4.999,0.101,170,415,0,0,0,0
444.991,300.905,4.999,0.101,170,415,0,0,0,0
449.99,301.005,4.999,0.101,170,415,0,0,0,0
454.989,301.106,4.999,0.101,170,415,0,0,0,0
459.988,301.206,4.999,0.101,170,415,0,0,0,0
464.987,301.307,4.999,0.101,170,415,0,0,0,0
469.986,301.407,4.999,0.101,170,415,0,0,0,0
474.985,301.508,4.999,0.101,170,415,0,0,0,0
479.984,301.608,4.999,0.101,170,415,0,0,0,0
484.983,301.709,4.999,0.101,170,415,0,0,0,0
489.982,301.809,4.999,0.101,170,415,0,0,0,0
494.981,301.91,4.999,0.101,170,415,0,0,0,0
499.98,302.01,4.999,0.101,170,415,0,0,0,0
504.979,302.111,4.999,0.101,170,415,0,0,0,0
509.978,302.211,4.999,0.101,170,415,0,0,0,0
514.977,302.312,4.999,0.101,170,415,0,0,0,0
519.976,302.412,4.999,0.101,170,415,0,0,0,0
524.975,302.513,4.999,0.101,170,415,0,0,0,0
529.974,302.613,4.999,0.101,170,415,0,0,0,0
534.973,302.714,4.999,0.101,170,415,0,0,0,0
539.972,302.814,4.999,0.101,170,415,0,0,0,0
544.971,302.915,4.999,0.101,170,415,0,0,0,0
549.97,303.015,4.999,0.101,170,415,0,0,0,0
554.969,303.116,4.999,0.101,170,415,0,0,0,0
559.968,303.216,4.999,0.101,170,415,0,0,0,0
564.967,303.317,4.999,0.101,170,415,0,0,0,0
569.966,303.417,4.999,0.101,175,415,1,0,0,0
574.965,303.518,4.999,0.101,180,415,1,0,0,0
579.964,303.618,4.999,0.101,185,415,1,0,0,0
584.963,303.719,4.999,0.101,190,415,1,0,0,0
589.962,303.819,4.999,0.101,195,410,1,-1,0,0
594.961,303.92,4.999,0.101,200,405,1,-1,0,0
599.96,304.02,4.999,0.101,205,400,1,-1,0,0
604.959,304.121,4.999,0.101,210,395,1,-1,0,0
609.958,304.221,4.999,0.101,210,390,0,-1,0,0
614.957,304.322,4.999,0.101,210,385,0,-1,0,0
619.956,304.422,4.999,0.101,210,380,0,-1,0,0
624.955,304.523,4.999,0.101,210,375,0,-1,0,0
629.954,304.623,4.999,0.101,210,370,0,-1,0,0
634.953,304.724,4.999,0.101,210,365,0,-1,0,0
639.952,304.824,4.999,0.101,210,360,0,-1,0,0
644.95,304.925,4.999,0.101,210,355,0,-1,0,0
649.949,305.025,4.999,0.101,210,350,0,-1,0,0
654.948,305.126,4.999,0.101,210,345,0,-1,0,0
659.947,305.226,4.999,0.101,210,340,0,-1,0,0
664.946,305.327,4.999,0.101,210,335,0,-1,0,0
669.945,305.427,4.999,0.101,210,330,0,-1,0,0
674.944,305.528,4.999,0.101,210,325,0,-1,0,0
679.943,305.628,4.999,0.101,210,320,0,-1,0,0
684.942,305.729,4.999,0.101,210,315,0,-1,0,0
689.941,305.829,4.999,0.101,210,310,0,-1,0,0
694.94,305.93,4.999,0.101,210,305,0,-1,0,0
699.939,306.03,4.999,0.101,210,305,0,0,0,0
704.938,306.131,4.999,0.101,210,305,0,0,0,0
709.937,306.231,4.999,0.101,210,305,0,0,0,0
714.936,306.332,4.999,0.101,210,305,0,0,0,0
719.935,306.432,4.999,0.101,210,305,0,0,0,0
724.934,306.533,4.999,0.101,210,305,0,0,0,0
729.933,306.633,4.999,0.101,210,305,0,0,0,0
734.932,306.734,4.999,0.101,210,305,0,0,0,0
739.931,306.834,4.999,0.101,210,305,0,0,0,0
744.93,306.935,4.999,0.101,210,305,0,0,0,0
749.929,307.035,4.999,0.101,210,305,0,0,0,0
751.0,307.136,-2.902,-4.435,210,305,0,0,0,0
748.098,302.701,-2.902,-4.435,210,300,0,-1,0,0
745.195,298.266,-2.902,-4.435,210,295,0,-1,0,0
742.293,293.832,-2.902,-4.435,210,290,0,-1,0,0
739.391,289.397,-2.902,-4.435,210,285,0,-1,0,0
736.488,284.962,-2.902,-4.435,210,280,0,-1,0,0
733.586,280.528,-2.902,-4.435,210,275,0,-1,0,0
730.683,276.093,-2.902,-4.435,205,275,-1,0,0,0
727.781,271.658,-2.902,-4.435,200,275,-1,0,0,0
724.879,267.224,-2.902,-4.435,195,275,-1,0,0,0
721.976,262.789,-2.902,-4.435,190,275,-1,0,0,0
719.074,258.354,-2.902,-4.435,185,275,-1,0,0,0
716.172,253.92,-2.902,-4.435,180,275,-1,0,0,0
713.269,249.485,-2.902,-4.435,175,275,-1,0,0,0
710.367,245.05,-2.902,-4.435,170,275,-1,0,0,0
707.464,240.616,-2.902,-4.435,165,275,-1,0,0,0
704.562,236.181,-2.902,-4.435,160,275,-1,0,0,0
701.66,231.746,-2.902,-4.435,160,275,0,0,0,0
698.757,227.312,-2.902,-4.435,160,275,0,0,0,0
695.855,222.877,-2.902,-4.435,160,275,0,0,0,0
692.953,218.442,-2.902,-4.435,160,275,0,0,0,0
690.05,214.008,-2.902,-4.435,160,275,0,0,0,0
687.148,209.573,-2.902,-4.435,160,275,0,0,0,0
684.246,205.138,-2.902,-4.435,160,275,0,0,0,0
681.343,200.704,-2.902,-4.435,160,275,0,0,0,0
678.441,196.269,-2.902,-4.435,160,275,0,0,0,0
675.538,191.834,-2.902,-4.435,160,275,0,0,0,0
672.636,187.4,-2.902,-4.435,160,275,0,0,0,0
669.734,182.965,-2.902,-4.435,155,275,-1,0,0,0
666.831,178.531,-2.902,-4.435,150,275,-1,0,0,0
663.929,174.096,-2.902,-4.435,145,275,-1,0,0,0
661.027,169.661,-2.902,-4.435,140,275,-1,0,0,0
658.124,165.227,-2.902,-4.435,135,275,-1,0,0,0
655.222,160.792,-2.902,-4.435,130,275,-1,0,0,0
652.319,156.357,-2.902,-4.435,125,275,-1,0,0,0
649.417,151.923,-2.902,-4.435,120,275,-1,0,0,0
646.515,147.488,-2.902,-4.435,115,275,-1,0,0,0
643.612,143.053,-2.902,-4.435,110,275,-1,0,0,0
640.71,138.619,-2.902,-4.435,110,275,0,0,0,0
637.808,134.184,-2.902,-4.435,110,275,0,0,0,0
634.905,129.749,-2.902,-4.435,110,275,0,0,0,0
632.003,125.315,-2.902,-4.435,110,275,0,0,0,0
629.1,120.88,-2.902,-4.435,110,275,0,0,0,0
626.198,116.445,-2.902,-4.435,110,275,0,0,0,0
623.296,112.011,-2.902,-4.435,110,275,0,0,0,0
620.393,107.576,-2.902,-4.435,110,275,0,0,0,0
617.491,103.141,-2.902,-4.435,110,275,0,0,0,0
614.589,98.707,-2.902,-4.435,110,275,0,0,0,0
611.686,94.272,-2.902,-4.435,110,275,0,0,0,0
608.784,89.837,-2.902,-4.435,110,275,0,0,0,0
605.882,85.403,-2.902,-4.435,110,275,0,0,0,0
602.979,80.968,-2.902,-4.435,110,275,0,0,0,0
600.077,76.533,-2.902,-4.435,110,275,0,0,0,0
597.174,72.099,-2.902,-4.435,110,275,0,0,0,0
594.272,67.664,-2.902,-4.435,110,275,0,0,0,0
591.37,63.229,-2.902,-4.435,110,275,0,0,0,0
588.467,58.795,-2.902,-4.435,110,275,0,0,0,0
585.565,54.36,-2.902,-4.435,115,275,1,0,0,0
582.663,49.925,-2.902,-4.435,120,275,1,0,0,0
579.76,45.491,-2.902,-4.435,125,275,1,0,0,0
576.858,41.056,-2.902,-4.435,130,275,1,0,0,0
573.955,36.621,-2.902,-4.435,135,275,1,0,0,0
571.053,32.187,-2.902,-4.435,140,275,1,0,0,0
568.151,27.752,-2.902,-4.435,145,275,1,0,0,0
565.248,23.317,-2.902,-4.435,150,275,1,0,0,0
562.346,18.883,-2.902,-4.435,155,275,1,0,0,0
559.444,14.448,-2.902,-4.435,160,275,1,0,0,0
556.541,10.013,-2.902,-4.435,165,275,1,0,0,0
553.639,6.0,-2.902,4.435,165,275,0,0,0,0
550.737,10.435,-2.902,4.435,165,275,0,0,0,0
547.834,14.869,-2.902,4.435,165,275,0,0,0,0
544.932,19.304,-2.902,4.435,165,275,0,0,0,0
542.029,23.739,-2.902,4.435,165,275,0,0,0,0
539.127,28.173,-2.902,4.435,165,275,0,0,0,0
536.225,32.608,-2.902,4.435,165,275,0,0,0,0
533.322,37.043,-2.902,4.435,165,275,0,0,0,0
530.42,41.477,-2.902,4.435,165,275,0,0,0,0
527.518,45.912,-2.902,4.435,165,275,0,0,0,0
524.615,50.347,-2.902,4.435,165,275,0,0,0,0
521.713,54.781,-2.902,4.435,165,275,0,0,0,0
518.81,59.216,-2.902,4.435,165,275,0,0,0,0
515.908,63.651,-2.902,4.435,165,275,0,0,0,0
513.006,68.085,-2.902,4.435,165,275,0,0,0,0
510.103,72.52,-2.902,4.435,165,275,0,0,0,0
507.201,76.955,-2.902,4.435,165,275,0,0,0,0
504.299,81.389,-2.902,4.435,165,275,0,0,0,0
501.396,85.824,-2.902,4.435,165,275,0,0,0,0
498.494,90.259,-2.902,4.435,165,275,0,0,0,0
495.591,94.693,-2.902,4.435,165,275,0,0,0,0
492.689,99.128,-2.902,4.435,165,275,0,0,0,0
489.787,103.563,-2.902,4.435,165,275,0,0,0,0
486.884,107.997,-2.902,4.435,165,275,0,0,0,0
483.982,112.432,-2.902,4.435,165,275,0,0,0,0
481.08,116.867,-2.902,4.435,165,275,0,0,0,0
478.177,121.301,-2.902,4.435,165,275,0,0,0,0
475.275,125.736,-2.902,4.435,165,275,0,0,0,0
472.373,130.171,-2.902,4.435,165,275,0,0,0,0
469.47,134.605,-2.902,4.435,165,275,0,0,0,0
466.568,139.04,-2.902,4.435,165,275,0,0,0,0
463.665,143.475,-2.902,4.435,165,275,0,0,0,0
460.763,147.909,-2.902,4.435,170,275,1,0,0,0
457.861,152.344,-2.902,4.435,175,275,1,0,0,0
454.958,156.779,-2.902,4.435,180,275,1,0,0,0
452.056,161.213,-2.902,4.435,185,275,1,0,0,0
449.154,165.648,-2.902,4.435,190,275,1,0,0,0
446.251,170.083,-2.902,4.435,195,275,1,0,0,0
443.349,174.517,-2.902,4.435,200,275,1,0,0,0
440.446,178.952,-2.902,4.435,205,275,1,0,0,0
437.544,183.387,-2.902,4.435,210,275,1,0,0,0
434.642,187.821,-2.902,4.435,215,275,1,0,0,0
431.739,192.256,-2.902,4.435,220,275,1,0,0,0
428.837,196.691,-2.902,4.435,225,275,1,0,0,0
425.935,201.125,-2.902,4.435,230,275,1,0,0,0
423.032,205.56,-2.902,4.435,235,275,1,0,0,0
420.13,209.995,-2.902,4.435,240,275,1,0,0,0
417.228,214.429,-2.902,4.435,245,275,1,0,0,0
414.325,218.864,-2.902,4.435,250,275,1,0,0,0
411.423,223.299,-2.902,4.435,255,275,1,0,0,0
408.52,227.733,-2.902,4.435,260,275,1,0,0,0
405.618,232.168,-2.902,4.435,265,275,1,0,0,0
402.716,236.603,-2.902,4.435,270,275,1,0,0,0
399.813,241.037,-2.902,4.435,275,275,1,0,0,0
396.911,245.472,-2.902,4.435,280,275,1,0,0,0
394.009,249.907,-2.902,4.435,285,275,1,0,0,0
391.106,254.341,-2.902,4.435,290,275,1,0,0,0
388.204,258.776,-2.902,4.435,295,275,1,0,0,0
385.301,263.211,-2.902,4.435,300,275,1,0,0,0
382.399,267.645,-2.902,4.435,305,275,1,0,0,0
379.497,272.08,-2.902,4.435,310,275,1,0,0,0
376.594,276.515,-2.902,4.435,315,275,1,0,0,0
373.692,280.949,-2.902,4.435,320,275,1,0,0,0
370.79,285.384,-2.902,4.435,325,275,1,0,0,0
367.887,289.819,-2.902,4.435,330,275,1,0,0,0
364.985,294.253,-2.902,4.435,335,275,1,0,0,0
362.083,298.688,-2.902,4.435,340,275,1,0,0,0
359.18,303.123,-2.902,4.435,345,275,1,0,0,0
356.278,307.557,-2.902,4.435,350,275,1,0,0,0
353.375,311.992,-2.902,4.435,355,275,1,0,0,0
350.473,316.427,-2.902,4.435,360,275,1,0,0,0
347.571,320.861,-2.902,4.435,365,275,1,0,0,0
344.668,325.296,-2.902,4.435,370,275,1,0,0,0
341.766,329.731,-2.902,4.435,375,275,1,0,0,0
338.864,334.165,-2.902,4.435,380,275,1,0,0,0
335.961,338.6,-2.902,4.435,385,275,1,0,0,0
333.059,343.035,-2.902,4.435,390,275,1,0,0,0
330.156,347.469,-2.902,4.435,395,275,1,0,0,0
327.254,351.904,-2.902,4.435,400,275,1,0,0,0
324.352,356.339,-2.902,4.435,405,275,1,0,0,0
321.449,360.773,-2.902,4.435,410,275,1,0,0,0
318.547,365.208,-2.902,4.435,415,275,1,0,0,0
315.645,369.643,-2.902,4.435,420,275,1,0,0,0
312.742,374.077,-2.902,4.435,425,275,1,0,0,0
309.84,378.512,-2.902,4.435,430,275,1,0,0,0
306.937,382.947,-2.902,4.435,435,275,1,0,0,0
304.035,387.381,-2.902,4.435,440,275,1,0,0,0
301.133,391.816,-2.902,4.435,445,275,1,0,0,0
298.23,396.251,-2.902,4.435,450,275,1,0,0,0
295.328,400.685,-2.902,4.435,455,275,1,0,0,0
292.426,405.12,-2.902,4.435,460,275,1,0,0,0
289.523,409.554,-2.902,4.435,465,275,1,0,0,0
286.621,413.989,-2.902,4.435,470,275,1,0,0,0
283.719,418.424,-2.902,4.435,475,275,1,0,0,0
280.816,422.858,-2.902,4.435,480,275,1,0,0,0
277.914,427.293,-2.902,4.435,485,275,1,0,0,0
275.011,431.728,-2.902,4.435,490,275,1,0,0,0
272.109,436.162,-2.902,4.435,490,275,0,0,0,0
269.207,440.597,-2.902,4.435,490,275,0,0,0,0
266.304,445.032,-2.902,4.435,490,275,0,0,0,0
263.402,449.466,-2.902,4.435,490,275,0,0,0,0
260.5,453.901,-2.902,4.435,490,275,0,0,0,0
257.597,458.336,-2.902,4.435,490,275,0,0,0,0
254.695,462.77,-2.902,4.435,490,275,0,0,0,0
251.792,467.205,-2.902,4.435,490,275,0,0,0,0
248.89,471.64,-2.902,4.435,490,275,0,0,0,0
245.988,476.074,-2.902,4.435,490,275,0,0,0,0
243.085,480.509,-2.902,4.435,490,275,0,0,0,0
240.183,484.944,-2.902,4.435,490,275,0,0,0,0
237.281,489.378,-2.902,4.435,490,275,0,0,0,0
234.378,493.813,-2.902,4.435,490,275,0,0,0,0
231.476,498.248,-2.902,4.435,490,275,0,0,0,0
228.574,502.682,-2.902,4.435,490,275,0,0,0,0
225.671,507.117,-2.902,4.435,490,275,0,0,0,0
222.769,511.552,-2.902,4.435,490,275,0,0,0,0
219.866,515.986,-2.902,4.435,490,275,0,0,0,0
216.964,520.421,-2.902,4.435,490,275,0,0,0,0
214.062,524.856,-2.902,4.435,490,275,0,0,0,0
211.159,529.29,-2.902,4.435,490,275,0,0,0,0
208.257,533.725,-2.902,4.435,490,275,0,0,0,0
205.355,538.16,-2.902,4.435,490,275,0,0,0,0
202.452,542.594,-2.902,4.435,490,275,0,0,0,0
199.55,547.029,-2.902,4.435,490,275,0,0,0,0
196.647,551.464,-2.902,4.435,490,275,0,0,0,0
193.745,555.898,-2.902,4.435,490,275,0,0,0,0
190.843,560.333,-2.902,4.435,490,275,0,0,0,0
187.94,564.768,-2.902,4.435,490,275,0,0,0,0
185.038,569.202,-2.902,4.435,490,275,0,0,0,0
182.136,573.637,-2.902,4.435,490,275,0,0,0,0
179.233,578.072,-2.902,4.435,485,275,-1,0,0,0
176.331,582.506,-2.902,4.435,480,275,-1,0,0,0
173.428,586.941,-2.902,4.435,475,275,-1,0,0,0
170.526,591.376,-2.902,4.435,470,275,-1,0,0,0
167.624,594.0,-2.902,-4.435,465,275,-1,0,0,0
164.721,589.565,-2.902,-4.435,460,275,-1,0,0,0
161.819,585.131,-2.902,-4.435,455,275,-1,0,0,0
158.917,580.696,-2.902,-4.435,450,275,-1,0,0,0
156.014,576.261,-2.902,-4.435,450,275,0,0,0,0
153.112,571.827,-2.902,-4.435,450,275,0,0,0,0
150.21,567.392,-2.902,-4.435,450,275,0,0,0,0
147.307,562.957,-2.902,-4.435,450,275,0,0,0,0
144.405,558.523,-2.902,-4.435,450,275,0,0,0,0
141.502,554.088,-2.902,-4.435,450,275,0,0,0,0
138.6,549.653,-2.902,-4.435,450,275,0,0,0,0
135.698,545.219,-2.902,-4.435,450,275,0,0,0,0
132.795,540.784,-2.902,-4.435,450,275,0,0,0,0
129.893,536.349,-2.902,-4.435,450,275,0,0,0,0
126.991,531.915,-2.902,-4.435,450,275,0,0,0,0
124.088,527.48,-2.902,-4.435,450,275,0,0,0,0
121.186,523.045,-2.902,-4.435,450,275,0,0,0,0
118.283,518.611,-2.902,-4.435,450,275,0,0,0,0
115.381,514.176,-2.902,-4.435,450,275,0,0,0,0
112.479,509.741,-2.902,-4.435,450,275,0,0,0,0
109.576,505.307,-2.902,-4.435,450,275,0,0,0,0
106.674,500.872,-2.902,-4.435,450,275,0,0,0,0
103.772,496.437,-2.902,-4.435,450,275,0,0,0,0
100.869,492.003,-2.902,-4.435,445,275,-1,0,0,0
97.967,487.568,-2.902,-4.435,440,275,-1,0,0,0
95.065,483.133,-2.902,-4.435,435,275,-1,0,0,0
92.162,478.699,-2.902,-4.435,435,275,0,0,0,0
89.26,474.264,-2.902,-4.435,435,275,0,0,0,0
86.357,469.829,-2.902,-4.435,435,275,0,0,0,0
83.455,465.395,-2.902,-4.435,435,275,0,0,0,0
80.553,460.96,-2.902,-4.435,435,275,0,0,0,0
77.65,456.525,-2.902,-4.435,435,275,0,0,0,0
74.748,452.091,-2.902,-4.435,435,275,0,0,0,0
71.846,447.656,-2.902,-4.435,435,275,0,0,0,0
68.943,443.221,-2.902,-4.435,435,275,0,0,0,0
66.041,438.787,-2.902,-4.435,435,275,0,0,0,0
63.138,434.352,-2.902,-4.435,430,275,-1,0,0,0
60.236,429.917,-2.902,-4.435,425,275,-1,0,0,0
57.334,425.483,-2.902,-4.435,420,275,-1,0,0,0
54.431,421.048,-2.902,-4.435,415,275,-1,0,0,0
51.529,416.613,-2.902,-4.435,410,275,-1,0,0,0
48.627,412.179,-2.902,-4.435,405,275,-1,0,0,0
49.0,407.744,3.719,-4.187,400,275,-1,0,0,0
52.719,403.557,3.719,-4.187,395,275,-1,0,0,0
56.438,399.371,3.719,-4.187,390,275,-1,0,0,0
60.157,395.184,3.719,-4.187,385,275,-1,0,0,0
63.877,390.998,3.719,-4.187,380,275,-1,0,0,0
67.596,386.811,3.719,-4.187,375,275,-1,0,0,0
71.315,382.624,3.719,-4.187,370,275,-1,0,0,0
75.034,378.438,3.719,-4.187,365,275,-1,0,0,0
78.753,374.251,3.719,-4.187,360,280,-1,1,0,0
82.472,370.064,3.719,-4.187,355,285,-1,1,0,0
86.192,365.878,3.719,-4.187,350,290,-1,1,0,0
89.911,361.691,3.719,-4.187,345,295,-1,1,0,0
93.63,357.505,3.719,-4.187,340,300,-1,1,0,0
97.349,353.318,3.719,-4.187,335,305,-1,1,0,0
101.068,349.131,3.719,-4.187,330,310,-1,1,0,0
104.787,344.945,3.719,-4.187,325,315,-1,1,0,0
108.507,340.758,3.719,-4.187,320,320,-1,1,0,0
112.226,336.571,3.719,-4.187,315,325,-1,1,0,0
115.945,332.385,3.719,-4.187,310,330,-1,1,0,0
119.664,328.198,3.719,-4.187,305,335,-1,1,0,0
123.383,324.012,3.719,-4.187,300,335,-1,0,0,0
127.102,319.825,3.719,-4.187,295,335,-1,0,0,0
130.822,315.638,3.719,-4.187,295,335,0,0,0,0
134.541,311.452,3.719,-4.187,295,335,0,0,0,0
138.26,307.265,3.719,-4.187,295,335,0,0,0,0
141.979,303.078,3.719,-4.187,295,335,0,0,0,0
145.698,298.892,3.719,-4.187,295,335,0,0,0,0
149.417,294.705,3.719,-4.187,295,335,0,0,0,0
153.137,290.519,3.719,-4.187,295,335,0,0,0,0
156.856,286.332,3.719,-4.187,295,335,0,0,0,0
160.575,282.145,3.719,-4.187,295,335,0,0,0,0
164.294,277.959,3.719,-4.187,295,335,0,0,0,0
168.013,273.772,3.719,-4.187,295,335,0,0,0,0
171.732,269.586,3.719,-4.187,295,335,0,0,0,0
175.452,265.399,3.719,-4.187,295,335,0,0,0,0
179.171,261.212,3.719,-4.187,295,335,0,0,0,0
182.89,257.026,3.719,-4.187,295,335,0,0,0,0
186.609,252.839,3.719,-4.187,295,335,0,0,0,0
190.328,248.652,3.719,-4.187,295,330,0,-1,0,0
194.047,244.466,3.719,-4.187,295,325,0,-1,0,0
197.767,240.279,3.719,-4.187,295,320,0,-1,0,0
201.486,236.093,3.719,-4.187,295,315,0,-1,0,0
205.205,231.906,3.719,-4.187,295,310,0,-1,0,0
208.924,227.719,3.719,-4.187,295,305,0,-1,0,0
212.643,223.533,3.719,-4.187,295,300,0,-1,0,0
216.362,219.346,3.719,-4.187,295,295,0,-1,0,0
220.082,215.159,3.719,-4.187,295,290,0,-1,0,0
223.801,210.973,3.719,-4.187,295,285,0,-1,0,0
227.52,206.786,3.719,-4.187,295,280,0,-1,0,0
231.239,202.6,3.719,-4.187,290,275,-1,-1,0,0
234.958,198.413,3.719,-4.187,285,270,-1,-1,0,0
238.677,194.226,3.719,-4.187,280,265,-1,-1,0,0
242.397,190.04,3.719,-4.187,275,260,-1,-1,0,0
246.116,185.853,3.719,-4.187,270,255,-1,-1,0,0
249.835,181.666,3.719,-4.187,265,250,-1,-1,0,0
253.554,177.48,3.719,-4.187,260,245,-1,-1,0,0
257.273,173.293,3.719,-4.187,255,240,-1,-1,0,0
260.992,169.107,3.719,-4.187,250,235,-1,-1,0,0
264.712,164.92,3.719,-4.187,245,230,-1,-1,0,0
268.431,160.733,3.719,-4.187,240,225,-1,-1,0,0
272.15,156.547,3.719,-4.187,235,220,-1,-1,0,0
275.869,152.36,3.719,-4.187,230,215,-1,-1,0,0
279.588,148.173,3.719,-4.187,225,210,-1,-1,0,0
283.307,143.987,3.719,-4.187,220,205,-1,-1,0,0
287.027,139.8,3.719,-4.187,215,200,-1,-1,0,0
290.746,135.614,3.719,-4.187,210,195,-1,-1,0,0
294.465,131.427,3.719,-4.187,205,190,-1,-1,0,0
298.184,127.24,3.719,-4.187,200,185,-1,-1,0,0
301.903,123.054,3.719,-4.187,195,180,-1,-1,0,0
305.622,118.867,3.719,-4.187,190,175,-1,-1,0,0
309.342,114.68,3.719,-4.187,185,170,-1,-1,0,0
313.061,110.494,3.719,-4.187,180,165,-1,-1,0,0
316.78,106.307,3.719,-4.187,175,160,-1,-1,0,0
320.499,102.121,3.719,-4.187,170,155,-1,-1,0,0
324.218,97.934,3.719,-4.187,170,150,0,-1,0,0
327.937,93.747,3.719,-4.187,170,145,0,-1,0,0
331.657,89.561,3.719,-4.187,170,140,0,-1,0,0
335.376,85.374,3.719,-4.187,170,135,0,-1,0,0
339.095,81.187,3.719,-4.187,170,130,0,-1,0,0
342.814,77.001,3.719,-4.187,170,125,0,-1,0,0
346.533,72.814,3.719,-4.187,170,120,0,-1,0,0
350.252,68.628,3.719,-4.187,170,115,0,-1,0,0
353.971,64.441,3.719,-4.187,170,110,0,-1,0,0
357.691,60.254,3.719,-4.187,170,105,0,-1,0,0
361.41,56.068,3.719,-4.187,170,100,0,-1,0,0
365.129,51.881,3.719,-4.187,170,95,0,-1,0,0
368.848,47.694,3.719,-4.187,170,95,0,0,0,0
372.567,43.508,3.719,-4.187,170,95,0,0,0,0
376.286,39.321,3.719,-4.187,170,95,0,0,0,0
380.006,35.135,3.719,-4.187,170,95,0,0,0,0
383.725,30.948,3.719,-4.187,170,95,0,0,0,0
387.444,26.761,3.719,-4.187,170,95,0,0,0,0
391.163,22.575,3.719,-4.187,170,95,0,0,0,0
394.882,18.388,3.719,-4.187,170,95,0,0,0,0
398.601,14.201,3.719,-4.187,170,95,0,0,0,0
402.321,10.015,3.719,-4.187,170,95,0,0,0,0
406.04,6.0,3.719,4.187,170,95,0,0,0,0
409.759,10.187,3.719,4.187,170,95,0,0,0,0
413.478,14.373,3.719,4.187,170,95,0,0,0,0
417.197,18.56,3.719,4.187,170,95,0,0,0,0
420.916,22.746,3.719,4.187,170,95,0,0,0,0
424.636,26.933,3.719,4.187,170,95,0,0,0,0
428.355,31.12,3.719,4.187,170,95,0,0,0,0
432.074,35.306,3.719,4.187,175,95,1,0,0,0
435.793,39.493,3.719,4.187,180,95,1,0,0,0
439.512,43.68,3.719,4.187,185,95,1,0,0,0
443.231,47.866,3.719,4.187,190,95,1,0,0,0
446.951,52.053,3.719,4.187,195,95,1,0,0,0
450.67,56.239,3.719,4.187,200,95,1,0,0,0
454.389,60.426,3.719,4.187,205,95,1,0,0,0
458.108,64.613,3.719,4.187,210,95,1,0,0,0
461.827,68.799,3.719,4.187,215,95,1,0,0,0
465.546,72.986,3.719,4.187,220,95,1,0,0,0
469.266,77.173,3.719,4.187,225,95,1,0,0,0
472.985,81.359,3.719,4.187,230,95,1,0,0,0
476.704,85.546,3.719,4.187,235,95,1,0,0,0
480.423,89.732,3.719,4.187,240,95,1,0,0,0
484.142,93.919,3.719,4.187,245,100,1,1,0,0
487.861,98.106,3.719,4.187,250,105,1,1,0,0
491.581,102.292,3.719,4.187,255,110,1,1,0,0
495.3,106.479,3.719,4.187,260,115,1,1,0,0
499.019,110.666,3.719,4.187,265,120,1,1,0,0
502.738,114.852,3.719,4.187,270,125,1,1,0,0
506.457,119.039,3.719,4.187,275,130,1,1,0,0
510.176,123.225,3.719,4.187,280,135,1,1,0,0
513.896,127.412,3.719,4.187,285,140,1,1,0,0
517.615,131.599,3.719,4.187,290,145,1,1,0,0
521.334,135.785,3.719,4.187,295,150,1,1,0,0
525.053,139.972,3.719,4.187,300,155,1,1,0,0
528.772,144.159,3.719,4.187,305,160,1,1,0,0
532.491,148.345,3.719,4.187,305,165,0,1,0,0
536.211,152.532,3.719,4.187,305,170,0,1,0,0
539.93,156.718,3.719,4.187,305,175,0,1,0,0
543.649,160.905,3.719,4.187,305,180,0,1,0,0
547.368,165.092,3.719,4.187,305,185,0,1,0,0
551.087,169.278,3.719,4.187,305,190,0,1,0,0
554.806,173.465,3.719,4.187,305,195,0,1,0,0
558.526,177.652,3.719,4.187,305,200,0,1,0,0
562.245,181.838,3.719,4.187,305,205,0,1,0,0
565.964,186.025,3.719,4.187,305,210,0,1,0,0
569.683,190.211,3.719,4.187,305,215,0,1,0,0
573.402,194.398,3.719,4.187,305,220,0,1,0,0
577.121,198.585,3.719,4.187,305,225,0,1,0,0
580.841,202.771,3.719,4.187,305,230,0,1,0,0
584.56,206.958,3.719,4.187,305,235,0,1,0,0
588.279,211.145,3.719,4.187,305,240,0,1,0,0
591.998,215.331,3.719,4.187,305,245,0,1,0,0
595.717,219.518,3.719,4.187,305,245,0,0,0,0
599.436,223.704,3.719,4.187,310,245,1,0,0,0
603.156,227.891,3.719,4.187,315,245,1,0,0,0
606.875,232.078,3.719,4.187,320,245,1,0,0,0
610.594,236.264,3.719,4.187,325,245,1,0,0,0
614.313,240.451,3.719,4.187,330,245,1,0,0,0
618.032,244.638,3.719,4.187,330,245,0,0,0,0
621.751,248.824,3.719,4.187,330,245,0,0,0,0
625.471,253.011,3.719,4.187,330,245,0,0,0,0
629.19,257.197,3.719,4.187,330,245,0,0,0,0
632.909,261.384,3.719,4.187,330,245,0,0,0,0
636.628,265.571,3.719,4.187,330,245,0,0,0,0
640.347,269.757,3.719,4.187,330,245,0,0,0,0
644.066,273.944,3.719,4.187,330,245,0,0,0,0
647.785,278.131,3.719,4.187,330,245,0,0,0,0
651.505,282.317,3.719,4.187,330,245,0,0,0,0
655.224,286.504,3.719,4.187,330,245,0,0,0,0
658.943,290.69,3.719,4.187,330,245,0,0,0,0
662.662,294.877,3.719,4.187,330,245,0,0,0,0
666.381,299.064,3.719,4.187,330,250,0,1,0,0
670.1,303.25,3.719,4.187,330,255,0,1,0,0
673.82,307.437,3.719,4.187,330,260,0,1,0,0
677.539,311.624,3.719,4.187,330,265,0,1,0,0
681.258,315.81,3.719,4.187,330,270,0,1,0,0
684.977,319.997,3.719,4.187,335,275,1,1,0,0
688.696,324.183,3.719,4.187,340,280,1,1,0,0
692.415,328.37,3.719,4.187,345,285,1,1,0,0
696.135,332.557,3.719,4.187,350,290,1,1,0,0
699.854,336.743,3.719,4.187,355,295,1,1,0,0
703.573,340.93,3.719,4.187,360,300,1,1,0,0
707.292,345.116,3.719,4.187,365,305,1,1,0,0
711.011,349.303,3.719,4.187,370,310,1,1,0,0
714.73,353.49,3.719,4.187,375,315,1,1,0,0
718.45,357.676,3.719,4.187,380,320,1,1,0,0
722.169,361.863,3.719,4.187,385,325,1,1,0,0
725.888,366.05,3.719,4.187,390,330,1,1,0,0
729.607,370.236,3.719,4.187,395,335,1,1,0,0
733.326,374.423,3.719,4.187,400,340,1,1,0,0
737.045,378.609,3.719,4.187,405,345,1,1,0,0
740.765,382.796,3.719,4.187,410,350,1,1,0,0
744.484,386.983,3.719,4.187,410,355,0,1,0,0
748.203,391.169,3.719,4.187,410,360,0,1,0,0
751.922,395.356,3.719,4.187,410,365,0,1,0,0
751.0,399.543,-5.68,-1.595,410,370,0,1,0,0
745.32,397.947,-5.68,-1.595,410,375,0,1,0,0
739.639,396.352,-5.68,-1.595,410,380,0,1,0,0
733.959,394.757,-5.68,-1.595,410,385,0,1,0,0
728.279,393.162,-5.68,-1.595,410,390,0,1,0,0
722.599,391.567,-5.68,-1.595,410,395,0,1,0,0
716.918,389.972,-5.68,-1.595,410,395,0,0,0,0
711.238,388.376,-5.68,-1.595,410,395,0,0,0,0
705.558,386.781,-5.68,-1.595,410,395,0,0,0,0
699.878,385.186,-5.68,-1.595,410,395,0,0,0,0
694.197,383.591,-5.68,-1.595,410,395,0,0,0,0
688.517,381.996,-5.68,-1.595,410,395,0,0,0,0
682.837,380.401,-5.68,-1.595,410,395,0,0,0,0
677.157,378.805,-5.68,-1.595,410,395,0,0,0,0
671.476,377.21,-5.68,-1.595,410,395,0,0,0,0
665.796,375.615,-5.68,-1.595,410,395,0,0,0,0
660.116,374.02,-5.68,-1.595,410,395,0,0,0,0
654.435,372.425,-5.68,-1.595,410,395,0,0,0,0
648.755,370.83,-5.68,-1.595,410,395,0,0,0,0
643.075,369.234,-5.68,-1.595,405,395,-1,0,0,0
637.395,367.639,-5.68,-1.595,400,395,-1,0,0,0
631.714,366.044,-5.68,-1.595,395,395,-1,0,0,0
626.034,364.449,-5.68,-1.595,390,395,-1,0,0,0
620.354,362.854,-5.68,-1.595,385,395,-1,0,0,0
614.674,361.259,-5.68,-1.595,380,395,-1,0,0,0
608.993,359.663,-5.68,-1.595,375,395,-1,0,0,0
603.313,358.068,-5.68,-1.595,370,395,-1,0,0,0
597.633,356.473,-5.68,-1.595,365,395,-1,0,0,0
591.952,354.878,-5.68,-1.595,360,395,-1,0,0,0
586.272,353.283,-5.68,-1.595,355,395,-1,0,0,0
580.592,351.688,-5.68,-1.595,350,395,-1,0,0,0
574.912,350.092,-5.68,-1.595,345,395,-1,0,0,0
569.231,348.497,-5.68,-1.595,340,395,-1,0,0,0
563.551,346.902,-5.68,-1.595,335,395,-1,0,0,0
557.871,345.307,-5.68,-1.595,330,395,-1,0,0,0
552.191,343.712,-5.68,-1.595,325,395,-1,0,0,0
546.51,342.117,-5.68,-1.595,320,395,-1,0,0,0
540.83,340.521,-5.68,-1.595,315,395,-1,0,0,0
535.15,338.926,-5.68,-1.595,310,395,-1,0,0,0
529.47,337.331,-5.68,-1.595,305,395,-1,0,0,0
523.789,335.736,-5.68,-1.595,300,395,-1,0,0,0
518.109,334.141,-5.68,-1.595,295,395,-1,0,0,0
512.429,332.546,-5.68,-1.595,290,395,-1,0,0,0
506.748,330.95,-5.68,-1.595,285,395,-1,0,0,0
501.068,329.355,-5.68,-1.595,280,395,-1,0,0,0
495.388,327.76,-5.68,-1.595,275,395,-1,0,0,0
489.708,326.165,-5.68,-1.595,270,395,-1,0,0,0
484.027,324.57,-5.68,-1.595,265,395,-1,0,0,0
478.347,322.975,-5.68,-1.595,260,395,-1,0,0,0
472.667,321.379,-5.68,-1.595,255,395,-1,0,0,0
466.987,319.784,-5.68,-1.595,250,395,-1,0,0,0
461.306,318.189,-5.68,-1.595,245,395,-1,0,0,0
455.626,316.594,-5.68,-1.595,240,395,-1,0,0,0
449.946,314.999,-5.68,-1.595,235,395,-1,0,0,0
444.266,313.404,-5.68,-1.595,230,395,-1,0,0,0
438.585,311.808,-5.68,-1.595,225,395,-1,0,0,0
432.905,310.213,-5.68,-1.595,220,395,-1,0,0,0
427.225,308.618,-5.68,-1.595,215,395,-1,0,0,0
421.544,307.023,-5.68,-1.595,210,395,-1,0,0,0
415.864,305.428,-5.68,-1.595,205,395,-1,0,0,0
410.184,303.833,-5.68,-1.595,205,395,0,0,0,0
404.504,302.237,-5.68,-1.595,205,395,0,0,0,0
398.823,300.642,-5.68,-1.595,205,395,0,0,0,0
393.143,299.047,-5.68,-1.595,205,395,0,0,0,0
387.463,297.452,-5.68,-1.595,205,395,0,0,0,0
381.783,295.857,-5.68,-1.595,205,395,0,0,0,0
376.102,294.262,-5.68,-1.595,205,395,0,0,0,0
370.422,292.666,-5.68,-1.595,205,395,0,0,0,0
364.742,291.071,-5.68,-1.595,205,395,0,0,0,0
359.062,289.476,-5.68,-1.595,205,395,0,0,0,0
353.381,287.881,-5.68,-1.595,205,395,0,0,0,0
347.701,286.286,-5.68,-1.595,205,395,0,0,0,0
342.021,284.691,-5.68,-1.595,205,395,0,0,0,0
336.34,283.095,-5.68,-1.595,205,395,0,0,0,0
330.66,281.5,-5.68,-1.595,205,395,0,0,0,0
324.98,279.905,-5.68,-1.595,205,395,0,0,0,0
319.3,278.31,-5.68,-1.595,205,395,0,0,0,0
313.619,276.715,-5.68,-1.595,205,395,0,0,0,0
307.939,275.12,-5.68,-1.595,205,395,0,0,0,0
302.259,273.524,-5.68,-1.595,205,395,0,0,0,0
296.579,271.929,-5.68,-1.595,205,395,0,0,0,0
290.898,270.334,-5.68,-1.595,205,395,0,0,0,0
285.218,268.739,-5.68,-1.595,205,395,0,0,0,0
279.538,267.144,-5.68,-1.595,205,395,0,0,0,0
273.857,265.549,-5.68,-1.595,205,395,0,0,0,0
268.177,263.953,-5.68,-1.595,205,395,0,0,0,0
262.497,262.358,-5.68,-1.595,205,395,0,0,0,0
256.817,260.763,-5.68,-1.595,205,395,0,0,0,0
251.136,259.168,-5.68,-1.595,205,395,0,0,0,0
245.456,257.573,-5.68,-1.595,205,395,0,0,0,0
239.776,255.978,-5.68,-1.595,205,395,0,0,0,0
234.096,254.382,-5.68,-1.595,205,390,0,-1,0,0
228.415,252.787,-5.68,-1.595,205,385,0,-1,0,0
222.735,251.192,-5.68,-1.595,205,380,0,-1,0,0
217.055,249.597,-5.68,-1.595,205,375,0,-1,0,0
211.375,248.002,-5.68,-1.595,205,370,0,-1,0,0
205.694,246.407,-5.68,-1.595,205,365,0,-1,0,0
200.014,244.811,-5.68,-1.595,205,360,0,-1,0,0
194.334,243.216,-5.68,-1.595,200,355,-1,-1,0,0
188.653,241.621,-5.68,-1.595,195,350,-1,-1,0,0
182.973,240.026,-5.68,-1.595,190,345,-1,-1,0,0
177.293,238.431,-5.68,-1.595,185,340,-1,-1,0,0
171.613,236.836,-5.68,-1.595,180,340,-1,0,0,0
165.932,235.241,-5.68,-1.595,175,340,-1,0,0,0
160.252,233.645,-5.68,-1.595,175,340,0,0,0,0
154.572,232.05,-5.68,-1.595,175,340,0,0,0,0
148.892,230.455,-5.68,-1.595,175,340,0,0,0,0
143.211,228.86,-5.68,-1.595,175,340,0,0,0,0
137.531,227.265,-5.68,-1.595,175,340,0,0,0,0
131.851,225.67,-5.68,-1.595,175,340,0,0,0,0
126.171,224.074,-5.68,-1.595,175,340,0,0,0,0
120.49,222.479,-5.68,-1.595,175,340,0,0,0,0
114.81,220.884,-5.68,-1.595,175,340,0,0,0,0
109.13,219.289,-5.68,-1.595,175,340,0,0,0,0
103.449,217.694,-5.68,-1.595,175,340,0,0,0,0
97.769,216.099,-5.68,-1.595,175,340,0,0,0,0
92.089,214.503,-5.68,-1.595,175,340,0,0,0,0
86.409,212.908,-5.68,-1.595,175,340,0,0,0,0
80.728,211.313,-5.68,-1.595,170,340,-1,0,0,0
75.048,209.718,-5.68,-1.595,165,340,-1,0,0,0
69.368,208.123,-5.68,-1.595,160,340,-1,0,0,0
63.688,206.528,-5.68,-1.595,155,340,-1,0,0,0
58.007,204.932,-5.68,-1.595,150,340,-1,0,0,0
52.327,203.337,-5.68,-1.595,145,340,-1,0,0,0
49.0,201.742,5.614,2.631,145,340,0,0,0,0
54.614,204.373,5.614,2.631,145,340,0,0,0,0
60.228,207.005,5.614,2.631,145,340,0,0,0,0
65.842,209.636,5.614,2.631,145,340,0,0,0,0
71.456,212.267,5.614,2.631,145,340,0,0,0,0
77.07,214.899,5.614,2.631,145,340,0,0,0,0
82.684,217.53,5.614,2.631,145,340,0,0,0,0
88.297,220.161,5.614,2.631,145,340,0,0,0,0
93.911,222.793,5.614,2.631,145,340,0,0,0,0
99.525,225.424,5.614,2.631,145,335,0,-1,0,0
105.139,228.055,5.614,2.631,145,330,0,-1,0,0
110.753,230.686,5.614,2.631,145,325,0,-1,0,0
116.367,233.318,5.614,2.631,145,320,0,-1,0,0
121.981,235.949,5.614,2.631,145,315,0,-1,0,0
127.595,238.58,5.614,2.631,145,310,0,-1,0,0
133.209,241.212,5.614,2.631,145,305,0,-1,0,0
138.823,243.843,5.614,2.631,145,300,0,-1,0,0
144.437,246.474,5.614,2.631,145,300,0,0,0,0
150.051,249.106,5.614,2.631,145,300,0,0,0,0
155.665,251.737,5.614,2.631,145,300,0,0,0,0
161.279,254.368,5.614,2.631,150,300,1,0,0,0
166.892,257.0,5.614,2.631,155,300,1,0,0,0
172.506,259.631,5.614,2.631,160,300,1,0,0,0
178.12,262.262,5.614,2.631,165,300,1,0,0,0
183.734,264.894,5.614,2.631,170,300,1,0,0,0
189.348,267.525,5.614,2.631,170,300,0,0,0,0
194.962,270.156,5.614,2.631,170,300,0,0,0,0
200.576,272.787,5.614,2.631,170,300,0,0,0,0
206.19,275.419,5.614,2.631,170,300,0,0,0,0
211.804,278.05,5.614,2.631,170,300,0,0,0,0
217.418,280.681,5.614,2.631,170,300,0,0,0,0
223.032,283.313,5.614,2.631,170,300,0,0,0,0
228.646,285.944,5.614,2.631,175,300,1,0,0,0
234.26,288.575,5.614,2.631,180,300,1,0,0,0
239.874,291.207,5.614,2.631,185,300,1,0,0,0
245.487,293.838,5.614,2.631,190,300,1,0,0,0
251.101,296.469,5.614,2.631,195,300,1,0,0,0
256.715,299.101,5.614,2.631,200,300,1,0,0,0
262.329,301.732,5.614,2.631,205,300,1,0,0,0
267.943,304.363,5.614,2.631,210,300,1,0,0,0
273.557,306.995,5.614,2.631,215,300,1,0,0,0
279.171,309.626,5.614,2.631,215,300,0,0,0,0
284.785,312.257,5.614,2.631,215,300,0,0,0,0
290.399,314.888,5.614,2.631,215,300,0,0,0,0
296.013,317.52,5.614,2.631,215,300,0,0,0,0
301.627,320.151,5.614,2.631,215,300,0,0,0,0
307.241,322.782,5.614,2.631,215,300,0,0,0,0
312.855,325.414,5.614,2.631,215,300,0,0,0,0
318.469,328.045,5.614,2.631,215,300,0,0,0,0
324.082,330.676,5.614,2.631,215,300,0,0,0,0
329.696,333.308,5.614,2.631,220,300,1,0,0,0
335.31,335.939,5.614,2.631,225,300,1,0,0,0
340.924,338.57,5.614,2.631,230,300,1,0,0,0
346.538,341.202,5.614,2.631,235,300,1,0,0,0
352.152,343.833,5.614,2.631,240,300,1,0,0,0
357.766,346.464,5.614,2.631,245,300,1,0,0,0
363.38,349.096,5.614,2.631,250,300,1,0,0,0
368.994,351.727,5.614,2.631,255,300,1,0,0,0
374.608,354.358,5.614,2.631,260,300,1,0,0,0
380.222,356.989,5.614,2.631,265,300,1,0,0,0
385.836,359.621,5.614,2.631,270,300,1,0,0,0
391.45,362.252,5.614,2.631,275,300,1,0,0,0
397.064,364.883,5.614,2.631,280,300,1,0,0,0
402.677,367.515,5.614,2.631,285,300,1,0,0,0
408.291,370.146,5.614,2.631,290,300,1,0,0,0
413.905,372.777,5.614,2.631,295,300,1,0,0,0
419.519,375.409,5.614,2.631,300,300,1,0,0,0
425.133,378.04,5.614,2.631,305,300,1,0,0,0
430.747,380.671,5.614,2.631,310,300,1,0,0,0
436.361,383.303,5.614,2.631,315,300,1,0,0,0
441.975,385.934,5.614,2.631,320,300,1,0,0,0
447.589,388.565,5.614,2.631,325,300,1,0,0,0
453.203,391.197,5.614,2.631,330,300,1,0,0,0
458.817,393.828,5.614,2.631,330,300,0,0,0,0
464.431,396.459,5.614,2.631,330,300,0,0,0,0
470.045,399.09,5.614,2.631,330,300,0,0,0,0
475.659,401.722,5.614,2.631,330,300,0,0,0,0
481.272,404.353,5.614,2.631,330,295,0,-1,0,0
486.886,406.984,5.614,2.631,330,290,0,-1,0,0
492.5,409.616,5.614,2.631,330,285,0,-1,0,0
498.114,412.247,5.614,2.631,330,280,0,-1,0,0
503.728,414.878,5.614,2.631,330,275,0,-1,0,0
509.342,417.51,5.614,2.631,330,270,0,-1,0,0
514.956,420.141,5.614,2.631,330,265,0,-1,0,0
520.57,422.772,5.614,2.631,330,260,0,-1,0,0
526.184,425.404,5.614,2.631,330,255,0,-1,0,0
531.798,428.035,5.614,2.631,330,255,0,0,0,0
537.412,430.666,5.614,2.631,330,255,0,0,0,0
543.026,433.298,5.614,2.631,330,255,0,0,0,0
548.64,435.929,5.614,2.631,330,255,0,0,0,0
554.254,438.56,5.614,2.631,330,255,0,0,0,0
559.867,441.191,5.614,2.631,330,255,0,0,0,0
565.481,443.823,5.614,2.631,330,255,0,0,0,0
571.095,446.454,5.614,2.631,330,255,0,0,0,0
576.709,449.085,5.614,2.631,330,260,0,1,0,0
582.323,451.717,5.614,2.631,330,265,0,1,0,0
587.937,454.348,5.614,2.631,330,270,0,1,0,0
593.551,456.979,5.614,2.631,330,275,0,1,0,0
599.165,459.611,5.614,2.631,330,280,0,1,0,0
604.779,462.242,5.614,2.631,330,285,0,1,0,0
610.393,464.873,5.614,2.631,330,290,0,1,0,0
616.007,467.505,5.614,2.631,330,295,0,1,0,0
621.621,470.136,5.614,2.631,330,300,0,1,0,0
627.235,472.767,5.614,2.631,330,305,0,1,0,0
632.849,475.399,5.614,2.631,330,310,0,1,0,0
638.462,478.03,5.614,2.631,330,315,0,1,0,0
644.076,480.661,5.614,2.631,330,320,0,1,0,0
649.69,483.292,5.614,2.631,330,325,0,1,0,0
655.304,485.924,5.614,2.631,330,330,0,1,0,0
660.918,488.555,5.614,2.631,330,335,0,1,0,0
666.532,491.186,5.614,2.631,330,340,0,1,0,0
672.146,493.818,5.614,2.631,330,345,0,1,0,0
677.76,496.449,5.614,2.631,330,350,0,1,0,0
683.374,499.08,5.614,2.631,330,355,0,1,0,0
688.988,501.712,5.614,2.631,330,360,0,1,0,0
694.602,504.343,5.614,2.631,330,365,0,1,0,0
700.216,506.974,5.614,2.631,330,365,0,0,0,0
705.83,509.606,5.614,2.631,330,365,0,0,0,0
711.444,512.237,5.614,2.631,330,365,0,0,0,0
717.057,514.868,5.614,2.631,330,365,0,0,0,0
722.671,517.5,5.614,2.631,330,365,0,0,0,0
728.285,520.131,5.614,2.631,330,365,0,0,0,0
733.899,522.762,5.614,2.631,330,370,0,1,0,0
739.513,525.393,5.614,2.631,330,375,0,1,0,0
745.127,528.025,5.614,2.631,330,380,0,1,0,0
750.741,530.656,5.614,2.631,330,385,0,1,0,0
756.355,533.287,5.614,2.631,330,390,0,1,0,0
761.969,535.919,5.614,2.631,330,395,0,1,0,0
767.583,538.55,5.614,2.631,330,400,0,1,0,0
773.197,541.181,5.614,2.631,330,405,0,1,0,0
778.811,543.813,5.614,2.631,330,410,0,1,0,0
784.425,546.444,5.614,2.631,330,415,0,1,0,0
790.039,549.075,5.614,2.631,330,420,0,1,0,0
795.652,551.707,5.614,2.631,330,425,0,1,0,0
801.266,554.338,5.614,2.631,330,430,0,1,0,0
400.0,300.0,-4.978,0.47,330,435,0,1,1,0
395.022,300.47,-4.978,0.47,330,435,0,0,0,0
390.044,300.94,-4.978,0.47,330,435,0,0,0,0
385.066,301.41,-4.978,0.47,330,435,0,0,0,0
380.089,301.88,-4.978,0.47,330,435,0,0,0,0
375.111,302.35,-4.978,0.47,330,435,0,0,0,0
370.133,302.82,-4.978,0.47,330,435,0,0,0,0
365.155,303.29,-4.978,0.47,330,435,0,0,0,0
360.177,303.76,-4.978,0.47,330,435,0,0,0,0
355.199,304.23,-4.978,0.47,330,435,0,0,0,0
350.221,304.7,-4.978,0.47,330,435,0,0,0,0
345.244,305.17,-4.978,0.47,330,435,0,0,0,0
340.266,305.64,-4.978,0.47,330,435,0,0,0,0
335.288,306.11,-4.978,0.47,330,435,0,0,0,0
330.31,306.58,-4.978,0.47,330,435,0,0,0,0
325.332,307.05,-4.978,0.47,330,435,0,0,0,0
320.354,307.52,-4.978,0.47,330,435,0,0,0,0
315.376,307.99,-4.978,0.47,330,435,0,0,0,0
310.399,308.46,-4.978,0.47,330,435,0,0,0,0
305.421,308.93,-4.978,0.47,330,435,0,0,0,0
300.443,309.4,-4.978,0.47,330,435,0,0,0,0
295.465,309.87,-4.978,0.47,330,435,0,0,0,0
290.487,310.34,-4.978,0.47,330,435,0,0,0,0
285.509,310.81,-4.978,0.47,330,435,0,0,0,0
280.531,311.28,-4.978,0.47,330,435,0,0,0,0
275.554,311.75,-4.978,0.47,330,435,0,0,0,0
270.576,312.22,-4.978,0.47,330,435,0,0,0,0
265.598,312.69,-4.978,0.47,330,435,0,0,0,0
260.62,313.16,-4.978,0.47,330,435,0,0,0,0
255.642,313.63,-4.978,0.47,330,435,0,0,0,0
250.664,314.1,-4.978,0.47,330,435,0,0,0,0
245.686,314.571,-4.978,0.47,330,435,0,0,0,0
240.708,315.041,-4.978,0.47,330,435,0,0,0,0
235.731,315.511,-4.978,0.47,325,435,-1,0,0,0
230.753,315.981,-4.978,0.47,320,435,-1,0,0,0
225.775,316.451,-4.978,0.47,315,435,-1,0,0,0
220.797,316.921,-4.978,0.47,310,435,-1,0,0,0
215.819,317.391,-4.978,0.47,305,435,-1,0,0,0
210.841,317.861,-4.978,0.47,300,435,-1,0,0,0
205.863,318.331,-4.978,0.47,295,435,-1,0,0,0
200.886,318.801,-4.978,0.47,290,435,-1,0,0,0
195.908,319.271,-4.978,0.47,285,435,-1,0,0,0
190.93,319.741,-4.978,0.47,280,435,-1,0,0,0
185.952,320.211,-4.978,0.47,280,435,0,0,0,0
180.974,320.681,-4.978,0.47,280,435,0,0,0,0
175.996,321.151,-4.978,0.47,280,435,0,0,0,0
171.018,321.621,-4.978,0.47,280,435,0,0,0,0
166.041,322.091,-4.978,0.47,280,435,0,0,0,0
161.063,322.561,-4.978,0.47,280,435,0,0,0,0
156.085,323.031,-4.978,0.47,280,435,0,0,0,0
151.107,323.501,-4.978,0.47,280,435,0,0,0,0
146.129,323.971,-4.978,0.47,280,435,0,0,0,0
141.151,324.441,-4.978,0.47,280,435,0,0,0,0
136.173,324.911,-4.978,0.47,280,435,0,0,0,0
131.196,325.381,-4.978,0.47,280,435,0,0,0,0
126.218,325.851,-4.978,0.47,280,435,0,0,0,0
121.24,326.321,-4.978,0.47,280,435,0,0,0,0
116.262,326.791,-4.978,0.47,280,435,0,0,0,0
111.284,327.261,-4.978,0.47,280,435,0,0,0,0
106.306,327.731,-4.978,0.47,280,435,0,0,0,0
101.328,328.201,-4.978,0.47,280,435,0,0,0,0
96.351,328.671,-4.978,0.47,280,435,0,0,0,0
91.373,329.141,-4.978,0.47,280,435,0,0,0,0
86.395,329.611,-4.978,0.47,280,435,0,0,0,0
81.417,330.081,-4.978,0.47,280,435,0,0,0,0
76.439,330.551,-4.978,0.47,280,435,0,0,0,0
71.461,331.021,-4.978,0.47,280,435,0,0,0,0
66.483,331.491,-4.978,0.47,280,435,0,0,0,0
61.506,331.961,-4.978,0.47,280,435,0,0,0,0
56.528,332.431,-4.978,0.47,280,435,0,0,0,0
51.55,332.901,-4.978,0.47,280,435,0,0,0,0
49.0,333.371,4.979,1.818,280,435,0,0,0,0
53.979,335.189,4.979,1.818,280,435,0,0,0,0
58.957,337.006,4.979,1.818,280,435,0,0,0,0
63.936,338.824,4.979,1.818,280,435,0,0,0,0
68.914,340.642,4.979,1.818,280,435,0,0,0,0
73.893,342.459,4.979,1.818,280,435,0,0,0,0
78.871,344.277,4.979,1.818,285,435,1,0,0,0
83.85,346.095,4.979,1.818,290,435,1,0,0,0
88.829,347.912,4.979,1.818,295,435,1,0,0,0
93.807,349.73,4.979,1.818,300,435,1,0,0,0
98.786,351.548,4.979,1.818,305,435,1,0,0,0
103.764,353.365,4.979,1.818,310,435,1,0,0,0
108.743,355.183,4.979,1.818,315,435,1,0,0,0
113.721,357.0,4.979,1.818,320,435,1,0,0,0
118.7,358.818,4.979,1.818,325,435,1,0,0,0
123.679,360.636,4.979,1.818,330,435,1,0,0,0
128.657,362.453,4.979,1.818,335,435,1,0,0,0
133.636,364.271,4.979,1.818,340,435,1,0,0,0
138.614,366.089,4.979,1.818,345,435,1,0,0,0
143.593,367.906,4.979,1.818,350,435,1,0,0,0
148.571,369.724,4.979,1.818,355,435,1,0,0,0
153.55,371.542,4.979,1.818,360,435,1,0,0,0
158.529,373.359,4.979,1.818,365,435,1,0,0,0
163.507,375.177,4.979,1.818,370,435,1,0,0,0
168.486,376.994,4.979,1.818,375,435,1,0,0,0
173.464,378.812,4.979,1.818,380,435,1,0,0,0
178.443,380.63,4.979,1.818,385,435,1,0,0,0
183.421,382.447,4.979,1.818,385,435,0,0,0,0
188.4,384.265,4.979,1.818,385,435,0,0,0,0
193.379,386.083,4.979,1.818,385,435,0,0,0,0
198.357,387.9,4.979,1.818,385,435,0,0,0,0
203.336,389.718,4.979,1.818,385,435,0,0,0,0
208.314,391.536,4.979,1.818,385,435,0,0,0,0
213.293,393.353,4.979,1.818,385,435,0,0,0,0
218.272,395.171,4.979,1.818,385,435,0,0,0,0
223.25,396.988,4.979,1.818,385,435,0,0,0,0
228.229,398.806,4.979,1.818,385,435,0,0,0,0
233.207,400.624,4.979,1.818,385,435,0,0,0,0
238.186,402.441,4.979,1.818,385,435,0,0,0,0
243.164,404.259,4.979,1.818,385,435,0,0,0,0
248.143,406.077,4.979,1.818,385,435,0,0,0,0
253.122,407.894,4.979,1.818,385,435,0,0,0,0
258.1,409.712,4.979,1.818,385,435,0,0,0,0
263.079,411.53,4.979,1.818,385,435,0,0,0,0
268.057,413.347,4.979,1.818,385,435,0,0,0,0
273.036,415.165,4.979,1.818,385,435,0,0,0,0
278.014,416.982,4.979,1.818,385,435,0,0,0,0
282.993,418.8,4.979,1.818,385,435,0,0,0,0
287.972,420.618,4.979,1.818,385,435,0,0,0,0
292.95,422.435,4.979,1.818,385,435,0,0,0,0
297.929,424.253,4.979,1.818,385,435,0,0,0,0
302.907,426.071,4.979,1.818,385,435,0,0,0,0
307.886,427.888,4.979,1.818,385,435,0,0,0,0
312.864,429.706,4.979,1.818,385,435,0,0,0,0
317.843,431.524,4.979,1.818,385,435,0,0,0,0
322.822,433.341,4.979,1.818,385,435,0,0,0,0
327.8,435.159,4.979,1.818,385,435,0,0,0,0
332.779,436.976,4.979,1.818,385,435,0,0,0,0
337.757,438.794,4.979,1.818,385,435,0,0,0,0
342.736,440.612,4.979,1.818,385,435,0,0,0,0
347.714,442.429,4.979,1.818,385,435,0,0,0,0
352.693,444.247,4.979,1.818,385,435,0,0,0,0
357.672,446.065,4.979,1.818,385,435,0,0,0,0
362.65,447.882,4.979,1.818,385,435,0,0,0,0
367.629,449.7,4.979,1.818,385,435,0,0,0,0
372.607,451.518,4.979,1.818,385,435,0,0,0,0
377.586,453.335,4.979,1.818,385,435,0,0,0,0
382.564,455.153,4.979,1.818,385,435,0,0,0,0
387.543,456.97,4.979,1.818,385,435,0,0,0,0
392.522,458.788,4.979,1.818,385,435,0,0,0,0
397.5,460.606,4.979,1.818,385,435,0,0,0,0
402.479,462.423,4.979,1.818,385,435,0,0,0,0
407.457,464.241,4.979,1.818,385,435,0,0,0,0
412.436,466.059,4.979,1.818,385,435,0,0,0,0
417.414,467.876,4.979,1.818,385,435,0,0,0,0
422.393,469.694,4.979,1.818,385,435,0,0,0,0
427.372,471.512,4.979,1.818,385,435,0,0,0,0
432.35,473.329,4.979,1.818,385,435,0,0,0,0
437.329,475.147,4.979,1.818,385,435,0,0,0,0
442.307,476.964,4.979,1.818,385,435,0,0,0,0
447.286,478.782,4.979,1.818,385,435,0,0,0,0
452.264,480.6,4.979,1.818,385,435,0,0,0,0
457.243,482.417,4.979,1.818,385,435,0,0,0,0
462.222,484.235,4.979,1.818,385,435,0,0,0,0
467.2,486.053,4.979,1.818,385,435,0,0,0,0
472.179,487.87,4.979,1.818,385,435,0,0,0,0
477.157,489.688,4.979,1.818,385,435,0,0,0,0
482.136,491.506,4.979,1.818,385,435,0,0,0,0
487.114,493.323,4.979,1.818,385,435,0,0,0,0
492.093,495.141,4.979,1.818,385,435,0,0,0,0
497.072,496.958,4.979,1.818,385,435,0,0,0,0
502.05,498.776,4.979,1.818,385,435,0,0,0,0
507.029,500.594,4.979,1.818,385,435,0,0,0,0
512.007,502.411,4.979,1.818,385,435,0,0,0,0
516.986,504.229,4.979,1.818,385,435,0,0,0,0
521.965,506.047,4.979,1.818,385,435,0,0,0,0
526.943,507.864,4.979,1.818,385,435,0,0,0,0
531.922,509.682,4.979,1.818,385,435,0,0,0,0
536.9,511.5,4.979,1.818,385,435,0,0,0,0
541.879,513.317,4.979,1.818,385,435,0,0,0,0
546.857,515.135,4.979,1.818,385,435,0,0,0,0
551.836,516.952,4.979,1.818,385,435,0,0,0,0
556.815,518.77,4.979,1.818,385,435,0,0,0,0
561.793,520.588,4.979,1.818,385,435,0,0,0,0
566.772,522.405,4.979,1.818,385,435,0,0,0,0
571.75,524.223,4.979,1.818,385,435,0,0,0,0
576.729,526.041,4.979,1.818,385,440,0,1,0,0
581.707,527.858,4.979,1.818,385,445,0,1,0,0
586.686,529.676,4.979,1.818,385,450,0,1,0,0
591.665,531.494,4.979,1.818,385,455,0,1,0,0
596.643,533.311,4.979,1.818,385,460,0,1,0,0
601.622,535.129,4.979,1.818,385,465,0,1,0,0
606.6,536.946,4.979,1.818,385,470,0,1,0,0
611.579,538.764,4.979,1.818,385,475,0,1,0,0
616.557,540.582,4.979,1.818,385,480,0,1,0,0
621.536,542.399,4.979,1.818,385,485,0,1,0,0
626.515,544.217,4.979,1.818,385,490,0,1,0,0
631.493,546.035,4.979,1.818,385,495,0,1,0,0
636.472,547.852,4.979,1.818,385,500,0,1,0,0
641.45,549.67,4.979,1.818,385,505,0,1,0,0
646.429,551.488,4.979,1.818,385,510,0,1,0,0
651.407,553.305,4.979,1.818,385,515,0,1,0,0
656.386,555.123,4.979,1.818,385,520,0,1,0,0
661.365,556.94,4.979,1.818,385,520,0,0,0,0
666.343,558.758,4.979,1.818,385,520,0,0,0,0
671.322,560.576,4.979,1.818,385,520,0,0,0,0
676.3,562.393,4.979,1.818,385,520,0,0,0,0
681.279,564.211,4.979,1.818,385,520,0,0,0,0
686.257,566.029,4.979,1.818,385,520,0,0,0,0
691.236,567.846,4.979,1.818,385,520,0,0,0,0
696.215,569.664,4.979,1.818,385,520,0,0,0,0
701.193,571.482,4.979,1.818,385,520,0,0,0,0
706.172,573.299,4.979,1.818,385,520,0,0,0,0
711.15,575.117,4.979,1.818,385,520,0,0,0,0
716.129,576.935,4.979,1.818,385,520,0,0,0,0
721.107,578.752,4.979,1.818,385,520,0,0,0,0
726.086,580.57,4.979,1.818,385,520,0,0,0,0
731.065,582.387,4.979,1.818,385,520,0,0,0,0
736.043,584.205,4.979,1.818,385,520,0,0,0,0
741.022,586.023,4.979,1.818,385,520,0,0,0,0
746.0,587.84,4.979,1.818,385,520,0,0,0,0
750.979,589.658,4.979,1.818,385,520,0,0,0,0
751.0,591.476,-3.804,4.11,385,520,0,0,0,0
747.196,594.0,-3.804,-4.11,385,520,0,0,0,0
743.392,589.89,-3.804,-4.11,385,520,0,0,0,0
739.588,585.78,-3.804,-4.11,385,520,0,0,0,0
735.784,581.671,-3.804,-4.11,385,520,0,0,0,0
731.98,577.561,-3.804,-4.11,385,520,0,0,0,0
728.177,573.451,-3.804,-4.11,385,520,0,0,0,0
724.373,569.341,-3.804,-4.11,385,520,0,0,0,0
720.569,565.232,-3.804,-4.11,385,520,0,0,0,0
716.765,561.122,-3.804,-4.11,385,520,0,0,0,0
712.961,557.012,-3.804,-4.11,385,520,0,0,0,0
709.157,552.902,-3.804,-4.11,385,520,0,0,0,0
705.353,548.792,-3.804,-4.11,385,520,0,0,0,0
701.549,544.683,-3.804,-4.11,385,520,0,0,0,0
697.745,540.573,-3.804,-4.11,385,520,0,0,0,0
693.941,536.463,-3.804,-4.11,385,520,0,0,0,0
690.137,532.353,-3.804,-4.11,385,520,0,0,0,0
686.334,528.244,-3.804,-4.11,385,520,0,0,0,0
682.53,524.134,-3.804,-4.11,385,520,0,0,0,0
678.726,520.024,-3.804,-4.11,385,520,0,0,0,0
674.922,515.914,-3.804,-4.11,385,520,0,0,0,0
671.118,511.804,-3.804,-4.11,385,520,0,0,0,0
667.314,507.695,-3.804,-4.11,385,520,0,0,0,0
663.51,503.585,-3.804,-4.11,385,520,0,0,0,0
659.706,499.475,-3.804,-4.11,385,520,0,0,0,0
655.902,495.365,-3.804,-4.11,385,520,0,0,0,0
652.098,491.256,-3.804,-4.11,385,520,0,0,0,0
648.294,487.146,-3.804,-4.11,385,520,0,0,0,0
644.491,483.036,-3.804,-4.11,385,520,0,0,0,0
640.687,478.926,-3.804,-4.11,385,520,0,0,0,0
636.883,474.816,-3.804,-4.11,380,520,-1,0,0,0
633.079,470.707,-3.804,-4.11,375,520,-1,0,0,0
629.275,466.597,-3.804,-4.11,370,520,-1,0,0,0
625.471,462.487,-3.804,-4.11,365,520,-1,0,0,0
621.667,458.377,-3.804,-4.11,360,520,-1,0,0,0
617.863,454.268,-3.804,-4.11,355,520,-1,0,0,0
614.059,450.158,-3.804,-4.11,350,520,-1,0,0,0
610.255,446.048,-3.804,-4.11,345,520,-1,0,0,0
606.451,441.938,-3.804,-4.11,340,520,-1,0,0,0
602.647,437.828,-3.804,-4.11,335,520,-1,0,0,0
598.844,433.719,-3.804,-4.11,330,520,-1,0,0,0
595.04,429.609,-3.804,-4.11,325,520,-1,0,0,0
591.236,425.499,-3.804,-4.11,320,520,-1,0,0,0
587.432,421.389,-3.804,-4.11,315,520,-1,0,0,0
583.628,417.28,-3.804,-4.11,310,520,-1,0,0,0
579.824,413.17,-3.804,-4.11,305,520,-1,0,0,0
576.02,409.06,-3.804,-4.11,300,520,-1,0,0,0
572.216,404.95,-3.804,-4.11,295,520,-1,0,0,0
568.412,400.84,-3.804,-4.11,290,520,-1,0,0,0
564.608,396.731,-3.804,-4.11,285,520,-1,0,0,0
560.804,392.621,-3.804,-4.11,280,520,-1,0,0,0
557.001,388.511,-3.804,-4.11,275,520,-1,0,0,0
553.197,384.401,-3.804,-4.11,270,520,-1,0,0,0
549.393,380.292,-3.804,-4.11,265,520,-1,0,0,0
545.589,376.182,-3.804,-4.11,260,520,-1,0,0,0
541.785,372.072,-3.804,-4.11,255,520,-1,0,0,0
537.981,367.962,-3.804,-4.11,250,520,-1,0,0,0
534.177,363.853,-3.804,-4.11,245,520,-1,0,0,0
530.373,359.743,-3.804,-4.11,240,520,-1,0,0,0
526.569,355.633,-3.804,-4.11,235,520,-1,0,0,0
522.765,351.523,-3.804,-4.11,230,520,-1,0,0,0
518.961,347.413,-3.804,-4.11,225,520,-1,0,0,0
515.158,343.304,-3.804,-4.11,220,520,-1,0,0,0
511.354,339.194,-3.804,-4.11,215,520,-1,0,0,0
507.55,335.084,-3.804,-4.11,210,515,-1,-1,0,0
503.746,330.974,-3.804,-4.11,205,510,-1,-1,0,0
499.942,326.865,-3.804,-4.11,200,505,-1,-1,0,0
496.138,322.755,-3.804,-4.11,195,500,-1,-1,0,0
492.334,318.645,-3.804,-4.11,190,495,-1,-1,0,0
488.53,314.535,-3.804,-4.11,185,490,-1,-1,0,0
484.726,310.425,-3.804,-4.11,180,485,-1,-1,0,0
480.922,306.316,-3.804,-4.11,175,485,-1,0,0,0
477.118,302.206,-3.804,-4.11,170,485,-1,0,0,0
473.315,298.096,-3.804,-4.11,170,485,0,0,0,0
469.511,293.986,-3.804,-4.11,170,485,0,0,0,0
465.707,289.877,-3.804,-4.11,170,485,0,0,0,0
461.903,285.767,-3.804,-4.11,170,485,0,0,0,0
458.099,281.657,-3.804,-4.11,170,485,0,0,0,0
454.295,277.547,-3.804,-4.11,170,485,0,0,0,0
450.491,273.437,-3.804,-4.11,170,485,0,0,0,0
446.687,269.328,-3.804,-4.11,170,485,0,0,0,0
442.883,265.218,-3.804,-4.11,170,485,0,0,0,0
439.079,261.108,-3.804,-4.11,170,485,0,0,0,0
435.275,256.998,-3.804,-4.11,170,485,0,0,0,0
431.472,252.889,-3.804,-4.11,170,485,0,0,0,0
427.668,248.779,-3.804,-4.11,170,485,0,0,0,0
423.864,244.669,-3.804,-4.11,170,485,0,0,0,0
420.06,240.559,-3.804,-4.11,165,485,-1,0,0,0
416.256,236.449,-3.804,-4.11,160,485,-1,0,0,0
412.452,232.34,-3.804,-4.11,155,485,-1,0,0,0
408.648,228.23,-3.804,-4.11,150,485,-1,0,0,0
404.844,224.12,-3.804,-4.11,145,485,-1,0,0,0
401.04,220.01,-3.804,-4.11,140,485,-1,0,0,0
397.236,215.901,-3.804,-4.11,135,485,-1,0,0,0
393.432,211.791,-3.804,-4.11,130,485,-1,0,0,0
389.628,207.681,-3.804,-4.11,125,480,-1,-1,0,0
385.825,203.571,-3.804,-4.11,125,475,0,-1,0,0
382.021,199.461,-3.804,-4.11,125,470,0,-1,0,0
378.217,195.352,-3.804,-4.11,125,465,0,-1,0,0
374.413,191.242,-3.804,-4.11,125,460,0,-1,0,0
370.609,187.132,-3.804,-4.11,125,455,0,-1,0,0
366.805,183.022,-3.804,-4.11,120,450,-1,-1,0,0
363.001,178.913,-3.804,-4.11,115,445,-1,-1,0,0
359.197,174.803,-3.804,-4.11,110,440,-1,-1,0,0
355.393,170.693,-3.804,-4.11,105,435,-1,-1,0,0
351.589,166.583,-3.804,-4.11,100,430,-1,-1,0,0
347.785,162.473,-3.804,-4.11,95,430,-1,0,0,0
343.982,158.364,-3.804,-4.11,90,430,-1,0,0,0
340.178,154.254,-3.804,-4.11,85,430,-1,0,0,0
336.374,150.144,-3.804,-4.11,85,430,0,0,0,0
332.57,146.034,-3.804,-4.11,85,430,0,0,0,0
328.766,141.925,-3.804,-4.11,85,430,0,0,0,0
324.962,137.815,-3.804,-4.11,85,430,0,0,0,0
321.158,133.705,-3.804,-4.11,85,430,0,0,0,0
317.354,129.595,-3.804,-4.11,85,430,0,0,0,0
313.55,125.485,-3.804,-4.11,85,430,0,0,0,0
309.746,121.376,-3.804,-4.11,85,430,0,0,0,0
305.942,117.266,-3.804,-4.11,85,430,0,0,0,0
302.139,113.156,-3.804,-4.11,85,430,0,0,0,0
298.335,109.046,-3.804,-4.11,85,430,0,0,0,0
294.531,104.937,-3.804,-4.11,85,430,0,0,0,0
290.727,100.827,-3.804,-4.11,85,430,0,0,0,0
286.923,96.717,-3.804,-4.11,80,430,-1,0,0,0
283.119,92.607,-3.804,-4.11,75,430,-1,0,0,0
279.315,88.497,-3.804,-4.11,70,430,-1,0,0,0
275.511,84.388,-3.804,-4.11,65,430,-1,0,0,0
271.707,80.278,-3.804,-4.11,60,430,-1,0,0,0
267.903,76.168,-3.804,-4.11,55,430,-1,0,0,0
264.099,72.058,-3.804,-4.11,50,430,-1,0,0,0
260.296,67.949,-3.804,-4.11,45,430,-1,0,0,0
256.492,63.839,-3.804,-4.11,40,430,-1,0,0,0
252.688,59.729,-3.804,-4.11,35,430,-1,0,0,0
248.884,55.619,-3.804,-4.11,35,430,0,0,0,0
245.08,51.509,-3.804,-4.11,35,430,0,0,0,0
241.276,47.4,-3.804,-4.11,35,430,0,0,0,0
237.472,43.29,-3.804,-4.11,35,430,0,0,0,0
233.668,39.18,-3.804,-4.11,35,430,0,0,0,0
229.864,35.07,-3.804,-4.11,35,430,0,0,0,0
226.06,30.961,-3.804,-4.11,35,430,0,0,0,0
222.256,26.851,-3.804,-4.11,35,430,0,0,0,0
218.453,22.741,-3.804,-4.11,35,430,0,0,0,0
214.649,18.631,-3.804,-4.11,35,430,0,0,0,0
210.845,14.521,-3.804,-4.11,35,430,0,0,0,0
207.041,10.412,-3.804,-4.11,35,430,0,0,0,0
203.237,6.302,-3.804,-4.11,35,430,0,0,0,0
199.433,6.0,-3.804,4.11,35,430,0,0,0,0
195.629,10.11,-3.804,4.11,35,430,0,0,0,0
191.825,14.22,-3.804,4.11,35,430,0,0,0,0
188.021,18.329,-3.804,4.11,35,430,0,0,0,0
184.217,22.439,-3.804,4.11,35,430,0,0,0,0
180.413,26.549,-3.804,4.11,35,430,0,0,0,0
176.61,30.659,-3.804,4.11,35,430,0,0,0,0
172.806,34.768,-3.804,4.11,35,430,0,0,0,0
169.002,38.878,-3.804,4.11,35,430,0,0,0,0
165.198,42.988,-3.804,4.11,35,430,0,0,0,0
161.394,47.098,-3.804,4.11,35,430,0,0,0,0
157.59,51.208,-3.804,4.11,35,430,0,0,0,0
153.786,55.317,-3.804,4.11,35,430,0,0,0,0
149.982,59.427,-3.804,4.11,35,430,0,0,0,0
146.178,63.537,-3.804,4.11,35,430,0,0,0,0
142.374,67.647,-3.804,4.11,35,430,0,0,0,0
138.57,71.756,-3.804,4.11,35,430,0,0,0,0
134.766,75.866,-3.804,4.11,35,430,0,0,0,0
130.963,79.976,-3.804,4.11,35,430,0,0,0,0
127.159,84.086,-3.804,4.11,35,430,0,0,0,0
123.355,88.196,-3.804,4.11,40,430,1,0,0,0
119.551,92.305,-3.804,4.11,45,430,1,0,0,0
115.747,96.415,-3.804,4.11,50,430,1,0,0,0
111.943,100.525,-3.804,4.11,55,430,1,0,0,0
108.139,104.635,-3.804,4.11,60,430,1,0,0,0
104.335,108.744,-3.804,4.11,65,430,1,0,0,0
100.531,112.854,-3.804,4.11,70,430,1,0,0,0
96.727,116.964,-3.804,4.11,75,430,1,0,0,0
92.923,121.074,-3.804,4.11,80,430,1,0,0,0
89.12,125.184,-3.804,4.11,85,430,1,0,0,0
85.316,129.293,-3.804,4.11,90,430,1,0,0,0
81.512,133.403,-3.804,4.11,95,430,1,0,0,0
77.708,137.513,-3.804,4.11,100,430,1,0,0,0
73.904,141.623,-3.804,4.11,105,430,1,0,0,0
70.1,145.732,-3.804,4.11,110,430,1,0,0,0
66.296,149.842,-3.804,4.11,115,430,1,0,0,0
62.492,153.952,-3.804,4.11,120,430,1,0,0,0
58.688,158.062,-3.804,4.11,125,430,1,0,0,0
54.884,162.172,-3.804,4.11,130,430,1,0,0,0
51.08,166.281,-3.804,4.11,135,430,1,0,0,0
49.0,170.391,5.714,-1.469,140,430,1,0,0,0
54.714,168.922,5.714,-1.469,145,430,1,0,0,0
60.429,167.454,5.714,-1.469,145,430,0,0,0,0
66.143,165.985,5.714,-1.469,145,430,0,0,0,0
71.857,164.517,5.714,-1.469,145,430,0,0,0,0
77.571,163.048,5.714,-1.469,145,430,0,0,0,0
83.286,161.579,5.714,-1.469,145,430,0,0,0,0
89.0,160.111,5.714,-1.469,145,430,0,0,0,0
94.714,158.642,5.714,-1.469,145,430,0,0,0,0
100.429,157.174,5.714,-1.469,145,430,0,0,0,0
106.143,155.705,5.714,-1.469,145,430,0,0,0,0
111.857,154.236,5.714,-1.469,145,430,0,0,0,0
117.572,152.768,5.714,-1.469,150,430,1,0,0,0
123.286,151.299,5.714,-1.469,155,430,1,0,0,0
129.0,149.831,5.714,-1.469,160,430,1,0,0,0
134.714,148.362,5.714,-1.469,165,430,1,0,0,0
140.429,146.893,5.714,-1.469,170,430,1,0,0,0
146.143,145.425,5.714,-1.469,175,430,1,0,0,0
151.857,143.956,5.714,-1.469,180,430,1,0,0,0
157.572,142.488,5.714,-1.469,185,430,1,0,0,0
163.286,141.019,5.714,-1.469,190,430,1,0,0,0
169.0,139.55,5.714,-1.469,195,430,1,0,0,0
174.715,138.082,5.714,-1.469,200,430,1,0,0,0
180.429,136.613,5.714,-1.469,205,430,1,0,0,0
186.143,135.145,5.714,-1.469,205,430,0,0,0,0
191.857,133.676,5.714,-1.469,205,430,0,0,0,0
197.572,132.207,5.714,-1.469,205,425,0,-1,0,0
203.286,130.739,5.714,-1.469,205,420,0,-1,0,0
209.0,129.27,5.714,-1.469,205,415,0,-1,0,0
214.715,127.801,5.714,-1.469,205,410,0,-1,0,0
220.429,126.333,5.714,-1.469,200,405,-1,-1,0,0
226.143,124.864,5.714,-1.469,195,400,-1,-1,0,0
231.858,123.396,5.714,-1.469,190,395,-1,-1,0,0
237.572,121.927,5.714,-1.469,185,390,-1,-1,0,0
243.286,120.458,5.714,-1.469,180,385,-1,-1,0,0
249.0,118.99,5.714,-1.469,175,380,-1,-1,0,0
254.715,117.521,5.714,-1.469,170,375,-1,-1,0,0
260.429,116.053,5.714,-1.469,165,370,-1,-1,0,0
266.143,114.584,5.714,-1.469,160,365,-1,-1,0,0
271.858,113.115,5.714,-1.469,155,360,-1,-1,0,0
277.572,111.647,5.714,-1.469,150,355,-1,-1,0,0
283.286,110.178,5.714,-1.469,145,350,-1,-1,0,0
289.0,108.71,5.714,-1.469,140,345,-1,-1,0,0
294.715,107.241,5.714,-1.469,135,340,-1,-1,0,0
300.429,105.772,5.714,-1.469,130,335,-1,-1,0,0
306.143,104.304,5.714,-1.469,125,330,-1,-1,0,0
311.858,102.835,5.714,-1.469,120,325,-1,-1,0,0
317.572,101.367,5.714,-1.469,115,320,-1,-1,0,0
323.286,99.898,5.714,-1.469,110,315,-1,-1,0,0
329.001,98.429,5.714,-1.469,105,310,-1,-1,0,0
334.715,96.961,5.714,-1.469,100,305,-1,-1,0,0
340.429,95.492,5.714,-1.469,95,300,-1,-1,0,0
346.143,94.024,5.714,-1.469,90,295,-1,-1,0,0
351.858,92.555,5.714,-1.469,85,290,-1,-1,0,0
357.572,91.086,5.714,-1.469,80,285,-1,-1,0,0
363.286,89.618,5.714,-1.469,75,280,-1,-1,0,0
369.001,88.149,5.714,-1.469,70,275,-1,-1,0,0
374.715,86.68,5.714,-1.469,65,270,-1,-1,0,0
380.429,85.212,5.714,-1.469,60,265,-1,-1,0,0
386.144,83.743,5.714,-1.469,55,260,-1,-1,0,0
391.858,82.275,5.714,-1.469,50,255,-1,-1,0,0
397.572,80.806,5.714,-1.469,45,250,-1,-1,0,0
403.286,79.337,5.714,-1.469,40,245,-1,-1,0,0
409.001,77.869,5.714,-1.469,35,240,-1,-1,0,0
414.715,76.4,5.714,-1.469,30,235,-1,-1,0,0
420.429,74.932,5.714,-1.469,25,230,-1,-1,0,0
426.144,73.463,5.714,-1.469,20,225,-1,-1,0,0
431.858,71.994,5.714,-1.469,15,220,-1,-1,0,0
437.572,70.526,5.714,-1.469,10,215,-1,-1,0,0
443.287,69.057,5.714,-1.469,5,210,-1,-1,0,0
449.001,67.589,5.714,-1.469,0,205,-1,-1,0,0
454.715,66.12,5.714,-1.469,0,200,-1,-1,0,0
460.429,64.651,5.714,-1.469,0,195,-1,-1,0,0
466.144,63.183,5.714,-1.469,0,190,0,-1,0,0
471.858,61.714,5.714,-1.469,0,185,0,-1,0,0
477.572,60.246,5.714,-1.469,0,180,0,-1,0,0
483.287,58.777,5.714,-1.469,0,175,0,-1,0,0
489.001,57.308,5.714,-1.469,0,170,0,-1,0,0
494.715,55.84,5.714,-1.469,0,165,0,-1,0,0
500.429,54.371,5.714,-1.469,0,160,0,-1,0,0
506.144,52.903,5.714,-1.469,0,155,0,-1,0,0
511.858,51.434,5.714,-1.469,0,150,0,-1,0,0
517.572,49.965,5.714,-1.469,0,145,0,-1,0,0
523.287,48.497,5.714,-1.469,0,140,0,-1,0,0
529.001,47.028,5.714,-1.469,0,135,0,-1,0,0
534.715,45.56,5.714,-1.469,0,130,0,-1,0,0
540.43,44.091,5.714,-1.469,0,125,0,-1,0,0
546.144,42.622,5.714,-1.469,0,120,0,-1,0,0
551.858,41.154,5.714,-1.469,0,115,0,-1,0,0
557.572,39.685,5.714,-1.469,0,110,0,-1,0,0
563.287,38.216,5.714,-1.469,0,105,0,-1,0,0
569.001,36.748,5.714,-1.469,0,100,0,-1,0,0
574.715,35.279,5.714,-1.469,0,95,0,-1,0,0
580.43,33.811,5.714,-1.469,0,90,0,-1,0,0
586.144,32.342,5.714,-1.469,0,85,0,-1,0,0
591.858,30.873,5.714,-1.469,0,80,0,-1,0,0
597.573,29.405,5.714,-1.469,0,75,0,-1,0,0
603.287,27.936,5.714,-1.469,0,70,0,-1,0,0
609.001,26.468,5.714,-1.469,0,65,0,-1,0,0
614.715,24.999,5.714,-1.469,0,60,0,-1,0,0
620.43,23.53,5.714,-1.469,0,55,0,-1,0,0
626.144,22.062,5.714,-1.469,0,50,0,-1,0,0
631.858,20.593,5.714,-1.469,0,45,0,-1,0,0
637.573,19.125,5.714,-1.469,0,40,0,-1,0,0
643.287,17.656,5.714,-1.469,0,35,0,-1,0,0
649.001,16.187,5.714,-1.469,0,30,0,-1,0,0
654.716,14.719,5.714,-1.469,0,25,0,-1,0,0
660.43,13.25,5.714,-1.469,0,20,0,-1,0,0
666.144,11.782,5.714,-1.469,0,15,0,-1,0,0
671.858,10.313,5.714,-1.469,0,10,0,-1,0,0
677.573,8.844,5.714,-1.469,0,5,0,-1,0,0
683.287,7.376,5.714,-1.469,0,0,0,-1,0,0
689.001,6.0,5.714,1.469,0,0,0,-1,0,0
694.716,7.469,5.714,1.469,0,0,0,-1,0,0
700.43,8.937,5.714,1.469,0,0,0,-1,0,0
706.144,10.406,5.714,1.469,0,0,0,-1,0,0
711.858,11.874,5.714,1.469,0,0,0,-1,0,0
717.573,13.343,5.714,1.469,0,0,0,-1,0,0
723.287,14.812,5.714,1.469,0,0,0,-1,0,0
729.001,16.28,5.714,1.469,0,0,0,-1,0,0
734.716,17.749,5.714,1.469,0,0,0,-1,0,0
740.43,19.217,5.714,1.469,0,0,0,-1,0,0
746.144,20.686,5.714,1.469,0,0,0,-1,0,0
751.859,22.155,5.714,1.469,0,0,0,-1,0,0
751.0,23.623,-5.639,-2.578,0,0,0,-1,0,0
745.361,21.046,-5.639,-2.578,0,0,0,0,0,0
739.722,18.468,-5.639,-2.578,0,0,0,0,0,0
734.083,15.891,-5.639,-2.578,0,0,0,0,0,0
728.445,13.313,-5.639,-2.578,5,0,1,0,0,0
722.806,10.736,-5.639,-2.578,10,0,1,0,0,0
717.167,8.158,-5.639,-2.578,15,0,1,0,0,0
711.528,6.0,-5.639,2.578,20,0,1,0,0,0
705.889,8.578,-5.639,2.578,25,0,1,0,0,0
700.25,11.155,-5.639,2.578,30,0,1,0,0,0
694.612,13.733,-5.639,2.578,35,0,1,0,0,0
688.973,16.31,-5.639,2.578,40,0,1,0,0,0
683.334,18.888,-5.639,2.578,45,0,1,0,0,0
677.695,21.465,-5.639,2.578,50,0,1,0,0,0
672.056,24.043,-5.639,2.578,55,0,1,0,0,0
666.417,26.62,-5.639,2.578,60,0,1,0,0,0
660.779,29.198,-5.639,2.578,65,0,1,0,0,0
655.14,31.775,-5.639,2.578,70,0,1,0,0,0
649.501,34.353,-5.639,2.578,75,0,1,0,0,0
643.862,36.93,-5.639,2.578,80,0,1,0,0,0
638.223,39.508,-5.639,2.578,85,0,1,0,0,0
632.584,42.085,-5.639,2.578,85,0,0,0,0,0
626.946,44.663,-5.639,2.578,85,0,0,0,0,0
621.307,47.24,-5.639,2.578,85,0,0,0,0,0
615.668,49.818,-5.639,2.578,85,0,0,0,0,0
610.029,52.395,-5.639,2.578,85,0,0,0,0,0
604.39,54.973,-5.639,2.578,85,0,0,0,0,0
598.751,57.55,-5.639,2.578,85,0,0,0,0,0
593.113,60.128,-5.639,2.578,85,0,0,0,0,0
587.474,62.705,-5.639,2.578,85,0,0,0,0,0
581.835,65.283,-5.639,2.578,85,0,0,0,0,0
576.196,67.86,-5.639,2.578,85,0,0,0,0,0
570.557,70.438,-5.639,2.578,85,0,0,0,0,0
564.918,73.015,-5.639,2.578,85,0,0,0,0,0
559.28,75.593,-5.639,2.578,85,0,0,0,0,0
553.641,78.17,-5.639,2.578,85,0,0,0,0,0
548.002,80.748,-5.639,2.578,85,0,0,0,0,0
542.363,83.325,-5.639,2.578,85,0,0,0,0,0
536.724,85.903,-5.639,2.578,85,0,0,0,0,0
531.085,88.48,-5.639,2.578,80,0,-1,0,0,0
525.447,91.058,-5.639,2.578,75,0,-1,0,0,0
519.808,93.635,-5.639,2.578,70,0,-1,0,0,0
514.169,96.213,-5.639,2.578,65,0,-1,0,0,0
508.53,98.79,-5.639,2.578,60,0,-1,0,0,0
502.891,101.368,-5.639,2.578,60,0,0,0,0,0
497.252,103.945,-5.639,2.578,60,0,0,0,0,0
491.614,106.523,-5.639,2.578,60,0,0,0,0,0
485.975,109.1,-5.639,2.578,60,5,0,1,0,0
480.336,111.678,-5.639,2.578,60,10,0,1,0,0
474.697,114.255,-5.639,2.578,60,15,0,1,0,0
469.058,116.833,-5.639,2.578,60,20,0,1,0,0
463.419,119.41,-5.639,2.578,60,25,0,1,0,0
457.781,121.988,-5.639,2.578,60,30,0,1,0,0
452.142,124.565,-5.639,2.578,65,35,1,1,0,0
446.503,127.143,-5.639,2.578,70,40,1,1,0,0
440.864,129.72,-5.639,2.578,75,45,1,1,0,0
435.225,132.298,-5.639,2.578,80,50,1,1,0,0
429.586,134.875,-5.639,2.578,85,55,1,1,0,0
423.948,137.453,-5.639,2.578,90,60,1,1,0,0
418.309,140.03,-5.639,2.578,95,65,1,1,0,0
412.67,142.608,-5.639,2.578,100,70,1,1,0,0
407.031,145.185,-5.639,2.578,105,75,1,1,0,0
401.392,147.763,-5.639,2.578,110,80,1,1,0,0
395.753,150.34,-5.639,2.578,115,85,1,1,0,0
390.115,152.918,-5.639,2.578,120,90,1,1,0,0
384.476,155.495,-5.639,2.578,125,95,1,1,0,0
378.837,158.073,-5.639,2.578,130,100,1,1,0,0
373.198,160.65,-5.639,2.578,135,105,1,1,0,0
367.559,163.228,-5.639,2.578,140,110,1,1,0,0
361.92,165.805,-5.639,2.578,145,115,1,1,0,0
356.281,168.383,-5.639,2.578,150,120,1,1,0,0
350.643,170.96,-5.639,2.578,155,125,1,1,0,0
345.004,173.538,-5.639,2.578,155,125,0,0,0,0
339.365,176.115,-5.639,2.578,155,125,0,0,0,0
333.726,178.693,-5.639,2.578,155,125,0,0,0,0
328.087,181.27,-5.639,2.578,155,125,0,0,0,0
322.448,183.848,-5.639,2.578,155,125,0,0,0,0
316.81,186.425,-5.639,2.578,155,125,0,0,0,0
311.171,189.003,-5.639,2.578,155,125,0,0,0,0
305.532,191.58,-5.639,2.578,155,120,0,-1,0,0
299.893,194.158,-5.639,2.578,155,115,0,-1,0,0
294.254,196.735,-5.639,2.578,155,110,0,-1,0,0
288.615,199.313,-5.639,2.578,155,105,0,-1,0,0
282.977,201.89,-5.639,2.578,155,100,0,-1,0,0
277.338,204.468,-5.639,2.578,155,95,0,-1,0,0
271.699,207.045,-5.639,2.578,155,90,0,-1,0,0
266.06,209.623,-5.639,2.578,155,85,0,-1,0,0
260.421,212.2,-5.639,2.578,155,80,0,-1,0,0
254.782,214.778,-5.639,2.578,155,75,0,-1,0,0
249.144,217.355,-5.639,2.578,155,75,0,0,0,0
243.505,219.933,-5.639,2.578,155,75,0,0,0,0
237.866,222.51,-5.639,2.578,155,75,0,0,0,0
232.227,225.088,-5.639,2.578,155,75,0,0,0,0
226.588,227.665,-5.639,2.578,155,75,0,0,0,0
220.949,230.243,-5.639,2.578,160,75,1,0,0,0
215.311,232.82,-5.639,2.578,165,75,1,0,0,0
209.672,235.398,-5.639,2.578,170,75,1,0,0,0
204.033,237.975,-5.639,2.578,175,75,1,0,0,0
198.394,240.553,-5.639,2.578,180,75,1,0,0,0
192.755,243.13,-5.639,2.578,185,80,1,1,0,0
187.116,245.708,-5.639,2.578,190,85,1,1,0,0
181.478,248.285,-5.639,2.578,195,90,1,1,0,0
175.839,250.863,-5.639,2.578,200,95,1,1,0,0
170.2,253.44,-5.639,2.578,205,100,1,1,0,0
164.561,256.018,-5.639,2.578,210,105,1,1,0,0
158.922,258.595,-5.639,2.578,210,110,0,1,0,0
153.283,261.173,-5.639,2.578,210,115,0,1,0,0
147.645,263.75,-5.639,2.578,210,115,0,0,0,0
142.006,266.328,-5.639,2.578,210,115,0,0,0,0
136.367,268.905,-5.639,2.578,210,115,0,0,0,0
130.728,271.483,-5.639,2.578,210,115,0,0,0,0
125.089,274.061,-5.639,2.578,210,115,0,0,0,0
119.45,276.638,-5.639,2.578,210,115,0,0,0,0
113.812,279.216,-5.639,2.578,210,115,0,0,0,0
108.173,281.793,-5.639,2.578,215,115,1,0,0,0
102.534,284.371,-5.639,2.578,220,115,1,0,0,0
96.895,286.948,-5.639,2.578,225,115,1,0,0,0
91.256,289.526,-5.639,2.578,230,115,1,0,0,0
85.617,292.103,-5.639,2.578,235,115,1,0,0,0
79.979,294.681,-5.639,2.578,235,115,0,0,0,0
74.34,297.258,-5.639,2.578,235,115,0,0,0,0
68.701,299.836,-5.639,2.578,235,115,0,0,0,0
63.062,302.413,-5.639,2.578,235,115,0,0,0,0
57.423,304.991,-5.639,2.578,235,115,0,0,0,0
51.784,307.568,-5.639,2.578,235,115,0,0,0,0
49.0,310.146,4.579,4.614,240,120,1,1,0,0
53.579,314.759,4.579,4.614,245,125,1,1,0,0
58.157,319.373,4.579,4.614,250,130,1,1,0,0
62.736,323.987,4.579,4.614,255,135,1,1,0,0
67.315,328.6,4.579,4.614,260,140,1,1,0,0
71.893,333.214,4.579,4.614,265,145,1,1,0,0
76.472,337.828,4.579,4.614,270,145,1,0,0,0
81.051,342.441,4.579,4.614,275,145,1,0,0,0
85.629,347.055,4.579,4.614,280,145,1,0,0,0
90.208,351.669,4.579,4.614,285,145,1,0,0,0
94.786,356.282,4.579,4.614,290,145,1,0,0,0
99.365,360.896,4.579,4.614,295,145,1,0,0,0
103.944,365.51,4.579,4.614,300,145,1,0,0,0
108.522,370.123,4.579,4.614,305,145,1,0,0,0
113.101,374.737,4.579,4.614,310,145,1,0,0,0
117.68,379.351,4.579,4.614,315,150,1,1,0,0
122.258,383.964,4.579,4.614,320,155,1,1,0,0
126.837,388.578,4.579,4.614,325,160,1,1,0,0
131.416,393.192,4.579,4.614,325,165,0,1,0,0
135.994,397.805,4.579,4.614,325,170,0,1,0,0
140.573,402.419,4.579,4.614,325,175,0,1,0,0
145.152,407.033,4.579,4.614,325,180,0,1,0,0
149.73,411.646,4.579,4.614,325,180,0,0,0,0
154.309,416.26,4.579,4.614,325,180,0,0,0,0
158.887,420.874,4.579,4.614,325,180,0,0,0,0
163.466,425.488,4.579,4.614,325,180,0,0,0,0
168.045,430.101,4.579,4.614,325,185,0,1,0,0
172.623,434.715,4.579,4.614,325,190,0,1,0,0
177.202,439.329,4.579,4.614,325,195,0,1,0,0
181.781,443.942,4.579,4.614,325,200,0,1,0,0
186.359,448.556,4.579,4.614,325,205,0,1,0,0
190.938,453.17,4.579,4.614,325,210,0,1,0,0
195.517,457.783,4.579,4.614,325,215,0,1,0,0
200.095,462.397,4.579,4.614,325,220,0,1,0,0
204.674,467.011,4.579,4.614,325,225,0,1,0,0
209.253,471.624,4.579,4.614,325,230,0,1,0,0
213.831,476.238,4.579,4.614,325,235,0,1,0,0
218.41,480.852,4.579,4.614,325,240,0,1,0,0
222.988,485.465,4.579,4.614,325,245,0,1,0,0
227.567,490.079,4.579,4.614,325,250,0,1,0,0
232.146,494.693,4.579,4.614,325,255,0,1,0,0
236.724,499.306,4.579,4.614,325,260,0,1,0,0
241.303,503.92,4.579,4.614,325,265,0,1,0,0
245.882,508.534,4.579,4.614,325,270,0,1,0,0
250.46,513.147,4.579,4.614,325,275,0,1,0,0
255.039,517.761,4.579,4.614,325,280,0,1,0,0
259.618,522.375,4.579,4.614,325,285,0,1,0,0
264.196,526.988,4.579,4.614,325,290,0,1,0,0
268.775,531.602,4.579,4.614,325,295,0,1,0,0
273.354,536.216,4.579,4.614,325,300,0,1,0,0
277.932,540.829,4.579,4.614,325,305,0,1,0,0
282.511,545.443,4.579,4.614,325,310,0,1,0,0
287.089,550.057,4.579,4.614,325,315,0,1,0,0
291.668,554.67,4.579,4.614,325,320,0,1,0,0
296.247,559.284,4.579,4.614,325,325,0,1,0,0
300.825,563.898,4.579,4.614,325,330,0,1,0,0
305.404,568.512,4.579,4.614,325,335,0,1,0,0
309.983,573.125,4.579,4.614,325,340,0,1,0,0
314.561,577.739,4.579,4.614,325,345,0,1,0,0
319.14,582.353,4.579,4.614,325,350,0,1,0,0
323.719,586.966,4.579,4.614,325,355,0,1,0,0
328.297,591.58,4.579,4.614,325,360,0,1,0,0
332.876,594.0,4.579,-4.614,325,365,0,1,0,0
337.455,589.386,4.579,-4.614,325,370,0,1,0,0
342.033,584.773,4.579,-4.614,325,375,0,1,0,0
346.612,580.159,4.579,-4.614,325,380,0,1,0,0
351.19,575.545,4.579,-4.614,325,385,0,1,0,0
355.769,570.932,4.579,-4.614,325,385,0,0,0,0
360.348,566.318,4.579,-4.614,325,385,0,0,0,0
364.926,561.704,4.579,-4.614,325,385,0,0,0,0
369.505,557.091,4.579,-4.614,325,385,0,0,0,0
374.084,552.477,4.579,-4.614,325,385,0,0,0,0
378.662,547.863,4.579,-4.614,325,385,0,0,0,0
383.241,543.25,4.579,-4.614,325,385,0,0,0,0
387.82,538.636,4.579,-4.614,325,385,0,0,0,0
392.398,534.022,4.579,-4.614,325,385,0,0,0,0
396.977,529.409,4.579,-4.614,325,385,0,0,0,0
401.556,524.795,4.579,-4.614,325,385,0,0,0,0
406.134,520.181,4.579,-4.614,325,385,0,0,0,0
410.713,515.567,4.579,-4.614,325,385,0,0,0,0
415.291,510.954,4.579,-4.614,325,385,0,0,0,0
419.87,506.34,4.579,-4.614,325,385,0,0,0,0
424.449,501.726,4.579,-4.614,325,385,0,0,0,0
429.027,497.113,4.579,-4.614,325,385,0,0,0,0
433.606,492.499,4.579,-4.614,325,385,0,0,0,0
438.185,487.885,4.579,-4.614,325,385,0,0,0,0
442.763,483.272,4.579,-4.614,325,385,0,0,0,0
447.342,478.658,4.579,-4.614,325,385,0,0,0,0
451.921,474.044,4.579,-4.614,325,385,0,0,0,0
456.499,469.431,4.579,-4.614,325,385,0,0,0,0
461.078,464.817,4.579,-4.614,325,385,0,0,0,0
465.657,460.203,4.579,-4.614,325,385,0,0,0,0
470.235,455.59,4.579,-4.614,320,385,-1,0,0,0
474.814,450.976,4.579,-4.614,315,385,-1,0,0,0
479.393,446.362,4.579,-4.614,310,385,-1,0,0,0
483.971,441.749,4.579,-4.614,305,385,-1,0,0,0
488.55,437.135,4.579,-4.614,300,385,-1,0,0,0
493.128,432.521,4.579,-4.614,295,385,-1,0,0,0
497.707,427.908,4.579,-4.614,290,385,-1,0,0,0
502.286,423.294,4.579,-4.614,285,380,-1,-1,0,0
506.864,418.68,4.579,-4.614,280,375,-1,-1,0,0
511.443,414.067,4.579,-4.614,275,370,-1,-1,0,0
516.022,409.453,4.579,-4.614,270,365,-1,-1,0,0
520.6,404.839,4.579,-4.614,265,360,-1,-1,0,0
525.179,400.226,4.579,-4.614,260,355,-1,-1,0,0
529.758,395.612,4.579,-4.614,255,350,-1,-1,0,0
534.336,390.998,4.579,-4.614,250,345,-1,-1,0,0
538.915,386.385,4.579,-4.614,245,340,-1,-1,0,0
543.494,381.771,4.579,-4.614,240,335,-1,-1,0,0
548.072,377.157,4.579,-4.614,235,330,-1,-1,0,0
552.651,372.543,4.579,-4.614,230,325,-1,-1,0,0
557.229,367.93,4.579,-4.614,225,320,-1,-1,0,0
561.808,363.316,4.579,-4.614,220,315,-1,-1,0,0
566.387,358.702,4.579,-4.614,215,310,-1,-1,0,0
570.965,354.089,4.579,-4.614,210,305,-1,-1,0,0
575.544,349.475,4.579,-4.614,205,300,-1,-1,0,0
580.123,344.861,4.579,-4.614,200,295,-1,-1,0,0
584.701,340.248,4.579,-4.614,195,290,-1,-1,0,0
589.28,335.634,4.579,-4.614,190,285,-1,-1,0,0
593.859,331.02,4.579,-4.614,185,280,-1,-1,0,0
598.437,326.407,4.579,-4.614,185,275,0,-1,0,0
603.016,321.793,4.579,-4.614,185,270,0,-1,0,0
607.595,317.179,4.579,-4.614,185,265,0,-1,0,0
612.173,312.566,4.579,-4.614,185,260,0,-1,0,0
616.752,307.952,4.579,-4.614,185,255,0,-1,0,0
621.33,303.338,4.579,-4.614,185,250,0,-1,0,0
625.909,298.725,4.579,-4.614,185,245,0,-1,0,0
630.488,294.111,4.579,-4.614,185,240,0,-1,0,0
635.066,289.497,4.579,-4.614,185,235,0,-1,0,0
639.645,284.884,4.579,-4.614,185,230,0,-1,0,0
644.224,280.27,4.579,-4.614,180,225,-1,-1,0,0
648.802,275.656,4.579,-4.614,175,220,-1,-1,0,0
653.381,271.043,4.579,-4.614,170,215,-1,-1,0,0
657.96,266.429,4.579,-4.614,165,210,-1,-1,0,0
662.538,261.815,4.579,-4.614,160,205,-1,-1,0,0
667.117,257.202,4.579,-4.614,155,200,-1,-1,0,0
671.696,252.588,4.579,-4.614,150,195,-1,-1,0,0
676.274,247.974,4.579,-4.614,145,190,-1,-1,0,0
680.853,243.36,4.579,-4.614,140,185,-1,-1,0,0
685.431,238.747,4.579,-4.614,135,185,-1,0,0,0
690.01,234.133,4.579,-4.614,130,185,-1,0,0,0
694.589,229.519,4.579,-4.614,130,185,0,0,0,0
699.167,224.906,4.579,-4.614,130,185,0,0,0,0
703.746,220.292,4.579,-4.614,130,185,0,0,0,0
708.325,215.678,4.579,-4.614,130,185,0,0,0,0
712.903,211.065,4.579,-4.614,130,185,0,0,0,0
717.482,206.451,4.579,-4.614,130,180,0,-1,0,0
722.061,201.837,4.579,-4.614,130,175,0,-1,0,0
726.639,197.224,4.579,-4.614,130,170,0,-1,0,0
731.218,192.61,4.579,-4.614,130,165,0,-1,0,0
735.797,187.996,4.579,-4.614,130,160,0,-1,0,0
740.375,183.383,4.579,-4.614,130,155,0,-1,0,0
744.954,178.769,4.579,-4.614,130,150,0,-1,0,0
749.532,174.155,4.579,-4.614,130,145,0,-1,0,0
751.0,169.542,-6.547,-1.839,130,140,0,-1,0,0
744.453,167.703,-6.547,-1.839,125,135,-1,-1,0,0
737.907,165.864,-6.547,-1.839,120,130,-1,-1,0,0
731.36,164.026,-6.547,-1.839,115,125,-1,-1,0,0
724.813,162.187,-6.547,-1.839,110,120,-1,-1,0,0
718.266,160.348,-6.547,-1.839,105,115,-1,-1,0,0
711.72,158.51,-6.547,-1.839,100,115,-1,0,0,0
705.173,156.671,-6.547,-1.839,95,115,-1,0,0,0
698.626,154.832,-6.547,-1.839,90,115,-1,0,0,0
692.08,152.994,-6.547,-1.839,85,115,-1,0,0,0
685.533,151.155,-6.547,-1.839,80,115,-1,0,0,0
678.986,149.316,-6.547,-1.839,75,115,-1,0,0,0
672.44,147.478,-6.547,-1.839,70,115,-1,0,0,0
665.893,145.639,-6.547,-1.839,65,115,-1,0,0,0
659.346,143.8,-6.547,-1.839,60,115,-1,0,0,0
652.799,141.962,-6.547,-1.839,55,115,-1,0,0,0
646.253,140.123,-6.547,-1.839,50,115,-1,0,0,0
639.706,138.284,-6.547,-1.839,45,115,-1,0,0,0
633.159,136.446,-6.547,-1.839,40,115,-1,0,0,0
626.613,134.607,-6.547,-1.839,35,115,-1,0,0,0
620.066,132.769,-6.547,-1.839,30,115,-1,0,0,0
613.519,130.93,-6.547,-1.839,30,115,0,0,0,0
606.973,129.091,-6.547,-1.839,30,115,0,0,0,0
600.426,127.253,-6.547,-1.839,30,115,0,0,0,0
593.879,125.414,-6.547,-1.839,30,115,0,0,0,0
587.332,123.575,-6.547,-1.839,30,115,0,0,0,0
580.786,121.737,-6.547,-1.839,30,115,0,0,0,0
574.239,119.898,-6.547,-1.839,30,115,0,0,0,0
567.692,118.059,-6.547,-1.839,30,115,0,0,0,0
561.146,116.221,-6.547,-1.839,30,115,0,0,0,0
554.599,114.382,-6.547,-1.839,30,115,0,0,0,0
548.052,112.543,-6.547,-1.839,30,115,0,0,0,0
541.505,110.705,-6.547,-1.839,30,115,0,0,0,0
534.959,108.866,-6.547,-1.839,30,115,0,0,0,0
528.412,107.027,-6.547,-1.839,30,115,0,0,0,0
521.865,105.189,-6.547,-1.839,30,115,0,0,0,0
515.319,103.35,-6.547,-1.839,30,115,0,0,0,0
508.772,101.511,-6.547,-1.839,30,115,0,0,0,0
502.225,99.673,-6.547,-1.839,30,115,0,0,0,0
495.679,97.834,-6.547,-1.839,30,115,0,0,0,0
489.132,95.995,-6.547,-1.839,30,115,0,0,0,0
482.585,94.157,-6.547,-1.839,30,115,0,0,0,0
476.038,92.318,-6.547,-1.839,30,115,0,0,0,0
469.492,90.479,-6.547,-1.839,30,115,0,0,0,0
462.945,88.641,-6.547,-1.839,30,115,0,0,0,0
456.398,86.802,-6.547,-1.839,30,115,0,0,0,0
449.852,84.963,-6.547,-1.839,30,115,0,0,0,0
443.305,83.125,-6.547,-1.839,30,115,0,0,0,0
436.758,81.286,-6.547,-1.839,30,115,0,0,0,0
430.211,79.447,-6.547,-1.839,30,115,0,0,0,0
423.665,77.609,-6.547,-1.839,30,115,0,0,0,0
417.118,75.77,-6.547,-1.839,30,115,0,0,0,0
410.571,73.931,-6.547,-1.839,30,115,0,0,0,0
404.025,72.093,-6.547,-1.839,30,115,0,0,0,0
397.478,70.254,-6.547,-1.839,30,115,0,0,0,0
390.931,68.415,-6.547,-1.839,30,115,0,0,0,0
384.385,66.577,-6.547,-1.839,30,115,0,0,0,0
377.838,64.738,-6.547,-1.839,30,115,0,0,0,0
371.291,62.9,-6.547,-1.839,30,115,0,0,0,0
364.744,61.061,-6.547,-1.839,25,115,-1,0,0,0
358.198,59.222,-6.547,-1.839,20,115,-1,0,0,0
351.651,57.384,-6.547,-1.839,15,115,-1,0,0,0
345.104,55.545,-6.547,-1.839,10,115,-1,0,0,0
338.558,53.706,-6.547,-1.839,10,115,0,0,0,0
332.011,51.868,-6.547,-1.839,10,115,0,0,0,0
325.464,50.029,-6.547,-1.839,10,115,0,0,0,0
318.918,48.19,-6.547,-1.839,10,115,0,0,0,0
312.371,46.352,-6.547,-1.839,10,115,0,0,0,0
305.824,44.513,-6.547,-1.839,10,115,0,0,0,0
299.277,42.674,-6.547,-1.839,10,115,0,0,0,0
292.731,40.836,-6.547,-1.839,10,115,0,0,0,0
286.184,38.997,-6.547,-1.839,10,115,0,0,0,0
279.637,37.158,-6.547,-1.839,10,115,0,0,0,0
273.091,35.32,-6.547,-1.839,10,115,0,0,0,0
266.544,33.481,-6.547,-1.839,10,115,0,0,0,0
259.997,31.642,-6.547,-1.839,10,115,0,0,0,0
253.45,29.804,-6.547,-1.839,10,115,0,0,0,0
246.904,27.965,-6.547,-1.839,10,115,0,0,0,0
240.357,26.126,-6.547,-1.839,10,115,0,0,0,0
233.81,24.288,-6.547,-1.839,10,115,0,0,0,0
227.264,22.449,-6.547,-1.839,10,115,0,0,0,0
220.717,20.61,-6.547,-1.839,10,115,0,0,0,0
214.17,18.772,-6.547,-1.839,10,115,0,0,0,0
207.624,16.933,-6.547,-1.839,10,115,0,0,0,0
201.077,15.094,-6.547,-1.839,10,115,0,0,0,0
194.53,13.256,-6.547,-1.839,10,115,0,0,0,0
187.983,11.417,-6.547,-1.839,10,115,0,0,0,0
181.437,9.578,-6.547,-1.839,10,115,0,0,0,0
174.89,7.74,-6.547,-1.839,10,115,0,0,0,0
168.343,6.0,-6.547,1.839,10,115,0,0,0,0
161.797,7.839,-6.547,1.839,10,115,0,0,0,0
155.25,9.677,-6.547,1.839,10,115,0,0,0,0
148.703,11.516,-6.547,1.839,10,115,0,0,0,0
142.156,13.355,-6.547,1.839,10,115,0,0,0,0
135.61,15.193,-6.547,1.839,10,115,0,0,0,0
129.063,17.032,-6.547,1.839,10,115,0,0,0,0
122.516,18.871,-6.547,1.839,10,115,0,0,0,0
115.97,20.709,-6.547,1.839,10,115,0,0,0,0
109.423,22.548,-6.547,1.839,10,115,0,0,0,0
102.876,24.387,-6.547,1.839,10,115,0,0,0,0
96.33,26.225,-6.547,1.839,10,115,0,0,0,0
89.783,28.064,-6.547,1.839,10,115,0,0,0,0
83.236,29.903,-6.547,1.839,10,115,0,0,0,0
76.689,31.741,-6.547,1.839,10,115,0,0,0,0
70.143,33.58,-6.547,1.839,10,115,0,0,0,0
63.596,35.419,-6.547,1.839,10,115,0,0,0,0
57.049,37.257,-6.547,1.839,10,115,0,0,0,0
50.503,39.096,-6.547,1.839,10,115,0,0,0,0
49.0,40.934,6.901,-1.669,10,115,0,0,0,0
55.901,39.265,6.901,-1.669,10,115,0,0,0,0
62.802,37.596,6.901,-1.669,10,115,0,0,0,0
69.703,35.927,6.901,-1.669,10,115,0,0,0,0
76.604,34.257,6.901,-1.669,10,115,0,0,0,0
83.505,32.588,6.901,-1.669,10,115,0,0,0,0
90.406,30.919,6.901,-1.669,10,115,0,0,0,0
97.307,29.249,6.901,-1.669,10,115,0,0,0,0
104.208,27.58,6.901,-1.669,10,115,0,0,0,0
111.109,25.911,6.901,-1.669,10,115,0,0,0,0
118.01,24.241,6.901,-1.669,10,115,0,0,0,0
124.911,22.572,6.901,-1.669,10,115,0,0,0,0
131.812,20.903,6.901,-1.669,15,115,1,0,0,0
138.713,19.234,6.901,-1.669,20,115,1,0,0,0
145.614,17.564,6.901,-1.669,25,115,1,0,0,0
152.515,15.895,6.901,-1.669,30,115,1,0,0,0
159.416,14.226,6.901,-1.669,35,115,1,0,0,0
166.317,12.556,6.901,-1.669,40,115,1,0,0,0
173.218,10.887,6.901,-1.669,45,115,1,0,0,0
180.118,9.218,6.901,-1.669,50,115,1,0,0,0
187.019,7.548,6.901,-1.669,55,115,1,0,0,0
193.92,6.0,6.901,1.669,60,115,1,0,0,0
200.821,7.669,6.901,1.669,65,115,1,0,0,0
207.722,9.339,6.901,1.669,70,115,1,0,0,0
214.623,11.008,6.901,1.669,75,115,1,0,0,0
221.524,12.677,6.901,1.669,80,115,1,0,0,0
228.425,14.346,6.901,1.669,85,115,1,0,0,0
235.326,16.016,6.901,1.669,90,115,1,0,0,0
242.227,17.685,6.901,1.669,95,115,1,0,0,0
249.128,19.354,6.901,1.669,100,115,1,0,0,0
256.029,21.024,6.901,1.669,105,115,1,0,0,0
262.93,22.693,6.901,1.669,110,115,1,0,0,0
269.831,24.362,6.901,1.669,115,115,1,0,0,0
276.732,26.032,6.901,1.669,120,115,1,0,0,0
283.633,27.701,6.901,1.669,120,115,0,0,0,0
290.534,29.37,6.901,1.669,120,115,0,0,0,0
297.435,31.039,6.901,1.669,120,115,0,0,0,0
304.336,32.709,6.901,1.669,120,115,0,0,0,0
311.237,34.378,6.901,1.669,120,115,0,0,0,0
318.138,36.047,6.901,1.669,120,115,0,0,0,0
325.039,37.717,6.901,1.669,120,115,0,0,0,0
331.94,39.386,6.901,1.669,120,115,0,0,0,0
338.841,41.055,6.901,1.669,120,115,0,0,0,0
345.742,42.725,6.901,1.669,120,115,0,0,0,0
352.643,44.394,6.901,1.669,120,115,0,0,0,0
359.544,46.063,6.901,1.669,120,115,0,0,0,0
366.445,47.732,6.901,1.669,120,115,0,0,0,0
373.346,49.402,6.901,1.669,120,115,0,0,0,0
380.247,51.071,6.901,1.669,120,115,0,0,0,0
387.148,52.74,6.901,1.669,120,115,0,0,0,0
394.049,54.41,6.901,1.669,120,115,0,0,0,0
400.95,56.079,6.901,1.669,120,115,0,0,0,0
407.851,57.748,6.901,1.669,120,115,0,0,0,0
414.752,59.418,6.901,1.669,120,115,0,0,0,0
421.653,61.087,6.901,1.669,120,115,0,0,0,0
428.554,62.756,6.901,1.669,120,115,0,0,0,0
435.455,64.425,6.901,1.669,120,115,0,0,0,0
442.355,66.095,6.901,1.669,120,115,0,0,0,0
449.256,67.764,6.901,1.669,120,115,0,0,0,0
456.157,69.433,6.901,1.669,120,115,0,0,0,0
463.058,71.103,6.901,1.669,120,115,0,0,0,0
469.959,72.772,6.901,1.669,120,115,0,0,0,0
476.86,74.441,6.901,1.669,120,115,0,0,0,0
483.761,76.111,6.901,1.669,120,115,0,0,0,0
490.662,77.78,6.901,1.669,120,115,0,0,0,0
497.563,79.449,6.901,1.669,120,115,0,0,0,0
504.464,81.118,6.901,1.669,120,115,0,0,0,0
511.365,82.788,6.901,1.669,120,115,0,0,0,0
518.266,84.457,6.901,1.669,120,115,0,0,0,0
525.167,86.126,6.901,1.669,120,115,0,0,0,0
532.068,87.796,6.901,1.669,120,115,0,0,0,0
538.969,89.465,6.901,1.669,120,115,0,0,0,0
545.87,91.134,6.901,1.669,120,115,0,0,0,0
552.771,92.804,6.901,1.669,120,115,0,0,0,0
559.672,94.473,6.901,1.669,120,115,0,0,0,0
566.573,96.142,6.901,1.669,120,115,0,0,0,0
573.474,97.811,6.901,1.669,120,115,0,0,0,0
580.375,99.481,6.901,1.669,120,115,0,0,0,0
587.276,101.15,6.901,1.669,120,115,0,0,0,0
594.177,102.819,6.901,1.669,120,115,0,0,0,0
601.078,104.489,6.901,1.669,120,115,0,0,0,0
607.979,106.158,6.901,1.669,120,115,0,0,0,0
614.88,107.827,6.901,1.669,120,115,0,0,0,0
621.781,109.497,6.901,1.669,120,120,0,1,0,0
628.682,111.166,6.901,1.669,120,125,0,1,0,0
635.583,112.835,6.901,1.669,120,130,0,1,0,0
642.484,114.504,6.901,1.669,120,135,0,1,0,0
649.385,116.174,6.901,1.669,120,140,0,1,0,0
656.286,117.843,6.901,1.669,120,145,0,1,0,0
663.187,119.512,6.901,1.669,120,150,0,1,0,0
670.088,121.182,6.901,1.669,120,155,0,1,0,0
676.989,122.851,6.901,1.669,120,160,0,1,0,0
683.89,124.52,6.901,1.669,120,165,0,1,0,0
690.791,126.19,6.901,1.669,120,170,0,1,0,0
697.692,127.859,6.901,1.669,120,175,0,1,0,0
704.592,129.528,6.901,1.669,120,180,0,1,0,0
711.493,131.197,6.901,1.669,120,185,0,1,0,0
718.394,132.867,6.901,1.669,120,190,0,1,0,0
725.295,134.536,6.901,1.669,120,190,0,0,0,0
732.196,136.205,6.901,1.669,120,190,0,0,0,0
739.097,137.875,6.901,1.669,120,190,0,0,0,0
745.998,139.544,6.901,1.669,120,190,0,0,0,0
752.899,141.213,6.901,1.669,120,190,0,0,0,0
759.8,142.883,6.901,1.669,120,190,0,0,0,0
766.701,144.552,6.901,1.669,120,190,0,0,0,0
773.602,146.221,6.901,1.669,120,185,0,-1,0,0
780.503,147.89,6.901,1.669,120,180,0,-1,0,0
787.404,149.56,6.901,1.669,120,175,0,-1,0,0
794.305,151.229,6.901,1.669,120,170,0,-1,0,0
801.206,152.898,6.901,1.669,120,165,0,-1,0,0
400.0,300.0,-4.923,0.873,120,160,0,-1,1,0
395.077,300.873,-4.923,0.873,120,155,0,-1,0,0
390.154,301.747,-4.923,0.873,120,155,0,0,0,0
385.231,302.62,-4.923,0.873,120,155,0,0,0,0
380.308,303.494,-4.923,0.873,120,155,0,0,0,0
375.384,304.367,-4.923,0.873,120,155,0,0,0,0
370.461,305.241,-4.923,0.873,120,155,0,0,0,0
365.538,306.114,-4.923,0.873,120,155,0,0,0,0
360.615,306.988,-4.923,0.873,120,155,0,0,0,0
355.692,307.861,-4.923,0.873,120,155,0,0,0,0
350.769,308.735,-4.923,0.873,120,155,0,0,0,0
345.846,309.608,-4.923,0.873,120,155,0,0,0,0
340.923,310.482,-4.923,0.873,120,155,0,0,0,0
336.0,311.355,-4.923,0.873,120,155,0,0,0,0
331.076,312.229,-4.923,0.873,120,155,0,0,0,0
326.153,313.102,-4.923,0.873,120,155,0,0,0,0
321.23,313.976,-4.923,0.873,120,155,0,0,0,0
316.307,314.849,-4.923,0.873,120,155,0,0,0,0
311.384,315.723,-4.923,0.873,120,155,0,0,0,0
306.461,316.596,-4.923,0.873,120,155,0,0,0,0
301.538,317.47,-4.923,0.873,120,155,0,0,0,0
296.615,318.343,-4.923,0.873,120,155,0,0,0,0
291.692,319.217,-4.923,0.873,120,155,0,0,0,0
286.768,320.09,-4.923,0.873,120,155,0,0,0,0
281.845,320.964,-4.923,0.873,120,155,0,0,0,0
276.922,321.837,-4.923,0.873,120,155,0,0,0,0
271.999,322.711,-4.923,0.873,120,155,0,0,0,0
267.076,323.584,-4.923,0.873,120,155,0,0,0,0
262.153,324.458,-4.923,0.873,120,155,0,0,0,0
257.23,325.331,-4.923,0.873,120,155,0,0,0,0
252.307,326.205,-4.923,0.873,120,155,0,0,0,0
247.384,327.078,-4.923,0.873,120,155,0,0,0,0
242.46,327.952,-4.923,0.873,120,155,0,0,0,0
237.537,328.825,-4.923,0.873,120,155,0,0,0,0
232.614,329.699,-4.923,0.873,120,155,0,0,0,0
227.691,330.572,-4.923,0.873,120,155,0,0,0,0
222.768,331.446,-4.923,0.873,120,155,0,0,0,0
217.845,332.319,-4.923,0.873,120,155,0,0,0,0
212.922,333.193,-4.923,0.873,120,155,0,0,0,0
207.999,334.066,-4.923,0.873,125,155,1,0,0,0
203.076,334.94,-4.923,0.873,130,155,1,0,0,0
198.152,335.813,-4.923,0.873,135,155,1,0,0,0
193.229,336.687,-4.923,0.873,140,155,1,0,0,0
188.306,337.56,-4.923,0.873,145,155,1,0,0,0
183.383,338.434,-4.923,0.873,150,155,1,0,0,0
178.46,339.307,-4.923,0.873,155,155,1,0,0,0
173.537,340.181,-4.923,0.873,160,155,1,0,0,0
168.614,341.054,-4.923,0.873,165,155,1,0,0,0
163.691,341.927,-4.923,0.873,170,155,1,0,0,0
158.768,342.801,-4.923,0.873,175,155,1,0,0,0
153.844,343.674,-4.923,0.873,180,155,1,0,0,0
148.921,344.548,-4.923,0.873,185,155,1,0,0,0
143.998,345.421,-4.923,0.873,190,155,1,0,0,0
139.075,346.295,-4.923,0.873,195,155,1,0,0,0
134.152,347.168,-4.923,0.873,200,155,1,0,0,0
129.229,348.042,-4.923,0.873,205,155,1,0,0,0
124.306,348.915,-4.923,0.873,210,155,1,0,0,0
119.383,349.789,-4.923,0.873,215,155,1,0,0,0
114.46,350.662,-4.923,0.873,220,155,1,0,0,0
109.536,351.536,-4.923,0.873,225,155,1,0,0,0
104.613,352.409,-4.923,0.873,230,155,1,0,0,0
99.69,353.283,-4.923,0.873,235,155,1,0,0,0
94.767,354.156,-4.923,0.873,240,155,1,0,0,0
89.844,355.03,-4.923,0.873,245,155,1,0,0,0
84.921,355.903,-4.923,0.873,250,155,1,0,0,0
79.998,356.777,-4.923,0.873,255,155,1,0,0,0
75.075,357.65,-4.923,0.873,260,155,1,0,0,0
70.152,358.524,-4.923,0.873,265,155,1,0,0,0
65.228,359.397,-4.923,0.873,270,155,1,0,0,0
60.305,360.271,-4.923,0.873,275,155,1,0,0,0
55.382,361.144,-4.923,0.873,280,155,1,0,0,0
50.459,362.018,-4.923,0.873,285,155,1,0,0,0
49.0,362.891,3.454,4.02,290,155,1,0,0,0
52.454,366.912,3.454,4.02,295,155,1,0,0,0
55.907,370.932,3.454,4.02,300,155,1,0,0,0
59.361,374.952,3.454,4.02,305,155,1,0,0,0
62.814,378.973,3.454,4.02,310,155,1,0,0,0
66.268,382.993,3.454,4.02,315,155,1,0,0,0
69.721,387.013,3.454,4.02,320,155,1,0,0,0
73.175,391.034,3.454,4.02,325,155,1,0,0,0
76.628,395.054,3.454,4.02,330,155,1,0,0,0
80.082,399.074,3.454,4.02,335,155,1,0,0,0
83.535,403.095,3.454,4.02,340,155,1,0,0,0
86.989,407.115,3.454,4.02,345,155,1,0,0,0
90.442,411.135,3.454,4.02,350,155,1,0,0,0
93.896,415.156,3.454,4.02,355,155,1,0,0,0
97.35,419.176,3.454,4.02,360,155,1,0,0,0
100.803,423.196,3.454,4.02,365,155,1,0,0,0
104.257,427.217,3.454,4.02,370,155,1,0,0,0
107.71,431.237,3.454,4.02,375,155,1,0,0,0
111.164,435.257,3.454,4.02,380,155,1,0,0,0
114.617,439.278,3.454,4.02,385,155,1,0,0,0
118.071,443.298,3.454,4.02,390,155,1,0,0,0
121.524,447.318,3.454,4.02,395,155,1,0,0,0
124.978,451.339,3.454,4.02,400,155,1,0,0,0
128.431,455.359,3.454,4.02,405,155,1,0,0,0
131.885,459.379,3.454,4.02,410,155,1,0,0,0
135.338,463.4,3.454,4.02,415,155,1,0,0,0
138.792,467.42,3.454,4.02,420,155,1,0,0,0
142.246,471.44,3.454,4.02,425,155,1,0,0,0
145.699,475.461,3.454,4.02,430,155,1,0,0,0
149.153,479.481,3.454,4.02,435,155,1,0,0,0
152.606,483.501,3.454,4.02,440,155,1,0,0,0
156.06,487.522,3.454,4.02,445,155,1,0,0,0
159.513,491.542,3.454,4.02,445,155,0,0,0,0
162.967,495.562,3.454,4.02,445,155,0,0,0,0
166.42,499.583,3.454,4.02,445,160,0,1,0,0
169.874,503.603,3.454,4.02,445,165,0,1,0,0
173.327,507.623,3.454,4.02,445,170,0,1,0,0
176.781,511.644,3.454,4.02,445,175,0,1,0,0
180.234,515.664,3.454,4.02,445,180,0,1,0,0
183.688,519.684,3.454,4.02,445,185,0,1,0,0
187.142,523.705,3.454,4.02,445,185,0,0,0,0
190.595,527.725,3.454,4.02,445,185,0,0,0,0
194.049,531.745,3.454,4.02,445,185,0,0,0,0
197.502,535.766,3.454,4.02,445,185,0,0,0,0
200.956,539.786,3.454,4.02,445,185,0,0,0,0
204.409,543.806,3.454,4.02,445,185,0,0,0,0
207.863,547.827,3.454,4.02,445,185,0,0,0,0
211.316,551.847,3.454,4.02,445,185,0,0,0,0
214.77,555.867,3.454,4.02,445,185,0,0,0,0
218.223,559.888,3.454,4.02,445,185,0,0,0,0
221.677,563.908,3.454,4.02,445,185,0,0,0,0
225.13,567.928,3.454,4.02,445,185,0,0,0,0
228.584,571.949,3.454,4.02,445,185,0,0,0,0
232.038,575.969,3.454,4.02,445,185,0,0,0,0
235.491,579.989,3.454,4.02,445,185,0,0,0,0
238.945,584.01,3.454,4.02,445,185,0,0,0,0
242.398,588.03,3.454,4.02,445,185,0,0,0,0
245.852,592.05,3.454,4.02,445,185,0,0,0,0
249.305,594.0,3.454,-4.02,445,185,0,0,0,0
252.759,589.98,3.454,-4.02,445,185,0,0,0,0
256.212,585.959,3.454,-4.02,445,185,0,0,0,0
259.666,581.939,3.454,-4.02,445,185,0,0,0,0
263.119,577.919,3.454,-4.02,445,185,0,0,0,0
266.573,573.898,3.454,-4.02,445,185,0,0,0,0
270.026,569.878,3.454,-4.02,445,185,0,0,0,0
273.48,565.858,3.454,-4.02,445,185,0,0,0,0
276.934,561.837,3.454,-4.02,445,185,0,0,0,0
280.387,557.817,3.454,-4.02,445,185,0,0,0,0
283.841,553.797,3.454,-4.02,445,185,0,0,0,0
287.294,549.776,3.454,-4.02,445,185,0,0,0,0
290.748,545.756,3.454,-4.02,445,185,0,0,0,0
294.201,541.736,3.454,-4.02,445,185,0,0,0,0
297.655,537.715,3.454,-4.02,445,185,0,0,0,0
301.108,533.695,3.454,-4.02,445,185,0,0,0,0
304.562,529.675,3.454,-4.02,445,185,0,0,0,0
308.015,525.654,3.454,-4.02,445,185,0,0,0,0
311.469,521.634,3.454,-4.02,445,185,0,0,0,0
314.922,517.614,3.454,-4.02,445,185,0,0,0,0
318.376,513.593,3.454,-4.02,445,185,0,0,0,0
321.83,509.573,3.454,-4.02,445,185,0,0,0,0
325.283,505.553,3.454,-4.02,445,185,0,0,0,0
328.737,501.532,3.454,-4.02,445,185,0,0,0,0
332.19,497.512,3.454,-4.02,445,185,0,0,0,0
335.644,493.492,3.454,-4.02,445,185,0,0,0,0
339.097,489.471,3.454,-4.02,445,185,0,0,0,0
342.551,485.451,3.454,-4.02,445,185,0,0,0,0
346.004,481.431,3.454,-4.02,445,185,0,0,0,0
349.458,477.41,3.454,-4.02,445,185,0,0,0,0
352.911,473.39,3.454,-4.02,445,185,0,0,0,0
356.365,469.37,3.454,-4.02,445,185,0,0,0,0
359.818,465.349,3.454,-4.02,445,185,0,0,0,0
363.272,461.329,3.454,-4.02,445,185,0,0,0,0
366.726,457.309,3.454,-4.02,445,185,0,0,0,0
370.179,453.288,3.454,-4.02,445,185,0,0,0,0
373.633,449.268,3.454,-4.02,445,185,0,0,0,0
377.086,445.248,3.454,-4.02,445,185,0,0,0,0
380.54,441.227,3.454,-4.02,445,185,0,0,0,0
383.993,437.207,3.454,-4.02,445,185,0,0,0,0
387.447,433.187,3.454,-4.02,445,185,0,0,0,0
390.9,429.166,3.454,-4.02,445,185,0,0,0,0
394.354,425.146,3.454,-4.02,445,185,0,0,0,0
397.807,421.126,3.454,-4.02,445,185,0,0,0,0
401.261,417.105,3.454,-4.02,445,185,0,0,0,0
404.714,413.085,3.454,-4.02,445,185,0,0,0,0
408.168,409.065,3.454,-4.02,445,185,0,0,0,0
411.622,405.044,3.454,-4.02,445,185,0,0,0,0
415.075,401.024,3.454,-4.02,445,185,0,0,0,0
418.529,397.004,3.454,-4.02,445,185,0,0,0,0
421.982,392.983,3.454,-4.02,445,185,0,0,0,0
425.436,388.963,3.454,-4.02,445,185,0,0,0,0
428.889,384.943,3.454,-4.02,445,185,0,0,0,0
432.343,380.922,3.454,-4.02,445,185,0,0,0,0
435.796,376.902,3.454,-4.02,445,185,0,0,0,0
439.25,372.882,3.454,-4.02,445,185,0,0,0,0
442.703,368.861,3.454,-4.02,445,180,0,-1,0,0
446.157,364.841,3.454,-4.02,445,175,0,-1,0,0
449.61,360.821,3.454,-4.02,445,170,0,-1,0,0
453.064,356.8,3.454,-4.02,445,165,0,-1,0,0
456.518,352.78,3.454,-4.02,445,160,0,-1,0,0
459.971,348.76,3.454,-4.02,445,155,0,-1,0,0
463.425,344.739,3.454,-4.02,445,150,0,-1,0,0
466.878,340.719,3.454,-4.02,445,145,0,-1,0,0
470.332,336.699,3.454,-4.02,445,140,0,-1,0,0
473.785,332.678,3.454,-4.02,445,135,0,-1,0,0
477.239,328.658,3.454,-4.02,445,130,0,-1,0,0
480.692,324.638,3.454,-4.02,445,125,0,-1,0,0
484.146,320.617,3.454,-4.02,445,120,0,-1,0,0
487.599,316.597,3.454,-4.02,445,115,0,-1,0,0
491.053,312.577,3.454,-4.02,445,110,0,-1,0,0
494.506,308.556,3.454,-4.02,445,105,0,-1,0,0
497.96,304.536,3.454,-4.02,445,100,0,-1,0,0
501.414,300.516,3.454,-4.02,445,95,0,-1,0,0
504.867,296.495,3.454,-4.02,445,90,0,-1,0,0
508.321,292.475,3.454,-4.02,445,85,0,-1,0,0
511.774,288.455,3.454,-4.02,445,80,0,-1,0,0
515.228,284.434,3.454,-4.02,445,80,0,0,0,0
518.681,280.414,3.454,-4.02,445,80,0,0,0,0
522.135,276.394,3.454,-4.02,445,80,0,0,0,0
525.588,272.373,3.454,-4.02,445,80,0,0,0,0
529.042,268.353,3.454,-4.02,445,80,0,0,0,0
532.495,264.333,3.454,-4.02,445,80,0,0,0,0
535.949,260.312,3.454,-4.02,445,80,0,0,0,0
539.402,256.292,3.454,-4.02,445,80,0,0,0,0
542.856,252.272,3.454,-4.02,445,80,0,0,0,0
546.309,248.251,3.454,-4.02,445,80,0,0,0,0
549.763,244.231,3.454,-4.02,445,80,0,0,0,0
553.217,240.211,3.454,-4.02,445,80,0,0,0,0
556.67,236.19,3.454,-4.02,445,80,0,0,0,0
560.124,232.17,3.454,-4.02,445,80,0,0,0,0
563.577,228.15,3.454,-4.02,445,80,0,0,0,0
567.031,224.129,3.454,-4.02,445,80,0,0,0,0
570.484,220.109,3.454,-4.02,445,80,0,0,0,0
573.938,216.089,3.454,-4.02,445,80,0,0,0,0
577.391,212.068,3.454,-4.02,445,80,0,0,0,0
580.845,208.048,3.454,-4.02,445,80,0,0,0,0
584.298,204.028,3.454,-4.02,445,80,0,0,0,0
587.752,200.007,3.454,-4.02,445,80,0,0,0,0
591.205,195.987,3.454,-4.02,445,80,0,0,0,0
594.659,191.967,3.454,-4.02,445,80,0,0,0,0
598.113,187.946,3.454,-4.02,445,80,0,0,0,0
601.566,183.926,3.454,-4.02,445,80,0,0,0,0
605.02,179.906,3.454,-4.02,445,80,0,0,0,0
608.473,175.885,3.454,-4.02,445,80,0,0,0,0
611.927,171.865,3.454,-4.02,445,80,0,0,0,0
615.38,167.845,3.454,-4.02,445,80,0,0,0,0
618.834,163.824,3.454,-4.02,445,80,0,0,0,0
622.287,159.804,3.454,-4.02,445,80,0,0,0,0
625.741,155.784,3.454,-4.02,445,75,0,-1,0,0
629.194,151.763,3.454,-4.02,445,70,0,-1,0,0
632.648,147.743,3.454,-4.02,445,65,0,-1,0,0
636.101,143.723,3.454,-4.02,445,60,0,-1,0,0
639.555,139.702,3.454,-4.02,440,55,-1,-1,0,0
643.009,135.682,3.454,-4.02,435,50,-1,-1,0,0
646.462,131.662,3.454,-4.02,430,45,-1,-1,0,0
649.916,127.641,3.454,-4.02,425,40,-1,-1,0,0
653.369,123.621,3.454,-4.02,420,35,-1,-1,0,0
656.823,119.601,3.454,-4.02,415,30,-1,-1,0,0
660.276,115.58,3.454,-4.02,410,25,-1,-1,0,0
663.73,111.56,3.454,-4.02,405,20,-1,-1,0,0
667.183,107.54,3.454,-4.02,400,15,-1,-1,0,0
670.637,103.519,3.454,-4.02,395,10,-1,-1,0,0
674.09,99.499,3.454,-4.02,390,5,-1,-1,0,0
677.544,95.479,3.454,-4.02,385,0,-1,-1,0,0
680.997,91.458,3.454,-4.02,380,0,-1,-1,0,0
684.451,87.438,3.454,-4.02,375,0,-1,-1,0,0
687.905,83.418,3.454,-4.02,370,0,-1,0,0,0
691.358,79.397,3.454,-4.02,365,0,-1,0,0,0
694.812,75.377,3.454,-4.02,360,0,-1,-1,0,0
698.265,71.357,3.454,-4.02,360,0,0,-1,0,0
701.719,67.336,3.454,-4.02,360,0,0,-1,0,0
705.172,63.316,3.454,-4.02,360,0,0,-1,0,0
708.626,59.296,3.454,-4.02,360,0,0,-1,0,0
712.079,55.275,3.454,-4.02,360,0,0,0,0,0
715.533,51.255,3.454,-4.02,360,0,0,0,0,0
718.986,47.235,3.454,-4.02,360,0,0,0,0,0
722.44,43.214,3.454,-4.02,360,0,0,0,0,0
725.893,39.194,3.454,-4.02,360,0,0,0,0,0
729.347,35.174,3.454,-4.02,360,0,0,0,0,0
732.801,31.153,3.454,-4.02,360,0,0,0,0,0
736.254,27.133,3.454,-4.02,360,0,0,0,0,0
739.708,23.113,3.454,-4.02,360,0,0,0,0,0
743.161,19.092,3.454,-4.02,360,0,0,0,0,0
746.615,15.072,3.454,-4.02,360,0,0,0,0,0
750.068,11.052,3.454,-4.02,355,0,-1,0,0,0
751.0,7.031,-3.64,-4.255,350,0,-1,0,0,0
747.36,6.0,-3.64,4.255,345,0,-1,0,0,0
743.719,10.255,-3.64,4.255,340,0,-1,0,0,0
740.079,14.511,-3.64,4.255,335,0,-1,0,0,0
736.438,18.766,-3.64,4.255,330,0,-1,0,0,0
732.798,23.021,-3.64,4.255,325,0,-1,0,0,0
729.158,27.276,-3.64,4.255,320,0,-1,0,0,0
725.517,31.532,-3.64,4.255,315,0,-1,0,0,0
721.877,35.787,-3.64,4.255,310,0,-1,0,0,0
718.236,40.042,-3.64,4.255,305,0,-1,0,0,0
714.596,44.298,-3.64,4.255,300,0,-1,0,0,0
710.955,48.553,-3.64,4.255,295,0,-1,0,0,0
707.315,52.808,-3.64,4.255,290,0,-1,0,0,0
703.675,57.063,-3.64,4.255,285,0,-1,0,0,0
700.034,61.319,-3.64,4.255,280,0,-1,0,0,0
696.394,65.574,-3.64,4.255,275,0,-1,0,0,0
692.753,69.829,-3.64,4.255,270,0,-1,0,0,0
689.113,74.084,-3.64,4.255,265,0,-1,0,0,0
685.473,78.34,-3.64,4.255,260,0,-1,0,0,0
681.832,82.595,-3.64,4.255,255,0,-1,0,0,0
678.192,86.85,-3.64,4.255,250,0,-1,0,0,0
674.551,91.106,-3.64,4.255,245,0,-1,0,0,0
670.911,95.361,-3.64,4.255,240,0,-1,0,0,0
667.27,99.616,-3.64,4.255,235,0,-1,0,0,0
663.63,103.871,-3.64,4.255,230,0,-1,0,0,0
659.99,108.127,-3.64,4.255,225,0,-1,0,0,0
656.349,112.382,-3.64,4.255,220,0,-1,0,0,0
652.709,116.637,-3.64,4.255,215,0,-1,0,0,0
649.068,120.893,-3.64,4.255,210,0,-1,0,0,0
645.428,125.148,-3.64,4.255,205,0,-1,0,0,0
641.788,129.403,-3.64,4.255,200,0,-1,0,0,0
638.147,133.658,-3.64,4.255,195,0,-1,0,0,0
634.507,137.914,-3.64,4.255,190,0,-1,0,0,0
630.866,142.169,-3.64,4.255,185,0,-1,0,0,0
627.226,146.424,-3.64,4.255,180,0,-1,0,0,0
623.586,150.679,-3.64,4.255,175,0,-1,0,0,0
619.945,154.935,-3.64,4.255,175,0,0,0,0,0
616.305,159.19,-3.64,4.255,175,0,0,0,0,0
612.664,163.445,-3.64,4.255,175,0,0,0,0,0
609.024,167.701,-3.64,4.255,175,0,0,0,0,0
605.383,171.956,-3.64,4.255,175,0,0,0,0,0
601.743,176.211,-3.64,4.255,175,0,0,0,0,0
598.103,180.466,-3.64,4.255,175,0,0,0,0,0
594.462,184.722,-3.64,4.255,175,0,0,0,0,0
590.822,188.977,-3.64,4.255,175,0,0,0,0,0
587.181,193.232,-3.64,4.255,180,0,1,0,0,0
583.541,197.488,-3.64,4.255,185,0,1,0,0,0
579.901,201.743,-3.64,4.255,190,0,1,0,0,0
576.26,205.998,-3.64,4.255,195,0,1,0,0,0
572.62,210.253,-3.64,4.255,200,0,1,0,0,0
568.979,214.509,-3.64,4.255,205,0,1,0,0,0
565.339,218.764,-3.64,4.255,210,0,1,0,0,0
561.699,223.019,-3.64,4.255,215,0,1,0,0,0
558.058,227.274,-3.64,4.255,220,0,1,0,0,0
554.418,231.53,-3.64,4.255,225,0,1,0,0,0
550.777,235.785,-3.64,4.255,230,0,1,0,0,0
547.137,240.04,-3.64,4.255,235,0,1,0,0,0
543.496,244.296,-3.64,4.255,240,0,1,0,0,0
539.856,248.551,-3.64,4.255,245,0,1,0,0,0
536.216,252.806,-3.64,4.255,250,0,1,0,0,0
532.575,257.061,-3.64,4.255,255,0,1,0,0,0
528.935,261.317,-3.64,4.255,260,0,1,0,0,0
525.294,265.572,-3.64,4.255,265,0,1,0,0,0
521.654,269.827,-3.64,4.255,270,0,1,0,0,0
518.014,274.083,-3.64,4.255,275,0,1,0,0,0
514.373,278.338,-3.64,4.255,280,0,1,0,0,0
510.733,282.593,-3.64,4.255,285,0,1,0,0,0
507.092,286.848,-3.64,4.255,290,0,1,0,0,0
503.452,291.104,-3.64,4.255,295,0,1,0,0,0
499.811,295.359,-3.64,4.255,300,0,1,0,0,0
496.171,299.614,-3.64,4.255,305,0,1,0,0,0
492.531,303.869,-3.64,4.255,310,0,1,0,0,0
488.89,308.125,-3.64,4.255,315,0,1,0,0,0
485.25,312.38,-3.64,4.255,320,0,1,0,0,0
481.609,316.635,-3.64,4.255,325,0,1,-1,0,0
477.969,320.891,-3.64,4.255,330,0,1,-1,0,0
474.329,325.146,-3.64,4.255,335,0,1,-1,0,0
470.688,329.401,-3.64,4.255,340,0,1,-1,0,0
467.048,333.656,-3.64,4.255,345,0,1,-1,0,0
463.407,337.912,-3.64,4.255,350,0,1,0,0,0
459.767,342.167,-3.64,4.255,355,5,1,1,0,0
456.127,346.422,-3.64,4.255,360,10,1,1,0,0
452.486,350.678,-3.64,4.255,365,15,1,1,0,0
448.846,354.933,-3.64,4.255,370,20,1,1,0,0
445.205,359.188,-3.64,4.255,375,25,1,1,0,0
441.565,363.443,-3.64,4.255,380,30,1,1,0,0
437.924,367.699,-3.64,4.255,385,35,1,1,0,0
434.284,371.954,-3.64,4.255,390,40,1,1,0,0
430.644,376.209,-3.64,4.255,395,45,1,1,0,0
427.003,380.464,-3.64,4.255,400,50,1,1,0,0
423.363,384.72,-3.64,4.255,400,55,0,1,0,0
419.722,388.975,-3.64,4.255,400,60,0,1,0,0
416.082,393.23,-3.64,4.255,400,65,0,1,0,0
412.442,397.486,-3.64,4.255,400,70,0,1,0,0
408.801,401.741,-3.64,4.255,400,75,0,1,0,0
405.161,405.996,-3.64,4.255,400,80,0,1,0,0
401.52,410.251,-3.64,4.255,400,85,0,1,0,0
397.88,414.507,-3.64,4.255,400,90,0,1,0,0
394.24,418.762,-3.64,4.255,400,95,0,1,0,0
390.599,423.017,-3.64,4.255,400,100,0,1,0,0
386.959,427.273,-3.64,4.255,400,105,0,1,0,0
383.318,431.528,-3.64,4.255,400,110,0,1,0,0
379.678,435.783,-3.64,4.255,400,115,0,1,0,0
376.037,440.038,-3.64,4.255,400,120,0,1,0,0
372.397,444.294,-3.64,4.255,400,125,0,1,0,0
368.757,448.549,-3.64,4.255,400,130,0,1,0,0
365.116,452.804,-3.64,4.255,400,130,0,0,0,0
361.476,457.059,-3.64,4.255,400,130,0,0,0,0
357.835,461.315,-3.64,4.255,400,130,0,0,0,0
354.195,465.57,-3.64,4.255,400,130,0,0,0,0
350.555,469.825,-3.64,4.255,400,130,0,0,0,0
346.914,474.081,-3.64,4.255,400,130,0,0,0,0
343.274,478.336,-3.64,4.255,400,130,0,0,0,0
339.633,482.591,-3.64,4.255,400,130,0,0,0,0
335.993,486.846,-3.64,4.255,400,130,0,0,0,0
332.352,491.102,-3.64,4.255,400,130,0,0,0,0
328.712,495.357,-3.64,4.255,400,130,0,0,0,0
325.072,499.612,-3.64,4.255,400,130,0,0,0,0
321.431,503.868,-3.64,4.255,400,130,0,0,0,0
317.791,508.123,-3.64,4.255,400,130,0,0,0,0
314.15,512.378,-3.64,4.255,400,130,0,0,0,0
310.51,516.633,-3.64,4.255,400,130,0,0,0,0
306.87,520.889,-3.64,4.255,400,130,0,0,0,0
303.229,525.144,-3.64,4.255,400,130,0,0,0,0
299.589,529.399,-3.64,4.255,400,130,0,0,0,0
295.948,533.654,-3.64,4.255,400,130,0,0,0,0
292.308,537.91,-3.64,4.255,400,130,0,0,0,0
288.668,542.165,-3.64,4.255,400,130,0,0,0,0
285.027,546.42,-3.64,4.255,400,130,0,0,0,0
281.387,550.676,-3.64,4.255,400,130,0,0,0,0
277.746,554.931,-3.64,4.255,400,130,0,0,0,0
274.106,559.186,-3.64,4.255,400,130,0,0,0,0
270.465,563.441,-3.64,4.255,400,130,0,0,0,0
266.825,567.697,-3.64,4.255,400,130,0,0,0,0
263.185,571.952,-3.64,4.255,400,130,0,0,0,0
259.544,576.207,-3.64,4.255,400,130,0,0,0,0
255.904,580.463,-3.64,4.255,400,130,0,0,0,0
252.263,584.718,-3.64,4.255,400,130,0,0,0,0
248.623,588.973,-3.64,4.255,400,130,0,0,0,0
244.983,593.228,-3.64,4.255,400,130,0,0,0,0
241.342,594.0,-3.64,-4.255,400,130,0,0,0,0
237.702,589.745,-3.64,-4.255,400,130,0,0,0,0
234.061,585.489,-3.64,-4.255,400,130,0,0,0,0
230.421,581.234,-3.64,-4.255,400,130,0,0,0,0
226.781,576.979,-3.64,-4.255,400,130,0,0,0,0
223.14,572.724,-3.64,-4.255,400,130,0,0,0,0
219.5,568.468,-3.64,-4.255,400,130,0,0,0,0
215.859,564.213,-3.64,-4.255,400,130,0,0,0,0
212.219,559.958,-3.64,-4.255,400,130,0,0,0,0
208.578,555.702,-3.64,-4.255,400,130,0,0,0,0
204.938,551.447,-3.64,-4.255,400,130,0,0,0,0
201.298,547.192,-3.64,-4.255,400,130,0,0,0,0
197.657,542.937,-3.64,-4.255,400,130,0,0,0,0
194.017,538.681,-3.64,-4.255,400,130,0,0,0,0
190.376,534.426,-3.64,-4.255,400,130,0,0,0,0
186.736,530.171,-3.64,-4.255,400,130,0,0,0,0
183.096,525.916,-3.64,-4.255,400,130,0,0,0,0
179.455,521.66,-3.64,-4.255,400,130,0,0,0,0
175.815,517.405,-3.64,-4.255,400,130,0,0,0,0
172.174,513.15,-3.64,-4.255,400,130,0,0,0,0
168.534,508.894,-3.64,-4.255,400,130,0,0,0,0
164.893,504.639,-3.64,-4.255,400,130,0,0,0,0
161.253,500.384,-3.64,-4.255,400,130,0,0,0,0
157.613,496.129,-3.64,-4.255,395,130,-1,0,0,0
153.972,491.873,-3.64,-4.255,390,130,-1,0,0,0
150.332,487.618,-3.64,-4.255,385,130,-1,0,0,0
146.691,483.363,-3.64,-4.255,380,130,-1,0,0,0
143.051,479.107,-3.64,-4.255,375,130,-1,0,0,0
139.411,474.852,-3.64,-4.255,370,130,-1,0,0,0
135.77,470.597,-3.64,-4.255,365,130,-1,0,0,0
132.13,466.342,-3.64,-4.255,360,130,-1,0,0,0
128.489,462.086,-3.64,-4.255,355,130,-1,0,0,0
124.849,457.831,-3.64,-4.255,355,130,0,0,0,0
121.209,453.576,-3.64,-4.255,355,130,0,0,0,0
117.568,449.321,-3.64,-4.255,355,130,0,0,0,0
113.928,445.065,-3.64,-4.255,355,130,0,0,0,0
110.287,440.81,-3.64,-4.255,355,130,0,0,0,0
106.647,436.555,-3.64,-4.255,355,130,0,0,0,0
103.006,432.299,-3.64,-4.255,355,130,0,0,0,0
99.366,428.044,-3.64,-4.255,355,130,0,0,0,0
95.726,423.789,-3.64,-4.255,355,130,0,0,0,0
92.085,419.534,-3.64,-4.255,355,130,0,0,0,0
88.445,415.278,-3.64,-4.255,350,130,-1,0,0,0
84.804,411.023,-3.64,-4.255,345,130,-1,0,0,0
81.164,406.768,-3.64,-4.255,340,130,-1,0,0,0
77.524,402.512,-3.64,-4.255,335,130,-1,0,0,0
73.883,398.257,-3.64,-4.255,335,130,0,0,0,0
70.243,394.002,-3.64,-4.255,335,130,0,0,0,0
66.602,389.747,-3.64,-4.255,335,130,0,0,0,0
62.962,385.491,-3.64,-4.255,335,130,0,0,0,0
59.322,381.236,-3.64,-4.255,335,130,0,0,0,0
55.681,376.981,-3.64,-4.255,335,130,0,0,0,0
52.041,372.726,-3.64,-4.255,335,130,0,0,0,0
48.4,368.47,-3.64,-4.255,335,130,0,0,0,0
49.0,364.215,5.666,-1.644,335,130,0,0,0,0
54.666,362.571,5.666,-1.644,330,130,-1,0,0,0
60.333,360.927,5.666,-1.644,325,130,-1,0,0,0
65.999,359.283,5.666,-1.644,320,130,-1,0,0,0
71.666,357.64,5.666,-1.644,315,130,-1,0,0,0
77.332,355.996,5.666,-1.644,310,130,-1,0,0,0
82.998,354.352,5.666,-1.644,305,130,-1,0,0,0
88.665,352.708,5.666,-1.644,300,130,-1,0,0,0
94.331,351.064,5.666,-1.644,295,130,-1,0,0,0
99.997,349.421,5.666,-1.644,290,130,-1,0,0,0
105.664,347.777,5.666,-1.644,285,130,-1,0,0,0
111.33,346.133,5.666,-1.644,285,130,0,0,0,0
116.997,344.489,5.666,-1.644,285,130,0,0,0,0
122.663,342.845,5.666,-1.644,285,130,0,0,0,0
128.329,341.201,5.666,-1.644,285,130,0,0,0,0
133.996,339.558,5.666,-1.644,285,130,0,0,0,0
139.662,337.914,5.666,-1.644,285,130,0,0,0,0
145.328,336.27,5.666,-1.644,285,130,0,0,0,0
150.995,334.626,5.666,-1.644,285,130,0,0,0,0
156.661,332.982,5.666,-1.644,285,130,0,0,0,0
162.328,331.338,5.666,-1.644,285,130,0,0,0,0
167.994,329.695,5.666,-1.644,285,130,0,0,0,0
173.66,328.051,5.666,-1.644,285,130,0,0,0,0
179.327,326.407,5.666,-1.644,285,130,0,0,0,0
184.993,324.763,5.666,-1.644,285,130,0,0,0,0
190.659,323.119,5.666,-1.644,285,130,0,0,0,0
196.326,321.476,5.666,-1.644,285,130,0,0,0,0
201.992,319.832,5.666,-1.644,285,130,0,0,0,0
207.659,318.188,5.666,-1.644,285,130,0,0,0,0
213.325,316.544,5.666,-1.644,285,130,0,0,0,0
218.991,314.9,5.666,-1.644,285,130,0,0,0,0
224.658,313.256,5.666,-1.644,285,130,0,0,0,0
230.324,311.613,5.666,-1.644,285,130,0,0,0,0
235.99,309.969,5.666,-1.644,285,130,0,0,0,0
241.657,308.325,5.666,-1.644,285,130,0,0,0,0
247.323,306.681,5.666,-1.644,285,135,0,1,0,0
252.99,305.037,5.666,-1.644,285,140,0,1,0,0
258.656,303.393,5.666,-1.644,285,145,0,1,0,0
264.322,301.75,5.666,-1.644,285,150,0,1,0,0
269.989,300.106,5.666,-1.644,285,155,0,1,0,0
275.655,298.462,5.666,-1.644,285,160,0,1,0,0
281.321,296.818,5.666,-1.644,285,165,0,1,0,0
286.988,295.174,5.666,-1.644,285,170,0,1,0,0
292.654,293.53,5.666,-1.644,285,175,0,1,0,0
298.321,291.887,5.666,-1.644,285,180,0,1,0,0
303.987,290.243,5.666,-1.644,285,185,0,1,0,0
309.653,288.599,5.666,-1.644,285,190,0,1,0,0
315.32,286.955,5.666,-1.644,285,195,0,1,0,0
320.986,285.311,5.666,-1.644,285,200,0,1,0,0
326.653,283.668,5.666,-1.644,285,205,0,1,0,0
332.319,282.024,5.666,-1.644,285,210,0,1,0,0
337.985,280.38,5.666,-1.644,285,210,0,0,0,0
343.652,278.736,5.666,-1.644,285,210,0,0,0,0
349.318,277.092,5.666,-1.644,285,210,0,0,0,0
354.984,275.448,5.666,-1.644,285,210,0,0,0,0
360.651,273.805,5.666,-1.644,285,210,0,0,0,0
366.317,272.161,5.666,-1.644,285,210,0,0,0,0
371.984,270.517,5.666,-1.644,285,210,0,0,0,0
377.65,268.873,5.666,-1.644,285,210,0,0,0,0
383.316,267.229,5.666,-1.644,285,210,0,0,0,0
388.983,265.585,5.666,-1.644,285,210,0,0,0,0
394.649,263.942,5.666,-1.644,285,210,0,0,0,0
400.315,262.298,5.666,-1.644,285,210,0,0,0,0
405.982,260.654,5.666,-1.644,285,210,0,0,0,0
411.648,259.01,5.666,-1.644,285,210,0,0,0,0
417.315,257.366,5.666,-1.644,285,210,0,0,0,0
422.981,255.722,5.666,-1.644,285,210,0,0,0,0
428.647,254.079,5.666,-1.644,285,210,0,0,0,0
434.314,252.435,5.666,-1.644,285,210,0,0,0,0
439.98,250.791,5.666,-1.644,285,210,0,0,0,0
445.646,249.147,5.666,-1.644,285,210,0,0,0,0
451.313,247.503,5.666,-1.644,285,210,0,0,0,0
456.979,245.86,5.666,-1.644,285,210,0,0,0,0
462.646,244.216,5.666,-1.644,285,210,0,0,0,0
468.312,242.572,5.666,-1.644,285,210,0,0,0,0
473.978,240.928,5.666,-1.644,285,210,0,0,0,0
479.645,239.284,5.666,-1.644,285,210,0,0,0,0
485.311,237.64,5.666,-1.644,285,210,0,0,0,0
490.977,235.997,5.666,-1.644,285,210,0,0,0,0
496.644,234.353,5.666,-1.644,285,210,0,0,0,0
502.31,232.709,5.666,-1.644,285,210,0,0,0,0
507.977,231.065,5.666,-1.644,285,205,0,-1,0,0
513.643,229.421,5.666,-1.644,285,200,0,-1,0,0
519.309,227.777,5.666,-1.644,285,195,0,-1,0,0
524.976,226.134,5.666,-1.644,285,190,0,-1,0,0
530.642,224.49,5.666,-1.644,285,185,0,-1,0,0
536.308,222.846,5.666,-1.644,285,180,0,-1,0,0
541.975,221.202,5.666,-1.644,285,175,0,-1,0,0
547.641,219.558,5.666,-1.644,285,170,0,-1,0,0
553.308,217.914,5.666,-1.644,285,165,0,-1,0,0
558.974,216.271,5.666,-1.644,285,165,0,0,0,0
564.64,214.627,5.666,-1.644,285,165,0,0,0,0
570.307,212.983,5.666,-1.644,285,165,0,0,0,0
575.973,211.339,5.666,-1.644,285,165,0,0,0,0
581.64,209.695,5.666,-1.644,285,165,0,0,0,0
587.306,208.052,5.666,-1.644,285,165,0,0,0,0
592.972,206.408,5.666,-1.644,285,165,0,0,0,0
598.639,204.764,5.666,-1.644,285,165,0,0,0,0
604.305,203.12,5.666,-1.644,285,165,0,0,0,0
609.971,201.476,5.666,-1.644,285,165,0,0,0,0
615.638,199.832,5.666,-1.644,285,165,0,0,0,0
621.304,198.189,5.666,-1.644,285,165,0,0,0,0
626.971,196.545,5.666,-1.644,285,165,0,0,0,0
632.637,194.901,5.666,-1.644,285,165,0,0,0,0
638.303,193.257,5.666,-1.644,285,165,0,0,0,0
643.97,191.613,5.666,-1.644,285,165,0,0,0,0
649.636,189.969,5.666,-1.644,285,165,0,0,0,0
655.302,188.326,5.666,-1.644,285,165,0,0,0,0
660.969,186.682,5.666,-1.644,285,165,0,0,0,0
666.635,185.038,5.666,-1.644,285,165,0,0,0,0
672.302,183.394,5.666,-1.644,285,165,0,0,0,0
677.968,181.75,5.666,-1.644,285,165,0,0,0,0
683.634,180.106,5.666,-1.644,285,165,0,0,0,0
689.301,178.463,5.666,-1.644,285,165,0,0,0,0
694.967,176.819,5.666,-1.644,285,165,0,0,0,0
700.633,175.175,5.666,-1.644,285,165,0,0,0,0
706.3,173.531,5.666,-1.644,285,165,0,0,0,0
711.966,171.887,5.666,-1.644,285,165,0,0,0,0
717.633,170.244,5.666,-1.644,285,160,0,-1,0,0
723.299,168.6,5.666,-1.644,285,155,0,-1,0,0
728.965,166.956,5.666,-1.644,285,150,0,-1,0,0
734.632,165.312,5.666,-1.644,285,145,0,-1,0,0
740.298,163.668,5.666,-1.644,285,140,0,-1,0,0
745.964,162.024,5.666,-1.644,285,135,0,-1,0,0
751.631,160.381,5.666,-1.644,285,130,0,-1,0,0
751.0,158.737,-6.117,-1.012,285,125,0,-1,0,0
744.883,157.725,-6.117,-1.012,285,120,0,-1,0,0
738.766,156.713,-6.117,-1.012,285,115,0,-1,0,0
732.649,155.701,-6.117,-1.012,285,110,0,-1,0,0
726.533,154.688,-6.117,-1.012,285,105,0,-1,0,0
720.416,153.676,-6.117,-1.012,285,100,0,-1,0,0
714.299,152.664,-6.117,-1.012,285,95,0,-1,0,0
708.182,151.652,-6.117,-1.012,285,90,0,-1,0,0
702.065,150.64,-6.117,-1.012,285,85,0,-1,0,0
695.948,149.628,-6.117,-1.012,285,80,0,-1,0,0
689.832,148.616,-6.117,-1.012,285,75,0,-1,0,0
683.715,147.604,-6.117,-1.012,285,70,0,-1,0,0
677.598,146.592,-6.117,-1.012,285,65,0,-1,0,0
671.481,145.58,-6.117,-1.012,285,65,0,0,0,0
665.364,144.568,-6.117,-1.012,285,65,0,0,0,0
659.247,143.556,-6.117,-1.012,285,65,0,0,0,0
653.131,142.544,-6.117,-1.012,285,65,0,0,0,0
647.014,141.531,-6.117,-1.012,285,65,0,0,0,0
640.897,140.519,-6.117,-1.012,280,65,-1,0,0,0
634.78,139.507,-6.117,-1.012,275,65,-1,0,0,0
628.663,138.495,-6.117,-1.012,270,65,-1,0,0,0
622.546,137.483,-6.117,-1.012,265,65,-1,0,0,0
616.43,136.471,-6.117,-1.012,260,65,-1,0,0,0
610.313,135.459,-6.117,-1.012,255,65,-1,0,0,0
604.196,134.447,-6.117,-1.012,250,65,-1,0,0,0
598.079,133.435,-6.117,-1.012,245,65,-1,0,0,0
591.962,132.423,-6.117,-1.012,240,65,-1,0,0,0
585.845,131.411,-6.117,-1.012,235,65,-1,0,0,0
579.729,130.399,-6.117,-1.012,230,65,-1,0,0,0
573.612,129.387,-6.117,-1.012,225,65,-1,0,0,0
567.495,128.374,-6.117,-1.012,220,65,-1,0,0,0
561.378,127.362,-6.117,-1.012,215,65,-1,0,0,0
555.261,126.35,-6.117,-1.012,210,65,-1,0,0,0
549.144,125.338,-6.117,-1.012,205,65,-1,0,0,0
543.028,124.326,-6.117,-1.012,200,65,-1,0,0,0
536.911,123.314,-6.117,-1.012,195,65,-1,0,0,0
530.794,122.302,-6.117,-1.012,190,65,-1,0,0,0
524.677,121.29,-6.117,-1.012,185,65,-1,0,0,0
518.56,120.278,-6.117,-1.012,180,65,-1,0,0,0
512.443,119.266,-6.117,-1.012,175,65,-1,0,0,0
506.326,118.254,-6.117,-1.012,170,65,-1,0,0,0
500.21,117.242,-6.117,-1.012,165,65,-1,0,0,0
494.093,116.23,-6.117,-1.012,160,65,-1,0,0,0
487.976,115.218,-6.117,-1.012,155,65,-1,0,0,0
481.859,114.205,-6.117,-1.012,150,65,-1,0,0,0
475.742,113.193,-6.117,-1.012,145,65,-1,0,0,0
469.625,112.181,-6.117,-1.012,140,65,-1,0,0,0
463.509,111.169,-6.117,-1.012,135,65,-1,0,0,0
457.392,110.157,-6.117,-1.012,130,65,-1,0,0,0
451.275,109.145,-6.117,-1.012,125,65,-1,0,0,0
445.158,108.133,-6.117,-1.012,120,65,-1,0,0,0
439.041,107.121,-6.117,-1.012,115,65,-1,0,0,0
432.924,106.109,-6.117,-1.012,110,65,-1,0,0,0
426.808,105.097,-6.117,-1.012,105,65,-1,0,0,0
420.691,104.085,-6.117,-1.012,100,65,-1,0,0,0
414.574,103.073,-6.117,-1.012,95,65,-1,0,0,0
408.457,102.061,-6.117,-1.012,90,65,-1,0,0,0
402.34,101.048,-6.117,-1.012,85,65,-1,0,0,0
396.223,100.036,-6.117,-1.012,80,65,-1,0,0,0
390.107,99.024,-6.117,-1.012,75,65,-1,0,0,0
383.99,98.012,-6.117,-1.012,70,65,-1,0,0,0
377.873,97.0,-6.117,-1.012,65,65,-1,0,0,0
371.756,95.988,-6.117,-1.012,60,65,-1,0,0,0
365.639,94.976,-6.117,-1.012,55,65,-1,0,0,0
359.522,93.964,-6.117,-1.012,50,65,-1,0,0,0
353.406,92.952,-6.117,-1.012,45,65,-1,0,0,0
347.289,91.94,-6.117,-1.012,40,65,-1,0,0,0
341.172,90.928,-6.117,-1.012,35,65,-1,0,0,0
335.055,89.916,-6.117,-1.012,30,65,-1,0,0,0
328.938,88.904,-6.117,-1.012,25,65,-1,0,0,0
322.821,87.891,-6.117,-1.012,20,65,-1,0,0,0
316.705,86.879,-6.117,-1.012,15,65,-1,0,0,0
310.588,85.867,-6.117,-1.012,15,65,0,0,0,0
304.471,84.855,-6.117,-1.012,15,65,0,0,0,0
298.354,83.843,-6.117,-1.012,15,65,0,0,0,0
292.237,82.831,-6.117,-1.012,15,65,0,0,0,0
286.12,81.819,-6.117,-1.012,15,65,0,0,0,0
280.003,80.807,-6.117,-1.012,15,65,0,0,0,0
273.887,79.795,-6.117,-1.012,15,65,0,0,0,0
267.77,78.783,-6.117,-1.012,15,65,0,0,0,0
261.653,77.771,-6.117,-1.012,15,65,0,0,0,0
255.536,76.759,-6.117,-1.012,15,65,0,0,0,0
249.419,75.747,-6.117,-1.012,15,65,0,0,0,0
243.302,74.734,-6.117,-1.012,15,65,0,0,0,0
237.186,73.722,-6.117,-1.012,15,65,0,0,0,0
231.069,72.71,-6.117,-1.012,15,65,0,0,0,0
224.952,71.698,-6.117,-1.012,15,65,0,0,0,0
218.835,70.686,-6.117,-1.012,15,65,0,0,0,0
212.718,69.674,-6.117,-1.012,15,65,0,0,0,0
206.601,68.662,-6.117,-1.012,15,65,0,0,0,0
200.485,67.65,-6.117,-1.012,15,65,0,0,0,0
194.368,66.638,-6.117,-1.012,15,65,0,0,0,0
188.251,65.626,-6.117,-1.012,15,65,0,0,0,0
182.134,64.614,-6.117,-1.012,15,65,0,0,0,0
176.017,63.602,-6.117,-1.012,10,65,-1,0,0,0
169.9,62.59,-6.117,-1.012,5,65,-1,0,0,0
163.784,61.578,-6.117,-1.012,0,65,-1,0,0,0
157.667,60.565,-6.117,-1.012,0,65,-1,0,0,0
151.55,59.553,-6.117,-1.012,0,65,0,0,0,0
145.433,58.541,-6.117,-1.012,0,65,0,0,0,0
139.316,57.529,-6.117,-1.012,0,65,0,0,0,0
133.199,56.517,-6.117,-1.012,0,65,0,0,0,0
127.083,55.505,-6.117,-1.012,0,65,0,0,0,0
120.966,54.493,-6.117,-1.012,0,65,0,0,0,0
114.849,53.481,-6.117,-1.012,0,65,0,0,0,0
108.732,52.469,-6.117,-1.012,0,65,0,0,0,0
102.615,51.457,-6.117,-1.012,0,65,0,0,0,0
96.498,50.445,-6.117,-1.012,0,65,0,0,0,0
90.382,49.433,-6.117,-1.012,0,65,0,0,0,0
84.265,48.421,-6.117,-1.012,0,65,0,0,0,0
78.148,47.408,-6.117,-1.012,0,65,0,0,0,0
72.031,46.396,-6.117,-1.012,0,65,0,0,0,0
65.914,45.384,-6.117,-1.012,0,65,0,0,0,0
59.797,44.372,-6.117,-1.012,0,65,0,0,0,0
53.681,43.36,-6.117,-1.012,0,65,0,0,0,0
49.0,42.348,6.488,0.399,0,65,0,0,0,0
55.488,42.747,6.488,0.399,0,65,0,0,0,0
61.975,43.147,6.488,0.399,0,65,0,0,0,0
68.463,43.546,6.488,0.399,0,65,0,0,0,0
74.951,43.945,6.488,0.399,0,65,0,0,0,0
81.439,44.345,6.488,0.399,0,65,0,0,0,0
87.926,44.744,6.488,0.399,0,65,0,0,0,0
94.414,45.143,6.488,0.399,0,65,0,0,0,0
100.902,45.543,6.488,0.399,0,65,0,0,0,0
107.39,45.942,6.488,0.399,0,65,0,0,0,0
113.877,46.341,6.488,0.399,0,65,0,0,0,0
120.365,46.741,6.488,0.399,5,65,1,0,0,0
126.853,47.14,6.488,0.399,10,65,1,0,0,0
133.34,47.539,6.488,0.399,15,65,1,0,0,0
139.828,47.939,6.488,0.399,20,65,1,0,0,0
146.316,48.338,6.488,0.399,25,65,1,0,0,0
152.804,48.737,6.488,0.399,30,65,1,0,0,0
159.291,49.137,6.488,0.399,35,65,1,0,0,0
165.779,49.536,6.488,0.399,40,65,1,0,0,0
172.267,49.935,6.488,0.399,45,65,1,0,0,0
178.754,50.334,6.488,0.399,50,65,1,0,0,0
185.242,50.734,6.488,0.399,55,65,1,0,0,0
191.73,51.133,6.488,0.399,60,65,1,0,0,0
198.218,51.532,6.488,0.399,65,65,1,0,0,0
204.705,51.932,6.488,0.399,70,65,1,0,0,0
211.193,52.331,6.488,0.399,75,65,1,0,0,0
217.681,52.73,6.488,0.399,80,65,1,0,0,0
224.169,53.13,6.488,0.399,85,65,1,0,0,0
230.656,53.529,6.488,0.399,90,65,1,0,0,0
237.144,53.928,6.488,0.399,95,65,1,0,0,0
243.632,54.328,6.488,0.399,100,65,1,0,0,0
250.119,54.727,6.488,0.399,105,65,1,0,0,0
256.607,55.126,6.488,0.399,110,65,1,0,0,0
263.095,55.526,6.488,0.399,115,65,1,0,0,0
269.583,55.925,6.488,0.399,120,65,1,0,0,0
276.07,56.324,6.488,0.399,125,65,1,0,0,0
282.558,56.724,6.488,0.399,130,65,1,0,0,0
289.046,57.123,6.488,0.399,135,65,1,0,0,0
295.533,57.522,6.488,0.399,140,65,1,0,0,0
302.021,57.922,6.488,0.399,145,65,1,0,0,0
308.509,58.321,6.488,0.399,145,65,0,0,0,0
314.997,58.72,6.488,0.399,145,65,0,0,0,0
321.484,59.12,6.488,0.399,145,65,0,0,0,0
327.972,59.519,6.488,0.399,145,65,0,0,0,0
334.46,59.918,6.488,0.399,145,65,0,0,0,0
340.948,60.317,6.488,0.399,145,65,0,0,0,0
347.435,60.717,6.488,0.399,145,65,0,0,0,0
353.923,61.116,6.488,0.399,145,65,0,0,0,0
360.411,61.515,6.488,0.399,145,65,0,0,0,0
366.898,61.915,6.488,0.399,145,65,0,0,0,0
373.386,62.314,6.488,0.399,145,65,0,0,0,0
379.874,62.713,6.488,0.399,145,65,0,0,0,0
386.362,63.113,6.488,0.399,145,65,0,0,0,0
392.849,63.512,6.488,0.399,145,65,0,0,0,0
399.337,63.911,6.488,0.399,145,65,0,0,0,0
405.825,64.311,6.488,0.399,145,70,0,1,0,0
412.312,64.71,6.488,0.399,145,75,0,1,0,0
418.8,65.109,6.488,0.399,145,80,0,1,0,0
425.288,65.509,6.488,0.399,145,85,0,1,0,0
431.776,65.908,6.488,0.399,145,90,0,1,0,0
438.263,66.307,6.488,0.399,145,95,0,1,0,0
444.751,66.707,6.488,0.399,145,100,0,1,0,0
451.239,67.106,6.488,0.399,145,105,0,1,0,0
457.727,67.505,6.488,0.399,145,110,0,1,0,0
464.214,67.905,6.488,0.399,145,115,0,1,0,0
470.702,68.304,6.488,0.399,145,120,0,1,0,0
477.19,68.703,6.488,0.399,145,125,0,1,0,0
483.677,69.103,6.488,0.399,145,125,0,0,0,0
490.165,69.502,6.488,0.399,145,125,0,0,0,0
496.653,69.901,6.488,0.399,145,125,0,0,0,0
503.141,70.3,6.488,0.399,145,125,0,0,0,0
509.628,70.7,6.488,0.399,145,125,0,0,0,0
516.116,71.099,6.488,0.399,145,125,0,0,0,0
522.604,71.498,6.488,0.399,145,125,0,0,0,0
529.091,71.898,6.488,0.399,145,125,0,0,0,0
535.579,72.297,6.488,0.399,145,125,0,0,0,0
542.067,72.696,6.488,0.399,145,125,0,0,0,0
548.555,73.096,6.488,0.399,145,125,0,0,0,0
555.042,73.495,6.488,0.399,145,125,0,0,0,0
561.53,73.894,6.488,0.399,145,120,0,-1,0,0
568.018,74.294,6.488,0.399,145,115,0,-1,0,0
574.506,74.693,6.488,0.399,145,110,0,-1,0,0
580.993,75.092,6.488,0.399,145,105,0,-1,0,0
587.481,75.492,6.488,0.399,145,100,0,-1,0,0
593.969,75.891,6.488,0.399,145,95,0,-1,0,0
600.456,76.29,6.488,0.399,145,90,0,-1,0,0
606.944,76.69,6.488,0.399,145,85,0,-1,0,0
613.432,77.089,6.488,0.399,145,80,0,-1,0,0
619.92,77.488,6.488,0.399,145,75,0,-1,0,0
626.407,77.888,6.488,0.399,145,70,0,-1,0,0
632.895,78.287,6.488,0.399,145,65,0,-1,0,0
639.383,78.686,6.488,0.399,145,60,0,-1,0,0
645.87,79.086,6.488,0.399,145,55,0,-1,0,0
652.358,79.485,6.488,0.399,145,50,0,-1,0,0
658.846,79.884,6.488,0.399,145,45,0,-1,0,0
665.334,80.283,6.488,0.399,145,45,0,0,0,0
671.821,80.683,6.488,0.399,145,45,0,0,0,0
678.309,81.082,6.488,0.399,145,45,0,0,0,0
684.797,81.481,6.488,0.399,145,45,0,0,0,0
691.285,81.881,6.488,0.399,145,45,0,0,0,0
697.772,82.28,6.488,0.399,145,45,0,0,0,0
704.26,82.679,6.488,0.399,145,45,0,0,0,0
710.748,83.079,6.488,0.399,145,45,0,0,0,0
717.235,83.478,6.488,0.399,145,45,0,0,0,0
723.723,83.877,6.488,0.399,145,45,0,0,0,0
730.211,84.277,6.488,0.399,145,45,0,0,0,0
736.699,84.676,6.488,0.399,145,45,0,0,0,0
743.186,85.075,6.488,0.399,145,45,0,0,0,0
749.674,85.475,6.488,0.399,145,45,0,0,0,0
751.0,85.874,-6.798,0.156,145,45,0,0,0,0
744.202,86.03,-6.798,0.156,145,45,0,0,0,0
737.404,86.185,-6.798,0.156,145,45,0,0,0,0
730.605,86.341,-6.798,0.156,145,45,0,0,0,0
723.807,86.496,-6.798,0.156,145,45,0,0,0,0
717.009,86.652,-6.798,0.156,145,45,0,0,0,0
710.211,86.807,-6.798,0.156,145,45,0,0,0,0
703.412,86.963,-6.798,0.156,145,45,0,0,0,0
696.614,87.119,-6.798,0.156,145,45,0,0,0,0
689.816,87.274,-6.798,0.156,145,45,0,0,0,0
683.018,87.43,-6.798,0.156,145,45,0,0,0,0
676.22,87.585,-6.798,0.156,145,45,0,0,0,0
669.421,87.741,-6.798,0.156,145,45,0,0,0,0
662.623,87.896,-6.798,0.156,145,45,0,0,0,0
655.825,88.052,-6.798,0.156,145,45,0,0,0,0
649.027,88.208,-6.798,0.156,145,45,0,0,0,0
642.228,88.363,-6.798,0.156,140,45,-1,0,0,0
635.43,88.519,-6.798,0.156,135,45,-1,0,0,0
628.632,88.674,-6.798,0.156,130,45,-1,0,0,0
621.834,88.83,-6.798,0.156,125,45,-1,0,0,0
615.036,88.985,-6.798,0.156,120,45,-1,0,0,0
608.237,89.141,-6.798,0.156,115,45,-1,0,0,0
601.439,89.297,-6.798,0.156,110,45,-1,0,0,0
594.641,89.452,-6.798,0.156,105,45,-1,0,0,0
587.843,89.608,-6.798,0.156,100,45,-1,0,0,0
581.044,89.763,-6.798,0.156,95,45,-1,0,0,0
574.246,89.919,-6.798,0.156,90,45,-1,0,0,0
567.448,90.074,-6.798,0.156,85,45,-1,0,0,0
560.65,90.23,-6.798,0.156,80,45,-1,0,0,0
553.852,90.386,-6.798,0.156,75,45,-1,0,0,0
547.053,90.541,-6.798,0.156,70,45,-1,0,0,0
540.255,90.697,-6.798,0.156,65,45,-1,0,0,0
533.457,90.852,-6.798,0.156,60,45,-1,0,0,0
526.659,91.008,-6.798,0.156,55,45,-1,0,0,0
519.861,91.163,-6.798,0.156,50,45,-1,0,0,0
513.062,91.319,-6.798,0.156,45,45,-1,0,0,0
506.264,91.475,-6.798,0.156,40,45,-1,0,0,0
499.466,91.63,-6.798,0.156,35,45,-1,0,0,0
492.668,91.786,-6.798,0.156,30,45,-1,0,0,0
485.869,91.941,-6.798,0.156,25,45,-1,0,0,0
479.071,92.097,-6.798,0.156,20,45,-1,0,0,0
472.273,92.252,-6.798,0.156,15,45,-1,0,0,0
465.475,92.408,-6.798,0.156,10,45,-1,0,0,0
458.677,92.564,-6.798,0.156,10,45,0,0,0,0
451.878,92.719,-6.798,0.156,10,45,0,0,0,0
445.08,92.875,-6.798,0.156,10,45,0,0,0,0
438.282,93.03,-6.798,0.156,10,45,0,0,0,0
431.484,93.186,-6.798,0.156,10,45,0,0,0,0
424.685,93.341,-6.798,0.156,10,45,0,0,0,0
417.887,93.497,-6.798,0.156,10,45,0,0,0,0
411.089,93.653,-6.798,0.156,10,45,0,0,0,0
404.291,93.808,-6.798,0.156,10,45,0,0,0,0
397.493,93.964,-6.798,0.156,10,45,0,0,0,0
390.694,94.119,-6.798,0.156,10,45,0,0,0,0
383.896,94.275,-6.798,0.156,10,45,0,0,0,0
377.098,94.43,-6.798,0.156,10,45,0,0,0,0
370.3,94.586,-6.798,0.156,10,45,0,0,0,0
363.501,94.742,-6.798,0.156,10,45,0,0,0,0
356.703,94.897,-6.798,0.156,10,45,0,0,0,0
349.905,95.053,-6.798,0.156,10,45,0,0,0,0
343.107,95.208,-6.798,0.156,10,45,0,0,0,0
336.309,95.364,-6.798,0.156,10,45,0,0,0,0
329.51,95.519,-6.798,0.156,15,45,1,0,0,0
322.712,95.675,-6.798,0.156,20,45,1,0,0,0
315.914,95.831,-6.798,0.156,25,45,1,0,0,0
309.116,95.986,-6.798,0.156,30,45,1,0,0,0
302.317,96.142,-6.798,0.156,35,45,1,0,0,0
295.519,96.297,-6.798,0.156,35,45,0,0,0,0
288.721,96.453,-6.798,0.156,35,45,0,0,0,0
281.923,96.608,-6.798,0.156,35,45,0,0,0,0
275.125,96.764,-6.798,0.156,35,45,0,0,0,0
268.326,96.92,-6.798,0.156,35,45,0,0,0,0
261.528,97.075,-6.798,0.156,35,45,0,0,0,0
254.73,97.231,-6.798,0.156,35,45,0,0,0,0
247.932,97.386,-6.798,0.156,35,45,0,0,0,0
241.133,97.542,-6.798,0.156,35,45,0,0,0,0
234.335,97.697,-6.798,0.156,35,45,0,0,0,0
227.537,97.853,-6.798,0.156,35,45,0,0,0,0
220.739,98.009,-6.798,0.156,35,45,0,0,0,0
213.941,98.164,-6.798,0.156,35,45,0,0,0,0
207.142,98.32,-6.798,0.156,35,45,0,0,0,0
200.344,98.475,-6.798,0.156,35,45,0,0,0,0
193.546,98.631,-6.798,0.156,35,45,0,0,0,0
186.748,98.786,-6.798,0.156,35,45,0,0,0,0
179.95,98.942,-6.798,0.156,35,45,0,0,0,0
173.151,99.098,-6.798,0.156,35,45,0,0,0,0
166.353,99.253,-6.798,0.156,35,45,0,0,0,0
159.555,99.409,-6.798,0.156,35,45,0,0,0,0
152.757,99.564,-6.798,0.156,35,45,0,0,0,0
145.958,99.72,-6.798,0.156,35,45,0,0,0,0
139.16,99.875,-6.798,0.156,35,45,0,0,0,0
132.362,100.031,-6.798,0.156,35,45,0,0,0,0
125.564,100.187,-6.798,0.156,35,45,0,0,0,0
118.766,100.342,-6.798,0.156,35,45,0,0,0,0
111.967,100.498,-6.798,0.156,35,45,0,0,0,0
105.169,100.653,-6.798,0.156,35,45,0,0,0,0
98.371,100.809,-6.798,0.156,40,45,1,0,0,0
91.573,100.964,-6.798,0.156,45,45,1,0,0,0
84.774,101.12,-6.798,0.156,50,45,1,0,0,0
77.976,101.276,-6.798,0.156,55,45,1,0,0,0
71.178,101.431,-6.798,0.156,55,45,0,0,0,0
64.38,101.587,-6.798,0.156,55,45,0,0,0,0
57.582,101.742,-6.798,0.156,55,45,0,0,0,0
50.783,101.898,-6.798,0.156,55,45,0,0,0,0
49.0,102.053,6.979,1.304,55,45,0,0,0,0
55.979,103.357,6.979,1.304,55,45,0,0,0,0
62.959,104.661,6.979,1.304,55,45,0,0,0,0
69.938,105.964,6.979,1.304,55,45,0,0,0,0
76.917,107.268,6.979,1.304,55,45,0,0,0,0
83.896,108.572,6.979,1.304,55,45,0,0,0,0
90.876,109.875,6.979,1.304,55,45,0,0,0,0
97.855,111.179,6.979,1.304,55,45,0,0,0,0
104.834,112.483,6.979,1.304,55,45,0,0,0,0
111.814,113.786,6.979,1.304,55,45,0,0,0,0
118.793,115.09,6.979,1.304,55,45,0,0,0,0
125.772,116.393,6.979,1.304,55,45,0,0,0,0
132.752,117.697,6.979,1.304,55,45,0,0,0,0
139.731,119.001,6.979,1.304,55,45,0,0,0,0
146.71,120.304,6.979,1.304,55,45,0,0,0,0
153.689,121.608,6.979,1.304,55,45,0,0,0,0
160.669,122.912,6.979,1.304,60,45,1,0,0,0
167.648,124.215,6.979,1.304,65,45,1,0,0,0
174.627,125.519,6.979,1.304,70,45,1,0,0,0
181.607,126.823,6.979,1.304,75,45,1,0,0,0
188.586,128.126,6.979,1.304,80,45,1,0,0,0
195.565,129.43,6.979,1.304,85,45,1,0,0,0
202.544,130.733,6.979,1.304,90,45,1,0,0,0
209.524,132.037,6.979,1.304,95,45,1,0,0,0
216.503,133.341,6.979,1.304,100,45,1,0,0,0
223.482,134.644,6.979,1.304,105,45,1,0,0,0
230.462,135.948,6.979,1.304,110,45,1,0,0,0
237.441,137.252,6.979,1.304,115,45,1,0,0,0
244.42,138.555,6.979,1.304,120,45,1,0,0,0
251.399,139.859,6.979,1.304,125,45,1,0,0,0
258.379,141.163,6.979,1.304,130,45,1,0,0,0
265.358,142.466,6.979,1.304,135,45,1,0,0,0
272.337,143.77,6.979,1.304,140,45,1,0,0,0
279.317,145.073,6.979,1.304,145,45,1,0,0,0
286.296,146.377,6.979,1.304,150,45,1,0,0,0
293.275,147.681,6.979,1.304,155,45,1,0,0,0
300.255,148.984,6.979,1.304,160,50,1,1,0,0
307.234,150.288,6.979,1.304,165,55,1,1,0,0
314.213,151.592,6.979,1.304,170,60,1,1,0,0
321.192,152.895,6.979,1.304,175,65,1,1,0,0
328.172,154.199,6.979,1.304,180,70,1,1,0,0
335.151,155.503,6.979,1.304,180,75,0,1,0,0
342.13,156.806,6.979,1.304,180,80,0,1,0,0
349.11,158.11,6.979,1.304,180,80,0,0,0,0
356.089,159.414,6.979,1.304,180,80,0,0,0,0
363.068,160.717,6.979,1.304,180,80,0,0,0,0
370.047,162.021,6.979,1.304,180,80,0,0,0,0
377.027,163.324,6.979,1.304,180,80,0,0,0,0
384.006,164.628,6.979,1.304,180,80,0,0,0,0
390.985,165.932,6.979,1.304,180,80,0,0,0,0
397.965,167.235,6.979,1.304,180,80,0,0,0,0
404.944,168.539,6.979,1.304,180,80,0,0,0,0
411.923,169.843,6.979,1.304,180,80,0,0,0,0
418.903,171.146,6.979,1.304,180,80,0,0,0,0
425.882,172.45,6.979,1.304,180,80,0,0,0,0
432.861,173.754,6.979,1.304,180,80,0,0,0,0
439.84,175.057,6.979,1.304,180,80,0,0,0,0
446.82,176.361,6.979,1.304,180,80,0,0,0,0
453.799,177.664,6.979,1.304,180,80,0,0,0,0
460.778,178.968,6.979,1.304,180,80,0,0,0,0
467.758,180.272,6.979,1.304,180,80,0,0,0,0
474.737,181.575,6.979,1.304,180,80,0,0,0,0
481.716,182.879,6.979,1.304,180,80,0,0,0,0
488.695,184.183,6.979,1.304,180,80,0,0,0,0
495.675,185.486,6.979,1.304,180,80,0,0,0,0
502.654,186.79,6.979,1.304,180,80,0,0,0,0
509.633,188.094,6.979,1.304,180,80,0,0,0,0
516.613,189.397,6.979,1.304,180,85,0,1,0,0
523.592,190.701,6.979,1.304,180,90,0,1,0,0
530.571,192.004,6.979,1.304,180,95,0,1,0,0
537.55,193.308,6.979,1.304,180,100,0,1,0,0
544.53,194.612,6.979,1.304,180,105,0,1,0,0
551.509,195.915,6.979,1.304,180,110,0,1,0,0
558.488,197.219,6.979,1.304,180,115,0,1,0,0
565.468,198.523,6.979,1.304,180,120,0,1,0,0
572.447,199.826,6.979,1.304,180,125,0,1,0,0
579.426,201.13,6.979,1.304,180,130,0,1,0,0
586.406,202.434,6.979,1.304,180,135,0,1,0,0
593.385,203.737,6.979,1.304,180,140,0,1,0,0
600.364,205.041,6.979,1.304,180,145,0,1,0,0
607.343,206.344,6.979,1.304,180,150,0,1,0,0
614.323,207.648,6.979,1.304,180,150,0,0,0,0
621.302,208.952,6.979,1.304,180,150,0,0,0,0
628.281,210.255,6.979,1.304,180,150,0,0,0,0
635.261,211.559,6.979,1.304,180,150,0,0,0,0
642.24,212.863,6.979,1.304,180,150,0,0,0,0
649.219,214.166,6.979,1.304,180,150,0,0,0,0
656.198,215.47,6.979,1.304,180,150,0,0,0,0
663.178,216.774,6.979,1.304,180,150,0,0,0,0
670.157,218.077,6.979,1.304,180,150,0,0,0,0
677.136,219.381,6.979,1.304,180,150,0,0,0,0
684.116,220.685,6.979,1.304,180,150,0,0,0,0
691.095,221.988,6.979,1.304,180,150,0,0,0,0
698.074,223.292,6.979,1.304,180,150,0,0,0,0
705.054,224.595,6.979,1.304,180,150,0,0,0,0
712.033,225.899,6.979,1.304,180,150,0,0,0,0
719.012,227.203,6.979,1.304,180,150,0,0,0,0
725.991,228.506,6.979,1.304,180,150,0,0,0,0
732.971,229.81,6.979,1.304,180,150,0,0,0,0
739.95,231.114,6.979,1.304,180,150,0,0,0,0
746.929,232.417,6.979,1.304,180,150,0,0,0,0
751.0,233.721,-3.7,6.409,180,150,0,0,0,0
747.3,240.129,-3.7,6.409,180,150,0,0,0,0
743.6,246.538,-3.7,6.409,180,150,0,0,0,0
739.9,252.947,-3.7,6.409,180,150,0,0,0,0
736.2,259.355,-3.7,6.409,180,150,0,0,0,0
732.5,265.764,-3.7,6.409,180,150,0,0,0,0
728.8,272.172,-3.7,6.409,180,150,0,0,0,0
725.1,278.581,-3.7,6.409,180,150,0,0,0,0
721.4,284.99,-3.7,6.409,180,155,0,1,0,0
717.7,291.398,-3.7,6.409,180,160,0,1,0,0
714.0,297.807,-3.7,6.409,180,165,0,1,0,0
710.3,304.215,-3.7,6.409,180,170,0,1,0,0
706.6,310.624,-3.7,6.409,180,175,0,1,0,0
702.9,317.033,-3.7,6.409,180,180,0,1,0,0
699.2,323.441,-3.7,6.409,180,185,0,1,0,0
695.5,329.85,-3.7,6.409,180,190,0,1,0,0
691.8,336.258,-3.7,6.409,180,195,0,1,0,0
688.1,342.667,-3.7,6.409,180,200,0,1,0,0
684.4,349.075,-3.7,6.409,180,205,0,1,0,0
680.7,355.484,-3.7,6.409,180,210,0,1,0,0
677.0,361.893,-3.7,6.409,180,215,0,1,0,0
673.3,368.301,-3.7,6.409,185,215,1,0,0,0
669.6,374.71,-3.7,6.409,190,215,1,0,0,0
665.9,381.118,-3.7,6.409,195,215,1,0,0,0
662.2,387.527,-3.7,6.409,200,215,1,0,0,0
658.5,393.936,-3.7,6.409,205,215,1,0,0,0
654.8,400.344,-3.7,6.409,210,215,1,0,0,0
651.1,406.753,-3.7,6.409,215,215,1,0,0,0
647.4,413.161,-3.7,6.409,220,215,1,0,0,0
643.7,419.57,-3.7,6.409,225,215,1,0,0,0
640.0,425.979,-3.7,6.409,230,215,1,0,0,0
636.3,432.387,-3.7,6.409,235,215,1,0,0,0
632.6,438.796,-3.7,6.409,240,215,1,0,0,0
628.9,445.204,-3.7,6.409,245,215,1,0,0,0
625.2,451.613,-3.7,6.409,250,215,1,0,0,0
621.5,458.021,-3.7,6.409,255,215,1,0,0,0
617.8,464.43,-3.7,6.409,260,215,1,0,0,0
614.1,470.839,-3.7,6.409,265,215,1,0,0,0
610.4,477.247,-3.7,6.409,270,215,1,0,0,0
606.7,483.656,-3.7,6.409,275,215,1,0,0,0
603.0,490.064,-3.7,6.409,280,215,1,0,0,0
599.3,496.473,-3.7,6.409,285,215,1,0,0,0
595.6,502.882,-3.7,6.409,290,215,1,0,0,0
591.9,509.29,-3.7,6.409,295,215,1,0,0,0
588.2,515.699,-3.7,6.409,300,215,1,0,0,0
584.5,522.107,-3.7,6.409,305,220,1,1,0,0
580.8,528.516,-3.7,6.409,310,225,1,1,0,0
577.1,534.925,-3.7,6.409,315,230,1,1,0,0
573.4,541.333,-3.7,6.409,320,235,1,1,0,0
569.7,547.742,-3.7,6.409,325,240,1,1,0,0
566.0,554.15,-3.7,6.409,330,245,1,1,0,0
562.3,560.559,-3.7,6.409,335,250,1,1,0,0
558.6,566.967,-3.7,6.409,340,255,1,1,0,0
554.9,573.376,-3.7,6.409,345,260,1,1,0,0
551.2,579.785,-3.7,6.409,345,265,0,1,0,0
547.5,586.193,-3.7,6.409,345,270,0,1,0,0
543.8,592.602,-3.7,6.409,345,275,0,1,0,0
540.1,594.0,-3.7,-6.409,345,280,0,1,0,0
536.4,587.591,-3.7,-6.409,345,285,0,1,0,0
532.7,581.183,-3.7,-6.409,345,290,0,1,0,0
529.0,574.774,-3.7,-6.409,345,295,0,1,0,0
525.3,568.366,-3.7,-6.409,345,300,0,1,0,0
521.6,561.957,-3.7,-6.409,345,305,0,1,0,0
517.9,555.548,-3.7,-6.409,345,310,0,1,0,0
514.2,549.14,-3.7,-6.409,345,315,0,1,0,0
510.5,542.731,-3.7,-6.409,345,320,0,1,0,0
506.8,536.323,-3.7,-6.409,345,325,0,1,0,0
503.1,529.914,-3.7,-6.409,345,330,0,1,0,0
499.4,523.506,-3.7,-6.409,345,335,0,1,0,0
495.7,517.097,-3.7,-6.409,345,340,0,1,0,0
492.0,510.688,-3.7,-6.409,345,345,0,1,0,0
488.3,504.28,-3.7,-6.409,345,350,0,1,0,0
484.6,497.871,-3.7,-6.409,345,355,0,1,0,0
480.9,491.463,-3.7,-6.409,345,360,0,1,0,0
477.2,485.054,-3.7,-6.409,345,365,0,1,0,0
473.5,478.645,-3.7,-6.409,345,370,0,1,0,0
469.8,472.237,-3.7,-6.409,345,370,0,0,0,0
466.1,465.828,-3.7,-6.409,340,370,-1,0,0,0
462.4,459.42,-3.7,-6.409,335,370,-1,0,0,0
458.7,453.011,-3.7,-6.409,330,370,-1,0,0,0
455.0,446.602,-3.7,-6.409,325,370,-1,0,0,0
451.3,440.194,-3.7,-6.409,320,370,-1,0,0,0
447.6,433.785,-3.7,-6.409,315,370,-1,0,0,0
443.9,427.377,-3.7,-6.409,310,370,-1,0,0,0
440.2,420.968,-3.7,-6.409,305,370,-1,0,0,0
436.5,414.56,-3.7,-6.409,300,370,-1,0,0,0
432.8,408.151,-3.7,-6.409,295,370,-1,0,0,0
429.1,401.742,-3.7,-6.409,290,370,-1,0,0,0
425.4,395.334,-3.7,-6.409,285,370,-1,0,0,0
421.7,388.925,-3.7,-6.409,280,370,-1,0,0,0
418.0,382.517,-3.7,-6.409,275,370,-1,0,0,0
414.3,376.108,-3.7,-6.409,270,370,-1,0,0,0
410.6,369.699,-3.7,-6.409,265,370,-1,0,0,0
406.9,363.291,-3.7,-6.409,260,370,-1,0,0,0
403.2,356.882,-3.7,-6.409,255,370,-1,0,0,0
399.5,350.474,-3.7,-6.409,250,370,-1,0,0,0
395.8,344.065,-3.7,-6.409,245,370,-1,0,0,0
392.1,337.656,-3.7,-6.409,240,370,-1,0,0,0
388.4,331.248,-3.7,-6.409,235,370,-1,0,0,0
384.7,324.839,-3.7,-6.409,230,370,-1,0,0,0
381.0,318.431,-3.7,-6.409,225,365,-1,-1,0,0
377.3,312.022,-3.7,-6.409,220,360,-1,-1,0,0
373.6,305.614,-3.7,-6.409,215,355,-1,-1,0,0
369.9,299.205,-3.7,-6.409,210,350,-1,-1,0,0
366.2,292.796,-3.7,-6.409,205,345,-1,-1,0,0
362.5,286.388,-3.7,-6.409,200,340,-1,-1,0,0
358.8,279.979,-3.7,-6.409,195,335,-1,-1,0,0
355.1,273.571,-3.7,-6.409,190,335,-1,0,0,0
351.4,267.162,-3.7,-6.409,185,335,-1,0,0,0
347.7,260.753,-3.7,-6.409,180,335,-1,0,0,0
344.0,254.345,-3.7,-6.409,175,335,-1,0,0,0
340.3,247.936,-3.7,-6.409,170,335,-1,0,0,0
336.6,241.528,-3.7,-6.409,165,335,-1,0,0,0
332.9,235.119,-3.7,-6.409,160,335,-1,0,0,0
329.2,228.71,-3.7,-6.409,155,335,-1,0,0,0
325.5,222.302,-3.7,-6.409,150,335,-1,0,0,0
321.8,215.893,-3.7,-6.409,145,335,-1,0,0,0
318.1,209.485,-3.7,-6.409,140,335,-1,0,0,0
314.4,203.076,-3.7,-6.409,135,335,-1,0,0,0
310.7,196.668,-3.7,-6.409,130,335,-1,0,0,0
307.0,190.259,-3.7,-6.409,125,335,-1,0,0,0
303.3,183.85,-3.7,-6.409,120,335,-1,0,0,0
299.6,177.442,-3.7,-6.409,115,335,-1,0,0,0
295.9,171.033,-3.7,-6.409,110,335,-1,0,0,0
292.2,164.625,-3.7,-6.409,105,335,-1,0,0,0
288.5,158.216,-3.7,-6.409,100,335,-1,0,0,0
284.8,151.807,-3.7,-6.409,95,335,-1,0,0,0
281.1,145.399,-3.7,-6.409,90,335,-1,0,0,0
277.4,138.99,-3.7,-6.409,85,335,-1,0,0,0
273.7,132.582,-3.7,-6.409,80,335,-1,0,0,0
270.0,126.173,-3.7,-6.409,80,335,0,0,0,0
266.3,119.764,-3.7,-6.409,80,335,0,0,0,0
262.6,113.356,-3.7,-6.409,80,335,0,0,0,0
258.9,106.947,-3.7,-6.409,80,335,0,0,0,0
255.2,100.539,-3.7,-6.409,80,335,0,0,0,0
251.5,94.13,-3.7,-6.409,80,335,0,0,0,0
247.8,87.722,-3.7,-6.409,80,335,0,0,0,0
244.1,81.313,-3.7,-6.409,80,335,0,0,0,0
240.4,74.904,-3.7,-6.409,80,335,0,0,0,0
236.7,68.496,-3.7,-6.409,80,335,0,0,0,0
233.0,62.087,-3.7,-6.409,80,335,0,0,0,0
229.3,55.679,-3.7,-6.409,80,335,0,0,0,0
225.6,49.27,-3.7,-6.409,80,335,0,0,0,0
221.9,42.861,-3.7,-6.409,80,335,0,0,0,0
218.2,36.453,-3.7,-6.409,80,335,0,0,0,0
214.5,30.044,-3.7,-6.409,80,335,0,0,0,0
210.8,23.636,-3.7,-6.409,80,335,0,0,0,0
207.1,17.227,-3.7,-6.409,80,335,0,0,0,0
203.4,10.818,-3.7,-6.409,80,335,0,0,0,0
199.7,6.0,-3.7,6.409,80,335,0,0,0,0
196.0,12.409,-3.7,6.409,80,335,0,0,0,0
192.3,18.817,-3.7,6.409,80,335,0,0,0,0
188.6,25.226,-3.7,6.409,80,335,0,0,0,0
184.9,31.634,-3.7,6.409,80,335,0,0,0,0
181.2,38.043,-3.7,6.409,80,335,0,0,0,0
177.5,44.452,-3.7,6.409,80,335,0,0,0,0
173.8,50.86,-3.7,6.409,80,335,0,0,0,0
170.1,57.269,-3.7,6.409,80,335,0,0,0,0
166.4,63.677,-3.7,6.409,80,335,0,0,0,0
162.7,70.086,-3.7,6.409,80,335,0,0,0,0
159.0,76.494,-3.7,6.409,80,335,0,0,0,0
155.3,82.903,-3.7,6.409,80,335,0,0,0,0
151.6,89.312,-3.7,6.409,80,335,0,0,0,0
147.9,95.72,-3.7,6.409,80,335,0,0,0,0
144.2,102.129,-3.7,6.409,80,335,0,0,0,0
140.5,108.537,-3.7,6.409,80,335,0,0,0,0
136.8,114.946,-3.7,6.409,80,335,0,0,0,0
133.1,121.355,-3.7,6.409,80,335,0,0,0,0
129.4,127.763,-3.7,6.409,80,335,0,0,0,0
125.7,134.172,-3.7,6.409,80,335,0,0,0,0
122.0,140.58,-3.7,6.409,80,335,0,0,0,0
118.3,146.989,-3.7,6.409,85,335,1,0,0,0
114.6,153.398,-3.7,6.409,90,335,1,0,0,0
110.9,159.806,-3.7,6.409,95,335,1,0,0,0
107.2,166.215,-3.7,6.409,100,335,1,0,0,0
103.5,172.623,-3.7,6.409,105,335,1,0,0,0
99.8,179.032,-3.7,6.409,110,335,1,0,0,0
96.1,185.44,-3.7,6.409,115,335,1,0,0,0
92.4,191.849,-3.7,6.409,120,335,1,0,0,0
88.7,198.258,-3.7,6.409,125,335,1,0,0,0
85.0,204.666,-3.7,6.409,130,335,1,0,0,0
81.3,211.075,-3.7,6.409,135,335,1,0,0,0
77.6,217.483,-3.7,6.409,140,335,1,0,0,0
73.9,223.892,-3.7,6.409,145,335,1,0,0,0
70.2,230.301,-3.7,6.409,150,335,1,0,0,0
66.5,236.709,-3.7,6.409,155,335,1,0,0,0
62.8,243.118,-3.7,6.409,160,335,1,0,0,0
59.1,249.526,-3.7,6.409,165,335,1,0,0,0
55.4,255.935,-3.7,6.409,170,335,1,0,0,0
51.7,262.344,-3.7,6.409,175,335,1,0,0,0
48.0,268.752,-3.7,6.409,180,335,1,0,0,0
44.3,275.161,-3.7,6.409,185,335,1,0,0,0
40.6,281.569,-3.7,6.409,190,335,1,0,0,0
36.9,287.978,-3.7,6.409,195,335,1,0,0,0
33.2,294.386,-3.7,6.409,200,330,1,-1,0,0
29.5,300.795,-3.7,6.409,205,325,1,-1,0,0
25.8,307.204,-3.7,6.409,210,320,1,-1,0,0
22.1,313.612,-3.7,6.409,215,315,1,-1,0,0
18.4,320.021,-3.7,6.409,220,310,1,-1,0,0
14.7,326.429,-3.7,6.409,225,305,1,-1,0,0
11.0,332.838,-3.7,6.409,230,305,1,0,0,0
7.3,339.247,-3.7,6.409,235,305,1,0,0,0
3.6,345.655,-3.7,6.409,240,305,1,0,0,0
-0.1,352.064,-3.7,6.409,245,305,1,0,0,0
-3.8,358.472,-3.7,6.409,250,305,1,0,0,0
400.0,300.0,4.566,-2.038,255,305,1,0,0,1
404.566,297.962,4.566,-2.038,255,305,0,0,0,0
409.131,295.923,4.566,-2.038,255,305,0,0,0,0
413.697,293.885,4.566,-2.038,255,305,0,0,0,0
418.263,291.847,4.566,-2.038,255,305,0,0,0,0
422.828,289.809,4.566,-2.038,255,305,0,0,0,0
427.394,287.77,4.566,-2.038,255,305,0,0,0,0
431.96,285.732,4.566,-2.038,255,305,0,0,0,0
436.525,283.694,4.566,-2.038,255,305,0,0,0,0
441.091,281.656,4.566,-2.038,255,305,0,0,0,0
445.657,279.617,4.566,-2.038,255,305,0,0,0,0
450.223,277.579,4.566,-2.038,255,305,0,0,0,0
454.788,275.541,4.566,-2.038,255,305,0,0,0,0
459.354,273.503,4.566,-2.038,255,305,0,0,0,0
463.92,271.464,4.566,-2.038,255,305,0,0,0,0
468.485,269.426,4.566,-2.038,255,305,0,0,0,0
473.051,267.388,4.566,-2.038,255,305,0,0,0,0
477.617,265.35,4.566,-2.038,255,305,0,0,0,0
482.182,263.311,4.566,-2.038,255,305,0,0,0,0
486.748,261.273,4.566,-2.038,255,305,0,0,0,0
491.314,259.235,4.566,-2.038,255,305,0,0,0,0
495.879,257.197,4.566,-2.038,255,305,0,0,0,0
500.445,255.158,4.566,-2.038,255,305,0,0,0,0
505.011,253.12,4.566,-2.038,255,305,0,0,0,0
509.576,251.082,4.566,-2.038,255,305,0,0,0,0
514.142,249.044,4.566,-2.038,255,305,0,0,0,0
518.708,247.005,4.566,-2.038,255,305,0,0,0,0
523.274,244.967,4.566,-2.038,255,305,0,0,0,0
527.839,242.929,4.566,-2.038,255,305,0,0,0,0
532.405,240.89,4.566,-2.038,255,305,0,0,0,0
536.971,238.852,4.566,-2.038,255,305,0,0,0,0
541.536,236.814,4.566,-2.038,255,305,0,0,0,0
546.102,234.776,4.566,-2.038,255,305,0,0,0,0
550.668,232.737,4.566,-2.038,250,305,-1,0,0,0
555.233,230.699,4.566,-2.038,245,305,-1,0,0,0
559.799,228.661,4.566,-2.038,240,305,-1,0,0,0
564.365,226.623,4.566,-2.038,235,305,-1,0,0,0
568.93,224.584,4.566,-2.038,230,305,-1,0,0,0
573.496,222.546,4.566,-2.038,225,305,-1,0,0,0
578.062,220.508,4.566,-2.038,220,305,-1,0,0,0
582.627,218.47,4.566,-2.038,215,305,-1,0,0,0
587.193,216.431,4.566,-2.038,210,305,-1,0,0,0
591.759,214.393,4.566,-2.038,205,305,-1,0,0,0
596.325,212.355,4.566,-2.038,200,305,-1,0,0,0
600.89,210.317,4.566,-2.038,195,305,-1,0,0,0
605.456,208.278,4.566,-2.038,190,305,-1,0,0,0
610.022,206.24,4.566,-2.038,185,305,-1,0,0,0
614.587,204.202,4.566,-2.038,180,305,-1,0,0,0
619.153,202.164,4.566,-2.038,175,305,-1,0,0,0
623.719,200.125,4.566,-2.038,170,305,-1,0,0,0
628.284,198.087,4.566,-2.038,165,305,-1,0,0,0
632.85,196.049,4.566,-2.038,160,305,-1,0,0,0
637.416,194.011,4.566,-2.038,155,305,-1,0,0,0
641.981,191.972,4.566,-2.038,150,305,-1,0,0,0
646.547,189.934,4.566,-2.038,145,305,-1,0,0,0
651.113,187.896,4.566,-2.038,140,305,-1,0,0,0
655.678,185.857,4.566,-2.038,135,305,-1,0,0,0
660.244,183.819,4.566,-2.038,130,305,-1,0,0,0
664.81,181.781,4.566,-2.038,125,305,-1,0,0,0
669.376,179.743,4.566,-2.038,120,305,-1,0,0,0
673.941,177.704,4.566,-2.038,115,305,-1,0,0,0
678.507,175.666,4.566,-2.038,110,305,-1,0,0,0
683.073,173.628,4.566,-2.038,105,305,-1,0,0,0
687.638,171.59,4.566,-2.038,105,305,0,0,0,0
692.204,169.551,4.566,-2.038,105,305,0,0,0,0
696.77,167.513,4.566,-2.038,105,305,0,0,0,0
701.335,165.475,4.566,-2.038,105,305,0,0,0,0
705.901,163.437,4.566,-2.038,105,305,0,0,0,0
710.467,161.398,4.566,-2.038,105,305,0,0,0,0
715.032,159.36,4.566,-2.038,105,305,0,0,0,0
719.598,157.322,4.566,-2.038,105,305,0,0,0,0
724.164,155.284,4.566,-2.038,105,305,0,0,0,0
728.729,153.245,4.566,-2.038,105,305,0,0,0,0
733.295,151.207,4.566,-2.038,105,305,0,0,0,0
737.861,149.169,4.566,-2.038,105,305,0,0,0,0
742.427,147.131,4.566,-2.038,105,305,0,0,0,0
746.992,145.092,4.566,-2.038,105,305,0,0,0,0
751.558,143.054,4.566,-2.038,105,305,0,0,0,0
756.124,141.016,4.566,-2.038,105,305,0,0,0,0
760.689,138.978,4.566,-2.038,105,305,0,0,0,0
765.255,136.939,4.566,-2.038,105,305,0,0,0,0
769.821,134.901,4.566,-2.038,105,305,0,0,0,0
774.386,132.863,4.566,-2.038,105,305,0,0,0,0
778.952,130.824,4.566,-2.038,105,305,0,0,0,0
783.518,128.786,4.566,-2.038,105,305,0,0,0,0
788.083,126.748,4.566,-2.038,105,305,0,0,0,0
792.649,124.71,4.566,-2.038,105,305,0,0,0,0
797.215,122.671,4.566,-2.038,105,305,0,0,0,0
801.78,120.633,4.566,-2.038,105,305,0,0,0,0
400.0,300.0,-3.85,3.19,105,305,0,0,1,0
396.15,303.19,-3.85,3.19,105,305,0,0,0,0
392.3,306.38,-3.85,3.19,105,305,0,0,0,0
388.449,309.57,-3.85,3.19,105,305,0,0,0,0
384.599,312.76,-3.85,3.19,105,305,0,0,0,0
380.749,315.95,-3.85,3.19,105,305,0,0,0,0
376.899,319.14,-3.85,3.19,105,305,0,0,0,0
373.049,322.33,-3.85,3.19,105,305,0,0,0,0
369.198,325.52,-3.85,3.19,105,305,0,0,0,0
365.348,328.71,-3.85,3.19,105,305,0,0,0,0
361.498,331.9,-3.85,3.19,105,305,0,0,0,0
357.648,335.09,-3.85,3.19,105,305,0,0,0,0
353.798,338.28,-3.85,3.19,105,305,0,0,0,0
349.948,341.47,-3.85,3.19,105,305,0,0,0,0
346.097,344.66,-3.85,3.19,105,305,0,0,0,0
342.247,347.85,-3.85,3.19,105,305,0,0,0,0
338.397,351.04,-3.85,3.19,105,305,0,0,0,0
334.547,354.23,-3.85,3.19,105,305,0,0,0,0
330.697,357.42,-3.85,3.19,105,305,0,0,0,0
326.846,360.61,-3.85,3.19,105,305,0,0,0,0
322.996,363.8,-3.85,3.19,105,305,0,0,0,0
319.146,366.99,-3.85,3.19,105,305,0,0,0,0
315.296,370.18,-3.85,3.19,105,305,0,0,0,0
311.446,373.37,-3.85,3.19,105,305,0,0,0,0
307.595,376.56,-3.85,3.19,105,305,0,0,0,0
303.745,379.75,-3.85,3.19,105,305,0,0,0,0
299.895,382.94,-3.85,3.19,105,305,0,0,0,0
296.045,386.13,-3.85,3.19,105,305,0,0,0,0
292.195,389.32,-3.85,3.19,105,305,0,0,0,0
288.344,392.51,-3.85,3.19,105,305,0,0,0,0
284.494,395.7,-3.85,3.19,105,305,0,0,0,0
280.644,398.89,-3.85,3.19,110,305,1,0,0,0
276.794,402.08,-3.85,3.19,115,305,1,0,0,0
272.944,405.27,-3.85,3.19,120,305,1,0,0,0
269.093,408.46,-3.85,3.19,125,305,1,0,0,0
265.243,411.65,-3.85,3.19,130,305,1,0,0,0
261.393,414.84,-3.85,3.19,135,305,1,0,0,0
257.543,418.03,-3.85,3.19,140,305,1,0,0,0
253.693,421.22,-3.85,3.19,145,305,1,0,0,0
249.843,424.41,-3.85,3.19,150,305,1,0,0,0
245.992,427.6,-3.85,3.19,155,305,1,0,0,0
242.142,430.789,-3.85,3.19,160,305,1,0,0,0
238.292,433.979,-3.85,3.19,165,305,1,0,0,0
234.442,437.169,-3.85,3.19,170,305,1,0,0,0
230.592,440.359,-3.85,3.19,175,305,1,0,0,0
226.741,443.549,-3.85,3.19,180,305,1,0,0,0
222.891,446.739,-3.85,3.19,185,305,1,0,0,0
219.041,449.929,-3.85,3.19,190,305,1,0,0,0
215.191,453.119,-3.85,3.19,195,305,1,0,0,0
211.341,456.309,-3.85,3.19,200,305,1,0,0,0
207.49,459.499,-3.85,3.19,205,305,1,0,0,0
203.64,462.689,-3.85,3.19,210,305,1,0,0,0
199.79,465.879,-3.85,3.19,215,305,1,0,0,0
195.94,469.069,-3.85,3.19,220,305,1,0,0,0
192.09,472.259,-3.85,3.19,225,305,1,0,0,0
188.239,475.449,-3.85,3.19,230,305,1,0,0,0
184.389,478.639,-3.85,3.19,235,305,1,0,0,0
180.539,481.829,-3.85,3.19,240,305,1,0,0,0
176.689,485.019,-3.85,3.19,245,305,1,0,0,0
172.839,488.209,-3.85,3.19,250,305,1,0,0,0
168.988,491.399,-3.85,3.19,255,305,1,0,0,0
165.138,494.589,-3.85,3.19,260,305,1,0,0,0
161.288,497.779,-3.85,3.19,265,305,1,0,0,0
157.438,500.969,-3.85,3.19,270,305,1,0,0,0
153.588,504.159,-3.85,3.19,275,305,1,0,0,0
149.738,507.349,-3.85,3.19,280,305,1,0,0,0
145.887,510.539,-3.85,3.19,285,305,1,0,0,0
142.037,513.729,-3.85,3.19,290,305,1,0,0,0
138.187,516.919,-3.85,3.19,295,305,1,0,0,0
134.337,520.109,-3.85,3.19,300,305,1,0,0,0
130.487,523.299,-3.85,3.19,305,305,1,0,0,0
126.636,526.489,-3.85,3.19,310,305,1,0,0,0
122.786,529.679,-3.85,3.19,315,305,1,0,0,0
118.936,532.869,-3.85,3.19,320,305,1,0,0,0
115.086,536.059,-3.85,3.19,325,305,1,0,0,0
111.236,539.249,-3.85,3.19,330,305,1,0,0,0
107.385,542.439,-3.85,3.19,335,305,1,0,0,0
103.535,545.629,-3.85,3.19,340,305,1,0,0,0
99.685,548.819,-3.85,3.19,345,305,1,0,0,0
95.835,552.009,-3.85,3.19,350,305,1,0,0,0
91.985,555.199,-3.85,3.19,355,305,1,0,0,0
88.134,558.389,-3.85,3.19,360,305,1,0,0,0
84.284,561.579,-3.85,3.19,365,305,1,0,0,0
80.434,564.769,-3.85,3.19,370,305,1,0,0,0
76.584,567.959,-3.85,3.19,375,305,1,0,0,0
72.734,571.149,-3.85,3.19,380,305,1,0,0,0
68.883,574.339,-3.85,3.19,385,305,1,0,0,0
65.033,577.529,-3.85,3.19,390,305,1,0,0,0
61.183,580.719,-3.85,3.19,395,305,1,0,0,0
57.333,583.909,-3.85,3.19,400,305,1,0,0,0
53.483,587.099,-3.85,3.19,405,305,1,0,0,0
49.633,590.289,-3.85,3.19,410,305,1,0,0,0
45.782,593.479,-3.85,3.19,415,305,1,0,0,0
41.932,594.0,-3.85,-3.19,420,305,1,0,0,0
38.082,590.81,-3.85,-3.19,425,305,1,0,0,0
34.232,587.62,-3.85,-3.19,430,305,1,0,0,0
30.382,584.43,-3.85,-3.19,435,305,1,0,0,0
26.531,581.24,-3.85,-3.19,440,305,1,0,0,0
22.681,578.05,-3.85,-3.19,445,305,1,0,0,0
18.831,574.86,-3.85,-3.19,450,305,1,0,0,0
14.981,571.67,-3.85,-3.19,455,305,1,0,0,0
11.131,568.48,-3.85,-3.19,460,305,1,0,0,0
7.28,565.29,-3.85,-3.19,465,305,1,0,0,0
3.43,562.1,-3.85,-3.19,470,305,1,0,0,0
-0.42,558.91,-3.85,-3.19,475,305,1,0,0,0
-4.27,555.72,-3.85,-3.19,480,305,1,0,0,0
400.0,300.0,4.351,2.463,485,305,1,0,0,1
404.351,302.463,4.351,2.463,480,305,-1,0,0,0
408.703,304.926,4.351,2.463,475,305,-1,0,0,0
413.054,307.389,4.351,2.463,470,305,-1,0,0,0
417.405,309.851,4.351,2.463,465,305,-1,0,0,0
421.757,312.314,4.351,2.463,460,305,-1,0,0,0
426.108,314.777,4.351,2.463,455,305,-1,0,0,0
430.459,317.24,4.351,2.463,450,305,-1,0,0,0
434.811,319.703,4.351,2.463,445,305,-1,0,0,0
439.162,322.166,4.351,2.463,440,305,-1,0,0,0
443.514,324.629,4.351,2.463,435,305,-1,0,0,0
447.865,327.092,4.351,2.463,430,305,-1,0,0,0
452.216,329.554,4.351,2.463,425,305,-1,0,0,0
456.568,332.017,4.351,2.463,420,305,-1,0,0,0
460.919,334.48,4.351,2.463,415,305,-1,0,0,0
465.27,336.943,4.351,2.463,410,305,-1,0,0,0
469.622,339.406,4.351,2.463,405,305,-1,0,0,0
473.973,341.869,4.351,2.463,400,305,-1,0,0,0
478.324,344.332,4.351,2.463,395,305,-1,0,0,0
482.676,346.794,4.351,2.463,390,305,-1,0,0,0
487.027,349.257,4.351,2.463,385,305,-1,0,0,0
491.378,351.72,4.351,2.463,380,305,-1,0,0,0
495.73,354.183,4.351,2.463,375,305,-1,0,0,0
500.081,356.646,4.351,2.463,370,305,-1,0,0,0
504.433,359.109,4.351,2.463,365,305,-1,0,0,0
508.784,361.572,4.351,2.463,360,305,-1,0,0,0
513.135,364.035,4.351,2.463,355,305,-1,0,0,0
517.487,366.497,4.351,2.463,350,305,-1,0,0,0
521.838,368.96,4.351,2.463,345,305,-1,0,0,0
526.189,371.423,4.351,2.463,340,305,-1,0,0,0
530.541,373.886,4.351,2.463,335,305,-1,0,0,0
534.892,376.349,4.351,2.463,330,305,-1,0,0,0
539.243,378.812,4.351,2.463,330,305,0,0,0,0
543.595,381.275,4.351,2.463,330,305,0,0,0,0
547.946,383.737,4.351,2.463,330,305,0,0,0,0
552.297,386.2,4.351,2.463,330,305,0,0,0,0
556.649,388.663,4.351,2.463,330,305,0,0,0,0
561.0,391.126,4.351,2.463,330,305,0,0,0,0
565.351,393.589,4.351,2.463,330,305,0,0,0,0
569.703,396.052,4.351,2.463,335,305,1,0,0,0
574.054,398.515,4.351,2.463,340,305,1,0,0,0
578.406,400.978,4.351,2.463,345,305,1,0,0,0
582.757,403.44,4.351,2.463,350,305,1,0,0,0
587.108,405.903,4.351,2.463,355,305,1,0,0,0
591.46,408.366,4.351,2.463,360,305,1,0,0,0
595.811,410.829,4.351,2.463,365,305,1,0,0,0
600.162,413.292,4.351,2.463,370,305,1,0,0,0
604.514,415.755,4.351,2.463,375,305,1,0,0,0
608.865,418.218,4.351,2.463,380,305,1,0,0,0
613.216,420.68,4.351,2.463,385,305,1,0,0,0
617.568,423.143,4.351,2.463,390,305,1,0,0,0
621.919,425.606,4.351,2.463,395,305,1,0,0,0
626.27,428.069,4.351,2.463,400,305,1,0,0,0
630.622,430.532,4.351,2.463,405,305,1,0,0,0
634.973,432.995,4.351,2.463,410,305,1,0,0,0
639.325,435.458,4.351,2.463,415,305,1,0,0,0
643.676,437.921,4.351,2.463,420,305,1,0,0,0
648.027,440.383,4.351,2.463,425,305,1,0,0,0
652.379,442.846,4.351,2.463,430,305,1,0,0,0
656.73,445.309,4.351,2.463,430,305,0,0,0,0
661.081,447.772,4.351,2.463,430,305,0,0,0,0
665.433,450.235,4.351,2.463,430,305,0,0,0,0
669.784,452.698,4.351,2.463,430,305,0,0,0,0
674.135,455.161,4.351,2.463,430,305,0,0,0,0
678.487,457.623,4.351,2.463,430,305,0,0,0,0
682.838,460.086,4.351,2.463,430,305,0,0,0,0
687.189,462.549,4.351,2.463,430,305,0,0,0,0
691.541,465.012,4.351,2.463,430,305,0,0,0,0
695.892,467.475,4.351,2.463,430,305,0,0,0,0
700.243,469.938,4.351,2.463,430,305,0,0,0,0
704.595,472.401,4.351,2.463,430,305,0,0,0,0
708.946,474.864,4.351,2.463,430,305,0,0,0,0
713.298,477.326,4.351,2.463,430,305,0,0,0,0
717.649,479.789,4.351,2.463,430,305,0,0,0,0
722.0,482.252,4.351,2.463,430,305,0,0,0,0
726.352,484.715,4.351,2.463,430,305,0,0,0,0
730.703,487.178,4.351,2.463,430,305,0,0,0,0
735.054,489.641,4.351,2.463,430,305,0,0,0,0
739.406,492.104,4.351,2.463,430,305,0,0,0,0
743.757,494.566,4.351,2.463,430,305,0,0,0,0
748.108,497.029,4.351,2.463,430,305,0,0,0,0
752.46,499.492,4.351,2.463,430,305,0,0,0,0
756.811,501.955,4.351,2.463,430,305,0,0,0,0
761.162,504.418,4.351,2.463,430,305,0,0,0,0
765.514,506.881,4.351,2.463,430,305,0,0,0,0
769.865,509.344,4.351,2.463,430,305,0,0,0,0
774.217,511.807,4.351,2.463,430,305,0,0,0,0
778.568,514.269,4.351,2.463,430,305,0,0,0,0
782.919,516.732,4.351,2.463,430,305,0,0,0,0
787.271,519.195,4.351,2.463,430,310,0,1,0,0
791.622,521.658,4.351,2.463,430,315,0,1,0,0
795.973,524.121,4.351,2.463,430,320,0,1,0,0
800.325,526.584,4.351,2.463,430,325,0,1,0,0
804.676,529.047,4.351,2.463,430,330,0,1,0,0
400.0,300.0,-3.747,3.311,430,335,0,1,1,0
404.325,302.509,4.325,2.509,430,335,0,0,0,0
408.649,305.019,4.325,2.509,430,335,0,0,0,0
412.974,307.528,4.325,2.509,430,335,0,0,0,0
417.299,310.038,4.325,2.509,430,335,0,0,0,0
421.623,312.547,4.325,2.509,430,335,0,0,0,0
425.948,315.057,4.325,2.509,430,335,0,0,0,0
430.273,317.566,4.325,2.509,430,335,0,0,0,0
434.597,320.076,4.325,2.509,430,335,0,0,0,0
438.922,322.585,4.325,2.509,430,335,0,0,0,0
443.246,325.095,4.325,2.509,430,335,0,0,0,0
447.571,327.604,4.325,2.509,430,335,0,0,0,0
451.896,330.114,4.325,2.509,430,335,0,0,0,0
456.22,332.623,4.325,2.509,430,335,0,0,0,0
460.545,335.133,4.325,2.509,430,335,0,0,0,0
464.87,337.642,4.325,2.509,430,335,0,0,0,0
469.194,340.151,4.325,2.509,430,335,0,0,0,0
473.519,342.661,4.325,2.509,430,335,0,0,0,0
477.844,345.17,4.325,2.509,430,335,0,0,0,0
482.168,347.68,4.325,2.509,430,335,0,0,0,0
486.493,350.189,4.325,2.509,430,335,0,0,0,0
490.818,352.699,4.325,2.509,430,335,0,0,0,0
495.142,355.208,4.325,2.509,430,335,0,0,0,0
499.467,357.718,4.325,2.509,430,335,0,0,0,0
503.792,360.227,4.325,2.509,430,335,0,0,0,0
508.116,362.737,4.325,2.509,430,335,0,0,0,0
512.441,365.246,4.325,2.509,430,335,0,0,0,0
516.765,367.756,4.325,2.509,430,335,0,0,0,0
521.09,370.265,4.325,2.509,430,335,0,0,0,0
525.415,372.775,4.325,2.509,430,335,0,0,0,0
529.739,375.284,4.325,2.509,430,335,0,0,0,0
534.064,377.794,4.325,2.509,430,335,0,0,0,0
538.389,380.303,4.325,2.509,430,335,0,0,0,0
542.713,382.812,4.325,2.509,430,335,0,0,0,0
547.038,385.322,4.325,2.509,430,335,0,0,0,0
551.363,387.831,4.325,2.509,430,335,0,0,0,0
555.687,390.341,4.325,2.509,430,335,0,0,0,0
560.012,392.85,4.325,2.509,430,335,0,0,0,0
564.337,395.36,4.325,2.509,430,335,0,0,0,0
568.661,397.869,4.325,2.509,430,335,0,0,0,0
572.986,400.379,4.325,2.509,430,335,0,0,0,0
577.311,402.888,4.325,2.509,430,335,0,0,0,0
581.635,405.398,4.325,2.509,435,335,1,0,0,0
585.96,407.907,4.325,2.509,440,335,1,0,0,0
590.284,410.417,4.325,2.509,445,335,1,0,0,0
594.609,412.926,4.325,2.509,450,335,1,0,0,0
598.934,415.436,4.325,2.509,455,335,1,0,0,0
603.258,417.945,4.325,2.509,460,335,1,0,0,0
607.583,420.454,4.325,2.509,465,335,1,0,0,0
611.908,422.964,4.325,2.509,470,335,1,0,0,0
616.232,425.473,4.325,2.509,475,335,1,0,0,0
620.557,427.983,4.325,2.509,480,335,1,0,0,0
624.882,430.492,4.325,2.509,485,335,1,0,0,0
629.206,433.002,4.325,2.509,490,335,1,0,0,0
633.531,435.511,4.325,2.509,495,335,1,0,0,0
637.856,438.021,4.325,2.509,500,335,1,0,0,0
642.18,440.53,4.325,2.509,505,335,1,0,0,0
646.505,443.04,4.325,2.509,510,335,1,0,0,0
650.829,445.549,4.325,2.509,515,335,1,0,0,0
655.154,448.059,4.325,2.509,520,335,1,0,0,0
659.479,450.568,4.325,2.509,520,335,0,0,0,0
663.803,453.078,4.325,2.509,520,335,0,0,0,0
668.128,455.587,4.325,2.509,520,335,0,0,0,0
672.453,458.097,4.325,2.509,520,335,0,0,0,0
676.777,460.606,4.325,2.509,520,335,0,0,0,0
681.102,463.115,4.325,2.509,520,335,0,0,0,0
685.427,465.625,4.325,2.509,520,335,0,0,0,0
689.751,468.134,4.325,2.509,520,335,0,0,0,0
694.076,470.644,4.325,2.509,520,335,0,0,0,0
698.401,473.153,4.325,2.509,520,335,0,0,0,0
702.725,475.663,4.325,2.509,520,340,0,1,0,0
707.05,478.172,4.325,2.509,520,345,0,1,0,0
711.375,480.682,4.325,2.509,520,350,0,1,0,0
715.699,483.191,4.325,2.509,520,355,0,1,0,0
720.024,485.701,4.325,2.509,520,360,0,1,0,0
724.348,488.21,4.325,2.509,520,365,0,1,0,0
728.673,490.72,4.325,2.509,520,370,0,1,0,0
732.998,493.229,4.325,2.509,520,375,0,1,0,0
737.322,495.739,4.325,2.509,520,380,0,1,0,0
741.647,498.248,4.325,2.509,520,385,0,1,0,0
745.972,500.757,4.325,2.509,520,390,0,1,0,0
750.296,503.267,4.325,2.509,520,395,0,1,0,0
754.621,505.776,4.325,2.509,520,400,0,1,0,0
758.946,508.286,4.325,2.509,520,405,0,1,0,0
763.27,510.795,4.325,2.509,520,410,0,1,0,0
767.595,513.305,4.325,2.509,520,415,0,1,0,0
771.92,515.814,4.325,2.509,520,420,0,1,0,0
776.244,518.324,4.325,2.509,520,425,0,1,0,0
780.569,520.833,4.325,2.509,520,430,0,1,0,0
784.894,523.343,4.325,2.509,520,435,0,1,0,0
789.218,525.852,4.325,2.509,520,440,0,1,0,0
793.543,528.362,4.325,2.509,520,445,0,1,0,0
797.867,530.871,4.325,2.509,520,450,0,1,0,0
802.192,533.381,4.325,2.509,520,455,0,1,0,0
400.0,300.0,-4.787,1.444,520,460,0,1,1,0
395.213,301.444,-4.787,1.444,520,460,0,0,0,0
390.426,302.889,-4.787,1.444,520,460,0,0,0,0
385.64,304.333,-4.787,1.444,520,460,0,0,0,0
380.853,305.778,-4.787,1.444,520,460,0,0,0,0
376.066,307.222,-4.787,1.444,520,460,0,0,0,0
371.279,308.667,-4.787,1.444,520,460,0,0,0,0
366.492,310.111,-4.787,1.444,520,460,0,0,0,0
361.706,311.556,-4.787,1.444,520,460,0,0,0,0
356.919,313.0,-4.787,1.444,520,460,0,0,0,0
352.132,314.445,-4.787,1.444,520,460,0,0,0,0
347.345,315.889,-4.787,1.444,520,460,0,0,0,0
342.558,317.334,-4.787,1.444,520,460,0,0,0,0
337.772,318.778,-4.787,1.444,520,460,0,0,0,0
332.985,320.223,-4.787,1.444,520,460,0,0,0,0
328.198,321.667,-4.787,1.444,520,460,0,0,0,0
323.411,323.112,-4.787,1.444,520,460,0,0,0,0
318.624,324.556,-4.787,1.444,520,460,0,0,0,0
313.838,326.001,-4.787,1.444,520,460,0,0,0,0
309.051,327.445,-4.787,1.444,520,460,0,0,0,0
304.264,328.89,-4.787,1.444,520,460,0,0,0,0
299.477,330.334,-4.787,1.444,520,460,0,0,0,0
294.69,331.779,-4.787,1.444,520,460,0,0,0,0
289.904,333.223,-4.787,1.444,520,460,0,0,0,0
285.117,334.668,-4.787,1.444,520,460,0,0,0,0
280.33,336.112,-4.787,1.444,520,460,0,0,0,0
275.543,337.557,-4.787,1.444,520,460,0,0,0,0
270.756,339.001,-4.787,1.444,520,460,0,0,0,0
265.97,340.446,-4.787,1.444,515,460,-1,0,0,0
261.183,341.89,-4.787,1.444,510,460,-1,0,0,0
256.396,343.335,-4.787,1.444,505,460,-1,0,0,0
251.609,344.779,-4.787,1.444,500,460,-1,0,0,0
246.822,346.224,-4.787,1.444,495,460,-1,0,0,0
242.036,347.668,-4.787,1.444,490,460,-1,0,0,0
237.249,349.113,-4.787,1.444,485,460,-1,0,0,0
232.462,350.557,-4.787,1.444,480,460,-1,0,0,0
227.675,352.002,-4.787,1.444,475,460,-1,0,0,0
222.888,353.446,-4.787,1.444,470,460,-1,0,0,0
218.102,354.891,-4.787,1.444,465,460,-1,0,0,0
213.315,356.335,-4.787,1.444,460,460,-1,0,0,0
208.528,357.779,-4.787,1.444,455,460,-1,0,0,0
203.741,359.224,-4.787,1.444,450,460,-1,0,0,0
198.954,360.668,-4.787,1.444,445,460,-1,0,0,0
194.168,362.113,-4.787,1.444,440,460,-1,0,0,0
189.381,363.557,-4.787,1.444,435,460,-1,0,0,0
184.594,365.002,-4.787,1.444,430,460,-1,0,0,0
179.807,366.446,-4.787,1.444,425,460,-1,0,0,0
175.02,367.891,-4.787,1.444,420,460,-1,0,0,0
170.234,369.335,-4.787,1.444,415,460,-1,0,0,0
165.447,370.78,-4.787,1.444,410,460,-1,0,0,0
160.66,372.224,-4.787,1.444,405,460,-1,0,0,0
155.873,373.669,-4.787,1.444,400,460,-1,0,0,0
151.086,375.113,-4.787,1.444,395,460,-1,0,0,0
146.3,376.558,-4.787,1.444,390,460,-1,0,0,0
141.513,378.002,-4.787,1.444,385,460,-1,0,0,0
136.726,379.447,-4.787,1.444,385,460,0,0,0,0
131.939,380.891,-4.787,1.444,385,460,0,0,0,0
127.152,382.336,-4.787,1.444,385,460,0,0,0,0
122.366,383.78,-4.787,1.444,385,460,0,0,0,0
117.579,385.225,-4.787,1.444,385,460,0,0,0,0
112.792,386.669,-4.787,1.444,385,460,0,0,0,0
108.005,388.114,-4.787,1.444,385,460,0,0,0,0
103.218,389.558,-4.787,1.444,385,460,0,0,0,0
98.432,391.003,-4.787,1.444,385,460,0,0,0,0
93.645,392.447,-4.787,1.444,385,460,0,0,0,0
88.858,393.892,-4.787,1.444,385,460,0,0,0,0
84.071,395.336,-4.787,1.444,385,460,0,0,0,0
79.284,396.781,-4.787,1.444,385,460,0,0,0,0
74.498,398.225,-4.787,1.444,385,460,0,0,0,0
69.711,399.67,-4.787,1.444,385,460,0,0,0,0
64.924,401.114,-4.787,1.444,385,460,0,0,0,0
60.137,402.559,-4.787,1.444,385,460,0,0,0,0
55.35,404.003,-4.787,1.444,380,460,-1,0,0,0
50.564,405.448,-4.787,1.444,375,460,-1,0,0,0
49.0,406.892,5.282,-0.431,370,460,-1,0,0,0
54.282,406.461,5.282,-0.431,365,460,-1,0,0,0
59.565,406.031,5.282,-0.431,360,460,-1,0,0,0
64.847,405.6,5.282,-0.431,355,460,-1,0,0,0
70.13,405.169,5.282,-0.431,350,460,-1,0,0,0
75.412,404.738,5.282,-0.431,345,460,-1,0,0,0
80.695,404.307,5.282,-0.431,340,460,-1,0,0,0
85.977,403.877,5.282,-0.431,335,460,-1,0,0,0
91.26,403.446,5.282,-0.431,330,460,-1,0,0,0
96.542,403.015,5.282,-0.431,325,460,-1,0,0,0
101.825,402.584,5.282,-0.431,325,455,0,-1,0,0
107.107,402.154,5.282,-0.431,325,450,0,-1,0,0
112.39,401.723,5.282,-0.431,325,445,0,-1,0,0
117.672,401.292,5.282,-0.431,325,440,0,-1,0,0
122.955,400.861,5.282,-0.431,325,435,0,-1,0,0
128.237,400.431,5.282,-0.431,325,430,0,-1,0,0
133.519,400.0,5.282,-0.431,325,425,0,-1,0,0
138.802,399.569,5.282,-0.431,325,420,0,-1,0,0
144.084,399.138,5.282,-0.431,325,415,0,-1,0,0
149.367,398.708,5.282,-0.431,325,410,0,-1,0,0
154.649,398.277,5.282,-0.431,325,405,0,-1,0,0
159.932,397.846,5.282,-0.431,325,400,0,-1,0,0
165.214,397.415,5.282,-0.431,325,395,0,-1,0,0
170.497,396.984,5.282,-0.431,325,390,0,-1,0,0
175.779,396.554,5.282,-0.431,325,390,0,0,0,0
181.062,396.123,5.282,-0.431,325,390,0,0,0,0
186.344,395.692,5.282,-0.431,325,390,0,0,0,0
191.627,395.261,5.282,-0.431,325,390,0,0,0,0
196.909,394.831,5.282,-0.431,325,390,0,0,0,0
202.192,394.4,5.282,-0.431,325,390,0,0,0,0
207.474,393.969,5.282,-0.431,325,390,0,0,0,0
212.756,393.538,5.282,-0.431,325,390,0,0,0,0
218.039,393.108,5.282,-0.431,325,390,0,0,0,0
223.321,392.677,5.282,-0.431,325,390,0,0,0,0
228.604,392.246,5.282,-0.431,325,390,0,0,0,0
233.886,391.815,5.282,-0.431,325,390,0,0,0,0
239.169,391.385,5.282,-0.431,325,390,0,0,0,0
244.451,390.954,5.282,-0.431,325,390,0,0,0,0
249.734,390.523,5.282,-0.431,325,390,0,0,0,0
255.016,390.092,5.282,-0.431,325,390,0,0,0,0
260.299,389.662,5.282,-0.431,325,390,0,0,0,0
265.581,389.231,5.282,-0.431,325,390,0,0,0,0
270.864,388.8,5.282,-0.431,325,390,0,0,0,0
276.146,388.369,5.282,-0.431,325,390,0,0,0,0
281.428,387.938,5.282,-0.431,325,390,0,0,0,0
286.711,387.508,5.282,-0.431,325,390,0,0,0,0
291.993,387.077,5.282,-0.431,325,385,0,-1,0,0
297.276,386.646,5.282,-0.431,325,380,0,-1,0,0
302.558,386.215,5.282,-0.431,325,375,0,-1,0,0
307.841,385.785,5.282,-0.431,325,370,0,-1,0,0
313.123,385.354,5.282,-0.431,325,370,0,0,0,0
318.406,384.923,5.282,-0.431,325,370,0,0,0,0
323.688,384.492,5.282,-0.431,325,370,0,0,0,0
328.971,384.062,5.282,-0.431,325,370,0,0,0,0
334.253,383.631,5.282,-0.431,325,370,0,0,0,0
339.536,383.2,5.282,-0.431,325,370,0,0,0,0
344.818,382.769,5.282,-0.431,325,370,0,0,0,0
350.101,382.339,5.282,-0.431,325,370,0,0,0,0
355.383,381.908,5.282,-0.431,325,370,0,0,0,0
360.665,381.477,5.282,-0.431,325,370,0,0,0,0
365.948,381.046,5.282,-0.431,325,370,0,0,0,0
371.23,380.615,5.282,-0.431,325,370,0,0,0,0
376.513,380.185,5.282,-0.431,325,370,0,0,0,0
381.795,379.754,5.282,-0.431,325,370,0,0,0,0
387.078,379.323,5.282,-0.431,325,370,0,0,0,0
392.36,378.892,5.282,-0.431,325,370,0,0,0,0
397.643,378.462,5.282,-0.431,325,370,0,0,0,0
402.925,378.031,5.282,-0.431,325,370,0,0,0,0
408.208,377.6,5.282,-0.431,325,370,0,0,0,0
413.49,377.169,5.282,-0.431,325,370,0,0,0,0
418.773,376.739,5.282,-0.431,325,370,0,0,0,0
424.055,376.308,5.282,-0.431,325,370,0,0,0,0
429.338,375.877,5.282,-0.431,325,370,0,0,0,0
434.62,375.446,5.282,-0.431,325,370,0,0,0,0
439.902,375.016,5.282,-0.431,325,370,0,0,0,0
445.185,374.585,5.282,-0.431,325,370,0,0,0,0
450.467,374.154,5.282,-0.431,325,370,0,0,0,0
455.75,373.723,5.282,-0.431,325,370,0,0,0,0
461.032,373.293,5.282,-0.431,325,370,0,0,0,0
466.315,372.862,5.282,-0.431,325,370,0,0,0,0
471.597,372.431,5.282,-0.431,325,370,0,0,0,0
476.88,372.0,5.282,-0.431,325,370,0,0,0,0
482.162,371.569,5.282,-0.431,325,370,0,0,0,0
487.445,371.139,5.282,-0.431,325,365,0,-1,0,0
492.727,370.708,5.282,-0.431,325,360,0,-1,0,0
498.01,370.277,5.282,-0.431,325,355,0,-1,0,0
503.292,369.846,5.282,-0.431,325,350,0,-1,0,0
508.575,369.416,5.282,-0.431,325,350,0,0,0,0
513.857,368.985,5.282,-0.431,325,350,0,0,0,0
519.139,368.554,5.282,-0.431,325,350,0,0,0,0
524.422,368.123,5.282,-0.431,325,350,0,0,0,0
529.704,367.693,5.282,-0.431,325,350,0,0,0,0
534.987,367.262,5.282,-0.431,325,350,0,0,0,0
540.269,366.831,5.282,-0.431,325,350,0,0,0,0
545.552,366.4,5.282,-0.431,325,350,0,0,0,0
550.834,365.97,5.282,-0.431,325,350,0,0,0,0
556.117,365.539,5.282,-0.431,325,350,0,0,0,0
561.399,365.108,5.282,-0.431,325,350,0,0,0,0
566.682,364.677,5.282,-0.431,325,345,0,-1,0,0
571.964,364.246,5.282,-0.431,325,340,0,-1,0,0
577.247,363.816,5.282,-0.431,325,335,0,-1,0,0
582.529,363.385,5.282,-0.431,325,330,0,-1,0,0
587.811,362.954,5.282,-0.431,325,325,0,-1,0,0
593.094,362.523,5.282,-0.431,325,325,0,0,0,0
598.376,362.093,5.282,-0.431,325,325,0,0,0,0
603.659,361.662,5.282,-0.431,325,325,0,0,0,0
608.941,361.231,5.282,-0.431,325,325,0,0,0,0
614.224,360.8,5.282,-0.431,325,325,0,0,0,0
619.506,360.37,5.282,-0.431,325,325,0,0,0,0
624.789,359.939,5.282,-0.431,325,325,0,0,0,0
630.071,359.508,5.282,-0.431,325,325,0,0,0,0
635.354,359.077,5.282,-0.431,325,325,0,0,0,0
640.636,358.647,5.282,-0.431,325,325,0,0,0,0
645.919,358.216,5.282,-0.431,325,325,0,0,0,0
651.201,357.785,5.282,-0.431,325,325,0,0,0,0
656.484,357.354,5.282,-0.431,325,325,0,0,0,0
661.766,356.924,5.282,-0.431,325,325,0,0,0,0
667.048,356.493,5.282,-0.431,325,325,0,0,0,0
672.331,356.062,5.282,-0.431,325,325,0,0,0,0
677.613,355.631,5.282,-0.431,325,325,0,0,0,0
682.896,355.2,5.282,-0.431,325,325,0,0,0,0
688.178,354.77,5.282,-0.431,325,325,0,0,0,0
693.461,354.339,5.282,-0.431,325,325,0,0,0,0
698.743,353.908,5.282,-0.431,325,325,0,0,0,0
704.026,353.477,5.282,-0.431,325,325,0,0,0,0
709.308,353.047,5.282,-0.431,325,325,0,0,0,0
714.591,352.616,5.282,-0.431,325,325,0,0,0,0
719.873,352.185,5.282,-0.431,325,325,0,0,0,0
725.156,351.754,5.282,-0.431,325,325,0,0,0,0
730.438,351.324,5.282,-0.431,325,325,0,0,0,0
735.721,350.893,5.282,-0.431,325,325,0,0,0,0
741.003,350.462,5.282,-0.431,325,325,0,0,0,0
746.285,350.031,5.282,-0.431,325,325,0,0,0,0
751.568,349.601,5.282,-0.431,325,325,0,0,0,0
751.0,349.17,-5.126,-2.255,325,325,0,0,0,0
745.874,346.915,-5.126,-2.255,325,325,0,0,0,0
740.748,344.66,-5.126,-2.255,325,325,0,0,0,0
735.622,342.405,-5.126,-2.255,325,325,0,0,0,0
730.496,340.15,-5.126,-2.255,320,325,-1,0,0,0
725.37,337.895,-5.126,-2.255,315,325,-1,0,0,0
720.244,335.64,-5.126,-2.255,310,325,-1,0,0,0
715.119,333.385,-5.126,-2.255,310,325,0,0,0,0
709.993,331.13,-5.126,-2.255,310,325,0,0,0,0
704.867,328.875,-5.126,-2.255,310,325,0,0,0,0
699.741,326.62,-5.126,-2.255,310,325,0,0,0,0
694.615,324.365,-5.126,-2.255,310,325,0,0,0,0
689.489,322.11,-5.126,-2.255,310,325,0,0,0,0
684.363,319.855,-5.126,-2.255,310,325,0,0,0,0
679.237,317.6,-5.126,-2.255,310,325,0,0,0,0
674.111,315.345,-5.126,-2.255,310,325,0,0,0,0
668.985,313.09,-5.126,-2.255,310,325,0,0,0,0
663.859,310.835,-5.126,-2.255,310,325,0,0,0,0
658.733,308.58,-5.126,-2.255,310,325,0,0,0,0
653.607,306.325,-5.126,-2.255,310,325,0,0,0,0
648.481,304.07,-5.126,-2.255,310,325,0,0,0,0
643.356,301.815,-5.126,-2.255,310,325,0,0,0,0
638.23,299.561,-5.126,-2.255,310,325,0,0,0,0
633.104,297.306,-5.126,-2.255,310,325,0,0,0,0
627.978,295.051,-5.126,-2.255,310,325,0,0,0,0
622.852,292.796,-5.126,-2.255,310,325,0,0,0,0
617.726,290.541,-5.126,-2.255,310,325,0,0,0,0
612.6,288.286,-5.126,-2.255,305,325,-1,0,0,0
607.474,286.031,-5.126,-2.255,300,325,-1,0,0,0
602.348,283.776,-5.126,-2.255,295,325,-1,0,0,0
597.222,281.521,-5.126,-2.255,290,325,-1,0,0,0
592.096,279.266,-5.126,-2.255,285,325,-1,0,0,0
586.97,277.011,-5.126,-2.255,280,325,-1,0,0,0
581.844,274.756,-5.126,-2.255,275,325,-1,0,0,0
576.718,272.501,-5.126,-2.255,270,325,-1,0,0,0
571.593,270.246,-5.126,-2.255,265,325,-1,0,0,0
566.467,267.991,-5.126,-2.255,260,325,-1,0,0,0
561.341,265.736,-5.126,-2.255,255,325,-1,0,0,0
556.215,263.481,-5.126,-2.255,250,325,-1,0,0,0
551.089,261.226,-5.126,-2.255,245,325,-1,0,0,0
545.963,258.971,-5.126,-2.255,240,325,-1,0,0,0
540.837,256.716,-5.126,-2.255,235,325,-1,0,0,0
535.711,254.461,-5.126,-2.255,230,325,-1,0,0,0
530.585,252.206,-5.126,-2.255,225,325,-1,0,0,0
525.459,249.951,-5.126,-2.255,220,325,-1,0,0,0
520.333,247.696,-5.126,-2.255,215,325,-1,0,0,0
515.207,245.441,-5.126,-2.255,210,325,-1,0,0,0
510.081,243.186,-5.126,-2.255,205,325,-1,0,0,0
504.956,240.931,-5.126,-2.255,200,325,-1,0,0,0
499.83,238.676,-5.126,-2.255,195,325,-1,0,0,0
494.704,236.421,-5.126,-2.255,190,325,-1,0,0,0
489.578,234.166,-5.126,-2.255,185,325,-1,0,0,0
484.452,231.912,-5.126,-2.255,180,325,-1,0,0,0
479.326,229.657,-5.126,-2.255,175,325,-1,0,0,0
474.2,227.402,-5.126,-2.255,170,325,-1,0,0,0
469.074,225.147,-5.126,-2.255,165,325,-1,0,0,0
463.948,222.892,-5.126,-2.255,160,325,-1,0,0,0
458.822,220.637,-5.126,-2.255,155,325,-1,0,0,0
453.696,218.382,-5.126,-2.255,150,325,-1,0,0,0
448.57,216.127,-5.126,-2.255,145,325,-1,0,0,0
443.444,213.872,-5.126,-2.255,140,325,-1,0,0,0
438.318,211.617,-5.126,-2.255,135,325,-1,0,0,0
433.193,209.362,-5.126,-2.255,130,325,-1,0,0,0
428.067,207.107,-5.126,-2.255,125,325,-1,0,0,0
422.941,204.852,-5.126,-2.255,120,325,-1,0,0,0
417.815,202.597,-5.126,-2.255,115,325,-1,0,0,0
412.689,200.342,-5.126,-2.255,110,325,-1,0,0,0
407.563,198.087,-5.126,-2.255,105,325,-1,0,0,0
402.437,195.832,-5.126,-2.255,100,325,-1,0,0,0
397.311,193.577,-5.126,-2.255,95,325,-1,0,0,0
392.185,191.322,-5.126,-2.255,90,325,-1,0,0,0
387.059,189.067,-5.126,-2.255,90,325,0,0,0,0
381.933,186.812,-5.126,-2.255,90,325,0,0,0,0
376.807,184.557,-5.126,-2.255,90,325,0,0,0,0
371.681,182.302,-5.126,-2.255,90,325,0,0,0,0
366.555,180.047,-5.126,-2.255,90,325,0,0,0,0
361.43,177.792,-5.126,-2.255,90,325,0,0,0,0
356.304,175.537,-5.126,-2.255,90,325,0,0,0,0
351.178,173.282,-5.126,-2.255,90,325,0,0,0,0
346.052,171.027,-5.126,-2.255,90,325,0,0,0,0
340.926,168.772,-5.126,-2.255,90,325,0,0,0,0
335.8,166.517,-5.126,-2.255,90,325,0,0,0,0
330.674,164.263,-5.126,-2.255,90,325,0,0,0,0
325.548,162.008,-5.126,-2.255,90,325,0,0,0,0
320.422,159.753,-5.126,-2.255,90,325,0,0,0,0
315.296,157.498,-5.126,-2.255,90,325,0,0,0,0
310.17,155.243,-5.126,-2.255,90,325,0,0,0,0
305.044,152.988,-5.126,-2.255,90,325,0,0,0,0
299.918,150.733,-5.126,-2.255,90,325,0,0,0,0
294.793,148.478,-5.126,-2.255,90,325,0,0,0,0
289.667,146.223,-5.126,-2.255,90,325,0,0,0,0
284.541,143.968,-5.126,-2.255,90,325,0,0,0,0
279.415,141.713,-5.126,-2.255,90,325,0,0,0,0
274.289,139.458,-5.126,-2.255,85,325,-1,0,0,0
269.163,137.203,-5.126,-2.255,80,325,-1,0,0,0
264.037,134.948,-5.126,-2.255,75,325,-1,0,0,0
258.911,132.693,-5.126,-2.255,70,325,-1,0,0,0
253.785,130.438,-5.126,-2.255,65,325,-1,0,0,0
248.659,128.183,-5.126,-2.255,60,325,-1,0,0,0
243.533,125.928,-5.126,-2.255,55,325,-1,0,0,0
238.407,123.673,-5.126,-2.255,50,325,-1,0,0,0
233.281,121.418,-5.126,-2.255,45,325,-1,0,0,0
228.155,119.163,-5.126,-2.255,40,325,-1,0,0,0
223.03,116.908,-5.126,-2.255,35,325,-1,0,0,0
217.904,114.653,-5.126,-2.255,35,325,0,0,0,0
212.778,112.398,-5.126,-2.255,35,325,0,0,0,0
207.652,110.143,-5.126,-2.255,35,325,0,0,0,0
202.526,107.888,-5.126,-2.255,35,325,0,0,0,0
197.4,105.633,-5.126,-2.255,35,325,0,0,0,0
192.274,103.378,-5.126,-2.255,35,325,0,0,0,0
187.148,101.123,-5.126,-2.255,35,325,0,0,0,0
182.022,98.868,-5.126,-2.255,35,325,0,0,0,0
176.896,96.614,-5.126,-2.255,35,325,0,0,0,0
171.77,94.359,-5.126,-2.255,35,325,0,0,0,0
166.644,92.104,-5.126,-2.255,35,325,0,0,0,0
161.518,89.849,-5.126,-2.255,35,325,0,0,0,0
156.392,87.594,-5.126,-2.255,35,325,0,0,0,0
151.267,85.339,-5.126,-2.255,35,325,0,0,0,0
146.141,83.084,-5.126,-2.255,35,325,0,0,0,0
141.015,80.829,-5.126,-2.255,35,325,0,0,0,0
135.889,78.574,-5.126,-2.255,35,325,0,0,0,0
130.763,76.319,-5.126,-2.255,35,325,0,0,0,0
125.637,74.064,-5.126,-2.255,30,325,-1,0,0,0
120.511,71.809,-5.126,-2.255,25,325,-1,0,0,0
115.385,69.554,-5.126,-2.255,20,325,-1,0,0,0
110.259,67.299,-5.126,-2.255,15,325,-1,0,0,0
105.133,65.044,-5.126,-2.255,10,325,-1,0,0,0
100.007,62.789,-5.126,-2.255,5,325,-1,0,0,0
94.881,60.534,-5.126,-2.255,0,325,-1,0,0,0
89.755,58.279,-5.126,-2.255,0,325,0,0,0,0
84.629,56.024,-5.126,-2.255,0,325,0,0,0,0
79.504,53.769,-5.126,-2.255,0,325,0,0,0,0
74.378,51.514,-5.126,-2.255,0,325,0,0,0,0
69.252,49.259,-5.126,-2.255,0,325,0,0,0,0
64.126,47.004,-5.126,-2.255,0,325,0,0,0,0
59.0,44.749,-5.126,-2.255,0,325,0,0,0,0
53.874,42.494,-5.126,-2.255,0,325,0,0,0,0
48.748,40.239,-5.126,-2.255,0,325,0,0,0,0
49.0,37.984,5.892,-0.311,0,325,0,0,0,0
54.892,37.673,5.892,-0.311,0,325,0,0,0,0
60.784,37.362,5.892,-0.311,0,325,0,0,0,0
66.675,37.051,5.892,-0.311,0,325,0,0,0,0
72.567,36.74,5.892,-0.311,0,325,0,0,0,0
78.459,36.428,5.892,-0.311,0,325,0,0,0,0
84.351,36.117,5.892,-0.311,0,325,0,0,0,0
90.243,35.806,5.892,-0.311,0,325,0,0,0,0
96.134,35.495,5.892,-0.311,0,325,0,0,0,0
102.026,35.184,5.892,-0.311,0,325,0,0,0,0
107.918,34.873,5.892,-0.311,0,325,0,0,0,0
113.81,34.561,5.892,-0.311,0,325,0,0,0,0
119.701,34.25,5.892,-0.311,0,325,0,0,0,0
125.593,33.939,5.892,-0.311,5,325,1,0,0,0
131.485,33.628,5.892,-0.311,10,325,1,0,0,0
137.377,33.317,5.892,-0.311,15,325,1,0,0,0
143.269,33.005,5.892,-0.311,20,325,1,0,0,0
149.16,32.694,5.892,-0.311,25,325,1,0,0,0
155.052,32.383,5.892,-0.311,30,325,1,0,0,0
160.944,32.072,5.892,-0.311,35,325,1,0,0,0
166.836,31.761,5.892,-0.311,40,325,1,0,0,0
172.728,31.449,5.892,-0.311,45,325,1,0,0,0
178.619,31.138,5.892,-0.311,50,325,1,0,0,0
184.511,30.827,5.892,-0.311,55,325,1,0,0,0
190.403,30.516,5.892,-0.311,60,325,1,0,0,0
196.295,30.205,5.892,-0.311,65,325,1,0,0,0
202.186,29.894,5.892,-0.311,70,325,1,0,0,0
208.078,29.582,5.892,-0.311,75,325,1,0,0,0
213.97,29.271,5.892,-0.311,80,325,1,0,0,0
219.862,28.96,5.892,-0.311,85,325,1,0,0,0
225.754,28.649,5.892,-0.311,90,325,1,0,0,0
231.645,28.338,5.892,-0.311,95,325,1,0,0,0
237.537,28.026,5.892,-0.311,100,325,1,0,0,0
243.429,27.715,5.892,-0.311,100,325,0,0,0,0
249.321,27.404,5.892,-0.311,100,325,0,0,0,0
255.213,27.093,5.892,-0.311,100,325,0,0,0,0
261.104,26.782,5.892,-0.311,100,325,0,0,0,0
266.996,26.47,5.892,-0.311,100,325,0,0,0,0
272.888,26.159,5.892,-0.311,100,325,0,0,0,0
278.78,25.848,5.892,-0.311,100,325,0,0,0,0
284.672,25.537,5.892,-0.311,100,325,0,0,0,0
290.563,25.226,5.892,-0.311,100,325,0,0,0,0
296.455,24.915,5.892,-0.311,100,325,0,0,0,0
302.347,24.603,5.892,-0.311,95,325,-1,0,0,0
308.239,24.292,5.892,-0.311,90,325,-1,0,0,0
314.13,23.981,5.892,-0.311,85,325,-1,0,0,0
320.022,23.67,5.892,-0.311,80,320,-1,-1,0,0
325.914,23.359,5.892,-0.311,75,315,-1,-1,0,0
331.806,23.047,5.892,-0.311,70,310,-1,-1,0,0
337.698,22.736,5.892,-0.311,65,305,-1,-1,0,0
343.589,22.425,5.892,-0.311,60,300,-1,-1,0,0
349.481,22.114,5.892,-0.311,55,295,-1,-1,0,0
355.373,21.803,5.892,-0.311,50,290,-1,-1,0,0
361.265,21.491,5.892,-0.311,45,285,-1,-1,0,0
367.157,21.18,5.892,-0.311,40,280,-1,-1,0,0
373.048,20.869,5.892,-0.311,35,275,-1,-1,0,0
378.94,20.558,5.892,-0.311,30,270,-1,-1,0,0
384.832,20.247,5.892,-0.311,25,265,-1,-1,0,0
390.724,19.936,5.892,-0.311,20,260,-1,-1,0,0
396.615,19.624,5.892,-0.311,15,255,-1,-1,0,0
402.507,19.313,5.892,-0.311,10,250,-1,-1,0,0
408.399,19.002,5.892,-0.311,5,245,-1,-1,0,0
414.291,18.691,5.892,-0.311,0,240,-1,-1,0,0
420.183,18.38,5.892,-0.311,0,235,-1,-1,0,0
426.074,18.068,5.892,-0.311,0,230,-1,-1,0,0
431.966,17.757,5.892,-0.311,0,225,-1,-1,0,0
437.858,17.446,5.892,-0.311,0,220,-1,-1,0,0
443.75,17.135,5.892,-0.311,0,215,-1,-1,0,0
449.642,16.824,5.892,-0.311,0,210,-1,-1,0,0
455.533,16.513,5.892,-0.311,0,205,-1,-1,0,0
461.425,16.201,5.892,-0.311,0,200,-1,-1,0,0
467.317,15.89,5.892,-0.311,0,195,-1,-1,0,0
473.209,15.579,5.892,-0.311,0,190,-1,-1,0,0
479.101,15.268,5.892,-0.311,0,185,-1,-1,0,0
484.992,14.957,5.892,-0.311,0,180,-1,-1,0,0
490.884,14.645,5.892,-0.311,0,175,-1,-1,0,0
496.776,14.334,5.892,-0.311,0,170,-1,-1,0,0
502.668,14.023,5.892,-0.311,0,165,-1,-1,0,0
508.559,13.712,5.892,-0.311,0,160,-1,-1,0,0
514.451,13.401,5.892,-0.311,0,155,-1,-1,0,0
520.343,13.089,5.892,-0.311,0,150,0,-1,0,0
526.235,12.778,5.892,-0.311,0,145,0,-1,0,0
532.127,12.467,5.892,-0.311,0,140,0,-1,0,0
538.018,12.156,5.892,-0.311,0,135,0,-1,0,0
543.91,11.845,5.892,-0.311,0,130,0,-1,0,0
549.802,11.534,5.892,-0.311,0,125,0,-1,0,0
555.694,11.222,5.892,-0.311,0,120,0,-1,0,0
561.586,10.911,5.892,-0.311,0,115,0,-1,0,0
567.477,10.6,5.892,-0.311,0,110,0,-1,0,0
573.369,10.289,5.892,-0.311,0,105,0,-1,0,0
579.261,9.978,5.892,-0.311,0,100,0,-1,0,0
585.153,9.666,5.892,-0.311,0,95,0,-1,0,0
591.044,9.355,5.892,-0.311,0,90,0,-1,0,0
596.936,9.044,5.892,-0.311,0,85,0,-1,0,0
602.828,8.733,5.892,-0.311,0,80,0,-1,0,0
608.72,8.422,5.892,-0.311,0,80,0,0,0,0
614.612,8.11,5.892,-0.311,0,80,0,0,0,0
620.503,7.799,5.892,-0.311,0,80,0,0,0,0
626.395,7.488,5.892,-0.311,0,80,0,0,0,0
632.287,7.177,5.892,-0.311,0,80,0,0,0,0
638.179,6.866,5.892,-0.311,0,80,0,0,0,0
644.071,6.555,5.892,-0.311,0,80,0,0,0,0
649.962,6.243,5.892,-0.311,0,80,0,0,0,0
655.854,6.0,5.892,0.311,0,80,0,0,0,0
661.746,6.311,5.892,0.311,0,80,0,0,0,0
667.638,6.622,5.892,0.311,0,80,0,0,0,0
673.529,6.934,5.892,0.311,0,80,0,0,0,0
679.421,7.245,5.892,0.311,0,80,0,0,0,0
685.313,7.556,5.892,0.311,0,80,0,0,0,0
691.205,7.867,5.892,0.311,0,80,0,0,0,0
697.097,8.178,5.892,0.311,0,80,0,0,0,0
702.988,8.489,5.892,0.311,0,80,0,0,0,0
708.88,8.801,5.892,0.311,0,80,0,0,0,0
714.772,9.112,5.892,0.311,0,80,0,0,0,0
720.664,9.423,5.892,0.311,0,80,0,0,0,0
726.556,9.734,5.892,0.311,0,80,0,0,0,0
732.447,10.045,5.892,0.311,0,80,0,0,0,0
738.339,10.357,5.892,0.311,0,75,0,-1,0,0
744.231,10.668,5.892,0.311,0,70,0,-1,0,0
750.123,10.979,5.892,0.311,0,65,0,-1,0,0
756.015,11.29,5.892,0.311,0,60,0,-1,0,0
761.906,11.601,5.892,0.311,0,55,0,-1,0,0
767.798,11.913,5.892,0.311,0,50,0,-1,0,0
773.69,12.224,5.892,0.311,0,45,0,-1,0,0
779.582,12.535,5.892,0.311,0,40,0,-1,0,0
785.473,12.846,5.892,0.311,0,35,0,-1,0,0
791.365,13.157,5.892,0.311,0,30,0,-1,0,0
797.257,13.468,5.892,0.311,0,25,0,-1,0,0
803.149,13.78,5.892,0.311,0,20,0,-1,0,0
400.0,300.0,-4.892,-1.034,0,15,0,-1,1,0
395.108,298.966,-4.892,-1.034,0,15,0,0,0,0
390.216,297.933,-4.892,-1.034,0,15,0,0,0,0
385.324,296.899,-4.892,-1.034,0,15,0,0,0,0
380.432,295.865,-4.892,-1.034,0,15,0,0,0,0
375.54,294.831,-4.892,-1.034,0,15,0,0,0,0
370.648,293.798,-4.892,-1.034,0,15,0,0,0,0
365.756,292.764,-4.892,-1.034,0,15,0,0,0,0
360.864,291.73,-4.892,-1.034,0,15,0,0,0,0
355.972,290.696,-4.892,-1.034,0,15,0,0,0,0
351.08,289.663,-4.892,-1.034,0,15,0,0,0,0
346.188,288.629,-4.892,-1.034,0,15,0,0,0,0
341.296,287.595,-4.892,-1.034,0,15,0,0,0,0
336.404,286.562,-4.892,-1.034,0,15,0,0,0,0
331.512,285.528,-4.892,-1.034,0,15,0,0,0,0
326.62,284.494,-4.892,-1.034,0,15,0,0,0,0
321.728,283.46,-4.892,-1.034,0,15,0,0,0,0
316.836,282.427,-4.892,-1.034,0,15,0,0,0,0
311.944,281.393,-4.892,-1.034,5,15,1,0,0,0
307.052,280.359,-4.892,-1.034,10,15,1,0,0,0
302.161,279.326,-4.892,-1.034,15,15,1,0,0,0
297.269,278.292,-4.892,-1.034,20,15,1,0,0,0
292.377,277.258,-4.892,-1.034,25,15,1,0,0,0
287.485,276.224,-4.892,-1.034,30,15,1,0,0,0
282.593,275.191,-4.892,-1.034,35,15,1,0,0,0
277.701,274.157,-4.892,-1.034,40,15,1,0,0,0
272.809,273.123,-4.892,-1.034,45,15,1,0,0,0
267.917,272.089,-4.892,-1.034,50,15,1,0,0,0
263.025,271.056,-4.892,-1.034,55,15,1,0,0,0
258.133,270.022,-4.892,-1.034,60,15,1,0,0,0
253.241,268.988,-4.892,-1.034,65,15,1,0,0,0
248.349,267.955,-4.892,-1.034,70,15,1,0,0,0
243.457,266.921,-4.892,-1.034,75,15,1,0,0,0
238.565,265.887,-4.892,-1.034,80,15,1,0,0,0
233.673,264.853,-4.892,-1.034,85,15,1,0,0,0
228.781,263.82,-4.892,-1.034,90,15,1,0,0,0
223.889,262.786,-4.892,-1.034,95,15,1,0,0,0
218.997,261.752,-4.892,-1.034,100,15,1,0,0,0
214.105,260.719,-4.892,-1.034,105,15,1,0,0,0
209.213,259.685,-4.892,-1.034,110,15,1,0,0,0
204.321,258.651,-4.892,-1.034,115,15,1,0,0,0
199.429,257.617,-4.892,-1.034,120,15,1,0,0,0
194.537,256.584,-4.892,-1.034,125,15,1,0,0,0
189.645,255.55,-4.892,-1.034,130,15,1,0,0,0
184.753,254.516,-4.892,-1.034,135,15,1,0,0,0
179.861,253.482,-4.892,-1.034,140,15,1,0,0,0
174.969,252.449,-4.892,-1.034,145,15,1,0,0,0
170.077,251.415,-4.892,-1.034,150,15,1,0,0,0
165.185,250.381,-4.892,-1.034,155,15,1,0,0,0
160.293,249.348,-4.892,-1.034,160,15,1,0,0,0
155.401,248.314,-4.892,-1.034,165,15,1,0,0,0
150.509,247.28,-4.892,-1.034,170,15,1,0,0,0
145.617,246.246,-4.892,-1.034,175,15,1,0,0,0
140.725,245.213,-4.892,-1.034,180,15,1,0,0,0
135.833,244.179,-4.892,-1.034,185,15,1,0,0,0
130.941,243.145,-4.892,-1.034,185,15,0,0,0,0
126.049,242.112,-4.892,-1.034,185,15,0,0,0,0
121.157,241.078,-4.892,-1.034,185,15,0,0,0,0
116.265,240.044,-4.892,-1.034,185,15,0,0,0,0
111.373,239.01,-4.892,-1.034,185,15,0,0,0,0
106.482,237.977,-4.892,-1.034,185,15,0,0,0,0
101.59,236.943,-4.892,-1.034,185,15,0,0,0,0
96.698,235.909,-4.892,-1.034,185,15,0,0,0,0
91.806,234.875,-4.892,-1.034,185,15,0,0,0,0
86.914,233.842,-4.892,-1.034,185,15,0,0,0,0
82.022,232.808,-4.892,-1.034,185,15,0,0,0,0
77.13,231.774,-4.892,-1.034,185,15,0,0,0,0
72.238,230.741,-4.892,-1.034,185,15,0,0,0,0
67.346,229.707,-4.892,-1.034,185,15,0,0,0,0
62.454,228.673,-4.892,-1.034,185,15,0,0,0,0
57.562,227.639,-4.892,-1.034,185,15,0,0,0,0
52.67,226.606,-4.892,-1.034,185,15,0,0,0,0
49.0,225.572,5.299,0.079,185,15,0,0,0,0
54.299,225.651,5.299,0.079,185,15,0,0,0,0
59.599,225.731,5.299,0.079,185,15,0,0,0,0
64.898,225.81,5.299,0.079,185,15,0,0,0,0
70.198,225.889,5.299,0.079,185,15,0,0,0,0
75.497,225.969,5.299,0.079,185,15,0,0,0,0
80.796,226.048,5.299,0.079,185,15,0,0,0,0
86.096,226.127,5.299,0.079,185,15,0,0,0,0
91.395,226.207,5.299,0.079,185,15,0,0,0,0
96.695,226.286,5.299,0.079,185,15,0,0,0,0
101.994,226.366,5.299,0.079,185,15,0,0,0,0
107.293,226.445,5.299,0.079,185,15,0,0,0,0
112.593,226.524,5.299,0.079,185,15,0,0,0,0
117.892,226.604,5.299,0.079,185,15,0,0,0,0
123.192,226.683,5.299,0.079,185,15,0,0,0,0
128.491,226.762,5.299,0.079,185,15,0,0,0,0
133.79,226.842,5.299,0.079,185,15,0,0,0,0
139.09,226.921,5.299,0.079,185,15,0,0,0,0
144.389,227.0,5.299,0.079,185,15,0,0,0,0
149.689,227.08,5.299,0.079,185,15,0,0,0,0
154.988,227.159,5.299,0.079,185,15,0,0,0,0
160.288,227.239,5.299,0.079,185,15,0,0,0,0
165.587,227.318,5.299,0.079,190,15,1,0,0,0
170.886,227.397,5.299,0.079,195,15,1,0,0,0
176.186,227.477,5.299,0.079,200,15,1,0,0,0
181.485,227.556,5.299,0.079,205,15,1,0,0,0
186.785,227.635,5.299,0.079,210,15,1,0,0,0
192.084,227.715,5.299,0.079,215,15,1,0,0,0
197.383,227.794,5.299,0.079,220,15,1,0,0,0
202.683,227.873,5.299,0.079,225,15,1,0,0,0
207.982,227.953,5.299,0.079,230,15,1,0,0,0
213.282,228.032,5.299,0.079,235,20,1,1,0,0
218.581,228.111,5.299,0.079,240,25,1,1,0,0
223.88,228.191,5.299,0.079,245,30,1,1,0,0
229.18,228.27,5.299,0.079,250,35,1,1,0,0
234.479,228.35,5.299,0.079,255,40,1,1,0,0
239.779,228.429,5.299,0.079,260,45,1,1,0,0
245.078,228.508,5.299,0.079,265,50,1,1,0,0
250.377,228.588,5.299,0.079,270,55,1,1,0,0
255.677,228.667,5.299,0.079,275,60,1,1,0,0
260.976,228.746,5.299,0.079,280,65,1,1,0,0
266.276,228.826,5.299,0.079,285,70,1,1,0,0
271.575,228.905,5.299,0.079,290,75,1,1,0,0
276.874,228.984,5.299,0.079,295,80,1,1,0,0
282.174,229.064,5.299,0.079,300,85,1,1,0,0
287.473,229.143,5.299,0.079,305,90,1,1,0,0
292.773,229.223,5.299,0.079,310,95,1,1,0,0
298.072,229.302,5.299,0.079,310,100,0,1,0,0
303.371,229.381,5.299,0.079,310,105,0,1,0,0
308.671,229.461,5.299,0.079,310,110,0,1,0,0
313.97,229.54,5.299,0.079,310,115,0,1,0,0
319.27,229.619,5.299,0.079,310,120,0,1,0,0
324.569,229.699,5.299,0.079,310,125,0,1,0,0
329.869,229.778,5.299,0.079,310,130,0,1,0,0
335.168,229.857,5.299,0.079,310,130,0,0,0,0
340.467,229.937,5.299,0.079,310,130,0,0,0,0
345.767,230.016,5.299,0.079,310,130,0,0,0,0
351.066,230.096,5.299,0.079,310,130,0,0,0,0
356.366,230.175,5.299,0.079,310,130,0,0,0,0
361.665,230.254,5.299,0.079,310,130,0,0,0,0
366.964,230.334,5.299,0.079,310,130,0,0,0,0
372.264,230.413,5.299,0.079,310,130,0,0,0,0
377.563,230.492,5.299,0.079,310,130,0,0,0,0
382.863,230.572,5.299,0.079,310,130,0,0,0,0
388.162,230.651,5.299,0.079,310,130,0,0,0,0
393.461,230.73,5.299,0.079,310,130,0,0,0,0
398.761,230.81,5.299,0.079,310,130,0,0,0,0
404.06,230.889,5.299,0.079,310,130,0,0,0,0
409.36,230.968,5.299,0.079,310,130,0,0,0,0
414.659,231.048,5.299,0.079,310,130,0,0,0,0
419.958,231.127,5.299,0.079,310,130,0,0,0,0
425.258,231.207,5.299,0.079,310,130,0,0,0,0
430.557,231.286,5.299,0.079,310,130,0,0,0,0
435.857,231.365,5.299,0.079,310,130,0,0,0,0
441.156,231.445,5.299,0.079,310,130,0,0,0,0
446.455,231.524,5.299,0.079,310,130,0,0,0,0
451.755,231.603,5.299,0.079,310,130,0,0,0,0
457.054,231.683,5.299,0.079,310,130,0,0,0,0
462.354,231.762,5.299,0.079,310,130,0,0,0,0
467.653,231.841,5.299,0.079,310,130,0,0,0,0
472.952,231.921,5.299,0.079,310,130,0,0,0,0
478.252,232.0,5.299,0.079,310,130,0,0,0,0
483.551,232.08,5.299,0.079,310,130,0,0,0,0
488.851,232.159,5.299,0.079,310,130,0,0,0,0
494.15,232.238,5.299,0.079,310,130,0,0,0,0
499.449,232.318,5.299,0.079,310,130,0,0,0,0
504.749,232.397,5.299,0.079,310,130,0,0,0,0
510.048,232.476,5.299,0.079,310,130,0,0,0,0
515.348,232.556,5.299,0.079,310,130,0,0,0,0
520.647,232.635,5.299,0.079,310,130,0,0,0,0
525.947,232.714,5.299,0.079,310,130,0,0,0,0
531.246,232.794,5.299,0.079,310,130,0,0,0,0
536.545,232.873,5.299,0.079,310,130,0,0,0,0
541.845,232.952,5.299,0.079,310,130,0,0,0,0
547.144,233.032,5.299,0.079,310,130,0,0,0,0
552.444,233.111,5.299,0.079,310,130,0,0,0,0
557.743,233.191,5.299,0.079,310,135,0,1,0,0
563.042,233.27,5.299,0.079,310,140,0,1,0,0
568.342,233.349,5.299,0.079,310,145,0,1,0,0
573.641,233.429,5.299,0.079,310,150,0,1,0,0
578.941,233.508,5.299,0.079,310,155,0,1,0,0
584.24,233.587,5.299,0.079,310,160,0,1,0,0
589.539,233.667,5.299,0.079,310,165,0,1,0,0
594.839,233.746,5.299,0.079,310,170,0,1,0,0
600.138,233.825,5.299,0.079,310,175,0,1,0,0
605.438,233.905,5.299,0.079,310,180,0,1,0,0
610.737,233.984,5.299,0.079,310,185,0,1,0,0
616.036,234.064,5.299,0.079,310,190,0,1,0,0
621.336,234.143,5.299,0.079,310,195,0,1,0,0
626.635,234.222,5.299,0.079,310,200,0,1,0,0
631.935,234.302,5.299,0.079,310,200,0,0,0,0
637.234,234.381,5.299,0.079,310,200,0,0,0,0
642.533,234.46,5.299,0.079,310,200,0,0,0,0
647.833,234.54,5.299,0.079,310,200,0,0,0,0
653.132,234.619,5.299,0.079,310,200,0,0,0,0
658.432,234.698,5.299,0.079,310,200,0,0,0,0
663.731,234.778,5.299,0.079,310,200,0,0,0,0
669.03,234.857,5.299,0.079,310,200,0,0,0,0
674.33,234.936,5.299,0.079,310,200,0,0,0,0
679.629,235.016,5.299,0.079,310,200,0,0,0,0
684.929,235.095,5.299,0.079,310,200,0,0,0,0
690.228,235.175,5.299,0.079,310,200,0,0,0,0
695.528,235.254,5.299,0.079,310,200,0,0,0,0
700.827,235.333,5.299,0.079,310,200,0,0,0,0
706.126,235.413,5.299,0.079,310,200,0,0,0,0
711.426,235.492,5.299,0.079,310,200,0,0,0,0
716.725,235.571,5.299,0.079,310,200,0,0,0,0
722.025,235.651,5.299,0.079,310,200,0,0,0,0
727.324,235.73,5.299,0.079,310,200,0,0,0,0
732.623,235.809,5.299,0.079,310,200,0,0,0,0
737.923,235.889,5.299,0.079,310,200,0,0,0,0
743.222,235.968,5.299,0.079,310,200,0,0,0,0
748.522,236.048,5.299,0.079,310,200,0,0,0,0
751.0,236.127,-5.571,-0.567,310,200,0,0,0,0
745.429,235.56,-5.571,-0.567,310,200,0,0,0,0
739.858,234.993,-5.571,-0.567,310,200,0,0,0,0
734.286,234.426,-5.571,-0.567,310,200,0,0,0,0
728.715,233.859,-5.571,-0.567,310,200,0,0,0,0
723.144,233.293,-5.571,-0.567,310,200,0,0,0,0
717.573,232.726,-5.571,-0.567,310,200,0,0,0,0
712.001,232.159,-5.571,-0.567,310,200,0,0,0,0
706.43,231.592,-5.571,-0.567,310,200,0,0,0,0
700.859,231.025,-5.571,-0.567,310,200,0,0,0,0
695.288,230.458,-5.571,-0.567,310,200,0,0,0,0
689.716,229.891,-5.571,-0.567,310,200,0,0,0,0
684.145,229.325,-5.571,-0.567,310,200,0,0,0,0
678.574,228.758,-5.571,-0.567,310,200,0,0,0,0
673.003,228.191,-5.571,-0.567,310,200,0,0,0,0
667.431,227.624,-5.571,-0.567,305,200,-1,0,0,0
661.86,227.057,-5.571,-0.567,300,200,-1,0,0,0
656.289,226.49,-5.571,-0.567,295,200,-1,0,0,0
650.718,225.923,-5.571,-0.567,290,200,-1,0,0,0
645.147,225.357,-5.571,-0.567,285,200,-1,0,0,0
639.575,224.79,-5.571,-0.567,280,200,-1,0,0,0
634.004,224.223,-5.571,-0.567,275,200,-1,0,0,0
628.433,223.656,-5.571,-0.567,270,205,-1,1,0,0
622.862,223.089,-5.571,-0.567,265,210,-1,1,0,0
617.29,222.522,-5.571,-0.567,260,215,-1,1,0,0
611.719,221.955,-5.571,-0.567,255,220,-1,1,0,0
606.148,221.389,-5.571,-0.567,250,225,-1,1,0,0
600.577,220.822,-5.571,-0.567,245,230,-1,1,0,0
595.005,220.255,-5.571,-0.567,240,235,-1,1,0,0
589.434,219.688,-5.571,-0.567,235,240,-1,1,0,0
583.863,219.121,-5.571,-0.567,230,240,-1,0,0,0
578.292,218.554,-5.571,-0.567,225,240,-1,0,0,0
572.72,217.987,-5.571,-0.567,220,240,-1,0,0,0
567.149,217.421,-5.571,-0.567,215,240,-1,0,0,0
561.578,216.854,-5.571,-0.567,210,240,-1,0,0,0
556.007,216.287,-5.571,-0.567,205,240,-1,0,0,0
550.435,215.72,-5.571,-0.567,200,240,-1,0,0,0
544.864,215.153,-5.571,-0.567,195,235,-1,-1,0,0
539.293,214.586,-5.571,-0.567,190,230,-1,-1,0,0
533.722,214.019,-5.571,-0.567,185,225,-1,-1,0,0
528.151,213.453,-5.571,-0.567,180,220,-1,-1,0,0
522.579,212.886,-5.571,-0.567,175,215,-1,-1,0,0
517.008,212.319,-5.571,-0.567,170,210,-1,-1,0,0
511.437,211.752,-5.571,-0.567,165,205,-1,-1,0,0
505.866,211.185,-5.571,-0.567,160,200,-1,-1,0,0
500.294,210.618,-5.571,-0.567,155,195,-1,-1,0,0
494.723,210.052,-5.571,-0.567,150,195,-1,0,0,0
489.152,209.485,-5.571,-0.567,145,195,-1,0,0,0
483.581,208.918,-5.571,-0.567,140,195,-1,0,0,0
478.009,208.351,-5.571,-0.567,135,195,-1,0,0,0
472.438,207.784,-5.571,-0.567,135,195,0,0,0,0
466.867,207.217,-5.571,-0.567,135,195,0,0,0,0
461.296,206.65,-5.571,-0.567,135,195,0,0,0,0
455.724,206.084,-5.571,-0.567,135,195,0,0,0,0
450.153,205.517,-5.571,-0.567,135,195,0,0,0,0
444.582,204.95,-5.571,-0.567,135,195,0,0,0,0
439.011,204.383,-5.571,-0.567,135,195,0,0,0,0
433.44,203.816,-5.571,-0.567,135,195,0,0,0,0
427.868,203.249,-5.571,-0.567,135,195,0,0,0,0
422.297,202.682,-5.571,-0.567,135,195,0,0,0,0
416.726,202.116,-5.571,-0.567,135,195,0,0,0,0
411.155,201.549,-5.571,-0.567,135,195,0,0,0,0
405.583,200.982,-5.571,-0.567,135,195,0,0,0,0
400.012,200.415,-5.571,-0.567,135,195,0,0,0,0
394.441,199.848,-5.571,-0.567,135,195,0,0,0,0
388.87,199.281,-5.571,-0.567,135,195,0,0,0,0
383.298,198.714,-5.571,-0.567,135,195,0,0,0,0
377.727,198.148,-5.571,-0.567,135,195,0,0,0,0
372.156,197.581,-5.571,-0.567,135,195,0,0,0,0
366.585,197.014,-5.571,-0.567,135,195,0,0,0,0
361.013,196.447,-5.571,-0.567,135,195,0,0,0,0
355.442,195.88,-5.571,-0.567,135,195,0,0,0,0
349.871,195.313,-5.571,-0.567,135,195,0,0,0,0
344.3,194.746,-5.571,-0.567,135,195,0,0,0,0
338.729,194.18,-5.571,-0.567,135,195,0,0,0,0
333.157,193.613,-5.571,-0.567,135,195,0,0,0,0
327.586,193.046,-5.571,-0.567,135,195,0,0,0,0
322.015,192.479,-5.571,-0.567,135,195,0,0,0,0
316.444,191.912,-5.571,-0.567,135,195,0,0,0,0
310.872,191.345,-5.571,-0.567,130,190,-1,-1,0,0
305.301,190.778,-5.571,-0.567,125,185,-1,-1,0,0
299.73,190.212,-5.571,-0.567,120,180,-1,-1,0,0
294.159,189.645,-5.571,-0.567,115,175,-1,-1,0,0
288.587,189.078,-5.571,-0.567,115,170,0,-1,0,0
283.016,188.511,-5.571,-0.567,115,165,0,-1,0,0
277.445,187.944,-5.571,-0.567,115,160,0,-1,0,0
271.874,187.377,-5.571,-0.567,115,155,0,-1,0,0
266.302,186.81,-5.571,-0.567,115,150,0,-1,0,0
260.731,186.244,-5.571,-0.567,115,145,0,-1,0,0
255.16,185.677,-5.571,-0.567,115,140,0,-1,0,0
249.589,185.11,-5.571,-0.567,115,135,0,-1,0,0
244.017,184.543,-5.571,-0.567,115,130,0,-1,0,0
238.446,183.976,-5.571,-0.567,115,125,0,-1,0,0
232.875,183.409,-5.571,-0.567,115,120,0,-1,0,0
227.304,182.842,-5.571,-0.567,115,120,0,0,0,0
221.733,182.276,-5.571,-0.567,115,120,0,0,0,0
216.161,181.709,-5.571,-0.567,115,120,0,0,0,0
210.59,181.142,-5.571,-0.567,115,120,0,0,0,0
205.019,180.575,-5.571,-0.567,115,120,0,0,0,0
199.448,180.008,-5.571,-0.567,115,120,0,0,0,0
193.876,179.441,-5.571,-0.567,115,120,0,0,0,0
188.305,178.874,-5.571,-0.567,115,120,0,0,0,0
182.734,178.308,-5.571,-0.567,115,120,0,0,0,0
177.163,177.741,-5.571,-0.567,115,120,0,0,0,0
171.591,177.174,-5.571,-0.567,115,120,0,0,0,0
166.02,176.607,-5.571,-0.567,115,120,0,0,0,0
160.449,176.04,-5.571,-0.567,115,120,0,0,0,0
154.878,175.473,-5.571,-0.567,115,120,0,0,0,0
149.306,174.906,-5.571,-0.567,115,120,0,0,0,0
143.735,174.34,-5.571,-0.567,115,120,0,0,0,0
138.164,173.773,-5.571,-0.567,115,120,0,0,0,0
132.593,173.206,-5.571,-0.567,115,120,0,0,0,0
127.022,172.639,-5.571,-0.567,115,120,0,0,0,0
121.45,172.072,-5.571,-0.567,115,120,0,0,0,0
115.879,171.505,-5.571,-0.567,115,120,0,0,0,0
110.308,170.938,-5.571,-0.567,115,120,0,0,0,0
104.737,170.372,-5.571,-0.567,115,120,0,0,0,0
99.165,169.805,-5.571,-0.567,115,120,0,0,0,0
93.594,169.238,-5.571,-0.567,115,120,0,0,0,0
88.023,168.671,-5.571,-0.567,115,120,0,0,0,0
82.452,168.104,-5.571,-0.567,115,120,0,0,0,0
76.88,167.537,-5.571,-0.567,115,120,0,0,0,0
71.309,166.97,-5.571,-0.567,115,120,0,0,0,0
65.738,166.404,-5.571,-0.567,115,120,0,0,0,0
60.167,165.837,-5.571,-0.567,115,120,0,0,0,0
54.595,165.27,-5.571,-0.567,115,120,0,0,0,0
49.024,164.703,-5.571,-0.567,120,120,1,0,0,0
49.0,164.136,5.898,-0.133,125,120,1,0,0,0
54.898,164.003,5.898,-0.133,130,120,1,0,0,0
60.797,163.869,5.898,-0.133,135,120,1,0,0,0
66.695,163.736,5.898,-0.133,140,120,1,0,0,0
72.594,163.602,5.898,-0.133,145,125,1,1,0,0
78.492,163.469,5.898,-0.133,145,130,0,1,0,0
84.391,163.336,5.898,-0.133,145,135,0,1,0,0
90.289,163.202,5.898,-0.133,145,140,0,1,0,0
96.188,163.069,5.898,-0.133,145,145,0,1,0,0
102.086,162.935,5.898,-0.133,145,150,0,1,0,0
107.985,162.802,5.898,-0.133,145,155,0,1,0,0
113.883,162.669,5.898,-0.133,145,160,0,1,0,0
119.782,162.535,5.898,-0.133,145,165,0,1,0,0
125.68,162.402,5.898,-0.133,145,170,0,1,0,0
131.579,162.268,5.898,-0.133,145,175,0,1,0,0
137.477,162.135,5.898,-0.133,145,180,0,1,0,0
143.376,162.001,5.898,-0.133,145,185,0,1,0,0
149.274,161.868,5.898,-0.133,145,190,0,1,0,0
155.173,161.735,5.898,-0.133,145,195,0,1,0,0
161.071,161.601,5.898,-0.133,145,200,0,1,0,0
166.97,161.468,5.898,-0.133,145,205,0,1,0,0
172.868,161.334,5.898,-0.133,145,210,0,1,0,0
178.767,161.201,5.898,-0.133,145,215,0,1,0,0
184.665,161.068,5.898,-0.133,145,220,0,1,0,0
190.564,160.934,5.898,-0.133,145,225,0,1,0,0
196.462,160.801,5.898,-0.133,145,230,0,1,0,0
202.361,160.667,5.898,-0.133,145,235,0,1,0,0
208.259,160.534,5.898,-0.133,145,240,0,1,0,0
214.158,160.4,5.898,-0.133,145,245,0,1,0,0
220.056,160.267,5.898,-0.133,145,250,0,1,0,0
225.955,160.134,5.898,-0.133,145,255,0,1,0,0
231.853,160.0,5.898,-0.133,145,260,0,1,0,0
237.752,159.867,5.898,-0.133,145,260,0,0,0,0
243.65,159.733,5.898,-0.133,145,260,0,0,0,0
249.549,159.6,5.898,-0.133,145,260,0,0,0,0
255.447,159.466,5.898,-0.133,140,260,-1,0,0,0
261.346,159.333,5.898,-0.133,135,260,-1,0,0,0
267.244,159.2,5.898,-0.133,130,260,-1,0,0,0
273.143,159.066,5.898,-0.133,125,260,-1,0,0,0
279.041,158.933,5.898,-0.133,120,260,-1,0,0,0
284.94,158.799,5.898,-0.133,115,260,-1,0,0,0
290.838,158.666,5.898,-0.133,110,260,-1,0,0,0
296.737,158.533,5.898,-0.133,105,260,-1,0,0,0
302.635,158.399,5.898,-0.133,105,265,0,1,0,0
308.534,158.266,5.898,-0.133,105,270,0,1,0,0
314.432,158.132,5.898,-0.133,105,275,0,1,0,0
320.331,157.999,5.898,-0.133,105,280,0,1,0,0
326.229,157.865,5.898,-0.133,105,285,0,1,0,0
332.128,157.732,5.898,-0.133,105,290,0,1,0,0
338.026,157.599,5.898,-0.133,105,295,0,1,0,0
343.925,157.465,5.898,-0.133,105,300,0,1,0,0
349.823,157.332,5.898,-0.133,105,305,0,1,0,0
355.722,157.198,5.898,-0.133,105,310,0,1,0,0
361.62,157.065,5.898,-0.133,105,315,0,1,0,0
367.519,156.932,5.898,-0.133,105,320,0,1,0,0
373.417,156.798,5.898,-0.133,105,325,0,1,0,0
379.316,156.665,5.898,-0.133,105,330,0,1,0,0
385.214,156.531,5.898,-0.133,105,335,0,1,0,0
391.112,156.398,5.898,-0.133,105,340,0,1,0,0
397.011,156.264,5.898,-0.133,105,345,0,1,0,0
402.909,156.131,5.898,-0.133,105,345,0,0,0,0
408.808,155.998,5.898,-0.133,105,345,0,0,0,0
414.706,155.864,5.898,-0.133,105,345,0,0,0,0
420.605,155.731,5.898,-0.133,105,345,0,0,0,0
426.503,155.597,5.898,-0.133,105,345,0,0,0,0
432.402,155.464,5.898,-0.133,105,345,0,0,0,0
438.3,155.331,5.898,-0.133,105,345,0,0,0,0
444.199,155.197,5.898,-0.133,105,345,0,0,0,0
450.097,155.064,5.898,-0.133,105,345,0,0,0,0
455.996,154.93,5.898,-0.133,105,345,0,0,0,0
461.894,154.797,5.898,-0.133,105,345,0,0,0,0
467.793,154.663,5.898,-0.133,105,340,0,-1,0,0
473.691,154.53,5.898,-0.133,105,335,0,-1,0,0
479.59,154.397,5.898,-0.133,105,330,0,-1,0,0
485.488,154.263,5.898,-0.133,105,325,0,-1,0,0
491.387,154.13,5.898,-0.133,105,320,0,-1,0,0
497.285,153.996,5.898,-0.133,105,315,0,-1,0,0
503.184,153.863,5.898,-0.133,105,310,0,-1,0,0
509.082,153.729,5.898,-0.133,105,305,0,-1,0,0
514.981,153.596,5.898,-0.133,105,300,0,-1,0,0
520.879,153.463,5.898,-0.133,105,295,0,-1,0,0
526.778,153.329,5.898,-0.133,105,290,0,-1,0,0
532.676,153.196,5.898,-0.133,105,285,0,-1,0,0
538.575,153.062,5.898,-0.133,105,280,0,-1,0,0
544.473,152.929,5.898,-0.133,105,275,0,-1,0,0
550.372,152.796,5.898,-0.133,105,270,0,-1,0,0
556.27,152.662,5.898,-0.133,105,265,0,-1,0,0
562.169,152.529,5.898,-0.133,105,260,0,-1,0,0
568.067,152.395,5.898,-0.133,105,255,0,-1,0,0
573.966,152.262,5.898,-0.133,105,250,0,-1,0,0
579.864,152.128,5.898,-0.133,105,245,0,-1,0,0
585.763,151.995,5.898,-0.133,105,240,0,-1,0,0
591.661,151.862,5.898,-0.133,105,235,0,-1,0,0
597.56,151.728,5.898,-0.133,105,230,0,-1,0,0
603.458,151.595,5.898,-0.133,105,225,0,-1,0,0
609.357,151.461,5.898,-0.133,105,220,0,-1,0,0
615.255,151.328,5.898,-0.133,105,215,0,-1,0,0
621.154,151.195,5.898,-0.133,105,210,0,-1,0,0
627.052,151.061,5.898,-0.133,105,205,0,-1,0,0
632.951,150.928,5.898,-0.133,105,200,0,-1,0,0
638.849,150.794,5.898,-0.133,105,195,0,-1,0,0
644.748,150.661,5.898,-0.133,105,190,0,-1,0,0
650.646,150.527,5.898,-0.133,105,185,0,-1,0,0
656.545,150.394,5.898,-0.133,105,180,0,-1,0,0
662.443,150.261,5.898,-0.133,105,175,0,-1,0,0
668.342,150.127,5.898,-0.133,105,170,0,-1,0,0
674.24,149.994,5.898,-0.133,105,165,0,-1,0,0
680.139,149.86,5.898,-0.133,105,160,0,-1,0,0
686.037,149.727,5.898,-0.133,105,155,0,-1,0,0
691.936,149.594,5.898,-0.133,105,150,0,-1,0,0
697.834,149.46,5.898,-0.133,105,145,0,-1,0,0
703.733,149.327,5.898,-0.133,105,140,0,-1,0,0
709.631,149.193,5.898,-0.133,105,135,0,-1,0,0
715.53,149.06,5.898,-0.133,105,130,0,-1,0,0
721.428,148.926,5.898,-0.133,105,125,0,-1,0,0
727.326,148.793,5.898,-0.133,105,120,0,-1,0,0
733.225,148.66,5.898,-0.133,105,115,0,-1,0,0
739.123,148.526,5.898,-0.133,105,110,0,-1,0,0
745.022,148.393,5.898,-0.133,105,105,0,-1,0,0
750.92,148.259,5.898,-0.133,105,100,0,-1,0,0
751.0,148.126,-5.838,2.089,105,95,0,-1,0,0
745.162,150.215,-5.838,2.089,105,90,0,-1,0,0
739.325,152.304,-5.838,2.089,105,85,0,-1,0,0
733.487,154.392,-5.838,2.089,105,80,0,-1,0,0
727.65,156.481,-5.838,2.089,105,80,0,0,0,0
721.812,158.57,-5.838,2.089,105,80,0,0,0,0
715.975,160.659,-5.838,2.089,105,80,0,0,0,0
710.137,162.748,-5.838,2.089,105,80,0,0,0,0
704.3,164.837,-5.838,2.089,105,80,0,0,0,0
698.462,166.926,-5.838,2.089,105,80,0,0,0,0
692.625,169.014,-5.838,2.089,105,80,0,0,0,0
686.787,171.103,-5.838,2.089,105,80,0,0,0,0
680.95,173.192,-5.838,2.089,105,80,0,0,0,0
675.112,175.281,-5.838,2.089,105,80,0,0,0,0
669.275,177.37,-5.838,2.089,105,80,0,0,0,0
663.437,179.459,-5.838,2.089,105,80,0,0,0,0
657.6,181.548,-5.838,2.089,105,80,0,0,0,0
651.762,183.636,-5.838,2.089,105,80,0,0,0,0
645.925,185.725,-5.838,2.089,105,80,0,0,0,0
640.087,187.814,-5.838,2.089,105,80,0,0,0,0
634.25,189.903,-5.838,2.089,105,80,0,0,0,0
628.412,191.992,-5.838,2.089,105,80,0,0,0,0
622.574,194.081,-5.838,2.089,105,80,0,0,0,0
616.737,196.17,-5.838,2.089,105,80,0,0,0,0
610.899,198.258,-5.838,2.089,105,80,0,0,0,0
605.062,200.347,-5.838,2.089,105,80,0,0,0,0
599.224,202.436,-5.838,2.089,105,85,0,1,0,0
593.387,204.525,-5.838,2.089,105,90,0,1,0,0
587.549,206.614,-5.838,2.089,105,95,0,1,0,0
581.712,208.703,-5.838,2.089,105,100,0,1,0,0
575.874,210.792,-5.838,2.089,105,105,0,1,0,0
570.037,212.88,-5.838,2.089,105,110,0,1,0,0
564.199,214.969,-5.838,2.089,105,115,0,1,0,0
558.362,217.058,-5.838,2.089,105,120,0,1,0,0
552.524,219.147,-5.838,2.089,110,125,1,1,0,0
546.687,221.236,-5.838,2.089,115,130,1,1,0,0
540.849,223.325,-5.838,2.089,120,135,1,1,0,0
535.012,225.413,-5.838,2.089,125,140,1,1,0,0
529.174,227.502,-5.838,2.089,130,145,1,1,0,0
523.337,229.591,-5.838,2.089,135,150,1,1,0,0
517.499,231.68,-5.838,2.089,140,155,1,1,0,0
511.662,233.769,-5.838,2.089,145,160,1,1,0,0
505.824,235.858,-5.838,2.089,150,165,1,1,0,0
499.986,237.947,-5.838,2.089,155,170,1,1,0,0
494.149,240.035,-5.838,2.089,160,175,1,1,0,0
488.311,242.124,-5.838,2.089,165,180,1,1,0,0
482.474,244.213,-5.838,2.089,170,185,1,1,0,0
476.636,246.302,-5.838,2.089,175,190,1,1,0,0
470.799,248.391,-5.838,2.089,180,195,1,1,0,0
464.961,250.48,-5.838,2.089,185,195,1,0,0,0
459.124,252.569,-5.838,2.089,190,195,1,0,0,0
453.286,254.657,-5.838,2.089,195,195,1,0,0,0
447.449,256.746,-5.838,2.089,200,195,1,0,0,0
441.611,258.835,-5.838,2.089,205,195,1,0,0,0
435.774,260.924,-5.838,2.089,210,195,1,0,0,0
429.936,263.013,-5.838,2.089,215,195,1,0,0,0
424.099,265.102,-5.838,2.089,220,195,1,0,0,0
418.261,267.191,-5.838,2.089,225,195,1,0,0,0
412.424,269.279,-5.838,2.089,230,195,1,0,0,0
406.586,271.368,-5.838,2.089,235,195,1,0,0,0
400.749,273.457,-5.838,2.089,240,195,1,0,0,0
394.911,275.546,-5.838,2.089,245,195,1,0,0,0
389.073,277.635,-5.838,2.089,250,195,1,0,0,0
383.236,279.724,-5.838,2.089,255,195,1,0,0,0
377.398,281.813,-5.838,2.089,260,195,1,0,0,0
371.561,283.901,-5.838,2.089,265,195,1,0,0,0
365.723,285.99,-5.838,2.089,265,195,0,0,0,0
359.886,288.079,-5.838,2.089,265,195,0,0,0,0
354.048,290.168,-5.838,2.089,265,195,0,0,0,0
348.211,292.257,-5.838,2.089,265,195,0,0,0,0
342.373,294.346,-5.838,2.089,265,195,0,0,0,0
336.536,296.435,-5.838,2.089,265,195,0,0,0,0
330.698,298.523,-5.838,2.089,265,195,0,0,0,0
324.861,300.612,-5.838,2.089,265,195,0,0,0,0
319.023,302.701,-5.838,2.089,265,195,0,0,0,0
313.186,304.79,-5.838,2.089,265,195,0,0,0,0
307.348,306.879,-5.838,2.089,265,195,0,0,0,0
301.511,308.968,-5.838,2.089,265,195,0,0,0,0
295.673,311.057,-5.838,2.089,265,195,0,0,0,0
289.836,313.145,-5.838,2.089,265,195,0,0,0,0
283.998,315.234,-5.838,2.089,265,195,0,0,0,0
278.161,317.323,-5.838,2.089,265,195,0,0,0,0
272.323,319.412,-5.838,2.089,270,195,1,0,0,0
266.485,321.501,-5.838,2.089,275,195,1,0,0,0
260.648,323.59,-5.838,2.089,280,195,1,0,0,0
254.81,325.678,-5.838,2.089,285,195,1,0,0,0
248.973,327.767,-5.838,2.089,290,195,1,0,0,0
243.135,329.856,-5.838,2.089,295,195,1,0,0,0
237.298,331.945,-5.838,2.089,300,195,1,0,0,0
231.46,334.034,-5.838,2.089,305,195,1,0,0,0
225.623,336.123,-5.838,2.089,310,195,1,0,0,0
219.785,338.212,-5.838,2.089,315,195,1,0,0,0
213.948,340.3,-5.838,2.089,320,195,1,0,0,0
208.11,342.389,-5.838,2.089,320,195,0,0,0,0
202.273,344.478,-5.838,2.089,320,195,0,0,0,0
196.435,346.567,-5.838,2.089,320,195,0,0,0,0
190.598,348.656,-5.838,2.089,320,195,0,0,0,0
184.76,350.745,-5.838,2.089,320,195,0,0,0,0
178.923,352.834,-5.838,2.089,320,195,0,0,0,0
173.085,354.922,-5.838,2.089,320,195,0,0,0,0
167.248,357.011,-5.838,2.089,320,195,0,0,0,0
161.41,359.1,-5.838,2.089,320,195,0,0,0,0
155.573,361.189,-5.838,2.089,320,195,0,0,0,0
149.735,363.278,-5.838,2.089,320,195,0,0,0,0
143.897,365.367,-5.838,2.089,320,195,0,0,0,0
138.06,367.456,-5.838,2.089,320,195,0,0,0,0
132.222,369.544,-5.838,2.089,320,195,0,0,0,0
126.385,371.633,-5.838,2.089,320,195,0,0,0,0
120.547,373.722,-5.838,2.089,320,195,0,0,0,0
114.71,375.811,-5.838,2.089,320,195,0,0,0,0
108.872,377.9,-5.838,2.089,325,195,1,0,0,0
103.035,379.989,-5.838,2.089,330,195,1,0,0,0
97.197,382.078,-5.838,2.089,335,195,1,0,0,0
91.36,384.166,-5.838,2.089,340,195,1,0,0,0
85.522,386.255,-5.838,2.089,345,195,1,0,0,0
79.685,388.344,-5.838,2.089,350,195,1,0,0,0
73.847,390.433,-5.838,2.089,355,195,1,0,0,0
68.01,392.522,-5.838,2.089,360,195,1,0,0,0
62.172,394.611,-5.838,2.089,365,195,1,0,0,0
56.335,396.7,-5.838,2.089,370,195,1,0,0,0
50.497,398.788,-5.838,2.089,375,195,1,0,0,0
49.0,400.877,5.702,-3.12,380,195,1,0,0,0
54.702,397.757,5.702,-3.12,385,195,1,0,0,0
60.405,394.637,5.702,-3.12,385,195,0,0,0,0
66.107,391.518,5.702,-3.12,385,195,0,0,0,0
71.809,388.398,5.702,-3.12,385,195,0,0,0,0
77.512,385.278,5.702,-3.12,385,195,0,0,0,0
83.214,382.158,5.702,-3.12,385,195,0,0,0,0
88.916,379.038,5.702,-3.12,385,195,0,0,0,0
94.619,375.918,5.702,-3.12,385,195,0,0,0,0
100.321,372.798,5.702,-3.12,385,195,0,0,0,0
106.023,369.678,5.702,-3.12,385,195,0,0,0,0
111.725,366.559,5.702,-3.12,385,195,0,0,0,0
117.428,363.439,5.702,-3.12,385,195,0,0,0,0
123.13,360.319,5.702,-3.12,385,195,0,0,0,0
128.832,357.199,5.702,-3.12,385,195,0,0,0,0
134.535,354.079,5.702,-3.12,385,195,0,0,0,0
140.237,350.959,5.702,-3.12,385,195,0,0,0,0
145.939,347.839,5.702,-3.12,385,195,0,0,0,0
151.642,344.719,5.702,-3.12,385,195,0,0,0,0
157.344,341.6,5.702,-3.12,385,195,0,0,0,0
163.046,338.48,5.702,-3.12,385,195,0,0,0,0
168.749,335.36,5.702,-3.12,385,195,0,0,0,0
174.451,332.24,5.702,-3.12,385,195,0,0,0,0
180.153,329.12,5.702,-3.12,385,195,0,0,0,0
185.856,326.0,5.702,-3.12,385,195,0,0,0,0
191.558,322.88,5.702,-3.12,385,195,0,0,0,0
197.26,319.76,5.702,-3.12,385,195,0,0,0,0
202.962,316.641,5.702,-3.12,380,195,-1,0,0,0
208.665,313.521,5.702,-3.12,375,195,-1,0,0,0
214.367,310.401,5.702,-3.12,370,195,-1,0,0,0
220.069,307.281,5.702,-3.12,365,195,-1,0,0,0
225.772,304.161,5.702,-3.12,360,195,-1,0,0,0
231.474,301.041,5.702,-3.12,355,195,-1,0,0,0
237.176,297.921,5.702,-3.12,350,195,-1,0,0,0
242.879,294.801,5.702,-3.12,345,195,-1,0,0,0
248.581,291.682,5.702,-3.12,340,195,-1,0,0,0
254.283,288.562,5.702,-3.12,335,190,-1,-1,0,0
259.986,285.442,5.702,-3.12,330,185,-1,-1,0,0
265.688,282.322,5.702,-3.12,325,180,-1,-1,0,0
271.39,279.202,5.702,-3.12,320,175,-1,-1,0,0
277.093,276.082,5.702,-3.12,315,170,-1,-1,0,0
282.795,272.962,5.702,-3.12,310,165,-1,-1,0,0
288.497,269.842,5.702,-3.12,305,160,-1,-1,0,0
294.199,266.723,5.702,-3.12,300,155,-1,-1,0,0
299.902,263.603,5.702,-3.12,295,150,-1,-1,0,0
305.604,260.483,5.702,-3.12,290,145,-1,-1,0,0
311.306,257.363,5.702,-3.12,285,140,-1,-1,0,0
317.009,254.243,5.702,-3.12,280,135,-1,-1,0,0
322.711,251.123,5.702,-3.12,275,130,-1,-1,0,0
328.413,248.003,5.702,-3.12,270,125,-1,-1,0,0
334.116,244.883,5.702,-3.12,265,120,-1,-1,0,0
339.818,241.764,5.702,-3.12,260,115,-1,-1,0,0
345.52,238.644,5.702,-3.12,255,110,-1,-1,0,0
351.223,235.524,5.702,-3.12,250,105,-1,-1,0,0
356.925,232.404,5.702,-3.12,245,100,-1,-1,0,0
362.627,229.284,5.702,-3.12,240,95,-1,-1,0,0
368.33,226.164,5.702,-3.12,235,90,-1,-1,0,0
374.032,223.044,5.702,-3.12,230,85,-1,-1,0,0
379.734,219.924,5.702,-3.12,225,80,-1,-1,0,0
385.436,216.805,5.702,-3.12,220,75,-1,-1,0,0
391.139,213.685,5.702,-3.12,215,70,-1,-1,0,0
396.841,210.565,5.702,-3.12,210,65,-1,-1,0,0
402.543,207.445,5.702,-3.12,205,60,-1,-1,0,0
408.246,204.325,5.702,-3.12,200,60,-1,0,0,0
413.948,201.205,5.702,-3.12,195,60,-1,0,0,0
419.65,198.085,5.702,-3.12,190,60,-1,0,0,0
425.353,194.965,5.702,-3.12,190,60,0,0,0,0
431.055,191.846,5.702,-3.12,190,60,0,0,0,0
436.757,188.726,5.702,-3.12,190,60,0,0,0,0
442.46,185.606,5.702,-3.12,190,60,0,0,0,0
448.162,182.486,5.702,-3.12,190,60,0,0,0,0
453.864,179.366,5.702,-3.12,190,60,0,0,0,0
459.567,176.246,5.702,-3.12,190,60,0,0,0,0
465.269,173.126,5.702,-3.12,190,60,0,0,0,0
470.971,170.006,5.702,-3.12,190,60,0,0,0,0
476.674,166.887,5.702,-3.12,190,60,0,0,0,0
482.376,163.767,5.702,-3.12,190,60,0,0,0,0
488.078,160.647,5.702,-3.12,190,60,0,0,0,0
493.78,157.527,5.702,-3.12,190,60,0,0,0,0
499.483,154.407,5.702,-3.12,190,60,0,0,0,0
505.185,151.287,5.702,-3.12,190,60,0,0,0,0
510.887,148.167,5.702,-3.12,190,60,0,0,0,0
516.59,145.047,5.702,-3.12,190,60,0,0,0,0
522.292,141.928,5.702,-3.12,190,60,0,0,0,0
527.994,138.808,5.702,-3.12,190,60,0,0,0,0
533.697,135.688,5.702,-3.12,190,60,0,0,0,0
539.399,132.568,5.702,-3.12,190,60,0,0,0,0
545.101,129.448,5.702,-3.12,190,60,0,0,0,0
550.804,126.328,5.702,-3.12,190,60,0,0,0,0
556.506,123.208,5.702,-3.12,190,60,0,0,0,0
562.208,120.088,5.702,-3.12,190,60,0,0,0,0
567.911,116.969,5.702,-3.12,190,60,0,0,0,0
573.613,113.849,5.702,-3.12,190,60,0,0,0,0
579.315,110.729,5.702,-3.12,190,60,0,0,0,0
585.017,107.609,5.702,-3.12,190,55,0,-1,0,0
590.72,104.489,5.702,-3.12,190,50,0,-1,0,0
596.422,101.369,5.702,-3.12,190,45,0,-1,0,0
602.124,98.249,5.702,-3.12,190,40,0,-1,0,0
607.827,95.129,5.702,-3.12,190,35,0,-1,0,0
613.529,92.01,5.702,-3.12,190,30,0,-1,0,0
619.231,88.89,5.702,-3.12,190,25,0,-1,0,0
624.934,85.77,5.702,-3.12,190,20,0,-1,0,0
630.636,82.65,5.702,-3.12,190,15,0,-1,0,0
636.338,79.53,5.702,-3.12,190,10,0,-1,0,0
642.041,76.41,5.702,-3.12,190,5,0,-1,0,0
647.743,73.29,5.702,-3.12,190,0,0,-1,0,0
653.445,70.17,5.702,-3.12,190,0,0,-1,0,0
659.148,67.051,5.702,-3.12,190,0,0,-1,0,0
664.85,63.931,5.702,-3.12,190,0,0,-1,0,0
670.552,60.811,5.702,-3.12,190,0,0,-1,0,0
676.254,57.691,5.702,-3.12,190,0,0,-1,0,0
681.957,54.571,5.702,-3.12,190,0,0,-1,0,0
687.659,51.451,5.702,-3.12,190,0,0,-1,0,0
693.361,48.331,5.702,-3.12,190,0,0,-1,0,0
699.064,45.211,5.702,-3.12,190,0,0,-1,0,0
704.766,42.092,5.702,-3.12,190,0,0,-1,0,0
710.468,38.972,5.702,-3.12,190,0,0,-1,0,0
716.171,35.852,5.702,-3.12,190,0,0,-1,0,0
721.873,32.732,5.702,-3.12,190,0,0,-1,0,0
727.575,29.612,5.702,-3.12,190,0,0,-1,0,0
733.278,26.492,5.702,-3.12,190,0,0,-1,0,0
738.98,23.372,5.702,-3.12,190,0,0,-1,0,0
744.682,20.252,5.702,-3.12,190,0,0,-1,0,0
750.385,17.133,5.702,-3.12,190,0,0,-1,0,0
751.0,14.013,-5.286,-4.278,190,0,0,-1,0,0
745.714,9.735,-5.286,-4.278,190,0,0,-1,0,0
740.428,6.0,-5.286,4.278,190,0,0,-1,0,0
735.142,10.278,-5.286,4.278,190,0,0,-1,0,0
729.856,14.555,-5.286,4.278,190,0,0,-1,0,0
724.57,18.833,-5.286,4.278,190,0,0,-1,0,0
719.284,23.11,-5.286,4.278,190,0,0,-1,0,0
713.998,27.388,-5.286,4.278,190,0,0,-1,0,0
708.712,31.666,-5.286,4.278,190,0,0,-1,0,0
703.426,35.943,-5.286,4.278,190,0,0,-1,0,0
698.14,40.221,-5.286,4.278,190,0,0,-1,0,0
692.854,44.499,-5.286,4.278,190,0,0,-1,0,0
687.568,48.776,-5.286,4.278,190,0,0,-1,0,0
682.282,53.054,-5.286,4.278,190,0,0,-1,0,0
676.996,57.331,-5.286,4.278,190,0,0,-1,0,0
671.71,61.609,-5.286,4.278,190,0,0,-1,0,0
666.424,65.887,-5.286,4.278,190,0,0,-1,0,0
661.138,70.164,-5.286,4.278,190,0,0,-1,0,0
655.852,74.442,-5.286,4.278,195,0,1,-1,0,0
650.566,78.72,-5.286,4.278,200,0,1,0,0,0
645.28,82.997,-5.286,4.278,205,0,1,0,0,0
639.994,87.275,-5.286,4.278,210,0,1,0,0,0
634.708,91.552,-5.286,4.278,215,0,1,0,0,0
629.422,95.83,-5.286,4.278,215,0,0,0,0,0
624.136,100.108,-5.286,4.278,215,0,0,0,0,0
618.85,104.385,-5.286,4.278,215,0,0,0,0,0
613.564,108.663,-5.286,4.278,215,0,0,0,0,0
608.278,112.94,-5.286,4.278,215,0,0,0,0,0
602.992,117.218,-5.286,4.278,215,0,0,0,0,0
597.706,121.496,-5.286,4.278,215,0,0,0,0,0
592.419,125.773,-5.286,4.278,215,5,0,1,0,0
587.133,130.051,-5.286,4.278,215,10,0,1,0,0
581.847,134.329,-5.286,4.278,215,15,0,1,0,0
576.561,138.606,-5.286,4.278,215,20,0,1,0,0
571.275,142.884,-5.286,4.278,215,25,0,1,0,0
565.989,147.161,-5.286,4.278,215,30,0,1,0,0
560.703,151.439,-5.286,4.278,215,35,0,1,0,0
555.417,155.717,-5.286,4.278,215,40,0,1,0,0
550.131,159.994,-5.286,4.278,215,45,0,1,0,0
544.845,164.272,-5.286,4.278,215,50,0,1,0,0
539.559,168.55,-5.286,4.278,215,55,0,1,0,0
534.273,172.827,-5.286,4.278,215,60,0,1,0,0
528.987,177.105,-5.286,4.278,215,65,0,1,0,0
523.701,181.382,-5.286,4.278,215,70,0,1,0,0
518.415,185.66,-5.286,4.278,215,75,0,1,0,0
513.129,189.938,-5.286,4.278,215,80,0,1,0,0
507.843,194.215,-5.286,4.278,215,85,0,1,0,0
502.557,198.493,-5.286,4.278,215,90,0,1,0,0
497.271,202.77,-5.286,4.278,215,95,0,1,0,0
491.985,207.048,-5.286,4.278,220,100,1,1,0,0
486.699,211.326,-5.286,4.278,225,105,1,1,0,0
481.413,215.603,-5.286,4.278,230,110,1,1,0,0
476.127,219.881,-5.286,4.278,235,115,1,1,0,0
470.841,224.159,-5.286,4.278,240,120,1,1,0,0
465.555,228.436,-5.286,4.278,245,125,1,1,0,0
460.269,232.714,-5.286,4.278,250,130,1,1,0,0
454.983,236.991,-5.286,4.278,255,135,1,1,0,0
449.697,241.269,-5.286,4.278,260,140,1,1,0,0
444.411,245.547,-5.286,4.278,265,140,1,0,0,0
439.125,249.824,-5.286,4.278,270,140,1,0,0,0
433.839,254.102,-5.286,4.278,275,140,1,0,0,0
428.553,258.38,-5.286,4.278,280,140,1,0,0,0
423.267,262.657,-5.286,4.278,285,140,1,0,0,0
417.981,266.935,-5.286,4.278,290,140,1,0,0,0
412.695,271.212,-5.286,4.278,295,140,1,0,0,0
407.409,275.49,-5.286,4.278,300,140,1,0,0,0
402.123,279.768,-5.286,4.278,305,140,1,0,0,0
396.837,284.045,-5.286,4.278,310,140,1,0,0,0
391.551,288.323,-5.286,4.278,315,140,1,0,0,0
386.265,292.6,-5.286,4.278,320,140,1,0,0,0
380.979,296.878,-5.286,4.278,325,140,1,0,0,0
375.693,301.156,-5.286,4.278,330,140,1,0,0,0
370.407,305.433,-5.286,4.278,335,140,1,0,0,0
365.121,309.711,-5.286,4.278,340,140,1,0,0,0
359.835,313.989,-5.286,4.278,345,140,1,0,0,0
354.549,318.266,-5.286,4.278,350,140,1,0,0,0
349.263,322.544,-5.286,4.278,355,140,1,0,0,0
343.977,326.821,-5.286,4.278,360,140,1,0,0,0
338.691,331.099,-5.286,4.278,365,140,1,0,0,0
333.405,335.377,-5.286,4.278,370,140,1,0,0,0
328.119,339.654,-5.286,4.278,370,140,0,0,0,0
322.833,343.932,-5.286,4.278,370,140,0,0,0,0
317.547,348.21,-5.286,4.278,370,140,0,0,0,0
312.261,352.487,-5.286,4.278,370,140,0,0,0,0
306.975,356.765,-5.286,4.278,370,140,0,0,0,0
301.689,361.042,-5.286,4.278,370,140,0,0,0,0
296.403,365.32,-5.286,4.278,370,140,0,0,0,0
291.117,369.598,-5.286,4.278,370,140,0,0,0,0
285.831,373.875,-5.286,4.278,370,140,0,0,0,0
280.544,378.153,-5.286,4.278,370,140,0,0,0,0
275.258,382.43,-5.286,4.278,375,140,1,0,0,0
269.972,386.708,-5.286,4.278,380,140,1,0,0,0
264.686,390.986,-5.286,4.278,385,140,1,0,0,0
259.4,395.263,-5.286,4.278,390,140,1,0,0,0
254.114,399.541,-5.286,4.278,395,140,1,0,0,0
248.828,403.819,-5.286,4.278,400,140,1,0,0,0
243.542,408.096,-5.286,4.278,405,140,1,0,0,0
238.256,412.374,-5.286,4.278,410,140,1,0,0,0
232.97,416.651,-5.286,4.278,415,140,1,0,0,0
227.684,420.929,-5.286,4.278,420,140,1,0,0,0
222.398,425.207,-5.286,4.278,425,140,1,0,0,0
217.112,429.484,-5.286,4.278,430,140,1,0,0,0
211.826,433.762,-5.286,4.278,435,140,1,0,0,0
206.54,438.04,-5.286,4.278,440,140,1,0,0,0
201.254,442.317,-5.286,4.278,445,140,1,0,0,0
195.968,446.595,-5.286,4.278,450,140,1,0,0,0
190.682,450.872,-5.286,4.278,455,140,1,0,0,0
185.396,455.15,-5.286,4.278,460,140,1,0,0,0
180.11,459.428,-5.286,4.278,465,140,1,0,0,0
174.824,463.705,-5.286,4.278,470,140,1,0,0,0
169.538,467.983,-5.286,4.278,475,140,1,0,0,0
164.252,472.26,-5.286,4.278,480,140,1,0,0,0
158.966,476.538,-5.286,4.278,485,140,1,0,0,0
153.68,480.816,-5.286,4.278,490,140,1,0,0,0
148.394,485.093,-5.286,4.278,495,140,1,0,0,0
143.108,489.371,-5.286,4.278,500,140,1,0,0,0
137.822,493.649,-5.286,4.278,500,140,0,0,0,0
132.536,497.926,-5.286,4.278,500,140,0,0,0,0
127.25,502.204,-5.286,4.278,500,140,0,0,0,0
121.964,506.481,-5.286,4.278,500,140,0,0,0,0
116.678,510.759,-5.286,4.278,500,140,0,0,0,0
111.392,515.037,-5.286,4.278,500,140,0,0,0,0
106.106,519.314,-5.286,4.278,500,140,0,0,0,0
100.82,523.592,-5.286,4.278,500,140,0,0,0,0
95.534,527.87,-5.286,4.278,500,140,0,0,0,0
90.248,532.147,-5.286,4.278,500,140,0,0,0,0
84.962,536.425,-5.286,4.278,500,140,0,0,0,0
79.676,540.702,-5.286,4.278,500,140,0,0,0,0
74.39,544.98,-5.286,4.278,500,140,0,0,0,0
69.104,549.258,-5.286,4.278,500,140,0,0,0,0
63.818,553.535,-5.286,4.278,500,140,0,0,0,0
58.532,557.813,-5.286,4.278,500,140,0,0,0,0
53.246,562.09,-5.286,4.278,500,140,0,0,0,0
49.0,566.368,5.474,4.521,500,140,0,0,0,0
54.474,570.889,5.474,4.521,500,140,0,0,0,0
59.949,575.41,5.474,4.521,500,140,0,0,0,0
65.423,579.932,5.474,4.521,500,140,0,0,0,0
70.898,584.453,5.474,4.521,500,140,0,0,0,0
76.372,588.974,5.474,4.521,500,140,0,0,0,0
81.847,593.495,5.474,4.521,500,140,0,0,0,0
87.321,594.0,5.474,-4.521,500,140,0,0,0,0
92.795,589.479,5.474,-4.521,500,140,0,0,0,0
98.27,584.958,5.474,-4.521,500,140,0,0,0,0
103.744,580.437,5.474,-4.521,500,140,0,0,0,0
109.219,575.915,5.474,-4.521,500,140,0,0,0,0
114.693,571.394,5.474,-4.521,500,140,0,0,0,0
120.167,566.873,5.474,-4.521,500,140,0,0,0,0
125.642,562.352,5.474,-4.521,500,140,0,0,0,0
131.116,557.831,5.474,-4.521,500,140,0,0,0,0
136.591,553.31,5.474,-4.521,500,140,0,0,0,0
142.065,548.789,5.474,-4.521,500,140,0,0,0,0
147.54,544.267,5.474,-4.521,500,140,0,0,0,0
153.014,539.746,5.474,-4.521,500,140,0,0,0,0
158.488,535.225,5.474,-4.521,500,140,0,0,0,0
163.963,530.704,5.474,-4.521,500,140,0,0,0,0
169.437,526.183,5.474,-4.521,500,140,0,0,0,0
174.912,521.662,5.474,-4.521,500,140,0,0,0,0
180.386,517.141,5.474,-4.521,500,145,0,1,0,0
185.861,512.62,5.474,-4.521,500,150,0,1,0,0
191.335,508.098,5.474,-4.521,500,155,0,1,0,0
196.809,503.577,5.474,-4.521,500,160,0,1,0,0
202.284,499.056,5.474,-4.521,500,165,0,1,0,0
207.758,494.535,5.474,-4.521,500,170,0,1,0,0
213.233,490.014,5.474,-4.521,500,175,0,1,0,0
218.707,485.493,5.474,-4.521,500,175,0,0,0,0
224.182,480.972,5.474,-4.521,495,175,-1,0,0,0
229.656,476.45,5.474,-4.521,490,175,-1,0,0,0
235.13,471.929,5.474,-4.521,485,175,-1,0,0,0
240.605,467.408,5.474,-4.521,480,175,-1,0,0,0
246.079,462.887,5.474,-4.521,475,175,-1,0,0,0
251.554,458.366,5.474,-4.521,470,175,-1,0,0,0
257.028,453.845,5.474,-4.521,465,175,-1,0,0,0
262.502,449.324,5.474,-4.521,460,175,-1,0,0,0
267.977,444.802,5.474,-4.521,455,175,-1,0,0,0
273.451,440.281,5.474,-4.521,450,175,-1,0,0,0
278.926,435.76,5.474,-4.521,445,175,-1,0,0,0
284.4,431.239,5.474,-4.521,440,175,-1,0,0,0
289.875,426.718,5.474,-4.521,435,175,-1,0,0,0
295.349,422.197,5.474,-4.521,430,175,-1,0,0,0
300.823,417.676,5.474,-4.521,425,175,-1,0,0,0
306.298,413.154,5.474,-4.521,420,175,-1,0,0,0
311.772,408.633,5.474,-4.521,415,175,-1,0,0,0
317.247,404.112,5.474,-4.521,410,175,-1,0,0,0
322.721,399.591,5.474,-4.521,410,175,0,0,0,0
328.196,395.07,5.474,-4.521,410,175,0,0,0,0
333.67,390.549,5.474,-4.521,410,175,0,0,0,0
339.144,386.028,5.474,-4.521,410,175,0,0,0,0
344.619,381.506,5.474,-4.521,410,175,0,0,0,0
350.093,376.985,5.474,-4.521,410,175,0,0,0,0
355.568,372.464,5.474,-4.521,410,175,0,0,0,0
361.042,367.943,5.474,-4.521,410,175,0,0,0,0
366.517,363.422,5.474,-4.521,410,175,0,0,0,0
371.991,358.901,5.474,-4.521,410,175,0,0,0,0
377.465,354.38,5.474,-4.521,410,175,0,0,0,0
382.94,349.859,5.474,-4.521,410,175,0,0,0,0
388.414,345.337,5.474,-4.521,410,175,0,0,0,0
393.889,340.816,5.474,-4.521,410,175,0,0,0,0
399.363,336.295,5.474,-4.521,410,175,0,0,0,0
404.837,331.774,5.474,-4.521,410,175,0,0,0,0
410.312,327.253,5.474,-4.521,410,175,0,0,0,0
415.786,322.732,5.474,-4.521,410,175,0,0,0,0
421.261,318.211,5.474,-4.521,410,175,0,0,0,0
426.735,313.689,5.474,-4.521,410,175,0,0,0,0
432.21,309.168,5.474,-4.521,410,175,0,0,0,0
437.684,304.647,5.474,-4.521,410,175,0,0,0,0
443.158,300.126,5.474,-4.521,410,175,0,0,0,0
448.633,295.605,5.474,-4.521,410,175,0,0,0,0
454.107,291.084,5.474,-4.521,410,175,0,0,0,0
459.582,286.563,5.474,-4.521,410,175,0,0,0,0
465.056,282.041,5.474,-4.521,410,175,0,0,0,0
470.531,277.52,5.474,-4.521,410,175,0,0,0,0
476.005,272.999,5.474,-4.521,410,175,0,0,0,0
481.479,268.478,5.474,-4.521,410,175,0,0,0,0
486.954,263.957,5.474,-4.521,410,175,0,0,0,0
492.428,259.436,5.474,-4.521,410,175,0,0,0,0
497.903,254.915,5.474,-4.521,410,180,0,1,0,0
503.377,250.393,5.474,-4.521,410,185,0,1,0,0
508.852,245.872,5.474,-4.521,410,190,0,1,0,0
514.326,241.351,5.474,-4.521,410,190,0,0,0,0
519.8,236.83,5.474,-4.521,410,190,0,0,0,0
525.275,232.309,5.474,-4.521,410,190,0,0,0,0
530.749,227.788,5.474,-4.521,410,190,0,0,0,0
536.224,223.267,5.474,-4.521,410,185,0,-1,0,0
541.698,218.745,5.474,-4.521,410,180,0,-1,0,0
547.172,214.224,5.474,-4.521,410,175,0,-1,0,0
552.647,209.703,5.474,-4.521,410,170,0,-1,0,0
558.121,205.182,5.474,-4.521,410,165,0,-1,0,0
563.596,200.661,5.474,-4.521,405,160,-1,-1,0,0
569.07,196.14,5.474,-4.521,400,155,-1,-1,0,0
574.545,191.619,5.474,-4.521,395,150,-1,-1,0,0
580.019,187.098,5.474,-4.521,390,145,-1,-1,0,0
585.493,182.576,5.474,-4.521,385,140,-1,-1,0,0
590.968,178.055,5.474,-4.521,380,135,-1,-1,0,0
596.442,173.534,5.474,-4.521,375,130,-1,-1,0,0
601.917,169.013,5.474,-4.521,370,125,-1,-1,0,0
607.391,164.492,5.474,-4.521,365,120,-1,-1,0,0
612.866,159.971,5.474,-4.521,360,115,-1,-1,0,0
618.34,155.45,5.474,-4.521,355,110,-1,-1,0,0
623.814,150.928,5.474,-4.521,350,105,-1,-1,0,0
629.289,146.407,5.474,-4.521,345,100,-1,-1,0,0
634.763,141.886,5.474,-4.521,340,95,-1,-1,0,0
640.238,137.365,5.474,-4.521,335,90,-1,-1,0,0
645.712,132.844,5.474,-4.521,330,85,-1,-1,0,0
651.186,128.323,5.474,-4.521,325,80,-1,-1,0,0
656.661,123.802,5.474,-4.521,320,75,-1,-1,0,0
662.135,119.28,5.474,-4.521,315,70,-1,-1,0,0
667.61,114.759,5.474,-4.521,310,65,-1,-1,0,0
673.084,110.238,5.474,-4.521,305,60,-1,-1,0,0
678.559,105.717,5.474,-4.521,300,55,-1,-1,0,0
684.033,101.196,5.474,-4.521,295,50,-1,-1,0,0
689.507,96.675,5.474,-4.521,290,45,-1,-1,0,0
694.982,92.154,5.474,-4.521,285,40,-1,-1,0,0
700.456,87.632,5.474,-4.521,280,35,-1,-1,0,0
705.931,83.111,5.474,-4.521,275,30,-1,-1,0,0
711.405,78.59,5.474,-4.521,270,25,-1,-1,0,0
716.88,74.069,5.474,-4.521,265,20,-1,-1,0,0
722.354,69.548,5.474,-4.521,260,15,-1,-1,0,0
727.828,65.027,5.474,-4.521,255,10,-1,-1,0,0
733.303,60.506,5.474,-4.521,250,5,-1,-1,0,0
738.777,55.984,5.474,-4.521,245,0,-1,-1,0,0
744.252,51.463,5.474,-4.521,240,0,-1,-1,0,0
749.726,46.942,5.474,-4.521,235,0,-1,0,0,0
751.0,42.421,-7.385,0.469,230,0,-1,0,0,0
743.615,42.89,-7.385,0.469,225,0,-1,0,0,0
736.23,43.359,-7.385,0.469,220,0,-1,0,0,0
728.845,43.827,-7.385,0.469,215,0,-1,0,0,0
721.459,44.296,-7.385,0.469,210,0,-1,0,0,0
714.074,44.765,-7.385,0.469,205,0,-1,0,0,0
706.689,45.233,-7.385,0.469,200,0,-1,0,0,0
699.304,45.702,-7.385,0.469,195,0,-1,0,0,0
691.919,46.171,-7.385,0.469,190,0,-1,0,0,0
684.534,46.64,-7.385,0.469,185,0,-1,0,0,0
677.149,47.108,-7.385,0.469,180,0,-1,0,0,0
669.763,47.577,-7.385,0.469,175,0,-1,0,0,0
662.378,48.046,-7.385,0.469,175,0,0,0,0,0
654.993,48.514,-7.385,0.469,175,0,0,0,0,0
647.608,48.983,-7.385,0.469,175,0,0,0,0,0
640.223,49.452,-7.385,0.469,175,0,0,0,0,0
632.838,49.921,-7.385,0.469,175,0,0,0,0,0
625.453,50.389,-7.385,0.469,175,0,0,0,0,0
618.067,50.858,-7.385,0.469,175,0,0,0,0,0
610.682,51.327,-7.385,0.469,175,0,0,0,0,0
603.297,51.796,-7.385,0.469,175,0,0,0,0,0
595.912,52.264,-7.385,0.469,175,0,0,0,0,0
588.527,52.733,-7.385,0.469,175,0,0,0,0,0
581.142,53.202,-7.385,0.469,175,0,0,0,0,0
573.757,53.67,-7.385,0.469,175,0,0,0,0,0
566.371,54.139,-7.385,0.469,175,0,0,0,0,0
558.986,54.608,-7.385,0.469,175,0,0,0,0,0
551.601,55.077,-7.385,0.469,175,0,0,0,0,0
544.216,55.545,-7.385,0.469,175,0,0,0,0,0
536.831,56.014,-7.385,0.469,175,0,0,0,0,0
529.446,56.483,-7.385,0.469,170,0,-1,0,0,0
522.061,56.952,-7.385,0.469,165,0,-1,0,0,0
514.676,57.42,-7.385,0.469,160,0,-1,0,0,0
507.29,57.889,-7.385,0.469,155,0,-1,0,0,0
499.905,58.358,-7.385,0.469,150,0,-1,0,0,0
492.52,58.826,-7.385,0.469,145,0,-1,0,0,0
485.135,59.295,-7.385,0.469,140,0,-1,0,0,0
477.75,59.764,-7.385,0.469,135,0,-1,0,0,0
470.365,60.233,-7.385,0.469,130,0,-1,0,0,0
462.98,60.701,-7.385,0.469,125,0,-1,0,0,0
455.594,61.17,-7.385,0.469,120,0,-1,0,0,0
448.209,61.639,-7.385,0.469,115,0,-1,0,0,0
440.824,62.107,-7.385,0.469,110,0,-1,0,0,0
433.439,62.576,-7.385,0.469,105,0,-1,0,0,0
426.054,63.045,-7.385,0.469,100,0,-1,0,0,0
418.669,63.514,-7.385,0.469,95,0,-1,0,0,0
411.284,63.982,-7.385,0.469,90,0,-1,0,0,0
403.898,64.451,-7.385,0.469,85,0,-1,0,0,0
396.513,64.92,-7.385,0.469,80,0,-1,0,0,0
389.128,65.389,-7.385,0.469,75,0,-1,0,0,0
381.743,65.857,-7.385,0.469,70,0,-1,0,0,0
374.358,66.326,-7.385,0.469,65,0,-1,0,0,0
366.973,66.795,-7.385,0.469,60,0,-1,0,0,0
359.588,67.263,-7.385,0.469,55,0,-1,0,0,0
352.202,67.732,-7.385,0.469,50,0,-1,0,0,0
344.817,68.201,-7.385,0.469,45,0,-1,0,0,0
337.432,68.67,-7.385,0.469,40,0,-1,0,0,0
330.047,69.138,-7.385,0.469,35,0,-1,0,0,0
322.662,69.607,-7.385,0.469,30,0,-1,0,0,0
315.277,70.076,-7.385,0.469,25,0,-1,0,0,0
307.892,70.544,-7.385,0.469,20,0,-1,0,0,0
300.506,71.013,-7.385,0.469,15,0,-1,0,0,0
293.121,71.482,-7.385,0.469,10,0,-1,0,0,0
285.736,71.951,-7.385,0.469,5,0,-1,0,0,0
278.351,72.419,-7.385,0.469,0,0,-1,0,0,0
270.966,72.888,-7.385,0.469,0,0,0,0,0,0
263.581,73.357,-7.385,0.469,0,0,0,0,0,0
256.196,73.826,-7.385,0.469,0,0,0,0,0,0
248.81,74.294,-7.385,0.469,0,0,0,0,0,0
241.425,74.763,-7.385,0.469,0,0,0,0,0,0
234.04,75.232,-7.385,0.469,0,0,0,0,0,0
226.655,75.7,-7.385,0.469,0,0,0,0,0,0
219.27,76.169,-7.385,0.469,0,0,0,0,0,0
211.885,76.638,-7.385,0.469,0,0,0,0,0,0
204.5,77.107,-7.385,0.469,0,0,0,0,0,0
197.114,77.575,-7.385,0.469,0,0,0,0,0,0
189.729,78.044,-7.385,0.469,0,0,0,0,0,0
182.344,78.513,-7.385,0.469,0,0,0,0,0,0
174.959,78.982,-7.385,0.469,0,0,0,0,0,0
167.574,79.45,-7.385,0.469,0,0,0,0,0,0
160.189,79.919,-7.385,0.469,5,0,1,0,0,0
152.804,80.388,-7.385,0.469,10,0,1,0,0,0
145.418,80.856,-7.385,0.469,15,0,1,0,0,0
138.033,81.325,-7.385,0.469,20,0,1,0,0,0
130.648,81.794,-7.385,0.469,25,0,1,0,0,0
123.263,82.263,-7.385,0.469,30,0,1,0,0,0
115.878,82.731,-7.385,0.469,35,0,1,0,0,0
108.493,83.2,-7.385,0.469,35,0,0,0,0,0
101.108,83.669,-7.385,0.469,35,0,0,0,0,0
93.723,84.137,-7.385,0.469,35,0,0,0,0,0
86.337,84.606,-7.385,0.469,35,0,0,0,0,0
78.952,85.075,-7.385,0.469,35,0,0,0,0,0
71.567,85.544,-7.385,0.469,35,0,0,0,0,0
64.182,86.012,-7.385,0.469,35,0,0,0,0,0
56.797,86.481,-7.385,0.469,35,0,0,0,0,0
49.412,86.95,-7.385,0.469,40,0,1,0,0,0
49.0,87.419,7.685,0.487,45,0,1,0,0,0
56.685,87.906,7.685,0.487,50,0,1,0,0,0
64.369,88.393,7.685,0.487,55,0,1,0,0,0
72.054,88.88,7.685,0.487,60,0,1,0,0,0
79.738,89.367,7.685,0.487,65,0,1,0,0,0
87.423,89.855,7.685,0.487,70,0,1,0,0,0
95.107,90.342,7.685,0.487,75,0,1,0,0,0
102.792,90.829,7.685,0.487,80,0,1,0,0,0
110.477,91.316,7.685,0.487,85,0,1,0,0,0
118.161,91.803,7.685,0.487,90,0,1,0,0,0
125.846,92.291,7.685,0.487,95,0,1,0,0,0
133.53,92.778,7.685,0.487,100,0,1,0,0,0
141.215,93.265,7.685,0.487,105,0,1,0,0,0
148.899,93.752,7.685,0.487,110,0,1,0,0,0
156.584,94.24,7.685,0.487,115,0,1,0,0,0
164.269,94.727,7.685,0.487,120,0,1,0,0,0
171.953,95.214,7.685,0.487,125,0,1,0,0,0
179.638,95.701,7.685,0.487,130,0,1,0,0,0
187.322,96.188,7.685,0.487,135,0,1,0,0,0
195.007,96.676,7.685,0.487,140,0,1,0,0,0
202.691,97.163,7.685,0.487,145,0,1,0,0,0
210.376,97.65,7.685,0.487,150,0,1,0,0,0
218.061,98.137,7.685,0.487,155,0,1,0,0,0
225.745,98.624,7.685,0.487,160,0,1,0,0,0
233.43,99.112,7.685,0.487,165,5,1,1,0,0
241.114,99.599,7.685,0.487,170,10,1,1,0,0
248.799,100.086,7.685,0.487,175,15,1,1,0,0
256.483,100.573,7.685,0.487,180,20,1,1,0,0
264.168,101.061,7.685,0.487,185,25,1,1,0,0
271.853,101.548,7.685,0.487,190,30,1,1,0,0
279.537,102.035,7.685,0.487,195,35,1,1,0,0
287.222,102.522,7.685,0.487,200,40,1,1,0,0
294.906,103.009,7.685,0.487,205,45,1,1,0,0
302.591,103.497,7.685,0.487,210,50,1,1,0,0
310.275,103.984,7.685,0.487,215,55,1,1,0,0
317.96,104.471,7.685,0.487,220,60,1,1,0,0
325.645,104.958,7.685,0.487,225,60,1,0,0,0
333.329,105.446,7.685,0.487,230,60,1,0,0,0
341.014,105.933,7.685,0.487,235,60,1,0,0,0
348.698,106.42,7.685,0.487,240,60,1,0,0,0
356.383,106.907,7.685,0.487,245,60,1,0,0,0
364.067,107.394,7.685,0.487,250,60,1,0,0,0
371.752,107.882,7.685,0.487,255,60,1,0,0,0
379.437,108.369,7.685,0.487,260,60,1,0,0,0
387.121,108.856,7.685,0.487,260,60,0,0,0,0
394.806,109.343,7.685,0.487,260,60,0,0,0,0
402.49,109.83,7.685,0.487,260,60,0,0,0,0
410.175,110.318,7.685,0.487,260,55,0,-1,0,0
417.859,110.805,7.685,0.487,260,50,0,-1,0,0
425.544,111.292,7.685,0.487,260,45,0,-1,0,0
433.229,111.779,7.685,0.487,260,40,0,-1,0,0
440.913,112.267,7.685,0.487,260,35,0,-1,0,0
448.598,112.754,7.685,0.487,260,30,0,-1,0,0
456.282,113.241,7.685,0.487,260,25,0,-1,0,0
463.967,113.728,7.685,0.487,260,20,0,-1,0,0
471.651,114.215,7.685,0.487,260,15,0,-1,0,0
479.336,114.703,7.685,0.487,260,10,0,-1,0,0
487.021,115.19,7.685,0.487,260,10,0,0,0,0
494.705,115.677,7.685,0.487,260,10,0,0,0,0
502.39,116.164,7.685,0.487,260,10,0,0,0,0
510.074,116.651,7.685,0.487,260,10,0,0,0,0
517.759,117.139,7.685,0.487,260,10,0,0,0,0
525.443,117.626,7.685,0.487,260,10,0,0,0,0
533.128,118.113,7.685,0.487,260,10,0,0,0,0
540.813,118.6,7.685,0.487,260,10,0,0,0,0
548.497,119.088,7.685,0.487,260,10,0,0,0,0
556.182,119.575,7.685,0.487,260,10,0,0,0,0
563.866,120.062,7.685,0.487,260,10,0,0,0,0
571.551,120.549,7.685,0.487,260,10,0,0,0,0
579.235,121.036,7.685,0.487,260,10,0,0,0,0
586.92,121.524,7.685,0.487,260,15,0,1,0,0
594.604,122.011,7.685,0.487,260,20,0,1,0,0
602.289,122.498,7.685,0.487,260,25,0,1,0,0
609.974,122.985,7.685,0.487,260,30,0,1,0,0
617.658,123.472,7.685,0.487,260,35,0,1,0,0
625.343,123.96,7.685,0.487,260,40,0,1,0,0
633.027,124.447,7.685,0.487,260,45,0,1,0,0
640.712,124.934,7.685,0.487,260,50,0,1,0,0
648.396,125.421,7.685,0.487,260,55,0,1,0,0
656.081,125.909,7.685,0.487,260,60,0,1,0,0
663.766,126.396,7.685,0.487,260,65,0,1,0,0
671.45,126.883,7.685,0.487,260,70,0,1,0,0
679.135,127.37,7.685,0.487,260,75,0,1,0,0
686.819,127.857,7.685,0.487,260,80,0,1,0,0
694.504,128.345,7.685,0.487,260,85,0,1,0,0
702.188,128.832,7.685,0.487,260,90,0,1,0,0
709.873,129.319,7.685,0.487,260,95,0,1,0,0
717.558,129.806,7.685,0.487,260,100,0,1,0,0
725.242,130.294,7.685,0.487,260,105,0,1,0,0
732.927,130.781,7.685,0.487,260,110,0,1,0,0
740.611,131.268,7.685,0.487,260,115,0,1,0,0
748.296,131.755,7.685,0.487,260,120,0,1,0,0
751.0,132.242,-5.979,-5.315,260,120,0,0,0,0
745.021,126.927,-5.979,-5.315,260,120,0,0,0,0
739.042,121.612,-5.979,-5.315,260,120,0,0,0,0
733.063,116.297,-5.979,-5.315,260,120,0,0,0,0
727.084,110.982,-5.979,-5.315,260,120,0,0,0,0
721.105,105.666,-5.979,-5.315,260,120,0,0,0,0
715.126,100.351,-5.979,-5.315,260,120,0,0,0,0
709.147,95.036,-5.979,-5.315,260,120,0,0,0,0
703.168,89.721,-5.979,-5.315,260,120,0,0,0,0
697.189,84.405,-5.979,-5.315,260,120,0,0,0,0
691.21,79.09,-5.979,-5.315,260,120,0,0,0,0
685.231,73.775,-5.979,-5.315,260,120,0,0,0,0
679.252,68.46,-5.979,-5.315,260,120,0,0,0,0
673.273,63.145,-5.979,-5.315,260,120,0,0,0,0
667.294,57.829,-5.979,-5.315,260,120,0,0,0,0
661.315,52.514,-5.979,-5.315,260,120,0,0,0,0
655.336,47.199,-5.979,-5.315,260,120,0,0,0,0
649.357,41.884,-5.979,-5.315,260,120,0,0,0,0
643.378,36.569,-5.979,-5.315,260,120,0,0,0,0
637.399,31.253,-5.979,-5.315,255,120,-1,0,0,0
631.42,25.938,-5.979,-5.315,250,120,-1,0,0,0
625.441,20.623,-5.979,-5.315,245,120,-1,0,0,0
619.462,15.308,-5.979,-5.315,240,120,-1,0,0,0
613.483,9.992,-5.979,-5.315,235,120,-1,0,0,0
607.504,6.0,-5.979,5.315,230,120,-1,0,0,0
601.525,11.315,-5.979,5.315,225,120,-1,0,0,0
595.546,16.63,-5.979,5.315,220,120,-1,0,0,0
589.567,21.946,-5.979,5.315,215,120,-1,0,0,0
583.588,27.261,-5.979,5.315,210,120,-1,0,0,0
577.609,32.576,-5.979,5.315,205,120,-1,0,0,0
571.63,37.891,-5.979,5.315,200,120,-1,0,0,0
565.651,43.206,-5.979,5.315,195,120,-1,0,0,0
559.672,48.522,-5.979,5.315,190,120,-1,0,0,0
553.693,53.837,-5.979,5.315,185,120,-1,0,0,0
547.714,59.152,-5.979,5.315,180,120,-1,0,0,0
541.735,64.467,-5.979,5.315,175,120,-1,0,0,0
535.756,69.783,-5.979,5.315,170,120,-1,0,0,0
529.777,75.098,-5.979,5.315,165,120,-1,0,0,0
523.798,80.413,-5.979,5.315,160,120,-1,0,0,0
517.819,85.728,-5.979,5.315,155,120,-1,0,0,0
511.84,91.043,-5.979,5.315,150,120,-1,0,0,0
505.861,96.359,-5.979,5.315,145,120,-1,0,0,0
499.882,101.674,-5.979,5.315,140,120,-1,0,0,0
493.903,106.989,-5.979,5.315,135,120,-1,0,0,0
487.924,112.304,-5.979,5.315,135,120,0,0,0,0
481.945,117.619,-5.979,5.315,135,120,0,0,0,0
475.966,122.935,-5.979,5.315,135,120,0,0,0,0
469.987,128.25,-5.979,5.315,135,120,0,0,0,0
464.008,133.565,-5.979,5.315,135,120,0,0,0,0
458.029,138.88,-5.979,5.315,135,120,0,0,0,0
452.05,144.196,-5.979,5.315,140,120,1,0,0,0
446.071,149.511,-5.979,5.315,145,120,1,0,0,0
440.092,154.826,-5.979,5.315,150,120,1,0,0,0
434.113,160.141,-5.979,5.315,155,120,1,0,0,0
428.134,165.456,-5.979,5.315,160,120,1,0,0,0
422.155,170.772,-5.979,5.315,165,120,1,0,0,0
416.176,176.087,-5.979,5.315,170,120,1,0,0,0
410.197,181.402,-5.979,5.315,175,120,1,0,0,0
404.218,186.717,-5.979,5.315,180,120,1,0,0,0
398.239,192.032,-5.979,5.315,185,120,1,0,0,0
392.26,197.348,-5.979,5.315,190,120,1,0,0,0
386.281,202.663,-5.979,5.315,195,120,1,0,0,0
380.302,207.978,-5.979,5.315,200,120,1,0,0,0
374.323,213.293,-5.979,5.315,205,120,1,0,0,0
368.344,218.609,-5.979,5.315,210,120,1,0,0,0
362.365,223.924,-5.979,5.315,215,120,1,0,0,0
356.386,229.239,-5.979,5.315,220,120,1,0,0,0
350.407,234.554,-5.979,5.315,225,120,1,0,0,0
344.428,239.869,-5.979,5.315,230,120,1,0,0,0
338.449,245.185,-5.979,5.315,235,120,1,0,0,0
332.47,250.5,-5.979,5.315,240,120,1,0,0,0
326.491,255.815,-5.979,5.315,245,120,1,0,0,0
320.512,261.13,-5.979,5.315,250,120,1,0,0,0
314.533,266.445,-5.979,5.315,255,120,1,0,0,0
308.554,271.761,-5.979,5.315,260,120,1,0,0,0
302.575,277.076,-5.979,5.315,265,120,1,0,0,0
296.596,282.391,-5.979,5.315,270,120,1,0,0,0
290.617,287.706,-5.979,5.315,275,120,1,0,0,0
284.638,293.022,-5.979,5.315,280,120,1,0,0,0
278.659,298.337,-5.979,5.315,285,120,1,0,0,0
272.68,303.652,-5.979,5.315,290,120,1,0,0,0
266.701,308.967,-5.979,5.315,295,120,1,0,0,0
260.722,314.282,-5.979,5.315,300,120,1,0,0,0
254.743,319.598,-5.979,5.315,305,120,1,0,0,0
248.764,324.913,-5.979,5.315,310,120,1,0,0,0
242.785,330.228,-5.979,5.315,315,120,1,0,0,0
236.806,335.543,-5.979,5.315,320,120,1,0,0,0
230.827,340.858,-5.979,5.315,325,120,1,0,0,0
224.848,346.174,-5.979,5.315,330,120,1,0,0,0
218.869,351.489,-5.979,5.315,335,120,1,0,0,0
212.89,356.804,-5.979,5.315,340,120,1,0,0,0
206.911,362.119,-5.979,5.315,345,120,1,0,0,0
200.932,367.435,-5.979,5.315,350,120,1,0,0,0
194.953,372.75,-5.979,5.315,355,120,1,0,0,0
188.974,378.065,-5.979,5.315,360,120,1,0,0,0
182.995,383.38,-5.979,5.315,365,120,1,0,0,0
177.016,388.695,-5.979,5.315,370,120,1,0,0,0
171.037,394.011,-5.979,5.315,375,120,1,0,0,0
165.057,399.326,-5.979,5.315,380,120,1,0,0,0
159.078,404.641,-5.979,5.315,385,120,1,0,0,0
153.099,409.956,-5.979,5.315,390,120,1,0,0,0
147.12,415.271,-5.979,5.315,395,120,1,0,0,0
141.141,420.587,-5.979,5.315,400,120,1,0,0,0
135.162,425.902,-5.979,5.315,405,120,1,0,0,0
129.183,431.217,-5.979,5.315,410,120,1,0,0,0
123.204,436.532,-5.979,5.315,415,120,1,0,0,0
117.225,441.848,-5.979,5.315,420,120,1,0,0,0
111.246,447.163,-5.979,5.315,425,120,1,0,0,0
105.267,452.478,-5.979,5.315,430,120,1,0,0,0
99.288,457.793,-5.979,5.315,435,120,1,0,0,0
93.309,463.108,-5.979,5.315,440,125,1,1,0,0
87.33,468.424,-5.979,5.315,445,130,1,1,0,0
81.351,473.739,-5.979,5.315,450,135,1,1,0,0
75.372,479.054,-5.979,5.315,455,140,1,1,0,0
69.393,484.369,-5.979,5.315,460,145,1,1,0,0
63.414,489.684,-5.979,5.315,465,150,1,1,0,0
57.435,495.0,-5.979,5.315,470,155,1,1,0,0
51.456,500.315,-5.979,5.315,475,160,1,1,0,0
49.0,505.63,7.72,-3.049,480,165,1,1,0,0
56.72,502.581,7.72,-3.049,485,170,1,1,0,0
64.439,499.531,7.72,-3.049,490,175,1,1,0,0
72.159,496.482,7.72,-3.049,495,180,1,1,0,0
79.878,493.433,7.72,-3.049,500,185,1,1,0,0
87.598,490.383,7.72,-3.049,505,185,1,0,0,0
95.317,487.334,7.72,-3.049,510,185,1,0,0,0
103.037,484.285,7.72,-3.049,515,185,1,0,0,0
110.756,481.235,7.72,-3.049,520,185,1,0,0,0
118.476,478.186,7.72,-3.049,520,185,1,0,0,0
126.195,475.137,7.72,-3.049,520,185,1,0,0,0
133.915,472.087,7.72,-3.049,520,185,1,0,0,0
141.635,469.038,7.72,-3.049,520,185,0,0,0,0
149.354,465.989,7.72,-3.049,520,185,0,0,0,0
157.074,462.939,7.72,-3.049,520,185,0,0,0,0
164.793,459.89,7.72,-3.049,520,185,0,0,0,0
172.513,456.84,7.72,-3.049,520,185,0,0,0,0
180.232,453.791,7.72,-3.049,520,185,0,0,0,0
187.952,450.742,7.72,-3.049,520,185,0,0,0,0
195.671,447.692,7.72,-3.049,520,185,0,0,0,0
203.391,444.643,7.72,-3.049,515,185,-1,0,0,0
211.111,441.594,7.72,-3.049,510,185,-1,0,0,0
218.83,438.544,7.72,-3.049,505,185,-1,0,0,0
226.55,435.495,7.72,-3.049,500,185,-1,0,0,0
234.269,432.446,7.72,-3.049,495,185,-1,0,0,0
241.989,429.396,7.72,-3.049,490,185,-1,0,0,0
249.708,426.347,7.72,-3.049,485,180,-1,-1,0,0
257.428,423.298,7.72,-3.049,480,175,-1,-1,0,0
265.147,420.248,7.72,-3.049,475,170,-1,-1,0,0
272.867,417.199,7.72,-3.049,470,165,-1,-1,0,0
280.586,414.15,7.72,-3.049,465,160,-1,-1,0,0
288.306,411.1,7.72,-3.049,460,155,-1,-1,0,0
296.026,408.051,7.72,-3.049,455,155,-1,0,0,0
303.745,405.001,7.72,-3.049,450,155,-1,0,0,0
311.465,401.952,7.72,-3.049,445,155,-1,0,0,0
319.184,398.903,7.72,-3.049,440,155,-1,0,0,0
326.904,395.853,7.72,-3.049,435,155,-1,0,0,0
334.623,392.804,7.72,-3.049,430,155,-1,0,0,0
342.343,389.755,7.72,-3.049,425,155,-1,0,0,0
350.062,386.705,7.72,-3.049,420,155,-1,0,0,0
357.782,383.656,7.72,-3.049,415,155,-1,0,0,0
365.502,380.607,7.72,-3.049,410,160,-1,1,0,0
373.221,377.557,7.72,-3.049,405,165,-1,1,0,0
380.941,374.508,7.72,-3.049,400,170,-1,1,0,0
388.66,371.459,7.72,-3.049,395,175,-1,1,0,0
396.38,368.409,7.72,-3.049,390,180,-1,1,0,0
404.099,365.36,7.72,-3.049,385,185,-1,1,0,0
411.819,362.311,7.72,-3.049,380,190,-1,1,0,0
419.538,359.261,7.72,-3.049,375,195,-1,1,0,0
427.258,356.212,7.72,-3.049,370,200,-1,1,0,0
434.977,353.162,7.72,-3.049,365,205,-1,1,0,0
442.697,350.113,7.72,-3.049,365,210,0,1,0,0
450.417,347.064,7.72,-3.049,365,215,0,1,0,0
458.136,344.014,7.72,-3.049,365,220,0,1,0,0
465.856,340.965,7.72,-3.049,365,225,0,1,0,0
473.575,337.916,7.72,-3.049,365,230,0,1,0,0
481.295,334.866,7.72,-3.049,365,235,0,1,0,0
489.014,331.817,7.72,-3.049,365,240,0,1,0,0
496.734,328.768,7.72,-3.049,365,245,0,1,0,0
504.453,325.718,7.72,-3.049,365,250,0,1,0,0
512.173,322.669,7.72,-3.049,365,250,0,0,0,0
519.893,319.62,7.72,-3.049,365,250,0,0,0,0
527.612,316.57,7.72,-3.049,365,250,0,0,0,0
535.332,313.521,7.72,-3.049,365,250,0,0,0,0
543.051,310.472,7.72,-3.049,365,250,0,0,0,0
550.771,307.422,7.72,-3.049,365,250,0,0,0,0
558.49,304.373,7.72,-3.049,365,250,0,0,0,0
566.21,301.323,7.72,-3.049,365,250,0,0,0,0
573.929,298.274,7.72,-3.049,365,250,0,0,0,0
581.649,295.225,7.72,-3.049,365,245,0,-1,0,0
589.368,292.175,7.72,-3.049,365,240,0,-1,0,0
597.088,289.126,7.72,-3.049,365,235,0,-1,0,0
604.808,286.077,7.72,-3.049,365,230,0,-1,0,0
612.527,283.027,7.72,-3.049,365,225,0,-1,0,0
620.247,279.978,7.72,-3.049,365,220,0,-1,0,0
627.966,276.929,7.72,-3.049,365,215,0,-1,0,0
635.686,273.879,7.72,-3.049,365,210,0,-1,0,0
643.405,270.83,7.72,-3.049,365,205,0,-1,0,0
651.125,267.781,7.72,-3.049,365,200,0,-1,0,0
658.844,264.731,7.72,-3.049,365,200,0,0,0,0
666.564,261.682,7.72,-3.049,365,200,0,0,0,0
674.284,258.633,7.72,-3.049,365,200,0,0,0,0
682.003,255.583,7.72,-3.049,365,200,0,0,0,0
689.723,252.534,7.72,-3.049,365,200,0,0,0,0
697.442,249.484,7.72,-3.049,365,200,0,0,0,0
705.162,246.435,7.72,-3.049,365,200,0,0,0,0
712.881,243.386,7.72,-3.049,365,200,0,0,0,0
720.601,240.336,7.72,-3.049,365,200,0,0,0,0
728.32,237.287,7.72,-3.049,365,200,0,0,0,0
736.04,234.238,7.72,-3.049,365,200,0,0,0,0
743.759,231.188,7.72,-3.049,365,200,0,0,0,0
751.479,228.139,7.72,-3.049,365,200,0,0,0,0
751.0,225.09,-7.953,-3.272,365,200,0,0,0,0
743.047,221.817,-7.953,-3.272,365,200,0,0,0,0
735.094,218.545,-7.953,-3.272,365,200,0,0,0,0
727.141,215.272,-7.953,-3.272,365,200,0,0,0,0
719.188,212.0,-7.953,-3.272,365,200,0,0,0,0
711.235,208.728,-7.953,-3.272,365,200,0,0,0,0
703.282,205.455,-7.953,-3.272,360,200,-1,0,0,0
695.329,202.183,-7.953,-3.272,355,200,-1,0,0,0
687.375,198.91,-7.953,-3.272,350,200,-1,0,0,0
679.422,195.638,-7.953,-3.272,345,200,-1,0,0,0
671.469,192.366,-7.953,-3.272,340,200,-1,0,0,0
663.516,189.093,-7.953,-3.272,335,200,-1,0,0,0
655.563,185.821,-7.953,-3.272,330,200,-1,0,0,0
647.61,182.548,-7.953,-3.272,325,200,-1,0,0,0
639.657,179.276,-7.953,-3.272,320,200,-1,0,0,0
631.704,176.003,-7.953,-3.272,315,200,-1,0,0,0
623.751,172.731,-7.953,-3.272,310,200,-1,0,0,0
615.798,169.459,-7.953,-3.272,305,200,-1,0,0,0
607.845,166.186,-7.953,-3.272,300,200,-1,0,0,0
599.892,162.914,-7.953,-3.272,295,200,-1,0,0,0
591.939,159.641,-7.953,-3.272,290,200,-1,0,0,0
583.986,156.369,-7.953,-3.272,285,200,-1,0,0,0
576.032,153.097,-7.953,-3.272,280,200,-1,0,0,0
568.079,149.824,-7.953,-3.272,275,200,-1,0,0,0
560.126,146.552,-7.953,-3.272,270,200,-1,0,0,0
552.173,143.279,-7.953,-3.272,265,200,-1,0,0,0
544.22,140.007,-7.953,-3.272,260,200,-1,0,0,0
536.267,136.734,-7.953,-3.272,255,200,-1,0,0,0
528.314,133.462,-7.953,-3.272,250,200,-1,0,0,0
520.361,130.19,-7.953,-3.272,245,200,-1,0,0,0
512.408,126.917,-7.953,-3.272,240,200,-1,0,0,0
504.455,123.645,-7.953,-3.272,235,200,-1,0,0,0
496.502,120.372,-7.953,-3.272,230,200,-1,0,0,0
488.549,117.1,-7.953,-3.272,225,200,-1,0,0,0
480.596,113.828,-7.953,-3.272,220,200,-1,0,0,0
472.643,110.555,-7.953,-3.272,215,200,-1,0,0,0
464.69,107.283,-7.953,-3.272,210,200,-1,0,0,0
456.736,104.01,-7.953,-3.272,205,200,-1,0,0,0
448.783,100.738,-7.953,-3.272,200,200,-1,0,0,0
440.83,97.465,-7.953,-3.272,195,200,-1,0,0,0
432.877,94.193,-7.953,-3.272,190,200,-1,0,0,0
424.924,90.921,-7.953,-3.272,185,200,-1,0,0,0
416.971,87.648,-7.953,-3.272,180,200,-1,0,0,0
409.018,84.376,-7.953,-3.272,175,200,-1,0,0,0
401.065,81.103,-7.953,-3.272,170,200,-1,0,0,0
393.112,77.831,-7.953,-3.272,165,200,-1,0,0,0
385.159,74.559,-7.953,-3.272,160,200,-1,0,0,0
377.206,71.286,-7.953,-3.272,155,200,-1,0,0,0
369.253,68.014,-7.953,-3.272,150,200,-1,0,0,0
361.3,64.741,-7.953,-3.272,145,200,-1,0,0,0
353.347,61.469,-7.953,-3.272,140,200,-1,0,0,0
345.393,58.197,-7.953,-3.272,135,200,-1,0,0,0
337.44,54.924,-7.953,-3.272,130,200,-1,0,0,0
329.487,51.652,-7.953,-3.272,125,200,-1,0,0,0
321.534,48.379,-7.953,-3.272,120,200,-1,0,0,0
313.581,45.107,-7.953,-3.272,115,200,-1,0,0,0
305.628,41.834,-7.953,-3.272,110,200,-1,0,0,0
297.675,38.562,-7.953,-3.272,105,200,-1,0,0,0
289.722,35.29,-7.953,-3.272,100,200,-1,0,0,0
281.769,32.017,-7.953,-3.272,95,200,-1,0,0,0
273.816,28.745,-7.953,-3.272,90,200,-1,0,0,0
265.863,25.472,-7.953,-3.272,85,200,-1,0,0,0
257.91,22.2,-7.953,-3.272,80,200,-1,0,0,0
249.957,18.928,-7.953,-3.272,75,200,-1,0,0,0
242.004,15.655,-7.953,-3.272,70,200,-1,0,0,0
234.051,12.383,-7.953,-3.272,65,200,-1,0,0,0
226.097,9.11,-7.953,-3.272,60,200,-1,0,0,0
218.144,6.0,-7.953,3.272,55,200,-1,0,0,0
210.191,9.272,-7.953,3.272,50,200,-1,0,0,0
202.238,12.545,-7.953,3.272,45,200,-1,0,0,0
194.285,15.817,-7.953,3.272,40,200,-1,0,0,0
186.332,19.09,-7.953,3.272,35,200,-1,0,0,0
178.379,22.362,-7.953,3.272,30,200,-1,0,0,0
170.426,25.634,-7.953,3.272,25,200,-1,0,0,0
162.473,28.907,-7.953,3.272,20,200,-1,0,0,0
154.52,32.179,-7.953,3.272,15,200,-1,0,0,0
146.567,35.452,-7.953,3.272,10,200,-1,0,0,0
138.614,38.724,-7.953,3.272,5,200,-1,0,0,0
130.661,41.997,-7.953,3.272,0,200,-1,0,0,0
122.708,45.269,-7.953,3.272,0,200,-1,0,0,0
114.755,48.541,-7.953,3.272,0,200,0,0,0,0
106.801,51.814,-7.953,3.272,0,200,0,0,0,0
98.848,55.086,-7.953,3.272,0,200,0,0,0,0
90.895,58.359,-7.953,3.272,0,200,0,0,0,0
82.942,61.631,-7.953,3.272,0,200,0,0,0,0
74.989,64.903,-7.953,3.272,0,200,0,0,0,0
67.036,68.176,-7.953,3.272,5,200,1,0,0,0
59.083,71.448,-7.953,3.272,10,200,1,0,0,0
51.13,74.721,-7.953,3.272,15,200,1,0,0,0
49.0,77.993,7.931,4.039,20,200,1,0,0,0
56.931,82.032,7.931,4.039,25,200,1,0,0,0
64.861,86.071,7.931,4.039,30,200,1,0,0,0
72.792,90.11,7.931,4.039,35,200,1,0,0,0
80.723,94.149,7.931,4.039,40,200,1,0,0,0
88.653,98.189,7.931,4.039,45,200,1,0,0,0
96.584,102.228,7.931,4.039,50,200,1,0,0,0
104.515,106.267,7.931,4.039,55,200,1,0,0,0
112.445,110.306,7.931,4.039,60,200,1,0,0,0
120.376,114.345,7.931,4.039,65,200,1,0,0,0
128.307,118.384,7.931,4.039,70,200,1,0,0,0
136.238,122.423,7.931,4.039,75,200,1,0,0,0
144.168,126.462,7.931,4.039,80,200,1,0,0,0
152.099,130.501,7.931,4.039,85,200,1,0,0,0
160.03,134.54,7.931,4.039,90,200,1,0,0,0
167.96,138.579,7.931,4.039,95,200,1,0,0,0
175.891,142.619,7.931,4.039,100,200,1,0,0,0
183.822,146.658,7.931,4.039,105,200,1,0,0,0
191.752,150.697,7.931,4.039,110,200,1,0,0,0
199.683,154.736,7.931,4.039,115,200,1,0,0,0
207.614,158.775,7.931,4.039,120,200,1,0,0,0
215.544,162.814,7.931,4.039,125,200,1,0,0,0
223.475,166.853,7.931,4.039,130,200,1,0,0,0
231.406,170.892,7.931,4.039,135,200,1,0,0,0
239.336,174.931,7.931,4.039,140,200,1,0,0,0
247.267,178.97,7.931,4.039,145,200,1,0,0,0
255.198,183.009,7.931,4.039,150,200,1,0,0,0
263.128,187.049,7.931,4.039,155,200,1,0,0,0
271.059,191.088,7.931,4.039,160,200,1,0,0,0
278.99,195.127,7.931,4.039,165,200,1,0,0,0
286.921,199.166,7.931,4.039,170,200,1,0,0,0
294.851,203.205,7.931,4.039,175,200,1,0,0,0
302.782,207.244,7.931,4.039,180,200,1,0,0,0
310.713,211.283,7.931,4.039,185,200,1,0,0,0
318.643,215.322,7.931,4.039,190,200,1,0,0,0
326.574,219.361,7.931,4.039,195,200,1,0,0,0
334.505,223.4,7.931,4.039,200,200,1,0,0,0
342.435,227.439,7.931,4.039,205,200,1,0,0,0
350.366,231.478,7.931,4.039,210,200,1,0,0,0
358.297,235.518,7.931,4.039,215,205,1,1,0,0
366.227,239.557,7.931,4.039,220,210,1,1,0,0
374.158,243.596,7.931,4.039,225,215,1,1,0,0
382.089,247.635,7.931,4.039,230,220,1,1,0,0
390.019,251.674,7.931,4.039,235,225,1,1,0,0
397.95,255.713,7.931,4.039,240,230,1,1,0,0
405.881,259.752,7.931,4.039,245,235,1,1,0,0
413.812,263.791,7.931,4.039,250,240,1,1,0,0
421.742,267.83,7.931,4.039,255,245,1,1,0,0
429.673,271.869,7.931,4.039,260,250,1,1,0,0
437.604,275.908,7.931,4.039,265,255,1,1,0,0
445.534,279.948,7.931,4.039,270,260,1,1,0,0
453.465,283.987,7.931,4.039,275,265,1,1,0,0
461.396,288.026,7.931,4.039,280,270,1,1,0,0
469.326,292.065,7.931,4.039,285,275,1,1,0,0
477.257,296.104,7.931,4.039,290,280,1,1,0,0
485.188,300.143,7.931,4.039,295,280,1,0,0,0
493.118,304.182,7.931,4.039,300,280,1,0,0,0
501.049,308.221,7.931,4.039,305,280,1,0,0,0
508.98,312.26,7.931,4.039,310,280,1,0,0,0
516.91,316.299,7.931,4.039,315,280,1,0,0,0
524.841,320.338,7.931,4.039,320,280,1,0,0,0
532.772,324.378,7.931,4.039,325,280,1,0,0,0
540.702,328.417,7.931,4.039,330,280,1,0,0,0
548.633,332.456,7.931,4.039,335,280,1,0,0,0
556.564,336.495,7.931,4.039,340,280,1,0,0,0
564.495,340.534,7.931,4.039,345,280,1,0,0,0
572.425,344.573,7.931,4.039,350,280,1,0,0,0
580.356,348.612,7.931,4.039,355,280,1,0,0,0
588.287,352.651,7.931,4.039,360,280,1,0,0,0
596.217,356.69,7.931,4.039,365,280,1,0,0,0
604.148,360.729,7.931,4.039,370,280,1,0,0,0
612.079,364.768,7.931,4.039,375,280,1,0,0,0
620.009,368.808,7.931,4.039,380,280,1,0,0,0
627.94,372.847,7.931,4.039,385,280,1,0,0,0
635.871,376.886,7.931,4.039,390,285,1,1,0,0
643.801,380.925,7.931,4.039,395,290,1,1,0,0
651.732,384.964,7.931,4.039,400,295,1,1,0,0
659.663,389.003,7.931,4.039,405,300,1,1,0,0
667.593,393.042,7.931,4.039,410,305,1,1,0,0
675.524,397.081,7.931,4.039,415,310,1,1,0,0
683.455,401.12,7.931,4.039,420,315,1,1,0,0
691.385,405.159,7.931,4.039,425,320,1,1,0,0
699.316,409.198,7.931,4.039,430,325,1,1,0,0
707.247,413.237,7.931,4.039,435,330,1,1,0,0
715.178,417.277,7.931,4.039,440,335,1,1,0,0
723.108,421.316,7.931,4.039,445,340,1,1,0,0
731.039,425.355,7.931,4.039,450,345,1,1,0,0
738.97,429.394,7.931,4.039,455,350,1,1,0,0
746.9,433.433,7.931,4.039,460,355,1,1,0,0
751.0,437.472,-5.117,7.646,465,360,1,1,0,0
745.883,445.118,-5.117,7.646,470,365,1,1,0,0
740.766,452.764,-5.117,7.646,475,370,1,1,0,0
735.649,460.409,-5.117,7.646,480,375,1,1,0,0
730.533,468.055,-5.117,7.646,485,380,1,1,0,0
725.416,475.701,-5.117,7.646,490,385,1,1,0,0
720.299,483.347,-5.117,7.646,495,390,1,1,0,0
715.182,490.992,-5.117,7.646,500,395,1,1,0,0
710.065,498.638,-5.117,7.646,505,400,1,1,0,0
704.948,506.284,-5.117,7.646,510,405,1,1,0,0
699.832,513.93,-5.117,7.646,515,410,1,1,0,0
694.715,521.576,-5.117,7.646,520,415,1,1,0,0
689.598,529.221,-5.117,7.646,520,420,1,1,0,0
684.481,536.867,-5.117,7.646,520,425,1,1,0,0
679.364,544.513,-5.117,7.646,520,430,1,1,0,0
674.247,552.159,-5.117,7.646,520,430,1,0,0,0
669.13,559.804,-5.117,7.646,520,430,1,0,0,0
664.014,567.45,-5.117,7.646,520,430,1,0,0,0
658.897,575.096,-5.117,7.646,520,430,0,0,0,0
653.78,582.742,-5.117,7.646,520,430,0,0,0,0
648.663,590.387,-5.117,7.646,520,430,0,0,0,0
643.546,594.0,-5.117,-7.646,520,430,0,0,0,0
638.429,586.354,-5.117,-7.646,520,430,0,0,0,0
633.312,578.708,-5.117,-7.646,520,430,0,0,0,0
628.196,571.063,-5.117,-7.646,520,430,0,0,0,0
623.079,563.417,-5.117,-7.646,520,430,0,0,0,0
617.962,555.771,-5.117,-7.646,515,430,-1,0,0,0
612.845,548.125,-5.117,-7.646,510,430,-1,0,0,0
607.728,540.48,-5.117,-7.646,505,430,-1,0,0,0
602.611,532.834,-5.117,-7.646,500,430,-1,0,0,0
597.495,525.188,-5.117,-7.646,495,430,-1,0,0,0
592.378,517.542,-5.117,-7.646,490,430,-1,0,0,0
587.261,509.896,-5.117,-7.646,485,430,-1,0,0,0
582.144,502.251,-5.117,-7.646,480,430,-1,0,0,0
577.027,494.605,-5.117,-7.646,475,430,-1,0,0,0
571.91,486.959,-5.117,-7.646,470,430,-1,0,0,0
566.793,479.313,-5.117,-7.646,465,430,-1,0,0,0
561.677,471.668,-5.117,-7.646,460,430,-1,0,0,0
556.56,464.022,-5.117,-7.646,455,430,-1,0,0,0
551.443,456.376,-5.117,-7.646,450,430,-1,0,0,0
546.326,448.73,-5.117,-7.646,445,430,-1,0,0,0
541.209,441.085,-5.117,-7.646,440,430,-1,0,0,0
536.092,433.439,-5.117,-7.646,435,430,-1,0,0,0
530.975,425.793,-5.117,-7.646,430,430,-1,0,0,0
525.859,418.147,-5.117,-7.646,425,430,-1,0,0,0
520.742,410.501,-5.117,-7.646,420,430,-1,0,0,0
515.625,402.856,-5.117,-7.646,415,430,-1,0,0,0
510.508,395.21,-5.117,-7.646,410,430,-1,0,0,0
505.391,387.564,-5.117,-7.646,405,430,-1,0,0,0
500.274,379.918,-5.117,-7.646,400,430,-1,0,0,0
495.158,372.273,-5.117,-7.646,395,430,-1,0,0,0
490.041,364.627,-5.117,-7.646,390,430,-1,0,0,0
484.924,356.981,-5.117,-7.646,385,430,-1,0,0,0
479.807,349.335,-5.117,-7.646,380,430,-1,0,0,0
474.69,341.689,-5.117,-7.646,375,430,-1,0,0,0
469.573,334.044,-5.117,-7.646,370,430,-1,0,0,0
464.456,326.398,-5.117,-7.646,365,430,-1,0,0,0
459.34,318.752,-5.117,-7.646,360,430,-1,0,0,0
454.223,311.106,-5.117,-7.646,355,430,-1,0,0,0
449.106,303.461,-5.117,-7.646,350,430,-1,0,0,0
443.989,295.815,-5.117,-7.646,345,430,-1,0,0,0
438.872,288.169,-5.117,-7.646,340,430,-1,0,0,0
433.755,280.523,-5.117,-7.646,335,430,-1,0,0,0
428.638,272.878,-5.117,-7.646,330,430,-1,0,0,0
423.522,265.232,-5.117,-7.646,325,430,-1,0,0,0
418.405,257.586,-5.117,-7.646,320,430,-1,0,0,0
413.288,249.94,-5.117,-7.646,315,430,-1,0,0,0
408.171,242.294,-5.117,-7.646,310,430,-1,0,0,0
403.054,234.649,-5.117,-7.646,305,430,-1,0,0,0
397.937,227.003,-5.117,-7.646,300,430,-1,0,0,0
392.821,219.357,-5.117,-7.646,295,430,-1,0,0,0
387.704,211.711,-5.117,-7.646,290,430,-1,0,0,0
382.587,204.066,-5.117,-7.646,285,430,-1,0,0,0
377.47,196.42,-5.117,-7.646,280,430,-1,0,0,0
372.353,188.774,-5.117,-7.646,275,430,-1,0,0,0
367.236,181.128,-5.117,-7.646,270,430,-1,0,0,0
362.119,173.482,-5.117,-7.646,265,430,-1,0,0,0
357.003,165.837,-5.117,-7.646,260,430,-1,0,0,0
351.886,158.191,-5.117,-7.646,255,430,-1,0,0,0
346.769,150.545,-5.117,-7.646,250,430,-1,0,0,0
341.652,142.899,-5.117,-7.646,245,430,-1,0,0,0
336.535,135.254,-5.117,-7.646,240,430,-1,0,0,0
331.418,127.608,-5.117,-7.646,235,430,-1,0,0,0
326.301,119.962,-5.117,-7.646,230,430,-1,0,0,0
321.185,112.316,-5.117,-7.646,225,430,-1,0,0,0
316.068,104.671,-5.117,-7.646,220,430,-1,0,0,0
310.951,97.025,-5.117,-7.646,215,430,-1,0,0,0
305.834,89.379,-5.117,-7.646,210,430,-1,0,0,0
300.717,81.733,-5.117,-7.646,205,430,-1,0,0,0
295.6,74.087,-5.117,-7.646,200,430,-1,0,0,0
290.484,66.442,-5.117,-7.646,195,430,-1,0,0,0
285.367,58.796,-5.117,-7.646,190,430,-1,0,0,0
280.25,51.15,-5.117,-7.646,185,430,-1,0,0,0
275.133,43.504,-5.117,-7.646,180,430,-1,0,0,0
270.016,35.859,-5.117,-7.646,175,430,-1,0,0,0
264.899,28.213,-5.117,-7.646,170,430,-1,0,0,0
259.782,20.567,-5.117,-7.646,165,430,-1,0,0,0
254.666,12.921,-5.117,-7.646,160,430,-1,0,0,0
249.549,6.0,-5.117,7.646,155,430,-1,0,0,0
244.432,13.646,-5.117,7.646,150,430,-1,0,0,0
239.315,21.292,-5.117,7.646,145,430,-1,0,0,0
234.198,28.937,-5.117,7.646,140,430,-1,0,0,0
229.081,36.583,-5.117,7.646,135,430,-1,0,0,0
223.964,44.229,-5.117,7.646,130,430,-1,0,0,0
218.848,51.875,-5.117,7.646,125,430,-1,0,0,0
213.731,59.52,-5.117,7.646,120,430,-1,0,0,0
208.614,67.166,-5.117,7.646,115,430,-1,0,0,0
203.497,74.812,-5.117,7.646,110,430,-1,0,0,0
198.38,82.458,-5.117,7.646,105,430,-1,0,0,0
193.263,90.104,-5.117,7.646,100,430,-1,0,0,0
188.147,97.749,-5.117,7.646,95,430,-1,0,0,0
183.03,105.395,-5.117,7.646,95,430,0,0,0,0
177.913,113.041,-5.117,7.646,95,430,0,0,0,0
172.796,120.687,-5.117,7.646,95,430,0,0,0,0
167.679,128.332,-5.117,7.646,95,430,0,0,0,0
162.562,135.978,-5.117,7.646,95,430,0,0,0,0
157.445,143.624,-5.117,7.646,95,430,0,0,0,0
152.329,151.27,-5.117,7.646,100,430,1,0,0,0
147.212,158.915,-5.117,7.646,105,430,1,0,0,0
142.095,166.561,-5.117,7.646,110,430,1,0,0,0
136.978,174.207,-5.117,7.646,115,430,1,0,0,0
131.861,181.853,-5.117,7.646,120,430,1,0,0,0
126.744,189.499,-5.117,7.646,125,430,1,0,0,0
121.628,197.144,-5.117,7.646,130,430,1,0,0,0
116.511,204.79,-5.117,7.646,135,430,1,0,0,0
111.394,212.436,-5.117,7.646,140,430,1,0,0,0
106.277,220.082,-5.117,7.646,145,430,1,0,0,0
101.16,227.727,-5.117,7.646,150,430,1,0,0,0
96.043,235.373,-5.117,7.646,155,430,1,0,0,0
90.926,243.019,-5.117,7.646,160,430,1,0,0,0
85.81,250.665,-5.117,7.646,165,430,1,0,0,0
80.693,258.311,-5.117,7.646,170,430,1,0,0,0
75.576,265.956,-5.117,7.646,175,430,1,0,0,0
70.459,273.602,-5.117,7.646,180,430,1,0,0,0
65.342,281.248,-5.117,7.646,185,430,1,0,0,0
60.225,288.894,-5.117,7.646,190,430,1,0,0,0
55.108,296.539,-5.117,7.646,195,430,1,0,0,0
49.992,304.185,-5.117,7.646,200,430,1,0,0,0
44.875,311.831,-5.117,7.646,205,430,1,0,0,0
39.758,319.477,-5.117,7.646,210,430,1,0,0,0
34.641,327.122,-5.117,7.646,215,430,1,0,0,0
29.524,334.768,-5.117,7.646,220,430,1,0,0,0
24.407,342.414,-5.117,7.646,225,430,1,0,0,0
19.291,350.06,-5.117,7.646,230,430,1,0,0,0
14.174,357.706,-5.117,7.646,235,430,1,0,0,0
9.057,365.351,-5.117,7.646,240,430,1,0,0,0
3.94,372.997,-5.117,7.646,245,430,1,0,0,0
-1.177,380.643,-5.117,7.646,250,430,1,0,0,0
400.0,300.0,4.405,2.365,255,430,1,0,0,1
404.405,302.365,4.405,2.365,255,430,0,0,0,0
408.811,304.73,4.405,2.365,255,430,0,0,0,0
413.216,307.095,4.405,2.365,255,430,0,0,0,0
417.622,309.459,4.405,2.365,255,430,0,0,0,0
422.027,311.824,4.405,2.365,255,430,0,0,0,0
426.432,314.189,4.405,2.365,255,430,0,0,0,0
430.838,316.554,4.405,2.365,255,430,0,0,0,0
435.243,318.919,4.405,2.365,255,430,0,0,0,0
439.648,321.284,4.405,2.365,255,430,0,0,0,0
444.054,323.649,4.405,2.365,255,430,0,0,0,0
448.459,326.014,4.405,2.365,255,430,0,0,0,0
452.865,328.378,4.405,2.365,255,430,0,0,0,0
457.27,330.743,4.405,2.365,255,430,0,0,0,0
461.675,333.108,4.405,2.365,255,430,0,0,0,0
466.081,335.473,4.405,2.365,255,430,0,0,0,0
470.486,337.838,4.405,2.365,255,430,0,0,0,0
474.891,340.203,4.405,2.365,255,430,0,0,0,0
479.297,342.568,4.405,2.365,255,430,0,0,0,0
483.702,344.933,4.405,2.365,255,430,0,0,0,0
488.108,347.297,4.405,2.365,255,430,0,0,0,0
492.513,349.662,4.405,2.365,255,430,0,0,0,0
496.918,352.027,4.405,2.365,255,430,0,0,0,0
501.324,354.392,4.405,2.365,255,430,0,0,0,0
505.729,356.757,4.405,2.365,255,430,0,0,0,0
510.135,359.122,4.405,2.365,255,430,0,0,0,0
514.54,361.487,4.405,2.365,255,430,0,0,0,0
518.945,363.851,4.405,2.365,255,430,0,0,0,0
523.351,366.216,4.405,2.365,255,430,0,0,0,0
527.756,368.581,4.405,2.365,255,430,0,0,0,0
532.161,370.946,4.405,2.365,255,430,0,0,0,0
536.567,373.311,4.405,2.365,255,430,0,0,0,0
540.972,375.676,4.405,2.365,255,430,0,0,0,0
545.378,378.041,4.405,2.365,255,430,0,0,0,0
549.783,380.406,4.405,2.365,255,430,0,0,0,0
554.188,382.77,4.405,2.365,255,430,0,0,0,0
558.594,385.135,4.405,2.365,255,430,0,0,0,0
562.999,387.5,4.405,2.365,255,430,0,0,0,0
567.405,389.865,4.405,2.365,255,430,0,0,0,0
571.81,392.23,4.405,2.365,255,430,0,0,0,0
576.215,394.595,4.405,2.365,255,430,0,0,0,0
580.621,396.96,4.405,2.365,260,430,1,0,0,0
585.026,399.325,4.405,2.365,265,430,1,0,0,0
589.431,401.689,4.405,2.365,270,430,1,0,0,0
593.837,404.054,4.405,2.365,270,430,0,0,0,0
598.242,406.419,4.405,2.365,270,430,0,0,0,0
602.648,408.784,4.405,2.365,270,430,0,0,0,0
607.053,411.149,4.405,2.365,270,430,0,0,0,0
611.458,413.514,4.405,2.365,270,430,0,0,0,0
615.864,415.879,4.405,2.365,270,430,0,0,0,0
620.269,418.243,4.405,2.365,270,430,0,0,0,0
624.674,420.608,4.405,2.365,270,430,0,0,0,0
629.08,422.973,4.405,2.365,270,430,0,0,0,0
633.485,425.338,4.405,2.365,270,430,0,0,0,0
637.891,427.703,4.405,2.365,270,430,0,0,0,0
642.296,430.068,4.405,2.365,270,430,0,0,0,0
646.701,432.433,4.405,2.365,270,430,0,0,0,0
651.107,434.798,4.405,2.365,270,430,0,0,0,0
655.512,437.162,4.405,2.365,270,430,0,0,0,0
659.918,439.527,4.405,2.365,270,430,0,0,0,0
664.323,441.892,4.405,2.365,270,430,0,0,0,0
668.728,444.257,4.405,2.365,270,430,0,0,0,0
673.134,446.622,4.405,2.365,270,430,0,0,0,0
677.539,448.987,4.405,2.365,270,430,0,0,0,0
681.944,451.352,4.405,2.365,270,430,0,0,0,0
686.35,453.717,4.405,2.365,270,430,0,0,0,0
690.755,456.081,4.405,2.365,270,430,0,0,0,0
695.161,458.446,4.405,2.365,270,430,0,0,0,0
699.566,460.811,4.405,2.365,270,430,0,0,0,0
703.971,463.176,4.405,2.365,270,430,0,0,0,0
708.377,465.541,4.405,2.365,270,430,0,0,0,0
712.782,467.906,4.405,2.365,275,430,1,0,0,0
717.188,470.271,4.405,2.365,280,430,1,0,0,0
721.593,472.635,4.405,2.365,285,430,1,0,0,0
725.998,475.0,4.405,2.365,290,430,1,0,0,0
730.404,477.365,4.405,2.365,295,430,1,0,0,0
734.809,479.73,4.405,2.365,300,430,1,0,0,0
739.214,482.095,4.405,2.365,305,430,1,0,0,0
743.62,484.46,4.405,2.365,310,430,1,0,0,0
748.025,486.825,4.405,2.365,315,430,1,0,0,0
752.431,489.19,4.405,2.365,320,430,1,0,0,0
751.0,491.554,-4.478,2.835,325,430,1,0,0,0
746.522,494.389,-4.478,2.835,330,430,1,0,0,0
742.043,497.224,-4.478,2.835,330,430,0,0,0,0
737.565,500.058,-4.478,2.835,330,430,0,0,0,0
733.087,502.893,-4.478,2.835,330,430,0,0,0,0
728.608,505.727,-4.478,2.835,330,430,0,0,0,0
724.13,508.562,-4.478,2.835,330,430,0,0,0,0
719.652,511.396,-4.478,2.835,330,430,0,0,0,0
715.173,514.231,-4.478,2.835,330,430,0,0,0,0
710.695,517.065,-4.478,2.835,330,430,0,0,0,0
706.217,519.9,-4.478,2.835,330,430,0,0,0,0
701.738,522.734,-4.478,2.835,330,430,0,0,0,0
697.26,525.569,-4.478,2.835,330,430,0,0,0,0
692.782,528.403,-4.478,2.835,330,430,0,0,0,0
688.303,531.238,-4.478,2.835,330,430,0,0,0,0
683.825,534.073,-4.478,2.835,330,430,0,0,0,0
679.347,536.907,-4.478,2.835,330,430,0,0,0,0
674.869,539.742,-4.478,2.835,330,430,0,0,0,0
670.39,542.576,-4.478,2.835,330,430,0,0,0,0
665.912,545.411,-4.478,2.835,330,430,0,0,0,0
661.434,548.245,-4.478,2.835,330,430,0,0,0,0
656.955,551.08,-4.478,2.835,330,430,0,0,0,0
652.477,553.914,-4.478,2.835,330,430,0,0,0,0
647.999,556.749,-4.478,2.835,330,430,0,0,0,0
643.52,559.583,-4.478,2.835,330,430,0,0,0,0
639.042,562.418,-4.478,2.835,330,430,0,0,0,0
634.564,565.253,-4.478,2.835,330,430,0,0,0,0
630.085,568.087,-4.478,2.835,335,430,1,0,0,0
625.607,570.922,-4.478,2.835,340,430,1,0,0,0
621.129,573.756,-4.478,2.835,345,430,1,0,0,0
616.65,576.591,-4.478,2.835,350,430,1,0,0,0
612.172,579.425,-4.478,2.835,355,430,1,0,0,0
607.694,582.26,-4.478,2.835,360,430,1,0,0,0
603.215,585.094,-4.478,2.835,365,430,1,0,0,0
598.737,587.929,-4.478,2.835,370,430,1,0,0,0
594.259,590.763,-4.478,2.835,375,430,1,0,0,0
589.78,593.598,-4.478,2.835,380,430,1,0,0,0
585.302,594.0,-4.478,-2.835,385,430,1,0,0,0
580.824,591.165,-4.478,-2.835,390,430,1,0,0,0
576.345,588.331,-4.478,-2.835,395,430,1,0,0,0
571.867,585.496,-4.478,-2.835,400,430,1,0,0,0
567.389,582.662,-4.478,-2.835,400,430,0,0,0,0
562.91,579.827,-4.478,-2.835,400,430,0,0,0,0
558.432,576.993,-4.478,-2.835,400,430,0,0,0,0
553.954,574.158,-4.478,-2.835,400,430,0,0,0,0
549.475,571.324,-4.478,-2.835,400,430,0,0,0,0
544.997,568.489,-4.478,-2.835,400,430,0,0,0,0
540.519,565.655,-4.478,-2.835,400,430,0,0,0,0
536.041,562.82,-4.478,-2.835,400,430,0,0,0,0
531.562,559.985,-4.478,-2.835,400,430,0,0,0,0
527.084,557.151,-4.478,-2.835,400,430,0,0,0,0
522.606,554.316,-4.478,-2.835,395,430,-1,0,0,0
518.127,551.482,-4.478,-2.835,390,430,-1,0,0,0
513.649,548.647,-4.478,-2.835,385,430,-1,0,0,0
509.171,545.813,-4.478,-2.835,380,430,-1,0,0,0
504.692,542.978,-4.478,-2.835,375,430,-1,0,0,0
500.214,540.144,-4.478,-2.835,370,430,-1,0,0,0
495.736,537.309,-4.478,-2.835,365,430,-1,0,0,0
491.257,534.475,-4.478,-2.835,360,430,-1,0,0,0
486.779,531.64,-4.478,-2.835,355,430,-1,0,0,0
482.301,528.806,-4.478,-2.835,350,430,-1,0,0,0
477.822,525.971,-4.478,-2.835,345,430,-1,0,0,0
473.344,523.136,-4.478,-2.835,340,430,-1,0,0,0
468.866,520.302,-4.478,-2.835,335,430,-1,0,0,0
464.387,517.467,-4.478,-2.835,330,430,-1,0,0,0
459.909,514.633,-4.478,-2.835,325,430,-1,0,0,0
455.431,511.798,-4.478,-2.835,320,430,-1,0,0,0
450.952,508.964,-4.478,-2.835,315,430,-1,0,0,0
446.474,506.129,-4.478,-2.835,310,430,-1,0,0,0
441.996,503.295,-4.478,-2.835,305,430,-1,0,0,0
437.517,500.46,-4.478,-2.835,300,430,-1,0,0,0
433.039,497.626,-4.478,-2.835,300,430,0,0,0,0
428.561,494.791,-4.478,-2.835,300,430,0,0,0,0
424.082,491.956,-4.478,-2.835,300,430,0,0,0,0
419.604,489.122,-4.478,-2.835,300,430,0,0,0,0
415.126,486.287,-4.478,-2.835,300,430,0,0,0,0
410.648,483.453,-4.478,-2.835,300,430,0,0,0,0
406.169,480.618,-4.478,-2.835,300,430,0,0,0,0
401.691,477.784,-4.478,-2.835,300,430,0,0,0,0
397.213,474.949,-4.478,-2.835,300,430,0,0,0,0
392.734,472.115,-4.478,-2.835,300,430,0,0,0,0
388.256,469.28,-4.478,-2.835,300,430,0,0,0,0
383.778,466.446,-4.478,-2.835,300,430,0,0,0,0
379.299,463.611,-4.478,-2.835,300,430,0,0,0,0
374.821,460.777,-4.478,-2.835,300,430,0,0,0,0
370.343,457.942,-4.478,-2.835,300,430,0,0,0,0
365.864,455.107,-4.478,-2.835,300,430,0,0,0,0
361.386,452.273,-4.478,-2.835,300,430,0,0,0,0
356.908,449.438,-4.478,-2.835,300,430,0,0,0,0
352.429,446.604,-4.478,-2.835,300,430,0,0,0,0
347.951,443.769,-4.478,-2.835,300,430,0,0,0,0
343.473,440.935,-4.478,-2.835,300,430,0,0,0,0
338.994,438.1,-4.478,-2.835,300,430,0,0,0,0
334.516,435.266,-4.478,-2.835,300,430,0,0,0,0
330.038,432.431,-4.478,-2.835,300,430,0,0,0,0
325.559,429.597,-4.478,-2.835,300,430,0,0,0,0
321.081,426.762,-4.478,-2.835,300,430,0,0,0,0
316.603,423.927,-4.478,-2.835,300,430,0,0,0,0
312.124,421.093,-4.478,-2.835,300,430,0,0,0,0
307.646,418.258,-4.478,-2.835,300,430,0,0,0,0
303.168,415.424,-4.478,-2.835,300,430,0,0,0,0
298.689,412.589,-4.478,-2.835,300,430,0,0,0,0
294.211,409.755,-4.478,-2.835,300,430,0,0,0,0
289.733,406.92,-4.478,-2.835,300,430,0,0,0,0
285.254,404.086,-4.478,-2.835,300,430,0,0,0,0
280.776,401.251,-4.478,-2.835,300,430,0,0,0,0
276.298,398.417,-4.478,-2.835,300,430,0,0,0,0
271.82,395.582,-4.478,-2.835,300,430,0,0,0,0
267.341,392.748,-4.478,-2.835,300,430,0,0,0,0
262.863,389.913,-4.478,-2.835,300,430,0,0,0,0
258.385,387.078,-4.478,-2.835,300,430,0,0,0,0
253.906,384.244,-4.478,-2.835,300,430,0,0,0,0
249.428,381.409,-4.478,-2.835,300,430,0,0,0,0
244.95,378.575,-4.478,-2.835,300,430,0,0,0,0
240.471,375.74,-4.478,-2.835,300,430,0,0,0,0
235.993,372.906,-4.478,-2.835,300,430,0,0,0,0
231.515,370.071,-4.478,-2.835,300,430,0,0,0,0
227.036,367.237,-4.478,-2.835,300,430,0,0,0,0
222.558,364.402,-4.478,-2.835,300,430,0,0,0,0
218.08,361.568,-4.478,-2.835,300,430,0,0,0,0
213.601,358.733,-4.478,-2.835,300,430,0,0,0,0
209.123,355.898,-4.478,-2.835,300,430,0,0,0,0
204.645,353.064,-4.478,-2.835,300,430,0,0,0,0
200.166,350.229,-4.478,-2.835,300,430,0,0,0,0
195.688,347.395,-4.478,-2.835,300,430,0,0,0,0
191.21,344.56,-4.478,-2.835,295,430,-1,0,0,0
186.731,341.726,-4.478,-2.835,290,430,-1,0,0,0
182.253,338.891,-4.478,-2.835,285,430,-1,0,0,0
177.775,336.057,-4.478,-2.835,280,430,-1,0,0,0
173.296,333.222,-4.478,-2.835,275,430,-1,0,0,0
168.818,330.388,-4.478,-2.835,270,430,-1,0,0,0
164.34,327.553,-4.478,-2.835,265,430,-1,0,0,0
159.861,324.718,-4.478,-2.835,260,430,-1,0,0,0
155.383,321.884,-4.478,-2.835,255,430,-1,0,0,0
150.905,319.049,-4.478,-2.835,255,430,0,0,0,0
146.426,316.215,-4.478,-2.835,255,430,0,0,0,0
141.948,313.38,-4.478,-2.835,255,430,0,0,0,0
137.47,310.546,-4.478,-2.835,255,430,0,0,0,0
132.992,307.711,-4.478,-2.835,255,430,0,0,0,0
128.513,304.877,-4.478,-2.835,255,430,0,0,0,0
124.035,302.042,-4.478,-2.835,255,430,0,0,0,0
119.557,299.208,-4.478,-2.835,255,430,0,0,0,0
115.078,296.373,-4.478,-2.835,255,430,0,0,0,0
110.6,293.539,-4.478,-2.835,255,430,0,0,0,0
106.122,290.704,-4.478,-2.835,255,430,0,0,0,0
101.643,287.869,-4.478,-2.835,255,430,0,0,0,0
97.165,285.035,-4.478,-2.835,255,430,0,0,0,0
92.687,282.2,-4.478,-2.835,255,430,0,0,0,0
88.208,279.366,-4.478,-2.835,255,430,0,0,0,0
83.73,276.531,-4.478,-2.835,250,430,-1,0,0,0
79.252,273.697,-4.478,-2.835,245,430,-1,0,0,0
74.773,270.862,-4.478,-2.835,240,430,-1,0,0,0
70.295,268.028,-4.478,-2.835,235,430,-1,0,0,0
65.817,265.193,-4.478,-2.835,230,430,-1,0,0,0
61.338,262.359,-4.478,-2.835,225,430,-1,0,0,0
56.86,259.524,-4.478,-2.835,220,430,-1,0,0,0
52.382,256.689,-4.478,-2.835,215,430,-1,0,0,0
49.0,253.855,5.572,0.564,210,430,-1,0,0,0
54.572,254.419,5.572,0.564,205,430,-1,0,0,0
60.143,254.983,5.572,0.564,200,430,-1,0,0,0
65.715,255.548,5.572,0.564,195,430,-1,0,0,0
71.286,256.112,5.572,0.564,190,430,-1,0,0,0
76.858,256.676,5.572,0.564,185,430,-1,0,0,0
82.429,257.24,5.572,0.564,180,430,-1,0,0,0
88.001,257.804,5.572,0.564,175,430,-1,0,0,0
93.572,258.369,5.572,0.564,170,430,-1,0,0,0
99.144,258.933,5.572,0.564,165,430,-1,0,0,0
104.715,259.497,5.572,0.564,160,430,-1,0,0,0
110.287,260.061,5.572,0.564,155,430,-1,0,0,0
115.858,260.625,5.572,0.564,150,430,-1,0,0,0
121.43,261.19,5.572,0.564,145,430,-1,0,0,0
127.001,261.754,5.572,0.564,140,430,-1,0,0,0
132.573,262.318,5.572,0.564,135,430,-1,0,0,0
138.144,262.882,5.572,0.564,130,430,-1,0,0,0
143.716,263.446,5.572,0.564,125,430,-1,0,0,0
149.287,264.011,5.572,0.564,120,430,-1,0,0,0
154.859,264.575,5.572,0.564,115,430,-1,0,0,0
160.43,265.139,5.572,0.564,110,430,-1,0,0,0
166.002,265.703,5.572,0.564,105,430,-1,0,0,0
171.573,266.267,5.572,0.564,100,430,-1,0,0,0
177.145,266.832,5.572,0.564,95,430,-1,0,0,0
182.716,267.396,5.572,0.564,90,430,-1,0,0,0
188.288,267.96,5.572,0.564,85,430,-1,0,0,0
193.859,268.524,5.572,0.564,85,430,0,0,0,0
199.431,269.089,5.572,0.564,85,430,0,0,0,0
205.002,269.653,5.572,0.564,85,430,0,0,0,0
210.574,270.217,5.572,0.564,85,430,0,0,0,0
216.145,270.781,5.572,0.564,85,430,0,0,0,0
221.717,271.345,5.572,0.564,85,430,0,0,0,0
227.288,271.91,5.572,0.564,85,430,0,0,0,0
232.86,272.474,5.572,0.564,85,430,0,0,0,0
238.431,273.038,5.572,0.564,85,430,0,0,0,0
244.003,273.602,5.572,0.564,85,430,0,0,0,0
249.574,274.166,5.572,0.564,85,430,0,0,0,0
255.146,274.731,5.572,0.564,85,430,0,0,0,0
260.717,275.295,5.572,0.564,85,430,0,0,0,0
266.289,275.859,5.572,0.564,85,430,0,0,0,0
271.86,276.423,5.572,0.564,85,425,0,-1,0,0
277.432,276.987,5.572,0.564,85,420,0,-1,0,0
283.003,277.552,5.572,0.564,85,415,0,-1,0,0
288.575,278.116,5.572,0.564,85,410,0,-1,0,0
294.146,278.68,5.572,0.564,85,405,0,-1,0,0
299.718,279.244,5.572,0.564,85,400,0,-1,0,0
305.289,279.808,5.572,0.564,85,395,0,-1,0,0
310.861,280.373,5.572,0.564,85,390,0,-1,0,0
316.432,280.937,5.572,0.564,85,385,0,-1,0,0
322.004,281.501,5.572,0.564,85,380,0,-1,0,0
327.575,282.065,5.572,0.564,85,375,0,-1,0,0
333.147,282.629,5.572,0.564,85,370,0,-1,0,0
338.718,283.194,5.572,0.564,85,365,0,-1,0,0
344.29,283.758,5.572,0.564,85,360,0,-1,0,0
349.861,284.322,5.572,0.564,85,355,0,-1,0,0
355.433,284.886,5.572,0.564,85,350,0,-1,0,0
361.004,285.45,5.572,0.564,85,345,0,-1,0,0
366.576,286.015,5.572,0.564,85,340,0,-1,0,0
372.147,286.579,5.572,0.564,85,335,0,-1,0,0
377.719,287.143,5.572,0.564,85,330,0,-1,0,0
383.29,287.707,5.572,0.564,85,325,0,-1,0,0
388.862,288.272,5.572,0.564,85,320,0,-1,0,0
394.433,288.836,5.572,0.564,85,315,0,-1,0,0
400.005,289.4,5.572,0.564,85,310,0,-1,0,0
405.576,289.964,5.572,0.564,85,305,0,-1,0,0
411.148,290.528,5.572,0.564,85,300,0,-1,0,0
416.719,291.093,5.572,0.564,85,295,0,-1,0,0
422.291,291.657,5.572,0.564,85,290,0,-1,0,0
427.862,292.221,5.572,0.564,85,285,0,-1,0,0
433.434,292.785,5.572,0.564,85,280,0,-1,0,0
439.005,293.349,5.572,0.564,85,275,0,-1,0,0
444.577,293.914,5.572,0.564,85,270,0,-1,0,0
450.148,294.478,5.572,0.564,85,265,0,-1,0,0
455.72,295.042,5.572,0.564,85,260,0,-1,0,0
461.291,295.606,5.572,0.564,85,260,0,0,0,0
466.863,296.17,5.572,0.564,85,260,0,0,0,0
472.434,296.735,5.572,0.564,85,260,0,0,0,0
478.006,297.299,5.572,0.564,85,260,0,0,0,0
483.577,297.863,5.572,0.564,85,260,0,0,0,0
489.149,298.427,5.572,0.564,85,260,0,0,0,0
494.72,298.991,5.572,0.564,85,260,0,0,0,0
500.292,299.556,5.572,0.564,85,260,0,0,0,0
505.863,300.12,5.572,0.564,85,260,0,0,0,0
511.435,300.684,5.572,0.564,85,260,0,0,0,0
517.006,301.248,5.572,0.564,85,260,0,0,0,0
522.578,301.812,5.572,0.564,85,260,0,0,0,0
528.149,302.377,5.572,0.564,85,260,0,0,0,0
533.721,302.941,5.572,0.564,85,260,0,0,0,0
539.292,303.505,5.572,0.564,85,260,0,0,0,0
544.864,304.069,5.572,0.564,85,260,0,0,0,0
550.435,304.633,5.572,0.564,85,260,0,0,0,0
556.007,305.198,5.572,0.564,85,260,0,0,0,0
561.578,305.762,5.572,0.564,85,260,0,0,0,0
567.15,306.326,5.572,0.564,85,260,0,0,0,0
572.722,306.89,5.572,0.564,85,260,0,0,0,0
578.293,307.455,5.572,0.564,85,260,0,0,0,0
583.865,308.019,5.572,0.564,85,260,0,0,0,0
589.436,308.583,5.572,0.564,85,260,0,0,0,0
595.008,309.147,5.572,0.564,85,260,0,0,0,0
600.579,309.711,5.572,0.564,85,260,0,0,0,0
606.151,310.276,5.572,0.564,85,260,0,0,0,0
611.722,310.84,5.572,0.564,85,260,0,0,0,0
617.294,311.404,5.572,0.564,85,260,0,0,0,0
622.865,311.968,5.572,0.564,85,260,0,0,0,0
628.437,312.532,5.572,0.564,85,260,0,0,0,0
634.008,313.097,5.572,0.564,85,260,0,0,0,0
639.58,313.661,5.572,0.564,85,260,0,0,0,0
645.151,314.225,5.572,0.564,85,260,0,0,0,0
650.723,314.789,5.572,0.564,85,260,0,0,0,0
656.294,315.353,5.572,0.564,85,260,0,0,0,0
661.866,315.918,5.572,0.564,85,260,0,0,0,0
667.437,316.482,5.572,0.564,85,260,0,0,0,0
673.009,317.046,5.572,0.564,85,260,0,0,0,0
678.58,317.61,5.572,0.564,85,260,0,0,0,0
684.152,318.174,5.572,0.564,85,260,0,0,0,0
689.723,318.739,5.572,0.564,85,260,0,0,0,0
695.295,319.303,5.572,0.564,85,260,0,0,0,0
700.866,319.867,5.572,0.564,85,260,0,0,0,0
706.438,320.431,5.572,0.564,85,260,0,0,0,0
712.009,320.995,5.572,0.564,85,260,0,0,0,0
717.581,321.56,5.572,0.564,85,260,0,0,0,0
723.152,322.124,5.572,0.564,85,260,0,0,0,0
728.724,322.688,5.572,0.564,85,260,0,0,0,0
734.295,323.252,5.572,0.564,85,260,0,0,0,0
739.867,323.816,5.572,0.564,85,260,0,0,0,0
745.438,324.381,5.572,0.564,85,260,0,0,0,0
751.01,324.945,5.572,0.564,85,260,0,0,0,0
751.0,325.509,-4.633,3.654,85,260,0,0,0,0
746.367,329.163,-4.633,3.654,85,260,0,0,0,0
741.735,332.817,-4.633,3.654,85,260,0,0,0,0
737.102,336.47,-4.633,3.654,85,260,0,0,0,0
732.47,340.124,-4.633,3.654,85,260,0,0,0,0
727.837,343.778,-4.633,3.654,85,260,0,0,0,0
723.205,347.432,-4.633,3.654,85,260,0,0,0,0
718.572,351.085,-4.633,3.654,85,260,0,0,0,0
713.94,354.739,-4.633,3.654,85,260,0,0,0,0
709.307,358.393,-4.633,3.654,90,260,1,0,0,0
704.675,362.047,-4.633,3.654,95,260,1,0,0,0
700.042,365.7,-4.633,3.654,100,260,1,0,0,0
695.41,369.354,-4.633,3.654,105,260,1,0,0,0
690.777,373.008,-4.633,3.654,110,260,1,0,0,0
686.145,376.662,-4.633,3.654,115,260,1,0,0,0
681.512,380.315,-4.633,3.654,120,260,1,0,0,0
676.88,383.969,-4.633,3.654,125,260,1,0,0,0
672.247,387.623,-4.633,3.654,130,260,1,0,0,0
667.615,391.277,-4.633,3.654,135,260,1,0,0,0
662.982,394.93,-4.633,3.654,140,260,1,0,0,0
658.35,398.584,-4.633,3.654,145,260,1,0,0,0
653.717,402.238,-4.633,3.654,150,260,1,0,0,0
649.085,405.892,-4.633,3.654,155,260,1,0,0,0
644.452,409.545,-4.633,3.654,160,260,1,0,0,0
639.82,413.199,-4.633,3.654,165,260,1,0,0,0
635.187,416.853,-4.633,3.654,170,260,1,0,0,0
630.555,420.507,-4.633,3.654,175,260,1,0,0,0
625.922,424.161,-4.633,3.654,180,260,1,0,0,0
621.29,427.814,-4.633,3.654,185,260,1,0,0,0
616.657,431.468,-4.633,3.654,190,260,1,0,0,0
612.025,435.122,-4.633,3.654,195,260,1,0,0,0
607.392,438.776,-4.633,3.654,200,260,1,0,0,0
602.76,442.429,-4.633,3.654,205,260,1,0,0,0
598.127,446.083,-4.633,3.654,210,260,1,0,0,0
593.495,449.737,-4.633,3.654,215,260,1,0,0,0
588.862,453.391,-4.633,3.654,220,260,1,0,0,0
584.23,457.044,-4.633,3.654,225,260,1,0,0,0
579.597,460.698,-4.633,3.654,230,260,1,0,0,0
574.965,464.352,-4.633,3.654,235,260,1,0,0,0
570.332,468.006,-4.633,3.654,240,260,1,0,0,0
565.7,471.659,-4.633,3.654,245,260,1,0,0,0
561.067,475.313,-4.633,3.654,250,260,1,0,0,0
556.435,478.967,-4.633,3.654,255,260,1,0,0,0
551.802,482.621,-4.633,3.654,260,260,1,0,0,0
547.17,486.274,-4.633,3.654,265,260,1,0,0,0
542.537,489.928,-4.633,3.654,270,260,1,0,0,0
537.905,493.582,-4.633,3.654,275,260,1,0,0,0
533.272,497.236,-4.633,3.654,280,260,1,0,0,0
528.64,500.889,-4.633,3.654,285,260,1,0,0,0
524.007,504.543,-4.633,3.654,290,260,1,0,0,0
519.375,508.197,-4.633,3.654,295,260,1,0,0,0
514.742,511.851,-4.633,3.654,300,265,1,1,0,0
510.11,515.504,-4.633,3.654,305,270,1,1,0,0
505.477,519.158,-4.633,3.654,310,275,1,1,0,0
500.845,522.812,-4.633,3.654,315,280,1,1,0,0
496.212,526.466,-4.633,3.654,320,285,1,1,0,0
491.58,530.119,-4.633,3.654,320,290,0,1,0,0
486.947,533.773,-4.633,3.654,320,295,0,1,0,0
482.315,537.427,-4.633,3.654,320,295,0,0,0,0
477.682,541.081,-4.633,3.654,320,295,0,0,0,0
473.05,544.734,-4.633,3.654,320,295,0,0,0,0
468.417,548.388,-4.633,3.654,320,295,0,0,0,0
463.785,552.042,-4.633,3.654,320,295,0,0,0,0
459.152,555.696,-4.633,3.654,320,295,0,0,0,0
454.52,559.35,-4.633,3.654,320,295,0,0,0,0
449.887,563.003,-4.633,3.654,320,295,0,0,0,0
445.255,566.657,-4.633,3.654,320,295,0,0,0,0
440.622,570.311,-4.633,3.654,320,295,0,0,0,0
435.99,573.965,-4.633,3.654,320,295,0,0,0,0
431.357,577.618,-4.633,3.654,320,295,0,0,0,0
426.725,581.272,-4.633,3.654,320,295,0,0,0,0
422.092,584.926,-4.633,3.654,320,295,0,0,0,0
417.46,588.58,-4.633,3.654,320,295,0,0,0,0
412.827,592.233,-4.633,3.654,320,295,0,0,0,0
408.195,594.0,-4.633,-3.654,320,295,0,0,0,0
403.562,590.346,-4.633,-3.654,320,295,0,0,0,0
398.93,586.692,-4.633,-3.654,320,295,0,0,0,0
394.297,583.039,-4.633,-3.654,320,295,0,0,0,0
389.665,579.385,-4.633,-3.654,320,295,0,0,0,0
385.032,575.731,-4.633,-3.654,320,295,0,0,0,0
380.4,572.077,-4.633,-3.654,320,295,0,0,0,0
375.767,568.424,-4.633,-3.654,320,295,0,0,0,0
371.135,564.77,-4.633,-3.654,320,295,0,0,0,0
366.502,561.116,-4.633,-3.654,320,295,0,0,0,0
361.87,557.462,-4.633,-3.654,320,295,0,0,0,0
357.237,553.809,-4.633,-3.654,320,295,0,0,0,0
352.605,550.155,-4.633,-3.654,320,295,0,0,0,0
347.972,546.501,-4.633,-3.654,320,295,0,0,0,0
343.34,542.847,-4.633,-3.654,320,295,0,0,0,0
338.707,539.194,-4.633,-3.654,320,295,0,0,0,0
334.075,535.54,-4.633,-3.654,320,295,0,0,0,0
329.442,531.886,-4.633,-3.654,320,295,0,0,0,0
324.81,528.232,-4.633,-3.654,320,295,0,0,0,0
320.177,524.579,-4.633,-3.654,320,295,0,0,0,0
315.545,520.925,-4.633,-3.654,320,295,0,0,0,0
310.912,517.271,-4.633,-3.654,320,295,0,0,0,0
306.28,513.617,-4.633,-3.654,320,295,0,0,0,0
301.647,509.964,-4.633,-3.654,320,295,0,0,0,0
297.015,506.31,-4.633,-3.654,320,295,0,0,0,0
292.382,502.656,-4.633,-3.654,320,295,0,0,0,0
287.75,499.002,-4.633,-3.654,320,295,0,0,0,0
283.117,495.349,-4.633,-3.654,320,295,0,0,0,0
278.485,491.695,-4.633,-3.654,315,295,-1,0,0,0
273.852,488.041,-4.633,-3.654,310,295,-1,0,0,0
269.22,484.387,-4.633,-3.654,305,295,-1,0,0,0
264.587,480.734,-4.633,-3.654,300,295,-1,0,0,0
259.955,477.08,-4.633,-3.654,295,295,-1,0,0,0
255.322,473.426,-4.633,-3.654,290,295,-1,0,0,0
250.69,469.772,-4.633,-3.654,285,295,-1,0,0,0
246.057,466.119,-4.633,-3.654,280,295,-1,0,0,0
241.425,462.465,-4.633,-3.654,275,295,-1,0,0,0
236.792,458.811,-4.633,-3.654,270,295,-1,0,0,0
232.16,455.157,-4.633,-3.654,270,295,0,0,0,0
227.527,451.503,-4.633,-3.654,270,295,0,0,0,0
222.895,447.85,-4.633,-3.654,270,295,0,0,0,0
218.262,444.196,-4.633,-3.654,270,295,0,0,0,0
213.63,440.542,-4.633,-3.654,270,295,0,0,0,0
208.997,436.888,-4.633,-3.654,270,295,0,0,0,0
204.365,433.235,-4.633,-3.654,270,295,0,0,0,0
199.732,429.581,-4.633,-3.654,270,295,0,0,0,0
195.1,425.927,-4.633,-3.654,270,295,0,0,0,0
190.467,422.273,-4.633,-3.654,270,295,0,0,0,0
185.835,418.62,-4.633,-3.654,270,295,0,0,0,0
181.202,414.966,-4.633,-3.654,270,295,0,0,0,0
176.57,411.312,-4.633,-3.654,270,295,0,0,0,0
171.937,407.658,-4.633,-3.654,270,295,0,0,0,0
167.305,404.005,-4.633,-3.654,270,295,0,0,0,0
162.672,400.351,-4.633,-3.654,270,295,0,0,0,0
158.04,396.697,-4.633,-3.654,270,295,0,0,0,0
153.407,393.043,-4.633,-3.654,270,295,0,0,0,0
148.775,389.39,-4.633,-3.654,270,295,0,0,0,0
144.142,385.736,-4.633,-3.654,270,295,0,0,0,0
139.51,382.082,-4.633,-3.654,270,295,0,0,0,0
134.877,378.428,-4.633,-3.654,270,295,0,0,0,0
130.245,374.775,-4.633,-3.654,270,295,0,0,0,0
125.612,371.121,-4.633,-3.654,270,295,0,0,0,0
120.98,367.467,-4.633,-3.654,270,295,0,0,0,0
116.347,363.813,-4.633,-3.654,270,295,0,0,0,0
111.715,360.16,-4.633,-3.654,270,295,0,0,0,0
107.082,356.506,-4.633,-3.654,270,295,0,0,0,0
102.45,352.852,-4.633,-3.654,270,295,0,0,0,0
97.817,349.198,-4.633,-3.654,270,295,0,0,0,0
93.185,345.545,-4.633,-3.654,270,295,0,0,0,0
88.552,341.891,-4.633,-3.654,270,295,0,0,0,0
83.92,338.237,-4.633,-3.654,270,295,0,0,0,0
79.287,334.583,-4.633,-3.654,270,295,0,0,0,0
74.655,330.93,-4.633,-3.654,270,295,0,0,0,0
70.022,327.276,-4.633,-3.654,270,295,0,0,0,0
65.39,323.622,-4.633,-3.654,270,295,0,0,0,0
60.757,319.968,-4.633,-3.654,270,295,0,0,0,0
56.125,316.315,-4.633,-3.654,270,295,0,0,0,0
51.492,312.661,-4.633,-3.654,270,295,0,0,0,0
49.0,309.007,6.166,0.649,265,295,-1,0,0,0
55.166,309.656,6.166,0.649,260,295,-1,0,0,0
61.332,310.305,6.166,0.649,255,295,-1,0,0,0
67.498,310.955,6.166,0.649,250,295,-1,0,0,0
73.664,311.604,6.166,0.649,245,295,-1,0,0,0
79.83,312.253,6.166,0.649,240,295,-1,0,0,0
85.996,312.902,6.166,0.649,240,295,0,0,0,0
92.161,313.551,6.166,0.649,240,295,0,0,0,0
98.327,314.201,6.166,0.649,240,295,0,0,0,0
104.493,314.85,6.166,0.649,240,295,0,0,0,0
110.659,315.499,6.166,0.649,240,295,0,0,0,0
116.825,316.148,6.166,0.649,240,295,0,0,0,0
122.991,316.797,6.166,0.649,235,295,-1,0,0,0
129.157,317.447,6.166,0.649,230,295,-1,0,0,0
135.323,318.096,6.166,0.649,225,295,-1,0,0,0
141.489,318.745,6.166,0.649,220,295,-1,0,0,0
147.655,319.394,6.166,0.649,215,295,-1,0,0,0
153.821,320.043,6.166,0.649,210,295,-1,0,0,0
159.987,320.693,6.166,0.649,205,295,-1,0,0,0
166.152,321.342,6.166,0.649,200,295,-1,0,0,0
172.318,321.991,6.166,0.649,195,295,-1,0,0,0
178.484,322.64,6.166,0.649,190,295,-1,0,0,0
184.65,323.29,6.166,0.649,185,295,-1,0,0,0
190.816,323.939,6.166,0.649,180,295,-1,0,0,0
196.982,324.588,6.166,0.649,180,295,0,0,0,0
203.148,325.237,6.166,0.649,180,295,0,0,0,0
209.314,325.886,6.166,0.649,180,295,0,0,0,0
215.48,326.536,6.166,0.649,180,295,0,0,0,0
221.646,327.185,6.166,0.649,180,295,0,0,0,0
227.812,327.834,6.166,0.649,180,295,0,0,0,0
233.978,328.483,6.166,0.649,180,295,0,0,0,0
240.143,329.132,6.166,0.649,180,295,0,0,0,0
246.309,329.782,6.166,0.649,180,295,0,0,0,0
252.475,330.431,6.166,0.649,180,295,0,0,0,0
258.641,331.08,6.166,0.649,180,295,0,0,0,0
264.807,331.729,6.166,0.649,180,295,0,0,0,0
270.973,332.378,6.166,0.649,185,295,1,0,0,0
277.139,333.028,6.166,0.649,190,295,1,0,0,0
283.305,333.677,6.166,0.649,195,295,1,0,0,0
289.471,334.326,6.166,0.649,200,295,1,0,0,0
295.637,334.975,6.166,0.649,205,295,1,0,0,0
301.803,335.624,6.166,0.649,210,295,1,0,0,0
307.969,336.274,6.166,0.649,215,295,1,0,0,0
314.134,336.923,6.166,0.649,220,295,1,0,0,0
320.3,337.572,6.166,0.649,225,295,1,0,0,0
326.466,338.221,6.166,0.649,230,295,1,0,0,0
332.632,338.87,6.166,0.649,235,295,1,0,0,0
338.798,339.52,6.166,0.649,240,295,1,0,0,0
344.964,340.169,6.166,0.649,245,295,1,0,0,0
351.13,340.818,6.166,0.649,250,295,1,0,0,0
357.296,341.467,6.166,0.649,255,295,1,0,0,0
363.462,342.116,6.166,0.649,260,295,1,0,0,0
369.628,342.766,6.166,0.649,265,295,1,0,0,0
375.794,343.415,6.166,0.649,270,295,1,0,0,0
381.96,344.064,6.166,0.649,275,295,1,0,0,0
388.125,344.713,6.166,0.649,280,295,1,0,0,0
394.291,345.363,6.166,0.649,285,295,1,0,0,0
400.457,346.012,6.166,0.649,285,295,0,0,0,0
406.623,346.661,6.166,0.649,285,295,0,0,0,0
412.789,347.31,6.166,0.649,285,295,0,0,0,0
418.955,347.959,6.166,0.649,285,295,0,0,0,0
425.121,348.609,6.166,0.649,285,295,0,0,0,0
431.287,349.258,6.166,0.649,285,295,0,0,0,0
437.453,349.907,6.166,0.649,285,295,0,0,0,0
443.619,350.556,6.166,0.649,285,295,0,0,0,0
449.785,351.205,6.166,0.649,285,295,0,0,0,0
455.951,351.855,6.166,0.649,285,295,0,0,0,0
462.116,352.504,6.166,0.649,285,295,0,0,0,0
468.282,353.153,6.166,0.649,285,300,0,1,0,0
474.448,353.802,6.166,0.649,285,305,0,1,0,0
480.614,354.451,6.166,0.649,285,310,0,1,0,0
486.78,355.101,6.166,0.649,285,315,0,1,0,0
492.946,355.75,6.166,0.649,285,320,0,1,0,0
499.112,356.399,6.166,0.649,285,325,0,1,0,0
505.278,357.048,6.166,0.649,285,330,0,1,0,0
511.444,357.697,6.166,0.649,285,335,0,1,0,0
517.61,358.347,6.166,0.649,285,340,0,1,0,0
523.776,358.996,6.166,0.649,285,340,0,0,0,0
529.942,359.645,6.166,0.649,285,340,0,0,0,0
536.107,360.294,6.166,0.649,285,340,0,0,0,0
542.273,360.943,6.166,0.649,285,340,0,0,0,0
548.439,361.593,6.166,0.649,285,340,0,0,0,0
554.605,362.242,6.166,0.649,285,340,0,0,0,0
560.771,362.891,6.166,0.649,285,340,0,0,0,0
566.937,363.54,6.166,0.649,285,340,0,0,0,0
573.103,364.189,6.166,0.649,285,340,0,0,0,0
579.269,364.839,6.166,0.649,285,340,0,0,0,0
585.435,365.488,6.166,0.649,285,340,0,0,0,0
591.601,366.137,6.166,0.649,285,340,0,0,0,0
597.767,366.786,6.166,0.649,285,340,0,0,0,0
603.933,367.436,6.166,0.649,285,340,0,0,0,0
610.098,368.085,6.166,0.649,285,340,0,0,0,0
616.264,368.734,6.166,0.649,285,340,0,0,0,0
622.43,369.383,6.166,0.649,285,340,0,0,0,0
628.596,370.032,6.166,0.649,285,340,0,0,0,0
634.762,370.682,6.166,0.649,285,340,0,0,0,0
640.928,371.331,6.166,0.649,285,340,0,0,0,0
647.094,371.98,6.166,0.649,285,340,0,0,0,0
653.26,372.629,6.166,0.649,285,340,0,0,0,0
659.426,373.278,6.166,0.649,285,340,0,0,0,0
665.592,373.928,6.166,0.649,285,340,0,0,0,0
671.758,374.577,6.166,0.649,285,340,0,0,0,0
677.924,375.226,6.166,0.649,285,340,0,0,0,0
684.089,375.875,6.166,0.649,285,340,0,0,0,0
690.255,376.524,6.166,0.649,285,340,0,0,0,0
696.421,377.174,6.166,0.649,285,340,0,0,0,0
702.587,377.823,6.166,0.649,285,340,0,0,0,0
708.753,378.472,6.166,0.649,285,340,0,0,0,0
714.919,379.121,6.166,0.649,285,340,0,0,0,0
721.085,379.77,6.166,0.649,285,340,0,0,0,0
727.251,380.42,6.166,0.649,285,340,0,0,0,0
733.417,381.069,6.166,0.649,285,340,0,0,0,0
739.583,381.718,6.166,0.649,285,340,0,0,0,0
745.749,382.367,6.166,0.649,285,340,0,0,0,0
751.915,383.016,6.166,0.649,285,340,0,0,0,0
751.0,383.666,-6.47,0.623,285,340,0,0,0,0
744.53,384.288,-6.47,0.623,285,340,0,0,0,0
738.06,384.911,-6.47,0.623,285,340,0,0,0,0
731.59,385.534,-6.47,0.623,285,340,0,0,0,0
725.12,386.157,-6.47,0.623,285,340,0,0,0,0
718.65,386.78,-6.47,0.623,285,340,0,0,0,0
712.179,387.403,-6.47,0.623,285,340,0,0,0,0
705.709,388.025,-6.47,0.623,285,340,0,0,0,0
699.239,388.648,-6.47,0.623,285,340,0,0,0,0
692.769,389.271,-6.47,0.623,285,340,0,0,0,0
686.299,389.894,-6.47,0.623,285,340,0,0,0,0
679.829,390.517,-6.47,0.623,285,340,0,0,0,0
673.359,391.14,-6.47,0.623,285,340,0,0,0,0
666.889,391.762,-6.47,0.623,285,340,0,0,0,0
660.419,392.385,-6.47,0.623,285,340,0,0,0,0
653.949,393.008,-6.47,0.623,285,340,0,0,0,0
647.479,393.631,-6.47,0.623,285,340,0,0,0,0
641.008,394.254,-6.47,0.623,285,340,0,0,0,0
634.538,394.877,-6.47,0.623,285,340,0,0,0,0
628.068,395.499,-6.47,0.623,285,340,0,0,0,0
621.598,396.122,-6.47,0.623,285,340,0,0,0,0
615.128,396.745,-6.47,0.623,285,340,0,0,0,0
608.658,397.368,-6.47,0.623,285,340,0,0,0,0
602.188,397.991,-6.47,0.623,285,340,0,0,0,0
595.718,398.614,-6.47,0.623,285,340,0,0,0,0
589.248,399.236,-6.47,0.623,290,340,1,0,0,0
582.778,399.859,-6.47,0.623,295,340,1,0,0,0
576.308,400.482,-6.47,0.623,300,340,1,0,0,0
569.837,401.105,-6.47,0.623,305,340,1,0,0,0
563.367,401.728,-6.47,0.623,310,340,1,0,0,0
556.897,402.35,-6.47,0.623,315,340,1,0,0,0
550.427,402.973,-6.47,0.623,320,340,1,0,0,0
543.957,403.596,-6.47,0.623,325,340,1,0,0,0
537.487,404.219,-6.47,0.623,330,340,1,0,0,0
531.017,404.842,-6.47,0.623,335,340,1,0,0,0
524.547,405.465,-6.47,0.623,340,340,1,0,0,0
518.077,406.087,-6.47,0.623,345,340,1,0,0,0
511.607,406.71,-6.47,0.623,350,340,1,0,0,0
505.137,407.333,-6.47,0.623,355,340,1,0,0,0
498.666,407.956,-6.47,0.623,360,340,1,0,0,0
492.196,408.579,-6.47,0.623,365,340,1,0,0,0
485.726,409.202,-6.47,0.623,370,340,1,0,0,0
479.256,409.824,-6.47,0.623,375,340,1,0,0,0
472.786,410.447,-6.47,0.623,380,340,1,0,0,0
466.316,411.07,-6.47,0.623,385,340,1,0,0,0
459.846,411.693,-6.47,0.623,385,340,0,0,0,0
453.376,412.316,-6.47,0.623,385,340,0,0,0,0
446.906,412.939,-6.47,0.623,385,340,0,0,0,0
440.436,413.561,-6.47,0.623,385,340,0,0,0,0
433.966,414.184,-6.47,0.623,385,340,0,0,0,0
427.495,414.807,-6.47,0.623,385,340,0,0,0,0
421.025,415.43,-6.47,0.623,385,340,0,0,0,0
414.555,416.053,-6.47,0.623,385,340,0,0,0,0
408.085,416.676,-6.47,0.623,385,340,0,0,0,0
401.615,417.298,-6.47,0.623,385,340,0,0,0,0
395.145,417.921,-6.47,0.623,385,340,0,0,0,0
388.675,418.544,-6.47,0.623,385,340,0,0,0,0
382.205,419.167,-6.47,0.623,385,340,0,0,0,0
375.735,419.79,-6.47,0.623,385,340,0,0,0,0
369.265,420.413,-6.47,0.623,385,340,0,0,0,0
362.795,421.035,-6.47,0.623,385,340,0,0,0,0
356.324,421.658,-6.47,0.623,385,340,0,0,0,0
349.854,422.281,-6.47,0.623,385,340,0,0,0,0
343.384,422.904,-6.47,0.623,385,340,0,0,0,0
336.914,423.527,-6.47,0.623,385,340,0,0,0,0
330.444,424.149,-6.47,0.623,385,340,0,0,0,0
323.974,424.772,-6.47,0.623,385,340,0,0,0,0
317.504,425.395,-6.47,0.623,385,340,0,0,0,0
311.034,426.018,-6.47,0.623,385,340,0,0,0,0
304.564,426.641,-6.47,0.623,385,340,0,0,0,0
298.094,427.264,-6.47,0.623,385,340,0,0,0,0
291.623,427.886,-6.47,0.623,385,340,0,0,0,0
285.153,428.509,-6.47,0.623,385,340,0,0,0,0
278.683,429.132,-6.47,0.623,385,340,0,0,0,0
272.213,429.755,-6.47,0.623,385,340,0,0,0,0
265.743,430.378,-6.47,0.623,390,340,1,0,0,0
259.273,431.001,-6.47,0.623,395,340,1,0,0,0
252.803,431.623,-6.47,0.623,400,340,1,0,0,0
246.333,432.246,-6.47,0.623,405,340,1,0,0,0
239.863,432.869,-6.47,0.623,410,340,1,0,0,0
233.393,433.492,-6.47,0.623,410,340,0,0,0,0
226.923,434.115,-6.47,0.623,410,340,0,0,0,0
220.452,434.738,-6.47,0.623,410,340,0,0,0,0
213.982,435.36,-6.47,0.623,410,340,0,0,0,0
207.512,435.983,-6.47,0.623,410,340,0,0,0,0
201.042,436.606,-6.47,0.623,410,340,0,0,0,0
194.572,437.229,-6.47,0.623,410,340,0,0,0,0
188.102,437.852,-6.47,0.623,410,340,0,0,0,0
181.632,438.475,-6.47,0.623,410,340,0,0,0,0
175.162,439.097,-6.47,0.623,410,340,0,0,0,0
168.692,439.72,-6.47,0.623,410,340,0,0,0,0
162.222,440.343,-6.47,0.623,410,340,0,0,0,0
155.752,440.966,-6.47,0.623,410,340,0,0,0,0
149.281,441.589,-6.47,0.623,410,340,0,0,0,0
142.811,442.211,-6.47,0.623,410,340,0,0,0,0
136.341,442.834,-6.47,0.623,410,340,0,0,0,0
129.871,443.457,-6.47,0.623,410,340,0,0,0,0
123.401,444.08,-6.47,0.623,410,340,0,0,0,0
116.931,444.703,-6.47,0.623,410,340,0,0,0,0
110.461,445.326,-6.47,0.623,410,340,0,0,0,0
103.991,445.948,-6.47,0.623,410,340,0,0,0,0
97.521,446.571,-6.47,0.623,410,340,0,0,0,0
91.051,447.194,-6.47,0.623,410,340,0,0,0,0
84.581,447.817,-6.47,0.623,410,340,0,0,0,0
78.11,448.44,-6.47,0.623,410,340,0,0,0,0
71.64,449.063,-6.47,0.623,410,340,0,0,0,0
65.17,449.685,-6.47,0.623,410,340,0,0,0,0
58.7,450.308,-6.47,0.623,410,340,0,0,0,0
52.23,450.931,-6.47,0.623,415,340,1,0,0,0
49.0,451.554,6.634,-1.491,420,340,1,0,0,0
55.634,450.063,6.634,-1.491,425,340,1,0,0,0
62.269,448.571,6.634,-1.491,430,340,1,0,0,0
68.903,447.08,6.634,-1.491,435,340,1,0,0,0
75.538,445.588,6.634,-1.491,440,340,1,0,0,0
82.172,444.097,6.634,-1.491,445,340,1,0,0,0
88.807,442.606,6.634,-1.491,450,340,1,0,0,0
95.441,441.114,6.634,-1.491,455,340,1,0,0,0
102.076,439.623,6.634,-1.491,460,340,1,0,0,0
108.71,438.131,6.634,-1.491,465,340,1,0,0,0
115.344,436.64,6.634,-1.491,465,340,0,0,0,0
121.979,435.149,6.634,-1.491,465,340,0,0,0,0
128.613,433.657,6.634,-1.491,465,340,0,0,0,0
135.248,432.166,6.634,-1.491,465,340,0,0,0,0
141.882,430.675,6.634,-1.491,465,340,0,0,0,0
148.517,429.183,6.634,-1.491,465,340,0,0,0,0
155.151,427.692,6.634,-1.491,465,340,0,0,0,0
161.785,426.2,6.634,-1.491,465,340,0,0,0,0
168.42,424.709,6.634,-1.491,465,340,0,0,0,0
175.054,423.218,6.634,-1.491,465,340,0,0,0,0
181.689,421.726,6.634,-1.491,465,340,0,0,0,0
188.323,420.235,6.634,-1.491,465,340,0,0,0,0
194.958,418.743,6.634,-1.491,465,340,0,0,0,0
201.592,417.252,6.634,-1.491,465,340,0,0,0,0
208.227,415.761,6.634,-1.491,465,340,0,0,0,0
214.861,414.269,6.634,-1.491,465,340,0,0,0,0
221.495,412.778,6.634,-1.491,460,340,-1,0,0,0
228.13,411.287,6.634,-1.491,455,340,-1,0,0,0
234.764,409.795,6.634,-1.491,450,340,-1,0,0,0
241.399,408.304,6.634,-1.491,445,340,-1,0,0,0
248.033,406.812,6.634,-1.491,440,340,-1,0,0,0
254.668,405.321,6.634,-1.491,435,340,-1,0,0,0
261.302,403.83,6.634,-1.491,430,340,-1,0,0,0
267.936,402.338,6.634,-1.491,425,340,-1,0,0,0
274.571,400.847,6.634,-1.491,420,340,-1,0,0,0
281.205,399.355,6.634,-1.491,415,340,-1,0,0,0
287.84,397.864,6.634,-1.491,410,340,-1,0,0,0
294.474,396.373,6.634,-1.491,405,340,-1,0,0,0
301.109,394.881,6.634,-1.491,400,340,-1,0,0,0
307.743,393.39,6.634,-1.491,395,340,-1,0,0,0
314.378,391.899,6.634,-1.491,390,340,-1,0,0,0
321.012,390.407,6.634,-1.491,385,340,-1,0,0,0
327.646,388.916,6.634,-1.491,380,335,-1,-1,0,0
334.281,387.424,6.634,-1.491,375,330,-1,-1,0,0
340.915,385.933,6.634,-1.491,370,325,-1,-1,0,0
347.55,384.442,6.634,-1.491,370,320,0,-1,0,0
354.184,382.95,6.634,-1.491,370,315,0,-1,0,0
360.819,381.459,6.634,-1.491,370,310,0,-1,0,0
367.453,379.967,6.634,-1.491,370,305,0,-1,0,0
374.087,378.476,6.634,-1.491,370,300,0,-1,0,0
380.722,376.985,6.634,-1.491,370,295,0,-1,0,0
387.356,375.493,6.634,-1.491,370,290,0,-1,0,0
393.991,374.002,6.634,-1.491,370,290,0,0,0,0
400.625,372.511,6.634,-1.491,370,290,0,0,0,0
407.26,371.019,6.634,-1.491,370,290,0,0,0,0
413.894,369.528,6.634,-1.491,370,290,0,0,0,0
420.529,368.036,6.634,-1.491,370,290,0,0,0,0
427.163,366.545,6.634,-1.491,370,290,0,0,0,0
433.797,365.054,6.634,-1.491,370,290,0,0,0,0
440.432,363.562,6.634,-1.491,370,290,0,0,0,0
447.066,362.071,6.634,-1.491,370,290,0,0,0,0
453.701,360.579,6.634,-1.491,370,290,0,0,0,0
460.335,359.088,6.634,-1.491,370,290,0,0,0,0
466.97,357.597,6.634,-1.491,370,290,0,0,0,0
473.604,356.105,6.634,-1.491,370,290,0,0,0,0
480.238,354.614,6.634,-1.491,370,290,0,0,0,0
486.873,353.123,6.634,-1.491,370,290,0,0,0,0
493.507,351.631,6.634,-1.491,370,290,0,0,0,0
500.142,350.14,6.634,-1.491,370,290,0,0,0,0
506.776,348.648,6.634,-1.491,370,290,0,0,0,0
513.411,347.157,6.634,-1.491,370,290,0,0,0,0
520.045,345.666,6.634,-1.491,370,290,0,0,0,0
526.68,344.174,6.634,-1.491,370,290,0,0,0,0
533.314,342.683,6.634,-1.491,370,290,0,0,0,0
539.948,341.191,6.634,-1.491,370,290,0,0,0,0
546.583,339.7,6.634,-1.491,370,290,0,0,0,0
553.217,338.209,6.634,-1.491,370,290,0,0,0,0
559.852,336.717,6.634,-1.491,370,290,0,0,0,0
566.486,335.226,6.634,-1.491,370,290,0,0,0,0
573.121,333.735,6.634,-1.491,370,290,0,0,0,0
579.755,332.243,6.634,-1.491,370,290,0,0,0,0
586.39,330.752,6.634,-1.491,370,290,0,0,0,0
593.024,329.26,6.634,-1.491,370,290,0,0,0,0
599.658,327.769,6.634,-1.491,370,290,0,0,0,0
606.293,326.278,6.634,-1.491,370,290,0,0,0,0
612.927,324.786,6.634,-1.491,370,290,0,0,0,0
619.562,323.295,6.634,-1.491,370,285,0,-1,0,0
626.196,321.803,6.634,-1.491,370,280,0,-1,0,0
632.831,320.312,6.634,-1.491,370,275,0,-1,0,0
639.465,318.821,6.634,-1.491,370,270,0,-1,0,0
646.099,317.329,6.634,-1.491,370,265,0,-1,0,0
652.734,315.838,6.634,-1.491,370,260,0,-1,0,0
659.368,314.347,6.634,-1.491,370,255,0,-1,0,0
666.003,312.855,6.634,-1.491,370,250,0,-1,0,0
672.637,311.364,6.634,-1.491,370,245,0,-1,0,0
679.272,309.872,6.634,-1.491,370,245,0,0,0,0
685.906,308.381,6.634,-1.491,370,245,0,0,0,0
692.541,306.89,6.634,-1.491,370,245,0,0,0,0
699.175,305.398,6.634,-1.491,370,245,0,0,0,0
705.809,303.907,6.634,-1.491,370,245,0,0,0,0
712.444,302.415,6.634,-1.491,370,245,0,0,0,0
719.078,300.924,6.634,-1.491,370,245,0,0,0,0
725.713,299.433,6.634,-1.491,370,245,0,0,0,0
732.347,297.941,6.634,-1.491,370,245,0,0,0,0
738.982,296.45,6.634,-1.491,370,245,0,0,0,0
745.616,294.959,6.634,-1.491,370,245,0,0,0,0
752.25,293.467,6.634,-1.491,370,245,0,0,0,0
751.0,291.976,-6.982,1.289,370,245,0,0,0,0
744.018,293.265,-6.982,1.289,370,245,0,0,0,0
737.036,294.555,-6.982,1.289,370,245,0,0,0,0
730.054,295.844,-6.982,1.289,370,245,0,0,0,0
723.072,297.134,-6.982,1.289,370,245,0,0,0,0
716.09,298.423,-6.982,1.289,370,245,0,0,0,0
709.108,299.712,-6.982,1.289,370,245,0,0,0,0
702.127,301.002,-6.982,1.289,370,245,0,0,0,0
695.145,302.291,-6.982,1.289,370,245,0,0,0,0
688.163,303.581,-6.982,1.289,370,245,0,0,0,0
681.181,304.87,-6.982,1.289,370,245,0,0,0,0
674.199,306.16,-6.982,1.289,370,245,0,0,0,0
667.217,307.449,-6.982,1.289,370,245,0,0,0,0
660.235,308.739,-6.982,1.289,370,245,0,0,0,0
653.253,310.028,-6.982,1.289,370,245,0,0,0,0
646.271,311.317,-6.982,1.289,370,245,0,0,0,0
639.289,312.607,-6.982,1.289,370,245,0,0,0,0
632.307,313.896,-6.982,1.289,370,245,0,0,0,0
625.325,315.186,-6.982,1.289,370,245,0,0,0,0
618.343,316.475,-6.982,1.289,365,245,-1,0,0,0
611.361,317.765,-6.982,1.289,360,245,-1,0,0,0
604.38,319.054,-6.982,1.289,355,245,-1,0,0,0
597.398,320.344,-6.982,1.289,350,245,-1,0,0,0
590.416,321.633,-6.982,1.289,345,245,-1,0,0,0
583.434,322.923,-6.982,1.289,340,245,-1,0,0,0
576.452,324.212,-6.982,1.289,335,245,-1,0,0,0
569.47,325.501,-6.982,1.289,330,245,-1,0,0,0
562.488,326.791,-6.982,1.289,330,245,0,0,0,0
555.506,328.08,-6.982,1.289,330,245,0,0,0,0
548.524,329.37,-6.982,1.289,330,245,0,0,0,0
541.542,330.659,-6.982,1.289,330,245,0,0,0,0
534.56,331.949,-6.982,1.289,330,245,0,0,0,0
527.578,333.238,-6.982,1.289,330,245,0,0,0,0
520.596,334.528,-6.982,1.289,330,245,0,0,0,0
513.614,335.817,-6.982,1.289,330,245,0,0,0,0
506.633,337.106,-6.982,1.289,330,245,0,0,0,0
499.651,338.396,-6.982,1.289,330,245,0,0,0,0
492.669,339.685,-6.982,1.289,330,245,0,0,0,0
485.687,340.975,-6.982,1.289,330,245,0,0,0,0
478.705,342.264,-6.982,1.289,330,245,0,0,0,0
471.723,343.554,-6.982,1.289,330,245,0,0,0,0
464.741,344.843,-6.982,1.289,330,245,0,0,0,0
457.759,346.133,-6.982,1.289,330,245,0,0,0,0
450.777,347.422,-6.982,1.289,330,245,0,0,0,0
443.795,348.711,-6.982,1.289,330,245,0,0,0,0
436.813,350.001,-6.982,1.289,330,245,0,0,0,0
429.831,351.29,-6.982,1.289,330,245,0,0,0,0
422.849,352.58,-6.982,1.289,330,245,0,0,0,0
415.867,353.869,-6.982,1.289,330,245,0,0,0,0
408.886,355.159,-6.982,1.289,330,245,0,0,0,0
401.904,356.448,-6.982,1.289,330,245,0,0,0,0
394.922,357.738,-6.982,1.289,330,245,0,0,0,0
387.94,359.027,-6.982,1.289,330,245,0,0,0,0
380.958,360.316,-6.982,1.289,330,245,0,0,0,0
373.976,361.606,-6.982,1.289,330,245,0,0,0,0
366.994,362.895,-6.982,1.289,330,245,0,0,0,0
360.012,364.185,-6.982,1.289,330,245,0,0,0,0
353.03,365.474,-6.982,1.289,330,245,0,0,0,0
346.048,366.764,-6.982,1.289,330,245,0,0,0,0
339.066,368.053,-6.982,1.289,330,245,0,0,0,0
332.084,369.343,-6.982,1.289,330,245,0,0,0,0
325.102,370.632,-6.982,1.289,330,245,0,0,0,0
318.12,371.922,-6.982,1.289,330,245,0,0,0,0
311.139,373.211,-6.982,1.289,330,245,0,0,0,0
304.157,374.5,-6.982,1.289,330,245,0,0,0,0
297.175,375.79,-6.982,1.289,330,245,0,0,0,0
290.193,377.079,-6.982,1.289,330,245,0,0,0,0
283.211,378.369,-6.982,1.289,330,245,0,0,0,0
276.229,379.658,-6.982,1.289,330,245,0,0,0,0
269.247,380.948,-6.982,1.289,330,245,0,0,0,0
262.265,382.237,-6.982,1.289,330,245,0,0,0,0
255.283,383.527,-6.982,1.289,330,245,0,0,0,0
248.301,384.816,-6.982,1.289,330,245,0,0,0,0
241.319,386.105,-6.982,1.289,330,245,0,0,0,0
234.337,387.395,-6.982,1.289,330,245,0,0,0,0
227.355,388.684,-6.982,1.289,330,245,0,0,0,0
220.373,389.974,-6.982,1.289,330,245,0,0,0,0
213.392,391.263,-6.982,1.289,330,245,0,0,0,0
206.41,392.553,-6.982,1.289,330,245,0,0,0,0
199.428,393.842,-6.982,1.289,330,245,0,0,0,0
192.446,395.132,-6.982,1.289,335,245,1,0,0,0
185.464,396.421,-6.982,1.289,340,245,1,0,0,0
178.482,397.71,-6.982,1.289,340,245,0,0,0,0
171.5,399.0,-6.982,1.289,340,245,0,0,0,0
164.518,400.289,-6.982,1.289,340,245,0,0,0,0
157.536,401.579,-6.982,1.289,345,245,1,0,0,0
150.554,402.868,-6.982,1.289,350,245,1,0,0,0
143.572,404.158,-6.982,1.289,355,245,1,0,0,0
136.59,405.447,-6.982,1.289,360,245,1,0,0,0
129.608,406.737,-6.982,1.289,365,245,1,0,0,0
122.626,408.026,-6.982,1.289,365,245,0,0,0,0
115.645,409.315,-6.982,1.289,365,245,0,0,0,0
108.663,410.605,-6.982,1.289,365,245,0,0,0,0
101.681,411.894,-6.982,1.289,365,245,0,0,0,0
94.699,413.184,-6.982,1.289,365,245,0,0,0,0
87.717,414.473,-6.982,1.289,365,245,0,0,0,0
80.735,415.763,-6.982,1.289,365,245,0,0,0,0
73.753,417.052,-6.982,1.289,365,245,0,0,0,0
66.771,418.342,-6.982,1.289,365,245,0,0,0,0
59.789,419.631,-6.982,1.289,365,245,0,0,0,0
52.807,420.921,-6.982,1.289,365,245,0,0,0,0
49.0,422.21,6.662,3.222,365,245,0,0,0,0
55.662,425.432,6.662,3.222,370,245,1,0,0,0
62.323,428.655,6.662,3.222,375,245,1,0,0,0
68.985,431.877,6.662,3.222,380,245,1,0,0,0
75.646,435.1,6.662,3.222,385,245,1,0,0,0
82.308,438.322,6.662,3.222,390,245,1,0,0,0
88.969,441.545,6.662,3.222,395,245,1,0,0,0
95.631,444.767,6.662,3.222,400,245,1,0,0,0
102.292,447.99,6.662,3.222,405,245,1,0,0,0
108.954,451.212,6.662,3.222,410,245,1,0,0,0
115.615,454.434,6.662,3.222,415,245,1,0,0,0
122.277,457.657,6.662,3.222,420,245,1,0,0,0
128.938,460.879,6.662,3.222,425,245,1,0,0,0
135.6,464.102,6.662,3.222,430,245,1,0,0,0
142.261,467.324,6.662,3.222,435,245,1,0,0,0
148.923,470.547,6.662,3.222,440,245,1,0,0,0
155.584,473.769,6.662,3.222,445,245,1,0,0,0
162.246,476.992,6.662,3.222,450,245,1,0,0,0
168.907,480.214,6.662,3.222,455,245,1,0,0,0
175.569,483.436,6.662,3.222,460,245,1,0,0,0
182.23,486.659,6.662,3.222,465,245,1,0,0,0
188.892,489.881,6.662,3.222,470,245,1,0,0,0
195.553,493.104,6.662,3.222,475,245,1,0,0,0
202.215,496.326,6.662,3.222,480,245,1,0,0,0
208.876,499.549,6.662,3.222,485,245,1,0,0,0
215.538,502.771,6.662,3.222,490,245,1,0,0,0
222.199,505.994,6.662,3.222,495,245,1,0,0,0
228.861,509.216,6.662,3.222,500,245,1,0,0,0
235.523,512.438,6.662,3.222,505,245,1,0,0,0
242.184,515.661,6.662,3.222,510,245,1,0,0,0
248.846,518.883,6.662,3.222,510,245,0,0,0,0
255.507,522.106,6.662,3.222,510,245,0,0,0,0
262.169,525.328,6.662,3.222,510,245,0,0,0,0
268.83,528.551,6.662,3.222,510,245,0,0,0,0
275.492,531.773,6.662,3.222,510,245,0,0,0,0
282.153,534.996,6.662,3.222,510,245,0,0,0,0
288.815,538.218,6.662,3.222,510,245,0,0,0,0
295.476,541.441,6.662,3.222,510,245,0,0,0,0
302.138,544.663,6.662,3.222,510,245,0,0,0,0
308.799,547.885,6.662,3.222,510,245,0,0,0,0
315.461,551.108,6.662,3.222,510,245,0,0,0,0
322.122,554.33,6.662,3.222,510,245,0,0,0,0
328.784,557.553,6.662,3.222,510,245,0,0,0,0
335.445,560.775,6.662,3.222,505,245,-1,0,0,0
342.107,563.998,6.662,3.222,500,245,-1,0,0,0
348.768,567.22,6.662,3.222,495,245,-1,0,0,0
355.43,570.443,6.662,3.222,490,245,-1,0,0,0
362.091,573.665,6.662,3.222,485,245,-1,0,0,0
368.753,576.887,6.662,3.222,480,245,-1,0,0,0
375.414,580.11,6.662,3.222,475,245,-1,0,0,0
382.076,583.332,6.662,3.222,475,245,0,0,0,0
388.737,586.555,6.662,3.222,475,245,0,0,0,0
395.399,589.777,6.662,3.222,475,245,0,0,0,0
402.06,593.0,6.662,3.222,475,245,0,0,0,0
408.722,594.0,6.662,-3.222,475,245,0,0,0,0
415.384,590.778,6.662,-3.222,475,245,0,0,0,0
422.045,587.555,6.662,-3.222,475,245,0,0,0,0
428.707,584.333,6.662,-3.222,475,245,0,0,0,0
435.368,581.11,6.662,-3.222,475,245,0,0,0,0
442.03,577.888,6.662,-3.222,475,245,0,0,0,0
448.691,574.665,6.662,-3.222,480,245,1,0,0,0
455.353,571.443,6.662,-3.222,485,245,1,0,0,0
462.014,568.22,6.662,-3.222,490,245,1,0,0,0
468.676,564.998,6.662,-3.222,495,245,1,0,0,0
475.337,561.776,6.662,-3.222,500,245,1,0,0,0
481.999,558.553,6.662,-3.222,505,245,1,0,0,0
488.66,555.331,6.662,-3.222,510,245,1,0,0,0
495.322,552.108,6.662,-3.222,515,245,1,0,0,0
501.983,548.886,6.662,-3.222,515,245,0,0,0,0
508.645,545.663,6.662,-3.222,515,245,0,0,0,0
515.306,542.441,6.662,-3.222,515,245,0,0,0,0
521.968,539.218,6.662,-3.222,515,245,0,0,0,0
528.629,535.996,6.662,-3.222,515,245,0,0,0,0
535.291,532.773,6.662,-3.222,515,245,0,0,0,0
541.952,529.551,6.662,-3.222,515,245,0,0,0,0
548.614,526.329,6.662,-3.222,515,245,0,0,0,0
555.275,523.106,6.662,-3.222,515,245,0,0,0,0
561.937,519.884,6.662,-3.222,515,245,0,0,0,0
568.598,516.661,6.662,-3.222,515,245,0,0,0,0
575.26,513.439,6.662,-3.222,515,245,0,0,0,0
581.921,510.216,6.662,-3.222,515,245,0,0,0,0
588.583,506.994,6.662,-3.222,515,245,0,0,0,0
595.245,503.771,6.662,-3.222,515,245,0,0,0,0
601.906,500.549,6.662,-3.222,515,245,0,0,0,0
608.568,497.327,6.662,-3.222,515,245,0,0,0,0
615.229,494.104,6.662,-3.222,515,245,0,0,0,0
621.891,490.882,6.662,-3.222,515,245,0,0,0,0
628.552,487.659,6.662,-3.222,515,245,0,0,0,0
635.214,484.437,6.662,-3.222,515,245,0,0,0,0
641.875,481.214,6.662,-3.222,515,245,0,0,0,0
648.537,477.992,6.662,-3.222,515,240,0,-1,0,0
655.198,474.769,6.662,-3.222,515,235,0,-1,0,0
661.86,471.547,6.662,-3.222,515,230,0,-1,0,0
668.521,468.325,6.662,-3.222,515,225,0,-1,0,0
675.183,465.102,6.662,-3.222,515,220,0,-1,0,0
681.844,461.88,6.662,-3.222,515,215,0,-1,0,0
688.506,458.657,6.662,-3.222,515,210,0,-1,0,0
695.167,455.435,6.662,-3.222,515,205,0,-1,0,0
701.829,452.212,6.662,-3.222,515,200,0,-1,0,0
708.49,448.99,6.662,-3.222,515,195,0,-1,0,0
715.152,445.767,6.662,-3.222,515,195,0,0,0,0
721.813,442.545,6.662,-3.222,515,195,0,0,0,0
728.475,439.323,6.662,-3.222,515,200,0,1,0,0
735.136,436.1,6.662,-3.222,515,205,0,1,0,0
741.798,432.878,6.662,-3.222,515,210,0,1,0,0
748.459,429.655,6.662,-3.222,515,215,0,1,0,0
755.121,426.433,6.662,-3.222,515,220,0,1,0,0
761.783,423.21,6.662,-3.222,515,225,0,1,0,0
768.444,419.988,6.662,-3.222,515,230,0,1,0,0
775.106,416.765,6.662,-3.222,515,235,0,1,0,0
781.767,413.543,6.662,-3.222,515,240,0,1,0,0
788.429,410.32,6.662,-3.222,515,245,0,1,0,0
795.09,407.098,6.662,-3.222,515,250,0,1,0,0
801.752,403.876,6.662,-3.222,515,255,0,1,0,0
400.0,300.0,-4.999,-0.087,515,260,0,1,1,0
395.001,299.913,-4.999,-0.087,515,260,0,0,0,0
390.002,299.826,-4.999,-0.087,515,260,0,0,0,0
385.002,299.739,-4.999,-0.087,515,260,0,0,0,0
380.003,299.652,-4.999,-0.087,515,260,0,0,0,0
375.004,299.566,-4.999,-0.087,515,260,0,0,0,0
370.005,299.479,-4.999,-0.087,515,260,0,0,0,0
365.005,299.392,-4.999,-0.087,515,260,0,0,0,0
360.006,299.305,-4.999,-0.087,515,260,0,0,0,0
355.007,299.218,-4.999,-0.087,515,260,0,0,0,0
350.008,299.131,-4.999,-0.087,515,260,0,0,0,0
345.008,299.044,-4.999,-0.087,515,260,0,0,0,0
340.009,298.957,-4.999,-0.087,515,260,0,0,0,0
335.01,298.871,-4.999,-0.087,515,260,0,0,0,0
330.011,298.784,-4.999,-0.087,515,260,0,0,0,0
325.011,298.697,-4.999,-0.087,515,260,0,0,0,0
320.012,298.61,-4.999,-0.087,515,260,0,0,0,0
315.013,298.523,-4.999,-0.087,515,260,0,0,0,0
310.014,298.436,-4.999,-0.087,515,260,0,0,0,0
305.014,298.349,-4.999,-0.087,515,260,0,0,0,0
300.015,298.262,-4.999,-0.087,515,260,0,0,0,0
295.016,298.175,-4.999,-0.087,515,260,0,0,0,0
290.017,298.089,-4.999,-0.087,515,260,0,0,0,0
285.017,298.002,-4.999,-0.087,515,260,0,0,0,0
280.018,297.915,-4.999,-0.087,515,260,0,0,0,0
275.019,297.828,-4.999,-0.087,515,260,0,0,0,0
270.02,297.741,-4.999,-0.087,515,260,0,0,0,0
265.02,297.654,-4.999,-0.087,515,260,0,0,0,0
260.021,297.567,-4.999,-0.087,515,260,0,0,0,0
255.022,297.48,-4.999,-0.087,515,260,0,0,0,0
250.023,297.393,-4.999,-0.087,515,260,0,0,0,0
245.023,297.307,-4.999,-0.087,510,260,-1,0,0,0
240.024,297.22,-4.999,-0.087,505,260,-1,0,0,0
235.025,297.133,-4.999,-0.087,500,260,-1,0,0,0
230.026,297.046,-4.999,-0.087,495,260,-1,0,0,0
225.026,296.959,-4.999,-0.087,490,260,-1,0,0,0
220.027,296.872,-4.999,-0.087,485,265,-1,1,0,0
215.028,296.785,-4.999,-0.087,480,270,-1,1,0,0
210.029,296.698,-4.999,-0.087,475,275,-1,1,0,0
205.029,296.612,-4.999,-0.087,470,280,-1,1,0,0
200.03,296.525,-4.999,-0.087,465,285,-1,1,0,0
195.031,296.438,-4.999,-0.087,460,290,-1,1,0,0
190.032,296.351,-4.999,-0.087,455,295,-1,1,0,0
185.032,296.264,-4.999,-0.087,450,300,-1,1,0,0
180.033,296.177,-4.999,-0.087,445,305,-1,1,0,0
175.034,296.09,-4.999,-0.087,440,310,-1,1,0,0
170.035,296.003,-4.999,-0.087,435,315,-1,1,0,0
165.035,295.916,-4.999,-0.087,430,320,-1,1,0,0
160.036,295.83,-4.999,-0.087,425,325,-1,1,0,0
155.037,295.743,-4.999,-0.087,420,330,-1,1,0,0
150.038,295.656,-4.999,-0.087,415,335,-1,1,0,0
145.039,295.569,-4.999,-0.087,410,340,-1,1,0,0
140.039,295.482,-4.999,-0.087,405,345,-1,1,0,0
135.04,295.395,-4.999,-0.087,400,350,-1,1,0,0
130.041,295.308,-4.999,-0.087,395,355,-1,1,0,0
125.042,295.221,-4.999,-0.087,390,360,-1,1,0,0
120.042,295.134,-4.999,-0.087,385,365,-1,1,0,0
115.043,295.048,-4.999,-0.087,380,370,-1,1,0,0
110.044,294.961,-4.999,-0.087,375,375,-1,1,0,0
105.045,294.874,-4.999,-0.087,370,380,-1,1,0,0
100.045,294.787,-4.999,-0.087,365,385,-1,1,0,0
95.046,294.7,-4.999,-0.087,360,390,-1,1,0,0
90.047,294.613,-4.999,-0.087,355,395,-1,1,0,0
85.048,294.526,-4.999,-0.087,350,395,-1,0,0,0
80.048,294.439,-4.999,-0.087,345,395,-1,0,0,0
75.049,294.353,-4.999,-0.087,340,395,-1,0,0,0
70.05,294.266,-4.999,-0.087,335,395,-1,0,0,0
65.051,294.179,-4.999,-0.087,330,395,-1,0,0,0
60.051,294.092,-4.999,-0.087,325,395,-1,0,0,0
55.052,294.005,-4.999,-0.087,320,395,-1,0,0,0
50.053,293.918,-4.999,-0.087,315,395,-1,0,0,0
45.054,293.831,-4.999,-0.087,310,395,-1,0,0,0
40.054,293.744,-4.999,-0.087,305,395,-1,0,0,0
35.055,293.657,-4.999,-0.087,300,395,-1,0,0,0
49.0,293.571,2.65,-4.59,295,395,-1,0,0,0
51.65,288.981,2.65,-4.59,290,395,-1,0,0,0
54.3,284.391,2.65,-4.59,285,395,-1,0,0,0
56.95,279.801,2.65,-4.59,280,395,-1,0,0,0
59.6,275.211,2.65,-4.59,275,395,-1,0,0,0
62.25,270.621,2.65,-4.59,270,395,-1,0,0,0
64.9,266.031,2.65,-4.59,265,395,-1,0,0,0
67.55,261.441,2.65,-4.59,260,395,-1,0,0,0
70.2,256.851,2.65,-4.59,255,395,-1,0,0,0
72.85,252.261,2.65,-4.59,250,395,-1,0,0,0
75.5,247.671,2.65,-4.59,245,395,-1,0,0,0
78.15,243.081,2.65,-4.59,240,395,-1,0,0,0
80.8,238.491,2.65,-4.59,235,395,-1,0,0,0
83.45,233.901,2.65,-4.59,230,395,-1,0,0,0
86.1,229.311,2.65,-4.59,225,395,-1,0,0,0
88.75,224.722,2.65,-4.59,220,395,-1,0,0,0
91.4,220.132,2.65,-4.59,215,395,-1,0,0,0
94.05,215.542,2.65,-4.59,210,395,-1,0,0,0
96.7,210.952,2.65,-4.59,205,395,-1,0,0,0
99.35,206.362,2.65,-4.59,200,395,-1,0,0,0
102.0,201.772,2.65,-4.59,195,395,-1,0,0,0
104.65,197.182,2.65,-4.59,190,395,-1,0,0,0
107.3,192.592,2.65,-4.59,185,395,-1,0,0,0
109.95,188.002,2.65,-4.59,185,395,0,0,0,0
112.6,183.412,2.65,-4.59,185,390,0,-1,0,0
115.25,178.822,2.65,-4.59,185,385,0,-1,0,0
117.9,174.232,2.65,-4.59,185,380,0,-1,0,0
120.55,169.642,2.65,-4.59,185,375,0,-1,0,0
123.2,165.052,2.65,-4.59,185,370,0,-1,0,0
125.85,160.462,2.65,-4.59,185,365,0,-1,0,0
128.5,155.873,2.65,-4.59,185,360,0,-1,0,0
131.15,151.283,2.65,-4.59,185,355,0,-1,0,0
133.8,146.693,2.65,-4.59,185,350,0,-1,0,0
136.45,142.103,2.65,-4.59,185,345,0,-1,0,0
139.1,137.513,2.65,-4.59,185,340,0,-1,0,0
141.75,132.923,2.65,-4.59,185,335,0,-1,0,0
144.4,128.333,2.65,-4.59,185,330,0,-1,0,0
147.05,123.743,2.65,-4.59,185,325,0,-1,0,0
149.7,119.153,2.65,-4.59,185,320,0,-1,0,0
152.35,114.563,2.65,-4.59,185,315,0,-1,0,0
155.0,109.973,2.65,-4.59,185,310,0,-1,0,0
157.65,105.383,2.65,-4.59,185,305,0,-1,0,0
160.3,100.793,2.65,-4.59,185,300,0,-1,0,0
162.95,96.203,2.65,-4.59,185,295,0,-1,0,0
165.6,91.613,2.65,-4.59,185,290,0,-1,0,0
168.25,87.024,2.65,-4.59,185,285,0,-1,0,0
170.9,82.434,2.65,-4.59,185,280,0,-1,0,0
173.55,77.844,2.65,-4.59,185,275,0,-1,0,0
176.2,73.254,2.65,-4.59,185,270,0,-1,0,0
178.85,68.664,2.65,-4.59,185,265,0,-1,0,0
181.5,64.074,2.65,-4.59,185,260,0,-1,0,0
184.15,59.484,2.65,-4.59,185,255,0,-1,0,0
186.8,54.894,2.65,-4.59,185,250,0,-1,0,0
189.45,50.304,2.65,-4.59,185,245,0,-1,0,0
192.1,45.714,2.65,-4.59,185,240,0,-1,0,0
194.75,41.124,2.65,-4.59,185,235,0,-1,0,0
197.4,36.534,2.65,-4.59,185,230,0,-1,0,0
200.05,31.944,2.65,-4.59,185,225,0,-1,0,0
202.7,27.354,2.65,-4.59,185,220,0,-1,0,0
205.35,22.764,2.65,-4.59,185,215,0,-1,0,0
208.0,18.174,2.65,-4.59,185,210,0,-1,0,0
210.65,13.585,2.65,-4.59,185,205,0,-1,0,0
213.3,8.995,2.65,-4.59,185,200,0,-1,0,0
215.95,6.0,2.65,4.59,185,195,0,-1,0,0
218.6,10.59,2.65,4.59,185,190,0,-1,0,0
221.25,15.18,2.65,4.59,185,185,0,-1,0,0
223.9,19.77,2.65,4.59,185,180,0,-1,0,0
226.55,24.36,2.65,4.59,185,175,0,-1,0,0
229.2,28.95,2.65,4.59,185,170,0,-1,0,0
231.85,33.54,2.65,4.59,185,165,0,-1,0,0
234.5,38.13,2.65,4.59,185,160,0,-1,0,0
237.15,42.719,2.65,4.59,185,155,0,-1,0,0
239.8,47.309,2.65,4.59,185,150,0,-1,0,0
242.45,51.899,2.65,4.59,185,145,0,-1,0,0
245.1,56.489,2.65,4.59,185,140,0,-1,0,0
247.75,61.079,2.65,4.59,185,135,0,-1,0,0
250.4,65.669,2.65,4.59,185,130,0,-1,0,0
253.05,70.259,2.65,4.59,185,125,0,-1,0,0
255.7,74.849,2.65,4.59,185,120,0,-1,0,0
258.35,79.439,2.65,4.59,185,115,0,-1,0,0
261.0,84.029,2.65,4.59,185,110,0,-1,0,0
263.65,88.619,2.65,4.59,185,105,0,-1,0,0
266.3,93.209,2.65,4.59,185,100,0,-1,0,0
268.95,97.799,2.65,4.59,185,95,0,-1,0,0
271.6,102.389,2.65,4.59,185,90,0,-1,0,0
274.25,106.979,2.65,4.59,185,85,0,-1,0,0
276.9,111.568,2.65,4.59,185,80,0,-1,0,0
279.55,116.158,2.65,4.59,185,75,0,-1,0,0
282.2,120.748,2.65,4.59,185,70,0,-1,0,0
284.85,125.338,2.65,4.59,185,65,0,-1,0,0
287.5,129.928,2.65,4.59,185,60,0,-1,0,0
290.15,134.518,2.65,4.59,185,55,0,-1,0,0
292.8,139.108,2.65,4.59,190,50,1,-1,0,0
295.45,143.698,2.65,4.59,195,45,1,-1,0,0
298.1,148.288,2.65,4.59,200,40,1,-1,0,0
300.75,152.878,2.65,4.59,205,40,1,0,0,0
303.4,157.468,2.65,4.59,210,40,1,0,0,0
306.05,162.058,2.65,4.59,215,40,1,0,0,0
308.7,166.648,2.65,4.59,220,40,1,0,0,0
311.35,171.238,2.65,4.59,225,40,1,0,0,0
314.0,175.828,2.65,4.59,230,45,1,1,0,0
316.65,180.418,2.65,4.59,235,50,1,1,0,0
319.3,185.007,2.65,4.59,240,55,1,1,0,0
321.95,189.597,2.65,4.59,245,60,1,1,0,0
324.6,194.187,2.65,4.59,250,65,1,1,0,0
327.25,198.777,2.65,4.59,255,70,1,1,0,0
329.9,203.367,2.65,4.59,260,75,1,1,0,0
332.55,207.957,2.65,4.59,265,80,1,1,0,0
335.2,212.547,2.65,4.59,270,85,1,1,0,0
337.85,217.137,2.65,4.59,275,90,1,1,0,0
340.5,221.727,2.65,4.59,280,95,1,1,0,0
343.15,226.317,2.65,4.59,285,100,1,1,0,0
345.8,230.907,2.65,4.59,290,105,1,1,0,0
348.45,235.497,2.65,4.59,295,110,1,1,0,0
351.1,240.087,2.65,4.59,300,115,1,1,0,0
353.75,244.677,2.65,4.59,305,120,1,1,0,0
356.4,249.267,2.65,4.59,310,125,1,1,0,0
359.05,253.856,2.65,4.59,315,130,1,1,0,0
361.7,258.446,2.65,4.59,320,135,1,1,0,0
364.35,263.036,2.65,4.59,325,140,1,1,0,0
367.0,267.626,2.65,4.59,330,145,1,1,0,0
369.65,272.216,2.65,4.59,335,150,1,1,0,0
372.3,276.806,2.65,4.59,340,155,1,1,0,0
374.95,281.396,2.65,4.59,345,160,1,1,0,0
377.6,285.986,2.65,4.59,350,165,1,1,0,0
380.25,290.576,2.65,4.59,355,170,1,1,0,0
382.9,295.166,2.65,4.59,360,175,1,1,0,0
385.55,299.756,2.65,4.59,365,180,1,1,0,0
388.2,304.346,2.65,4.59,370,185,1,1,0,0
390.85,308.936,2.65,4.59,375,190,1,1,0,0
393.5,313.526,2.65,4.59,380,195,1,1,0,0
396.15,318.116,2.65,4.59,385,200,1,1,0,0
398.8,322.705,2.65,4.59,385,205,0,1,0,0
401.45,327.295,2.65,4.59,385,210,0,1,0,0
404.1,331.885,2.65,4.59,385,215,0,1,0,0
406.75,336.475,2.65,4.59,385,220,0,1,0,0
409.4,341.065,2.65,4.59,385,225,0,1,0,0
412.05,345.655,2.65,4.59,385,230,0,1,0,0
414.7,350.245,2.65,4.59,385,235,0,1,0,0
417.35,354.835,2.65,4.59,385,240,0,1,0,0
420.0,359.425,2.65,4.59,385,245,0,1,0,0
422.65,364.015,2.65,4.59,385,250,0,1,0,0
425.3,368.605,2.65,4.59,385,255,0,1,0,0
427.95,373.195,2.65,4.59,385,260,0,1,0,0
430.6,377.785,2.65,4.59,385,265,0,1,0,0
433.25,382.375,2.65,4.59,385,270,0,1,0,0
435.9,386.965,2.65,4.59,385,275,0,1,0,0
438.55,391.555,2.65,4.59,385,280,0,1,0,0
441.2,396.144,2.65,4.59,385,285,0,1,0,0
443.85,400.734,2.65,4.59,385,290,0,1,0,0
446.5,405.324,2.65,4.59,385,295,0,1,0,0
449.15,409.914,2.65,4.59,385,300,0,1,0,0
451.8,414.504,2.65,4.59,385,305,0,1,0,0
454.45,419.094,2.65,4.59,385,310,0,1,0,0
457.1,423.684,2.65,4.59,385,315,0,1,0,0
459.75,428.274,2.65,4.59,385,320,0,1,0,0
462.4,432.864,2.65,4.59,385,325,0,1,0,0
465.05,437.454,2.65,4.59,385,330,0,1,0,0
467.7,442.044,2.65,4.59,385,335,0,1,0,0
470.35,446.634,2.65,4.59,385,340,0,1,0,0
473.0,451.224,2.65,4.59,385,345,0,1,0,0
475.65,455.814,2.65,4.59,385,350,0,1,0,0
478.3,460.404,2.65,4.59,385,355,0,1,0,0
480.95,464.993,2.65,4.59,385,360,0,1,0,0
483.6,469.583,2.65,4.59,385,365,0,1,0,0
486.25,474.173,2.65,4.59,385,370,0,1,0,0
488.9,478.763,2.65,4.59,385,375,0,1,0,0
491.55,483.353,2.65,4.59,385,380,0,1,0,0
494.2,487.943,2.65,4.59,385,385,0,1,0,0
496.85,492.533,2.65,4.59,385,390,0,1,0,0
499.5,497.123,2.65,4.59,385,390,0,0,0,0
502.15,501.713,2.65,4.59,385,390,0,0,0,0
504.8,506.303,2.65,4.59,385,390,0,0,0,0
507.45,510.893,2.65,4.59,385,390,0,0,0,0
510.1,515.483,2.65,4.59,385,390,0,0,0,0
512.75,520.073,2.65,4.59,385,390,0,0,0,0
515.4,524.663,2.65,4.59,385,390,0,0,0,0
518.05,529.253,2.65,4.59,385,390,0,0,0,0
520.7,533.842,2.65,4.59,385,390,0,0,0,0
523.35,538.432,2.65,4.59,385,390,0,0,0,0
526.0,543.022,2.65,4.59,385,390,0,0,0,0
528.65,547.612,2.65,4.59,385,390,0,0,0,0
531.3,552.202,2.65,4.59,385,390,0,0,0,0
533.95,556.792,2.65,4.59,385,390,0,0,0,0
536.6,561.382,2.65,4.59,385,390,0,0,0,0
539.25,565.972,2.65,4.59,385,390,0,0,0,0
541.9,570.562,2.65,4.59,385,390,0,0,0,0
544.55,575.152,2.65,4.59,385,390,0,0,0,0
547.2,579.742,2.65,4.59,385,390,0,0,0,0
549.85,584.332,2.65,4.59,385,390,0,0,0,0
552.5,588.922,2.65,4.59,385,390,0,0,0,0
555.15,593.512,2.65,4.59,385,390,0,0,0,0
557.8,594.0,2.65,-4.59,385,390,0,0,0,0
560.45,589.41,2.65,-4.59,385,390,0,0,0,0
563.1,584.82,2.65,-4.59,385,390,0,0,0,0
565.75,580.23,2.65,-4.59,385,390,0,0,0,0
568.4,575.64,2.65,-4.59,385,390,0,0,0,0
571.05,571.05,2.65,-4.59,385,390,0,0,0,0
573.7,566.46,2.65,-4.59,380,390,-1,0,0,0
576.35,561.87,2.65,-4.59,375,390,-1,0,0,0
579.0,557.281,2.65,-4.59,370,390,-1,0,0,0
581.65,552.691,2.65,-4.59,365,390,-1,0,0,0
584.3,548.101,2.65,-4.59,360,390,-1,0,0,0
586.95,543.511,2.65,-4.59,355,390,-1,0,0,0
589.6,538.921,2.65,-4.59,350,390,-1,0,0,0
592.25,534.331,2.65,-4.59,345,390,-1,0,0,0
594.9,529.741,2.65,-4.59,340,390,-1,0,0,0
597.55,525.151,2.65,-4.59,335,390,-1,0,0,0
600.2,520.561,2.65,-4.59,335,390,0,0,0,0
602.85,515.971,2.65,-4.59,335,390,0,0,0,0
605.5,511.381,2.65,-4.59,335,390,0,0,0,0
608.15,506.791,2.65,-4.59,335,390,0,0,0,0
610.8,502.201,2.65,-4.59,335,390,0,0,0,0
613.45,497.611,2.65,-4.59,335,390,0,0,0,0
616.1,493.021,2.65,-4.59,335,390,0,0,0,0
618.75,488.432,2.65,-4.59,335,390,0,0,0,0
621.4,483.842,2.65,-4.59,335,390,0,0,0,0
624.05,479.252,2.65,-4.59,335,390,0,0,0,0
626.7,474.662,2.65,-4.59,335,390,0,0,0,0
629.35,470.072,2.65,-4.59,335,390,0,0,0,0
632.0,465.482,2.65,-4.59,335,390,0,0,0,0
634.65,460.892,2.65,-4.59,335,390,0,0,0,0
637.3,456.302,2.65,-4.59,335,390,0,0,0,0
639.95,451.712,2.65,-4.59,330,390,-1,0,0,0
642.6,447.122,2.65,-4.59,325,390,-1,0,0,0
645.25,442.532,2.65,-4.59,320,390,-1,0,0,0
647.9,437.942,2.65,-4.59,315,390,-1,0,0,0
650.55,433.352,2.65,-4.59,310,390,-1,0,0,0
653.2,428.762,2.65,-4.59,305,390,-1,0,0,0
655.85,424.172,2.65,-4.59,300,390,-1,0,0,0
658.5,419.582,2.65,-4.59,295,390,-1,0,0,0
661.15,414.993,2.65,-4.59,290,390,-1,0,0,0
663.8,410.403,2.65,-4.59,285,395,-1,1,0,0
666.45,405.813,2.65,-4.59,280,400,-1,1,0,0
669.1,401.223,2.65,-4.59,275,405,-1,1,0,0
671.75,396.633,2.65,-4.59,270,410,-1,1,0,0
674.4,392.043,2.65,-4.59,265,415,-1,1,0,0
677.05,387.453,2.65,-4.59,260,415,-1,0,0,0
679.7,382.863,2.65,-4.59,255,415,-1,0,0,0
682.35,378.273,2.65,-4.59,250,410,-1,-1,0,0
685.0,373.683,2.65,-4.59,245,405,-1,-1,0,0
687.65,369.093,2.65,-4.59,240,400,-1,-1,0,0
690.3,364.503,2.65,-4.59,235,395,-1,-1,0,0
692.95,359.913,2.65,-4.59,230,390,-1,-1,0,0
695.6,355.323,2.65,-4.59,225,385,-1,-1,0,0
698.25,350.733,2.65,-4.59,220,380,-1,-1,0,0
700.9,346.144,2.65,-4.59,215,375,-1,-1,0,0
703.55,341.554,2.65,-4.59,210,370,-1,-1,0,0
706.2,336.964,2.65,-4.59,205,365,-1,-1,0,0
708.85,332.374,2.65,-4.59,200,360,-1,-1,0,0
711.5,327.784,2.65,-4.59,195,355,-1,-1,0,0
714.15,323.194,2.65,-4.59,190,350,-1,-1,0,0
716.8,318.604,2.65,-4.59,190,345,0,-1,0,0
719.45,314.014,2.65,-4.59,190,340,0,-1,0,0
722.1,309.424,2.65,-4.59,190,335,0,-1,0,0
724.75,304.834,2.65,-4.59,190,330,0,-1,0,0
727.4,300.244,2.65,-4.59,190,325,0,-1,0,0
730.05,295.654,2.65,-4.59,190,320,0,-1,0,0
732.7,291.064,2.65,-4.59,190,315,0,-1,0,0
735.35,286.474,2.65,-4.59,190,310,0,-1,0,0
738.0,281.884,2.65,-4.59,190,305,0,-1,0,0
740.65,277.295,2.65,-4.59,190,300,0,-1,0,0
743.3,272.705,2.65,-4.59,190,295,0,-1,0,0
745.95,268.115,2.65,-4.59,190,290,0,-1,0,0
748.6,263.525,2.65,-4.59,190,285,0,-1,0,0
751.25,258.935,2.65,-4.59,190,280,0,-1,0,0
753.9,254.345,2.65,-4.59,190,275,0,-1,0,0
756.55,249.755,2.65,-4.59,190,270,0,-1,0,0
759.2,245.165,2.65,-4.59,190,265,0,-1,0,0
761.85,240.575,2.65,-4.59,190,260,0,-1,0,0
764.5,235.985,2.65,-4.59,190,255,0,-1,0,0
767.15,231.395,2.65,-4.59,190,250,0,-1,0,0
769.8,226.805,2.65,-4.59,190,245,0,-1,0,0
772.45,222.215,2.65,-4.59,190,240,0,-1,0,0
775.1,217.625,2.65,-4.59,190,235,0,-1,0,0
777.75,213.035,2.65,-4.59,190,230,0,-1,0,0
780.4,208.445,2.65,-4.59,190,225,0,-1,0,0
783.05,203.856,2.65,-4.59,190,220,0,-1,0,0
785.7,199.266,2.65,-4.59,190,215,0,-1,0,0
788.35,194.676,2.65,-4.59,190,210,0,-1,0,0
791.0,190.086,2.65,-4.59,190,205,0,-1,0,0
793.65,185.496,2.65,-4.59,190,200,0,-1,0,0
796.3,180.906,2.65,-4.59,190,195,0,-1,0,0
798.95,176.316,2.65,-4.59,190,190,0,-1,0,0
801.6,171.726,2.65,-4.59,190,185,0,-1,0,0
804.25,167.136,2.65,-4.59,190,180,0,-1,0,0
400.0,300.0,-4.676,-1.772,190,175,0,-1,1,0
395.324,298.228,-4.676,-1.772,190,175,0,0,0,0
390.649,296.456,-4.676,-1.772,190,175,0,0,0,0
385.973,294.684,-4.676,-1.772,190,175,0,0,0,0
381.298,292.913,-4.676,-1.772,190,175,0,0,0,0
376.622,291.141,-4.676,-1.772,190,175,0,0,0,0
371.947,289.369,-4.676,-1.772,190,175,0,0,0,0
367.271,287.597,-4.676,-1.772,190,175,0,0,0,0
362.596,285.825,-4.676,-1.772,190,175,0,0,0,0
357.92,284.053,-4.676,-1.772,190,175,0,0,0,0
353.245,282.281,-4.676,-1.772,190,175,0,0,0,0
348.569,280.51,-4.676,-1.772,190,175,0,0,0,0
343.894,278.738,-4.676,-1.772,190,175,0,0,0,0
339.218,276.966,-4.676,-1.772,190,175,0,0,0,0
334.543,275.194,-4.676,-1.772,190,175,0,0,0,0
329.867,273.422,-4.676,-1.772,190,175,0,0,0,0
325.192,271.65,-4.676,-1.772,190,175,0,0,0,0
320.516,269.878,-4.676,-1.772,190,175,0,0,0,0
315.841,268.107,-4.676,-1.772,190,175,0,0,0,0
311.165,266.335,-4.676,-1.772,190,175,0,0,0,0
306.49,264.563,-4.676,-1.772,190,175,0,0,0,0
301.814,262.791,-4.676,-1.772,190,175,0,0,0,0
297.139,261.019,-4.676,-1.772,190,175,0,0,0,0
292.463,259.247,-4.676,-1.772,190,175,0,0,0,0
287.787,257.475,-4.676,-1.772,190,175,0,0,0,0
283.112,255.703,-4.676,-1.772,190,175,0,0,0,0
278.436,253.932,-4.676,-1.772,190,175,0,0,0,0
273.761,252.16,-4.676,-1.772,190,175,0,0,0,0
269.085,250.388,-4.676,-1.772,190,175,0,0,0,0
264.41,248.616,-4.676,-1.772,190,175,0,0,0,0
259.734,246.844,-4.676,-1.772,190,175,0,0,0,0
255.059,245.072,-4.676,-1.772,190,175,0,0,0,0
250.383,243.3,-4.676,-1.772,190,175,0,0,0,0
245.708,241.529,-4.676,-1.772,190,175,0,0,0,0
241.032,239.757,-4.676,-1.772,190,175,0,0,0,0
236.357,237.985,-4.676,-1.772,190,175,0,0,0,0
231.681,236.213,-4.676,-1.772,190,175,0,0,0,0
227.006,234.441,-4.676,-1.772,190,175,0,0,0,0
222.33,232.669,-4.676,-1.772,190,175,0,0,0,0
217.655,230.897,-4.676,-1.772,190,180,0,1,0,0
212.979,229.126,-4.676,-1.772,190,185,0,1,0,0
208.304,227.354,-4.676,-1.772,190,190,0,1,0,0
203.628,225.582,-4.676,-1.772,190,195,0,1,0,0
198.953,223.81,-4.676,-1.772,185,200,-1,1,0,0
194.277,222.038,-4.676,-1.772,180,205,-1,1,0,0
189.601,220.266,-4.676,-1.772,175,210,-1,1,0,0
184.926,218.494,-4.676,-1.772,170,215,-1,1,0,0
180.25,216.723,-4.676,-1.772,165,220,-1,1,0,0
175.575,214.951,-4.676,-1.772,160,225,-1,1,0,0
170.899,213.179,-4.676,-1.772,155,230,-1,1,0,0
166.224,211.407,-4.676,-1.772,150,235,-1,1,0,0
161.548,209.635,-4.676,-1.772,145,240,-1,1,0,0
156.873,207.863,-4.676,-1.772,140,245,-1,1,0,0
152.197,206.091,-4.676,-1.772,135,250,-1,1,0,0
147.522,204.32,-4.676,-1.772,130,255,-1,1,0,0
142.846,202.548,-4.676,-1.772,130,260,0,1,0,0
138.171,200.776,-4.676,-1.772,130,265,0,1,0,0
133.495,199.004,-4.676,-1.772,130,270,0,1,0,0
128.82,197.232,-4.676,-1.772,130,275,0,1,0,0
124.144,195.46,-4.676,-1.772,130,280,0,1,0,0
119.469,193.688,-4.676,-1.772,130,285,0,1,0,0
114.793,191.916,-4.676,-1.772,130,290,0,1,0,0
110.118,190.145,-4.676,-1.772,130,295,0,1,0,0
105.442,188.373,-4.676,-1.772,130,300,0,1,0,0
100.767,186.601,-4.676,-1.772,130,305,0,1,0,0
96.091,184.829,-4.676,-1.772,130,310,0,1,0,0
91.416,183.057,-4.676,-1.772,130,310,0,0,0,0
86.74,181.285,-4.676,-1.772,130,310,0,0,0,0
82.064,179.513,-4.676,-1.772,130,310,0,0,0,0
77.389,177.742,-4.676,-1.772,130,310,0,0,0,0
72.713,175.97,-4.676,-1.772,130,310,0,0,0,0
68.038,174.198,-4.676,-1.772,130,310,0,0,0,0
63.362,172.426,-4.676,-1.772,130,310,0,0,0,0
58.687,170.654,-4.676,-1.772,130,310,0,0,0,0
54.011,168.882,-4.676,-1.772,130,310,0,0,0,0
49.336,167.11,-4.676,-1.772,130,310,0,0,0,0
49.0,165.339,5.261,-0.645,130,310,0,0,0,0
54.261,164.693,5.261,-0.645,130,310,0,0,0,0
59.521,164.048,5.261,-0.645,130,310,0,0,0,0
64.782,163.403,5.261,-0.645,130,310,0,0,0,0
70.042,162.758,5.261,-0.645,130,310,0,0,0,0
75.303,162.113,5.261,-0.645,130,310,0,0,0,0
80.563,161.467,5.261,-0.645,130,310,0,0,0,0
85.824,160.822,5.261,-0.645,130,310,0,0,0,0
91.085,160.177,5.261,-0.645,135,310,1,0,0,0
96.345,159.532,5.261,-0.645,140,310,1,0,0,0
101.606,158.887,5.261,-0.645,145,310,1,0,0,0
106.866,158.242,5.261,-0.645,150,310,1,0,0,0
112.127,157.596,5.261,-0.645,155,315,1,1,0,0
117.388,156.951,5.261,-0.645,160,320,1,1,0,0
122.648,156.306,5.261,-0.645,165,325,1,1,0,0
127.909,155.661,5.261,-0.645,165,330,0,1,0,0
133.169,155.016,5.261,-0.645,165,335,0,1,0,0
138.43,154.37,5.261,-0.645,165,335,0,0,0,0
143.69,153.725,5.261,-0.645,165,335,0,0,0,0
148.951,153.08,5.261,-0.645,165,330,0,-1,0,0
154.212,152.435,5.261,-0.645,165,325,0,-1,0,0
159.472,151.79,5.261,-0.645,165,320,0,-1,0,0
164.733,151.144,5.261,-0.645,165,315,0,-1,0,0
169.993,150.499,5.261,-0.645,165,310,0,-1,0,0
175.254,149.854,5.261,-0.645,165,310,0,0,0,0
180.515,149.209,5.261,-0.645,165,310,0,0,0,0
185.775,148.564,5.261,-0.645,160,310,-1,0,0,0
191.036,147.919,5.261,-0.645,155,310,-1,0,0,0
196.296,147.273,5.261,-0.645,150,310,-1,0,0,0
201.557,146.628,5.261,-0.645,145,310,-1,0,0,0
206.817,145.983,5.261,-0.645,140,310,-1,0,0,0
212.078,145.338,5.261,-0.645,135,310,-1,0,0,0
217.339,144.693,5.261,-0.645,130,310,-1,0,0,0
222.599,144.047,5.261,-0.645,125,310,-1,0,0,0
227.86,143.402,5.261,-0.645,120,310,-1,0,0,0
233.12,142.757,5.261,-0.645,115,305,-1,-1,0,0
238.381,142.112,5.261,-0.645,110,300,-1,-1,0,0
243.642,141.467,5.261,-0.645,105,295,-1,-1,0,0
248.902,140.821,5.261,-0.645,100,290,-1,-1,0,0
254.163,140.176,5.261,-0.645,95,285,-1,-1,0,0
259.423,139.531,5.261,-0.645,90,280,-1,-1,0,0
264.684,138.886,5.261,-0.645,85,275,-1,-1,0,0
269.944,138.241,5.261,-0.645,80,270,-1,-1,0,0
275.205,137.596,5.261,-0.645,75,265,-1,-1,0,0
280.466,136.95,5.261,-0.645,70,260,-1,-1,0,0
285.726,136.305,5.261,-0.645,65,255,-1,-1,0,0
290.987,135.66,5.261,-0.645,60,250,-1,-1,0,0
296.247,135.015,5.261,-0.645,55,245,-1,-1,0,0
301.508,134.37,5.261,-0.645,50,240,-1,-1,0,0
306.769,133.724,5.261,-0.645,45,235,-1,-1,0,0
312.029,133.079,5.261,-0.645,40,230,-1,-1,0,0
317.29,132.434,5.261,-0.645,35,225,-1,-1,0,0
322.55,131.789,5.261,-0.645,30,220,-1,-1,0,0
327.811,131.144,5.261,-0.645,25,215,-1,-1,0,0
333.071,130.498,5.261,-0.645,25,210,0,-1,0,0
338.332,129.853,5.261,-0.645,25,205,0,-1,0,0
343.593,129.208,5.261,-0.645,25,200,0,-1,0,0
348.853,128.563,5.261,-0.645,25,195,0,-1,0,0
354.114,127.918,5.261,-0.645,25,190,0,-1,0,0
359.374,127.273,5.261,-0.645,25,185,0,-1,0,0
364.635,126.627,5.261,-0.645,25,180,0,-1,0,0
369.896,125.982,5.261,-0.645,25,175,0,-1,0,0
375.156,125.337,5.261,-0.645,25,170,0,-1,0,0
380.417,124.692,5.261,-0.645,25,165,0,-1,0,0
385.677,124.047,5.261,-0.645,25,160,0,-1,0,0
390.938,123.401,5.261,-0.645,25,155,0,-1,0,0
396.198,122.756,5.261,-0.645,25,150,0,-1,0,0
401.459,122.111,5.261,-0.645,25,145,0,-1,0,0
406.72,121.466,5.261,-0.645,25,140,0,-1,0,0
411.98,120.821,5.261,-0.645,25,135,0,-1,0,0
417.241,120.175,5.261,-0.645,25,130,0,-1,0,0
422.501,119.53,5.261,-0.645,25,125,0,-1,0,0
427.762,118.885,5.261,-0.645,25,120,0,-1,0,0
433.023,118.24,5.261,-0.645,25,115,0,-1,0,0
438.283,117.595,5.261,-0.645,25,110,0,-1,0,0
443.544,116.95,5.261,-0.645,25,105,0,-1,0,0
448.804,116.304,5.261,-0.645,25,100,0,-1,0,0
454.065,115.659,5.261,-0.645,25,95,0,-1,0,0
459.325,115.014,5.261,-0.645,25,90,0,-1,0,0
464.586,114.369,5.261,-0.645,25,85,0,-1,0,0
469.847,113.724,5.261,-0.645,25,80,0,-1,0,0
475.107,113.078,5.261,-0.645,25,75,0,-1,0,0
480.368,112.433,5.261,-0.645,25,70,0,-1,0,0
485.628,111.788,5.261,-0.645,25,65,0,-1,0,0
490.889,111.143,5.261,-0.645,25,60,0,-1,0,0
496.15,110.498,5.261,-0.645,25,55,0,-1,0,0
501.41,109.852,5.261,-0.645,25,50,0,-1,0,0
506.671,109.207,5.261,-0.645,25,45,0,-1,0,0
511.931,108.562,5.261,-0.645,25,40,0,-1,0,0
517.192,107.917,5.261,-0.645,25,35,0,-1,0,0
522.452,107.272,5.261,-0.645,25,30,0,-1,0,0
527.713,106.627,5.261,-0.645,25,25,0,-1,0,0
532.974,105.981,5.261,-0.645,25,20,0,-1,0,0
538.234,105.336,5.261,-0.645,25,15,0,-1,0,0
543.495,104.691,5.261,-0.645,25,10,0,-1,0,0
548.755,104.046,5.261,-0.645,25,5,0,-1,0,0
554.016,103.401,5.261,-0.645,25,0,0,-1,0,0
559.277,102.755,5.261,-0.645,25,0,0,-1,0,0
564.537,102.11,5.261,-0.645,25,0,0,-1,0,0
569.798,101.465,5.261,-0.645,25,0,0,-1,0,0
575.058,100.82,5.261,-0.645,25,0,0,-1,0,0
580.319,100.175,5.261,-0.645,25,0,0,0,0,0
585.579,99.529,5.261,-0.645,25,0,0,0,0,0
590.84,98.884,5.261,-0.645,25,0,0,0,0,0
596.101,98.239,5.261,-0.645,25,0,0,0,0,0
601.361,97.594,5.261,-0.645,25,0,0,0,0,0
606.622,96.949,5.261,-0.645,25,0,0,0,0,0
611.882,96.304,5.261,-0.645,25,0,0,0,0,0
617.143,95.658,5.261,-0.645,25,0,0,0,0,0
622.404,95.013,5.261,-0.645,25,0,0,0,0,0
627.664,94.368,5.261,-0.645,25,0,0,0,0,0
632.925,93.723,5.261,-0.645,25,0,0,0,0,0
638.185,93.078,5.261,-0.645,25,5,0,1,0,0
643.446,92.432,5.261,-0.645,25,10,0,1,0,0
648.706,91.787,5.261,-0.645,25,15,0,1,0,0
653.967,91.142,5.261,-0.645,25,20,0,1,0,0
659.228,90.497,5.261,-0.645,25,25,0,1,0,0
664.488,89.852,5.261,-0.645,25,30,0,1,0,0
669.749,89.206,5.261,-0.645,25,35,0,1,0,0
675.009,88.561,5.261,-0.645,25,40,0,1,0,0
680.27,87.916,5.261,-0.645,25,45,0,1,0,0
685.531,87.271,5.261,-0.645,25,50,0,1,0,0
690.791,86.626,5.261,-0.645,25,55,0,1,0,0
696.052,85.981,5.261,-0.645,25,60,0,1,0,0
701.312,85.335,5.261,-0.645,25,60,0,0,0,0
706.573,84.69,5.261,-0.645,25,60,0,0,0,0
711.833,84.045,5.261,-0.645,25,60,0,0,0,0
717.094,83.4,5.261,-0.645,25,60,0,0,0,0
722.355,82.755,5.261,-0.645,25,60,0,0,0,0
727.615,82.109,5.261,-0.645,25,60,0,0,0,0
732.876,81.464,5.261,-0.645,25,60,0,0,0,0
738.136,80.819,5.261,-0.645,25,60,0,0,0,0
743.397,80.174,5.261,-0.645,25,60,0,0,0,0
748.658,79.529,5.261,-0.645,25,60,0,0,0,0
751.0,78.883,-4.766,-2.941,25,60,0,0,0,0
746.234,75.943,-4.766,-2.941,25,60,0,0,0,0
741.468,73.002,-4.766,-2.941,25,60,0,0,0,0
736.702,70.062,-4.766,-2.941,25,60,0,0,0,0
731.937,67.121,-4.766,-2.941,25,60,0,0,0,0
727.171,64.181,-4.766,-2.941,25,60,0,0,0,0
722.405,61.24,-4.766,-2.941,25,60,0,0,0,0
717.639,58.3,-4.766,-2.941,25,60,0,0,0,0
712.873,55.359,-4.766,-2.941,25,60,0,0,0,0
708.107,52.419,-4.766,-2.941,25,60,0,0,0,0
703.342,49.478,-4.766,-2.941,25,60,0,0,0,0
698.576,46.537,-4.766,-2.941,25,60,0,0,0,0
693.81,43.597,-4.766,-2.941,25,60,0,0,0,0
689.044,40.656,-4.766,-2.941,25,60,0,0,0,0
684.278,37.716,-4.766,-2.941,25,60,0,0,0,0
679.512,34.775,-4.766,-2.941,25,60,0,0,0,0
674.747,31.835,-4.766,-2.941,25,60,0,0,0,0
669.981,28.894,-4.766,-2.941,25,60,0,0,0,0
665.215,25.954,-4.766,-2.941,25,60,0,0,0,0
660.449,23.013,-4.766,-2.941,25,60,0,0,0,0
655.683,20.072,-4.766,-2.941,25,60,0,0,0,0
650.917,17.132,-4.766,-2.941,25,60,0,0,0,0
646.152,14.191,-4.766,-2.941,25,60,0,0,0,0
641.386,11.251,-4.766,-2.941,25,60,0,0,0,0
636.62,8.31,-4.766,-2.941,25,60,0,0,0,0
631.854,6.0,-4.766,2.941,25,60,0,0,0,0
627.088,8.941,-4.766,2.941,25,60,0,0,0,0
622.322,11.881,-4.766,2.941,25,60,0,0,0,0
617.557,14.822,-4.766,2.941,25,60,0,0,0,0
612.791,17.762,-4.766,2.941,25,60,0,0,0,0
608.025,20.703,-4.766,2.941,25,60,0,0,0,0
603.259,23.643,-4.766,2.941,25,60,0,0,0,0
598.493,26.584,-4.766,2.941,25,60,0,0,0,0
593.727,29.524,-4.766,2.941,25,60,0,0,0,0
588.962,32.465,-4.766,2.941,25,60,0,0,0,0
584.196,35.405,-4.766,2.941,25,60,0,0,0,0
579.43,38.346,-4.766,2.941,25,60,0,0,0,0
574.664,41.287,-4.766,2.941,25,60,0,0,0,0
569.898,44.227,-4.766,2.941,25,60,0,0,0,0
565.132,47.168,-4.766,2.941,25,60,0,0,0,0
560.367,50.108,-4.766,2.941,25,60,0,0,0,0
555.601,53.049,-4.766,2.941,25,60,0,0,0,0
550.835,55.989,-4.766,2.941,25,55,0,-1,0,0
546.069,58.93,-4.766,2.941,25,50,0,-1,0,0
541.303,61.87,-4.766,2.941,25,45,0,-1,0,0
536.537,64.811,-4.766,2.941,25,40,0,-1,0,0
531.772,67.751,-4.766,2.941,25,35,0,-1,0,0
527.006,70.692,-4.766,2.941,30,30,1,-1,0,0
522.24,73.633,-4.766,2.941,35,25,1,-1,0,0
517.474,76.573,-4.766,2.941,40,20,1,-1,0,0
512.708,79.514,-4.766,2.941,45,15,1,-1,0,0
507.942,82.454,-4.766,2.941,50,10,1,-1,0,0
503.177,85.395,-4.766,2.941,55,5,1,-1,0,0
498.411,88.335,-4.766,2.941,60,5,1,0,0,0
493.645,91.276,-4.766,2.941,65,5,1,0,0,0
488.879,94.216,-4.766,2.941,70,5,1,0,0,0
484.113,97.157,-4.766,2.941,75,5,1,0,0,0
479.347,100.098,-4.766,2.941,80,5,1,0,0,0
474.582,103.038,-4.766,2.941,85,5,1,0,0,0
469.816,105.979,-4.766,2.941,90,5,1,0,0,0
465.05,108.919,-4.766,2.941,95,5,1,0,0,0
460.284,111.86,-4.766,2.941,100,5,1,0,0,0
455.518,114.8,-4.766,2.941,105,5,1,0,0,0
450.752,117.741,-4.766,2.941,110,5,1,0,0,0
445.987,120.681,-4.766,2.941,115,5,1,0,0,0
441.221,123.622,-4.766,2.941,120,5,1,0,0,0
436.455,126.562,-4.766,2.941,125,5,1,0,0,0
431.689,129.503,-4.766,2.941,130,5,1,0,0,0
426.923,132.444,-4.766,2.941,135,5,1,0,0,0
422.157,135.384,-4.766,2.941,140,5,1,0,0,0
417.392,138.325,-4.766,2.941,145,5,1,0,0,0
412.626,141.265,-4.766,2.941,150,5,1,0,0,0
407.86,144.206,-4.766,2.941,155,5,1,0,0,0
403.094,147.146,-4.766,2.941,160,5,1,0,0,0
398.328,150.087,-4.766,2.941,165,5,1,0,0,0
393.562,153.027,-4.766,2.941,170,5,1,0,0,0
388.797,155.968,-4.766,2.941,175,5,1,0,0,0
384.031,158.908,-4.766,2.941,180,5,1,0,0,0
379.265,161.849,-4.766,2.941,180,5,0,0,0,0
374.499,164.79,-4.766,2.941,180,5,0,0,0,0
369.733,167.73,-4.766,2.941,180,5,0,0,0,0
364.967,170.671,-4.766,2.941,180,5,0,0,0,0
360.202,173.611,-4.766,2.941,180,5,0,0,0,0
355.436,176.552,-4.766,2.941,180,5,0,0,0,0
350.67,179.492,-4.766,2.941,180,5,0,0,0,0
345.904,182.433,-4.766,2.941,180,5,0,0,0,0
341.138,185.373,-4.766,2.941,180,5,0,0,0,0
336.372,188.314,-4.766,2.941,180,5,0,0,0,0
331.607,191.254,-4.766,2.941,180,5,0,0,0,0
326.841,194.195,-4.766,2.941,180,5,0,0,0,0
322.075,197.136,-4.766,2.941,180,5,0,0,0,0
317.309,200.076,-4.766,2.941,180,5,0,0,0,0
312.543,203.017,-4.766,2.941,180,5,0,0,0,0
307.777,205.957,-4.766,2.941,180,5,0,0,0,0
303.012,208.898,-4.766,2.941,180,5,0,0,0,0
298.246,211.838,-4.766,2.941,180,5,0,0,0,0
293.48,214.779,-4.766,2.941,185,5,1,0,0,0
288.714,217.719,-4.766,2.941,190,5,1,0,0,0
283.948,220.66,-4.766,2.941,195,5,1,0,0,0
279.182,223.601,-4.766,2.941,200,5,1,0,0,0
274.417,226.541,-4.766,2.941,205,5,1,0,0,0
269.651,229.482,-4.766,2.941,210,5,1,0,0,0
264.885,232.422,-4.766,2.941,215,5,1,0,0,0
260.119,235.363,-4.766,2.941,220,5,1,0,0,0
255.353,238.303,-4.766,2.941,225,5,1,0,0,0
250.587,241.244,-4.766,2.941,230,5,1,0,0,0
245.822,244.184,-4.766,2.941,235,5,1,0,0,0
241.056,247.125,-4.766,2.941,240,5,1,0,0,0
236.29,250.065,-4.766,2.941,245,5,1,0,0,0
231.524,253.006,-4.766,2.941,250,5,1,0,0,0
226.758,255.947,-4.766,2.941,255,5,1,0,0,0
221.992,258.887,-4.766,2.941,260,5,1,0,0,0
217.227,261.828,-4.766,2.941,265,5,1,0,0,0
212.461,264.768,-4.766,2.941,270,5,1,0,0,0
207.695,267.709,-4.766,2.941,275,5,1,0,0,0
202.929,270.649,-4.766,2.941,280,5,1,0,0,0
198.163,273.59,-4.766,2.941,285,5,1,0,0,0
193.397,276.53,-4.766,2.941,285,5,0,0,0,0
188.632,279.471,-4.766,2.941,285,5,0,0,0,0
183.866,282.411,-4.766,2.941,285,5,0,0,0,0
179.1,285.352,-4.766,2.941,285,5,0,0,0,0
174.334,288.293,-4.766,2.941,285,5,0,0,0,0
169.568,291.233,-4.766,2.941,285,5,0,0,0,0
164.802,294.174,-4.766,2.941,285,5,0,0,0,0
160.037,297.114,-4.766,2.941,285,5,0,0,0,0
155.271,300.055,-4.766,2.941,285,5,0,0,0,0
150.505,302.995,-4.766,2.941,285,5,0,0,0,0
145.739,305.936,-4.766,2.941,285,5,0,0,0,0
140.973,308.876,-4.766,2.941,285,5,0,0,0,0
136.207,311.817,-4.766,2.941,285,5,0,0,0,0
131.441,314.757,-4.766,2.941,285,5,0,0,0,0
126.676,317.698,-4.766,2.941,285,5,0,0,0,0
121.91,320.639,-4.766,2.941,285,5,0,0,0,0
117.144,323.579,-4.766,2.941,285,5,0,0,0,0
112.378,326.52,-4.766,2.941,285,5,0,0,0,0
107.612,329.46,-4.766,2.941,285,5,0,0,0,0
102.846,332.401,-4.766,2.941,285,5,0,0,0,0
98.081,335.341,-4.766,2.941,290,5,1,0,0,0
93.315,338.282,-4.766,2.941,295,5,1,0,0,0
88.549,341.222,-4.766,2.941,300,5,1,0,0,0
83.783,344.163,-4.766,2.941,305,5,1,0,0,0
79.017,347.104,-4.766,2.941,310,5,1,0,0,0
74.251,350.044,-4.766,2.941,315,5,1,0,0,0
69.486,352.985,-4.766,2.941,320,5,1,0,0,0
64.72,355.925,-4.766,2.941,325,5,1,0,0,0
59.954,358.866,-4.766,2.941,330,10,1,1,0,0
55.188,361.806,-4.766,2.941,335,15,1,1,0,0
50.422,364.747,-4.766,2.941,340,20,1,1,0,0
49.0,367.687,5.304,-2.584,345,25,1,1,0,0
54.304,365.104,5.304,-2.584,350,30,1,1,0,0
59.609,362.52,5.304,-2.584,355,35,1,1,0,0
64.913,359.937,5.304,-2.584,360,40,1,1,0,0
70.217,357.353,5.304,-2.584,365,45,1,1,0,0
75.521,354.77,5.304,-2.584,370,50,1,1,0,0
80.826,352.186,5.304,-2.584,375,50,1,0,0,0
86.13,349.603,5.304,-2.584,380,50,1,0,0,0
91.434,347.019,5.304,-2.584,385,50,1,0,0,0
96.739,344.436,5.304,-2.584,390,50,1,0,0,0
102.043,341.852,5.304,-2.584,395,50,1,0,0,0
107.347,339.269,5.304,-2.584,400,50,1,0,0,0
112.651,336.685,5.304,-2.584,405,50,1,0,0,0
117.956,334.102,5.304,-2.584,405,50,0,0,0,0
123.26,331.518,5.304,-2.584,405,50,0,0,0,0
128.564,328.935,5.304,-2.584,405,50,0,0,0,0
133.869,326.351,5.304,-2.584,405,50,0,0,0,0
139.173,323.768,5.304,-2.584,405,50,0,0,0,0
144.477,321.184,5.304,-2.584,405,50,0,0,0,0
149.781,318.601,5.304,-2.584,405,50,0,0,0,0
155.086,316.017,5.304,-2.584,405,50,0,0,0,0
160.39,313.433,5.304,-2.584,405,50,0,0,0,0
165.694,310.85,5.304,-2.584,405,50,0,0,0,0
170.999,308.266,5.304,-2.584,405,50,0,0,0,0
176.303,305.683,5.304,-2.584,405,50,0,0,0,0
181.607,303.099,5.304,-2.584,405,50,0,0,0,0
186.911,300.516,5.304,-2.584,405,50,0,0,0,0
192.216,297.932,5.304,-2.584,405,50,0,0,0,0
197.52,295.349,5.304,-2.584,405,50,0,0,0,0
202.824,292.765,5.304,-2.584,405,50,0,0,0,0
208.129,290.182,5.304,-2.584,405,50,0,0,0,0
213.433,287.598,5.304,-2.584,405,50,0,0,0,0
218.737,285.015,5.304,-2.584,405,50,0,0,0,0
224.041,282.431,5.304,-2.584,405,50,0,0,0,0
229.346,279.848,5.304,-2.584,400,55,-1,1,0,0
234.65,277.264,5.304,-2.584,395,60,-1,1,0,0
239.954,274.681,5.304,-2.584,390,65,-1,1,0,0
245.259,272.097,5.304,-2.584,385,70,-1,1,0,0
250.563,269.514,5.304,-2.584,380,75,-1,1,0,0
255.867,266.93,5.304,-2.584,375,75,-1,0,0,0
261.171,264.347,5.304,-2.584,370,75,-1,0,0,0
266.476,261.763,5.304,-2.584,365,75,-1,0,0,0
271.78,259.18,5.304,-2.584,360,75,-1,0,0,0
277.084,256.596,5.304,-2.584,355,75,-1,0,0,0
282.389,254.013,5.304,-2.584,350,75,-1,0,0,0
287.693,251.429,5.304,-2.584,345,75,-1,0,0,0
292.997,248.846,5.304,-2.584,340,75,-1,0,0,0
298.301,246.262,5.304,-2.584,335,75,-1,0,0,0
303.606,243.678,5.304,-2.584,330,75,-1,0,0,0
308.91,241.095,5.304,-2.584,325,75,-1,0,0,0
314.214,238.511,5.304,-2.584,320,75,-1,0,0,0
319.519,235.928,5.304,-2.584,315,75,-1,0,0,0
324.823,233.344,5.304,-2.584,310,75,-1,0,0,0
330.127,230.761,5.304,-2.584,310,75,0,0,0,0
335.431,228.177,5.304,-2.584,310,75,0,0,0,0
340.736,225.594,5.304,-2.584,310,75,0,0,0,0
346.04,223.01,5.304,-2.584,310,75,0,0,0,0
351.344,220.427,5.304,-2.584,310,75,0,0,0,0
356.649,217.843,5.304,-2.584,310,75,0,0,0,0
361.953,215.26,5.304,-2.584,310,75,0,0,0,0
367.257,212.676,5.304,-2.584,310,75,0,0,0,0
372.561,210.093,5.304,-2.584,310,75,0,0,0,0
377.866,207.509,5.304,-2.584,310,75,0,0,0,0
383.17,204.926,5.304,-2.584,310,75,0,0,0,0
388.474,202.342,5.304,-2.584,310,75,0,0,0,0
393.779,199.759,5.304,-2.584,310,75,0,0,0,0
399.083,197.175,5.304,-2.584,310,75,0,0,0,0
404.387,194.592,5.304,-2.584,310,75,0,0,0,0
409.691,192.008,5.304,-2.584,310,75,0,0,0,0
414.996,189.425,5.304,-2.584,310,75,0,0,0,0
420.3,186.841,5.304,-2.584,310,75,0,0,0,0
425.604,184.258,5.304,-2.584,310,75,0,0,0,0
430.908,181.674,5.304,-2.584,310,75,0,0,0,0
436.213,179.091,5.304,-2.584,310,75,0,0,0,0
441.517,176.507,5.304,-2.584,310,75,0,0,0,0
446.821,173.924,5.304,-2.584,310,75,0,0,0,0
452.126,171.34,5.304,-2.584,310,75,0,0,0,0
457.43,168.756,5.304,-2.584,310,75,0,0,0,0
462.734,166.173,5.304,-2.584,310,75,0,0,0,0
468.038,163.589,5.304,-2.584,310,75,0,0,0,0
473.343,161.006,5.304,-2.584,310,75,0,0,0,0
478.647,158.422,5.304,-2.584,310,75,0,0,0,0
483.951,155.839,5.304,-2.584,310,75,0,0,0,0
489.256,153.255,5.304,-2.584,310,75,0,0,0,0
494.56,150.672,5.304,-2.584,310,75,0,0,0,0
499.864,148.088,5.304,-2.584,310,75,0,0,0,0
505.168,145.505,5.304,-2.584,310,75,0,0,0,0
510.473,142.921,5.304,-2.584,310,75,0,0,0,0
515.777,140.338,5.304,-2.584,310,75,0,0,0,0
521.081,137.754,5.304,-2.584,310,75,0,0,0,0
526.386,135.171,5.304,-2.584,310,75,0,0,0,0
531.69,132.587,5.304,-2.584,310,70,0,-1,0,0
536.994,130.004,5.304,-2.584,310,65,0,-1,0,0
542.298,127.42,5.304,-2.584,310,60,0,-1,0,0
547.603,124.837,5.304,-2.584,310,55,0,-1,0,0
552.907,122.253,5.304,-2.584,310,50,0,-1,0,0
558.211,119.67,5.304,-2.584,310,45,0,-1,0,0
563.516,117.086,5.304,-2.584,310,40,0,-1,0,0
568.82,114.503,5.304,-2.584,310,35,0,-1,0,0
574.124,111.919,5.304,-2.584,310,30,0,-1,0,0
579.428,109.336,5.304,-2.584,310,25,0,-1,0,0
584.733,106.752,5.304,-2.584,310,20,0,-1,0,0
590.037,104.169,5.304,-2.584,310,15,0,-1,0,0
595.341,101.585,5.304,-2.584,310,10,0,-1,0,0
600.646,99.001,5.304,-2.584,310,5,0,-1,0,0
605.95,96.418,5.304,-2.584,310,0,0,-1,0,0
611.254,93.834,5.304,-2.584,310,0,0,0,0,0
616.558,91.251,5.304,-2.584,310,0,0,0,0,0
621.863,88.667,5.304,-2.584,310,0,0,0,0,0
627.167,86.084,5.304,-2.584,310,0,0,0,0,0
632.471,83.5,5.304,-2.584,310,0,0,0,0,0
637.776,80.917,5.304,-2.584,310,0,0,0,0,0
643.08,78.333,5.304,-2.584,310,0,0,0,0,0
648.384,75.75,5.304,-2.584,310,0,0,0,0,0
653.688,73.166,5.304,-2.584,310,0,0,0,0,0
658.993,70.583,5.304,-2.584,310,0,0,0,0,0
664.297,67.999,5.304,-2.584,310,0,0,0,0,0
669.601,65.416,5.304,-2.584,310,0,0,0,0,0
674.906,62.832,5.304,-2.584,310,0,0,0,0,0
680.21,60.249,5.304,-2.584,310,0,0,0,0,0
685.514,57.665,5.304,-2.584,310,0,0,0,0,0
690.818,55.082,5.304,-2.584,310,0,0,0,0,0
696.123,52.498,5.304,-2.584,310,0,0,0,0,0
701.427,49.915,5.304,-2.584,310,0,0,0,0,0
706.731,47.331,5.304,-2.584,310,0,0,0,0,0
712.036,44.748,5.304,-2.584,310,0,0,0,0,0
717.34,42.164,5.304,-2.584,310,0,0,0,0,0
722.644,39.581,5.304,-2.584,310,0,0,0,0,0
727.948,36.997,5.304,-2.584,310,0,0,0,0,0
733.253,34.414,5.304,-2.584,310,0,0,0,0,0
738.557,31.83,5.304,-2.584,310,0,0,0,0,0
743.861,29.247,5.304,-2.584,310,0,0,0,0,0
749.166,26.663,5.304,-2.584,310,0,0,0,0,0
751.0,24.079,-5.669,-2.51,310,0,0,0,0,0
745.331,21.569,-5.669,-2.51,310,0,0,0,0,0
739.662,19.06,-5.669,-2.51,310,0,0,0,0,0
733.992,16.55,-5.669,-2.51,310,0,0,0,0,0
728.323,14.04,-5.669,-2.51,310,0,0,0,0,0
722.654,11.53,-5.669,-2.51,310,0,0,0,0,0
716.985,9.02,-5.669,-2.51,310,0,0,0,0,0
711.315,6.51,-5.669,-2.51,310,0,0,0,0,0
705.646,6.0,-5.669,2.51,310,0,0,0,0,0
699.977,8.51,-5.669,2.51,310,0,0,0,0,0
694.308,11.02,-5.669,2.51,310,0,0,0,0,0
688.639,13.53,-5.669,2.51,305,0,-1,0,0,0
682.969,16.04,-5.669,2.51,300,0,-1,0,0,0
677.3,18.55,-5.669,2.51,295,0,-1,0,0,0
671.631,21.06,-5.669,2.51,290,0,-1,0,0,0
665.962,23.57,-5.669,2.51,285,0,-1,0,0,0
660.293,26.08,-5.669,2.51,280,0,-1,0,0,0
654.623,28.59,-5.669,2.51,275,0,-1,0,0,0
648.954,31.1,-5.669,2.51,270,0,-1,0,0,0
643.285,33.61,-5.669,2.51,265,0,-1,0,0,0
637.616,36.12,-5.669,2.51,260,0,-1,0,0,0
631.946,38.63,-5.669,2.51,255,0,-1,0,0,0
626.277,41.14,-5.669,2.51,250,0,-1,0,0,0
620.608,43.65,-5.669,2.51,245,0,-1,0,0,0
614.939,46.16,-5.669,2.51,240,0,-1,0,0,0
609.27,48.67,-5.669,2.51,235,0,-1,0,0,0
603.6,51.18,-5.669,2.51,230,0,-1,0,0,0
597.931,53.69,-5.669,2.51,225,0,-1,0,0,0
592.262,56.2,-5.669,2.51,220,0,-1,0,0,0
586.593,58.71,-5.669,2.51,215,0,-1,0,0,0
580.924,61.219,-5.669,2.51,210,0,-1,0,0,0
575.254,63.729,-5.669,2.51,205,0,-1,0,0,0
569.585,66.239,-5.669,2.51,200,0,-1,0,0,0
563.916,68.749,-5.669,2.51,195,0,-1,0,0,0
558.247,71.259,-5.669,2.51,190,0,-1,0,0,0
552.577,73.769,-5.669,2.51,185,0,-1,0,0,0
546.908,76.279,-5.669,2.51,185,0,0,0,0,0
541.239,78.789,-5.669,2.51,185,0,0,0,0,0
535.57,81.299,-5.669,2.51,185,0,0,0,0,0
529.901,83.809,-5.669,2.51,185,0,0,0,0,0
524.231,86.319,-5.669,2.51,185,0,0,0,0,0
518.562,88.829,-5.669,2.51,185,0,0,0,0,0
512.893,91.339,-5.669,2.51,185,0,0,0,0,0
507.224,93.849,-5.669,2.51,185,0,0,0,0,0
501.554,96.359,-5.669,2.51,185,0,0,0,0,0
495.885,98.869,-5.669,2.51,185,0,0,0,0,0
490.216,101.379,-5.669,2.51,185,0,0,0,0,0
484.547,103.889,-5.669,2.51,185,0,0,0,0,0
478.878,106.399,-5.669,2.51,185,0,0,0,0,0
473.208,108.909,-5.669,2.51,185,0,0,0,0,0
467.539,111.419,-5.669,2.51,185,0,0,0,0,0
461.87,113.929,-5.669,2.51,185,0,0,0,0,0
456.201,116.439,-5.669,2.51,185,0,0,0,0,0
450.532,118.949,-5.669,2.51,185,0,0,0,0,0
444.862,121.459,-5.669,2.51,185,0,0,0,0,0
439.193,123.969,-5.669,2.51,185,0,0,0,0,0
433.524,126.479,-5.669,2.51,185,0,0,0,0,0
427.855,128.989,-5.669,2.51,185,0,0,0,0,0
422.185,131.499,-5.669,2.51,185,0,0,0,0,0
416.516,134.009,-5.669,2.51,185,0,0,0,0,0
410.847,136.519,-5.669,2.51,185,0,0,0,0,0
405.178,139.029,-5.669,2.51,185,0,0,0,0,0
399.509,141.539,-5.669,2.51,185,0,0,0,0,0
393.839,144.049,-5.669,2.51,185,0,0,0,0,0
388.17,146.559,-5.669,2.51,185,0,0,0,0,0
382.501,149.069,-5.669,2.51,185,0,0,0,0,0
376.832,151.579,-5.669,2.51,185,0,0,0,0,0
371.162,154.089,-5.669,2.51,185,0,0,0,0,0
365.493,156.599,-5.669,2.51,185,0,0,0,0,0
359.824,159.109,-5.669,2.51,185,0,0,0,0,0
354.155,161.619,-5.669,2.51,185,0,0,0,0,0
348.486,164.129,-5.669,2.51,185,0,0,0,0,0
342.816,166.639,-5.669,2.51,185,0,0,0,0,0
337.147,169.148,-5.669,2.51,185,0,0,0,0,0
331.478,171.658,-5.669,2.51,185,0,0,0,0,0
325.809,174.168,-5.669,2.51,185,0,0,0,0,0
320.14,176.678,-5.669,2.51,185,0,0,0,0,0
314.47,179.188,-5.669,2.51,185,0,0,0,0,0
308.801,181.698,-5.669,2.51,185,0,0,0,0,0
303.132,184.208,-5.669,2.51,185,0,0,0,0,0
297.463,186.718,-5.669,2.51,185,0,0,0,0,0
291.793,189.228,-5.669,2.51,185,0,0,0,0,0
286.124,191.738,-5.669,2.51,185,0,0,0,0,0
280.455,194.248,-5.669,2.51,185,0,0,0,0,0
274.786,196.758,-5.669,2.51,185,0,0,0,0,0
269.117,199.268,-5.669,2.51,185,0,0,0,0,0
263.447,201.778,-5.669,2.51,185,0,0,0,0,0
257.778,204.288,-5.669,2.51,185,0,0,0,0,0
252.109,206.798,-5.669,2.51,190,0,1,0,0,0
246.44,209.308,-5.669,2.51,195,0,1,0,0,0
240.771,211.818,-5.669,2.51,200,0,1,0,0,0
235.101,214.328,-5.669,2.51,205,0,1,0,0,0
229.432,216.838,-5.669,2.51,210,0,1,0,0,0
223.763,219.348,-5.669,2.51,215,0,1,0,0,0
218.094,221.858,-5.669,2.51,215,0,0,0,0,0
212.424,224.368,-5.669,2.51,215,0,0,0,0,0
206.755,226.878,-5.669,2.51,215,0,0,0,0,0
201.086,229.388,-5.669,2.51,215,0,0,0,0,0
195.417,231.898,-5.669,2.51,215,0,0,0,0,0
189.748,234.408,-5.669,2.51,215,0,0,0,0,0
184.078,236.918,-5.669,2.51,215,0,0,0,0,0
178.409,239.428,-5.669,2.51,215,0,0,0,0,0
172.74,241.938,-5.669,2.51,215,0,0,0,0,0
167.071,244.448,-5.669,2.51,215,0,0,0,0,0
161.401,246.958,-5.669,2.51,215,0,0,0,0,0
155.732,249.468,-5.669,2.51,215,0,0,0,0,0
150.063,251.978,-5.669,2.51,215,0,0,0,0,0
144.394,254.488,-5.669,2.51,215,0,0,0,0,0
138.725,256.998,-5.669,2.51,220,0,1,0,0,0
133.055,259.508,-5.669,2.51,225,0,1,0,0,0
127.386,262.018,-5.669,2.51,230,0,1,0,0,0
121.717,264.528,-5.669,2.51,235,0,1,0,0,0
116.048,267.038,-5.669,2.51,240,0,1,0,0,0
110.379,269.548,-5.669,2.51,245,0,1,0,0,0
104.709,272.058,-5.669,2.51,250,0,1,0,0,0
99.04,274.568,-5.669,2.51,250,0,0,0,0,0
93.371,277.077,-5.669,2.51,250,0,0,0,0,0
87.702,279.587,-5.669,2.51,250,0,0,0,0,0
82.032,282.097,-5.669,2.51,250,0,0,0,0,0
76.363,284.607,-5.669,2.51,250,0,0,0,0,0
70.694,287.117,-5.669,2.51,250,0,0,0,0,0
65.025,289.627,-5.669,2.51,250,0,0,0,0,0
59.356,292.137,-5.669,2.51,255,0,1,0,0,0
53.686,294.647,-5.669,2.51,260,0,1,0,0,0
48.017,297.157,-5.669,2.51,265,0,1,0,0,0
49.0,299.667,6.264,-1.737,270,0,1,0,0,0
55.264,297.93,6.264,-1.737,275,0,1,0,0,0
61.527,296.193,6.264,-1.737,280,0,1,0,0,0
67.791,294.456,6.264,-1.737,280,0,0,0,0,0
74.055,292.719,6.264,-1.737,280,0,0,0,0,0
80.318,290.983,6.264,-1.737,280,0,0,0,0,0
86.582,289.246,6.264,-1.737,280,0,0,0,0,0
92.845,287.509,6.264,-1.737,280,0,0,0,0,0
99.109,285.772,6.264,-1.737,280,0,0,0,0,0
105.373,284.035,6.264,-1.737,280,0,0,0,0,0
111.636,282.298,6.264,-1.737,280,0,0,0,0,0
117.9,280.561,6.264,-1.737,280,0,0,0,0,0
124.164,278.824,6.264,-1.737,280,0,0,0,0,0
130.427,277.087,6.264,-1.737,280,0,0,0,0,0
136.691,275.35,6.264,-1.737,280,0,0,0,0,0
142.954,273.613,6.264,-1.737,280,0,0,0,0,0
149.218,271.876,6.264,-1.737,280,0,0,0,0,0
155.482,270.139,6.264,-1.737,280,0,0,0,0,0
161.745,268.402,6.264,-1.737,280,0,0,0,0,0
168.009,266.665,6.264,-1.737,280,0,0,0,0,0
174.273,264.928,6.264,-1.737,280,0,0,0,0,0
180.536,263.191,6.264,-1.737,280,0,0,0,0,0
186.8,261.454,6.264,-1.737,280,0,0,0,0,0
193.063,259.717,6.264,-1.737,280,0,0,0,0,0
199.327,257.981,6.264,-1.737,280,0,0,0,0,0
205.591,256.244,6.264,-1.737,280,0,0,0,0,0
211.854,254.507,6.264,-1.737,280,0,0,0,0,0
218.118,252.77,6.264,-1.737,280,5,0,1,0,0
224.382,251.033,6.264,-1.737,280,10,0,1,0,0
230.645,249.296,6.264,-1.737,280,15,0,1,0,0
236.909,247.559,6.264,-1.737,280,20,0,1,0,0
243.172,245.822,6.264,-1.737,280,25,0,1,0,0
249.436,244.085,6.264,-1.737,280,30,0,1,0,0
255.7,242.348,6.264,-1.737,280,35,0,1,0,0
261.963,240.611,6.264,-1.737,280,40,0,1,0,0
268.227,238.874,6.264,-1.737,280,45,0,1,0,0
274.491,237.137,6.264,-1.737,280,50,0,1,0,0
280.754,235.4,6.264,-1.737,280,55,0,1,0,0
287.018,233.663,6.264,-1.737,280,60,0,1,0,0
293.281,231.926,6.264,-1.737,280,65,0,1,0,0
299.545,230.189,6.264,-1.737,280,70,0,1,0,0
305.809,228.452,6.264,-1.737,280,75,0,1,0,0
312.072,226.715,6.264,-1.737,280,80,0,1,0,0
318.336,224.978,6.264,-1.737,280,85,0,1,0,0
324.6,223.242,6.264,-1.737,280,90,0,1,0,0
330.863,221.505,6.264,-1.737,280,95,0,1,0,0
337.127,219.768,6.264,-1.737,280,100,0,1,0,0
343.39,218.031,6.264,-1.737,280,105,0,1,0,0
349.654,216.294,6.264,-1.737,280,110,0,1,0,0
355.918,214.557,6.264,-1.737,280,115,0,1,0,0
362.181,212.82,6.264,-1.737,280,115,0,0,0,0
368.445,211.083,6.264,-1.737,280,115,0,0,0,0
374.709,209.346,6.264,-1.737,280,115,0,0,0,0
380.972,207.609,6.264,-1.737,280,115,0,0,0,0
387.236,205.872,6.264,-1.737,280,115,0,0,0,0
393.499,204.135,6.264,-1.737,280,115,0,0,0,0
399.763,202.398,6.264,-1.737,280,115,0,0,0,0
406.027,200.661,6.264,-1.737,280,115,0,0,0,0
412.29,198.924,6.264,-1.737,280,115,0,0,0,0
418.554,197.187,6.264,-1.737,280,115,0,0,0,0
424.818,195.45,6.264,-1.737,280,115,0,0,0,0
431.081,193.713,6.264,-1.737,280,115,0,0,0,0
437.345,191.976,6.264,-1.737,280,115,0,0,0,0
443.608,190.239,6.264,-1.737,280,115,0,0,0,0
449.872,188.503,6.264,-1.737,280,115,0,0,0,0
456.136,186.766,6.264,-1.737,280,110,0,-1,0,0
462.399,185.029,6.264,-1.737,280,105,0,-1,0,0
468.663,183.292,6.264,-1.737,280,100,0,-1,0,0
474.927,181.555,6.264,-1.737,280,95,0,-1,0,0
481.19,179.818,6.264,-1.737,280,90,0,-1,0,0
487.454,178.081,6.264,-1.737,280,85,0,-1,0,0
493.717,176.344,6.264,-1.737,280,80,0,-1,0,0
499.981,174.607,6.264,-1.737,280,75,0,-1,0,0
506.245,172.87,6.264,-1.737,280,75,0,0,0,0
512.508,171.133,6.264,-1.737,280,75,0,0,0,0
518.772,169.396,6.264,-1.737,280,75,0,0,0,0
525.036,167.659,6.264,-1.737,280,75,0,0,0,0
531.299,165.922,6.264,-1.737,280,75,0,0,0,0
537.563,164.185,6.264,-1.737,280,75,0,0,0,0
543.826,162.448,6.264,-1.737,280,75,0,0,0,0
550.09,160.711,6.264,-1.737,280,75,0,0,0,0
556.354,158.974,6.264,-1.737,280,75,0,0,0,0
562.617,157.237,6.264,-1.737,280,75,0,0,0,0
568.881,155.501,6.264,-1.737,280,75,0,0,0,0
575.145,153.764,6.264,-1.737,280,75,0,0,0,0
581.408,152.027,6.264,-1.737,280,75,0,0,0,0
587.672,150.29,6.264,-1.737,280,75,0,0,0,0
593.935,148.553,6.264,-1.737,280,75,0,0,0,0
600.199,146.816,6.264,-1.737,280,75,0,0,0,0
606.463,145.079,6.264,-1.737,280,75,0,0,0,0
612.726,143.342,6.264,-1.737,280,75,0,0,0,0
618.99,141.605,6.264,-1.737,280,75,0,0,0,0
625.254,139.868,6.264,-1.737,280,75,0,0,0,0
631.517,138.131,6.264,-1.737,280,75,0,0,0,0
637.781,136.394,6.264,-1.737,280,75,0,0,0,0
644.044,134.657,6.264,-1.737,280,75,0,0,0,0
650.308,132.92,6.264,-1.737,280,75,0,0,0,0
656.572,131.183,6.264,-1.737,280,75,0,0,0,0
662.835,129.446,6.264,-1.737,280,75,0,0,0,0
669.099,127.709,6.264,-1.737,280,75,0,0,0,0
675.363,125.972,6.264,-1.737,280,75,0,0,0,0
681.626,124.235,6.264,-1.737,280,75,0,0,0,0
687.89,122.498,6.264,-1.737,280,75,0,0,0,0
694.153,120.762,6.264,-1.737,280,75,0,0,0,0
700.417,119.025,6.264,-1.737,280,75,0,0,0,0
706.681,117.288,6.264,-1.737,280,75,0,0,0,0
712.944,115.551,6.264,-1.737,280,75,0,0,0,0
719.208,113.814,6.264,-1.737,280,75,0,0,0,0
725.472,112.077,6.264,-1.737,280,75,0,0,0,0
731.735,110.34,6.264,-1.737,280,75,0,0,0,0
737.999,108.603,6.264,-1.737,280,75,0,0,0,0
744.262,106.866,6.264,-1.737,280,75,0,0,0,0
750.526,105.129,6.264,-1.737,275,75,-1,0,0,0
751.0,103.392,-6.488,-2.035,270,75,-1,0,0,0
744.512,101.357,-6.488,-2.035,265,75,-1,0,0,0
738.023,99.322,-6.488,-2.035,260,75,-1,0,0,0
731.535,97.288,-6.488,-2.035,255,75,-1,0,0,0
725.046,95.253,-6.488,-2.035,250,75,-1,0,0,0
718.558,93.218,-6.488,-2.035,245,75,-1,0,0,0
712.07,91.183,-6.488,-2.035,240,75,-1,0,0,0
705.581,89.148,-6.488,-2.035,235,75,-1,0,0,0
699.093,87.113,-6.488,-2.035,230,75,-1,0,0,0
692.604,85.079,-6.488,-2.035,225,75,-1,0,0,0
686.116,83.044,-6.488,-2.035,220,75,-1,0,0,0
679.627,81.009,-6.488,-2.035,215,75,-1,0,0,0
673.139,78.974,-6.488,-2.035,210,75,-1,0,0,0
666.651,76.939,-6.488,-2.035,205,75,-1,0,0,0
660.162,74.904,-6.488,-2.035,200,75,-1,0,0,0
653.674,72.87,-6.488,-2.035,195,75,-1,0,0,0
647.185,70.835,-6.488,-2.035,190,75,-1,0,0,0
640.697,68.8,-6.488,-2.035,185,75,-1,0,0,0
634.209,66.765,-6.488,-2.035,180,75,-1,0,0,0
627.72,64.73,-6.488,-2.035,175,75,-1,0,0,0
621.232,62.695,-6.488,-2.035,170,75,-1,0,0,0
614.743,60.661,-6.488,-2.035,165,75,-1,0,0,0
608.255,58.626,-6.488,-2.035,160,75,-1,0,0,0
601.767,56.591,-6.488,-2.035,155,80,-1,1,0,0
595.278,54.556,-6.488,-2.035,150,85,-1,1,0,0
588.79,52.521,-6.488,-2.035,145,90,-1,1,0,0
582.301,50.486,-6.488,-2.035,140,90,-1,0,0,0
575.813,48.452,-6.488,-2.035,135,90,-1,0,0,0
569.325,46.417,-6.488,-2.035,130,90,-1,0,0,0
562.836,44.382,-6.488,-2.035,125,90,-1,0,0,0
556.348,42.347,-6.488,-2.035,120,90,-1,0,0,0
549.859,40.312,-6.488,-2.035,115,90,-1,0,0,0
543.371,38.277,-6.488,-2.035,110,90,-1,0,0,0
536.882,36.243,-6.488,-2.035,105,90,-1,0,0,0
530.394,34.208,-6.488,-2.035,100,90,-1,0,0,0
523.906,32.173,-6.488,-2.035,95,90,-1,0,0,0
517.417,30.138,-6.488,-2.035,90,90,-1,0,0,0
510.929,28.103,-6.488,-2.035,85,90,-1,0,0,0
504.44,26.068,-6.488,-2.035,80,90,-1,0,0,0
497.952,24.034,-6.488,-2.035,75,90,-1,0,0,0
491.464,21.999,-6.488,-2.035,70,90,-1,0,0,0
484.975,19.964,-6.488,-2.035,65,90,-1,0,0,0
478.487,17.929,-6.488,-2.035,60,90,-1,0,0,0
471.998,15.894,-6.488,-2.035,55,90,-1,0,0,0
465.51,13.859,-6.488,-2.035,50,90,-1,0,0,0
459.022,11.825,-6.488,-2.035,45,90,-1,0,0,0
452.533,9.79,-6.488,-2.035,40,90,-1,0,0,0
446.045,7.755,-6.488,-2.035,35,90,-1,0,0,0
439.556,6.0,-6.488,2.035,30,90,-1,0,0,0
433.068,8.035,-6.488,2.035,25,90,-1,0,0,0
426.58,10.07,-6.488,2.035,20,90,-1,0,0,0
420.091,12.104,-6.488,2.035,20,90,0,0,0,0
413.603,14.139,-6.488,2.035,20,90,0,0,0,0
407.114,16.174,-6.488,2.035,20,90,0,0,0,0
400.626,18.209,-6.488,2.035,20,90,0,0,0,0
394.137,20.244,-6.488,2.035,20,90,0,0,0,0
387.649,22.279,-6.488,2.035,20,90,0,0,0,0
381.161,24.313,-6.488,2.035,20,90,0,0,0,0
374.672,26.348,-6.488,2.035,20,90,0,0,0,0
368.184,28.383,-6.488,2.035,20,90,0,0,0,0
361.695,30.418,-6.488,2.035,20,90,0,0,0,0
355.207,32.453,-6.488,2.035,20,90,0,0,0,0
348.719,34.488,-6.488,2.035,20,90,0,0,0,0
342.23,36.522,-6.488,2.035,20,90,0,0,0,0
335.742,38.557,-6.488,2.035,20,90,0,0,0,0
329.253,40.592,-6.488,2.035,20,90,0,0,0,0
322.765,42.627,-6.488,2.035,20,90,0,0,0,0
316.277,44.662,-6.488,2.035,20,90,0,0,0,0
309.788,46.697,-6.488,2.035,20,90,0,0,0,0
303.3,48.731,-6.488,2.035,25,90,1,0,0,0
296.811,50.766,-6.488,2.035,30,90,1,0,0,0
290.323,52.801,-6.488,2.035,35,90,1,0,0,0
283.834,54.836,-6.488,2.035,40,90,1,0,0,0
277.346,56.871,-6.488,2.035,45,90,1,0,0,0
270.858,58.906,-6.488,2.035,50,90,1,0,0,0
264.369,60.94,-6.488,2.035,55,90,1,0,0,0
257.881,62.975,-6.488,2.035,60,90,1,0,0,0
251.392,65.01,-6.488,2.035,65,90,1,0,0,0
244.904,67.045,-6.488,2.035,70,90,1,0,0,0
238.416,69.08,-6.488,2.035,75,90,1,0,0,0
231.927,71.115,-6.488,2.035,80,90,1,0,0,0
225.439,73.149,-6.488,2.035,85,90,1,0,0,0
218.95,75.184,-6.488,2.035,90,90,1,0,0,0
212.462,77.219,-6.488,2.035,90,85,0,-1,0,0
205.974,79.254,-6.488,2.035,90,80,0,-1,0,0
199.485,81.289,-6.488,2.035,90,75,0,-1,0,0
192.997,83.324,-6.488,2.035,90,70,0,-1,0,0
186.508,85.358,-6.488,2.035,90,70,0,0,0,0
180.02,87.393,-6.488,2.035,90,70,0,0,0,0
173.532,89.428,-6.488,2.035,90,70,0,0,0,0
167.043,91.463,-6.488,2.035,90,70,0,0,0,0
160.555,93.498,-6.488,2.035,90,70,0,0,0,0
154.066,95.533,-6.488,2.035,90,70,0,0,0,0
147.578,97.567,-6.488,2.035,90,70,0,0,0,0
141.089,99.602,-6.488,2.035,90,70,0,0,0,0
134.601,101.637,-6.488,2.035,90,70,0,0,0,0
128.113,103.672,-6.488,2.035,90,70,0,0,0,0
121.624,105.707,-6.488,2.035,90,70,0,0,0,0
115.136,107.742,-6.488,2.035,90,70,0,0,0,0
108.647,109.776,-6.488,2.035,90,70,0,0,0,0
102.159,111.811,-6.488,2.035,90,70,0,0,0,0
95.671,113.846,-6.488,2.035,90,70,0,0,0,0
89.182,115.881,-6.488,2.035,90,70,0,0,0,0
82.694,117.916,-6.488,2.035,90,70,0,0,0,0
76.205,119.951,-6.488,2.035,95,70,1,0,0,0
69.717,121.985,-6.488,2.035,100,70,1,0,0,0
63.229,124.02,-6.488,2.035,105,70,1,0,0,0
56.74,126.055,-6.488,2.035,110,70,1,0,0,0
50.252,128.09,-6.488,2.035,115,70,1,0,0,0
49.0,130.125,5.037,-5.004,120,70,1,0,0,0
54.037,125.121,5.037,-5.004,125,70,1,0,0,0
59.074,120.117,5.037,-5.004,125,70,0,0,0,0
64.11,115.113,5.037,-5.004,125,70,0,0,0,0
69.147,110.109,5.037,-5.004,125,70,0,0,0,0
74.184,105.104,5.037,-5.004,125,70,0,0,0,0
79.221,100.1,5.037,-5.004,125,70,0,0,0,0
84.258,95.096,5.037,-5.004,125,70,0,0,0,0
89.295,90.092,5.037,-5.004,125,70,0,0,0,0
94.331,85.088,5.037,-5.004,125,70,0,0,0,0
99.368,80.084,5.037,-5.004,125,70,0,0,0,0
104.405,75.08,5.037,-5.004,125,70,0,0,0,0
109.442,70.076,5.037,-5.004,125,70,0,0,0,0
114.479,65.072,5.037,-5.004,125,70,0,0,0,0
119.515,60.068,5.037,-5.004,125,70,0,0,0,0
124.552,55.064,5.037,-5.004,125,70,0,0,0,0
129.589,50.06,5.037,-5.004,125,70,0,0,0,0
134.626,45.056,5.037,-5.004,125,70,0,0,0,0
139.663,40.052,5.037,-5.004,125,70,0,0,0,0
144.7,35.048,5.037,-5.004,125,70,0,0,0,0
149.736,30.044,5.037,-5.004,125,70,0,0,0,0
154.773,25.04,5.037,-5.004,125,70,0,0,0,0
159.81,20.036,5.037,-5.004,125,70,0,0,0,0
164.847,15.032,5.037,-5.004,125,70,0,0,0,0
169.884,10.028,5.037,-5.004,125,70,0,0,0,0
174.921,6.0,5.037,5.004,125,70,0,0,0,0
179.957,11.004,5.037,5.004,125,70,0,0,0,0
184.994,16.008,5.037,5.004,120,70,-1,0,0,0
190.031,21.012,5.037,5.004,115,70,-1,0,0,0
195.068,26.016,5.037,5.004,110,70,-1,0,0,0
200.105,31.02,5.037,5.004,105,70,-1,0,0,0
205.141,36.024,5.037,5.004,100,70,-1,0,0,0
210.178,41.028,5.037,5.004,95,70,-1,0,0,0
215.215,46.032,5.037,5.004,90,70,-1,0,0,0
220.252,51.036,5.037,5.004,85,70,-1,0,0,0
225.289,56.04,5.037,5.004,80,70,-1,0,0,0
230.326,61.044,5.037,5.004,75,70,-1,0,0,0
235.362,66.049,5.037,5.004,70,70,-1,0,0,0
240.399,71.053,5.037,5.004,65,70,-1,0,0,0
245.436,76.057,5.037,5.004,60,70,-1,0,0,0
250.473,81.061,5.037,5.004,60,70,0,0,0,0
255.51,86.065,5.037,5.004,60,70,0,0,0,0
260.546,91.069,5.037,5.004,60,70,0,0,0,0
265.583,96.073,5.037,5.004,60,70,0,0,0,0
270.62,101.077,5.037,5.004,60,70,0,0,0,0
275.657,106.081,5.037,5.004,60,70,0,0,0,0
280.694,111.085,5.037,5.004,60,70,0,0,0,0
285.731,116.089,5.037,5.004,60,70,0,0,0,0
290.767,121.093,5.037,5.004,60,70,0,0,0,0
295.804,126.097,5.037,5.004,60,70,0,0,0,0
300.841,131.101,5.037,5.004,60,70,0,0,0,0
305.878,136.105,5.037,5.004,60,70,0,0,0,0
310.915,141.109,5.037,5.004,60,70,0,0,0,0
315.951,146.113,5.037,5.004,65,70,1,0,0,0
320.988,151.117,5.037,5.004,70,70,1,0,0,0
326.025,156.121,5.037,5.004,75,70,1,0,0,0
331.062,161.125,5.037,5.004,80,70,1,0,0,0
336.099,166.129,5.037,5.004,85,70,1,0,0,0
341.136,171.133,5.037,5.004,90,70,1,0,0,0
346.172,176.137,5.037,5.004,95,70,1,0,0,0
351.209,181.141,5.037,5.004,100,70,1,0,0,0
356.246,186.146,5.037,5.004,105,70,1,0,0,0
361.283,191.15,5.037,5.004,110,70,1,0,0,0
366.32,196.154,5.037,5.004,115,70,1,0,0,0
371.356,201.158,5.037,5.004,120,70,1,0,0,0
376.393,206.162,5.037,5.004,125,70,1,0,0,0
381.43,211.166,5.037,5.004,130,70,1,0,0,0
386.467,216.17,5.037,5.004,135,70,1,0,0,0
391.504,221.174,5.037,5.004,140,75,1,1,0,0
396.541,226.178,5.037,5.004,145,80,1,1,0,0
401.577,231.182,5.037,5.004,150,85,1,1,0,0
406.614,236.186,5.037,5.004,155,90,1,1,0,0
411.651,241.19,5.037,5.004,160,95,1,1,0,0
416.688,246.194,5.037,5.004,165,100,1,1,0,0
421.725,251.198,5.037,5.004,170,105,1,1,0,0
426.762,256.202,5.037,5.004,170,110,0,1,0,0
431.798,261.206,5.037,5.004,170,115,0,1,0,0
436.835,266.21,5.037,5.004,170,120,0,1,0,0
441.872,271.214,5.037,5.004,170,125,0,1,0,0
446.909,276.218,5.037,5.004,170,130,0,1,0,0
451.946,281.222,5.037,5.004,170,135,0,1,0,0
456.982,286.226,5.037,5.004,170,140,0,1,0,0
462.019,291.23,5.037,5.004,170,145,0,1,0,0
467.056,296.234,5.037,5.004,170,150,0,1,0,0
472.093,301.239,5.037,5.004,170,155,0,1,0,0
477.13,306.243,5.037,5.004,170,160,0,1,0,0
482.167,311.247,5.037,5.004,170,165,0,1,0,0
487.203,316.251,5.037,5.004,170,170,0,1,0,0
492.24,321.255,5.037,5.004,170,175,0,1,0,0
497.277,326.259,5.037,5.004,170,180,0,1,0,0
502.314,331.263,5.037,5.004,170,185,0,1,0,0
507.351,336.267,5.037,5.004,170,190,0,1,0,0
512.387,341.271,5.037,5.004,170,195,0,1,0,0
517.424,346.275,5.037,5.004,170,200,0,1,0,0
522.461,351.279,5.037,5.004,170,205,0,1,0,0
527.498,356.283,5.037,5.004,170,210,0,1,0,0
532.535,361.287,5.037,5.004,170,215,0,1,0,0
537.572,366.291,5.037,5.004,170,220,0,1,0,0
542.608,371.295,5.037,5.004,170,225,0,1,0,0
547.645,376.299,5.037,5.004,170,230,0,1,0,0
552.682,381.303,5.037,5.004,170,235,0,1,0,0
557.719,386.307,5.037,5.004,170,240,0,1,0,0
562.756,391.311,5.037,5.004,170,245,0,1,0,0
567.792,396.315,5.037,5.004,170,250,0,1,0,0
572.829,401.319,5.037,5.004,170,255,0,1,0,0
577.866,406.323,5.037,5.004,170,260,0,1,0,0
582.903,411.327,5.037,5.004,170,265,0,1,0,0
587.94,416.331,5.037,5.004,170,270,0,1,0,0
592.977,421.336,5.037,5.004,170,275,0,1,0,0
598.013,426.34,5.037,5.004,170,280,0,1,0,0
603.05,431.344,5.037,5.004,170,285,0,1,0,0
608.087,436.348,5.037,5.004,170,290,0,1,0,0
613.124,441.352,5.037,5.004,170,295,0,1,0,0
618.161,446.356,5.037,5.004,170,300,0,1,0,0
623.197,451.36,5.037,5.004,170,305,0,1,0,0
628.234,456.364,5.037,5.004,170,310,0,1,0,0
633.271,461.368,5.037,5.004,170,315,0,1,0,0
638.308,466.372,5.037,5.004,170,320,0,1,0,0
643.345,471.376,5.037,5.004,170,325,0,1,0,0
648.382,476.38,5.037,5.004,170,330,0,1,0,0
653.418,481.384,5.037,5.004,170,335,0,1,0,0
658.455,486.388,5.037,5.004,170,340,0,1,0,0
663.492,491.392,5.037,5.004,170,345,0,1,0,0
668.529,496.396,5.037,5.004,170,350,0,1,0,0
673.566,501.4,5.037,5.004,170,355,0,1,0,0
678.603,506.404,5.037,5.004,170,360,0,1,0,0
683.639,511.408,5.037,5.004,170,365,0,1,0,0
688.676,516.412,5.037,5.004,170,370,0,1,0,0
693.713,521.416,5.037,5.004,170,375,0,1,0,0
698.75,526.42,5.037,5.004,170,380,0,1,0,0
703.787,531.424,5.037,5.004,170,385,0,1,0,0
708.823,536.429,5.037,5.004,170,390,0,1,0,0
713.86,541.433,5.037,5.004,170,395,0,1,0,0
718.897,546.437,5.037,5.004,170,400,0,1,0,0
723.934,551.441,5.037,5.004,170,405,0,1,0,0
728.971,556.445,5.037,5.004,170,410,0,1,0,0
734.008,561.449,5.037,5.004,170,415,0,1,0,0
739.044,566.453,5.037,5.004,170,420,0,1,0,0
744.081,571.457,5.037,5.004,170,425,0,1,0,0
749.118,576.461,5.037,5.004,170,430,0,1,0,0
754.155,581.465,5.037,5.004,170,435,0,1,0,0
759.192,586.469,5.037,5.004,170,440,0,1,0,0
764.228,591.473,5.037,5.004,170,445,0,1,0,0
769.265,594.0,5.037,-5.004,170,450,0,1,0,0
774.302,588.996,5.037,-5.004,170,455,0,1,0,0
779.339,583.992,5.037,-5.004,170,460,0,1,0,0
784.376,578.988,5.037,-5.004,170,465,0,1,0,0
789.413,573.984,5.037,-5.004,170,470,0,1,0,0
794.449,568.98,5.037,-5.004,170,475,0,1,0,0
799.486,563.976,5.037,-5.004,170,480,0,1,0,0
804.523,558.972,5.037,-5.004,170,485,0,1,0,0
400.0,300.0,-4.793,1.425,170,490,0,1,1,0
404.641,301.859,4.641,1.859,170,490,0,0,0,0
409.283,303.719,4.641,1.859,170,490,0,0,0,0
413.924,305.578,4.641,1.859,170,490,0,0,0,0
418.566,307.438,4.641,1.859,170,490,0,0,0,0
423.207,309.297,4.641,1.859,170,490,0,0,0,0
427.848,311.157,4.641,1.859,170,490,0,0,0,0
432.49,313.016,4.641,1.859,170,490,0,0,0,0
437.131,314.875,4.641,1.859,170,490,0,0,0,0
441.773,316.735,4.641,1.859,170,490,0,0,0,0
446.414,318.594,4.641,1.859,170,490,0,0,0,0
451.055,320.454,4.641,1.859,170,490,0,0,0,0
455.697,322.313,4.641,1.859,170,490,0,0,0,0
460.338,324.172,4.641,1.859,170,490,0,0,0,0
464.98,326.032,4.641,1.859,170,490,0,0,0,0
469.621,327.891,4.641,1.859,170,490,0,0,0,0
474.262,329.751,4.641,1.859,170,490,0,0,0,0
478.904,331.61,4.641,1.859,170,490,0,0,0,0
483.545,333.47,4.641,1.859,170,490,0,0,0,0
488.187,335.329,4.641,1.859,170,490,0,0,0,0
492.828,337.188,4.641,1.859,170,490,0,0,0,0
497.469,339.048,4.641,1.859,170,490,0,0,0,0
502.111,340.907,4.641,1.859,170,490,0,0,0,0
506.752,342.767,4.641,1.859,170,490,0,0,0,0
511.394,344.626,4.641,1.859,170,490,0,0,0,0
516.035,346.485,4.641,1.859,170,490,0,0,0,0
520.676,348.345,4.641,1.859,170,490,0,0,0,0
525.318,350.204,4.641,1.859,170,490,0,0,0,0
529.959,352.064,4.641,1.859,170,490,0,0,0,0
534.601,353.923,4.641,1.859,170,490,0,0,0,0
539.242,355.783,4.641,1.859,170,490,0,0,0,0
543.883,357.642,4.641,1.859,170,490,0,0,0,0
548.525,359.501,4.641,1.859,170,490,0,0,0,0
553.166,361.361,4.641,1.859,170,490,0,0,0,0
557.807,363.22,4.641,1.859,175,490,1,0,0,0
562.449,365.08,4.641,1.859,180,490,1,0,0,0
567.09,366.939,4.641,1.859,185,490,1,0,0,0
571.732,368.798,4.641,1.859,185,490,0,0,0,0
576.373,370.658,4.641,1.859,185,490,0,0,0,0
581.014,372.517,4.641,1.859,185,490,0,0,0,0
585.656,374.377,4.641,1.859,185,490,0,0,0,0
590.297,376.236,4.641,1.859,185,490,0,0,0,0
594.939,378.096,4.641,1.859,185,490,0,0,0,0
599.58,379.955,4.641,1.859,185,490,0,0,0,0
604.221,381.814,4.641,1.859,185,490,0,0,0,0
608.863,383.674,4.641,1.859,185,490,0,0,0,0
613.504,385.533,4.641,1.859,185,490,0,0,0,0
618.146,387.393,4.641,1.859,185,490,0,0,0,0
622.787,389.252,4.641,1.859,185,490,0,0,0,0
627.428,391.111,4.641,1.859,185,490,0,0,0,0
632.07,392.971,4.641,1.859,185,490,0,0,0,0
636.711,394.83,4.641,1.859,185,490,0,0,0,0
641.353,396.69,4.641,1.859,185,490,0,0,0,0
645.994,398.549,4.641,1.859,185,490,0,0,0,0
650.635,400.409,4.641,1.859,185,490,0,0,0,0
655.277,402.268,4.641,1.859,185,490,0,0,0,0
659.918,404.127,4.641,1.859,185,490,0,0,0,0
664.56,405.987,4.641,1.859,185,490,0,0,0,0
669.201,407.846,4.641,1.859,185,490,0,0,0,0
673.842,409.706,4.641,1.859,185,490,0,0,0,0
678.484,411.565,4.641,1.859,185,490,0,0,0,0
683.125,413.424,4.641,1.859,185,490,0,0,0,0
687.767,415.284,4.641,1.859,185,490,0,0,0,0
692.408,417.143,4.641,1.859,185,490,0,0,0,0
697.049,419.003,4.641,1.859,185,490,0,0,0,0
701.691,420.862,4.641,1.859,185,495,0,1,0,0
706.332,422.722,4.641,1.859,185,500,0,1,0,0
710.974,424.581,4.641,1.859,185,505,0,1,0,0
715.615,426.44,4.641,1.859,185,510,0,1,0,0
720.256,428.3,4.641,1.859,185,515,0,1,0,0
724.898,430.159,4.641,1.859,185,520,0,1,0,0
729.539,432.019,4.641,1.859,185,520,0,1,0,0
734.181,433.878,4.641,1.859,185,520,0,1,0,0
738.822,435.737,4.641,1.859,185,520,0,0,0,0
743.463,437.597,4.641,1.859,185,520,0,0,0,0
748.105,439.456,4.641,1.859,185,520,0,0,0,0
752.746,441.316,4.641,1.859,185,520,0,0,0,0
757.388,443.175,4.641,1.859,185,520,0,0,0,0
762.029,445.035,4.641,1.859,185,520,0,0,0,0
766.67,446.894,4.641,1.859,185,520,0,0,0,0
771.312,448.753,4.641,1.859,185,520,0,0,0,0
775.953,450.613,4.641,1.859,185,520,0,0,0,0
780.595,452.472,4.641,1.859,185,520,0,0,0,0
785.236,454.332,4.641,1.859,185,520,0,0,0,0
789.877,456.191,4.641,1.859,185,520,0,0,0,0
794.519,458.05,4.641,1.859,185,520,0,0,0,0
799.16,459.91,4.641,1.859,185,520,0,0,0,0
803.802,461.769,4.641,1.859,185,520,0,1,0,0
400.0,300.0,-4.868,1.142,185,520,0,0,1,0
395.132,301.142,-4.868,1.142,185,520,0,0,0,0
390.264,302.284,-4.868,1.142,185,520,0,0,0,0
385.396,303.425,-4.868,1.142,185,520,0,0,0,0
380.528,304.567,-4.868,1.142,185,520,0,0,0,0
375.661,305.709,-4.868,1.142,185,520,0,0,0,0
370.793,306.851,-4.868,1.142,185,520,0,0,0,0
365.925,307.993,-4.868,1.142,185,520,0,0,0,0
361.057,309.135,-4.868,1.142,185,520,0,0,0,0
356.189,310.276,-4.868,1.142,185,520,0,0,0,0
351.321,311.418,-4.868,1.142,185,520,0,0,0,0
346.453,312.56,-4.868,1.142,185,520,0,0,0,0
341.585,313.702,-4.868,1.142,185,520,0,0,0,0
336.718,314.844,-4.868,1.142,185,520,0,0,0,0
331.85,315.986,-4.868,1.142,185,520,0,0,0,0
326.982,317.127,-4.868,1.142,185,520,0,0,0,0
322.114,318.269,-4.868,1.142,185,520,0,0,0,0
317.246,319.411,-4.868,1.142,185,520,0,0,0,0
312.378,320.553,-4.868,1.142,185,520,0,0,0,0
307.51,321.695,-4.868,1.142,185,520,0,0,0,0
302.642,322.837,-4.868,1.142,185,520,0,0,0,0
297.775,323.978,-4.868,1.142,185,520,0,0,0,0
292.907,325.12,-4.868,1.142,185,520,0,0,0,0
288.039,326.262,-4.868,1.142,185,520,0,0,0,0
283.171,327.404,-4.868,1.142,185,520,0,0,0,0
278.303,328.546,-4.868,1.142,185,520,0,0,0,0
273.435,329.688,-4.868,1.142,185,520,0,0,0,0
268.567,330.829,-4.868,1.142,185,520,0,0,0,0
263.699,331.971,-4.868,1.142,185,520,0,0,0,0
258.832,333.113,-4.868,1.142,185,520,0,0,0,0
253.964,334.255,-4.868,1.142,185,520,0,0,0,0
249.096,335.397,-4.868,1.142,190,520,1,0,0,0
244.228,336.539,-4.868,1.142,195,520,1,0,0,0
239.36,337.68,-4.868,1.142,200,520,1,0,0,0
234.492,338.822,-4.868,1.142,205,520,1,0,0,0
229.624,339.964,-4.868,1.142,210,520,1,0,0,0
224.756,341.106,-4.868,1.142,215,520,1,0,0,0
219.889,342.248,-4.868,1.142,220,520,1,0,0,0
215.021,343.39,-4.868,1.142,225,520,1,0,0,0
210.153,344.531,-4.868,1.142,230,520,1,0,0,0
205.285,345.673,-4.868,1.142,235,520,1,0,0,0
200.417,346.815,-4.868,1.142,240,520,1,0,0,0
195.549,347.957,-4.868,1.142,245,520,1,0,0,0
190.681,349.099,-4.868,1.142,250,520,1,0,0,0
185.813,350.241,-4.868,1.142,255,520,1,0,0,0
180.946,351.382,-4.868,1.142,260,520,1,0,0,0
176.078,352.524,-4.868,1.142,265,520,1,0,0,0
171.21,353.666,-4.868,1.142,270,520,1,0,0,0
166.342,354.808,-4.868,1.142,275,520,1,0,0,0
161.474,355.95,-4.868,1.142,280,520,1,0,0,0
156.606,357.092,-4.868,1.142,285,520,1,0,0,0
151.738,358.233,-4.868,1.142,290,520,1,0,0,0
146.87,359.375,-4.868,1.142,295,520,1,0,0,0
142.003,360.517,-4.868,1.142,300,520,1,0,0,0
137.135,361.659,-4.868,1.142,305,520,1,0,0,0
132.267,362.801,-4.868,1.142,310,520,1,0,0,0
127.399,363.942,-4.868,1.142,315,520,1,0,0,0
122.531,365.084,-4.868,1.142,320,520,1,0,0,0
117.663,366.226,-4.868,1.142,325,520,1,0,0,0
112.795,367.368,-4.868,1.142,330,520,1,0,0,0
107.927,368.51,-4.868,1.142,335,520,1,0,0,0
103.06,369.652,-4.868,1.142,340,520,1,0,0,0
98.192,370.793,-4.868,1.142,345,520,1,0,0,0
93.324,371.935,-4.868,1.142,350,520,1,0,0,0
88.456,373.077,-4.868,1.142,355,520,1,0,0,0
83.588,374.219,-4.868,1.142,360,520,1,0,0,0
78.72,375.361,-4.868,1.142,365,520,1,0,0,0
73.852,376.503,-4.868,1.142,370,520,1,0,0,0
68.984,377.644,-4.868,1.142,370,520,0,0,0,0
64.117,378.786,-4.868,1.142,370,520,0,0,0,0
59.249,379.928,-4.868,1.142,370,520,0,0,0,0
54.381,381.07,-4.868,1.142,370,520,0,0,0,0
49.513,382.212,-4.868,1.142,370,520,0,0,0,0
49.0,383.354,4.062,-3.405,370,520,0,0,0,0
53.062,379.949,4.062,-3.405,370,520,0,0,0,0
57.124,376.544,4.062,-3.405,370,520,0,0,0,0
61.186,373.14,4.062,-3.405,370,520,0,0,0,0
65.247,369.735,4.062,-3.405,370,520,0,0,0,0
69.309,366.331,4.062,-3.405,370,520,0,0,0,0
73.371,362.926,4.062,-3.405,370,520,0,0,0,0
77.433,359.521,4.062,-3.405,370,520,0,0,0,0
81.495,356.117,4.062,-3.405,370,520,0,0,0,0
85.557,352.712,4.062,-3.405,370,520,0,0,0,0
89.618,349.307,4.062,-3.405,370,520,0,0,0,0
93.68,345.903,4.062,-3.405,370,520,0,0,0,0
97.742,342.498,4.062,-3.405,370,520,0,0,0,0
101.804,339.094,4.062,-3.405,370,520,0,0,0,0
105.866,335.689,4.062,-3.405,370,520,0,0,0,0
109.928,332.284,4.062,-3.405,370,520,0,0,0,0
113.989,328.88,4.062,-3.405,370,520,0,0,0,0
118.051,325.475,4.062,-3.405,370,520,0,0,0,0
122.113,322.07,4.062,-3.405,370,520,0,0,0,0
126.175,318.666,4.062,-3.405,370,520,0,0,0,0
130.237,315.261,4.062,-3.405,370,520,0,0,0,0
134.299,311.857,4.062,-3.405,370,520,0,0,0,0
138.361,308.452,4.062,-3.405,365,520,-1,0,0,0
142.422,305.047,4.062,-3.405,360,520,-1,0,0,0
146.484,301.643,4.062,-3.405,355,520,-1,0,0,0
150.546,298.238,4.062,-3.405,350,515,-1,-1,0,0
154.608,294.834,4.062,-3.405,345,510,-1,-1,0,0
158.67,291.429,4.062,-3.405,340,505,-1,-1,0,0
162.732,288.024,4.062,-3.405,335,500,-1,-1,0,0
166.793,284.62,4.062,-3.405,330,495,-1,-1,0,0
170.855,281.215,4.062,-3.405,325,490,-1,-1,0,0
174.917,277.81,4.062,-3.405,320,485,-1,-1,0,0
178.979,274.406,4.062,-3.405,315,480,-1,-1,0,0
183.041,271.001,4.062,-3.405,310,475,-1,-1,0,0
187.103,267.597,4.062,-3.405,305,470,-1,-1,0,0
191.165,264.192,4.062,-3.405,300,465,-1,-1,0,0
195.226,260.787,4.062,-3.405,295,460,-1,-1,0,0
199.288,257.383,4.062,-3.405,290,455,-1,-1,0,0
203.35,253.978,4.062,-3.405,285,450,-1,-1,0,0
207.412,250.573,4.062,-3.405,280,445,-1,-1,0,0
211.474,247.169,4.062,-3.405,275,440,-1,-1,0,0
215.536,243.764,4.062,-3.405,270,435,-1,-1,0,0
219.597,240.36,4.062,-3.405,265,430,-1,-1,0,0
223.659,236.955,4.062,-3.405,260,425,-1,-1,0,0
227.721,233.55,4.062,-3.405,255,420,-1,-1,0,0
231.783,230.146,4.062,-3.405,250,415,-1,-1,0,0
235.845,226.741,4.062,-3.405,245,410,-1,-1,0,0
239.907,223.337,4.062,-3.405,240,405,-1,-1,0,0
243.968,219.932,4.062,-3.405,235,400,-1,-1,0,0
248.03,216.527,4.062,-3.405,230,395,-1,-1,0,0
252.092,213.123,4.062,-3.405,225,390,-1,-1,0,0
256.154,209.718,4.062,-3.405,220,385,-1,-1,0,0
260.216,206.313,4.062,-3.405,215,380,-1,-1,0,0
264.278,202.909,4.062,-3.405,210,375,-1,-1,0,0
268.34,199.504,4.062,-3.405,205,370,-1,-1,0,0
272.401,196.1,4.062,-3.405,200,365,-1,-1,0,0
276.463,192.695,4.062,-3.405,195,360,-1,-1,0,0
280.525,189.29,4.062,-3.405,190,355,-1,-1,0,0
284.587,185.886,4.062,-3.405,185,350,-1,-1,0,0
288.649,182.481,4.062,-3.405,180,345,-1,-1,0,0
292.711,179.076,4.062,-3.405,175,340,-1,-1,0,0
296.772,175.672,4.062,-3.405,170,335,-1,-1,0,0
300.834,172.267,4.062,-3.405,165,330,-1,-1,0,0
304.896,168.863,4.062,-3.405,160,325,-1,-1,0,0
308.958,165.458,4.062,-3.405,155,320,-1,-1,0,0
313.02,162.053,4.062,-3.405,150,315,-1,-1,0,0
317.082,158.649,4.062,-3.405,145,310,-1,-1,0,0
321.143,155.244,4.062,-3.405,140,305,-1,-1,0,0
325.205,151.839,4.062,-3.405,135,300,-1,-1,0,0
329.267,148.435,4.062,-3.405,130,295,-1,-1,0,0
333.329,145.03,4.062,-3.405,125,290,-1,-1,0,0
337.391,141.626,4.062,-3.405,120,285,-1,-1,0,0
341.453,138.221,4.062,-3.405,115,280,-1,-1,0,0
345.515,134.816,4.062,-3.405,110,275,-1,-1,0,0
349.576,131.412,4.062,-3.405,105,270,-1,-1,0,0
353.638,128.007,4.062,-3.405,100,265,-1,-1,0,0
357.7,124.603,4.062,-3.405,95,260,-1,-1,0,0
361.762,121.198,4.062,-3.405,90,255,-1,-1,0,0
365.824,117.793,4.062,-3.405,85,250,-1,-1,0,0
369.886,114.389,4.062,-3.405,85,245,0,-1,0,0
373.947,110.984,4.062,-3.405,85,240,0,-1,0,0
378.009,107.579,4.062,-3.405,85,235,0,-1,0,0
382.071,104.175,4.062,-3.405,85,230,0,-1,0,0
386.133,100.77,4.062,-3.405,85,225,0,-1,0,0
390.195,97.366,4.062,-3.405,85,220,0,-1,0,0
394.257,93.961,4.062,-3.405,85,215,0,-1,0,0
398.318,90.556,4.062,-3.405,85,210,0,-1,0,0
402.38,87.152,4.062,-3.405,85,205,0,-1,0,0
406.442,83.747,4.062,-3.405,85,200,0,-1,0,0
410.504,80.342,4.062,-3.405,85,195,0,-1,0,0
414.566,76.938,4.062,-3.405,85,190,0,-1,0,0
418.628,73.533,4.062,-3.405,85,185,0,-1,0,0
422.69,70.129,4.062,-3.405,85,180,0,-1,0,0
426.751,66.724,4.062,-3.405,85,175,0,-1,0,0
430.813,63.319,4.062,-3.405,85,170,0,-1,0,0
434.875,59.915,4.062,-3.405,85,165,0,-1,0,0
438.937,56.51,4.062,-3.405,85,160,0,-1,0,0
442.999,53.106,4.062,-3.405,85,155,0,-1,0,0
447.061,49.701,4.062,-3.405,85,150,0,-1,0,0
451.122,46.296,4.062,-3.405,85,145,0,-1,0,0
455.184,42.892,4.062,-3.405,85,140,0,-1,0,0
459.246,39.487,4.062,-3.405,85,135,0,-1,0,0
463.308,36.082,4.062,-3.405,85,130,0,-1,0,0
467.37,32.678,4.062,-3.405,85,125,0,-1,0,0
471.432,29.273,4.062,-3.405,85,120,0,-1,0,0
475.494,25.869,4.062,-3.405,85,115,0,-1,0,0
479.555,22.464,4.062,-3.405,85,110,0,-1,0,0
483.617,19.059,4.062,-3.405,85,105,0,-1,0,0
487.679,15.655,4.062,-3.405,85,100,0,-1,0,0
491.741,12.25,4.062,-3.405,85,95,0,-1,0,0
495.803,8.845,4.062,-3.405,85,90,0,-1,0,0
499.865,6.0,4.062,3.405,85,85,0,-1,0,0
503.926,9.405,4.062,3.405,85,80,0,-1,0,0
507.988,12.809,4.062,3.405,85,75,0,-1,0,0
512.05,16.214,4.062,3.405,85,70,0,-1,0,0
516.112,19.618,4.062,3.405,85,65,0,-1,0,0
520.174,23.023,4.062,3.405,85,60,0,-1,0,0
524.236,26.428,4.062,3.405,85,55,0,-1,0,0
528.297,29.832,4.062,3.405,85,50,0,-1,0,0
532.359,33.237,4.062,3.405,85,45,0,-1,0,0
536.421,36.642,4.062,3.405,85,40,0,-1,0,0
540.483,40.046,4.062,3.405,85,35,0,-1,0,0
544.545,43.451,4.062,3.405,85,30,0,-1,0,0
548.607,46.855,4.062,3.405,85,25,0,-1,0,0
552.669,50.26,4.062,3.405,85,20,0,-1,0,0
556.73,53.665,4.062,3.405,85,15,0,-1,0,0
560.792,57.069,4.062,3.405,85,10,0,-1,0,0
564.854,60.474,4.062,3.405,85,5,0,-1,0,0
568.916,63.879,4.062,3.405,85,0,0,-1,0,0
572.978,67.283,4.062,3.405,85,0,0,-1,0,0
577.04,70.688,4.062,3.405,85,0,0,-1,0,0
581.101,74.092,4.062,3.405,85,0,0,0,0,0
585.163,77.497,4.062,3.405,85,0,0,0,0,0
589.225,80.902,4.062,3.405,85,0,0,0,0,0
593.287,84.306,4.062,3.405,85,0,0,0,0,0
597.349,87.711,4.062,3.405,85,0,0,0,0,0
601.411,91.115,4.062,3.405,85,0,0,0,0,0
605.472,94.52,4.062,3.405,85,0,0,0,0,0
609.534,97.925,4.062,3.405,85,0,0,0,0,0
613.596,101.329,4.062,3.405,85,0,0,0,0,0
617.658,104.734,4.062,3.405,85,0,0,0,0,0
621.72,108.139,4.062,3.405,85,0,0,0,0,0
625.782,111.543,4.062,3.405,85,0,0,0,0,0
629.844,114.948,4.062,3.405,85,0,0,0,0,0
633.905,118.352,4.062,3.405,85,0,0,0,0,0
637.967,121.757,4.062,3.405,85,5,0,1,0,0
642.029,125.162,4.062,3.405,85,10,0,1,0,0
646.091,128.566,4.062,3.405,85,15,0,1,0,0
650.153,131.971,4.062,3.405,85,20,0,1,0,0
654.215,135.376,4.062,3.405,85,25,0,1,0,0
658.276,138.78,4.062,3.405,85,30,0,1,0,0
662.338,142.185,4.062,3.405,85,35,0,1,0,0
666.4,145.589,4.062,3.405,85,40,0,1,0,0
670.462,148.994,4.062,3.405,85,45,0,1,0,0
674.524,152.399,4.062,3.405,85,50,0,1,0,0
678.586,155.803,4.062,3.405,85,55,0,1,0,0
682.647,159.208,4.062,3.405,85,60,0,1,0,0
686.709,162.612,4.062,3.405,85,65,0,1,0,0
690.771,166.017,4.062,3.405,85,70,0,1,0,0
694.833,169.422,4.062,3.405,85,75,0,1,0,0
698.895,172.826,4.062,3.405,85,80,0,1,0,0
702.957,176.231,4.062,3.405,85,85,0,1,0,0
707.019,179.636,4.062,3.405,85,90,0,1,0,0
711.08,183.04,4.062,3.405,85,95,0,1,0,0
715.142,186.445,4.062,3.405,85,100,0,1,0,0
719.204,189.849,4.062,3.405,85,105,0,1,0,0
723.266,193.254,4.062,3.405,85,110,0,1,0,0
727.328,196.659,4.062,3.405,85,115,0,1,0,0
731.39,200.063,4.062,3.405,85,120,0,1,0,0
735.451,203.468,4.062,3.405,85,125,0,1,0,0
739.513,206.873,4.062,3.405,85,130,0,1,0,0
743.575,210.277,4.062,3.405,85,135,0,1,0,0
747.637,213.682,4.062,3.405,85,140,0,1,0,0
751.699,217.086,4.062,3.405,85,145,0,1,0,0
751.0,220.491,-3.909,4.01,85,150,0,1,0,0
747.091,224.501,-3.909,4.01,85,155,0,1,0,0
743.183,228.512,-3.909,4.01,85,160,0,1,0,0
739.274,232.522,-3.909,4.01,85,165,0,1,0,0
735.366,236.532,-3.909,4.01,85,170,0,1,0,0
731.457,240.543,-3.909,4.01,85,175,0,1,0,0
727.549,244.553,-3.909,4.01,85,180,0,1,0,0
723.64,248.564,-3.909,4.01,85,185,0,1,0,0
719.731,252.574,-3.909,4.01,85,190,0,1,0,0
715.823,256.584,-3.909,4.01,85,195,0,1,0,0
711.914,260.595,-3.909,4.01,85,200,0,1,0,0
708.006,264.605,-3.909,4.01,85,205,0,1,0,0
704.097,268.615,-3.909,4.01,85,210,0,1,0,0
700.189,272.626,-3.909,4.01,85,215,0,1,0,0
696.28,276.636,-3.909,4.01,85,220,0,1,0,0
692.371,280.647,-3.909,4.01,85,225,0,1,0,0
688.463,284.657,-3.909,4.01,90,230,1,1,0,0
684.554,288.667,-3.909,4.01,95,235,1,1,0,0
680.646,292.678,-3.909,4.01,100,240,1,1,0,0
676.737,296.688,-3.909,4.01,105,245,1,1,0,0
672.829,300.698,-3.909,4.01,110,245,1,0,0,0
668.92,304.709,-3.909,4.01,115,245,1,0,0,0
665.011,308.719,-3.909,4.01,120,245,1,0,0,0
661.103,312.73,-3.909,4.01,125,245,1,0,0,0
657.194,316.74,-3.909,4.01,130,245,1,0,0,0
653.286,320.75,-3.909,4.01,135,245,1,0,0,0
649.377,324.761,-3.909,4.01,140,245,1,0,0,0
645.469,328.771,-3.909,4.01,145,245,1,0,0,0
641.56,332.781,-3.909,4.01,150,245,1,0,0,0
637.651,336.792,-3.909,4.01,155,245,1,0,0,0
633.743,340.802,-3.909,4.01,160,245,1,0,0,0
629.834,344.813,-3.909,4.01,165,245,1,0,0,0
625.926,348.823,-3.909,4.01,170,245,1,0,0,0
622.017,352.833,-3.909,4.01,175,245,1,0,0,0
618.109,356.844,-3.909,4.01,180,245,1,0,0,0
614.2,360.854,-3.909,4.01,185,245,1,0,0,0
610.291,364.864,-3.909,4.01,190,250,1,1,0,0
606.383,368.875,-3.909,4.01,195,255,1,1,0,0
602.474,372.885,-3.909,4.01,200,260,1,1,0,0
598.566,376.895,-3.909,4.01,205,265,1,1,0,0
594.657,380.906,-3.909,4.01,210,270,1,1,0,0
590.749,384.916,-3.909,4.01,215,275,1,1,0,0
586.84,388.927,-3.909,4.01,220,280,1,1,0,0
582.931,392.937,-3.909,4.01,225,285,1,1,0,0
579.023,396.947,-3.909,4.01,230,290,1,1,0,0
575.114,400.958,-3.909,4.01,235,295,1,1,0,0
571.206,404.968,-3.909,4.01,240,300,1,1,0,0
567.297,408.978,-3.909,4.01,245,305,1,1,0,0
563.389,412.989,-3.909,4.01,250,310,1,1,0,0
559.48,416.999,-3.909,4.01,255,315,1,1,0,0
555.571,421.01,-3.909,4.01,260,320,1,1,0,0
551.663,425.02,-3.909,4.01,265,325,1,1,0,0
547.754,429.03,-3.909,4.01,270,330,1,1,0,0
543.846,433.041,-3.909,4.01,275,335,1,1,0,0
539.937,437.051,-3.909,4.01,280,340,1,1,0,0
536.029,441.061,-3.909,4.01,285,345,1,1,0,0
532.12,445.072,-3.909,4.01,290,350,1,1,0,0
528.211,449.082,-3.909,4.01,295,355,1,1,0,0
524.303,453.093,-3.909,4.01,300,360,1,1,0,0
520.394,457.103,-3.909,4.01,305,365,1,1,0,0
516.486,461.113,-3.909,4.01,310,370,1,1,0,0
512.577,465.124,-3.909,4.01,315,375,1,1,0,0
508.669,469.134,-3.909,4.01,320,380,1,1,0,0
504.76,473.144,-3.909,4.01,325,385,1,1,0,0
500.851,477.155,-3.909,4.01,330,390,1,1,0,0
496.943,481.165,-3.909,4.01,335,395,1,1,0,0
493.034,485.175,-3.909,4.01,340,395,1,0,0,0
489.126,489.186,-3.909,4.01,345,395,1,0,0,0
485.217,493.196,-3.909,4.01,350,395,1,0,0,0
481.309,497.207,-3.909,4.01,355,395,1,0,0,0
477.4,501.217,-3.909,4.01,360,395,1,0,0,0
473.491,505.227,-3.909,4.01,365,395,1,0,0,0
469.583,509.238,-3.909,4.01,370,395,1,0,0,0
465.674,513.248,-3.909,4.01,370,395,0,0,0,0
461.766,517.258,-3.909,4.01,370,395,0,0,0,0
457.857,521.269,-3.909,4.01,370,395,0,0,0,0
453.949,525.279,-3.909,4.01,370,395,0,0,0,0
450.04,529.29,-3.909,4.01,370,395,0,0,0,0
446.131,533.3,-3.909,4.01,370,395,0,0,0,0
442.223,537.31,-3.909,4.01,370,395,0,0,0,0
438.314,541.321,-3.909,4.01,370,395,0,0,0,0
434.406,545.331,-3.909,4.01,370,395,0,0,0,0
430.497,549.341,-3.909,4.01,370,395,0,0,0,0
426.589,553.352,-3.909,4.01,370,395,0,0,0,0
422.68,557.362,-3.909,4.01,370,395,0,0,0,0
418.771,561.373,-3.909,4.01,370,395,0,0,0,0
414.863,565.383,-3.909,4.01,370,395,0,0,0,0
410.954,569.393,-3.909,4.01,370,395,0,0,0,0
407.046,573.404,-3.909,4.01,370,395,0,0,0,0
403.137,577.414,-3.909,4.01,370,395,0,0,0,0
399.229,581.424,-3.909,4.01,370,395,0,0,0,0
395.32,585.435,-3.909,4.01,370,395,0,0,0,0
391.412,589.445,-3.909,4.01,370,395,0,0,0,0
387.503,593.456,-3.909,4.01,370,395,0,0,0,0
383.594,594.0,-3.909,-4.01,370,395,0,0,0,0
379.686,589.99,-3.909,-4.01,370,395,0,0,0,0
375.777,585.979,-3.909,-4.01,370,395,0,0,0,0
371.869,581.969,-3.909,-4.01,370,395,0,0,0,0
367.96,577.959,-3.909,-4.01,370,395,0,0,0,0
364.052,573.948,-3.909,-4.01,370,395,0,0,0,0
360.143,569.938,-3.909,-4.01,370,395,0,0,0,0
356.234,565.927,-3.909,-4.01,370,395,0,0,0,0
352.326,561.917,-3.909,-4.01,370,395,0,0,0,0
348.417,557.907,-3.909,-4.01,370,395,0,0,0,0
344.509,553.896,-3.909,-4.01,370,395,0,0,0,0
340.6,549.886,-3.909,-4.01,370,395,0,0,0,0
336.692,545.876,-3.909,-4.01,370,395,0,0,0,0
332.783,541.865,-3.909,-4.01,370,395,0,0,0,0
328.874,537.855,-3.909,-4.01,370,395,0,0,0,0
324.966,533.844,-3.909,-4.01,370,395,0,0,0,0
321.057,529.834,-3.909,-4.01,370,395,0,0,0,0
317.149,525.824,-3.909,-4.01,370,395,0,0,0,0
313.24,521.813,-3.909,-4.01,365,395,-1,0,0,0
309.332,517.803,-3.909,-4.01,360,395,-1,0,0,0
305.423,513.793,-3.909,-4.01,355,395,-1,0,0,0
301.514,509.782,-3.909,-4.01,350,395,-1,0,0,0
297.606,505.772,-3.909,-4.01,345,395,-1,0,0,0
293.697,501.761,-3.909,-4.01,340,395,-1,0,0,0
289.789,497.751,-3.909,-4.01,335,395,-1,0,0,0
285.88,493.741,-3.909,-4.01,330,395,-1,0,0,0
281.972,489.73,-3.909,-4.01,325,395,-1,0,0,0
278.063,485.72,-3.909,-4.01,320,395,-1,0,0,0
274.154,481.71,-3.909,-4.01,320,395,0,0,0,0
270.246,477.699,-3.909,-4.01,320,395,0,0,0,0
266.337,473.689,-3.909,-4.01,320,395,0,0,0,0
262.429,469.678,-3.909,-4.01,320,395,0,0,0,0
258.52,465.668,-3.909,-4.01,320,395,0,0,0,0
254.612,461.658,-3.909,-4.01,320,395,0,0,0,0
250.703,457.647,-3.909,-4.01,320,395,0,0,0,0
246.794,453.637,-3.909,-4.01,320,395,0,0,0,0
242.886,449.627,-3.909,-4.01,320,395,0,0,0,0
238.977,445.616,-3.909,-4.01,320,395,0,0,0,0
235.069,441.606,-3.909,-4.01,320,395,0,0,0,0
231.16,437.596,-3.909,-4.01,320,395,0,0,0,0
227.252,433.585,-3.909,-4.01,320,395,0,0,0,0
223.343,429.575,-3.909,-4.01,320,395,0,0,0,0
219.434,425.564,-3.909,-4.01,320,395,0,0,0,0
215.526,421.554,-3.909,-4.01,320,395,0,0,0,0
211.617,417.544,-3.909,-4.01,320,395,0,0,0,0
207.709,413.533,-3.909,-4.01,320,395,0,0,0,0
203.8,409.523,-3.909,-4.01,320,395,0,0,0,0
199.892,405.513,-3.909,-4.01,320,395,0,0,0,0
195.983,401.502,-3.909,-4.01,320,395,0,0,0,0
192.074,397.492,-3.909,-4.01,315,395,-1,0,0,0
188.166,393.481,-3.909,-4.01,310,395,-1,0,0,0
184.257,389.471,-3.909,-4.01,305,395,-1,0,0,0
180.349,385.461,-3.909,-4.01,300,395,-1,0,0,0
176.44,381.45,-3.909,-4.01,295,395,-1,0,0,0
172.532,377.44,-3.909,-4.01,290,395,-1,0,0,0
168.623,373.43,-3.909,-4.01,285,395,-1,0,0,0
164.714,369.419,-3.909,-4.01,280,395,-1,0,0,0
160.806,365.409,-3.909,-4.01,275,395,-1,0,0,0
156.897,361.398,-3.909,-4.01,270,395,-1,0,0,0
152.989,357.388,-3.909,-4.01,265,395,-1,0,0,0
149.08,353.378,-3.909,-4.01,260,395,-1,0,0,0
145.172,349.367,-3.909,-4.01,255,395,-1,0,0,0
141.263,345.357,-3.909,-4.01,255,395,0,0,0,0
137.354,341.347,-3.909,-4.01,255,395,0,0,0,0
133.446,337.336,-3.909,-4.01,255,395,0,0,0,0
129.537,333.326,-3.909,-4.01,255,395,0,0,0,0
125.629,329.316,-3.909,-4.01,255,395,0,0,0,0
121.72,325.305,-3.909,-4.01,255,395,0,0,0,0
117.812,321.295,-3.909,-4.01,255,395,0,0,0,0
113.903,317.284,-3.909,-4.01,255,395,0,0,0,0
109.994,313.274,-3.909,-4.01,255,395,0,0,0,0
106.086,309.264,-3.909,-4.01,255,395,0,0,0,0
102.177,305.253,-3.909,-4.01,255,395,0,0,0,0
98.269,301.243,-3.909,-4.01,255,395,0,0,0,0
94.36,297.233,-3.909,-4.01,255,395,0,0,0,0
90.452,293.222,-3.909,-4.01,255,395,0,0,0,0
86.543,289.212,-3.909,-4.01,255,395,0,0,0,0
82.634,285.201,-3.909,-4.01,250,395,-1,0,0,0
78.726,281.191,-3.909,-4.01,245,395,-1,0,0,0
74.817,277.181,-3.909,-4.01,240,395,-1,0,0,0
70.909,273.17,-3.909,-4.01,235,395,-1,0,0,0
67.0,269.16,-3.909,-4.01,230,395,-1,0,0,0
63.092,265.15,-3.909,-4.01,225,395,-1,0,0,0
59.183,261.139,-3.909,-4.01,220,395,-1,0,0,0
55.274,257.129,-3.909,-4.01,215,395,-1,0,0,0
51.366,253.118,-3.909,-4.01,210,395,-1,0,0,0
49.0,249.108,5.866,0.633,205,395,-1,0,0,0
54.866,249.741,5.866,0.633,200,395,-1,0,0,0
60.732,250.375,5.866,0.633,195,395,-1,0,0,0
66.598,251.008,5.866,0.633,190,395,-1,0,0,0
72.464,251.641,5.866,0.633,185,395,-1,0,0,0
78.33,252.275,5.866,0.633,180,395,-1,0,0,0
84.195,252.908,5.866,0.633,175,395,-1,0,0,0
90.061,253.541,5.866,0.633,170,395,-1,0,0,0
95.927,254.175,5.866,0.633,165,395,-1,0,0,0
101.793,254.808,5.866,0.633,160,395,-1,0,0,0
107.659,255.441,5.866,0.633,155,395,-1,0,0,0
113.525,256.075,5.866,0.633,150,395,-1,0,0,0
119.391,256.708,5.866,0.633,145,395,-1,0,0,0
125.257,257.341,5.866,0.633,140,395,-1,0,0,0
131.123,257.975,5.866,0.633,135,395,-1,0,0,0
136.989,258.608,5.866,0.633,130,395,-1,0,0,0
142.855,259.241,5.866,0.633,125,395,-1,0,0,0
148.72,259.875,5.866,0.633,125,395,0,0,0,0
154.586,260.508,5.866,0.633,125,395,0,0,0,0
160.452,261.141,5.866,0.633,125,395,0,0,0,0
166.318,261.774,5.866,0.633,125,395,0,0,0,0
172.184,262.408,5.866,0.633,125,395,0,0,0,0
178.05,263.041,5.866,0.633,125,395,0,0,0,0
183.916,263.674,5.866,0.633,125,395,0,0,0,0
189.782,264.308,5.866,0.633,125,395,0,0,0,0
195.648,264.941,5.866,0.633,125,395,0,0,0,0
201.514,265.574,5.866,0.633,125,395,0,0,0,0
207.38,266.208,5.866,0.633,125,395,0,0,0,0
213.245,266.841,5.866,0.633,125,395,0,0,0,0
219.111,267.474,5.866,0.633,125,395,0,0,0,0
224.977,268.108,5.866,0.633,125,395,0,0,0,0
230.843,268.741,5.866,0.633,125,395,0,0,0,0
236.709,269.374,5.866,0.633,125,395,0,0,0,0
242.575,270.008,5.866,0.633,125,395,0,0,0,0
248.441,270.641,5.866,0.633,125,395,0,0,0,0
254.307,271.274,5.866,0.633,125,395,0,0,0,0
260.173,271.908,5.866,0.633,125,395,0,0,0,0
266.039,272.541,5.866,0.633,125,395,0,0,0,0
271.905,273.174,5.866,0.633,125,395,0,0,0,0
277.771,273.808,5.866,0.633,125,395,0,0,0,0
283.636,274.441,5.866,0.633,125,395,0,0,0,0
289.502,275.074,5.866,0.633,125,395,0,0,0,0
295.368,275.708,5.866,0.633,125,395,0,0,0,0
301.234,276.341,5.866,0.633,125,395,0,0,0,0
307.1,276.974,5.866,0.633,125,395,0,0,0,0
312.966,277.607,5.866,0.633,125,395,0,0,0,0
318.832,278.241,5.866,0.633,125,395,0,0,0,0
324.698,278.874,5.866,0.633,125,395,0,0,0,0
330.564,279.507,5.866,0.633,125,395,0,0,0,0
336.43,280.141,5.866,0.633,125,395,0,0,0,0
342.296,280.774,5.866,0.633,125,395,0,0,0,0
348.161,281.407,5.866,0.633,125,395,0,0,0,0
354.027,282.041,5.866,0.633,125,395,0,0,0,0
359.893,282.674,5.866,0.633,125,395,0,0,0,0
365.759,283.307,5.866,0.633,125,395,0,0,0,0
371.625,283.941,5.866,0.633,125,395,0,0,0,0
377.491,284.574,5.866,0.633,125,390,0,-1,0,0
383.357,285.207,5.866,0.633,125,385,0,-1,0,0
389.223,285.841,5.866,0.633,125,380,0,-1,0,0
395.089,286.474,5.866,0.633,125,375,0,-1,0,0
400.955,287.107,5.866,0.633,125,370,0,-1,0,0
406.821,287.741,5.866,0.633,125,365,0,-1,0,0
412.686,288.374,5.866,0.633,125,360,0,-1,0,0
418.552,289.007,5.866,0.633,125,355,0,-1,0,0
424.418,289.641,5.866,0.633,125,350,0,-1,0,0
430.284,290.274,5.866,0.633,125,345,0,-1,0,0
436.15,290.907,5.866,0.633,125,340,0,-1,0,0
442.016,291.541,5.866,0.633,125,335,0,-1,0,0
447.882,292.174,5.866,0.633,125,330,0,-1,0,0
453.748,292.807,5.866,0.633,125,325,0,-1,0,0
459.614,293.44,5.866,0.633,125,320,0,-1,0,0
465.48,294.074,5.866,0.633,125,315,0,-1,0,0
471.346,294.707,5.866,0.633,125,310,0,-1,0,0
477.211,295.34,5.866,0.633,125,305,0,-1,0,0
483.077,295.974,5.866,0.633,125,300,0,-1,0,0
488.943,296.607,5.866,0.633,125,295,0,-1,0,0
494.809,297.24,5.866,0.633,125,290,0,-1,0,0
500.675,297.874,5.866,0.633,125,285,0,-1,0,0
506.541,298.507,5.866,0.633,125,280,0,-1,0,0
512.407,299.14,5.866,0.633,125,275,0,-1,0,0
518.273,299.774,5.866,0.633,125,270,0,-1,0,0
524.139,300.407,5.866,0.633,125,265,0,-1,0,0
530.005,301.04,5.866,0.633,125,260,0,-1,0,0
535.871,301.674,5.866,0.633,125,255,0,-1,0,0
541.736,302.307,5.866,0.633,125,250,0,-1,0,0
547.602,302.94,5.866,0.633,125,245,0,-1,0,0
553.468,303.574,5.866,0.633,125,240,0,-1,0,0
559.334,304.207,5.866,0.633,125,235,0,-1,0,0
565.2,304.84,5.866,0.633,125,230,0,-1,0,0
571.066,305.474,5.866,0.633,125,225,0,-1,0,0
576.932,306.107,5.866,0.633,125,220,0,-1,0,0
582.798,306.74,5.866,0.633,125,220,0,0,0,0
588.664,307.374,5.866,0.633,125,220,0,0,0,0
594.53,308.007,5.866,0.633,125,220,0,0,0,0
600.396,308.64,5.866,0.633,125,220,0,0,0,0
606.261,309.273,5.866,0.633,125,220,0,0,0,0
612.127,309.907,5.866,0.633,125,220,0,0,0,0
617.993,310.54,5.866,0.633,125,220,0,0,0,0
623.859,311.173,5.866,0.633,125,220,0,0,0,0
629.725,311.807,5.866,0.633,125,220,0,0,0,0
635.591,312.44,5.866,0.633,125,220,0,0,0,0
641.457,313.073,5.866,0.633,125,220,0,0,0,0
647.323,313.707,5.866,0.633,125,220,0,0,0,0
653.189,314.34,5.866,0.633,125,220,0,0,0,0
659.055,314.973,5.866,0.633,125,220,0,0,0,0
664.921,315.607,5.866,0.633,125,220,0,0,0,0
670.787,316.24,5.866,0.633,125,220,0,0,0,0
676.652,316.873,5.866,0.633,125,220,0,0,0,0
682.518,317.507,5.866,0.633,125,220,0,0,0,0
688.384,318.14,5.866,0.633,125,225,0,1,0,0
694.25,318.773,5.866,0.633,125,230,0,1,0,0
700.116,319.407,5.866,0.633,125,235,0,1,0,0
705.982,320.04,5.866,0.633,125,240,0,1,0,0
711.848,320.673,5.866,0.633,125,245,0,1,0,0
717.714,321.307,5.866,0.633,125,250,0,1,0,0
723.58,321.94,5.866,0.633,125,255,0,1,0,0
729.446,322.573,5.866,0.633,125,260,0,1,0,0
735.312,323.207,5.866,0.633,125,265,0,1,0,0
741.177,323.84,5.866,0.633,125,270,0,1,0,0
747.043,324.473,5.866,0.633,125,275,0,1,0,0
752.909,325.106,5.866,0.633,125,280,0,1,0,0
751.0,325.74,-6.199,0.12,125,285,0,1,0,0
744.801,325.86,-6.199,0.12,125,290,0,1,0,0
738.602,325.98,-6.199,0.12,125,295,0,1,0,0
732.403,326.1,-6.199,0.12,125,300,0,1,0,0
726.205,326.22,-6.199,0.12,125,305,0,1,0,0
720.006,326.34,-6.199,0.12,125,310,0,1,0,0
713.807,326.46,-6.199,0.12,125,315,0,1,0,0
707.608,326.58,-6.199,0.12,125,320,0,1,0,0
701.409,326.7,-6.199,0.12,125,325,0,1,0,0
695.21,326.82,-6.199,0.12,125,330,0,1,0,0
689.012,326.941,-6.199,0.12,125,335,0,1,0,0
682.813,327.061,-6.199,0.12,125,340,0,1,0,0
676.614,327.181,-6.199,0.12,125,345,0,1,0,0
670.415,327.301,-6.199,0.12,125,350,0,1,0,0
664.216,327.421,-6.199,0.12,125,355,0,1,0,0
658.017,327.541,-6.199,0.12,125,355,0,0,0,0
651.819,327.661,-6.199,0.12,125,355,0,0,0,0
645.62,327.781,-6.199,0.12,130,355,1,0,0,0
639.421,327.901,-6.199,0.12,135,355,1,0,0,0
633.222,328.021,-6.199,0.12,140,355,1,0,0,0
627.023,328.141,-6.199,0.12,145,355,1,0,0,0
620.824,328.261,-6.199,0.12,150,355,1,0,0,0
614.626,328.381,-6.199,0.12,155,355,1,0,0,0
608.427,328.502,-6.199,0.12,160,355,1,0,0,0
602.228,328.622,-6.199,0.12,165,355,1,0,0,0
596.029,328.742,-6.199,0.12,170,355,1,0,0,0
589.83,328.862,-6.199,0.12,175,355,1,0,0,0
583.631,328.982,-6.199,0.12,180,355,1,0,0,0
577.433,329.102,-6.199,0.12,185,355,1,0,0,0
571.234,329.222,-6.199,0.12,190,355,1,0,0,0
565.035,329.342,-6.199,0.12,195,355,1,0,0,0
558.836,329.462,-6.199,0.12,200,355,1,0,0,0
552.637,329.582,-6.199,0.12,205,355,1,0,0,0
546.438,329.702,-6.199,0.12,210,355,1,0,0,0
540.24,329.822,-6.199,0.12,215,355,1,0,0,0
534.041,329.942,-6.199,0.12,220,355,1,0,0,0
527.842,330.063,-6.199,0.12,225,355,1,0,0,0
521.643,330.183,-6.199,0.12,230,355,1,0,0,0
515.444,330.303,-6.199,0.12,235,355,1,0,0,0
509.245,330.423,-6.199,0.12,240,355,1,0,0,0
503.047,330.543,-6.199,0.12,245,355,1,0,0,0
496.848,330.663,-6.199,0.12,250,355,1,0,0,0
490.649,330.783,-6.199,0.12,250,355,0,0,0,0
484.45,330.903,-6.199,0.12,250,355,0,0,0,0
478.251,331.023,-6.199,0.12,250,355,0,0,0,0
472.052,331.143,-6.199,0.12,250,355,0,0,0,0
465.853,331.263,-6.199,0.12,250,355,0,0,0,0
459.655,331.383,-6.199,0.12,250,355,0,0,0,0
453.456,331.503,-6.199,0.12,250,355,0,0,0,0
447.257,331.623,-6.199,0.12,250,355,0,0,0,0
441.058,331.744,-6.199,0.12,250,355,0,0,0,0
434.859,331.864,-6.199,0.12,250,355,0,0,0,0
428.66,331.984,-6.199,0.12,250,355,0,0,0,0
422.462,332.104,-6.199,0.12,250,355,0,0,0,0
416.263,332.224,-6.199,0.12,250,355,0,0,0,0
410.064,332.344,-6.199,0.12,250,355,0,0,0,0
403.865,332.464,-6.199,0.12,250,355,0,0,0,0
397.666,332.584,-6.199,0.12,250,355,0,0,0,0
391.467,332.704,-6.199,0.12,250,355,0,0,0,0
385.269,332.824,-6.199,0.12,250,355,0,0,0,0
379.07,332.944,-6.199,0.12,250,355,0,0,0,0
372.871,333.064,-6.199,0.12,250,355,0,0,0,0
366.672,333.184,-6.199,0.12,255,355,1,0,0,0
360.473,333.305,-6.199,0.12,260,355,1,0,0,0
354.274,333.425,-6.199,0.12,265,355,1,0,0,0
348.076,333.545,-6.199,0.12,270,355,1,0,0,0
341.877,333.665,-6.199,0.12,275,355,1,0,0,0
335.678,333.785,-6.199,0.12,280,355,1,0,0,0
329.479,333.905,-6.199,0.12,280,355,0,0,0,0
323.28,334.025,-6.199,0.12,280,355,0,0,0,0
317.081,334.145,-6.199,0.12,280,355,0,0,0,0
310.883,334.265,-6.199,0.12,280,355,0,0,0,0
304.684,334.385,-6.199,0.12,280,355,0,0,0,0
298.485,334.505,-6.199,0.12,280,355,0,0,0,0
292.286,334.625,-6.199,0.12,280,355,0,0,0,0
286.087,334.745,-6.199,0.12,280,355,0,0,0,0
279.888,334.866,-6.199,0.12,280,355,0,0,0,0
273.69,334.986,-6.199,0.12,280,355,0,0,0,0
267.491,335.106,-6.199,0.12,280,355,0,0,0,0
261.292,335.226,-6.199,0.12,280,355,0,0,0,0
255.093,335.346,-6.199,0.12,280,355,0,0,0,0
248.894,335.466,-6.199,0.12,280,355,0,0,0,0
242.695,335.586,-6.199,0.12,280,355,0,0,0,0
236.497,335.706,-6.199,0.12,280,355,0,0,0,0
230.298,335.826,-6.199,0.12,280,355,0,0,0,0
224.099,335.946,-6.199,0.12,280,355,0,0,0,0
217.9,336.066,-6.199,0.12,280,355,0,0,0,0
211.701,336.186,-6.199,0.12,280,355,0,0,0,0
205.502,336.306,-6.199,0.12,280,355,0,0,0,0
199.303,336.426,-6.199,0.12,280,355,0,0,0,0
193.105,336.547,-6.199,0.12,280,355,0,0,0,0
186.906,336.667,-6.199,0.12,280,355,0,0,0,0
180.707,336.787,-6.199,0.12,280,355,0,0,0,0
174.508,336.907,-6.199,0.12,285,355,1,0,0,0
168.309,337.027,-6.199,0.12,290,355,1,0,0,0
162.11,337.147,-6.199,0.12,295,355,1,0,0,0
155.912,337.267,-6.199,0.12,300,355,1,0,0,0
149.713,337.387,-6.199,0.12,305,355,1,0,0,0
143.514,337.507,-6.199,0.12,305,355,0,0,0,0
137.315,337.627,-6.199,0.12,305,355,0,0,0,0
131.116,337.747,-6.199,0.12,305,355,0,0,0,0
124.917,337.867,-6.199,0.12,305,355,0,0,0,0
118.719,337.987,-6.199,0.12,305,355,0,0,0,0
112.52,338.108,-6.199,0.12,305,355,0,0,0,0
106.321,338.228,-6.199,0.12,305,355,0,0,0,0
100.122,338.348,-6.199,0.12,305,355,0,0,0,0
93.923,338.468,-6.199,0.12,305,355,0,0,0,0
87.724,338.588,-6.199,0.12,305,355,0,0,0,0
81.526,338.708,-6.199,0.12,305,355,0,0,0,0
75.327,338.828,-6.199,0.12,305,355,0,0,0,0
69.128,338.948,-6.199,0.12,305,355,0,0,0,0
62.929,339.068,-6.199,0.12,305,355,0,0,0,0
56.73,339.188,-6.199,0.12,305,355,0,0,0,0
50.531,339.308,-6.199,0.12,305,355,0,0,0,0
49.0,339.428,6.431,-0.945,305,355,0,0,0,0
55.431,338.484,6.431,-0.945,305,355,0,0,0,0
61.862,337.539,6.431,-0.945,305,355,0,0,0,0
68.293,336.594,6.431,-0.945,305,355,0,0,0,0
74.724,335.649,6.431,-0.945,305,355,0,0,0,0
81.155,334.705,6.431,-0.945,305,355,0,0,0,0
87.586,333.76,6.431,-0.945,305,355,0,0,0,0
94.017,332.815,6.431,-0.945,305,355,0,0,0,0
100.448,331.87,6.431,-0.945,305,355,0,0,0,0
106.879,330.925,6.431,-0.945,305,355,0,0,0,0
113.31,329.981,6.431,-0.945,305,355,0,0,0,0
119.741,329.036,6.431,-0.945,305,355,0,0,0,0
126.172,328.091,6.431,-0.945,305,355,0,0,0,0
132.603,327.146,6.431,-0.945,305,355,0,0,0,0
139.034,326.202,6.431,-0.945,305,355,0,0,0,0
145.465,325.257,6.431,-0.945,305,355,0,0,0,0
151.896,324.312,6.431,-0.945,305,355,0,0,0,0
158.327,323.367,6.431,-0.945,305,355,0,0,0,0
164.758,322.423,6.431,-0.945,305,355,0,0,0,0
171.188,321.478,6.431,-0.945,305,355,0,0,0,0
177.619,320.533,6.431,-0.945,305,355,0,0,0,0
184.05,319.588,6.431,-0.945,305,355,0,0,0,0
190.481,318.644,6.431,-0.945,305,355,0,0,0,0
196.912,317.699,6.431,-0.945,305,355,0,0,0,0
203.343,316.754,6.431,-0.945,305,355,0,0,0,0
209.774,315.809,6.431,-0.945,305,355,0,0,0,0
216.205,314.864,6.431,-0.945,305,355,0,0,0,0
222.636,313.92,6.431,-0.945,305,355,0,0,0,0
229.067,312.975,6.431,-0.945,305,355,0,0,0,0
235.498,312.03,6.431,-0.945,305,355,0,0,0,0
241.929,311.085,6.431,-0.945,305,355,0,0,0,0
248.36,310.141,6.431,-0.945,305,355,0,0,0,0
254.791,309.196,6.431,-0.945,305,355,0,0,0,0
261.222,308.251,6.431,-0.945,305,355,0,0,0,0
267.653,307.306,6.431,-0.945,305,355,0,0,0,0
274.084,306.362,6.431,-0.945,305,355,0,0,0,0
280.515,305.417,6.431,-0.945,305,355,0,0,0,0
286.946,304.472,6.431,-0.945,305,355,0,0,0,0
293.377,303.527,6.431,-0.945,305,355,0,0,0,0
299.808,302.583,6.431,-0.945,305,355,0,0,0,0
306.239,301.638,6.431,-0.945,305,355,0,0,0,0
312.67,300.693,6.431,-0.945,305,355,0,0,0,0
319.101,299.748,6.431,-0.945,305,355,0,0,0,0
325.532,298.803,6.431,-0.945,305,355,0,0,0,0
331.963,297.859,6.431,-0.945,305,355,0,0,0,0
338.394,296.914,6.431,-0.945,305,355,0,0,0,0
344.825,295.969,6.431,-0.945,305,355,0,0,0,0
351.256,295.024,6.431,-0.945,305,350,0,-1,0,0
357.687,294.08,6.431,-0.945,300,345,-1,-1,0,0
364.118,293.135,6.431,-0.945,295,340,-1,-1,0,0
370.549,292.19,6.431,-0.945,290,335,-1,-1,0,0
376.98,291.245,6.431,-0.945,285,330,-1,-1,0,0
383.411,290.301,6.431,-0.945,280,325,-1,-1,0,0
389.842,289.356,6.431,-0.945,275,320,-1,-1,0,0
396.273,288.411,6.431,-0.945,270,315,-1,-1,0,0
402.704,287.466,6.431,-0.945,265,310,-1,-1,0,0
409.135,286.522,6.431,-0.945,260,305,-1,-1,0,0
415.565,285.577,6.431,-0.945,255,300,-1,-1,0,0
421.996,284.632,6.431,-0.945,250,295,-1,-1,0,0
428.427,283.687,6.431,-0.945,245,290,-1,-1,0,0
434.858,282.742,6.431,-0.945,240,285,-1,-1,0,0
441.289,281.798,6.431,-0.945,235,280,-1,-1,0,0
447.72,280.853,6.431,-0.945,230,275,-1,-1,0,0
454.151,279.908,6.431,-0.945,225,270,-1,-1,0,0
460.582,278.963,6.431,-0.945,220,265,-1,-1,0,0
467.013,278.019,6.431,-0.945,215,260,-1,-1,0,0
473.444,277.074,6.431,-0.945,210,255,-1,-1,0,0
479.875,276.129,6.431,-0.945,205,250,-1,-1,0,0
486.306,275.184,6.431,-0.945,200,245,-1,-1,0,0
492.737,274.24,6.431,-0.945,200,240,0,-1,0,0
499.168,273.295,6.431,-0.945,200,235,0,-1,0,0
505.599,272.35,6.431,-0.945,200,230,0,-1,0,0
512.03,271.405,6.431,-0.945,200,225,0,-1,0,0
518.461,270.461,6.431,-0.945,200,220,0,-1,0,0
524.892,269.516,6.431,-0.945,200,215,0,-1,0,0
531.323,268.571,6.431,-0.945,200,210,0,-1,0,0
537.754,267.626,6.431,-0.945,200,205,0,-1,0,0
544.185,266.681,6.431,-0.945,200,200,0,-1,0,0
550.616,265.737,6.431,-0.945,200,195,0,-1,0,0
557.047,264.792,6.431,-0.945,200,190,0,-1,0,0
563.478,263.847,6.431,-0.945,200,185,0,-1,0,0
569.909,262.902,6.431,-0.945,200,180,0,-1,0,0
576.34,261.958,6.431,-0.945,200,175,0,-1,0,0
582.771,261.013,6.431,-0.945,200,170,0,-1,0,0
589.202,260.068,6.431,-0.945,200,165,0,-1,0,0
595.633,259.123,6.431,-0.945,200,160,0,-1,0,0
602.064,258.179,6.431,-0.945,200,160,0,0,0,0
608.495,257.234,6.431,-0.945,200,160,0,0,0,0
614.926,256.289,6.431,-0.945,200,160,0,0,0,0
621.357,255.344,6.431,-0.945,200,160,0,0,0,0
627.788,254.4,6.431,-0.945,200,160,0,0,0,0
634.219,253.455,6.431,-0.945,200,160,0,0,0,0
640.65,252.51,6.431,-0.945,200,160,0,0,0,0
647.081,251.565,6.431,-0.945,200,160,0,0,0,0
653.512,250.62,6.431,-0.945,200,160,0,0,0,0
659.942,249.676,6.431,-0.945,200,160,0,0,0,0
666.373,248.731,6.431,-0.945,200,160,0,0,0,0
672.804,247.786,6.431,-0.945,200,160,0,0,0,0
679.235,246.841,6.431,-0.945,200,160,0,0,0,0
685.666,245.897,6.431,-0.945,200,160,0,0,0,0
692.097,244.952,6.431,-0.945,200,160,0,0,0,0
698.528,244.007,6.431,-0.945,200,160,0,0,0,0
704.959,243.062,6.431,-0.945,200,160,0,0,0,0
711.39,242.118,6.431,-0.945,200,160,0,0,0,0
717.821,241.173,6.431,-0.945,200,160,0,0,0,0
724.252,240.228,6.431,-0.945,200,160,0,0,0,0
730.683,239.283,6.431,-0.945,200,160,0,0,0,0
737.114,238.339,6.431,-0.945,200,160,0,0,0,0
743.545,237.394,6.431,-0.945,200,160,0,0,0,0
749.976,236.449,6.431,-0.945,200,160,0,0,0,0
751.0,235.504,-4.068,5.449,200,160,0,0,0,0
746.932,240.953,-4.068,5.449,200,160,0,0,0,0
742.864,246.402,-4.068,5.449,200,160,0,0,0,0
738.796,251.851,-4.068,5.449,200,160,0,0,0,0
734.728,257.3,-4.068,5.449,200,160,0,0,0,0
730.66,262.749,-4.068,5.449,200,160,0,0,0,0
726.592,268.198,-4.068,5.449,200,160,0,0,0,0
722.524,273.647,-4.068,5.449,200,160,0,0,0,0
718.456,279.096,-4.068,5.449,200,165,0,1,0,0
714.388,284.545,-4.068,5.449,200,170,0,1,0,0
710.32,289.994,-4.068,5.449,200,175,0,1,0,0
706.252,295.443,-4.068,5.449,200,180,0,1,0,0
702.184,300.892,-4.068,5.449,200,185,0,1,0,0
698.116,306.341,-4.068,5.449,200,190,0,1,0,0
694.048,311.79,-4.068,5.449,200,195,0,1,0,0
689.98,317.239,-4.068,5.449,200,200,0,1,0,0
685.912,322.688,-4.068,5.449,200,205,0,1,0,0
681.844,328.137,-4.068,5.449,200,210,0,1,0,0
677.776,333.586,-4.068,5.449,205,215,1,1,0,0
673.708,339.035,-4.068,5.449,210,220,1,1,0,0
669.64,344.484,-4.068,5.449,215,225,1,1,0,0
665.572,349.933,-4.068,5.449,220,230,1,1,0,0
661.504,355.382,-4.068,5.449,225,235,1,1,0,0
657.436,360.831,-4.068,5.449,230,240,1,1,0,0
653.368,366.28,-4.068,5.449,235,245,1,1,0,0
649.3,371.729,-4.068,5.449,240,250,1,1,0,0
645.232,377.178,-4.068,5.449,245,255,1,1,0,0
641.164,382.627,-4.068,5.449,250,260,1,1,0,0
637.096,388.076,-4.068,5.449,255,265,1,1,0,0
633.028,393.525,-4.068,5.449,260,270,1,1,0,0
628.96,398.974,-4.068,5.449,265,275,1,1,0,0
624.892,404.422,-4.068,5.449,270,280,1,1,0,0
620.824,409.871,-4.068,5.449,275,285,1,1,0,0
616.756,415.32,-4.068,5.449,280,290,1,1,0,0
612.688,420.769,-4.068,5.449,285,295,1,1,0,0
608.62,426.218,-4.068,5.449,290,300,1,1,0,0
604.552,431.667,-4.068,5.449,295,305,1,1,0,0
600.484,437.116,-4.068,5.449,300,310,1,1,0,0
596.416,442.565,-4.068,5.449,305,315,1,1,0,0
592.348,448.014,-4.068,5.449,310,320,1,1,0,0
588.28,453.463,-4.068,5.449,315,325,1,1,0,0
584.212,458.912,-4.068,5.449,320,330,1,1,0,0
580.144,464.361,-4.068,5.449,325,335,1,1,0,0
576.076,469.81,-4.068,5.449,330,340,1,1,0,0
572.008,475.259,-4.068,5.449,335,345,1,1,0,0
567.94,480.708,-4.068,5.449,340,350,1,1,0,0
563.872,486.157,-4.068,5.449,345,355,1,1,0,0
559.804,491.606,-4.068,5.449,350,360,1,1,0,0
555.736,497.055,-4.068,5.449,355,365,1,1,0,0
551.668,502.504,-4.068,5.449,360,370,1,1,0,0
547.6,507.953,-4.068,5.449,365,375,1,1,0,0
543.532,513.402,-4.068,5.449,370,380,1,1,0,0
539.464,518.851,-4.068,5.449,375,385,1,1,0,0
535.396,524.3,-4.068,5.449,380,390,1,1,0,0
531.328,529.749,-4.068,5.449,385,395,1,1,0,0
527.26,535.198,-4.068,5.449,390,400,1,1,0,0
523.192,540.647,-4.068,5.449,395,405,1,1,0,0
519.124,546.096,-4.068,5.449,400,410,1,1,0,0
515.056,551.545,-4.068,5.449,400,415,0,1,0,0
510.988,556.994,-4.068,5.449,400,420,0,1,0,0
506.92,562.443,-4.068,5.449,400,425,0,1,0,0
502.852,567.892,-4.068,5.449,400,430,0,1,0,0
498.784,573.341,-4.068,5.449,400,435,0,1,0,0
494.716,578.79,-4.068,5.449,400,440,0,1,0,0
490.648,584.239,-4.068,5.449,400,445,0,1,0,0
486.58,589.688,-4.068,5.449,400,450,0,1,0,0
482.512,594.0,-4.068,-5.449,400,455,0,1,0,0
478.444,588.551,-4.068,-5.449,400,460,0,1,0,0
474.376,583.102,-4.068,-5.449,400,465,0,1,0,0
470.308,577.653,-4.068,-5.449,400,470,0,1,0,0
466.24,572.204,-4.068,-5.449,400,475,0,1,0,0
462.172,566.755,-4.068,-5.449,395,480,-1,1,0,0
458.104,561.306,-4.068,-5.449,390,485,-1,1,0,0
454.036,555.857,-4.068,-5.449,385,490,-1,1,0,0
449.968,550.408,-4.068,-5.449,380,495,-1,1,0,0
445.9,544.959,-4.068,-5.449,375,500,-1,1,0,0
441.832,539.51,-4.068,-5.449,370,505,-1,1,0,0
437.764,534.061,-4.068,-5.449,365,510,-1,1,0,0
433.696,528.612,-4.068,-5.449,360,515,-1,1,0,0
429.628,523.163,-4.068,-5.449,355,520,-1,1,0,0
425.56,517.714,-4.068,-5.449,350,520,-1,1,0,0
421.492,512.265,-4.068,-5.449,345,520,-1,0,0,0
417.424,506.816,-4.068,-5.449,340,520,-1,0,0,0
413.356,501.367,-4.068,-5.449,335,520,-1,0,0,0
409.288,495.918,-4.068,-5.449,330,520,-1,0,0,0
405.22,490.469,-4.068,-5.449,325,520,-1,0,0,0
401.152,485.02,-4.068,-5.449,320,520,-1,0,0,0
397.084,479.572,-4.068,-5.449,315,520,-1,0,0,0
393.016,474.123,-4.068,-5.449,310,520,-1,0,0,0
388.948,468.674,-4.068,-5.449,305,520,-1,0,0,0
384.88,463.225,-4.068,-5.449,300,520,-1,0,0,0
380.812,457.776,-4.068,-5.449,295,520,-1,0,0,0
376.744,452.327,-4.068,-5.449,290,520,-1,0,0,0
372.676,446.878,-4.068,-5.449,285,520,-1,0,0,0
368.608,441.429,-4.068,-5.449,280,520,-1,0,0,0
364.54,435.98,-4.068,-5.449,275,520,-1,0,0,0
360.472,430.531,-4.068,-5.449,270,520,-1,0,0,0
356.404,425.082,-4.068,-5.449,265,520,-1,0,0,0
352.336,419.633,-4.068,-5.449,260,520,-1,0,0,0
348.268,414.184,-4.068,-5.449,255,520,-1,0,0,0
344.2,408.735,-4.068,-5.449,250,520,-1,0,0,0
340.132,403.286,-4.068,-5.449,245,520,-1,0,0,0
336.064,397.837,-4.068,-5.449,240,520,-1,0,0,0
331.996,392.388,-4.068,-5.449,235,520,-1,0,0,0
327.928,386.939,-4.068,-5.449,230,520,-1,0,0,0
323.86,381.49,-4.068,-5.449,225,520,-1,0,0,0
319.792,376.041,-4.068,-5.449,220,520,-1,0,0,0
315.724,370.592,-4.068,-5.449,215,520,-1,0,0,0
311.656,365.143,-4.068,-5.449,210,520,-1,0,0,0
307.588,359.694,-4.068,-5.449,205,520,-1,0,0,0
303.52,354.245,-4.068,-5.449,200,520,-1,0,0,0
299.452,348.796,-4.068,-5.449,195,520,-1,0,0,0
295.384,343.347,-4.068,-5.449,190,520,-1,0,0,0
291.316,337.898,-4.068,-5.449,185,520,-1,0,0,0
287.248,332.449,-4.068,-5.449,180,520,-1,0,0,0
283.179,327.0,-4.068,-5.449,175,515,-1,-1,0,0
279.111,321.551,-4.068,-5.449,170,510,-1,-1,0,0
275.043,316.102,-4.068,-5.449,165,505,-1,-1,0,0
270.975,310.653,-4.068,-5.449,160,500,-1,-1,0,0
266.907,305.204,-4.068,-5.449,155,495,-1,-1,0,0
262.839,299.755,-4.068,-5.449,150,490,-1,-1,0,0
258.771,294.306,-4.068,-5.449,145,485,-1,-1,0,0
254.703,288.857,-4.068,-5.449,140,480,-1,-1,0,0
250.635,283.408,-4.068,-5.449,135,475,-1,-1,0,0
246.567,277.959,-4.068,-5.449,130,470,-1,-1,0,0
242.499,272.51,-4.068,-5.449,125,465,-1,-1,0,0
238.431,267.061,-4.068,-5.449,120,460,-1,-1,0,0
234.363,261.612,-4.068,-5.449,115,455,-1,-1,0,0
230.295,256.163,-4.068,-5.449,110,450,-1,-1,0,0
226.227,250.715,-4.068,-5.449,105,445,-1,-1,0,0
222.159,245.266,-4.068,-5.449,100,440,-1,-1,0,0
218.091,239.817,-4.068,-5.449,95,435,-1,-1,0,0
214.023,234.368,-4.068,-5.449,90,430,-1,-1,0,0
209.955,228.919,-4.068,-5.449,85,425,-1,-1,0,0
205.887,223.47,-4.068,-5.449,80,420,-1,-1,0,0
201.819,218.021,-4.068,-5.449,75,415,-1,-1,0,0
197.751,212.572,-4.068,-5.449,70,410,-1,-1,0,0
193.683,207.123,-4.068,-5.449,65,405,-1,-1,0,0
189.615,201.674,-4.068,-5.449,60,400,-1,-1,0,0
185.547,196.225,-4.068,-5.449,55,395,-1,-1,0,0
181.479,190.776,-4.068,-5.449,50,390,-1,-1,0,0
177.411,185.327,-4.068,-5.449,45,385,-1,-1,0,0
173.343,179.878,-4.068,-5.449,40,380,-1,-1,0,0
169.275,174.429,-4.068,-5.449,35,375,-1,-1,0,0
165.207,168.98,-4.068,-5.449,30,370,-1,-1,0,0
161.139,163.531,-4.068,-5.449,25,365,-1,-1,0,0
157.071,158.082,-4.068,-5.449,20,360,-1,-1,0,0
153.003,152.633,-4.068,-5.449,15,355,-1,-1,0,0
148.935,147.184,-4.068,-5.449,10,350,-1,-1,0,0
144.867,141.735,-4.068,-5.449,5,345,-1,-1,0,0
140.799,136.286,-4.068,-5.449,0,340,-1,-1,0,0
136.731,130.837,-4.068,-5.449,0,335,-1,-1,0,0
132.663,125.388,-4.068,-5.449,0,330,0,-1,0,0
128.595,119.939,-4.068,-5.449,0,325,0,-1,0,0
124.527,114.49,-4.068,-5.449,0,320,0,-1,0,0
120.459,109.041,-4.068,-5.449,0,315,0,-1,0,0
116.391,103.592,-4.068,-5.449,0,310,0,-1,0,0
112.323,98.143,-4.068,-5.449,0,305,0,-1,0,0
108.255,92.694,-4.068,-5.449,0,300,0,-1,0,0
104.187,87.245,-4.068,-5.449,0,295,0,-1,0,0
100.119,81.796,-4.068,-5.449,0,290,0,-1,0,0
96.051,76.347,-4.068,-5.449,0,285,0,-1,0,0
91.983,70.898,-4.068,-5.449,0,280,0,-1,0,0
87.915,65.449,-4.068,-5.449,0,275,0,-1,0,0
83.847,60.0,-4.068,-5.449,0,275,0,0,0,0
79.779,54.551,-4.068,-5.449,0,275,0,0,0,0
75.711,49.102,-4.068,-5.449,0,275,0,0,0,0
71.643,43.653,-4.068,-5.449,0,275,0,0,0,0
67.575,38.204,-4.068,-5.449,0,275,0,0,0,0
63.507,32.755,-4.068,-5.449,0,275,0,0,0,0
59.439,27.306,-4.068,-5.449,0,275,0,0,0,0
55.371,21.858,-4.068,-5.449,0,275,0,0,0,0
51.303,16.409,-4.068,-5.449,0,275,0,0,0,0
49.0,10.96,5.145,-4.893,0,275,0,0,0,0
54.145,6.067,5.145,-4.893,0,275,0,0,0,0
59.29,6.0,5.145,4.893,0,275,0,0,0,0
64.435,10.893,5.145,4.893,0,275,0,0,0,0
69.58,15.786,5.145,4.893,0,275,0,0,0,0
74.725,20.678,5.145,4.893,0,275,0,0,0,0
79.87,25.571,5.145,4.893,0,275,0,0,0,0
85.015,30.464,5.145,4.893,0,275,0,0,0,0
90.16,35.357,5.145,4.893,0,275,0,0,0,0
95.305,40.249,5.145,4.893,0,275,0,0,0,0
100.45,45.142,5.145,4.893,0,275,0,0,0,0
105.595,50.035,5.145,4.893,0,275,0,0,0,0
110.74,54.928,5.145,4.893,0,275,0,0,0,0
115.885,59.82,5.145,4.893,0,275,0,0,0,0
121.03,64.713,5.145,4.893,0,275,0,0,0,0
126.175,69.606,5.145,4.893,0,275,0,0,0,0
131.32,74.499,5.145,4.893,0,275,0,0,0,0
136.465,79.392,5.145,4.893,0,275,0,0,0,0
141.61,84.284,5.145,4.893,0,275,0,0,0,0
146.755,89.177,5.145,4.893,0,275,0,0,0,0
151.9,94.07,5.145,4.893,0,275,0,0,0,0
157.045,98.963,5.145,4.893,0,275,0,0,0,0
162.19,103.855,5.145,4.893,0,275,0,0,0,0
167.335,108.748,5.145,4.893,0,275,0,0,0,0
172.48,113.641,5.145,4.893,0,275,0,0,0,0
177.625,118.534,5.145,4.893,5,275,1,0,0,0
182.769,123.426,5.145,4.893,10,275,1,0,0,0
187.914,128.319,5.145,4.893,15,275,1,0,0,0
193.059,133.212,5.145,4.893,20,275,1,0,0,0
198.204,138.105,5.145,4.893,25,275,1,0,0,0
203.349,142.997,5.145,4.893,30,275,1,0,0,0
208.494,147.89,5.145,4.893,35,275,1,0,0,0
213.639,152.783,5.145,4.893,40,275,1,0,0,0
218.784,157.676,5.145,4.893,45,275,1,0,0,0
223.929,162.569,5.145,4.893,50,275,1,0,0,0
229.074,167.461,5.145,4.893,55,275,1,0,0,0
234.219,172.354,5.145,4.893,60,275,1,0,0,0
239.364,177.247,5.145,4.893,65,280,1,1,0,0
244.509,182.14,5.145,4.893,70,285,1,1,0,0
249.654,187.032,5.145,4.893,75,290,1,1,0,0
254.799,191.925,5.145,4.893,80,295,1,1,0,0
259.944,196.818,5.145,4.893,85,300,1,1,0,0
265.089,201.711,5.145,4.893,90,305,1,1,0,0
270.234,206.603,5.145,4.893,95,310,1,1,0,0
275.379,211.496,5.145,4.893,100,315,1,1,0,0
280.524,216.389,5.145,4.893,105,320,1,1,0,0
285.669,221.282,5.145,4.893,110,325,1,1,0,0
290.814,226.175,5.145,4.893,115,330,1,1,0,0
295.959,231.067,5.145,4.893,120,335,1,1,0,0
301.104,235.96,5.145,4.893,125,340,1,1,0,0
306.249,240.853,5.145,4.893,130,345,1,1,0,0
311.394,245.746,5.145,4.893,135,350,1,1,0,0
316.539,250.638,5.145,4.893,140,355,1,1,0,0
321.684,255.531,5.145,4.893,145,360,1,1,0,0
326.829,260.424,5.145,4.893,150,360,1,0,0,0
331.974,265.317,5.145,4.893,155,360,1,0,0,0
337.119,270.209,5.145,4.893,160,360,1,0,0,0
342.264,275.102,5.145,4.893,165,360,1,0,0,0
347.409,279.995,5.145,4.893,170,360,1,0,0,0
352.554,284.888,5.145,4.893,175,360,1,0,0,0
357.699,289.781,5.145,4.893,180,360,1,0,0,0
362.844,294.673,5.145,4.893,185,360,1,0,0,0
367.989,299.566,5.145,4.893,190,360,1,0,0,0
373.134,304.459,5.145,4.893,195,360,1,0,0,0
378.279,309.352,5.145,4.893,200,360,1,0,0,0
383.424,314.244,5.145,4.893,205,360,1,0,0,0
388.569,319.137,5.145,4.893,210,360,1,0,0,0
393.714,324.03,5.145,4.893,215,360,1,0,0,0
398.859,328.923,5.145,4.893,220,360,1,0,0,0
404.004,333.815,5.145,4.893,225,360,1,0,0,0
409.149,338.708,5.145,4.893,230,360,1,0,0,0
414.294,343.601,5.145,4.893,235,360,1,0,0,0
419.439,348.494,5.145,4.893,240,360,1,0,0,0
424.584,353.387,5.145,4.893,245,360,1,0,0,0
429.729,358.279,5.145,4.893,250,365,1,1,0,0
434.874,363.172,5.145,4.893,255,370,1,1,0,0
440.019,368.065,5.145,4.893,260,375,1,1,0,0
445.164,372.958,5.145,4.893,265,380,1,1,0,0
450.308,377.85,5.145,4.893,270,385,1,1,0,0
455.453,382.743,5.145,4.893,275,390,1,1,0,0
460.598,387.636,5.145,4.893,280,395,1,1,0,0
465.743,392.529,5.145,4.893,280,400,0,1,0,0
470.888,397.421,5.145,4.893,280,405,0,1,0,0
476.033,402.314,5.145,4.893,280,410,0,1,0,0
481.178,407.207,5.145,4.893,280,410,0,0,0,0
486.323,412.1,5.145,4.893,280,410,0,0,0,0
491.468,416.992,5.145,4.893,280,410,0,0,0,0
496.613,421.885,5.145,4.893,280,410,0,0,0,0
501.758,426.778,5.145,4.893,280,410,0,0,0,0
506.903,431.671,5.145,4.893,280,410,0,0,0,0
512.048,436.564,5.145,4.893,280,410,0,0,0,0
517.193,441.456,5.145,4.893,280,410,0,0,0,0
522.338,446.349,5.145,4.893,280,410,0,0,0,0
527.483,451.242,5.145,4.893,280,410,0,0,0,0
532.628,456.135,5.145,4.893,280,410,0,0,0,0
537.773,461.027,5.145,4.893,280,410,0,0,0,0
542.918,465.92,5.145,4.893,280,410,0,0,0,0
548.063,470.813,5.145,4.893,280,410,0,0,0,0
553.208,475.706,5.145,4.893,280,410,0,0,0,0
558.353,480.598,5.145,4.893,280,410,0,0,0,0
563.498,485.491,5.145,4.893,280,410,0,0,0,0
568.643,490.384,5.145,4.893,280,410,0,0,0,0
573.788,495.277,5.145,4.893,280,410,0,0,0,0
578.933,500.17,5.145,4.893,280,410,0,0,0,0
584.078,505.062,5.145,4.893,280,410,0,0,0,0
589.223,509.955,5.145,4.893,280,410,0,0,0,0
594.368,514.848,5.145,4.893,280,410,0,0,0,0
599.513,519.741,5.145,4.893,280,415,0,1,0,0
604.658,524.633,5.145,4.893,280,420,0,1,0,0
609.803,529.526,5.145,4.893,280,425,0,1,0,0
614.948,534.419,5.145,4.893,280,430,0,1,0,0
620.093,539.312,5.145,4.893,280,435,0,1,0,0
625.238,544.204,5.145,4.893,280,440,0,1,0,0
630.383,549.097,5.145,4.893,280,445,0,1,0,0
635.528,553.99,5.145,4.893,280,450,0,1,0,0
640.673,558.883,5.145,4.893,280,455,0,1,0,0
645.818,563.776,5.145,4.893,280,460,0,1,0,0
650.963,568.668,5.145,4.893,280,465,0,1,0,0
656.108,573.561,5.145,4.893,280,470,0,1,0,0
661.253,578.454,5.145,4.893,280,475,0,1,0,0
666.398,583.347,5.145,4.893,280,480,0,1,0,0
671.543,588.239,5.145,4.893,280,485,0,1,0,0
676.688,593.132,5.145,4.893,280,490,0,1,0,0
681.833,594.0,5.145,-4.893,280,495,0,1,0,0
686.978,589.107,5.145,-4.893,280,500,0,1,0,0
692.123,584.214,5.145,-4.893,280,505,0,1,0,0
697.268,579.322,5.145,-4.893,280,510,0,1,0,0
702.413,574.429,5.145,-4.893,280,515,0,1,0,0
707.558,569.536,5.145,-4.893,280,520,0,1,0,0
712.702,564.643,5.145,-4.893,280,520,0,1,0,0
717.847,559.751,5.145,-4.893,280,520,0,1,0,0
722.992,554.858,5.145,-4.893,280,520,0,1,0,0
728.137,549.965,5.145,-4.893,280,520,0,1,0,0
733.282,545.072,5.145,-4.893,280,520,0,1,0,0
738.427,540.18,5.145,-4.893,280,520,0,1,0,0
743.572,535.287,5.145,-4.893,280,520,0,1,0,0
748.717,530.394,5.145,-4.893,280,520,0,1,0,0
751.0,525.501,-4.581,-5.811,280,520,0,1,0,0
746.419,519.69,-4.581,-5.811,280,520,0,1,0,0
741.837,513.879,-4.581,-5.811,280,520,0,1,0,0
737.256,508.068,-4.581,-5.811,280,520,0,1,0,0
732.674,502.256,-4.581,-5.811,280,520,0,1,0,0
728.093,496.445,-4.581,-5.811,280,520,0,1,0,0
723.511,490.634,-4.581,-5.811,280,520,0,0,0,0
718.93,484.823,-4.581,-5.811,280,520,0,0,0,0
714.348,479.012,-4.581,-5.811,280,520,0,0,0,0
709.767,473.2,-4.581,-5.811,280,520,0,0,0,0
705.185,467.389,-4.581,-5.811,280,515,0,-1,0,0
700.604,461.578,-4.581,-5.811,280,510,0,-1,0,0
696.022,455.767,-4.581,-5.811,280,505,0,-1,0,0
691.441,449.956,-4.581,-5.811,280,500,0,-1,0,0
686.859,444.145,-4.581,-5.811,280,495,0,-1,0,0
682.278,438.333,-4.581,-5.811,280,490,0,-1,0,0
677.696,432.522,-4.581,-5.811,280,485,0,-1,0,0
673.115,426.711,-4.581,-5.811,280,480,0,-1,0,0
668.533,420.9,-4.581,-5.811,280,475,0,-1,0,0
663.952,415.089,-4.581,-5.811,275,470,-1,-1,0,0
659.37,409.277,-4.581,-5.811,270,465,-1,-1,0,0
654.789,403.466,-4.581,-5.811,265,460,-1,-1,0,0
650.207,397.655,-4.581,-5.811,260,455,-1,-1,0,0
645.626,391.844,-4.581,-5.811,255,450,-1,-1,0,0
641.044,386.033,-4.581,-5.811,250,445,-1,-1,0,0
636.463,380.221,-4.581,-5.811,245,440,-1,-1,0,0
631.881,374.41,-4.581,-5.811,240,435,-1,-1,0,0
627.3,368.599,-4.581,-5.811,235,430,-1,-1,0,0
622.718,362.788,-4.581,-5.811,230,425,-1,-1,0,0
618.137,356.977,-4.581,-5.811,225,420,-1,-1,0,0
613.555,351.165,-4.581,-5.811,220,415,-1,-1,0,0
608.974,345.354,-4.581,-5.811,215,410,-1,-1,0,0
604.392,339.543,-4.581,-5.811,210,405,-1,-1,0,0
599.811,333.732,-4.581,-5.811,205,400,-1,-1,0,0
595.229,327.921,-4.581,-5.811,200,395,-1,-1,0,0
590.648,322.109,-4.581,-5.811,195,390,-1,-1,0,0
586.067,316.298,-4.581,-5.811,190,385,-1,-1,0,0
581.485,310.487,-4.581,-5.811,185,380,-1,-1,0,0
576.904,304.676,-4.581,-5.811,180,375,-1,-1,0,0
572.322,298.865,-4.581,-5.811,175,370,-1,-1,0,0
567.741,293.053,-4.581,-5.811,170,365,-1,-1,0,0
563.159,287.242,-4.581,-5.811,165,360,-1,-1,0,0
558.578,281.431,-4.581,-5.811,160,355,-1,-1,0,0
553.996,275.62,-4.581,-5.811,155,350,-1,-1,0,0
549.415,269.809,-4.581,-5.811,150,345,-1,-1,0,0
544.833,263.997,-4.581,-5.811,145,340,-1,-1,0,0
540.252,258.186,-4.581,-5.811,140,335,-1,-1,0,0
535.67,252.375,-4.581,-5.811,135,330,-1,-1,0,0
531.089,246.564,-4.581,-5.811,130,325,-1,-1,0,0
526.507,240.753,-4.581,-5.811,125,320,-1,-1,0,0
521.926,234.942,-4.581,-5.811,120,315,-1,-1,0,0
517.344,229.13,-4.581,-5.811,115,310,-1,-1,0,0
512.763,223.319,-4.581,-5.811,110,305,-1,-1,0,0
508.181,217.508,-4.581,-5.811,105,300,-1,-1,0,0
503.6,211.697,-4.581,-5.811,100,295,-1,-1,0,0
499.018,205.886,-4.581,-5.811,95,290,-1,-1,0,0
494.437,200.074,-4.581,-5.811,90,285,-1,-1,0,0
489.855,194.263,-4.581,-5.811,85,280,-1,-1,0,0
485.274,188.452,-4.581,-5.811,80,275,-1,-1,0,0
480.692,182.641,-4.581,-5.811,75,270,-1,-1,0,0
476.111,176.83,-4.581,-5.811,70,265,-1,-1,0,0
471.529,171.018,-4.581,-5.811,65,265,-1,0,0,0
466.948,165.207,-4.581,-5.811,60,265,-1,0,0,0
462.366,159.396,-4.581,-5.811,55,265,-1,0,0,0
457.785,153.585,-4.581,-5.811,50,265,-1,0,0,0
453.203,147.774,-4.581,-5.811,45,265,-1,0,0,0
448.622,141.962,-4.581,-5.811,45,270,0,1,0,0
444.04,136.151,-4.581,-5.811,45,275,0,1,0,0
439.459,130.34,-4.581,-5.811,45,280,0,1,0,0
434.877,124.529,-4.581,-5.811,45,285,0,1,0,0
430.296,118.718,-4.581,-5.811,45,290,0,1,0,0
425.715,112.906,-4.581,-5.811,45,295,0,1,0,0
421.133,107.095,-4.581,-5.811,45,300,0,1,0,0
416.552,101.284,-4.581,-5.811,45,305,0,1,0,0
411.97,95.473,-4.581,-5.811,45,310,0,1,0,0
407.389,89.662,-4.581,-5.811,45,315,0,1,0,0
402.807,83.85,-4.581,-5.811,45,315,0,0,0,0
398.226,78.039,-4.581,-5.811,45,315,0,0,0,0
393.644,72.228,-4.581,-5.811,45,315,0,0,0,0
389.063,66.417,-4.581,-5.811,45,315,0,0,0,0
384.481,60.606,-4.581,-5.811,45,315,0,0,0,0
379.9,54.794,-4.581,-5.811,45,315,0,0,0,0
375.318,48.983,-4.581,-5.811,50,315,1,0,0,0
370.737,43.172,-4.581,-5.811,55,315,1,0,0,0
366.155,37.361,-4.581,-5.811,60,315,1,0,0,0
361.574,31.55,-4.581,-5.811,65,315,1,0,0,0
356.992,25.738,-4.581,-5.811,70,310,1,-1,0,0
352.411,19.927,-4.581,-5.811,75,305,1,-1,0,0
347.829,14.116,-4.581,-5.811,80,300,1,-1,0,0
343.248,8.305,-4.581,-5.811,85,295,1,-1,0,0
338.666,6.0,-4.581,5.811,90,290,1,-1,0,0
334.085,11.811,-4.581,5.811,95,285,1,-1,0,0
329.503,17.622,-4.581,5.811,100,280,1,-1,0,0
324.922,23.434,-4.581,5.811,105,275,1,-1,0,0
320.34,29.245,-4.581,5.811,110,270,1,-1,0,0
315.759,35.056,-4.581,5.811,115,265,1,-1,0,0
311.177,40.867,-4.581,5.811,120,260,1,-1,0,0
306.596,46.678,-4.581,5.811,125,255,1,-1,0,0
302.014,52.49,-4.581,5.811,130,250,1,-1,0,0
297.433,58.301,-4.581,5.811,135,245,1,-1,0,0
292.851,64.112,-4.581,5.811,140,240,1,-1,0,0
288.27,69.923,-4.581,5.811,145,235,1,-1,0,0
283.688,75.734,-4.581,5.811,150,230,1,-1,0,0
279.107,81.546,-4.581,5.811,155,225,1,-1,0,0
274.525,87.357,-4.581,5.811,160,225,1,0,0,0
269.944,93.168,-4.581,5.811,165,225,1,0,0,0
265.363,98.979,-4.581,5.811,170,225,1,0,0,0
260.781,104.79,-4.581,5.811,175,225,1,0,0,0
256.2,110.602,-4.581,5.811,180,225,1,0,0,0
251.618,116.413,-4.581,5.811,185,225,1,0,0,0
247.037,122.224,-4.581,5.811,190,225,1,0,0,0
242.455,128.035,-4.581,5.811,195,225,1,0,0,0
237.874,133.846,-4.581,5.811,200,225,1,0,0,0
233.292,139.657,-4.581,5.811,205,225,1,0,0,0
228.711,145.469,-4.581,5.811,210,225,1,0,0,0
224.129,151.28,-4.581,5.811,215,225,1,0,0,0
219.548,157.091,-4.581,5.811,220,225,1,0,0,0
214.966,162.902,-4.581,5.811,225,225,1,0,0,0
210.385,168.713,-4.581,5.811,230,225,1,0,0,0
205.803,174.525,-4.581,5.811,235,225,1,0,0,0
201.222,180.336,-4.581,5.811,240,225,1,0,0,0
196.64,186.147,-4.581,5.811,245,225,1,0,0,0
192.059,191.958,-4.581,5.811,250,225,1,0,0,0
187.477,197.769,-4.581,5.811,255,225,1,0,0,0
182.896,203.581,-4.581,5.811,260,225,1,0,0,0
178.314,209.392,-4.581,5.811,265,225,1,0,0,0
173.733,215.203,-4.581,5.811,270,225,1,0,0,0
169.151,221.014,-4.581,5.811,275,225,1,0,0,0
164.57,226.825,-4.581,5.811,275,225,0,0,0,0
159.988,232.637,-4.581,5.811,275,225,0,0,0,0
155.407,238.448,-4.581,5.811,275,225,0,0,0,0
150.825,244.259,-4.581,5.811,275,225,0,0,0,0
146.244,250.07,-4.581,5.811,275,225,0,0,0,0
141.662,255.881,-4.581,5.811,275,225,0,0,0,0
137.081,261.693,-4.581,5.811,275,225,0,0,0,0
132.499,267.504,-4.581,5.811,275,225,0,0,0,0
127.918,273.315,-4.581,5.811,275,225,0,0,0,0
123.336,279.126,-4.581,5.811,275,225,0,0,0,0
118.755,284.937,-4.581,5.811,275,225,0,0,0,0
114.173,290.749,-4.581,5.811,275,225,0,0,0,0
109.592,296.56,-4.581,5.811,275,225,0,0,0,0
105.011,302.371,-4.581,5.811,275,225,0,0,0,0
100.429,308.182,-4.581,5.811,275,225,0,0,0,0
95.848,313.993,-4.581,5.811,275,225,0,0,0,0
91.266,319.805,-4.581,5.811,280,225,1,0,0,0
86.685,325.616,-4.581,5.811,285,225,1,0,0,0
82.103,331.427,-4.581,5.811,290,225,1,0,0,0
77.522,337.238,-4.581,5.811,295,225,1,0,0,0
72.94,343.049,-4.581,5.811,300,225,1,0,0,0
68.359,348.861,-4.581,5.811,305,225,1,0,0,0
63.777,354.672,-4.581,5.811,310,225,1,0,0,0
59.196,360.483,-4.581,5.811,315,225,1,0,0,0
54.614,366.294,-4.581,5.811,320,225,1,0,0,0
50.033,372.105,-4.581,5.811,325,225,1,0,0,0
49.0,377.916,7.535,1.584,330,225,1,0,0,0
56.535,379.501,7.535,1.584,335,225,1,0,0,0
64.07,381.085,7.535,1.584,340,225,1,0,0,0
71.606,382.67,7.535,1.584,345,225,1,0,0,0
79.141,384.254,7.535,1.584,350,225,1,0,0,0
86.676,385.839,7.535,1.584,355,225,1,0,0,0
94.211,387.423,7.535,1.584,360,225,1,0,0,0
101.747,389.008,7.535,1.584,365,225,1,0,0,0
109.282,390.592,7.535,1.584,370,225,1,0,0,0
116.817,392.177,7.535,1.584,375,225,1,0,0,0
124.352,393.761,7.535,1.584,380,225,1,0,0,0
131.887,395.345,7.535,1.584,385,225,1,0,0,0
139.423,396.93,7.535,1.584,390,225,1,0,0,0
146.958,398.514,7.535,1.584,395,225,1,0,0,0
154.493,400.099,7.535,1.584,400,225,1,0,0,0
162.028,401.683,7.535,1.584,405,225,1,0,0,0
169.564,403.268,7.535,1.584,410,225,1,0,0,0
177.099,404.852,7.535,1.584,415,225,1,0,0,0
184.634,406.437,7.535,1.584,420,225,1,0,0,0
192.169,408.021,7.535,1.584,420,225,0,0,0,0
199.704,409.605,7.535,1.584,420,225,0,0,0,0
207.24,411.19,7.535,1.584,420,225,0,0,0,0
214.775,412.774,7.535,1.584,420,225,0,0,0,0
222.31,414.359,7.535,1.584,420,225,0,0,0,0
229.845,415.943,7.535,1.584,420,225,0,0,0,0
237.38,417.528,7.535,1.584,420,225,0,0,0,0
244.916,419.112,7.535,1.584,420,225,0,0,0,0
252.451,420.697,7.535,1.584,420,225,0,0,0,0
259.986,422.281,7.535,1.584,420,225,0,0,0,0
267.521,423.865,7.535,1.584,420,225,0,0,0,0
275.057,425.45,7.535,1.584,420,225,0,0,0,0
282.592,427.034,7.535,1.584,420,230,0,1,0,0
290.127,428.619,7.535,1.584,420,235,0,1,0,0
297.662,430.203,7.535,1.584,420,240,0,1,0,0
305.197,431.788,7.535,1.584,420,245,0,1,0,0
312.733,433.372,7.535,1.584,420,250,0,1,0,0
320.268,434.957,7.535,1.584,420,255,0,1,0,0
327.803,436.541,7.535,1.584,420,260,0,1,0,0
335.338,438.126,7.535,1.584,420,265,0,1,0,0
342.874,439.71,7.535,1.584,420,270,0,1,0,0
350.409,441.294,7.535,1.584,420,275,0,1,0,0
357.944,442.879,7.535,1.584,420,280,0,1,0,0
365.479,444.463,7.535,1.584,420,285,0,1,0,0
373.014,446.048,7.535,1.584,420,290,0,1,0,0
380.55,447.632,7.535,1.584,420,295,0,1,0,0
388.085,449.217,7.535,1.584,420,300,0,1,0,0
395.62,450.801,7.535,1.584,420,305,0,1,0,0
403.155,452.386,7.535,1.584,420,310,0,1,0,0
410.691,453.97,7.535,1.584,425,315,1,1,0,0
418.226,455.554,7.535,1.584,430,320,1,1,0,0
425.761,457.139,7.535,1.584,435,325,1,1,0,0
433.296,458.723,7.535,1.584,440,330,1,1,0,0
440.831,460.308,7.535,1.584,445,335,1,1,0,0
448.367,461.892,7.535,1.584,450,340,1,1,0,0
455.902,463.477,7.535,1.584,455,345,1,1,0,0
463.437,465.061,7.535,1.584,460,350,1,1,0,0
470.972,466.646,7.535,1.584,465,355,1,1,0,0
478.507,468.23,7.535,1.584,470,360,1,1,0,0
486.043,469.814,7.535,1.584,475,365,1,1,0,0
493.578,471.399,7.535,1.584,480,370,1,1,0,0
501.113,472.983,7.535,1.584,485,375,1,1,0,0
508.648,474.568,7.535,1.584,490,380,1,1,0,0
516.184,476.152,7.535,1.584,495,385,1,1,0,0
523.719,477.737,7.535,1.584,500,390,1,1,0,0
531.254,479.321,7.535,1.584,505,395,1,1,0,0
538.789,480.906,7.535,1.584,510,400,1,1,0,0
546.324,482.49,7.535,1.584,515,405,1,1,0,0
553.86,484.075,7.535,1.584,520,410,1,1,0,0
561.395,485.659,7.535,1.584,520,415,1,1,0,0
568.93,487.243,7.535,1.584,520,420,1,1,0,0
576.465,488.828,7.535,1.584,520,425,1,1,0,0
584.001,490.412,7.535,1.584,520,430,1,1,0,0
591.536,491.997,7.535,1.584,520,435,1,1,0,0
599.071,493.581,7.535,1.584,520,440,0,1,0,0
606.606,495.166,7.535,1.584,520,445,0,1,0,0
614.141,496.75,7.535,1.584,520,450,0,1,0,0
621.677,498.335,7.535,1.584,520,455,0,1,0,0
629.212,499.919,7.535,1.584,520,460,0,1,0,0
636.747,501.503,7.535,1.584,520,465,0,1,0,0
644.282,503.088,7.535,1.584,520,465,0,0,0,0
651.818,504.672,7.535,1.584,520,465,0,0,0,0
659.353,506.257,7.535,1.584,520,465,0,0,0,0
666.888,507.841,7.535,1.584,520,465,0,0,0,0
674.423,509.426,7.535,1.584,520,465,0,0,0,0
681.958,511.01,7.535,1.584,520,465,0,0,0,0
689.494,512.595,7.535,1.584,520,465,0,0,0,0
697.029,514.179,7.535,1.584,515,465,-1,0,0,0
704.564,515.763,7.535,1.584,510,465,-1,0,0,0
712.099,517.348,7.535,1.584,505,465,-1,0,0,0
719.634,518.932,7.535,1.584,500,465,-1,0,0,0
727.17,520.517,7.535,1.584,495,465,-1,0,0,0
734.705,522.101,7.535,1.584,490,465,-1,0,0,0
742.24,523.686,7.535,1.584,485,465,-1,0,0,0
749.775,525.27,7.535,1.584,480,465,-1,0,0,0
751.0,526.855,-6.726,4.332,475,465,-1,0,0,0
744.274,531.186,-6.726,4.332,470,465,-1,0,0,0
737.548,535.518,-6.726,4.332,465,465,-1,0,0,0
730.822,539.849,-6.726,4.332,460,465,-1,0,0,0
724.096,544.181,-6.726,4.332,455,465,-1,0,0,0
717.37,548.512,-6.726,4.332,450,465,-1,0,0,0
710.645,552.844,-6.726,4.332,445,465,-1,0,0,0
703.919,557.175,-6.726,4.332,440,465,-1,0,0,0
697.193,561.507,-6.726,4.332,435,465,-1,0,0,0
690.467,565.839,-6.726,4.332,430,465,-1,0,0,0
683.741,570.17,-6.726,4.332,425,465,-1,0,0,0
677.015,574.502,-6.726,4.332,420,465,-1,0,0,0
670.289,578.833,-6.726,4.332,415,465,-1,0,0,0
663.563,583.165,-6.726,4.332,415,465,0,0,0,0
656.837,587.496,-6.726,4.332,415,465,0,0,0,0
650.111,591.828,-6.726,4.332,415,465,0,0,0,0
643.386,594.0,-6.726,-4.332,415,465,0,0,0,0
636.66,589.668,-6.726,-4.332,415,465,0,0,0,0
629.934,585.337,-6.726,-4.332,415,465,0,0,0,0
623.208,581.005,-6.726,-4.332,415,465,0,0,0,0
616.482,576.674,-6.726,-4.332,415,465,0,0,0,0
609.756,572.342,-6.726,-4.332,415,465,0,0,0,0
603.03,568.011,-6.726,-4.332,415,465,0,0,0,0
596.304,563.679,-6.726,-4.332,415,465,0,0,0,0
589.578,559.348,-6.726,-4.332,415,465,0,0,0,0
582.852,555.016,-6.726,-4.332,415,465,0,0,0,0
576.127,550.685,-6.726,-4.332,415,465,0,0,0,0
569.401,546.353,-6.726,-4.332,415,465,0,0,0,0
562.675,542.021,-6.726,-4.332,415,465,0,0,0,0
555.949,537.69,-6.726,-4.332,415,465,0,0,0,0
549.223,533.358,-6.726,-4.332,415,465,0,0,0,0
542.497,529.027,-6.726,-4.332,415,465,0,0,0,0
535.771,524.695,-6.726,-4.332,415,465,0,0,0,0
529.045,520.364,-6.726,-4.332,410,465,-1,0,0,0
522.319,516.032,-6.726,-4.332,405,465,-1,0,0,0
515.593,511.701,-6.726,-4.332,400,465,-1,0,0,0
508.868,507.369,-6.726,-4.332,395,465,-1,0,0,0
502.142,503.038,-6.726,-4.332,390,465,-1,0,0,0
495.416,498.706,-6.726,-4.332,385,465,-1,0,0,0
488.69,494.375,-6.726,-4.332,380,465,-1,0,0,0
481.964,490.043,-6.726,-4.332,375,465,-1,0,0,0
475.238,485.711,-6.726,-4.332,370,465,-1,0,0,0
468.512,481.38,-6.726,-4.332,365,465,-1,0,0,0
461.786,477.048,-6.726,-4.332,360,465,-1,0,0,0
455.06,472.717,-6.726,-4.332,355,465,-1,0,0,0
448.334,468.385,-6.726,-4.332,350,465,-1,0,0,0
441.609,464.054,-6.726,-4.332,345,465,-1,0,0,0
434.883,459.722,-6.726,-4.332,340,465,-1,0,0,0
428.157,455.391,-6.726,-4.332,335,465,-1,0,0,0
421.431,451.059,-6.726,-4.332,330,465,-1,0,0,0
414.705,446.728,-6.726,-4.332,325,465,-1,0,0,0
407.979,442.396,-6.726,-4.332,320,465,-1,0,0,0
401.253,438.064,-6.726,-4.332,315,465,-1,0,0,0
394.527,433.733,-6.726,-4.332,310,465,-1,0,0,0
387.801,429.401,-6.726,-4.332,305,465,-1,0,0,0
381.075,425.07,-6.726,-4.332,300,465,-1,0,0,0
374.35,420.738,-6.726,-4.332,295,465,-1,0,0,0
367.624,416.407,-6.726,-4.332,290,465,-1,0,0,0
360.898,412.075,-6.726,-4.332,285,465,-1,0,0,0
354.172,407.744,-6.726,-4.332,280,465,-1,0,0,0
347.446,403.412,-6.726,-4.332,275,465,-1,0,0,0
340.72,399.081,-6.726,-4.332,270,465,-1,0,0,0
333.994,394.749,-6.726,-4.332,265,465,-1,0,0,0
327.268,390.417,-6.726,-4.332,260,465,-1,0,0,0
320.542,386.086,-6.726,-4.332,255,465,-1,0,0,0
313.816,381.754,-6.726,-4.332,250,465,-1,0,0,0
307.091,377.423,-6.726,-4.332,245,465,-1,0,0,0
300.365,373.091,-6.726,-4.332,240,465,-1,0,0,0
293.639,368.76,-6.726,-4.332,235,465,-1,0,0,0
286.913,364.428,-6.726,-4.332,230,465,-1,0,0,0
280.187,360.097,-6.726,-4.332,225,465,-1,0,0,0
273.461,355.765,-6.726,-4.332,220,465,-1,0,0,0
266.735,351.434,-6.726,-4.332,215,465,-1,0,0,0
260.009,347.102,-6.726,-4.332,210,465,-1,0,0,0
253.283,342.77,-6.726,-4.332,205,465,-1,0,0,0
246.557,338.439,-6.726,-4.332,200,465,-1,0,0,0
239.832,334.107,-6.726,-4.332,195,465,-1,0,0,0
233.106,329.776,-6.726,-4.332,195,465,0,0,0,0
226.38,325.444,-6.726,-4.332,195,465,0,0,0,0
219.654,321.113,-6.726,-4.332,195,465,0,0,0,0
212.928,316.781,-6.726,-4.332,195,465,0,0,0,0
206.202,312.45,-6.726,-4.332,195,465,0,0,0,0
199.476,308.118,-6.726,-4.332,195,465,0,0,0,0
192.75,303.787,-6.726,-4.332,195,465,0,0,0,0
186.024,299.455,-6.726,-4.332,195,465,0,0,0,0
179.298,295.124,-6.726,-4.332,195,465,0,0,0,0
172.573,290.792,-6.726,-4.332,195,465,0,0,0,0
165.847,286.46,-6.726,-4.332,195,465,0,0,0,0
159.121,282.129,-6.726,-4.332,195,465,0,0,0,0
152.395,277.797,-6.726,-4.332,195,465,0,0,0,0
145.669,273.466,-6.726,-4.332,195,465,0,0,0,0
138.943,269.134,-6.726,-4.332,190,465,-1,0,0,0
132.217,264.803,-6.726,-4.332,185,465,-1,0,0,0
125.491,260.471,-6.726,-4.332,180,465,-1,0,0,0
118.765,256.14,-6.726,-4.332,175,465,-1,0,0,0
112.039,251.808,-6.726,-4.332,170,465,-1,0,0,0
105.314,247.477,-6.726,-4.332,165,465,-1,0,0,0
98.588,243.145,-6.726,-4.332,160,465,-1,0,0,0
91.862,238.813,-6.726,-4.332,155,465,-1,0,0,0
85.136,234.482,-6.726,-4.332,150,465,-1,0,0,0
78.41,230.15,-6.726,-4.332,145,465,-1,0,0,0
71.684,225.819,-6.726,-4.332,140,465,-1,0,0,0
64.958,221.487,-6.726,-4.332,135,465,-1,0,0,0
58.232,217.156,-6.726,-4.332,135,465,0,0,0,0
51.506,212.824,-6.726,-4.332,135,465,0,0,0,0
49.0,208.493,5.309,6.38,135,465,0,0,0,0
54.309,214.873,5.309,6.38,135,465,0,0,0,0
59.617,221.253,5.309,6.38,135,465,0,0,0,0
64.926,227.634,5.309,6.38,135,465,0,0,0,0
70.234,234.014,5.309,6.38,135,465,0,0,0,0
75.543,240.394,5.309,6.38,135,465,0,0,0,0
80.851,246.775,5.309,6.38,135,465,0,0,0,0
86.16,253.155,5.309,6.38,135,465,0,0,0,0
91.469,259.536,5.309,6.38,135,465,0,0,0,0
96.777,265.916,5.309,6.38,135,465,0,0,0,0
102.086,272.296,5.309,6.38,135,465,0,0,0,0
107.394,278.677,5.309,6.38,135,465,0,0,0,0
112.703,285.057,5.309,6.38,135,465,0,0,0,0
118.011,291.437,5.309,6.38,135,465,0,0,0,0
123.32,297.818,5.309,6.38,135,460,0,-1,0,0
128.629,304.198,5.309,6.38,135,455,0,-1,0,0
133.937,310.578,5.309,6.38,135,450,0,-1,0,0
139.246,316.959,5.309,6.38,135,445,0,-1,0,0
144.554,323.339,5.309,6.38,135,440,0,-1,0,0
149.863,329.72,5.309,6.38,135,435,0,-1,0,0
155.171,336.1,5.309,6.38,135,430,0,-1,0,0
160.48,342.48,5.309,6.38,135,425,0,-1,0,0
165.789,348.861,5.309,6.38,135,420,0,-1,0,0
171.097,355.241,5.309,6.38,135,415,0,-1,0,0
176.406,361.621,5.309,6.38,140,410,1,-1,0,0
181.714,368.002,5.309,6.38,145,405,1,-1,0,0
187.023,374.382,5.309,6.38,150,405,1,0,0,0
192.331,380.762,5.309,6.38,155,405,1,0,0,0
197.64,387.143,5.309,6.38,160,405,1,0,0,0
202.949,393.523,5.309,6.38,165,405,1,0,0,0
208.257,399.904,5.309,6.38,170,405,1,0,0,0
213.566,406.284,5.309,6.38,175,405,1,0,0,0
218.874,412.664,5.309,6.38,180,405,1,0,0,0
224.183,419.045,5.309,6.38,185,405,1,0,0,0
229.491,425.425,5.309,6.38,190,405,1,0,0,0
234.8,431.805,5.309,6.38,195,405,1,0,0,0
240.109,438.186,5.309,6.38,200,405,1,0,0,0
245.417,444.566,5.309,6.38,205,405,1,0,0,0
250.726,450.947,5.309,6.38,210,405,1,0,0,0
256.034,457.327,5.309,6.38,215,405,1,0,0,0
261.343,463.707,5.309,6.38,220,405,1,0,0,0
266.651,470.088,5.309,6.38,225,405,1,0,0,0
271.96,476.468,5.309,6.38,230,405,1,0,0,0
277.269,482.848,5.309,6.38,235,405,1,0,0,0
282.577,489.229,5.309,6.38,240,405,1,0,0,0
287.886,495.609,5.309,6.38,245,405,1,0,0,0
293.194,501.989,5.309,6.38,250,405,1,0,0,0
298.503,508.37,5.309,6.38,255,405,1,0,0,0
303.811,514.75,5.309,6.38,260,405,1,0,0,0
309.12,521.131,5.309,6.38,265,405,1,0,0,0
314.429,527.511,5.309,6.38,270,405,1,0,0,0
319.737,533.891,5.309,6.38,270,405,0,0,0,0
325.046,540.272,5.309,6.38,270,405,0,0,0,0
330.354,546.652,5.309,6.38,270,405,0,0,0,0
335.663,553.032,5.309,6.38,270,405,0,0,0,0
340.971,559.413,5.309,6.38,270,405,0,0,0,0
346.28,565.793,5.309,6.38,270,405,0,0,0,0
351.589,572.173,5.309,6.38,270,405,0,0,0,0
356.897,578.554,5.309,6.38,270,405,0,0,0,0
362.206,584.934,5.309,6.38,270,405,0,0,0,0
367.514,591.315,5.309,6.38,270,405,0,0,0,0
372.823,594.0,5.309,-6.38,270,405,0,0,0,0
378.131,587.62,5.309,-6.38,270,405,0,0,0,0
383.44,581.239,5.309,-6.38,270,405,0,0,0,0
388.749,574.859,5.309,-6.38,270,405,0,0,0,0
394.057,568.479,5.309,-6.38,270,405,0,0,0,0
399.366,562.098,5.309,-6.38,270,405,0,0,0,0
404.674,555.718,5.309,-6.38,265,405,-1,0,0,0
409.983,549.337,5.309,-6.38,260,405,-1,0,0,0
415.292,542.957,5.309,-6.38,255,405,-1,0,0,0
420.6,536.577,5.309,-6.38,250,405,-1,0,0,0
425.909,530.196,5.309,-6.38,245,405,-1,0,0,0
431.217,523.816,5.309,-6.38,240,405,-1,0,0,0
436.526,517.436,5.309,-6.38,235,405,-1,0,0,0
441.834,511.055,5.309,-6.38,230,405,-1,0,0,0
447.143,504.675,5.309,-6.38,225,405,-1,0,0,0
452.452,498.295,5.309,-6.38,220,405,-1,0,0,0
457.76,491.914,5.309,-6.38,215,405,-1,0,0,0
463.069,485.534,5.309,-6.38,210,405,-1,0,0,0
468.377,479.153,5.309,-6.38,205,405,-1,0,0,0
473.686,472.773,5.309,-6.38,200,405,-1,0,0,0
478.994,466.393,5.309,-6.38,195,405,-1,0,0,0
484.303,460.012,5.309,-6.38,190,405,-1,0,0,0
489.612,453.632,5.309,-6.38,185,405,-1,0,0,0
494.92,447.252,5.309,-6.38,180,405,-1,0,0,0
500.229,440.871,5.309,-6.38,175,405,-1,0,0,0
505.537,434.491,5.309,-6.38,170,405,-1,0,0,0
510.846,428.111,5.309,-6.38,165,405,-1,0,0,0
516.154,421.73,5.309,-6.38,160,405,-1,0,0,0
521.463,415.35,5.309,-6.38,155,405,-1,0,0,0
526.772,408.969,5.309,-6.38,150,405,-1,0,0,0
532.08,402.589,5.309,-6.38,145,405,-1,0,0,0
537.389,396.209,5.309,-6.38,140,405,-1,0,0,0
542.697,389.828,5.309,-6.38,135,400,-1,-1,0,0
548.006,383.448,5.309,-6.38,130,395,-1,-1,0,0
553.314,377.068,5.309,-6.38,125,390,-1,-1,0,0
558.623,370.687,5.309,-6.38,120,385,-1,-1,0,0
563.932,364.307,5.309,-6.38,115,380,-1,-1,0,0
569.24,357.926,5.309,-6.38,110,375,-1,-1,0,0
574.549,351.546,5.309,-6.38,105,370,-1,-1,0,0
579.857,345.166,5.309,-6.38,100,365,-1,-1,0,0
585.166,338.785,5.309,-6.38,95,360,-1,-1,0,0
590.474,332.405,5.309,-6.38,90,355,-1,-1,0,0
595.783,326.025,5.309,-6.38,85,350,-1,-1,0,0
601.092,319.644,5.309,-6.38,80,345,-1,-1,0,0
606.4,313.264,5.309,-6.38,80,340,0,-1,0,0
611.709,306.884,5.309,-6.38,80,335,0,-1,0,0
617.017,300.503,5.309,-6.38,80,330,0,-1,0,0
622.326,294.123,5.309,-6.38,80,325,0,-1,0,0
627.634,287.742,5.309,-6.38,80,320,0,-1,0,0
632.943,281.362,5.309,-6.38,80,315,0,-1,0,0
638.252,274.982,5.309,-6.38,80,310,0,-1,0,0
643.56,268.601,5.309,-6.38,80,305,0,-1,0,0
648.869,262.221,5.309,-6.38,80,300,0,-1,0,0
654.177,255.841,5.309,-6.38,80,295,0,-1,0,0
659.486,249.46,5.309,-6.38,80,290,0,-1,0,0
664.794,243.08,5.309,-6.38,80,285,0,-1,0,0
670.103,236.7,5.309,-6.38,80,280,0,-1,0,0
675.412,230.319,5.309,-6.38,80,275,0,-1,0,0
680.72,223.939,5.309,-6.38,80,270,0,-1,0,0
686.029,217.558,5.309,-6.38,80,265,0,-1,0,0
691.337,211.178,5.309,-6.38,80,260,0,-1,0,0
696.646,204.798,5.309,-6.38,80,255,0,-1,0,0
701.954,198.417,5.309,-6.38,80,250,0,-1,0,0
707.263,192.037,5.309,-6.38,80,245,0,-1,0,0
712.572,185.657,5.309,-6.38,80,240,0,-1,0,0
717.88,179.276,5.309,-6.38,80,235,0,-1,0,0
723.189,172.896,5.309,-6.38,80,230,0,-1,0,0
728.497,166.516,5.309,-6.38,80,225,0,-1,0,0
733.806,160.135,5.309,-6.38,80,220,0,-1,0,0
739.114,153.755,5.309,-6.38,80,215,0,-1,0,0
744.423,147.374,5.309,-6.38,80,210,0,-1,0,0
749.732,140.994,5.309,-6.38,80,205,0,-1,0,0
755.04,134.614,5.309,-6.38,80,200,0,-1,0,0
760.349,128.233,5.309,-6.38,80,195,0,-1,0,0
765.657,121.853,5.309,-6.38,80,190,0,-1,0,0
770.966,115.473,5.309,-6.38,80,185,0,-1,0,0
776.274,109.092,5.309,-6.38,80,180,0,-1,0,0
781.583,102.712,5.309,-6.38,80,175,0,-1,0,0
786.892,96.332,5.309,-6.38,80,170,0,-1,0,0
792.2,89.951,5.309,-6.38,80,165,0,-1,0,0
797.509,83.571,5.309,-6.38,80,160,0,-1,0,0
802.817,77.19,5.309,-6.38,80,155,0,-1,0,0
400.0,300.0,-4.746,1.572,80,150,0,-1,1,0
395.254,301.572,-4.746,1.572,80,150,0,0,0,0
390.507,303.144,-4.746,1.572,80,150,0,0,0,0
385.761,304.716,-4.746,1.572,80,150,0,0,0,0
381.014,306.288,-4.746,1.572,80,150,0,0,0,0
376.268,307.86,-4.746,1.572,80,150,0,0,0,0
371.521,309.431,-4.746,1.572,80,150,0,0,0,0
366.775,311.003,-4.746,1.572,80,150,0,0,0,0
362.028,312.575,-4.746,1.572,80,150,0,0,0,0
357.282,314.147,-4.746,1.572,80,150,0,0,0,0
352.535,315.719,-4.746,1.572,80,150,0,0,0,0
347.789,317.291,-4.746,1.572,80,150,0,0,0,0
343.042,318.863,-4.746,1.572,80,150,0,0,0,0
338.296,320.435,-4.746,1.572,80,150,0,0,0,0
333.549,322.007,-4.746,1.572,80,150,0,0,0,0
328.803,323.579,-4.746,1.572,80,150,0,0,0,0
324.056,325.151,-4.746,1.572,80,150,0,0,0,0
319.31,326.723,-4.746,1.572,80,150,0,0,0,0
314.563,328.294,-4.746,1.572,80,150,0,0,0,0
309.817,329.866,-4.746,1.572,80,150,0,0,0,0
305.07,331.438,-4.746,1.572,80,150,0,0,0,0
300.324,333.01,-4.746,1.572,80,150,0,0,0,0
295.577,334.582,-4.746,1.572,80,150,0,0,0,0
290.831,336.154,-4.746,1.572,80,150,0,0,0,0
286.084,337.726,-4.746,1.572,80,150,0,0,0,0
281.338,339.298,-4.746,1.572,80,150,0,0,0,0
276.592,340.87,-4.746,1.572,85,150,1,0,0,0
271.845,342.442,-4.746,1.572,90,150,1,0,0,0
267.099,344.014,-4.746,1.572,95,150,1,0,0,0
262.352,345.586,-4.746,1.572,100,150,1,0,0,0
257.606,347.157,-4.746,1.572,105,150,1,0,0,0
252.859,348.729,-4.746,1.572,110,150,1,0,0,0
248.113,350.301,-4.746,1.572,115,150,1,0,0,0
243.366,351.873,-4.746,1.572,120,150,1,0,0,0
238.62,353.445,-4.746,1.572,125,150,1,0,0,0
233.873,355.017,-4.746,1.572,130,150,1,0,0,0
229.127,356.589,-4.746,1.572,135,150,1,0,0,0
224.38,358.161,-4.746,1.572,140,150,1,0,0,0
219.634,359.733,-4.746,1.572,145,150,1,0,0,0
214.887,361.305,-4.746,1.572,150,150,1,0,0,0
210.141,362.877,-4.746,1.572,155,150,1,0,0,0
205.394,364.449,-4.746,1.572,160,150,1,0,0,0
200.648,366.02,-4.746,1.572,165,150,1,0,0,0
195.901,367.592,-4.746,1.572,170,150,1,0,0,0
191.155,369.164,-4.746,1.572,175,150,1,0,0,0
186.408,370.736,-4.746,1.572,180,150,1,0,0,0
181.662,372.308,-4.746,1.572,185,150,1,0,0,0
176.915,373.88,-4.746,1.572,190,150,1,0,0,0
172.169,375.452,-4.746,1.572,195,150,1,0,0,0
167.422,377.024,-4.746,1.572,200,150,1,0,0,0
162.676,378.596,-4.746,1.572,205,150,1,0,0,0
157.929,380.168,-4.746,1.572,210,150,1,0,0,0
153.183,381.74,-4.746,1.572,215,150,1,0,0,0
148.437,383.312,-4.746,1.572,220,150,1,0,0,0
143.69,384.883,-4.746,1.572,225,150,1,0,0,0
138.944,386.455,-4.746,1.572,230,150,1,0,0,0
134.197,388.027,-4.746,1.572,235,150,1,0,0,0
129.451,389.599,-4.746,1.572,240,150,1,0,0,0
124.704,391.171,-4.746,1.572,245,150,1,0,0,0
119.958,392.743,-4.746,1.572,250,150,1,0,0,0
115.211,394.315,-4.746,1.572,255,150,1,0,0,0
110.465,395.887,-4.746,1.572,260,150,1,0,0,0
105.718,397.459,-4.746,1.572,265,150,1,0,0,0
100.972,399.031,-4.746,1.572,270,150,1,0,0,0
96.225,400.603,-4.746,1.572,275,150,1,0,0,0
91.479,402.175,-4.746,1.572,280,150,1,0,0,0
86.732,403.746,-4.746,1.572,285,150,1,0,0,0
81.986,405.318,-4.746,1.572,290,150,1,0,0,0
77.239,406.89,-4.746,1.572,295,150,1,0,0,0
72.493,408.462,-4.746,1.572,300,150,1,0,0,0
67.746,410.034,-4.746,1.572,305,150,1,0,0,0
63.0,411.606,-4.746,1.572,310,150,1,0,0,0
58.253,413.178,-4.746,1.572,315,150,1,0,0,0
53.507,414.75,-4.746,1.572,320,150,1,0,0,0
48.76,416.322,-4.746,1.572,325,150,1,0,0,0
44.014,417.894,-4.746,1.572,330,150,1,0,0,0
49.0,419.466,2.65,4.59,335,150,1,0,0,0
51.65,424.056,2.65,4.59,340,150,1,0,0,0
54.3,428.646,2.65,4.59,345,150,1,0,0,0
56.95,433.235,2.65,4.59,350,150,1,0,0,0
59.6,437.825,2.65,4.59,355,150,1,0,0,0
62.25,442.415,2.65,4.59,360,150,1,0,0,0
64.9,447.005,2.65,4.59,365,150,1,0,0,0
67.55,451.595,2.65,4.59,370,150,1,0,0,0
70.2,456.185,2.65,4.59,375,150,1,0,0,0
72.85,460.775,2.65,4.59,380,150,1,0,0,0
75.5,465.365,2.65,4.59,385,150,1,0,0,0
78.15,469.955,2.65,4.59,390,150,1,0,0,0
80.8,474.545,2.65,4.59,395,150,1,0,0,0
83.45,479.135,2.65,4.59,400,150,1,0,0,0
86.1,483.725,2.65,4.59,405,150,1,0,0,0
88.75,488.315,2.65,4.59,410,150,1,0,0,0
91.4,492.905,2.65,4.59,415,150,1,0,0,0
94.05,497.495,2.65,4.59,420,150,1,0,0,0
96.7,502.084,2.65,4.59,425,150,1,0,0,0
99.35,506.674,2.65,4.59,430,150,1,0,0,0
102.0,511.264,2.65,4.59,435,150,1,0,0,0
104.65,515.854,2.65,4.59,440,150,1,0,0,0
107.3,520.444,2.65,4.59,445,150,1,0,0,0
109.95,525.034,2.65,4.59,450,150,1,0,0,0
112.6,529.624,2.65,4.59,455,150,1,0,0,0
115.25,534.214,2.65,4.59,460,150,1,0,0,0
117.9,538.804,2.65,4.59,465,150,1,0,0,0
120.55,543.394,2.65,4.59,465,150,0,0,0,0
123.2,547.984,2.65,4.59,465,150,0,0,0,0
125.85,552.574,2.65,4.59,465,150,0,0,0,0
128.5,557.164,2.65,4.59,465,150,0,0,0,0
131.15,561.754,2.65,4.59,465,150,0,0,0,0
133.8,566.344,2.65,4.59,465,150,0,0,0,0
136.45,570.934,2.65,4.59,465,150,0,0,0,0
139.1,575.523,2.65,4.59,465,150,0,0,0,0
141.75,580.113,2.65,4.59,465,150,0,0,0,0
144.4,584.703,2.65,4.59,465,150,0,0,0,0
147.05,589.293,2.65,4.59,465,150,0,0,0,0
149.7,593.883,2.65,4.59,465,150,0,0,0,0
152.35,594.0,2.65,-4.59,465,150,0,0,0,0
155.0,589.41,2.65,-4.59,465,150,0,0,0,0
157.65,584.82,2.65,-4.59,465,150,0,0,0,0
160.3,580.23,2.65,-4.59,465,155,0,1,0,0
162.95,575.64,2.65,-4.59,465,160,0,1,0,0
165.6,571.05,2.65,-4.59,465,165,0,1,0,0
168.25,566.46,2.65,-4.59,465,170,0,1,0,0
170.9,561.87,2.65,-4.59,465,175,0,1,0,0
173.55,557.281,2.65,-4.59,465,180,0,1,0,0
176.2,552.691,2.65,-4.59,465,185,0,1,0,0
178.85,548.101,2.65,-4.59,465,190,0,1,0,0
181.5,543.511,2.65,-4.59,465,195,0,1,0,0
184.15,538.921,2.65,-4.59,465,200,0,1,0,0
186.8,534.331,2.65,-4.59,465,205,0,1,0,0
189.45,529.741,2.65,-4.59,465,210,0,1,0,0
192.1,525.151,2.65,-4.59,465,215,0,1,0,0
194.75,520.561,2.65,-4.59,465,220,0,1,0,0
197.4,515.971,2.65,-4.59,465,225,0,1,0,0
200.05,511.381,2.65,-4.59,465,230,0,1,0,0
202.7,506.791,2.65,-4.59,465,235,0,1,0,0
205.35,502.201,2.65,-4.59,465,240,0,1,0,0
208.0,497.611,2.65,-4.59,465,245,0,1,0,0
210.65,493.021,2.65,-4.59,465,250,0,1,0,0
213.3,488.432,2.65,-4.59,465,255,0,1,0,0
215.95,483.842,2.65,-4.59,465,260,0,1,0,0
218.6,479.252,2.65,-4.59,465,265,0,1,0,0
221.25,474.662,2.65,-4.59,465,270,0,1,0,0
223.9,470.072,2.65,-4.59,465,275,0,1,0,0
226.55,465.482,2.65,-4.59,465,280,0,1,0,0
229.2,460.892,2.65,-4.59,465,285,0,1,0,0
231.85,456.302,2.65,-4.59,465,290,0,1,0,0
234.5,451.712,2.65,-4.59,465,295,0,1,0,0
237.15,447.122,2.65,-4.59,465,300,0,1,0,0
239.8,442.532,2.65,-4.59,465,305,0,1,0,0
242.45,437.942,2.65,-4.59,465,305,0,0,0,0
245.1,433.352,2.65,-4.59,465,305,0,0,0,0
247.75,428.762,2.65,-4.59,465,305,0,0,0,0
250.4,424.172,2.65,-4.59,465,305,0,0,0,0
253.05,419.582,2.65,-4.59,465,305,0,0,0,0
255.7,414.993,2.65,-4.59,465,305,0,0,0,0
258.35,410.403,2.65,-4.59,465,305,0,0,0,0
261.0,405.813,2.65,-4.59,465,305,0,0,0,0
263.65,401.223,2.65,-4.59,465,305,0,0,0,0
266.3,396.633,2.65,-4.59,465,305,0,0,0,0
268.95,392.043,2.65,-4.59,465,305,0,0,0,0
271.6,387.453,2.65,-4.59,465,305,0,0,0,0
274.25,382.863,2.65,-4.59,465,305,0,0,0,0
276.9,378.273,2.65,-4.59,465,305,0,0,0,0
279.55,373.683,2.65,-4.59,465,305,0,0,0,0
282.2,369.093,2.65,-4.59,465,305,0,0,0,0
284.85,364.503,2.65,-4.59,465,305,0,0,0,0
287.5,359.913,2.65,-4.59,465,305,0,0,0,0
290.15,355.323,2.65,-4.59,465,305,0,0,0,0
292.8,350.733,2.65,-4.59,465,305,0,0,0,0
295.45,346.144,2.65,-4.59,465,305,0,0,0,0
298.1,341.554,2.65,-4.59,465,305,0,0,0,0
300.75,336.964,2.65,-4.59,465,305,0,0,0,0
303.4,332.374,2.65,-4.59,465,305,0,0,0,0
306.05,327.784,2.65,-4.59,465,305,0,0,0,0
308.7,323.194,2.65,-4.59,465,305,0,0,0,0
311.35,318.604,2.65,-4.59,465,305,0,0,0,0
314.0,314.014,2.65,-4.59,465,305,0,0,0,0
316.65,309.424,2.65,-4.59,465,305,0,0,0,0
319.3,304.834,2.65,-4.59,465,305,0,0,0,0
321.95,300.244,2.65,-4.59,465,305,0,0,0,0
324.6,295.654,2.65,-4.59,465,305,0,0,0,0
327.25,291.064,2.65,-4.59,465,305,0,0,0,0
329.9,286.474,2.65,-4.59,465,305,0,0,0,0
332.55,281.884,2.65,-4.59,465,305,0,0,0,0
335.2,277.295,2.65,-4.59,465,305,0,0,0,0
337.85,272.705,2.65,-4.59,465,305,0,0,0,0
340.5,268.115,2.65,-4.59,465,305,0,0,0,0
343.15,263.525,2.65,-4.59,465,305,0,0,0,0
345.8,258.935,2.65,-4.59,465,305,0,0,0,0
348.45,254.345,2.65,-4.59,465,305,0,0,0,0
351.1,249.755,2.65,-4.59,465,305,0,0,0,0
353.75,245.165,2.65,-4.59,465,305,0,0,0,0
356.4,240.575,2.65,-4.59,465,305,0,0,0,0
359.05,235.985,2.65,-4.59,465,305,0,0,0,0
361.7,231.395,2.65,-4.59,465,305,0,0,0,0
364.35,226.805,2.65,-4.59,465,305,0,0,0,0
367.0,222.215,2.65,-4.59,465,305,0,0,0,0
369.65,217.625,2.65,-4.59,465,305,0,0,0,0
372.3,213.035,2.65,-4.59,465,305,0,0,0,0
374.95,208.445,2.65,-4.59,465,305,0,0,0,0
377.6,203.856,2.65,-4.59,465,305,0,0,0,0
380.25,199.266,2.65,-4.59,465,305,0,0,0,0
382.9,194.676,2.65,-4.59,465,305,0,0,0,0
385.55,190.086,2.65,-4.59,465,305,0,0,0,0
388.2,185.496,2.65,-4.59,465,305,0,0,0,0
390.85,180.906,2.65,-4.59,465,305,0,0,0,0
393.5,176.316,2.65,-4.59,465,305,0,0,0,0
396.15,171.726,2.65,-4.59,465,305,0,0,0,0
398.8,167.136,2.65,-4.59,465,305,0,0,0,0
401.45,162.546,2.65,-4.59,465,305,0,0,0,0
404.1,157.956,2.65,-4.59,465,305,0,0,0,0
406.75,153.366,2.65,-4.59,465,305,0,0,0,0
409.4,148.776,2.65,-4.59,465,305,0,0,0,0
412.05,144.186,2.65,-4.59,465,305,0,0,0,0
414.7,139.596,2.65,-4.59,465,305,0,0,0,0
417.35,135.007,2.65,-4.59,465,305,0,0,0,0
420.0,130.417,2.65,-4.59,465,305,0,0,0,0
422.65,125.827,2.65,-4.59,465,305,0,0,0,0
425.3,121.237,2.65,-4.59,465,305,0,0,0,0
427.95,116.647,2.65,-4.59,465,305,0,0,0,0
430.6,112.057,2.65,-4.59,465,305,0,0,0,0
433.25,107.467,2.65,-4.59,465,305,0,0,0,0
435.9,102.877,2.65,-4.59,465,305,0,0,0,0
438.55,98.287,2.65,-4.59,465,305,0,0,0,0
441.2,93.697,2.65,-4.59,465,305,0,0,0,0
443.85,89.107,2.65,-4.59,465,305,0,0,0,0
446.5,84.517,2.65,-4.59,465,305,0,0,0,0
449.15,79.927,2.65,-4.59,465,305,0,0,0,0
451.8,75.337,2.65,-4.59,465,305,0,0,0,0
454.45,70.747,2.65,-4.59,465,305,0,0,0,0
457.1,66.158,2.65,-4.59,465,305,0,0,0,0
459.75,61.568,2.65,-4.59,465,305,0,0,0,0
462.4,56.978,2.65,-4.59,465,305,0,0,0,0
465.05,52.388,2.65,-4.59,465,305,0,0,0,0
467.7,47.798,2.65,-4.59,465,305,0,0,0,0
470.35,43.208,2.65,-4.59,465,305,0,0,0,0
473.0,38.618,2.65,-4.59,465,305,0,0,0,0
475.65,34.028,2.65,-4.59,460,305,-1,0,0,0
478.3,29.438,2.65,-4.59,455,305,-1,0,0,0
480.95,24.848,2.65,-4.59,450,305,-1,0,0,0
483.6,20.258,2.65,-4.59,445,305,-1,0,0,0
486.25,15.668,2.65,-4.59,440,305,-1,0,0,0
488.9,11.078,2.65,-4.59,435,305,-1,0,0,0
491.55,6.488,2.65,-4.59,430,305,-1,0,0,0
494.2,6.0,2.65,4.59,425,305,-1,0,0,0
496.85,10.59,2.65,4.59,420,305,-1,0,0,0
499.5,15.18,2.65,4.59,415,305,-1,0,0,0
502.15,19.77,2.65,4.59,410,305,-1,0,0,0
504.8,24.36,2.65,4.59,405,305,-1,0,0,0
507.45,28.95,2.65,4.59,400,305,-1,0,0,0
510.1,33.54,2.65,4.59,395,305,-1,0,0,0
512.75,38.13,2.65,4.59,390,305,-1,0,0,0
515.4,42.719,2.65,4.59,385,305,-1,0,0,0
518.05,47.309,2.65,4.59,380,305,-1,0,0,0
520.7,51.899,2.65,4.59,375,305,-1,0,0,0
523.35,56.489,2.65,4.59,370,305,-1,0,0,0
526.0,61.079,2.65,4.59,365,305,-1,0,0,0
528.65,65.669,2.65,4.59,360,305,-1,0,0,0
531.3,70.259,2.65,4.59,355,305,-1,0,0,0
533.95,74.849,2.65,4.59,350,305,-1,0,0,0
536.6,79.439,2.65,4.59,345,305,-1,0,0,0
539.25,84.029,2.65,4.59,340,305,-1,0,0,0
541.9,88.619,2.65,4.59,335,300,-1,-1,0,0
544.55,93.209,2.65,4.59,330,295,-1,-1,0,0
547.2,97.799,2.65,4.59,325,290,-1,-1,0,0
549.85,102.389,2.65,4.59,320,285,-1,-1,0,0
552.5,106.979,2.65,4.59,315,280,-1,-1,0,0
555.15,111.568,2.65,4.59,310,275,-1,-1,0,0
557.8,116.158,2.65,4.59,305,270,-1,-1,0,0
560.45,120.748,2.65,4.59,300,265,-1,-1,0,0
563.1,125.338,2.65,4.59,295,260,-1,-1,0,0
565.75,129.928,2.65,4.59,290,255,-1,-1,0,0
568.4,134.518,2.65,4.59,285,250,-1,-1,0,0
571.05,139.108,2.65,4.59,285,245,0,-1,0,0
573.7,143.698,2.65,4.59,285,240,0,-1,0,0
576.35,148.288,2.65,4.59,285,235,0,-1,0,0
579.0,152.878,2.65,4.59,285,230,0,-1,0,0
581.65,157.468,2.65,4.59,285,225,0,-1,0,0
584.3,162.058,2.65,4.59,285,220,0,-1,0,0
586.95,166.648,2.65,4.59,285,215,0,-1,0,0
589.6,171.238,2.65,4.59,285,210,0,-1,0,0
592.25,175.828,2.65,4.59,285,205,0,-1,0,0
594.9,180.418,2.65,4.59,285,200,0,-1,0,0
597.55,185.007,2.65,4.59,285,195,0,-1,0,0
600.2,189.597,2.65,4.59,285,195,0,0,0,0
602.85,194.187,2.65,4.59,285,195,0,0,0,0
605.5,198.777,2.65,4.59,285,195,0,0,0,0
608.15,203.367,2.65,4.59,285,195,0,0,0,0
610.8,207.957,2.65,4.59,285,195,0,0,0,0
613.45,212.547,2.65,4.59,285,195,0,0,0,0
616.1,217.137,2.65,4.59,285,195,0,0,0,0
618.75,221.727,2.65,4.59,285,195,0,0,0,0
621.4,226.317,2.65,4.59,285,195,0,0,0,0
624.05,230.907,2.65,4.59,285,195,0,0,0,0
626.7,235.497,2.65,4.59,285,195,0,0,0,0
629.35,240.087,2.65,4.59,285,195,0,0,0,0
632.0,244.677,2.65,4.59,285,195,0,0,0,0
634.65,249.267,2.65,4.59,285,195,0,0,0,0
637.3,253.856,2.65,4.59,285,195,0,0,0,0
639.95,258.446,2.65,4.59,285,195,0,0,0,0
642.6,263.036,2.65,4.59,285,195,0,0,0,0
645.25,267.626,2.65,4.59,285,195,0,0,0,0
647.9,272.216,2.65,4.59,285,195,0,0,0,0
650.55,276.806,2.65,4.59,285,195,0,0,0,0
653.2,281.396,2.65,4.59,285,195,0,0,0,0
655.85,285.986,2.65,4.59,285,195,0,0,0,0
658.5,290.576,2.65,4.59,285,195,0,0,0,0
661.15,295.166,2.65,4.59,285,195,0,0,0,0
663.8,299.756,2.65,4.59,285,195,0,0,0,0
666.45,304.346,2.65,4.59,285,195,0,0,0,0
669.1,308.936,2.65,4.59,285,195,0,0,0,0
671.75,313.526,2.65,4.59,285,195,0,0,0,0
674.4,318.116,2.65,4.59,285,195,0,0,0,0
677.05,322.705,2.65,4.59,285,195,0,0,0,0
679.7,327.295,2.65,4.59,285,195,0,0,0,0
682.35,331.885,2.65,4.59,285,195,0,0,0,0
685.0,336.475,2.65,4.59,285,195,0,0,0,0
687.65,341.065,2.65,4.59,285,195,0,0,0,0
690.3,345.655,2.65,4.59,285,195,0,0,0,0
692.95,350.245,2.65,4.59,285,195,0,0,0,0
695.6,354.835,2.65,4.59,285,195,0,0,0,0
698.25,359.425,2.65,4.59,285,195,0,0,0,0
700.9,364.015,2.65,4.59,285,195,0,0,0,0
703.55,368.605,2.65,4.59,285,195,0,0,0,0
706.2,373.195,2.65,4.59,285,195,0,0,0,0
708.85,377.785,2.65,4.59,285,195,0,0,0,0
711.5,382.375,2.65,4.59,285,195,0,0,0,0
714.15,386.965,2.65,4.59,285,195,0,0,0,0
716.8,391.555,2.65,4.59,285,195,0,0,0,0
719.45,396.144,2.65,4.59,285,195,0,0,0,0
722.1,400.734,2.65,4.59,285,195,0,0,0,0
724.75,405.324,2.65,4.59,285,195,0,0,0,0
727.4,409.914,2.65,4.59,285,195,0,0,0,0
730.05,414.504,2.65,4.59,285,195,0,0,0,0
732.7,419.094,2.65,4.59,285,195,0,0,0,0
735.35,423.684,2.65,4.59,285,195,0,0,0,0
738.0,428.274,2.65,4.59,285,195,0,0,0,0
740.65,432.864,2.65,4.59,285,195,0,0,0,0
743.3,437.454,2.65,4.59,285,195,0,0,0,0
745.95,442.044,2.65,4.59,285,195,0,0,0,0
748.6,446.634,2.65,4.59,285,195,0,0,0,0
751.25,451.224,2.65,4.59,285,195,0,0,0,0
753.9,455.814,2.65,4.59,285,195,0,0,0,0
756.55,460.404,2.65,4.59,285,195,0,0,0,0
759.2,464.993,2.65,4.59,285,195,0,0,0,0
761.85,469.583,2.65,4.59,285,195,0,0,0,0
764.5,474.173,2.65,4.59,285,195,0,0,0,0
767.15,478.763,2.65,4.59,285,195,0,0,0,0
769.8,483.353,2.65,4.59,285,195,0,0,0,0
772.45,487.943,2.65,4.59,285,195,0,0,0,0
775.1,492.533,2.65,4.59,285,195,0,0,0,0
777.75,497.123,2.65,4.59,285,195,0,0,0,0
780.4,501.713,2.65,4.59,285,195,0,0,0,0
783.05,506.303,2.65,4.59,285,200,0,1,0,0
785.7,510.893,2.65,4.59,285,205,0,1,0,0
788.35,515.483,2.65,4.59,285,210,0,1,0,0
791.0,520.073,2.65,4.59,285,215,0,1,0,0
793.65,524.663,2.65,4.59,285,220,0,1,0,0
796.3,529.253,2.65,4.59,285,225,0,1,0,0
798.95,533.842,2.65,4.59,285,230,0,1,0,0
801.6,538.432,2.65,4.59,285,235,0,1,0,0
804.25,543.022,2.65,4.59,285,240,0,1,0,0
400.0,300.0,-4.998,-0.127,285,245,0,1,1,0
395.002,299.873,-4.998,-0.127,285,250,0,1,0,0
390.003,299.745,-4.998,-0.127,285,255,0,1,0,0
385.005,299.618,-4.998,-0.127,285,260,0,1,0,0
380.006,299.491,-4.998,-0.127,285,265,0,1,0,0
375.008,299.363,-4.998,-0.127,285,270,0,1,0,0
370.01,299.236,-4.998,-0.127,285,275,0,1,0,0
365.011,299.109,-4.998,-0.127,285,280,0,1,0,0
360.013,298.981,-4.998,-0.127,285,285,0,1,0,0
355.015,298.854,-4.998,-0.127,285,290,0,1,0,0
350.016,298.727,-4.998,-0.127,285,295,0,1,0,0
345.018,298.599,-4.998,-0.127,285,300,0,1,0,0
340.019,298.472,-4.998,-0.127,285,305,0,1,0,0
335.021,298.345,-4.998,-0.127,285,310,0,1,0,0
330.023,298.217,-4.998,-0.127,285,315,0,1,0,0
325.024,298.09,-4.998,-0.127,285,320,0,1,0,0
320.026,297.963,-4.998,-0.127,285,325,0,1,0,0
315.028,297.835,-4.998,-0.127,285,325,0,0,0,0
310.029,297.708,-4.998,-0.127,285,325,0,0,0,0
305.031,297.581,-4.998,-0.127,285,325,0,0,0,0
300.032,297.454,-4.998,-0.127,285,325,0,0,0,0
295.034,297.326,-4.998,-0.127,285,325,0,0,0,0
290.036,297.199,-4.998,-0.127,285,325,0,0,0,0
285.037,297.072,-4.998,-0.127,285,325,0,0,0,0
280.039,296.944,-4.998,-0.127,285,325,0,0,0,0
275.041,296.817,-4.998,-0.127,285,325,0,0,0,0
270.042,296.69,-4.998,-0.127,285,325,0,0,0,0
265.044,296.562,-4.998,-0.127,285,325,0,0,0,0
260.045,296.435,-4.998,-0.127,285,325,0,0,0,0
255.047,296.308,-4.998,-0.127,285,325,0,0,0,0
250.049,296.18,-4.998,-0.127,285,325,0,0,0,0
245.05,296.053,-4.998,-0.127,285,325,0,0,0,0
240.052,295.926,-4.998,-0.127,280,325,-1,0,0,0
235.054,295.798,-4.998,-0.127,275,325,-1,0,0,0
230.055,295.671,-4.998,-0.127,270,325,-1,0,0,0
225.057,295.544,-4.998,-0.127,265,325,-1,0,0,0
220.058,295.416,-4.998,-0.127,260,325,-1,0,0,0
215.06,295.289,-4.998,-0.127,255,325,-1,0,0,0
210.062,295.162,-4.998,-0.127,255,325,0,0,0,0
205.063,295.034,-4.998,-0.127,255,325,0,0,0,0
200.065,294.907,-4.998,-0.127,255,325,0,0,0,0
195.066,294.78,-4.998,-0.127,255,325,0,0,0,0
190.068,294.652,-4.998,-0.127,255,325,0,0,0,0
185.07,294.525,-4.998,-0.127,255,325,0,0,0,0
180.071,294.398,-4.998,-0.127,255,325,0,0,0,0
175.073,294.27,-4.998,-0.127,255,325,0,0,0,0
170.075,294.143,-4.998,-0.127,255,325,0,0,0,0
165.076,294.016,-4.998,-0.127,255,325,0,0,0,0
160.078,293.888,-4.998,-0.127,255,325,0,0,0,0
155.079,293.761,-4.998,-0.127,255,325,0,0,0,0
150.081,293.634,-4.998,-0.127,255,325,0,0,0,0
145.083,293.506,-4.998,-0.127,255,325,0,0,0,0
140.084,293.379,-4.998,-0.127,255,325,0,0,0,0
135.086,293.252,-4.998,-0.127,255,325,0,0,0,0
130.088,293.125,-4.998,-0.127,255,325,0,0,0,0
125.089,292.997,-4.998,-0.127,255,325,0,0,0,0
120.091,292.87,-4.998,-0.127,255,325,0,0,0,0
115.092,292.743,-4.998,-0.127,255,325,0,0,0,0
110.094,292.615,-4.998,-0.127,255,325,0,0,0,0
105.096,292.488,-4.998,-0.127,255,325,0,0,0,0
100.097,292.361,-4.998,-0.127,255,325,0,0,0,0
95.099,292.233,-4.998,-0.127,255,325,0,0,0,0
90.101,292.106,-4.998,-0.127,255,325,0,0,0,0
85.102,291.979,-4.998,-0.127,255,325,0,0,0,0
80.104,291.851,-4.998,-0.127,255,325,0,0,0,0
75.105,291.724,-4.998,-0.127,255,325,0,0,0,0
70.107,291.597,-4.998,-0.127,255,325,0,0,0,0
65.109,291.469,-4.998,-0.127,255,325,0,0,0,0
60.11,291.342,-4.998,-0.127,255,325,0,0,0,0
55.112,291.215,-4.998,-0.127,255,325,0,0,0,0
50.113,291.087,-4.998,-0.127,255,325,0,0,0,0
49.0,290.96,5.27,-0.56,255,325,0,0,0,0
54.27,290.4,5.27,-0.56,255,325,0,0,0,0
59.541,289.841,5.27,-0.56,255,325,0,0,0,0
64.811,289.281,5.27,-0.56,255,325,0,0,0,0
70.082,288.722,5.27,-0.56,255,325,0,0,0,0
75.352,288.162,5.27,-0.56,255,325,0,0,0,0
80.622,287.603,5.27,-0.56,255,325,0,0,0,0
85.893,287.043,5.27,-0.56,255,325,0,0,0,0
91.163,286.484,5.27,-0.56,255,325,0,0,0,0
96.433,285.924,5.27,-0.56,255,325,0,0,0,0
101.704,285.365,5.27,-0.56,255,325,0,0,0,0
106.974,284.805,5.27,-0.56,255,325,0,0,0,0
112.245,284.246,5.27,-0.56,255,325,0,0,0,0
117.515,283.686,5.27,-0.56,255,325,0,0,0,0
122.785,283.127,5.27,-0.56,255,325,0,0,0,0
128.056,282.567,5.27,-0.56,255,325,0,0,0,0
133.326,282.008,5.27,-0.56,255,325,0,0,0,0
138.597,281.448,5.27,-0.56,255,325,0,0,0,0
143.867,280.889,5.27,-0.56,255,325,0,0,0,0
149.137,280.329,5.27,-0.56,255,325,0,0,0,0
154.408,279.77,5.27,-0.56,255,325,0,0,0,0
159.678,279.21,5.27,-0.56,255,325,0,0,0,0
164.948,278.651,5.27,-0.56,255,325,0,0,0,0
170.219,278.091,5.27,-0.56,255,325,0,0,0,0
175.489,277.532,5.27,-0.56,255,325,0,0,0,0
180.76,276.972,5.27,-0.56,255,325,0,0,0,0
186.03,276.413,5.27,-0.56,255,325,0,0,0,0
191.3,275.853,5.27,-0.56,255,325,0,0,0,0
196.571,275.293,5.27,-0.56,255,325,0,0,0,0
201.841,274.734,5.27,-0.56,255,325,0,0,0,0
207.111,274.174,5.27,-0.56,250,325,-1,0,0,0
212.382,273.615,5.27,-0.56,245,325,-1,0,0,0
217.652,273.055,5.27,-0.56,240,325,-1,0,0,0
222.923,272.496,5.27,-0.56,235,325,-1,0,0,0
228.193,271.936,5.27,-0.56,230,325,-1,0,0,0
233.463,271.377,5.27,-0.56,225,325,-1,0,0,0
238.734,270.817,5.27,-0.56,220,325,-1,0,0,0
244.004,270.258,5.27,-0.56,220,325,0,0,0,0
249.275,269.698,5.27,-0.56,220,325,0,0,0,0
254.545,269.139,5.27,-0.56,220,325,0,0,0,0
259.815,268.579,5.27,-0.56,220,325,0,0,0,0
265.086,268.02,5.27,-0.56,220,325,0,0,0,0
270.356,267.46,5.27,-0.56,220,325,0,0,0,0
275.626,266.901,5.27,-0.56,220,325,0,0,0,0
280.897,266.341,5.27,-0.56,220,325,0,0,0,0
286.167,265.782,5.27,-0.56,220,325,0,0,0,0
291.438,265.222,5.27,-0.56,220,325,0,0,0,0
296.708,264.663,5.27,-0.56,220,325,0,0,0,0
301.978,264.103,5.27,-0.56,220,325,0,0,0,0
307.249,263.544,5.27,-0.56,220,325,0,0,0,0
312.519,262.984,5.27,-0.56,220,325,0,0,0,0
317.79,262.425,5.27,-0.56,220,325,0,0,0,0
323.06,261.865,5.27,-0.56,220,325,0,0,0,0
328.33,261.306,5.27,-0.56,220,325,0,0,0,0
333.601,260.746,5.27,-0.56,220,325,0,0,0,0
338.871,260.186,5.27,-0.56,220,325,0,0,0,0
344.141,259.627,5.27,-0.56,220,325,0,0,0,0
349.412,259.067,5.27,-0.56,220,325,0,0,0,0
354.682,258.508,5.27,-0.56,220,325,0,0,0,0
359.953,257.948,5.27,-0.56,220,325,0,0,0,0
365.223,257.389,5.27,-0.56,220,325,0,0,0,0
370.493,256.829,5.27,-0.56,220,325,0,0,0,0
375.764,256.27,5.27,-0.56,220,325,0,0,0,0
381.034,255.71,5.27,-0.56,220,325,0,0,0,0
386.305,255.151,5.27,-0.56,220,325,0,0,0,0
391.575,254.591,5.27,-0.56,220,325,0,0,0,0
396.845,254.032,5.27,-0.56,220,325,0,0,0,0
402.116,253.472,5.27,-0.56,220,325,0,0,0,0
407.386,252.913,5.27,-0.56,220,325,0,0,0,0
412.656,252.353,5.27,-0.56,220,330,0,1,0,0
417.927,251.794,5.27,-0.56,220,335,0,1,0,0
423.197,251.234,5.27,-0.56,220,340,0,1,0,0
428.468,250.675,5.27,-0.56,220,345,0,1,0,0
433.738,250.115,5.27,-0.56,220,345,0,0,0,0
439.008,249.556,5.27,-0.56,220,345,0,0,0,0
444.279,248.996,5.27,-0.56,220,345,0,0,0,0
449.549,248.437,5.27,-0.56,220,345,0,0,0,0
454.82,247.877,5.27,-0.56,220,345,0,0,0,0
460.09,247.318,5.27,-0.56,220,345,0,0,0,0
465.36,246.758,5.27,-0.56,220,340,0,-1,0,0
470.631,246.199,5.27,-0.56,220,335,0,-1,0,0
475.901,245.639,5.27,-0.56,220,330,0,-1,0,0
481.171,245.079,5.27,-0.56,220,325,0,-1,0,0
486.442,244.52,5.27,-0.56,220,320,0,-1,0,0
491.712,243.96,5.27,-0.56,220,315,0,-1,0,0
496.983,243.401,5.27,-0.56,220,310,0,-1,0,0
502.253,242.841,5.27,-0.56,220,305,0,-1,0,0
507.523,242.282,5.27,-0.56,220,300,0,-1,0,0
512.794,241.722,5.27,-0.56,220,295,0,-1,0,0
518.064,241.163,5.27,-0.56,220,290,0,-1,0,0
523.334,240.603,5.27,-0.56,220,285,0,-1,0,0
528.605,240.044,5.27,-0.56,220,280,0,-1,0,0
533.875,239.484,5.27,-0.56,220,275,0,-1,0,0
539.146,238.925,5.27,-0.56,220,270,0,-1,0,0
544.416,238.365,5.27,-0.56,220,265,0,-1,0,0
549.686,237.806,5.27,-0.56,220,260,0,-1,0,0
554.957,237.246,5.27,-0.56,220,255,0,-1,0,0
560.227,236.687,5.27,-0.56,220,250,0,-1,0,0
565.498,236.127,5.27,-0.56,220,245,0,-1,0,0
570.768,235.568,5.27,-0.56,220,240,0,-1,0,0
576.038,235.008,5.27,-0.56,220,235,0,-1,0,0
581.309,234.449,5.27,-0.56,220,230,0,-1,0,0
586.579,233.889,5.27,-0.56,220,225,0,-1,0,0
591.849,233.33,5.27,-0.56,220,220,0,-1,0,0
597.12,232.77,5.27,-0.56,220,215,0,-1,0,0
602.39,232.211,5.27,-0.56,220,210,0,-1,0,0
607.661,231.651,5.27,-0.56,220,205,0,-1,0,0
612.931,231.092,5.27,-0.56,220,200,0,-1,0,0
618.201,230.532,5.27,-0.56,220,195,0,-1,0,0
623.472,229.972,5.27,-0.56,220,190,0,-1,0,0
628.742,229.413,5.27,-0.56,220,185,0,-1,0,0
634.013,228.853,5.27,-0.56,220,180,0,-1,0,0
639.283,228.294,5.27,-0.56,220,175,0,-1,0,0
644.553,227.734,5.27,-0.56,220,170,0,-1,0,0
649.824,227.175,5.27,-0.56,220,165,0,-1,0,0
655.094,226.615,5.27,-0.56,220,160,0,-1,0,0
660.364,226.056,5.27,-0.56,220,160,0,0,0,0
665.635,225.496,5.27,-0.56,220,160,0,0,0,0
670.905,224.937,5.27,-0.56,220,160,0,0,0,0
676.176,224.377,5.27,-0.56,220,160,0,0,0,0
681.446,223.818,5.27,-0.56,220,160,0,0,0,0
686.716,223.258,5.27,-0.56,220,160,0,0,0,0
691.987,222.699,5.27,-0.56,220,160,0,0,0,0
697.257,222.139,5.27,-0.56,220,160,0,0,0,0
702.528,221.58,5.27,-0.56,220,160,0,0,0,0
707.798,221.02,5.27,-0.56,220,160,0,0,0,0
713.068,220.461,5.27,-0.56,220,160,0,0,0,0
718.339,219.901,5.27,-0.56,220,160,0,0,0,0
723.609,219.342,5.27,-0.56,220,160,0,0,0,0
728.879,218.782,5.27,-0.56,220,160,0,0,0,0
734.15,218.223,5.27,-0.56,220,160,0,0,0,0
739.42,217.663,5.27,-0.56,220,160,0,0,0,0
744.691,217.104,5.27,-0.56,220,160,0,0,0,0
749.961,216.544,5.27,-0.56,220,160,0,0,0,0
751.0,215.985,-5.117,2.276,220,160,0,0,0,0
745.883,218.26,-5.117,2.276,220,160,0,0,0,0
740.766,220.536,-5.117,2.276,220,160,0,0,0,0
735.65,222.811,-5.117,2.276,220,160,0,0,0,0
730.533,225.087,-5.117,2.276,220,160,0,0,0,0
725.416,227.363,-5.117,2.276,220,160,0,0,0,0
720.299,229.638,-5.117,2.276,220,160,0,0,0,0
715.183,231.914,-5.117,2.276,220,160,0,0,0,0
710.066,234.19,-5.117,2.276,220,160,0,0,0,0
704.949,236.465,-5.117,2.276,220,160,0,0,0,0
699.832,238.741,-5.117,2.276,220,160,0,0,0,0
694.715,241.017,-5.117,2.276,220,160,0,0,0,0
689.599,243.292,-5.117,2.276,220,160,0,0,0,0
684.482,245.568,-5.117,2.276,220,160,0,0,0,0
679.365,247.844,-5.117,2.276,220,160,0,0,0,0
674.248,250.119,-5.117,2.276,220,160,0,0,0,0
669.132,252.395,-5.117,2.276,220,160,0,0,0,0
664.015,254.671,-5.117,2.276,220,160,0,0,0,0
658.898,256.946,-5.117,2.276,220,160,0,0,0,0
653.781,259.222,-5.117,2.276,220,160,0,0,0,0
648.664,261.498,-5.117,2.276,220,160,0,0,0,0
643.548,263.773,-5.117,2.276,220,160,0,0,0,0
638.431,266.049,-5.117,2.276,220,160,0,0,0,0
633.314,268.325,-5.117,2.276,220,160,0,0,0,0
628.197,270.6,-5.117,2.276,220,160,0,0,0,0
623.081,272.876,-5.117,2.276,220,160,0,0,0,0
617.964,275.152,-5.117,2.276,225,160,1,0,0,0
612.847,277.427,-5.117,2.276,230,160,1,0,0,0
607.73,279.703,-5.117,2.276,235,160,1,0,0,0
602.613,281.978,-5.117,2.276,240,160,1,0,0,0
597.497,284.254,-5.117,2.276,245,160,1,0,0,0
592.38,286.53,-5.117,2.276,250,160,1,0,0,0
587.263,288.805,-5.117,2.276,255,160,1,0,0,0
582.146,291.081,-5.117,2.276,260,160,1,0,0,0
577.03,293.357,-5.117,2.276,265,160,1,0,0,0
571.913,295.632,-5.117,2.276,270,160,1,0,0,0
566.796,297.908,-5.117,2.276,275,160,1,0,0,0
561.679,300.184,-5.117,2.276,280,160,1,0,0,0
556.562,302.459,-5.117,2.276,285,160,1,0,0,0
551.446,304.735,-5.117,2.276,290,160,1,0,0,0
546.329,307.011,-5.117,2.276,295,160,1,0,0,0
541.212,309.286,-5.117,2.276,300,160,1,0,0,0
536.095,311.562,-5.117,2.276,305,160,1,0,0,0
530.979,313.838,-5.117,2.276,310,160,1,0,0,0
525.862,316.113,-5.117,2.276,315,160,1,0,0,0
520.745,318.389,-5.117,2.276,320,160,1,0,0,0
515.628,320.665,-5.117,2.276,325,160,1,0,0,0
510.512,322.94,-5.117,2.276,330,160,1,0,0,0
505.395,325.216,-5.117,2.276,335,160,1,0,0,0
500.278,327.492,-5.117,2.276,340,160,1,0,0,0
495.161,329.767,-5.117,2.276,345,160,1,0,0,0
490.044,332.043,-5.117,2.276,350,160,1,0,0,0
484.928,334.319,-5.117,2.276,355,160,1,0,0,0
479.811,336.594,-5.117,2.276,360,160,1,0,0,0
474.694,338.87,-5.117,2.276,365,160,1,0,0,0
469.577,341.145,-5.117,2.276,370,160,1,0,0,0
464.461,343.421,-5.117,2.276,375,160,1,0,0,0
459.344,345.697,-5.117,2.276,380,160,1,0,0,0
454.227,347.972,-5.117,2.276,385,160,1,0,0,0
449.11,350.248,-5.117,2.276,390,160,1,0,0,0
443.993,352.524,-5.117,2.276,395,160,1,0,0,0
438.877,354.799,-5.117,2.276,400,160,1,0,0,0
433.76,357.075,-5.117,2.276,405,160,1,0,0,0
428.643,359.351,-5.117,2.276,410,160,1,0,0,0
423.526,361.626,-5.117,2.276,415,160,1,0,0,0
418.41,363.902,-5.117,2.276,420,160,1,0,0,0
413.293,366.178,-5.117,2.276,425,160,1,0,0,0
408.176,368.453,-5.117,2.276,425,160,0,0,0,0
403.059,370.729,-5.117,2.276,425,160,0,0,0,0
397.942,373.005,-5.117,2.276,425,160,0,0,0,0
392.826,375.28,-5.117,2.276,425,160,0,0,0,0
387.709,377.556,-5.117,2.276,425,160,0,0,0,0
382.592,379.832,-5.117,2.276,425,160,0,0,0,0
377.475,382.107,-5.117,2.276,425,160,0,0,0,0
372.359,384.383,-5.117,2.276,425,160,0,0,0,0
367.242,386.659,-5.117,2.276,425,160,0,0,0,0
362.125,388.934,-5.117,2.276,425,160,0,0,0,0
357.008,391.21,-5.117,2.276,425,160,0,0,0,0
351.891,393.486,-5.117,2.276,425,160,0,0,0,0
346.775,395.761,-5.117,2.276,425,160,0,0,0,0
341.658,398.037,-5.117,2.276,425,160,0,0,0,0
336.541,400.312,-5.117,2.276,425,160,0,0,0,0
331.424,402.588,-5.117,2.276,425,160,0,0,0,0
326.308,404.864,-5.117,2.276,425,160,0,0,0,0
321.191,407.139,-5.117,2.276,425,160,0,0,0,0
316.074,409.415,-5.117,2.276,425,160,0,0,0,0
310.957,411.691,-5.117,2.276,425,160,0,0,0,0
305.84,413.966,-5.117,2.276,425,160,0,0,0,0
300.724,416.242,-5.117,2.276,425,160,0,0,0,0
295.607,418.518,-5.117,2.276,425,160,0,0,0,0
290.49,420.793,-5.117,2.276,425,160,0,0,0,0
285.373,423.069,-5.117,2.276,425,160,0,0,0,0
280.257,425.345,-5.117,2.276,430,160,1,0,0,0
275.14,427.62,-5.117,2.276,435,160,1,0,0,0
270.023,429.896,-5.117,2.276,440,160,1,0,0,0
264.906,432.172,-5.117,2.276,445,160,1,0,0,0
259.789,434.447,-5.117,2.276,450,160,1,0,0,0
254.673,436.723,-5.117,2.276,455,160,1,0,0,0
249.556,438.999,-5.117,2.276,460,160,1,0,0,0
244.439,441.274,-5.117,2.276,460,160,0,0,0,0
239.322,443.55,-5.117,2.276,460,160,0,0,0,0
234.206,445.826,-5.117,2.276,460,160,0,0,0,0
229.089,448.101,-5.117,2.276,460,160,0,0,0,0
223.972,450.377,-5.117,2.276,460,160,0,0,0,0
218.855,452.653,-5.117,2.276,460,160,0,0,0,0
213.738,454.928,-5.117,2.276,460,160,0,0,0,0
208.622,457.204,-5.117,2.276,460,160,0,0,0,0
203.505,459.479,-5.117,2.276,460,160,0,0,0,0
198.388,461.755,-5.117,2.276,460,160,0,0,0,0
193.271,464.031,-5.117,2.276,460,160,0,0,0,0
188.155,466.306,-5.117,2.276,460,160,0,0,0,0
183.038,468.582,-5.117,2.276,460,160,0,0,0,0
177.921,470.858,-5.117,2.276,460,160,0,0,0,0
172.804,473.133,-5.117,2.276,460,160,0,0,0,0
167.687,475.409,-5.117,2.276,460,160,0,0,0,0
162.571,477.685,-5.117,2.276,460,160,0,0,0,0
157.454,479.96,-5.117,2.276,460,160,0,0,0,0
152.337,482.236,-5.117,2.276,465,160,1,0,0,0
147.22,484.512,-5.117,2.276,470,160,1,0,0,0
142.104,486.787,-5.117,2.276,475,160,1,0,0,0
136.987,489.063,-5.117,2.276,480,160,1,0,0,0
131.87,491.339,-5.117,2.276,485,160,1,0,0,0
126.753,493.614,-5.117,2.276,490,160,1,0,0,0
121.637,495.89,-5.117,2.276,495,160,1,0,0,0
116.52,498.166,-5.117,2.276,500,160,1,0,0,0
111.403,500.441,-5.117,2.276,500,160,0,0,0,0
106.286,502.717,-5.117,2.276,500,160,0,0,0,0
101.169,504.993,-5.117,2.276,500,160,0,0,0,0
96.053,507.268,-5.117,2.276,500,160,0,0,0,0
90.936,509.544,-5.117,2.276,500,160,0,0,0,0
85.819,511.82,-5.117,2.276,500,160,0,0,0,0
80.702,514.095,-5.117,2.276,500,160,0,0,0,0
75.586,516.371,-5.117,2.276,500,160,0,0,0,0
70.469,518.646,-5.117,2.276,500,160,0,0,0,0
65.352,520.922,-5.117,2.276,500,160,0,0,0,0
60.235,523.198,-5.117,2.276,500,160,0,0,0,0
55.118,525.473,-5.117,2.276,500,160,0,0,0,0
50.002,527.749,-5.117,2.276,500,160,0,0,0,0
49.0,530.025,5.7,-1.523,500,160,0,0,0,0
54.7,528.501,5.7,-1.523,500,160,0,0,0,0
60.4,526.978,5.7,-1.523,500,160,0,0,0,0
66.1,525.455,5.7,-1.523,500,160,0,0,0,0
71.8,523.931,5.7,-1.523,500,160,0,0,0,0
77.5,522.408,5.7,-1.523,500,160,0,0,0,0
83.2,520.885,5.7,-1.523,500,160,0,0,0,0
88.9,519.361,5.7,-1.523,500,160,0,0,0,0
94.6,517.838,5.7,-1.523,500,160,0,0,0,0
100.3,516.315,5.7,-1.523,500,160,0,0,0,0
106.0,514.791,5.7,-1.523,500,160,0,0,0,0
111.699,513.268,5.7,-1.523,500,160,0,0,0,0
117.399,511.745,5.7,-1.523,500,160,0,0,0,0
123.099,510.221,5.7,-1.523,500,160,0,0,0,0
128.799,508.698,5.7,-1.523,500,160,0,0,0,0
134.499,507.175,5.7,-1.523,500,160,0,0,0,0
140.199,505.651,5.7,-1.523,500,160,0,0,0,0
145.899,504.128,5.7,-1.523,500,160,0,0,0,0
151.599,502.605,5.7,-1.523,500,160,0,0,0,0
157.299,501.081,5.7,-1.523,500,160,0,0,0,0
162.999,499.558,5.7,-1.523,500,160,0,0,0,0
168.699,498.035,5.7,-1.523,500,160,0,0,0,0
174.399,496.511,5.7,-1.523,500,160,0,0,0,0
180.099,494.988,5.7,-1.523,500,160,0,0,0,0
185.799,493.465,5.7,-1.523,500,160,0,0,0,0
191.499,491.941,5.7,-1.523,500,160,0,0,0,0
197.199,490.418,5.7,-1.523,500,160,0,0,0,0
202.899,488.895,5.7,-1.523,500,160,0,0,0,0
208.599,487.371,5.7,-1.523,500,160,0,0,0,0
214.299,485.848,5.7,-1.523,500,160,0,0,0,0
219.999,484.324,5.7,-1.523,500,160,0,0,0,0
225.698,482.801,5.7,-1.523,500,160,0,0,0,0
231.398,481.278,5.7,-1.523,500,160,0,0,0,0
237.098,479.754,5.7,-1.523,500,160,0,0,0,0
242.798,478.231,5.7,-1.523,500,160,0,0,0,0
248.498,476.708,5.7,-1.523,500,160,0,0,0,0
254.198,475.184,5.7,-1.523,500,160,0,0,0,0
259.898,473.661,5.7,-1.523,500,160,0,0,0,0
265.598,472.138,5.7,-1.523,500,160,0,0,0,0
271.298,470.614,5.7,-1.523,500,160,0,0,0,0
276.998,469.091,5.7,-1.523,500,160,0,0,0,0
282.698,467.568,5.7,-1.523,500,160,0,0,0,0
288.398,466.044,5.7,-1.523,500,160,0,0,0,0
294.098,464.521,5.7,-1.523,500,160,0,0,0,0
299.798,462.998,5.7,-1.523,500,160,0,0,0,0
305.498,461.474,5.7,-1.523,500,160,0,0,0,0
311.198,459.951,5.7,-1.523,500,160,0,0,0,0
316.898,458.428,5.7,-1.523,500,160,0,0,0,0
322.598,456.904,5.7,-1.523,500,160,0,0,0,0
328.298,455.381,5.7,-1.523,500,160,0,0,0,0
333.998,453.858,5.7,-1.523,500,160,0,0,0,0
339.697,452.334,5.7,-1.523,500,160,0,0,0,0
345.397,450.811,5.7,-1.523,500,160,0,0,0,0
351.097,449.288,5.7,-1.523,500,165,0,1,0,0
356.797,447.764,5.7,-1.523,500,170,0,1,0,0
362.497,446.241,5.7,-1.523,500,175,0,1,0,0
368.197,444.718,5.7,-1.523,500,180,0,1,0,0
373.897,443.194,5.7,-1.523,500,185,0,1,0,0
379.597,441.671,5.7,-1.523,500,190,0,1,0,0
385.297,440.148,5.7,-1.523,500,195,0,1,0,0
390.997,438.624,5.7,-1.523,500,200,0,1,0,0
396.697,437.101,5.7,-1.523,500,205,0,1,0,0
402.397,435.578,5.7,-1.523,500,210,0,1,0,0
408.097,434.054,5.7,-1.523,500,215,0,1,0,0
413.797,432.531,5.7,-1.523,500,220,0,1,0,0
419.497,431.008,5.7,-1.523,500,225,0,1,0,0
425.197,429.484,5.7,-1.523,500,230,0,1,0,0
430.897,427.961,5.7,-1.523,500,235,0,1,0,0
436.597,426.438,5.7,-1.523,500,240,0,1,0,0
442.297,424.914,5.7,-1.523,500,245,0,1,0,0
447.997,423.391,5.7,-1.523,500,250,0,1,0,0
453.696,421.867,5.7,-1.523,500,255,0,1,0,0
459.396,420.344,5.7,-1.523,500,260,0,1,0,0
465.096,418.821,5.7,-1.523,500,265,0,1,0,0
470.796,417.297,5.7,-1.523,500,270,0,1,0,0
476.496,415.774,5.7,-1.523,500,275,0,1,0,0
482.196,414.251,5.7,-1.523,500,275,0,0,0,0
487.896,412.727,5.7,-1.523,500,275,0,0,0,0
493.596,411.204,5.7,-1.523,500,275,0,0,0,0
499.296,409.681,5.7,-1.523,500,275,0,0,0,0
504.996,408.157,5.7,-1.523,500,275,0,0,0,0
510.696,406.634,5.7,-1.523,500,275,0,0,0,0
516.396,405.111,5.7,-1.523,500,275,0,0,0,0
522.096,403.587,5.7,-1.523,500,275,0,0,0,0
527.796,402.064,5.7,-1.523,500,275,0,0,0,0
533.496,400.541,5.7,-1.523,500,275,0,0,0,0
539.196,399.017,5.7,-1.523,500,275,0,0,0,0
544.896,397.494,5.7,-1.523,500,275,0,0,0,0
550.596,395.971,5.7,-1.523,500,275,0,0,0,0
556.296,394.447,5.7,-1.523,500,275,0,0,0,0
561.996,392.924,5.7,-1.523,500,275,0,0,0,0
567.695,391.401,5.7,-1.523,500,275,0,0,0,0
573.395,389.877,5.7,-1.523,500,275,0,0,0,0
579.095,388.354,5.7,-1.523,500,275,0,0,0,0
584.795,386.831,5.7,-1.523,500,275,0,0,0,0
590.495,385.307,5.7,-1.523,500,275,0,0,0,0
596.195,383.784,5.7,-1.523,500,275,0,0,0,0
601.895,382.261,5.7,-1.523,500,275,0,0,0,0
607.595,380.737,5.7,-1.523,500,275,0,0,0,0
613.295,379.214,5.7,-1.523,500,275,0,0,0,0
618.995,377.691,5.7,-1.523,500,275,0,0,0,0
624.695,376.167,5.7,-1.523,500,275,0,0,0,0
630.395,374.644,5.7,-1.523,500,275,0,0,0,0
636.095,373.121,5.7,-1.523,500,275,0,0,0,0
641.795,371.597,5.7,-1.523,500,275,0,0,0,0
647.495,370.074,5.7,-1.523,500,275,0,0,0,0
653.195,368.551,5.7,-1.523,500,280,0,1,0,0
658.895,367.027,5.7,-1.523,500,285,0,1,0,0
664.595,365.504,5.7,-1.523,500,290,0,1,0,0
670.295,363.981,5.7,-1.523,500,295,0,1,0,0
675.995,362.457,5.7,-1.523,500,300,0,1,0,0
681.694,360.934,5.7,-1.523,500,305,0,1,0,0
687.394,359.41,5.7,-1.523,500,310,0,1,0,0
693.094,357.887,5.7,-1.523,500,315,0,1,0,0
698.794,356.364,5.7,-1.523,500,315,0,0,0,0
704.494,354.84,5.7,-1.523,500,315,0,0,0,0
710.194,353.317,5.7,-1.523,500,315,0,0,0,0
715.894,351.794,5.7,-1.523,500,315,0,0,0,0
721.594,350.27,5.7,-1.523,500,315,0,0,0,0
727.294,348.747,5.7,-1.523,500,315,0,0,0,0
732.994,347.224,5.7,-1.523,500,315,0,0,0,0
738.694,345.7,5.7,-1.523,500,315,0,0,0,0
744.394,344.177,5.7,-1.523,500,315,0,0,0,0
750.094,342.654,5.7,-1.523,500,315,0,0,0,0
751.0,341.13,-5.796,-2.202,500,315,0,0,0,0
745.204,338.928,-5.796,-2.202,500,315,0,0,0,0
739.408,336.726,-5.796,-2.202,500,315,0,0,0,0
733.613,334.524,-5.796,-2.202,500,315,0,0,0,0
727.817,332.322,-5.796,-2.202,500,315,0,0,0,0
722.021,330.12,-5.796,-2.202,500,315,0,0,0,0
716.225,327.918,-5.796,-2.202,500,315,0,0,0,0
710.43,325.716,-5.796,-2.202,500,315,0,0,0,0
704.634,323.514,-5.796,-2.202,500,315,0,0,0,0
698.838,321.311,-5.796,-2.202,500,315,0,0,0,0
693.042,319.109,-5.796,-2.202,500,315,0,0,0,0
687.247,316.907,-5.796,-2.202,500,315,0,0,0,0
681.451,314.705,-5.796,-2.202,500,315,0,0,0,0
675.655,312.503,-5.796,-2.202,495,315,-1,0,0,0
669.859,310.301,-5.796,-2.202,490,315,-1,0,0,0
664.064,308.099,-5.796,-2.202,485,315,-1,0,0,0
658.268,305.897,-5.796,-2.202,480,315,-1,0,0,0
652.472,303.695,-5.796,-2.202,475,315,-1,0,0,0
646.676,301.492,-5.796,-2.202,470,315,-1,0,0,0
640.881,299.29,-5.796,-2.202,465,315,-1,0,0,0
635.085,297.088,-5.796,-2.202,460,315,-1,0,0,0
629.289,294.886,-5.796,-2.202,455,315,-1,0,0,0
623.493,292.684,-5.796,-2.202,450,315,-1,0,0,0
617.698,290.482,-5.796,-2.202,445,315,-1,0,0,0
611.902,288.28,-5.796,-2.202,440,315,-1,0,0,0
606.106,286.078,-5.796,-2.202,435,315,-1,0,0,0
600.31,283.876,-5.796,-2.202,430,315,-1,0,0,0
594.515,281.673,-5.796,-2.202,425,315,-1,0,0,0
588.719,279.471,-5.796,-2.202,420,315,-1,0,0,0
582.923,277.269,-5.796,-2.202,415,315,-1,0,0,0
577.127,275.067,-5.796,-2.202,410,315,-1,0,0,0
571.332,272.865,-5.796,-2.202,405,315,-1,0,0,0
565.536,270.663,-5.796,-2.202,400,315,-1,0,0,0
559.74,268.461,-5.796,-2.202,395,315,-1,0,0,0
553.944,266.259,-5.796,-2.202,390,315,-1,0,0,0
548.149,264.057,-5.796,-2.202,385,315,-1,0,0,0
542.353,261.855,-5.796,-2.202,380,315,-1,0,0,0
536.557,259.652,-5.796,-2.202,375,315,-1,0,0,0
530.761,257.45,-5.796,-2.202,370,315,-1,0,0,0
524.966,255.248,-5.796,-2.202,365,315,-1,0,0,0
519.17,253.046,-5.796,-2.202,360,315,-1,0,0,0
513.374,250.844,-5.796,-2.202,355,315,-1,0,0,0
507.578,248.642,-5.796,-2.202,350,315,-1,0,0,0
501.783,246.44,-5.796,-2.202,345,315,-1,0,0,0
495.987,244.238,-5.796,-2.202,340,315,-1,0,0,0
490.191,242.036,-5.796,-2.202,335,315,-1,0,0,0
484.395,239.833,-5.796,-2.202,330,315,-1,0,0,0
478.6,237.631,-5.796,-2.202,325,315,-1,0,0,0
472.804,235.429,-5.796,-2.202,320,315,-1,0,0,0
467.008,233.227,-5.796,-2.202,315,315,-1,0,0,0
461.212,231.025,-5.796,-2.202,310,315,-1,0,0,0
455.417,228.823,-5.796,-2.202,305,315,-1,0,0,0
449.621,226.621,-5.796,-2.202,300,315,-1,0,0,0
443.825,224.419,-5.796,-2.202,295,315,-1,0,0,0
438.029,222.217,-5.796,-2.202,290,315,-1,0,0,0
432.234,220.014,-5.796,-2.202,285,315,-1,0,0,0
426.438,217.812,-5.796,-2.202,280,315,-1,0,0,0
420.642,215.61,-5.796,-2.202,275,315,-1,0,0,0
414.846,213.408,-5.796,-2.202,270,315,-1,0,0,0
409.051,211.206,-5.796,-2.202,265,315,-1,0,0,0
403.255,209.004,-5.796,-2.202,260,315,-1,0,0,0
397.459,206.802,-5.796,-2.202,255,315,-1,0,0,0
391.663,204.6,-5.796,-2.202,250,315,-1,0,0,0
385.868,202.398,-5.796,-2.202,245,315,-1,0,0,0
380.072,200.195,-5.796,-2.202,240,315,-1,0,0,0
374.276,197.993,-5.796,-2.202,235,315,-1,0,0,0
368.48,195.791,-5.796,-2.202,230,315,-1,0,0,0
362.685,193.589,-5.796,-2.202,225,315,-1,0,0,0
356.889,191.387,-5.796,-2.202,220,315,-1,0,0,0
351.093,189.185,-5.796,-2.202,215,315,-1,0,0,0
345.297,186.983,-5.796,-2.202,210,315,-1,0,0,0
339.502,184.781,-5.796,-2.202,205,315,-1,0,0,0
333.706,182.579,-5.796,-2.202,200,315,-1,0,0,0
327.91,180.377,-5.796,-2.202,195,315,-1,0,0,0
322.114,178.174,-5.796,-2.202,190,315,-1,0,0,0
316.319,175.972,-5.796,-2.202,185,315,-1,0,0,0
310.523,173.77,-5.796,-2.202,180,315,-1,0,0,0
304.727,171.568,-5.796,-2.202,175,315,-1,0,0,0
298.931,169.366,-5.796,-2.202,170,315,-1,0,0,0
293.136,167.164,-5.796,-2.202,165,315,-1,0,0,0
287.34,164.962,-5.796,-2.202,160,315,-1,0,0,0
281.544,162.76,-5.796,-2.202,155,315,-1,0,0,0
275.748,160.558,-5.796,-2.202,150,315,-1,0,0,0
269.953,158.355,-5.796,-2.202,145,315,-1,0,0,0
264.157,156.153,-5.796,-2.202,140,315,-1,0,0,0
258.361,153.951,-5.796,-2.202,135,315,-1,0,0,0
252.565,151.749,-5.796,-2.202,130,315,-1,0,0,0
246.77,149.547,-5.796,-2.202,130,315,0,0,0,0
240.974,147.345,-5.796,-2.202,130,315,0,0,0,0
235.178,145.143,-5.796,-2.202,130,315,0,0,0,0
229.382,142.941,-5.796,-2.202,130,315,0,0,0,0
223.587,140.739,-5.796,-2.202,130,315,0,0,0,0
217.791,138.536,-5.796,-2.202,130,315,0,0,0,0
211.995,136.334,-5.796,-2.202,130,315,0,0,0,0
206.199,134.132,-5.796,-2.202,130,315,0,0,0,0
200.404,131.93,-5.796,-2.202,130,315,0,0,0,0
194.608,129.728,-5.796,-2.202,130,315,0,0,0,0
188.812,127.526,-5.796,-2.202,130,315,0,0,0,0
183.016,125.324,-5.796,-2.202,125,315,-1,0,0,0
177.221,123.122,-5.796,-2.202,120,315,-1,0,0,0
171.425,120.92,-5.796,-2.202,115,315,-1,0,0,0
165.629,118.717,-5.796,-2.202,110,315,-1,0,0,0
159.833,116.515,-5.796,-2.202,105,315,-1,0,0,0
154.038,114.313,-5.796,-2.202,100,315,-1,0,0,0
148.242,112.111,-5.796,-2.202,95,315,-1,0,0,0
142.446,109.909,-5.796,-2.202,90,315,-1,0,0,0
136.65,107.707,-5.796,-2.202,85,315,-1,0,0,0
130.855,105.505,-5.796,-2.202,80,315,-1,0,0,0
125.059,103.303,-5.796,-2.202,75,315,-1,0,0,0
119.263,101.101,-5.796,-2.202,70,315,-1,0,0,0
113.467,98.899,-5.796,-2.202,65,315,-1,0,0,0
107.672,96.696,-5.796,-2.202,60,315,-1,0,0,0
101.876,94.494,-5.796,-2.202,55,315,-1,0,0,0
96.08,92.292,-5.796,-2.202,50,315,-1,0,0,0
90.284,90.09,-5.796,-2.202,45,315,-1,0,0,0
84.489,87.888,-5.796,-2.202,40,315,-1,0,0,0
78.693,85.686,-5.796,-2.202,35,315,-1,0,0,0
72.897,83.484,-5.796,-2.202,30,315,-1,0,0,0
67.101,81.282,-5.796,-2.202,25,315,-1,0,0,0
61.306,79.08,-5.796,-2.202,25,315,0,0,0,0
55.51,76.877,-5.796,-2.202,25,315,0,0,0,0
49.714,74.675,-5.796,-2.202,25,315,0,0,0,0
49.0,72.473,6.376,1.264,25,315,0,0,0,0
55.376,73.737,6.376,1.264,25,315,0,0,0,0
61.752,75.0,6.376,1.264,25,315,0,0,0,0
68.128,76.264,6.376,1.264,25,315,0,0,0,0
74.504,77.528,6.376,1.264,25,315,0,0,0,0
80.88,78.791,6.376,1.264,25,315,0,0,0,0
87.256,80.055,6.376,1.264,25,315,0,0,0,0
93.632,81.319,6.376,1.264,25,315,0,0,0,0
100.008,82.582,6.376,1.264,25,315,0,0,0,0
106.384,83.846,6.376,1.264,25,315,0,0,0,0
112.76,85.109,6.376,1.264,25,315,0,0,0,0
119.136,86.373,6.376,1.264,25,315,0,0,0,0
125.512,87.637,6.376,1.264,25,315,0,0,0,0
131.888,88.9,6.376,1.264,25,315,0,0,0,0
138.264,90.164,6.376,1.264,25,315,0,0,0,0
144.64,91.427,6.376,1.264,25,315,0,0,0,0
151.016,92.691,6.376,1.264,25,315,0,0,0,0
157.392,93.955,6.376,1.264,25,315,0,0,0,0
163.768,95.218,6.376,1.264,25,315,0,0,0,0
170.144,96.482,6.376,1.264,25,315,0,0,0,0
176.52,97.746,6.376,1.264,25,315,0,0,0,0
182.896,99.009,6.376,1.264,25,315,0,0,0,0
189.272,100.273,6.376,1.264,25,315,0,0,0,0
195.648,101.536,6.376,1.264,25,315,0,0,0,0
202.024,102.8,6.376,1.264,25,315,0,0,0,0
208.4,104.064,6.376,1.264,25,315,0,0,0,0
214.776,105.327,6.376,1.264,25,315,0,0,0,0
221.152,106.591,6.376,1.264,25,315,0,0,0,0
227.528,107.855,6.376,1.264,25,315,0,0,0,0
233.904,109.118,6.376,1.264,25,315,0,0,0,0
240.28,110.382,6.376,1.264,25,315,0,0,0,0
246.656,111.645,6.376,1.264,25,315,0,0,0,0
253.032,112.909,6.376,1.264,25,315,0,0,0,0
259.408,114.173,6.376,1.264,25,315,0,0,0,0
265.784,115.436,6.376,1.264,25,315,0,0,0,0
272.16,116.7,6.376,1.264,25,315,0,0,0,0
278.536,117.963,6.376,1.264,25,315,0,0,0,0
284.912,119.227,6.376,1.264,25,315,0,0,0,0
291.288,120.491,6.376,1.264,25,315,0,0,0,0
297.664,121.754,6.376,1.264,25,315,0,0,0,0
304.04,123.018,6.376,1.264,25,315,0,0,0,0
310.416,124.282,6.376,1.264,25,315,0,0,0,0
316.792,125.545,6.376,1.264,25,315,0,0,0,0
323.168,126.809,6.376,1.264,25,315,0,0,0,0
329.544,128.072,6.376,1.264,25,315,0,0,0,0
335.92,129.336,6.376,1.264,25,315,0,0,0,0
342.296,130.6,6.376,1.264,25,315,0,0,0,0
348.672,131.863,6.376,1.264,25,315,0,0,0,0
355.048,133.127,6.376,1.264,25,315,0,0,0,0
361.424,134.39,6.376,1.264,25,315,0,0,0,0
367.8,135.654,6.376,1.264,25,315,0,0,0,0
374.176,136.918,6.376,1.264,25,315,0,0,0,0
380.552,138.181,6.376,1.264,25,315,0,0,0,0
386.928,139.445,6.376,1.264,25,315,0,0,0,0
393.304,140.709,6.376,1.264,25,315,0,0,0,0
399.68,141.972,6.376,1.264,25,315,0,0,0,0
406.056,143.236,6.376,1.264,25,315,0,0,0,0
412.432,144.499,6.376,1.264,25,315,0,0,0,0
418.808,145.763,6.376,1.264,25,315,0,0,0,0
425.184,147.027,6.376,1.264,25,315,0,0,0,0
431.56,148.29,6.376,1.264,25,315,0,0,0,0
437.935,149.554,6.376,1.264,25,315,0,0,0,0
444.311,150.818,6.376,1.264,25,315,0,0,0,0
450.687,152.081,6.376,1.264,25,315,0,0,0,0
457.063,153.345,6.376,1.264,25,315,0,0,0,0
463.439,154.608,6.376,1.264,25,315,0,0,0,0
469.815,155.872,6.376,1.264,25,310,0,-1,0,0
476.191,157.136,6.376,1.264,25,305,0,-1,0,0
482.567,158.399,6.376,1.264,25,300,0,-1,0,0
488.943,159.663,6.376,1.264,25,295,0,-1,0,0
495.319,160.926,6.376,1.264,25,290,0,-1,0,0
501.695,162.19,6.376,1.264,25,285,0,-1,0,0
508.071,163.454,6.376,1.264,25,280,0,-1,0,0
514.447,164.717,6.376,1.264,25,275,0,-1,0,0
520.823,165.981,6.376,1.264,25,270,0,-1,0,0
527.199,167.245,6.376,1.264,25,265,0,-1,0,0
533.575,168.508,6.376,1.264,25,260,0,-1,0,0
539.951,169.772,6.376,1.264,25,255,0,-1,0,0
546.327,171.035,6.376,1.264,25,250,0,-1,0,0
552.703,172.299,6.376,1.264,25,245,0,-1,0,0
559.079,173.563,6.376,1.264,25,240,0,-1,0,0
565.455,174.826,6.376,1.264,25,235,0,-1,0,0
571.831,176.09,6.376,1.264,25,230,0,-1,0,0
578.207,177.353,6.376,1.264,25,225,0,-1,0,0
584.583,178.617,6.376,1.264,25,220,0,-1,0,0
590.959,179.881,6.376,1.264,25,215,0,-1,0,0
597.335,181.144,6.376,1.264,25,210,0,-1,0,0
603.711,182.408,6.376,1.264,25,205,0,-1,0,0
610.087,183.672,6.376,1.264,25,200,0,-1,0,0
616.463,184.935,6.376,1.264,25,195,0,-1,0,0
622.839,186.199,6.376,1.264,25,190,0,-1,0,0
629.215,187.462,6.376,1.264,25,185,0,-1,0,0
635.591,188.726,6.376,1.264,25,180,0,-1,0,0
641.967,189.99,6.376,1.264,25,175,0,-1,0,0
648.343,191.253,6.376,1.264,25,170,0,-1,0,0
654.719,192.517,6.376,1.264,25,165,0,-1,0,0
661.095,193.781,6.376,1.264,25,160,0,-1,0,0
667.471,195.044,6.376,1.264,25,155,0,-1,0,0
673.847,196.308,6.376,1.264,25,150,0,-1,0,0
680.223,197.571,6.376,1.264,25,145,0,-1,0,0
686.599,198.835,6.376,1.264,25,140,0,-1,0,0
692.975,200.099,6.376,1.264,25,135,0,-1,0,0
699.351,201.362,6.376,1.264,25,130,0,-1,0,0
705.727,202.626,6.376,1.264,25,125,0,-1,0,0
712.103,203.889,6.376,1.264,25,125,0,0,0,0
718.479,205.153,6.376,1.264,25,125,0,0,0,0
724.855,206.417,6.376,1.264,25,125,0,0,0,0
731.231,207.68,6.376,1.264,25,125,0,0,0,0
737.607,208.944,6.376,1.264,25,125,0,0,0,0
743.983,210.208,6.376,1.264,25,125,0,0,0,0
750.359,211.471,6.376,1.264,25,125,0,0,0,0
756.735,212.735,6.376,1.264,25,125,0,0,0,0
763.111,213.998,6.376,1.264,25,125,0,0,0,0
769.487,215.262,6.376,1.264,25,125,0,0,0,0
775.863,216.526,6.376,1.264,25,125,0,0,0,0
782.239,217.789,6.376,1.264,25,125,0,0,0,0
788.615,219.053,6.376,1.264,25,125,0,0,0,0
794.991,220.316,6.376,1.264,25,125,0,0,0,0
801.367,221.58,6.376,1.264,25,125,0,0,0,0
400.0,300.0,-4.508,2.163,25,125,0,0,1,0
395.492,302.163,-4.508,2.163,25,130,0,1,0,0
390.984,304.327,-4.508,2.163,25,135,0,1,0,0
386.477,306.49,-4.508,2.163,25,140,0,1,0,0
381.969,308.653,-4.508,2.163,25,145,0,1,0,0
377.461,310.816,-4.508,2.163,25,150,0,1,0,0
372.953,312.98,-4.508,2.163,25,155,0,1,0,0
368.445,315.143,-4.508,2.163,25,160,0,1,0,0
363.938,317.306,-4.508,2.163,25,165,0,1,0,0
359.43,319.47,-4.508,2.163,25,170,0,1,0,0
354.922,321.633,-4.508,2.163,25,175,0,1,0,0
350.414,323.796,-4.508,2.163,25,180,0,1,0,0
345.906,325.959,-4.508,2.163,25,185,0,1,0,0
341.399,328.123,-4.508,2.163,25,190,0,1,0,0
336.891,330.286,-4.508,2.163,25,195,0,1,0,0
332.383,332.449,-4.508,2.163,25,200,0,1,0,0
327.875,334.612,-4.508,2.163,25,205,0,1,0,0
323.367,336.776,-4.508,2.163,25,210,0,1,0,0
318.86,338.939,-4.508,2.163,25,215,0,1,0,0
314.352,341.102,-4.508,2.163,25,220,0,1,0,0
309.844,343.266,-4.508,2.163,25,225,0,1,0,0
305.336,345.429,-4.508,2.163,25,230,0,1,0,0
300.829,347.592,-4.508,2.163,25,235,0,1,0,0
296.321,349.755,-4.508,2.163,25,240,0,1,0,0
291.813,351.919,-4.508,2.163,25,245,0,1,0,0
287.305,354.082,-4.508,2.163,25,250,0,1,0,0
282.797,356.245,-4.508,2.163,25,255,0,1,0,0
278.29,358.409,-4.508,2.163,30,260,1,1,0,0
273.782,360.572,-4.508,2.163,35,265,1,1,0,0
269.274,362.735,-4.508,2.163,40,270,1,1,0,0
264.766,364.898,-4.508,2.163,45,275,1,1,0,0
260.258,367.062,-4.508,2.163,50,280,1,1,0,0
255.751,369.225,-4.508,2.163,55,285,1,1,0,0
251.243,371.388,-4.508,2.163,60,290,1,1,0,0
246.735,373.552,-4.508,2.163,65,295,1,1,0,0
242.227,375.715,-4.508,2.163,70,300,1,1,0,0
237.719,377.878,-4.508,2.163,75,305,1,1,0,0
233.212,380.041,-4.508,2.163,80,310,1,1,0,0
228.704,382.205,-4.508,2.163,85,315,1,1,0,0
224.196,384.368,-4.508,2.163,90,315,1,0,0,0
219.688,386.531,-4.508,2.163,95,315,1,0,0,0
215.18,388.694,-4.508,2.163,100,315,1,0,0,0
210.673,390.858,-4.508,2.163,105,315,1,0,0,0
206.165,393.021,-4.508,2.163,110,315,1,0,0,0
201.657,395.184,-4.508,2.163,115,315,1,0,0,0
197.149,397.348,-4.508,2.163,120,315,1,0,0,0
192.641,399.511,-4.508,2.163,125,315,1,0,0,0
188.134,401.674,-4.508,2.163,130,315,1,0,0,0
183.626,403.837,-4.508,2.163,135,315,1,0,0,0
179.118,406.001,-4.508,2.163,140,315,1,0,0,0
174.61,408.164,-4.508,2.163,145,315,1,0,0,0
170.102,410.327,-4.508,2.163,150,315,1,0,0,0
165.595,412.491,-4.508,2.163,155,315,1,0,0,0
161.087,414.654,-4.508,2.163,160,315,1,0,0,0
156.579,416.817,-4.508,2.163,165,315,1,0,0,0
152.071,418.98,-4.508,2.163,170,315,1,0,0,0
147.563,421.144,-4.508,2.163,175,315,1,0,0,0
143.056,423.307,-4.508,2.163,180,315,1,0,0,0
138.548,425.47,-4.508,2.163,185,315,1,0,0,0
134.04,427.634,-4.508,2.163,190,315,1,0,0,0
129.532,429.797,-4.508,2.163,195,315,1,0,0,0
125.024,431.96,-4.508,2.163,200,315,1,0,0,0
120.517,434.123,-4.508,2.163,205,315,1,0,0,0
116.009,436.287,-4.508,2.163,210,315,1,0,0,0
111.501,438.45,-4.508,2.163,215,315,1,0,0,0
106.993,440.613,-4.508,2.163,220,315,1,0,0,0
102.486,442.776,-4.508,2.163,225,315,1,0,0,0
97.978,444.94,-4.508,2.163,230,315,1,0,0,0
93.47,447.103,-4.508,2.163,235,315,1,0,0,0
88.962,449.266,-4.508,2.163,240,315,1,0,0,0
84.454,451.43,-4.508,2.163,245,315,1,0,0,0
79.947,453.593,-4.508,2.163,250,315,1,0,0,0
75.439,455.756,-4.508,2.163,255,315,1,0,0,0
70.931,457.919,-4.508,2.163,260,315,1,0,0,0
66.423,460.083,-4.508,2.163,265,315,1,0,0,0
61.915,462.246,-4.508,2.163,270,315,1,0,0,0
57.408,464.409,-4.508,2.163,275,315,1,0,0,0
52.9,466.573,-4.508,2.163,280,315,1,0,0,0
48.392,468.736,-4.508,2.163,285,315,1,0,0,0
43.884,470.899,-4.508,2.163,290,315,1,0,0,0
39.376,473.062,-4.508,2.163,295,315,1,0,0,0
34.869,475.226,-4.508,2.163,300,315,1,0,0,0
30.361,477.389,-4.508,2.163,305,315,1,0,0,0
25.853,479.552,-4.508,2.163,310,315,1,0,0,0
21.345,481.716,-4.508,2.163,315,315,1,0,0,0
16.837,483.879,-4.508,2.163,320,315,1,0,0,0
12.33,486.042,-4.508,2.163,325,315,1,0,0,0
7.822,488.205,-4.508,2.163,330,315,1,0,0,0
3.314,490.369,-4.508,2.163,335,315,1,0,0,0
-1.194,492.532,-4.508,2.163,340,315,1,0,0,0
-5.702,494.695,-4.508,2.163,345,315,1,0,0,0
400.0,300.0,4.936,0.794,350,315,1,0,0,1
404.936,300.794,4.936,0.794,350,315,0,0,0,0
409.873,301.589,4.936,0.794,350,315,0,0,0,0
414.809,302.383,4.936,0.794,350,315,0,0,0,0
419.746,303.178,4.936,0.794,350,315,0,0,0,0
424.682,303.972,4.936,0.794,350,315,0,0,0,0
429.619,304.766,4.936,0.794,350,315,0,0,0,0
434.555,305.561,4.936,0.794,350,315,0,0,0,0
439.492,306.355,4.936,0.794,350,315,0,0,0,0
444.428,307.15,4.936,0.794,350,315,0,0,0,0
449.365,307.944,4.936,0.794,350,315,0,0,0,0
454.301,308.739,4.936,0.794,350,315,0,0,0,0
459.238,309.533,4.936,0.794,350,315,0,0,0,0
464.174,310.327,4.936,0.794,350,315,0,0,0,0
469.111,311.122,4.936,0.794,350,315,0,0,0,0
474.047,311.916,4.936,0.794,350,315,0,0,0,0
478.984,312.711,4.936,0.794,350,315,0,0,0,0
483.92,313.505,4.936,0.794,350,315,0,0,0,0
488.857,314.299,4.936,0.794,350,315,0,0,0,0
493.793,315.094,4.936,0.794,350,315,0,0,0,0
498.73,315.888,4.936,0.794,350,315,0,0,0,0
503.666,316.683,4.936,0.794,350,315,0,0,0,0
508.603,317.477,4.936,0.794,350,315,0,0,0,0
513.539,318.271,4.936,0.794,350,315,0,0,0,0
518.476,319.066,4.936,0.794,350,315,0,0,0,0
523.412,319.86,4.936,0.794,350,315,0,0,0,0
528.349,320.655,4.936,0.794,350,315,0,0,0,0
533.285,321.449,4.936,0.794,345,315,-1,0,0,0
538.222,322.244,4.936,0.794,340,315,-1,0,0,0
543.158,323.038,4.936,0.794,335,315,-1,0,0,0
548.095,323.832,4.936,0.794,330,315,-1,0,0,0
553.031,324.627,4.936,0.794,325,315,-1,0,0,0
557.968,325.421,4.936,0.794,320,315,-1,0,0,0
562.904,326.216,4.936,0.794,315,315,-1,0,0,0
567.841,327.01,4.936,0.794,310,315,-1,0,0,0
572.777,327.804,4.936,0.794,310,315,0,0,0,0
577.714,328.599,4.936,0.794,310,315,0,0,0,0
582.65,329.393,4.936,0.794,310,315,0,0,0,0
587.587,330.188,4.936,0.794,310,315,0,0,0,0
592.523,330.982,4.936,0.794,310,315,0,0,0,0
597.46,331.776,4.936,0.794,310,315,0,0,0,0
602.396,332.571,4.936,0.794,310,315,0,0,0,0
607.332,333.365,4.936,0.794,310,315,0,0,0,0
612.269,334.16,4.936,0.794,310,315,0,0,0,0
617.205,334.954,4.936,0.794,310,315,0,0,0,0
622.142,335.749,4.936,0.794,310,315,0,0,0,0
627.078,336.543,4.936,0.794,310,315,0,0,0,0
632.015,337.337,4.936,0.794,310,320,0,1,0,0
636.951,338.132,4.936,0.794,310,325,0,1,0,0
641.888,338.926,4.936,0.794,310,330,0,1,0,0
646.824,339.721,4.936,0.794,315,335,1,1,0,0
651.761,340.515,4.936,0.794,320,340,1,1,0,0
656.697,341.309,4.936,0.794,325,345,1,1,0,0
661.634,342.104,4.936,0.794,330,350,1,1,0,0
666.57,342.898,4.936,0.794,335,355,1,1,0,0
671.507,343.693,4.936,0.794,340,360,1,1,0,0
676.443,344.487,4.936,0.794,345,365,1,1,0,0
681.38,345.281,4.936,0.794,350,370,1,1,0,0
686.316,346.076,4.936,0.794,350,375,0,1,0,0
691.253,346.87,4.936,0.794,350,380,0,1,0,0
696.189,347.665,4.936,0.794,350,385,0,1,0,0
701.126,348.459,4.936,0.794,350,390,0,1,0,0
706.062,349.254,4.936,0.794,350,390,0,0,0,0
710.999,350.048,4.936,0.794,350,390,0,0,0,0
715.935,350.842,4.936,0.794,350,390,0,0,0,0
720.872,351.637,4.936,0.794,350,390,0,0,0,0
725.808,352.431,4.936,0.794,350,390,0,0,0,0
730.745,353.226,4.936,0.794,350,390,0,0,0,0
735.681,354.02,4.936,0.794,350,390,0,0,0,0
740.618,354.814,4.936,0.794,350,390,0,0,0,0
745.554,355.609,4.936,0.794,350,385,0,-1,0,0
750.491,356.403,4.936,0.794,350,380,0,-1,0,0
755.427,357.198,4.936,0.794,350,375,0,-1,0,0
760.364,357.992,4.936,0.794,350,370,0,-1,0,0
765.3,358.786,4.936,0.794,350,365,0,-1,0,0
751.0,359.581,-2.65,-4.59,350,360,0,-1,0,0
748.35,354.991,-2.65,-4.59,350,355,0,-1,0,0
745.7,350.401,-2.65,-4.59,350,350,0,-1,0,0
743.05,345.811,-2.65,-4.59,350,345,0,-1,0,0
740.4,341.221,-2.65,-4.59,350,340,0,-1,0,0
737.75,336.631,-2.65,-4.59,350,335,0,-1,0,0
735.1,332.041,-2.65,-4.59,350,330,0,-1,0,0
732.45,327.451,-2.65,-4.59,350,325,0,-1,0,0
729.8,322.861,-2.65,-4.59,350,320,0,-1,0,0
727.15,318.271,-2.65,-4.59,350,315,0,-1,0,0
724.5,313.682,-2.65,-4.59,350,310,0,-1,0,0
721.85,309.092,-2.65,-4.59,350,305,0,-1,0,0
719.2,304.502,-2.65,-4.59,350,300,0,-1,0,0
716.55,299.912,-2.65,-4.59,350,295,0,-1,0,0
713.9,295.322,-2.65,-4.59,345,290,-1,-1,0,0
711.25,290.732,-2.65,-4.59,340,285,-1,-1,0,0
708.6,286.142,-2.65,-4.59,335,280,-1,-1,0,0
705.95,281.552,-2.65,-4.59,330,275,-1,-1,0,0
703.3,276.962,-2.65,-4.59,325,270,-1,-1,0,0
700.65,272.372,-2.65,-4.59,320,265,-1,-1,0,0
698.0,267.782,-2.65,-4.59,315,265,-1,0,0,0
695.35,263.192,-2.65,-4.59,310,265,-1,0,0,0
692.7,258.602,-2.65,-4.59,305,265,-1,0,0,0
690.05,254.012,-2.65,-4.59,300,265,-1,0,0,0
687.4,249.422,-2.65,-4.59,295,265,-1,0,0,0
684.75,244.832,-2.65,-4.59,290,265,-1,0,0,0
682.1,240.243,-2.65,-4.59,285,265,-1,0,0,0
679.45,235.653,-2.65,-4.59,280,265,-1,0,0,0
676.8,231.063,-2.65,-4.59,275,265,-1,0,0,0
674.15,226.473,-2.65,-4.59,270,265,-1,0,0,0
671.5,221.883,-2.65,-4.59,265,265,-1,0,0,0
668.85,217.293,-2.65,-4.59,260,265,-1,0,0,0
666.2,212.703,-2.65,-4.59,255,265,-1,0,0,0
663.55,208.113,-2.65,-4.59,250,265,-1,0,0,0
660.9,203.523,-2.65,-4.59,245,265,-1,0,0,0
658.25,198.933,-2.65,-4.59,240,265,-1,0,0,0
655.6,194.343,-2.65,-4.59,235,265,-1,0,0,0
652.95,189.753,-2.65,-4.59,230,265,-1,0,0,0
650.3,185.163,-2.65,-4.59,225,265,-1,0,0,0
647.65,180.573,-2.65,-4.59,220,265,-1,0,0,0
645.0,175.983,-2.65,-4.59,215,265,-1,0,0,0
642.35,171.394,-2.65,-4.59,210,265,-1,0,0,0
639.7,166.804,-2.65,-4.59,205,265,-1,0,0,0
637.05,162.214,-2.65,-4.59,200,265,-1,0,0,0
634.4,157.624,-2.65,-4.59,195,265,-1,0,0,0
631.75,153.034,-2.65,-4.59,190,265,-1,0,0,0
629.1,148.444,-2.65,-4.59,185,265,-1,0,0,0
626.45,143.854,-2.65,-4.59,180,265,-1,0,0,0
623.8,139.264,-2.65,-4.59,175,265,-1,0,0,0
621.15,134.674,-2.65,-4.59,170,265,-1,0,0,0
618.5,130.084,-2.65,-4.59,165,265,-1,0,0,0
615.85,125.494,-2.65,-4.59,160,265,-1,0,0,0
613.2,120.904,-2.65,-4.59,155,265,-1,0,0,0
610.55,116.314,-2.65,-4.59,150,265,-1,0,0,0
607.9,111.724,-2.65,-4.59,145,265,-1,0,0,0
605.25,107.134,-2.65,-4.59,140,265,-1,0,0,0
602.6,102.545,-2.65,-4.59,135,265,-1,0,0,0
599.95,97.955,-2.65,-4.59,130,265,-1,0,0,0
597.3,93.365,-2.65,-4.59,130,265,0,0,0,0
594.65,88.775,-2.65,-4.59,130,265,0,0,0,0
592.0,84.185,-2.65,-4.59,130,265,0,0,0,0
589.35,79.595,-2.65,-4.59,130,265,0,0,0,0
586.7,75.005,-2.65,-4.59,130,265,0,0,0,0
584.05,70.415,-2.65,-4.59,130,265,0,0,0,0
581.4,65.825,-2.65,-4.59,130,265,0,0,0,0
578.75,61.235,-2.65,-4.59,130,265,0,0,0,0
576.1,56.645,-2.65,-4.59,130,265,0,0,0,0
573.45,52.055,-2.65,-4.59,130,265,0,0,0,0
570.8,47.465,-2.65,-4.59,130,265,0,0,0,0
568.15,42.875,-2.65,-4.59,130,265,0,0,0,0
565.5,38.285,-2.65,-4.59,130,265,0,0,0,0
562.85,33.695,-2.65,-4.59,135,265,1,0,0,0
560.2,29.106,-2.65,-4.59,140,265,1,0,0,0
557.55,24.516,-2.65,-4.59,145,265,1,0,0,0
554.9,19.926,-2.65,-4.59,150,265,1,0,0,0
552.25,15.336,-2.65,-4.59,155,265,1,0,0,0
549.6,10.746,-2.65,-4.59,160,265,1,0,0,0
546.95,6.156,-2.65,-4.59,165,265,1,0,0,0
544.3,6.0,-2.65,4.59,170,265,1,0,0,0
541.65,10.59,-2.65,4.59,175,265,1,0,0,0
539.0,15.18,-2.65,4.59,180,265,1,0,0,0
536.35,19.77,-2.65,4.59,185,265,1,0,0,0
533.7,24.36,-2.65,4.59,190,265,1,0,0,0
531.05,28.95,-2.65,4.59,195,265,1,0,0,0
528.4,33.54,-2.65,4.59,200,265,1,0,0,0
525.75,38.13,-2.65,4.59,205,265,1,0,0,0
523.1,42.719,-2.65,4.59,210,265,1,0,0,0
520.45,47.309,-2.65,4.59,215,265,1,0,0,0
517.8,51.899,-2.65,4.59,220,265,1,0,0,0
515.15,56.489,-2.65,4.59,225,265,1,0,0,0
512.5,61.079,-2.65,4.59,230,265,1,0,0,0
509.85,65.669,-2.65,4.59,230,265,0,0,0,0
507.2,70.259,-2.65,4.59,230,265,0,0,0,0
504.55,74.849,-2.65,4.59,230,265,0,0,0,0
501.9,79.439,-2.65,4.59,230,265,0,0,0,0
499.25,84.029,-2.65,4.59,230,265,0,0,0,0
496.6,88.619,-2.65,4.59,230,265,0,0,0,0
493.95,93.209,-2.65,4.59,230,265,0,0,0,0
491.3,97.799,-2.65,4.59,230,265,0,0,0,0
488.65,102.389,-2.65,4.59,230,265,0,0,0,0
486.0,106.979,-2.65,4.59,230,265,0,0,0,0
483.35,111.568,-2.65,4.59,230,265,0,0,0,0
480.7,116.158,-2.65,4.59,230,265,0,0,0,0
478.05,120.748,-2.65,4.59,230,265,0,0,0,0
475.4,125.338,-2.65,4.59,230,265,0,0,0,0
472.75,129.928,-2.65,4.59,230,265,0,0,0,0
470.1,134.518,-2.65,4.59,230,265,0,0,0,0
467.45,139.108,-2.65,4.59,230,265,0,0,0,0
464.8,143.698,-2.65,4.59,230,265,0,0,0,0
462.15,148.288,-2.65,4.59,230,265,0,0,0,0
459.5,152.878,-2.65,4.59,230,265,0,0,0,0
456.85,157.468,-2.65,4.59,235,265,1,0,0,0
454.2,162.058,-2.65,4.59,240,265,1,0,0,0
451.55,166.648,-2.65,4.59,245,265,1,0,0,0
448.9,171.238,-2.65,4.59,250,265,1,0,0,0
446.25,175.828,-2.65,4.59,255,265,1,0,0,0
443.6,180.418,-2.65,4.59,260,265,1,0,0,0
440.95,185.007,-2.65,4.59,265,265,1,0,0,0
438.3,189.597,-2.65,4.59,270,265,1,0,0,0
435.65,194.187,-2.65,4.59,275,265,1,0,0,0
433.0,198.777,-2.65,4.59,280,265,1,0,0,0
430.35,203.367,-2.65,4.59,285,265,1,0,0,0
427.7,207.957,-2.65,4.59,290,265,1,0,0,0
425.05,212.547,-2.65,4.59,295,265,1,0,0,0
422.4,217.137,-2.65,4.59,300,265,1,0,0,0
419.75,221.727,-2.65,4.59,305,265,1,0,0,0
417.1,226.317,-2.65,4.59,310,265,1,0,0,0
414.45,230.907,-2.65,4.59,315,265,1,0,0,0
411.8,235.497,-2.65,4.59,320,265,1,0,0,0
409.15,240.087,-2.65,4.59,325,265,1,0,0,0
406.5,244.677,-2.65,4.59,330,265,1,0,0,0
403.85,249.267,-2.65,4.59,335,265,1,0,0,0
401.2,253.856,-2.65,4.59,340,265,1,0,0,0
398.55,258.446,-2.65,4.59,345,265,1,0,0,0
395.9,263.036,-2.65,4.59,350,265,1,0,0,0
393.25,267.626,-2.65,4.59,355,265,1,0,0,0
390.6,272.216,-2.65,4.59,360,265,1,0,0,0
387.95,276.806,-2.65,4.59,365,265,1,0,0,0
385.3,281.396,-2.65,4.59,370,265,1,0,0,0
382.65,285.986,-2.65,4.59,375,265,1,0,0,0
380.0,290.576,-2.65,4.59,380,265,1,0,0,0
377.35,295.166,-2.65,4.59,385,265,1,0,0,0
374.7,299.756,-2.65,4.59,390,265,1,0,0,0
372.05,304.346,-2.65,4.59,395,265,1,0,0,0
369.4,308.936,-2.65,4.59,400,265,1,0,0,0
366.75,313.526,-2.65,4.59,405,265,1,0,0,0
364.1,318.116,-2.65,4.59,410,265,1,0,0,0
361.45,322.705,-2.65,4.59,415,265,1,0,0,0
358.8,327.295,-2.65,4.59,420,265,1,0,0,0
356.15,331.885,-2.65,4.59,425,265,1,0,0,0
353.5,336.475,-2.65,4.59,430,265,1,0,0,0
350.85,341.065,-2.65,4.59,435,265,1,0,0,0
348.2,345.655,-2.65,4.59,440,265,1,0,0,0
345.55,350.245,-2.65,4.59,445,265,1,0,0,0
342.9,354.835,-2.65,4.59,450,265,1,0,0,0
340.25,359.425,-2.65,4.59,455,265,1,0,0,0
337.6,364.015,-2.65,4.59,460,265,1,0,0,0
334.95,368.605,-2.65,4.59,465,265,1,0,0,0
332.3,373.195,-2.65,4.59,470,265,1,0,0,0
329.65,377.785,-2.65,4.59,475,265,1,0,0,0
327.0,382.375,-2.65,4.59,480,265,1,0,0,0
324.35,386.965,-2.65,4.59,485,265,1,0,0,0
321.7,391.555,-2.65,4.59,490,265,1,0,0,0
319.05,396.144,-2.65,4.59,490,265,0,0,0,0
316.4,400.734,-2.65,4.59,490,265,0,0,0,0
313.75,405.324,-2.65,4.59,490,265,0,0,0,0
311.1,409.914,-2.65,4.59,490,265,0,0,0,0
308.45,414.504,-2.65,4.59,490,265,0,0,0,0
305.8,419.094,-2.65,4.59,490,265,0,0,0,0
303.15,423.684,-2.65,4.59,490,265,0,0,0,0
300.5,428.274,-2.65,4.59,490,265,0,0,0,0
297.85,432.864,-2.65,4.59,490,265,0,0,0,0
295.2,437.454,-2.65,4.59,490,265,0,0,0,0
292.55,442.044,-2.65,4.59,490,265,0,0,0,0
289.9,446.634,-2.65,4.59,490,265,0,0,0,0
287.25,451.224,-2.65,4.59,490,265,0,0,0,0
284.6,455.814,-2.65,4.59,490,265,0,0,0,0
281.95,460.404,-2.65,4.59,490,265,0,0,0,0
279.3,464.993,-2.65,4.59,490,265,0,0,0,0
276.65,469.583,-2.65,4.59,490,265,0,0,0,0
274.0,474.173,-2.65,4.59,490,265,0,0,0,0
271.35,478.763,-2.65,4.59,490,265,0,0,0,0
268.7,483.353,-2.65,4.59,490,265,0,0,0,0
266.05,487.943,-2.65,4.59,490,265,0,0,0,0
263.4,492.533,-2.65,4.59,490,265,0,0,0,0
260.75,497.123,-2.65,4.59,490,265,0,0,0,0
258.1,501.713,-2.65,4.59,490,265,0,0,0,0
255.45,506.303,-2.65,4.59,490,265,0,0,0,0
252.8,510.893,-2.65,4.59,490,265,0,0,0,0
250.15,515.483,-2.65,4.59,490,265,0,0,0,0
247.5,520.073,-2.65,4.59,485,265,-1,0,0,0
244.85,524.663,-2.65,4.59,480,265,-1,0,0,0
242.2,529.253,-2.65,4.59,475,265,-1,0,0,0
239.55,533.842,-2.65,4.59,470,265,-1,0,0,0
236.9,538.432,-2.65,4.59,465,265,-1,0,0,0
234.25,543.022,-2.65,4.59,460,265,-1,0,0,0
231.6,547.612,-2.65,4.59,455,265,-1,0,0,0
228.95,552.202,-2.65,4.59,450,265,-1,0,0,0
226.3,556.792,-2.65,4.59,445,265,-1,0,0,0
223.65,561.382,-2.65,4.59,445,265,0,0,0,0
221.0,565.972,-2.65,4.59,445,265,0,0,0,0
218.35,570.562,-2.65,4.59,445,265,0,0,0,0
215.7,575.152,-2.65,4.59,445,265,0,0,0,0
213.05,579.742,-2.65,4.59,445,265,0,0,0,0
210.4,584.332,-2.65,4.59,445,265,0,0,0,0
207.75,588.922,-2.65,4.59,445,265,0,0,0,0
205.1,593.512,-2.65,4.59,445,265,0,0,0,0
202.45,594.0,-2.65,-4.59,445,265,0,0,0,0
199.8,589.41,-2.65,-4.59,445,265,0,0,0,0
197.15,584.82,-2.65,-4.59,445,265,0,0,0,0
194.5,580.23,-2.65,-4.59,445,265,0,0,0,0
191.85,575.64,-2.65,-4.59,445,265,0,0,0,0
189.2,571.05,-2.65,-4.59,445,265,0,0,0,0
186.55,566.46,-2.65,-4.59,445,265,0,0,0,0
183.9,561.87,-2.65,-4.59,445,265,0,0,0,0
181.25,557.281,-2.65,-4.59,445,265,0,0,0,0
178.6,552.691,-2.65,-4.59,445,265,0,0,0,0
175.95,548.101,-2.65,-4.59,445,265,0,0,0,0
173.3,543.511,-2.65,-4.59,445,265,0,0,0,0
170.65,538.921,-2.65,-4.59,445,265,0,0,0,0
168.0,534.331,-2.65,-4.59,445,265,0,0,0,0
165.35,529.741,-2.65,-4.59,445,265,0,0,0,0
162.7,525.151,-2.65,-4.59,445,265,0,0,0,0
160.05,520.561,-2.65,-4.59,445,265,0,0,0,0
157.4,515.971,-2.65,-4.59,445,265,0,0,0,0
154.75,511.381,-2.65,-4.59,445,265,0,0,0,0
152.1,506.791,-2.65,-4.59,445,265,0,0,0,0
149.45,502.201,-2.65,-4.59,445,265,0,0,0,0
146.8,497.611,-2.65,-4.59,445,265,0,0,0,0
144.15,493.021,-2.65,-4.59,445,265,0,0,0,0
141.5,488.432,-2.65,-4.59,445,265,0,0,0,0
138.85,483.842,-2.65,-4.59,445,265,0,0,0,0
136.2,479.252,-2.65,-4.59,440,265,-1,0,0,0
133.55,474.662,-2.65,-4.59,435,265,-1,0,0,0
130.9,470.072,-2.65,-4.59,430,265,-1,0,0,0
128.25,465.482,-2.65,-4.59,425,265,-1,0,0,0
125.6,460.892,-2.65,-4.59,420,265,-1,0,0,0
122.95,456.302,-2.65,-4.59,415,265,-1,0,0,0
120.3,451.712,-2.65,-4.59,410,265,-1,0,0,0
117.65,447.122,-2.65,-4.59,405,265,-1,0,0,0
115.0,442.532,-2.65,-4.59,400,265,-1,0,0,0
112.35,437.942,-2.65,-4.59,395,265,-1,0,0,0
109.7,433.352,-2.65,-4.59,390,265,-1,0,0,0
107.05,428.762,-2.65,-4.59,385,265,-1,0,0,0
104.4,424.172,-2.65,-4.59,380,265,-1,0,0,0
101.75,419.582,-2.65,-4.59,375,265,-1,0,0,0
99.1,414.993,-2.65,-4.59,370,265,-1,0,0,0
96.45,410.403,-2.65,-4.59,365,265,-1,0,0,0
93.8,405.813,-2.65,-4.59,360,265,-1,0,0,0
91.15,401.223,-2.65,-4.59,355,265,-1,0,0,0
88.5,396.633,-2.65,-4.59,350,265,-1,0,0,0
85.85,392.043,-2.65,-4.59,345,265,-1,0,0,0
83.2,387.453,-2.65,-4.59,340,265,-1,0,0,0
80.55,382.863,-2.65,-4.59,335,265,-1,0,0,0
77.9,378.273,-2.65,-4.59,330,265,-1,0,0,0
75.25,373.683,-2.65,-4.59,325,265,-1,0,0,0
72.6,369.093,-2.65,-4.59,320,265,-1,0,0,0
69.95,364.503,-2.65,-4.59,315,265,-1,0,0,0
67.3,359.913,-2.65,-4.59,310,265,-1,0,0,0
64.65,355.323,-2.65,-4.59,305,265,-1,0,0,0
62.0,350.733,-2.65,-4.59,300,265,-1,0,0,0
59.35,346.144,-2.65,-4.59,295,265,-1,0,0,0
56.7,341.554,-2.65,-4.59,290,265,-1,0,0,0
54.05,336.964,-2.65,-4.59,285,265,-1,0,0,0
51.4,332.374,-2.65,-4.59,280,265,-1,0,0,0
48.75,327.784,-2.65,-4.59,275,265,-1,0,0,0
49.0,323.194,5.269,1.896,270,265,-1,0,0,0
54.269,325.09,5.269,1.896,265,265,-1,0,0,0
59.538,326.986,5.269,1.896,260,265,-1,0,0,0
64.808,328.882,5.269,1.896,255,265,-1,0,0,0
70.077,330.778,5.269,1.896,250,265,-1,0,0,0
75.346,332.674,5.269,1.896,245,265,-1,0,0,0
80.615,334.57,5.269,1.896,240,265,-1,0,0,0
85.885,336.466,5.269,1.896,235,265,-1,0,0,0
91.154,338.363,5.269,1.896,230,265,-1,0,0,0
96.423,340.259,5.269,1.896,225,265,-1,0,0,0
101.692,342.155,5.269,1.896,220,265,-1,0,0,0
106.962,344.051,5.269,1.896,215,265,-1,0,0,0
112.231,345.947,5.269,1.896,210,265,-1,0,0,0
117.5,347.843,5.269,1.896,205,265,-1,0,0,0
122.769,349.739,5.269,1.896,200,265,-1,0,0,0
128.039,351.635,5.269,1.896,195,265,-1,0,0,0
133.308,353.531,5.269,1.896,190,265,-1,0,0,0
138.577,355.427,5.269,1.896,190,265,0,0,0,0
143.846,357.323,5.269,1.896,190,265,0,0,0,0
149.116,359.219,5.269,1.896,190,265,0,0,0,0
154.385,361.116,5.269,1.896,190,265,0,0,0,0
159.654,363.012,5.269,1.896,190,265,0,0,0,0
164.923,364.908,5.269,1.896,190,265,0,0,0,0
170.192,366.804,5.269,1.896,190,265,0,0,0,0
175.462,368.7,5.269,1.896,190,265,0,0,0,0
180.731,370.596,5.269,1.896,190,265,0,0,0,0
186.0,372.492,5.269,1.896,190,265,0,0,0,0
191.269,374.388,5.269,1.896,190,265,0,0,0,0
196.539,376.284,5.269,1.896,190,265,0,0,0,0
201.808,378.18,5.269,1.896,190,265,0,0,0,0
207.077,380.076,5.269,1.896,190,265,0,0,0,0
212.346,381.972,5.269,1.896,190,265,0,0,0,0
217.616,383.869,5.269,1.896,190,270,0,1,0,0
222.885,385.765,5.269,1.896,190,275,0,1,0,0
228.154,387.661,5.269,1.896,195,280,1,1,0,0
233.423,389.557,5.269,1.896,200,285,1,1,0,0
238.693,391.453,5.269,1.896,205,290,1,1,0,0
243.962,393.349,5.269,1.896,210,295,1,1,0,0
249.231,395.245,5.269,1.896,215,300,1,1,0,0
254.5,397.141,5.269,1.896,220,305,1,1,0,0
259.769,399.037,5.269,1.896,225,310,1,1,0,0
265.039,400.933,5.269,1.896,230,315,1,1,0,0
270.308,402.829,5.269,1.896,235,320,1,1,0,0
275.577,404.726,5.269,1.896,240,325,1,1,0,0
280.846,406.622,5.269,1.896,245,330,1,1,0,0
286.116,408.518,5.269,1.896,250,335,1,1,0,0
291.385,410.414,5.269,1.896,255,340,1,1,0,0
296.654,412.31,5.269,1.896,260,345,1,1,0,0
301.923,414.206,5.269,1.896,265,350,1,1,0,0
307.193,416.102,5.269,1.896,270,355,1,1,0,0
312.462,417.998,5.269,1.896,275,360,1,1,0,0
317.731,419.894,5.269,1.896,280,365,1,1,0,0
323.0,421.79,5.269,1.896,285,370,1,1,0,0
328.27,423.686,5.269,1.896,290,375,1,1,0,0
333.539,425.582,5.269,1.896,295,380,1,1,0,0
338.808,427.479,5.269,1.896,300,380,1,0,0,0
344.077,429.375,5.269,1.896,305,380,1,0,0,0
349.347,431.271,5.269,1.896,310,380,1,0,0,0
354.616,433.167,5.269,1.896,315,380,1,0,0,0
359.885,435.063,5.269,1.896,320,380,1,0,0,0
365.154,436.959,5.269,1.896,325,380,1,0,0,0
370.423,438.855,5.269,1.896,330,380,1,0,0,0
375.693,440.751,5.269,1.896,335,380,1,0,0,0
380.962,442.647,5.269,1.896,340,380,1,0,0,0
386.231,444.543,5.269,1.896,345,380,1,0,0,0
391.5,446.439,5.269,1.896,350,380,1,0,0,0
396.77,448.335,5.269,1.896,355,380,1,0,0,0
402.039,450.232,5.269,1.896,360,380,1,0,0,0
407.308,452.128,5.269,1.896,365,380,1,0,0,0
412.577,454.024,5.269,1.896,370,380,1,0,0,0
417.847,455.92,5.269,1.896,375,380,1,0,0,0
423.116,457.816,5.269,1.896,380,380,1,0,0,0
428.385,459.712,5.269,1.896,385,380,1,0,0,0
433.654,461.608,5.269,1.896,390,380,1,0,0,0
438.924,463.504,5.269,1.896,395,380,1,0,0,0
444.193,465.4,5.269,1.896,400,380,1,0,0,0
449.462,467.296,5.269,1.896,405,380,1,0,0,0
454.731,469.192,5.269,1.896,410,380,1,0,0,0
460.001,471.088,5.269,1.896,415,380,1,0,0,0
465.27,472.985,5.269,1.896,420,380,1,0,0,0
470.539,474.881,5.269,1.896,425,380,1,0,0,0
475.808,476.777,5.269,1.896,430,380,1,0,0,0
481.077,478.673,5.269,1.896,435,380,1,0,0,0
486.347,480.569,5.269,1.896,440,380,1,0,0,0
491.616,482.465,5.269,1.896,440,385,0,1,0,0
496.885,484.361,5.269,1.896,440,390,0,1,0,0
502.154,486.257,5.269,1.896,440,395,0,1,0,0
507.424,488.153,5.269,1.896,440,400,0,1,0,0
512.693,490.049,5.269,1.896,440,405,0,1,0,0
517.962,491.945,5.269,1.896,440,410,0,1,0,0
523.231,493.841,5.269,1.896,440,415,0,1,0,0
528.501,495.738,5.269,1.896,440,420,0,1,0,0
533.77,497.634,5.269,1.896,440,425,0,1,0,0
539.039,499.53,5.269,1.896,440,430,0,1,0,0
544.308,501.426,5.269,1.896,440,435,0,1,0,0
549.578,503.322,5.269,1.896,440,440,0,1,0,0
554.847,505.218,5.269,1.896,440,445,0,1,0,0
560.116,507.114,5.269,1.896,440,450,0,1,0,0
565.385,509.01,5.269,1.896,440,455,0,1,0,0
570.654,510.906,5.269,1.896,440,460,0,1,0,0
575.924,512.802,5.269,1.896,440,465,0,1,0,0
581.193,514.698,5.269,1.896,440,470,0,1,0,0
586.462,516.595,5.269,1.896,440,475,0,1,0,0
591.731,518.491,5.269,1.896,440,475,0,0,0,0
597.001,520.387,5.269,1.896,440,475,0,0,0,0
602.27,522.283,5.269,1.896,440,475,0,0,0,0
607.539,524.179,5.269,1.896,440,475,0,0,0,0
612.808,526.075,5.269,1.896,440,475,0,0,0,0
618.078,527.971,5.269,1.896,440,475,0,0,0,0
623.347,529.867,5.269,1.896,440,475,0,0,0,0
628.616,531.763,5.269,1.896,440,475,0,0,0,0
633.885,533.659,5.269,1.896,440,475,0,0,0,0
639.155,535.555,5.269,1.896,440,475,0,0,0,0
644.424,537.451,5.269,1.896,440,475,0,0,0,0
649.693,539.348,5.269,1.896,440,475,0,0,0,0
654.962,541.244,5.269,1.896,440,475,0,0,0,0
660.232,543.14,5.269,1.896,440,475,0,0,0,0
665.501,545.036,5.269,1.896,440,475,0,0,0,0
670.77,546.932,5.269,1.896,440,475,0,0,0,0
676.039,548.828,5.269,1.896,440,475,0,0,0,0
681.308,550.724,5.269,1.896,440,475,0,0,0,0
686.578,552.62,5.269,1.896,440,475,0,0,0,0
691.847,554.516,5.269,1.896,440,475,0,0,0,0
697.116,556.412,5.269,1.896,440,475,0,0,0,0
702.385,558.308,5.269,1.896,440,475,0,0,0,0
707.655,560.204,5.269,1.896,440,475,0,0,0,0
712.924,562.101,5.269,1.896,440,475,0,0,0,0
718.193,563.997,5.269,1.896,440,475,0,0,0,0
723.462,565.893,5.269,1.896,440,475,0,0,0,0
728.732,567.789,5.269,1.896,440,475,0,0,0,0
734.001,569.685,5.269,1.896,440,475,0,0,0,0
739.27,571.581,5.269,1.896,440,475,0,0,0,0
744.539,573.477,5.269,1.896,440,475,0,0,0,0
749.809,575.373,5.269,1.896,440,475,0,0,0,0
755.078,577.269,5.269,1.896,440,475,0,0,0,0
760.347,579.165,5.269,1.896,440,475,0,0,0,0
765.616,581.061,5.269,1.896,440,475,0,0,0,0
770.886,582.957,5.269,1.896,440,475,0,0,0,0
776.155,584.854,5.269,1.896,440,475,0,0,0,0
781.424,586.75,5.269,1.896,440,475,0,0,0,0
786.693,588.646,5.269,1.896,440,475,0,0,0,0
791.962,590.542,5.269,1.896,440,475,0,0,0,0
797.232,592.438,5.269,1.896,440,475,0,0,0,0
802.501,594.0,5.269,-1.896,440,475,0,0,0,0
400.0,300.0,-4.171,-2.758,440,475,0,0,1,0
404.955,300.67,4.955,0.67,440,475,0,0,0,0
409.91,301.34,4.955,0.67,440,475,0,0,0,0
414.865,302.01,4.955,0.67,440,475,0,0,0,0
419.82,302.68,4.955,0.67,440,475,0,0,0,0
424.775,303.35,4.955,0.67,440,475,0,0,0,0
429.729,304.02,4.955,0.67,440,475,0,0,0,0
434.684,304.69,4.955,0.67,440,475,0,0,0,0
439.639,305.36,4.955,0.67,440,475,0,0,0,0
444.594,306.03,4.955,0.67,440,475,0,0,0,0
449.549,306.7,4.955,0.67,440,475,0,0,0,0
454.504,307.37,4.955,0.67,440,475,0,0,0,0
459.459,308.04,4.955,0.67,440,475,0,0,0,0
464.414,308.71,4.955,0.67,440,475,0,0,0,0
469.369,309.38,4.955,0.67,440,475,0,0,0,0
474.324,310.05,4.955,0.67,440,475,0,0,0,0
479.278,310.72,4.955,0.67,440,475,0,0,0,0
484.233,311.39,4.955,0.67,440,475,0,0,0,0
489.188,312.06,4.955,0.67,440,475,0,0,0,0
494.143,312.73,4.955,0.67,440,475,0,0,0,0
499.098,313.4,4.955,0.67,440,475,0,0,0,0
504.053,314.07,4.955,0.67,440,475,0,0,0,0
509.008,314.74,4.955,0.67,440,475,0,0,0,0
513.963,315.41,4.955,0.67,440,475,0,0,0,0
518.918,316.08,4.955,0.67,440,475,0,0,0,0
523.873,316.75,4.955,0.67,440,475,0,0,0,0
528.828,317.42,4.955,0.67,440,475,0,0,0,0
533.782,318.09,4.955,0.67,440,475,0,0,0,0
538.737,318.76,4.955,0.67,440,475,0,0,0,0
543.692,319.43,4.955,0.67,440,475,0,0,0,0
548.647,320.1,4.955,0.67,440,475,0,0,0,0
553.602,320.771,4.955,0.67,440,475,0,0,0,0
558.557,321.441,4.955,0.67,440,475,0,0,0,0
563.512,322.111,4.955,0.67,440,475,0,0,0,0
568.467,322.781,4.955,0.67,440,475,0,0,0,0
573.422,323.451,4.955,0.67,440,475,0,0,0,0
578.377,324.121,4.955,0.67,440,475,0,0,0,0
583.331,324.791,4.955,0.67,440,475,0,0,0,0
588.286,325.461,4.955,0.67,440,475,0,0,0,0
593.241,326.131,4.955,0.67,440,475,0,0,0,0
598.196,326.801,4.955,0.67,440,475,0,0,0,0
603.151,327.471,4.955,0.67,435,475,-1,0,0,0
608.106,328.141,4.955,0.67,430,475,-1,0,0,0
613.061,328.811,4.955,0.67,425,475,-1,0,0,0
618.016,329.481,4.955,0.67,420,475,-1,0,0,0
622.971,330.151,4.955,0.67,415,470,-1,-1,0,0
627.926,330.821,4.955,0.67,410,465,-1,-1,0,0
632.881,331.491,4.955,0.67,405,460,-1,-1,0,0
637.835,332.161,4.955,0.67,400,455,-1,-1,0,0
642.79,332.831,4.955,0.67,395,450,-1,-1,0,0
647.745,333.501,4.955,0.67,390,445,-1,-1,0,0
652.7,334.171,4.955,0.67,385,440,-1,-1,0,0
657.655,334.841,4.955,0.67,380,435,-1,-1,0,0
662.61,335.511,4.955,0.67,375,430,-1,-1,0,0
667.565,336.181,4.955,0.67,370,425,-1,-1,0,0
672.52,336.851,4.955,0.67,365,420,-1,-1,0,0
677.475,337.521,4.955,0.67,360,415,-1,-1,0,0
682.43,338.191,4.955,0.67,355,410,-1,-1,0,0
687.384,338.861,4.955,0.67,350,405,-1,-1,0,0
692.339,339.531,4.955,0.67,345,400,-1,-1,0,0
697.294,340.201,4.955,0.67,340,395,-1,-1,0,0
702.249,340.871,4.955,0.67,335,390,-1,-1,0,0
707.204,341.541,4.955,0.67,330,385,-1,-1,0,0
712.159,342.211,4.955,0.67,330,380,0,-1,0,0
717.114,342.881,4.955,0.67,330,375,0,-1,0,0
722.069,343.551,4.955,0.67,330,370,0,-1,0,0
727.024,344.221,4.955,0.67,330,365,0,-1,0,0
731.979,344.891,4.955,0.67,330,360,0,-1,0,0
736.934,345.561,4.955,0.67,330,355,0,-1,0,0
741.888,346.231,4.955,0.67,330,350,0,-1,0,0
746.843,346.901,4.955,0.67,330,345,0,-1,0,0
751.798,347.571,4.955,0.67,330,340,0,-1,0,0
751.0,348.241,-4.052,-3.417,330,335,0,-1,0,0
746.948,344.825,-4.052,-3.417,330,330,0,-1,0,0
742.896,341.408,-4.052,-3.417,330,325,0,-1,0,0
738.845,337.992,-4.052,-3.417,330,320,0,-1,0,0
734.793,334.575,-4.052,-3.417,330,315,0,-1,0,0
730.741,331.158,-4.052,-3.417,330,310,0,-1,0,0
726.689,327.742,-4.052,-3.417,330,305,0,-1,0,0
722.637,324.325,-4.052,-3.417,330,300,0,-1,0,0
718.586,320.909,-4.052,-3.417,330,295,0,-1,0,0
714.534,317.492,-4.052,-3.417,330,290,0,-1,0,0
710.482,314.076,-4.052,-3.417,330,285,0,-1,0,0
706.43,310.659,-4.052,-3.417,330,285,0,0,0,0
702.378,307.242,-4.052,-3.417,330,285,0,0,0,0
698.327,303.826,-4.052,-3.417,330,285,0,0,0,0
694.275,300.409,-4.052,-3.417,330,285,0,0,0,0
690.223,296.993,-4.052,-3.417,330,285,0,0,0,0
686.171,293.576,-4.052,-3.417,330,285,0,0,0,0
682.119,290.16,-4.052,-3.417,330,285,0,0,0,0
678.068,286.743,-4.052,-3.417,330,285,0,0,0,0
674.016,283.327,-4.052,-3.417,330,285,0,0,0,0
669.964,279.91,-4.052,-3.417,330,285,0,0,0,0
665.912,276.493,-4.052,-3.417,330,285,0,0,0,0
