ball_x,ball_y,ball_vx,ball_vy,left_y,right_y,left_action,right_action,left_scored,right_scored
404.999,300.077,4.999,0.077,260,260,0,0,0,0
409.999,300.154,4.999,0.077,260,260,0,0,0,0
414.998,300.23,4.999,0.077,260,260,0,0,0,0
419.998,300.307,4.999,0.077,260,260,0,0,0,0
424.997,300.384,4.999,0.077,260,260,0,0,0,0
429.996,300.461,4.999,0.077,260,260,0,0,0,0
434.996,300.537,4.999,0.077,260,260,0,0,0,0
439.995,300.614,4.999,0.077,260,260,0,0,0,0
444.995,300.691,4.999,0.077,260,260,0,0,0,0
449.994,300.768,4.999,0.077,260,260,0,0,0,0
454.994,300.844,4.999,0.077,260,260,0,0,0,0
459.993,300.921,4.999,0.077,260,260,0,0,0,0
464.992,300.998,4.999,0.077,260,260,0,0,0,0
469.992,301.075,4.999,0.077,260,260,0,0,0,0
474.991,301.152,4.999,0.077,260,260,0,0,0,0
479.991,301.228,4.999,0.077,260,260,0,0,0,0
484.99,301.305,4.999,0.077,260,260,0,0,0,0
489.989,301.382,4.999,0.077,260,260,0,0,0,0
494.989,301.459,4.999,0.077,260,260,0,0,0,0
499.988,301.535,4.999,0.077,260,260,0,0,0,0
504.988,301.612,4.999,0.077,260,260,0,0,0,0
509.987,301.689,4.999,0.077,260,260,0,0,0,0
514.986,301.766,4.999,0.077,260,260,0,0,0,0
519.986,301.842,4.999,0.077,260,260,0,0,0,0
524.985,301.919,4.999,0.077,260,260,0,0,0,0
529.985,301.996,4.999,0.077,260,260,0,0,0,0
534.984,302.073,4.999,0.077,260,260,0,0,0,0
539.983,302.15,4.999,0.077,260,260,0,0,0,0
544.983,302.226,4.999,0.077,260,260,0,0,0,0
549.982,302.303,4.999,0.077,260,260,0,0,0,0
554.982,302.38,4.999,0.077,260,260,0,0,0,0
559.981,302.457,4.999,0.077,260,260,0,0,0,0
564.981,302.533,4.999,0.077,260,260,0,0,0,0
569.98,302.61,4.999,0.077,260,260,0,0,0,0
574.979,302.687,4.999,0.077,260,260,0,0,0,0
579.979,302.764,4.999,0.077,260,260,0,0,0,0
584.978,302.84,4.999,0.077,260,260,0,0,0,0
589.978,302.917,4.999,0.077,260,260,0,0,0,0
594.977,302.994,4.999,0.077,260,260,0,0,0,0
599.976,303.071,4.999,0.077,260,260,0,0,0,0
604.976,303.147,4.999,0.077,260,260,0,0,0,0
609.975,303.224,4.999,0.077,260,260,0,0,0,0
614.975,303.301,4.999,0.077,260,260,0,0,0,0
619.974,303.378,4.999,0.077,260,260,0,0,0,0
624.973,303.455,4.999,0.077,260,260,0,0,0,0
629.973,303.531,4.999,0.077,260,260,0,0,0,0
634.972,303.608,4.999,0.077,260,260,0,0,0,0
639.972,303.685,4.999,0.077,260,260,0,0,0,0
644.971,303.762,4.999,0.077,260,260,0,0,0,0
649.971,303.838,4.999,0.077,260,260,0,0,0,0
654.97,303.915,4.999,0.077,260,260,0,0,0,0
659.969,303.992,4.999,0.077,260,260,0,0,0,0
664.969,304.069,4.999,0.077,260,260,0,0,0,0
669.968,304.145,4.999,0.077,260,260,0,0,0,0
674.968,304.222,4.999,0.077,260,260,0,0,0,0
679.967,304.299,4.999,0.077,260,260,0,0,0,0
684.966,304.376,4.999,0.077,260,260,0,0,0,0
689.966,304.453,4.999,0.077,260,260,0,0,0,0
694.965,304.529,4.999,0.077,260,260,0,0,0,0
699.965,304.606,4.999,0.077,260,260,0,0,0,0
704.964,304.683,4.999,0.077,260,260,0,0,0,0
709.963,304.76,4.999,0.077,260,260,0,0,0,0
714.963,304.836,4.999,0.077,260,260,0,0,0,0
719.962,304.913,4.999,0.077,260,260,0,0,0,0
724.962,304.99,4.999,0.077,260,260,0,0,0,0
729.961,305.067,4.999,0.077,260,260,0,0,0,0
734.961,305.143,4.999,0.077,260,260,0,0,0,0
739.96,305.22,4.999,0.077,260,260,0,0,0,0
744.959,305.297,4.999,0.077,260,260,0,0,0,0
749.959,305.374,4.999,0.077,260,260,0,0,0,0
751.0,305.451,-5.246,0.754,260,260,0,0,0,0
745.754,306.204,-5.246,0.754,260,260,0,0,0,0
740.508,306.958,-5.246,0.754,260,260,0,0,0,0
735.262,307.712,-5.246,0.754,260,260,0,0,0,0
730.015,308.465,-5.246,0.754,260,260,0,0,0,0
724.769,309.219,-5.246,0.754,260,260,0,0,0,0
719.523,309.973,-5.246,0.754,260,260,0,0,0,0
714.277,310.727,-5.246,0.754,260,260,0,0,0,0
709.031,311.48,-5.246,0.754,260,260,0,0,0,0
703.785,312.234,-5.246,0.754,260,260,0,0,0,0
698.539,312.988,-5.246,0.754,260,260,0,0,0,0
693.293,313.741,-5.246,0.754,260,260,0,0,0,0
688.046,314.495,-5.246,0.754,260,260,0,0,0,0
682.8,315.249,-5.246,0.754,260,260,0,0,0,0
677.554,316.003,-5.246,0.754,260,260,0,0,0,0
672.308,316.756,-5.246,0.754,260,260,0,0,0,0
667.062,317.51,-5.246,0.754,260,260,0,0,0,0
661.816,318.264,-5.246,0.754,260,260,0,0,0,0
656.57,319.018,-5.246,0.754,260,260,0,0,0,0
651.323,319.771,-5.246,0.754,260,260,0,0,0,0
646.077,320.525,-5.246,0.754,260,260,0,0,0,0
640.831,321.279,-5.246,0.754,260,260,0,0,0,0
635.585,322.032,-5.246,0.754,260,260,0,0,0,0
630.339,322.786,-5.246,0.754,260,260,0,0,0,0
625.093,323.54,-5.246,0.754,260,260,0,0,0,0
619.847,324.294,-5.246,0.754,260,260,0,0,0,0
614.601,325.047,-5.246,0.754,260,260,0,0,0,0
609.354,325.801,-5.246,0.754,260,260,0,0,0,0
604.108,326.555,-5.246,0.754,260,260,0,0,0,0
598.862,327.308,-5.246,0.754,260,260,0,0,0,0
593.616,328.062,-5.246,0.754,260,260,0,0,0,0
588.37,328.816,-5.246,0.754,260,260,0,0,0,0
583.124,329.57,-5.246,0.754,260,260,0,0,0,0
577.878,330.323,-5.246,0.754,260,260,0,0,0,0
572.631,331.077,-5.246,0.754,260,260,0,0,0,0
567.385,331.831,-5.246,0.754,260,260,0,0,0,0
562.139,332.584,-5.246,0.754,260,260,0,0,0,0
556.893,333.338,-5.246,0.754,260,260,0,0,0,0
551.647,334.092,-5.246,0.754,260,255,0,-1,0,0
546.401,334.846,-5.246,0.754,260,250,0,-1,0,0
541.155,335.599,-5.246,0.754,260,245,0,-1,0,0
535.909,336.353,-5.246,0.754,265,240,1,-1,0,0
530.662,337.107,-5.246,0.754,270,235,1,-1,0,0
525.416,337.86,-5.246,0.754,275,230,1,-1,0,0
520.17,338.614,-5.246,0.754,280,225,1,-1,0,0
514.924,339.368,-5.246,0.754,285,220,1,-1,0,0
509.678,340.122,-5.246,0.754,290,215,1,-1,0,0
504.432,340.875,-5.246,0.754,295,210,1,-1,0,0
499.186,341.629,-5.246,0.754,300,210,1,0,0,0
493.94,342.383,-5.246,0.754,305,210,1,0,0,0
488.693,343.137,-5.246,0.754,310,210,1,0,0,0
483.447,343.89,-5.246,0.754,315,210,1,0,0,0
478.201,344.644,-5.246,0.754,320,210,1,0,0,0
472.955,345.398,-5.246,0.754,325,210,1,0,0,0
467.709,346.151,-5.246,0.754,330,210,1,0,0,0
462.463,346.905,-5.246,0.754,335,210,1,0,0,0
457.217,347.659,-5.246,0.754,340,210,1,0,0,0
451.97,348.413,-5.246,0.754,340,210,0,0,0,0
446.724,349.166,-5.246,0.754,340,210,0,0,0,0
441.478,349.92,-5.246,0.754,340,210,0,0,0,0
436.232,350.674,-5.246,0.754,340,210,0,0,0,0
430.986,351.427,-5.246,0.754,340,210,0,0,0,0
425.74,352.181,-5.246,0.754,340,210,0,0,0,0
420.494,352.935,-5.246,0.754,340,210,0,0,0,0
415.248,353.689,-5.246,0.754,340,210,0,0,0,0
410.001,354.442,-5.246,0.754,340,210,0,0,0,0
404.755,355.196,-5.246,0.754,340,210,0,0,0,0
399.509,355.95,-5.246,0.754,340,210,0,0,0,0
394.263,356.703,-5.246,0.754,340,210,0,0,0,0
389.017,357.457,-5.246,0.754,340,210,0,0,0,0
383.771,358.211,-5.246,0.754,340,210,0,0,0,0
378.525,358.965,-5.246,0.754,340,210,0,0,0,0
373.278,359.718,-5.246,0.754,340,210,0,0,0,0
368.032,360.472,-5.246,0.754,340,215,0,1,0,0
362.786,361.226,-5.246,0.754,340,220,0,1,0,0
357.54,361.98,-5.246,0.754,340,225,0,1,0,0
352.294,362.733,-5.246,0.754,340,230,0,1,0,0
347.048,363.487,-5.246,0.754,340,235,0,1,0,0
341.802,364.241,-5.246,0.754,340,240,0,1,0,0
336.556,364.994,-5.246,0.754,340,245,0,1,0,0
331.309,365.748,-5.246,0.754,340,250,0,1,0,0
326.063,366.502,-5.246,0.754,340,255,0,1,0,0
320.817,367.256,-5.246,0.754,340,260,0,1,0,0
315.571,368.009,-5.246,0.754,340,265,0,1,0,0
310.325,368.763,-5.246,0.754,340,270,0,1,0,0
305.079,369.517,-5.246,0.754,340,275,0,1,0,0
299.833,370.27,-5.246,0.754,340,280,0,1,0,0
294.586,371.024,-5.246,0.754,340,285,0,1,0,0
289.34,371.778,-5.246,0.754,340,290,0,1,0,0
284.094,372.532,-5.246,0.754,340,295,0,1,0,0
278.848,373.285,-5.246,0.754,340,300,0,1,0,0
273.602,374.039,-5.246,0.754,340,305,0,1,0,0
268.356,374.793,-5.246,0.754,340,310,0,1,0,0
263.11,375.546,-5.246,0.754,340,315,0,1,0,0
257.864,376.3,-5.246,0.754,340,315,0,0,0,0
252.617,377.054,-5.246,0.754,340,315,0,0,0,0
247.371,377.808,-5.246,0.754,340,315,0,0,0,0
242.125,378.561,-5.246,0.754,340,315,0,0,0,0
236.879,379.315,-5.246,0.754,340,315,0,0,0,0
231.633,380.069,-5.246,0.754,340,315,0,0,0,0
226.387,380.823,-5.246,0.754,340,315,0,0,0,0
221.141,381.576,-5.246,0.754,340,315,0,0,0,0
215.894,382.33,-5.246,0.754,340,315,0,0,0,0
210.648,383.084,-5.246,0.754,340,315,0,0,0,0
205.402,383.837,-5.246,0.754,340,315,0,0,0,0
200.156,384.591,-5.246,0.754,340,315,0,0,0,0
194.91,385.345,-5.246,0.754,340,315,0,0,0,0
189.664,386.099,-5.246,0.754,340,315,0,0,0,0
184.418,386.852,-5.246,0.754,340,315,0,0,0,0
179.172,387.606,-5.246,0.754,340,315,0,0,0,0
173.925,388.36,-5.246,0.754,340,315,0,0,0,0
168.679,389.113,-5.246,0.754,340,315,0,0,0,0
163.433,389.867,-5.246,0.754,340,315,0,0,0,0
158.187,390.621,-5.246,0.754,340,315,0,0,0,0
152.941,391.375,-5.246,0.754,340,315,0,0,0,0
147.695,392.128,-5.246,0.754,340,315,0,0,0,0
142.449,392.882,-5.246,0.754,340,315,0,0,0,0
137.202,393.636,-5.246,0.754,340,315,0,0,0,0
131.956,394.389,-5.246,0.754,340,315,0,0,0,0
126.71,395.143,-5.246,0.754,340,315,0,0,0,0
121.464,395.897,-5.246,0.754,340,315,0,0,0,0
116.218,396.651,-5.246,0.754,340,315,0,0,0,0
110.972,397.404,-5.246,0.754,340,315,0,0,0,0
105.726,398.158,-5.246,0.754,340,315,0,0,0,0
100.48,398.912,-5.246,0.754,340,315,0,0,0,0
95.233,399.666,-5.246,0.754,340,315,0,0,0,0
89.987,400.419,-5.246,0.754,340,315,0,0,0,0
84.741,401.173,-5.246,0.754,345,315,1,0,0,0
79.495,401.927,-5.246,0.754,350,320,1,1,0,0
74.249,402.68,-5.246,0.754,355,325,1,1,0,0
69.003,403.434,-5.246,0.754,360,330,1,1,0,0
63.757,404.188,-5.246,0.754,365,335,1,1,0,0
58.511,404.942,-5.246,0.754,370,340,1,1,0,0
53.264,405.695,-5.246,0.754,370,345,0,1,0,0
48.018,406.449,-5.246,0.754,370,350,0,1,0,0
49.0,407.203,5.585,-0.41,370,355,0,1,0,0
54.585,406.793,5.585,-0.41,370,360,0,1,0,0
60.17,406.383,5.585,-0.41,370,360,0,0,0,0
65.755,405.973,5.585,-0.41,370,360,0,0,0,0
71.34,405.564,5.585,-0.41,370,360,0,0,0,0
76.925,405.154,5.585,-0.41,370,360,0,0,0,0
82.51,404.744,5.585,-0.41,370,360,0,0,0,0
88.095,404.335,5.585,-0.41,370,360,0,0,0,0
93.68,403.925,5.585,-0.41,370,360,0,0,0,0
99.265,403.515,5.585,-0.41,370,360,0,0,0,0
104.85,403.105,5.585,-0.41,370,360,0,0,0,0
110.435,402.696,5.585,-0.41,370,360,0,0,0,0
116.02,402.286,5.585,-0.41,370,360,0,0,0,0
121.605,401.876,5.585,-0.41,370,360,0,0,0,0
127.19,401.466,5.585,-0.41,370,360,0,0,0,0
132.775,401.057,5.585,-0.41,370,360,0,0,0,0
138.36,400.647,5.585,-0.41,370,360,0,0,0,0
143.945,400.237,5.585,-0.41,370,360,0,0,0,0
149.53,399.827,5.585,-0.41,370,360,0,0,0,0
155.115,399.418,5.585,-0.41,370,360,0,0,0,0
160.7,399.008,5.585,-0.41,370,360,0,0,0,0
166.285,398.598,5.585,-0.41,370,360,0,0,0,0
171.87,398.188,5.585,-0.41,370,360,0,0,0,0
177.455,397.779,5.585,-0.41,370,360,0,0,0,0
183.04,397.369,5.585,-0.41,370,360,0,0,0,0
188.625,396.959,5.585,-0.41,370,360,0,0,0,0
194.21,396.549,5.585,-0.41,370,360,0,0,0,0
199.795,396.14,5.585,-0.41,370,360,0,0,0,0
205.38,395.73,5.585,-0.41,370,360,0,0,0,0
210.965,395.32,5.585,-0.41,370,360,0,0,0,0
216.55,394.911,5.585,-0.41,370,360,0,0,0,0
222.135,394.501,5.585,-0.41,370,360,0,0,0,0
227.72,394.091,5.585,-0.41,370,360,0,0,0,0
233.305,393.681,5.585,-0.41,370,360,0,0,0,0
238.89,393.272,5.585,-0.41,370,360,0,0,0,0
244.475,392.862,5.585,-0.41,370,360,0,0,0,0
250.06,392.452,5.585,-0.41,370,360,0,0,0,0
255.645,392.042,5.585,-0.41,370,360,0,0,0,0
261.23,391.633,5.585,-0.41,370,360,0,0,0,0
266.815,391.223,5.585,-0.41,370,360,0,0,0,0
272.4,390.813,5.585,-0.41,370,360,0,0,0,0
277.985,390.403,5.585,-0.41,370,360,0,0,0,0
283.57,389.994,5.585,-0.41,370,360,0,0,0,0
289.155,389.584,5.585,-0.41,370,360,0,0,0,0
294.74,389.174,5.585,-0.41,370,360,0,0,0,0
300.325,388.764,5.585,-0.41,370,360,0,0,0,0
305.91,388.355,5.585,-0.41,370,360,0,0,0,0
311.495,387.945,5.585,-0.41,370,360,0,0,0,0
317.08,387.535,5.585,-0.41,370,360,0,0,0,0
322.665,387.125,5.585,-0.41,370,360,0,0,0,0
328.25,386.716,5.585,-0.41,370,360,0,0,0,0
333.834,386.306,5.585,-0.41,370,360,0,0,0,0
339.419,385.896,5.585,-0.41,370,360,0,0,0,0
345.004,385.487,5.585,-0.41,370,360,0,0,0,0
350.589,385.077,5.585,-0.41,370,360,0,0,0,0
356.174,384.667,5.585,-0.41,370,360,0,0,0,0
361.759,384.257,5.585,-0.41,370,360,0,0,0,0
367.344,383.848,5.585,-0.41,370,360,0,0,0,0
372.929,383.438,5.585,-0.41,370,360,0,0,0,0
378.514,383.028,5.585,-0.41,370,360,0,0,0,0
384.099,382.618,5.585,-0.41,370,360,0,0,0,0
389.684,382.209,5.585,-0.41,370,360,0,0,0,0
395.269,381.799,5.585,-0.41,370,360,0,0,0,0
400.854,381.389,5.585,-0.41,370,360,0,0,0,0
406.439,380.979,5.585,-0.41,370,360,0,0,0,0
412.024,380.57,5.585,-0.41,370,360,0,0,0,0
417.609,380.16,5.585,-0.41,370,360,0,0,0,0
423.194,379.75,5.585,-0.41,370,360,0,0,0,0
428.779,379.34,5.585,-0.41,370,360,0,0,0,0
434.364,378.931,5.585,-0.41,370,360,0,0,0,0
439.949,378.521,5.585,-0.41,370,360,0,0,0,0
445.534,378.111,5.585,-0.41,370,360,0,0,0,0
451.119,377.701,5.585,-0.41,370,360,0,0,0,0
456.704,377.292,5.585,-0.41,370,360,0,0,0,0
462.289,376.882,5.585,-0.41,370,360,0,0,0,0
467.874,376.472,5.585,-0.41,370,360,0,0,0,0
473.459,376.062,5.585,-0.41,370,360,0,0,0,0
479.044,375.653,5.585,-0.41,370,360,0,0,0,0
484.629,375.243,5.585,-0.41,370,360,0,0,0,0
490.214,374.833,5.585,-0.41,370,360,0,0,0,0
495.799,374.424,5.585,-0.41,370,360,0,0,0,0
501.384,374.014,5.585,-0.41,370,360,0,0,0,0
506.969,373.604,5.585,-0.41,370,360,0,0,0,0
512.554,373.194,5.585,-0.41,370,360,0,0,0,0
518.139,372.785,5.585,-0.41,370,360,0,0,0,0
523.724,372.375,5.585,-0.41,370,360,0,0,0,0
529.309,371.965,5.585,-0.41,370,360,0,0,0,0
534.894,371.555,5.585,-0.41,370,360,0,0,0,0
540.479,371.146,5.585,-0.41,370,360,0,0,0,0
546.064,370.736,5.585,-0.41,370,360,0,0,0,0
551.649,370.326,5.585,-0.41,370,360,0,0,0,0
557.234,369.916,5.585,-0.41,370,360,0,0,0,0
562.819,369.507,5.585,-0.41,370,360,0,0,0,0
568.404,369.097,5.585,-0.41,370,360,0,0,0,0
573.989,368.687,5.585,-0.41,370,360,0,0,0,0
579.574,368.277,5.585,-0.41,370,360,0,0,0,0
585.159,367.868,5.585,-0.41,370,360,0,0,0,0
590.744,367.458,5.585,-0.41,370,360,0,0,0,0
596.329,367.048,5.585,-0.41,365,360,-1,0,0,0
601.914,366.638,5.585,-0.41,360,360,-1,0,0,0
607.499,366.229,5.585,-0.41,355,360,-1,0,0,0
613.084,365.819,5.585,-0.41,355,360,0,0,0,0
618.669,365.409,5.585,-0.41,355,360,0,0,0,0
624.254,365.0,5.585,-0.41,355,360,0,0,0,0
629.839,364.59,5.585,-0.41,355,360,0,0,0,0
635.424,364.18,5.585,-0.41,355,360,0,0,0,0
641.009,363.77,5.585,-0.41,355,360,0,0,0,0
646.594,363.361,5.585,-0.41,355,360,0,0,0,0
652.179,362.951,5.585,-0.41,355,360,0,0,0,0
657.764,362.541,5.585,-0.41,355,360,0,0,0,0
663.349,362.131,5.585,-0.41,355,360,0,0,0,0
668.934,361.722,5.585,-0.41,355,360,0,0,0,0
674.519,361.312,5.585,-0.41,355,360,0,0,0,0
680.104,360.902,5.585,-0.41,355,360,0,0,0,0
685.689,360.492,5.585,-0.41,355,360,0,0,0,0
691.274,360.083,5.585,-0.41,355,360,0,0,0,0
696.859,359.673,5.585,-0.41,355,360,0,0,0,0
702.444,359.263,5.585,-0.41,355,360,0,0,0,0
708.029,358.853,5.585,-0.41,355,360,0,0,0,0
713.614,358.444,5.585,-0.41,355,360,0,0,0,0
719.199,358.034,5.585,-0.41,355,360,0,0,0,0
724.784,357.624,5.585,-0.41,355,360,0,0,0,0
730.369,357.214,5.585,-0.41,355,360,0,0,0,0
735.954,356.805,5.585,-0.41,350,360,-1,0,0,0
741.539,356.395,5.585,-0.41,345,360,-1,0,0,0
747.124,355.985,5.585,-0.41,340,360,-1,0,0,0
752.709,355.576,5.585,-0.41,335,360,-1,0,0,0
751.0,355.166,-2.95,-5.11,330,360,-1,0,0,0
748.05,350.056,-2.95,-5.11,325,360,-1,0,0,0
745.1,344.947,-2.95,-5.11,320,360,-1,0,0,0
742.15,339.837,-2.95,-5.11,315,355,-1,-1,0,0
739.2,334.728,-2.95,-5.11,310,350,-1,-1,0,0
736.25,329.618,-2.95,-5.11,305,345,-1,-1,0,0
733.3,324.508,-2.95,-5.11,305,340,0,-1,0,0
730.35,319.399,-2.95,-5.11,305,335,0,-1,0,0
727.4,314.289,-2.95,-5.11,305,330,0,-1,0,0
724.45,309.18,-2.95,-5.11,305,325,0,-1,0,0
721.5,304.07,-2.95,-5.11,305,320,0,-1,0,0
718.55,298.961,-2.95,-5.11,305,315,0,-1,0,0
715.6,293.851,-2.95,-5.11,305,310,0,-1,0,0
712.65,288.742,-2.95,-5.11,305,305,0,-1,0,0
709.7,283.632,-2.95,-5.11,305,300,0,-1,0,0
706.75,278.523,-2.95,-5.11,305,295,0,-1,0,0
703.8,273.413,-2.95,-5.11,305,290,0,-1,0,0
700.85,268.303,-2.95,-5.11,305,285,0,-1,0,0
697.9,263.194,-2.95,-5.11,305,280,0,-1,0,0
694.95,258.084,-2.95,-5.11,305,275,0,-1,0,0
692.0,252.975,-2.95,-5.11,305,270,0,-1,0,0
689.05,247.865,-2.95,-5.11,305,265,0,-1,0,0
686.1,242.756,-2.95,-5.11,305,260,0,-1,0,0
683.15,237.646,-2.95,-5.11,305,260,0,0,0,0
680.2,232.537,-2.95,-5.11,305,260,0,0,0,0
677.25,227.427,-2.95,-5.11,305,260,0,0,0,0
674.3,222.317,-2.95,-5.11,305,260,0,0,0,0
671.35,217.208,-2.95,-5.11,305,260,0,0,0,0
668.4,212.098,-2.95,-5.11,305,260,0,0,0,0
665.45,206.989,-2.95,-5.11,305,260,0,0,0,0
662.5,201.879,-2.95,-5.11,305,260,0,0,0,0
659.55,196.77,-2.95,-5.11,305,260,0,0,0,0
656.6,191.66,-2.95,-5.11,305,260,0,0,0,0
653.65,186.551,-2.95,-5.11,305,260,0,0,0,0
650.7,181.441,-2.95,-5.11,305,260,0,0,0,0
647.75,176.332,-2.95,-5.11,305,260,0,0,0,0
644.8,171.222,-2.95,-5.11,305,260,0,0,0,0
641.85,166.112,-2.95,-5.11,305,260,0,0,0,0
638.9,161.003,-2.95,-5.11,305,260,0,0,0,0
635.95,155.893,-2.95,-5.11,305,260,0,0,0,0
633.0,150.784,-2.95,-5.11,305,260,0,0,0,0
630.05,145.674,-2.95,-5.11,305,260,0,0,0,0
627.1,140.565,-2.95,-5.11,305,260,0,0,0,0
624.15,135.455,-2.95,-5.11,305,260,0,0,0,0
621.2,130.346,-2.95,-5.11,305,260,0,0,0,0
618.25,125.236,-2.95,-5.11,305,260,0,0,0,0
615.3,120.126,-2.95,-5.11,305,260,0,0,0,0
612.35,115.017,-2.95,-5.11,305,260,0,0,0,0
609.4,109.907,-2.95,-5.11,305,260,0,0,0,0
606.45,104.798,-2.95,-5.11,305,260,0,0,0,0
603.5,99.688,-2.95,-5.11,305,260,0,0,0,0
600.55,94.579,-2.95,-5.11,305,260,0,0,0,0
597.6,89.469,-2.95,-5.11,305,260,0,0,0,0
594.65,84.36,-2.95,-5.11,305,260,0,0,0,0
591.7,79.25,-2.95,-5.11,305,260,0,0,0,0
588.75,74.141,-2.95,-5.11,305,260,0,0,0,0
585.8,69.031,-2.95,-5.11,305,260,0,0,0,0
582.85,63.921,-2.95,-5.11,305,260,0,0,0,0
579.9,58.812,-2.95,-5.11,300,260,-1,0,0,0
576.95,53.702,-2.95,-5.11,295,260,-1,0,0,0
574.0,48.593,-2.95,-5.11,290,260,-1,0,0,0
571.05,43.483,-2.95,-5.11,285,260,-1,0,0,0
568.1,38.374,-2.95,-5.11,280,260,-1,0,0,0
565.15,33.264,-2.95,-5.11,275,260,-1,0,0,0
562.2,28.155,-2.95,-5.11,270,260,-1,0,0,0
559.25,23.045,-2.95,-5.11,265,260,-1,0,0,0
556.3,17.935,-2.95,-5.11,260,260,-1,0,0,0
553.35,12.826,-2.95,-5.11,255,260,-1,0,0,0
550.4,7.716,-2.95,-5.11,250,260,-1,0,0,0
547.45,6.0,-2.95,5.11,245,260,-1,0,0,0
544.5,11.11,-2.95,5.11,245,260,0,0,0,0
541.55,16.219,-2.95,5.11,245,260,0,0,0,0
538.6,21.329,-2.95,5.11,250,260,1,0,0,0
535.65,26.438,-2.95,5.11,255,260,1,0,0,0
532.7,31.548,-2.95,5.11,260,260,1,0,0,0
529.75,36.657,-2.95,5.11,265,260,1,0,0,0
526.8,41.767,-2.95,5.11,270,260,1,0,0,0
523.85,46.876,-2.95,5.11,275,260,1,0,0,0
520.9,51.986,-2.95,5.11,280,260,1,0,0,0
517.95,57.095,-2.95,5.11,280,260,0,0,0,0
515.0,62.205,-2.95,5.11,280,260,0,0,0,0
512.05,67.315,-2.95,5.11,280,260,0,0,0,0
509.1,72.424,-2.95,5.11,280,260,0,0,0,0
506.15,77.534,-2.95,5.11,280,260,0,0,0,0
503.2,82.643,-2.95,5.11,280,260,0,0,0,0
500.25,87.753,-2.95,5.11,280,260,0,0,0,0
497.3,92.862,-2.95,5.11,280,260,0,0,0,0
494.35,97.972,-2.95,5.11,280,260,0,0,0,0
491.4,103.081,-2.95,5.11,280,260,0,0,0,0
488.45,108.191,-2.95,5.11,280,260,0,0,0,0
485.5,113.301,-2.95,5.11,280,260,0,0,0,0
482.55,118.41,-2.95,5.11,280,260,0,0,0,0
479.6,123.52,-2.95,5.11,280,260,0,0,0,0
476.65,128.629,-2.95,5.11,280,260,0,0,0,0
473.7,133.739,-2.95,5.11,280,260,0,0,0,0
470.75,138.848,-2.95,5.11,280,260,0,0,0,0
467.8,143.958,-2.95,5.11,285,260,1,0,0,0
464.85,149.067,-2.95,5.11,290,260,1,0,0,0
461.9,154.177,-2.95,5.11,295,260,1,0,0,0
458.95,159.286,-2.95,5.11,300,260,1,0,0,0
456.0,164.396,-2.95,5.11,305,260,1,0,0,0
453.05,169.506,-2.95,5.11,310,260,1,0,0,0
450.1,174.615,-2.95,5.11,315,260,1,0,0,0
447.15,179.725,-2.95,5.11,320,260,1,0,0,0
444.2,184.834,-2.95,5.11,325,260,1,0,0,0
441.25,189.944,-2.95,5.11,330,260,1,0,0,0
438.3,195.053,-2.95,5.11,335,260,1,0,0,0
435.35,200.163,-2.95,5.11,340,260,1,0,0,0
432.4,205.272,-2.95,5.11,345,260,1,0,0,0
429.45,210.382,-2.95,5.11,350,260,1,0,0,0
426.5,215.492,-2.95,5.11,355,260,1,0,0,0
423.55,220.601,-2.95,5.11,360,260,1,0,0,0
420.6,225.711,-2.95,5.11,365,260,1,0,0,0
417.65,230.82,-2.95,5.11,370,260,1,0,0,0
414.7,235.93,-2.95,5.11,375,260,1,0,0,0
411.75,241.039,-2.95,5.11,380,260,1,0,0,0
408.8,246.149,-2.95,5.11,385,260,1,0,0,0
405.85,251.258,-2.95,5.11,390,260,1,0,0,0
402.9,256.368,-2.95,5.11,395,260,1,0,0,0
399.95,261.477,-2.95,5.11,400,260,1,0,0,0
397.0,266.587,-2.95,5.11,405,260,1,0,0,0
394.05,271.697,-2.95,5.11,410,260,1,0,0,0
391.1,276.806,-2.95,5.11,415,260,1,0,0,0
388.15,281.916,-2.95,5.11,415,260,0,0,0,0
385.2,287.025,-2.95,5.11,415,260,0,0,0,0
382.25,292.135,-2.95,5.11,415,260,0,0,0,0
379.3,297.244,-2.95,5.11,415,260,0,0,0,0
376.35,302.354,-2.95,5.11,415,260,0,0,0,0
373.4,307.463,-2.95,5.11,415,260,0,0,0,0
370.45,312.573,-2.95,5.11,415,260,0,0,0,0
367.5,317.683,-2.95,5.11,415,260,0,0,0,0
364.55,322.792,-2.95,5.11,415,260,0,0,0,0
361.6,327.902,-2.95,5.11,415,260,0,0,0,0
358.65,333.011,-2.95,5.11,415,260,0,0,0,0
355.7,338.121,-2.95,5.11,415,260,0,0,0,0
352.75,343.23,-2.95,5.11,415,260,0,0,0,0
349.8,348.34,-2.95,5.11,415,260,0,0,0,0
346.85,353.449,-2.95,5.11,415,260,0,0,0,0
343.9,358.559,-2.95,5.11,415,260,0,0,0,0
340.95,363.668,-2.95,5.11,415,260,0,0,0,0
338.0,368.778,-2.95,5.11,415,260,0,0,0,0
335.05,373.888,-2.95,5.11,415,260,0,0,0,0
332.1,378.997,-2.95,5.11,415,260,0,0,0,0
329.15,384.107,-2.95,5.11,415,260,0,0,0,0
326.2,389.216,-2.95,5.11,420,260,1,0,0,0
323.25,394.326,-2.95,5.11,425,260,1,0,0,0
320.3,399.435,-2.95,5.11,430,260,1,0,0,0
317.35,404.545,-2.95,5.11,435,260,1,0,0,0
314.4,409.654,-2.95,5.11,440,260,1,0,0,0
311.45,414.764,-2.95,5.11,445,260,1,0,0,0
308.5,419.874,-2.95,5.11,450,260,1,0,0,0
305.55,424.983,-2.95,5.11,455,260,1,0,0,0
302.6,430.093,-2.95,5.11,460,260,1,0,0,0
299.65,435.202,-2.95,5.11,465,260,1,0,0,0
296.7,440.312,-2.95,5.11,470,260,1,0,0,0
293.75,445.421,-2.95,5.11,470,260,0,0,0,0
290.8,450.531,-2.95,5.11,470,260,0,0,0,0
287.85,455.64,-2.95,5.11,470,260,0,0,0,0
284.9,460.75,-2.95,5.11,470,260,0,0,0,0
281.95,465.859,-2.95,5.11,470,260,0,0,0,0
279.0,470.969,-2.95,5.11,470,260,0,0,0,0
276.05,476.079,-2.95,5.11,470,260,0,0,0,0
273.1,481.188,-2.95,5.11,470,260,0,0,0,0
270.15,486.298,-2.95,5.11,470,260,0,0,0,0
267.2,491.407,-2.95,5.11,470,260,0,0,0,0
264.25,496.517,-2.95,5.11,470,260,0,0,0,0
261.3,501.626,-2.95,5.11,470,260,0,0,0,0
258.35,506.736,-2.95,5.11,470,260,0,0,0,0
255.4,511.845,-2.95,5.11,470,260,0,0,0,0
252.45,516.955,-2.95,5.11,470,260,0,0,0,0
249.5,522.065,-2.95,5.11,470,260,0,0,0,0
246.55,527.174,-2.95,5.11,470,260,0,0,0,0
243.6,532.284,-2.95,5.11,470,260,0,0,0,0
240.65,537.393,-2.95,5.11,470,260,0,0,0,0
237.7,542.503,-2.95,5.11,470,260,0,0,0,0
234.75,547.612,-2.95,5.11,470,260,0,0,0,0
231.8,552.722,-2.95,5.11,470,260,0,0,0,0
228.85,557.831,-2.95,5.11,470,260,0,0,0,0
225.9,562.941,-2.95,5.11,470,260,0,0,0,0
222.95,568.05,-2.95,5.11,470,260,0,0,0,0
220.0,573.16,-2.95,5.11,470,260,0,0,0,0
217.05,578.27,-2.95,5.11,470,260,0,0,0,0
214.1,583.379,-2.95,5.11,470,260,0,0,0,0
211.15,588.489,-2.95,5.11,465,260,-1,0,0,0
208.2,593.598,-2.95,5.11,460,260,-1,0,0,0
205.25,594.0,-2.95,-5.11,455,260,-1,0,0,0
202.3,588.89,-2.95,-5.11,450,260,-1,0,0,0
199.35,583.781,-2.95,-5.11,445,260,-1,0,0,0
196.4,578.671,-2.95,-5.11,440,260,-1,0,0,0
193.45,573.562,-2.95,-5.11,435,260,-1,0,0,0
190.5,568.452,-2.95,-5.11,430,260,-1,0,0,0
187.55,563.343,-2.95,-5.11,425,260,-1,0,0,0
184.6,558.233,-2.95,-5.11,420,260,-1,0,0,0
181.65,553.124,-2.95,-5.11,415,260,-1,0,0,0
178.7,548.014,-2.95,-5.11,410,260,-1,0,0,0
175.75,542.905,-2.95,-5.11,405,260,-1,0,0,0
172.8,537.795,-2.95,-5.11,405,260,0,0,0,0
169.85,532.685,-2.95,-5.11,405,260,0,0,0,0
166.9,527.576,-2.95,-5.11,405,260,0,0,0,0
163.95,522.466,-2.95,-5.11,405,260,0,0,0,0
161.0,517.357,-2.95,-5.11,405,260,0,0,0,0
158.05,512.247,-2.95,-5.11,405,260,0,0,0,0
155.1,507.138,-2.95,-5.11,405,260,0,0,0,0
152.15,502.028,-2.95,-5.11,405,260,0,0,0,0
149.2,496.919,-2.95,-5.11,405,260,0,0,0,0
146.25,491.809,-2.95,-5.11,405,260,0,0,0,0
143.3,486.699,-2.95,-5.11,405,260,0,0,0,0
140.35,481.59,-2.95,-5.11,405,260,0,0,0,0
137.4,476.48,-2.95,-5.11,405,260,0,0,0,0
134.45,471.371,-2.95,-5.11,405,260,0,0,0,0
131.5,466.261,-2.95,-5.11,405,260,0,0,0,0
128.55,461.152,-2.95,-5.11,405,260,0,0,0,0
125.6,456.042,-2.95,-5.11,400,260,-1,0,0,0
122.65,450.933,-2.95,-5.11,395,260,-1,0,0,0
119.7,445.823,-2.95,-5.11,390,260,-1,0,0,0
116.75,440.714,-2.95,-5.11,385,260,-1,0,0,0
113.8,435.604,-2.95,-5.11,380,260,-1,0,0,0
110.85,430.494,-2.95,-5.11,375,260,-1,0,0,0
107.9,425.385,-2.95,-5.11,370,260,-1,0,0,0
104.95,420.275,-2.95,-5.11,365,260,-1,0,0,0
102.0,415.166,-2.95,-5.11,360,260,-1,0,0,0
99.05,410.056,-2.95,-5.11,355,260,-1,0,0,0
96.1,404.947,-2.95,-5.11,350,260,-1,0,0,0
93.15,399.837,-2.95,-5.11,345,260,-1,0,0,0
90.2,394.728,-2.95,-5.11,340,260,-1,0,0,0
87.25,389.618,-2.95,-5.11,335,260,-1,0,0,0
84.3,384.508,-2.95,-5.11,330,260,-1,0,0,0
81.35,379.399,-2.95,-5.11,325,260,-1,0,0,0
78.4,374.289,-2.95,-5.11,320,260,-1,0,0,0
75.45,369.18,-2.95,-5.11,315,260,-1,0,0,0
72.5,364.07,-2.95,-5.11,310,260,-1,0,0,0
69.55,358.961,-2.95,-5.11,305,260,-1,0,0,0
66.6,353.851,-2.95,-5.11,305,260,0,0,0,0
63.65,348.742,-2.95,-5.11,305,260,0,0,0,0
60.7,343.632,-2.95,-5.11,305,260,0,0,0,0
57.75,338.523,-2.95,-5.11,305,260,0,0,0,0
54.8,333.413,-2.95,-5.11,305,260,0,0,0,0
51.85,328.303,-2.95,-5.11,305,260,0,0,0,0
48.9,323.194,-2.95,-5.11,305,260,0,0,0,0
49.0,318.084,4.723,-4.016,305,260,0,0,0,0
53.723,314.068,4.723,-4.016,300,260,-1,0,0,0
58.447,310.052,4.723,-4.016,295,260,-1,0,0,0
63.17,306.036,4.723,-4.016,290,260,-1,0,0,0
67.894,302.02,4.723,-4.016,285,260,-1,0,0,0
72.617,298.003,4.723,-4.016,280,260,-1,0,0,0
77.34,293.987,4.723,-4.016,275,260,-1,0,0,0
82.064,289.971,4.723,-4.016,270,260,-1,0,0,0
86.787,285.955,4.723,-4.016,265,260,-1,0,0,0
91.511,281.939,4.723,-4.016,260,260,-1,0,0,0
96.234,277.923,4.723,-4.016,255,260,-1,0,0,0
100.957,273.907,4.723,-4.016,250,260,-1,0,0,0
105.681,269.89,4.723,-4.016,245,260,-1,0,0,0
110.404,265.874,4.723,-4.016,240,260,-1,0,0,0
115.127,261.858,4.723,-4.016,235,260,-1,0,0,0
119.851,257.842,4.723,-4.016,230,260,-1,0,0,0
124.574,253.826,4.723,-4.016,225,260,-1,0,0,0
129.298,249.81,4.723,-4.016,220,260,-1,0,0,0
134.021,245.793,4.723,-4.016,215,260,-1,0,0,0
138.744,241.777,4.723,-4.016,210,260,-1,0,0,0
143.468,237.761,4.723,-4.016,205,260,-1,0,0,0
148.191,233.745,4.723,-4.016,200,260,-1,0,0,0
152.915,229.729,4.723,-4.016,195,260,-1,0,0,0
157.638,225.713,4.723,-4.016,190,260,-1,0,0,0
162.361,221.696,4.723,-4.016,185,260,-1,0,0,0
167.085,217.68,4.723,-4.016,185,260,0,0,0,0
171.808,213.664,4.723,-4.016,185,260,0,0,0,0
176.532,209.648,4.723,-4.016,185,260,0,0,0,0
181.255,205.632,4.723,-4.016,185,260,0,0,0,0
185.978,201.616,4.723,-4.016,185,260,0,0,0,0
190.702,197.599,4.723,-4.016,185,260,0,0,0,0
195.425,193.583,4.723,-4.016,185,260,0,0,0,0
200.149,189.567,4.723,-4.016,185,260,0,0,0,0
204.872,185.551,4.723,-4.016,185,260,0,0,0,0
209.595,181.535,4.723,-4.016,185,260,0,0,0,0
214.319,177.519,4.723,-4.016,185,255,0,-1,0,0
219.042,173.502,4.723,-4.016,185,250,0,-1,0,0
223.766,169.486,4.723,-4.016,185,245,0,-1,0,0
228.489,165.47,4.723,-4.016,185,240,0,-1,0,0
233.212,161.454,4.723,-4.016,185,235,0,-1,0,0
237.936,157.438,4.723,-4.016,185,230,0,-1,0,0
242.659,153.422,4.723,-4.016,185,225,0,-1,0,0
247.382,149.405,4.723,-4.016,185,220,0,-1,0,0
252.106,145.389,4.723,-4.016,185,215,0,-1,0,0
256.829,141.373,4.723,-4.016,185,210,0,-1,0,0
261.553,137.357,4.723,-4.016,185,205,0,-1,0,0
266.276,133.341,4.723,-4.016,185,200,0,-1,0,0
270.999,129.325,4.723,-4.016,185,195,0,-1,0,0
275.723,125.309,4.723,-4.016,185,190,0,-1,0,0
280.446,121.292,4.723,-4.016,185,185,0,-1,0,0
285.17,117.276,4.723,-4.016,185,180,0,-1,0,0
289.893,113.26,4.723,-4.016,185,175,0,-1,0,0
294.616,109.244,4.723,-4.016,185,170,0,-1,0,0
299.34,105.228,4.723,-4.016,185,165,0,-1,0,0
304.063,101.212,4.723,-4.016,185,160,0,-1,0,0
308.787,97.195,4.723,-4.016,185,155,0,-1,0,0
313.51,93.179,4.723,-4.016,185,150,0,-1,0,0
318.233,89.163,4.723,-4.016,185,145,0,-1,0,0
322.957,85.147,4.723,-4.016,185,140,0,-1,0,0
327.68,81.131,4.723,-4.016,185,135,0,-1,0,0
332.404,77.115,4.723,-4.016,185,130,0,-1,0,0
337.127,73.098,4.723,-4.016,185,125,0,-1,0,0
341.85,69.082,4.723,-4.016,185,120,0,-1,0,0
346.574,65.066,4.723,-4.016,185,115,0,-1,0,0
351.297,61.05,4.723,-4.016,185,110,0,-1,0,0
356.021,57.034,4.723,-4.016,185,105,0,-1,0,0
360.744,53.018,4.723,-4.016,185,100,0,-1,0,0
365.467,49.001,4.723,-4.016,185,95,0,-1,0,0
370.191,44.985,4.723,-4.016,185,90,0,-1,0,0
374.914,40.969,4.723,-4.016,185,85,0,-1,0,0
379.637,36.953,4.723,-4.016,185,80,0,-1,0,0
384.361,32.937,4.723,-4.016,185,75,0,-1,0,0
389.084,28.921,4.723,-4.016,185,70,0,-1,0,0
393.808,24.904,4.723,-4.016,185,65,0,-1,0,0
398.531,20.888,4.723,-4.016,185,60,0,-1,0,0
403.254,16.872,4.723,-4.016,185,55,0,-1,0,0
407.978,12.856,4.723,-4.016,185,50,0,-1,0,0
412.701,8.84,4.723,-4.016,185,45,0,-1,0,0
417.425,6.0,4.723,4.016,185,40,0,-1,0,0
422.148,10.016,4.723,4.016,185,35,0,-1,0,0
426.871,14.032,4.723,4.016,185,30,0,-1,0,0
431.595,18.048,4.723,4.016,185,25,0,-1,0,0
436.318,22.065,4.723,4.016,185,20,0,-1,0,0
441.042,26.081,4.723,4.016,185,15,0,-1,0,0
445.765,30.097,4.723,4.016,185,10,0,-1,0,0
450.488,34.113,4.723,4.016,185,5,0,-1,0,0
455.212,38.129,4.723,4.016,185,5,0,0,0,0
459.935,42.145,4.723,4.016,185,5,0,0,0,0
464.659,46.162,4.723,4.016,185,5,0,0,0,0
469.382,50.178,4.723,4.016,185,5,0,0,0,0
474.105,54.194,4.723,4.016,185,5,0,0,0,0
478.829,58.21,4.723,4.016,185,5,0,0,0,0
483.552,62.226,4.723,4.016,185,5,0,0,0,0
488.276,66.242,4.723,4.016,190,5,1,0,0,0
492.999,70.259,4.723,4.016,195,5,1,0,0,0
497.722,74.275,4.723,4.016,200,5,1,0,0,0
502.446,78.291,4.723,4.016,205,5,1,0,0,0
507.169,82.307,4.723,4.016,210,5,1,0,0,0
511.892,86.323,4.723,4.016,215,10,1,1,0,0
516.616,90.339,4.723,4.016,220,15,1,1,0,0
521.339,94.356,4.723,4.016,225,20,1,1,0,0
526.063,98.372,4.723,4.016,230,25,1,1,0,0
530.786,102.388,4.723,4.016,235,30,1,1,0,0
535.509,106.404,4.723,4.016,240,35,1,1,0,0
540.233,110.42,4.723,4.016,245,40,1,1,0,0
544.956,114.436,4.723,4.016,250,45,1,1,0,0
549.68,118.453,4.723,4.016,255,50,1,1,0,0
554.403,122.469,4.723,4.016,260,55,1,1,0,0
559.126,126.485,4.723,4.016,265,60,1,1,0,0
563.85,130.501,4.723,4.016,270,65,1,1,0,0
568.573,134.517,4.723,4.016,275,70,1,1,0,0
573.297,138.533,4.723,4.016,280,75,1,1,0,0
578.02,142.55,4.723,4.016,285,80,1,1,0,0
582.743,146.566,4.723,4.016,290,85,1,1,0,0
587.467,150.582,4.723,4.016,295,90,1,1,0,0
592.19,154.598,4.723,4.016,300,95,1,1,0,0
596.914,158.614,4.723,4.016,305,100,1,1,0,0
601.637,162.63,4.723,4.016,310,105,1,1,0,0
606.36,166.647,4.723,4.016,315,110,1,1,0,0
611.084,170.663,4.723,4.016,320,115,1,1,0,0
615.807,174.679,4.723,4.016,325,120,1,1,0,0
620.531,178.695,4.723,4.016,330,125,1,1,0,0
625.254,182.711,4.723,4.016,335,130,1,1,0,0
629.977,186.727,4.723,4.016,340,135,1,1,0,0
634.701,190.743,4.723,4.016,345,140,1,1,0,0
639.424,194.76,4.723,4.016,350,145,1,1,0,0
644.147,198.776,4.723,4.016,355,150,1,1,0,0
648.871,202.792,4.723,4.016,360,155,1,1,0,0
653.594,206.808,4.723,4.016,365,160,1,1,0,0
658.318,210.824,4.723,4.016,370,165,1,1,0,0
663.041,214.84,4.723,4.016,375,170,1,1,0,0
667.764,218.857,4.723,4.016,380,175,1,1,0,0
672.488,222.873,4.723,4.016,385,180,1,1,0,0
677.211,226.889,4.723,4.016,390,185,1,1,0,0
681.935,230.905,4.723,4.016,395,190,1,1,0,0
686.658,234.921,4.723,4.016,400,195,1,1,0,0
691.381,238.937,4.723,4.016,405,200,1,1,0,0
696.105,242.954,4.723,4.016,410,205,1,1,0,0
700.828,246.97,4.723,4.016,415,210,1,1,0,0
705.552,250.986,4.723,4.016,420,215,1,1,0,0
710.275,255.002,4.723,4.016,420,220,0,1,0,0
714.998,259.018,4.723,4.016,420,225,0,1,0,0
719.722,263.034,4.723,4.016,420,230,0,1,0,0
724.445,267.051,4.723,4.016,420,235,0,1,0,0
729.169,271.067,4.723,4.016,420,240,0,1,0,0
733.892,275.083,4.723,4.016,420,245,0,1,0,0
738.615,279.099,4.723,4.016,420,250,0,1,0,0
743.339,283.115,4.723,4.016,420,255,0,1,0,0
748.062,287.131,4.723,4.016,420,260,0,1,0,0
752.786,291.148,4.723,4.016,420,265,0,1,0,0
751.0,295.164,-6.016,-2.462,420,270,0,1,0,0
744.984,292.702,-6.016,-2.462,420,275,0,1,0,0
738.968,290.24,-6.016,-2.462,420,280,0,1,0,0
732.953,287.779,-6.016,-2.462,420,285,0,1,0,0
726.937,285.317,-6.016,-2.462,420,290,0,1,0,0
720.921,282.855,-6.016,-2.462,425,295,1,1,0,0
714.905,280.394,-6.016,-2.462,430,300,1,1,0,0
708.889,277.932,-6.016,-2.462,435,305,1,1,0,0
702.873,275.47,-6.016,-2.462,440,310,1,1,0,0
696.858,273.009,-6.016,-2.462,445,315,1,1,0,0
690.842,270.547,-6.016,-2.462,450,320,1,1,0,0
684.826,268.085,-6.016,-2.462,455,325,1,1,0,0
678.81,265.624,-6.016,-2.462,460,330,1,1,0,0
672.794,263.162,-6.016,-2.462,465,335,1,1,0,0
666.778,260.7,-6.016,-2.462,465,340,0,1,0,0
660.763,258.238,-6.016,-2.462,465,345,0,1,0,0
654.747,255.777,-6.016,-2.462,465,350,0,1,0,0
648.731,253.315,-6.016,-2.462,465,350,0,0,0,0
642.715,250.853,-6.016,-2.462,465,350,0,0,0,0
636.699,248.392,-6.016,-2.462,460,350,-1,0,0,0
630.684,245.93,-6.016,-2.462,455,350,-1,0,0,0
624.668,243.468,-6.016,-2.462,450,350,-1,0,0,0
618.652,241.007,-6.016,-2.462,445,350,-1,0,0,0
612.636,238.545,-6.016,-2.462,440,350,-1,0,0,0
606.62,236.083,-6.016,-2.462,435,350,-1,0,0,0
600.604,233.622,-6.016,-2.462,430,350,-1,0,0,0
594.589,231.16,-6.016,-2.462,425,350,-1,0,0,0
588.573,228.698,-6.016,-2.462,420,350,-1,0,0,0
582.557,226.237,-6.016,-2.462,415,345,-1,-1,0,0
576.541,223.775,-6.016,-2.462,410,340,-1,-1,0,0
570.525,221.313,-6.016,-2.462,405,335,-1,-1,0,0
564.51,218.852,-6.016,-2.462,400,330,-1,-1,0,0
558.494,216.39,-6.016,-2.462,395,325,-1,-1,0,0
552.478,213.928,-6.016,-2.462,390,320,-1,-1,0,0
546.462,211.466,-6.016,-2.462,385,315,-1,-1,0,0
540.446,209.005,-6.016,-2.462,380,310,-1,-1,0,0
534.43,206.543,-6.016,-2.462,375,305,-1,-1,0,0
528.415,204.081,-6.016,-2.462,370,300,-1,-1,0,0
522.399,201.62,-6.016,-2.462,365,295,-1,-1,0,0
516.383,199.158,-6.016,-2.462,360,290,-1,-1,0,0
510.367,196.696,-6.016,-2.462,355,285,-1,-1,0,0
504.351,194.235,-6.016,-2.462,350,280,-1,-1,0,0
498.335,191.773,-6.016,-2.462,345,275,-1,-1,0,0
492.32,189.311,-6.016,-2.462,340,270,-1,-1,0,0
486.304,186.85,-6.016,-2.462,335,265,-1,-1,0,0
480.288,184.388,-6.016,-2.462,330,260,-1,-1,0,0
474.272,181.926,-6.016,-2.462,325,255,-1,-1,0,0
468.256,179.465,-6.016,-2.462,320,250,-1,-1,0,0
462.241,177.003,-6.016,-2.462,315,245,-1,-1,0,0
456.225,174.541,-6.016,-2.462,310,240,-1,-1,0,0
450.209,172.08,-6.016,-2.462,305,235,-1,-1,0,0
444.193,169.618,-6.016,-2.462,300,230,-1,-1,0,0
438.177,167.156,-6.016,-2.462,295,225,-1,-1,0,0
432.161,164.695,-6.016,-2.462,290,220,-1,-1,0,0
426.146,162.233,-6.016,-2.462,285,215,-1,-1,0,0
420.13,159.771,-6.016,-2.462,280,210,-1,-1,0,0
414.114,157.309,-6.016,-2.462,275,205,-1,-1,0,0
408.098,154.848,-6.016,-2.462,270,200,-1,-1,0,0
402.082,152.386,-6.016,-2.462,265,195,-1,-1,0,0
396.066,149.924,-6.016,-2.462,260,190,-1,-1,0,0
390.051,147.463,-6.016,-2.462,255,185,-1,-1,0,0
384.035,145.001,-6.016,-2.462,250,180,-1,-1,0,0
378.019,142.539,-6.016,-2.462,245,175,-1,-1,0,0
372.003,140.078,-6.016,-2.462,240,170,-1,-1,0,0
365.987,137.616,-6.016,-2.462,235,165,-1,-1,0,0
359.972,135.154,-6.016,-2.462,230,160,-1,-1,0,0
353.956,132.693,-6.016,-2.462,225,155,-1,-1,0,0
347.94,130.231,-6.016,-2.462,220,150,-1,-1,0,0
341.924,127.769,-6.016,-2.462,215,145,-1,-1,0,0
335.908,125.308,-6.016,-2.462,210,140,-1,-1,0,0
329.892,122.846,-6.016,-2.462,205,135,-1,-1,0,0
323.877,120.384,-6.016,-2.462,200,130,-1,-1,0,0
317.861,117.923,-6.016,-2.462,195,125,-1,-1,0,0
311.845,115.461,-6.016,-2.462,190,120,-1,-1,0,0
305.829,112.999,-6.016,-2.462,185,115,-1,-1,0,0
299.813,110.537,-6.016,-2.462,180,110,-1,-1,0,0
293.798,108.076,-6.016,-2.462,175,105,-1,-1,0,0
287.782,105.614,-6.016,-2.462,170,100,-1,-1,0,0
281.766,103.152,-6.016,-2.462,165,95,-1,-1,0,0
275.75,100.691,-6.016,-2.462,160,90,-1,-1,0,0
269.734,98.229,-6.016,-2.462,155,85,-1,-1,0,0
263.718,95.767,-6.016,-2.462,150,80,-1,-1,0,0
257.703,93.306,-6.016,-2.462,145,75,-1,-1,0,0
251.687,90.844,-6.016,-2.462,140,70,-1,-1,0,0
245.671,88.382,-6.016,-2.462,135,65,-1,-1,0,0
239.655,85.921,-6.016,-2.462,130,65,-1,0,0,0
233.639,83.459,-6.016,-2.462,125,65,-1,0,0,0
227.623,80.997,-6.016,-2.462,120,65,-1,0,0,0
221.608,78.536,-6.016,-2.462,115,65,-1,0,0,0
215.592,76.074,-6.016,-2.462,110,65,-1,0,0,0
209.576,73.612,-6.016,-2.462,105,65,-1,0,0,0
203.56,71.151,-6.016,-2.462,100,65,-1,0,0,0
197.544,68.689,-6.016,-2.462,95,65,-1,0,0,0
191.529,66.227,-6.016,-2.462,90,70,-1,1,0,0
185.513,63.766,-6.016,-2.462,85,75,-1,1,0,0
179.497,61.304,-6.016,-2.462,80,80,-1,1,0,0
173.481,58.842,-6.016,-2.462,75,85,-1,1,0,0
167.465,56.38,-6.016,-2.462,70,90,-1,1,0,0
161.449,53.919,-6.016,-2.462,65,95,-1,1,0,0
155.434,51.457,-6.016,-2.462,60,100,-1,1,0,0
149.418,48.995,-6.016,-2.462,55,105,-1,1,0,0
143.402,46.534,-6.016,-2.462,50,110,-1,1,0,0
137.386,44.072,-6.016,-2.462,45,115,-1,1,0,0
131.37,41.61,-6.016,-2.462,40,120,-1,1,0,0
125.354,39.149,-6.016,-2.462,35,120,-1,0,0,0
119.339,36.687,-6.016,-2.462,30,120,-1,0,0,0
113.323,34.225,-6.016,-2.462,25,120,-1,0,0,0
107.307,31.764,-6.016,-2.462,20,120,-1,0,0,0
101.291,29.302,-6.016,-2.462,15,120,-1,0,0,0
95.275,26.84,-6.016,-2.462,10,120,-1,0,0,0
89.26,24.379,-6.016,-2.462,5,120,-1,0,0,0
83.244,21.917,-6.016,-2.462,0,120,-1,0,0,0
77.228,19.455,-6.016,-2.462,0,120,-1,0,0,0
71.212,16.994,-6.016,-2.462,0,120,-1,0,0,0
65.196,14.532,-6.016,-2.462,0,120,-1,0,0,0
59.18,12.07,-6.016,-2.462,0,120,-1,0,0,0
53.165,9.608,-6.016,-2.462,0,120,-1,0,0,0
49.0,7.147,4.436,-5.154,0,120,-1,0,0,0
53.436,6.0,4.436,5.154,0,120,-1,0,0,0
57.872,11.154,4.436,5.154,0,120,-1,0,0,0
62.308,16.308,4.436,5.154,0,120,-1,0,0,0
66.744,21.461,4.436,5.154,5,120,1,0,0,0
71.18,26.615,4.436,5.154,10,120,1,0,0,0
75.617,31.769,4.436,5.154,15,120,1,0,0,0
80.053,36.923,4.436,5.154,20,120,1,0,0,0
84.489,42.076,4.436,5.154,25,120,1,0,0,0
88.925,47.23,4.436,5.154,30,120,1,0,0,0
93.361,52.384,4.436,5.154,35,120,1,0,0,0
97.797,57.538,4.436,5.154,40,120,1,0,0,0
102.233,62.691,4.436,5.154,45,120,1,0,0,0
106.669,67.845,4.436,5.154,50,120,1,0,0,0
111.105,72.999,4.436,5.154,55,120,1,0,0,0
115.541,78.153,4.436,5.154,60,120,1,0,0,0
119.977,83.306,4.436,5.154,65,120,1,0,0,0
124.413,88.46,4.436,5.154,70,120,1,0,0,0
128.85,93.614,4.436,5.154,75,120,1,0,0,0
133.286,98.768,4.436,5.154,80,120,1,0,0,0
137.722,103.921,4.436,5.154,85,120,1,0,0,0
142.158,109.075,4.436,5.154,90,120,1,0,0,0
146.594,114.229,4.436,5.154,95,120,1,0,0,0
151.03,119.383,4.436,5.154,100,120,1,0,0,0
155.466,124.536,4.436,5.154,105,120,1,0,0,0
159.902,129.69,4.436,5.154,110,120,1,0,0,0
164.338,134.844,4.436,5.154,115,120,1,0,0,0
168.774,139.998,4.436,5.154,120,120,1,0,0,0
173.21,145.151,4.436,5.154,125,120,1,0,0,0
177.646,150.305,4.436,5.154,130,125,1,1,0,0
182.083,155.459,4.436,5.154,135,130,1,1,0,0
186.519,160.613,4.436,5.154,140,135,1,1,0,0
190.955,165.766,4.436,5.154,145,140,1,1,0,0
195.391,170.92,4.436,5.154,150,145,1,1,0,0
199.827,176.074,4.436,5.154,155,150,1,1,0,0
204.263,181.228,4.436,5.154,160,155,1,1,0,0
208.699,186.381,4.436,5.154,165,160,1,1,0,0
213.135,191.535,4.436,5.154,170,165,1,1,0,0
217.571,196.689,4.436,5.154,175,170,1,1,0,0
222.007,201.843,4.436,5.154,180,175,1,1,0,0
226.443,206.996,4.436,5.154,185,180,1,1,0,0
230.88,212.15,4.436,5.154,190,185,1,1,0,0
235.316,217.304,4.436,5.154,195,190,1,1,0,0
239.752,222.458,4.436,5.154,200,195,1,1,0,0
244.188,227.611,4.436,5.154,205,200,1,1,0,0
248.624,232.765,4.436,5.154,210,205,1,1,0,0
253.06,237.919,4.436,5.154,215,210,1,1,0,0
257.496,243.073,4.436,5.154,220,215,1,1,0,0
261.932,248.226,4.436,5.154,225,220,1,1,0,0
266.368,253.38,4.436,5.154,230,225,1,1,0,0
270.804,258.534,4.436,5.154,235,230,1,1,0,0
275.24,263.688,4.436,5.154,240,235,1,1,0,0
279.676,268.841,4.436,5.154,245,240,1,1,0,0
284.113,273.995,4.436,5.154,250,245,1,1,0,0
288.549,279.149,4.436,5.154,255,250,1,1,0,0
292.985,284.303,4.436,5.154,260,255,1,1,0,0
297.421,289.456,4.436,5.154,265,260,1,1,0,0
301.857,294.61,4.436,5.154,270,265,1,1,0,0
306.293,299.764,4.436,5.154,275,270,1,1,0,0
310.729,304.918,4.436,5.154,280,275,1,1,0,0
315.165,310.071,4.436,5.154,285,280,1,1,0,0
319.601,315.225,4.436,5.154,290,285,1,1,0,0
324.037,320.379,4.436,5.154,295,290,1,1,0,0
328.473,325.533,4.436,5.154,300,295,1,1,0,0
332.909,330.686,4.436,5.154,305,300,1,1,0,0
337.346,335.84,4.436,5.154,310,305,1,1,0,0
341.782,340.994,4.436,5.154,315,310,1,1,0,0
346.218,346.148,4.436,5.154,320,315,1,1,0,0
350.654,351.301,4.436,5.154,320,320,0,1,0,0
355.09,356.455,4.436,5.154,320,325,0,1,0,0
359.526,361.609,4.436,5.154,320,330,0,1,0,0
363.962,366.763,4.436,5.154,320,335,0,1,0,0
368.398,371.916,4.436,5.154,320,340,0,1,0,0
372.834,377.07,4.436,5.154,320,345,0,1,0,0
377.27,382.224,4.436,5.154,320,350,0,1,0,0
381.706,387.378,4.436,5.154,320,355,0,1,0,0
386.142,392.531,4.436,5.154,320,360,0,1,0,0
390.579,397.685,4.436,5.154,320,365,0,1,0,0
395.015,402.839,4.436,5.154,325,370,1,1,0,0
399.451,407.993,4.436,5.154,330,375,1,1,0,0
403.887,413.146,4.436,5.154,335,380,1,1,0,0
408.323,418.3,4.436,5.154,340,385,1,1,0,0
412.759,423.454,4.436,5.154,345,390,1,1,0,0
417.195,428.608,4.436,5.154,350,395,1,1,0,0
421.631,433.761,4.436,5.154,355,400,1,1,0,0
426.067,438.915,4.436,5.154,360,405,1,1,0,0
430.503,444.069,4.436,5.154,365,410,1,1,0,0
434.939,449.223,4.436,5.154,370,415,1,1,0,0
439.376,454.376,4.436,5.154,375,420,1,1,0,0
443.812,459.53,4.436,5.154,380,425,1,1,0,0
448.248,464.684,4.436,5.154,385,430,1,1,0,0
452.684,469.838,4.436,5.154,390,435,1,1,0,0
457.12,474.991,4.436,5.154,390,440,0,1,0,0
461.556,480.145,4.436,5.154,390,445,0,1,0,0
465.992,485.299,4.436,5.154,390,450,0,1,0,0
470.428,490.453,4.436,5.154,390,450,0,0,0,0
474.864,495.606,4.436,5.154,390,450,0,0,0,0
479.3,500.76,4.436,5.154,390,450,0,0,0,0
483.736,505.914,4.436,5.154,390,450,0,0,0,0
488.172,511.068,4.436,5.154,390,450,0,0,0,0
492.609,516.221,4.436,5.154,390,450,0,0,0,0
497.045,521.375,4.436,5.154,390,450,0,0,0,0
501.481,526.529,4.436,5.154,390,450,0,0,0,0
505.917,531.683,4.436,5.154,390,450,0,0,0,0
510.353,536.836,4.436,5.154,390,450,0,0,0,0
514.789,541.99,4.436,5.154,390,450,0,0,0,0
519.225,547.144,4.436,5.154,390,450,0,0,0,0
523.661,552.298,4.436,5.154,390,450,0,0,0,0
528.097,557.451,4.436,5.154,385,450,-1,0,0,0
532.533,562.605,4.436,5.154,380,450,-1,0,0,0
536.969,567.759,4.436,5.154,375,450,-1,0,0,0
541.405,572.913,4.436,5.154,370,450,-1,0,0,0
545.842,578.066,4.436,5.154,365,450,-1,0,0,0
550.278,583.22,4.436,5.154,360,450,-1,0,0,0
554.714,588.374,4.436,5.154,355,450,-1,0,0,0
559.15,593.528,4.436,5.154,350,450,-1,0,0,0
563.586,594.0,4.436,-5.154,345,450,-1,0,0,0
568.022,588.846,4.436,-5.154,340,450,-1,0,0,0
572.458,583.692,4.436,-5.154,335,450,-1,0,0,0
576.894,578.539,4.436,-5.154,330,450,-1,0,0,0
581.33,573.385,4.436,-5.154,325,450,-1,0,0,0
585.766,568.231,4.436,-5.154,320,450,-1,0,0,0
590.202,563.077,4.436,-5.154,315,450,-1,0,0,0
594.639,557.924,4.436,-5.154,310,450,-1,0,0,0
599.075,552.77,4.436,-5.154,305,450,-1,0,0,0
603.511,547.616,4.436,-5.154,300,450,-1,0,0,0
607.947,542.462,4.436,-5.154,295,450,-1,0,0,0
612.383,537.309,4.436,-5.154,290,450,-1,0,0,0
616.819,532.155,4.436,-5.154,285,450,-1,0,0,0
621.255,527.001,4.436,-5.154,280,450,-1,0,0,0
625.691,521.847,4.436,-5.154,275,450,-1,0,0,0
630.127,516.694,4.436,-5.154,270,450,-1,0,0,0
634.563,511.54,4.436,-5.154,265,450,-1,0,0,0
638.999,506.386,4.436,-5.154,260,450,-1,0,0,0
643.435,501.232,4.436,-5.154,255,450,-1,0,0,0
647.872,496.079,4.436,-5.154,255,450,0,0,0,0
652.308,490.925,4.436,-5.154,255,455,0,1,0,0
656.744,485.771,4.436,-5.154,255,460,0,1,0,0
661.18,480.617,4.436,-5.154,255,465,0,1,0,0
665.616,475.464,4.436,-5.154,255,470,0,1,0,0
670.052,470.31,4.436,-5.154,255,475,0,1,0,0
674.488,465.156,4.436,-5.154,255,480,0,1,0,0
678.924,460.002,4.436,-5.154,255,480,0,0,0,0
683.36,454.849,4.436,-5.154,255,480,0,0,0,0
687.796,449.695,4.436,-5.154,250,480,-1,0,0,0
692.232,444.541,4.436,-5.154,245,475,-1,-1,0,0
696.668,439.387,4.436,-5.154,240,470,-1,-1,0,0
701.105,434.234,4.436,-5.154,235,465,-1,-1,0,0
705.541,429.08,4.436,-5.154,230,460,-1,-1,0,0
709.977,423.926,4.436,-5.154,225,455,-1,-1,0,0
714.413,418.772,4.436,-5.154,220,450,-1,-1,0,0
718.849,413.619,4.436,-5.154,215,445,-1,-1,0,0
723.285,408.465,4.436,-5.154,210,440,-1,-1,0,0
727.721,403.311,4.436,-5.154,205,435,-1,-1,0,0
732.157,398.157,4.436,-5.154,200,430,-1,-1,0,0
736.593,393.004,4.436,-5.154,195,425,-1,-1,0,0
741.029,387.85,4.436,-5.154,190,420,-1,-1,0,0
745.465,382.696,4.436,-5.154,185,415,-1,-1,0,0
749.902,377.542,4.436,-5.154,180,410,-1,-1,0,0
754.338,372.389,4.436,-5.154,175,405,-1,-1,0,0
758.774,367.235,4.436,-5.154,170,400,-1,-1,0,0
763.21,362.081,4.436,-5.154,165,395,-1,-1,0,0
767.646,356.927,4.436,-5.154,160,390,-1,-1,0,0
772.082,351.774,4.436,-5.154,155,385,-1,-1,0,0
776.518,346.62,4.436,-5.154,150,380,-1,-1,0,0
780.954,341.466,4.436,-5.154,145,375,-1,-1,0,0
785.39,336.312,4.436,-5.154,140,370,-1,-1,0,0
789.826,331.159,4.436,-5.154,135,365,-1,-1,0,0
794.262,326.005,4.436,-5.154,130,360,-1,-1,0,0
798.698,320.851,4.436,-5.154,125,355,-1,-1,0,0
803.135,315.697,4.436,-5.154,120,350,-1,-1,0,0
400.0,300.0,-4.965,-0.59,115,345,-1,-1,1,0
395.035,299.41,-4.965,-0.59,120,340,1,-1,0,0
390.07,298.82,-4.965,-0.59,125,335,1,-1,0,0
385.105,298.23,-4.965,-0.59,130,330,1,-1,0,0
380.14,297.639,-4.965,-0.59,135,325,1,-1,0,0
375.175,297.049,-4.965,-0.59,140,320,1,-1,0,0
370.21,296.459,-4.965,-0.59,145,315,1,-1,0,0
365.245,295.869,-4.965,-0.59,150,310,1,-1,0,0
360.28,295.279,-4.965,-0.59,155,305,1,-1,0,0
355.315,294.689,-4.965,-0.59,160,300,1,-1,0,0
350.349,294.099,-4.965,-0.59,165,295,1,-1,0,0
345.384,293.508,-4.965,-0.59,170,290,1,-1,0,0
340.419,292.918,-4.965,-0.59,175,285,1,-1,0,0
335.454,292.328,-4.965,-0.59,175,280,0,-1,0,0
330.489,291.738,-4.965,-0.59,175,275,0,-1,0,0
325.524,291.148,-4.965,-0.59,175,275,0,0,0,0
320.559,290.558,-4.965,-0.59,175,275,0,0,0,0
315.594,289.967,-4.965,-0.59,175,275,0,0,0,0
310.629,289.377,-4.965,-0.59,175,275,0,0,0,0
305.664,288.787,-4.965,-0.59,175,275,0,0,0,0
300.699,288.197,-4.965,-0.59,175,275,0,0,0,0
295.734,287.607,-4.965,-0.59,180,275,1,0,0,0
290.769,287.017,-4.965,-0.59,185,275,1,0,0,0
285.804,286.427,-4.965,-0.59,190,275,1,0,0,0
280.839,285.836,-4.965,-0.59,195,275,1,0,0,0
275.874,285.246,-4.965,-0.59,200,275,1,0,0,0
270.909,284.656,-4.965,-0.59,205,275,1,0,0,0
265.944,284.066,-4.965,-0.59,210,275,1,0,0,0
260.979,283.476,-4.965,-0.59,210,275,0,0,0,0
256.014,282.886,-4.965,-0.59,210,275,0,0,0,0
251.048,282.296,-4.965,-0.59,210,275,0,0,0,0
246.083,281.705,-4.965,-0.59,210,275,0,0,0,0
241.118,281.115,-4.965,-0.59,210,275,0,0,0,0
236.153,280.525,-4.965,-0.59,210,275,0,0,0,0
231.188,279.935,-4.965,-0.59,210,275,0,0,0,0
226.223,279.345,-4.965,-0.59,210,275,0,0,0,0
221.258,278.755,-4.965,-0.59,210,275,0,0,0,0
216.293,278.165,-4.965,-0.59,210,275,0,0,0,0
211.328,277.574,-4.965,-0.59,210,275,0,0,0,0
206.363,276.984,-4.965,-0.59,210,275,0,0,0,0
201.398,276.394,-4.965,-0.59,210,275,0,0,0,0
196.433,275.804,-4.965,-0.59,210,275,0,0,0,0
191.468,275.214,-4.965,-0.59,210,275,0,0,0,0
186.503,274.624,-4.965,-0.59,210,275,0,0,0,0
181.538,274.033,-4.965,-0.59,210,275,0,0,0,0
176.573,273.443,-4.965,-0.59,210,275,0,0,0,0
171.608,272.853,-4.965,-0.59,210,275,0,0,0,0
166.643,272.263,-4.965,-0.59,210,275,0,0,0,0
161.678,271.673,-4.965,-0.59,210,275,0,0,0,0
156.713,271.083,-4.965,-0.59,210,270,0,-1,0,0
151.747,270.493,-4.965,-0.59,210,265,0,-1,0,0
146.782,269.902,-4.965,-0.59,210,260,0,-1,0,0
141.817,269.312,-4.965,-0.59,210,255,0,-1,0,0
136.852,268.722,-4.965,-0.59,210,250,0,-1,0,0
131.887,268.132,-4.965,-0.59,215,245,1,-1,0,0
126.922,267.542,-4.965,-0.59,220,240,1,-1,0,0
121.957,266.952,-4.965,-0.59,225,235,1,-1,0,0
116.992,266.362,-4.965,-0.59,225,230,0,-1,0,0
112.027,265.771,-4.965,-0.59,225,225,0,-1,0,0
107.062,265.181,-4.965,-0.59,225,220,0,-1,0,0
102.097,264.591,-4.965,-0.59,225,215,0,-1,0,0
97.132,264.001,-4.965,-0.59,225,210,0,-1,0,0
92.167,263.411,-4.965,-0.59,225,205,0,-1,0,0
87.202,262.821,-4.965,-0.59,225,200,0,-1,0,0
82.237,262.231,-4.965,-0.59,225,195,0,-1,0,0
77.272,261.64,-4.965,-0.59,225,190,0,-1,0,0
72.307,261.05,-4.965,-0.59,225,185,0,-1,0,0
67.342,260.46,-4.965,-0.59,225,180,0,-1,0,0
62.377,259.87,-4.965,-0.59,225,175,0,-1,0,0
57.412,259.28,-4.965,-0.59,225,170,0,-1,0,0
52.446,258.69,-4.965,-0.59,225,170,0,0,0,0
49.0,258.099,5.214,-0.952,225,170,0,0,0,0
54.214,257.147,5.214,-0.952,225,170,0,0,0,0
59.427,256.195,5.214,-0.952,225,170,0,0,0,0
64.641,255.243,5.214,-0.952,225,170,0,0,0,0
69.855,254.29,5.214,-0.952,220,170,-1,0,0,0
75.069,253.338,5.214,-0.952,215,170,-1,0,0,0
80.282,252.386,5.214,-0.952,210,170,-1,0,0,0
85.496,251.434,5.214,-0.952,205,170,-1,0,0,0
90.71,250.481,5.214,-0.952,200,170,-1,0,0,0
95.924,249.529,5.214,-0.952,195,170,-1,0,0,0
101.137,248.577,5.214,-0.952,190,170,-1,0,0,0
106.351,247.624,5.214,-0.952,185,170,-1,0,0,0
111.565,246.672,5.214,-0.952,180,170,-1,0,0,0
116.779,245.72,5.214,-0.952,175,170,-1,0,0,0
121.992,244.768,5.214,-0.952,170,170,-1,0,0,0
127.206,243.815,5.214,-0.952,165,170,-1,0,0,0
132.42,242.863,5.214,-0.952,160,175,-1,1,0,0
137.634,241.911,5.214,-0.952,155,180,-1,1,0,0
142.847,240.959,5.214,-0.952,150,185,-1,1,0,0
148.061,240.006,5.214,-0.952,145,190,-1,1,0,0
153.275,239.054,5.214,-0.952,145,195,0,1,0,0
158.489,238.102,5.214,-0.952,145,200,0,1,0,0
163.702,237.149,5.214,-0.952,150,205,1,1,0,0
168.916,236.197,5.214,-0.952,155,210,1,1,0,0
174.13,235.245,5.214,-0.952,160,210,1,0,0,0
179.344,234.293,5.214,-0.952,165,210,1,0,0,0
184.557,233.34,5.214,-0.952,170,210,1,0,0,0
189.771,232.388,5.214,-0.952,175,210,1,0,0,0
194.985,231.436,5.214,-0.952,180,210,1,0,0,0
200.199,230.483,5.214,-0.952,185,210,1,0,0,0
205.412,229.531,5.214,-0.952,190,210,1,0,0,0
210.626,228.579,5.214,-0.952,195,210,1,0,0,0
215.84,227.627,5.214,-0.952,200,210,1,0,0,0
221.054,226.674,5.214,-0.952,205,210,1,0,0,0
226.267,225.722,5.214,-0.952,210,210,1,0,0,0
231.481,224.77,5.214,-0.952,215,210,1,0,0,0
236.695,223.818,5.214,-0.952,220,210,1,0,0,0
241.909,222.865,5.214,-0.952,225,210,1,0,0,0
247.122,221.913,5.214,-0.952,230,210,1,0,0,0
252.336,220.961,5.214,-0.952,235,210,1,0,0,0
257.55,220.008,5.214,-0.952,240,210,1,0,0,0
262.764,219.056,5.214,-0.952,245,210,1,0,0,0
267.977,218.104,5.214,-0.952,250,210,1,0,0,0
273.191,217.152,5.214,-0.952,255,210,1,0,0,0
278.405,216.199,5.214,-0.952,255,210,0,0,0,0
283.619,215.247,5.214,-0.952,255,210,0,0,0,0
288.832,214.295,5.214,-0.952,255,210,0,0,0,0
294.046,213.343,5.214,-0.952,255,210,0,0,0,0
299.26,212.39,5.214,-0.952,255,210,0,0,0,0
304.474,211.438,5.214,-0.952,255,210,0,0,0,0
309.687,210.486,5.214,-0.952,255,210,0,0,0,0
314.901,209.533,5.214,-0.952,255,210,0,0,0,0
320.115,208.581,5.214,-0.952,255,210,0,0,0,0
325.329,207.629,5.214,-0.952,255,210,0,0,0,0
330.542,206.677,5.214,-0.952,255,210,0,0,0,0
335.756,205.724,5.214,-0.952,255,210,0,0,0,0
340.97,204.772,5.214,-0.952,255,205,0,-1,0,0
346.184,203.82,5.214,-0.952,255,200,0,-1,0,0
351.397,202.867,5.214,-0.952,255,195,0,-1,0,0
356.611,201.915,5.214,-0.952,255,190,0,-1,0,0
361.825,200.963,5.214,-0.952,250,185,-1,-1,0,0
367.039,200.011,5.214,-0.952,245,180,-1,-1,0,0
372.252,199.058,5.214,-0.952,240,175,-1,-1,0,0
377.466,198.106,5.214,-0.952,235,170,-1,-1,0,0
382.68,197.154,5.214,-0.952,230,165,-1,-1,0,0
387.894,196.202,5.214,-0.952,225,160,-1,-1,0,0
393.107,195.249,5.214,-0.952,220,155,-1,-1,0,0
398.321,194.297,5.214,-0.952,215,150,-1,-1,0,0
403.535,193.345,5.214,-0.952,210,145,-1,-1,0,0
408.749,192.392,5.214,-0.952,205,140,-1,-1,0,0
413.962,191.44,5.214,-0.952,200,135,-1,-1,0,0
419.176,190.488,5.214,-0.952,195,130,-1,-1,0,0
424.39,189.536,5.214,-0.952,190,125,-1,-1,0,0
429.604,188.583,5.214,-0.952,185,120,-1,-1,0,0
434.817,187.631,5.214,-0.952,180,115,-1,-1,0,0
440.031,186.679,5.214,-0.952,175,110,-1,-1,0,0
445.245,185.727,5.214,-0.952,170,105,-1,-1,0,0
450.459,184.774,5.214,-0.952,170,100,0,-1,0,0
455.672,183.822,5.214,-0.952,170,95,0,-1,0,0
460.886,182.87,5.214,-0.952,170,95,0,0,0,0
466.1,181.917,5.214,-0.952,170,95,0,0,0,0
471.314,180.965,5.214,-0.952,170,95,0,0,0,0
476.527,180.013,5.214,-0.952,170,95,0,0,0,0
481.741,179.061,5.214,-0.952,170,95,0,0,0,0
486.955,178.108,5.214,-0.952,170,95,0,0,0,0
492.169,177.156,5.214,-0.952,170,95,0,0,0,0
497.382,176.204,5.214,-0.952,170,95,0,0,0,0
502.596,175.251,5.214,-0.952,170,95,0,0,0,0
507.81,174.299,5.214,-0.952,170,95,0,0,0,0
513.024,173.347,5.214,-0.952,170,95,0,0,0,0
518.237,172.395,5.214,-0.952,170,95,0,0,0,0
523.451,171.442,5.214,-0.952,170,95,0,0,0,0
528.665,170.49,5.214,-0.952,170,95,0,0,0,0
533.879,169.538,5.214,-0.952,170,95,0,0,0,0
539.092,168.586,5.214,-0.952,170,95,0,0,0,0
544.306,167.633,5.214,-0.952,170,95,0,0,0,0
549.52,166.681,5.214,-0.952,170,95,0,0,0,0
554.734,165.729,5.214,-0.952,170,95,0,0,0,0
559.947,164.776,5.214,-0.952,170,95,0,0,0,0
565.161,163.824,5.214,-0.952,170,95,0,0,0,0
570.375,162.872,5.214,-0.952,170,95,0,0,0,0
575.589,161.92,5.214,-0.952,170,95,0,0,0,0
580.802,160.967,5.214,-0.952,170,95,0,0,0,0
586.016,160.015,5.214,-0.952,170,95,0,0,0,0
591.23,159.063,5.214,-0.952,170,95,0,0,0,0
596.444,158.111,5.214,-0.952,170,95,0,0,0,0
601.657,157.158,5.214,-0.952,170,95,0,0,0,0
606.871,156.206,5.214,-0.952,170,95,0,0,0,0
612.085,155.254,5.214,-0.952,170,95,0,0,0,0
617.299,154.301,5.214,-0.952,170,95,0,0,0,0
622.512,153.349,5.214,-0.952,170,95,0,0,0,0
627.726,152.397,5.214,-0.952,170,95,0,0,0,0
632.94,151.445,5.214,-0.952,170,95,0,0,0,0
638.154,150.492,5.214,-0.952,170,90,0,-1,0,0
643.367,149.54,5.214,-0.952,170,85,0,-1,0,0
648.581,148.588,5.214,-0.952,170,80,0,-1,0,0
653.795,147.636,5.214,-0.952,170,75,0,-1,0,0
659.009,146.683,5.214,-0.952,170,70,0,-1,0,0
664.222,145.731,5.214,-0.952,170,65,0,-1,0,0
669.436,144.779,5.214,-0.952,170,60,0,-1,0,0
674.65,143.826,5.214,-0.952,170,55,0,-1,0,0
679.864,142.874,5.214,-0.952,170,50,0,-1,0,0
685.077,141.922,5.214,-0.952,170,50,0,0,0,0
690.291,140.97,5.214,-0.952,170,50,0,0,0,0
695.505,140.017,5.214,-0.952,170,50,0,0,0,0
700.719,139.065,5.214,-0.952,170,50,0,0,0,0
705.932,138.113,5.214,-0.952,170,50,0,0,0,0
711.146,137.16,5.214,-0.952,170,50,0,0,0,0
716.36,136.208,5.214,-0.952,170,50,0,0,0,0
721.574,135.256,5.214,-0.952,170,50,0,0,0,0
726.787,134.304,5.214,-0.952,170,50,0,0,0,0
732.001,133.351,5.214,-0.952,170,50,0,0,0,0
737.215,132.399,5.214,-0.952,170,50,0,0,0,0
742.429,131.447,5.214,-0.952,170,50,0,0,0,0
747.642,130.495,5.214,-0.952,170,50,0,0,0,0
752.856,129.542,5.214,-0.952,170,50,0,0,0,0
751.0,128.59,-3.571,4.314,170,55,0,1,0,0
747.429,132.904,-3.571,4.314,170,60,0,1,0,0
743.859,137.218,-3.571,4.314,170,65,0,1,0,0
740.288,141.532,-3.571,4.314,170,70,0,1,0,0
736.717,145.846,-3.571,4.314,170,75,0,1,0,0
733.146,150.16,-3.571,4.314,170,80,0,1,0,0
729.576,154.474,-3.571,4.314,170,85,0,1,0,0
726.005,158.788,-3.571,4.314,170,90,0,1,0,0
722.434,163.102,-3.571,4.314,170,95,0,1,0,0
718.864,167.415,-3.571,4.314,170,100,0,1,0,0
715.293,171.729,-3.571,4.314,170,105,0,1,0,0
711.722,176.043,-3.571,4.314,170,110,0,1,0,0
708.152,180.357,-3.571,4.314,170,115,0,1,0,0
704.581,184.671,-3.571,4.314,175,120,1,1,0,0
701.01,188.985,-3.571,4.314,180,125,1,1,0,0
697.439,193.299,-3.571,4.314,185,130,1,1,0,0
693.869,197.613,-3.571,4.314,190,135,1,1,0,0
690.298,201.927,-3.571,4.314,195,140,1,1,0,0
686.727,206.241,-3.571,4.314,200,140,1,0,0,0
683.157,210.555,-3.571,4.314,205,140,1,0,0,0
679.586,214.869,-3.571,4.314,210,140,1,0,0,0
676.015,219.183,-3.571,4.314,215,140,1,0,0,0
672.445,223.497,-3.571,4.314,220,140,1,0,0,0
668.874,227.811,-3.571,4.314,225,140,1,0,0,0
665.303,232.125,-3.571,4.314,230,140,1,0,0,0
661.732,236.438,-3.571,4.314,235,140,1,0,0,0
658.162,240.752,-3.571,4.314,240,140,1,0,0,0
654.591,245.066,-3.571,4.314,245,140,1,0,0,0
651.02,249.38,-3.571,4.314,250,140,1,0,0,0
647.45,253.694,-3.571,4.314,255,140,1,0,0,0
643.879,258.008,-3.571,4.314,260,140,1,0,0,0
640.308,262.322,-3.571,4.314,265,140,1,0,0,0
636.737,266.636,-3.571,4.314,270,140,1,0,0,0
633.167,270.95,-3.571,4.314,275,145,1,1,0,0
629.596,275.264,-3.571,4.314,280,150,1,1,0,0
626.025,279.578,-3.571,4.314,285,155,1,1,0,0
622.455,283.892,-3.571,4.314,290,160,1,1,0,0
618.884,288.206,-3.571,4.314,295,165,1,1,0,0
615.313,292.52,-3.571,4.314,300,170,1,1,0,0
611.743,296.834,-3.571,4.314,305,175,1,1,0,0
608.172,301.148,-3.571,4.314,310,180,1,1,0,0
604.601,305.461,-3.571,4.314,315,185,1,1,0,0
601.03,309.775,-3.571,4.314,320,190,1,1,0,0
597.46,314.089,-3.571,4.314,325,195,1,1,0,0
593.889,318.403,-3.571,4.314,330,200,1,1,0,0
590.318,322.717,-3.571,4.314,335,205,1,1,0,0
586.748,327.031,-3.571,4.314,340,210,1,1,0,0
583.177,331.345,-3.571,4.314,345,215,1,1,0,0
579.606,335.659,-3.571,4.314,350,220,1,1,0,0
576.035,339.973,-3.571,4.314,355,225,1,1,0,0
572.465,344.287,-3.571,4.314,360,230,1,1,0,0
568.894,348.601,-3.571,4.314,365,235,1,1,0,0
565.323,352.915,-3.571,4.314,370,240,1,1,0,0
561.753,357.229,-3.571,4.314,375,245,1,1,0,0
558.182,361.543,-3.571,4.314,380,250,1,1,0,0
554.611,365.857,-3.571,4.314,385,255,1,1,0,0
551.041,370.171,-3.571,4.314,390,260,1,1,0,0
547.47,374.485,-3.571,4.314,395,265,1,1,0,0
543.899,378.798,-3.571,4.314,400,270,1,1,0,0
540.328,383.112,-3.571,4.314,405,275,1,1,0,0
536.758,387.426,-3.571,4.314,410,280,1,1,0,0
533.187,391.74,-3.571,4.314,415,285,1,1,0,0
529.616,396.054,-3.571,4.314,420,290,1,1,0,0
526.046,400.368,-3.571,4.314,425,295,1,1,0,0
522.475,404.682,-3.571,4.314,430,300,1,1,0,0
518.904,408.996,-3.571,4.314,435,305,1,1,0,0
515.334,413.31,-3.571,4.314,440,310,1,1,0,0
511.763,417.624,-3.571,4.314,445,315,1,1,0,0
508.192,421.938,-3.571,4.314,450,320,1,1,0,0
504.621,426.252,-3.571,4.314,455,325,1,1,0,0
501.051,430.566,-3.571,4.314,460,330,1,1,0,0
497.48,434.88,-3.571,4.314,465,335,1,1,0,0
493.909,439.194,-3.571,4.314,470,340,1,1,0,0
490.339,443.508,-3.571,4.314,475,345,1,1,0,0
486.768,447.821,-3.571,4.314,480,350,1,1,0,0
483.197,452.135,-3.571,4.314,480,355,0,1,0,0
479.626,456.449,-3.571,4.314,480,360,0,1,0,0
476.056,460.763,-3.571,4.314,480,365,0,1,0,0
472.485,465.077,-3.571,4.314,480,370,0,1,0,0
468.914,469.391,-3.571,4.314,480,375,0,1,0,0
465.344,473.705,-3.571,4.314,480,380,0,1,0,0
461.773,478.019,-3.571,4.314,480,385,0,1,0,0
458.202,482.333,-3.571,4.314,480,390,0,1,0,0
454.632,486.647,-3.571,4.314,480,395,0,1,0,0
451.061,490.961,-3.571,4.314,480,400,0,1,0,0
447.49,495.275,-3.571,4.314,480,405,0,1,0,0
443.919,499.589,-3.571,4.314,480,410,0,1,0,0
440.349,503.903,-3.571,4.314,480,415,0,1,0,0
436.778,508.217,-3.571,4.314,480,420,0,1,0,0
433.207,512.531,-3.571,4.314,480,425,0,1,0,0
429.637,516.845,-3.571,4.314,480,430,0,1,0,0
426.066,521.158,-3.571,4.314,480,435,0,1,0,0
422.495,525.472,-3.571,4.314,480,440,0,1,0,0
418.924,529.786,-3.571,4.314,475,445,-1,1,0,0
415.354,534.1,-3.571,4.314,470,450,-1,1,0,0
411.783,538.414,-3.571,4.314,465,455,-1,1,0,0
408.212,542.728,-3.571,4.314,460,460,-1,1,0,0
404.642,547.042,-3.571,4.314,455,465,-1,1,0,0
401.071,551.356,-3.571,4.314,450,470,-1,1,0,0
397.5,555.67,-3.571,4.314,445,475,-1,1,0,0
393.93,559.984,-3.571,4.314,440,480,-1,1,0,0
390.359,564.298,-3.571,4.314,435,485,-1,1,0,0
386.788,568.612,-3.571,4.314,430,490,-1,1,0,0
383.217,572.926,-3.571,4.314,425,495,-1,1,0,0
379.647,577.24,-3.571,4.314,420,500,-1,1,0,0
376.076,581.554,-3.571,4.314,415,505,-1,1,0,0
372.505,585.868,-3.571,4.314,410,510,-1,1,0,0
368.935,590.181,-3.571,4.314,405,515,-1,1,0,0
365.364,594.0,-3.571,-4.314,400,520,-1,1,0,0
361.793,589.686,-3.571,-4.314,395,520,-1,1,0,0
358.223,585.372,-3.571,-4.314,390,520,-1,1,0,0
354.652,581.058,-3.571,-4.314,385,520,-1,1,0,0
351.081,576.744,-3.571,-4.314,385,520,0,1,0,0
347.51,572.43,-3.571,-4.314,385,520,0,1,0,0
343.94,568.116,-3.571,-4.314,385,520,0,1,0,0
340.369,563.802,-3.571,-4.314,385,520,0,1,0,0
336.798,559.488,-3.571,-4.314,385,520,0,1,0,0
333.228,555.175,-3.571,-4.314,385,520,0,1,0,0
329.657,550.861,-3.571,-4.314,385,520,0,1,0,0
326.086,546.547,-3.571,-4.314,385,520,0,1,0,0
322.515,542.233,-3.571,-4.314,385,520,0,1,0,0
318.945,537.919,-3.571,-4.314,385,520,0,1,0,0
315.374,533.605,-3.571,-4.314,385,520,0,1,0,0
311.803,529.291,-3.571,-4.314,385,520,0,0,0,0
308.233,524.977,-3.571,-4.314,385,520,0,0,0,0
304.662,520.663,-3.571,-4.314,385,520,0,0,0,0
301.091,516.349,-3.571,-4.314,385,520,0,0,0,0
297.521,512.035,-3.571,-4.314,385,520,0,0,0,0
293.95,507.721,-3.571,-4.314,385,520,0,0,0,0
290.379,503.407,-3.571,-4.314,385,520,0,0,0,0
286.808,499.093,-3.571,-4.314,385,520,0,0,0,0
283.238,494.779,-3.571,-4.314,385,520,0,0,0,0
279.667,490.465,-3.571,-4.314,380,520,-1,0,0,0
276.096,486.152,-3.571,-4.314,375,520,-1,0,0,0
272.526,481.838,-3.571,-4.314,370,520,-1,0,0,0
268.955,477.524,-3.571,-4.314,365,520,-1,0,0,0
265.384,473.21,-3.571,-4.314,360,520,-1,0,0,0
261.814,468.896,-3.571,-4.314,355,520,-1,0,0,0
258.243,464.582,-3.571,-4.314,350,520,-1,0,0,0
254.672,460.268,-3.571,-4.314,345,520,-1,0,0,0
251.101,455.954,-3.571,-4.314,340,520,-1,0,0,0
247.531,451.64,-3.571,-4.314,335,520,-1,0,0,0
243.96,447.326,-3.571,-4.314,330,520,-1,0,0,0
240.389,443.012,-3.571,-4.314,325,515,-1,-1,0,0
236.819,438.698,-3.571,-4.314,320,510,-1,-1,0,0
233.248,434.384,-3.571,-4.314,315,505,-1,-1,0,0
229.677,430.07,-3.571,-4.314,310,500,-1,-1,0,0
226.106,425.756,-3.571,-4.314,305,495,-1,-1,0,0
222.536,421.442,-3.571,-4.314,300,490,-1,-1,0,0
218.965,417.128,-3.571,-4.314,295,485,-1,-1,0,0
215.394,412.815,-3.571,-4.314,290,480,-1,-1,0,0
211.824,408.501,-3.571,-4.314,285,475,-1,-1,0,0
208.253,404.187,-3.571,-4.314,280,470,-1,-1,0,0
204.682,399.873,-3.571,-4.314,275,465,-1,-1,0,0
201.112,395.559,-3.571,-4.314,270,460,-1,-1,0,0
197.541,391.245,-3.571,-4.314,265,455,-1,-1,0,0
193.97,386.931,-3.571,-4.314,260,450,-1,-1,0,0
190.399,382.617,-3.571,-4.314,255,445,-1,-1,0,0
186.829,378.303,-3.571,-4.314,250,440,-1,-1,0,0
183.258,373.989,-3.571,-4.314,245,435,-1,-1,0,0
179.687,369.675,-3.571,-4.314,240,430,-1,-1,0,0
176.117,365.361,-3.571,-4.314,235,425,-1,-1,0,0
172.546,361.047,-3.571,-4.314,230,420,-1,-1,0,0
168.975,356.733,-3.571,-4.314,225,415,-1,-1,0,0
165.404,352.419,-3.571,-4.314,220,410,-1,-1,0,0
161.834,348.105,-3.571,-4.314,215,405,-1,-1,0,0
158.263,343.792,-3.571,-4.314,210,400,-1,-1,0,0
154.692,339.478,-3.571,-4.314,205,395,-1,-1,0,0
151.122,335.164,-3.571,-4.314,200,390,-1,-1,0,0
147.551,330.85,-3.571,-4.314,195,385,-1,-1,0,0
143.98,326.536,-3.571,-4.314,190,380,-1,-1,0,0
140.41,322.222,-3.571,-4.314,185,375,-1,-1,0,0
136.839,317.908,-3.571,-4.314,185,370,0,-1,0,0
133.268,313.594,-3.571,-4.314,185,365,0,-1,0,0
129.697,309.28,-3.571,-4.314,185,360,0,-1,0,0
126.127,304.966,-3.571,-4.314,185,355,0,-1,0,0
122.556,300.652,-3.571,-4.314,185,350,0,-1,0,0
118.985,296.338,-3.571,-4.314,185,345,0,-1,0,0
115.415,292.024,-3.571,-4.314,185,340,0,-1,0,0
111.844,287.71,-3.571,-4.314,185,335,0,-1,0,0
108.273,283.396,-3.571,-4.314,185,330,0,-1,0,0
104.703,279.082,-3.571,-4.314,185,325,0,-1,0,0
101.132,274.769,-3.571,-4.314,185,320,0,-1,0,0
97.561,270.455,-3.571,-4.314,185,315,0,-1,0,0
93.99,266.141,-3.571,-4.314,185,310,0,-1,0,0
90.42,261.827,-3.571,-4.314,185,305,0,-1,0,0
86.849,257.513,-3.571,-4.314,185,300,0,-1,0,0
83.278,253.199,-3.571,-4.314,185,295,0,-1,0,0
79.708,248.885,-3.571,-4.314,185,290,0,-1,0,0
76.137,244.571,-3.571,-4.314,185,285,0,-1,0,0
72.566,240.257,-3.571,-4.314,185,280,0,-1,0,0
68.995,235.943,-3.571,-4.314,185,275,0,-1,0,0
65.425,231.629,-3.571,-4.314,185,270,0,-1,0,0
61.854,227.315,-3.571,-4.314,185,265,0,-1,0,0
58.283,223.001,-3.571,-4.314,185,260,0,-1,0,0
54.713,218.687,-3.571,-4.314,185,255,0,-1,0,0
51.142,214.373,-3.571,-4.314,180,250,-1,-1,0,0
49.0,210.059,5.851,-0.761,175,245,-1,-1,0,0
54.851,209.298,5.851,-0.761,170,240,-1,-1,0,0
60.701,208.537,5.851,-0.761,165,235,-1,-1,0,0
66.552,207.776,5.851,-0.761,160,230,-1,-1,0,0
72.403,207.015,5.851,-0.761,155,225,-1,-1,0,0
78.254,206.254,5.851,-0.761,150,220,-1,-1,0,0
84.104,205.493,5.851,-0.761,145,215,-1,-1,0,0
89.955,204.732,5.851,-0.761,140,210,-1,-1,0,0
95.806,203.971,5.851,-0.761,135,205,-1,-1,0,0
101.656,203.21,5.851,-0.761,130,200,-1,-1,0,0
107.507,202.449,5.851,-0.761,125,195,-1,-1,0,0
113.358,201.688,5.851,-0.761,120,195,-1,0,0,0
119.209,200.927,5.851,-0.761,115,195,-1,0,0,0
125.059,200.166,5.851,-0.761,110,195,-1,0,0,0
130.91,199.405,5.851,-0.761,105,195,-1,0,0,0
136.761,198.644,5.851,-0.761,100,195,-1,0,0,0
142.611,197.883,5.851,-0.761,95,195,-1,0,0,0
148.462,197.122,5.851,-0.761,90,195,-1,0,0,0
154.313,196.361,5.851,-0.761,90,195,0,0,0,0
160.164,195.6,5.851,-0.761,90,195,0,0,0,0
166.014,194.839,5.851,-0.761,90,195,0,0,0,0
171.865,194.078,5.851,-0.761,95,195,1,0,0,0
177.716,193.317,5.851,-0.761,100,195,1,0,0,0
183.566,192.556,5.851,-0.761,105,195,1,0,0,0
189.417,191.795,5.851,-0.761,110,195,1,0,0,0
195.268,191.034,5.851,-0.761,115,195,1,0,0,0
201.119,190.273,5.851,-0.761,120,195,1,0,0,0
206.969,189.512,5.851,-0.761,125,200,1,1,0,0
212.82,188.751,5.851,-0.761,130,205,1,1,0,0
218.671,187.99,5.851,-0.761,135,210,1,1,0,0
224.521,187.229,5.851,-0.761,140,215,1,1,0,0
230.372,186.468,5.851,-0.761,145,220,1,1,0,0
236.223,185.707,5.851,-0.761,150,225,1,1,0,0
242.074,184.946,5.851,-0.761,155,230,1,1,0,0
247.924,184.185,5.851,-0.761,160,235,1,1,0,0
253.775,183.424,5.851,-0.761,165,240,1,1,0,0
259.626,182.663,5.851,-0.761,170,245,1,1,0,0
265.476,181.902,5.851,-0.761,175,250,1,1,0,0
271.327,181.141,5.851,-0.761,180,255,1,1,0,0
277.178,180.38,5.851,-0.761,185,255,1,0,0,0
283.029,179.619,5.851,-0.761,190,255,1,0,0,0
288.879,178.858,5.851,-0.761,195,255,1,0,0,0
294.73,178.097,5.851,-0.761,200,255,1,0,0,0
300.581,177.336,5.851,-0.761,205,255,1,0,0,0
306.431,176.575,5.851,-0.761,210,255,1,0,0,0
312.282,175.814,5.851,-0.761,215,255,1,0,0,0
318.133,175.053,5.851,-0.761,220,255,1,0,0,0
323.984,174.292,5.851,-0.761,225,255,1,0,0,0
329.834,173.531,5.851,-0.761,230,250,1,-1,0,0
335.685,172.77,5.851,-0.761,235,245,1,-1,0,0
341.536,172.009,5.851,-0.761,240,240,1,-1,0,0
347.386,171.248,5.851,-0.761,245,235,1,-1,0,0
353.237,170.487,5.851,-0.761,250,230,1,-1,0,0
359.088,169.726,5.851,-0.761,255,225,1,-1,0,0
364.939,168.965,5.851,-0.761,260,220,1,-1,0,0
370.789,168.204,5.851,-0.761,260,215,0,-1,0,0
376.64,167.443,5.851,-0.761,260,210,0,-1,0,0
382.491,166.682,5.851,-0.761,260,205,0,-1,0,0
388.342,165.921,5.851,-0.761,260,200,0,-1,0,0
394.192,165.16,5.851,-0.761,260,195,0,-1,0,0
400.043,164.399,5.851,-0.761,260,190,0,-1,0,0
405.894,163.638,5.851,-0.761,260,185,0,-1,0,0
411.744,162.877,5.851,-0.761,260,180,0,-1,0,0
417.595,162.116,5.851,-0.761,260,175,0,-1,0,0
423.446,161.355,5.851,-0.761,260,170,0,-1,0,0
429.297,160.594,5.851,-0.761,260,165,0,-1,0,0
435.147,159.833,5.851,-0.761,260,160,0,-1,0,0
440.998,159.072,5.851,-0.761,260,155,0,-1,0,0
446.849,158.311,5.851,-0.761,260,150,0,-1,0,0
452.699,157.55,5.851,-0.761,260,145,0,-1,0,0
458.55,156.789,5.851,-0.761,260,140,0,-1,0,0
464.401,156.028,5.851,-0.761,260,135,0,-1,0,0
470.252,155.267,5.851,-0.761,260,130,0,-1,0,0
476.102,154.506,5.851,-0.761,260,125,0,-1,0,0
481.953,153.745,5.851,-0.761,260,120,0,-1,0,0
487.804,152.984,5.851,-0.761,260,115,0,-1,0,0
493.654,152.223,5.851,-0.761,260,110,0,-1,0,0
499.505,151.462,5.851,-0.761,260,105,0,-1,0,0
505.356,150.701,5.851,-0.761,260,100,0,-1,0,0
511.207,149.94,5.851,-0.761,260,100,0,0,0,0
517.057,149.179,5.851,-0.761,260,100,0,0,0,0
522.908,148.418,5.851,-0.761,260,100,0,0,0,0
528.759,147.657,5.851,-0.761,260,100,0,0,0,0
534.609,146.896,5.851,-0.761,260,100,0,0,0,0
540.46,146.135,5.851,-0.761,260,100,0,0,0,0
546.311,145.374,5.851,-0.761,260,100,0,0,0,0
552.162,144.613,5.851,-0.761,260,100,0,0,0,0
558.012,143.852,5.851,-0.761,260,100,0,0,0,0
563.863,143.091,5.851,-0.761,260,100,0,0,0,0
569.714,142.33,5.851,-0.761,260,100,0,0,0,0
575.564,141.569,5.851,-0.761,260,100,0,0,0,0
581.415,140.808,5.851,-0.761,260,100,0,0,0,0
587.266,140.047,5.851,-0.761,260,100,0,0,0,0
593.117,139.286,5.851,-0.761,260,100,0,0,0,0
598.967,138.525,5.851,-0.761,260,100,0,0,0,0
604.818,137.764,5.851,-0.761,260,100,0,0,0,0
610.669,137.003,5.851,-0.761,260,100,0,0,0,0
616.519,136.242,5.851,-0.761,260,100,0,0,0,0
622.37,135.481,5.851,-0.761,260,100,0,0,0,0
628.221,134.72,5.851,-0.761,260,100,0,0,0,0
634.072,133.959,5.851,-0.761,260,100,0,0,0,0
639.922,133.198,5.851,-0.761,260,100,0,0,0,0
645.773,132.437,5.851,-0.761,260,100,0,0,0,0
651.624,131.676,5.851,-0.761,260,100,0,0,0,0
657.474,130.915,5.851,-0.761,260,100,0,0,0,0
663.325,130.154,5.851,-0.761,260,100,0,0,0,0
669.176,129.393,5.851,-0.761,260,95,0,-1,0,0
675.027,128.632,5.851,-0.761,260,90,0,-1,0,0
680.877,127.871,5.851,-0.761,260,85,0,-1,0,0
686.728,127.11,5.851,-0.761,260,80,0,-1,0,0
692.579,126.349,5.851,-0.761,260,75,0,-1,0,0
698.429,125.588,5.851,-0.761,255,75,-1,0,0,0
704.28,124.827,5.851,-0.761,250,75,-1,0,0,0
710.131,124.066,5.851,-0.761,245,75,-1,0,0,0
715.982,123.305,5.851,-0.761,240,75,-1,0,0,0
721.832,122.544,5.851,-0.761,235,75,-1,0,0,0
727.683,121.783,5.851,-0.761,230,75,-1,0,0,0
733.534,121.022,5.851,-0.761,225,75,-1,0,0,0
739.384,120.261,5.851,-0.761,220,75,-1,0,0,0
745.235,119.5,5.851,-0.761,215,75,-1,0,0,0
751.086,118.739,5.851,-0.761,210,75,-1,0,0,0
751.0,117.978,-6.181,0.483,205,75,-1,0,0,0
744.819,118.461,-6.181,0.483,200,75,-1,0,0,0
738.638,118.944,-6.181,0.483,195,75,-1,0,0,0
732.456,119.427,-6.181,0.483,190,75,-1,0,0,0
726.275,119.909,-6.181,0.483,185,75,-1,0,0,0
720.094,120.392,-6.181,0.483,180,75,-1,0,0,0
713.913,120.875,-6.181,0.483,175,75,-1,0,0,0
707.732,121.358,-6.181,0.483,170,75,-1,0,0,0
701.551,121.841,-6.181,0.483,165,75,-1,0,0,0
695.369,122.324,-6.181,0.483,160,75,-1,0,0,0
689.188,122.807,-6.181,0.483,155,75,-1,0,0,0
683.007,123.289,-6.181,0.483,150,75,-1,0,0,0
676.826,123.772,-6.181,0.483,150,75,0,0,0,0
670.645,124.255,-6.181,0.483,150,75,0,0,0,0
664.464,124.738,-6.181,0.483,150,75,0,0,0,0
658.282,125.221,-6.181,0.483,150,75,0,0,0,0
652.101,125.704,-6.181,0.483,150,75,0,0,0,0
645.92,126.187,-6.181,0.483,150,75,0,0,0,0
639.739,126.67,-6.181,0.483,150,75,0,0,0,0
633.558,127.152,-6.181,0.483,150,75,0,0,0,0
627.377,127.635,-6.181,0.483,150,75,0,0,0,0
621.195,128.118,-6.181,0.483,150,75,0,0,0,0
615.014,128.601,-6.181,0.483,150,75,0,0,0,0
608.833,129.084,-6.181,0.483,150,75,0,0,0,0
602.652,129.567,-6.181,0.483,150,80,0,1,0,0
596.471,130.05,-6.181,0.483,150,85,0,1,0,0
590.29,130.533,-6.181,0.483,150,90,0,1,0,0
584.108,131.015,-6.181,0.483,150,95,0,1,0,0
577.927,131.498,-6.181,0.483,150,100,0,1,0,0
571.746,131.981,-6.181,0.483,150,105,0,1,0,0
565.565,132.464,-6.181,0.483,150,110,0,1,0,0
559.384,132.947,-6.181,0.483,150,115,0,1,0,0
553.203,133.43,-6.181,0.483,150,120,0,1,0,0
547.021,133.913,-6.181,0.483,150,125,0,1,0,0
540.84,134.395,-6.181,0.483,150,130,0,1,0,0
534.659,134.878,-6.181,0.483,150,130,0,0,0,0
528.478,135.361,-6.181,0.483,150,130,0,0,0,0
522.297,135.844,-6.181,0.483,150,130,0,0,0,0
516.116,136.327,-6.181,0.483,150,130,0,0,0,0
509.934,136.81,-6.181,0.483,150,130,0,0,0,0
503.753,137.293,-6.181,0.483,150,130,0,0,0,0
497.572,137.776,-6.181,0.483,150,130,0,0,0,0
491.391,138.258,-6.181,0.483,145,130,-1,0,0,0
485.21,138.741,-6.181,0.483,140,130,-1,0,0,0
479.029,139.224,-6.181,0.483,135,130,-1,0,0,0
472.847,139.707,-6.181,0.483,130,130,-1,0,0,0
466.666,140.19,-6.181,0.483,125,130,-1,0,0,0
460.485,140.673,-6.181,0.483,120,130,-1,0,0,0
454.304,141.156,-6.181,0.483,115,130,-1,0,0,0
448.123,141.639,-6.181,0.483,110,130,-1,0,0,0
441.942,142.121,-6.181,0.483,105,130,-1,0,0,0
435.76,142.604,-6.181,0.483,100,130,-1,0,0,0
429.579,143.087,-6.181,0.483,95,130,-1,0,0,0
423.398,143.57,-6.181,0.483,90,130,-1,0,0,0
417.217,144.053,-6.181,0.483,85,130,-1,0,0,0
411.036,144.536,-6.181,0.483,80,130,-1,0,0,0
404.855,145.019,-6.181,0.483,75,130,-1,0,0,0
398.673,145.502,-6.181,0.483,70,130,-1,0,0,0
392.492,145.984,-6.181,0.483,70,130,0,0,0,0
386.311,146.467,-6.181,0.483,70,130,0,0,0,0
380.13,146.95,-6.181,0.483,70,130,0,0,0,0
373.949,147.433,-6.181,0.483,70,130,0,0,0,0
367.768,147.916,-6.181,0.483,70,130,0,0,0,0
361.586,148.399,-6.181,0.483,70,130,0,0,0,0
355.405,148.882,-6.181,0.483,70,130,0,0,0,0
349.224,149.364,-6.181,0.483,70,130,0,0,0,0
343.043,149.847,-6.181,0.483,70,130,0,0,0,0
336.862,150.33,-6.181,0.483,70,130,0,0,0,0
330.681,150.813,-6.181,0.483,70,130,0,0,0,0
324.499,151.296,-6.181,0.483,70,130,0,0,0,0
318.318,151.779,-6.181,0.483,70,130,0,0,0,0
312.137,152.262,-6.181,0.483,70,130,0,0,0,0
305.956,152.745,-6.181,0.483,70,130,0,0,0,0
299.775,153.227,-6.181,0.483,70,130,0,0,0,0
293.594,153.71,-6.181,0.483,70,130,0,0,0,0
287.412,154.193,-6.181,0.483,70,130,0,0,0,0
281.231,154.676,-6.181,0.483,70,130,0,0,0,0
275.05,155.159,-6.181,0.483,70,130,0,0,0,0
268.869,155.642,-6.181,0.483,75,130,1,0,0,0
262.688,156.125,-6.181,0.483,80,130,1,0,0,0
256.507,156.608,-6.181,0.483,85,130,1,0,0,0
250.325,157.09,-6.181,0.483,90,130,1,0,0,0
244.144,157.573,-6.181,0.483,95,130,1,0,0,0
237.963,158.056,-6.181,0.483,100,130,1,0,0,0
231.782,158.539,-6.181,0.483,100,130,0,0,0,0
225.601,159.022,-6.181,0.483,100,130,0,0,0,0
219.42,159.505,-6.181,0.483,100,130,0,0,0,0
213.238,159.988,-6.181,0.483,100,130,0,0,0,0
207.057,160.47,-6.181,0.483,100,130,0,0,0,0
200.876,160.953,-6.181,0.483,100,130,0,0,0,0
194.695,161.436,-6.181,0.483,100,130,0,0,0,0
188.514,161.919,-6.181,0.483,100,130,0,0,0,0
182.333,162.402,-6.181,0.483,100,130,0,0,0,0
176.151,162.885,-6.181,0.483,100,130,0,0,0,0
169.97,163.368,-6.181,0.483,100,130,0,0,0,0
163.789,163.851,-6.181,0.483,100,130,0,0,0,0
157.608,164.333,-6.181,0.483,100,130,0,0,0,0
151.427,164.816,-6.181,0.483,100,130,0,0,0,0
145.246,165.299,-6.181,0.483,100,130,0,0,0,0
139.064,165.782,-6.181,0.483,100,130,0,0,0,0
132.883,166.265,-6.181,0.483,100,130,0,0,0,0
126.702,166.748,-6.181,0.483,100,130,0,0,0,0
120.521,167.231,-6.181,0.483,100,130,0,0,0,0
114.34,167.714,-6.181,0.483,100,130,0,0,0,0
108.159,168.196,-6.181,0.483,100,130,0,0,0,0
101.977,168.679,-6.181,0.483,100,130,0,0,0,0
95.796,169.162,-6.181,0.483,100,130,0,0,0,0
89.615,169.645,-6.181,0.483,105,130,1,0,0,0
83.434,170.128,-6.181,0.483,105,130,0,0,0,0
77.253,170.611,-6.181,0.483,105,130,0,0,0,0
71.072,171.094,-6.181,0.483,105,130,0,0,0,0
64.89,171.577,-6.181,0.483,105,130,0,0,0,0
58.709,172.059,-6.181,0.483,105,130,0,0,0,0
52.528,172.542,-6.181,0.483,105,130,0,0,0,0
49.0,173.025,4.828,4.353,105,130,0,0,0,0
53.828,177.378,4.828,4.353,105,130,0,0,0,0
58.655,181.73,4.828,4.353,105,130,0,0,0,0
63.483,186.083,4.828,4.353,105,130,0,0,0,0
68.31,190.435,4.828,4.353,105,130,0,0,0,0
73.138,194.788,4.828,4.353,105,130,0,0,0,0
77.965,199.14,4.828,4.353,105,130,0,0,0,0
82.793,203.493,4.828,4.353,105,130,0,0,0,0
87.621,207.845,4.828,4.353,105,130,0,0,0,0
92.448,212.198,4.828,4.353,105,130,0,0,0,0
97.276,216.55,4.828,4.353,105,135,0,1,0,0
102.103,220.903,4.828,4.353,105,140,0,1,0,0
106.931,225.255,4.828,4.353,105,145,0,1,0,0
111.759,229.608,4.828,4.353,105,150,0,1,0,0
116.586,233.96,4.828,4.353,105,155,0,1,0,0
121.414,238.313,4.828,4.353,105,160,0,1,0,0
126.241,242.666,4.828,4.353,105,165,0,1,0,0
131.069,247.018,4.828,4.353,105,170,0,1,0,0
135.896,251.371,4.828,4.353,110,175,1,1,0,0
140.724,255.723,4.828,4.353,115,180,1,1,0,0
145.552,260.076,4.828,4.353,120,180,1,0,0,0
150.379,264.428,4.828,4.353,125,180,1,0,0,0
155.207,268.781,4.828,4.353,130,180,1,0,0,0
160.034,273.133,4.828,4.353,135,180,1,0,0,0
164.862,277.486,4.828,4.353,140,180,1,0,0,0
169.689,281.838,4.828,4.353,145,180,1,0,0,0
174.517,286.191,4.828,4.353,150,180,1,0,0,0
179.345,290.543,4.828,4.353,155,180,1,0,0,0
184.172,294.896,4.828,4.353,160,180,1,0,0,0
189.0,299.248,4.828,4.353,165,180,1,0,0,0
193.827,303.601,4.828,4.353,170,180,1,0,0,0
198.655,307.953,4.828,4.353,175,180,1,0,0,0
203.483,312.306,4.828,4.353,180,180,1,0,0,0
208.31,316.658,4.828,4.353,185,175,1,-1,0,0
213.138,321.011,4.828,4.353,190,170,1,-1,0,0
217.965,325.364,4.828,4.353,195,165,1,-1,0,0
222.793,329.716,4.828,4.353,200,160,1,-1,0,0
227.62,334.069,4.828,4.353,205,155,1,-1,0,0
232.448,338.421,4.828,4.353,210,150,1,-1,0,0
237.276,342.774,4.828,4.353,215,145,1,-1,0,0
242.103,347.126,4.828,4.353,220,140,1,-1,0,0
246.931,351.479,4.828,4.353,225,135,1,-1,0,0
251.758,355.831,4.828,4.353,230,130,1,-1,0,0
256.586,360.184,4.828,4.353,235,125,1,-1,0,0
261.413,364.536,4.828,4.353,240,120,1,-1,0,0
266.241,368.889,4.828,4.353,245,115,1,-1,0,0
271.069,373.241,4.828,4.353,250,110,1,-1,0,0
275.896,377.594,4.828,4.353,255,105,1,-1,0,0
280.724,381.946,4.828,4.353,260,100,1,-1,0,0
285.551,386.299,4.828,4.353,265,95,1,-1,0,0
290.379,390.651,4.828,4.353,270,90,1,-1,0,0
295.207,395.004,4.828,4.353,275,90,1,0,0,0
300.034,399.356,4.828,4.353,280,95,1,1,0,0
304.862,403.709,4.828,4.353,285,100,1,1,0,0
309.689,408.061,4.828,4.353,290,105,1,1,0,0
314.517,412.414,4.828,4.353,295,110,1,1,0,0
319.344,416.767,4.828,4.353,300,115,1,1,0,0
324.172,421.119,4.828,4.353,305,120,1,1,0,0
329.0,425.472,4.828,4.353,310,125,1,1,0,0
333.827,429.824,4.828,4.353,315,130,1,1,0,0
338.655,434.177,4.828,4.353,320,135,1,1,0,0
343.482,438.529,4.828,4.353,325,140,1,1,0,0
348.31,442.882,4.828,4.353,330,145,1,1,0,0
353.138,447.234,4.828,4.353,335,150,1,1,0,0
357.965,451.587,4.828,4.353,340,155,1,1,0,0
362.793,455.939,4.828,4.353,345,160,1,1,0,0
367.62,460.292,4.828,4.353,350,165,1,1,0,0
372.448,464.644,4.828,4.353,355,170,1,1,0,0
377.275,468.997,4.828,4.353,360,175,1,1,0,0
382.103,473.349,4.828,4.353,365,180,1,1,0,0
386.931,477.702,4.828,4.353,370,185,1,1,0,0
391.758,482.054,4.828,4.353,370,190,0,1,0,0
396.586,486.407,4.828,4.353,370,195,0,1,0,0
401.413,490.759,4.828,4.353,370,200,0,1,0,0
406.241,495.112,4.828,4.353,370,205,0,1,0,0
411.068,499.465,4.828,4.353,370,210,0,1,0,0
415.896,503.817,4.828,4.353,370,215,0,1,0,0
420.724,508.17,4.828,4.353,370,220,0,1,0,0
425.551,512.522,4.828,4.353,370,225,0,1,0,0
430.379,516.875,4.828,4.353,370,230,0,1,0,0
435.206,521.227,4.828,4.353,370,235,0,1,0,0
440.034,525.58,4.828,4.353,370,240,0,1,0,0
444.862,529.932,4.828,4.353,370,245,0,1,0,0
449.689,534.285,4.828,4.353,370,250,0,1,0,0
454.517,538.637,4.828,4.353,370,255,0,1,0,0
459.344,542.99,4.828,4.353,370,260,0,1,0,0
464.172,547.342,4.828,4.353,370,265,0,1,0,0
468.999,551.695,4.828,4.353,370,270,0,1,0,0
473.827,556.047,4.828,4.353,370,275,0,1,0,0
478.655,560.4,4.828,4.353,370,280,0,1,0,0
483.482,564.752,4.828,4.353,370,285,0,1,0,0
488.31,569.105,4.828,4.353,370,290,0,1,0,0
493.137,573.457,4.828,4.353,370,295,0,1,0,0
497.965,577.81,4.828,4.353,370,300,0,1,0,0
502.792,582.163,4.828,4.353,370,305,0,1,0,0
507.62,586.515,4.828,4.353,370,310,0,1,0,0
512.448,590.868,4.828,4.353,370,315,0,1,0,0
517.275,594.0,4.828,-4.353,370,320,0,1,0,0
522.103,589.647,4.828,-4.353,370,325,0,1,0,0
526.93,585.295,4.828,-4.353,370,330,0,1,0,0
531.758,580.942,4.828,-4.353,370,335,0,1,0,0
536.586,576.59,4.828,-4.353,370,340,0,1,0,0
541.413,572.237,4.828,-4.353,370,345,0,1,0,0
546.241,567.885,4.828,-4.353,370,350,0,1,0,0
551.068,563.532,4.828,-4.353,370,355,0,1,0,0
555.896,559.18,4.828,-4.353,370,360,0,1,0,0
560.723,554.827,4.828,-4.353,370,365,0,1,0,0
565.551,550.475,4.828,-4.353,370,370,0,1,0,0
570.379,546.122,4.828,-4.353,370,375,0,1,0,0
575.206,541.77,4.828,-4.353,370,380,0,1,0,0
580.034,537.417,4.828,-4.353,370,385,0,1,0,0
584.861,533.065,4.828,-4.353,370,390,0,1,0,0
589.689,528.712,4.828,-4.353,370,395,0,1,0,0
594.516,524.36,4.828,-4.353,370,400,0,1,0,0
599.344,520.007,4.828,-4.353,370,405,0,1,0,0
604.172,515.655,4.828,-4.353,370,410,0,1,0,0
608.999,511.302,4.828,-4.353,370,415,0,1,0,0
613.827,506.949,4.828,-4.353,370,420,0,1,0,0
618.654,502.597,4.828,-4.353,370,420,0,0,0,0
623.482,498.244,4.828,-4.353,370,420,0,0,0,0
628.31,493.892,4.828,-4.353,370,420,0,0,0,0
633.137,489.539,4.828,-4.353,370,420,0,0,0,0
637.965,485.187,4.828,-4.353,370,420,0,0,0,0
642.792,480.834,4.828,-4.353,370,420,0,0,0,0
647.62,476.482,4.828,-4.353,370,415,0,-1,0,0
652.447,472.129,4.828,-4.353,370,410,0,-1,0,0
657.275,467.777,4.828,-4.353,370,405,0,-1,0,0
662.103,463.424,4.828,-4.353,370,400,0,-1,0,0
666.93,459.072,4.828,-4.353,365,400,-1,0,0,0
671.758,454.719,4.828,-4.353,360,400,-1,0,0,0
676.585,450.367,4.828,-4.353,355,400,-1,0,0,0
681.413,446.014,4.828,-4.353,350,400,-1,0,0,0
686.24,441.662,4.828,-4.353,345,400,-1,0,0,0
691.068,437.309,4.828,-4.353,340,400,-1,0,0,0
695.896,432.957,4.828,-4.353,335,400,-1,0,0,0
700.723,428.604,4.828,-4.353,330,400,-1,0,0,0
705.551,424.252,4.828,-4.353,325,400,-1,0,0,0
710.378,419.899,4.828,-4.353,320,395,-1,-1,0,0
715.206,415.546,4.828,-4.353,315,390,-1,-1,0,0
720.034,411.194,4.828,-4.353,310,385,-1,-1,0,0
724.861,406.841,4.828,-4.353,305,380,-1,-1,0,0
729.689,402.489,4.828,-4.353,300,375,-1,-1,0,0
734.516,398.136,4.828,-4.353,295,370,-1,-1,0,0
739.344,393.784,4.828,-4.353,290,365,-1,-1,0,0
744.171,389.431,4.828,-4.353,285,360,-1,-1,0,0
748.999,385.079,4.828,-4.353,280,355,-1,-1,0,0
751.0,380.726,-6.601,-1.635,275,350,-1,-1,0,0
744.399,379.091,-6.601,-1.635,270,345,-1,-1,0,0
737.799,377.457,-6.601,-1.635,265,340,-1,-1,0,0
731.198,375.822,-6.601,-1.635,260,335,-1,-1,0,0
724.598,374.187,-6.601,-1.635,255,330,-1,-1,0,0
717.997,372.552,-6.601,-1.635,250,330,-1,0,0,0
711.397,370.918,-6.601,-1.635,245,330,-1,0,0,0
704.796,369.283,-6.601,-1.635,240,330,-1,0,0,0
698.195,367.648,-6.601,-1.635,235,330,-1,0,0,0
691.595,366.013,-6.601,-1.635,230,330,-1,0,0,0
684.994,364.379,-6.601,-1.635,225,330,-1,0,0,0
678.394,362.744,-6.601,-1.635,220,330,-1,0,0,0
671.793,361.109,-6.601,-1.635,215,330,-1,0,0,0
665.193,359.474,-6.601,-1.635,210,330,-1,0,0,0
658.592,357.839,-6.601,-1.635,205,330,-1,0,0,0
651.991,356.205,-6.601,-1.635,200,330,-1,0,0,0
645.391,354.57,-6.601,-1.635,195,330,-1,0,0,0
638.79,352.935,-6.601,-1.635,190,330,-1,0,0,0
632.19,351.3,-6.601,-1.635,185,330,-1,0,0,0
625.589,349.666,-6.601,-1.635,180,330,-1,0,0,0
618.989,348.031,-6.601,-1.635,175,330,-1,0,0,0
612.388,346.396,-6.601,-1.635,170,330,-1,0,0,0
605.787,344.761,-6.601,-1.635,165,330,-1,0,0,0
599.187,343.126,-6.601,-1.635,165,330,0,0,0,0
592.586,341.492,-6.601,-1.635,165,330,0,0,0,0
585.986,339.857,-6.601,-1.635,165,330,0,0,0,0
579.385,338.222,-6.601,-1.635,165,330,0,0,0,0
572.785,336.587,-6.601,-1.635,165,330,0,0,0,0
566.184,334.953,-6.601,-1.635,165,330,0,0,0,0
559.583,333.318,-6.601,-1.635,165,330,0,0,0,0
552.983,331.683,-6.601,-1.635,170,330,1,0,0,0
546.382,330.048,-6.601,-1.635,175,330,1,0,0,0
539.782,328.414,-6.601,-1.635,180,330,1,0,0,0
533.181,326.779,-6.601,-1.635,185,330,1,0,0,0
526.581,325.144,-6.601,-1.635,190,330,1,0,0,0
519.98,323.509,-6.601,-1.635,195,330,1,0,0,0
513.379,321.874,-6.601,-1.635,200,330,1,0,0,0
506.779,320.24,-6.601,-1.635,205,330,1,0,0,0
500.178,318.605,-6.601,-1.635,210,330,1,0,0,0
493.578,316.97,-6.601,-1.635,215,330,1,0,0,0
486.977,315.335,-6.601,-1.635,220,330,1,0,0,0
480.377,313.701,-6.601,-1.635,225,330,1,0,0,0
473.776,312.066,-6.601,-1.635,230,330,1,0,0,0
467.176,310.431,-6.601,-1.635,235,330,1,0,0,0
460.575,308.796,-6.601,-1.635,240,330,1,0,0,0
453.974,307.161,-6.601,-1.635,245,330,1,0,0,0
447.374,305.527,-6.601,-1.635,245,330,0,0,0,0
440.773,303.892,-6.601,-1.635,245,330,0,0,0,0
434.173,302.257,-6.601,-1.635,245,330,0,0,0,0
427.572,300.622,-6.601,-1.635,245,330,0,0,0,0
420.972,298.988,-6.601,-1.635,245,330,0,0,0,0
414.371,297.353,-6.601,-1.635,245,330,0,0,0,0
407.77,295.718,-6.601,-1.635,245,330,0,0,0,0
401.17,294.083,-6.601,-1.635,245,330,0,0,0,0
394.569,292.449,-6.601,-1.635,245,330,0,0,0,0
387.969,290.814,-6.601,-1.635,245,330,0,0,0,0
381.368,289.179,-6.601,-1.635,245,330,0,0,0,0
374.768,287.544,-6.601,-1.635,245,330,0,0,0,0
368.167,285.909,-6.601,-1.635,245,330,0,0,0,0
361.566,284.275,-6.601,-1.635,245,330,0,0,0,0
354.966,282.64,-6.601,-1.635,245,330,0,0,0,0
348.365,281.005,-6.601,-1.635,245,335,0,1,0,0
341.765,279.37,-6.601,-1.635,245,340,0,1,0,0
335.164,277.736,-6.601,-1.635,245,345,0,1,0,0
328.564,276.101,-6.601,-1.635,245,350,0,1,0,0
321.963,274.466,-6.601,-1.635,240,355,-1,1,0,0
315.362,272.831,-6.601,-1.635,235,360,-1,1,0,0
308.762,271.196,-6.601,-1.635,230,365,-1,1,0,0
302.161,269.562,-6.601,-1.635,225,370,-1,1,0,0
295.561,267.927,-6.601,-1.635,220,375,-1,1,0,0
288.96,266.292,-6.601,-1.635,215,375,-1,0,0,0
282.36,264.657,-6.601,-1.635,210,375,-1,0,0,0
275.759,263.023,-6.601,-1.635,205,375,-1,0,0,0
269.158,261.388,-6.601,-1.635,200,375,-1,0,0,0
262.558,259.753,-6.601,-1.635,195,375,-1,0,0,0
255.957,258.118,-6.601,-1.635,190,375,-1,0,0,0
249.357,256.484,-6.601,-1.635,190,375,0,0,0,0
242.756,254.849,-6.601,-1.635,190,375,0,0,0,0
236.156,253.214,-6.601,-1.635,190,375,0,0,0,0
229.555,251.579,-6.601,-1.635,190,375,0,0,0,0
222.954,249.944,-6.601,-1.635,190,375,0,0,0,0
216.354,248.31,-6.601,-1.635,190,375,0,0,0,0
209.753,246.675,-6.601,-1.635,190,375,0,0,0,0
203.153,245.04,-6.601,-1.635,190,375,0,0,0,0
196.552,243.405,-6.601,-1.635,190,375,0,0,0,0
189.952,241.771,-6.601,-1.635,190,375,0,0,0,0
183.351,240.136,-6.601,-1.635,190,375,0,0,0,0
176.75,238.501,-6.601,-1.635,190,375,0,0,0,0
170.15,236.866,-6.601,-1.635,190,375,0,0,0,0
163.549,235.231,-6.601,-1.635,190,375,0,0,0,0
156.949,233.597,-6.601,-1.635,190,375,0,0,0,0
150.348,231.962,-6.601,-1.635,190,370,0,-1,0,0
143.748,230.327,-6.601,-1.635,190,365,0,-1,0,0
137.147,228.692,-6.601,-1.635,190,360,0,-1,0,0
130.546,227.058,-6.601,-1.635,190,355,0,-1,0,0
123.946,225.423,-6.601,-1.635,190,350,0,-1,0,0
117.345,223.788,-6.601,-1.635,190,345,0,-1,0,0
110.745,222.153,-6.601,-1.635,190,340,0,-1,0,0
104.144,220.519,-6.601,-1.635,185,335,-1,-1,0,0
97.544,218.884,-6.601,-1.635,180,330,-1,-1,0,0
90.943,217.249,-6.601,-1.635,175,325,-1,-1,0,0
84.342,215.614,-6.601,-1.635,170,320,-1,-1,0,0
77.742,213.979,-6.601,-1.635,165,315,-1,-1,0,0
71.141,212.345,-6.601,-1.635,165,310,0,-1,0,0
64.541,210.71,-6.601,-1.635,165,305,0,-1,0,0
57.94,209.075,-6.601,-1.635,165,300,0,-1,0,0
51.34,207.44,-6.601,-1.635,165,295,0,-1,0,0
49.0,205.806,7.098,0.15,165,290,0,-1,0,0
56.098,205.955,7.098,0.15,165,285,0,-1,0,0
63.197,206.105,7.098,0.15,165,280,0,-1,0,0
70.295,206.255,7.098,0.15,165,275,0,-1,0,0
77.394,206.404,7.098,0.15,165,270,0,-1,0,0
84.492,206.554,7.098,0.15,165,265,0,-1,0,0
91.591,206.704,7.098,0.15,170,260,1,-1,0,0
98.689,206.854,7.098,0.15,175,255,1,-1,0,0
105.787,207.003,7.098,0.15,180,250,1,-1,0,0
112.886,207.153,7.098,0.15,185,245,1,-1,0,0
119.984,207.303,7.098,0.15,190,240,1,-1,0,0
127.083,207.453,7.098,0.15,195,235,1,-1,0,0
134.181,207.602,7.098,0.15,200,230,1,-1,0,0
141.279,207.752,7.098,0.15,205,225,1,-1,0,0
148.378,207.902,7.098,0.15,210,225,1,0,0,0
155.476,208.051,7.098,0.15,215,225,1,0,0,0
162.575,208.201,7.098,0.15,220,225,1,0,0,0
169.673,208.351,7.098,0.15,225,225,1,0,0,0
176.772,208.501,7.098,0.15,230,225,1,0,0,0
183.87,208.65,7.098,0.15,235,225,1,0,0,0
190.968,208.8,7.098,0.15,240,225,1,0,0,0
198.067,208.95,7.098,0.15,245,225,1,0,0,0
205.165,209.1,7.098,0.15,250,225,1,0,0,0
212.264,209.249,7.098,0.15,255,225,1,0,0,0
219.362,209.399,7.098,0.15,260,225,1,0,0,0
226.461,209.549,7.098,0.15,265,225,1,0,0,0
233.559,209.698,7.098,0.15,270,225,1,0,0,0
240.657,209.848,7.098,0.15,275,225,1,0,0,0
247.756,209.998,7.098,0.15,280,225,1,0,0,0
254.854,210.148,7.098,0.15,285,225,1,0,0,0
261.953,210.297,7.098,0.15,290,225,1,0,0,0
269.051,210.447,7.098,0.15,295,225,1,0,0,0
276.149,210.597,7.098,0.15,300,225,1,0,0,0
283.248,210.746,7.098,0.15,305,225,1,0,0,0
290.346,210.896,7.098,0.15,310,225,1,0,0,0
297.445,211.046,7.098,0.15,315,225,1,0,0,0
304.543,211.196,7.098,0.15,320,225,1,0,0,0
311.642,211.345,7.098,0.15,325,225,1,0,0,0
318.74,211.495,7.098,0.15,330,225,1,0,0,0
325.838,211.645,7.098,0.15,335,225,1,0,0,0
332.937,211.795,7.098,0.15,340,225,1,0,0,0
340.035,211.944,7.098,0.15,345,225,1,0,0,0
347.134,212.094,7.098,0.15,350,225,1,0,0,0
354.232,212.244,7.098,0.15,355,225,1,0,0,0
361.331,212.393,7.098,0.15,360,225,1,0,0,0
368.429,212.543,7.098,0.15,365,225,1,0,0,0
375.527,212.693,7.098,0.15,370,225,1,0,0,0
382.626,212.843,7.098,0.15,370,225,0,0,0,0
389.724,212.992,7.098,0.15,370,225,0,0,0,0
396.823,213.142,7.098,0.15,370,225,0,0,0,0
403.921,213.292,7.098,0.15,370,225,0,0,0,0
411.019,213.442,7.098,0.15,370,225,0,0,0,0
418.118,213.591,7.098,0.15,370,225,0,0,0,0
425.216,213.741,7.098,0.15,370,225,0,0,0,0
432.315,213.891,7.098,0.15,370,225,0,0,0,0
439.413,214.04,7.098,0.15,370,225,0,0,0,0
446.512,214.19,7.098,0.15,370,225,0,0,0,0
453.61,214.34,7.098,0.15,370,225,0,0,0,0
460.708,214.49,7.098,0.15,370,225,0,0,0,0
467.807,214.639,7.098,0.15,370,225,0,0,0,0
474.905,214.789,7.098,0.15,370,225,0,0,0,0
482.004,214.939,7.098,0.15,365,220,-1,-1,0,0
489.102,215.088,7.098,0.15,360,215,-1,-1,0,0
496.201,215.238,7.098,0.15,355,210,-1,-1,0,0
503.299,215.388,7.098,0.15,350,205,-1,-1,0,0
510.397,215.538,7.098,0.15,345,200,-1,-1,0,0
517.496,215.687,7.098,0.15,340,195,-1,-1,0,0
524.594,215.837,7.098,0.15,335,190,-1,-1,0,0
531.693,215.987,7.098,0.15,330,185,-1,-1,0,0
538.791,216.137,7.098,0.15,325,180,-1,-1,0,0
545.889,216.286,7.098,0.15,320,175,-1,-1,0,0
552.988,216.436,7.098,0.15,315,170,-1,-1,0,0
560.086,216.586,7.098,0.15,310,170,-1,0,0,0
567.185,216.735,7.098,0.15,305,170,-1,0,0,0
574.283,216.885,7.098,0.15,300,170,-1,0,0,0
581.382,217.035,7.098,0.15,295,170,-1,0,0,0
588.48,217.185,7.098,0.15,290,170,-1,0,0,0
595.578,217.334,7.098,0.15,285,170,-1,0,0,0
602.677,217.484,7.098,0.15,280,170,-1,0,0,0
609.775,217.634,7.098,0.15,280,170,0,0,0,0
616.874,217.784,7.098,0.15,280,170,0,0,0,0
623.972,217.933,7.098,0.15,280,170,0,0,0,0
631.071,218.083,7.098,0.15,280,170,0,0,0,0
638.169,218.233,7.098,0.15,280,170,0,0,0,0
645.267,218.382,7.098,0.15,280,170,0,0,0,0
652.366,218.532,7.098,0.15,280,170,0,0,0,0
659.464,218.682,7.098,0.15,280,170,0,0,0,0
666.563,218.832,7.098,0.15,280,170,0,0,0,0
673.661,218.981,7.098,0.15,280,170,0,0,0,0
680.759,219.131,7.098,0.15,280,170,0,0,0,0
687.858,219.281,7.098,0.15,280,170,0,0,0,0
694.956,219.431,7.098,0.15,280,170,0,0,0,0
702.055,219.58,7.098,0.15,280,170,0,0,0,0
709.153,219.73,7.098,0.15,280,170,0,0,0,0
716.252,219.88,7.098,0.15,280,170,0,0,0,0
723.35,220.029,7.098,0.15,280,170,0,0,0,0
730.448,220.179,7.098,0.15,280,170,0,0,0,0
737.547,220.329,7.098,0.15,280,170,0,0,0,0
744.645,220.479,7.098,0.15,280,170,0,0,0,0
751.744,220.628,7.098,0.15,280,170,0,0,0,0
751.0,220.778,-7.107,2.06,280,170,0,0,0,0
743.893,222.838,-7.107,2.06,280,170,0,0,0,0
736.785,224.899,-7.107,2.06,280,170,0,0,0,0
729.678,226.959,-7.107,2.06,280,170,0,0,0,0
722.571,229.02,-7.107,2.06,280,170,0,0,0,0
715.463,231.08,-7.107,2.06,280,170,0,0,0,0
708.356,233.141,-7.107,2.06,280,170,0,0,0,0
701.248,235.201,-7.107,2.06,285,170,1,0,0,0
694.141,237.262,-7.107,2.06,290,170,1,0,0,0
687.034,239.322,-7.107,2.06,295,170,1,0,0,0
679.926,241.383,-7.107,2.06,300,170,1,0,0,0
672.819,243.443,-7.107,2.06,305,170,1,0,0,0
665.712,245.503,-7.107,2.06,310,170,1,0,0,0
658.604,247.564,-7.107,2.06,315,170,1,0,0,0
651.497,249.624,-7.107,2.06,320,170,1,0,0,0
644.39,251.685,-7.107,2.06,325,170,1,0,0,0
637.282,253.745,-7.107,2.06,330,170,1,0,0,0
630.175,255.806,-7.107,2.06,335,170,1,0,0,0
623.068,257.866,-7.107,2.06,340,170,1,0,0,0
615.96,259.927,-7.107,2.06,345,170,1,0,0,0
608.853,261.987,-7.107,2.06,350,170,1,0,0,0
601.745,264.047,-7.107,2.06,355,170,1,0,0,0
594.638,266.108,-7.107,2.06,360,170,1,0,0,0
587.531,268.168,-7.107,2.06,365,170,1,0,0,0
580.423,270.229,-7.107,2.06,370,170,1,0,0,0
573.316,272.289,-7.107,2.06,375,170,1,0,0,0
566.209,274.35,-7.107,2.06,380,170,1,0,0,0
559.101,276.41,-7.107,2.06,385,170,1,0,0,0
551.994,278.471,-7.107,2.06,390,170,1,0,0,0
544.887,280.531,-7.107,2.06,390,170,0,0,0,0
537.779,282.591,-7.107,2.06,390,170,0,0,0,0
530.672,284.652,-7.107,2.06,390,170,0,0,0,0
523.565,286.712,-7.107,2.06,390,170,0,0,0,0
516.457,288.773,-7.107,2.06,390,170,0,0,0,0
509.35,290.833,-7.107,2.06,390,170,0,0,0,0
502.242,292.894,-7.107,2.06,390,170,0,0,0,0
495.135,294.954,-7.107,2.06,390,170,0,0,0,0
488.028,297.015,-7.107,2.06,390,170,0,0,0,0
480.92,299.075,-7.107,2.06,390,170,0,0,0,0
473.813,301.136,-7.107,2.06,390,170,0,0,0,0
466.706,303.196,-7.107,2.06,390,170,0,0,0,0
459.598,305.256,-7.107,2.06,390,170,0,0,0,0
452.491,307.317,-7.107,2.06,385,170,-1,0,0,0
445.384,309.377,-7.107,2.06,380,170,-1,0,0,0
438.276,311.438,-7.107,2.06,375,170,-1,0,0,0
431.169,313.498,-7.107,2.06,370,170,-1,0,0,0
424.061,315.559,-7.107,2.06,365,170,-1,0,0,0
416.954,317.619,-7.107,2.06,360,170,-1,0,0,0
409.847,319.68,-7.107,2.06,355,170,-1,0,0,0
402.739,321.74,-7.107,2.06,350,170,-1,0,0,0
395.632,323.8,-7.107,2.06,345,170,-1,0,0,0
388.525,325.861,-7.107,2.06,340,170,-1,0,0,0
381.417,327.921,-7.107,2.06,335,170,-1,0,0,0
374.31,329.982,-7.107,2.06,330,170,-1,0,0,0
367.203,332.042,-7.107,2.06,330,170,0,0,0,0
360.095,334.103,-7.107,2.06,330,170,0,0,0,0
352.988,336.163,-7.107,2.06,330,170,0,0,0,0
345.881,338.224,-7.107,2.06,330,170,0,0,0,0
338.773,340.284,-7.107,2.06,330,170,0,0,0,0
331.666,342.344,-7.107,2.06,330,170,0,0,0,0
324.558,344.405,-7.107,2.06,330,170,0,0,0,0
317.451,346.465,-7.107,2.06,330,170,0,0,0,0
310.344,348.526,-7.107,2.06,330,170,0,0,0,0
303.236,350.586,-7.107,2.06,330,170,0,0,0,0
296.129,352.647,-7.107,2.06,330,170,0,0,0,0
289.022,354.707,-7.107,2.06,330,170,0,0,0,0
281.914,356.768,-7.107,2.06,330,170,0,0,0,0
274.807,358.828,-7.107,2.06,330,170,0,0,0,0
267.7,360.889,-7.107,2.06,330,170,0,0,0,0
260.592,362.949,-7.107,2.06,330,170,0,0,0,0
253.485,365.009,-7.107,2.06,330,170,0,0,0,0
246.378,367.07,-7.107,2.06,335,170,1,0,0,0
239.27,369.13,-7.107,2.06,340,170,1,0,0,0
232.163,371.191,-7.107,2.06,345,170,1,0,0,0
225.055,373.251,-7.107,2.06,350,170,1,0,0,0
217.948,375.312,-7.107,2.06,355,170,1,0,0,0
210.841,377.372,-7.107,2.06,355,170,0,0,0,0
203.733,379.433,-7.107,2.06,355,170,0,0,0,0
196.626,381.493,-7.107,2.06,355,170,0,0,0,0
189.519,383.553,-7.107,2.06,355,170,0,0,0,0
182.411,385.614,-7.107,2.06,355,170,0,0,0,0
175.304,387.674,-7.107,2.06,355,170,0,0,0,0
168.197,389.735,-7.107,2.06,355,170,0,0,0,0
161.089,391.795,-7.107,2.06,355,170,0,0,0,0
153.982,393.856,-7.107,2.06,355,170,0,0,0,0
146.874,395.916,-7.107,2.06,355,170,0,0,0,0
139.767,397.977,-7.107,2.06,355,170,0,0,0,0
132.66,400.037,-7.107,2.06,355,170,0,0,0,0
125.552,402.097,-7.107,2.06,355,170,0,0,0,0
118.445,404.158,-7.107,2.06,355,170,0,0,0,0
111.338,406.218,-7.107,2.06,355,170,0,0,0,0
104.23,408.279,-7.107,2.06,355,170,0,0,0,0
97.123,410.339,-7.107,2.06,355,170,0,0,0,0
90.016,412.4,-7.107,2.06,355,170,0,0,0,0
82.908,414.46,-7.107,2.06,355,170,0,0,0,0
75.801,416.521,-7.107,2.06,355,170,0,0,0,0
68.694,418.581,-7.107,2.06,355,170,0,0,0,0
61.586,420.641,-7.107,2.06,360,170,1,0,0,0
54.479,422.702,-7.107,2.06,365,170,1,0,0,0
49.0,424.762,7.132,2.902,370,170,1,0,0,0
56.132,427.665,7.132,2.902,375,170,1,0,0,0
63.264,430.567,7.132,2.902,380,170,1,0,0,0
70.396,433.469,7.132,2.902,385,170,1,0,0,0
77.528,436.372,7.132,2.902,390,170,1,0,0,0
84.66,439.274,7.132,2.902,395,170,1,0,0,0
91.792,442.177,7.132,2.902,400,170,1,0,0,0
98.924,445.079,7.132,2.902,405,170,1,0,0,0
106.057,447.981,7.132,2.902,410,170,1,0,0,0
113.189,450.884,7.132,2.902,415,170,1,0,0,0
120.321,453.786,7.132,2.902,420,170,1,0,0,0
127.453,456.688,7.132,2.902,425,170,1,0,0,0
134.585,459.591,7.132,2.902,430,170,1,0,0,0
141.717,462.493,7.132,2.902,435,170,1,0,0,0
148.849,465.395,7.132,2.902,440,170,1,0,0,0
155.981,468.298,7.132,2.902,445,170,1,0,0,0
163.113,471.2,7.132,2.902,450,170,1,0,0,0
170.245,474.102,7.132,2.902,455,170,1,0,0,0
177.377,477.005,7.132,2.902,460,170,1,0,0,0
184.509,479.907,7.132,2.902,460,170,0,0,0,0
191.641,482.809,7.132,2.902,460,170,0,0,0,0
198.773,485.712,7.132,2.902,460,170,0,0,0,0
205.905,488.614,7.132,2.902,460,170,0,0,0,0
213.037,491.517,7.132,2.902,460,170,0,0,0,0
220.17,494.419,7.132,2.902,460,170,0,0,0,0
227.302,497.321,7.132,2.902,460,170,0,0,0,0
234.434,500.224,7.132,2.902,460,170,0,0,0,0
241.566,503.126,7.132,2.902,460,170,0,0,0,0
248.698,506.028,7.132,2.902,460,170,0,0,0,0
255.83,508.931,7.132,2.902,460,170,0,0,0,0
262.962,511.833,7.132,2.902,460,170,0,0,0,0
270.094,514.735,7.132,2.902,460,170,0,0,0,0
277.226,517.638,7.132,2.902,460,170,0,0,0,0
284.358,520.54,7.132,2.902,460,170,0,0,0,0
291.49,523.442,7.132,2.902,460,170,0,0,0,0
298.622,526.345,7.132,2.902,460,170,0,0,0,0
305.754,529.247,7.132,2.902,460,170,0,0,0,0
312.886,532.149,7.132,2.902,460,170,0,0,0,0
320.018,535.052,7.132,2.902,460,170,0,0,0,0
327.151,537.954,7.132,2.902,460,170,0,0,0,0
334.283,540.857,7.132,2.902,460,170,0,0,0,0
341.415,543.759,7.132,2.902,460,170,0,0,0,0
348.547,546.661,7.132,2.902,460,170,0,0,0,0
355.679,549.564,7.132,2.902,460,170,0,0,0,0
362.811,552.466,7.132,2.902,465,170,1,0,0,0
369.943,555.368,7.132,2.902,470,170,1,0,0,0
377.075,558.271,7.132,2.902,475,170,1,0,0,0
384.207,561.173,7.132,2.902,480,170,1,0,0,0
391.339,564.075,7.132,2.902,485,170,1,0,0,0
398.471,566.978,7.132,2.902,490,170,1,0,0,0
405.603,569.88,7.132,2.902,495,170,1,0,0,0
412.735,572.782,7.132,2.902,500,170,1,0,0,0
419.867,575.685,7.132,2.902,505,170,1,0,0,0
426.999,578.587,7.132,2.902,510,170,1,0,0,0
434.131,581.489,7.132,2.902,515,170,1,0,0,0
441.264,584.392,7.132,2.902,520,170,1,0,0,0
448.396,587.294,7.132,2.902,520,170,1,0,0,0
455.528,590.197,7.132,2.902,520,170,1,0,0,0
462.66,593.099,7.132,2.902,520,170,1,0,0,0
469.792,594.0,7.132,-2.902,520,170,1,0,0,0
476.924,591.098,7.132,-2.902,520,170,1,0,0,0
484.056,588.195,7.132,-2.902,520,170,1,0,0,0
491.188,585.293,7.132,-2.902,520,170,1,0,0,0
498.32,582.391,7.132,-2.902,520,170,1,0,0,0
505.452,579.488,7.132,-2.902,520,170,1,0,0,0
512.584,576.586,7.132,-2.902,520,170,0,0,0,0
519.716,573.684,7.132,-2.902,520,170,0,0,0,0
526.848,570.781,7.132,-2.902,520,170,0,0,0,0
533.98,567.879,7.132,-2.902,520,170,0,0,0,0
541.112,564.976,7.132,-2.902,520,170,0,0,0,0
548.245,562.074,7.132,-2.902,520,170,0,0,0,0
555.377,559.172,7.132,-2.902,520,170,0,0,0,0
562.509,556.269,7.132,-2.902,520,170,0,0,0,0
569.641,553.367,7.132,-2.902,520,170,0,0,0,0
576.773,550.465,7.132,-2.902,520,170,0,0,0,0
583.905,547.562,7.132,-2.902,520,165,0,-1,0,0
591.037,544.66,7.132,-2.902,520,160,0,-1,0,0
598.169,541.758,7.132,-2.902,520,155,0,-1,0,0
605.301,538.855,7.132,-2.902,520,150,0,-1,0,0
612.433,535.953,7.132,-2.902,520,145,0,-1,0,0
619.565,533.051,7.132,-2.902,520,140,0,-1,0,0
626.697,530.148,7.132,-2.902,520,140,0,0,0,0
633.829,527.246,7.132,-2.902,520,145,0,1,0,0
640.961,524.344,7.132,-2.902,520,150,0,1,0,0
648.093,521.441,7.132,-2.902,520,155,0,1,0,0
655.226,518.539,7.132,-2.902,520,160,0,1,0,0
662.358,515.636,7.132,-2.902,520,165,0,1,0,0
669.49,512.734,7.132,-2.902,520,170,0,1,0,0
676.622,509.832,7.132,-2.902,520,175,0,1,0,0
683.754,506.929,7.132,-2.902,520,180,0,1,0,0
690.886,504.027,7.132,-2.902,520,185,0,1,0,0
698.018,501.125,7.132,-2.902,520,190,0,1,0,0
705.15,498.222,7.132,-2.902,520,195,0,1,0,0
712.282,495.32,7.132,-2.902,520,200,0,1,0,0
719.414,492.418,7.132,-2.902,520,205,0,1,0,0
726.546,489.515,7.132,-2.902,520,210,0,1,0,0
733.678,486.613,7.132,-2.902,520,215,0,1,0,0
740.81,483.711,7.132,-2.902,520,220,0,1,0,0
747.942,480.808,7.132,-2.902,520,225,0,1,0,0
755.074,477.906,7.132,-2.902,520,230,0,1,0,0
762.206,475.004,7.132,-2.902,520,235,0,1,0,0
769.339,472.101,7.132,-2.902,520,240,0,1,0,0
776.471,469.199,7.132,-2.902,520,245,0,1,0,0
783.603,466.296,7.132,-2.902,520,250,0,1,0,0
790.735,463.394,7.132,-2.902,520,255,0,1,0,0
797.867,460.492,7.132,-2.902,520,260,0,1,0,0
804.999,457.589,7.132,-2.902,520,265,0,1,0,0
400.0,300.0,-4.592,-1.978,520,270,0,1,1,0
395.408,298.022,-4.592,-1.978,520,275,0,1,0,0
390.816,296.044,-4.592,-1.978,520,280,0,1,0,0
386.224,294.066,-4.592,-1.978,520,285,0,1,0,0
381.632,292.087,-4.592,-1.978,520,290,0,1,0,0
377.04,290.109,-4.592,-1.978,515,295,-1,1,0,0
372.448,288.131,-4.592,-1.978,510,300,-1,1,0,0
367.856,286.153,-4.592,-1.978,505,305,-1,1,0,0
363.264,284.175,-4.592,-1.978,500,310,-1,1,0,0
358.672,282.197,-4.592,-1.978,495,310,-1,0,0,0
354.08,280.218,-4.592,-1.978,490,310,-1,0,0,0
349.487,278.24,-4.592,-1.978,485,310,-1,0,0,0
344.895,276.262,-4.592,-1.978,480,310,-1,0,0,0
340.303,274.284,-4.592,-1.978,475,310,-1,0,0,0
335.711,272.306,-4.592,-1.978,470,310,-1,0,0,0
331.119,270.328,-4.592,-1.978,465,310,-1,0,0,0
326.527,268.349,-4.592,-1.978,460,310,-1,0,0,0
321.935,266.371,-4.592,-1.978,455,310,-1,0,0,0
317.343,264.393,-4.592,-1.978,450,310,-1,0,0,0
312.751,262.415,-4.592,-1.978,445,310,-1,0,0,0
308.159,260.437,-4.592,-1.978,440,310,-1,0,0,0
303.567,258.459,-4.592,-1.978,435,310,-1,0,0,0
298.975,256.48,-4.592,-1.978,430,310,-1,0,0,0
294.383,254.502,-4.592,-1.978,425,310,-1,0,0,0
289.791,252.524,-4.592,-1.978,420,310,-1,0,0,0
285.199,250.546,-4.592,-1.978,415,310,-1,0,0,0
280.607,248.568,-4.592,-1.978,410,310,-1,0,0,0
276.015,246.59,-4.592,-1.978,405,310,-1,0,0,0
271.423,244.612,-4.592,-1.978,400,310,-1,0,0,0
266.831,242.633,-4.592,-1.978,395,310,-1,0,0,0
262.239,240.655,-4.592,-1.978,390,310,-1,0,0,0
257.647,238.677,-4.592,-1.978,385,310,-1,0,0,0
253.055,236.699,-4.592,-1.978,380,310,-1,0,0,0
248.462,234.721,-4.592,-1.978,375,310,-1,0,0,0
243.87,232.743,-4.592,-1.978,370,310,-1,0,0,0
239.278,230.764,-4.592,-1.978,365,310,-1,0,0,0
234.686,228.786,-4.592,-1.978,360,310,-1,0,0,0
230.094,226.808,-4.592,-1.978,355,310,-1,0,0,0
225.502,224.83,-4.592,-1.978,350,310,-1,0,0,0
220.91,222.852,-4.592,-1.978,345,310,-1,0,0,0
216.318,220.874,-4.592,-1.978,340,310,-1,0,0,0
211.726,218.895,-4.592,-1.978,335,310,-1,0,0,0
207.134,216.917,-4.592,-1.978,330,310,-1,0,0,0
202.542,214.939,-4.592,-1.978,325,310,-1,0,0,0
197.95,212.961,-4.592,-1.978,320,310,-1,0,0,0
193.358,210.983,-4.592,-1.978,315,310,-1,0,0,0
188.766,209.005,-4.592,-1.978,310,310,-1,0,0,0
184.174,207.027,-4.592,-1.978,305,310,-1,0,0,0
179.582,205.048,-4.592,-1.978,300,310,-1,0,0,0
174.99,203.07,-4.592,-1.978,295,310,-1,0,0,0
170.398,201.092,-4.592,-1.978,290,310,-1,0,0,0
165.806,199.114,-4.592,-1.978,285,310,-1,0,0,0
161.214,197.136,-4.592,-1.978,280,310,-1,0,0,0
156.622,195.158,-4.592,-1.978,275,310,-1,0,0,0
152.03,193.179,-4.592,-1.978,270,310,-1,0,0,0
147.437,191.201,-4.592,-1.978,265,310,-1,0,0,0
142.845,189.223,-4.592,-1.978,260,310,-1,0,0,0
138.253,187.245,-4.592,-1.978,255,310,-1,0,0,0
133.661,185.267,-4.592,-1.978,250,310,-1,0,0,0
129.069,183.289,-4.592,-1.978,245,310,-1,0,0,0
124.477,181.31,-4.592,-1.978,240,310,-1,0,0,0
119.885,179.332,-4.592,-1.978,235,310,-1,0,0,0
115.293,177.354,-4.592,-1.978,230,310,-1,0,0,0
110.701,175.376,-4.592,-1.978,225,310,-1,0,0,0
106.109,173.398,-4.592,-1.978,220,310,-1,0,0,0
101.517,171.42,-4.592,-1.978,215,310,-1,0,0,0
96.925,169.441,-4.592,-1.978,210,310,-1,0,0,0
92.333,167.463,-4.592,-1.978,205,310,-1,0,0,0
87.741,165.485,-4.592,-1.978,200,310,-1,0,0,0
83.149,163.507,-4.592,-1.978,195,310,-1,0,0,0
78.557,161.529,-4.592,-1.978,190,310,-1,0,0,0
73.965,159.551,-4.592,-1.978,185,310,-1,0,0,0
69.373,157.573,-4.592,-1.978,180,310,-1,0,0,0
64.781,155.594,-4.592,-1.978,175,310,-1,0,0,0
60.189,153.616,-4.592,-1.978,170,310,-1,0,0,0
55.597,151.638,-4.592,-1.978,165,310,-1,0,0,0
51.005,149.66,-4.592,-1.978,160,310,-1,0,0,0
46.412,147.682,-4.592,-1.978,155,310,-1,0,0,0
49.0,145.704,2.65,-4.59,150,310,-1,0,0,0
51.65,141.114,2.65,-4.59,145,310,-1,0,0,0
54.3,136.524,2.65,-4.59,140,310,-1,0,0,0
56.95,131.934,2.65,-4.59,135,310,-1,0,0,0
59.6,127.344,2.65,-4.59,130,310,-1,0,0,0
62.25,122.754,2.65,-4.59,125,310,-1,0,0,0
64.9,118.164,2.65,-4.59,120,310,-1,0,0,0
67.55,113.574,2.65,-4.59,115,310,-1,0,0,0
70.2,108.984,2.65,-4.59,110,310,-1,0,0,0
72.85,104.394,2.65,-4.59,105,310,-1,0,0,0
75.5,99.804,2.65,-4.59,100,310,-1,0,0,0
78.15,95.214,2.65,-4.59,95,310,-1,0,0,0
80.8,90.624,2.65,-4.59,90,310,-1,0,0,0
83.45,86.034,2.65,-4.59,85,310,-1,0,0,0
86.1,81.444,2.65,-4.59,80,310,-1,0,0,0
88.75,76.855,2.65,-4.59,75,310,-1,0,0,0
91.4,72.265,2.65,-4.59,70,310,-1,0,0,0
94.05,67.675,2.65,-4.59,65,310,-1,0,0,0
96.7,63.085,2.65,-4.59,60,310,-1,0,0,0
99.35,58.495,2.65,-4.59,55,310,-1,0,0,0
102.0,53.905,2.65,-4.59,55,310,0,0,0,0
104.65,49.315,2.65,-4.59,55,310,0,0,0,0
107.3,44.725,2.65,-4.59,60,310,1,0,0,0
109.95,40.135,2.65,-4.59,65,310,1,0,0,0
112.6,35.545,2.65,-4.59,70,310,1,0,0,0
115.25,30.955,2.65,-4.59,75,310,1,0,0,0
117.9,26.365,2.65,-4.59,80,310,1,0,0,0
120.55,21.775,2.65,-4.59,85,310,1,0,0,0
123.2,17.185,2.65,-4.59,90,310,1,0,0,0
125.85,12.595,2.65,-4.59,95,310,1,0,0,0
128.5,8.006,2.65,-4.59,100,310,1,0,0,0
131.15,6.0,2.65,4.59,105,310,1,0,0,0
133.8,10.59,2.65,4.59,110,310,1,0,0,0
136.45,15.18,2.65,4.59,115,310,1,0,0,0
139.1,19.77,2.65,4.59,120,310,1,0,0,0
141.75,24.36,2.65,4.59,125,310,1,0,0,0
144.4,28.95,2.65,4.59,130,310,1,0,0,0
147.05,33.54,2.65,4.59,135,310,1,0,0,0
149.7,38.13,2.65,4.59,140,310,1,0,0,0
152.35,42.719,2.65,4.59,145,310,1,0,0,0
155.0,47.309,2.65,4.59,150,310,1,0,0,0
157.65,51.899,2.65,4.59,155,310,1,0,0,0
160.3,56.489,2.65,4.59,160,310,1,0,0,0
162.95,61.079,2.65,4.59,165,310,1,0,0,0
165.6,65.669,2.65,4.59,170,310,1,0,0,0
168.25,70.259,2.65,4.59,175,310,1,0,0,0
170.9,74.849,2.65,4.59,180,310,1,0,0,0
173.55,79.439,2.65,4.59,185,310,1,0,0,0
176.2,84.029,2.65,4.59,190,310,1,0,0,0
178.85,88.619,2.65,4.59,195,310,1,0,0,0
181.5,93.209,2.65,4.59,200,310,1,0,0,0
184.15,97.799,2.65,4.59,205,310,1,0,0,0
186.8,102.389,2.65,4.59,210,310,1,0,0,0
189.45,106.979,2.65,4.59,215,310,1,0,0,0
192.1,111.568,2.65,4.59,220,310,1,0,0,0
194.75,116.158,2.65,4.59,225,315,1,1,0,0
197.4,120.748,2.65,4.59,230,320,1,1,0,0
200.05,125.338,2.65,4.59,235,325,1,1,0,0
202.7,129.928,2.65,4.59,240,330,1,1,0,0
205.35,134.518,2.65,4.59,240,335,0,1,0,0
208.0,139.108,2.65,4.59,240,340,0,1,0,0
210.65,143.698,2.65,4.59,240,345,0,1,0,0
213.3,148.288,2.65,4.59,240,350,0,1,0,0
215.95,152.878,2.65,4.59,240,355,0,1,0,0
218.6,157.468,2.65,4.59,240,360,0,1,0,0
221.25,162.058,2.65,4.59,240,365,0,1,0,0
223.9,166.648,2.65,4.59,240,370,0,1,0,0
226.55,171.238,2.65,4.59,235,375,-1,1,0,0
229.2,175.828,2.65,4.59,230,380,-1,1,0,0
231.85,180.418,2.65,4.59,225,380,-1,0,0,0
234.5,185.007,2.65,4.59,220,380,-1,0,0,0
237.15,189.597,2.65,4.59,215,380,-1,0,0,0
239.8,194.187,2.65,4.59,210,380,-1,0,0,0
242.45,198.777,2.65,4.59,205,385,-1,1,0,0
245.1,203.367,2.65,4.59,205,390,0,1,0,0
247.75,207.957,2.65,4.59,205,395,0,1,0,0
250.4,212.547,2.65,4.59,205,400,0,1,0,0
253.05,217.137,2.65,4.59,205,405,0,1,0,0
255.7,221.727,2.65,4.59,210,410,1,1,0,0
258.35,226.317,2.65,4.59,215,415,1,1,0,0
261.0,230.907,2.65,4.59,220,420,1,1,0,0
263.65,235.497,2.65,4.59,225,425,1,1,0,0
266.3,240.087,2.65,4.59,230,430,1,1,0,0
268.95,244.677,2.65,4.59,235,435,1,1,0,0
271.6,249.267,2.65,4.59,240,440,1,1,0,0
274.25,253.856,2.65,4.59,245,445,1,1,0,0
276.9,258.446,2.65,4.59,250,450,1,1,0,0
279.55,263.036,2.65,4.59,250,455,0,1,0,0
282.2,267.626,2.65,4.59,250,460,0,1,0,0
284.85,272.216,2.65,4.59,250,465,0,1,0,0
287.5,276.806,2.65,4.59,250,470,0,1,0,0
290.15,281.396,2.65,4.59,250,475,0,1,0,0
292.8,285.986,2.65,4.59,250,480,0,1,0,0
295.45,290.576,2.65,4.59,250,485,0,1,0,0
298.1,295.166,2.65,4.59,250,490,0,1,0,0
300.75,299.756,2.65,4.59,250,495,0,1,0,0
303.4,304.346,2.65,4.59,250,500,0,1,0,0
306.05,308.936,2.65,4.59,250,505,0,1,0,0
308.7,313.526,2.65,4.59,250,510,0,1,0,0
311.35,318.116,2.65,4.59,250,515,0,1,0,0
314.0,322.705,2.65,4.59,250,520,0,1,0,0
316.65,327.295,2.65,4.59,250,520,0,1,0,0
319.3,331.885,2.65,4.59,245,520,-1,1,0,0
321.95,336.475,2.65,4.59,240,520,-1,1,0,0
324.6,341.065,2.65,4.59,235,520,-1,1,0,0
327.25,345.655,2.65,4.59,230,520,-1,1,0,0
329.9,350.245,2.65,4.59,225,520,-1,1,0,0
332.55,354.835,2.65,4.59,220,520,-1,1,0,0
335.2,359.425,2.65,4.59,215,520,-1,1,0,0
337.85,364.015,2.65,4.59,210,520,-1,1,0,0
340.5,368.605,2.65,4.59,210,520,0,1,0,0
343.15,373.195,2.65,4.59,210,520,0,1,0,0
345.8,377.785,2.65,4.59,210,520,0,1,0,0
348.45,382.375,2.65,4.59,210,520,0,1,0,0
351.1,386.965,2.65,4.59,210,520,0,1,0,0
353.75,391.555,2.65,4.59,210,520,0,1,0,0
356.4,396.144,2.65,4.59,210,520,0,1,0,0
359.05,400.734,2.65,4.59,210,520,0,1,0,0
361.7,405.324,2.65,4.59,210,520,0,1,0,0
364.35,409.914,2.65,4.59,210,520,0,1,0,0
367.0,414.504,2.65,4.59,210,520,0,1,0,0
369.65,419.094,2.65,4.59,210,520,0,0,0,0
372.3,423.684,2.65,4.59,215,520,1,0,0,0
374.95,428.274,2.65,4.59,220,520,1,0,0,0
377.6,432.864,2.65,4.59,225,520,1,0,0,0
380.25,437.454,2.65,4.59,230,520,1,0,0,0
382.9,442.044,2.65,4.59,235,520,1,0,0,0
385.55,446.634,2.65,4.59,235,520,0,0,0,0
388.2,451.224,2.65,4.59,235,520,0,0,0,0
390.85,455.814,2.65,4.59,235,520,0,0,0,0
393.5,460.404,2.65,4.59,235,520,0,0,0,0
396.15,464.993,2.65,4.59,235,520,0,0,0,0
398.8,469.583,2.65,4.59,235,520,0,0,0,0
401.45,474.173,2.65,4.59,235,520,0,0,0,0
404.1,478.763,2.65,4.59,235,520,0,0,0,0
406.75,483.353,2.65,4.59,235,520,0,0,0,0
409.4,487.943,2.65,4.59,235,520,0,0,0,0
412.05,492.533,2.65,4.59,235,520,0,0,0,0
414.7,497.123,2.65,4.59,235,520,0,0,0,0
417.35,501.713,2.65,4.59,235,520,0,0,0,0
420.0,506.303,2.65,4.59,235,520,0,0,0,0
422.65,510.893,2.65,4.59,235,520,0,0,0,0
425.3,515.483,2.65,4.59,235,520,0,0,0,0
427.95,520.073,2.65,4.59,235,520,0,0,0,0
430.6,524.663,2.65,4.59,235,520,0,0,0,0
433.25,529.253,2.65,4.59,235,520,0,0,0,0
435.9,533.842,2.65,4.59,235,520,0,0,0,0
438.55,538.432,2.65,4.59,235,520,0,0,0,0
441.2,543.022,2.65,4.59,235,520,0,0,0,0
443.85,547.612,2.65,4.59,235,520,0,0,0,0
446.5,552.202,2.65,4.59,235,520,0,0,0,0
449.15,556.792,2.65,4.59,235,520,0,0,0,0
451.8,561.382,2.65,4.59,235,520,0,0,0,0
454.45,565.972,2.65,4.59,235,520,0,0,0,0
457.1,570.562,2.65,4.59,235,520,0,0,0,0
459.75,575.152,2.65,4.59,235,520,0,0,0,0
462.4,579.742,2.65,4.59,235,520,0,0,0,0
465.05,584.332,2.65,4.59,235,520,0,0,0,0
467.7,588.922,2.65,4.59,235,520,0,0,0,0
470.35,593.512,2.65,4.59,235,520,0,0,0,0
473.0,594.0,2.65,-4.59,235,520,0,0,0,0
475.65,589.41,2.65,-4.59,235,520,0,0,0,0
478.3,584.82,2.65,-4.59,235,520,0,0,0,0
480.95,580.23,2.65,-4.59,235,520,0,0,0,0
483.6,575.64,2.65,-4.59,235,520,0,0,0,0
486.25,571.05,2.65,-4.59,235,520,0,0,0,0
488.9,566.46,2.65,-4.59,235,520,0,0,0,0
491.55,561.87,2.65,-4.59,235,520,0,0,0,0
494.2,557.281,2.65,-4.59,235,520,0,0,0,0
496.85,552.691,2.65,-4.59,235,520,0,0,0,0
499.5,548.101,2.65,-4.59,235,520,0,0,0,0
502.15,543.511,2.65,-4.59,235,520,0,0,0,0
504.8,538.921,2.65,-4.59,235,520,0,0,0,0
507.45,534.331,2.65,-4.59,235,520,0,0,0,0
510.1,529.741,2.65,-4.59,235,520,0,0,0,0
512.75,525.151,2.65,-4.59,235,520,0,0,0,0
515.4,520.561,2.65,-4.59,235,520,0,0,0,0
518.05,515.971,2.65,-4.59,235,520,0,0,0,0
520.7,511.381,2.65,-4.59,235,520,0,0,0,0
523.35,506.791,2.65,-4.59,235,520,0,0,0,0
526.0,502.201,2.65,-4.59,235,515,0,-1,0,0
528.65,497.611,2.65,-4.59,235,510,0,-1,0,0
531.3,493.021,2.65,-4.59,235,505,0,-1,0,0
533.95,488.432,2.65,-4.59,235,500,0,-1,0,0
536.6,483.842,2.65,-4.59,235,495,0,-1,0,0
539.25,479.252,2.65,-4.59,235,490,0,-1,0,0
541.9,474.662,2.65,-4.59,235,485,0,-1,0,0
544.55,470.072,2.65,-4.59,235,480,0,-1,0,0
547.2,465.482,2.65,-4.59,235,475,0,-1,0,0
549.85,460.892,2.65,-4.59,235,470,0,-1,0,0
552.5,456.302,2.65,-4.59,235,465,0,-1,0,0
555.15,451.712,2.65,-4.59,235,460,0,-1,0,0
557.8,447.122,2.65,-4.59,235,455,0,-1,0,0
560.45,442.532,2.65,-4.59,235,450,0,-1,0,0
563.1,437.942,2.65,-4.59,235,445,0,-1,0,0
565.75,433.352,2.65,-4.59,235,440,0,-1,0,0
568.4,428.762,2.65,-4.59,235,435,0,-1,0,0
571.05,424.172,2.65,-4.59,235,430,0,-1,0,0
573.7,419.582,2.65,-4.59,235,425,0,-1,0,0
576.35,414.993,2.65,-4.59,235,420,0,-1,0,0
579.0,410.403,2.65,-4.59,235,415,0,-1,0,0
581.65,405.813,2.65,-4.59,235,410,0,-1,0,0
584.3,401.223,2.65,-4.59,235,405,0,-1,0,0
586.95,396.633,2.65,-4.59,235,400,0,-1,0,0
589.6,392.043,2.65,-4.59,235,395,0,-1,0,0
592.25,387.453,2.65,-4.59,235,390,0,-1,0,0
594.9,382.863,2.65,-4.59,235,385,0,-1,0,0
597.55,378.273,2.65,-4.59,235,380,0,-1,0,0
600.2,373.683,2.65,-4.59,235,375,0,-1,0,0
602.85,369.093,2.65,-4.59,235,370,0,-1,0,0
605.5,364.503,2.65,-4.59,235,365,0,-1,0,0
608.15,359.913,2.65,-4.59,235,360,0,-1,0,0
610.8,355.323,2.65,-4.59,235,355,0,-1,0,0
613.45,350.733,2.65,-4.59,235,350,0,-1,0,0
616.1,346.144,2.65,-4.59,235,345,0,-1,0,0
618.75,341.554,2.65,-4.59,235,340,0,-1,0,0
621.4,336.964,2.65,-4.59,235,335,0,-1,0,0
624.05,332.374,2.65,-4.59,235,330,0,-1,0,0
626.7,327.784,2.65,-4.59,235,325,0,-1,0,0
629.35,323.194,2.65,-4.59,235,320,0,-1,0,0
632.0,318.604,2.65,-4.59,235,315,0,-1,0,0
634.65,314.014,2.65,-4.59,235,310,0,-1,0,0
637.3,309.424,2.65,-4.59,235,305,0,-1,0,0
639.95,304.834,2.65,-4.59,235,300,0,-1,0,0
642.6,300.244,2.65,-4.59,235,295,0,-1,0,0
645.25,295.654,2.65,-4.59,235,290,0,-1,0,0
647.9,291.064,2.65,-4.59,235,285,0,-1,0,0
650.55,286.474,2.65,-4.59,235,280,0,-1,0,0
653.2,281.884,2.65,-4.59,235,275,0,-1,0,0
655.85,277.295,2.65,-4.59,235,270,0,-1,0,0
658.5,272.705,2.65,-4.59,235,265,0,-1,0,0
661.15,268.115,2.65,-4.59,235,260,0,-1,0,0
663.8,263.525,2.65,-4.59,235,255,0,-1,0,0
666.45,258.935,2.65,-4.59,235,250,0,-1,0,0
669.1,254.345,2.65,-4.59,235,245,0,-1,0,0
671.75,249.755,2.65,-4.59,235,240,0,-1,0,0
674.4,245.165,2.65,-4.59,235,235,0,-1,0,0
677.05,240.575,2.65,-4.59,235,230,0,-1,0,0
679.7,235.985,2.65,-4.59,235,225,0,-1,0,0
682.35,231.395,2.65,-4.59,235,220,0,-1,0,0
685.0,226.805,2.65,-4.59,235,215,0,-1,0,0
687.65,222.215,2.65,-4.59,235,210,0,-1,0,0
690.3,217.625,2.65,-4.59,235,205,0,-1,0,0
692.95,213.035,2.65,-4.59,235,200,0,-1,0,0
695.6,208.445,2.65,-4.59,235,195,0,-1,0,0
698.25,203.856,2.65,-4.59,235,190,0,-1,0,0
700.9,199.266,2.65,-4.59,235,185,0,-1,0,0
703.55,194.676,2.65,-4.59,235,180,0,-1,0,0
706.2,190.086,2.65,-4.59,235,175,0,-1,0,0
708.85,185.496,2.65,-4.59,235,170,0,-1,0,0
711.5,180.906,2.65,-4.59,235,165,0,-1,0,0
714.15,176.316,2.65,-4.59,235,160,0,-1,0,0
716.8,171.726,2.65,-4.59,235,155,0,-1,0,0
719.45,167.136,2.65,-4.59,235,150,0,-1,0,0
722.1,162.546,2.65,-4.59,235,145,0,-1,0,0
724.75,157.956,2.65,-4.59,235,140,0,-1,0,0
727.4,153.366,2.65,-4.59,235,135,0,-1,0,0
730.05,148.776,2.65,-4.59,235,130,0,-1,0,0
732.7,144.186,2.65,-4.59,235,125,0,-1,0,0
735.35,139.596,2.65,-4.59,235,120,0,-1,0,0
738.0,135.007,2.65,-4.59,235,115,0,-1,0,0
740.65,130.417,2.65,-4.59,235,110,0,-1,0,0
743.3,125.827,2.65,-4.59,235,105,0,-1,0,0
745.95,121.237,2.65,-4.59,235,100,0,-1,0,0
748.6,116.647,2.65,-4.59,235,95,0,-1,0,0
751.25,112.057,2.65,-4.59,235,90,0,-1,0,0
751.0,107.467,-5.02,-2.481,235,85,0,-1,0,0
745.98,104.986,-5.02,-2.481,235,80,0,-1,0,0
740.959,102.505,-5.02,-2.481,235,75,0,-1,0,0
735.939,100.023,-5.02,-2.481,235,70,0,-1,0,0
730.919,97.542,-5.02,-2.481,235,65,0,-1,0,0
725.898,95.061,-5.02,-2.481,235,60,0,-1,0,0
720.878,92.58,-5.02,-2.481,235,55,0,-1,0,0
715.858,90.099,-5.02,-2.481,235,50,0,-1,0,0
710.837,87.618,-5.02,-2.481,235,45,0,-1,0,0
705.817,85.136,-5.02,-2.481,235,40,0,-1,0,0
700.797,82.655,-5.02,-2.481,235,35,0,-1,0,0
695.776,80.174,-5.02,-2.481,235,30,0,-1,0,0
690.756,77.693,-5.02,-2.481,235,25,0,-1,0,0
685.736,75.212,-5.02,-2.481,235,20,0,-1,0,0
680.715,72.731,-5.02,-2.481,235,15,0,-1,0,0
675.695,70.249,-5.02,-2.481,235,15,0,0,0,0
670.675,67.768,-5.02,-2.481,235,15,0,0,0,0
665.654,65.287,-5.02,-2.481,235,15,0,0,0,0
660.634,62.806,-5.02,-2.481,235,15,0,0,0,0
655.614,60.325,-5.02,-2.481,235,15,0,0,0,0
650.593,57.844,-5.02,-2.481,235,15,0,0,0,0
645.573,55.362,-5.02,-2.481,235,15,0,0,0,0
640.552,52.881,-5.02,-2.481,235,15,0,0,0,0
635.532,50.4,-5.02,-2.481,235,15,0,0,0,0
630.512,47.919,-5.02,-2.481,235,15,0,0,0,0
625.491,45.438,-5.02,-2.481,235,15,0,0,0,0
620.471,42.957,-5.02,-2.481,235,15,0,0,0,0
615.451,40.475,-5.02,-2.481,235,15,0,0,0,0
610.43,37.994,-5.02,-2.481,235,15,0,0,0,0
605.41,35.513,-5.02,-2.481,235,15,0,0,0,0
600.39,33.032,-5.02,-2.481,235,15,0,0,0,0
595.369,30.551,-5.02,-2.481,235,15,0,0,0,0
590.349,28.07,-5.02,-2.481,235,15,0,0,0,0
585.329,25.589,-5.02,-2.481,235,15,0,0,0,0
580.308,23.107,-5.02,-2.481,235,15,0,0,0,0
575.288,20.626,-5.02,-2.481,235,15,0,0,0,0
570.268,18.145,-5.02,-2.481,235,15,0,0,0,0
565.247,15.664,-5.02,-2.481,230,15,-1,0,0,0
560.227,13.183,-5.02,-2.481,225,15,-1,0,0,0
555.207,10.702,-5.02,-2.481,220,15,-1,0,0,0
550.186,8.22,-5.02,-2.481,215,15,-1,0,0,0
545.166,6.0,-5.02,2.481,210,15,-1,0,0,0
540.146,8.481,-5.02,2.481,205,15,-1,0,0,0
535.125,10.962,-5.02,2.481,200,20,-1,1,0,0
530.105,13.443,-5.02,2.481,195,25,-1,1,0,0
525.085,15.925,-5.02,2.481,190,30,-1,1,0,0
520.064,18.406,-5.02,2.481,185,35,-1,1,0,0
515.044,20.887,-5.02,2.481,180,40,-1,1,0,0
510.024,23.368,-5.02,2.481,175,45,-1,1,0,0
505.003,25.849,-5.02,2.481,170,50,-1,1,0,0
499.983,28.33,-5.02,2.481,165,55,-1,1,0,0
494.963,30.812,-5.02,2.481,160,60,-1,1,0,0
489.942,33.293,-5.02,2.481,155,65,-1,1,0,0
484.922,35.774,-5.02,2.481,150,70,-1,1,0,0
479.902,38.255,-5.02,2.481,145,75,-1,1,0,0
474.881,40.736,-5.02,2.481,140,80,-1,1,0,0
469.861,43.217,-5.02,2.481,135,85,-1,1,0,0
464.841,45.699,-5.02,2.481,130,90,-1,1,0,0
459.82,48.18,-5.02,2.481,125,95,-1,1,0,0
454.8,50.661,-5.02,2.481,120,100,-1,1,0,0
449.78,53.142,-5.02,2.481,115,105,-1,1,0,0
444.759,55.623,-5.02,2.481,110,110,-1,1,0,0
439.739,58.104,-5.02,2.481,105,115,-1,1,0,0
434.719,60.586,-5.02,2.481,100,120,-1,1,0,0
429.698,63.067,-5.02,2.481,95,125,-1,1,0,0
424.678,65.548,-5.02,2.481,90,130,-1,1,0,0
419.657,68.029,-5.02,2.481,85,135,-1,1,0,0
414.637,70.51,-5.02,2.481,80,140,-1,1,0,0
409.617,72.991,-5.02,2.481,75,145,-1,1,0,0
404.596,75.473,-5.02,2.481,75,150,0,1,0,0
399.576,77.954,-5.02,2.481,75,155,0,1,0,0
394.556,80.435,-5.02,2.481,75,160,0,1,0,0
389.535,82.916,-5.02,2.481,75,165,0,1,0,0
384.515,85.397,-5.02,2.481,75,170,0,1,0,0
379.495,87.878,-5.02,2.481,75,175,0,1,0,0
374.474,90.36,-5.02,2.481,75,180,0,1,0,0
369.454,92.841,-5.02,2.481,75,185,0,1,0,0
364.434,95.322,-5.02,2.481,80,190,1,1,0,0
359.413,97.803,-5.02,2.481,85,195,1,1,0,0
354.393,100.284,-5.02,2.481,90,200,1,1,0,0
349.373,102.765,-5.02,2.481,95,205,1,1,0,0
344.352,105.247,-5.02,2.481,100,210,1,1,0,0
339.332,107.728,-5.02,2.481,105,215,1,1,0,0
334.312,110.209,-5.02,2.481,110,220,1,1,0,0
329.291,112.69,-5.02,2.481,115,225,1,1,0,0
324.271,115.171,-5.02,2.481,120,230,1,1,0,0
319.251,117.652,-5.02,2.481,120,235,0,1,0,0
314.23,120.134,-5.02,2.481,120,240,0,1,0,0
309.21,122.615,-5.02,2.481,120,245,0,1,0,0
304.19,125.096,-5.02,2.481,120,250,0,1,0,0
299.169,127.577,-5.02,2.481,120,255,0,1,0,0
294.149,130.058,-5.02,2.481,120,260,0,1,0,0
289.129,132.539,-5.02,2.481,120,265,0,1,0,0
284.108,135.021,-5.02,2.481,120,270,0,1,0,0
279.088,137.502,-5.02,2.481,120,275,0,1,0,0
274.068,139.983,-5.02,2.481,120,275,0,0,0,0
269.047,142.464,-5.02,2.481,120,275,0,0,0,0
264.027,144.945,-5.02,2.481,120,275,0,0,0,0
259.007,147.426,-5.02,2.481,120,275,0,0,0,0
253.986,149.908,-5.02,2.481,120,275,0,0,0,0
248.966,152.389,-5.02,2.481,120,275,0,0,0,0
243.946,154.87,-5.02,2.481,120,275,0,0,0,0
238.925,157.351,-5.02,2.481,120,275,0,0,0,0
233.905,159.832,-5.02,2.481,125,275,1,0,0,0
228.885,162.313,-5.02,2.481,130,275,1,0,0,0
223.864,164.795,-5.02,2.481,135,275,1,0,0,0
218.844,167.276,-5.02,2.481,140,275,1,0,0,0
213.824,169.757,-5.02,2.481,145,275,1,0,0,0
208.803,172.238,-5.02,2.481,150,275,1,0,0,0
203.783,174.719,-5.02,2.481,155,275,1,0,0,0
198.762,177.2,-5.02,2.481,155,275,0,0,0,0
193.742,179.682,-5.02,2.481,155,275,0,0,0,0
188.722,182.163,-5.02,2.481,155,275,0,0,0,0
183.701,184.644,-5.02,2.481,155,275,0,0,0,0
178.681,187.125,-5.02,2.481,155,275,0,0,0,0
173.661,189.606,-5.02,2.481,155,280,0,1,0,0
168.64,192.087,-5.02,2.481,155,285,0,1,0,0
163.62,194.568,-5.02,2.481,160,290,1,1,0,0
158.6,197.05,-5.02,2.481,165,295,1,1,0,0
153.579,199.531,-5.02,2.481,170,300,1,1,0,0
148.559,202.012,-5.02,2.481,175,305,1,1,0,0
143.539,204.493,-5.02,2.481,180,310,1,1,0,0
138.518,206.974,-5.02,2.481,185,315,1,1,0,0
133.498,209.455,-5.02,2.481,190,315,1,0,0,0
128.478,211.937,-5.02,2.481,195,315,1,0,0,0
123.457,214.418,-5.02,2.481,200,315,1,0,0,0
118.437,216.899,-5.02,2.481,205,315,1,0,0,0
113.417,219.38,-5.02,2.481,205,315,0,0,0,0
108.396,221.861,-5.02,2.481,205,315,0,0,0,0
103.376,224.342,-5.02,2.481,205,315,0,0,0,0
98.356,226.824,-5.02,2.481,205,315,0,0,0,0
93.335,229.305,-5.02,2.481,205,315,0,0,0,0
88.315,231.786,-5.02,2.481,205,315,0,0,0,0
83.295,234.267,-5.02,2.481,210,315,1,0,0,0
78.274,236.748,-5.02,2.481,215,315,1,0,0,0
73.254,239.229,-5.02,2.481,220,315,1,0,0,0
68.234,241.711,-5.02,2.481,225,315,1,0,0,0
63.213,244.192,-5.02,2.481,230,315,1,0,0,0
58.193,246.673,-5.02,2.481,235,315,1,0,0,0
53.173,249.154,-5.02,2.481,235,315,0,0,0,0
48.152,251.635,-5.02,2.481,235,315,0,0,0,0
49.0,254.116,5.04,-3.067,235,315,0,0,0,0
54.04,251.049,5.04,-3.067,235,315,0,0,0,0
59.08,247.982,5.04,-3.067,235,315,0,0,0,0
64.12,244.914,5.04,-3.067,235,315,0,0,0,0
69.16,241.847,5.04,-3.067,235,315,0,0,0,0
74.2,238.779,5.04,-3.067,235,315,0,0,0,0
79.24,235.712,5.04,-3.067,235,315,0,0,0,0
84.28,232.645,5.04,-3.067,235,315,0,0,0,0
89.32,229.577,5.04,-3.067,235,315,0,0,0,0
94.36,226.51,5.04,-3.067,235,315,0,0,0,0
99.4,223.442,5.04,-3.067,235,315,0,0,0,0
104.439,220.375,5.04,-3.067,235,315,0,0,0,0
109.479,217.308,5.04,-3.067,235,315,0,0,0,0
114.519,214.24,5.04,-3.067,235,315,0,0,0,0
119.559,211.173,5.04,-3.067,235,315,0,0,0,0
124.599,208.106,5.04,-3.067,235,315,0,0,0,0
129.639,205.038,5.04,-3.067,230,315,-1,0,0,0
134.679,201.971,5.04,-3.067,225,315,-1,0,0,0
139.719,198.903,5.04,-3.067,220,315,-1,0,0,0
144.759,195.836,5.04,-3.067,215,315,-1,0,0,0
149.799,192.769,5.04,-3.067,210,315,-1,0,0,0
154.839,189.701,5.04,-3.067,205,315,-1,0,0,0
159.879,186.634,5.04,-3.067,200,315,-1,0,0,0
164.919,183.566,5.04,-3.067,195,315,-1,0,0,0
169.959,180.499,5.04,-3.067,190,315,-1,0,0,0
174.999,177.432,5.04,-3.067,185,315,-1,0,0,0
180.039,174.364,5.04,-3.067,180,315,-1,0,0,0
185.079,171.297,5.04,-3.067,175,315,-1,0,0,0
190.119,168.229,5.04,-3.067,170,315,-1,0,0,0
195.159,165.162,5.04,-3.067,165,315,-1,0,0,0
200.199,162.095,5.04,-3.067,160,315,-1,0,0,0
205.238,159.027,5.04,-3.067,155,315,-1,0,0,0
210.278,155.96,5.04,-3.067,150,315,-1,0,0,0
215.318,152.892,5.04,-3.067,145,315,-1,0,0,0
220.358,149.825,5.04,-3.067,140,315,-1,0,0,0
225.398,146.758,5.04,-3.067,135,315,-1,0,0,0
230.438,143.69,5.04,-3.067,130,315,-1,0,0,0
235.478,140.623,5.04,-3.067,125,315,-1,0,0,0
240.518,137.555,5.04,-3.067,120,315,-1,0,0,0
245.558,134.488,5.04,-3.067,115,315,-1,0,0,0
250.598,131.421,5.04,-3.067,110,315,-1,0,0,0
255.638,128.353,5.04,-3.067,105,315,-1,0,0,0
260.678,125.286,5.04,-3.067,100,315,-1,0,0,0
265.718,122.219,5.04,-3.067,95,315,-1,0,0,0
270.758,119.151,5.04,-3.067,90,315,-1,0,0,0
275.798,116.084,5.04,-3.067,85,315,-1,0,0,0
280.838,113.016,5.04,-3.067,80,315,-1,0,0,0
285.878,109.949,5.04,-3.067,75,315,-1,0,0,0
290.918,106.882,5.04,-3.067,75,315,0,0,0,0
295.958,103.814,5.04,-3.067,75,315,0,0,0,0
300.998,100.747,5.04,-3.067,75,315,0,0,0,0
306.037,97.679,5.04,-3.067,75,315,0,0,0,0
311.077,94.612,5.04,-3.067,75,315,0,0,0,0
316.117,91.545,5.04,-3.067,75,315,0,0,0,0
321.157,88.477,5.04,-3.067,75,315,0,0,0,0
326.197,85.41,5.04,-3.067,75,315,0,0,0,0
331.237,82.342,5.04,-3.067,75,315,0,0,0,0
336.277,79.275,5.04,-3.067,75,315,0,0,0,0
341.317,76.208,5.04,-3.067,75,315,0,0,0,0
346.357,73.14,5.04,-3.067,75,315,0,0,0,0
351.397,70.073,5.04,-3.067,75,315,0,0,0,0
356.437,67.005,5.04,-3.067,75,315,0,0,0,0
361.477,63.938,5.04,-3.067,75,315,0,0,0,0
366.517,60.871,5.04,-3.067,75,315,0,0,0,0
371.557,57.803,5.04,-3.067,75,315,0,0,0,0
376.597,54.736,5.04,-3.067,75,315,0,0,0,0
381.637,51.668,5.04,-3.067,75,315,0,0,0,0
386.677,48.601,5.04,-3.067,75,315,0,0,0,0
391.717,45.534,5.04,-3.067,75,315,0,0,0,0
396.757,42.466,5.04,-3.067,75,310,0,-1,0,0
401.797,39.399,5.04,-3.067,75,305,0,-1,0,0
406.836,36.332,5.04,-3.067,75,300,0,-1,0,0
411.876,33.264,5.04,-3.067,75,295,0,-1,0,0
416.916,30.197,5.04,-3.067,75,290,0,-1,0,0
421.956,27.129,5.04,-3.067,75,285,0,-1,0,0
426.996,24.062,5.04,-3.067,75,280,0,-1,0,0
432.036,20.995,5.04,-3.067,75,275,0,-1,0,0
437.076,17.927,5.04,-3.067,75,270,0,-1,0,0
442.116,14.86,5.04,-3.067,75,265,0,-1,0,0
447.156,11.792,5.04,-3.067,75,260,0,-1,0,0
452.196,8.725,5.04,-3.067,75,255,0,-1,0,0
457.236,6.0,5.04,3.067,75,250,0,-1,0,0
462.276,9.067,5.04,3.067,75,245,0,-1,0,0
467.316,12.135,5.04,3.067,75,240,0,-1,0,0
472.356,15.202,5.04,3.067,75,235,0,-1,0,0
477.396,18.27,5.04,3.067,75,230,0,-1,0,0
482.436,21.337,5.04,3.067,75,225,0,-1,0,0
487.476,24.404,5.04,3.067,75,220,0,-1,0,0
492.516,27.472,5.04,3.067,75,215,0,-1,0,0
497.556,30.539,5.04,3.067,75,210,0,-1,0,0
502.596,33.607,5.04,3.067,75,205,0,-1,0,0
507.635,36.674,5.04,3.067,75,200,0,-1,0,0
512.675,39.741,5.04,3.067,75,195,0,-1,0,0
517.715,42.809,5.04,3.067,75,190,0,-1,0,0
522.755,45.876,5.04,3.067,75,185,0,-1,0,0
527.795,48.944,5.04,3.067,75,180,0,-1,0,0
532.835,52.011,5.04,3.067,75,175,0,-1,0,0
537.875,55.078,5.04,3.067,75,170,0,-1,0,0
542.915,58.146,5.04,3.067,75,165,0,-1,0,0
547.955,61.213,5.04,3.067,75,160,0,-1,0,0
552.995,64.28,5.04,3.067,75,155,0,-1,0,0
558.035,67.348,5.04,3.067,75,150,0,-1,0,0
563.075,70.415,5.04,3.067,75,150,0,0,0,0
568.115,73.483,5.04,3.067,75,150,0,0,0,0
573.155,76.55,5.04,3.067,75,150,0,0,0,0
578.195,79.617,5.04,3.067,75,150,0,0,0,0
583.235,82.685,5.04,3.067,75,150,0,0,0,0
588.275,85.752,5.04,3.067,75,150,0,0,0,0
593.315,88.82,5.04,3.067,75,150,0,0,0,0
598.355,91.887,5.04,3.067,75,150,0,0,0,0
603.395,94.954,5.04,3.067,75,150,0,0,0,0
608.434,98.022,5.04,3.067,75,150,0,0,0,0
613.474,101.089,5.04,3.067,75,150,0,0,0,0
618.514,104.157,5.04,3.067,75,150,0,0,0,0
623.554,107.224,5.04,3.067,75,150,0,0,0,0
628.594,110.291,5.04,3.067,75,150,0,0,0,0
633.634,113.359,5.04,3.067,75,150,0,0,0,0
638.674,116.426,5.04,3.067,75,150,0,0,0,0
643.714,119.494,5.04,3.067,75,150,0,0,0,0
648.754,122.561,5.04,3.067,75,150,0,0,0,0
653.794,125.628,5.04,3.067,75,150,0,0,0,0
658.834,128.696,5.04,3.067,75,150,0,0,0,0
663.874,131.763,5.04,3.067,75,150,0,0,0,0
668.914,134.831,5.04,3.067,75,150,0,0,0,0
673.954,137.898,5.04,3.067,75,150,0,0,0,0
678.994,140.965,5.04,3.067,75,150,0,0,0,0
684.034,144.033,5.04,3.067,75,150,0,0,0,0
689.074,147.1,5.04,3.067,75,150,0,0,0,0
694.114,150.167,5.04,3.067,75,150,0,0,0,0
699.154,153.235,5.04,3.067,75,150,0,0,0,0
704.194,156.302,5.04,3.067,75,150,0,0,0,0
709.233,159.37,5.04,3.067,75,150,0,0,0,0
714.273,162.437,5.04,3.067,75,150,0,0,0,0
719.313,165.504,5.04,3.067,75,150,0,0,0,0
724.353,168.572,5.04,3.067,75,150,0,0,0,0
729.393,171.639,5.04,3.067,75,150,0,0,0,0
734.433,174.707,5.04,3.067,75,150,0,0,0,0
739.473,177.774,5.04,3.067,75,150,0,0,0,0
744.513,180.841,5.04,3.067,75,150,0,0,0,0
749.553,183.909,5.04,3.067,75,150,0,0,0,0
751.0,186.976,-6.181,-0.49,75,150,0,0,0,0
744.819,186.486,-6.181,-0.49,75,150,0,0,0,0
738.639,185.996,-6.181,-0.49,75,150,0,0,0,0
732.458,185.505,-6.181,-0.49,75,150,0,0,0,0
726.278,185.015,-6.181,-0.49,75,150,0,0,0,0
720.097,184.525,-6.181,-0.49,80,150,1,0,0,0
713.917,184.034,-6.181,-0.49,85,150,1,0,0,0
707.736,183.544,-6.181,-0.49,90,150,1,0,0,0
701.555,183.054,-6.181,-0.49,95,150,1,0,0,0
695.375,182.564,-6.181,-0.49,100,150,1,0,0,0
689.194,182.073,-6.181,-0.49,105,150,1,0,0,0
683.014,181.583,-6.181,-0.49,110,150,1,0,0,0
676.833,181.093,-6.181,-0.49,115,150,1,0,0,0
670.652,180.602,-6.181,-0.49,120,150,1,0,0,0
664.472,180.112,-6.181,-0.49,125,150,1,0,0,0
658.291,179.622,-6.181,-0.49,130,150,1,0,0,0
652.111,179.131,-6.181,-0.49,135,150,1,0,0,0
645.93,178.641,-6.181,-0.49,140,150,1,0,0,0
639.75,178.151,-6.181,-0.49,145,150,1,0,0,0
633.569,177.661,-6.181,-0.49,150,150,1,0,0,0
627.388,177.17,-6.181,-0.49,155,150,1,0,0,0
621.208,176.68,-6.181,-0.49,160,150,1,0,0,0
615.027,176.19,-6.181,-0.49,165,150,1,0,0,0
608.847,175.699,-6.181,-0.49,170,150,1,0,0,0
602.666,175.209,-6.181,-0.49,175,150,1,0,0,0
596.485,174.719,-6.181,-0.49,180,150,1,0,0,0
590.305,174.229,-6.181,-0.49,185,150,1,0,0,0
584.124,173.738,-6.181,-0.49,185,150,0,0,0,0
577.944,173.248,-6.181,-0.49,185,150,0,0,0,0
571.763,172.758,-6.181,-0.49,185,150,0,0,0,0
565.583,172.267,-6.181,-0.49,185,150,0,0,0,0
559.402,171.777,-6.181,-0.49,185,150,0,0,0,0
553.221,171.287,-6.181,-0.49,180,150,-1,0,0,0
547.041,170.796,-6.181,-0.49,175,150,-1,0,0,0
540.86,170.306,-6.181,-0.49,170,150,-1,0,0,0
534.68,169.816,-6.181,-0.49,165,150,-1,0,0,0
528.499,169.326,-6.181,-0.49,160,150,-1,0,0,0
522.318,168.835,-6.181,-0.49,155,150,-1,0,0,0
516.138,168.345,-6.181,-0.49,150,150,-1,0,0,0
509.957,167.855,-6.181,-0.49,145,150,-1,0,0,0
503.777,167.364,-6.181,-0.49,140,150,-1,0,0,0
497.596,166.874,-6.181,-0.49,135,150,-1,0,0,0
491.416,166.384,-6.181,-0.49,130,150,-1,0,0,0
485.235,165.893,-6.181,-0.49,130,150,0,0,0,0
479.054,165.403,-6.181,-0.49,130,150,0,0,0,0
472.874,164.913,-6.181,-0.49,130,150,0,0,0,0
466.693,164.423,-6.181,-0.49,130,150,0,0,0,0
460.513,163.932,-6.181,-0.49,130,150,0,0,0,0
454.332,163.442,-6.181,-0.49,130,150,0,0,0,0
448.151,162.952,-6.181,-0.49,130,150,0,0,0,0
441.971,162.461,-6.181,-0.49,130,150,0,0,0,0
435.79,161.971,-6.181,-0.49,130,150,0,0,0,0
429.61,161.481,-6.181,-0.49,130,150,0,0,0,0
423.429,160.991,-6.181,-0.49,130,150,0,0,0,0
417.249,160.5,-6.181,-0.49,130,150,0,0,0,0
411.068,160.01,-6.181,-0.49,130,150,0,0,0,0
404.887,159.52,-6.181,-0.49,130,150,0,0,0,0
398.707,159.029,-6.181,-0.49,130,150,0,0,0,0
392.526,158.539,-6.181,-0.49,130,150,0,0,0,0
386.346,158.049,-6.181,-0.49,130,150,0,0,0,0
380.165,157.558,-6.181,-0.49,130,150,0,0,0,0
373.984,157.068,-6.181,-0.49,130,150,0,0,0,0
367.804,156.578,-6.181,-0.49,130,150,0,0,0,0
361.623,156.088,-6.181,-0.49,130,150,0,0,0,0
355.443,155.597,-6.181,-0.49,130,150,0,0,0,0
349.262,155.107,-6.181,-0.49,130,150,0,0,0,0
343.082,154.617,-6.181,-0.49,130,150,0,0,0,0
336.901,154.126,-6.181,-0.49,125,150,-1,0,0,0
330.72,153.636,-6.181,-0.49,120,150,-1,0,0,0
324.54,153.146,-6.181,-0.49,115,150,-1,0,0,0
318.359,152.655,-6.181,-0.49,110,150,-1,0,0,0
312.179,152.165,-6.181,-0.49,105,150,-1,0,0,0
305.998,151.675,-6.181,-0.49,100,150,-1,0,0,0
299.817,151.185,-6.181,-0.49,95,150,-1,0,0,0
293.637,150.694,-6.181,-0.49,90,150,-1,0,0,0
287.456,150.204,-6.181,-0.49,90,150,0,0,0,0
281.276,149.714,-6.181,-0.49,90,150,0,0,0,0
275.095,149.223,-6.181,-0.49,90,150,0,0,0,0
268.915,148.733,-6.181,-0.49,90,150,0,0,0,0
262.734,148.243,-6.181,-0.49,90,150,0,0,0,0
256.553,147.753,-6.181,-0.49,90,150,0,0,0,0
250.373,147.262,-6.181,-0.49,90,150,0,0,0,0
244.192,146.772,-6.181,-0.49,90,150,0,0,0,0
238.012,146.282,-6.181,-0.49,90,150,0,0,0,0
231.831,145.791,-6.181,-0.49,90,150,0,0,0,0
225.65,145.301,-6.181,-0.49,90,150,0,0,0,0
219.47,144.811,-6.181,-0.49,90,150,0,0,0,0
213.289,144.32,-6.181,-0.49,90,150,0,0,0,0
207.109,143.83,-6.181,-0.49,90,150,0,0,0,0
200.928,143.34,-6.181,-0.49,90,150,0,0,0,0
194.748,142.85,-6.181,-0.49,90,150,0,0,0,0
188.567,142.359,-6.181,-0.49,90,150,0,0,0,0
182.386,141.869,-6.181,-0.49,90,150,0,0,0,0
176.206,141.379,-6.181,-0.49,90,150,0,0,0,0
170.025,140.888,-6.181,-0.49,90,150,0,0,0,0
163.845,140.398,-6.181,-0.49,90,150,0,0,0,0
157.664,139.908,-6.181,-0.49,90,150,0,0,0,0
151.483,139.417,-6.181,-0.49,90,150,0,0,0,0
145.303,138.927,-6.181,-0.49,90,150,0,0,0,0
139.122,138.437,-6.181,-0.49,90,150,0,0,0,0
132.942,137.947,-6.181,-0.49,90,150,0,0,0,0
126.761,137.456,-6.181,-0.49,90,150,0,0,0,0
120.581,136.966,-6.181,-0.49,90,150,0,0,0,0
114.4,136.476,-6.181,-0.49,90,150,0,0,0,0
108.219,135.985,-6.181,-0.49,90,150,0,0,0,0
102.039,135.495,-6.181,-0.49,90,150,0,0,0,0
95.858,135.005,-6.181,-0.49,90,150,0,0,0,0
89.678,134.515,-6.181,-0.49,90,150,0,0,0,0
83.497,134.024,-6.181,-0.49,90,150,0,0,0,0
77.316,133.534,-6.181,-0.49,90,150,0,0,0,0
71.136,133.044,-6.181,-0.49,95,150,1,0,0,0
64.955,132.553,-6.181,-0.49,100,150,1,0,0,0
58.775,132.063,-6.181,-0.49,105,150,1,0,0,0
52.594,131.573,-6.181,-0.49,110,150,1,0,0,0
49.0,131.082,5.267,-3.809,115,150,1,0,0,0
54.267,127.273,5.267,-3.809,115,150,0,0,0,0
59.534,123.464,5.267,-3.809,115,150,0,0,0,0
64.801,119.655,5.267,-3.809,115,150,0,0,0,0
70.067,115.845,5.267,-3.809,115,150,0,0,0,0
75.334,112.036,5.267,-3.809,115,150,0,0,0,0
80.601,108.227,5.267,-3.809,115,150,0,0,0,0
85.868,104.418,5.267,-3.809,115,150,0,0,0,0
91.135,100.609,5.267,-3.809,115,150,0,0,0,0
96.402,96.799,5.267,-3.809,115,150,0,0,0,0
101.668,92.99,5.267,-3.809,115,150,0,0,0,0
106.935,89.181,5.267,-3.809,110,150,-1,0,0,0
112.202,85.372,5.267,-3.809,105,150,-1,0,0,0
117.469,81.562,5.267,-3.809,100,150,-1,0,0,0
122.736,77.753,5.267,-3.809,95,150,-1,0,0,0
128.003,73.944,5.267,-3.809,90,150,-1,0,0,0
133.27,70.135,5.267,-3.809,85,150,-1,0,0,0
138.536,66.325,5.267,-3.809,80,150,-1,0,0,0
143.803,62.516,5.267,-3.809,75,150,-1,0,0,0
149.07,58.707,5.267,-3.809,70,150,-1,0,0,0
154.337,54.898,5.267,-3.809,65,150,-1,0,0,0
159.604,51.088,5.267,-3.809,60,150,-1,0,0,0
164.871,47.279,5.267,-3.809,55,150,-1,0,0,0
170.137,43.47,5.267,-3.809,50,150,-1,0,0,0
175.404,39.661,5.267,-3.809,45,150,-1,0,0,0
180.671,35.851,5.267,-3.809,40,150,-1,0,0,0
185.938,32.042,5.267,-3.809,40,150,0,0,0,0
191.205,28.233,5.267,-3.809,40,145,0,-1,0,0
196.472,24.424,5.267,-3.809,40,140,0,-1,0,0
201.739,20.614,5.267,-3.809,40,135,0,-1,0,0
207.005,16.805,5.267,-3.809,40,130,0,-1,0,0
212.272,12.996,5.267,-3.809,40,125,0,-1,0,0
217.539,9.187,5.267,-3.809,40,120,0,-1,0,0
222.806,6.0,5.267,3.809,40,115,0,-1,0,0
228.073,9.809,5.267,3.809,40,110,0,-1,0,0
233.34,13.618,5.267,3.809,40,105,0,-1,0,0
238.606,17.428,5.267,3.809,40,100,0,-1,0,0
243.873,21.237,5.267,3.809,40,95,0,-1,0,0
249.14,25.046,5.267,3.809,40,90,0,-1,0,0
254.407,28.855,5.267,3.809,40,85,0,-1,0,0
259.674,32.665,5.267,3.809,40,80,0,-1,0,0
264.941,36.474,5.267,3.809,40,75,0,-1,0,0
270.208,40.283,5.267,3.809,40,70,0,-1,0,0
275.474,44.092,5.267,3.809,40,65,0,-1,0,0
280.741,47.902,5.267,3.809,40,60,0,-1,0,0
286.008,51.711,5.267,3.809,40,55,0,-1,0,0
291.275,55.52,5.267,3.809,40,50,0,-1,0,0
296.542,59.329,5.267,3.809,40,45,0,-1,0,0
301.809,63.139,5.267,3.809,40,40,0,-1,0,0
307.075,66.948,5.267,3.809,40,35,0,-1,0,0
312.342,70.757,5.267,3.809,40,30,0,-1,0,0
317.609,74.566,5.267,3.809,40,25,0,-1,0,0
322.876,78.376,5.267,3.809,40,25,0,0,0,0
328.143,82.185,5.267,3.809,40,25,0,0,0,0
333.41,85.994,5.267,3.809,40,25,0,0,0,0
338.677,89.803,5.267,3.809,40,25,0,0,0,0
343.943,93.613,5.267,3.809,40,25,0,0,0,0
349.21,97.422,5.267,3.809,40,25,0,0,0,0
354.477,101.231,5.267,3.809,40,25,0,0,0,0
359.744,105.04,5.267,3.809,40,30,0,1,0,0
365.011,108.85,5.267,3.809,40,35,0,1,0,0
370.278,112.659,5.267,3.809,40,40,0,1,0,0
375.544,116.468,5.267,3.809,40,45,0,1,0,0
380.811,120.277,5.267,3.809,40,50,0,1,0,0
386.078,124.087,5.267,3.809,40,55,0,1,0,0
391.345,127.896,5.267,3.809,40,60,0,1,0,0
396.612,131.705,5.267,3.809,40,65,0,1,0,0
401.879,135.514,5.267,3.809,40,70,0,1,0,0
407.146,139.324,5.267,3.809,40,75,0,1,0,0
412.412,143.133,5.267,3.809,40,80,0,1,0,0
417.679,146.942,5.267,3.809,40,85,0,1,0,0
422.946,150.751,5.267,3.809,40,90,0,1,0,0
428.213,154.56,5.267,3.809,40,95,0,1,0,0
433.48,158.37,5.267,3.809,40,100,0,1,0,0
438.747,162.179,5.267,3.809,40,105,0,1,0,0
444.013,165.988,5.267,3.809,40,110,0,1,0,0
449.28,169.797,5.267,3.809,40,115,0,1,0,0
454.547,173.607,5.267,3.809,40,120,0,1,0,0
459.814,177.416,5.267,3.809,40,125,0,1,0,0
465.081,181.225,5.267,3.809,40,130,0,1,0,0
470.348,185.034,5.267,3.809,40,135,0,1,0,0
475.615,188.844,5.267,3.809,40,140,0,1,0,0
480.881,192.653,5.267,3.809,40,145,0,1,0,0
486.148,196.462,5.267,3.809,40,150,0,1,0,0
491.415,200.271,5.267,3.809,40,155,0,1,0,0
496.682,204.081,5.267,3.809,40,160,0,1,0,0
501.949,207.89,5.267,3.809,40,165,0,1,0,0
507.216,211.699,5.267,3.809,40,170,0,1,0,0
512.482,215.508,5.267,3.809,40,175,0,1,0,0
517.749,219.318,5.267,3.809,40,180,0,1,0,0
523.016,223.127,5.267,3.809,40,185,0,1,0,0
528.283,226.936,5.267,3.809,40,190,0,1,0,0
533.55,230.745,5.267,3.809,40,195,0,1,0,0
538.817,234.555,5.267,3.809,40,200,0,1,0,0
544.083,238.364,5.267,3.809,40,205,0,1,0,0
549.35,242.173,5.267,3.809,40,210,0,1,0,0
554.617,245.982,5.267,3.809,40,215,0,1,0,0
559.884,249.792,5.267,3.809,40,220,0,1,0,0
565.151,253.601,5.267,3.809,40,225,0,1,0,0
570.418,257.41,5.267,3.809,40,230,0,1,0,0
575.685,261.219,5.267,3.809,40,235,0,1,0,0
580.951,265.029,5.267,3.809,40,240,0,1,0,0
586.218,268.838,5.267,3.809,40,245,0,1,0,0
591.485,272.647,5.267,3.809,40,250,0,1,0,0
596.752,276.456,5.267,3.809,40,255,0,1,0,0
602.019,280.266,5.267,3.809,40,260,0,1,0,0
607.286,284.075,5.267,3.809,40,265,0,1,0,0
612.552,287.884,5.267,3.809,40,270,0,1,0,0
617.819,291.693,5.267,3.809,40,275,0,1,0,0
623.086,295.503,5.267,3.809,40,280,0,1,0,0
628.353,299.312,5.267,3.809,40,280,0,0,0,0
633.62,303.121,5.267,3.809,40,280,0,0,0,0
638.887,306.93,5.267,3.809,40,280,0,0,0,0
644.154,310.739,5.267,3.809,40,280,0,0,0,0
649.42,314.549,5.267,3.809,40,280,0,0,0,0
654.687,318.358,5.267,3.809,40,280,0,0,0,0
659.954,322.167,5.267,3.809,40,280,0,0,0,0
665.221,325.976,5.267,3.809,40,280,0,0,0,0
670.488,329.786,5.267,3.809,40,280,0,0,0,0
675.755,333.595,5.267,3.809,40,280,0,0,0,0
681.021,337.404,5.267,3.809,40,280,0,0,0,0
686.288,341.213,5.267,3.809,40,280,0,0,0,0
691.555,345.023,5.267,3.809,40,280,0,0,0,0
696.822,348.832,5.267,3.809,40,280,0,0,0,0
702.089,352.641,5.267,3.809,40,280,0,0,0,0
707.356,356.45,5.267,3.809,40,280,0,0,0,0
712.623,360.26,5.267,3.809,40,280,0,0,0,0
717.889,364.069,5.267,3.809,40,280,0,0,0,0
723.156,367.878,5.267,3.809,40,280,0,0,0,0
728.423,371.687,5.267,3.809,40,280,0,0,0,0
733.69,375.497,5.267,3.809,40,280,0,0,0,0
738.957,379.306,5.267,3.809,45,280,1,0,0,0
744.224,383.115,5.267,3.809,50,280,1,0,0,0
749.49,386.924,5.267,3.809,55,280,1,0,0,0
754.757,390.734,5.267,3.809,60,280,1,0,0,0
760.024,394.543,5.267,3.809,65,280,1,0,0,0
765.291,398.352,5.267,3.809,70,280,1,0,0,0
770.558,402.161,5.267,3.809,75,285,1,1,0,0
775.825,405.971,5.267,3.809,80,290,1,1,0,0
781.092,409.78,5.267,3.809,85,295,1,1,0,0
786.358,413.589,5.267,3.809,90,300,1,1,0,0
791.625,417.398,5.267,3.809,95,305,1,1,0,0
796.892,421.208,5.267,3.809,100,310,1,1,0,0
802.159,425.017,5.267,3.809,105,315,1,1,0,0
400.0,300.0,-4.847,-1.226,110,320,1,1,1,0
395.153,298.774,-4.847,-1.226,110,325,0,1,0,0
390.305,297.549,-4.847,-1.226,110,330,0,1,0,0
385.458,296.323,-4.847,-1.226,110,335,0,1,0,0
380.61,295.098,-4.847,-1.226,110,340,0,1,0,0
375.763,293.872,-4.847,-1.226,110,345,0,1,0,0
370.915,292.647,-4.847,-1.226,110,350,0,1,0,0
366.068,291.421,-4.847,-1.226,110,355,0,1,0,0
361.22,290.196,-4.847,-1.226,110,360,0,1,0,0
356.373,288.97,-4.847,-1.226,110,365,0,1,0,0
351.525,287.745,-4.847,-1.226,110,370,0,1,0,0
346.678,286.519,-4.847,-1.226,110,375,0,1,0,0
341.83,285.294,-4.847,-1.226,110,380,0,1,0,0
336.983,284.068,-4.847,-1.226,110,385,0,1,0,0
332.135,282.843,-4.847,-1.226,110,390,0,1,0,0
327.288,281.617,-4.847,-1.226,110,395,0,1,0,0
322.44,280.392,-4.847,-1.226,110,400,0,1,0,0
317.593,279.166,-4.847,-1.226,110,405,0,1,0,0
312.745,277.941,-4.847,-1.226,110,410,0,1,0,0
307.898,276.715,-4.847,-1.226,110,410,0,0,0,0
303.05,275.49,-4.847,-1.226,110,410,0,0,0,0
298.203,274.264,-4.847,-1.226,110,410,0,0,0,0
293.355,273.039,-4.847,-1.226,110,410,0,0,0,0
288.508,271.813,-4.847,-1.226,110,410,0,0,0,0
283.66,270.587,-4.847,-1.226,115,410,1,0,0,0
278.813,269.362,-4.847,-1.226,120,410,1,0,0,0
273.965,268.136,-4.847,-1.226,125,410,1,0,0,0
269.118,266.911,-4.847,-1.226,130,410,1,0,0,0
264.27,265.685,-4.847,-1.226,135,410,1,0,0,0
259.423,264.46,-4.847,-1.226,140,410,1,0,0,0
254.575,263.234,-4.847,-1.226,145,410,1,0,0,0
249.728,262.009,-4.847,-1.226,145,410,0,0,0,0
244.881,260.783,-4.847,-1.226,145,410,0,0,0,0
240.033,259.558,-4.847,-1.226,145,410,0,0,0,0
235.186,258.332,-4.847,-1.226,145,410,0,0,0,0
230.338,257.107,-4.847,-1.226,145,410,0,0,0,0
225.491,255.881,-4.847,-1.226,145,415,0,1,0,0
220.643,254.656,-4.847,-1.226,145,420,0,1,0,0
215.796,253.43,-4.847,-1.226,145,425,0,1,0,0
210.948,252.205,-4.847,-1.226,145,430,0,1,0,0
206.101,250.979,-4.847,-1.226,145,435,0,1,0,0
201.253,249.754,-4.847,-1.226,145,440,0,1,0,0
196.406,248.528,-4.847,-1.226,145,445,0,1,0,0
191.558,247.303,-4.847,-1.226,145,450,0,1,0,0
186.711,246.077,-4.847,-1.226,145,455,0,1,0,0
181.863,244.852,-4.847,-1.226,145,460,0,1,0,0
177.016,243.626,-4.847,-1.226,145,465,0,1,0,0
172.168,242.4,-4.847,-1.226,145,470,0,1,0,0
167.321,241.175,-4.847,-1.226,145,475,0,1,0,0
162.473,239.949,-4.847,-1.226,145,480,0,1,0,0
157.626,238.724,-4.847,-1.226,145,485,0,1,0,0
152.778,237.498,-4.847,-1.226,150,490,1,1,0,0
147.931,236.273,-4.847,-1.226,155,495,1,1,0,0
143.083,235.047,-4.847,-1.226,160,500,1,1,0,0
138.236,233.822,-4.847,-1.226,165,505,1,1,0,0
133.388,232.596,-4.847,-1.226,170,510,1,1,0,0
128.541,231.371,-4.847,-1.226,170,515,0,1,0,0
123.693,230.145,-4.847,-1.226,170,520,0,1,0,0
118.846,228.92,-4.847,-1.226,170,520,0,1,0,0
113.998,227.694,-4.847,-1.226,170,520,0,1,0,0
109.151,226.469,-4.847,-1.226,170,520,0,1,0,0
104.304,225.243,-4.847,-1.226,170,520,0,1,0,0
99.456,224.018,-4.847,-1.226,170,520,0,1,0,0
94.609,222.792,-4.847,-1.226,170,520,0,1,0,0
89.761,221.567,-4.847,-1.226,170,520,0,1,0,0
84.914,220.341,-4.847,-1.226,170,520,0,0,0,0
80.066,219.116,-4.847,-1.226,170,520,0,0,0,0
75.219,217.89,-4.847,-1.226,170,520,0,0,0,0
70.371,216.664,-4.847,-1.226,170,520,0,0,0,0
65.524,215.439,-4.847,-1.226,165,520,-1,0,0,0
60.676,214.213,-4.847,-1.226,160,520,-1,0,0,0
55.829,212.988,-4.847,-1.226,155,515,-1,-1,0,0
50.981,211.762,-4.847,-1.226,150,510,-1,-1,0,0
49.0,210.537,4.159,3.285,145,505,-1,-1,0,0
53.159,213.822,4.159,3.285,140,500,-1,-1,0,0
57.318,217.107,4.159,3.285,135,495,-1,-1,0,0
61.477,220.393,4.159,3.285,130,490,-1,-1,0,0
65.636,223.678,4.159,3.285,125,485,-1,-1,0,0
69.795,226.963,4.159,3.285,120,480,-1,-1,0,0
73.954,230.248,4.159,3.285,115,475,-1,-1,0,0
78.113,233.533,4.159,3.285,110,470,-1,-1,0,0
82.272,236.819,4.159,3.285,105,465,-1,-1,0,0
86.431,240.104,4.159,3.285,100,460,-1,-1,0,0
90.59,243.389,4.159,3.285,95,455,-1,-1,0,0
94.749,246.674,4.159,3.285,90,450,-1,-1,0,0
98.908,249.959,4.159,3.285,85,445,-1,-1,0,0
103.067,253.245,4.159,3.285,80,440,-1,-1,0,0
107.226,256.53,4.159,3.285,75,435,-1,-1,0,0
111.385,259.815,4.159,3.285,70,430,-1,-1,0,0
115.544,263.1,4.159,3.285,65,425,-1,-1,0,0
119.703,266.386,4.159,3.285,60,420,-1,-1,0,0
123.862,269.671,4.159,3.285,55,415,-1,-1,0,0
128.021,272.956,4.159,3.285,50,410,-1,-1,0,0
132.18,276.241,4.159,3.285,45,405,-1,-1,0,0
136.339,279.526,4.159,3.285,40,400,-1,-1,0,0
140.498,282.812,4.159,3.285,35,395,-1,-1,0,0
144.657,286.097,4.159,3.285,30,390,-1,-1,0,0
148.816,289.382,4.159,3.285,25,385,-1,-1,0,0
152.975,292.667,4.159,3.285,20,380,-1,-1,0,0
157.134,295.952,4.159,3.285,15,375,-1,-1,0,0
161.293,299.238,4.159,3.285,10,370,-1,-1,0,0
165.452,302.523,4.159,3.285,5,365,-1,-1,0,0
169.611,305.808,4.159,3.285,0,360,-1,-1,0,0
173.77,309.093,4.159,3.285,0,355,-1,-1,0,0
177.929,312.379,4.159,3.285,0,350,-1,-1,0,0
182.088,315.664,4.159,3.285,0,345,-1,-1,0,0
186.247,318.949,4.159,3.285,0,340,-1,-1,0,0
190.406,322.234,4.159,3.285,0,335,-1,-1,0,0
194.565,325.519,4.159,3.285,0,330,-1,-1,0,0
198.724,328.805,4.159,3.285,0,325,-1,-1,0,0
202.883,332.09,4.159,3.285,0,320,-1,-1,0,0
207.042,335.375,4.159,3.285,0,315,-1,-1,0,0
211.201,338.66,4.159,3.285,0,310,-1,-1,0,0
215.36,341.945,4.159,3.285,0,305,-1,-1,0,0
219.519,345.231,4.159,3.285,0,300,-1,-1,0,0
223.678,348.516,4.159,3.285,0,295,0,-1,0,0
227.837,351.801,4.159,3.285,0,290,0,-1,0,0
231.996,355.086,4.159,3.285,0,285,0,-1,0,0
236.155,358.372,4.159,3.285,0,280,0,-1,0,0
240.314,361.657,4.159,3.285,0,275,0,-1,0,0
244.473,364.942,4.159,3.285,0,270,0,-1,0,0
248.632,368.227,4.159,3.285,0,265,0,-1,0,0
252.791,371.512,4.159,3.285,0,260,0,-1,0,0
256.95,374.798,4.159,3.285,0,255,0,-1,0,0
261.109,378.083,4.159,3.285,0,250,0,-1,0,0
265.269,381.368,4.159,3.285,0,245,0,-1,0,0
269.428,384.653,4.159,3.285,0,240,0,-1,0,0
273.587,387.938,4.159,3.285,0,235,0,-1,0,0
277.746,391.224,4.159,3.285,0,230,0,-1,0,0
281.905,394.509,4.159,3.285,0,230,0,0,0,0
286.064,397.794,4.159,3.285,0,230,0,0,0,0
290.223,401.079,4.159,3.285,0,230,0,0,0,0
294.382,404.365,4.159,3.285,0,230,0,0,0,0
298.541,407.65,4.159,3.285,0,230,0,0,0,0
302.7,410.935,4.159,3.285,0,230,0,0,0,0
306.859,414.22,4.159,3.285,0,230,0,0,0,0
311.018,417.505,4.159,3.285,0,230,0,0,0,0
315.177,420.791,4.159,3.285,5,230,1,0,0,0
319.336,424.076,4.159,3.285,10,230,1,0,0,0
323.495,427.361,4.159,3.285,15,230,1,0,0,0
327.654,430.646,4.159,3.285,20,235,1,1,0,0
331.813,433.931,4.159,3.285,25,240,1,1,0,0
335.972,437.217,4.159,3.285,30,245,1,1,0,0
340.131,440.502,4.159,3.285,35,250,1,1,0,0
344.29,443.787,4.159,3.285,40,255,1,1,0,0
348.449,447.072,4.159,3.285,45,260,1,1,0,0
352.608,450.358,4.159,3.285,50,265,1,1,0,0
356.767,453.643,4.159,3.285,55,270,1,1,0,0
360.926,456.928,4.159,3.285,60,275,1,1,0,0
365.085,460.213,4.159,3.285,65,280,1,1,0,0
369.244,463.498,4.159,3.285,70,285,1,1,0,0
373.403,466.784,4.159,3.285,75,290,1,1,0,0
377.562,470.069,4.159,3.285,80,295,1,1,0,0
381.721,473.354,4.159,3.285,85,300,1,1,0,0
385.88,476.639,4.159,3.285,90,305,1,1,0,0
390.039,479.925,4.159,3.285,95,310,1,1,0,0
394.198,483.21,4.159,3.285,100,315,1,1,0,0
398.357,486.495,4.159,3.285,105,320,1,1,0,0
402.516,489.78,4.159,3.285,110,325,1,1,0,0
406.675,493.065,4.159,3.285,115,330,1,1,0,0
410.834,496.351,4.159,3.285,120,335,1,1,0,0
414.993,499.636,4.159,3.285,125,340,1,1,0,0
419.152,502.921,4.159,3.285,130,345,1,1,0,0
423.311,506.206,4.159,3.285,135,350,1,1,0,0
427.47,509.491,4.159,3.285,140,355,1,1,0,0
431.629,512.777,4.159,3.285,145,360,1,1,0,0
435.788,516.062,4.159,3.285,150,365,1,1,0,0
439.947,519.347,4.159,3.285,155,370,1,1,0,0
444.106,522.632,4.159,3.285,160,375,1,1,0,0
448.265,525.918,4.159,3.285,165,380,1,1,0,0
452.424,529.203,4.159,3.285,170,385,1,1,0,0
456.583,532.488,4.159,3.285,175,390,1,1,0,0
460.742,535.773,4.159,3.285,180,395,1,1,0,0
464.901,539.058,4.159,3.285,185,400,1,1,0,0
469.06,542.344,4.159,3.285,190,405,1,1,0,0
473.219,545.629,4.159,3.285,195,410,1,1,0,0
477.378,548.914,4.159,3.285,200,415,1,1,0,0
481.537,552.199,4.159,3.285,205,420,1,1,0,0
485.696,555.484,4.159,3.285,210,425,1,1,0,0
489.855,558.77,4.159,3.285,215,430,1,1,0,0
494.014,562.055,4.159,3.285,220,435,1,1,0,0
498.173,565.34,4.159,3.285,225,440,1,1,0,0
502.332,568.625,4.159,3.285,225,445,0,1,0,0
506.491,571.911,4.159,3.285,225,450,0,1,0,0
510.65,575.196,4.159,3.285,225,455,0,1,0,0
514.809,578.481,4.159,3.285,225,460,0,1,0,0
518.968,581.766,4.159,3.285,225,465,0,1,0,0
523.127,585.051,4.159,3.285,225,470,0,1,0,0
527.286,588.337,4.159,3.285,225,475,0,1,0,0
531.445,591.622,4.159,3.285,225,480,0,1,0,0
535.604,594.0,4.159,-3.285,225,485,0,1,0,0
539.763,590.715,4.159,-3.285,225,490,0,1,0,0
543.922,587.43,4.159,-3.285,225,495,0,1,0,0
548.081,584.144,4.159,-3.285,225,500,0,1,0,0
552.24,580.859,4.159,-3.285,225,500,0,0,0,0
556.399,577.574,4.159,-3.285,225,500,0,0,0,0
560.558,574.289,4.159,-3.285,225,495,0,-1,0,0
564.717,571.003,4.159,-3.285,225,490,0,-1,0,0
568.876,567.718,4.159,-3.285,225,485,0,-1,0,0
573.035,564.433,4.159,-3.285,225,480,0,-1,0,0
577.194,561.148,4.159,-3.285,225,475,0,-1,0,0
581.353,557.863,4.159,-3.285,225,470,0,-1,0,0
585.512,554.577,4.159,-3.285,225,465,0,-1,0,0
589.671,551.292,4.159,-3.285,225,460,0,-1,0,0
593.83,548.007,4.159,-3.285,225,455,0,-1,0,0
597.989,544.722,4.159,-3.285,220,450,-1,-1,0,0
602.148,541.437,4.159,-3.285,215,445,-1,-1,0,0
606.307,538.151,4.159,-3.285,210,440,-1,-1,0,0
610.466,534.866,4.159,-3.285,205,435,-1,-1,0,0
614.625,531.581,4.159,-3.285,200,430,-1,-1,0,0
618.784,528.296,4.159,-3.285,195,425,-1,-1,0,0
622.943,525.01,4.159,-3.285,190,420,-1,-1,0,0
627.102,521.725,4.159,-3.285,185,415,-1,-1,0,0
631.261,518.44,4.159,-3.285,180,410,-1,-1,0,0
635.42,515.155,4.159,-3.285,175,405,-1,-1,0,0
639.579,511.87,4.159,-3.285,170,400,-1,-1,0,0
643.738,508.584,4.159,-3.285,165,395,-1,-1,0,0
647.897,505.299,4.159,-3.285,160,390,-1,-1,0,0
652.056,502.014,4.159,-3.285,155,385,-1,-1,0,0
656.215,498.729,4.159,-3.285,150,380,-1,-1,0,0
660.374,495.444,4.159,-3.285,145,375,-1,-1,0,0
664.533,492.158,4.159,-3.285,140,370,-1,-1,0,0
668.692,488.873,4.159,-3.285,135,365,-1,-1,0,0
672.851,485.588,4.159,-3.285,135,360,0,-1,0,0
677.01,482.303,4.159,-3.285,135,355,0,-1,0,0
681.169,479.017,4.159,-3.285,135,350,0,-1,0,0
685.328,475.732,4.159,-3.285,135,350,0,0,0,0
689.488,472.447,4.159,-3.285,135,350,0,0,0,0
693.647,469.162,4.159,-3.285,135,350,0,0,0,0
697.806,465.877,4.159,-3.285,135,350,0,0,0,0
701.965,462.591,4.159,-3.285,135,350,0,0,0,0
706.124,459.306,4.159,-3.285,135,350,0,0,0,0
710.283,456.021,4.159,-3.285,135,350,0,0,0,0
714.442,452.736,4.159,-3.285,135,350,0,0,0,0
718.601,449.451,4.159,-3.285,135,355,0,1,0,0
722.76,446.165,4.159,-3.285,135,360,0,1,0,0
726.919,442.88,4.159,-3.285,135,365,0,1,0,0
731.078,439.595,4.159,-3.285,135,370,0,1,0,0
735.237,436.31,4.159,-3.285,135,375,0,1,0,0
739.396,433.024,4.159,-3.285,135,380,0,1,0,0
743.555,429.739,4.159,-3.285,135,385,0,1,0,0
747.714,426.454,4.159,-3.285,135,390,0,1,0,0
751.873,423.169,4.159,-3.285,140,395,1,1,0,0
751.0,419.884,-4.841,-2.815,145,400,1,1,0,0
746.159,417.069,-4.841,-2.815,150,405,1,1,0,0
741.318,414.254,-4.841,-2.815,155,410,1,1,0,0
736.476,411.439,-4.841,-2.815,160,415,1,1,0,0
731.635,408.625,-4.841,-2.815,165,420,1,1,0,0
726.794,405.81,-4.841,-2.815,170,425,1,1,0,0
721.953,402.995,-4.841,-2.815,175,430,1,1,0,0
717.112,400.18,-4.841,-2.815,180,435,1,1,0,0
712.27,397.365,-4.841,-2.815,185,440,1,1,0,0
707.429,394.551,-4.841,-2.815,190,445,1,1,0,0
702.588,391.736,-4.841,-2.815,195,450,1,1,0,0
697.747,388.921,-4.841,-2.815,195,450,0,0,0,0
692.906,386.106,-4.841,-2.815,195,450,0,0,0,0
688.065,383.292,-4.841,-2.815,195,445,0,-1,0,0
683.223,380.477,-4.841,-2.815,195,440,0,-1,0,0
678.382,377.662,-4.841,-2.815,195,435,0,-1,0,0
673.541,374.847,-4.841,-2.815,195,430,0,-1,0,0
668.7,372.033,-4.841,-2.815,195,425,0,-1,0,0
663.859,369.218,-4.841,-2.815,195,420,0,-1,0,0
659.017,366.403,-4.841,-2.815,195,415,0,-1,0,0
654.176,363.588,-4.841,-2.815,195,410,0,-1,0,0
649.335,360.774,-4.841,-2.815,195,405,0,-1,0,0
644.494,357.959,-4.841,-2.815,190,400,-1,-1,0,0
639.653,355.144,-4.841,-2.815,185,395,-1,-1,0,0
634.811,352.329,-4.841,-2.815,180,390,-1,-1,0,0
629.97,349.514,-4.841,-2.815,175,385,-1,-1,0,0
625.129,346.7,-4.841,-2.815,170,380,-1,-1,0,0
620.288,343.885,-4.841,-2.815,165,375,-1,-1,0,0
615.447,341.07,-4.841,-2.815,160,370,-1,-1,0,0
610.606,338.255,-4.841,-2.815,155,365,-1,-1,0,0
605.764,335.441,-4.841,-2.815,150,360,-1,-1,0,0
600.923,332.626,-4.841,-2.815,145,355,-1,-1,0,0
596.082,329.811,-4.841,-2.815,140,350,-1,-1,0,0
591.241,326.996,-4.841,-2.815,135,345,-1,-1,0,0
586.4,324.182,-4.841,-2.815,130,340,-1,-1,0,0
581.558,321.367,-4.841,-2.815,125,335,-1,-1,0,0
576.717,318.552,-4.841,-2.815,120,330,-1,-1,0,0
571.876,315.737,-4.841,-2.815,115,325,-1,-1,0,0
567.035,312.923,-4.841,-2.815,110,320,-1,-1,0,0
562.194,310.108,-4.841,-2.815,110,315,0,-1,0,0
557.352,307.293,-4.841,-2.815,110,310,0,-1,0,0
552.511,304.478,-4.841,-2.815,110,305,0,-1,0,0
547.67,301.663,-4.841,-2.815,110,305,0,0,0,0
542.829,298.849,-4.841,-2.815,110,305,0,0,0,0
537.988,296.034,-4.841,-2.815,110,305,0,0,0,0
533.147,293.219,-4.841,-2.815,110,305,0,0,0,0
528.305,290.404,-4.841,-2.815,110,305,0,0,0,0
523.464,287.59,-4.841,-2.815,110,305,0,0,0,0
518.623,284.775,-4.841,-2.815,110,305,0,0,0,0
513.782,281.96,-4.841,-2.815,110,305,0,0,0,0
508.941,279.145,-4.841,-2.815,110,305,0,0,0,0
504.099,276.331,-4.841,-2.815,110,300,0,-1,0,0
499.258,273.516,-4.841,-2.815,110,295,0,-1,0,0
494.417,270.701,-4.841,-2.815,110,290,0,-1,0,0
489.576,267.886,-4.841,-2.815,110,285,0,-1,0,0
484.735,265.072,-4.841,-2.815,110,280,0,-1,0,0
479.893,262.257,-4.841,-2.815,110,275,0,-1,0,0
475.052,259.442,-4.841,-2.815,110,270,0,-1,0,0
470.211,256.627,-4.841,-2.815,110,265,0,-1,0,0
465.37,253.812,-4.841,-2.815,110,260,0,-1,0,0
460.529,250.998,-4.841,-2.815,110,255,0,-1,0,0
455.688,248.183,-4.841,-2.815,110,250,0,-1,0,0
450.846,245.368,-4.841,-2.815,110,245,0,-1,0,0
446.005,242.553,-4.841,-2.815,110,240,0,-1,0,0
441.164,239.739,-4.841,-2.815,110,235,0,-1,0,0
436.323,236.924,-4.841,-2.815,110,230,0,-1,0,0
431.482,234.109,-4.841,-2.815,110,225,0,-1,0,0
426.64,231.294,-4.841,-2.815,110,220,0,-1,0,0
421.799,228.48,-4.841,-2.815,110,215,0,-1,0,0
416.958,225.665,-4.841,-2.815,110,210,0,-1,0,0
412.117,222.85,-4.841,-2.815,110,205,0,-1,0,0
407.276,220.035,-4.841,-2.815,110,200,0,-1,0,0
402.434,217.221,-4.841,-2.815,105,195,-1,-1,0,0
397.593,214.406,-4.841,-2.815,100,190,-1,-1,0,0
392.752,211.591,-4.841,-2.815,95,190,-1,0,0,0
387.911,208.776,-4.841,-2.815,90,190,-1,0,0,0
383.07,205.961,-4.841,-2.815,85,190,-1,0,0,0
378.229,203.147,-4.841,-2.815,80,190,-1,0,0,0
373.387,200.332,-4.841,-2.815,75,190,-1,0,0,0
368.546,197.517,-4.841,-2.815,70,190,-1,0,0,0
363.705,194.702,-4.841,-2.815,70,190,0,0,0,0
358.864,191.888,-4.841,-2.815,70,190,0,0,0,0
354.023,189.073,-4.841,-2.815,70,190,0,0,0,0
349.181,186.258,-4.841,-2.815,70,190,0,0,0,0
344.34,183.443,-4.841,-2.815,70,190,0,0,0,0
339.499,180.629,-4.841,-2.815,70,190,0,0,0,0
334.658,177.814,-4.841,-2.815,70,190,0,0,0,0
329.817,174.999,-4.841,-2.815,70,190,0,0,0,0
324.975,172.184,-4.841,-2.815,70,190,0,0,0,0
320.134,169.37,-4.841,-2.815,70,190,0,0,0,0
315.293,166.555,-4.841,-2.815,70,190,0,0,0,0
310.452,163.74,-4.841,-2.815,70,190,0,0,0,0
305.611,160.925,-4.841,-2.815,70,190,0,0,0,0
300.77,158.11,-4.841,-2.815,70,190,0,0,0,0
295.928,155.296,-4.841,-2.815,70,190,0,0,0,0
291.087,152.481,-4.841,-2.815,70,190,0,0,0,0
286.246,149.666,-4.841,-2.815,70,190,0,0,0,0
281.405,146.851,-4.841,-2.815,70,190,0,0,0,0
276.564,144.037,-4.841,-2.815,70,190,0,0,0,0
271.722,141.222,-4.841,-2.815,70,195,0,1,0,0
266.881,138.407,-4.841,-2.815,70,200,0,1,0,0
262.04,135.592,-4.841,-2.815,65,205,-1,1,0,0
257.199,132.778,-4.841,-2.815,60,210,-1,1,0,0
252.358,129.963,-4.841,-2.815,55,215,-1,1,0,0
247.516,127.148,-4.841,-2.815,50,220,-1,1,0,0
242.675,124.333,-4.841,-2.815,45,225,-1,1,0,0
237.834,121.518,-4.841,-2.815,40,230,-1,1,0,0
232.993,118.704,-4.841,-2.815,35,235,-1,1,0,0
228.152,115.889,-4.841,-2.815,30,240,-1,1,0,0
223.311,113.074,-4.841,-2.815,25,245,-1,1,0,0
218.469,110.259,-4.841,-2.815,20,250,-1,1,0,0
213.628,107.445,-4.841,-2.815,15,250,-1,0,0,0
208.787,104.63,-4.841,-2.815,10,250,-1,0,0,0
203.946,101.815,-4.841,-2.815,10,250,0,0,0,0
199.105,99.0,-4.841,-2.815,10,250,0,0,0,0
194.263,96.186,-4.841,-2.815,10,250,0,0,0,0
189.422,93.371,-4.841,-2.815,10,250,0,0,0,0
184.581,90.556,-4.841,-2.815,10,250,0,0,0,0
179.74,87.741,-4.841,-2.815,10,250,0,0,0,0
174.899,84.927,-4.841,-2.815,10,250,0,0,0,0
170.057,82.112,-4.841,-2.815,10,250,0,0,0,0
165.216,79.297,-4.841,-2.815,10,250,0,0,0,0
160.375,76.482,-4.841,-2.815,10,250,0,0,0,0
155.534,73.667,-4.841,-2.815,10,250,0,0,0,0
150.693,70.853,-4.841,-2.815,10,250,0,0,0,0
145.852,68.038,-4.841,-2.815,10,250,0,0,0,0
141.01,65.223,-4.841,-2.815,10,250,0,0,0,0
136.169,62.408,-4.841,-2.815,10,250,0,0,0,0
131.328,59.594,-4.841,-2.815,10,250,0,0,0,0
126.487,56.779,-4.841,-2.815,10,250,0,0,0,0
121.646,53.964,-4.841,-2.815,10,250,0,0,0,0
116.804,51.149,-4.841,-2.815,10,250,0,0,0,0
111.963,48.335,-4.841,-2.815,10,250,0,0,0,0
107.122,45.52,-4.841,-2.815,10,250,0,0,0,0
102.281,42.705,-4.841,-2.815,10,250,0,0,0,0
97.44,39.89,-4.841,-2.815,10,250,0,0,0,0
92.598,37.076,-4.841,-2.815,10,250,0,0,0,0
87.757,34.261,-4.841,-2.815,10,250,0,0,0,0
82.916,31.446,-4.841,-2.815,10,250,0,0,0,0
78.075,28.631,-4.841,-2.815,10,250,0,0,0,0
73.234,25.816,-4.841,-2.815,10,250,0,0,0,0
68.393,23.002,-4.841,-2.815,10,250,0,0,0,0
63.551,20.187,-4.841,-2.815,10,250,0,0,0,0
58.71,17.372,-4.841,-2.815,5,250,-1,0,0,0
53.869,14.557,-4.841,-2.815,0,250,-1,0,0,0
49.028,11.743,-4.841,-2.815,0,250,-1,0,0,0
49.0,8.928,4.053,-4.287,0,250,-1,0,0,0
53.053,6.0,4.053,4.287,0,245,-1,-1,0,0
57.106,10.287,4.053,4.287,0,240,-1,-1,0,0
61.16,14.575,4.053,4.287,0,235,-1,-1,0,0
65.213,18.862,4.053,4.287,5,230,1,-1,0,0
69.266,23.149,4.053,4.287,10,225,1,-1,0,0
73.319,27.437,4.053,4.287,15,220,1,-1,0,0
77.372,31.724,4.053,4.287,20,215,1,-1,0,0
81.426,36.012,4.053,4.287,25,215,1,0,0,0
85.479,40.299,4.053,4.287,30,215,1,0,0,0
89.532,44.586,4.053,4.287,35,215,1,0,0,0
93.585,48.874,4.053,4.287,40,215,1,0,0,0
97.638,53.161,4.053,4.287,45,215,1,0,0,0
101.692,57.448,4.053,4.287,50,215,1,0,0,0
105.745,61.736,4.053,4.287,55,215,1,0,0,0
109.798,66.023,4.053,4.287,60,215,1,0,0,0
113.851,70.311,4.053,4.287,65,215,1,0,0,0
117.904,74.598,4.053,4.287,70,215,1,0,0,0
121.958,78.885,4.053,4.287,75,215,1,0,0,0
126.011,83.173,4.053,4.287,80,215,1,0,0,0
130.064,87.46,4.053,4.287,85,215,1,0,0,0
134.117,91.747,4.053,4.287,90,215,1,0,0,0
138.171,96.035,4.053,4.287,95,215,1,0,0,0
142.224,100.322,4.053,4.287,100,220,1,1,0,0
146.277,104.609,4.053,4.287,105,225,1,1,0,0
150.33,108.897,4.053,4.287,110,230,1,1,0,0
154.383,113.184,4.053,4.287,115,235,1,1,0,0
158.437,117.472,4.053,4.287,120,240,1,1,0,0
162.49,121.759,4.053,4.287,125,245,1,1,0,0
166.543,126.046,4.053,4.287,130,250,1,1,0,0
170.596,130.334,4.053,4.287,135,255,1,1,0,0
174.649,134.621,4.053,4.287,140,260,1,1,0,0
178.703,138.908,4.053,4.287,145,265,1,1,0,0
182.756,143.196,4.053,4.287,150,270,1,1,0,0
186.809,147.483,4.053,4.287,155,275,1,1,0,0
190.862,151.771,4.053,4.287,160,280,1,1,0,0
194.915,156.058,4.053,4.287,165,285,1,1,0,0
198.969,160.345,4.053,4.287,170,290,1,1,0,0
203.022,164.633,4.053,4.287,175,295,1,1,0,0
207.075,168.92,4.053,4.287,180,300,1,1,0,0
211.128,173.207,4.053,4.287,185,305,1,1,0,0
215.181,177.495,4.053,4.287,190,310,1,1,0,0
219.235,181.782,4.053,4.287,195,315,1,1,0,0
223.288,186.069,4.053,4.287,200,320,1,1,0,0
227.341,190.357,4.053,4.287,205,325,1,1,0,0
231.394,194.644,4.053,4.287,210,330,1,1,0,0
235.447,198.932,4.053,4.287,215,335,1,1,0,0
239.501,203.219,4.053,4.287,220,340,1,1,0,0
243.554,207.506,4.053,4.287,225,345,1,1,0,0
247.607,211.794,4.053,4.287,230,350,1,1,0,0
251.66,216.081,4.053,4.287,235,355,1,1,0,0
255.713,220.368,4.053,4.287,240,360,1,1,0,0
259.767,224.656,4.053,4.287,245,365,1,1,0,0
263.82,228.943,4.053,4.287,250,370,1,1,0,0
267.873,233.231,4.053,4.287,255,375,1,1,0,0
271.926,237.518,4.053,4.287,260,380,1,1,0,0
275.979,241.805,4.053,4.287,265,385,1,1,0,0
280.033,246.093,4.053,4.287,270,390,1,1,0,0
284.086,250.38,4.053,4.287,275,395,1,1,0,0
288.139,254.667,4.053,4.287,280,400,1,1,0,0
292.192,258.955,4.053,4.287,285,405,1,1,0,0
296.245,263.242,4.053,4.287,290,410,1,1,0,0
300.299,267.53,4.053,4.287,295,415,1,1,0,0
304.352,271.817,4.053,4.287,300,415,1,0,0,0
308.405,276.104,4.053,4.287,305,415,1,0,0,0
312.458,280.392,4.053,4.287,310,415,1,0,0,0
316.512,284.679,4.053,4.287,315,415,1,0,0,0
320.565,288.966,4.053,4.287,320,415,1,0,0,0
324.618,293.254,4.053,4.287,325,415,1,0,0,0
328.671,297.541,4.053,4.287,330,415,1,0,0,0
332.724,301.828,4.053,4.287,335,415,1,0,0,0
336.778,306.116,4.053,4.287,340,415,1,0,0,0
340.831,310.403,4.053,4.287,345,415,1,0,0,0
344.884,314.691,4.053,4.287,350,415,1,0,0,0
348.937,318.978,4.053,4.287,355,415,1,0,0,0
352.99,323.265,4.053,4.287,360,415,1,0,0,0
357.044,327.553,4.053,4.287,365,415,1,0,0,0
361.097,331.84,4.053,4.287,370,415,1,0,0,0
365.15,336.127,4.053,4.287,375,415,1,0,0,0
369.203,340.415,4.053,4.287,380,415,1,0,0,0
373.256,344.702,4.053,4.287,385,415,1,0,0,0
377.31,348.99,4.053,4.287,390,415,1,0,0,0
381.363,353.277,4.053,4.287,395,415,1,0,0,0
385.416,357.564,4.053,4.287,400,415,1,0,0,0
389.469,361.852,4.053,4.287,400,415,0,0,0,0
393.522,366.139,4.053,4.287,400,415,0,0,0,0
397.576,370.426,4.053,4.287,400,415,0,0,0,0
401.629,374.714,4.053,4.287,400,415,0,0,0,0
405.682,379.001,4.053,4.287,400,415,0,0,0,0
409.735,383.288,4.053,4.287,400,415,0,0,0,0
413.788,387.576,4.053,4.287,400,415,0,0,0,0
417.842,391.863,4.053,4.287,400,415,0,0,0,0
421.895,396.151,4.053,4.287,400,415,0,0,0,0
425.948,400.438,4.053,4.287,400,415,0,0,0,0
430.001,404.725,4.053,4.287,400,415,0,0,0,0
434.054,409.013,4.053,4.287,400,415,0,0,0,0
438.108,413.3,4.053,4.287,400,415,0,0,0,0
442.161,417.587,4.053,4.287,400,415,0,0,0,0
446.214,421.875,4.053,4.287,400,415,0,0,0,0
450.267,426.162,4.053,4.287,400,415,0,0,0,0
454.32,430.45,4.053,4.287,400,420,0,1,0,0
458.374,434.737,4.053,4.287,400,425,0,1,0,0
462.427,439.024,4.053,4.287,400,430,0,1,0,0
466.48,443.312,4.053,4.287,400,435,0,1,0,0
470.533,447.599,4.053,4.287,400,440,0,1,0,0
474.586,451.886,4.053,4.287,400,445,0,1,0,0
478.64,456.174,4.053,4.287,400,450,0,1,0,0
482.693,460.461,4.053,4.287,400,455,0,1,0,0
486.746,464.748,4.053,4.287,400,460,0,1,0,0
490.799,469.036,4.053,4.287,400,465,0,1,0,0
494.853,473.323,4.053,4.287,400,470,0,1,0,0
498.906,477.611,4.053,4.287,400,475,0,1,0,0
502.959,481.898,4.053,4.287,400,480,0,1,0,0
507.012,486.185,4.053,4.287,400,485,0,1,0,0
511.065,490.473,4.053,4.287,400,490,0,1,0,0
515.119,494.76,4.053,4.287,400,495,0,1,0,0
519.172,499.047,4.053,4.287,400,500,0,1,0,0
523.225,503.335,4.053,4.287,400,505,0,1,0,0
527.278,507.622,4.053,4.287,400,510,0,1,0,0
531.331,511.91,4.053,4.287,400,515,0,1,0,0
535.385,516.197,4.053,4.287,400,520,0,1,0,0
539.438,520.484,4.053,4.287,400,520,0,1,0,0
543.491,524.772,4.053,4.287,400,520,0,0,0,0
547.544,529.059,4.053,4.287,400,520,0,0,0,0
551.597,533.346,4.053,4.287,400,520,0,0,0,0
555.651,537.634,4.053,4.287,400,520,0,0,0,0
559.704,541.921,4.053,4.287,400,520,0,0,0,0
563.757,546.208,4.053,4.287,400,520,0,0,0,0
567.81,550.496,4.053,4.287,400,520,0,0,0,0
571.863,554.783,4.053,4.287,400,520,0,0,0,0
575.917,559.071,4.053,4.287,400,520,0,0,0,0
579.97,563.358,4.053,4.287,400,520,0,0,0,0
584.023,567.645,4.053,4.287,400,515,0,-1,0,0
588.076,571.933,4.053,4.287,400,510,0,-1,0,0
592.129,576.22,4.053,4.287,400,505,0,-1,0,0
596.183,580.507,4.053,4.287,400,500,0,-1,0,0
600.236,584.795,4.053,4.287,400,495,0,-1,0,0
604.289,589.082,4.053,4.287,400,490,0,-1,0,0
608.342,593.37,4.053,4.287,400,485,0,-1,0,0
612.395,594.0,4.053,-4.287,400,480,0,-1,0,0
616.449,589.713,4.053,-4.287,400,475,0,-1,0,0
620.502,585.425,4.053,-4.287,400,470,0,-1,0,0
624.555,581.138,4.053,-4.287,400,465,0,-1,0,0
628.608,576.851,4.053,-4.287,400,460,0,-1,0,0
632.661,572.563,4.053,-4.287,400,460,0,0,0,0
636.715,568.276,4.053,-4.287,400,460,0,0,0,0
640.768,563.988,4.053,-4.287,400,460,0,0,0,0
644.821,559.701,4.053,-4.287,400,460,0,0,0,0
648.874,555.414,4.053,-4.287,400,460,0,0,0,0
652.927,551.126,4.053,-4.287,400,460,0,0,0,0
656.981,546.839,4.053,-4.287,400,460,0,0,0,0
661.034,542.552,4.053,-4.287,400,460,0,0,0,0
665.087,538.264,4.053,-4.287,400,460,0,0,0,0
669.14,533.977,4.053,-4.287,400,460,0,0,0,0
673.194,529.689,4.053,-4.287,400,460,0,0,0,0
677.247,525.402,4.053,-4.287,400,460,0,0,0,0
681.3,521.115,4.053,-4.287,400,460,0,0,0,0
685.353,516.827,4.053,-4.287,400,460,0,0,0,0
689.406,512.54,4.053,-4.287,400,460,0,0,0,0
693.46,508.253,4.053,-4.287,400,460,0,0,0,0
697.513,503.965,4.053,-4.287,400,460,0,0,0,0
701.566,499.678,4.053,-4.287,400,460,0,0,0,0
705.619,495.391,4.053,-4.287,400,460,0,0,0,0
709.672,491.103,4.053,-4.287,400,460,0,0,0,0
713.726,486.816,4.053,-4.287,400,460,0,0,0,0
717.779,482.528,4.053,-4.287,400,460,0,0,0,0
721.832,478.241,4.053,-4.287,400,460,0,0,0,0
725.885,473.954,4.053,-4.287,400,460,0,0,0,0
729.938,469.666,4.053,-4.287,400,460,0,0,0,0
733.992,465.379,4.053,-4.287,400,460,0,0,0,0
738.045,461.092,4.053,-4.287,400,455,0,-1,0,0
742.098,456.804,4.053,-4.287,400,450,0,-1,0,0
746.151,452.517,4.053,-4.287,400,445,0,-1,0,0
750.204,448.229,4.053,-4.287,400,440,0,-1,0,0
751.0,443.942,-4.261,-4.504,400,435,0,-1,0,0
746.739,439.438,-4.261,-4.504,400,430,0,-1,0,0
742.478,434.935,-4.261,-4.504,400,425,0,-1,0,0
738.217,430.431,-4.261,-4.504,400,420,0,-1,0,0
733.956,425.927,-4.261,-4.504,400,415,0,-1,0,0
729.695,421.423,-4.261,-4.504,400,410,0,-1,0,0
725.434,416.919,-4.261,-4.504,400,405,0,-1,0,0
721.173,412.416,-4.261,-4.504,400,400,0,-1,0,0
716.912,407.912,-4.261,-4.504,400,395,0,-1,0,0
712.651,403.408,-4.261,-4.504,400,390,0,-1,0,0
708.39,398.904,-4.261,-4.504,400,385,0,-1,0,0
704.129,394.4,-4.261,-4.504,400,380,0,-1,0,0
699.868,389.897,-4.261,-4.504,400,375,0,-1,0,0
695.607,385.393,-4.261,-4.504,400,370,0,-1,0,0
691.346,380.889,-4.261,-4.504,400,365,0,-1,0,0
687.085,376.385,-4.261,-4.504,400,360,0,-1,0,0
682.824,371.881,-4.261,-4.504,400,355,0,-1,0,0
678.563,367.378,-4.261,-4.504,400,350,0,-1,0,0
674.302,362.874,-4.261,-4.504,395,345,-1,-1,0,0
670.041,358.37,-4.261,-4.504,390,340,-1,-1,0,0
665.781,353.866,-4.261,-4.504,385,335,-1,-1,0,0
661.52,349.363,-4.261,-4.504,380,330,-1,-1,0,0
657.259,344.859,-4.261,-4.504,375,325,-1,-1,0,0
652.998,340.355,-4.261,-4.504,370,320,-1,-1,0,0
648.737,335.851,-4.261,-4.504,365,315,-1,-1,0,0
644.476,331.347,-4.261,-4.504,360,310,-1,-1,0,0
640.215,326.844,-4.261,-4.504,355,305,-1,-1,0,0
635.954,322.34,-4.261,-4.504,350,300,-1,-1,0,0
631.693,317.836,-4.261,-4.504,345,295,-1,-1,0,0
627.432,313.332,-4.261,-4.504,340,290,-1,-1,0,0
623.171,308.828,-4.261,-4.504,335,285,-1,-1,0,0
618.91,304.325,-4.261,-4.504,330,280,-1,-1,0,0
614.649,299.821,-4.261,-4.504,325,275,-1,-1,0,0
610.388,295.317,-4.261,-4.504,320,270,-1,-1,0,0
606.127,290.813,-4.261,-4.504,315,265,-1,-1,0,0
601.866,286.31,-4.261,-4.504,310,260,-1,-1,0,0
597.605,281.806,-4.261,-4.504,305,255,-1,-1,0,0
593.344,277.302,-4.261,-4.504,300,250,-1,-1,0,0
589.083,272.798,-4.261,-4.504,295,245,-1,-1,0,0
584.822,268.294,-4.261,-4.504,290,240,-1,-1,0,0
580.561,263.791,-4.261,-4.504,285,240,-1,0,0,0
576.3,259.287,-4.261,-4.504,280,240,-1,0,0,0
572.039,254.783,-4.261,-4.504,275,240,-1,0,0,0
567.778,250.279,-4.261,-4.504,270,240,-1,0,0,0
563.517,245.775,-4.261,-4.504,265,240,-1,0,0,0
559.256,241.272,-4.261,-4.504,260,240,-1,0,0,0
554.995,236.768,-4.261,-4.504,255,240,-1,0,0,0
550.734,232.264,-4.261,-4.504,250,240,-1,0,0,0
546.473,227.76,-4.261,-4.504,245,240,-1,0,0,0
542.212,223.257,-4.261,-4.504,240,240,-1,0,0,0
537.951,218.753,-4.261,-4.504,235,240,-1,0,0,0
533.69,214.249,-4.261,-4.504,230,240,-1,0,0,0
529.429,209.745,-4.261,-4.504,225,240,-1,0,0,0
525.168,205.241,-4.261,-4.504,220,240,-1,0,0,0
520.907,200.738,-4.261,-4.504,215,240,-1,0,0,0
516.646,196.234,-4.261,-4.504,210,240,-1,0,0,0
512.385,191.73,-4.261,-4.504,205,240,-1,0,0,0
508.124,187.226,-4.261,-4.504,200,240,-1,0,0,0
503.863,182.722,-4.261,-4.504,195,240,-1,0,0,0
499.602,178.219,-4.261,-4.504,190,235,-1,-1,0,0
495.342,173.715,-4.261,-4.504,185,230,-1,-1,0,0
491.081,169.211,-4.261,-4.504,180,225,-1,-1,0,0
486.82,164.707,-4.261,-4.504,175,220,-1,-1,0,0
482.559,160.204,-4.261,-4.504,170,215,-1,-1,0,0
478.298,155.7,-4.261,-4.504,165,210,-1,-1,0,0
474.037,151.196,-4.261,-4.504,160,205,-1,-1,0,0
469.776,146.692,-4.261,-4.504,155,200,-1,-1,0,0
465.515,142.188,-4.261,-4.504,150,195,-1,-1,0,0
461.254,137.685,-4.261,-4.504,145,190,-1,-1,0,0
456.993,133.181,-4.261,-4.504,140,185,-1,-1,0,0
452.732,128.677,-4.261,-4.504,135,180,-1,-1,0,0
448.471,124.173,-4.261,-4.504,130,175,-1,-1,0,0
444.21,119.669,-4.261,-4.504,125,170,-1,-1,0,0
439.949,115.166,-4.261,-4.504,120,170,-1,0,0,0
435.688,110.662,-4.261,-4.504,115,170,-1,0,0,0
431.427,106.158,-4.261,-4.504,110,170,-1,0,0,0
427.166,101.654,-4.261,-4.504,105,170,-1,0,0,0
422.905,97.151,-4.261,-4.504,100,170,-1,0,0,0
418.644,92.647,-4.261,-4.504,95,170,-1,0,0,0
414.383,88.143,-4.261,-4.504,95,170,0,0,0,0
410.122,83.639,-4.261,-4.504,95,170,0,0,0,0
405.861,79.135,-4.261,-4.504,95,170,0,0,0,0
401.6,74.632,-4.261,-4.504,95,170,0,0,0,0
397.339,70.128,-4.261,-4.504,95,170,0,0,0,0
393.078,65.624,-4.261,-4.504,95,170,0,0,0,0
388.817,61.12,-4.261,-4.504,95,170,0,0,0,0
384.556,56.616,-4.261,-4.504,95,170,0,0,0,0
380.295,52.113,-4.261,-4.504,95,170,0,0,0,0
376.034,47.609,-4.261,-4.504,95,170,0,0,0,0
371.773,43.105,-4.261,-4.504,95,170,0,0,0,0
367.512,38.601,-4.261,-4.504,95,170,0,0,0,0
363.251,34.097,-4.261,-4.504,95,170,0,0,0,0
358.99,29.594,-4.261,-4.504,95,170,0,0,0,0
354.729,25.09,-4.261,-4.504,95,170,0,0,0,0
350.468,20.586,-4.261,-4.504,95,170,0,0,0,0
346.207,16.082,-4.261,-4.504,95,170,0,0,0,0
341.946,11.579,-4.261,-4.504,95,170,0,0,0,0
337.685,7.075,-4.261,-4.504,95,170,0,0,0,0
333.424,6.0,-4.261,4.504,95,170,0,0,0,0
329.164,10.504,-4.261,4.504,95,170,0,0,0,0
324.903,15.008,-4.261,4.504,95,170,0,0,0,0
320.642,19.511,-4.261,4.504,95,170,0,0,0,0
316.381,24.015,-4.261,4.504,95,170,0,0,0,0
312.12,28.519,-4.261,4.504,95,170,0,0,0,0
307.859,33.023,-4.261,4.504,95,170,0,0,0,0
303.598,37.527,-4.261,4.504,100,170,1,0,0,0
299.337,42.03,-4.261,4.504,105,170,1,0,0,0
295.076,46.534,-4.261,4.504,110,170,1,0,0,0
290.815,51.038,-4.261,4.504,115,170,1,0,0,0
286.554,55.542,-4.261,4.504,120,170,1,0,0,0
282.293,60.045,-4.261,4.504,125,170,1,0,0,0
278.032,64.549,-4.261,4.504,130,170,1,0,0,0
273.771,69.053,-4.261,4.504,135,170,1,0,0,0
269.51,73.557,-4.261,4.504,140,170,1,0,0,0
265.249,78.061,-4.261,4.504,145,170,1,0,0,0
260.988,82.564,-4.261,4.504,150,170,1,0,0,0
256.727,87.068,-4.261,4.504,155,170,1,0,0,0
252.466,91.572,-4.261,4.504,160,170,1,0,0,0
248.205,96.076,-4.261,4.504,165,170,1,0,0,0
243.944,100.58,-4.261,4.504,170,165,1,-1,0,0
239.683,105.083,-4.261,4.504,175,160,1,-1,0,0
235.422,109.587,-4.261,4.504,180,160,1,0,0,0
231.161,114.091,-4.261,4.504,185,160,1,0,0,0
226.9,118.595,-4.261,4.504,185,160,0,0,0,0
222.639,123.098,-4.261,4.504,185,160,0,0,0,0
218.378,127.602,-4.261,4.504,185,160,0,0,0,0
214.117,132.106,-4.261,4.504,185,160,0,0,0,0
209.856,136.61,-4.261,4.504,185,160,0,0,0,0
205.595,141.114,-4.261,4.504,185,160,0,0,0,0
201.334,145.617,-4.261,4.504,185,160,0,0,0,0
197.073,150.121,-4.261,4.504,185,160,0,0,0,0
192.812,154.625,-4.261,4.504,185,160,0,0,0,0
188.551,159.129,-4.261,4.504,185,160,0,0,0,0
184.29,163.633,-4.261,4.504,185,160,0,0,0,0
180.029,168.136,-4.261,4.504,190,160,1,0,0,0
175.768,172.64,-4.261,4.504,195,160,1,0,0,0
171.507,177.144,-4.261,4.504,200,160,1,0,0,0
167.246,181.648,-4.261,4.504,205,160,1,0,0,0
162.985,186.151,-4.261,4.504,210,160,1,0,0,0
158.725,190.655,-4.261,4.504,215,160,1,0,0,0
154.464,195.159,-4.261,4.504,220,160,1,0,0,0
150.203,199.663,-4.261,4.504,225,160,1,0,0,0
145.942,204.167,-4.261,4.504,230,160,1,0,0,0
141.681,208.67,-4.261,4.504,230,160,0,0,0,0
137.42,213.174,-4.261,4.504,230,160,0,0,0,0
133.159,217.678,-4.261,4.504,230,160,0,0,0,0
128.898,222.182,-4.261,4.504,230,160,0,0,0,0
124.637,226.686,-4.261,4.504,230,160,0,0,0,0
120.376,231.189,-4.261,4.504,230,160,0,0,0,0
116.115,235.693,-4.261,4.504,230,160,0,0,0,0
111.854,240.197,-4.261,4.504,230,160,0,0,0,0
107.593,244.701,-4.261,4.504,230,160,0,0,0,0
103.332,249.204,-4.261,4.504,230,160,0,0,0,0
99.071,253.708,-4.261,4.504,230,160,0,0,0,0
94.81,258.212,-4.261,4.504,230,160,0,0,0,0
90.549,262.716,-4.261,4.504,235,160,1,0,0,0
86.288,267.22,-4.261,4.504,240,160,1,0,0,0
82.027,271.723,-4.261,4.504,245,160,1,0,0,0
77.766,276.227,-4.261,4.504,250,160,1,0,0,0
73.505,280.731,-4.261,4.504,255,160,1,0,0,0
69.244,285.235,-4.261,4.504,260,160,1,0,0,0
64.983,289.739,-4.261,4.504,265,160,1,0,0,0
60.722,294.242,-4.261,4.504,270,160,1,0,0,0
56.461,298.746,-4.261,4.504,275,160,1,0,0,0
52.2,303.25,-4.261,4.504,280,160,1,0,0,0
49.0,307.754,5.849,-2.836,285,160,1,0,0,0
54.849,304.918,5.849,-2.836,290,160,1,0,0,0
60.697,302.082,5.849,-2.836,295,160,1,0,0,0
66.546,299.245,5.849,-2.836,300,160,1,0,0,0
72.395,296.409,5.849,-2.836,305,160,1,0,0,0
78.243,293.573,5.849,-2.836,310,160,1,0,0,0
84.092,290.737,5.849,-2.836,315,160,1,0,0,0
89.94,287.901,5.849,-2.836,320,160,1,0,0,0
95.789,285.065,5.849,-2.836,325,160,1,0,0,0
101.638,282.229,5.849,-2.836,330,160,1,0,0,0
107.486,279.393,5.849,-2.836,330,160,0,0,0,0
113.335,276.557,5.849,-2.836,330,160,0,0,0,0
119.184,273.721,5.849,-2.836,330,160,0,0,0,0
125.032,270.885,5.849,-2.836,330,160,0,0,0,0
130.881,268.048,5.849,-2.836,330,160,0,0,0,0
136.73,265.212,5.849,-2.836,330,160,0,0,0,0
142.578,262.376,5.849,-2.836,330,160,0,0,0,0
148.427,259.54,5.849,-2.836,330,160,0,0,0,0
154.276,256.704,5.849,-2.836,330,160,0,0,0,0
160.124,253.868,5.849,-2.836,330,160,0,0,0,0
165.973,251.032,5.849,-2.836,330,160,0,0,0,0
171.821,248.196,5.849,-2.836,330,160,0,0,0,0
177.67,245.36,5.849,-2.836,330,160,0,0,0,0
183.519,242.524,5.849,-2.836,330,160,0,0,0,0
189.367,239.687,5.849,-2.836,330,160,0,0,0,0
195.216,236.851,5.849,-2.836,325,160,-1,0,0,0
201.065,234.015,5.849,-2.836,320,160,-1,0,0,0
206.913,231.179,5.849,-2.836,315,160,-1,0,0,0
212.762,228.343,5.849,-2.836,310,160,-1,0,0,0
218.611,225.507,5.849,-2.836,305,160,-1,0,0,0
224.459,222.671,5.849,-2.836,300,160,-1,0,0,0
230.308,219.835,5.849,-2.836,295,160,-1,0,0,0
236.156,216.999,5.849,-2.836,290,160,-1,0,0,0
242.005,214.163,5.849,-2.836,285,160,-1,0,0,0
247.854,211.327,5.849,-2.836,280,160,-1,0,0,0
253.702,208.49,5.849,-2.836,275,160,-1,0,0,0
259.551,205.654,5.849,-2.836,270,160,-1,0,0,0
265.4,202.818,5.849,-2.836,265,160,-1,0,0,0
271.248,199.982,5.849,-2.836,260,160,-1,0,0,0
277.097,197.146,5.849,-2.836,255,160,-1,0,0,0
282.946,194.31,5.849,-2.836,250,160,-1,0,0,0
288.794,191.474,5.849,-2.836,245,160,-1,0,0,0
294.643,188.638,5.849,-2.836,240,160,-1,0,0,0
300.491,185.802,5.849,-2.836,235,160,-1,0,0,0
306.34,182.966,5.849,-2.836,230,160,-1,0,0,0
312.189,180.13,5.849,-2.836,225,155,-1,-1,0,0
318.037,177.293,5.849,-2.836,220,150,-1,-1,0,0
323.886,174.457,5.849,-2.836,215,145,-1,-1,0,0
329.735,171.621,5.849,-2.836,210,140,-1,-1,0,0
335.583,168.785,5.849,-2.836,205,135,-1,-1,0,0
341.432,165.949,5.849,-2.836,200,130,-1,-1,0,0
347.281,163.113,5.849,-2.836,195,125,-1,-1,0,0
353.129,160.277,5.849,-2.836,190,120,-1,-1,0,0
358.978,157.441,5.849,-2.836,185,115,-1,-1,0,0
364.827,154.605,5.849,-2.836,180,110,-1,-1,0,0
370.675,151.769,5.849,-2.836,175,105,-1,-1,0,0
376.524,148.933,5.849,-2.836,170,100,-1,-1,0,0
382.372,146.096,5.849,-2.836,165,95,-1,-1,0,0
388.221,143.26,5.849,-2.836,160,90,-1,-1,0,0
394.07,140.424,5.849,-2.836,160,85,0,-1,0,0
399.918,137.588,5.849,-2.836,160,80,0,-1,0,0
405.767,134.752,5.849,-2.836,160,75,0,-1,0,0
411.616,131.916,5.849,-2.836,160,70,0,-1,0,0
417.464,129.08,5.849,-2.836,160,65,0,-1,0,0
423.313,126.244,5.849,-2.836,160,60,0,-1,0,0
429.162,123.408,5.849,-2.836,160,55,0,-1,0,0
435.01,120.572,5.849,-2.836,160,50,0,-1,0,0
440.859,117.736,5.849,-2.836,160,45,0,-1,0,0
446.707,114.899,5.849,-2.836,160,40,0,-1,0,0
452.556,112.063,5.849,-2.836,160,35,0,-1,0,0
458.405,109.227,5.849,-2.836,160,30,0,-1,0,0
464.253,106.391,5.849,-2.836,160,25,0,-1,0,0
470.102,103.555,5.849,-2.836,160,20,0,-1,0,0
475.951,100.719,5.849,-2.836,160,15,0,-1,0,0
481.799,97.883,5.849,-2.836,160,10,0,-1,0,0
487.648,95.047,5.849,-2.836,160,5,0,-1,0,0
493.497,92.211,5.849,-2.836,160,5,0,0,0,0
499.345,89.375,5.849,-2.836,160,5,0,0,0,0
505.194,86.539,5.849,-2.836,160,5,0,0,0,0
511.043,83.702,5.849,-2.836,160,5,0,0,0,0
516.891,80.866,5.849,-2.836,160,5,0,0,0,0
522.74,78.03,5.849,-2.836,160,5,0,0,0,0
528.588,75.194,5.849,-2.836,160,5,0,0,0,0
534.437,72.358,5.849,-2.836,160,5,0,0,0,0
540.286,69.522,5.849,-2.836,160,5,0,0,0,0
546.134,66.686,5.849,-2.836,160,5,0,0,0,0
551.983,63.85,5.849,-2.836,160,5,0,0,0,0
557.832,61.014,5.849,-2.836,160,5,0,0,0,0
563.68,58.178,5.849,-2.836,160,5,0,0,0,0
569.529,55.342,5.849,-2.836,160,5,0,0,0,0
575.378,52.505,5.849,-2.836,160,5,0,0,0,0
581.226,49.669,5.849,-2.836,160,5,0,0,0,0
587.075,46.833,5.849,-2.836,160,5,0,0,0,0
592.923,43.997,5.849,-2.836,160,5,0,0,0,0
598.772,41.161,5.849,-2.836,160,5,0,0,0,0
604.621,38.325,5.849,-2.836,160,5,0,0,0,0
610.469,35.489,5.849,-2.836,160,5,0,0,0,0
616.318,32.653,5.849,-2.836,160,5,0,0,0,0
622.167,29.817,5.849,-2.836,160,5,0,0,0,0
628.015,26.981,5.849,-2.836,160,5,0,0,0,0
633.864,24.144,5.849,-2.836,160,5,0,0,0,0
639.713,21.308,5.849,-2.836,160,5,0,0,0,0
645.561,18.472,5.849,-2.836,160,5,0,0,0,0
651.41,15.636,5.849,-2.836,160,5,0,0,0,0
657.258,12.8,5.849,-2.836,160,5,0,0,0,0
663.107,9.964,5.849,-2.836,160,5,0,0,0,0
668.956,7.128,5.849,-2.836,160,5,0,0,0,0
674.804,6.0,5.849,2.836,160,0,0,-1,0,0
680.653,8.836,5.849,2.836,160,0,0,-1,0,0
686.502,11.672,5.849,2.836,160,0,0,-1,0,0
692.35,14.508,5.849,2.836,160,0,0,-1,0,0
698.199,17.344,5.849,2.836,160,0,0,-1,0,0
704.048,20.18,5.849,2.836,160,0,0,-1,0,0
709.896,23.017,5.849,2.836,160,0,0,-1,0,0
715.745,25.853,5.849,2.836,160,0,0,-1,0,0
721.594,28.689,5.849,2.836,160,0,0,-1,0,0
727.442,31.525,5.849,2.836,160,0,0,-1,0,0
733.291,34.361,5.849,2.836,160,0,0,-1,0,0
739.139,37.197,5.849,2.836,160,0,0,-1,0,0
744.988,40.033,5.849,2.836,160,0,0,-1,0,0
750.837,42.869,5.849,2.836,160,0,0,-1,0,0
751.0,45.705,-6.724,1.012,160,0,0,-1,0,0
744.276,46.717,-6.724,1.012,160,0,0,-1,0,0
737.551,47.729,-6.724,1.012,160,0,0,-1,0,0
730.827,48.741,-6.724,1.012,160,0,0,-1,0,0
724.103,49.753,-6.724,1.012,160,0,0,-1,0,0
717.379,50.765,-6.724,1.012,160,0,0,-1,0,0
710.654,51.777,-6.724,1.012,160,0,0,-1,0,0
703.93,52.789,-6.724,1.012,160,0,0,-1,0,0
697.206,53.801,-6.724,1.012,160,0,0,0,0,0
690.481,54.812,-6.724,1.012,160,0,0,0,0,0
683.757,55.824,-6.724,1.012,165,0,1,0,0,0
677.033,56.836,-6.724,1.012,170,0,1,0,0,0
670.309,57.848,-6.724,1.012,175,0,1,0,0,0
663.584,58.86,-6.724,1.012,180,0,1,0,0,0
656.86,59.872,-6.724,1.012,185,0,1,0,0,0
650.136,60.884,-6.724,1.012,190,0,1,0,0,0
643.411,61.896,-6.724,1.012,195,0,1,0,0,0
636.687,62.908,-6.724,1.012,200,0,1,0,0,0
629.963,63.92,-6.724,1.012,205,0,1,0,0,0
623.239,64.931,-6.724,1.012,210,0,1,0,0,0
616.514,65.943,-6.724,1.012,215,5,1,1,0,0
609.79,66.955,-6.724,1.012,220,10,1,1,0,0
603.066,67.967,-6.724,1.012,225,15,1,1,0,0
596.341,68.979,-6.724,1.012,225,20,0,1,0,0
589.617,69.991,-6.724,1.012,225,25,0,1,0,0
582.893,71.003,-6.724,1.012,225,30,0,1,0,0
576.169,72.015,-6.724,1.012,220,35,-1,1,0,0
569.444,73.027,-6.724,1.012,215,40,-1,1,0,0
562.72,74.039,-6.724,1.012,210,45,-1,1,0,0
555.996,75.05,-6.724,1.012,205,50,-1,1,0,0
549.271,76.062,-6.724,1.012,200,55,-1,1,0,0
542.547,77.074,-6.724,1.012,195,60,-1,1,0,0
535.823,78.086,-6.724,1.012,190,65,-1,1,0,0
529.098,79.098,-6.724,1.012,185,70,-1,1,0,0
522.374,80.11,-6.724,1.012,180,75,-1,1,0,0
515.65,81.122,-6.724,1.012,175,80,-1,1,0,0
508.926,82.134,-6.724,1.012,170,85,-1,1,0,0
502.201,83.146,-6.724,1.012,165,90,-1,1,0,0
495.477,84.158,-6.724,1.012,160,95,-1,1,0,0
488.753,85.17,-6.724,1.012,155,100,-1,1,0,0
482.028,86.181,-6.724,1.012,150,105,-1,1,0,0
475.304,87.193,-6.724,1.012,145,110,-1,1,0,0
468.58,88.205,-6.724,1.012,140,115,-1,1,0,0
461.856,89.217,-6.724,1.012,135,120,-1,1,0,0
455.131,90.229,-6.724,1.012,130,125,-1,1,0,0
448.407,91.241,-6.724,1.012,125,130,-1,1,0,0
441.683,92.253,-6.724,1.012,120,135,-1,1,0,0
434.958,93.265,-6.724,1.012,115,140,-1,1,0,0
428.234,94.277,-6.724,1.012,110,145,-1,1,0,0
421.51,95.289,-6.724,1.012,105,150,-1,1,0,0
414.786,96.3,-6.724,1.012,100,155,-1,1,0,0
408.061,97.312,-6.724,1.012,95,160,-1,1,0,0
401.337,98.324,-6.724,1.012,90,165,-1,1,0,0
394.613,99.336,-6.724,1.012,85,170,-1,1,0,0
387.888,100.348,-6.724,1.012,80,175,-1,1,0,0
381.164,101.36,-6.724,1.012,75,180,-1,1,0,0
374.44,102.372,-6.724,1.012,75,185,0,1,0,0
367.716,103.384,-6.724,1.012,75,190,0,1,0,0
360.991,104.396,-6.724,1.012,75,195,0,1,0,0
354.267,105.408,-6.724,1.012,75,200,0,1,0,0
347.543,106.42,-6.724,1.012,75,205,0,1,0,0
340.818,107.431,-6.724,1.012,75,210,0,1,0,0
334.094,108.443,-6.724,1.012,75,215,0,1,0,0
327.37,109.455,-6.724,1.012,75,220,0,1,0,0
320.646,110.467,-6.724,1.012,75,225,0,1,0,0
313.921,111.479,-6.724,1.012,75,230,0,1,0,0
307.197,112.491,-6.724,1.012,75,235,0,1,0,0
300.473,113.503,-6.724,1.012,75,240,0,1,0,0
293.748,114.515,-6.724,1.012,75,245,0,1,0,0
287.024,115.527,-6.724,1.012,75,250,0,1,0,0
280.3,116.539,-6.724,1.012,75,255,0,1,0,0
273.576,117.55,-6.724,1.012,75,260,0,1,0,0
266.851,118.562,-6.724,1.012,75,265,0,1,0,0
260.127,119.574,-6.724,1.012,75,270,0,1,0,0
253.403,120.586,-6.724,1.012,75,275,0,1,0,0
246.678,121.598,-6.724,1.012,75,280,0,1,0,0
239.954,122.61,-6.724,1.012,75,285,0,1,0,0
233.23,123.622,-6.724,1.012,75,290,0,1,0,0
226.506,124.634,-6.724,1.012,70,295,-1,1,0,0
219.781,125.646,-6.724,1.012,65,300,-1,1,0,0
213.057,126.658,-6.724,1.012,60,305,-1,1,0,0
206.333,127.669,-6.724,1.012,55,310,-1,1,0,0
199.608,128.681,-6.724,1.012,50,315,-1,1,0,0
192.884,129.693,-6.724,1.012,50,320,0,1,0,0
186.16,130.705,-6.724,1.012,50,325,0,1,0,0
179.436,131.717,-6.724,1.012,50,330,0,1,0,0
172.711,132.729,-6.724,1.012,50,335,0,1,0,0
165.987,133.741,-6.724,1.012,50,340,0,1,0,0
159.263,134.753,-6.724,1.012,50,345,0,1,0,0
152.538,135.765,-6.724,1.012,50,350,0,1,0,0
145.814,136.777,-6.724,1.012,50,355,0,1,0,0
139.09,137.789,-6.724,1.012,50,360,0,1,0,0
132.365,138.8,-6.724,1.012,50,365,0,1,0,0
125.641,139.812,-6.724,1.012,50,370,0,1,0,0
118.917,140.824,-6.724,1.012,50,375,0,1,0,0
112.193,141.836,-6.724,1.012,55,380,1,1,0,0
105.468,142.848,-6.724,1.012,60,385,1,1,0,0
98.744,143.86,-6.724,1.012,65,390,1,1,0,0
92.02,144.872,-6.724,1.012,70,395,1,1,0,0
85.295,145.884,-6.724,1.012,75,400,1,1,0,0
78.571,146.896,-6.724,1.012,80,405,1,1,0,0
71.847,147.908,-6.724,1.012,85,410,1,1,0,0
65.123,148.919,-6.724,1.012,90,415,1,1,0,0
58.398,149.931,-6.724,1.012,95,420,1,1,0,0
51.674,150.943,-6.724,1.012,100,425,1,1,0,0
49.0,151.955,6.983,1.286,105,430,1,1,0,0
55.983,153.241,6.983,1.286,110,435,1,1,0,0
62.965,154.527,6.983,1.286,115,440,1,1,0,0
69.948,155.812,6.983,1.286,120,445,1,1,0,0
76.93,157.098,6.983,1.286,125,450,1,1,0,0
83.913,158.384,6.983,1.286,130,455,1,1,0,0
90.896,159.669,6.983,1.286,135,460,1,1,0,0
97.878,160.955,6.983,1.286,140,465,1,1,0,0
104.861,162.241,6.983,1.286,145,470,1,1,0,0
111.844,163.526,6.983,1.286,150,475,1,1,0,0
118.826,164.812,6.983,1.286,155,480,1,1,0,0
125.809,166.098,6.983,1.286,160,485,1,1,0,0
132.791,167.383,6.983,1.286,165,485,1,0,0,0
139.774,168.669,6.983,1.286,170,485,1,0,0,0
146.757,169.955,6.983,1.286,175,485,1,0,0,0
153.739,171.24,6.983,1.286,180,485,1,0,0,0
160.722,172.526,6.983,1.286,185,485,1,0,0,0
167.705,173.812,6.983,1.286,190,485,1,0,0,0
174.687,175.097,6.983,1.286,195,485,1,0,0,0
181.67,176.383,6.983,1.286,200,485,1,0,0,0
188.652,177.669,6.983,1.286,205,485,1,0,0,0
195.635,178.954,6.983,1.286,210,485,1,0,0,0
202.618,180.24,6.983,1.286,215,485,1,0,0,0
209.6,181.526,6.983,1.286,220,485,1,0,0,0
216.583,182.811,6.983,1.286,225,485,1,0,0,0
223.566,184.097,6.983,1.286,230,485,1,0,0,0
230.548,185.383,6.983,1.286,235,485,1,0,0,0
237.531,186.669,6.983,1.286,240,485,1,0,0,0
244.513,187.954,6.983,1.286,245,480,1,-1,0,0
251.496,189.24,6.983,1.286,250,475,1,-1,0,0
258.479,190.526,6.983,1.286,255,470,1,-1,0,0
265.461,191.811,6.983,1.286,260,465,1,-1,0,0
272.444,193.097,6.983,1.286,265,460,1,-1,0,0
279.427,194.383,6.983,1.286,270,455,1,-1,0,0
286.409,195.668,6.983,1.286,275,450,1,-1,0,0
293.392,196.954,6.983,1.286,280,445,1,-1,0,0
300.374,198.24,6.983,1.286,285,440,1,-1,0,0
307.357,199.525,6.983,1.286,290,435,1,-1,0,0
314.34,200.811,6.983,1.286,295,430,1,-1,0,0
321.322,202.097,6.983,1.286,300,425,1,-1,0,0
328.305,203.382,6.983,1.286,305,420,1,-1,0,0
335.288,204.668,6.983,1.286,300,415,-1,-1,0,0
342.27,205.954,6.983,1.286,295,410,-1,-1,0,0
349.253,207.239,6.983,1.286,290,405,-1,-1,0,0
356.235,208.525,6.983,1.286,285,400,-1,-1,0,0
363.218,209.811,6.983,1.286,280,395,-1,-1,0,0
370.201,211.096,6.983,1.286,275,390,-1,-1,0,0
377.183,212.382,6.983,1.286,270,385,-1,-1,0,0
384.166,213.668,6.983,1.286,265,380,-1,-1,0,0
391.149,214.953,6.983,1.286,260,375,-1,-1,0,0
398.131,216.239,6.983,1.286,255,370,-1,-1,0,0
405.114,217.525,6.983,1.286,250,365,-1,-1,0,0
412.096,218.811,6.983,1.286,245,360,-1,-1,0,0
419.079,220.096,6.983,1.286,240,355,-1,-1,0,0
426.062,221.382,6.983,1.286,235,350,-1,-1,0,0
433.044,222.668,6.983,1.286,230,345,-1,-1,0,0
440.027,223.953,6.983,1.286,225,340,-1,-1,0,0
447.01,225.239,6.983,1.286,220,335,-1,-1,0,0
453.992,226.525,6.983,1.286,215,330,-1,-1,0,0
460.975,227.81,6.983,1.286,210,325,-1,-1,0,0
467.957,229.096,6.983,1.286,205,320,-1,-1,0,0
474.94,230.382,6.983,1.286,200,315,-1,-1,0,0
481.923,231.667,6.983,1.286,195,310,-1,-1,0,0
488.905,232.953,6.983,1.286,190,305,-1,-1,0,0
495.888,234.239,6.983,1.286,185,300,-1,-1,0,0
502.871,235.524,6.983,1.286,180,295,-1,-1,0,0
509.853,236.81,6.983,1.286,175,290,-1,-1,0,0
516.836,238.096,6.983,1.286,170,285,-1,-1,0,0
523.818,239.381,6.983,1.286,165,280,-1,-1,0,0
530.801,240.667,6.983,1.286,160,275,-1,-1,0,0
537.784,241.953,6.983,1.286,155,270,-1,-1,0,0
544.766,243.238,6.983,1.286,150,265,-1,-1,0,0
551.749,244.524,6.983,1.286,145,260,-1,-1,0,0
558.732,245.81,6.983,1.286,140,260,-1,0,0,0
565.714,247.095,6.983,1.286,135,260,-1,0,0,0
572.697,248.381,6.983,1.286,135,260,0,0,0,0
579.679,249.667,6.983,1.286,135,260,0,0,0,0
586.662,250.953,6.983,1.286,135,260,0,0,0,0
593.645,252.238,6.983,1.286,135,260,0,0,0,0
600.627,253.524,6.983,1.286,135,260,0,0,0,0
607.61,254.81,6.983,1.286,135,260,0,0,0,0
614.592,256.095,6.983,1.286,135,260,0,0,0,0
621.575,257.381,6.983,1.286,135,260,0,0,0,0
628.558,258.667,6.983,1.286,135,255,0,-1,0,0
635.54,259.952,6.983,1.286,135,250,0,-1,0,0
642.523,261.238,6.983,1.286,135,245,0,-1,0,0
649.506,262.524,6.983,1.286,135,240,0,-1,0,0
656.488,263.809,6.983,1.286,135,235,0,-1,0,0
663.471,265.095,6.983,1.286,135,230,0,-1,0,0
670.453,266.381,6.983,1.286,135,225,0,-1,0,0
677.436,267.666,6.983,1.286,135,220,0,-1,0,0
684.419,268.952,6.983,1.286,135,215,0,-1,0,0
691.401,270.238,6.983,1.286,140,210,1,-1,0,0
698.384,271.523,6.983,1.286,145,205,1,-1,0,0
705.367,272.809,6.983,1.286,150,205,1,0,0,0
712.349,274.095,6.983,1.286,155,205,1,0,0,0
719.332,275.38,6.983,1.286,160,205,1,0,0,0
726.314,276.666,6.983,1.286,160,205,0,0,0,0
733.297,277.952,6.983,1.286,160,205,0,0,0,0
740.28,279.237,6.983,1.286,160,205,0,0,0,0
747.262,280.523,6.983,1.286,160,205,0,0,0,0
751.0,281.809,-4.222,6.077,160,205,0,0,0,0
746.778,287.886,-4.222,6.077,160,205,0,0,0,0
742.556,293.964,-4.222,6.077,160,205,0,0,0,0
738.334,300.041,-4.222,6.077,160,205,0,0,0,0
734.112,306.119,-4.222,6.077,160,200,0,-1,0,0
729.891,312.196,-4.222,6.077,160,195,0,-1,0,0
725.669,318.274,-4.222,6.077,160,190,0,-1,0,0
721.447,324.351,-4.222,6.077,155,185,-1,-1,0,0
717.225,330.429,-4.222,6.077,150,180,-1,-1,0,0
713.003,336.506,-4.222,6.077,145,175,-1,-1,0,0
708.781,342.584,-4.222,6.077,140,170,-1,-1,0,0
704.559,348.661,-4.222,6.077,145,170,1,0,0,0
700.337,354.739,-4.222,6.077,150,170,1,0,0,0
696.116,360.816,-4.222,6.077,155,170,1,0,0,0
691.894,366.894,-4.222,6.077,160,170,1,0,0,0
687.672,372.971,-4.222,6.077,165,170,1,0,0,0
683.45,379.048,-4.222,6.077,170,170,1,0,0,0
679.228,385.126,-4.222,6.077,175,170,1,0,0,0
675.006,391.203,-4.222,6.077,180,170,1,0,0,0
670.784,397.281,-4.222,6.077,185,170,1,0,0,0
666.562,403.358,-4.222,6.077,190,170,1,0,0,0
662.341,409.436,-4.222,6.077,195,170,1,0,0,0
658.119,415.513,-4.222,6.077,200,170,1,0,0,0
653.897,421.591,-4.222,6.077,205,170,1,0,0,0
649.675,427.668,-4.222,6.077,210,170,1,0,0,0
645.453,433.746,-4.222,6.077,215,170,1,0,0,0
641.231,439.823,-4.222,6.077,220,170,1,0,0,0
637.009,445.901,-4.222,6.077,225,170,1,0,0,0
632.787,451.978,-4.222,6.077,230,175,1,1,0,0
628.566,458.056,-4.222,6.077,235,180,1,1,0,0
624.344,464.133,-4.222,6.077,240,185,1,1,0,0
620.122,470.211,-4.222,6.077,245,190,1,1,0,0
615.9,476.288,-4.222,6.077,250,195,1,1,0,0
611.678,482.366,-4.222,6.077,255,200,1,1,0,0
607.456,488.443,-4.222,6.077,260,205,1,1,0,0
603.234,494.521,-4.222,6.077,265,210,1,1,0,0
599.012,500.598,-4.222,6.077,270,215,1,1,0,0
594.79,506.676,-4.222,6.077,275,220,1,1,0,0
590.569,512.753,-4.222,6.077,280,225,1,1,0,0
586.347,518.83,-4.222,6.077,285,230,1,1,0,0
582.125,524.908,-4.222,6.077,290,235,1,1,0,0
577.903,530.985,-4.222,6.077,295,240,1,1,0,0
573.681,537.063,-4.222,6.077,300,245,1,1,0,0
569.459,543.14,-4.222,6.077,305,250,1,1,0,0
565.237,549.218,-4.222,6.077,310,255,1,1,0,0
561.015,555.295,-4.222,6.077,315,260,1,1,0,0
556.794,561.373,-4.222,6.077,320,265,1,1,0,0
552.572,567.45,-4.222,6.077,325,270,1,1,0,0
548.35,573.528,-4.222,6.077,330,275,1,1,0,0
544.128,579.605,-4.222,6.077,335,280,1,1,0,0
539.906,585.683,-4.222,6.077,340,285,1,1,0,0
535.684,591.76,-4.222,6.077,345,290,1,1,0,0
531.462,594.0,-4.222,-6.077,350,295,1,1,0,0
527.24,587.923,-4.222,-6.077,345,300,-1,1,0,0
523.019,581.845,-4.222,-6.077,340,305,-1,1,0,0
518.797,575.768,-4.222,-6.077,335,310,-1,1,0,0
514.575,569.69,-4.222,-6.077,330,315,-1,1,0,0
510.353,563.613,-4.222,-6.077,325,320,-1,1,0,0
506.131,557.535,-4.222,-6.077,320,325,-1,1,0,0
501.909,551.458,-4.222,-6.077,315,330,-1,1,0,0
497.687,545.38,-4.222,-6.077,310,335,-1,1,0,0
493.465,539.303,-4.222,-6.077,305,340,-1,1,0,0
489.244,533.225,-4.222,-6.077,300,345,-1,1,0,0
485.022,527.148,-4.222,-6.077,295,350,-1,1,0,0
480.8,521.07,-4.222,-6.077,290,355,-1,1,0,0
476.578,514.993,-4.222,-6.077,285,360,-1,1,0,0
472.356,508.915,-4.222,-6.077,280,365,-1,1,0,0
468.134,502.838,-4.222,-6.077,275,370,-1,1,0,0
463.912,496.76,-4.222,-6.077,270,375,-1,1,0,0
459.69,490.683,-4.222,-6.077,265,380,-1,1,0,0
455.468,484.605,-4.222,-6.077,260,385,-1,1,0,0
451.247,478.528,-4.222,-6.077,255,390,-1,1,0,0
447.025,472.45,-4.222,-6.077,250,395,-1,1,0,0
442.803,466.373,-4.222,-6.077,245,400,-1,1,0,0
438.581,460.295,-4.222,-6.077,240,405,-1,1,0,0
434.359,454.218,-4.222,-6.077,235,410,-1,1,0,0
430.137,448.141,-4.222,-6.077,230,415,-1,1,0,0
425.915,442.063,-4.222,-6.077,225,420,-1,1,0,0
421.693,435.986,-4.222,-6.077,220,425,-1,1,0,0
417.472,429.908,-4.222,-6.077,215,430,-1,1,0,0
413.25,423.831,-4.222,-6.077,210,435,-1,1,0,0
409.028,417.753,-4.222,-6.077,205,440,-1,1,0,0
404.806,411.676,-4.222,-6.077,200,445,-1,1,0,0
400.584,405.598,-4.222,-6.077,195,450,-1,1,0,0
396.362,399.521,-4.222,-6.077,190,455,-1,1,0,0
392.14,393.443,-4.222,-6.077,185,460,-1,1,0,0
387.918,387.366,-4.222,-6.077,180,465,-1,1,0,0
383.697,381.288,-4.222,-6.077,175,470,-1,1,0,0
379.475,375.211,-4.222,-6.077,170,475,-1,1,0,0
375.253,369.133,-4.222,-6.077,165,480,-1,1,0,0
371.031,363.056,-4.222,-6.077,160,485,-1,1,0,0
366.809,356.978,-4.222,-6.077,155,490,-1,1,0,0
362.587,350.901,-4.222,-6.077,150,495,-1,1,0,0
358.365,344.823,-4.222,-6.077,145,500,-1,1,0,0
354.143,338.746,-4.222,-6.077,140,500,-1,0,0,0
349.922,332.668,-4.222,-6.077,135,500,-1,0,0,0
345.7,326.591,-4.222,-6.077,130,500,-1,0,0,0
341.478,320.513,-4.222,-6.077,125,500,-1,0,0,0
337.256,314.436,-4.222,-6.077,120,500,-1,0,0,0
333.034,308.359,-4.222,-6.077,115,495,-1,-1,0,0
328.812,302.281,-4.222,-6.077,110,490,-1,-1,0,0
324.59,296.204,-4.222,-6.077,105,485,-1,-1,0,0
320.368,290.126,-4.222,-6.077,100,480,-1,-1,0,0
316.147,284.049,-4.222,-6.077,95,475,-1,-1,0,0
311.925,277.971,-4.222,-6.077,90,470,-1,-1,0,0
307.703,271.894,-4.222,-6.077,85,465,-1,-1,0,0
303.481,265.816,-4.222,-6.077,80,460,-1,-1,0,0
299.259,259.739,-4.222,-6.077,75,455,-1,-1,0,0
295.037,253.661,-4.222,-6.077,70,450,-1,-1,0,0
290.815,247.584,-4.222,-6.077,65,445,-1,-1,0,0
286.593,241.506,-4.222,-6.077,60,440,-1,-1,0,0
282.371,235.429,-4.222,-6.077,55,435,-1,-1,0,0
278.15,229.351,-4.222,-6.077,50,430,-1,-1,0,0
273.928,223.274,-4.222,-6.077,45,425,-1,-1,0,0
269.706,217.196,-4.222,-6.077,40,420,-1,-1,0,0
265.484,211.119,-4.222,-6.077,35,415,-1,-1,0,0
261.262,205.041,-4.222,-6.077,30,410,-1,-1,0,0
257.04,198.964,-4.222,-6.077,25,405,-1,-1,0,0
252.818,192.886,-4.222,-6.077,20,400,-1,-1,0,0
248.596,186.809,-4.222,-6.077,15,395,-1,-1,0,0
244.375,180.731,-4.222,-6.077,10,390,-1,-1,0,0
240.153,174.654,-4.222,-6.077,5,385,-1,-1,0,0
235.931,168.577,-4.222,-6.077,5,380,0,-1,0,0
231.709,162.499,-4.222,-6.077,5,375,0,-1,0,0
227.487,156.422,-4.222,-6.077,5,370,0,-1,0,0
223.265,150.344,-4.222,-6.077,5,365,0,-1,0,0
219.043,144.267,-4.222,-6.077,5,360,0,-1,0,0
214.821,138.189,-4.222,-6.077,5,355,0,-1,0,0
210.6,132.112,-4.222,-6.077,10,350,1,-1,0,0
206.378,126.034,-4.222,-6.077,15,345,1,-1,0,0
202.156,119.957,-4.222,-6.077,20,340,1,-1,0,0
197.934,113.879,-4.222,-6.077,25,335,1,-1,0,0
193.712,107.802,-4.222,-6.077,30,330,1,-1,0,0
189.49,101.724,-4.222,-6.077,35,325,1,-1,0,0
185.268,95.647,-4.222,-6.077,40,320,1,-1,0,0
181.046,89.569,-4.222,-6.077,40,315,0,-1,0,0
176.825,83.492,-4.222,-6.077,40,310,0,-1,0,0
172.603,77.414,-4.222,-6.077,40,305,0,-1,0,0
168.381,71.337,-4.222,-6.077,40,305,0,0,0,0
164.159,65.259,-4.222,-6.077,40,305,0,0,0,0
159.937,59.182,-4.222,-6.077,40,305,0,0,0,0
155.715,53.104,-4.222,-6.077,40,305,0,0,0,0
151.493,47.027,-4.222,-6.077,40,305,0,0,0,0
147.271,40.949,-4.222,-6.077,40,305,0,0,0,0
143.049,34.872,-4.222,-6.077,40,305,0,0,0,0
138.828,28.795,-4.222,-6.077,40,305,0,0,0,0
134.606,22.717,-4.222,-6.077,40,305,0,0,0,0
130.384,16.64,-4.222,-6.077,40,305,0,0,0,0
126.162,10.562,-4.222,-6.077,40,305,0,0,0,0
121.94,6.0,-4.222,6.077,40,305,0,0,0,0
117.718,12.077,-4.222,6.077,40,305,0,0,0,0
113.496,18.155,-4.222,6.077,40,305,0,0,0,0
109.274,24.232,-4.222,6.077,40,305,0,0,0,0
105.053,30.31,-4.222,6.077,40,305,0,0,0,0
100.831,36.387,-4.222,6.077,40,305,0,0,0,0
96.609,42.465,-4.222,6.077,40,305,0,0,0,0
92.387,48.542,-4.222,6.077,40,305,0,0,0,0
88.165,54.62,-4.222,6.077,40,305,0,0,0,0
83.943,60.697,-4.222,6.077,40,305,0,0,0,0
79.721,66.775,-4.222,6.077,40,305,0,0,0,0
75.499,72.852,-4.222,6.077,40,305,0,0,0,0
71.278,78.93,-4.222,6.077,45,305,1,0,0,0
67.056,85.007,-4.222,6.077,50,305,1,0,0,0
62.834,91.085,-4.222,6.077,55,305,1,0,0,0
58.612,97.162,-4.222,6.077,60,305,1,0,0,0
54.39,103.24,-4.222,6.077,65,305,1,0,0,0
50.168,109.317,-4.222,6.077,70,305,1,0,0,0
49.0,115.395,7.7,0.08,75,305,1,0,0,0
56.7,115.474,7.7,0.08,80,305,1,0,0,0
64.399,115.554,7.7,0.08,85,305,1,0,0,0
72.099,115.633,7.7,0.08,90,305,1,0,0,0
79.798,115.713,7.7,0.08,95,305,1,0,0,0
87.498,115.792,7.7,0.08,100,305,1,0,0,0
95.198,115.872,7.7,0.08,105,305,1,0,0,0
102.897,115.951,7.7,0.08,110,305,1,0,0,0
110.597,116.031,7.7,0.08,115,305,1,0,0,0
118.296,116.111,7.7,0.08,120,305,1,0,0,0
125.996,116.19,7.7,0.08,125,305,1,0,0,0
133.695,116.27,7.7,0.08,130,305,1,0,0,0
141.395,116.349,7.7,0.08,135,305,1,0,0,0
149.095,116.429,7.7,0.08,140,305,1,0,0,0
156.794,116.508,7.7,0.08,145,305,1,0,0,0
164.494,116.588,7.7,0.08,150,305,1,0,0,0
172.193,116.667,7.7,0.08,155,305,1,0,0,0
179.893,116.747,7.7,0.08,160,305,1,0,0,0
187.593,116.826,7.7,0.08,165,305,1,0,0,0
195.292,116.906,7.7,0.08,170,305,1,0,0,0
202.992,116.986,7.7,0.08,175,305,1,0,0,0
210.691,117.065,7.7,0.08,180,305,1,0,0,0
218.391,117.145,7.7,0.08,185,305,1,0,0,0
226.091,117.224,7.7,0.08,190,305,1,0,0,0
233.79,117.304,7.7,0.08,195,305,1,0,0,0
241.49,117.383,7.7,0.08,200,305,1,0,0,0
249.189,117.463,7.7,0.08,205,305,1,0,0,0
256.889,117.542,7.7,0.08,205,305,0,0,0,0
264.588,117.622,7.7,0.08,205,305,0,0,0,0
272.288,117.701,7.7,0.08,205,305,0,0,0,0
279.988,117.781,7.7,0.08,205,305,0,0,0,0
287.687,117.861,7.7,0.08,200,305,-1,0,0,0
295.387,117.94,7.7,0.08,195,305,-1,0,0,0
303.086,118.02,7.7,0.08,190,305,-1,0,0,0
310.786,118.099,7.7,0.08,185,305,-1,0,0,0
318.486,118.179,7.7,0.08,180,305,-1,0,0,0
326.185,118.258,7.7,0.08,175,305,-1,0,0,0
333.885,118.338,7.7,0.08,170,305,-1,0,0,0
341.584,118.417,7.7,0.08,165,305,-1,0,0,0
349.284,118.497,7.7,0.08,160,300,-1,-1,0,0
356.984,118.576,7.7,0.08,155,295,-1,-1,0,0
364.683,118.656,7.7,0.08,150,290,-1,-1,0,0
372.383,118.736,7.7,0.08,145,285,-1,-1,0,0
380.082,118.815,7.7,0.08,140,280,-1,-1,0,0
387.782,118.895,7.7,0.08,135,275,-1,-1,0,0
395.482,118.974,7.7,0.08,130,270,-1,-1,0,0
403.181,119.054,7.7,0.08,125,265,-1,-1,0,0
410.881,119.133,7.7,0.08,120,260,-1,-1,0,0
418.58,119.213,7.7,0.08,115,255,-1,-1,0,0
426.28,119.292,7.7,0.08,110,250,-1,-1,0,0
433.979,119.372,7.7,0.08,105,245,-1,-1,0,0
441.679,119.451,7.7,0.08,100,240,-1,-1,0,0
449.379,119.531,7.7,0.08,95,235,-1,-1,0,0
457.078,119.611,7.7,0.08,90,230,-1,-1,0,0
464.778,119.69,7.7,0.08,85,225,-1,-1,0,0
472.477,119.77,7.7,0.08,80,220,-1,-1,0,0
480.177,119.849,7.7,0.08,75,215,-1,-1,0,0
487.877,119.929,7.7,0.08,70,210,-1,-1,0,0
495.576,120.008,7.7,0.08,65,205,-1,-1,0,0
503.276,120.088,7.7,0.08,60,200,-1,-1,0,0
510.975,120.167,7.7,0.08,55,195,-1,-1,0,0
518.675,120.247,7.7,0.08,50,190,-1,-1,0,0
526.375,120.326,7.7,0.08,45,185,-1,-1,0,0
534.074,120.406,7.7,0.08,40,180,-1,-1,0,0
541.774,120.486,7.7,0.08,35,175,-1,-1,0,0
549.473,120.565,7.7,0.08,30,170,-1,-1,0,0
557.173,120.645,7.7,0.08,25,165,-1,-1,0,0
564.872,120.724,7.7,0.08,20,160,-1,-1,0,0
572.572,120.804,7.7,0.08,15,155,-1,-1,0,0
580.272,120.883,7.7,0.08,10,150,-1,-1,0,0
587.971,120.963,7.7,0.08,5,145,-1,-1,0,0
595.671,121.042,7.7,0.08,0,140,-1,-1,0,0
603.37,121.122,7.7,0.08,0,135,-1,-1,0,0
611.07,121.201,7.7,0.08,0,130,-1,-1,0,0
618.77,121.281,7.7,0.08,0,125,-1,-1,0,0
626.469,121.361,7.7,0.08,0,120,-1,-1,0,0
634.169,121.44,7.7,0.08,0,115,-1,-1,0,0
641.868,121.52,7.7,0.08,0,110,-1,-1,0,0
649.568,121.599,7.7,0.08,0,105,-1,-1,0,0
657.268,121.679,7.7,0.08,0,100,-1,-1,0,0
664.967,121.758,7.7,0.08,0,100,-1,0,0,0
672.667,121.838,7.7,0.08,0,100,0,0,0,0
680.366,121.917,7.7,0.08,0,100,0,0,0,0
688.066,121.997,7.7,0.08,0,100,0,0,0,0
695.765,122.076,7.7,0.08,0,100,0,0,0,0
703.465,122.156,7.7,0.08,0,100,0,0,0,0
711.165,122.236,7.7,0.08,0,100,0,0,0,0
718.864,122.315,7.7,0.08,0,100,0,0,0,0
726.564,122.395,7.7,0.08,0,100,0,0,0,0
734.263,122.474,7.7,0.08,0,100,0,0,0,0
741.963,122.554,7.7,0.08,0,100,0,0,0,0
749.663,122.633,7.7,0.08,5,100,1,0,0,0
751.0,122.713,-7.195,-3.498,10,100,1,0,0,0
743.805,119.215,-7.195,-3.498,15,100,1,0,0,0
736.611,115.716,-7.195,-3.498,20,100,1,0,0,0
729.416,112.218,-7.195,-3.498,25,100,1,0,0,0
722.222,108.72,-7.195,-3.498,30,100,1,0,0,0
715.027,105.221,-7.195,-3.498,35,100,1,0,0,0
707.832,101.723,-7.195,-3.498,40,100,1,0,0,0
700.638,98.225,-7.195,-3.498,45,100,1,0,0,0
693.443,94.727,-7.195,-3.498,50,100,1,0,0,0
686.249,91.228,-7.195,-3.498,55,100,1,0,0,0
679.054,87.73,-7.195,-3.498,60,100,1,0,0,0
671.86,84.232,-7.195,-3.498,65,100,1,0,0,0
664.665,80.733,-7.195,-3.498,65,100,0,0,0,0
657.47,77.235,-7.195,-3.498,65,100,0,0,0,0
650.276,73.737,-7.195,-3.498,65,100,0,0,0,0
643.081,70.239,-7.195,-3.498,65,100,0,0,0,0
635.887,66.74,-7.195,-3.498,65,105,0,1,0,0
628.692,63.242,-7.195,-3.498,65,110,0,1,0,0
621.497,59.744,-7.195,-3.498,65,115,0,1,0,0
614.303,56.246,-7.195,-3.498,65,120,0,1,0,0
607.108,52.747,-7.195,-3.498,65,125,0,1,0,0
599.914,49.249,-7.195,-3.498,65,130,0,1,0,0
592.719,45.751,-7.195,-3.498,65,135,0,1,0,0
585.525,42.252,-7.195,-3.498,65,140,0,1,0,0
578.33,38.754,-7.195,-3.498,65,145,0,1,0,0
571.135,35.256,-7.195,-3.498,65,150,0,1,0,0
563.941,31.758,-7.195,-3.498,65,155,0,1,0,0
556.746,28.259,-7.195,-3.498,65,160,0,1,0,0
549.552,24.761,-7.195,-3.498,65,165,0,1,0,0
542.357,21.263,-7.195,-3.498,65,170,0,1,0,0
535.162,17.764,-7.195,-3.498,65,175,0,1,0,0
527.968,14.266,-7.195,-3.498,65,180,0,1,0,0
520.773,10.768,-7.195,-3.498,65,185,0,1,0,0
513.579,7.27,-7.195,-3.498,65,190,0,1,0,0
506.384,6.0,-7.195,3.498,65,195,0,1,0,0
499.19,9.498,-7.195,3.498,65,200,0,1,0,0
491.995,12.997,-7.195,3.498,65,205,0,1,0,0
484.8,16.495,-7.195,3.498,65,210,0,1,0,0
477.606,19.993,-7.195,3.498,65,215,0,1,0,0
470.411,23.491,-7.195,3.498,65,220,0,1,0,0
463.217,26.99,-7.195,3.498,65,225,0,1,0,0
456.022,30.488,-7.195,3.498,65,230,0,1,0,0
448.827,33.986,-7.195,3.498,65,235,0,1,0,0
441.633,37.485,-7.195,3.498,65,240,0,1,0,0
434.438,40.983,-7.195,3.498,65,240,0,0,0,0
427.244,44.481,-7.195,3.498,65,240,0,0,0,0
420.049,47.979,-7.195,3.498,65,240,0,0,0,0
412.855,51.478,-7.195,3.498,65,240,0,0,0,0
405.66,54.976,-7.195,3.498,65,240,0,0,0,0
398.465,58.474,-7.195,3.498,65,245,0,1,0,0
391.271,61.972,-7.195,3.498,65,250,0,1,0,0
384.076,65.471,-7.195,3.498,65,255,0,1,0,0
376.882,68.969,-7.195,3.498,65,255,0,0,0,0
369.687,72.467,-7.195,3.498,70,255,1,0,0,0
362.492,75.966,-7.195,3.498,75,255,1,0,0,0
355.298,79.464,-7.195,3.498,80,255,1,0,0,0
348.103,82.962,-7.195,3.498,85,255,1,0,0,0
340.909,86.46,-7.195,3.498,90,255,1,0,0,0
333.714,89.959,-7.195,3.498,95,255,1,0,0,0
326.52,93.457,-7.195,3.498,100,255,1,0,0,0
319.325,96.955,-7.195,3.498,105,255,1,0,0,0
312.13,100.454,-7.195,3.498,110,255,1,0,0,0
304.936,103.952,-7.195,3.498,115,255,1,0,0,0
297.741,107.45,-7.195,3.498,120,255,1,0,0,0
290.547,110.948,-7.195,3.498,125,255,1,0,0,0
283.352,114.447,-7.195,3.498,125,255,0,0,0,0
276.157,117.945,-7.195,3.498,125,255,0,0,0,0
268.963,121.443,-7.195,3.498,125,255,0,0,0,0
261.768,124.941,-7.195,3.498,125,255,0,0,0,0
254.574,128.44,-7.195,3.498,125,255,0,0,0,0
247.379,131.938,-7.195,3.498,125,255,0,0,0,0
240.185,135.436,-7.195,3.498,125,255,0,0,0,0
232.99,138.935,-7.195,3.498,125,255,0,0,0,0
225.795,142.433,-7.195,3.498,125,255,0,0,0,0
218.601,145.931,-7.195,3.498,125,255,0,0,0,0
211.406,149.429,-7.195,3.498,125,255,0,0,0,0
204.212,152.928,-7.195,3.498,125,255,0,0,0,0
197.017,156.426,-7.195,3.498,125,255,0,0,0,0
189.822,159.924,-7.195,3.498,125,255,0,0,0,0
182.628,163.423,-7.195,3.498,130,255,1,0,0,0
175.433,166.921,-7.195,3.498,135,255,1,0,0,0
168.239,170.419,-7.195,3.498,140,255,1,0,0,0
161.044,173.917,-7.195,3.498,145,255,1,0,0,0
153.85,177.416,-7.195,3.498,150,255,1,0,0,0
146.655,180.914,-7.195,3.498,155,255,1,0,0,0
139.46,184.412,-7.195,3.498,160,255,1,0,0,0
132.266,187.911,-7.195,3.498,165,255,1,0,0,0
125.071,191.409,-7.195,3.498,170,255,1,0,0,0
117.877,194.907,-7.195,3.498,170,255,0,0,0,0
110.682,198.405,-7.195,3.498,170,255,0,0,0,0
103.487,201.904,-7.195,3.498,170,255,0,0,0,0
96.293,205.402,-7.195,3.498,170,255,0,0,0,0
89.098,208.9,-7.195,3.498,170,255,0,0,0,0
81.904,212.398,-7.195,3.498,170,255,0,0,0,0
74.709,215.897,-7.195,3.498,175,255,1,0,0,0
67.514,219.395,-7.195,3.498,180,255,1,0,0,0
60.32,222.893,-7.195,3.498,185,255,1,0,0,0
53.125,226.392,-7.195,3.498,190,255,1,0,0,0
49.0,229.89,8.226,-1.107,195,255,1,0,0,0
57.226,228.783,8.226,-1.107,200,255,1,0,0,0
65.452,227.676,8.226,-1.107,205,255,1,0,0,0
73.678,226.569,8.226,-1.107,210,255,1,0,0,0
81.903,225.462,8.226,-1.107,215,255,1,0,0,0
90.129,224.354,8.226,-1.107,220,255,1,0,0,0
98.355,223.247,8.226,-1.107,225,255,1,0,0,0
106.581,222.14,8.226,-1.107,225,255,0,0,0,0
114.807,221.033,8.226,-1.107,225,255,0,0,0,0
123.033,219.926,8.226,-1.107,225,255,0,0,0,0
131.258,218.819,8.226,-1.107,225,255,0,0,0,0
139.484,217.712,8.226,-1.107,225,255,0,0,0,0
147.71,216.605,8.226,-1.107,225,255,0,0,0,0
155.936,215.498,8.226,-1.107,225,255,0,0,0,0
164.162,214.391,8.226,-1.107,225,255,0,0,0,0
172.388,213.284,8.226,-1.107,225,255,0,0,0,0
180.613,212.176,8.226,-1.107,225,255,0,0,0,0
188.839,211.069,8.226,-1.107,225,255,0,0,0,0
197.065,209.962,8.226,-1.107,225,255,0,0,0,0
205.291,208.855,8.226,-1.107,225,255,0,0,0,0
213.517,207.748,8.226,-1.107,225,255,0,0,0,0
221.743,206.641,8.226,-1.107,225,255,0,0,0,0
229.968,205.534,8.226,-1.107,225,255,0,0,0,0
238.194,204.427,8.226,-1.107,225,255,0,0,0,0
246.42,203.32,8.226,-1.107,225,255,0,0,0,0
254.646,202.213,8.226,-1.107,225,255,0,0,0,0
262.872,201.106,8.226,-1.107,225,255,0,0,0,0
271.098,199.998,8.226,-1.107,225,255,0,0,0,0
279.323,198.891,8.226,-1.107,225,255,0,0,0,0
287.549,197.784,8.226,-1.107,225,255,0,0,0,0
295.775,196.677,8.226,-1.107,225,255,0,0,0,0
304.001,195.57,8.226,-1.107,225,250,0,-1,0,0
312.227,194.463,8.226,-1.107,225,245,0,-1,0,0
320.453,193.356,8.226,-1.107,225,240,0,-1,0,0
328.678,192.249,8.226,-1.107,225,235,0,-1,0,0
336.904,191.142,8.226,-1.107,225,230,0,-1,0,0
345.13,190.035,8.226,-1.107,225,225,0,-1,0,0
353.356,188.928,8.226,-1.107,225,220,0,-1,0,0
361.582,187.821,8.226,-1.107,225,215,0,-1,0,0
369.808,186.713,8.226,-1.107,225,210,0,-1,0,0
378.033,185.606,8.226,-1.107,225,205,0,-1,0,0
386.259,184.499,8.226,-1.107,225,200,0,-1,0,0
394.485,183.392,8.226,-1.107,225,195,0,-1,0,0
402.711,182.285,8.226,-1.107,220,190,-1,-1,0,0
410.937,181.178,8.226,-1.107,215,185,-1,-1,0,0
419.163,180.071,8.226,-1.107,210,180,-1,-1,0,0
427.388,178.964,8.226,-1.107,205,175,-1,-1,0,0
435.614,177.857,8.226,-1.107,200,170,-1,-1,0,0
443.84,176.75,8.226,-1.107,195,165,-1,-1,0,0
452.066,175.643,8.226,-1.107,190,160,-1,-1,0,0
460.292,174.535,8.226,-1.107,185,155,-1,-1,0,0
468.518,173.428,8.226,-1.107,180,155,-1,0,0,0
476.743,172.321,8.226,-1.107,175,155,-1,0,0,0
484.969,171.214,8.226,-1.107,170,155,-1,0,0,0
493.195,170.107,8.226,-1.107,165,155,-1,0,0,0
501.421,169.0,8.226,-1.107,160,155,-1,0,0,0
509.647,167.893,8.226,-1.107,155,155,-1,0,0,0
517.873,166.786,8.226,-1.107,150,155,-1,0,0,0
526.098,165.679,8.226,-1.107,145,155,-1,0,0,0
534.324,164.572,8.226,-1.107,140,155,-1,0,0,0
542.55,163.465,8.226,-1.107,135,155,-1,0,0,0
550.776,162.358,8.226,-1.107,130,155,-1,0,0,0
559.002,161.25,8.226,-1.107,125,155,-1,0,0,0
567.228,160.143,8.226,-1.107,120,155,-1,0,0,0
575.453,159.036,8.226,-1.107,115,155,-1,0,0,0
583.679,157.929,8.226,-1.107,115,150,0,-1,0,0
591.905,156.822,8.226,-1.107,115,145,0,-1,0,0
600.131,155.715,8.226,-1.107,115,140,0,-1,0,0
608.357,154.608,8.226,-1.107,115,135,0,-1,0,0
616.583,153.501,8.226,-1.107,115,130,0,-1,0,0
624.808,152.394,8.226,-1.107,115,125,0,-1,0,0
633.034,151.287,8.226,-1.107,115,120,0,-1,0,0
641.26,150.18,8.226,-1.107,115,115,0,-1,0,0
649.486,149.072,8.226,-1.107,115,110,0,-1,0,0
657.712,147.965,8.226,-1.107,115,105,0,-1,0,0
665.938,146.858,8.226,-1.107,115,100,0,-1,0,0
674.163,145.751,8.226,-1.107,115,95,0,-1,0,0
682.389,144.644,8.226,-1.107,115,90,0,-1,0,0
690.615,143.537,8.226,-1.107,115,85,0,-1,0,0
698.841,142.43,8.226,-1.107,115,80,0,-1,0,0
707.067,141.323,8.226,-1.107,115,80,0,0,0,0
715.293,140.216,8.226,-1.107,110,80,-1,0,0,0
723.518,139.109,8.226,-1.107,105,80,-1,0,0,0
731.744,138.002,8.226,-1.107,100,80,-1,0,0,0
739.97,136.894,8.226,-1.107,95,80,-1,0,0,0
748.196,135.787,8.226,-1.107,90,80,-1,0,0,0
751.0,134.68,-7.973,3.224,85,80,-1,0,0,0
743.027,137.905,-7.973,3.224,80,80,-1,0,0,0
735.055,141.129,-7.973,3.224,80,80,0,0,0,0
727.082,144.354,-7.973,3.224,80,80,0,0,0,0
719.109,147.578,-7.973,3.224,80,80,0,0,0,0
711.137,150.803,-7.973,3.224,80,80,0,0,0,0
703.164,154.027,-7.973,3.224,80,80,0,0,0,0
695.192,157.252,-7.973,3.224,80,80,0,0,0,0
687.219,160.476,-7.973,3.224,80,80,0,0,0,0
679.246,163.7,-7.973,3.224,80,80,0,0,0,0
671.274,166.925,-7.973,3.224,80,80,0,0,0,0
663.301,170.149,-7.973,3.224,80,80,0,0,0,0
655.328,173.374,-7.973,3.224,85,80,1,0,0,0
647.356,176.598,-7.973,3.224,90,80,1,0,0,0
639.383,179.823,-7.973,3.224,95,80,1,0,0,0
631.411,183.047,-7.973,3.224,100,80,1,0,0,0
623.438,186.272,-7.973,3.224,105,80,1,0,0,0
615.465,189.496,-7.973,3.224,110,80,1,0,0,0
607.493,192.721,-7.973,3.224,115,80,1,0,0,0
599.52,195.945,-7.973,3.224,120,80,1,0,0,0
591.547,199.17,-7.973,3.224,125,80,1,0,0,0
583.575,202.394,-7.973,3.224,130,85,1,1,0,0
575.602,205.618,-7.973,3.224,135,90,1,1,0,0
567.629,208.843,-7.973,3.224,140,95,1,1,0,0
559.657,212.067,-7.973,3.224,145,100,1,1,0,0
551.684,215.292,-7.973,3.224,150,105,1,1,0,0
543.712,218.516,-7.973,3.224,155,110,1,1,0,0
535.739,221.741,-7.973,3.224,160,115,1,1,0,0
527.766,224.965,-7.973,3.224,165,120,1,1,0,0
519.794,228.19,-7.973,3.224,170,125,1,1,0,0
511.821,231.414,-7.973,3.224,175,130,1,1,0,0
503.848,234.639,-7.973,3.224,180,135,1,1,0,0
495.876,237.863,-7.973,3.224,185,140,1,1,0,0
487.903,241.088,-7.973,3.224,190,145,1,1,0,0
479.931,244.312,-7.973,3.224,195,150,1,1,0,0
471.958,247.537,-7.973,3.224,200,155,1,1,0,0
463.985,250.761,-7.973,3.224,205,160,1,1,0,0
456.013,253.985,-7.973,3.224,210,165,1,1,0,0
448.04,257.21,-7.973,3.224,215,170,1,1,0,0
440.067,260.434,-7.973,3.224,220,175,1,1,0,0
432.095,263.659,-7.973,3.224,225,180,1,1,0,0
424.122,266.883,-7.973,3.224,230,185,1,1,0,0
416.15,270.108,-7.973,3.224,235,190,1,1,0,0
408.177,273.332,-7.973,3.224,240,195,1,1,0,0
400.204,276.557,-7.973,3.224,245,200,1,1,0,0
392.232,279.781,-7.973,3.224,250,205,1,1,0,0
384.259,283.006,-7.973,3.224,255,210,1,1,0,0
376.286,286.23,-7.973,3.224,260,215,1,1,0,0
368.314,289.455,-7.973,3.224,265,220,1,1,0,0
360.341,292.679,-7.973,3.224,270,225,1,1,0,0
352.368,295.903,-7.973,3.224,275,230,1,1,0,0
344.396,299.128,-7.973,3.224,280,235,1,1,0,0
336.423,302.352,-7.973,3.224,285,240,1,1,0,0
328.451,305.577,-7.973,3.224,290,245,1,1,0,0
320.478,308.801,-7.973,3.224,295,250,1,1,0,0
312.505,312.026,-7.973,3.224,300,255,1,1,0,0
304.533,315.25,-7.973,3.224,305,260,1,1,0,0
296.56,318.475,-7.973,3.224,310,265,1,1,0,0
288.587,321.699,-7.973,3.224,315,270,1,1,0,0
280.615,324.924,-7.973,3.224,320,275,1,1,0,0
272.642,328.148,-7.973,3.224,325,280,1,1,0,0
264.67,331.373,-7.973,3.224,330,285,1,1,0,0
256.697,334.597,-7.973,3.224,335,290,1,1,0,0
248.724,337.821,-7.973,3.224,335,295,0,1,0,0
240.752,341.046,-7.973,3.224,335,300,0,1,0,0
232.779,344.27,-7.973,3.224,335,305,0,1,0,0
224.806,347.495,-7.973,3.224,335,310,0,1,0,0
216.834,350.719,-7.973,3.224,335,315,0,1,0,0
208.861,353.944,-7.973,3.224,335,320,0,1,0,0
200.888,357.168,-7.973,3.224,335,325,0,1,0,0
192.916,360.393,-7.973,3.224,335,330,0,1,0,0
184.943,363.617,-7.973,3.224,335,335,0,1,0,0
176.971,366.842,-7.973,3.224,335,340,0,1,0,0
168.998,370.066,-7.973,3.224,335,345,0,1,0,0
161.025,373.291,-7.973,3.224,335,350,0,1,0,0
153.053,376.515,-7.973,3.224,335,355,0,1,0,0
145.08,379.74,-7.973,3.224,335,360,0,1,0,0
137.107,382.964,-7.973,3.224,335,365,0,1,0,0
129.135,386.188,-7.973,3.224,335,370,0,1,0,0
121.162,389.413,-7.973,3.224,335,375,0,1,0,0
113.19,392.637,-7.973,3.224,335,380,0,1,0,0
105.217,395.862,-7.973,3.224,335,385,0,1,0,0
97.244,399.086,-7.973,3.224,340,390,1,1,0,0
89.272,402.311,-7.973,3.224,345,395,1,1,0,0
81.299,405.535,-7.973,3.224,350,400,1,1,0,0
73.326,408.76,-7.973,3.224,355,400,1,0,0,0
65.354,411.984,-7.973,3.224,360,400,1,0,0,0
57.381,415.209,-7.973,3.224,365,400,1,0,0,0
49.409,418.433,-7.973,3.224,370,400,1,0,0,0
49.0,421.658,8.765,1.543,375,400,1,0,0,0
57.765,423.201,8.765,1.543,380,400,1,0,0,0
66.53,424.744,8.765,1.543,385,400,1,0,0,0
75.295,426.288,8.765,1.543,390,400,1,0,0,0
84.061,427.831,8.765,1.543,395,400,1,0,0,0
92.826,429.374,8.765,1.543,400,400,1,0,0,0
101.591,430.918,8.765,1.543,405,400,1,0,0,0
110.356,432.461,8.765,1.543,410,400,1,0,0,0
119.121,434.004,8.765,1.543,415,400,1,0,0,0
127.886,435.548,8.765,1.543,420,400,1,0,0,0
136.652,437.091,8.765,1.543,425,400,1,0,0,0
145.417,438.635,8.765,1.543,430,400,1,0,0,0
154.182,440.178,8.765,1.543,435,400,1,0,0,0
162.947,441.721,8.765,1.543,435,395,0,-1,0,0
171.712,443.265,8.765,1.543,435,390,0,-1,0,0
180.477,444.808,8.765,1.543,435,385,0,-1,0,0
189.243,446.351,8.765,1.543,435,380,0,-1,0,0
198.008,447.895,8.765,1.543,435,375,0,-1,0,0
206.773,449.438,8.765,1.543,435,370,0,-1,0,0
215.538,450.982,8.765,1.543,430,365,-1,-1,0,0
224.303,452.525,8.765,1.543,425,360,-1,-1,0,0
233.068,454.068,8.765,1.543,420,355,-1,-1,0,0
241.833,455.612,8.765,1.543,415,350,-1,-1,0,0
250.599,457.155,8.765,1.543,410,345,-1,-1,0,0
259.364,458.698,8.765,1.543,405,340,-1,-1,0,0
268.129,460.242,8.765,1.543,400,335,-1,-1,0,0
276.894,461.785,8.765,1.543,395,330,-1,-1,0,0
285.659,463.329,8.765,1.543,390,325,-1,-1,0,0
294.424,464.872,8.765,1.543,385,320,-1,-1,0,0
303.19,466.415,8.765,1.543,380,315,-1,-1,0,0
311.955,467.959,8.765,1.543,375,310,-1,-1,0,0
320.72,469.502,8.765,1.543,370,305,-1,-1,0,0
329.485,471.045,8.765,1.543,365,300,-1,-1,0,0
338.25,472.589,8.765,1.543,360,295,-1,-1,0,0
347.015,474.132,8.765,1.543,355,290,-1,-1,0,0
355.781,475.675,8.765,1.543,355,285,0,-1,0,0
364.546,477.219,8.765,1.543,355,280,0,-1,0,0
373.311,478.762,8.765,1.543,355,275,0,-1,0,0
382.076,480.306,8.765,1.543,355,275,0,0,0,0
390.841,481.849,8.765,1.543,360,275,1,0,0,0
399.606,483.392,8.765,1.543,365,275,1,0,0,0
408.372,484.936,8.765,1.543,370,275,1,0,0,0
417.137,486.479,8.765,1.543,375,275,1,0,0,0
425.902,488.022,8.765,1.543,380,275,1,0,0,0
434.667,489.566,8.765,1.543,385,275,1,0,0,0
443.432,491.109,8.765,1.543,390,275,1,0,0,0
452.197,492.653,8.765,1.543,395,275,1,0,0,0
460.962,494.196,8.765,1.543,400,275,1,0,0,0
469.728,495.739,8.765,1.543,405,275,1,0,0,0
478.493,497.283,8.765,1.543,410,275,1,0,0,0
487.258,498.826,8.765,1.543,415,275,1,0,0,0
496.023,500.369,8.765,1.543,420,275,1,0,0,0
504.788,501.913,8.765,1.543,425,275,1,0,0,0
513.553,503.456,8.765,1.543,430,280,1,1,0,0
522.319,505.0,8.765,1.543,435,285,1,1,0,0
531.084,506.543,8.765,1.543,440,290,1,1,0,0
539.849,508.086,8.765,1.543,445,295,1,1,0,0
548.614,509.63,8.765,1.543,450,300,1,1,0,0
557.379,511.173,8.765,1.543,455,300,1,0,0,0
566.144,512.716,8.765,1.543,460,300,1,0,0,0
574.91,514.26,8.765,1.543,465,300,1,0,0,0
583.675,515.803,8.765,1.543,470,300,1,0,0,0
592.44,517.346,8.765,1.543,475,300,1,0,0,0
601.205,518.89,8.765,1.543,480,300,1,0,0,0
609.97,520.433,8.765,1.543,485,300,1,0,0,0
618.735,521.977,8.765,1.543,490,300,1,0,0,0
627.5,523.52,8.765,1.543,495,300,1,0,0,0
636.266,525.063,8.765,1.543,500,300,1,0,0,0
645.031,526.607,8.765,1.543,505,300,1,0,0,0
653.796,528.15,8.765,1.543,510,300,1,0,0,0
662.561,529.693,8.765,1.543,515,300,1,0,0,0
671.326,531.237,8.765,1.543,520,300,1,0,0,0
680.091,532.78,8.765,1.543,520,300,1,0,0,0
688.857,534.324,8.765,1.543,520,300,1,0,0,0
697.622,535.867,8.765,1.543,520,300,1,0,0,0
706.387,537.41,8.765,1.543,520,300,1,0,0,0
715.152,538.954,8.765,1.543,520,300,1,0,0,0
723.917,540.497,8.765,1.543,520,295,1,-1,0,0
732.682,542.04,8.765,1.543,520,290,1,-1,0,0
741.448,543.584,8.765,1.543,520,285,1,-1,0,0
750.213,545.127,8.765,1.543,520,290,1,1,0,0
758.978,546.671,8.765,1.543,520,295,1,1,0,0
767.743,548.214,8.765,1.543,520,300,1,1,0,0
776.508,549.757,8.765,1.543,520,305,1,1,0,0
785.273,551.301,8.765,1.543,520,310,1,1,0,0
794.038,552.844,8.765,1.543,520,315,1,1,0,0
802.804,554.387,8.765,1.543,520,320,1,1,0,0
400.0,300.0,-4.564,2.042,520,325,1,1,1,0
395.436,302.042,-4.564,2.042,520,325,0,0,0,0
390.872,304.084,-4.564,2.042,520,325,0,0,0,0
386.308,306.127,-4.564,2.042,520,325,0,0,0,0
381.744,308.169,-4.564,2.042,520,325,0,0,0,0
377.18,310.211,-4.564,2.042,520,325,0,0,0,0
372.617,312.253,-4.564,2.042,520,325,0,0,0,0
368.053,314.296,-4.564,2.042,515,325,-1,0,0,0
363.489,316.338,-4.564,2.042,510,325,-1,0,0,0
358.925,318.38,-4.564,2.042,505,325,-1,0,0,0
354.361,320.422,-4.564,2.042,500,325,-1,0,0,0
349.797,322.464,-4.564,2.042,495,325,-1,0,0,0
345.233,324.507,-4.564,2.042,490,325,-1,0,0,0
340.669,326.549,-4.564,2.042,485,325,-1,0,0,0
336.105,328.591,-4.564,2.042,480,325,-1,0,0,0
331.541,330.633,-4.564,2.042,475,325,-1,0,0,0
326.977,332.676,-4.564,2.042,470,325,-1,0,0,0
322.413,334.718,-4.564,2.042,465,325,-1,0,0,0
317.85,336.76,-4.564,2.042,460,325,-1,0,0,0
313.286,338.802,-4.564,2.042,455,325,-1,0,0,0
308.722,340.844,-4.564,2.042,450,325,-1,0,0,0
304.158,342.887,-4.564,2.042,445,325,-1,0,0,0
299.594,344.929,-4.564,2.042,440,325,-1,0,0,0
295.03,346.971,-4.564,2.042,435,325,-1,0,0,0
290.466,349.013,-4.564,2.042,430,325,-1,0,0,0
285.902,351.056,-4.564,2.042,425,325,-1,0,0,0
281.338,353.098,-4.564,2.042,420,325,-1,0,0,0
276.774,355.14,-4.564,2.042,415,325,-1,0,0,0
272.21,357.182,-4.564,2.042,410,325,-1,0,0,0
267.646,359.225,-4.564,2.042,410,325,0,0,0,0
263.083,361.267,-4.564,2.042,410,325,0,0,0,0
258.519,363.309,-4.564,2.042,410,325,0,0,0,0
253.955,365.351,-4.564,2.042,410,325,0,0,0,0
249.391,367.393,-4.564,2.042,410,325,0,0,0,0
244.827,369.436,-4.564,2.042,410,325,0,0,0,0
240.263,371.478,-4.564,2.042,410,325,0,0,0,0
235.699,373.52,-4.564,2.042,410,325,0,0,0,0
231.135,375.562,-4.564,2.042,410,325,0,0,0,0
226.571,377.605,-4.564,2.042,410,325,0,0,0,0
222.007,379.647,-4.564,2.042,410,325,0,0,0,0
217.443,381.689,-4.564,2.042,410,325,0,0,0,0
212.879,383.731,-4.564,2.042,410,325,0,0,0,0
208.316,385.773,-4.564,2.042,410,325,0,0,0,0
203.752,387.816,-4.564,2.042,410,325,0,0,0,0
199.188,389.858,-4.564,2.042,410,325,0,0,0,0
194.624,391.9,-4.564,2.042,410,325,0,0,0,0
190.06,393.942,-4.564,2.042,410,325,0,0,0,0
185.496,395.985,-4.564,2.042,410,325,0,0,0,0
180.932,398.027,-4.564,2.042,410,325,0,0,0,0
176.368,400.069,-4.564,2.042,410,325,0,0,0,0
171.804,402.111,-4.564,2.042,415,325,1,0,0,0
167.24,404.153,-4.564,2.042,420,325,1,0,0,0
162.676,406.196,-4.564,2.042,425,325,1,0,0,0
158.113,408.238,-4.564,2.042,430,325,1,0,0,0
153.549,410.28,-4.564,2.042,430,325,0,0,0,0
148.985,412.322,-4.564,2.042,430,325,0,0,0,0
144.421,414.365,-4.564,2.042,430,325,0,0,0,0
139.857,416.407,-4.564,2.042,430,325,0,0,0,0
135.293,418.449,-4.564,2.042,430,325,0,0,0,0
130.729,420.491,-4.564,2.042,430,325,0,0,0,0
126.165,422.533,-4.564,2.042,430,325,0,0,0,0
121.601,424.576,-4.564,2.042,430,325,0,0,0,0
117.037,426.618,-4.564,2.042,430,325,0,0,0,0
112.473,428.66,-4.564,2.042,430,325,0,0,0,0
107.909,430.702,-4.564,2.042,430,325,0,0,0,0
103.346,432.745,-4.564,2.042,430,325,0,0,0,0
98.782,434.787,-4.564,2.042,430,325,0,0,0,0
94.218,436.829,-4.564,2.042,430,325,0,0,0,0
89.654,438.871,-4.564,2.042,430,325,0,0,0,0
85.09,440.913,-4.564,2.042,430,325,0,0,0,0
80.526,442.956,-4.564,2.042,430,325,0,0,0,0
75.962,444.998,-4.564,2.042,430,325,0,0,0,0
71.398,447.04,-4.564,2.042,430,325,0,0,0,0
66.834,449.082,-4.564,2.042,430,325,0,0,0,0
62.27,451.125,-4.564,2.042,430,325,0,0,0,0
57.706,453.167,-4.564,2.042,430,325,0,0,0,0
53.142,455.209,-4.564,2.042,430,325,0,0,0,0
48.579,457.251,-4.564,2.042,430,325,0,0,0,0
49.0,459.294,5.093,-1.466,430,325,0,0,0,0
54.093,457.827,5.093,-1.466,430,325,0,0,0,0
59.186,456.361,5.093,-1.466,430,325,0,0,0,0
64.279,454.895,5.093,-1.466,430,325,0,0,0,0
69.373,453.429,5.093,-1.466,430,325,0,0,0,0
74.466,451.963,5.093,-1.466,430,325,0,0,0,0
79.559,450.496,5.093,-1.466,430,325,0,0,0,0
84.652,449.03,5.093,-1.466,430,325,0,0,0,0
89.745,447.564,5.093,-1.466,430,325,0,0,0,0
94.838,446.098,5.093,-1.466,430,325,0,0,0,0
99.932,444.632,5.093,-1.466,430,325,0,0,0,0
105.025,443.165,5.093,-1.466,430,325,0,0,0,0
110.118,441.699,5.093,-1.466,430,325,0,0,0,0
115.211,440.233,5.093,-1.466,430,325,0,0,0,0
120.304,438.767,5.093,-1.466,430,325,0,0,0,0
125.397,437.301,5.093,-1.466,430,325,0,0,0,0
130.491,435.834,5.093,-1.466,430,325,0,0,0,0
135.584,434.368,5.093,-1.466,430,325,0,0,0,0
140.677,432.902,5.093,-1.466,430,325,0,0,0,0
145.77,431.436,5.093,-1.466,430,325,0,0,0,0
150.863,429.97,5.093,-1.466,430,325,0,0,0,0
155.956,428.504,5.093,-1.466,430,325,0,0,0,0
161.05,427.037,5.093,-1.466,430,325,0,0,0,0
166.143,425.571,5.093,-1.466,430,330,0,1,0,0
171.236,424.105,5.093,-1.466,430,335,0,1,0,0
176.329,422.639,5.093,-1.466,430,340,0,1,0,0
181.422,421.173,5.093,-1.466,430,345,0,1,0,0
186.515,419.706,5.093,-1.466,430,350,0,1,0,0
191.609,418.24,5.093,-1.466,430,355,0,1,0,0
196.702,416.774,5.093,-1.466,430,360,0,1,0,0
201.795,415.308,5.093,-1.466,430,365,0,1,0,0
206.888,413.842,5.093,-1.466,430,370,0,1,0,0
211.981,412.375,5.093,-1.466,430,375,0,1,0,0
217.074,410.909,5.093,-1.466,430,380,0,1,0,0
222.167,409.443,5.093,-1.466,430,385,0,1,0,0
227.261,407.977,5.093,-1.466,430,390,0,1,0,0
232.354,406.511,5.093,-1.466,430,395,0,1,0,0
237.447,405.045,5.093,-1.466,430,400,0,1,0,0
242.54,403.578,5.093,-1.466,430,405,0,1,0,0
247.633,402.112,5.093,-1.466,430,410,0,1,0,0
252.726,400.646,5.093,-1.466,430,415,0,1,0,0
257.82,399.18,5.093,-1.466,430,420,0,1,0,0
262.913,397.714,5.093,-1.466,430,425,0,1,0,0
268.006,396.247,5.093,-1.466,425,425,-1,0,0,0
273.099,394.781,5.093,-1.466,420,425,-1,0,0,0
278.192,393.315,5.093,-1.466,415,425,-1,0,0,0
283.285,391.849,5.093,-1.466,410,425,-1,0,0,0
288.379,390.383,5.093,-1.466,405,420,-1,-1,0,0
293.472,388.916,5.093,-1.466,400,415,-1,-1,0,0
298.565,387.45,5.093,-1.466,395,410,-1,-1,0,0
303.658,385.984,5.093,-1.466,390,405,-1,-1,0,0
308.751,384.518,5.093,-1.466,385,400,-1,-1,0,0
313.844,383.052,5.093,-1.466,380,395,-1,-1,0,0
318.938,381.586,5.093,-1.466,375,390,-1,-1,0,0
324.031,380.119,5.093,-1.466,370,385,-1,-1,0,0
329.124,378.653,5.093,-1.466,365,380,-1,-1,0,0
334.217,377.187,5.093,-1.466,360,375,-1,-1,0,0
339.31,375.721,5.093,-1.466,355,370,-1,-1,0,0
344.403,374.255,5.093,-1.466,350,365,-1,-1,0,0
349.497,372.788,5.093,-1.466,345,365,-1,0,0,0
354.59,371.322,5.093,-1.466,340,365,-1,0,0,0
359.683,369.856,5.093,-1.466,335,365,-1,0,0,0
364.776,368.39,5.093,-1.466,330,365,-1,0,0,0
369.869,366.924,5.093,-1.466,325,365,-1,0,0,0
374.962,365.457,5.093,-1.466,320,365,-1,0,0,0
380.055,363.991,5.093,-1.466,315,365,-1,0,0,0
385.149,362.525,5.093,-1.466,310,365,-1,0,0,0
390.242,361.059,5.093,-1.466,305,365,-1,0,0,0
395.335,359.593,5.093,-1.466,300,365,-1,0,0,0
400.428,358.126,5.093,-1.466,295,365,-1,0,0,0
405.521,356.66,5.093,-1.466,290,365,-1,0,0,0
410.614,355.194,5.093,-1.466,285,365,-1,0,0,0
415.708,353.728,5.093,-1.466,280,365,-1,0,0,0
420.801,352.262,5.093,-1.466,275,365,-1,0,0,0
425.894,350.796,5.093,-1.466,270,365,-1,0,0,0
430.987,349.329,5.093,-1.466,265,365,-1,0,0,0
436.08,347.863,5.093,-1.466,260,365,-1,0,0,0
441.173,346.397,5.093,-1.466,255,365,-1,0,0,0
446.267,344.931,5.093,-1.466,250,365,-1,0,0,0
451.36,343.465,5.093,-1.466,245,365,-1,0,0,0
456.453,341.998,5.093,-1.466,240,365,-1,0,0,0
461.546,340.532,5.093,-1.466,235,365,-1,0,0,0
466.639,339.066,5.093,-1.466,230,365,-1,0,0,0
471.732,337.6,5.093,-1.466,230,360,0,-1,0,0
476.826,336.134,5.093,-1.466,230,355,0,-1,0,0
481.919,334.667,5.093,-1.466,230,350,0,-1,0,0
487.012,333.201,5.093,-1.466,230,345,0,-1,0,0
492.105,331.735,5.093,-1.466,230,340,0,-1,0,0
497.198,330.269,5.093,-1.466,230,335,0,-1,0,0
502.291,328.803,5.093,-1.466,230,330,0,-1,0,0
507.385,327.337,5.093,-1.466,230,325,0,-1,0,0
512.478,325.87,5.093,-1.466,230,320,0,-1,0,0
517.571,324.404,5.093,-1.466,230,315,0,-1,0,0
522.664,322.938,5.093,-1.466,230,310,0,-1,0,0
527.757,321.472,5.093,-1.466,230,305,0,-1,0,0
532.85,320.006,5.093,-1.466,230,300,0,-1,0,0
537.943,318.539,5.093,-1.466,230,295,0,-1,0,0
543.037,317.073,5.093,-1.466,230,290,0,-1,0,0
548.13,315.607,5.093,-1.466,230,285,0,-1,0,0
553.223,314.141,5.093,-1.466,230,285,0,0,0,0
558.316,312.675,5.093,-1.466,230,285,0,0,0,0
563.409,311.208,5.093,-1.466,230,285,0,0,0,0
568.502,309.742,5.093,-1.466,230,285,0,0,0,0
573.596,308.276,5.093,-1.466,230,285,0,0,0,0
578.689,306.81,5.093,-1.466,225,285,-1,0,0,0
583.782,305.344,5.093,-1.466,220,285,-1,0,0,0
588.875,303.878,5.093,-1.466,215,285,-1,0,0,0
593.968,302.411,5.093,-1.466,210,285,-1,0,0,0
599.061,300.945,5.093,-1.466,205,285,-1,0,0,0
604.155,299.479,5.093,-1.466,200,285,-1,0,0,0
609.248,298.013,5.093,-1.466,195,285,-1,0,0,0
614.341,296.547,5.093,-1.466,190,285,-1,0,0,0
619.434,295.08,5.093,-1.466,185,285,-1,0,0,0
624.527,293.614,5.093,-1.466,185,285,0,0,0,0
629.62,292.148,5.093,-1.466,185,285,0,0,0,0
634.714,290.682,5.093,-1.466,185,285,0,0,0,0
639.807,289.216,5.093,-1.466,185,285,0,0,0,0
644.9,287.749,5.093,-1.466,185,285,0,0,0,0
649.993,286.283,5.093,-1.466,185,285,0,0,0,0
655.086,284.817,5.093,-1.466,185,285,0,0,0,0
660.179,283.351,5.093,-1.466,185,285,0,0,0,0
665.273,281.885,5.093,-1.466,185,285,0,0,0,0
670.366,280.419,5.093,-1.466,185,285,0,0,0,0
675.459,278.952,5.093,-1.466,185,285,0,0,0,0
680.552,277.486,5.093,-1.466,185,280,0,-1,0,0
685.645,276.02,5.093,-1.466,185,275,0,-1,0,0
690.738,274.554,5.093,-1.466,185,270,0,-1,0,0
695.831,273.088,5.093,-1.466,185,265,0,-1,0,0
700.925,271.621,5.093,-1.466,185,260,0,-1,0,0
706.018,270.155,5.093,-1.466,185,255,0,-1,0,0
711.111,268.689,5.093,-1.466,180,250,-1,-1,0,0
716.204,267.223,5.093,-1.466,175,245,-1,-1,0,0
721.297,265.757,5.093,-1.466,170,240,-1,-1,0,0
726.39,264.29,5.093,-1.466,165,235,-1,-1,0,0
731.484,262.824,5.093,-1.466,160,230,-1,-1,0,0
736.577,261.358,5.093,-1.466,155,225,-1,-1,0,0
741.67,259.892,5.093,-1.466,150,220,-1,-1,0,0
746.763,258.426,5.093,-1.466,145,215,-1,-1,0,0
751.856,256.959,5.093,-1.466,140,210,-1,-1,0,0
751.0,255.493,-5.39,1.519,135,205,-1,-1,0,0
745.61,257.012,-5.39,1.519,130,200,-1,-1,0,0
740.22,258.532,-5.39,1.519,125,195,-1,-1,0,0
734.83,260.051,-5.39,1.519,120,190,-1,-1,0,0
729.44,261.57,-5.39,1.519,115,185,-1,-1,0,0
724.05,263.089,-5.39,1.519,115,180,0,-1,0,0
718.66,264.608,-5.39,1.519,115,175,0,-1,0,0
713.27,266.127,-5.39,1.519,115,175,0,0,0,0
707.88,267.646,-5.39,1.519,115,175,0,0,0,0
702.49,269.165,-5.39,1.519,115,175,0,0,0,0
697.1,270.685,-5.39,1.519,115,175,0,0,0,0
691.71,272.204,-5.39,1.519,115,175,0,0,0,0
686.32,273.723,-5.39,1.519,115,175,0,0,0,0
680.93,275.242,-5.39,1.519,115,175,0,0,0,0
675.54,276.761,-5.39,1.519,115,175,0,0,0,0
670.15,278.28,-5.39,1.519,115,175,0,0,0,0
664.76,279.799,-5.39,1.519,115,175,0,0,0,0
659.37,281.318,-5.39,1.519,115,175,0,0,0,0
653.98,282.837,-5.39,1.519,115,175,0,0,0,0
648.59,284.357,-5.39,1.519,115,175,0,0,0,0
643.2,285.876,-5.39,1.519,115,175,0,0,0,0
637.81,287.395,-5.39,1.519,115,175,0,0,0,0
632.42,288.914,-5.39,1.519,120,175,1,0,0,0
627.03,290.433,-5.39,1.519,125,175,1,0,0,0
621.64,291.952,-5.39,1.519,130,180,1,1,0,0
616.25,293.471,-5.39,1.519,135,185,1,1,0,0
610.86,294.99,-5.39,1.519,140,190,1,1,0,0
605.47,296.51,-5.39,1.519,145,195,1,1,0,0
600.08,298.029,-5.39,1.519,150,200,1,1,0,0
594.69,299.548,-5.39,1.519,155,205,1,1,0,0
589.3,301.067,-5.39,1.519,160,210,1,1,0,0
583.91,302.586,-5.39,1.519,165,215,1,1,0,0
578.519,304.105,-5.39,1.519,170,220,1,1,0,0
573.129,305.624,-5.39,1.519,175,225,1,1,0,0
567.739,307.143,-5.39,1.519,180,230,1,1,0,0
562.349,308.663,-5.39,1.519,185,235,1,1,0,0
556.959,310.182,-5.39,1.519,190,240,1,1,0,0
551.569,311.701,-5.39,1.519,195,245,1,1,0,0
546.179,313.22,-5.39,1.519,200,250,1,1,0,0
540.789,314.739,-5.39,1.519,205,255,1,1,0,0
535.399,316.258,-5.39,1.519,210,260,1,1,0,0
530.009,317.777,-5.39,1.519,215,265,1,1,0,0
524.619,319.296,-5.39,1.519,220,270,1,1,0,0
519.229,320.815,-5.39,1.519,225,275,1,1,0,0
513.839,322.335,-5.39,1.519,230,280,1,1,0,0
508.449,323.854,-5.39,1.519,235,285,1,1,0,0
503.059,325.373,-5.39,1.519,240,290,1,1,0,0
497.669,326.892,-5.39,1.519,245,290,1,0,0,0
492.279,328.411,-5.39,1.519,250,290,1,0,0,0
486.889,329.93,-5.39,1.519,255,290,1,0,0,0
481.499,331.449,-5.39,1.519,260,290,1,0,0,0
476.109,332.968,-5.39,1.519,265,290,1,0,0,0
470.719,334.488,-5.39,1.519,270,290,1,0,0,0
465.329,336.007,-5.39,1.519,275,290,1,0,0,0
459.939,337.526,-5.39,1.519,280,290,1,0,0,0
454.549,339.045,-5.39,1.519,285,290,1,0,0,0
449.159,340.564,-5.39,1.519,290,290,1,0,0,0
443.769,342.083,-5.39,1.519,295,290,1,0,0,0
438.379,343.602,-5.39,1.519,300,290,1,0,0,0
432.989,345.121,-5.39,1.519,305,290,1,0,0,0
427.599,346.641,-5.39,1.519,310,290,1,0,0,0
422.209,348.16,-5.39,1.519,315,290,1,0,0,0
416.819,349.679,-5.39,1.519,320,290,1,0,0,0
411.429,351.198,-5.39,1.519,325,290,1,0,0,0
406.039,352.717,-5.39,1.519,330,290,1,0,0,0
400.649,354.236,-5.39,1.519,335,290,1,0,0,0
395.259,355.755,-5.39,1.519,340,290,1,0,0,0
389.869,357.274,-5.39,1.519,345,290,1,0,0,0
384.479,358.793,-5.39,1.519,350,290,1,0,0,0
379.089,360.313,-5.39,1.519,355,290,1,0,0,0
373.699,361.832,-5.39,1.519,360,290,1,0,0,0
368.309,363.351,-5.39,1.519,360,290,0,0,0,0
362.919,364.87,-5.39,1.519,360,290,0,0,0,0
357.529,366.389,-5.39,1.519,360,290,0,0,0,0
352.139,367.908,-5.39,1.519,360,290,0,0,0,0
346.749,369.427,-5.39,1.519,360,290,0,0,0,0
341.359,370.946,-5.39,1.519,360,290,0,0,0,0
335.969,372.466,-5.39,1.519,360,290,0,0,0,0
330.579,373.985,-5.39,1.519,360,290,0,0,0,0
325.189,375.504,-5.39,1.519,360,290,0,0,0,0
319.799,377.023,-5.39,1.519,360,295,0,1,0,0
314.409,378.542,-5.39,1.519,360,300,0,1,0,0
309.019,380.061,-5.39,1.519,360,305,0,1,0,0
303.629,381.58,-5.39,1.519,360,310,0,1,0,0
298.239,383.099,-5.39,1.519,360,315,0,1,0,0
292.849,384.619,-5.39,1.519,360,320,0,1,0,0
287.459,386.138,-5.39,1.519,360,325,0,1,0,0
282.069,387.657,-5.39,1.519,365,330,1,1,0,0
276.679,389.176,-5.39,1.519,370,335,1,1,0,0
271.289,390.695,-5.39,1.519,375,340,1,1,0,0
265.899,392.214,-5.39,1.519,380,345,1,1,0,0
260.509,393.733,-5.39,1.519,385,350,1,1,0,0
255.119,395.252,-5.39,1.519,390,355,1,1,0,0
249.729,396.772,-5.39,1.519,390,355,0,0,0,0
244.338,398.291,-5.39,1.519,390,355,0,0,0,0
238.948,399.81,-5.39,1.519,390,355,0,0,0,0
233.558,401.329,-5.39,1.519,390,355,0,0,0,0
228.168,402.848,-5.39,1.519,390,355,0,0,0,0
222.778,404.367,-5.39,1.519,390,355,0,0,0,0
217.388,405.886,-5.39,1.519,390,355,0,0,0,0
211.998,407.405,-5.39,1.519,390,355,0,0,0,0
206.608,408.924,-5.39,1.519,390,355,0,0,0,0
201.218,410.444,-5.39,1.519,390,355,0,0,0,0
195.828,411.963,-5.39,1.519,390,355,0,0,0,0
190.438,413.482,-5.39,1.519,390,355,0,0,0,0
185.048,415.001,-5.39,1.519,390,355,0,0,0,0
179.658,416.52,-5.39,1.519,390,355,0,0,0,0
174.268,418.039,-5.39,1.519,390,355,0,0,0,0
168.878,419.558,-5.39,1.519,390,355,0,0,0,0
163.488,421.077,-5.39,1.519,390,355,0,0,0,0
158.098,422.597,-5.39,1.519,390,360,0,1,0,0
152.708,424.116,-5.39,1.519,390,365,0,1,0,0
147.318,425.635,-5.39,1.519,390,370,0,1,0,0
141.928,427.154,-5.39,1.519,390,375,0,1,0,0
136.538,428.673,-5.39,1.519,390,380,0,1,0,0
131.148,430.192,-5.39,1.519,395,385,1,1,0,0
125.758,431.711,-5.39,1.519,400,390,1,1,0,0
120.368,433.23,-5.39,1.519,405,395,1,1,0,0
114.978,434.75,-5.39,1.519,410,400,1,1,0,0
109.588,436.269,-5.39,1.519,415,405,1,1,0,0
104.198,437.788,-5.39,1.519,420,410,1,1,0,0
98.808,439.307,-5.39,1.519,420,415,0,1,0,0
93.418,440.826,-5.39,1.519,420,420,0,1,0,0
88.028,442.345,-5.39,1.519,420,425,0,1,0,0
82.638,443.864,-5.39,1.519,420,430,0,1,0,0
77.248,445.383,-5.39,1.519,420,435,0,1,0,0
71.858,446.902,-5.39,1.519,420,440,0,1,0,0
66.468,448.422,-5.39,1.519,420,445,0,1,0,0
61.078,449.941,-5.39,1.519,420,450,0,1,0,0
55.688,451.46,-5.39,1.519,425,455,1,1,0,0
50.298,452.979,-5.39,1.519,430,460,1,1,0,0
49.0,454.498,5.07,-3.017,435,460,1,0,0,0
54.07,451.481,5.07,-3.017,440,460,1,0,0,0
59.141,448.464,5.07,-3.017,445,460,1,0,0,0
64.211,445.447,5.07,-3.017,450,460,1,0,0,0
69.281,442.431,5.07,-3.017,450,460,0,0,0,0
74.352,439.414,5.07,-3.017,450,460,0,0,0,0
79.422,436.397,5.07,-3.017,450,460,0,0,0,0
84.492,433.38,5.07,-3.017,450,460,0,0,0,0
89.563,430.363,5.07,-3.017,450,460,0,0,0,0
94.633,427.346,5.07,-3.017,450,460,0,0,0,0
99.703,424.329,5.07,-3.017,450,460,0,0,0,0
104.774,421.312,5.07,-3.017,450,460,0,0,0,0
109.844,418.295,5.07,-3.017,450,460,0,0,0,0
114.914,415.279,5.07,-3.017,450,460,0,0,0,0
119.985,412.262,5.07,-3.017,450,460,0,0,0,0
125.055,409.245,5.07,-3.017,450,460,0,0,0,0
130.126,406.228,5.07,-3.017,450,460,0,0,0,0
135.196,403.211,5.07,-3.017,450,460,0,0,0,0
140.266,400.194,5.07,-3.017,450,460,0,0,0,0
145.337,397.177,5.07,-3.017,450,460,0,0,0,0
150.407,394.16,5.07,-3.017,450,460,0,0,0,0
155.477,391.144,5.07,-3.017,445,460,-1,0,0,0
160.548,388.127,5.07,-3.017,440,460,-1,0,0,0
165.618,385.11,5.07,-3.017,435,460,-1,0,0,0
170.688,382.093,5.07,-3.017,430,460,-1,0,0,0
175.759,379.076,5.07,-3.017,425,460,-1,0,0,0
180.829,376.059,5.07,-3.017,420,460,-1,0,0,0
185.899,373.042,5.07,-3.017,415,460,-1,0,0,0
190.97,370.025,5.07,-3.017,410,460,-1,0,0,0
196.04,367.008,5.07,-3.017,405,460,-1,0,0,0
201.11,363.992,5.07,-3.017,400,460,-1,0,0,0
206.181,360.975,5.07,-3.017,395,460,-1,0,0,0
211.251,357.958,5.07,-3.017,390,460,-1,0,0,0
216.321,354.941,5.07,-3.017,385,460,-1,0,0,0
221.392,351.924,5.07,-3.017,380,460,-1,0,0,0
226.462,348.907,5.07,-3.017,375,460,-1,0,0,0
231.532,345.89,5.07,-3.017,370,465,-1,1,0,0
236.603,342.873,5.07,-3.017,365,470,-1,1,0,0
241.673,339.856,5.07,-3.017,360,475,-1,1,0,0
246.743,336.84,5.07,-3.017,355,480,-1,1,0,0
251.814,333.823,5.07,-3.017,350,485,-1,1,0,0
256.884,330.806,5.07,-3.017,345,490,-1,1,0,0
261.955,327.789,5.07,-3.017,340,495,-1,1,0,0
267.025,324.772,5.07,-3.017,335,500,-1,1,0,0
272.095,321.755,5.07,-3.017,330,505,-1,1,0,0
277.166,318.738,5.07,-3.017,325,510,-1,1,0,0
282.236,315.721,5.07,-3.017,320,515,-1,1,0,0
287.306,312.705,5.07,-3.017,315,520,-1,1,0,0
292.377,309.688,5.07,-3.017,310,520,-1,1,0,0
297.447,306.671,5.07,-3.017,305,520,-1,1,0,0
302.517,303.654,5.07,-3.017,300,520,-1,1,0,0
307.588,300.637,5.07,-3.017,295,520,-1,1,0,0
312.658,297.62,5.07,-3.017,290,520,-1,0,0,0
317.728,294.603,5.07,-3.017,285,520,-1,0,0,0
322.799,291.586,5.07,-3.017,280,520,-1,0,0,0
327.869,288.569,5.07,-3.017,275,520,-1,0,0,0
332.939,285.553,5.07,-3.017,270,520,-1,0,0,0
338.01,282.536,5.07,-3.017,265,520,-1,0,0,0
343.08,279.519,5.07,-3.017,260,520,-1,0,0,0
348.15,276.502,5.07,-3.017,255,520,-1,0,0,0
353.221,273.485,5.07,-3.017,250,520,-1,1,0,0
358.291,270.468,5.07,-3.017,245,520,-1,1,0,0
363.361,267.451,5.07,-3.017,240,520,-1,1,0,0
368.432,264.434,5.07,-3.017,235,520,-1,1,0,0
373.502,261.417,5.07,-3.017,230,520,-1,1,0,0
378.572,258.401,5.07,-3.017,225,520,-1,0,0,0
383.643,255.384,5.07,-3.017,220,515,-1,-1,0,0
388.713,252.367,5.07,-3.017,215,510,-1,-1,0,0
393.784,249.35,5.07,-3.017,210,505,-1,-1,0,0
398.854,246.333,5.07,-3.017,205,500,-1,-1,0,0
403.924,243.316,5.07,-3.017,200,495,-1,-1,0,0
408.995,240.299,5.07,-3.017,195,490,-1,-1,0,0
414.065,237.282,5.07,-3.017,190,485,-1,-1,0,0
419.135,234.266,5.07,-3.017,185,480,-1,-1,0,0
424.206,231.249,5.07,-3.017,180,475,-1,-1,0,0
429.276,228.232,5.07,-3.017,175,470,-1,-1,0,0
434.346,225.215,5.07,-3.017,170,465,-1,-1,0,0
439.417,222.198,5.07,-3.017,165,460,-1,-1,0,0
444.487,219.181,5.07,-3.017,160,455,-1,-1,0,0
449.557,216.164,5.07,-3.017,155,450,-1,-1,0,0
454.628,213.147,5.07,-3.017,150,445,-1,-1,0,0
459.698,210.13,5.07,-3.017,145,440,-1,-1,0,0
464.768,207.114,5.07,-3.017,140,435,-1,-1,0,0
469.839,204.097,5.07,-3.017,140,430,0,-1,0,0
474.909,201.08,5.07,-3.017,140,425,0,-1,0,0
479.979,198.063,5.07,-3.017,140,420,0,-1,0,0
485.05,195.046,5.07,-3.017,140,415,0,-1,0,0
490.12,192.029,5.07,-3.017,140,410,0,-1,0,0
495.19,189.012,5.07,-3.017,140,405,0,-1,0,0
500.261,185.995,5.07,-3.017,140,400,0,-1,0,0
505.331,182.978,5.07,-3.017,140,395,0,-1,0,0
510.401,179.962,5.07,-3.017,140,390,0,-1,0,0
515.472,176.945,5.07,-3.017,140,385,0,-1,0,0
520.542,173.928,5.07,-3.017,140,380,0,-1,0,0
525.613,170.911,5.07,-3.017,140,375,0,-1,0,0
530.683,167.894,5.07,-3.017,140,370,0,-1,0,0
535.753,164.877,5.07,-3.017,140,365,0,-1,0,0
540.824,161.86,5.07,-3.017,140,360,0,-1,0,0
545.894,158.843,5.07,-3.017,140,355,0,-1,0,0
550.964,155.827,5.07,-3.017,140,350,0,-1,0,0
556.035,152.81,5.07,-3.017,140,345,0,-1,0,0
561.105,149.793,5.07,-3.017,140,340,0,-1,0,0
566.175,146.776,5.07,-3.017,140,335,0,-1,0,0
571.246,143.759,5.07,-3.017,140,330,0,-1,0,0
576.316,140.742,5.07,-3.017,140,325,0,-1,0,0
581.386,137.725,5.07,-3.017,140,320,0,-1,0,0
586.457,134.708,5.07,-3.017,140,315,0,-1,0,0
591.527,131.691,5.07,-3.017,140,310,0,-1,0,0
596.597,128.675,5.07,-3.017,140,305,0,-1,0,0
601.668,125.658,5.07,-3.017,140,300,0,-1,0,0
606.738,122.641,5.07,-3.017,140,295,0,-1,0,0
611.808,119.624,5.07,-3.017,140,290,0,-1,0,0
616.879,116.607,5.07,-3.017,140,285,0,-1,0,0
621.949,113.59,5.07,-3.017,140,280,0,-1,0,0
627.019,110.573,5.07,-3.017,140,275,0,-1,0,0
632.09,107.556,5.07,-3.017,140,270,0,-1,0,0
637.16,104.54,5.07,-3.017,140,265,0,-1,0,0
642.23,101.523,5.07,-3.017,140,260,0,-1,0,0
647.301,98.506,5.07,-3.017,140,255,0,-1,0,0
652.371,95.489,5.07,-3.017,140,250,0,-1,0,0
657.442,92.472,5.07,-3.017,140,245,0,-1,0,0
662.512,89.455,5.07,-3.017,140,240,0,-1,0,0
667.582,86.438,5.07,-3.017,140,235,0,-1,0,0
672.653,83.421,5.07,-3.017,140,230,0,-1,0,0
677.723,80.404,5.07,-3.017,140,225,0,-1,0,0
682.793,77.388,5.07,-3.017,140,220,0,-1,0,0
687.864,74.371,5.07,-3.017,140,215,0,-1,0,0
692.934,71.354,5.07,-3.017,140,210,0,-1,0,0
698.004,68.337,5.07,-3.017,140,205,0,-1,0,0
703.075,65.32,5.07,-3.017,140,200,0,-1,0,0
708.145,62.303,5.07,-3.017,140,195,0,-1,0,0
713.215,59.286,5.07,-3.017,140,190,0,-1,0,0
718.286,56.269,5.07,-3.017,140,185,0,-1,0,0
723.356,53.252,5.07,-3.017,140,180,0,-1,0,0
728.426,50.236,5.07,-3.017,140,175,0,-1,0,0
733.497,47.219,5.07,-3.017,140,170,0,-1,0,0
738.567,44.202,5.07,-3.017,140,165,0,-1,0,0
743.637,41.185,5.07,-3.017,140,160,0,-1,0,0
748.708,38.168,5.07,-3.017,140,155,0,-1,0,0
753.778,35.151,5.07,-3.017,140,150,0,-1,0,0
758.848,32.134,5.07,-3.017,140,145,0,-1,0,0
763.919,29.117,5.07,-3.017,140,140,0,-1,0,0
768.989,26.101,5.07,-3.017,140,135,0,-1,0,0
774.059,23.084,5.07,-3.017,140,130,0,-1,0,0
779.13,20.067,5.07,-3.017,140,125,0,-1,0,0
784.2,17.05,5.07,-3.017,140,120,0,-1,0,0
789.271,14.033,5.07,-3.017,140,115,0,-1,0,0
794.341,11.016,5.07,-3.017,140,110,0,-1,0,0
799.411,7.999,5.07,-3.017,140,105,0,-1,0,0
804.482,6.0,5.07,3.017,140,100,0,-1,0,0
400.0,300.0,-4.701,1.704,140,95,0,-1,1,0
404.264,302.611,4.264,2.611,145,95,1,0,0,0
408.528,305.223,4.264,2.611,150,95,1,0,0,0
412.792,307.834,4.264,2.611,155,95,1,0,0,0
417.056,310.445,4.264,2.611,160,95,1,0,0,0
421.32,313.056,4.264,2.611,165,95,1,0,0,0
425.584,315.668,4.264,2.611,170,95,1,0,0,0
429.848,318.279,4.264,2.611,175,95,1,0,0,0
434.111,320.89,4.264,2.611,180,95,1,0,0,0
438.375,323.502,4.264,2.611,185,95,1,0,0,0
442.639,326.113,4.264,2.611,190,95,1,0,0,0
446.903,328.724,4.264,2.611,195,95,1,0,0,0
451.167,331.336,4.264,2.611,200,95,1,0,0,0
455.431,333.947,4.264,2.611,205,95,1,0,0,0
459.695,336.558,4.264,2.611,210,95,1,0,0,0
463.959,339.169,4.264,2.611,215,95,1,0,0,0
468.223,341.781,4.264,2.611,220,95,1,0,0,0
472.487,344.392,4.264,2.611,225,95,1,0,0,0
476.751,347.003,4.264,2.611,230,95,1,0,0,0
481.015,349.615,4.264,2.611,235,95,1,0,0,0
485.279,352.226,4.264,2.611,240,95,1,0,0,0
489.543,354.837,4.264,2.611,245,95,1,0,0,0
493.807,357.449,4.264,2.611,250,95,1,0,0,0
498.07,360.06,4.264,2.611,255,95,1,0,0,0
502.334,362.671,4.264,2.611,255,95,0,0,0,0
506.598,365.282,4.264,2.611,255,95,0,0,0,0
510.862,367.894,4.264,2.611,255,95,0,0,0,0
515.126,370.505,4.264,2.611,255,95,0,0,0,0
519.39,373.116,4.264,2.611,255,95,0,0,0,0
523.654,375.728,4.264,2.611,255,95,0,0,0,0
527.918,378.339,4.264,2.611,255,95,0,0,0,0
532.182,380.95,4.264,2.611,260,95,1,0,0,0
536.446,383.561,4.264,2.611,265,95,1,0,0,0
540.71,386.173,4.264,2.611,270,95,1,0,0,0
544.974,388.784,4.264,2.611,275,95,1,0,0,0
549.238,391.395,4.264,2.611,280,95,1,0,0,0
553.502,394.007,4.264,2.611,285,95,1,0,0,0
557.766,396.618,4.264,2.611,290,95,1,0,0,0
562.029,399.229,4.264,2.611,295,95,1,0,0,0
566.293,401.841,4.264,2.611,300,95,1,0,0,0
570.557,404.452,4.264,2.611,305,95,1,0,0,0
574.821,407.063,4.264,2.611,310,95,1,0,0,0
579.085,409.674,4.264,2.611,315,95,1,0,0,0
583.349,412.286,4.264,2.611,320,100,1,1,0,0
587.613,414.897,4.264,2.611,325,105,1,1,0,0
591.877,417.508,4.264,2.611,330,110,1,1,0,0
596.141,420.12,4.264,2.611,335,115,1,1,0,0
600.405,422.731,4.264,2.611,340,120,1,1,0,0
604.669,425.342,4.264,2.611,345,125,1,1,0,0
608.933,427.954,4.264,2.611,350,130,1,1,0,0
613.197,430.565,4.264,2.611,355,135,1,1,0,0
617.461,433.176,4.264,2.611,360,140,1,1,0,0
621.725,435.787,4.264,2.611,365,145,1,1,0,0
625.988,438.399,4.264,2.611,370,150,1,1,0,0
630.252,441.01,4.264,2.611,375,155,1,1,0,0
634.516,443.621,4.264,2.611,380,160,1,1,0,0
638.78,446.233,4.264,2.611,385,165,1,1,0,0
643.044,448.844,4.264,2.611,390,170,1,1,0,0
647.308,451.455,4.264,2.611,395,175,1,1,0,0
651.572,454.066,4.264,2.611,400,180,1,1,0,0
655.836,456.678,4.264,2.611,405,185,1,1,0,0
660.1,459.289,4.264,2.611,410,190,1,1,0,0
664.364,461.9,4.264,2.611,415,195,1,1,0,0
668.628,464.512,4.264,2.611,420,200,1,1,0,0
672.892,467.123,4.264,2.611,425,205,1,1,0,0
677.156,469.734,4.264,2.611,430,210,1,1,0,0
681.42,472.346,4.264,2.611,435,215,1,1,0,0
685.684,474.957,4.264,2.611,440,220,1,1,0,0
689.948,477.568,4.264,2.611,445,225,1,1,0,0
694.211,480.179,4.264,2.611,450,230,1,1,0,0
698.475,482.791,4.264,2.611,455,235,1,1,0,0
702.739,485.402,4.264,2.611,460,240,1,1,0,0
707.003,488.013,4.264,2.611,465,245,1,1,0,0
711.267,490.625,4.264,2.611,470,250,1,1,0,0
715.531,493.236,4.264,2.611,475,255,1,1,0,0
719.795,495.847,4.264,2.611,480,260,1,1,0,0
724.059,498.459,4.264,2.611,485,265,1,1,0,0
728.323,501.07,4.264,2.611,490,270,1,1,0,0
732.587,503.681,4.264,2.611,495,275,1,1,0,0
736.851,506.292,4.264,2.611,500,280,1,1,0,0
741.115,508.904,4.264,2.611,505,285,1,1,0,0
745.379,511.515,4.264,2.611,510,290,1,1,0,0
749.643,514.126,4.264,2.611,510,295,0,1,0,0
753.907,516.738,4.264,2.611,510,300,0,1,0,0
758.17,519.349,4.264,2.611,510,305,0,1,0,0
762.434,521.96,4.264,2.611,510,310,0,1,0,0
766.698,524.571,4.264,2.611,510,315,0,1,0,0
770.962,527.183,4.264,2.611,510,320,0,1,0,0
775.226,529.794,4.264,2.611,510,325,0,1,0,0
779.49,532.405,4.264,2.611,510,330,0,1,0,0
783.754,535.017,4.264,2.611,510,335,0,1,0,0
788.018,537.628,4.264,2.611,510,340,0,1,0,0
792.282,540.239,4.264,2.611,510,345,0,1,0,0
796.546,542.851,4.264,2.611,510,350,0,1,0,0
800.81,545.462,4.264,2.611,510,355,0,1,0,0
805.074,548.073,4.264,2.611,510,360,0,1,0,0
400.0,300.0,-4.912,0.933,510,365,0,1,1,0
395.088,300.933,-4.912,0.933,505,365,-1,0,0,0
390.176,301.866,-4.912,0.933,500,365,-1,0,0,0
385.263,302.799,-4.912,0.933,495,365,-1,0,0,0
380.351,303.732,-4.912,0.933,490,365,-1,0,0,0
375.439,304.665,-4.912,0.933,485,365,-1,0,0,0
370.527,305.598,-4.912,0.933,480,365,-1,0,0,0
365.615,306.531,-4.912,0.933,475,365,-1,0,0,0
360.702,307.463,-4.912,0.933,470,365,-1,0,0,0
355.79,308.396,-4.912,0.933,465,365,-1,0,0,0
350.878,309.329,-4.912,0.933,460,365,-1,0,0,0
345.966,310.262,-4.912,0.933,455,365,-1,0,0,0
341.054,311.195,-4.912,0.933,450,365,-1,0,0,0
336.141,312.128,-4.912,0.933,445,365,-1,0,0,0
331.229,313.061,-4.912,0.933,440,365,-1,0,0,0
326.317,313.994,-4.912,0.933,435,365,-1,0,0,0
321.405,314.927,-4.912,0.933,430,365,-1,0,0,0
316.493,315.86,-4.912,0.933,425,365,-1,0,0,0
311.581,316.793,-4.912,0.933,420,365,-1,0,0,0
306.668,317.726,-4.912,0.933,415,365,-1,0,0,0
301.756,318.659,-4.912,0.933,410,365,-1,0,0,0
296.844,319.592,-4.912,0.933,405,365,-1,0,0,0
291.932,320.525,-4.912,0.933,400,365,-1,0,0,0
287.02,321.457,-4.912,0.933,395,365,-1,0,0,0
282.107,322.39,-4.912,0.933,390,365,-1,0,0,0
277.195,323.323,-4.912,0.933,385,365,-1,0,0,0
272.283,324.256,-4.912,0.933,380,365,-1,0,0,0
267.371,325.189,-4.912,0.933,375,365,-1,0,0,0
262.459,326.122,-4.912,0.933,370,365,-1,0,0,0
257.546,327.055,-4.912,0.933,365,365,-1,0,0,0
252.634,327.988,-4.912,0.933,360,365,-1,0,0,0
247.722,328.921,-4.912,0.933,355,365,-1,0,0,0
242.81,329.854,-4.912,0.933,350,365,-1,0,0,0
237.898,330.787,-4.912,0.933,345,365,-1,0,0,0
232.985,331.72,-4.912,0.933,340,365,-1,0,0,0
228.073,332.653,-4.912,0.933,335,365,-1,0,0,0
223.161,333.586,-4.912,0.933,330,365,-1,0,0,0
218.249,334.519,-4.912,0.933,325,365,-1,0,0,0
213.337,335.451,-4.912,0.933,320,365,-1,0,0,0
208.424,336.384,-4.912,0.933,320,365,0,0,0,0
203.512,337.317,-4.912,0.933,320,365,0,0,0,0
198.6,338.25,-4.912,0.933,320,365,0,0,0,0
193.688,339.183,-4.912,0.933,320,365,0,0,0,0
188.776,340.116,-4.912,0.933,320,365,0,0,0,0
183.864,341.049,-4.912,0.933,320,365,0,0,0,0
178.951,341.982,-4.912,0.933,320,365,0,0,0,0
174.039,342.915,-4.912,0.933,320,365,0,0,0,0
169.127,343.848,-4.912,0.933,320,365,0,0,0,0
164.215,344.781,-4.912,0.933,320,365,0,0,0,0
159.303,345.714,-4.912,0.933,320,365,0,0,0,0
154.39,346.647,-4.912,0.933,320,365,0,0,0,0
149.478,347.58,-4.912,0.933,320,365,0,0,0,0
144.566,348.513,-4.912,0.933,320,365,0,0,0,0
139.654,349.445,-4.912,0.933,320,365,0,0,0,0
134.742,350.378,-4.912,0.933,320,365,0,0,0,0
129.829,351.311,-4.912,0.933,320,365,0,0,0,0
124.917,352.244,-4.912,0.933,320,365,0,0,0,0
120.005,353.177,-4.912,0.933,320,365,0,0,0,0
115.093,354.11,-4.912,0.933,320,365,0,0,0,0
110.181,355.043,-4.912,0.933,320,365,0,0,0,0
105.268,355.976,-4.912,0.933,320,365,0,0,0,0
100.356,356.909,-4.912,0.933,320,365,0,0,0,0
95.444,357.842,-4.912,0.933,320,365,0,0,0,0
90.532,358.775,-4.912,0.933,320,365,0,0,0,0
85.62,359.708,-4.912,0.933,320,365,0,0,0,0
80.707,360.641,-4.912,0.933,320,365,0,0,0,0
75.795,361.574,-4.912,0.933,320,365,0,0,0,0
70.883,362.507,-4.912,0.933,320,365,0,0,0,0
65.971,363.439,-4.912,0.933,320,365,0,0,0,0
61.059,364.372,-4.912,0.933,320,365,0,0,0,0
56.147,365.305,-4.912,0.933,320,365,0,0,0,0
51.234,366.238,-4.912,0.933,320,365,0,0,0,0
49.0,367.171,5.207,0.989,320,365,0,0,0,0
54.207,368.16,5.207,0.989,320,365,0,0,0,0
59.414,369.15,5.207,0.989,320,365,0,0,0,0
64.621,370.139,5.207,0.989,320,365,0,0,0,0
69.827,371.128,5.207,0.989,320,365,0,0,0,0
75.034,372.117,5.207,0.989,320,365,0,0,0,0
80.241,373.106,5.207,0.989,320,365,0,0,0,0
85.448,374.096,5.207,0.989,320,365,0,0,0,0
90.655,375.085,5.207,0.989,320,365,0,0,0,0
95.862,376.074,5.207,0.989,320,365,0,0,0,0
101.069,377.063,5.207,0.989,320,365,0,0,0,0
106.276,378.052,5.207,0.989,320,365,0,0,0,0
111.482,379.042,5.207,0.989,320,365,0,0,0,0
116.689,380.031,5.207,0.989,320,365,0,0,0,0
121.896,381.02,5.207,0.989,320,365,0,0,0,0
127.103,382.009,5.207,0.989,320,365,0,0,0,0
132.31,382.998,5.207,0.989,320,365,0,0,0,0
137.517,383.987,5.207,0.989,320,365,0,0,0,0
142.724,384.977,5.207,0.989,320,365,0,0,0,0
147.931,385.966,5.207,0.989,320,365,0,0,0,0
153.137,386.955,5.207,0.989,320,365,0,0,0,0
158.344,387.944,5.207,0.989,320,365,0,0,0,0
163.551,388.933,5.207,0.989,320,365,0,0,0,0
168.758,389.923,5.207,0.989,320,365,0,0,0,0
173.965,390.912,5.207,0.989,320,365,0,0,0,0
179.172,391.901,5.207,0.989,320,365,0,0,0,0
184.379,392.89,5.207,0.989,320,365,0,0,0,0
189.585,393.879,5.207,0.989,320,365,0,0,0,0
194.792,394.869,5.207,0.989,320,365,0,0,0,0
199.999,395.858,5.207,0.989,320,370,0,1,0,0
205.206,396.847,5.207,0.989,320,375,0,1,0,0
210.413,397.836,5.207,0.989,320,380,0,1,0,0
215.62,398.825,5.207,0.989,320,385,0,1,0,0
220.827,399.815,5.207,0.989,320,390,0,1,0,0
226.034,400.804,5.207,0.989,320,395,0,1,0,0
231.24,401.793,5.207,0.989,325,400,1,1,0,0
236.447,402.782,5.207,0.989,330,405,1,1,0,0
241.654,403.771,5.207,0.989,335,410,1,1,0,0
246.861,404.761,5.207,0.989,340,415,1,1,0,0
252.068,405.75,5.207,0.989,345,420,1,1,0,0
257.275,406.739,5.207,0.989,350,425,1,1,0,0
262.482,407.728,5.207,0.989,355,430,1,1,0,0
267.689,408.717,5.207,0.989,360,435,1,1,0,0
272.895,409.706,5.207,0.989,365,440,1,1,0,0
278.102,410.696,5.207,0.989,370,445,1,1,0,0
283.309,411.685,5.207,0.989,375,450,1,1,0,0
288.516,412.674,5.207,0.989,375,455,0,1,0,0
293.723,413.663,5.207,0.989,375,460,0,1,0,0
298.93,414.652,5.207,0.989,375,460,0,0,0,0
304.137,415.642,5.207,0.989,375,460,0,0,0,0
309.344,416.631,5.207,0.989,375,460,0,0,0,0
314.55,417.62,5.207,0.989,375,460,0,0,0,0
319.757,418.609,5.207,0.989,375,460,0,0,0,0
324.964,419.598,5.207,0.989,375,460,0,0,0,0
330.171,420.588,5.207,0.989,375,460,0,0,0,0
335.378,421.577,5.207,0.989,375,460,0,0,0,0
340.585,422.566,5.207,0.989,375,460,0,0,0,0
345.792,423.555,5.207,0.989,375,460,0,0,0,0
350.998,424.544,5.207,0.989,375,460,0,0,0,0
356.205,425.534,5.207,0.989,375,460,0,0,0,0
361.412,426.523,5.207,0.989,375,460,0,0,0,0
366.619,427.512,5.207,0.989,375,460,0,0,0,0
371.826,428.501,5.207,0.989,375,460,0,0,0,0
377.033,429.49,5.207,0.989,375,460,0,0,0,0
382.24,430.48,5.207,0.989,375,460,0,0,0,0
387.447,431.469,5.207,0.989,375,460,0,0,0,0
392.653,432.458,5.207,0.989,375,460,0,0,0,0
397.86,433.447,5.207,0.989,375,460,0,0,0,0
403.067,434.436,5.207,0.989,375,460,0,0,0,0
408.274,435.426,5.207,0.989,375,460,0,0,0,0
413.481,436.415,5.207,0.989,375,460,0,0,0,0
418.688,437.404,5.207,0.989,375,460,0,0,0,0
423.895,438.393,5.207,0.989,375,460,0,0,0,0
429.102,439.382,5.207,0.989,375,460,0,0,0,0
434.308,440.371,5.207,0.989,375,460,0,0,0,0
439.515,441.361,5.207,0.989,375,460,0,0,0,0
444.722,442.35,5.207,0.989,375,460,0,0,0,0
449.929,443.339,5.207,0.989,375,460,0,0,0,0
455.136,444.328,5.207,0.989,375,460,0,0,0,0
460.343,445.317,5.207,0.989,375,460,0,0,0,0
465.55,446.307,5.207,0.989,375,460,0,0,0,0
470.756,447.296,5.207,0.989,375,460,0,0,0,0
475.963,448.285,5.207,0.989,375,460,0,0,0,0
481.17,449.274,5.207,0.989,375,460,0,0,0,0
486.377,450.263,5.207,0.989,375,460,0,0,0,0
491.584,451.253,5.207,0.989,375,460,0,0,0,0
496.791,452.242,5.207,0.989,375,460,0,0,0,0
501.998,453.231,5.207,0.989,375,460,0,0,0,0
507.205,454.22,5.207,0.989,375,460,0,0,0,0
512.411,455.209,5.207,0.989,375,460,0,0,0,0
517.618,456.199,5.207,0.989,375,460,0,0,0,0
522.825,457.188,5.207,0.989,375,460,0,0,0,0
528.032,458.177,5.207,0.989,375,460,0,0,0,0
533.239,459.166,5.207,0.989,375,460,0,0,0,0
538.446,460.155,5.207,0.989,375,460,0,0,0,0
543.653,461.145,5.207,0.989,375,460,0,0,0,0
548.86,462.134,5.207,0.989,375,460,0,0,0,0
554.066,463.123,5.207,0.989,375,460,0,0,0,0
559.273,464.112,5.207,0.989,375,460,0,0,0,0
564.48,465.101,5.207,0.989,375,460,0,0,0,0
569.687,466.09,5.207,0.989,375,460,0,0,0,0
574.894,467.08,5.207,0.989,375,460,0,0,0,0
580.101,468.069,5.207,0.989,375,460,0,0,0,0
585.308,469.058,5.207,0.989,375,460,0,0,0,0
590.514,470.047,5.207,0.989,375,460,0,0,0,0
595.721,471.036,5.207,0.989,375,460,0,0,0,0
600.928,472.026,5.207,0.989,375,460,0,0,0,0
606.135,473.015,5.207,0.989,375,460,0,0,0,0
611.342,474.004,5.207,0.989,375,460,0,0,0,0
616.549,474.993,5.207,0.989,375,460,0,0,0,0
621.756,475.982,5.207,0.989,375,460,0,0,0,0
626.963,476.972,5.207,0.989,375,460,0,0,0,0
632.169,477.961,5.207,0.989,375,460,0,0,0,0
637.376,478.95,5.207,0.989,375,460,0,0,0,0
642.583,479.939,5.207,0.989,375,460,0,0,0,0
647.79,480.928,5.207,0.989,375,460,0,0,0,0
652.997,481.918,5.207,0.989,375,460,0,0,0,0
658.204,482.907,5.207,0.989,375,460,0,0,0,0
663.411,483.896,5.207,0.989,375,460,0,0,0,0
668.618,484.885,5.207,0.989,375,460,0,0,0,0
673.824,485.874,5.207,0.989,375,460,0,0,0,0
679.031,486.864,5.207,0.989,375,460,0,0,0,0
684.238,487.853,5.207,0.989,375,460,0,0,0,0
689.445,488.842,5.207,0.989,375,460,0,0,0,0
694.652,489.831,5.207,0.989,375,460,0,0,0,0
699.859,490.82,5.207,0.989,375,460,0,0,0,0
705.066,491.81,5.207,0.989,375,460,0,0,0,0
710.273,492.799,5.207,0.989,375,460,0,0,0,0
715.479,493.788,5.207,0.989,375,460,0,0,0,0
720.686,494.777,5.207,0.989,375,460,0,0,0,0
725.893,495.766,5.207,0.989,375,460,0,0,0,0
731.1,496.755,5.207,0.989,375,460,0,0,0,0
736.307,497.745,5.207,0.989,375,460,0,0,0,0
741.514,498.734,5.207,0.989,375,460,0,0,0,0
746.721,499.723,5.207,0.989,375,460,0,0,0,0
751.927,500.712,5.207,0.989,375,460,0,0,0,0
751.0,501.701,-5.594,0.249,375,460,0,0,0,0
745.406,501.951,-5.594,0.249,375,460,0,0,0,0
739.811,502.2,-5.594,0.249,375,460,0,0,0,0
734.217,502.45,-5.594,0.249,375,460,0,0,0,0
728.622,502.699,-5.594,0.249,375,460,0,0,0,0
723.028,502.948,-5.594,0.249,375,460,0,0,0,0
717.433,503.198,-5.594,0.249,375,460,0,0,0,0
711.839,503.447,-5.594,0.249,375,460,0,0,0,0
706.244,503.696,-5.594,0.249,375,460,0,0,0,0
700.65,503.946,-5.594,0.249,375,460,0,0,0,0
695.056,504.195,-5.594,0.249,380,460,1,0,0,0
689.461,504.444,-5.594,0.249,385,460,1,0,0,0
683.867,504.694,-5.594,0.249,390,460,1,0,0,0
678.272,504.943,-5.594,0.249,395,460,1,0,0,0
672.678,505.193,-5.594,0.249,400,460,1,0,0,0
667.083,505.442,-5.594,0.249,405,460,1,0,0,0
661.489,505.691,-5.594,0.249,410,460,1,0,0,0
655.894,505.941,-5.594,0.249,415,460,1,0,0,0
650.3,506.19,-5.594,0.249,420,460,1,0,0,0
644.706,506.439,-5.594,0.249,425,460,1,0,0,0
639.111,506.689,-5.594,0.249,430,460,1,0,0,0
633.517,506.938,-5.594,0.249,435,460,1,0,0,0
627.922,507.187,-5.594,0.249,440,460,1,0,0,0
622.328,507.437,-5.594,0.249,445,460,1,0,0,0
616.733,507.686,-5.594,0.249,450,460,1,0,0,0
611.139,507.936,-5.594,0.249,455,460,1,0,0,0
605.544,508.185,-5.594,0.249,460,460,1,0,0,0
599.95,508.434,-5.594,0.249,465,460,1,0,0,0
594.356,508.684,-5.594,0.249,470,460,1,0,0,0
588.761,508.933,-5.594,0.249,470,460,0,0,0,0
583.167,509.182,-5.594,0.249,470,460,0,0,0,0
577.572,509.432,-5.594,0.249,470,460,0,0,0,0
571.978,509.681,-5.594,0.249,470,460,0,0,0,0
566.383,509.93,-5.594,0.249,470,460,0,0,0,0
560.789,510.18,-5.594,0.249,470,460,0,0,0,0
555.194,510.429,-5.594,0.249,470,460,0,0,0,0
549.6,510.679,-5.594,0.249,470,460,0,0,0,0
544.006,510.928,-5.594,0.249,470,460,0,0,0,0
538.411,511.177,-5.594,0.249,470,460,0,0,0,0
532.817,511.427,-5.594,0.249,470,460,0,0,0,0
527.222,511.676,-5.594,0.249,470,460,0,0,0,0
521.628,511.925,-5.594,0.249,470,460,0,0,0,0
516.033,512.175,-5.594,0.249,470,460,0,0,0,0
510.439,512.424,-5.594,0.249,470,460,0,0,0,0
504.844,512.673,-5.594,0.249,470,460,0,0,0,0
499.25,512.923,-5.594,0.249,470,460,0,0,0,0
493.656,513.172,-5.594,0.249,470,460,0,0,0,0
488.061,513.422,-5.594,0.249,470,460,0,0,0,0
482.467,513.671,-5.594,0.249,470,460,0,0,0,0
476.872,513.92,-5.594,0.249,470,460,0,0,0,0
471.278,514.17,-5.594,0.249,470,460,0,0,0,0
465.683,514.419,-5.594,0.249,470,460,0,0,0,0
460.089,514.668,-5.594,0.249,470,460,0,0,0,0
454.494,514.918,-5.594,0.249,470,460,0,0,0,0
448.9,515.167,-5.594,0.249,470,460,0,0,0,0
443.306,515.416,-5.594,0.249,470,460,0,0,0,0
437.711,515.666,-5.594,0.249,470,460,0,0,0,0
432.117,515.915,-5.594,0.249,470,460,0,0,0,0
426.522,516.165,-5.594,0.249,470,460,0,0,0,0
420.928,516.414,-5.594,0.249,470,460,0,0,0,0
415.333,516.663,-5.594,0.249,470,460,0,0,0,0
409.739,516.913,-5.594,0.249,470,460,0,0,0,0
404.144,517.162,-5.594,0.249,470,460,0,0,0,0
398.55,517.411,-5.594,0.249,470,460,0,0,0,0
392.956,517.661,-5.594,0.249,470,460,0,0,0,0
387.361,517.91,-5.594,0.249,470,460,0,0,0,0
381.767,518.159,-5.594,0.249,470,460,0,0,0,0
376.172,518.409,-5.594,0.249,470,460,0,0,0,0
370.578,518.658,-5.594,0.249,470,460,0,0,0,0
364.983,518.908,-5.594,0.249,470,460,0,0,0,0
359.389,519.157,-5.594,0.249,475,460,1,0,0,0
353.794,519.406,-5.594,0.249,480,460,1,0,0,0
348.2,519.656,-5.594,0.249,485,460,1,0,0,0
342.605,519.905,-5.594,0.249,490,460,1,0,0,0
337.011,520.154,-5.594,0.249,495,460,1,0,0,0
331.417,520.404,-5.594,0.249,495,460,0,0,0,0
325.822,520.653,-5.594,0.249,495,460,0,0,0,0
320.228,520.902,-5.594,0.249,495,460,0,0,0,0
314.633,521.152,-5.594,0.249,495,460,0,0,0,0
309.039,521.401,-5.594,0.249,495,460,0,0,0,0
303.444,521.651,-5.594,0.249,495,460,0,0,0,0
297.85,521.9,-5.594,0.249,495,460,0,0,0,0
292.255,522.149,-5.594,0.249,495,460,0,0,0,0
286.661,522.399,-5.594,0.249,495,460,0,0,0,0
281.067,522.648,-5.594,0.249,495,460,0,0,0,0
275.472,522.897,-5.594,0.249,495,460,0,0,0,0
269.878,523.147,-5.594,0.249,495,460,0,0,0,0
264.283,523.396,-5.594,0.249,495,460,0,0,0,0
258.689,523.645,-5.594,0.249,495,460,0,0,0,0
253.094,523.895,-5.594,0.249,495,460,0,0,0,0
247.5,524.144,-5.594,0.249,495,460,0,0,0,0
241.905,524.394,-5.594,0.249,495,460,0,0,0,0
236.311,524.643,-5.594,0.249,495,460,0,0,0,0
230.717,524.892,-5.594,0.249,495,460,0,0,0,0
225.122,525.142,-5.594,0.249,495,460,0,0,0,0
219.528,525.391,-5.594,0.249,495,460,0,0,0,0
213.933,525.64,-5.594,0.249,495,460,0,0,0,0
208.339,525.89,-5.594,0.249,495,460,0,0,0,0
202.744,526.139,-5.594,0.249,495,460,0,0,0,0
197.15,526.388,-5.594,0.249,495,460,0,0,0,0
191.555,526.638,-5.594,0.249,495,460,0,0,0,0
185.961,526.887,-5.594,0.249,495,460,0,0,0,0
180.367,527.137,-5.594,0.249,495,460,0,0,0,0
174.772,527.386,-5.594,0.249,495,460,0,0,0,0
169.178,527.635,-5.594,0.249,495,460,0,0,0,0
163.583,527.885,-5.594,0.249,500,460,1,0,0,0
157.989,528.134,-5.594,0.249,505,460,1,0,0,0
152.394,528.383,-5.594,0.249,510,460,1,0,0,0
146.8,528.633,-5.594,0.249,515,460,1,0,0,0
141.205,528.882,-5.594,0.249,520,460,1,0,0,0
135.611,529.131,-5.594,0.249,520,460,0,0,0,0
130.017,529.381,-5.594,0.249,520,460,0,0,0,0
124.422,529.63,-5.594,0.249,520,460,0,0,0,0
118.828,529.88,-5.594,0.249,520,460,0,0,0,0
113.233,530.129,-5.594,0.249,520,460,0,0,0,0
107.639,530.378,-5.594,0.249,520,460,0,0,0,0
102.044,530.628,-5.594,0.249,520,460,0,0,0,0
96.45,530.877,-5.594,0.249,520,460,0,0,0,0
90.855,531.126,-5.594,0.249,520,460,0,0,0,0
85.261,531.376,-5.594,0.249,520,460,0,0,0,0
79.667,531.625,-5.594,0.249,520,460,0,0,0,0
74.072,531.874,-5.594,0.249,520,460,0,0,0,0
68.478,532.124,-5.594,0.249,520,460,0,0,0,0
62.883,532.373,-5.594,0.249,520,460,0,0,0,0
57.289,532.623,-5.594,0.249,520,460,0,0,0,0
51.694,532.872,-5.594,0.249,520,460,0,0,0,0
49.0,533.121,4.499,-3.817,520,460,0,0,0,0
53.499,529.304,4.499,-3.817,520,460,0,0,0,0
57.997,525.486,4.499,-3.817,520,460,0,0,0,0
62.496,521.669,4.499,-3.817,520,460,0,0,0,0
66.994,517.851,4.499,-3.817,520,460,0,0,0,0
71.493,514.034,4.499,-3.817,520,460,0,0,0,0
75.991,510.216,4.499,-3.817,520,460,0,0,0,0
80.49,506.399,4.499,-3.817,520,460,0,0,0,0
84.988,502.581,4.499,-3.817,520,460,0,0,0,0
89.487,498.764,4.499,-3.817,520,460,0,0,0,0
93.985,494.946,4.499,-3.817,520,460,0,0,0,0
98.484,491.129,4.499,-3.817,520,460,0,0,0,0
102.982,487.311,4.499,-3.817,520,460,0,0,0,0
107.481,483.494,4.499,-3.817,520,460,0,0,0,0
111.98,479.677,4.499,-3.817,515,460,-1,0,0,0
116.478,475.859,4.499,-3.817,510,460,-1,0,0,0
120.977,472.042,4.499,-3.817,505,460,-1,0,0,0
125.475,468.224,4.499,-3.817,500,460,-1,0,0,0
129.974,464.407,4.499,-3.817,495,460,-1,0,0,0
134.472,460.589,4.499,-3.817,490,460,-1,0,0,0
138.971,456.772,4.499,-3.817,485,460,-1,0,0,0
143.469,452.954,4.499,-3.817,480,460,-1,0,0,0
147.968,449.137,4.499,-3.817,475,460,-1,0,0,0
152.466,445.319,4.499,-3.817,470,460,-1,0,0,0
156.965,441.502,4.499,-3.817,465,460,-1,0,0,0
161.463,437.684,4.499,-3.817,460,460,-1,0,0,0
165.962,433.867,4.499,-3.817,455,460,-1,0,0,0
170.46,430.049,4.499,-3.817,450,460,-1,0,0,0
174.959,426.232,4.499,-3.817,445,460,-1,0,0,0
179.458,422.414,4.499,-3.817,440,460,-1,0,0,0
183.956,418.597,4.499,-3.817,435,460,-1,0,0,0
188.455,414.779,4.499,-3.817,430,460,-1,0,0,0
192.953,410.962,4.499,-3.817,425,460,-1,0,0,0
197.452,407.144,4.499,-3.817,420,460,-1,0,0,0
201.95,403.327,4.499,-3.817,415,460,-1,0,0,0
206.449,399.509,4.499,-3.817,410,460,-1,0,0,0
210.947,395.692,4.499,-3.817,405,460,-1,0,0,0
215.446,391.874,4.499,-3.817,400,460,-1,0,0,0
219.944,388.057,4.499,-3.817,395,460,-1,0,0,0
224.443,384.239,4.499,-3.817,390,460,-1,0,0,0
228.941,380.422,4.499,-3.817,385,460,-1,0,0,0
233.44,376.604,4.499,-3.817,380,460,-1,0,0,0
237.939,372.787,4.499,-3.817,375,460,-1,0,0,0
242.437,368.97,4.499,-3.817,370,460,-1,0,0,0
246.936,365.152,4.499,-3.817,365,460,-1,0,0,0
251.434,361.335,4.499,-3.817,360,460,-1,0,0,0
255.933,357.517,4.499,-3.817,355,460,-1,0,0,0
260.431,353.7,4.499,-3.817,350,460,-1,0,0,0
264.93,349.882,4.499,-3.817,345,460,-1,0,0,0
269.428,346.065,4.499,-3.817,340,460,-1,0,0,0
273.927,342.247,4.499,-3.817,335,460,-1,0,0,0
278.425,338.43,4.499,-3.817,330,460,-1,0,0,0
282.924,334.612,4.499,-3.817,325,460,-1,0,0,0
287.422,330.795,4.499,-3.817,320,460,-1,0,0,0
291.921,326.977,4.499,-3.817,315,460,-1,0,0,0
296.42,323.16,4.499,-3.817,310,460,-1,0,0,0
300.918,319.342,4.499,-3.817,305,460,-1,0,0,0
305.417,315.525,4.499,-3.817,300,460,-1,0,0,0
309.915,311.707,4.499,-3.817,295,460,-1,0,0,0
314.414,307.89,4.499,-3.817,290,460,-1,0,0,0
318.912,304.072,4.499,-3.817,285,460,-1,0,0,0
323.411,300.255,4.499,-3.817,280,460,-1,0,0,0
327.909,296.437,4.499,-3.817,275,460,-1,0,0,0
332.408,292.62,4.499,-3.817,270,460,-1,0,0,0
336.906,288.802,4.499,-3.817,265,460,-1,0,0,0
341.405,284.985,4.499,-3.817,260,460,-1,0,0,0
345.903,281.167,4.499,-3.817,255,460,-1,0,0,0
350.402,277.35,4.499,-3.817,250,460,-1,0,0,0
354.9,273.532,4.499,-3.817,250,460,0,0,0,0
359.399,269.715,4.499,-3.817,250,460,0,0,0,0
363.898,265.898,4.499,-3.817,250,460,0,0,0,0
368.396,262.08,4.499,-3.817,250,460,0,0,0,0
372.895,258.263,4.499,-3.817,250,460,0,0,0,0
377.393,254.445,4.499,-3.817,250,460,0,0,0,0
381.892,250.628,4.499,-3.817,250,460,0,0,0,0
386.39,246.81,4.499,-3.817,250,460,0,0,0,0
390.889,242.993,4.499,-3.817,250,460,0,0,0,0
395.387,239.175,4.499,-3.817,250,460,0,0,0,0
399.886,235.358,4.499,-3.817,250,460,0,0,0,0
404.384,231.54,4.499,-3.817,250,460,0,0,0,0
408.883,227.723,4.499,-3.817,250,460,0,0,0,0
413.381,223.905,4.499,-3.817,250,460,0,0,0,0
417.88,220.088,4.499,-3.817,250,460,0,0,0,0
422.379,216.27,4.499,-3.817,250,460,0,0,0,0
426.877,212.453,4.499,-3.817,250,460,0,0,0,0
431.376,208.635,4.499,-3.817,250,460,0,0,0,0
435.874,204.818,4.499,-3.817,250,460,0,0,0,0
440.373,201.0,4.499,-3.817,250,460,0,0,0,0
444.871,197.183,4.499,-3.817,250,460,0,0,0,0
449.37,193.365,4.499,-3.817,250,460,0,0,0,0
453.868,189.548,4.499,-3.817,250,460,0,0,0,0
458.367,185.73,4.499,-3.817,250,460,0,0,0,0
462.865,181.913,4.499,-3.817,250,460,0,0,0,0
467.364,178.095,4.499,-3.817,250,460,0,0,0,0
471.862,174.278,4.499,-3.817,250,460,0,0,0,0
476.361,170.46,4.499,-3.817,250,460,0,0,0,0
480.86,166.643,4.499,-3.817,250,460,0,0,0,0
485.358,162.825,4.499,-3.817,250,460,0,0,0,0
489.857,159.008,4.499,-3.817,250,460,0,0,0,0
494.355,155.191,4.499,-3.817,250,455,0,-1,0,0
498.854,151.373,4.499,-3.817,250,450,0,-1,0,0
503.352,147.556,4.499,-3.817,250,445,0,-1,0,0
507.851,143.738,4.499,-3.817,250,440,0,-1,0,0
512.349,139.921,4.499,-3.817,250,435,0,-1,0,0
516.848,136.103,4.499,-3.817,250,430,0,-1,0,0
521.346,132.286,4.499,-3.817,250,425,0,-1,0,0
525.845,128.468,4.499,-3.817,250,420,0,-1,0,0
530.343,124.651,4.499,-3.817,250,415,0,-1,0,0
534.842,120.833,4.499,-3.817,250,410,0,-1,0,0
539.34,117.016,4.499,-3.817,250,405,0,-1,0,0
543.839,113.198,4.499,-3.817,250,400,0,-1,0,0
548.338,109.381,4.499,-3.817,250,395,0,-1,0,0
552.836,105.563,4.499,-3.817,250,390,0,-1,0,0
557.335,101.746,4.499,-3.817,250,385,0,-1,0,0
561.833,97.928,4.499,-3.817,250,380,0,-1,0,0
566.332,94.111,4.499,-3.817,250,375,0,-1,0,0
570.83,90.293,4.499,-3.817,250,370,0,-1,0,0
575.329,86.476,4.499,-3.817,250,365,0,-1,0,0
579.827,82.658,4.499,-3.817,250,360,0,-1,0,0
584.326,78.841,4.499,-3.817,250,355,0,-1,0,0
588.824,75.023,4.499,-3.817,250,350,0,-1,0,0
593.323,71.206,4.499,-3.817,250,345,0,-1,0,0
597.821,67.388,4.499,-3.817,250,340,0,-1,0,0
602.32,63.571,4.499,-3.817,250,335,0,-1,0,0
606.819,59.753,4.499,-3.817,250,330,0,-1,0,0
611.317,55.936,4.499,-3.817,250,325,0,-1,0,0
615.816,52.119,4.499,-3.817,250,320,0,-1,0,0
620.314,48.301,4.499,-3.817,250,315,0,-1,0,0
624.813,44.484,4.499,-3.817,250,310,0,-1,0,0
629.311,40.666,4.499,-3.817,250,305,0,-1,0,0
633.81,36.849,4.499,-3.817,250,300,0,-1,0,0
638.308,33.031,4.499,-3.817,250,295,0,-1,0,0
642.807,29.214,4.499,-3.817,250,290,0,-1,0,0
647.305,25.396,4.499,-3.817,250,285,0,-1,0,0
651.804,21.579,4.499,-3.817,250,280,0,-1,0,0
656.302,17.761,4.499,-3.817,250,275,0,-1,0,0
660.801,13.944,4.499,-3.817,250,270,0,-1,0,0
665.299,10.126,4.499,-3.817,250,265,0,-1,0,0
669.798,6.309,4.499,-3.817,250,260,0,-1,0,0
674.297,6.0,4.499,3.817,250,255,0,-1,0,0
678.795,9.817,4.499,3.817,250,250,0,-1,0,0
683.294,13.635,4.499,3.817,250,245,0,-1,0,0
687.792,17.452,4.499,3.817,250,240,0,-1,0,0
692.291,21.27,4.499,3.817,250,235,0,-1,0,0
696.789,25.087,4.499,3.817,250,230,0,-1,0,0
701.288,28.905,4.499,3.817,250,225,0,-1,0,0
705.786,32.722,4.499,3.817,250,220,0,-1,0,0
710.285,36.54,4.499,3.817,250,215,0,-1,0,0
714.783,40.357,4.499,3.817,250,210,0,-1,0,0
719.282,44.175,4.499,3.817,250,205,0,-1,0,0
723.78,47.992,4.499,3.817,250,200,0,-1,0,0
728.279,51.81,4.499,3.817,250,195,0,-1,0,0
732.778,55.627,4.499,3.817,250,190,0,-1,0,0
737.276,59.445,4.499,3.817,250,185,0,-1,0,0
741.775,63.262,4.499,3.817,250,180,0,-1,0,0
746.273,67.08,4.499,3.817,250,175,0,-1,0,0
750.772,70.897,4.499,3.817,250,170,0,-1,0,0
755.27,74.715,4.499,3.817,250,165,0,-1,0,0
759.769,78.532,4.499,3.817,250,160,0,-1,0,0
764.267,82.35,4.499,3.817,250,155,0,-1,0,0
768.766,86.167,4.499,3.817,250,150,0,-1,0,0
773.264,89.985,4.499,3.817,250,145,0,-1,0,0
777.763,93.802,4.499,3.817,250,140,0,-1,0,0
782.261,97.62,4.499,3.817,250,135,0,-1,0,0
786.76,101.437,4.499,3.817,250,130,0,-1,0,0
791.259,105.255,4.499,3.817,250,125,0,-1,0,0
795.757,109.072,4.499,3.817,250,120,0,-1,0,0
800.256,112.889,4.499,3.817,250,115,0,-1,0,0
804.754,116.707,4.499,3.817,250,110,0,-1,0,0
400.0,300.0,-4.738,1.597,250,105,0,-1,1,0
395.262,301.597,-4.738,1.597,250,100,0,-1,0,0
390.524,303.194,-4.738,1.597,250,95,0,-1,0,0
385.786,304.791,-4.738,1.597,250,90,0,-1,0,0
381.048,306.388,-4.738,1.597,250,85,0,-1,0,0
376.309,307.985,-4.738,1.597,250,80,0,-1,0,0
371.571,309.582,-4.738,1.597,250,75,0,-1,0,0
366.833,311.179,-4.738,1.597,250,70,0,-1,0,0
362.095,312.775,-4.738,1.597,250,65,0,-1,0,0
357.357,314.372,-4.738,1.597,250,60,0,-1,0,0
352.619,315.969,-4.738,1.597,250,55,0,-1,0,0
347.881,317.566,-4.738,1.597,250,50,0,-1,0,0
343.143,319.163,-4.738,1.597,250,45,0,-1,0,0
338.404,320.76,-4.738,1.597,250,45,0,0,0,0
333.666,322.357,-4.738,1.597,250,45,0,0,0,0
328.928,323.954,-4.738,1.597,250,45,0,0,0,0
324.19,325.551,-4.738,1.597,250,45,0,0,0,0
319.452,327.148,-4.738,1.597,250,45,0,0,0,0
314.714,328.745,-4.738,1.597,250,45,0,0,0,0
309.976,330.342,-4.738,1.597,250,45,0,0,0,0
305.238,331.939,-4.738,1.597,250,45,0,0,0,0
300.499,333.536,-4.738,1.597,250,45,0,0,0,0
295.761,335.133,-4.738,1.597,250,45,0,0,0,0
291.023,336.73,-4.738,1.597,250,45,0,0,0,0
286.285,338.326,-4.738,1.597,255,45,1,0,0,0
281.547,339.923,-4.738,1.597,260,45,1,0,0,0
276.809,341.52,-4.738,1.597,265,45,1,0,0,0
272.071,343.117,-4.738,1.597,270,50,1,1,0,0
267.333,344.714,-4.738,1.597,275,55,1,1,0,0
262.594,346.311,-4.738,1.597,280,60,1,1,0,0
257.856,347.908,-4.738,1.597,285,65,1,1,0,0
253.118,349.505,-4.738,1.597,290,70,1,1,0,0
248.38,351.102,-4.738,1.597,295,75,1,1,0,0
243.642,352.699,-4.738,1.597,300,80,1,1,0,0
238.904,354.296,-4.738,1.597,305,85,1,1,0,0
234.166,355.893,-4.738,1.597,310,90,1,1,0,0
229.428,357.49,-4.738,1.597,315,95,1,1,0,0
224.689,359.087,-4.738,1.597,320,100,1,1,0,0
219.951,360.684,-4.738,1.597,325,105,1,1,0,0
215.213,362.28,-4.738,1.597,330,110,1,1,0,0
210.475,363.877,-4.738,1.597,335,115,1,1,0,0
205.737,365.474,-4.738,1.597,340,120,1,1,0,0
200.999,367.071,-4.738,1.597,345,125,1,1,0,0
196.261,368.668,-4.738,1.597,350,130,1,1,0,0
191.523,370.265,-4.738,1.597,355,135,1,1,0,0
186.785,371.862,-4.738,1.597,360,140,1,1,0,0
182.046,373.459,-4.738,1.597,365,145,1,1,0,0
177.308,375.056,-4.738,1.597,370,150,1,1,0,0
172.57,376.653,-4.738,1.597,375,155,1,1,0,0
167.832,378.25,-4.738,1.597,380,160,1,1,0,0
163.094,379.847,-4.738,1.597,380,165,0,1,0,0
158.356,381.444,-4.738,1.597,380,170,0,1,0,0
153.618,383.041,-4.738,1.597,380,175,0,1,0,0
148.88,384.638,-4.738,1.597,380,180,0,1,0,0
144.141,386.234,-4.738,1.597,380,185,0,1,0,0
139.403,387.831,-4.738,1.597,380,190,0,1,0,0
134.665,389.428,-4.738,1.597,380,195,0,1,0,0
129.927,391.025,-4.738,1.597,380,200,0,1,0,0
125.189,392.622,-4.738,1.597,380,205,0,1,0,0
120.451,394.219,-4.738,1.597,380,210,0,1,0,0
115.713,395.816,-4.738,1.597,380,215,0,1,0,0
110.975,397.413,-4.738,1.597,380,220,0,1,0,0
106.236,399.01,-4.738,1.597,380,220,0,0,0,0
101.498,400.607,-4.738,1.597,380,220,0,0,0,0
96.76,402.204,-4.738,1.597,380,220,0,0,0,0
92.022,403.801,-4.738,1.597,380,220,0,0,0,0
87.284,405.398,-4.738,1.597,380,220,0,0,0,0
82.546,406.995,-4.738,1.597,380,220,0,0,0,0
77.808,408.592,-4.738,1.597,380,220,0,0,0,0
73.07,410.189,-4.738,1.597,380,220,0,0,0,0
68.331,411.785,-4.738,1.597,380,220,0,0,0,0
63.593,413.382,-4.738,1.597,380,220,0,0,0,0
58.855,414.979,-4.738,1.597,385,220,1,0,0,0
54.117,416.576,-4.738,1.597,390,220,1,0,0,0
49.379,418.173,-4.738,1.597,395,220,1,0,0,0
49.0,419.77,4.574,-2.678,400,220,1,0,0,0
53.574,417.093,4.574,-2.678,405,220,1,0,0,0
58.148,414.415,4.574,-2.678,410,220,1,0,0,0
62.722,411.737,4.574,-2.678,415,220,1,0,0,0
67.296,409.06,4.574,-2.678,415,220,0,0,0,0
71.87,406.382,4.574,-2.678,415,220,0,0,0,0
76.443,403.705,4.574,-2.678,415,220,0,0,0,0
81.017,401.027,4.574,-2.678,415,220,0,0,0,0
85.591,398.35,4.574,-2.678,415,220,0,0,0,0
90.165,395.672,4.574,-2.678,415,220,0,0,0,0
94.739,392.994,4.574,-2.678,415,220,0,0,0,0
99.313,390.317,4.574,-2.678,415,220,0,0,0,0
103.887,387.639,4.574,-2.678,415,220,0,0,0,0
108.461,384.962,4.574,-2.678,415,220,0,0,0,0
113.035,382.284,4.574,-2.678,415,220,0,0,0,0
117.609,379.606,4.574,-2.678,415,225,0,1,0,0
122.182,376.929,4.574,-2.678,415,230,0,1,0,0
126.756,374.251,4.574,-2.678,415,235,0,1,0,0
131.33,371.574,4.574,-2.678,410,240,-1,1,0,0
135.904,368.896,4.574,-2.678,405,245,-1,1,0,0
140.478,366.219,4.574,-2.678,400,250,-1,1,0,0
145.052,363.541,4.574,-2.678,395,255,-1,1,0,0
149.626,360.863,4.574,-2.678,390,260,-1,1,0,0
154.2,358.186,4.574,-2.678,385,260,-1,0,0,0
158.774,355.508,4.574,-2.678,380,260,-1,0,0,0
163.348,352.831,4.574,-2.678,375,260,-1,0,0,0
167.921,350.153,4.574,-2.678,370,260,-1,0,0,0
172.495,347.476,4.574,-2.678,365,260,-1,0,0,0
177.069,344.798,4.574,-2.678,360,260,-1,0,0,0
181.643,342.12,4.574,-2.678,355,260,-1,0,0,0
186.217,339.443,4.574,-2.678,350,260,-1,0,0,0
190.791,336.765,4.574,-2.678,345,260,-1,0,0,0
195.365,334.088,4.574,-2.678,340,260,-1,0,0,0
199.939,331.41,4.574,-2.678,335,260,-1,0,0,0
204.513,328.733,4.574,-2.678,330,260,-1,0,0,0
209.087,326.055,4.574,-2.678,325,260,-1,0,0,0
213.661,323.377,4.574,-2.678,320,260,-1,0,0,0
218.234,320.7,4.574,-2.678,315,260,-1,0,0,0
222.808,318.022,4.574,-2.678,310,260,-1,0,0,0
227.382,315.345,4.574,-2.678,305,260,-1,0,0,0
231.956,312.667,4.574,-2.678,300,260,-1,0,0,0
236.53,309.99,4.574,-2.678,295,260,-1,0,0,0
241.104,307.312,4.574,-2.678,290,260,-1,0,0,0
245.678,304.634,4.574,-2.678,285,260,-1,0,0,0
250.252,301.957,4.574,-2.678,280,260,-1,0,0,0
254.826,299.279,4.574,-2.678,275,260,-1,0,0,0
259.4,296.602,4.574,-2.678,270,260,-1,0,0,0
263.973,293.924,4.574,-2.678,270,260,0,0,0,0
268.547,291.246,4.574,-2.678,270,260,0,0,0,0
273.121,288.569,4.574,-2.678,270,260,0,0,0,0
277.695,285.891,4.574,-2.678,270,260,0,0,0,0
282.269,283.214,4.574,-2.678,270,260,0,0,0,0
286.843,280.536,4.574,-2.678,270,260,0,0,0,0
291.417,277.859,4.574,-2.678,270,260,0,0,0,0
295.991,275.181,4.574,-2.678,270,255,0,-1,0,0
300.565,272.503,4.574,-2.678,270,250,0,-1,0,0
305.139,269.826,4.574,-2.678,270,245,0,-1,0,0
309.712,267.148,4.574,-2.678,270,240,0,-1,0,0
314.286,264.471,4.574,-2.678,270,235,0,-1,0,0
318.86,261.793,4.574,-2.678,270,230,0,-1,0,0
323.434,259.116,4.574,-2.678,270,225,0,-1,0,0
328.008,256.438,4.574,-2.678,270,225,0,0,0,0
332.582,253.76,4.574,-2.678,270,225,0,0,0,0
337.156,251.083,4.574,-2.678,270,225,0,0,0,0
341.73,248.405,4.574,-2.678,270,225,0,0,0,0
346.304,245.728,4.574,-2.678,270,225,0,0,0,0
350.878,243.05,4.574,-2.678,270,225,0,0,0,0
355.451,240.373,4.574,-2.678,270,225,0,0,0,0
360.025,237.695,4.574,-2.678,270,225,0,0,0,0
364.599,235.017,4.574,-2.678,270,225,0,0,0,0
369.173,232.34,4.574,-2.678,270,225,0,0,0,0
373.747,229.662,4.574,-2.678,270,225,0,0,0,0
378.321,226.985,4.574,-2.678,270,225,0,0,0,0
382.895,224.307,4.574,-2.678,270,225,0,0,0,0
387.469,221.63,4.574,-2.678,270,225,0,0,0,0
392.043,218.952,4.574,-2.678,270,225,0,0,0,0
396.617,216.274,4.574,-2.678,270,225,0,0,0,0
401.191,213.597,4.574,-2.678,270,225,0,0,0,0
405.764,210.919,4.574,-2.678,270,225,0,0,0,0
410.338,208.242,4.574,-2.678,270,225,0,0,0,0
414.912,205.564,4.574,-2.678,270,225,0,0,0,0
419.486,202.886,4.574,-2.678,270,225,0,0,0,0
424.06,200.209,4.574,-2.678,270,225,0,0,0,0
428.634,197.531,4.574,-2.678,270,225,0,0,0,0
433.208,194.854,4.574,-2.678,270,225,0,0,0,0
437.782,192.176,4.574,-2.678,265,225,-1,0,0,0
442.356,189.499,4.574,-2.678,260,225,-1,0,0,0
446.93,186.821,4.574,-2.678,255,225,-1,0,0,0
451.503,184.143,4.574,-2.678,250,225,-1,0,0,0
456.077,181.466,4.574,-2.678,245,225,-1,0,0,0
460.651,178.788,4.574,-2.678,240,225,-1,0,0,0
465.225,176.111,4.574,-2.678,235,225,-1,0,0,0
469.799,173.433,4.574,-2.678,230,220,-1,-1,0,0
474.373,170.756,4.574,-2.678,225,215,-1,-1,0,0
478.947,168.078,4.574,-2.678,220,210,-1,-1,0,0
483.521,165.4,4.574,-2.678,215,205,-1,-1,0,0
488.095,162.723,4.574,-2.678,210,200,-1,-1,0,0
492.669,160.045,4.574,-2.678,205,195,-1,-1,0,0
497.242,157.368,4.574,-2.678,200,190,-1,-1,0,0
501.816,154.69,4.574,-2.678,195,185,-1,-1,0,0
506.39,152.013,4.574,-2.678,190,180,-1,-1,0,0
510.964,149.335,4.574,-2.678,185,175,-1,-1,0,0
515.538,146.657,4.574,-2.678,180,170,-1,-1,0,0
520.112,143.98,4.574,-2.678,175,165,-1,-1,0,0
524.686,141.302,4.574,-2.678,170,160,-1,-1,0,0
529.26,138.625,4.574,-2.678,165,155,-1,-1,0,0
533.834,135.947,4.574,-2.678,160,150,-1,-1,0,0
538.408,133.269,4.574,-2.678,155,145,-1,-1,0,0
542.982,130.592,4.574,-2.678,150,140,-1,-1,0,0
547.555,127.914,4.574,-2.678,145,135,-1,-1,0,0
552.129,125.237,4.574,-2.678,140,130,-1,-1,0,0
556.703,122.559,4.574,-2.678,135,125,-1,-1,0,0
561.277,119.882,4.574,-2.678,130,120,-1,-1,0,0
565.851,117.204,4.574,-2.678,125,115,-1,-1,0,0
570.425,114.526,4.574,-2.678,120,110,-1,-1,0,0
574.999,111.849,4.574,-2.678,115,105,-1,-1,0,0
579.573,109.171,4.574,-2.678,110,100,-1,-1,0,0
584.147,106.494,4.574,-2.678,105,95,-1,-1,0,0
588.721,103.816,4.574,-2.678,100,90,-1,-1,0,0
593.294,101.139,4.574,-2.678,95,85,-1,-1,0,0
597.868,98.461,4.574,-2.678,90,80,-1,-1,0,0
602.442,95.783,4.574,-2.678,85,75,-1,-1,0,0
607.016,93.106,4.574,-2.678,80,70,-1,-1,0,0
611.59,90.428,4.574,-2.678,75,65,-1,-1,0,0
616.164,87.751,4.574,-2.678,70,60,-1,-1,0,0
620.738,85.073,4.574,-2.678,65,55,-1,-1,0,0
625.312,82.396,4.574,-2.678,60,50,-1,-1,0,0
629.886,79.718,4.574,-2.678,55,45,-1,-1,0,0
634.46,77.04,4.574,-2.678,50,40,-1,-1,0,0
639.033,74.363,4.574,-2.678,45,35,-1,-1,0,0
643.607,71.685,4.574,-2.678,40,30,-1,-1,0,0
648.181,69.008,4.574,-2.678,35,25,-1,-1,0,0
652.755,66.33,4.574,-2.678,30,20,-1,-1,0,0
657.329,63.653,4.574,-2.678,30,15,0,-1,0,0
661.903,60.975,4.574,-2.678,30,10,0,-1,0,0
666.477,58.297,4.574,-2.678,30,5,0,-1,0,0
671.051,55.62,4.574,-2.678,30,0,0,-1,0,0
675.625,52.942,4.574,-2.678,30,0,0,-1,0,0
680.199,50.265,4.574,-2.678,30,0,0,-1,0,0
684.773,47.587,4.574,-2.678,30,0,0,-1,0,0
689.346,44.909,4.574,-2.678,30,0,0,-1,0,0
693.92,42.232,4.574,-2.678,30,0,0,-1,0,0
698.494,39.554,4.574,-2.678,30,0,0,-1,0,0
703.068,36.877,4.574,-2.678,30,0,0,-1,0,0
707.642,34.199,4.574,-2.678,30,0,0,-1,0,0
712.216,31.522,4.574,-2.678,30,0,0,0,0,0
716.79,28.844,4.574,-2.678,30,0,0,0,0,0
721.364,26.166,4.574,-2.678,30,0,0,0,0,0
725.938,23.489,4.574,-2.678,30,0,0,0,0,0
730.512,20.811,4.574,-2.678,30,0,0,0,0,0
735.085,18.134,4.574,-2.678,30,0,0,0,0,0
739.659,15.456,4.574,-2.678,30,0,0,0,0,0
744.233,12.779,4.574,-2.678,30,0,0,0,0,0
748.807,10.101,4.574,-2.678,30,0,0,0,0,0
751.0,7.423,-3.684,-4.218,30,0,0,0,0,0
747.316,6.0,-3.684,4.218,30,0,0,0,0,0
743.632,10.218,-3.684,4.218,30,0,0,0,0,0
739.948,14.435,-3.684,4.218,30,0,0,0,0,0
736.264,18.653,-3.684,4.218,30,0,0,0,0,0
732.581,22.871,-3.684,4.218,30,0,0,0,0,0
728.897,27.088,-3.684,4.218,30,0,0,0,0,0
725.213,31.306,-3.684,4.218,30,0,0,0,0,0
721.529,35.524,-3.684,4.218,30,0,0,0,0,0
717.845,39.742,-3.684,4.218,30,0,0,0,0,0
714.161,43.959,-3.684,4.218,30,0,0,0,0,0
710.477,48.177,-3.684,4.218,30,0,0,0,0,0
706.793,52.395,-3.684,4.218,30,0,0,0,0,0
703.109,56.612,-3.684,4.218,30,0,0,0,0,0
699.426,60.83,-3.684,4.218,35,0,1,0,0,0
695.742,65.048,-3.684,4.218,40,0,1,0,0,0
692.058,69.265,-3.684,4.218,45,0,1,0,0,0
688.374,73.483,-3.684,4.218,50,0,1,0,0,0
684.69,77.701,-3.684,4.218,55,0,1,0,0,0
681.006,81.919,-3.684,4.218,60,0,1,0,0,0
677.322,86.136,-3.684,4.218,65,0,1,0,0,0
673.638,90.354,-3.684,4.218,70,0,1,0,0,0
669.954,94.572,-3.684,4.218,75,0,1,0,0,0
666.271,98.789,-3.684,4.218,80,0,1,0,0,0
662.587,103.007,-3.684,4.218,85,0,1,0,0,0
658.903,107.225,-3.684,4.218,90,0,1,0,0,0
655.219,111.442,-3.684,4.218,95,0,1,0,0,0
651.535,115.66,-3.684,4.218,100,0,1,0,0,0
647.851,119.878,-3.684,4.218,105,0,1,0,0,0
644.167,124.095,-3.684,4.218,110,0,1,0,0,0
640.483,128.313,-3.684,4.218,115,0,1,0,0,0
636.799,132.531,-3.684,4.218,120,0,1,0,0,0
633.116,136.749,-3.684,4.218,125,0,1,0,0,0
629.432,140.966,-3.684,4.218,130,0,1,0,0,0
625.748,145.184,-3.684,4.218,135,0,1,0,0,0
622.064,149.402,-3.684,4.218,140,0,1,0,0,0
618.38,153.619,-3.684,4.218,145,0,1,0,0,0
614.696,157.837,-3.684,4.218,150,0,1,0,0,0
611.012,162.055,-3.684,4.218,155,0,1,0,0,0
607.328,166.272,-3.684,4.218,160,5,1,1,0,0
603.644,170.49,-3.684,4.218,165,10,1,1,0,0
599.961,174.708,-3.684,4.218,170,15,1,1,0,0
596.277,178.926,-3.684,4.218,175,20,1,1,0,0
592.593,183.143,-3.684,4.218,180,25,1,1,0,0
588.909,187.361,-3.684,4.218,185,30,1,1,0,0
585.225,191.579,-3.684,4.218,190,35,1,1,0,0
581.541,195.796,-3.684,4.218,195,40,1,1,0,0
577.857,200.014,-3.684,4.218,200,45,1,1,0,0
574.173,204.232,-3.684,4.218,205,50,1,1,0,0
570.489,208.449,-3.684,4.218,210,55,1,1,0,0
566.806,212.667,-3.684,4.218,215,60,1,1,0,0
563.122,216.885,-3.684,4.218,220,65,1,1,0,0
559.438,221.102,-3.684,4.218,225,70,1,1,0,0
555.754,225.32,-3.684,4.218,230,75,1,1,0,0
552.07,229.538,-3.684,4.218,235,80,1,1,0,0
548.386,233.756,-3.684,4.218,240,85,1,1,0,0
544.702,237.973,-3.684,4.218,245,90,1,1,0,0
541.018,242.191,-3.684,4.218,250,95,1,1,0,0
537.334,246.409,-3.684,4.218,255,100,1,1,0,0
533.651,250.626,-3.684,4.218,260,105,1,1,0,0
529.967,254.844,-3.684,4.218,265,110,1,1,0,0
526.283,259.062,-3.684,4.218,270,115,1,1,0,0
522.599,263.279,-3.684,4.218,275,120,1,1,0,0
518.915,267.497,-3.684,4.218,280,125,1,1,0,0
515.231,271.715,-3.684,4.218,285,130,1,1,0,0
511.547,275.933,-3.684,4.218,290,135,1,1,0,0
507.863,280.15,-3.684,4.218,295,140,1,1,0,0
504.179,284.368,-3.684,4.218,300,145,1,1,0,0
500.496,288.586,-3.684,4.218,305,150,1,1,0,0
496.812,292.803,-3.684,4.218,310,155,1,1,0,0
493.128,297.021,-3.684,4.218,315,160,1,1,0,0
489.444,301.239,-3.684,4.218,320,165,1,1,0,0
485.76,305.456,-3.684,4.218,325,170,1,1,0,0
482.076,309.674,-3.684,4.218,330,175,1,1,0,0
478.392,313.892,-3.684,4.218,335,180,1,1,0,0
474.708,318.109,-3.684,4.218,340,185,1,1,0,0
471.024,322.327,-3.684,4.218,345,190,1,1,0,0
467.341,326.545,-3.684,4.218,350,195,1,1,0,0
463.657,330.763,-3.684,4.218,355,200,1,1,0,0
459.973,334.98,-3.684,4.218,360,205,1,1,0,0
456.289,339.198,-3.684,4.218,365,210,1,1,0,0
452.605,343.416,-3.684,4.218,370,215,1,1,0,0
448.921,347.633,-3.684,4.218,375,220,1,1,0,0
445.237,351.851,-3.684,4.218,380,225,1,1,0,0
441.553,356.069,-3.684,4.218,385,230,1,1,0,0
437.869,360.286,-3.684,4.218,390,235,1,1,0,0
434.185,364.504,-3.684,4.218,395,240,1,1,0,0
430.502,368.722,-3.684,4.218,400,245,1,1,0,0
426.818,372.94,-3.684,4.218,405,250,1,1,0,0
423.134,377.157,-3.684,4.218,410,255,1,1,0,0
419.45,381.375,-3.684,4.218,415,260,1,1,0,0
415.766,385.593,-3.684,4.218,420,265,1,1,0,0
412.082,389.81,-3.684,4.218,425,270,1,1,0,0
408.398,394.028,-3.684,4.218,430,275,1,1,0,0
404.714,398.246,-3.684,4.218,435,280,1,1,0,0
401.03,402.463,-3.684,4.218,440,285,1,1,0,0
397.347,406.681,-3.684,4.218,445,290,1,1,0,0
393.663,410.899,-3.684,4.218,450,295,1,1,0,0
389.979,415.116,-3.684,4.218,455,300,1,1,0,0
386.295,419.334,-3.684,4.218,455,300,0,0,0,0
382.611,423.552,-3.684,4.218,455,300,0,0,0,0
378.927,427.77,-3.684,4.218,455,300,0,0,0,0
375.243,431.987,-3.684,4.218,455,300,0,0,0,0
371.559,436.205,-3.684,4.218,455,300,0,0,0,0
367.875,440.423,-3.684,4.218,455,300,0,0,0,0
364.192,444.64,-3.684,4.218,455,300,0,0,0,0
360.508,448.858,-3.684,4.218,455,300,0,0,0,0
356.824,453.076,-3.684,4.218,455,300,0,0,0,0
353.14,457.293,-3.684,4.218,455,300,0,0,0,0
349.456,461.511,-3.684,4.218,455,300,0,0,0,0
345.772,465.729,-3.684,4.218,455,300,0,0,0,0
342.088,469.947,-3.684,4.218,455,300,0,0,0,0
338.404,474.164,-3.684,4.218,455,300,0,0,0,0
334.72,478.382,-3.684,4.218,455,300,0,0,0,0
331.037,482.6,-3.684,4.218,455,300,0,0,0,0
327.353,486.817,-3.684,4.218,455,300,0,0,0,0
323.669,491.035,-3.684,4.218,455,300,0,0,0,0
319.985,495.253,-3.684,4.218,455,300,0,0,0,0
316.301,499.47,-3.684,4.218,455,300,0,0,0,0
312.617,503.688,-3.684,4.218,455,300,0,0,0,0
308.933,507.906,-3.684,4.218,455,300,0,0,0,0
305.249,512.123,-3.684,4.218,455,300,0,0,0,0
301.565,516.341,-3.684,4.218,455,300,0,0,0,0
297.882,520.559,-3.684,4.218,455,300,0,0,0,0
294.198,524.777,-3.684,4.218,455,300,0,0,0,0
290.514,528.994,-3.684,4.218,455,300,0,0,0,0
286.83,533.212,-3.684,4.218,455,300,0,0,0,0
283.146,537.43,-3.684,4.218,455,300,0,0,0,0
279.462,541.647,-3.684,4.218,455,300,0,0,0,0
275.778,545.865,-3.684,4.218,455,300,0,0,0,0
272.094,550.083,-3.684,4.218,455,300,0,0,0,0
268.41,554.3,-3.684,4.218,455,300,0,0,0,0
264.727,558.518,-3.684,4.218,455,300,0,0,0,0
261.043,562.736,-3.684,4.218,455,300,0,0,0,0
257.359,566.954,-3.684,4.218,455,300,0,0,0,0
253.675,571.171,-3.684,4.218,455,300,0,0,0,0
249.991,575.389,-3.684,4.218,455,300,0,0,0,0
246.307,579.607,-3.684,4.218,455,300,0,0,0,0
242.623,583.824,-3.684,4.218,455,300,0,0,0,0
238.939,588.042,-3.684,4.218,455,300,0,0,0,0
235.255,592.26,-3.684,4.218,455,300,0,0,0,0
231.572,594.0,-3.684,-4.218,455,300,0,0,0,0
227.888,589.782,-3.684,-4.218,455,300,0,0,0,0
224.204,585.565,-3.684,-4.218,455,300,0,0,0,0
220.52,581.347,-3.684,-4.218,455,300,0,0,0,0
216.836,577.129,-3.684,-4.218,455,300,0,0,0,0
213.152,572.912,-3.684,-4.218,455,300,0,0,0,0
209.468,568.694,-3.684,-4.218,455,300,0,0,0,0
205.784,564.476,-3.684,-4.218,455,300,0,0,0,0
202.1,560.258,-3.684,-4.218,455,300,0,0,0,0
198.417,556.041,-3.684,-4.218,455,300,0,0,0,0
194.733,551.823,-3.684,-4.218,450,300,-1,0,0,0
191.049,547.605,-3.684,-4.218,445,300,-1,0,0,0
187.365,543.388,-3.684,-4.218,440,300,-1,0,0,0
183.681,539.17,-3.684,-4.218,435,300,-1,0,0,0
179.997,534.952,-3.684,-4.218,430,300,-1,0,0,0
176.313,530.735,-3.684,-4.218,425,300,-1,0,0,0
172.629,526.517,-3.684,-4.218,420,300,-1,0,0,0
168.945,522.299,-3.684,-4.218,415,300,-1,0,0,0
165.262,518.081,-3.684,-4.218,410,300,-1,0,0,0
161.578,513.864,-3.684,-4.218,410,300,0,0,0,0
157.894,509.646,-3.684,-4.218,410,300,0,0,0,0
154.21,505.428,-3.684,-4.218,410,300,0,0,0,0
150.526,501.211,-3.684,-4.218,410,300,0,0,0,0
146.842,496.993,-3.684,-4.218,410,300,0,0,0,0
143.158,492.775,-3.684,-4.218,410,300,0,0,0,0
139.474,488.558,-3.684,-4.218,410,300,0,0,0,0
135.79,484.34,-3.684,-4.218,410,300,0,0,0,0
132.107,480.122,-3.684,-4.218,410,300,0,0,0,0
128.423,475.905,-3.684,-4.218,410,300,0,0,0,0
124.739,471.687,-3.684,-4.218,410,300,0,0,0,0
121.055,467.469,-3.684,-4.218,410,300,0,0,0,0
117.371,463.251,-3.684,-4.218,410,300,0,0,0,0
113.687,459.034,-3.684,-4.218,410,300,0,0,0,0
110.003,454.816,-3.684,-4.218,410,300,0,0,0,0
106.319,450.598,-3.684,-4.218,410,300,0,0,0,0
102.635,446.381,-3.684,-4.218,410,300,0,0,0,0
98.952,442.163,-3.684,-4.218,405,300,-1,0,0,0
95.268,437.945,-3.684,-4.218,400,300,-1,0,0,0
91.584,433.728,-3.684,-4.218,395,300,-1,0,0,0
87.9,429.51,-3.684,-4.218,395,300,0,0,0,0
84.216,425.292,-3.684,-4.218,395,300,0,0,0,0
80.532,421.074,-3.684,-4.218,395,300,0,0,0,0
76.848,416.857,-3.684,-4.218,395,300,0,0,0,0
73.164,412.639,-3.684,-4.218,395,305,0,1,0,0
69.48,408.421,-3.684,-4.218,395,310,0,1,0,0
65.797,404.204,-3.684,-4.218,395,315,0,1,0,0
62.113,399.986,-3.684,-4.218,395,320,0,1,0,0
58.429,395.768,-3.684,-4.218,395,325,0,1,0,0
54.745,391.551,-3.684,-4.218,395,330,0,1,0,0
51.061,387.333,-3.684,-4.218,395,335,0,1,0,0
47.377,383.115,-3.684,-4.218,395,340,0,1,0,0
43.693,378.898,-3.684,-4.218,395,345,0,1,0,0
40.009,374.68,-3.684,-4.218,395,350,0,1,0,0
36.325,370.462,-3.684,-4.218,395,355,0,1,0,0
32.642,366.244,-3.684,-4.218,390,360,-1,1,0,0
28.958,362.027,-3.684,-4.218,385,360,-1,0,0,0
25.274,357.809,-3.684,-4.218,380,360,-1,0,0,0
21.59,353.591,-3.684,-4.218,375,360,-1,0,0,0
17.906,349.374,-3.684,-4.218,375,360,0,0,0,0
14.222,345.156,-3.684,-4.218,375,360,0,0,0,0
10.538,340.938,-3.684,-4.218,375,360,0,0,0,0
6.854,336.721,-3.684,-4.218,375,360,0,0,0,0
3.17,332.503,-3.684,-4.218,375,360,0,0,0,0
-0.513,328.285,-3.684,-4.218,375,360,0,0,0,0
-4.197,324.067,-3.684,-4.218,375,360,0,0,0,0
400.0,300.0,4.401,2.373,375,360,0,0,0,1
404.401,302.373,4.401,2.373,375,365,0,1,0,0
408.802,304.745,4.401,2.373,375,370,0,1,0,0
413.204,307.118,4.401,2.373,375,375,0,1,0,0
417.605,309.49,4.401,2.373,375,380,0,1,0,0
422.006,311.863,4.401,2.373,375,385,0,1,0,0
426.407,314.235,4.401,2.373,375,390,0,1,0,0
430.809,316.608,4.401,2.373,375,395,0,1,0,0
435.21,318.981,4.401,2.373,375,400,0,1,0,0
439.611,321.353,4.401,2.373,375,405,0,1,0,0
444.012,323.726,4.401,2.373,375,410,0,1,0,0
448.414,326.098,4.401,2.373,375,415,0,1,0,0
452.815,328.471,4.401,2.373,375,420,0,1,0,0
457.216,330.844,4.401,2.373,375,425,0,1,0,0
461.617,333.216,4.401,2.373,375,430,0,1,0,0
466.019,335.589,4.401,2.373,375,435,0,1,0,0
470.42,337.961,4.401,2.373,375,440,0,1,0,0
474.821,340.334,4.401,2.373,375,445,0,1,0,0
479.222,342.706,4.401,2.373,375,450,0,1,0,0
483.623,345.079,4.401,2.373,375,455,0,1,0,0
488.025,347.452,4.401,2.373,375,460,0,1,0,0
492.426,349.824,4.401,2.373,375,465,0,1,0,0
496.827,352.197,4.401,2.373,375,470,0,1,0,0
501.228,354.569,4.401,2.373,375,475,0,1,0,0
505.63,356.942,4.401,2.373,375,475,0,0,0,0
510.031,359.314,4.401,2.373,375,475,0,0,0,0
514.432,361.687,4.401,2.373,375,475,0,0,0,0
518.833,364.06,4.401,2.373,375,475,0,0,0,0
523.235,366.432,4.401,2.373,375,475,0,0,0,0
527.636,368.805,4.401,2.373,375,475,0,0,0,0
532.037,371.177,4.401,2.373,375,475,0,0,0,0
536.438,373.55,4.401,2.373,375,475,0,0,0,0
540.84,375.923,4.401,2.373,375,475,0,0,0,0
545.241,378.295,4.401,2.373,375,475,0,0,0,0
549.642,380.668,4.401,2.373,375,470,0,-1,0,0
554.043,383.04,4.401,2.373,370,465,-1,-1,0,0
558.444,385.413,4.401,2.373,365,460,-1,-1,0,0
562.846,387.785,4.401,2.373,360,460,-1,0,0,0
567.247,390.158,4.401,2.373,355,460,-1,0,0,0
571.648,392.531,4.401,2.373,350,460,-1,0,0,0
576.049,394.903,4.401,2.373,345,460,-1,0,0,0
580.451,397.276,4.401,2.373,340,460,-1,0,0,0
584.852,399.648,4.401,2.373,335,460,-1,0,0,0
589.253,402.021,4.401,2.373,330,460,-1,0,0,0
593.654,404.393,4.401,2.373,325,460,-1,0,0,0
598.056,406.766,4.401,2.373,320,460,-1,0,0,0
602.457,409.139,4.401,2.373,315,460,-1,0,0,0
606.858,411.511,4.401,2.373,315,460,0,0,0,0
611.259,413.884,4.401,2.373,315,460,0,0,0,0
615.661,416.256,4.401,2.373,315,455,0,-1,0,0
620.062,418.629,4.401,2.373,315,450,0,-1,0,0
624.463,421.002,4.401,2.373,315,445,0,-1,0,0
628.864,423.374,4.401,2.373,315,440,0,-1,0,0
633.265,425.747,4.401,2.373,315,435,0,-1,0,0
637.667,428.119,4.401,2.373,315,430,0,-1,0,0
642.068,430.492,4.401,2.373,315,425,0,-1,0,0
646.469,432.864,4.401,2.373,315,420,0,-1,0,0
650.87,435.237,4.401,2.373,315,420,0,0,0,0
655.272,437.61,4.401,2.373,315,420,0,0,0,0
659.673,439.982,4.401,2.373,315,420,0,0,0,0
664.074,442.355,4.401,2.373,315,420,0,0,0,0
668.475,444.727,4.401,2.373,315,420,0,0,0,0
672.877,447.1,4.401,2.373,315,420,0,0,0,0
677.278,449.472,4.401,2.373,315,420,0,0,0,0
681.679,451.845,4.401,2.373,315,420,0,0,0,0
686.08,454.218,4.401,2.373,315,420,0,0,0,0
690.482,456.59,4.401,2.373,315,420,0,0,0,0
694.883,458.963,4.401,2.373,315,420,0,0,0,0
699.284,461.335,4.401,2.373,315,420,0,0,0,0
703.685,463.708,4.401,2.373,315,420,0,0,0,0
708.086,466.081,4.401,2.373,315,420,0,0,0,0
712.488,468.453,4.401,2.373,315,420,0,0,0,0
716.889,470.826,4.401,2.373,320,420,1,0,0,0
721.29,473.198,4.401,2.373,325,420,1,0,0,0
725.691,475.571,4.401,2.373,330,420,1,0,0,0
730.093,477.943,4.401,2.373,335,420,1,0,0,0
734.494,480.316,4.401,2.373,340,420,1,0,0,0
738.895,482.689,4.401,2.373,345,420,1,0,0,0
743.296,485.061,4.401,2.373,350,420,1,0,0,0
747.698,487.434,4.401,2.373,355,420,1,0,0,0
752.099,489.806,4.401,2.373,360,420,1,0,0,0
751.0,492.179,-3.528,3.955,365,420,1,0,0,0
747.472,496.134,-3.528,3.955,370,420,1,0,0,0
743.944,500.089,-3.528,3.955,375,420,1,0,0,0
740.416,504.045,-3.528,3.955,380,420,1,0,0,0
736.888,508.0,-3.528,3.955,380,420,0,0,0,0
733.36,511.955,-3.528,3.955,380,420,0,0,0,0
729.833,515.91,-3.528,3.955,380,420,0,0,0,0
726.305,519.866,-3.528,3.955,380,420,0,0,0,0
722.777,523.821,-3.528,3.955,380,420,0,0,0,0
719.249,527.776,-3.528,3.955,380,420,0,0,0,0
715.721,531.731,-3.528,3.955,380,420,0,0,0,0
712.193,535.686,-3.528,3.955,380,420,0,0,0,0
708.665,539.642,-3.528,3.955,380,420,0,0,0,0
705.137,543.597,-3.528,3.955,380,420,0,0,0,0
701.609,547.552,-3.528,3.955,380,420,0,0,0,0
698.081,551.507,-3.528,3.955,380,420,0,0,0,0
694.553,555.463,-3.528,3.955,380,420,0,0,0,0
691.026,559.418,-3.528,3.955,380,420,0,0,0,0
687.498,563.373,-3.528,3.955,380,420,0,0,0,0
683.97,567.328,-3.528,3.955,380,420,0,0,0,0
680.442,571.284,-3.528,3.955,380,415,0,-1,0,0
676.914,575.239,-3.528,3.955,380,410,0,-1,0,0
673.386,579.194,-3.528,3.955,380,405,0,-1,0,0
669.858,583.149,-3.528,3.955,380,400,0,-1,0,0
666.33,587.104,-3.528,3.955,380,395,0,-1,0,0
662.802,591.06,-3.528,3.955,380,390,0,-1,0,0
659.274,594.0,-3.528,-3.955,380,385,0,-1,0,0
655.747,590.045,-3.528,-3.955,380,380,0,-1,0,0
652.219,586.09,-3.528,-3.955,380,375,0,-1,0,0
648.691,582.134,-3.528,-3.955,380,370,0,-1,0,0
645.163,578.179,-3.528,-3.955,380,370,0,0,0,0
641.635,574.224,-3.528,-3.955,380,370,0,0,0,0
638.107,570.269,-3.528,-3.955,380,370,0,0,0,0
634.579,566.313,-3.528,-3.955,380,370,0,0,0,0
631.051,562.358,-3.528,-3.955,380,370,0,0,0,0
627.523,558.403,-3.528,-3.955,380,370,0,0,0,0
623.995,554.448,-3.528,-3.955,380,370,0,0,0,0
620.467,550.492,-3.528,-3.955,380,370,0,0,0,0
616.94,546.537,-3.528,-3.955,380,370,0,0,0,0
613.412,542.582,-3.528,-3.955,375,370,-1,0,0,0
609.884,538.627,-3.528,-3.955,370,370,-1,0,0,0
606.356,534.671,-3.528,-3.955,365,370,-1,0,0,0
602.828,530.716,-3.528,-3.955,360,370,-1,0,0,0
599.3,526.761,-3.528,-3.955,355,370,-1,0,0,0
595.772,522.806,-3.528,-3.955,350,370,-1,0,0,0
592.244,518.851,-3.528,-3.955,345,370,-1,0,0,0
588.716,514.895,-3.528,-3.955,340,370,-1,0,0,0
585.188,510.94,-3.528,-3.955,335,370,-1,0,0,0
581.66,506.985,-3.528,-3.955,330,370,-1,0,0,0
578.133,503.03,-3.528,-3.955,325,370,-1,0,0,0
574.605,499.074,-3.528,-3.955,320,370,-1,0,0,0
571.077,495.119,-3.528,-3.955,315,370,-1,0,0,0
567.549,491.164,-3.528,-3.955,310,370,-1,0,0,0
564.021,487.209,-3.528,-3.955,305,370,-1,0,0,0
560.493,483.253,-3.528,-3.955,300,370,-1,0,0,0
556.965,479.298,-3.528,-3.955,295,370,-1,0,0,0
553.437,475.343,-3.528,-3.955,290,370,-1,0,0,0
549.909,471.388,-3.528,-3.955,285,370,-1,0,0,0
546.381,467.433,-3.528,-3.955,280,370,-1,0,0,0
542.853,463.477,-3.528,-3.955,275,370,-1,0,0,0
539.326,459.522,-3.528,-3.955,270,370,-1,0,0,0
535.798,455.567,-3.528,-3.955,265,370,-1,0,0,0
532.27,451.612,-3.528,-3.955,260,370,-1,0,0,0
528.742,447.656,-3.528,-3.955,255,370,-1,0,0,0
525.214,443.701,-3.528,-3.955,250,370,-1,0,0,0
521.686,439.746,-3.528,-3.955,245,370,-1,0,0,0
518.158,435.791,-3.528,-3.955,240,370,-1,0,0,0
514.63,431.835,-3.528,-3.955,235,370,-1,0,0,0
511.102,427.88,-3.528,-3.955,230,370,-1,0,0,0
507.574,423.925,-3.528,-3.955,225,370,-1,0,0,0
504.047,419.97,-3.528,-3.955,220,370,-1,0,0,0
500.519,416.014,-3.528,-3.955,215,370,-1,0,0,0
496.991,412.059,-3.528,-3.955,210,370,-1,0,0,0
493.463,408.104,-3.528,-3.955,205,370,-1,0,0,0
489.935,404.149,-3.528,-3.955,200,370,-1,0,0,0
486.407,400.194,-3.528,-3.955,195,370,-1,0,0,0
482.879,396.238,-3.528,-3.955,190,370,-1,0,0,0
479.351,392.283,-3.528,-3.955,185,370,-1,0,0,0
475.823,388.328,-3.528,-3.955,180,370,-1,0,0,0
472.295,384.373,-3.528,-3.955,175,370,-1,0,0,0
468.767,380.417,-3.528,-3.955,170,370,-1,0,0,0
465.24,376.462,-3.528,-3.955,165,370,-1,0,0,0
461.712,372.507,-3.528,-3.955,160,370,-1,0,0,0
458.184,368.552,-3.528,-3.955,155,370,-1,0,0,0
454.656,364.596,-3.528,-3.955,150,370,-1,0,0,0
451.128,360.641,-3.528,-3.955,145,370,-1,0,0,0
447.6,356.686,-3.528,-3.955,145,370,0,0,0,0
444.072,352.731,-3.528,-3.955,145,370,0,0,0,0
440.544,348.776,-3.528,-3.955,145,370,0,0,0,0
437.016,344.82,-3.528,-3.955,145,370,0,0,0,0
433.488,340.865,-3.528,-3.955,145,370,0,0,0,0
429.96,336.91,-3.528,-3.955,145,370,0,0,0,0
426.433,332.955,-3.528,-3.955,145,370,0,0,0,0
422.905,328.999,-3.528,-3.955,145,370,0,0,0,0
419.377,325.044,-3.528,-3.955,145,370,0,0,0,0
415.849,321.089,-3.528,-3.955,145,370,0,0,0,0
412.321,317.134,-3.528,-3.955,145,370,0,0,0,0
408.793,313.178,-3.528,-3.955,145,370,0,0,0,0
405.265,309.223,-3.528,-3.955,145,370,0,0,0,0
401.737,305.268,-3.528,-3.955,145,370,0,0,0,0
398.209,301.313,-3.528,-3.955,145,370,0,0,0,0
394.681,297.357,-3.528,-3.955,145,370,0,0,0,0
391.153,293.402,-3.528,-3.955,145,370,0,0,0,0
387.626,289.447,-3.528,-3.955,145,370,0,0,0,0
384.098,285.492,-3.528,-3.955,145,370,0,0,0,0
380.57,281.537,-3.528,-3.955,145,370,0,0,0,0
377.042,277.581,-3.528,-3.955,145,370,0,0,0,0
373.514,273.626,-3.528,-3.955,140,370,-1,0,0,0
369.986,269.671,-3.528,-3.955,135,370,-1,0,0,0
366.458,265.716,-3.528,-3.955,130,370,-1,0,0,0
362.93,261.76,-3.528,-3.955,125,370,-1,0,0,0
359.402,257.805,-3.528,-3.955,120,370,-1,0,0,0
355.874,253.85,-3.528,-3.955,115,370,-1,0,0,0
352.347,249.895,-3.528,-3.955,110,370,-1,0,0,0
348.819,245.939,-3.528,-3.955,105,370,-1,0,0,0
345.291,241.984,-3.528,-3.955,100,370,-1,0,0,0
341.763,238.029,-3.528,-3.955,95,370,-1,0,0,0
338.235,234.074,-3.528,-3.955,90,370,-1,0,0,0
334.707,230.119,-3.528,-3.955,85,370,-1,0,0,0
331.179,226.163,-3.528,-3.955,80,370,-1,0,0,0
327.651,222.208,-3.528,-3.955,75,370,-1,0,0,0
324.123,218.253,-3.528,-3.955,70,370,-1,0,0,0
320.595,214.298,-3.528,-3.955,65,370,-1,0,0,0
317.067,210.342,-3.528,-3.955,60,370,-1,0,0,0
313.54,206.387,-3.528,-3.955,55,370,-1,0,0,0
310.012,202.432,-3.528,-3.955,50,370,-1,0,0,0
306.484,198.477,-3.528,-3.955,45,370,-1,0,0,0
302.956,194.521,-3.528,-3.955,40,370,-1,0,0,0
299.428,190.566,-3.528,-3.955,35,370,-1,0,0,0
295.9,186.611,-3.528,-3.955,30,370,-1,0,0,0
292.372,182.656,-3.528,-3.955,25,370,-1,0,0,0
288.844,178.7,-3.528,-3.955,20,370,-1,0,0,0
285.316,174.745,-3.528,-3.955,15,370,-1,0,0,0
281.788,170.79,-3.528,-3.955,10,370,-1,0,0,0
278.26,166.835,-3.528,-3.955,5,370,-1,0,0,0
274.733,162.88,-3.528,-3.955,0,370,-1,0,0,0
271.205,158.924,-3.528,-3.955,0,370,-1,0,0,0
267.677,154.969,-3.528,-3.955,0,370,0,0,0,0
264.149,151.014,-3.528,-3.955,0,370,0,0,0,0
260.621,147.059,-3.528,-3.955,0,370,0,0,0,0
257.093,143.103,-3.528,-3.955,0,370,0,0,0,0
253.565,139.148,-3.528,-3.955,0,370,0,0,0,0
250.037,135.193,-3.528,-3.955,0,370,0,0,0,0
246.509,131.238,-3.528,-3.955,0,370,0,0,0,0
242.981,127.282,-3.528,-3.955,0,370,0,0,0,0
239.453,123.327,-3.528,-3.955,0,370,0,0,0,0
235.926,119.372,-3.528,-3.955,0,370,0,0,0,0
232.398,115.417,-3.528,-3.955,0,370,0,0,0,0
228.87,111.462,-3.528,-3.955,0,370,0,0,0,0
225.342,107.506,-3.528,-3.955,0,370,0,0,0,0
221.814,103.551,-3.528,-3.955,0,370,0,0,0,0
218.286,99.596,-3.528,-3.955,0,370,0,0,0,0
214.758,95.641,-3.528,-3.955,0,370,0,0,0,0
211.23,91.685,-3.528,-3.955,0,370,0,0,0,0
207.702,87.73,-3.528,-3.955,0,370,0,0,0,0
204.174,83.775,-3.528,-3.955,0,370,0,0,0,0
200.647,79.82,-3.528,-3.955,0,370,0,0,0,0
197.119,75.864,-3.528,-3.955,0,370,0,0,0,0
193.591,71.909,-3.528,-3.955,0,370,0,0,0,0
190.063,67.954,-3.528,-3.955,0,370,0,0,0,0
186.535,63.999,-3.528,-3.955,0,370,0,0,0,0
183.007,60.043,-3.528,-3.955,0,370,0,0,0,0
179.479,56.088,-3.528,-3.955,0,370,0,0,0,0
175.951,52.133,-3.528,-3.955,0,370,0,0,0,0
172.423,48.178,-3.528,-3.955,0,370,0,0,0,0
168.895,44.223,-3.528,-3.955,5,370,1,0,0,0
165.367,40.267,-3.528,-3.955,10,370,1,0,0,0
161.84,36.312,-3.528,-3.955,15,370,1,0,0,0
158.312,32.357,-3.528,-3.955,20,370,1,0,0,0
154.784,28.402,-3.528,-3.955,25,370,1,0,0,0
151.256,24.446,-3.528,-3.955,30,370,1,0,0,0
147.728,20.491,-3.528,-3.955,30,370,0,0,0,0
144.2,16.536,-3.528,-3.955,30,370,0,0,0,0
140.672,12.581,-3.528,-3.955,30,370,0,0,0,0
137.144,8.625,-3.528,-3.955,30,370,0,0,0,0
133.616,6.0,-3.528,3.955,30,370,0,0,0,0
130.088,9.955,-3.528,3.955,30,370,0,0,0,0
126.56,13.91,-3.528,3.955,30,370,0,0,0,0
123.033,17.866,-3.528,3.955,30,370,0,0,0,0
119.505,21.821,-3.528,3.955,30,370,0,0,0,0
115.977,25.776,-3.528,3.955,30,370,0,0,0,0
112.449,29.731,-3.528,3.955,30,370,0,0,0,0
108.921,33.687,-3.528,3.955,30,370,0,0,0,0
105.393,37.642,-3.528,3.955,30,370,0,0,0,0
101.865,41.597,-3.528,3.955,30,370,0,0,0,0
98.337,45.552,-3.528,3.955,30,370,0,0,0,0
94.809,49.508,-3.528,3.955,30,370,0,0,0,0
91.281,53.463,-3.528,3.955,30,370,0,0,0,0
87.753,57.418,-3.528,3.955,30,370,0,0,0,0
84.226,61.373,-3.528,3.955,30,370,0,0,0,0
80.698,65.329,-3.528,3.955,30,370,0,0,0,0
77.17,69.284,-3.528,3.955,30,370,0,0,0,0
73.642,73.239,-3.528,3.955,30,370,0,0,0,0
70.114,77.194,-3.528,3.955,35,370,1,0,0,0
66.586,81.149,-3.528,3.955,40,370,1,0,0,0
63.058,85.105,-3.528,3.955,45,370,1,0,0,0
59.53,89.06,-3.528,3.955,50,370,1,0,0,0
56.002,93.015,-3.528,3.955,55,370,1,0,0,0
52.474,96.97,-3.528,3.955,60,370,1,0,0,0
48.946,100.926,-3.528,3.955,65,370,1,0,0,0
49.0,104.881,5.55,-0.748,70,370,1,0,0,0
54.55,104.133,5.55,-0.748,75,370,1,0,0,0
60.1,103.384,5.55,-0.748,80,370,1,0,0,0
65.649,102.636,5.55,-0.748,85,370,1,0,0,0
71.199,101.888,5.55,-0.748,90,370,1,0,0,0
76.749,101.14,5.55,-0.748,95,370,1,0,0,0
82.299,100.391,5.55,-0.748,100,370,1,0,0,0
87.848,99.643,5.55,-0.748,105,370,1,0,0,0
93.398,98.895,5.55,-0.748,110,370,1,0,0,0
98.948,98.146,5.55,-0.748,115,370,1,0,0,0
104.498,97.398,5.55,-0.748,120,370,1,0,0,0
110.048,96.65,5.55,-0.748,125,370,1,0,0,0
115.597,95.902,5.55,-0.748,130,370,1,0,0,0
121.147,95.153,5.55,-0.748,135,370,1,0,0,0
126.697,94.405,5.55,-0.748,140,370,1,0,0,0
132.247,93.657,5.55,-0.748,145,370,1,0,0,0
137.797,92.909,5.55,-0.748,150,370,1,0,0,0
143.346,92.16,5.55,-0.748,155,370,1,0,0,0
148.896,91.412,5.55,-0.748,160,370,1,0,0,0
154.446,90.664,5.55,-0.748,160,370,0,0,0,0
159.996,89.916,5.55,-0.748,160,370,0,0,0,0
165.545,89.167,5.55,-0.748,160,370,0,0,0,0
171.095,88.419,5.55,-0.748,160,370,0,0,0,0
176.645,87.671,5.55,-0.748,160,370,0,0,0,0
182.195,86.923,5.55,-0.748,160,370,0,0,0,0
187.745,86.174,5.55,-0.748,160,370,0,0,0,0
193.294,85.426,5.55,-0.748,160,370,0,0,0,0
198.844,84.678,5.55,-0.748,160,370,0,0,0,0
204.394,83.929,5.55,-0.748,160,370,0,0,0,0
209.944,83.181,5.55,-0.748,160,370,0,0,0,0
215.494,82.433,5.55,-0.748,155,370,-1,0,0,0
221.043,81.685,5.55,-0.748,150,370,-1,0,0,0
226.593,80.936,5.55,-0.748,145,370,-1,0,0,0
232.143,80.188,5.55,-0.748,140,370,-1,0,0,0
237.693,79.44,5.55,-0.748,135,370,-1,0,0,0
243.242,78.692,5.55,-0.748,130,365,-1,-1,0,0
248.792,77.943,5.55,-0.748,125,360,-1,-1,0,0
254.342,77.195,5.55,-0.748,120,355,-1,-1,0,0
259.892,76.447,5.55,-0.748,115,350,-1,-1,0,0
265.442,75.699,5.55,-0.748,110,345,-1,-1,0,0
270.991,74.95,5.55,-0.748,105,340,-1,-1,0,0
276.541,74.202,5.55,-0.748,100,335,-1,-1,0,0
282.091,73.454,5.55,-0.748,95,330,-1,-1,0,0
287.641,72.705,5.55,-0.748,90,325,-1,-1,0,0
293.19,71.957,5.55,-0.748,85,320,-1,-1,0,0
298.74,71.209,5.55,-0.748,80,315,-1,-1,0,0
304.29,70.461,5.55,-0.748,75,310,-1,-1,0,0
309.84,69.712,5.55,-0.748,70,305,-1,-1,0,0
315.39,68.964,5.55,-0.748,65,300,-1,-1,0,0
320.939,68.216,5.55,-0.748,60,295,-1,-1,0,0
326.489,67.468,5.55,-0.748,55,290,-1,-1,0,0
332.039,66.719,5.55,-0.748,50,285,-1,-1,0,0
337.589,65.971,5.55,-0.748,45,280,-1,-1,0,0
343.139,65.223,5.55,-0.748,40,275,-1,-1,0,0
348.688,64.475,5.55,-0.748,35,270,-1,-1,0,0
354.238,63.726,5.55,-0.748,30,265,-1,-1,0,0
359.788,62.978,5.55,-0.748,25,260,-1,-1,0,0
365.338,62.23,5.55,-0.748,20,255,-1,-1,0,0
370.887,61.482,5.55,-0.748,15,250,-1,-1,0,0
376.437,60.733,5.55,-0.748,10,245,-1,-1,0,0
381.987,59.985,5.55,-0.748,5,240,-1,-1,0,0
387.537,59.237,5.55,-0.748,0,235,-1,-1,0,0
393.087,58.488,5.55,-0.748,0,230,-1,-1,0,0
398.636,57.74,5.55,-0.748,0,225,-1,-1,0,0
404.186,56.992,5.55,-0.748,0,220,-1,-1,0,0
409.736,56.244,5.55,-0.748,0,215,-1,-1,0,0
415.286,55.495,5.55,-0.748,0,210,-1,-1,0,0
420.836,54.747,5.55,-0.748,0,205,-1,-1,0,0
426.385,53.999,5.55,-0.748,0,200,-1,-1,0,0
431.935,53.251,5.55,-0.748,0,195,-1,-1,0,0
437.485,52.502,5.55,-0.748,0,190,-1,-1,0,0
443.035,51.754,5.55,-0.748,0,185,-1,-1,0,0
448.584,51.006,5.55,-0.748,0,180,-1,-1,0,0
454.134,50.258,5.55,-0.748,0,175,-1,-1,0,0
459.684,49.509,5.55,-0.748,0,170,0,-1,0,0
465.234,48.761,5.55,-0.748,0,165,0,-1,0,0
470.784,48.013,5.55,-0.748,0,160,0,-1,0,0
476.333,47.265,5.55,-0.748,0,155,0,-1,0,0
481.883,46.516,5.55,-0.748,0,150,0,-1,0,0
487.433,45.768,5.55,-0.748,0,145,0,-1,0,0
492.983,45.02,5.55,-0.748,0,140,0,-1,0,0
498.532,44.271,5.55,-0.748,0,135,0,-1,0,0
504.082,43.523,5.55,-0.748,0,130,0,-1,0,0
509.632,42.775,5.55,-0.748,0,125,0,-1,0,0
515.182,42.027,5.55,-0.748,0,120,0,-1,0,0
520.732,41.278,5.55,-0.748,0,115,0,-1,0,0
526.281,40.53,5.55,-0.748,0,110,0,-1,0,0
531.831,39.782,5.55,-0.748,0,105,0,-1,0,0
537.381,39.034,5.55,-0.748,0,100,0,-1,0,0
542.931,38.285,5.55,-0.748,0,95,0,-1,0,0
548.481,37.537,5.55,-0.748,0,90,0,-1,0,0
554.03,36.789,5.55,-0.748,0,85,0,-1,0,0
559.58,36.041,5.55,-0.748,0,80,0,-1,0,0
565.13,35.292,5.55,-0.748,0,75,0,-1,0,0
570.68,34.544,5.55,-0.748,0,70,0,-1,0,0
576.229,33.796,5.55,-0.748,0,65,0,-1,0,0
581.779,33.048,5.55,-0.748,0,60,0,-1,0,0
587.329,32.299,5.55,-0.748,0,55,0,-1,0,0
592.879,31.551,5.55,-0.748,0,50,0,-1,0,0
598.429,30.803,5.55,-0.748,0,45,0,-1,0,0
603.978,30.054,5.55,-0.748,0,40,0,-1,0,0
609.528,29.306,5.55,-0.748,0,35,0,-1,0,0
615.078,28.558,5.55,-0.748,0,30,0,-1,0,0
620.628,27.81,5.55,-0.748,0,25,0,-1,0,0
626.178,27.061,5.55,-0.748,0,20,0,-1,0,0
631.727,26.313,5.55,-0.748,0,15,0,-1,0,0
637.277,25.565,5.55,-0.748,0,10,0,-1,0,0
642.827,24.817,5.55,-0.748,0,5,0,-1,0,0
648.377,24.068,5.55,-0.748,0,0,0,-1,0,0
653.926,23.32,5.55,-0.748,0,0,0,-1,0,0
659.476,22.572,5.55,-0.748,0,0,0,-1,0,0
665.026,21.824,5.55,-0.748,0,0,0,-1,0,0
670.576,21.075,5.55,-0.748,0,0,0,-1,0,0
676.126,20.327,5.55,-0.748,0,0,0,-1,0,0
681.675,19.579,5.55,-0.748,0,0,0,0,0,0
687.225,18.83,5.55,-0.748,0,0,0,0,0,0
692.775,18.082,5.55,-0.748,0,0,0,0,0,0
698.325,17.334,5.55,-0.748,0,0,0,0,0,0
703.874,16.586,5.55,-0.748,0,0,0,0,0,0
709.424,15.837,5.55,-0.748,0,0,0,0,0,0
714.974,15.089,5.55,-0.748,0,0,0,0,0,0
720.524,14.341,5.55,-0.748,0,0,0,0,0,0
726.074,13.593,5.55,-0.748,0,0,0,0,0,0
731.623,12.844,5.55,-0.748,0,0,0,0,0,0
737.173,12.096,5.55,-0.748,0,0,0,0,0,0
742.723,11.348,5.55,-0.748,0,0,0,0,0,0
748.273,10.6,5.55,-0.748,0,0,0,0,0,0
751.0,9.851,-4.156,-4.188,0,0,0,0,0,0
746.844,6.0,-4.156,4.188,0,0,0,0,0,0
742.689,10.188,-4.156,4.188,0,0,0,0,0,0
738.533,14.376,-4.156,4.188,0,0,0,0,0,0
734.377,18.564,-4.156,4.188,0,0,0,0,0,0
730.222,22.753,-4.156,4.188,0,0,0,0,0,0
726.066,26.941,-4.156,4.188,0,0,0,0,0,0
721.91,31.129,-4.156,4.188,0,0,0,0,0,0
717.755,35.317,-4.156,4.188,0,0,0,0,0,0
713.599,39.505,-4.156,4.188,0,0,0,0,0,0
709.443,43.693,-4.156,4.188,0,0,0,0,0,0
705.288,47.881,-4.156,4.188,0,0,0,0,0,0
701.132,52.07,-4.156,4.188,0,0,0,0,0,0
696.976,56.258,-4.156,4.188,0,0,0,0,0,0
692.821,60.446,-4.156,4.188,0,0,0,0,0,0
688.665,64.634,-4.156,4.188,0,0,0,0,0,0
684.509,68.822,-4.156,4.188,0,0,0,0,0,0
680.354,73.01,-4.156,4.188,0,0,0,0,0,0
676.198,77.198,-4.156,4.188,0,0,0,0,0,0
672.042,81.386,-4.156,4.188,0,0,0,0,0,0
667.887,85.575,-4.156,4.188,0,0,0,0,0,0
663.731,89.763,-4.156,4.188,0,0,0,0,0,0
659.575,93.951,-4.156,4.188,5,0,1,0,0,0
655.42,98.139,-4.156,4.188,10,0,1,0,0,0
651.264,102.327,-4.156,4.188,15,0,1,0,0,0
647.108,106.515,-4.156,4.188,20,0,1,0,0,0
642.953,110.703,-4.156,4.188,25,0,1,0,0,0
638.797,114.892,-4.156,4.188,30,0,1,0,0,0
634.642,119.08,-4.156,4.188,35,0,1,0,0,0
630.486,123.268,-4.156,4.188,40,5,1,1,0,0
626.33,127.456,-4.156,4.188,45,10,1,1,0,0
622.175,131.644,-4.156,4.188,50,15,1,1,0,0
618.019,135.832,-4.156,4.188,55,20,1,1,0,0
613.863,140.02,-4.156,4.188,60,25,1,1,0,0
609.708,144.209,-4.156,4.188,65,30,1,1,0,0
605.552,148.397,-4.156,4.188,70,35,1,1,0,0
601.396,152.585,-4.156,4.188,75,40,1,1,0,0
597.241,156.773,-4.156,4.188,80,45,1,1,0,0
593.085,160.961,-4.156,4.188,85,50,1,1,0,0
588.929,165.149,-4.156,4.188,90,55,1,1,0,0
584.774,169.337,-4.156,4.188,95,60,1,1,0,0
580.618,173.525,-4.156,4.188,100,65,1,1,0,0
576.462,177.714,-4.156,4.188,105,70,1,1,0,0
572.307,181.902,-4.156,4.188,110,75,1,1,0,0
568.151,186.09,-4.156,4.188,115,80,1,1,0,0
563.995,190.278,-4.156,4.188,120,85,1,1,0,0
559.84,194.466,-4.156,4.188,125,90,1,1,0,0
555.684,198.654,-4.156,4.188,130,95,1,1,0,0
551.528,202.842,-4.156,4.188,135,100,1,1,0,0
547.373,207.031,-4.156,4.188,140,105,1,1,0,0
543.217,211.219,-4.156,4.188,145,110,1,1,0,0
539.061,215.407,-4.156,4.188,150,115,1,1,0,0
534.906,219.595,-4.156,4.188,155,120,1,1,0,0
530.75,223.783,-4.156,4.188,160,125,1,1,0,0
526.594,227.971,-4.156,4.188,165,130,1,1,0,0
522.439,232.159,-4.156,4.188,170,135,1,1,0,0
518.283,236.348,-4.156,4.188,175,140,1,1,0,0
514.127,240.536,-4.156,4.188,180,145,1,1,0,0
509.972,244.724,-4.156,4.188,185,150,1,1,0,0
505.816,248.912,-4.156,4.188,190,155,1,1,0,0
501.66,253.1,-4.156,4.188,195,160,1,1,0,0
497.505,257.288,-4.156,4.188,200,165,1,1,0,0
493.349,261.476,-4.156,4.188,205,170,1,1,0,0
489.193,265.664,-4.156,4.188,210,175,1,1,0,0
485.038,269.853,-4.156,4.188,215,180,1,1,0,0
480.882,274.041,-4.156,4.188,220,185,1,1,0,0
476.726,278.229,-4.156,4.188,225,190,1,1,0,0
472.571,282.417,-4.156,4.188,230,195,1,1,0,0
468.415,286.605,-4.156,4.188,235,200,1,1,0,0
464.259,290.793,-4.156,4.188,240,205,1,1,0,0
460.104,294.981,-4.156,4.188,245,210,1,1,0,0
455.948,299.17,-4.156,4.188,250,215,1,1,0,0
451.792,303.358,-4.156,4.188,255,220,1,1,0,0
447.637,307.546,-4.156,4.188,260,225,1,1,0,0
443.481,311.734,-4.156,4.188,265,230,1,1,0,0
439.325,315.922,-4.156,4.188,270,230,1,0,0,0
435.17,320.11,-4.156,4.188,275,230,1,0,0,0
431.014,324.298,-4.156,4.188,280,230,1,0,0,0
426.858,328.487,-4.156,4.188,285,230,1,0,0,0
422.703,332.675,-4.156,4.188,290,230,1,0,0,0
418.547,336.863,-4.156,4.188,295,230,1,0,0,0
414.392,341.051,-4.156,4.188,300,230,1,0,0,0
410.236,345.239,-4.156,4.188,305,230,1,0,0,0
406.08,349.427,-4.156,4.188,310,230,1,0,0,0
401.925,353.615,-4.156,4.188,315,230,1,0,0,0
397.769,357.803,-4.156,4.188,320,230,1,0,0,0
393.613,361.992,-4.156,4.188,325,235,1,1,0,0
389.458,366.18,-4.156,4.188,330,240,1,1,0,0
385.302,370.368,-4.156,4.188,335,245,1,1,0,0
381.146,374.556,-4.156,4.188,340,250,1,1,0,0
376.991,378.744,-4.156,4.188,345,255,1,1,0,0
372.835,382.932,-4.156,4.188,350,260,1,1,0,0
368.679,387.12,-4.156,4.188,355,265,1,1,0,0
364.524,391.309,-4.156,4.188,360,270,1,1,0,0
360.368,395.497,-4.156,4.188,365,275,1,1,0,0
356.212,399.685,-4.156,4.188,370,280,1,1,0,0
352.057,403.873,-4.156,4.188,375,285,1,1,0,0
347.901,408.061,-4.156,4.188,380,290,1,1,0,0
343.745,412.249,-4.156,4.188,385,295,1,1,0,0
339.59,416.437,-4.156,4.188,390,300,1,1,0,0
335.434,420.626,-4.156,4.188,395,305,1,1,0,0
331.278,424.814,-4.156,4.188,400,305,1,0,0,0
327.123,429.002,-4.156,4.188,405,305,1,0,0,0
322.967,433.19,-4.156,4.188,410,305,1,0,0,0
318.811,437.378,-4.156,4.188,415,305,1,0,0,0
314.656,441.566,-4.156,4.188,420,305,1,0,0,0
310.5,445.754,-4.156,4.188,425,305,1,0,0,0
306.344,449.942,-4.156,4.188,430,305,1,0,0,0
302.189,454.131,-4.156,4.188,435,305,1,0,0,0
298.033,458.319,-4.156,4.188,440,305,1,0,0,0
293.877,462.507,-4.156,4.188,445,305,1,0,0,0
289.722,466.695,-4.156,4.188,450,305,1,0,0,0
285.566,470.883,-4.156,4.188,455,305,1,0,0,0
281.41,475.071,-4.156,4.188,460,305,1,0,0,0
277.255,479.259,-4.156,4.188,465,305,1,0,0,0
273.099,483.448,-4.156,4.188,470,305,1,0,0,0
268.943,487.636,-4.156,4.188,475,305,1,0,0,0
264.788,491.824,-4.156,4.188,480,305,1,0,0,0
260.632,496.012,-4.156,4.188,485,305,1,0,0,0
256.476,500.2,-4.156,4.188,490,305,1,0,0,0
252.321,504.388,-4.156,4.188,495,305,1,0,0,0
248.165,508.576,-4.156,4.188,500,305,1,0,0,0
244.009,512.765,-4.156,4.188,505,305,1,0,0,0
239.854,516.953,-4.156,4.188,510,305,1,0,0,0
235.698,521.141,-4.156,4.188,515,305,1,0,0,0
231.542,525.329,-4.156,4.188,520,305,1,0,0,0
227.387,529.517,-4.156,4.188,520,305,1,0,0,0
223.231,533.705,-4.156,4.188,520,305,1,0,0,0
219.075,537.893,-4.156,4.188,520,305,1,0,0,0
214.92,542.081,-4.156,4.188,520,305,1,0,0,0
210.764,546.27,-4.156,4.188,520,305,1,0,0,0
206.609,550.458,-4.156,4.188,520,305,1,0,0,0
202.453,554.646,-4.156,4.188,520,305,1,0,0,0
198.297,558.834,-4.156,4.188,520,305,1,0,0,0
194.142,563.022,-4.156,4.188,520,305,1,0,0,0
189.986,567.21,-4.156,4.188,520,305,0,0,0,0
185.83,571.398,-4.156,4.188,520,305,0,0,0,0
181.675,575.587,-4.156,4.188,520,305,0,0,0,0
177.519,579.775,-4.156,4.188,515,305,-1,0,0,0
173.363,583.963,-4.156,4.188,510,305,-1,0,0,0
169.208,588.151,-4.156,4.188,505,305,-1,0,0,0
165.052,592.339,-4.156,4.188,500,305,-1,0,0,0
160.896,594.0,-4.156,-4.188,495,305,-1,0,0,0
156.741,589.812,-4.156,-4.188,490,305,-1,0,0,0
152.585,585.624,-4.156,-4.188,485,305,-1,0,0,0
148.429,581.436,-4.156,-4.188,480,305,-1,0,0,0
144.274,577.247,-4.156,-4.188,475,305,-1,0,0,0
140.118,573.059,-4.156,-4.188,470,305,-1,0,0,0
135.962,568.871,-4.156,-4.188,465,305,-1,0,0,0
131.807,564.683,-4.156,-4.188,460,305,-1,0,0,0
127.651,560.495,-4.156,-4.188,455,305,-1,0,0,0
123.495,556.307,-4.156,-4.188,455,305,0,0,0,0
119.34,552.119,-4.156,-4.188,455,305,0,0,0,0
115.184,547.93,-4.156,-4.188,455,305,0,0,0,0
111.028,543.742,-4.156,-4.188,455,305,0,0,0,0
106.873,539.554,-4.156,-4.188,455,305,0,0,0,0
102.717,535.366,-4.156,-4.188,455,305,0,0,0,0
98.561,531.178,-4.156,-4.188,455,305,0,0,0,0
94.406,526.99,-4.156,-4.188,455,305,0,0,0,0
90.25,522.802,-4.156,-4.188,455,305,0,0,0,0
86.094,518.614,-4.156,-4.188,455,305,0,0,0,0
81.939,514.425,-4.156,-4.188,455,305,0,0,0,0
77.783,510.237,-4.156,-4.188,455,305,0,0,0,0
73.627,506.049,-4.156,-4.188,455,305,0,0,0,0
69.472,501.861,-4.156,-4.188,455,305,0,0,0,0
65.316,497.673,-4.156,-4.188,455,305,0,0,0,0
61.16,493.485,-4.156,-4.188,455,305,0,0,0,0
57.005,489.297,-4.156,-4.188,455,305,0,0,0,0
52.849,485.108,-4.156,-4.188,455,305,0,0,0,0
48.693,480.92,-4.156,-4.188,455,305,0,0,0,0
49.0,476.732,5.83,-2.111,450,305,-1,0,0,0
54.83,474.622,5.83,-2.111,445,305,-1,0,0,0
60.659,472.511,5.83,-2.111,440,305,-1,0,0,0
66.489,470.401,5.83,-2.111,435,305,-1,0,0,0
72.319,468.29,5.83,-2.111,430,305,-1,0,0,0
78.149,466.18,5.83,-2.111,425,305,-1,0,0,0
83.978,464.069,5.83,-2.111,420,305,-1,0,0,0
89.808,461.958,5.83,-2.111,415,305,-1,0,0,0
95.638,459.848,5.83,-2.111,410,305,-1,0,0,0
101.468,457.737,5.83,-2.111,405,305,-1,0,0,0
107.297,455.627,5.83,-2.111,405,305,0,0,0,0
113.127,453.516,5.83,-2.111,405,305,0,0,0,0
118.957,451.406,5.83,-2.111,405,305,0,0,0,0
124.786,449.295,5.83,-2.111,405,305,0,0,0,0
130.616,447.185,5.83,-2.111,405,305,0,0,0,0
136.446,445.074,5.83,-2.111,405,305,0,0,0,0
142.276,442.964,5.83,-2.111,405,305,0,0,0,0
148.105,440.853,5.83,-2.111,405,305,0,0,0,0
153.935,438.743,5.83,-2.111,405,305,0,0,0,0
159.765,436.632,5.83,-2.111,405,305,0,0,0,0
165.594,434.522,5.83,-2.111,405,305,0,0,0,0
171.424,432.411,5.83,-2.111,405,305,0,0,0,0
177.254,430.301,5.83,-2.111,405,305,0,0,0,0
183.084,428.19,5.83,-2.111,405,305,0,0,0,0
188.913,426.079,5.83,-2.111,405,305,0,0,0,0
194.743,423.969,5.83,-2.111,405,305,0,0,0,0
200.573,421.858,5.83,-2.111,405,305,0,0,0,0
206.403,419.748,5.83,-2.111,405,305,0,0,0,0
212.232,417.637,5.83,-2.111,405,305,0,0,0,0
218.062,415.527,5.83,-2.111,400,305,-1,0,0,0
223.892,413.416,5.83,-2.111,395,305,-1,0,0,0
229.721,411.306,5.83,-2.111,390,305,-1,0,0,0
235.551,409.195,5.83,-2.111,385,305,-1,0,0,0
241.381,407.085,5.83,-2.111,380,305,-1,0,0,0
247.211,404.974,5.83,-2.111,375,305,-1,0,0,0
253.04,402.864,5.83,-2.111,370,305,-1,0,0,0
258.87,400.753,5.83,-2.111,365,305,-1,0,0,0
264.7,398.643,5.83,-2.111,360,310,-1,1,0,0
270.529,396.532,5.83,-2.111,355,315,-1,1,0,0
276.359,394.422,5.83,-2.111,350,320,-1,1,0,0
282.189,392.311,5.83,-2.111,345,320,-1,0,0,0
288.019,390.2,5.83,-2.111,340,320,-1,0,0,0
293.848,388.09,5.83,-2.111,335,320,-1,0,0,0
299.678,385.979,5.83,-2.111,330,320,-1,0,0,0
305.508,383.869,5.83,-2.111,325,320,-1,0,0,0
311.338,381.758,5.83,-2.111,320,320,-1,0,0,0
317.167,379.648,5.83,-2.111,315,320,-1,0,0,0
322.997,377.537,5.83,-2.111,310,320,-1,0,0,0
328.827,375.427,5.83,-2.111,305,320,-1,0,0,0
334.656,373.316,5.83,-2.111,300,320,-1,0,0,0
340.486,371.206,5.83,-2.111,295,320,-1,0,0,0
346.316,369.095,5.83,-2.111,290,320,-1,0,0,0
352.146,366.985,5.83,-2.111,285,320,-1,0,0,0
357.975,364.874,5.83,-2.111,280,320,-1,0,0,0
363.805,362.764,5.83,-2.111,275,320,-1,0,0,0
369.635,360.653,5.83,-2.111,270,320,-1,0,0,0
375.464,358.543,5.83,-2.111,265,320,-1,0,0,0
381.294,356.432,5.83,-2.111,260,320,-1,0,0,0
387.124,354.321,5.83,-2.111,255,320,-1,0,0,0
392.954,352.211,5.83,-2.111,255,320,0,0,0,0
398.783,350.1,5.83,-2.111,255,320,0,0,0,0
404.613,347.99,5.83,-2.111,255,320,0,0,0,0
410.443,345.879,5.83,-2.111,255,320,0,0,0,0
416.273,343.769,5.83,-2.111,255,320,0,0,0,0
422.102,341.658,5.83,-2.111,255,320,0,0,0,0
427.932,339.548,5.83,-2.111,255,320,0,0,0,0
433.762,337.437,5.83,-2.111,255,320,0,0,0,0
439.591,335.327,5.83,-2.111,255,320,0,0,0,0
445.421,333.216,5.83,-2.111,255,320,0,0,0,0
451.251,331.106,5.83,-2.111,255,320,0,0,0,0
457.081,328.995,5.83,-2.111,255,320,0,0,0,0
462.91,326.885,5.83,-2.111,255,320,0,0,0,0
468.74,324.774,5.83,-2.111,255,320,0,0,0,0
474.57,322.664,5.83,-2.111,255,320,0,0,0,0
480.399,320.553,5.83,-2.111,255,320,0,0,0,0
486.229,318.442,5.83,-2.111,255,320,0,0,0,0
492.059,316.332,5.83,-2.111,255,320,0,0,0,0
497.889,314.221,5.83,-2.111,255,320,0,0,0,0
503.718,312.111,5.83,-2.111,255,320,0,0,0,0
509.548,310.0,5.83,-2.111,255,320,0,0,0,0
515.378,307.89,5.83,-2.111,255,315,0,-1,0,0
521.208,305.779,5.83,-2.111,255,310,0,-1,0,0
527.037,303.669,5.83,-2.111,255,305,0,-1,0,0
532.867,301.558,5.83,-2.111,255,300,0,-1,0,0
538.697,299.448,5.83,-2.111,255,295,0,-1,0,0
544.526,297.337,5.83,-2.111,255,290,0,-1,0,0
550.356,295.227,5.83,-2.111,255,285,0,-1,0,0
556.186,293.116,5.83,-2.111,250,280,-1,-1,0,0
562.016,291.006,5.83,-2.111,245,275,-1,-1,0,0
567.845,288.895,5.83,-2.111,240,270,-1,-1,0,0
573.675,286.785,5.83,-2.111,235,265,-1,-1,0,0
579.505,284.674,5.83,-2.111,230,260,-1,-1,0,0
585.334,282.563,5.83,-2.111,225,255,-1,-1,0,0
591.164,280.453,5.83,-2.111,220,250,-1,-1,0,0
596.994,278.342,5.83,-2.111,215,245,-1,-1,0,0
602.824,276.232,5.83,-2.111,210,240,-1,-1,0,0
608.653,274.121,5.83,-2.111,205,235,-1,-1,0,0
614.483,272.011,5.83,-2.111,200,230,-1,-1,0,0
620.313,269.9,5.83,-2.111,195,225,-1,-1,0,0
626.143,267.79,5.83,-2.111,190,220,-1,-1,0,0
631.972,265.679,5.83,-2.111,185,220,-1,0,0,0
637.802,263.569,5.83,-2.111,180,220,-1,0,0,0
643.632,261.458,5.83,-2.111,180,220,0,0,0,0
649.461,259.348,5.83,-2.111,180,220,0,0,0,0
655.291,257.237,5.83,-2.111,180,220,0,0,0,0
661.121,255.127,5.83,-2.111,180,220,0,0,0,0
666.951,253.016,5.83,-2.111,180,220,0,0,0,0
672.78,250.906,5.83,-2.111,180,220,0,0,0,0
678.61,248.795,5.83,-2.111,180,220,0,0,0,0
684.44,246.684,5.83,-2.111,180,220,0,0,0,0
690.269,244.574,5.83,-2.111,180,220,0,0,0,0
696.099,242.463,5.83,-2.111,180,220,0,0,0,0
701.929,240.353,5.83,-2.111,180,220,0,0,0,0
707.759,238.242,5.83,-2.111,180,220,0,0,0,0
713.588,236.132,5.83,-2.111,180,220,0,0,0,0
719.418,234.021,5.83,-2.111,180,220,0,0,0,0
725.248,231.911,5.83,-2.111,180,220,0,0,0,0
731.078,229.8,5.83,-2.111,180,220,0,0,0,0
736.907,227.69,5.83,-2.111,180,220,0,0,0,0
742.737,225.579,5.83,-2.111,180,220,0,0,0,0
748.567,223.469,5.83,-2.111,180,220,0,0,0,0
751.0,221.358,-3.448,-5.51,180,220,0,0,0,0
747.552,215.848,-3.448,-5.51,180,220,0,0,0,0
744.104,210.338,-3.448,-5.51,180,220,0,0,0,0
740.656,204.828,-3.448,-5.51,180,220,0,0,0,0
737.208,199.318,-3.448,-5.51,180,220,0,0,0,0
733.76,193.808,-3.448,-5.51,180,220,0,0,0,0
730.312,188.298,-3.448,-5.51,180,220,0,0,0,0
726.864,182.788,-3.448,-5.51,175,220,-1,0,0,0
723.416,177.277,-3.448,-5.51,170,220,-1,0,0,0
719.968,171.767,-3.448,-5.51,165,215,-1,-1,0,0
716.52,166.257,-3.448,-5.51,160,210,-1,-1,0,0
713.071,160.747,-3.448,-5.51,155,205,-1,-1,0,0
709.623,155.237,-3.448,-5.51,150,200,-1,-1,0,0
706.175,149.727,-3.448,-5.51,145,195,-1,-1,0,0
702.727,144.217,-3.448,-5.51,140,190,-1,-1,0,0
699.279,138.707,-3.448,-5.51,135,185,-1,-1,0,0
695.831,133.197,-3.448,-5.51,130,180,-1,-1,0,0
692.383,127.687,-3.448,-5.51,125,175,-1,-1,0,0
688.935,122.177,-3.448,-5.51,120,170,-1,-1,0,0
685.487,116.667,-3.448,-5.51,115,165,-1,-1,0,0
682.039,111.156,-3.448,-5.51,110,160,-1,-1,0,0
678.591,105.646,-3.448,-5.51,105,155,-1,-1,0,0
675.143,100.136,-3.448,-5.51,100,155,-1,0,0,0
671.695,94.626,-3.448,-5.51,95,155,-1,0,0,0
668.247,89.116,-3.448,-5.51,90,155,-1,0,0,0
664.799,83.606,-3.448,-5.51,85,155,-1,0,0,0
661.351,78.096,-3.448,-5.51,80,155,-1,0,0,0
657.903,72.586,-3.448,-5.51,75,155,-1,0,0,0
654.455,67.076,-3.448,-5.51,70,155,-1,0,0,0
651.007,61.566,-3.448,-5.51,65,155,-1,0,0,0
647.559,56.056,-3.448,-5.51,60,155,-1,0,0,0
644.111,50.546,-3.448,-5.51,60,155,0,0,0,0
640.663,45.036,-3.448,-5.51,60,155,0,0,0,0
637.214,39.525,-3.448,-5.51,60,155,0,0,0,0
633.766,34.015,-3.448,-5.51,60,155,0,0,0,0
630.318,28.505,-3.448,-5.51,65,155,1,0,0,0
626.87,22.995,-3.448,-5.51,70,155,1,0,0,0
623.422,17.485,-3.448,-5.51,75,155,1,0,0,0
619.974,11.975,-3.448,-5.51,80,155,1,0,0,0
616.526,6.465,-3.448,-5.51,85,155,1,0,0,0
613.078,6.0,-3.448,5.51,90,155,1,0,0,0
609.63,11.51,-3.448,5.51,95,155,1,0,0,0
606.182,17.02,-3.448,5.51,100,155,1,0,0,0
602.734,22.53,-3.448,5.51,105,155,1,0,0,0
599.286,28.04,-3.448,5.51,110,155,1,0,0,0
595.838,33.55,-3.448,5.51,115,155,1,0,0,0
592.39,39.06,-3.448,5.51,120,155,1,0,0,0
588.942,44.571,-3.448,5.51,125,155,1,0,0,0
585.494,50.081,-3.448,5.51,130,155,1,0,0,0
582.046,55.591,-3.448,5.51,135,155,1,0,0,0
578.598,61.101,-3.448,5.51,140,155,1,0,0,0
575.15,66.611,-3.448,5.51,145,155,1,0,0,0
571.702,72.121,-3.448,5.51,150,155,1,0,0,0
568.254,77.631,-3.448,5.51,155,155,1,0,0,0
564.805,83.141,-3.448,5.51,160,155,1,0,0,0
561.357,88.651,-3.448,5.51,165,155,1,0,0,0
557.909,94.161,-3.448,5.51,170,155,1,0,0,0
554.461,99.671,-3.448,5.51,175,155,1,0,0,0
551.013,105.181,-3.448,5.51,180,155,1,0,0,0
547.565,110.692,-3.448,5.51,185,155,1,0,0,0
544.117,116.202,-3.448,5.51,190,155,1,0,0,0
540.669,121.712,-3.448,5.51,195,155,1,0,0,0
537.221,127.222,-3.448,5.51,200,155,1,0,0,0
533.773,132.732,-3.448,5.51,205,155,1,0,0,0
530.325,138.242,-3.448,5.51,210,155,1,0,0,0
526.877,143.752,-3.448,5.51,215,155,1,0,0,0
523.429,149.262,-3.448,5.51,220,155,1,0,0,0
519.981,154.772,-3.448,5.51,225,155,1,0,0,0
516.533,160.282,-3.448,5.51,230,155,1,0,0,0
513.085,165.792,-3.448,5.51,235,155,1,0,0,0
509.637,171.302,-3.448,5.51,240,155,1,0,0,0
506.189,176.812,-3.448,5.51,245,155,1,0,0,0
502.741,182.323,-3.448,5.51,250,155,1,0,0,0
499.293,187.833,-3.448,5.51,255,155,1,0,0,0
495.845,193.343,-3.448,5.51,260,155,1,0,0,0
492.397,198.853,-3.448,5.51,265,155,1,0,0,0
488.948,204.363,-3.448,5.51,270,155,1,0,0,0
485.5,209.873,-3.448,5.51,275,155,1,0,0,0
482.052,215.383,-3.448,5.51,280,155,1,0,0,0
478.604,220.893,-3.448,5.51,280,155,0,0,0,0
475.156,226.403,-3.448,5.51,280,155,0,0,0,0
471.708,231.913,-3.448,5.51,280,155,0,0,0,0
468.26,237.423,-3.448,5.51,280,155,0,0,0,0
464.812,242.933,-3.448,5.51,280,155,0,0,0,0
461.364,248.443,-3.448,5.51,280,155,0,0,0,0
457.916,253.954,-3.448,5.51,280,155,0,0,0,0
454.468,259.464,-3.448,5.51,280,155,0,0,0,0
451.02,264.974,-3.448,5.51,280,155,0,0,0,0
447.572,270.484,-3.448,5.51,280,155,0,0,0,0
444.124,275.994,-3.448,5.51,280,155,0,0,0,0
440.676,281.504,-3.448,5.51,280,155,0,0,0,0
437.228,287.014,-3.448,5.51,280,155,0,0,0,0
433.78,292.524,-3.448,5.51,280,155,0,0,0,0
430.332,298.034,-3.448,5.51,280,155,0,0,0,0
426.884,303.544,-3.448,5.51,280,155,0,0,0,0
423.436,309.054,-3.448,5.51,280,155,0,0,0,0
419.988,314.564,-3.448,5.51,280,155,0,0,0,0
416.539,320.075,-3.448,5.51,280,160,0,1,0,0
413.091,325.585,-3.448,5.51,280,165,0,1,0,0
409.643,331.095,-3.448,5.51,280,170,0,1,0,0
406.195,336.605,-3.448,5.51,280,175,0,1,0,0
402.747,342.115,-3.448,5.51,285,180,1,1,0,0
399.299,347.625,-3.448,5.51,290,185,1,1,0,0
395.851,353.135,-3.448,5.51,295,190,1,1,0,0
392.403,358.645,-3.448,5.51,300,195,1,1,0,0
388.955,364.155,-3.448,5.51,305,200,1,1,0,0
385.507,369.665,-3.448,5.51,310,205,1,1,0,0
382.059,375.175,-3.448,5.51,315,210,1,1,0,0
378.611,380.685,-3.448,5.51,320,215,1,1,0,0
375.163,386.195,-3.448,5.51,320,220,0,1,0,0
371.715,391.706,-3.448,5.51,320,225,0,1,0,0
368.267,397.216,-3.448,5.51,320,230,0,1,0,0
364.819,402.726,-3.448,5.51,320,235,0,1,0,0
361.371,408.236,-3.448,5.51,320,240,0,1,0,0
357.923,413.746,-3.448,5.51,320,240,0,0,0,0
354.475,419.256,-3.448,5.51,320,240,0,0,0,0
351.027,424.766,-3.448,5.51,320,240,0,0,0,0
347.579,430.276,-3.448,5.51,320,240,0,0,0,0
344.131,435.786,-3.448,5.51,320,240,0,0,0,0
340.682,441.296,-3.448,5.51,320,240,0,0,0,0
337.234,446.806,-3.448,5.51,320,240,0,0,0,0
333.786,452.316,-3.448,5.51,320,240,0,0,0,0
330.338,457.827,-3.448,5.51,320,240,0,0,0,0
326.89,463.337,-3.448,5.51,320,240,0,0,0,0
323.442,468.847,-3.448,5.51,320,240,0,0,0,0
319.994,474.357,-3.448,5.51,320,240,0,0,0,0
316.546,479.867,-3.448,5.51,320,240,0,0,0,0
313.098,485.377,-3.448,5.51,320,240,0,0,0,0
309.65,490.887,-3.448,5.51,320,240,0,0,0,0
306.202,496.397,-3.448,5.51,320,240,0,0,0,0
302.754,501.907,-3.448,5.51,320,240,0,0,0,0
299.306,507.417,-3.448,5.51,320,240,0,0,0,0
295.858,512.927,-3.448,5.51,320,240,0,0,0,0
292.41,518.437,-3.448,5.51,320,245,0,1,0,0
288.962,523.947,-3.448,5.51,320,250,0,1,0,0
285.514,529.458,-3.448,5.51,320,255,0,1,0,0
282.066,534.968,-3.448,5.51,320,260,0,1,0,0
278.618,540.478,-3.448,5.51,320,265,0,1,0,0
275.17,545.988,-3.448,5.51,320,270,0,1,0,0
271.722,551.498,-3.448,5.51,320,275,0,1,0,0
268.273,557.008,-3.448,5.51,320,280,0,1,0,0
264.825,562.518,-3.448,5.51,320,285,0,1,0,0
261.377,568.028,-3.448,5.51,320,290,0,1,0,0
257.929,573.538,-3.448,5.51,320,295,0,1,0,0
254.481,579.048,-3.448,5.51,320,300,0,1,0,0
251.033,584.558,-3.448,5.51,320,305,0,1,0,0
247.585,590.068,-3.448,5.51,320,310,0,1,0,0
244.137,594.0,-3.448,-5.51,320,315,0,1,0,0
240.689,588.49,-3.448,-5.51,320,320,0,1,0,0
237.241,582.98,-3.448,-5.51,320,325,0,1,0,0
233.793,577.47,-3.448,-5.51,320,330,0,1,0,0
230.345,571.96,-3.448,-5.51,320,335,0,1,0,0
226.897,566.45,-3.448,-5.51,320,340,0,1,0,0
223.449,560.94,-3.448,-5.51,320,345,0,1,0,0
220.001,555.429,-3.448,-5.51,320,350,0,1,0,0
216.553,549.919,-3.448,-5.51,320,355,0,1,0,0
213.105,544.409,-3.448,-5.51,320,360,0,1,0,0
209.657,538.899,-3.448,-5.51,320,365,0,1,0,0
206.209,533.389,-3.448,-5.51,320,370,0,1,0,0
202.761,527.879,-3.448,-5.51,320,375,0,1,0,0
199.313,522.369,-3.448,-5.51,320,380,0,1,0,0
195.865,516.859,-3.448,-5.51,320,385,0,1,0,0
192.416,511.349,-3.448,-5.51,320,385,0,0,0,0
188.968,505.839,-3.448,-5.51,320,385,0,0,0,0
185.52,500.329,-3.448,-5.51,320,385,0,0,0,0
182.072,494.819,-3.448,-5.51,320,385,0,0,0,0
178.624,489.308,-3.448,-5.51,320,385,0,0,0,0
175.176,483.798,-3.448,-5.51,320,385,0,0,0,0
171.728,478.288,-3.448,-5.51,320,385,0,0,0,0
168.28,472.778,-3.448,-5.51,320,385,0,0,0,0
164.832,467.268,-3.448,-5.51,320,385,0,0,0,0
161.384,461.758,-3.448,-5.51,320,385,0,0,0,0
157.936,456.248,-3.448,-5.51,320,385,0,0,0,0
154.488,450.738,-3.448,-5.51,320,385,0,0,0,0
151.04,445.228,-3.448,-5.51,320,385,0,0,0,0
147.592,439.718,-3.448,-5.51,320,385,0,0,0,0
144.144,434.208,-3.448,-5.51,320,385,0,0,0,0
140.696,428.698,-3.448,-5.51,320,385,0,0,0,0
137.248,423.188,-3.448,-5.51,320,385,0,0,0,0
133.8,417.677,-3.448,-5.51,320,385,0,0,0,0
130.352,412.167,-3.448,-5.51,320,385,0,0,0,0
126.904,406.657,-3.448,-5.51,320,385,0,0,0,0
123.456,401.147,-3.448,-5.51,320,385,0,0,0,0
120.007,395.637,-3.448,-5.51,320,385,0,0,0,0
116.559,390.127,-3.448,-5.51,320,385,0,0,0,0
113.111,384.617,-3.448,-5.51,320,385,0,0,0,0
109.663,379.107,-3.448,-5.51,320,385,0,0,0,0
106.215,373.597,-3.448,-5.51,315,385,-1,0,0,0
102.767,368.087,-3.448,-5.51,310,385,-1,0,0,0
99.319,362.577,-3.448,-5.51,305,385,-1,0,0,0
95.871,357.067,-3.448,-5.51,300,385,-1,0,0,0
92.423,351.557,-3.448,-5.51,295,385,-1,0,0,0
88.975,346.046,-3.448,-5.51,290,385,-1,0,0,0
85.527,340.536,-3.448,-5.51,285,385,-1,0,0,0
82.079,335.026,-3.448,-5.51,280,385,-1,0,0,0
78.631,329.516,-3.448,-5.51,280,385,0,0,0,0
75.183,324.006,-3.448,-5.51,280,385,0,0,0,0
71.735,318.496,-3.448,-5.51,280,385,0,0,0,0
68.287,312.986,-3.448,-5.51,280,385,0,0,0,0
64.839,307.476,-3.448,-5.51,280,385,0,0,0,0
61.391,301.966,-3.448,-5.51,280,385,0,0,0,0
57.943,296.456,-3.448,-5.51,275,385,-1,0,0,0
54.495,290.946,-3.448,-5.51,270,385,-1,0,0,0
51.047,285.436,-3.448,-5.51,265,385,-1,0,0,0
49.0,279.925,5.882,-3.411,260,385,-1,0,0,0
54.882,276.514,5.882,-3.411,255,385,-1,0,0,0
60.765,273.103,5.882,-3.411,250,385,-1,0,0,0
66.647,269.691,5.882,-3.411,245,385,-1,0,0,0
72.529,266.28,5.882,-3.411,240,385,-1,0,0,0
78.412,262.868,5.882,-3.411,235,385,-1,0,0,0
84.294,259.457,5.882,-3.411,230,385,-1,0,0,0
90.176,256.045,5.882,-3.411,225,385,-1,0,0,0
96.059,252.634,5.882,-3.411,220,385,-1,0,0,0
101.941,249.222,5.882,-3.411,215,385,-1,0,0,0
107.823,245.811,5.882,-3.411,210,385,-1,0,0,0
113.706,242.399,5.882,-3.411,205,385,-1,0,0,0
119.588,238.988,5.882,-3.411,205,385,0,0,0,0
125.47,235.576,5.882,-3.411,205,385,0,0,0,0
131.353,232.165,5.882,-3.411,205,385,0,0,0,0
137.235,228.753,5.882,-3.411,205,385,0,0,0,0
143.117,225.342,5.882,-3.411,205,385,0,0,0,0
149.0,221.93,5.882,-3.411,205,385,0,0,0,0
154.882,218.519,5.882,-3.411,205,385,0,0,0,0
160.764,215.107,5.882,-3.411,205,385,0,0,0,0
166.647,211.696,5.882,-3.411,205,385,0,0,0,0
172.529,208.284,5.882,-3.411,205,385,0,0,0,0
178.411,204.873,5.882,-3.411,205,385,0,0,0,0
184.294,201.461,5.882,-3.411,205,385,0,0,0,0
190.176,198.05,5.882,-3.411,205,385,0,0,0,0
196.058,194.638,5.882,-3.411,205,385,0,0,0,0
201.941,191.227,5.882,-3.411,205,385,0,0,0,0
207.823,187.815,5.882,-3.411,205,385,0,0,0,0
213.705,184.404,5.882,-3.411,205,385,0,0,0,0
219.588,180.992,5.882,-3.411,205,385,0,0,0,0
225.47,177.581,5.882,-3.411,205,385,0,0,0,0
231.352,174.169,5.882,-3.411,205,380,0,-1,0,0
237.234,170.758,5.882,-3.411,205,375,0,-1,0,0
243.117,167.347,5.882,-3.411,205,370,0,-1,0,0
248.999,163.935,5.882,-3.411,205,365,0,-1,0,0
254.881,160.524,5.882,-3.411,205,360,0,-1,0,0
260.764,157.112,5.882,-3.411,205,355,0,-1,0,0
266.646,153.701,5.882,-3.411,200,350,-1,-1,0,0
272.528,150.289,5.882,-3.411,195,345,-1,-1,0,0
278.411,146.878,5.882,-3.411,190,340,-1,-1,0,0
284.293,143.466,5.882,-3.411,185,335,-1,-1,0,0
290.175,140.055,5.882,-3.411,180,330,-1,-1,0,0
296.058,136.643,5.882,-3.411,175,325,-1,-1,0,0
301.94,133.232,5.882,-3.411,170,320,-1,-1,0,0
307.822,129.82,5.882,-3.411,165,315,-1,-1,0,0
313.705,126.409,5.882,-3.411,160,310,-1,-1,0,0
319.587,122.997,5.882,-3.411,155,305,-1,-1,0,0
325.469,119.586,5.882,-3.411,150,300,-1,-1,0,0
331.352,116.174,5.882,-3.411,145,295,-1,-1,0,0
337.234,112.763,5.882,-3.411,140,290,-1,-1,0,0
343.116,109.351,5.882,-3.411,135,285,-1,-1,0,0
348.999,105.94,5.882,-3.411,130,280,-1,-1,0,0
354.881,102.528,5.882,-3.411,125,275,-1,-1,0,0
360.763,99.117,5.882,-3.411,120,270,-1,-1,0,0
366.646,95.705,5.882,-3.411,115,265,-1,-1,0,0
372.528,92.294,5.882,-3.411,110,260,-1,-1,0,0
378.41,88.882,5.882,-3.411,105,255,-1,-1,0,0
384.293,85.471,5.882,-3.411,100,250,-1,-1,0,0
390.175,82.059,5.882,-3.411,95,245,-1,-1,0,0
396.057,78.648,5.882,-3.411,90,240,-1,-1,0,0
401.94,75.236,5.882,-3.411,85,235,-1,-1,0,0
407.822,71.825,5.882,-3.411,80,230,-1,-1,0,0
413.704,68.414,5.882,-3.411,75,225,-1,-1,0,0
419.587,65.002,5.882,-3.411,70,220,-1,-1,0,0
425.469,61.591,5.882,-3.411,65,215,-1,-1,0,0
431.351,58.179,5.882,-3.411,60,210,-1,-1,0,0
437.234,54.768,5.882,-3.411,55,205,-1,-1,0,0
443.116,51.356,5.882,-3.411,50,200,-1,-1,0,0
448.998,47.945,5.882,-3.411,45,195,-1,-1,0,0
454.881,44.533,5.882,-3.411,40,190,-1,-1,0,0
460.763,41.122,5.882,-3.411,40,185,0,-1,0,0
466.645,37.71,5.882,-3.411,40,180,0,-1,0,0
472.528,34.299,5.882,-3.411,40,175,0,-1,0,0
478.41,30.887,5.882,-3.411,40,170,0,-1,0,0
484.292,27.476,5.882,-3.411,40,165,0,-1,0,0
490.175,24.064,5.882,-3.411,40,160,0,-1,0,0
496.057,20.653,5.882,-3.411,40,155,0,-1,0,0
501.939,17.241,5.882,-3.411,40,150,0,-1,0,0
507.822,13.83,5.882,-3.411,40,145,0,-1,0,0
513.704,10.418,5.882,-3.411,40,140,0,-1,0,0
519.586,7.007,5.882,-3.411,40,135,0,-1,0,0
525.469,6.0,5.882,3.411,40,130,0,-1,0,0
531.351,9.411,5.882,3.411,40,125,0,-1,0,0
537.233,12.823,5.882,3.411,40,120,0,-1,0,0
543.116,16.234,5.882,3.411,40,115,0,-1,0,0
548.998,19.646,5.882,3.411,40,110,0,-1,0,0
554.88,23.057,5.882,3.411,40,105,0,-1,0,0
560.763,26.469,5.882,3.411,40,100,0,-1,0,0
566.645,29.88,5.882,3.411,40,95,0,-1,0,0
572.527,33.292,5.882,3.411,40,90,0,-1,0,0
578.41,36.703,5.882,3.411,40,85,0,-1,0,0
584.292,40.115,5.882,3.411,40,80,0,-1,0,0
590.174,43.526,5.882,3.411,40,75,0,-1,0,0
596.056,46.938,5.882,3.411,40,70,0,-1,0,0
601.939,50.349,5.882,3.411,40,65,0,-1,0,0
607.821,53.761,5.882,3.411,40,60,0,-1,0,0
613.703,57.172,5.882,3.411,40,55,0,-1,0,0
619.586,60.584,5.882,3.411,40,55,0,0,0,0
625.468,63.995,5.882,3.411,40,55,0,0,0,0
631.35,67.407,5.882,3.411,40,55,0,0,0,0
637.233,70.818,5.882,3.411,40,55,0,0,0,0
643.115,74.23,5.882,3.411,40,55,0,0,0,0
648.997,77.641,5.882,3.411,40,55,0,0,0,0
654.88,81.053,5.882,3.411,45,55,1,0,0,0
660.762,84.464,5.882,3.411,50,55,1,0,0,0
666.644,87.876,5.882,3.411,55,55,1,0,0,0
672.527,91.287,5.882,3.411,60,55,1,0,0,0
678.409,94.699,5.882,3.411,65,55,1,0,0,0
684.291,98.11,5.882,3.411,70,55,1,0,0,0
690.174,101.522,5.882,3.411,75,60,1,1,0,0
696.056,104.933,5.882,3.411,80,65,1,1,0,0
701.938,108.345,5.882,3.411,85,70,1,1,0,0
707.821,111.756,5.882,3.411,90,75,1,1,0,0
713.703,115.167,5.882,3.411,95,80,1,1,0,0
719.585,118.579,5.882,3.411,100,85,1,1,0,0
725.468,121.99,5.882,3.411,105,90,1,1,0,0
731.35,125.402,5.882,3.411,110,95,1,1,0,0
737.232,128.813,5.882,3.411,115,100,1,1,0,0
743.115,132.225,5.882,3.411,120,105,1,1,0,0
748.997,135.636,5.882,3.411,125,110,1,1,0,0
751.0,139.048,-6.49,-2.88,130,115,1,1,0,0
744.51,136.168,-6.49,-2.88,135,120,1,1,0,0
738.02,133.288,-6.49,-2.88,140,125,1,1,0,0
731.531,130.409,-6.49,-2.88,145,130,1,1,0,0
725.041,127.529,-6.49,-2.88,150,135,1,1,0,0
718.551,124.649,-6.49,-2.88,155,140,1,1,0,0
712.061,121.77,-6.49,-2.88,160,145,1,1,0,0
705.572,118.89,-6.49,-2.88,165,150,1,1,0,0
699.082,116.01,-6.49,-2.88,170,150,1,0,0,0
692.592,113.131,-6.49,-2.88,175,150,1,0,0,0
686.102,110.251,-6.49,-2.88,180,150,1,0,0,0
679.612,107.371,-6.49,-2.88,185,150,1,0,0,0
673.123,104.491,-6.49,-2.88,190,150,1,0,0,0
666.633,101.612,-6.49,-2.88,195,150,1,0,0,0
660.143,98.732,-6.49,-2.88,195,150,0,0,0,0
653.653,95.852,-6.49,-2.88,195,150,0,0,0,0
647.163,92.973,-6.49,-2.88,195,150,0,0,0,0
640.674,90.093,-6.49,-2.88,195,150,0,0,0,0
634.184,87.213,-6.49,-2.88,195,150,0,0,0,0
627.694,84.334,-6.49,-2.88,195,150,0,0,0,0
621.204,81.454,-6.49,-2.88,195,150,0,0,0,0
614.715,78.574,-6.49,-2.88,195,150,0,0,0,0
608.225,75.694,-6.49,-2.88,195,150,0,0,0,0
601.735,72.815,-6.49,-2.88,195,150,0,0,0,0
595.245,69.935,-6.49,-2.88,195,150,0,0,0,0
588.755,67.055,-6.49,-2.88,190,150,-1,0,0,0
582.266,64.176,-6.49,-2.88,185,150,-1,0,0,0
575.776,61.296,-6.49,-2.88,180,150,-1,0,0,0
569.286,58.416,-6.49,-2.88,175,150,-1,0,0,0
562.796,55.536,-6.49,-2.88,170,150,-1,0,0,0
556.306,52.657,-6.49,-2.88,165,150,-1,0,0,0
549.817,49.777,-6.49,-2.88,160,150,-1,0,0,0
543.327,46.897,-6.49,-2.88,155,150,-1,0,0,0
536.837,44.018,-6.49,-2.88,150,150,-1,0,0,0
530.347,41.138,-6.49,-2.88,145,150,-1,0,0,0
523.858,38.258,-6.49,-2.88,140,150,-1,0,0,0
517.368,35.379,-6.49,-2.88,135,150,-1,0,0,0
510.878,32.499,-6.49,-2.88,130,150,-1,0,0,0
504.388,29.619,-6.49,-2.88,125,150,-1,0,0,0
497.898,26.739,-6.49,-2.88,120,150,-1,0,0,0
491.409,23.86,-6.49,-2.88,115,150,-1,0,0,0
484.919,20.98,-6.49,-2.88,110,150,-1,0,0,0
478.429,18.1,-6.49,-2.88,105,150,-1,0,0,0
471.939,15.221,-6.49,-2.88,100,150,-1,0,0,0
465.449,12.341,-6.49,-2.88,95,150,-1,0,0,0
458.96,9.461,-6.49,-2.88,90,150,-1,0,0,0
452.47,6.582,-6.49,-2.88,85,150,-1,0,0,0
445.98,6.0,-6.49,2.88,80,150,-1,0,0,0
439.49,8.88,-6.49,2.88,75,150,-1,0,0,0
433.001,11.759,-6.49,2.88,70,150,-1,0,0,0
426.511,14.639,-6.49,2.88,65,150,-1,0,0,0
420.021,17.519,-6.49,2.88,60,150,-1,0,0,0
413.531,20.399,-6.49,2.88,55,150,-1,0,0,0
407.041,23.278,-6.49,2.88,55,150,0,0,0,0
400.552,26.158,-6.49,2.88,55,150,0,0,0,0
394.062,29.038,-6.49,2.88,55,150,0,0,0,0
387.572,31.917,-6.49,2.88,55,150,0,0,0,0
381.082,34.797,-6.49,2.88,55,150,0,0,0,0
374.592,37.677,-6.49,2.88,55,150,0,0,0,0
368.103,40.556,-6.49,2.88,55,150,0,0,0,0
361.613,43.436,-6.49,2.88,55,150,0,0,0,0
355.123,46.316,-6.49,2.88,55,155,0,1,0,0
348.633,49.196,-6.49,2.88,55,160,0,1,0,0
342.144,52.075,-6.49,2.88,55,165,0,1,0,0
335.654,54.955,-6.49,2.88,55,170,0,1,0,0
329.164,57.835,-6.49,2.88,55,175,0,1,0,0
322.674,60.714,-6.49,2.88,55,180,0,1,0,0
316.184,63.594,-6.49,2.88,55,185,0,1,0,0
309.695,66.474,-6.49,2.88,60,190,1,1,0,0
303.205,69.353,-6.49,2.88,65,195,1,1,0,0
296.715,72.233,-6.49,2.88,70,200,1,1,0,0
290.225,75.113,-6.49,2.88,75,205,1,1,0,0
283.735,77.993,-6.49,2.88,80,210,1,1,0,0
277.246,80.872,-6.49,2.88,85,215,1,1,0,0
270.756,83.752,-6.49,2.88,90,220,1,1,0,0
264.266,86.632,-6.49,2.88,95,225,1,1,0,0
257.776,89.511,-6.49,2.88,95,230,0,1,0,0
251.287,92.391,-6.49,2.88,95,235,0,1,0,0
244.797,95.271,-6.49,2.88,95,240,0,1,0,0
238.307,98.15,-6.49,2.88,95,245,0,1,0,0
231.817,101.03,-6.49,2.88,95,250,0,1,0,0
225.327,103.91,-6.49,2.88,95,250,0,0,0,0
218.838,106.79,-6.49,2.88,95,250,0,0,0,0
212.348,109.669,-6.49,2.88,95,250,0,0,0,0
205.858,112.549,-6.49,2.88,95,250,0,0,0,0
199.368,115.429,-6.49,2.88,95,250,0,0,0,0
192.878,118.308,-6.49,2.88,95,250,0,0,0,0
186.389,121.188,-6.49,2.88,95,250,0,0,0,0
179.899,124.068,-6.49,2.88,95,250,0,0,0,0
173.409,126.947,-6.49,2.88,95,250,0,0,0,0
166.919,129.827,-6.49,2.88,100,250,1,0,0,0
160.43,132.707,-6.49,2.88,105,250,1,0,0,0
153.94,135.587,-6.49,2.88,110,250,1,0,0,0
147.45,138.466,-6.49,2.88,115,250,1,0,0,0
140.96,141.346,-6.49,2.88,120,250,1,0,0,0
134.47,144.226,-6.49,2.88,125,250,1,0,0,0
127.981,147.105,-6.49,2.88,125,250,0,0,0,0
121.491,149.985,-6.49,2.88,125,250,0,0,0,0
115.001,152.865,-6.49,2.88,125,250,0,0,0,0
108.511,155.745,-6.49,2.88,125,250,0,0,0,0
102.021,158.624,-6.49,2.88,125,250,0,0,0,0
95.532,161.504,-6.49,2.88,125,250,0,0,0,0
89.042,164.384,-6.49,2.88,125,250,0,0,0,0
82.552,167.263,-6.49,2.88,130,250,1,0,0,0
76.062,170.143,-6.49,2.88,135,250,1,0,0,0
69.573,173.023,-6.49,2.88,140,250,1,0,0,0
63.083,175.902,-6.49,2.88,145,250,1,0,0,0
56.593,178.782,-6.49,2.88,150,250,1,0,0,0
50.103,181.662,-6.49,2.88,150,250,0,0,0,0
49.0,184.542,7.325,-1.054,150,250,0,0,0,0
56.325,183.488,7.325,-1.054,150,250,0,0,0,0
63.649,182.434,7.325,-1.054,150,250,0,0,0,0
70.974,181.38,7.325,-1.054,150,250,0,0,0,0
78.298,180.326,7.325,-1.054,150,250,0,0,0,0
85.623,179.272,7.325,-1.054,150,250,0,0,0,0
92.947,178.218,7.325,-1.054,150,250,0,0,0,0
100.272,177.164,7.325,-1.054,150,250,0,0,0,0
107.597,176.11,7.325,-1.054,150,250,0,0,0,0
114.921,175.057,7.325,-1.054,150,250,0,0,0,0
122.246,174.003,7.325,-1.054,150,250,0,0,0,0
129.57,172.949,7.325,-1.054,150,250,0,0,0,0
136.895,171.895,7.325,-1.054,150,250,0,0,0,0
144.219,170.841,7.325,-1.054,150,250,0,0,0,0
151.544,169.787,7.325,-1.054,150,250,0,0,0,0
158.869,168.733,7.325,-1.054,150,250,0,0,0,0
166.193,167.679,7.325,-1.054,150,250,0,0,0,0
173.518,166.626,7.325,-1.054,150,250,0,0,0,0
180.842,165.572,7.325,-1.054,150,250,0,0,0,0
188.167,164.518,7.325,-1.054,150,250,0,0,0,0
195.491,163.464,7.325,-1.054,150,250,0,0,0,0
202.816,162.41,7.325,-1.054,150,250,0,0,0,0
210.141,161.356,7.325,-1.054,150,250,0,0,0,0
217.465,160.302,7.325,-1.054,150,250,0,0,0,0
224.79,159.248,7.325,-1.054,145,250,-1,0,0,0
232.114,158.194,7.325,-1.054,140,250,-1,0,0,0
239.439,157.141,7.325,-1.054,135,250,-1,0,0,0
246.763,156.087,7.325,-1.054,130,245,-1,-1,0,0
254.088,155.033,7.325,-1.054,125,240,-1,-1,0,0
261.413,153.979,7.325,-1.054,120,235,-1,-1,0,0
268.737,152.925,7.325,-1.054,115,230,-1,-1,0,0
276.062,151.871,7.325,-1.054,110,225,-1,-1,0,0
283.386,150.817,7.325,-1.054,105,220,-1,-1,0,0
290.711,149.763,7.325,-1.054,100,215,-1,-1,0,0
298.035,148.71,7.325,-1.054,95,210,-1,-1,0,0
305.36,147.656,7.325,-1.054,90,205,-1,-1,0,0
312.685,146.602,7.325,-1.054,85,200,-1,-1,0,0
320.009,145.548,7.325,-1.054,80,195,-1,-1,0,0
327.334,144.494,7.325,-1.054,75,190,-1,-1,0,0
334.658,143.44,7.325,-1.054,70,185,-1,-1,0,0
341.983,142.386,7.325,-1.054,65,180,-1,-1,0,0
349.307,141.332,7.325,-1.054,60,175,-1,-1,0,0
356.632,140.279,7.325,-1.054,55,170,-1,-1,0,0
363.957,139.225,7.325,-1.054,50,165,-1,-1,0,0
371.281,138.171,7.325,-1.054,45,160,-1,-1,0,0
378.606,137.117,7.325,-1.054,40,155,-1,-1,0,0
385.93,136.063,7.325,-1.054,35,155,-1,0,0,0
393.255,135.009,7.325,-1.054,30,155,-1,0,0,0
400.579,133.955,7.325,-1.054,25,155,-1,0,0,0
407.904,132.901,7.325,-1.054,20,155,-1,0,0,0
415.229,131.847,7.325,-1.054,15,155,-1,0,0,0
422.553,130.794,7.325,-1.054,10,155,-1,0,0,0
429.878,129.74,7.325,-1.054,5,155,-1,0,0,0
437.202,128.686,7.325,-1.054,0,155,-1,0,0,0
444.527,127.632,7.325,-1.054,0,155,-1,0,0,0
451.851,126.578,7.325,-1.054,0,155,-1,0,0,0
459.176,125.524,7.325,-1.054,0,150,-1,-1,0,0
466.501,124.47,7.325,-1.054,0,145,-1,-1,0,0
473.825,123.416,7.325,-1.054,0,140,-1,-1,0,0
481.15,122.363,7.325,-1.054,0,135,-1,-1,0,0
488.474,121.309,7.325,-1.054,0,130,0,-1,0,0
495.799,120.255,7.325,-1.054,0,125,0,-1,0,0
503.123,119.201,7.325,-1.054,0,120,0,-1,0,0
510.448,118.147,7.325,-1.054,0,115,0,-1,0,0
517.773,117.093,7.325,-1.054,0,110,0,-1,0,0
525.097,116.039,7.325,-1.054,0,105,0,-1,0,0
532.422,114.985,7.325,-1.054,0,100,0,-1,0,0
539.746,113.931,7.325,-1.054,0,95,0,-1,0,0
547.071,112.878,7.325,-1.054,0,90,0,-1,0,0
554.395,111.824,7.325,-1.054,0,85,0,-1,0,0
561.72,110.77,7.325,-1.054,0,80,0,-1,0,0
569.045,109.716,7.325,-1.054,0,75,0,-1,0,0
576.369,108.662,7.325,-1.054,0,70,0,-1,0,0
583.694,107.608,7.325,-1.054,0,65,0,-1,0,0
591.018,106.554,7.325,-1.054,0,65,0,0,0,0
598.343,105.5,7.325,-1.054,0,65,0,0,0,0
605.667,104.447,7.325,-1.054,0,65,0,0,0,0
612.992,103.393,7.325,-1.054,0,65,0,0,0,0
620.317,102.339,7.325,-1.054,0,65,0,0,0,0
627.641,101.285,7.325,-1.054,0,65,0,0,0,0
634.966,100.231,7.325,-1.054,0,65,0,0,0,0
642.29,99.177,7.325,-1.054,0,65,0,0,0,0
649.615,98.123,7.325,-1.054,0,65,0,0,0,0
656.939,97.069,7.325,-1.054,0,65,0,0,0,0
664.264,96.015,7.325,-1.054,0,65,0,0,0,0
671.588,94.962,7.325,-1.054,0,65,0,0,0,0
678.913,93.908,7.325,-1.054,0,65,0,0,0,0
686.238,92.854,7.325,-1.054,0,65,0,0,0,0
693.562,91.8,7.325,-1.054,0,65,0,0,0,0
700.887,90.746,7.325,-1.054,0,65,0,0,0,0
708.211,89.692,7.325,-1.054,0,65,0,0,0,0
715.536,88.638,7.325,-1.054,0,65,0,0,0,0
722.86,87.584,7.325,-1.054,0,65,0,0,0,0
730.185,86.531,7.325,-1.054,0,65,0,0,0,0
737.51,85.477,7.325,-1.054,0,65,0,0,0,0
744.834,84.423,7.325,-1.054,0,65,0,0,0,0
752.159,83.369,7.325,-1.054,0,65,0,0,0,0
751.0,82.315,-6.382,-4.309,0,65,0,0,0,0
744.618,78.006,-6.382,-4.309,0,65,0,0,0,0
738.237,73.697,-6.382,-4.309,0,65,0,0,0,0
731.855,69.388,-6.382,-4.309,0,65,0,0,0,0
725.474,65.08,-6.382,-4.309,0,65,0,0,0,0
719.092,60.771,-6.382,-4.309,0,65,0,0,0,0
712.711,56.462,-6.382,-4.309,0,65,0,0,0,0
706.329,52.153,-6.382,-4.309,0,65,0,0,0,0
699.948,47.844,-6.382,-4.309,0,65,0,0,0,0
693.566,43.535,-6.382,-4.309,0,65,0,0,0,0
687.185,39.227,-6.382,-4.309,0,65,0,0,0,0
680.803,34.918,-6.382,-4.309,0,65,0,0,0,0
674.422,30.609,-6.382,-4.309,0,65,0,0,0,0
668.04,26.3,-6.382,-4.309,0,65,0,0,0,0
661.659,21.991,-6.382,-4.309,0,65,0,0,0,0
655.277,17.682,-6.382,-4.309,0,60,0,-1,0,0
648.896,13.374,-6.382,-4.309,0,55,0,-1,0,0
642.514,9.065,-6.382,-4.309,0,50,0,-1,0,0
636.133,6.0,-6.382,4.309,0,45,0,-1,0,0
629.751,10.309,-6.382,4.309,0,40,0,-1,0,0
623.369,14.618,-6.382,4.309,0,35,0,-1,0,0
616.988,18.927,-6.382,4.309,0,30,0,-1,0,0
610.606,23.235,-6.382,4.309,0,25,0,-1,0,0
604.225,27.544,-6.382,4.309,0,20,0,-1,0,0
597.843,31.853,-6.382,4.309,0,15,0,-1,0,0
591.462,36.162,-6.382,4.309,0,10,0,-1,0,0
585.08,40.471,-6.382,4.309,0,5,0,-1,0,0
578.699,44.78,-6.382,4.309,0,5,0,0,0,0
572.317,49.088,-6.382,4.309,0,5,0,0,0,0
565.936,53.397,-6.382,4.309,0,5,0,0,0,0
559.554,57.706,-6.382,4.309,0,5,0,0,0,0
553.173,62.015,-6.382,4.309,0,5,0,0,0,0
546.791,66.324,-6.382,4.309,0,5,0,0,0,0
540.41,70.633,-6.382,4.309,0,5,0,0,0,0
534.028,74.942,-6.382,4.309,5,5,1,0,0,0
527.647,79.25,-6.382,4.309,10,5,1,0,0,0
521.265,83.559,-6.382,4.309,15,5,1,0,0,0
514.884,87.868,-6.382,4.309,20,5,1,0,0,0
508.502,92.177,-6.382,4.309,25,5,1,0,0,0
502.121,96.486,-6.382,4.309,30,5,1,0,0,0
495.739,100.795,-6.382,4.309,35,5,1,0,0,0
489.357,105.103,-6.382,4.309,40,5,1,0,0,0
482.976,109.412,-6.382,4.309,45,10,1,1,0,0
476.594,113.721,-6.382,4.309,50,15,1,1,0,0
470.213,118.03,-6.382,4.309,55,20,1,1,0,0
463.831,122.339,-6.382,4.309,60,25,1,1,0,0
457.45,126.648,-6.382,4.309,65,30,1,1,0,0
451.068,130.956,-6.382,4.309,70,35,1,1,0,0
444.687,135.265,-6.382,4.309,75,40,1,1,0,0
438.305,139.574,-6.382,4.309,80,45,1,1,0,0
431.924,143.883,-6.382,4.309,85,50,1,1,0,0
425.542,148.192,-6.382,4.309,90,50,1,0,0,0
419.161,152.501,-6.382,4.309,95,50,1,0,0,0
412.779,156.81,-6.382,4.309,100,50,1,0,0,0
406.398,161.118,-6.382,4.309,105,50,1,0,0,0
400.016,165.427,-6.382,4.309,110,50,1,0,0,0
393.635,169.736,-6.382,4.309,115,50,1,0,0,0
387.253,174.045,-6.382,4.309,120,50,1,0,0,0
380.872,178.354,-6.382,4.309,125,50,1,0,0,0
374.49,182.663,-6.382,4.309,130,50,1,0,0,0
368.108,186.971,-6.382,4.309,135,50,1,0,0,0
361.727,191.28,-6.382,4.309,140,50,1,0,0,0
355.345,195.589,-6.382,4.309,145,50,1,0,0,0
348.964,199.898,-6.382,4.309,150,50,1,0,0,0
342.582,204.207,-6.382,4.309,155,50,1,0,0,0
336.201,208.516,-6.382,4.309,160,50,1,0,0,0
329.819,212.825,-6.382,4.309,165,50,1,0,0,0
323.438,217.133,-6.382,4.309,170,50,1,0,0,0
317.056,221.442,-6.382,4.309,175,55,1,1,0,0
310.675,225.751,-6.382,4.309,180,60,1,1,0,0
304.293,230.06,-6.382,4.309,185,65,1,1,0,0
297.912,234.369,-6.382,4.309,190,70,1,1,0,0
291.53,238.678,-6.382,4.309,195,75,1,1,0,0
285.149,242.986,-6.382,4.309,200,80,1,1,0,0
278.767,247.295,-6.382,4.309,205,85,1,1,0,0
272.386,251.604,-6.382,4.309,210,90,1,1,0,0
266.004,255.913,-6.382,4.309,215,95,1,1,0,0
259.623,260.222,-6.382,4.309,220,100,1,1,0,0
253.241,264.531,-6.382,4.309,225,105,1,1,0,0
246.86,268.839,-6.382,4.309,230,110,1,1,0,0
240.478,273.148,-6.382,4.309,235,115,1,1,0,0
234.096,277.457,-6.382,4.309,240,120,1,1,0,0
227.715,281.766,-6.382,4.309,245,125,1,1,0,0
221.333,286.075,-6.382,4.309,250,130,1,1,0,0
214.952,290.384,-6.382,4.309,255,135,1,1,0,0
208.57,294.693,-6.382,4.309,260,135,1,0,0,0
202.189,299.001,-6.382,4.309,265,135,1,0,0,0
195.807,303.31,-6.382,4.309,270,135,1,0,0,0
189.426,307.619,-6.382,4.309,275,135,1,0,0,0
183.044,311.928,-6.382,4.309,280,135,1,0,0,0
176.663,316.237,-6.382,4.309,285,135,1,0,0,0
170.281,320.546,-6.382,4.309,290,135,1,0,0,0
163.9,324.854,-6.382,4.309,295,135,1,0,0,0
157.518,329.163,-6.382,4.309,300,135,1,0,0,0
151.137,333.472,-6.382,4.309,305,135,1,0,0,0
144.755,337.781,-6.382,4.309,310,135,1,0,0,0
138.374,342.09,-6.382,4.309,315,135,1,0,0,0
131.992,346.399,-6.382,4.309,320,135,1,0,0,0
125.611,350.708,-6.382,4.309,320,135,0,0,0,0
119.229,355.016,-6.382,4.309,320,135,0,0,0,0
112.847,359.325,-6.382,4.309,320,135,0,0,0,0
106.466,363.634,-6.382,4.309,320,135,0,0,0,0
100.084,367.943,-6.382,4.309,320,135,0,0,0,0
93.703,372.252,-6.382,4.309,320,135,0,0,0,0
87.321,376.561,-6.382,4.309,320,135,0,0,0,0
80.94,380.869,-6.382,4.309,320,135,0,0,0,0
74.558,385.178,-6.382,4.309,320,135,0,0,0,0
68.177,389.487,-6.382,4.309,320,135,0,0,0,0
61.795,393.796,-6.382,4.309,325,135,1,0,0,0
55.414,398.105,-6.382,4.309,330,135,1,0,0,0
49.032,402.414,-6.382,4.309,335,140,1,1,0,0
49.0,406.722,6.121,5.151,340,145,1,1,0,0
55.121,411.874,6.121,5.151,345,150,1,1,0,0
61.242,417.025,6.121,5.151,350,155,1,1,0,0
67.363,422.176,6.121,5.151,355,160,1,1,0,0
73.483,427.327,6.121,5.151,360,165,1,1,0,0
79.604,432.479,6.121,5.151,365,170,1,1,0,0
85.725,437.63,6.121,5.151,370,175,1,1,0,0
91.846,442.781,6.121,5.151,375,180,1,1,0,0
97.967,447.932,6.121,5.151,380,185,1,1,0,0
104.088,453.084,6.121,5.151,385,190,1,1,0,0
110.208,458.235,6.121,5.151,390,195,1,1,0,0
116.329,463.386,6.121,5.151,395,200,1,1,0,0
122.45,468.537,6.121,5.151,400,205,1,1,0,0
128.571,473.689,6.121,5.151,405,210,1,1,0,0
134.692,478.84,6.121,5.151,410,215,1,1,0,0
140.813,483.991,6.121,5.151,415,220,1,1,0,0
146.933,489.142,6.121,5.151,420,225,1,1,0,0
153.054,494.294,6.121,5.151,425,225,1,0,0,0
159.175,499.445,6.121,5.151,430,225,1,0,0,0
165.296,504.596,6.121,5.151,435,225,1,0,0,0
171.417,509.747,6.121,5.151,440,225,1,0,0,0
177.538,514.899,6.121,5.151,445,225,1,0,0,0
183.658,520.05,6.121,5.151,450,225,1,0,0,0
189.779,525.201,6.121,5.151,455,225,1,0,0,0
195.9,530.352,6.121,5.151,460,225,1,0,0,0
202.021,535.504,6.121,5.151,465,225,1,0,0,0
208.142,540.655,6.121,5.151,470,225,1,0,0,0
214.263,545.806,6.121,5.151,475,225,1,0,0,0
220.383,550.957,6.121,5.151,480,225,1,0,0,0
226.504,556.109,6.121,5.151,480,230,0,1,0,0
232.625,561.26,6.121,5.151,480,235,0,1,0,0
238.746,566.411,6.121,5.151,480,240,0,1,0,0
244.867,571.562,6.121,5.151,480,245,0,1,0,0
250.988,576.714,6.121,5.151,480,250,0,1,0,0
257.108,581.865,6.121,5.151,480,255,0,1,0,0
263.229,587.016,6.121,5.151,480,260,0,1,0,0
269.35,592.167,6.121,5.151,480,265,0,1,0,0
275.471,594.0,6.121,-5.151,480,270,0,1,0,0
281.592,588.849,6.121,-5.151,480,275,0,1,0,0
287.713,583.697,6.121,-5.151,480,280,0,1,0,0
293.833,578.546,6.121,-5.151,480,285,0,1,0,0
299.954,573.395,6.121,-5.151,480,290,0,1,0,0
306.075,568.244,6.121,-5.151,475,295,-1,1,0,0
312.196,563.092,6.121,-5.151,470,300,-1,1,0,0
318.317,557.941,6.121,-5.151,465,305,-1,1,0,0
324.438,552.79,6.121,-5.151,460,310,-1,1,0,0
330.558,547.639,6.121,-5.151,455,315,-1,1,0,0
336.679,542.487,6.121,-5.151,450,315,-1,0,0,0
342.8,537.336,6.121,-5.151,445,315,-1,0,0,0
348.921,532.185,6.121,-5.151,440,315,-1,0,0,0
355.042,527.034,6.121,-5.151,435,315,-1,0,0,0
361.163,521.882,6.121,-5.151,430,315,-1,0,0,0
367.283,516.731,6.121,-5.151,425,315,-1,0,0,0
373.404,511.58,6.121,-5.151,420,315,-1,0,0,0
379.525,506.429,6.121,-5.151,420,315,0,0,0,0
385.646,501.277,6.121,-5.151,420,315,0,0,0,0
391.767,496.126,6.121,-5.151,420,315,0,0,0,0
397.888,490.975,6.121,-5.151,420,315,0,0,0,0
404.008,485.824,6.121,-5.151,420,315,0,0,0,0
410.129,480.672,6.121,-5.151,420,315,0,0,0,0
416.25,475.521,6.121,-5.151,420,315,0,0,0,0
422.371,470.37,6.121,-5.151,420,315,0,0,0,0
428.492,465.219,6.121,-5.151,420,315,0,0,0,0
434.613,460.067,6.121,-5.151,420,315,0,0,0,0
440.733,454.916,6.121,-5.151,420,315,0,0,0,0
446.854,449.765,6.121,-5.151,420,315,0,0,0,0
452.975,444.614,6.121,-5.151,420,315,0,0,0,0
459.096,439.462,6.121,-5.151,420,315,0,0,0,0
465.217,434.311,6.121,-5.151,420,315,0,0,0,0
471.338,429.16,6.121,-5.151,420,315,0,0,0,0
477.458,424.009,6.121,-5.151,420,315,0,0,0,0
483.579,418.857,6.121,-5.151,420,315,0,0,0,0
489.7,413.706,6.121,-5.151,420,315,0,0,0,0
495.821,408.555,6.121,-5.151,420,315,0,0,0,0
501.942,403.404,6.121,-5.151,420,315,0,0,0,0
508.063,398.252,6.121,-5.151,420,315,0,0,0,0
514.183,393.101,6.121,-5.151,420,315,0,0,0,0
520.304,387.95,6.121,-5.151,420,315,0,0,0,0
526.425,382.799,6.121,-5.151,420,315,0,0,0,0
532.546,377.647,6.121,-5.151,420,320,0,1,0,0
538.667,372.496,6.121,-5.151,420,325,0,1,0,0
544.788,367.345,6.121,-5.151,415,330,-1,1,0,0
550.908,362.194,6.121,-5.151,410,335,-1,1,0,0
557.029,357.042,6.121,-5.151,405,340,-1,1,0,0
563.15,351.891,6.121,-5.151,400,345,-1,1,0,0
569.271,346.74,6.121,-5.151,395,345,-1,0,0,0
575.392,341.589,6.121,-5.151,390,345,-1,0,0,0
581.513,336.437,6.121,-5.151,385,340,-1,-1,0,0
587.633,331.286,6.121,-5.151,380,335,-1,-1,0,0
593.754,326.135,6.121,-5.151,375,330,-1,-1,0,0
599.875,320.984,6.121,-5.151,370,325,-1,-1,0,0
605.996,315.832,6.121,-5.151,365,320,-1,-1,0,0
612.117,310.681,6.121,-5.151,360,315,-1,-1,0,0
618.238,305.53,6.121,-5.151,355,310,-1,-1,0,0
624.358,300.379,6.121,-5.151,350,305,-1,-1,0,0
630.479,295.227,6.121,-5.151,345,300,-1,-1,0,0
636.6,290.076,6.121,-5.151,340,295,-1,-1,0,0
642.721,284.925,6.121,-5.151,335,290,-1,-1,0,0
648.842,279.774,6.121,-5.151,330,285,-1,-1,0,0
654.963,274.622,6.121,-5.151,325,280,-1,-1,0,0
661.083,269.471,6.121,-5.151,320,275,-1,-1,0,0
667.204,264.32,6.121,-5.151,315,270,-1,-1,0,0
673.325,259.169,6.121,-5.151,310,265,-1,-1,0,0
679.446,254.017,6.121,-5.151,305,260,-1,-1,0,0
685.567,248.866,6.121,-5.151,300,255,-1,-1,0,0
691.688,243.715,6.121,-5.151,295,250,-1,-1,0,0
697.808,238.564,6.121,-5.151,290,245,-1,-1,0,0
703.929,233.412,6.121,-5.151,285,240,-1,-1,0,0
710.05,228.261,6.121,-5.151,280,235,-1,-1,0,0
716.171,223.11,6.121,-5.151,275,230,-1,-1,0,0
722.292,217.959,6.121,-5.151,270,225,-1,-1,0,0
728.413,212.807,6.121,-5.151,265,220,-1,-1,0,0
734.534,207.656,6.121,-5.151,260,215,-1,-1,0,0
740.654,202.505,6.121,-5.151,255,210,-1,-1,0,0
746.775,197.354,6.121,-5.151,250,205,-1,-1,0,0
752.896,192.202,6.121,-5.151,245,200,-1,-1,0,0
759.017,187.051,6.121,-5.151,240,195,-1,-1,0,0
765.138,181.9,6.121,-5.151,235,190,-1,-1,0,0
771.259,176.749,6.121,-5.151,230,185,-1,-1,0,0
777.379,171.597,6.121,-5.151,225,180,-1,-1,0,0
783.5,166.446,6.121,-5.151,220,175,-1,-1,0,0
789.621,161.295,6.121,-5.151,215,170,-1,-1,0,0
795.742,156.144,6.121,-5.151,210,165,-1,-1,0,0
801.863,150.992,6.121,-5.151,205,160,-1,-1,0,0
400.0,300.0,-4.589,-1.985,200,155,-1,-1,1,0
395.411,298.015,-4.589,-1.985,205,155,1,0,0,0
390.822,296.03,-4.589,-1.985,210,155,1,0,0,0
386.233,294.045,-4.589,-1.985,215,155,1,0,0,0
381.644,292.06,-4.589,-1.985,220,155,1,0,0,0
377.055,290.075,-4.589,-1.985,225,155,1,0,0,0
372.466,288.09,-4.589,-1.985,225,155,0,0,0,0
367.877,286.105,-4.589,-1.985,225,155,0,0,0,0
363.287,284.12,-4.589,-1.985,225,155,0,0,0,0
358.698,282.134,-4.589,-1.985,225,155,0,0,0,0
354.109,280.149,-4.589,-1.985,225,155,0,0,0,0
349.52,278.164,-4.589,-1.985,225,155,0,0,0,0
344.931,276.179,-4.589,-1.985,225,155,0,0,0,0
340.342,274.194,-4.589,-1.985,225,155,0,0,0,0
335.753,272.209,-4.589,-1.985,225,155,0,0,0,0
331.164,270.224,-4.589,-1.985,225,155,0,0,0,0
326.575,268.239,-4.589,-1.985,225,155,0,0,0,0
321.986,266.254,-4.589,-1.985,225,155,0,0,0,0
317.397,264.269,-4.589,-1.985,225,155,0,0,0,0
312.808,262.284,-4.589,-1.985,225,155,0,0,0,0
308.219,260.299,-4.589,-1.985,225,155,0,0,0,0
303.63,258.314,-4.589,-1.985,230,155,1,0,0,0
299.041,256.329,-4.589,-1.985,235,155,1,0,0,0
294.451,254.344,-4.589,-1.985,240,155,1,0,0,0
289.862,252.359,-4.589,-1.985,245,155,1,0,0,0
285.273,250.374,-4.589,-1.985,250,155,1,0,0,0
280.684,248.388,-4.589,-1.985,255,155,1,0,0,0
276.095,246.403,-4.589,-1.985,255,155,0,0,0,0
271.506,244.418,-4.589,-1.985,255,155,0,0,0,0
266.917,242.433,-4.589,-1.985,255,155,0,0,0,0
262.328,240.448,-4.589,-1.985,255,155,0,0,0,0
257.739,238.463,-4.589,-1.985,255,155,0,0,0,0
253.15,236.478,-4.589,-1.985,250,155,-1,0,0,0
248.561,234.493,-4.589,-1.985,245,155,-1,0,0,0
243.972,232.508,-4.589,-1.985,240,155,-1,0,0,0
239.383,230.523,-4.589,-1.985,235,155,-1,0,0,0
234.794,228.538,-4.589,-1.985,230,155,-1,0,0,0
230.205,226.553,-4.589,-1.985,225,155,-1,0,0,0
225.615,224.568,-4.589,-1.985,220,155,-1,0,0,0
221.026,222.583,-4.589,-1.985,215,155,-1,0,0,0
216.437,220.598,-4.589,-1.985,210,155,-1,0,0,0
211.848,218.613,-4.589,-1.985,205,155,-1,0,0,0
207.259,216.628,-4.589,-1.985,200,155,-1,0,0,0
202.67,214.642,-4.589,-1.985,195,155,-1,0,0,0
198.081,212.657,-4.589,-1.985,190,155,-1,0,0,0
193.492,210.672,-4.589,-1.985,185,155,-1,0,0,0
188.903,208.687,-4.589,-1.985,180,155,-1,0,0,0
184.314,206.702,-4.589,-1.985,175,155,-1,0,0,0
179.725,204.717,-4.589,-1.985,170,155,-1,0,0,0
175.136,202.732,-4.589,-1.985,165,155,-1,0,0,0
170.547,200.747,-4.589,-1.985,160,155,-1,0,0,0
165.958,198.762,-4.589,-1.985,155,155,-1,0,0,0
161.368,196.777,-4.589,-1.985,150,155,-1,0,0,0
156.779,194.792,-4.589,-1.985,145,155,-1,0,0,0
152.19,192.807,-4.589,-1.985,140,155,-1,0,0,0
147.601,190.822,-4.589,-1.985,135,155,-1,0,0,0
143.012,188.837,-4.589,-1.985,130,155,-1,0,0,0
138.423,186.852,-4.589,-1.985,125,155,-1,0,0,0
133.834,184.867,-4.589,-1.985,120,155,-1,0,0,0
129.245,182.881,-4.589,-1.985,120,155,0,0,0,0
124.656,180.896,-4.589,-1.985,120,155,0,0,0,0
120.067,178.911,-4.589,-1.985,120,155,0,0,0,0
115.478,176.926,-4.589,-1.985,120,155,0,0,0,0
110.889,174.941,-4.589,-1.985,120,155,0,0,0,0
106.3,172.956,-4.589,-1.985,120,155,0,0,0,0
101.711,170.971,-4.589,-1.985,120,155,0,0,0,0
97.122,168.986,-4.589,-1.985,120,155,0,0,0,0
92.532,167.001,-4.589,-1.985,120,155,0,0,0,0
87.943,165.016,-4.589,-1.985,120,155,0,0,0,0
83.354,163.031,-4.589,-1.985,120,155,0,0,0,0
78.765,161.046,-4.589,-1.985,120,155,0,0,0,0
74.176,159.061,-4.589,-1.985,120,155,0,0,0,0
69.587,157.076,-4.589,-1.985,115,155,-1,0,0,0
64.998,155.091,-4.589,-1.985,110,155,-1,0,0,0
60.409,153.106,-4.589,-1.985,105,155,-1,0,0,0
55.82,151.121,-4.589,-1.985,100,155,-1,0,0,0
51.231,149.135,-4.589,-1.985,95,155,-1,0,0,0
49.0,147.15,5.034,1.658,95,155,0,0,0,0
54.034,148.808,5.034,1.658,95,155,0,0,0,0
59.068,150.466,5.034,1.658,95,155,0,0,0,0
64.102,152.123,5.034,1.658,95,155,0,0,0,0
69.136,153.781,5.034,1.658,95,155,0,0,0,0
74.171,155.439,5.034,1.658,95,155,0,0,0,0
79.205,157.096,5.034,1.658,95,155,0,0,0,0
84.239,158.754,5.034,1.658,95,160,0,1,0,0
89.273,160.411,5.034,1.658,95,165,0,1,0,0
94.307,162.069,5.034,1.658,95,170,0,1,0,0
99.341,163.727,5.034,1.658,95,175,0,1,0,0
104.375,165.384,5.034,1.658,95,180,0,1,0,0
109.409,167.042,5.034,1.658,95,185,0,1,0,0
114.443,168.7,5.034,1.658,95,190,0,1,0,0
119.478,170.357,5.034,1.658,95,195,0,1,0,0
124.512,172.015,5.034,1.658,95,200,0,1,0,0
129.546,173.672,5.034,1.658,95,205,0,1,0,0
134.58,175.33,5.034,1.658,95,210,0,1,0,0
139.614,176.988,5.034,1.658,95,215,0,1,0,0
144.648,178.645,5.034,1.658,95,220,0,1,0,0
149.682,180.303,5.034,1.658,95,220,0,0,0,0
154.716,181.961,5.034,1.658,95,220,0,0,0,0
159.75,183.618,5.034,1.658,95,220,0,0,0,0
164.785,185.276,5.034,1.658,95,225,0,1,0,0
169.819,186.934,5.034,1.658,95,230,0,1,0,0
174.853,188.591,5.034,1.658,100,235,1,1,0,0
179.887,190.249,5.034,1.658,105,240,1,1,0,0
184.921,191.906,5.034,1.658,110,245,1,1,0,0
189.955,193.564,5.034,1.658,115,250,1,1,0,0
194.989,195.222,5.034,1.658,120,255,1,1,0,0
200.023,196.879,5.034,1.658,125,260,1,1,0,0
205.057,198.537,5.034,1.658,130,265,1,1,0,0
210.092,200.195,5.034,1.658,135,270,1,1,0,0
215.126,201.852,5.034,1.658,140,275,1,1,0,0
220.16,203.51,5.034,1.658,145,280,1,1,0,0
225.194,205.167,5.034,1.658,150,285,1,1,0,0
230.228,206.825,5.034,1.658,155,290,1,1,0,0
235.262,208.483,5.034,1.658,160,295,1,1,0,0
240.296,210.14,5.034,1.658,165,300,1,1,0,0
245.33,211.798,5.034,1.658,170,305,1,1,0,0
250.364,213.456,5.034,1.658,175,300,1,-1,0,0
255.399,215.113,5.034,1.658,180,295,1,-1,0,0
260.433,216.771,5.034,1.658,185,290,1,-1,0,0
265.467,218.428,5.034,1.658,190,285,1,-1,0,0
270.501,220.086,5.034,1.658,195,280,1,-1,0,0
275.535,221.744,5.034,1.658,200,275,1,-1,0,0
280.569,223.401,5.034,1.658,205,270,1,-1,0,0
285.603,225.059,5.034,1.658,210,265,1,-1,0,0
290.637,226.717,5.034,1.658,215,260,1,-1,0,0
295.671,228.374,5.034,1.658,220,255,1,-1,0,0
300.706,230.032,5.034,1.658,220,250,0,-1,0,0
305.74,231.689,5.034,1.658,220,245,0,-1,0,0
310.774,233.347,5.034,1.658,220,240,0,-1,0,0
315.808,235.005,5.034,1.658,220,235,0,-1,0,0
320.842,236.662,5.034,1.658,220,230,0,-1,0,0
325.876,238.32,5.034,1.658,220,225,0,-1,0,0
330.91,239.978,5.034,1.658,220,220,0,-1,0,0
335.944,241.635,5.034,1.658,220,215,0,-1,0,0
340.978,243.293,5.034,1.658,220,210,0,-1,0,0
346.013,244.951,5.034,1.658,220,205,0,-1,0,0
351.047,246.608,5.034,1.658,220,200,0,-1,0,0
356.081,248.266,5.034,1.658,220,195,0,-1,0,0
361.115,249.923,5.034,1.658,220,190,0,-1,0,0
366.149,251.581,5.034,1.658,220,190,0,0,0,0
371.183,253.239,5.034,1.658,220,190,0,0,0,0
376.217,254.896,5.034,1.658,220,190,0,0,0,0
381.251,256.554,5.034,1.658,220,190,0,0,0,0
386.285,258.212,5.034,1.658,220,190,0,0,0,0
391.32,259.869,5.034,1.658,220,190,0,0,0,0
396.354,261.527,5.034,1.658,220,190,0,0,0,0
401.388,263.184,5.034,1.658,220,195,0,1,0,0
406.422,264.842,5.034,1.658,220,200,0,1,0,0
411.456,266.5,5.034,1.658,220,205,0,1,0,0
416.49,268.157,5.034,1.658,220,210,0,1,0,0
421.524,269.815,5.034,1.658,220,215,0,1,0,0
426.558,271.473,5.034,1.658,220,220,0,1,0,0
431.592,273.13,5.034,1.658,220,225,0,1,0,0
436.627,274.788,5.034,1.658,220,230,0,1,0,0
441.661,276.445,5.034,1.658,220,235,0,1,0,0
446.695,278.103,5.034,1.658,220,240,0,1,0,0
451.729,279.761,5.034,1.658,220,245,0,1,0,0
456.763,281.418,5.034,1.658,225,250,1,1,0,0
461.797,283.076,5.034,1.658,230,255,1,1,0,0
466.831,284.734,5.034,1.658,235,260,1,1,0,0
471.865,286.391,5.034,1.658,240,265,1,1,0,0
476.899,288.049,5.034,1.658,245,270,1,1,0,0
481.933,289.706,5.034,1.658,250,275,1,1,0,0
486.968,291.364,5.034,1.658,255,280,1,1,0,0
492.002,293.022,5.034,1.658,255,285,0,1,0,0
497.036,294.679,5.034,1.658,255,290,0,1,0,0
502.07,296.337,5.034,1.658,255,295,0,1,0,0
507.104,297.995,5.034,1.658,255,295,0,0,0,0
512.138,299.652,5.034,1.658,255,295,0,0,0,0
517.172,301.31,5.034,1.658,255,295,0,0,0,0
522.206,302.968,5.034,1.658,255,295,0,0,0,0
527.24,304.625,5.034,1.658,255,295,0,0,0,0
532.275,306.283,5.034,1.658,255,295,0,0,0,0
537.309,307.94,5.034,1.658,255,295,0,0,0,0
542.343,309.598,5.034,1.658,255,295,0,0,0,0
547.377,311.256,5.034,1.658,255,295,0,0,0,0
552.411,312.913,5.034,1.658,255,295,0,0,0,0
557.445,314.571,5.034,1.658,255,295,0,0,0,0
562.479,316.229,5.034,1.658,255,295,0,0,0,0
567.513,317.886,5.034,1.658,255,295,0,0,0,0
572.547,319.544,5.034,1.658,255,295,0,0,0,0
577.582,321.201,5.034,1.658,255,295,0,0,0,0
582.616,322.859,5.034,1.658,255,295,0,0,0,0
587.65,324.517,5.034,1.658,255,295,0,0,0,0
592.684,326.174,5.034,1.658,255,295,0,0,0,0
597.718,327.832,5.034,1.658,255,295,0,0,0,0
602.752,329.49,5.034,1.658,255,295,0,0,0,0
607.786,331.147,5.034,1.658,255,295,0,0,0,0
612.82,332.805,5.034,1.658,255,295,0,0,0,0
617.854,334.462,5.034,1.658,255,295,0,0,0,0
622.889,336.12,5.034,1.658,255,295,0,0,0,0
627.923,337.778,5.034,1.658,255,295,0,0,0,0
632.957,339.435,5.034,1.658,260,295,1,0,0,0
637.991,341.093,5.034,1.658,265,295,1,0,0,0
643.025,342.751,5.034,1.658,270,295,1,0,0,0
648.059,344.408,5.034,1.658,275,295,1,0,0,0
653.093,346.066,5.034,1.658,280,295,1,0,0,0
658.127,347.723,5.034,1.658,285,295,1,0,0,0
663.161,349.381,5.034,1.658,285,295,0,0,0,0
668.196,351.039,5.034,1.658,285,300,0,1,0,0
673.23,352.696,5.034,1.658,285,305,0,1,0,0
678.264,354.354,5.034,1.658,285,310,0,1,0,0
683.298,356.012,5.034,1.658,285,315,0,1,0,0
688.332,357.669,5.034,1.658,285,320,0,1,0,0
693.366,359.327,5.034,1.658,285,325,0,1,0,0
698.4,360.985,5.034,1.658,285,330,0,1,0,0
703.434,362.642,5.034,1.658,290,335,1,1,0,0
708.468,364.3,5.034,1.658,295,340,1,1,0,0
713.503,365.957,5.034,1.658,300,345,1,1,0,0
718.537,367.615,5.034,1.658,305,350,1,1,0,0
723.571,369.273,5.034,1.658,310,355,1,1,0,0
728.605,370.93,5.034,1.658,315,360,1,1,0,0
733.639,372.588,5.034,1.658,320,365,1,1,0,0
738.673,374.246,5.034,1.658,325,370,1,1,0,0
743.707,375.903,5.034,1.658,330,375,1,1,0,0
748.741,377.561,5.034,1.658,335,380,1,1,0,0
753.775,379.218,5.034,1.658,340,385,1,1,0,0
751.0,380.876,-2.8,-4.85,340,385,0,0,0,0
748.2,376.026,-2.8,-4.85,340,385,0,0,0,0
745.4,371.177,-2.8,-4.85,340,385,0,0,0,0
742.6,366.327,-2.8,-4.85,340,385,0,0,0,0
739.8,361.477,-2.8,-4.85,340,385,0,0,0,0
737.0,356.627,-2.8,-4.85,340,385,0,0,0,0
734.2,351.778,-2.8,-4.85,340,385,0,0,0,0
731.4,346.928,-2.8,-4.85,340,385,0,0,0,0
728.6,342.078,-2.8,-4.85,340,385,0,0,0,0
725.8,337.228,-2.8,-4.85,340,385,0,0,0,0
723.0,332.379,-2.8,-4.85,340,385,0,0,0,0
720.2,327.529,-2.8,-4.85,340,385,0,0,0,0
717.4,322.679,-2.8,-4.85,340,385,0,0,0,0
714.6,317.829,-2.8,-4.85,340,385,0,0,0,0
711.8,312.98,-2.8,-4.85,340,385,0,0,0,0
709.0,308.13,-2.8,-4.85,340,385,0,0,0,0
706.2,303.28,-2.8,-4.85,335,385,-1,0,0,0
703.4,298.43,-2.8,-4.85,330,385,-1,0,0,0
700.6,293.581,-2.8,-4.85,325,385,-1,0,0,0
697.8,288.731,-2.8,-4.85,320,385,-1,0,0,0
695.0,283.881,-2.8,-4.85,315,385,-1,0,0,0
692.2,279.031,-2.8,-4.85,310,385,-1,0,0,0
689.4,274.182,-2.8,-4.85,305,385,-1,0,0,0
686.6,269.332,-2.8,-4.85,300,385,-1,0,0,0
683.8,264.482,-2.8,-4.85,295,385,-1,0,0,0
681.0,259.632,-2.8,-4.85,290,385,-1,0,0,0
678.2,254.783,-2.8,-4.85,285,385,-1,0,0,0
675.4,249.933,-2.8,-4.85,280,385,-1,0,0,0
672.6,245.083,-2.8,-4.85,275,385,-1,0,0,0
669.8,240.234,-2.8,-4.85,270,385,-1,0,0,0
667.0,235.384,-2.8,-4.85,265,385,-1,0,0,0
664.2,230.534,-2.8,-4.85,260,385,-1,0,0,0
661.4,225.684,-2.8,-4.85,255,385,-1,0,0,0
658.6,220.835,-2.8,-4.85,250,390,-1,1,0,0
655.8,215.985,-2.8,-4.85,245,395,-1,1,0,0
653.0,211.135,-2.8,-4.85,240,400,-1,1,0,0
650.2,206.285,-2.8,-4.85,235,405,-1,1,0,0
647.4,201.436,-2.8,-4.85,230,410,-1,1,0,0
644.6,196.586,-2.8,-4.85,225,415,-1,1,0,0
641.8,191.736,-2.8,-4.85,220,420,-1,1,0,0
639.0,186.886,-2.8,-4.85,215,425,-1,1,0,0
636.2,182.037,-2.8,-4.85,210,430,-1,1,0,0
633.4,177.187,-2.8,-4.85,210,435,0,1,0,0
630.6,172.337,-2.8,-4.85,210,440,0,1,0,0
627.8,167.487,-2.8,-4.85,210,445,0,1,0,0
625.0,162.638,-2.8,-4.85,210,450,0,1,0,0
622.2,157.788,-2.8,-4.85,210,455,0,1,0,0
619.4,152.938,-2.8,-4.85,210,460,0,1,0,0
616.6,148.088,-2.8,-4.85,210,465,0,1,0,0
613.8,143.239,-2.8,-4.85,210,470,0,1,0,0
611.0,138.389,-2.8,-4.85,210,470,0,0,0,0
608.2,133.539,-2.8,-4.85,210,470,0,0,0,0
605.4,128.689,-2.8,-4.85,215,470,1,0,0,0
602.6,123.84,-2.8,-4.85,220,470,1,0,0,0
599.8,118.99,-2.8,-4.85,225,470,1,0,0,0
597.0,114.14,-2.8,-4.85,230,470,1,0,0,0
594.2,109.29,-2.8,-4.85,235,470,1,0,0,0
591.4,104.441,-2.8,-4.85,240,470,1,0,0,0
588.6,99.591,-2.8,-4.85,245,470,1,0,0,0
585.8,94.741,-2.8,-4.85,250,470,1,0,0,0
583.0,89.892,-2.8,-4.85,255,465,1,-1,0,0
580.2,85.042,-2.8,-4.85,255,460,0,-1,0,0
577.4,80.192,-2.8,-4.85,255,455,0,-1,0,0
574.6,75.342,-2.8,-4.85,255,450,0,-1,0,0
571.8,70.493,-2.8,-4.85,255,445,0,-1,0,0
569.0,65.643,-2.8,-4.85,255,440,0,-1,0,0
566.2,60.793,-2.8,-4.85,255,435,0,-1,0,0
563.4,55.943,-2.8,-4.85,255,430,0,-1,0,0
560.6,51.094,-2.8,-4.85,255,425,0,-1,0,0
557.8,46.244,-2.8,-4.85,255,420,0,-1,0,0
555.0,41.394,-2.8,-4.85,255,415,0,-1,0,0
552.2,36.544,-2.8,-4.85,255,410,0,-1,0,0
549.4,31.695,-2.8,-4.85,255,405,0,-1,0,0
546.6,26.845,-2.8,-4.85,255,400,0,-1,0,0
543.8,21.995,-2.8,-4.85,255,395,0,-1,0,0
541.0,17.145,-2.8,-4.85,255,390,0,-1,0,0
538.2,12.296,-2.8,-4.85,255,385,0,-1,0,0
535.4,7.446,-2.8,-4.85,255,380,0,-1,0,0
532.6,6.0,-2.8,4.85,255,375,0,-1,0,0
529.8,10.85,-2.8,4.85,255,370,0,-1,0,0
527.0,15.699,-2.8,4.85,255,365,0,-1,0,0
524.2,20.549,-2.8,4.85,255,360,0,-1,0,0
521.4,25.399,-2.8,4.85,255,355,0,-1,0,0
518.6,30.249,-2.8,4.85,260,350,1,-1,0,0
515.8,35.098,-2.8,4.85,265,345,1,-1,0,0
513.0,39.948,-2.8,4.85,270,340,1,-1,0,0
510.2,44.798,-2.8,4.85,275,335,1,-1,0,0
507.4,49.648,-2.8,4.85,280,330,1,-1,0,0
504.6,54.497,-2.8,4.85,285,325,1,-1,0,0
501.8,59.347,-2.8,4.85,290,320,1,-1,0,0
499.0,64.197,-2.8,4.85,295,315,1,-1,0,0
496.2,69.047,-2.8,4.85,300,310,1,-1,0,0
493.4,73.896,-2.8,4.85,305,305,1,-1,0,0
490.6,78.746,-2.8,4.85,310,300,1,-1,0,0
487.8,83.596,-2.8,4.85,315,295,1,-1,0,0
485.0,88.446,-2.8,4.85,320,290,1,-1,0,0
482.2,93.295,-2.8,4.85,325,285,1,-1,0,0
479.4,98.145,-2.8,4.85,330,280,1,-1,0,0
476.6,102.995,-2.8,4.85,335,275,1,-1,0,0
473.8,107.845,-2.8,4.85,340,270,1,-1,0,0
471.0,112.694,-2.8,4.85,345,265,1,-1,0,0
468.2,117.544,-2.8,4.85,350,260,1,-1,0,0
465.4,122.394,-2.8,4.85,355,255,1,-1,0,0
462.6,127.244,-2.8,4.85,360,250,1,-1,0,0
459.8,132.093,-2.8,4.85,365,245,1,-1,0,0
457.0,136.943,-2.8,4.85,370,240,1,-1,0,0
454.2,141.793,-2.8,4.85,375,235,1,-1,0,0
451.4,146.643,-2.8,4.85,380,230,1,-1,0,0
448.6,151.492,-2.8,4.85,385,225,1,-1,0,0
445.8,156.342,-2.8,4.85,390,220,1,-1,0,0
443.0,161.192,-2.8,4.85,395,215,1,-1,0,0
440.2,166.041,-2.8,4.85,400,210,1,-1,0,0
437.4,170.891,-2.8,4.85,405,205,1,-1,0,0
434.6,175.741,-2.8,4.85,410,200,1,-1,0,0
431.8,180.591,-2.8,4.85,415,195,1,-1,0,0
429.0,185.44,-2.8,4.85,420,190,1,-1,0,0
426.2,190.29,-2.8,4.85,425,185,1,-1,0,0
423.4,195.14,-2.8,4.85,430,180,1,-1,0,0
420.6,199.99,-2.8,4.85,435,175,1,-1,0,0
417.8,204.839,-2.8,4.85,435,175,0,0,0,0
415.0,209.689,-2.8,4.85,435,175,0,0,0,0
412.2,214.539,-2.8,4.85,435,175,0,0,0,0
409.4,219.389,-2.8,4.85,435,175,0,0,0,0
406.6,224.238,-2.8,4.85,435,175,0,0,0,0
403.8,229.088,-2.8,4.85,430,175,-1,0,0,0
401.0,233.938,-2.8,4.85,425,175,-1,0,0,0
398.2,238.788,-2.8,4.85,420,175,-1,0,0,0
395.4,243.637,-2.8,4.85,415,175,-1,0,0,0
392.6,248.487,-2.8,4.85,410,175,-1,0,0,0
389.8,253.337,-2.8,4.85,410,175,0,0,0,0
387.0,258.187,-2.8,4.85,410,175,0,0,0,0
384.2,263.036,-2.8,4.85,410,175,0,0,0,0
381.4,267.886,-2.8,4.85,410,180,0,1,0,0
378.6,272.736,-2.8,4.85,410,185,0,1,0,0
375.8,277.586,-2.8,4.85,410,190,0,1,0,0
373.0,282.435,-2.8,4.85,410,195,0,1,0,0
370.2,287.285,-2.8,4.85,410,200,0,1,0,0
367.4,292.135,-2.8,4.85,410,205,0,1,0,0
364.6,296.985,-2.8,4.85,410,210,0,1,0,0
361.8,301.834,-2.8,4.85,410,215,0,1,0,0
359.0,306.684,-2.8,4.85,410,220,0,1,0,0
356.2,311.534,-2.8,4.85,415,225,1,1,0,0
353.4,316.384,-2.8,4.85,420,230,1,1,0,0
350.6,321.233,-2.8,4.85,425,235,1,1,0,0
347.8,326.083,-2.8,4.85,430,240,1,1,0,0
345.0,330.933,-2.8,4.85,435,245,1,1,0,0
342.2,335.782,-2.8,4.85,440,250,1,1,0,0
339.4,340.632,-2.8,4.85,445,255,1,1,0,0
336.6,345.482,-2.8,4.85,450,260,1,1,0,0
333.8,350.332,-2.8,4.85,455,265,1,1,0,0
331.0,355.181,-2.8,4.85,460,270,1,1,0,0
328.2,360.031,-2.8,4.85,465,275,1,1,0,0
325.4,364.881,-2.8,4.85,470,280,1,1,0,0
322.6,369.731,-2.8,4.85,475,285,1,1,0,0
319.8,374.58,-2.8,4.85,480,290,1,1,0,0
317.0,379.43,-2.8,4.85,485,295,1,1,0,0
314.2,384.28,-2.8,4.85,485,300,0,1,0,0
311.4,389.13,-2.8,4.85,485,305,0,1,0,0
308.6,393.979,-2.8,4.85,485,310,0,1,0,0
305.8,398.829,-2.8,4.85,485,315,0,1,0,0
303.0,403.679,-2.8,4.85,485,320,0,1,0,0
300.2,408.529,-2.8,4.85,485,325,0,1,0,0
297.4,413.378,-2.8,4.85,485,330,0,1,0,0
294.6,418.228,-2.8,4.85,485,335,0,1,0,0
291.8,423.078,-2.8,4.85,485,340,0,1,0,0
289.0,427.928,-2.8,4.85,485,345,0,1,0,0
286.2,432.777,-2.8,4.85,485,350,0,1,0,0
283.4,437.627,-2.8,4.85,485,355,0,1,0,0
280.6,442.477,-2.8,4.85,485,360,0,1,0,0
277.8,447.327,-2.8,4.85,485,360,0,0,0,0
275.0,452.176,-2.8,4.85,485,360,0,0,0,0
272.2,457.026,-2.8,4.85,485,360,0,0,0,0
269.4,461.876,-2.8,4.85,485,360,0,0,0,0
266.6,466.726,-2.8,4.85,485,360,0,0,0,0
263.8,471.575,-2.8,4.85,485,360,0,0,0,0
261.0,476.425,-2.8,4.85,485,360,0,0,0,0
258.2,481.275,-2.8,4.85,485,360,0,0,0,0
255.4,486.124,-2.8,4.85,485,360,0,0,0,0
252.6,490.974,-2.8,4.85,485,360,0,0,0,0
249.8,495.824,-2.8,4.85,485,360,0,0,0,0
247.0,500.674,-2.8,4.85,485,360,0,0,0,0
244.2,505.523,-2.8,4.85,485,360,0,0,0,0
241.4,510.373,-2.8,4.85,485,360,0,0,0,0
238.6,515.223,-2.8,4.85,485,360,0,0,0,0
235.8,520.073,-2.8,4.85,485,360,0,0,0,0
233.0,524.922,-2.8,4.85,485,360,0,0,0,0
230.2,529.772,-2.8,4.85,485,360,0,0,0,0
227.4,534.622,-2.8,4.85,485,360,0,0,0,0
224.6,539.472,-2.8,4.85,485,360,0,0,0,0
221.8,544.321,-2.8,4.85,485,360,0,0,0,0
219.0,549.171,-2.8,4.85,485,360,0,0,0,0
216.2,554.021,-2.8,4.85,485,360,0,0,0,0
213.4,558.871,-2.8,4.85,485,360,0,0,0,0
210.6,563.72,-2.8,4.85,485,360,0,0,0,0
207.8,568.57,-2.8,4.85,485,360,0,0,0,0
205.0,573.42,-2.8,4.85,485,360,0,0,0,0
202.2,578.27,-2.8,4.85,480,360,-1,0,0,0
199.4,583.119,-2.8,4.85,475,360,-1,0,0,0
196.6,587.969,-2.8,4.85,470,360,-1,0,0,0
193.8,592.819,-2.8,4.85,465,360,-1,0,0,0
191.0,594.0,-2.8,-4.85,460,360,-1,0,0,0
188.2,589.15,-2.8,-4.85,455,360,-1,0,0,0
185.4,584.301,-2.8,-4.85,450,360,-1,0,0,0
182.6,579.451,-2.8,-4.85,450,360,0,0,0,0
179.8,574.601,-2.8,-4.85,450,360,0,0,0,0
177.0,569.751,-2.8,-4.85,450,360,0,0,0,0
174.2,564.902,-2.8,-4.85,450,360,0,0,0,0
171.4,560.052,-2.8,-4.85,450,360,0,0,0,0
168.6,555.202,-2.8,-4.85,450,360,0,0,0,0
165.8,550.352,-2.8,-4.85,450,360,0,0,0,0
163.0,545.503,-2.8,-4.85,450,360,0,0,0,0
160.2,540.653,-2.8,-4.85,450,360,0,0,0,0
157.4,535.803,-2.8,-4.85,450,360,0,0,0,0
154.6,530.953,-2.8,-4.85,450,360,0,0,0,0
151.8,526.104,-2.8,-4.85,450,360,0,0,0,0
149.0,521.254,-2.8,-4.85,450,360,0,0,0,0
146.2,516.404,-2.8,-4.85,450,360,0,0,0,0
143.4,511.554,-2.8,-4.85,445,360,-1,0,0,0
140.6,506.705,-2.8,-4.85,440,360,-1,0,0,0
137.8,501.855,-2.8,-4.85,435,360,-1,0,0,0
135.0,497.005,-2.8,-4.85,430,360,-1,0,0,0
132.2,492.155,-2.8,-4.85,425,360,-1,0,0,0
129.4,487.306,-2.8,-4.85,420,360,-1,0,0,0
126.6,482.456,-2.8,-4.85,415,360,-1,0,0,0
123.8,477.606,-2.8,-4.85,410,360,-1,0,0,0
121.0,472.756,-2.8,-4.85,405,360,-1,0,0,0
118.2,467.907,-2.8,-4.85,400,360,-1,0,0,0
115.4,463.057,-2.8,-4.85,395,360,-1,0,0,0
112.6,458.207,-2.8,-4.85,390,360,-1,0,0,0
109.8,453.357,-2.8,-4.85,385,360,-1,0,0,0
107.0,448.508,-2.8,-4.85,380,360,-1,0,0,0
104.2,443.658,-2.8,-4.85,375,360,-1,0,0,0
101.4,438.808,-2.8,-4.85,375,360,0,0,0,0
98.6,433.959,-2.8,-4.85,375,360,0,0,0,0
95.8,429.109,-2.8,-4.85,375,360,0,0,0,0
93.0,424.259,-2.8,-4.85,375,360,0,0,0,0
90.2,419.409,-2.8,-4.85,375,360,0,0,0,0
87.4,414.56,-2.8,-4.85,375,360,0,0,0,0
84.6,409.71,-2.8,-4.85,370,360,-1,0,0,0
81.8,404.86,-2.8,-4.85,365,360,-1,0,0,0
79.0,400.01,-2.8,-4.85,360,360,-1,0,0,0
76.2,395.161,-2.8,-4.85,355,360,-1,0,0,0
73.4,390.311,-2.8,-4.85,350,360,-1,0,0,0
70.6,385.461,-2.8,-4.85,345,360,-1,0,0,0
67.8,380.611,-2.8,-4.85,340,360,-1,0,0,0
65.0,375.762,-2.8,-4.85,335,360,-1,0,0,0
62.2,370.912,-2.8,-4.85,330,360,-1,0,0,0
59.4,366.062,-2.8,-4.85,325,360,-1,0,0,0
56.6,361.212,-2.8,-4.85,320,360,-1,0,0,0
53.8,356.363,-2.8,-4.85,315,360,-1,0,0,0
51.0,351.513,-2.8,-4.85,310,360,-1,0,0,0
48.2,346.663,-2.8,-4.85,305,360,-1,0,0,0
49.0,341.813,5.893,0.28,300,360,-1,0,0,0
54.893,342.093,5.893,0.28,295,360,-1,0,0,0
60.787,342.373,5.893,0.28,290,360,-1,0,0,0
66.68,342.653,5.893,0.28,285,360,-1,0,0,0
72.573,342.933,5.893,0.28,280,360,-1,0,0,0
78.467,343.213,5.893,0.28,275,360,-1,0,0,0
84.36,343.493,5.893,0.28,270,360,-1,0,0,0
90.253,343.773,5.893,0.28,265,360,-1,0,0,0
96.147,344.053,5.893,0.28,260,360,-1,0,0,0
102.04,344.333,5.893,0.28,255,360,-1,0,0,0
107.934,344.613,5.893,0.28,250,360,-1,0,0,0
113.827,344.893,5.893,0.28,245,360,-1,0,0,0
119.72,345.173,5.893,0.28,240,360,-1,0,0,0
125.614,345.453,5.893,0.28,240,360,0,0,0,0
131.507,345.733,5.893,0.28,240,360,0,0,0,0
137.4,346.013,5.893,0.28,240,360,0,0,0,0
143.294,346.293,5.893,0.28,240,360,0,0,0,0
149.187,346.573,5.893,0.28,240,360,0,0,0,0
155.08,346.853,5.893,0.28,240,360,0,0,0,0
160.974,347.133,5.893,0.28,240,360,0,0,0,0
166.867,347.413,5.893,0.28,240,360,0,0,0,0
172.76,347.693,5.893,0.28,240,360,0,0,0,0
178.654,347.973,5.893,0.28,240,360,0,0,0,0
184.547,348.253,5.893,0.28,240,360,0,0,0,0
190.44,348.533,5.893,0.28,240,360,0,0,0,0
196.334,348.813,5.893,0.28,240,360,0,0,0,0
202.227,349.093,5.893,0.28,240,355,0,-1,0,0
208.121,349.373,5.893,0.28,240,350,0,-1,0,0
214.014,349.653,5.893,0.28,240,345,0,-1,0,0
219.907,349.933,5.893,0.28,245,340,1,-1,0,0
225.801,350.213,5.893,0.28,250,335,1,-1,0,0
231.694,350.493,5.893,0.28,255,330,1,-1,0,0
237.587,350.773,5.893,0.28,260,330,1,0,0,0
243.481,351.053,5.893,0.28,265,335,1,1,0,0
249.374,351.333,5.893,0.28,270,340,1,1,0,0
255.267,351.613,5.893,0.28,275,345,1,1,0,0
261.161,351.893,5.893,0.28,280,350,1,1,0,0
267.054,352.173,5.893,0.28,285,355,1,1,0,0
272.947,352.453,5.893,0.28,290,360,1,1,0,0
278.841,352.733,5.893,0.28,295,365,1,1,0,0
284.734,353.013,5.893,0.28,300,370,1,1,0,0
290.627,353.293,5.893,0.28,300,375,0,1,0,0
296.521,353.573,5.893,0.28,300,380,0,1,0,0
302.414,353.853,5.893,0.28,300,385,0,1,0,0
308.308,354.133,5.893,0.28,300,390,0,1,0,0
314.201,354.413,5.893,0.28,300,395,0,1,0,0
320.094,354.693,5.893,0.28,300,400,0,1,0,0
325.988,354.973,5.893,0.28,300,400,0,0,0,0
331.881,355.253,5.893,0.28,300,400,0,0,0,0
337.774,355.533,5.893,0.28,300,400,0,0,0,0
343.668,355.813,5.893,0.28,300,400,0,0,0,0
349.561,356.093,5.893,0.28,300,400,0,0,0,0
355.454,356.373,5.893,0.28,300,400,0,0,0,0
361.348,356.653,5.893,0.28,300,400,0,0,0,0
367.241,356.933,5.893,0.28,300,400,0,0,0,0
373.134,357.213,5.893,0.28,300,400,0,0,0,0
379.028,357.493,5.893,0.28,300,400,0,0,0,0
384.921,357.773,5.893,0.28,300,400,0,0,0,0
390.814,358.053,5.893,0.28,300,400,0,0,0,0
396.708,358.333,5.893,0.28,300,400,0,0,0,0
402.601,358.613,5.893,0.28,300,400,0,0,0,0
408.494,358.893,5.893,0.28,300,400,0,0,0,0
414.388,359.173,5.893,0.28,300,400,0,0,0,0
420.281,359.453,5.893,0.28,300,400,0,0,0,0
426.175,359.733,5.893,0.28,300,400,0,0,0,0
432.068,360.013,5.893,0.28,300,400,0,0,0,0
437.961,360.293,5.893,0.28,300,400,0,0,0,0
443.855,360.573,5.893,0.28,300,400,0,0,0,0
449.748,360.853,5.893,0.28,300,400,0,0,0,0
455.641,361.133,5.893,0.28,300,400,0,0,0,0
461.535,361.413,5.893,0.28,300,400,0,0,0,0
467.428,361.693,5.893,0.28,300,395,0,-1,0,0
473.321,361.973,5.893,0.28,300,390,0,-1,0,0
479.215,362.253,5.893,0.28,300,385,0,-1,0,0
485.108,362.533,5.893,0.28,300,380,0,-1,0,0
491.001,362.813,5.893,0.28,300,375,0,-1,0,0
496.895,363.093,5.893,0.28,300,370,0,-1,0,0
502.788,363.373,5.893,0.28,300,365,0,-1,0,0
508.681,363.653,5.893,0.28,300,360,0,-1,0,0
514.575,363.933,5.893,0.28,300,360,0,0,0,0
520.468,364.213,5.893,0.28,300,360,0,0,0,0
526.362,364.493,5.893,0.28,300,360,0,0,0,0
532.255,364.773,5.893,0.28,300,360,0,0,0,0
538.148,365.053,5.893,0.28,300,360,0,0,0,0
544.042,365.333,5.893,0.28,300,360,0,0,0,0
549.935,365.613,5.893,0.28,300,360,0,0,0,0
555.828,365.893,5.893,0.28,300,360,0,0,0,0
561.722,366.173,5.893,0.28,300,360,0,0,0,0
567.615,366.453,5.893,0.28,300,360,0,0,0,0
573.508,366.733,5.893,0.28,300,360,0,0,0,0
579.402,367.013,5.893,0.28,300,360,0,0,0,0
585.295,367.293,5.893,0.28,300,360,0,0,0,0
591.188,367.573,5.893,0.28,300,360,0,0,0,0
597.082,367.853,5.893,0.28,300,360,0,0,0,0
602.975,368.133,5.893,0.28,300,360,0,0,0,0
608.868,368.413,5.893,0.28,300,360,0,0,0,0
614.762,368.693,5.893,0.28,300,360,0,0,0,0
620.655,368.973,5.893,0.28,300,360,0,0,0,0
626.549,369.253,5.893,0.28,300,360,0,0,0,0
632.442,369.533,5.893,0.28,300,355,0,-1,0,0
638.335,369.813,5.893,0.28,300,350,0,-1,0,0
644.229,370.093,5.893,0.28,300,345,0,-1,0,0
650.122,370.373,5.893,0.28,300,340,0,-1,0,0
656.015,370.653,5.893,0.28,300,335,0,-1,0,0
661.909,370.933,5.893,0.28,300,330,0,-1,0,0
667.802,371.213,5.893,0.28,300,325,0,-1,0,0
673.695,371.493,5.893,0.28,300,320,0,-1,0,0
679.589,371.773,5.893,0.28,300,315,0,-1,0,0
685.482,372.053,5.893,0.28,300,315,0,0,0,0
691.375,372.333,5.893,0.28,300,315,0,0,0,0
697.269,372.613,5.893,0.28,300,315,0,0,0,0
703.162,372.893,5.893,0.28,300,315,0,0,0,0
709.055,373.173,5.893,0.28,300,315,0,0,0,0
714.949,373.453,5.893,0.28,300,315,0,0,0,0
720.842,373.733,5.893,0.28,300,315,0,0,0,0
726.736,374.013,5.893,0.28,300,315,0,0,0,0
732.629,374.293,5.893,0.28,300,315,0,0,0,0
738.522,374.573,5.893,0.28,300,315,0,0,0,0
744.416,374.853,5.893,0.28,300,315,0,0,0,0
750.309,375.133,5.893,0.28,300,315,0,0,0,0
751.0,375.413,-5.336,3.158,300,315,0,0,0,0
745.664,378.571,-5.336,3.158,300,315,0,0,0,0
740.329,381.729,-5.336,3.158,300,315,0,0,0,0
734.993,384.886,-5.336,3.158,300,315,0,0,0,0
729.658,388.044,-5.336,3.158,300,315,0,0,0,0
724.322,391.202,-5.336,3.158,300,315,0,0,0,0
718.987,394.36,-5.336,3.158,300,315,0,0,0,0
713.651,397.518,-5.336,3.158,300,315,0,0,0,0
708.316,400.676,-5.336,3.158,300,315,0,0,0,0
702.98,403.834,-5.336,3.158,300,315,0,0,0,0
697.645,406.992,-5.336,3.158,300,315,0,0,0,0
692.309,410.149,-5.336,3.158,300,315,0,0,0,0
686.974,413.307,-5.336,3.158,300,315,0,0,0,0
681.638,416.465,-5.336,3.158,300,315,0,0,0,0
676.303,419.623,-5.336,3.158,300,315,0,0,0,0
670.967,422.781,-5.336,3.158,300,315,0,0,0,0
665.631,425.939,-5.336,3.158,300,315,0,0,0,0
660.296,429.097,-5.336,3.158,300,315,0,0,0,0
654.96,432.254,-5.336,3.158,300,315,0,0,0,0
649.625,435.412,-5.336,3.158,305,315,1,0,0,0
644.289,438.57,-5.336,3.158,310,315,1,0,0,0
638.954,441.728,-5.336,3.158,315,315,1,0,0,0
633.618,444.886,-5.336,3.158,320,315,1,0,0,0
628.283,448.044,-5.336,3.158,325,315,1,0,0,0
622.947,451.202,-5.336,3.158,330,315,1,0,0,0
617.612,454.359,-5.336,3.158,335,315,1,0,0,0
612.276,457.517,-5.336,3.158,340,315,1,0,0,0
606.941,460.675,-5.336,3.158,345,315,1,0,0,0
601.605,463.833,-5.336,3.158,350,315,1,0,0,0
596.27,466.991,-5.336,3.158,355,315,1,0,0,0
590.934,470.149,-5.336,3.158,360,315,1,0,0,0
585.598,473.307,-5.336,3.158,365,315,1,0,0,0
580.263,476.464,-5.336,3.158,370,315,1,0,0,0
574.927,479.622,-5.336,3.158,375,315,1,0,0,0
569.592,482.78,-5.336,3.158,380,315,1,0,0,0
564.256,485.938,-5.336,3.158,385,315,1,0,0,0
558.921,489.096,-5.336,3.158,390,315,1,0,0,0
553.585,492.254,-5.336,3.158,395,315,1,0,0,0
548.25,495.412,-5.336,3.158,400,315,1,0,0,0
542.914,498.569,-5.336,3.158,405,315,1,0,0,0
537.579,501.727,-5.336,3.158,410,315,1,0,0,0
532.243,504.885,-5.336,3.158,415,315,1,0,0,0
526.908,508.043,-5.336,3.158,420,315,1,0,0,0
521.572,511.201,-5.336,3.158,425,315,1,0,0,0
516.237,514.359,-5.336,3.158,425,315,0,0,0,0
510.901,517.517,-5.336,3.158,425,315,0,0,0,0
505.565,520.674,-5.336,3.158,425,315,0,0,0,0
500.23,523.832,-5.336,3.158,425,315,0,0,0,0
494.894,526.99,-5.336,3.158,425,315,0,0,0,0
489.559,530.148,-5.336,3.158,425,315,0,0,0,0
484.223,533.306,-5.336,3.158,425,320,0,1,0,0
478.888,536.464,-5.336,3.158,425,325,0,1,0,0
473.552,539.622,-5.336,3.158,425,330,0,1,0,0
468.217,542.78,-5.336,3.158,425,335,0,1,0,0
462.881,545.937,-5.336,3.158,425,340,0,1,0,0
457.546,549.095,-5.336,3.158,425,345,0,1,0,0
452.21,552.253,-5.336,3.158,425,345,0,0,0,0
446.875,555.411,-5.336,3.158,425,345,0,0,0,0
441.539,558.569,-5.336,3.158,425,345,0,0,0,0
436.204,561.727,-5.336,3.158,425,345,0,0,0,0
430.868,564.885,-5.336,3.158,425,345,0,0,0,0
425.532,568.042,-5.336,3.158,425,345,0,0,0,0
420.197,571.2,-5.336,3.158,425,345,0,0,0,0
414.861,574.358,-5.336,3.158,425,345,0,0,0,0
409.526,577.516,-5.336,3.158,425,345,0,0,0,0
404.19,580.674,-5.336,3.158,425,345,0,0,0,0
398.855,583.832,-5.336,3.158,425,345,0,0,0,0
393.519,586.99,-5.336,3.158,425,345,0,0,0,0
388.184,590.147,-5.336,3.158,425,345,0,0,0,0
382.848,593.305,-5.336,3.158,425,345,0,0,0,0
377.513,594.0,-5.336,-3.158,425,345,0,0,0,0
372.177,590.842,-5.336,-3.158,425,345,0,0,0,0
366.842,587.684,-5.336,-3.158,425,345,0,0,0,0
361.506,584.526,-5.336,-3.158,425,345,0,0,0,0
356.171,581.369,-5.336,-3.158,425,345,0,0,0,0
350.835,578.211,-5.336,-3.158,425,345,0,0,0,0
345.499,575.053,-5.336,-3.158,425,345,0,0,0,0
340.164,571.895,-5.336,-3.158,425,345,0,0,0,0
334.828,568.737,-5.336,-3.158,425,345,0,0,0,0
329.493,565.579,-5.336,-3.158,425,345,0,0,0,0
324.157,562.421,-5.336,-3.158,425,350,0,1,0,0
318.822,559.264,-5.336,-3.158,425,355,0,1,0,0
313.486,556.106,-5.336,-3.158,420,360,-1,1,0,0
308.151,552.948,-5.336,-3.158,415,365,-1,1,0,0
302.815,549.79,-5.336,-3.158,410,370,-1,1,0,0
297.48,546.632,-5.336,-3.158,405,375,-1,1,0,0
292.144,543.474,-5.336,-3.158,400,380,-1,1,0,0
286.809,540.316,-5.336,-3.158,395,385,-1,1,0,0
281.473,537.159,-5.336,-3.158,390,390,-1,1,0,0
276.138,534.001,-5.336,-3.158,385,390,-1,0,0,0
270.802,530.843,-5.336,-3.158,380,390,-1,0,0,0
265.466,527.685,-5.336,-3.158,375,390,-1,0,0,0
260.131,524.527,-5.336,-3.158,370,390,-1,0,0,0
254.795,521.369,-5.336,-3.158,365,390,-1,0,0,0
249.46,518.211,-5.336,-3.158,360,390,-1,0,0,0
244.124,515.053,-5.336,-3.158,360,390,0,0,0,0
238.789,511.896,-5.336,-3.158,360,390,0,0,0,0
233.453,508.738,-5.336,-3.158,360,390,0,0,0,0
228.118,505.58,-5.336,-3.158,360,390,0,0,0,0
222.782,502.422,-5.336,-3.158,360,390,0,0,0,0
217.447,499.264,-5.336,-3.158,360,390,0,0,0,0
212.111,496.106,-5.336,-3.158,360,390,0,0,0,0
206.776,492.948,-5.336,-3.158,360,390,0,0,0,0
201.44,489.791,-5.336,-3.158,360,390,0,0,0,0
196.105,486.633,-5.336,-3.158,360,390,0,0,0,0
190.769,483.475,-5.336,-3.158,360,390,0,0,0,0
185.433,480.317,-5.336,-3.158,360,390,0,0,0,0
180.098,477.159,-5.336,-3.158,360,390,0,0,0,0
174.762,474.001,-5.336,-3.158,360,390,0,0,0,0
169.427,470.843,-5.336,-3.158,360,390,0,0,0,0
164.091,467.686,-5.336,-3.158,360,390,0,0,0,0
158.756,464.528,-5.336,-3.158,360,390,0,0,0,0
153.42,461.37,-5.336,-3.158,360,390,0,0,0,0
148.085,458.212,-5.336,-3.158,360,390,0,0,0,0
142.749,455.054,-5.336,-3.158,360,390,0,0,0,0
137.414,451.896,-5.336,-3.158,360,390,0,0,0,0
132.078,448.738,-5.336,-3.158,360,390,0,0,0,0
126.743,445.581,-5.336,-3.158,360,390,0,0,0,0
121.407,442.423,-5.336,-3.158,360,390,0,0,0,0
116.072,439.265,-5.336,-3.158,360,390,0,0,0,0
110.736,436.107,-5.336,-3.158,360,390,0,0,0,0
105.4,432.949,-5.336,-3.158,360,390,0,0,0,0
100.065,429.791,-5.336,-3.158,355,390,-1,0,0,0
94.729,426.633,-5.336,-3.158,350,390,-1,0,0,0
89.394,423.476,-5.336,-3.158,345,390,-1,0,0,0
84.058,420.318,-5.336,-3.158,340,390,-1,0,0,0
78.723,417.16,-5.336,-3.158,335,390,-1,0,0,0
73.387,414.002,-5.336,-3.158,330,390,-1,0,0,0
68.052,410.844,-5.336,-3.158,330,390,0,0,0,0
62.716,407.686,-5.336,-3.158,330,390,0,0,0,0
57.381,404.528,-5.336,-3.158,330,390,0,0,0,0
52.045,401.371,-5.336,-3.158,330,390,0,0,0,0
49.0,398.213,4.806,4.376,330,390,0,0,0,0
53.806,402.589,4.806,4.376,330,390,0,0,0,0
58.612,406.965,4.806,4.376,330,390,0,0,0,0
63.418,411.341,4.806,4.376,330,390,0,0,0,0
68.225,415.717,4.806,4.376,330,390,0,0,0,0
73.031,420.094,4.806,4.376,330,390,0,0,0,0
77.837,424.47,4.806,4.376,330,390,0,0,0,0
82.643,428.846,4.806,4.376,330,390,0,0,0,0
87.449,433.222,4.806,4.376,330,390,0,0,0,0
92.255,437.598,4.806,4.376,330,390,0,0,0,0
97.062,441.974,4.806,4.376,330,390,0,0,0,0
101.868,446.351,4.806,4.376,330,390,0,0,0,0
106.674,450.727,4.806,4.376,330,390,0,0,0,0
111.48,455.103,4.806,4.376,330,390,0,0,0,0
116.286,459.479,4.806,4.376,330,390,0,0,0,0
121.092,463.855,4.806,4.376,330,390,0,0,0,0
125.898,468.231,4.806,4.376,330,390,0,0,0,0
130.705,472.608,4.806,4.376,330,390,0,0,0,0
135.511,476.984,4.806,4.376,330,390,0,0,0,0
140.317,481.36,4.806,4.376,330,390,0,0,0,0
145.123,485.736,4.806,4.376,335,390,1,0,0,0
149.929,490.112,4.806,4.376,340,390,1,0,0,0
154.735,494.488,4.806,4.376,345,390,1,0,0,0
159.542,498.865,4.806,4.376,350,390,1,0,0,0
164.348,503.241,4.806,4.376,355,390,1,0,0,0
169.154,507.617,4.806,4.376,360,390,1,0,0,0
173.96,511.993,4.806,4.376,365,390,1,0,0,0
178.766,516.369,4.806,4.376,370,390,1,0,0,0
183.572,520.746,4.806,4.376,375,390,1,0,0,0
188.378,525.122,4.806,4.376,380,390,1,0,0,0
193.185,529.498,4.806,4.376,385,390,1,0,0,0
197.991,533.874,4.806,4.376,390,390,1,0,0,0
202.797,538.25,4.806,4.376,390,390,0,0,0,0
207.603,542.626,4.806,4.376,390,390,0,0,0,0
212.409,547.003,4.806,4.376,390,390,0,0,0,0
217.215,551.379,4.806,4.376,390,390,0,0,0,0
222.021,555.755,4.806,4.376,390,390,0,0,0,0
226.828,560.131,4.806,4.376,390,390,0,0,0,0
231.634,564.507,4.806,4.376,390,390,0,0,0,0
236.44,568.883,4.806,4.376,390,390,0,0,0,0
241.246,573.26,4.806,4.376,390,390,0,0,0,0
246.052,577.636,4.806,4.376,390,390,0,0,0,0
250.858,582.012,4.806,4.376,390,390,0,0,0,0
255.665,586.388,4.806,4.376,390,390,0,0,0,0
260.471,590.764,4.806,4.376,390,390,0,0,0,0
265.277,594.0,4.806,-4.376,390,390,0,0,0,0
270.083,589.624,4.806,-4.376,390,390,0,0,0,0
274.889,585.248,4.806,-4.376,390,390,0,0,0,0
279.695,580.871,4.806,-4.376,390,390,0,0,0,0
284.501,576.495,4.806,-4.376,390,390,0,0,0,0
289.308,572.119,4.806,-4.376,390,390,0,0,0,0
294.114,567.743,4.806,-4.376,390,390,0,0,0,0
298.92,563.367,4.806,-4.376,390,390,0,0,0,0
303.726,558.991,4.806,-4.376,390,390,0,0,0,0
308.532,554.614,4.806,-4.376,390,390,0,0,0,0
313.338,550.238,4.806,-4.376,390,390,0,0,0,0
318.145,545.862,4.806,-4.376,390,390,0,0,0,0
322.951,541.486,4.806,-4.376,390,390,0,0,0,0
327.757,537.11,4.806,-4.376,390,390,0,0,0,0
332.563,532.734,4.806,-4.376,390,390,0,0,0,0
337.369,528.357,4.806,-4.376,390,390,0,0,0,0
342.175,523.981,4.806,-4.376,390,390,0,0,0,0
346.981,519.605,4.806,-4.376,390,390,0,0,0,0
351.788,515.229,4.806,-4.376,390,390,0,0,0,0
356.594,510.853,4.806,-4.376,390,390,0,0,0,0
361.4,506.477,4.806,-4.376,390,390,0,0,0,0
366.206,502.1,4.806,-4.376,390,390,0,0,0,0
371.012,497.724,4.806,-4.376,390,390,0,0,0,0
375.818,493.348,4.806,-4.376,390,390,0,0,0,0
380.625,488.972,4.806,-4.376,390,390,0,0,0,0
385.431,484.596,4.806,-4.376,390,390,0,0,0,0
390.237,480.219,4.806,-4.376,390,390,0,0,0,0
395.043,475.843,4.806,-4.376,390,390,0,0,0,0
399.849,471.467,4.806,-4.376,390,390,0,0,0,0
404.655,467.091,4.806,-4.376,390,390,0,0,0,0
409.461,462.715,4.806,-4.376,390,390,0,0,0,0
414.268,458.339,4.806,-4.376,390,390,0,0,0,0
419.074,453.962,4.806,-4.376,390,390,0,0,0,0
423.88,449.586,4.806,-4.376,390,385,0,-1,0,0
428.686,445.21,4.806,-4.376,390,380,0,-1,0,0
433.492,440.834,4.806,-4.376,390,375,0,-1,0,0
438.298,436.458,4.806,-4.376,390,370,0,-1,0,0
443.105,432.082,4.806,-4.376,390,365,0,-1,0,0
447.911,427.705,4.806,-4.376,390,360,0,-1,0,0
452.717,423.329,4.806,-4.376,390,355,0,-1,0,0
457.523,418.953,4.806,-4.376,390,350,0,-1,0,0
462.329,414.577,4.806,-4.376,390,345,0,-1,0,0
467.135,410.201,4.806,-4.376,390,340,0,-1,0,0
471.941,405.825,4.806,-4.376,390,335,0,-1,0,0
476.748,401.448,4.806,-4.376,390,330,0,-1,0,0
481.554,397.072,4.806,-4.376,390,325,0,-1,0,0
486.36,392.696,4.806,-4.376,390,320,0,-1,0,0
491.166,388.32,4.806,-4.376,390,315,0,-1,0,0
495.972,383.944,4.806,-4.376,390,310,0,-1,0,0
500.778,379.567,4.806,-4.376,390,305,0,-1,0,0
505.584,375.191,4.806,-4.376,390,300,0,-1,0,0
510.391,370.815,4.806,-4.376,390,295,0,-1,0,0
515.197,366.439,4.806,-4.376,390,290,0,-1,0,0
520.003,362.063,4.806,-4.376,390,285,0,-1,0,0
524.809,357.687,4.806,-4.376,390,280,0,-1,0,0
529.615,353.31,4.806,-4.376,390,280,0,0,0,0
534.421,348.934,4.806,-4.376,390,280,0,0,0,0
539.228,344.558,4.806,-4.376,390,280,0,0,0,0
544.034,340.182,4.806,-4.376,390,280,0,0,0,0
548.84,335.806,4.806,-4.376,390,280,0,0,0,0
553.646,331.43,4.806,-4.376,390,280,0,0,0,0
558.452,327.053,4.806,-4.376,390,280,0,0,0,0
563.258,322.677,4.806,-4.376,390,280,0,0,0,0
568.064,318.301,4.806,-4.376,390,280,0,0,0,0
572.871,313.925,4.806,-4.376,390,280,0,0,0,0
577.677,309.549,4.806,-4.376,390,280,0,0,0,0
582.483,305.173,4.806,-4.376,390,280,0,0,0,0
587.289,300.796,4.806,-4.376,390,280,0,0,0,0
592.095,296.42,4.806,-4.376,390,280,0,0,0,0
596.901,292.044,4.806,-4.376,390,280,0,0,0,0
601.708,287.668,4.806,-4.376,390,280,0,0,0,0
606.514,283.292,4.806,-4.376,390,280,0,0,0,0
611.32,278.915,4.806,-4.376,390,275,0,-1,0,0
616.126,274.539,4.806,-4.376,390,270,0,-1,0,0
620.932,270.163,4.806,-4.376,390,265,0,-1,0,0
625.738,265.787,4.806,-4.376,390,260,0,-1,0,0
630.544,261.411,4.806,-4.376,390,255,0,-1,0,0
635.351,257.035,4.806,-4.376,390,250,0,-1,0,0
640.157,252.658,4.806,-4.376,390,245,0,-1,0,0
644.963,248.282,4.806,-4.376,390,240,0,-1,0,0
649.769,243.906,4.806,-4.376,390,235,0,-1,0,0
654.575,239.53,4.806,-4.376,390,230,0,-1,0,0
659.381,235.154,4.806,-4.376,390,225,0,-1,0,0
664.188,230.778,4.806,-4.376,390,220,0,-1,0,0
668.994,226.401,4.806,-4.376,390,215,0,-1,0,0
673.8,222.025,4.806,-4.376,390,210,0,-1,0,0
678.606,217.649,4.806,-4.376,390,205,0,-1,0,0
683.412,213.273,4.806,-4.376,390,200,0,-1,0,0
688.218,208.897,4.806,-4.376,390,195,0,-1,0,0
693.024,204.521,4.806,-4.376,390,190,0,-1,0,0
697.831,200.144,4.806,-4.376,390,185,0,-1,0,0
702.637,195.768,4.806,-4.376,390,180,0,-1,0,0
707.443,191.392,4.806,-4.376,390,175,0,-1,0,0
712.249,187.016,4.806,-4.376,390,170,0,-1,0,0
717.055,182.64,4.806,-4.376,390,165,0,-1,0,0
721.861,178.263,4.806,-4.376,390,160,0,-1,0,0
726.667,173.887,4.806,-4.376,390,155,0,-1,0,0
731.474,169.511,4.806,-4.376,390,150,0,-1,0,0
736.28,165.135,4.806,-4.376,390,145,0,-1,0,0
741.086,160.759,4.806,-4.376,390,140,0,-1,0,0
745.892,156.383,4.806,-4.376,390,135,0,-1,0,0
750.698,152.006,4.806,-4.376,390,130,0,-1,0,0
751.0,147.63,-6.109,-2.987,390,125,0,-1,0,0
744.891,144.644,-6.109,-2.987,390,120,0,-1,0,0
738.782,141.657,-6.109,-2.987,385,115,-1,-1,0,0
732.673,138.67,-6.109,-2.987,380,110,-1,-1,0,0
726.564,135.683,-6.109,-2.987,375,105,-1,-1,0,0
720.455,132.697,-6.109,-2.987,370,100,-1,-1,0,0
714.346,129.71,-6.109,-2.987,365,95,-1,-1,0,0
708.237,126.723,-6.109,-2.987,360,90,-1,-1,0,0
702.128,123.736,-6.109,-2.987,355,85,-1,-1,0,0
696.019,120.75,-6.109,-2.987,350,80,-1,-1,0,0
689.91,117.763,-6.109,-2.987,345,75,-1,-1,0,0
683.801,114.776,-6.109,-2.987,340,70,-1,-1,0,0
677.693,111.789,-6.109,-2.987,335,65,-1,-1,0,0
671.584,108.803,-6.109,-2.987,330,60,-1,-1,0,0
665.475,105.816,-6.109,-2.987,325,55,-1,-1,0,0
659.366,102.829,-6.109,-2.987,320,50,-1,-1,0,0
653.257,99.842,-6.109,-2.987,315,45,-1,-1,0,0
647.148,96.856,-6.109,-2.987,310,40,-1,-1,0,0
641.039,93.869,-6.109,-2.987,305,40,-1,0,0,0
634.93,90.882,-6.109,-2.987,300,40,-1,0,0,0
628.821,87.895,-6.109,-2.987,295,40,-1,0,0,0
622.712,84.909,-6.109,-2.987,290,40,-1,0,0,0
616.603,81.922,-6.109,-2.987,285,40,-1,0,0,0
610.494,78.935,-6.109,-2.987,280,40,-1,0,0,0
604.385,75.948,-6.109,-2.987,275,40,-1,0,0,0
598.276,72.962,-6.109,-2.987,270,40,-1,0,0,0
592.167,69.975,-6.109,-2.987,265,40,-1,0,0,0
586.058,66.988,-6.109,-2.987,260,40,-1,0,0,0
579.949,64.001,-6.109,-2.987,255,40,-1,0,0,0
573.84,61.015,-6.109,-2.987,250,40,-1,0,0,0
567.731,58.028,-6.109,-2.987,245,40,-1,0,0,0
561.622,55.041,-6.109,-2.987,240,40,-1,0,0,0
555.513,52.054,-6.109,-2.987,235,40,-1,0,0,0
549.404,49.068,-6.109,-2.987,230,40,-1,0,0,0
543.296,46.081,-6.109,-2.987,225,40,-1,0,0,0
537.187,43.094,-6.109,-2.987,220,40,-1,0,0,0
531.078,40.107,-6.109,-2.987,215,40,-1,0,0,0
524.969,37.121,-6.109,-2.987,210,40,-1,0,0,0
518.86,34.134,-6.109,-2.987,205,40,-1,0,0,0
512.751,31.147,-6.109,-2.987,200,40,-1,0,0,0
506.642,28.16,-6.109,-2.987,195,40,-1,0,0,0
500.533,25.174,-6.109,-2.987,190,40,-1,0,0,0
494.424,22.187,-6.109,-2.987,185,40,-1,0,0,0
488.315,19.2,-6.109,-2.987,180,45,-1,1,0,0
482.206,16.213,-6.109,-2.987,175,50,-1,1,0,0
476.097,13.227,-6.109,-2.987,170,55,-1,1,0,0
469.988,10.24,-6.109,-2.987,165,60,-1,1,0,0
463.879,7.253,-6.109,-2.987,160,65,-1,1,0,0
457.77,6.0,-6.109,2.987,155,70,-1,1,0,0
451.661,8.987,-6.109,2.987,150,75,-1,1,0,0
445.552,11.973,-6.109,2.987,145,80,-1,1,0,0
439.443,14.96,-6.109,2.987,140,85,-1,1,0,0
433.334,17.947,-6.109,2.987,135,90,-1,1,0,0
427.225,20.934,-6.109,2.987,130,95,-1,1,0,0
421.116,23.92,-6.109,2.987,125,100,-1,1,0,0
415.007,26.907,-6.109,2.987,120,105,-1,1,0,0
408.899,29.894,-6.109,2.987,115,110,-1,1,0,0
402.79,32.881,-6.109,2.987,110,115,-1,1,0,0
396.681,35.867,-6.109,2.987,105,120,-1,1,0,0
390.572,38.854,-6.109,2.987,100,125,-1,1,0,0
384.463,41.841,-6.109,2.987,95,130,-1,1,0,0
378.354,44.828,-6.109,2.987,90,135,-1,1,0,0
372.245,47.814,-6.109,2.987,85,140,-1,1,0,0
366.136,50.801,-6.109,2.987,80,145,-1,1,0,0
360.027,53.788,-6.109,2.987,80,150,0,1,0,0
353.918,56.775,-6.109,2.987,80,155,0,1,0,0
347.809,59.761,-6.109,2.987,80,160,0,1,0,0
341.7,62.748,-6.109,2.987,80,165,0,1,0,0
335.591,65.735,-6.109,2.987,80,170,0,1,0,0
329.482,68.722,-6.109,2.987,80,175,0,1,0,0
323.373,71.708,-6.109,2.987,80,180,0,1,0,0
317.264,74.695,-6.109,2.987,80,185,0,1,0,0
311.155,77.682,-6.109,2.987,85,190,1,1,0,0
305.046,80.669,-6.109,2.987,90,195,1,1,0,0
298.937,83.655,-6.109,2.987,95,200,1,1,0,0
292.828,86.642,-6.109,2.987,100,205,1,1,0,0
286.719,89.629,-6.109,2.987,105,210,1,1,0,0
280.61,92.616,-6.109,2.987,110,215,1,1,0,0
274.502,95.602,-6.109,2.987,110,220,0,1,0,0
268.393,98.589,-6.109,2.987,110,225,0,1,0,0
262.284,101.576,-6.109,2.987,110,230,0,1,0,0
256.175,104.563,-6.109,2.987,110,235,0,1,0,0
250.066,107.549,-6.109,2.987,110,240,0,1,0,0
243.957,110.536,-6.109,2.987,110,245,0,1,0,0
237.848,113.523,-6.109,2.987,110,250,0,1,0,0
231.739,116.51,-6.109,2.987,110,255,0,1,0,0
225.63,119.496,-6.109,2.987,110,260,0,1,0,0
219.521,122.483,-6.109,2.987,110,260,0,0,0,0
213.412,125.47,-6.109,2.987,110,260,0,0,0,0
207.303,128.457,-6.109,2.987,110,260,0,0,0,0
201.194,131.443,-6.109,2.987,110,260,0,0,0,0
195.085,134.43,-6.109,2.987,110,260,0,0,0,0
188.976,137.417,-6.109,2.987,110,260,0,0,0,0
182.867,140.404,-6.109,2.987,110,260,0,0,0,0
176.758,143.39,-6.109,2.987,110,260,0,0,0,0
170.649,146.377,-6.109,2.987,110,260,0,0,0,0
164.54,149.364,-6.109,2.987,110,260,0,0,0,0
158.431,152.351,-6.109,2.987,110,260,0,0,0,0
152.322,155.337,-6.109,2.987,110,260,0,0,0,0
146.213,158.324,-6.109,2.987,110,260,0,0,0,0
140.104,161.311,-6.109,2.987,110,260,0,0,0,0
133.996,164.298,-6.109,2.987,115,260,1,0,0,0
127.887,167.284,-6.109,2.987,120,260,1,0,0,0
121.778,170.271,-6.109,2.987,125,260,1,0,0,0
115.669,173.258,-6.109,2.987,130,260,1,0,0,0
109.56,176.245,-6.109,2.987,135,260,1,0,0,0
103.451,179.231,-6.109,2.987,140,260,1,0,0,0
97.342,182.218,-6.109,2.987,145,265,1,1,0,0
91.233,185.205,-6.109,2.987,150,270,1,1,0,0
85.124,188.192,-6.109,2.987,155,275,1,1,0,0
79.015,191.178,-6.109,2.987,160,280,1,1,0,0
72.906,194.165,-6.109,2.987,165,285,1,1,0,0
66.797,197.152,-6.109,2.987,170,290,1,1,0,0
60.688,200.139,-6.109,2.987,175,295,1,1,0,0
54.579,203.125,-6.109,2.987,180,300,1,1,0,0
48.47,206.112,-6.109,2.987,185,305,1,1,0,0
49.0,209.099,6.063,-3.694,190,310,1,1,0,0
55.063,205.405,6.063,-3.694,195,315,1,1,0,0
61.127,201.711,6.063,-3.694,200,320,1,1,0,0
67.19,198.017,6.063,-3.694,205,320,1,0,0,0
73.253,194.323,6.063,-3.694,210,320,1,0,0,0
79.317,190.629,6.063,-3.694,215,320,1,0,0,0
85.38,186.935,6.063,-3.694,220,320,1,0,0,0
91.443,183.241,6.063,-3.694,225,320,1,0,0,0
97.507,179.546,6.063,-3.694,225,320,0,0,0,0
103.57,175.852,6.063,-3.694,225,320,0,0,0,0
109.633,172.158,6.063,-3.694,225,320,0,0,0,0
115.697,168.464,6.063,-3.694,225,320,0,0,0,0
121.76,164.77,6.063,-3.694,225,320,0,0,0,0
127.823,161.076,6.063,-3.694,225,320,0,0,0,0
133.887,157.382,6.063,-3.694,225,320,0,0,0,0
139.95,153.688,6.063,-3.694,225,320,0,0,0,0
146.013,149.994,6.063,-3.694,225,320,0,0,0,0
152.077,146.3,6.063,-3.694,225,320,0,0,0,0
158.14,142.606,6.063,-3.694,225,320,0,0,0,0
164.203,138.912,6.063,-3.694,225,320,0,0,0,0
170.267,135.218,6.063,-3.694,225,320,0,0,0,0
176.33,131.524,6.063,-3.694,225,320,0,0,0,0
182.393,127.83,6.063,-3.694,225,320,0,0,0,0
188.457,124.136,6.063,-3.694,225,320,0,0,0,0
194.52,120.442,6.063,-3.694,225,320,0,0,0,0
200.583,116.748,6.063,-3.694,225,320,0,0,0,0
206.647,113.054,6.063,-3.694,220,320,-1,0,0,0
212.71,109.36,6.063,-3.694,215,320,-1,0,0,0
218.773,105.665,6.063,-3.694,210,315,-1,-1,0,0
224.837,101.971,6.063,-3.694,205,310,-1,-1,0,0
230.9,98.277,6.063,-3.694,200,305,-1,-1,0,0
236.963,94.583,6.063,-3.694,195,300,-1,-1,0,0
243.027,90.889,6.063,-3.694,190,295,-1,-1,0,0
249.09,87.195,6.063,-3.694,185,290,-1,-1,0,0
255.153,83.501,6.063,-3.694,180,285,-1,-1,0,0
261.217,79.807,6.063,-3.694,175,280,-1,-1,0,0
267.28,76.113,6.063,-3.694,170,275,-1,-1,0,0
273.343,72.419,6.063,-3.694,165,270,-1,-1,0,0
279.407,68.725,6.063,-3.694,160,265,-1,-1,0,0
285.47,65.031,6.063,-3.694,155,260,-1,-1,0,0
291.533,61.337,6.063,-3.694,150,255,-1,-1,0,0
297.597,57.643,6.063,-3.694,145,250,-1,-1,0,0
303.66,53.949,6.063,-3.694,140,245,-1,-1,0,0
309.723,50.255,6.063,-3.694,135,240,-1,-1,0,0
315.787,46.561,6.063,-3.694,130,235,-1,-1,0,0
321.85,42.867,6.063,-3.694,125,230,-1,-1,0,0
327.913,39.173,6.063,-3.694,120,225,-1,-1,0,0
333.977,35.478,6.063,-3.694,115,220,-1,-1,0,0
340.04,31.784,6.063,-3.694,110,215,-1,-1,0,0
346.103,28.09,6.063,-3.694,105,210,-1,-1,0,0
352.167,24.396,6.063,-3.694,100,205,-1,-1,0,0
358.23,20.702,6.063,-3.694,95,200,-1,-1,0,0
364.293,17.008,6.063,-3.694,90,195,-1,-1,0,0
370.357,13.314,6.063,-3.694,90,190,0,-1,0,0
376.42,9.62,6.063,-3.694,90,185,0,-1,0,0
382.483,6.0,6.063,3.694,90,180,0,-1,0,0
388.547,9.694,6.063,3.694,90,175,0,-1,0,0
394.61,13.388,6.063,3.694,90,170,0,-1,0,0
400.673,17.082,6.063,3.694,90,165,0,-1,0,0
406.737,20.776,6.063,3.694,90,160,0,-1,0,0
412.8,24.47,6.063,3.694,90,155,0,-1,0,0
418.863,28.164,6.063,3.694,90,150,0,-1,0,0
424.927,31.858,6.063,3.694,90,145,0,-1,0,0
430.99,35.552,6.063,3.694,90,140,0,-1,0,0
437.053,39.246,6.063,3.694,90,135,0,-1,0,0
443.117,42.941,6.063,3.694,90,135,0,0,0,0
449.18,46.635,6.063,3.694,90,135,0,0,0,0
455.243,50.329,6.063,3.694,90,135,0,0,0,0
461.307,54.023,6.063,3.694,90,135,0,0,0,0
467.37,57.717,6.063,3.694,90,135,0,0,0,0
473.433,61.411,6.063,3.694,90,135,0,0,0,0
479.496,65.105,6.063,3.694,90,135,0,0,0,0
485.56,68.799,6.063,3.694,90,135,0,0,0,0
491.623,72.493,6.063,3.694,90,135,0,0,0,0
497.686,76.187,6.063,3.694,90,135,0,0,0,0
503.75,79.881,6.063,3.694,90,135,0,0,0,0
509.813,83.575,6.063,3.694,90,135,0,0,0,0
515.876,87.269,6.063,3.694,90,135,0,0,0,0
521.94,90.963,6.063,3.694,95,135,1,0,0,0
528.003,94.657,6.063,3.694,100,135,1,0,0,0
534.066,98.351,6.063,3.694,105,135,1,0,0,0
540.13,102.045,6.063,3.694,110,135,1,0,0,0
546.193,105.739,6.063,3.694,115,135,1,0,0,0
552.256,109.433,6.063,3.694,120,135,1,0,0,0
558.32,113.127,6.063,3.694,125,135,1,0,0,0
564.383,116.822,6.063,3.694,130,140,1,1,0,0
570.446,120.516,6.063,3.694,135,145,1,1,0,0
576.51,124.21,6.063,3.694,135,150,0,1,0,0
582.573,127.904,6.063,3.694,135,155,0,1,0,0
588.636,131.598,6.063,3.694,135,160,0,1,0,0
594.7,135.292,6.063,3.694,135,165,0,1,0,0
600.763,138.986,6.063,3.694,135,170,0,1,0,0
606.826,142.68,6.063,3.694,135,175,0,1,0,0
612.89,146.374,6.063,3.694,135,180,0,1,0,0
618.953,150.068,6.063,3.694,135,185,0,1,0,0
625.016,153.762,6.063,3.694,135,185,0,0,0,0
631.08,157.456,6.063,3.694,135,185,0,0,0,0
637.143,161.15,6.063,3.694,135,185,0,0,0,0
643.206,164.844,6.063,3.694,135,185,0,0,0,0
649.27,168.538,6.063,3.694,135,185,0,0,0,0
655.333,172.232,6.063,3.694,135,185,0,0,0,0
661.396,175.926,6.063,3.694,135,185,0,0,0,0
667.46,179.62,6.063,3.694,135,185,0,0,0,0
673.523,183.314,6.063,3.694,135,185,0,0,0,0
679.586,187.009,6.063,3.694,135,185,0,0,0,0
685.65,190.703,6.063,3.694,135,185,0,0,0,0
691.713,194.397,6.063,3.694,135,185,0,0,0,0
697.776,198.091,6.063,3.694,135,185,0,0,0,0
703.84,201.785,6.063,3.694,135,185,0,0,0,0
709.903,205.479,6.063,3.694,135,185,0,0,0,0
715.966,209.173,6.063,3.694,135,185,0,0,0,0
722.03,212.867,6.063,3.694,135,185,0,0,0,0
728.093,216.561,6.063,3.694,135,185,0,0,0,0
734.156,220.255,6.063,3.694,135,185,0,0,0,0
740.22,223.949,6.063,3.694,135,185,0,0,0,0
746.283,227.643,6.063,3.694,135,185,0,0,0,0
752.346,231.337,6.063,3.694,140,185,1,0,0,0
751.0,235.031,-7.146,1.921,145,185,1,0,0,0
743.854,236.952,-7.146,1.921,150,185,1,0,0,0
736.707,238.873,-7.146,1.921,155,185,1,0,0,0
729.561,240.795,-7.146,1.921,160,185,1,0,0,0
722.415,242.716,-7.146,1.921,165,185,1,0,0,0
715.269,244.637,-7.146,1.921,170,185,1,0,0,0
708.122,246.558,-7.146,1.921,175,185,1,0,0,0
700.976,248.479,-7.146,1.921,180,185,1,0,0,0
693.83,250.4,-7.146,1.921,185,185,1,0,0,0
686.683,252.321,-7.146,1.921,190,185,1,0,0,0
679.537,254.242,-7.146,1.921,195,185,1,0,0,0
672.391,256.163,-7.146,1.921,200,185,1,0,0,0
665.245,258.084,-7.146,1.921,205,185,1,0,0,0
658.098,260.006,-7.146,1.921,210,185,1,0,0,0
650.952,261.927,-7.146,1.921,215,185,1,0,0,0
643.806,263.848,-7.146,1.921,220,185,1,0,0,0
636.659,265.769,-7.146,1.921,225,185,1,0,0,0
629.513,267.69,-7.146,1.921,230,185,1,0,0,0
622.367,269.611,-7.146,1.921,235,185,1,0,0,0
615.221,271.532,-7.146,1.921,240,185,1,0,0,0
608.074,273.453,-7.146,1.921,245,185,1,0,0,0
600.928,275.374,-7.146,1.921,250,185,1,0,0,0
593.782,277.295,-7.146,1.921,255,185,1,0,0,0
586.635,279.217,-7.146,1.921,260,185,1,0,0,0
579.489,281.138,-7.146,1.921,265,185,1,0,0,0
572.343,283.059,-7.146,1.921,270,185,1,0,0,0
565.197,284.98,-7.146,1.921,275,185,1,0,0,0
558.05,286.901,-7.146,1.921,280,185,1,0,0,0
550.904,288.822,-7.146,1.921,285,185,1,0,0,0
543.758,290.743,-7.146,1.921,290,185,1,0,0,0
536.611,292.664,-7.146,1.921,295,185,1,0,0,0
529.465,294.585,-7.146,1.921,300,185,1,0,0,0
522.319,296.506,-7.146,1.921,305,185,1,0,0,0
515.173,298.427,-7.146,1.921,310,185,1,0,0,0
508.026,300.349,-7.146,1.921,315,185,1,0,0,0
500.88,302.27,-7.146,1.921,320,185,1,0,0,0
493.734,304.191,-7.146,1.921,325,185,1,0,0,0
486.587,306.112,-7.146,1.921,330,185,1,0,0,0
479.441,308.033,-7.146,1.921,335,185,1,0,0,0
472.295,309.954,-7.146,1.921,340,185,1,0,0,0
465.149,311.875,-7.146,1.921,345,185,1,0,0,0
458.002,313.796,-7.146,1.921,350,185,1,0,0,0
450.856,315.717,-7.146,1.921,355,185,1,0,0,0
443.71,317.638,-7.146,1.921,360,185,1,0,0,0
436.564,319.56,-7.146,1.921,365,185,1,0,0,0
429.417,321.481,-7.146,1.921,370,185,1,0,0,0
422.271,323.402,-7.146,1.921,375,185,1,0,0,0
415.125,325.323,-7.146,1.921,380,185,1,0,0,0
407.978,327.244,-7.146,1.921,385,185,1,0,0,0
400.832,329.165,-7.146,1.921,390,185,1,0,0,0
393.686,331.086,-7.146,1.921,390,185,0,0,0,0
386.54,333.007,-7.146,1.921,390,185,0,0,0,0
379.393,334.928,-7.146,1.921,390,185,0,0,0,0
372.247,336.849,-7.146,1.921,390,185,0,0,0,0
365.101,338.771,-7.146,1.921,390,185,0,0,0,0
357.954,340.692,-7.146,1.921,390,185,0,0,0,0
350.808,342.613,-7.146,1.921,390,185,0,0,0,0
343.662,344.534,-7.146,1.921,390,185,0,0,0,0
336.516,346.455,-7.146,1.921,390,185,0,0,0,0
329.369,348.376,-7.146,1.921,390,185,0,0,0,0
322.223,350.297,-7.146,1.921,390,185,0,0,0,0
315.077,352.218,-7.146,1.921,390,185,0,0,0,0
307.93,354.139,-7.146,1.921,390,185,0,0,0,0
300.784,356.06,-7.146,1.921,390,185,0,0,0,0
293.638,357.982,-7.146,1.921,390,185,0,0,0,0
286.492,359.903,-7.146,1.921,390,185,0,0,0,0
279.345,361.824,-7.146,1.921,390,185,0,0,0,0
272.199,363.745,-7.146,1.921,390,185,0,0,0,0
265.053,365.666,-7.146,1.921,390,185,0,0,0,0
257.906,367.587,-7.146,1.921,390,185,0,0,0,0
250.76,369.508,-7.146,1.921,390,185,0,0,0,0
243.614,371.429,-7.146,1.921,390,185,0,0,0,0
236.468,373.35,-7.146,1.921,390,185,0,0,0,0
229.321,375.271,-7.146,1.921,390,185,0,0,0,0
222.175,377.193,-7.146,1.921,390,185,0,0,0,0
215.029,379.114,-7.146,1.921,390,185,0,0,0,0
207.882,381.035,-7.146,1.921,390,185,0,0,0,0
200.736,382.956,-7.146,1.921,390,185,0,0,0,0
193.59,384.877,-7.146,1.921,390,185,0,0,0,0
186.444,386.798,-7.146,1.921,390,185,0,0,0,0
179.297,388.719,-7.146,1.921,390,185,0,0,0,0
172.151,390.64,-7.146,1.921,390,185,0,0,0,0
165.005,392.561,-7.146,1.921,390,185,0,0,0,0
157.858,394.482,-7.146,1.921,390,185,0,0,0,0
150.712,396.404,-7.146,1.921,390,185,0,0,0,0
143.566,398.325,-7.146,1.921,390,185,0,0,0,0
136.42,400.246,-7.146,1.921,390,185,0,0,0,0
129.273,402.167,-7.146,1.921,390,185,0,0,0,0
122.127,404.088,-7.146,1.921,390,185,0,0,0,0
114.981,406.009,-7.146,1.921,390,185,0,0,0,0
107.834,407.93,-7.146,1.921,390,185,0,0,0,0
100.688,409.851,-7.146,1.921,390,185,0,0,0,0
93.542,411.772,-7.146,1.921,390,185,0,0,0,0
86.396,413.693,-7.146,1.921,390,185,0,0,0,0
79.249,415.615,-7.146,1.921,390,185,0,0,0,0
72.103,417.536,-7.146,1.921,390,185,0,0,0,0
64.957,419.457,-7.146,1.921,390,185,0,0,0,0
57.81,421.378,-7.146,1.921,390,185,0,0,0,0
50.664,423.299,-7.146,1.921,395,185,1,0,0,0
49.0,425.22,7.131,-2.906,400,185,1,0,0,0
56.131,422.314,7.131,-2.906,405,185,1,0,0,0
63.261,419.409,7.131,-2.906,410,185,1,0,0,0
70.392,416.503,7.131,-2.906,415,185,1,0,0,0
77.523,413.598,7.131,-2.906,415,185,0,0,0,0
84.654,410.692,7.131,-2.906,415,185,0,0,0,0
91.784,407.786,7.131,-2.906,415,185,0,0,0,0
98.915,404.881,7.131,-2.906,415,185,0,0,0,0
106.046,401.975,7.131,-2.906,415,185,0,0,0,0
113.177,399.069,7.131,-2.906,415,185,0,0,0,0
120.307,396.164,7.131,-2.906,415,185,0,0,0,0
127.438,393.258,7.131,-2.906,415,185,0,0,0,0
134.569,390.353,7.131,-2.906,415,185,0,0,0,0
141.7,387.447,7.131,-2.906,415,185,0,0,0,0
148.83,384.541,7.131,-2.906,415,185,0,0,0,0
155.961,381.636,7.131,-2.906,415,185,0,0,0,0
163.092,378.73,7.131,-2.906,415,185,0,0,0,0
170.222,375.824,7.131,-2.906,415,190,0,1,0,0
177.353,372.919,7.131,-2.906,415,195,0,1,0,0
184.484,370.013,7.131,-2.906,415,200,0,1,0,0
191.615,367.108,7.131,-2.906,415,205,0,1,0,0
198.745,364.202,7.131,-2.906,415,210,0,1,0,0
205.876,361.296,7.131,-2.906,415,215,0,1,0,0
213.007,358.391,7.131,-2.906,415,220,0,1,0,0
220.138,355.485,7.131,-2.906,415,225,0,1,0,0
227.268,352.579,7.131,-2.906,415,230,0,1,0,0
234.399,349.674,7.131,-2.906,415,235,0,1,0,0
241.53,346.768,7.131,-2.906,415,235,0,0,0,0
248.661,343.863,7.131,-2.906,415,235,0,0,0,0
255.791,340.957,7.131,-2.906,415,235,0,0,0,0
262.922,338.051,7.131,-2.906,415,235,0,0,0,0
270.053,335.146,7.131,-2.906,415,235,0,0,0,0
277.183,332.24,7.131,-2.906,410,235,-1,0,0,0
284.314,329.334,7.131,-2.906,405,235,-1,0,0,0
291.445,326.429,7.131,-2.906,400,235,-1,0,0,0
298.576,323.523,7.131,-2.906,395,235,-1,0,0,0
305.706,320.618,7.131,-2.906,390,235,-1,0,0,0
312.837,317.712,7.131,-2.906,385,235,-1,0,0,0
319.968,314.806,7.131,-2.906,380,235,-1,0,0,0
327.099,311.901,7.131,-2.906,375,235,-1,0,0,0
334.229,308.995,7.131,-2.906,370,235,-1,0,0,0
341.36,306.089,7.131,-2.906,365,235,-1,0,0,0
348.491,303.184,7.131,-2.906,360,235,-1,0,0,0
355.621,300.278,7.131,-2.906,355,235,-1,0,0,0
362.752,297.373,7.131,-2.906,350,230,-1,-1,0,0
369.883,294.467,7.131,-2.906,345,225,-1,-1,0,0
377.014,291.561,7.131,-2.906,340,220,-1,-1,0,0
384.144,288.656,7.131,-2.906,335,215,-1,-1,0,0
391.275,285.75,7.131,-2.906,330,210,-1,-1,0,0
398.406,282.844,7.131,-2.906,325,205,-1,-1,0,0
405.537,279.939,7.131,-2.906,320,205,-1,0,0,0
412.667,277.033,7.131,-2.906,315,205,-1,0,0,0
419.798,274.128,7.131,-2.906,310,205,-1,0,0,0
426.929,271.222,7.131,-2.906,305,205,-1,0,0,0
434.06,268.316,7.131,-2.906,300,205,-1,0,0,0
441.19,265.411,7.131,-2.906,295,205,-1,0,0,0
448.321,262.505,7.131,-2.906,290,205,-1,0,0,0
455.452,259.599,7.131,-2.906,285,205,-1,0,0,0
462.582,256.694,7.131,-2.906,280,205,-1,0,0,0
469.713,253.788,7.131,-2.906,275,205,-1,0,0,0
476.844,250.883,7.131,-2.906,270,205,-1,0,0,0
483.975,247.977,7.131,-2.906,265,205,-1,0,0,0
491.105,245.071,7.131,-2.906,260,205,-1,0,0,0
498.236,242.166,7.131,-2.906,255,205,-1,0,0,0
505.367,239.26,7.131,-2.906,250,205,-1,0,0,0
512.498,236.354,7.131,-2.906,245,205,-1,0,0,0
519.628,233.449,7.131,-2.906,240,205,-1,0,0,0
526.759,230.543,7.131,-2.906,235,205,-1,0,0,0
533.89,227.638,7.131,-2.906,230,205,-1,0,0,0
541.021,224.732,7.131,-2.906,225,205,-1,0,0,0
548.151,221.826,7.131,-2.906,220,205,-1,0,0,0
555.282,218.921,7.131,-2.906,215,205,-1,0,0,0
562.413,216.015,7.131,-2.906,210,205,-1,0,0,0
569.543,213.109,7.131,-2.906,205,205,-1,0,0,0
576.674,210.204,7.131,-2.906,200,205,-1,0,0,0
583.805,207.298,7.131,-2.906,195,205,-1,0,0,0
590.936,204.393,7.131,-2.906,190,205,-1,0,0,0
598.066,201.487,7.131,-2.906,185,205,-1,0,0,0
605.197,198.581,7.131,-2.906,180,205,-1,0,0,0
612.328,195.676,7.131,-2.906,175,200,-1,-1,0,0
619.459,192.77,7.131,-2.906,170,195,-1,-1,0,0
626.589,189.864,7.131,-2.906,165,190,-1,-1,0,0
633.72,186.959,7.131,-2.906,160,185,-1,-1,0,0
640.851,184.053,7.131,-2.906,155,180,-1,-1,0,0
647.982,181.148,7.131,-2.906,150,175,-1,-1,0,0
655.112,178.242,7.131,-2.906,145,170,-1,-1,0,0
662.243,175.336,7.131,-2.906,140,165,-1,-1,0,0
669.374,172.431,7.131,-2.906,135,160,-1,-1,0,0
676.504,169.525,7.131,-2.906,130,155,-1,-1,0,0
683.635,166.619,7.131,-2.906,125,150,-1,-1,0,0
690.766,163.714,7.131,-2.906,120,145,-1,-1,0,0
697.897,160.808,7.131,-2.906,115,140,-1,-1,0,0
705.027,157.903,7.131,-2.906,110,135,-1,-1,0,0
712.158,154.997,7.131,-2.906,105,130,-1,-1,0,0
719.289,152.091,7.131,-2.906,100,125,-1,-1,0,0
726.42,149.186,7.131,-2.906,95,120,-1,-1,0,0
733.55,146.28,7.131,-2.906,90,115,-1,-1,0,0
740.681,143.374,7.131,-2.906,85,110,-1,-1,0,0
747.812,140.469,7.131,-2.906,80,105,-1,-1,0,0
751.0,137.563,-7.984,-0.51,75,100,-1,-1,0,0
743.016,137.053,-7.984,-0.51,70,95,-1,-1,0,0
735.033,136.543,-7.984,-0.51,65,90,-1,-1,0,0
727.049,136.033,-7.984,-0.51,60,85,-1,-1,0,0
719.065,135.523,-7.984,-0.51,55,80,-1,-1,0,0
711.081,135.013,-7.984,-0.51,50,75,-1,-1,0,0
703.098,134.503,-7.984,-0.51,45,70,-1,-1,0,0
695.114,133.993,-7.984,-0.51,40,65,-1,-1,0,0
687.13,133.483,-7.984,-0.51,35,60,-1,-1,0,0
679.146,132.973,-7.984,-0.51,30,55,-1,-1,0,0
671.163,132.463,-7.984,-0.51,25,50,-1,-1,0,0
663.179,131.953,-7.984,-0.51,20,50,-1,0,0,0
655.195,131.443,-7.984,-0.51,15,50,-1,0,0,0
647.212,130.933,-7.984,-0.51,15,50,0,0,0,0
639.228,130.423,-7.984,-0.51,15,50,0,0,0,0
631.244,129.913,-7.984,-0.51,15,50,0,0,0,0
623.26,129.403,-7.984,-0.51,15,50,0,0,0,0
615.277,128.893,-7.984,-0.51,15,50,0,0,0,0
607.293,128.383,-7.984,-0.51,15,50,0,0,0,0
599.309,127.873,-7.984,-0.51,15,50,0,0,0,0
591.325,127.363,-7.984,-0.51,15,50,0,0,0,0
583.342,126.853,-7.984,-0.51,15,50,0,0,0,0
575.358,126.343,-7.984,-0.51,15,50,0,0,0,0
567.374,125.833,-7.984,-0.51,15,50,0,0,0,0
559.391,125.323,-7.984,-0.51,15,50,0,0,0,0
551.407,124.813,-7.984,-0.51,15,50,0,0,0,0
543.423,124.303,-7.984,-0.51,15,50,0,0,0,0
535.439,123.793,-7.984,-0.51,15,50,0,0,0,0
527.456,123.283,-7.984,-0.51,15,50,0,0,0,0
519.472,122.772,-7.984,-0.51,15,50,0,0,0,0
511.488,122.262,-7.984,-0.51,15,50,0,0,0,0
503.505,121.752,-7.984,-0.51,15,50,0,0,0,0
495.521,121.242,-7.984,-0.51,15,50,0,0,0,0
487.537,120.732,-7.984,-0.51,15,50,0,0,0,0
479.553,120.222,-7.984,-0.51,15,50,0,0,0,0
471.57,119.712,-7.984,-0.51,15,50,0,0,0,0
463.586,119.202,-7.984,-0.51,15,50,0,0,0,0
455.602,118.692,-7.984,-0.51,15,50,0,0,0,0
447.618,118.182,-7.984,-0.51,20,50,1,0,0,0
439.635,117.672,-7.984,-0.51,25,50,1,0,0,0
431.651,117.162,-7.984,-0.51,30,50,1,0,0,0
423.667,116.652,-7.984,-0.51,35,50,1,0,0,0
415.684,116.142,-7.984,-0.51,40,50,1,0,0,0
407.7,115.632,-7.984,-0.51,45,50,1,0,0,0
399.716,115.122,-7.984,-0.51,50,50,1,0,0,0
391.732,114.612,-7.984,-0.51,50,50,0,0,0,0
383.749,114.102,-7.984,-0.51,50,50,0,0,0,0
375.765,113.592,-7.984,-0.51,50,50,0,0,0,0
367.781,113.082,-7.984,-0.51,50,50,0,0,0,0
359.797,112.572,-7.984,-0.51,50,50,0,0,0,0
351.814,112.062,-7.984,-0.51,50,50,0,0,0,0
343.83,111.552,-7.984,-0.51,50,50,0,0,0,0
335.846,111.042,-7.984,-0.51,50,50,0,0,0,0
327.863,110.532,-7.984,-0.51,50,50,0,0,0,0
319.879,110.022,-7.984,-0.51,50,50,0,0,0,0
311.895,109.512,-7.984,-0.51,50,50,0,0,0,0
303.911,109.002,-7.984,-0.51,50,50,0,0,0,0
295.928,108.492,-7.984,-0.51,50,50,0,0,0,0
287.944,107.982,-7.984,-0.51,50,50,0,0,0,0
279.96,107.472,-7.984,-0.51,50,50,0,0,0,0
271.976,106.962,-7.984,-0.51,50,50,0,0,0,0
263.993,106.452,-7.984,-0.51,50,50,0,0,0,0
256.009,105.942,-7.984,-0.51,50,55,0,1,0,0
248.025,105.432,-7.984,-0.51,50,60,0,1,0,0
240.042,104.922,-7.984,-0.51,50,65,0,1,0,0
232.058,104.412,-7.984,-0.51,50,70,0,1,0,0
224.074,103.902,-7.984,-0.51,50,75,0,1,0,0
216.09,103.392,-7.984,-0.51,50,80,0,1,0,0
208.107,102.882,-7.984,-0.51,50,85,0,1,0,0
200.123,102.372,-7.984,-0.51,50,85,0,0,0,0
192.139,101.862,-7.984,-0.51,50,85,0,0,0,0
184.155,101.352,-7.984,-0.51,50,85,0,0,0,0
176.172,100.841,-7.984,-0.51,50,85,0,0,0,0
168.188,100.331,-7.984,-0.51,50,85,0,0,0,0
160.204,99.821,-7.984,-0.51,50,85,0,0,0,0
152.221,99.311,-7.984,-0.51,50,85,0,0,0,0
144.237,98.801,-7.984,-0.51,50,85,0,0,0,0
136.253,98.291,-7.984,-0.51,50,85,0,0,0,0
128.269,97.781,-7.984,-0.51,50,85,0,0,0,0
120.286,97.271,-7.984,-0.51,50,85,0,0,0,0
112.302,96.761,-7.984,-0.51,50,85,0,0,0,0
104.318,96.251,-7.984,-0.51,50,85,0,0,0,0
96.334,95.741,-7.984,-0.51,50,85,0,0,0,0
88.351,95.231,-7.984,-0.51,50,85,0,0,0,0
80.367,94.721,-7.984,-0.51,50,85,0,0,0,0
72.383,94.211,-7.984,-0.51,50,85,0,0,0,0
64.4,93.701,-7.984,-0.51,50,85,0,0,0,0
56.416,93.191,-7.984,-0.51,50,85,0,0,0,0
48.432,92.681,-7.984,-0.51,50,85,0,0,0,0
49.0,92.171,8.287,0.472,50,85,0,0,0,0
57.287,92.643,8.287,0.472,50,85,0,0,0,0
65.573,93.114,8.287,0.472,50,85,0,0,0,0
73.86,93.586,8.287,0.472,50,85,0,0,0,0
82.146,94.057,8.287,0.472,50,85,0,0,0,0
90.433,94.529,8.287,0.472,50,85,0,0,0,0
98.72,95.0,8.287,0.472,50,85,0,0,0,0
107.006,95.472,8.287,0.472,50,85,0,0,0,0
115.293,95.943,8.287,0.472,50,85,0,0,0,0
123.579,96.415,8.287,0.472,50,85,0,0,0,0
131.866,96.886,8.287,0.472,50,85,0,0,0,0
140.153,97.358,8.287,0.472,50,85,0,0,0,0
148.439,97.829,8.287,0.472,50,85,0,0,0,0
156.726,98.301,8.287,0.472,50,85,0,0,0,0
165.012,98.772,8.287,0.472,50,85,0,0,0,0
173.299,99.244,8.287,0.472,50,85,0,0,0,0
181.586,99.715,8.287,0.472,50,85,0,0,0,0
189.872,100.187,8.287,0.472,50,85,0,0,0,0
198.159,100.658,8.287,0.472,50,85,0,0,0,0
206.445,101.13,8.287,0.472,50,85,0,0,0,0
214.732,101.601,8.287,0.472,50,85,0,0,0,0
223.019,102.073,8.287,0.472,50,80,0,-1,0,0
231.305,102.544,8.287,0.472,50,75,0,-1,0,0
239.592,103.016,8.287,0.472,50,70,0,-1,0,0
247.878,103.487,8.287,0.472,50,65,0,-1,0,0
256.165,103.959,8.287,0.472,50,65,0,0,0,0
264.452,104.43,8.287,0.472,50,65,0,0,0,0
272.738,104.902,8.287,0.472,50,65,0,0,0,0
281.025,105.373,8.287,0.472,50,65,0,0,0,0
289.311,105.845,8.287,0.472,50,65,0,0,0,0
297.598,106.316,8.287,0.472,50,65,0,0,0,0
305.884,106.788,8.287,0.472,50,65,0,0,0,0
314.171,107.259,8.287,0.472,50,65,0,0,0,0
322.458,107.731,8.287,0.472,50,65,0,0,0,0
330.744,108.202,8.287,0.472,50,65,0,0,0,0
339.031,108.674,8.287,0.472,50,65,0,0,0,0
347.317,109.145,8.287,0.472,50,65,0,0,0,0
355.604,109.617,8.287,0.472,50,65,0,0,0,0
363.891,110.088,8.287,0.472,50,65,0,0,0,0
372.177,110.56,8.287,0.472,50,65,0,0,0,0
380.464,111.032,8.287,0.472,50,65,0,0,0,0
388.75,111.503,8.287,0.472,50,65,0,0,0,0
397.037,111.975,8.287,0.472,50,65,0,0,0,0
405.324,112.446,8.287,0.472,50,65,0,0,0,0
413.61,112.918,8.287,0.472,50,65,0,0,0,0
421.897,113.389,8.287,0.472,50,65,0,0,0,0
430.183,113.861,8.287,0.472,50,65,0,0,0,0
438.47,114.332,8.287,0.472,50,65,0,0,0,0
446.757,114.804,8.287,0.472,50,65,0,0,0,0
455.043,115.275,8.287,0.472,50,65,0,0,0,0
463.33,115.747,8.287,0.472,50,65,0,0,0,0
471.616,116.218,8.287,0.472,50,65,0,0,0,0
479.903,116.69,8.287,0.472,50,65,0,0,0,0
488.19,117.161,8.287,0.472,50,65,0,0,0,0
496.476,117.633,8.287,0.472,50,65,0,0,0,0
504.763,118.104,8.287,0.472,50,65,0,0,0,0
513.049,118.576,8.287,0.472,50,65,0,0,0,0
521.336,119.047,8.287,0.472,50,65,0,0,0,0
529.623,119.519,8.287,0.472,50,65,0,0,0,0
537.909,119.99,8.287,0.472,50,70,0,1,0,0
546.196,120.462,8.287,0.472,50,75,0,1,0,0
554.482,120.933,8.287,0.472,50,80,0,1,0,0
562.769,121.405,8.287,0.472,50,85,0,1,0,0
571.056,121.876,8.287,0.472,50,85,0,0,0,0
579.342,122.348,8.287,0.472,50,85,0,0,0,0
587.629,122.819,8.287,0.472,50,85,0,0,0,0
595.915,123.291,8.287,0.472,50,85,0,0,0,0
604.202,123.762,8.287,0.472,50,85,0,0,0,0
612.489,124.234,8.287,0.472,50,85,0,0,0,0
620.775,124.705,8.287,0.472,50,85,0,0,0,0
629.062,125.177,8.287,0.472,50,85,0,0,0,0
637.348,125.648,8.287,0.472,50,85,0,0,0,0
645.635,126.12,8.287,0.472,50,85,0,0,0,0
653.922,126.591,8.287,0.472,50,85,0,0,0,0
662.208,127.063,8.287,0.472,50,85,0,0,0,0
670.495,127.534,8.287,0.472,50,85,0,0,0,0
678.781,128.006,8.287,0.472,50,85,0,0,0,0
687.068,128.477,8.287,0.472,50,85,0,0,0,0
695.355,128.949,8.287,0.472,50,85,0,0,0,0
703.641,129.42,8.287,0.472,50,85,0,0,0,0
711.928,129.892,8.287,0.472,50,85,0,0,0,0
720.214,130.363,8.287,0.472,50,85,0,0,0,0
728.501,130.835,8.287,0.472,50,85,0,0,0,0
736.787,131.306,8.287,0.472,50,85,0,0,0,0
745.074,131.778,8.287,0.472,50,85,0,0,0,0
751.0,132.249,-8.446,1.622,50,85,0,0,0,0
742.554,133.872,-8.446,1.622,50,85,0,0,0,0
734.109,135.494,-8.446,1.622,50,85,0,0,0,0
725.663,137.117,-8.446,1.622,50,85,0,0,0,0
717.218,138.739,-8.446,1.622,50,85,0,0,0,0
708.772,140.362,-8.446,1.622,50,85,0,0,0,0
700.327,141.984,-8.446,1.622,50,85,0,0,0,0
691.881,143.606,-8.446,1.622,50,85,0,0,0,0
683.435,145.229,-8.446,1.622,50,85,0,0,0,0
674.99,146.851,-8.446,1.622,50,85,0,0,0,0
666.544,148.474,-8.446,1.622,50,85,0,0,0,0
658.099,150.096,-8.446,1.622,50,85,0,0,0,0
649.653,151.719,-8.446,1.622,50,85,0,0,0,0
641.208,153.341,-8.446,1.622,50,85,0,0,0,0
632.762,154.963,-8.446,1.622,50,85,0,0,0,0
624.316,156.586,-8.446,1.622,50,85,0,0,0,0
615.871,158.208,-8.446,1.622,50,85,0,0,0,0
607.425,159.831,-8.446,1.622,50,85,0,0,0,0
598.98,161.453,-8.446,1.622,50,85,0,0,0,0
590.534,163.075,-8.446,1.622,50,85,0,0,0,0
582.088,164.698,-8.446,1.622,50,85,0,0,0,0
573.643,166.32,-8.446,1.622,50,85,0,0,0,0
565.197,167.943,-8.446,1.622,50,85,0,0,0,0
556.752,169.565,-8.446,1.622,55,85,1,0,0,0
548.306,171.188,-8.446,1.622,60,85,1,0,0,0
539.861,172.81,-8.446,1.622,65,85,1,0,0,0
531.415,174.432,-8.446,1.622,70,85,1,0,0,0
522.969,176.055,-8.446,1.622,75,85,1,0,0,0
514.524,177.677,-8.446,1.622,80,85,1,0,0,0
506.078,179.3,-8.446,1.622,85,85,1,0,0,0
497.633,180.922,-8.446,1.622,90,85,1,0,0,0
489.187,182.545,-8.446,1.622,95,85,1,0,0,0
480.742,184.167,-8.446,1.622,100,85,1,0,0,0
472.296,185.789,-8.446,1.622,105,85,1,0,0,0
463.85,187.412,-8.446,1.622,110,90,1,1,0,0
455.405,189.034,-8.446,1.622,115,95,1,1,0,0
446.959,190.657,-8.446,1.622,120,100,1,1,0,0
438.514,192.279,-8.446,1.622,125,105,1,1,0,0
430.068,193.901,-8.446,1.622,130,110,1,1,0,0
421.623,195.524,-8.446,1.622,135,115,1,1,0,0
413.177,197.146,-8.446,1.622,140,120,1,1,0,0
404.731,198.769,-8.446,1.622,145,120,1,0,0,0
396.286,200.391,-8.446,1.622,150,120,1,0,0,0
387.84,202.014,-8.446,1.622,155,120,1,0,0,0
379.395,203.636,-8.446,1.622,160,120,1,0,0,0
370.949,205.258,-8.446,1.622,165,120,1,0,0,0
362.504,206.881,-8.446,1.622,170,120,1,0,0,0
354.058,208.503,-8.446,1.622,175,120,1,0,0,0
345.612,210.126,-8.446,1.622,180,120,1,0,0,0
337.167,211.748,-8.446,1.622,185,120,1,0,0,0
328.721,213.371,-8.446,1.622,190,120,1,0,0,0
320.276,214.993,-8.446,1.622,195,120,1,0,0,0
311.83,216.615,-8.446,1.622,200,120,1,0,0,0
303.384,218.238,-8.446,1.622,205,120,1,0,0,0
294.939,219.86,-8.446,1.622,210,120,1,0,0,0
286.493,221.483,-8.446,1.622,210,120,0,0,0,0
278.048,223.105,-8.446,1.622,210,120,0,0,0,0
269.602,224.728,-8.446,1.622,210,120,0,0,0,0
261.157,226.35,-8.446,1.622,210,120,0,0,0,0
252.711,227.972,-8.446,1.622,210,125,0,1,0,0
244.265,229.595,-8.446,1.622,210,130,0,1,0,0
235.82,231.217,-8.446,1.622,210,135,0,1,0,0
227.374,232.84,-8.446,1.622,210,140,0,1,0,0
218.929,234.462,-8.446,1.622,210,145,0,1,0,0
210.483,236.084,-8.446,1.622,210,150,0,1,0,0
202.038,237.707,-8.446,1.622,210,155,0,1,0,0
193.592,239.329,-8.446,1.622,210,155,0,0,0,0
185.146,240.952,-8.446,1.622,210,155,0,0,0,0
176.701,242.574,-8.446,1.622,210,155,0,0,0,0
168.255,244.197,-8.446,1.622,210,155,0,0,0,0
159.81,245.819,-8.446,1.622,210,155,0,0,0,0
151.364,247.441,-8.446,1.622,210,155,0,0,0,0
142.919,249.064,-8.446,1.622,210,155,0,0,0,0
134.473,250.686,-8.446,1.622,210,155,0,0,0,0
126.027,252.309,-8.446,1.622,210,155,0,0,0,0
117.582,253.931,-8.446,1.622,210,155,0,0,0,0
109.136,255.554,-8.446,1.622,210,155,0,0,0,0
100.691,257.176,-8.446,1.622,210,155,0,0,0,0
92.245,258.798,-8.446,1.622,210,155,0,0,0,0
83.8,260.421,-8.446,1.622,210,155,0,0,0,0
75.354,262.043,-8.446,1.622,210,155,0,0,0,0
66.908,263.666,-8.446,1.622,210,155,0,0,0,0
58.463,265.288,-8.446,1.622,210,155,0,0,0,0
50.017,266.91,-8.446,1.622,210,155,0,0,0,0
49.0,268.533,7.873,4.151,210,155,0,0,0,0
56.873,272.684,7.873,4.151,210,155,0,0,0,0
64.746,276.834,7.873,4.151,210,155,0,0,0,0
72.618,280.985,7.873,4.151,210,155,0,0,0,0
80.491,285.136,7.873,4.151,210,155,0,0,0,0
88.364,289.287,7.873,4.151,210,155,0,0,0,0
96.237,293.437,7.873,4.151,210,155,0,0,0,0
104.11,297.588,7.873,4.151,210,155,0,0,0,0
111.983,301.739,7.873,4.151,210,155,0,0,0,0
119.855,305.89,7.873,4.151,210,155,0,0,0,0
127.728,310.04,7.873,4.151,210,155,0,0,0,0
135.601,314.191,7.873,4.151,210,155,0,0,0,0
143.474,318.342,7.873,4.151,210,155,0,0,0,0
151.347,322.493,7.873,4.151,210,155,0,0,0,0
159.219,326.643,7.873,4.151,210,155,0,0,0,0
167.092,330.794,7.873,4.151,210,155,0,0,0,0
174.965,334.945,7.873,4.151,210,155,0,0,0,0
182.838,339.096,7.873,4.151,210,155,0,0,0,0
190.711,343.246,7.873,4.151,210,155,0,0,0,0
198.584,347.397,7.873,4.151,210,160,0,1,0,0
206.456,351.548,7.873,4.151,210,165,0,1,0,0
214.329,355.699,7.873,4.151,210,170,0,1,0,0
222.202,359.849,7.873,4.151,210,175,0,1,0,0
230.075,364.0,7.873,4.151,215,180,1,1,0,0
237.948,368.151,7.873,4.151,220,185,1,1,0,0
245.821,372.302,7.873,4.151,225,190,1,1,0,0
253.693,376.452,7.873,4.151,230,195,1,1,0,0
261.566,380.603,7.873,4.151,235,200,1,1,0,0
269.439,384.754,7.873,4.151,240,205,1,1,0,0
277.312,388.905,7.873,4.151,245,210,1,1,0,0
285.185,393.055,7.873,4.151,250,215,1,1,0,0
293.057,397.206,7.873,4.151,255,220,1,1,0,0
300.93,401.357,7.873,4.151,260,225,1,1,0,0
308.803,405.508,7.873,4.151,265,230,1,1,0,0
316.676,409.658,7.873,4.151,270,235,1,1,0,0
324.549,413.809,7.873,4.151,275,240,1,1,0,0
332.422,417.96,7.873,4.151,280,245,1,1,0,0
340.294,422.111,7.873,4.151,285,250,1,1,0,0
348.167,426.261,7.873,4.151,290,255,1,1,0,0
356.04,430.412,7.873,4.151,295,260,1,1,0,0
363.913,434.563,7.873,4.151,300,265,1,1,0,0
371.786,438.714,7.873,4.151,305,270,1,1,0,0
379.658,442.864,7.873,4.151,310,275,1,1,0,0
387.531,447.015,7.873,4.151,315,280,1,1,0,0
395.404,451.166,7.873,4.151,320,285,1,1,0,0
403.277,455.317,7.873,4.151,325,290,1,1,0,0
411.15,459.467,7.873,4.151,330,295,1,1,0,0
419.023,463.618,7.873,4.151,335,300,1,1,0,0
426.895,467.769,7.873,4.151,340,305,1,1,0,0
434.768,471.92,7.873,4.151,345,310,1,1,0,0
442.641,476.07,7.873,4.151,350,315,1,1,0,0
450.514,480.221,7.873,4.151,355,320,1,1,0,0
458.387,484.372,7.873,4.151,360,325,1,1,0,0
466.259,488.522,7.873,4.151,365,330,1,1,0,0
474.132,492.673,7.873,4.151,370,335,1,1,0,0
482.005,496.824,7.873,4.151,375,340,1,1,0,0
489.878,500.975,7.873,4.151,380,345,1,1,0,0
497.751,505.125,7.873,4.151,385,350,1,1,0,0
505.624,509.276,7.873,4.151,390,355,1,1,0,0
513.496,513.427,7.873,4.151,395,360,1,1,0,0
521.369,517.578,7.873,4.151,400,365,1,1,0,0
529.242,521.728,7.873,4.151,405,370,1,1,0,0
537.115,525.879,7.873,4.151,410,375,1,1,0,0
544.988,530.03,7.873,4.151,415,380,1,1,0,0
552.86,534.181,7.873,4.151,420,385,1,1,0,0
560.733,538.331,7.873,4.151,425,390,1,1,0,0
568.606,542.482,7.873,4.151,430,395,1,1,0,0
576.479,546.633,7.873,4.151,435,400,1,1,0,0
584.352,550.784,7.873,4.151,440,405,1,1,0,0
592.225,554.934,7.873,4.151,445,410,1,1,0,0
600.097,559.085,7.873,4.151,450,415,1,1,0,0
607.97,563.236,7.873,4.151,455,420,1,1,0,0
615.843,567.387,7.873,4.151,460,425,1,1,0,0
623.716,571.537,7.873,4.151,465,430,1,1,0,0
631.589,575.688,7.873,4.151,470,435,1,1,0,0
639.462,579.839,7.873,4.151,475,440,1,1,0,0
647.334,583.99,7.873,4.151,480,445,1,1,0,0
655.207,588.14,7.873,4.151,485,450,1,1,0,0
663.08,592.291,7.873,4.151,490,455,1,1,0,0
670.953,594.0,7.873,-4.151,495,460,1,1,0,0
678.826,589.849,7.873,-4.151,500,465,1,1,0,0
686.698,585.699,7.873,-4.151,500,470,0,1,0,0
694.571,581.548,7.873,-4.151,500,475,0,1,0,0
702.444,577.397,7.873,-4.151,500,480,0,1,0,0
710.317,573.246,7.873,-4.151,500,485,0,1,0,0
718.19,569.096,7.873,-4.151,500,490,0,1,0,0
726.063,564.945,7.873,-4.151,500,495,0,1,0,0
733.935,560.794,7.873,-4.151,500,500,0,1,0,0
741.808,556.643,7.873,-4.151,500,505,0,1,0,0
749.681,552.493,7.873,-4.151,500,510,0,1,0,0
751.0,548.342,-9.061,-1.596,500,515,0,1,0,0
741.939,546.746,-9.061,-1.596,500,520,0,1,0,0
732.879,545.151,-9.061,-1.596,500,520,0,1,0,0
723.818,543.555,-9.061,-1.596,500,520,0,1,0,0
714.758,541.96,-9.061,-1.596,500,520,0,1,0,0
705.697,540.364,-9.061,-1.596,500,520,0,1,0,0
696.636,538.768,-9.061,-1.596,500,520,0,0,0,0
687.576,537.173,-9.061,-1.596,500,520,0,0,0,0
678.515,535.577,-9.061,-1.596,500,520,0,0,0,0
669.455,533.982,-9.061,-1.596,500,515,0,-1,0,0
660.394,532.386,-9.061,-1.596,500,510,0,-1,0,0
651.334,530.791,-9.061,-1.596,500,505,0,-1,0,0
642.273,529.195,-9.061,-1.596,495,500,-1,-1,0,0
633.212,527.599,-9.061,-1.596,490,495,-1,-1,0,0
624.152,526.004,-9.061,-1.596,485,490,-1,-1,0,0
615.091,524.408,-9.061,-1.596,480,485,-1,-1,0,0
606.031,522.813,-9.061,-1.596,475,480,-1,-1,0,0
596.97,521.217,-9.061,-1.596,470,475,-1,-1,0,0
587.909,519.622,-9.061,-1.596,465,470,-1,-1,0,0
578.849,518.026,-9.061,-1.596,460,465,-1,-1,0,0
569.788,516.431,-9.061,-1.596,455,460,-1,-1,0,0
560.728,514.835,-9.061,-1.596,450,455,-1,-1,0,0
551.667,513.239,-9.061,-1.596,445,455,-1,0,0,0
542.607,511.644,-9.061,-1.596,440,455,-1,0,0,0
533.546,510.048,-9.061,-1.596,435,455,-1,0,0,0
524.485,508.453,-9.061,-1.596,430,455,-1,0,0,0
515.425,506.857,-9.061,-1.596,425,455,-1,0,0,0
506.364,505.262,-9.061,-1.596,425,455,0,0,0,0
497.304,503.666,-9.061,-1.596,425,455,0,0,0,0
488.243,502.071,-9.061,-1.596,425,455,0,0,0,0
479.182,500.475,-9.061,-1.596,425,455,0,0,0,0
470.122,498.879,-9.061,-1.596,425,455,0,0,0,0
461.061,497.284,-9.061,-1.596,425,455,0,0,0,0
452.001,495.688,-9.061,-1.596,425,455,0,0,0,0
442.94,494.093,-9.061,-1.596,425,455,0,0,0,0
433.88,492.497,-9.061,-1.596,425,455,0,0,0,0
424.819,490.902,-9.061,-1.596,425,455,0,0,0,0
415.758,489.306,-9.061,-1.596,425,455,0,0,0,0
406.698,487.71,-9.061,-1.596,425,455,0,0,0,0
397.637,486.115,-9.061,-1.596,425,455,0,0,0,0
388.577,484.519,-9.061,-1.596,425,455,0,0,0,0
379.516,482.924,-9.061,-1.596,425,455,0,0,0,0
370.455,481.328,-9.061,-1.596,425,455,0,0,0,0
361.395,479.733,-9.061,-1.596,425,455,0,0,0,0
352.334,478.137,-9.061,-1.596,425,455,0,0,0,0
343.274,476.542,-9.061,-1.596,425,455,0,0,0,0
334.213,474.946,-9.061,-1.596,425,455,0,0,0,0
325.153,473.35,-9.061,-1.596,425,455,0,0,0,0
316.092,471.755,-9.061,-1.596,425,455,0,0,0,0
307.031,470.159,-9.061,-1.596,425,455,0,0,0,0
297.971,468.564,-9.061,-1.596,425,455,0,0,0,0
288.91,466.968,-9.061,-1.596,425,455,0,0,0,0
279.85,465.373,-9.061,-1.596,425,455,0,0,0,0
270.789,463.777,-9.061,-1.596,425,455,0,0,0,0
261.728,462.182,-9.061,-1.596,425,455,0,0,0,0
252.668,460.586,-9.061,-1.596,420,455,-1,0,0,0
243.607,458.99,-9.061,-1.596,415,455,-1,0,0,0
234.547,457.395,-9.061,-1.596,410,455,-1,0,0,0
225.486,455.799,-9.061,-1.596,405,455,-1,0,0,0
216.426,454.204,-9.061,-1.596,400,455,-1,0,0,0
207.365,452.608,-9.061,-1.596,395,455,-1,0,0,0
198.304,451.013,-9.061,-1.596,390,455,-1,0,0,0
189.244,449.417,-9.061,-1.596,390,455,0,0,0,0
180.183,447.821,-9.061,-1.596,390,455,0,0,0,0
171.123,446.226,-9.061,-1.596,390,455,0,0,0,0
162.062,444.63,-9.061,-1.596,390,455,0,0,0,0
153.001,443.035,-9.061,-1.596,390,455,0,0,0,0
143.941,441.439,-9.061,-1.596,390,455,0,0,0,0
134.88,439.844,-9.061,-1.596,390,455,0,0,0,0
125.82,438.248,-9.061,-1.596,390,455,0,0,0,0
116.759,436.653,-9.061,-1.596,390,455,0,0,0,0
107.699,435.057,-9.061,-1.596,390,455,0,0,0,0
98.638,433.461,-9.061,-1.596,390,455,0,0,0,0
89.577,431.866,-9.061,-1.596,390,455,0,0,0,0
80.517,430.27,-9.061,-1.596,390,455,0,0,0,0
71.456,428.675,-9.061,-1.596,390,455,0,0,0,0
62.396,427.079,-9.061,-1.596,390,455,0,0,0,0
53.335,425.484,-9.061,-1.596,390,455,0,0,0,0
49.0,423.888,9.379,-1.514,390,455,0,0,0,0
58.379,422.374,9.379,-1.514,390,455,0,0,0,0
67.757,420.861,9.379,-1.514,390,455,0,0,0,0
77.136,419.347,9.379,-1.514,390,455,0,0,0,0
86.515,417.834,9.379,-1.514,390,455,0,0,0,0
95.893,416.32,9.379,-1.514,390,455,0,0,0,0
105.272,414.806,9.379,-1.514,390,455,0,0,0,0
114.651,413.293,9.379,-1.514,390,455,0,0,0,0
124.029,411.779,9.379,-1.514,390,455,0,0,0,0
133.408,410.266,9.379,-1.514,390,455,0,0,0,0
142.786,408.752,9.379,-1.514,390,455,0,0,0,0
152.165,407.238,9.379,-1.514,390,455,0,0,0,0
161.544,405.725,9.379,-1.514,390,455,0,0,0,0
170.922,404.211,9.379,-1.514,390,455,0,0,0,0
180.301,402.697,9.379,-1.514,390,455,0,0,0,0
189.68,401.184,9.379,-1.514,390,455,0,0,0,0
199.058,399.67,9.379,-1.514,390,450,0,-1,0,0
208.437,398.157,9.379,-1.514,390,445,0,-1,0,0
217.816,396.643,9.379,-1.514,390,440,0,-1,0,0
227.194,395.129,9.379,-1.514,390,435,0,-1,0,0
236.573,393.616,9.379,-1.514,390,430,0,-1,0,0
245.952,392.102,9.379,-1.514,390,425,0,-1,0,0
255.33,390.589,9.379,-1.514,390,420,0,-1,0,0
264.709,389.075,9.379,-1.514,390,420,0,0,0,0
274.087,387.561,9.379,-1.514,390,420,0,0,0,0
283.466,386.048,9.379,-1.514,390,420,0,0,0,0
292.845,384.534,9.379,-1.514,390,420,0,0,0,0
302.223,383.02,9.379,-1.514,390,420,0,0,0,0
311.602,381.507,9.379,-1.514,390,420,0,0,0,0
320.981,379.993,9.379,-1.514,390,420,0,0,0,0
330.359,378.48,9.379,-1.514,390,420,0,0,0,0
339.738,376.966,9.379,-1.514,390,420,0,0,0,0
349.117,375.452,9.379,-1.514,390,420,0,0,0,0
358.495,373.939,9.379,-1.514,390,420,0,0,0,0
367.874,372.425,9.379,-1.514,385,420,-1,0,0,0
377.253,370.912,9.379,-1.514,380,420,-1,0,0,0
386.631,369.398,9.379,-1.514,375,420,-1,0,0,0
396.01,367.884,9.379,-1.514,370,420,-1,0,0,0
405.388,366.371,9.379,-1.514,365,415,-1,-1,0,0
414.767,364.857,9.379,-1.514,360,410,-1,-1,0,0
424.146,363.343,9.379,-1.514,355,405,-1,-1,0,0
433.524,361.83,9.379,-1.514,350,400,-1,-1,0,0
442.903,360.316,9.379,-1.514,345,395,-1,-1,0,0
452.282,358.803,9.379,-1.514,340,390,-1,-1,0,0
461.66,357.289,9.379,-1.514,335,385,-1,-1,0,0
471.039,355.775,9.379,-1.514,330,380,-1,-1,0,0
480.418,354.262,9.379,-1.514,325,375,-1,-1,0,0
489.796,352.748,9.379,-1.514,320,370,-1,-1,0,0
499.175,351.235,9.379,-1.514,315,365,-1,-1,0,0
508.554,349.721,9.379,-1.514,310,360,-1,-1,0,0
517.932,348.207,9.379,-1.514,305,355,-1,-1,0,0
527.311,346.694,9.379,-1.514,300,350,-1,-1,0,0
536.689,345.18,9.379,-1.514,295,345,-1,-1,0,0
546.068,343.666,9.379,-1.514,290,340,-1,-1,0,0
555.447,342.153,9.379,-1.514,285,335,-1,-1,0,0
564.825,340.639,9.379,-1.514,280,330,-1,-1,0,0
574.204,339.126,9.379,-1.514,275,325,-1,-1,0,0
583.583,337.612,9.379,-1.514,270,320,-1,-1,0,0
592.961,336.098,9.379,-1.514,265,315,-1,-1,0,0
602.34,334.585,9.379,-1.514,260,310,-1,-1,0,0
611.719,333.071,9.379,-1.514,255,305,-1,-1,0,0
621.097,331.558,9.379,-1.514,250,300,-1,-1,0,0
630.476,330.044,9.379,-1.514,245,295,-1,-1,0,0
639.855,328.53,9.379,-1.514,240,290,-1,-1,0,0
649.233,327.017,9.379,-1.514,240,285,0,-1,0,0
658.612,325.503,9.379,-1.514,240,285,0,0,0,0
667.991,323.989,9.379,-1.514,240,285,0,0,0,0
677.369,322.476,9.379,-1.514,240,285,0,0,0,0
686.748,320.962,9.379,-1.514,240,285,0,0,0,0
696.126,319.449,9.379,-1.514,240,285,0,0,0,0
705.505,317.935,9.379,-1.514,240,285,0,0,0,0
714.884,316.421,9.379,-1.514,240,285,0,0,0,0
724.262,314.908,9.379,-1.514,240,285,0,0,0,0
733.641,313.394,9.379,-1.514,240,285,0,0,0,0
743.02,311.881,9.379,-1.514,240,285,0,0,0,0
752.398,310.367,9.379,-1.514,240,285,0,0,0,0
751.0,308.853,-8.937,-4.02,240,285,0,0,0,0
742.063,304.833,-8.937,-4.02,240,285,0,0,0,0
733.125,300.813,-8.937,-4.02,240,285,0,0,0,0
724.188,296.792,-8.937,-4.02,240,285,0,0,0,0
715.251,292.772,-8.937,-4.02,240,285,0,0,0,0
706.313,288.751,-8.937,-4.02,240,285,0,0,0,0
697.376,284.731,-8.937,-4.02,240,285,0,0,0,0
688.438,280.711,-8.937,-4.02,240,285,0,0,0,0
679.501,276.69,-8.937,-4.02,240,285,0,0,0,0
670.564,272.67,-8.937,-4.02,240,285,0,0,0,0
661.626,268.649,-8.937,-4.02,240,285,0,0,0,0
652.689,264.629,-8.937,-4.02,240,285,0,0,0,0
643.752,260.609,-8.937,-4.02,240,285,0,0,0,0
634.814,256.588,-8.937,-4.02,240,285,0,0,0,0
625.877,252.568,-8.937,-4.02,240,285,0,0,0,0
616.939,248.548,-8.937,-4.02,240,285,0,0,0,0
608.002,244.527,-8.937,-4.02,240,285,0,0,0,0
599.065,240.507,-8.937,-4.02,240,285,0,0,0,0
590.127,236.486,-8.937,-4.02,240,285,0,0,0,0
581.19,232.466,-8.937,-4.02,240,285,0,0,0,0
572.253,228.446,-8.937,-4.02,240,285,0,0,0,0
563.315,224.425,-8.937,-4.02,240,285,0,0,0,0
554.378,220.405,-8.937,-4.02,235,285,-1,0,0,0
545.441,216.385,-8.937,-4.02,230,285,-1,0,0,0
536.503,212.364,-8.937,-4.02,225,285,-1,0,0,0
527.566,208.344,-8.937,-4.02,220,285,-1,0,0,0
518.628,204.323,-8.937,-4.02,215,285,-1,0,0,0
509.691,200.303,-8.937,-4.02,210,285,-1,0,0,0
500.754,196.283,-8.937,-4.02,205,285,-1,0,0,0
491.816,192.262,-8.937,-4.02,200,285,-1,0,0,0
482.879,188.242,-8.937,-4.02,195,285,-1,0,0,0
473.942,184.222,-8.937,-4.02,190,285,-1,0,0,0
465.004,180.201,-8.937,-4.02,185,285,-1,0,0,0
456.067,176.181,-8.937,-4.02,180,285,-1,0,0,0
447.129,172.16,-8.937,-4.02,175,285,-1,0,0,0
438.192,168.14,-8.937,-4.02,170,285,-1,0,0,0
429.255,164.12,-8.937,-4.02,165,285,-1,0,0,0
420.317,160.099,-8.937,-4.02,160,285,-1,0,0,0
411.38,156.079,-8.937,-4.02,155,285,-1,0,0,0
402.443,152.058,-8.937,-4.02,150,285,-1,0,0,0
393.505,148.038,-8.937,-4.02,145,285,-1,0,0,0
384.568,144.018,-8.937,-4.02,140,285,-1,0,0,0
375.631,139.997,-8.937,-4.02,135,285,-1,0,0,0
366.693,135.977,-8.937,-4.02,130,285,-1,0,0,0
357.756,131.957,-8.937,-4.02,125,285,-1,0,0,0
348.818,127.936,-8.937,-4.02,120,285,-1,0,0,0
339.881,123.916,-8.937,-4.02,115,285,-1,0,0,0
330.944,119.895,-8.937,-4.02,110,285,-1,0,0,0
322.006,115.875,-8.937,-4.02,105,285,-1,0,0,0
313.069,111.855,-8.937,-4.02,100,285,-1,0,0,0
304.132,107.834,-8.937,-4.02,95,285,-1,0,0,0
295.194,103.814,-8.937,-4.02,90,285,-1,0,0,0
286.257,99.794,-8.937,-4.02,85,285,-1,0,0,0
277.319,95.773,-8.937,-4.02,80,285,-1,0,0,0
268.382,91.753,-8.937,-4.02,75,285,-1,0,0,0
259.445,87.732,-8.937,-4.02,70,285,-1,0,0,0
250.507,83.712,-8.937,-4.02,65,285,-1,0,0,0
241.57,79.692,-8.937,-4.02,60,285,-1,0,0,0
232.633,75.671,-8.937,-4.02,55,285,-1,0,0,0
223.695,71.651,-8.937,-4.02,50,285,-1,0,0,0
214.758,67.631,-8.937,-4.02,45,285,-1,0,0,0
205.821,63.61,-8.937,-4.02,40,285,-1,0,0,0
196.883,59.59,-8.937,-4.02,35,285,-1,0,0,0
187.946,55.569,-8.937,-4.02,30,285,-1,0,0,0
179.008,51.549,-8.937,-4.02,25,285,-1,0,0,0
170.071,47.529,-8.937,-4.02,20,285,-1,0,0,0
161.134,43.508,-8.937,-4.02,15,285,-1,0,0,0
152.196,39.488,-8.937,-4.02,10,285,-1,0,0,0
143.259,35.467,-8.937,-4.02,5,285,-1,0,0,0
134.322,31.447,-8.937,-4.02,0,285,-1,0,0,0
125.384,27.427,-8.937,-4.02,0,285,-1,0,0,0
116.447,23.406,-8.937,-4.02,0,285,-1,0,0,0
107.509,19.386,-8.937,-4.02,0,285,-1,0,0,0
98.572,15.366,-8.937,-4.02,0,285,0,0,0,0
89.635,11.345,-8.937,-4.02,0,285,0,0,0,0
80.697,7.325,-8.937,-4.02,0,285,0,0,0,0
71.76,6.0,-8.937,4.02,0,285,0,0,0,0
62.823,10.02,-8.937,4.02,0,285,0,0,0,0
53.885,14.041,-8.937,4.02,0,285,0,0,0,0
49.0,18.061,8.479,-5.487,0,285,0,0,0,0
57.479,12.574,8.479,-5.487,0,285,0,0,0,0
65.959,7.087,8.479,-5.487,0,285,0,0,0,0
74.438,6.0,8.479,5.487,0,285,0,0,0,0
82.917,11.487,8.479,5.487,0,285,0,0,0,0
91.397,16.975,8.479,5.487,0,285,0,0,0,0
99.876,22.462,8.479,5.487,0,290,0,1,0,0
108.356,27.949,8.479,5.487,0,295,0,1,0,0
116.835,33.436,8.479,5.487,0,300,0,1,0,0
125.314,38.924,8.479,5.487,0,305,0,1,0,0
133.794,44.411,8.479,5.487,0,310,0,1,0,0
142.273,49.898,8.479,5.487,0,315,0,1,0,0
150.752,55.386,8.479,5.487,0,320,0,1,0,0
159.232,60.873,8.479,5.487,5,320,1,0,0,0
167.711,66.36,8.479,5.487,10,320,1,0,0,0
176.19,71.847,8.479,5.487,15,320,1,0,0,0
184.67,77.335,8.479,5.487,20,320,1,0,0,0
193.149,82.822,8.479,5.487,25,320,1,0,0,0
201.629,88.309,8.479,5.487,30,320,1,0,0,0
210.108,93.797,8.479,5.487,35,320,1,0,0,0
218.587,99.284,8.479,5.487,40,320,1,0,0,0
227.067,104.771,8.479,5.487,45,320,1,0,0,0
235.546,110.258,8.479,5.487,50,320,1,0,0,0
244.025,115.746,8.479,5.487,55,320,1,0,0,0
252.505,121.233,8.479,5.487,60,320,1,0,0,0
260.984,126.72,8.479,5.487,65,320,1,0,0,0
269.464,132.208,8.479,5.487,70,320,1,0,0,0
277.943,137.695,8.479,5.487,75,320,1,0,0,0
286.422,143.182,8.479,5.487,80,320,1,0,0,0
294.902,148.67,8.479,5.487,85,320,1,0,0,0
303.381,154.157,8.479,5.487,90,320,1,0,0,0
311.86,159.644,8.479,5.487,95,320,1,0,0,0
320.34,165.131,8.479,5.487,100,320,1,0,0,0
328.819,170.619,8.479,5.487,105,320,1,0,0,0
337.298,176.106,8.479,5.487,110,320,1,0,0,0
345.778,181.593,8.479,5.487,115,320,1,0,0,0
354.257,187.081,8.479,5.487,120,320,1,0,0,0
362.737,192.568,8.479,5.487,125,320,1,0,0,0
371.216,198.055,8.479,5.487,130,320,1,0,0,0
379.695,203.542,8.479,5.487,135,320,1,0,0,0
388.175,209.03,8.479,5.487,135,320,0,0,0,0
396.654,214.517,8.479,5.487,135,320,0,0,0,0
405.133,220.004,8.479,5.487,135,320,0,0,0,0
413.613,225.492,8.479,5.487,135,320,0,0,0,0
422.092,230.979,8.479,5.487,135,320,0,0,0,0
430.571,236.466,8.479,5.487,135,320,0,0,0,0
439.051,241.953,8.479,5.487,140,320,1,0,0,0
447.53,247.441,8.479,5.487,145,320,1,0,0,0
456.01,252.928,8.479,5.487,150,320,1,0,0,0
464.489,258.415,8.479,5.487,155,320,1,0,0,0
472.968,263.903,8.479,5.487,160,320,1,0,0,0
481.448,269.39,8.479,5.487,165,320,1,0,0,0
489.927,274.877,8.479,5.487,170,320,1,0,0,0
498.406,280.364,8.479,5.487,175,320,1,0,0,0
506.886,285.852,8.479,5.487,180,320,1,0,0,0
515.365,291.339,8.479,5.487,185,320,1,0,0,0
523.845,296.826,8.479,5.487,190,320,1,0,0,0
532.324,302.314,8.479,5.487,195,320,1,0,0,0
540.803,307.801,8.479,5.487,200,320,1,0,0,0
549.283,313.288,8.479,5.487,205,320,1,0,0,0
557.762,318.775,8.479,5.487,210,320,1,0,0,0
566.241,324.263,8.479,5.487,215,320,1,0,0,0
574.721,329.75,8.479,5.487,220,320,1,0,0,0
583.2,335.237,8.479,5.487,225,320,1,0,0,0
591.679,340.725,8.479,5.487,230,320,1,0,0,0
600.159,346.212,8.479,5.487,235,320,1,0,0,0
608.638,351.699,8.479,5.487,240,320,1,0,0,0
617.118,357.187,8.479,5.487,245,320,1,0,0,0
625.597,362.674,8.479,5.487,250,320,1,0,0,0
634.076,368.161,8.479,5.487,255,320,1,0,0,0
642.556,373.648,8.479,5.487,260,320,1,0,0,0
651.035,379.136,8.479,5.487,265,320,1,0,0,0
659.514,384.623,8.479,5.487,270,325,1,1,0,0
667.994,390.11,8.479,5.487,275,330,1,1,0,0
676.473,395.598,8.479,5.487,280,335,1,1,0,0
684.952,401.085,8.479,5.487,285,340,1,1,0,0
693.432,406.572,8.479,5.487,290,345,1,1,0,0
701.911,412.059,8.479,5.487,295,350,1,1,0,0
710.391,417.547,8.479,5.487,300,355,1,1,0,0
718.87,423.034,8.479,5.487,305,360,1,1,0,0
727.349,428.521,8.479,5.487,310,365,1,1,0,0
735.829,434.009,8.479,5.487,315,370,1,1,0,0
744.308,439.496,8.479,5.487,320,375,1,1,0,0
752.787,444.983,8.479,5.487,325,380,1,1,0,0
751.0,450.47,-8.172,6.432,330,385,1,1,0,0
742.828,456.903,-8.172,6.432,335,390,1,1,0,0
734.655,463.335,-8.172,6.432,340,395,1,1,0,0
726.483,469.767,-8.172,6.432,345,400,1,1,0,0
718.311,476.199,-8.172,6.432,350,405,1,1,0,0
710.139,482.632,-8.172,6.432,355,410,1,1,0,0
701.966,489.064,-8.172,6.432,360,415,1,1,0,0
693.794,495.496,-8.172,6.432,365,420,1,1,0,0
685.622,501.928,-8.172,6.432,365,425,0,1,0,0
677.45,508.361,-8.172,6.432,365,430,0,1,0,0
669.277,514.793,-8.172,6.432,365,435,0,1,0,0
661.105,521.225,-8.172,6.432,365,440,0,1,0,0
652.933,527.657,-8.172,6.432,365,445,0,1,0,0
644.76,534.09,-8.172,6.432,365,450,0,1,0,0
636.588,540.522,-8.172,6.432,365,455,0,1,0,0
628.416,546.954,-8.172,6.432,365,460,0,1,0,0
620.244,553.386,-8.172,6.432,365,460,0,0,0,0
612.071,559.819,-8.172,6.432,365,460,0,0,0,0
603.899,566.251,-8.172,6.432,365,460,0,0,0,0
595.727,572.683,-8.172,6.432,365,460,0,0,0,0
587.554,579.116,-8.172,6.432,365,460,0,0,0,0
579.382,585.548,-8.172,6.432,365,460,0,0,0,0
571.21,591.98,-8.172,6.432,365,460,0,0,0,0
563.038,594.0,-8.172,-6.432,370,460,1,0,0,0
554.865,587.568,-8.172,-6.432,375,460,1,0,0,0
546.693,581.135,-8.172,-6.432,380,460,1,0,0,0
538.521,574.703,-8.172,-6.432,385,460,1,0,0,0
530.349,568.271,-8.172,-6.432,385,460,0,0,0,0
522.176,561.839,-8.172,-6.432,385,460,0,0,0,0
514.004,555.406,-8.172,-6.432,385,460,0,0,0,0
505.832,548.974,-8.172,-6.432,385,460,0,0,0,0
497.659,542.542,-8.172,-6.432,385,460,0,0,0,0
489.487,536.11,-8.172,-6.432,385,460,0,0,0,0
481.315,529.677,-8.172,-6.432,385,460,0,0,0,0
473.143,523.245,-8.172,-6.432,385,460,0,0,0,0
464.97,516.813,-8.172,-6.432,380,460,-1,0,0,0
456.798,510.381,-8.172,-6.432,375,460,-1,0,0,0
448.626,503.948,-8.172,-6.432,370,460,-1,0,0,0
440.453,497.516,-8.172,-6.432,365,460,-1,0,0,0
432.281,491.084,-8.172,-6.432,360,460,-1,0,0,0
424.109,484.652,-8.172,-6.432,355,460,-1,0,0,0
415.937,478.219,-8.172,-6.432,350,460,-1,0,0,0
407.764,471.787,-8.172,-6.432,345,460,-1,0,0,0
399.592,465.355,-8.172,-6.432,340,460,-1,0,0,0
391.42,458.923,-8.172,-6.432,335,460,-1,0,0,0
383.248,452.49,-8.172,-6.432,330,460,-1,0,0,0
375.075,446.058,-8.172,-6.432,325,460,-1,0,0,0
366.903,439.626,-8.172,-6.432,320,460,-1,0,0,0
358.731,433.194,-8.172,-6.432,315,460,-1,0,0,0
350.558,426.761,-8.172,-6.432,310,460,-1,0,0,0
342.386,420.329,-8.172,-6.432,305,460,-1,0,0,0
334.214,413.897,-8.172,-6.432,300,460,-1,0,0,0
326.042,407.465,-8.172,-6.432,295,460,-1,0,0,0
317.869,401.032,-8.172,-6.432,290,460,-1,0,0,0
309.697,394.6,-8.172,-6.432,285,460,-1,0,0,0
301.525,388.168,-8.172,-6.432,280,460,-1,0,0,0
293.352,381.736,-8.172,-6.432,275,460,-1,0,0,0
285.18,375.303,-8.172,-6.432,270,460,-1,0,0,0
277.008,368.871,-8.172,-6.432,265,460,-1,0,0,0
268.836,362.439,-8.172,-6.432,260,460,-1,0,0,0
260.663,356.007,-8.172,-6.432,255,460,-1,0,0,0
252.491,349.574,-8.172,-6.432,250,460,-1,0,0,0
244.319,343.142,-8.172,-6.432,245,460,-1,0,0,0
236.147,336.71,-8.172,-6.432,240,460,-1,0,0,0
227.974,330.278,-8.172,-6.432,235,460,-1,0,0,0
219.802,323.845,-8.172,-6.432,230,460,-1,0,0,0
211.63,317.413,-8.172,-6.432,225,460,-1,0,0,0
203.457,310.981,-8.172,-6.432,220,460,-1,0,0,0
195.285,304.549,-8.172,-6.432,215,460,-1,0,0,0
187.113,298.116,-8.172,-6.432,210,460,-1,0,0,0
178.941,291.684,-8.172,-6.432,205,460,-1,0,0,0
170.768,285.252,-8.172,-6.432,200,460,-1,0,0,0
162.596,278.82,-8.172,-6.432,195,460,-1,0,0,0
154.424,272.387,-8.172,-6.432,190,460,-1,0,0,0
146.252,265.955,-8.172,-6.432,185,460,-1,0,0,0
138.079,259.523,-8.172,-6.432,180,460,-1,0,0,0
129.907,253.091,-8.172,-6.432,175,460,-1,0,0,0
121.735,246.658,-8.172,-6.432,170,460,-1,0,0,0
113.562,240.226,-8.172,-6.432,165,460,-1,0,0,0
105.39,233.794,-8.172,-6.432,160,460,-1,0,0,0
97.218,227.362,-8.172,-6.432,155,460,-1,0,0,0
89.046,220.929,-8.172,-6.432,150,460,-1,0,0,0
80.873,214.497,-8.172,-6.432,145,460,-1,0,0,0
72.701,208.065,-8.172,-6.432,140,460,-1,0,0,0
64.529,201.633,-8.172,-6.432,135,460,-1,0,0,0
56.356,195.2,-8.172,-6.432,130,460,-1,0,0,0
48.184,188.768,-8.172,-6.432,125,460,-1,0,0,0
49.0,182.336,8.922,5.906,120,460,-1,0,0,0
57.922,188.242,8.922,5.906,115,460,-1,0,0,0
66.844,194.148,8.922,5.906,110,460,-1,0,0,0
75.767,200.055,8.922,5.906,105,460,-1,0,0,0
84.689,205.961,8.922,5.906,100,460,-1,0,0,0
93.611,211.867,8.922,5.906,95,460,-1,0,0,0
102.533,217.773,8.922,5.906,90,460,-1,0,0,0
111.455,223.68,8.922,5.906,85,460,-1,0,0,0
120.378,229.586,8.922,5.906,80,460,-1,0,0,0
129.3,235.492,8.922,5.906,75,460,-1,0,0,0
138.222,241.399,8.922,5.906,70,460,-1,0,0,0
147.144,247.305,8.922,5.906,65,460,-1,0,0,0
156.066,253.211,8.922,5.906,65,460,0,0,0,0
164.989,259.118,8.922,5.906,65,460,0,0,0,0
173.911,265.024,8.922,5.906,65,460,0,0,0,0
182.833,270.93,8.922,5.906,65,455,0,-1,0,0
191.755,276.836,8.922,5.906,65,450,0,-1,0,0
200.677,282.743,8.922,5.906,65,445,0,-1,0,0
209.6,288.649,8.922,5.906,65,440,0,-1,0,0
218.522,294.555,8.922,5.906,65,435,0,-1,0,0
227.444,300.462,8.922,5.906,65,430,0,-1,0,0
236.366,306.368,8.922,5.906,65,425,0,-1,0,0
245.288,312.274,8.922,5.906,70,425,1,0,0,0
254.211,318.18,8.922,5.906,75,425,1,0,0,0
263.133,324.087,8.922,5.906,80,425,1,0,0,0
272.055,329.993,8.922,5.906,85,425,1,0,0,0
280.977,335.899,8.922,5.906,90,425,1,0,0,0
289.9,341.806,8.922,5.906,95,425,1,0,0,0
298.822,347.712,8.922,5.906,100,425,1,0,0,0
307.744,353.618,8.922,5.906,105,425,1,0,0,0
316.666,359.524,8.922,5.906,110,425,1,0,0,0
325.588,365.431,8.922,5.906,115,425,1,0,0,0
334.511,371.337,8.922,5.906,120,425,1,0,0,0
343.433,377.243,8.922,5.906,125,425,1,0,0,0
352.355,383.15,8.922,5.906,130,425,1,0,0,0
361.277,389.056,8.922,5.906,135,425,1,0,0,0
370.199,394.962,8.922,5.906,140,425,1,0,0,0
379.122,400.869,8.922,5.906,145,425,1,0,0,0
388.044,406.775,8.922,5.906,150,425,1,0,0,0
396.966,412.681,8.922,5.906,155,425,1,0,0,0
405.888,418.587,8.922,5.906,160,425,1,0,0,0
414.81,424.494,8.922,5.906,165,425,1,0,0,0
423.733,430.4,8.922,5.906,170,425,1,0,0,0
432.655,436.306,8.922,5.906,175,425,1,0,0,0
441.577,442.213,8.922,5.906,180,425,1,0,0,0
450.499,448.119,8.922,5.906,185,425,1,0,0,0
459.421,454.025,8.922,5.906,190,425,1,0,0,0
468.344,459.931,8.922,5.906,195,425,1,0,0,0
477.266,465.838,8.922,5.906,200,425,1,0,0,0
486.188,471.744,8.922,5.906,205,425,1,0,0,0
495.11,477.65,8.922,5.906,210,425,1,0,0,0
504.032,483.557,8.922,5.906,215,425,1,0,0,0
512.955,489.463,8.922,5.906,220,425,1,0,0,0
521.877,495.369,8.922,5.906,225,425,1,0,0,0
530.799,501.275,8.922,5.906,230,430,1,1,0,0
539.721,507.182,8.922,5.906,235,435,1,1,0,0
548.643,513.088,8.922,5.906,240,440,1,1,0,0
557.566,518.994,8.922,5.906,245,445,1,1,0,0
566.488,524.901,8.922,5.906,250,450,1,1,0,0
575.41,530.807,8.922,5.906,255,455,1,1,0,0
584.332,536.713,8.922,5.906,260,460,1,1,0,0
593.254,542.619,8.922,5.906,265,465,1,1,0,0
602.177,548.526,8.922,5.906,270,470,1,1,0,0
611.099,554.432,8.922,5.906,275,475,1,1,0,0
620.021,560.338,8.922,5.906,280,480,1,1,0,0
628.943,566.245,8.922,5.906,285,485,1,1,0,0
637.865,572.151,8.922,5.906,290,490,1,1,0,0
646.788,578.057,8.922,5.906,295,495,1,1,0,0
655.71,583.964,8.922,5.906,300,500,1,1,0,0
664.632,589.87,8.922,5.906,305,505,1,1,0,0
673.554,594.0,8.922,-5.906,310,510,1,1,0,0
682.477,588.094,8.922,-5.906,315,515,1,1,0,0
691.399,582.187,8.922,-5.906,320,520,1,1,0,0
700.321,576.281,8.922,-5.906,325,520,1,1,0,0
709.243,570.375,8.922,-5.906,330,520,1,1,0,0
718.165,564.469,8.922,-5.906,335,520,1,1,0,0
727.088,558.562,8.922,-5.906,340,520,1,1,0,0
736.01,552.656,8.922,-5.906,345,520,1,1,0,0
744.932,546.75,8.922,-5.906,345,520,0,1,0,0
751.0,540.843,-9.645,-5.288,345,520,0,1,0,0
741.355,535.555,-9.645,-5.288,345,520,0,1,0,0
731.709,530.267,-9.645,-5.288,345,520,0,1,0,0
722.064,524.978,-9.645,-5.288,345,515,0,-1,0,0
712.418,519.69,-9.645,-5.288,345,510,0,-1,0,0
702.773,514.402,-9.645,-5.288,340,505,-1,-1,0,0
693.128,509.113,-9.645,-5.288,335,500,-1,-1,0,0
683.482,503.825,-9.645,-5.288,330,495,-1,-1,0,0
673.837,498.537,-9.645,-5.288,325,490,-1,-1,0,0
664.192,493.248,-9.645,-5.288,320,485,-1,-1,0,0
654.546,487.96,-9.645,-5.288,315,480,-1,-1,0,0
644.901,482.672,-9.645,-5.288,310,475,-1,-1,0,0
635.255,477.383,-9.645,-5.288,305,470,-1,-1,0,0
625.61,472.095,-9.645,-5.288,300,465,-1,-1,0,0
615.965,466.807,-9.645,-5.288,295,460,-1,-1,0,0
606.319,461.518,-9.645,-5.288,290,455,-1,-1,0,0
596.674,456.23,-9.645,-5.288,285,450,-1,-1,0,0
587.028,450.942,-9.645,-5.288,280,445,-1,-1,0,0
577.383,445.653,-9.645,-5.288,275,440,-1,-1,0,0
567.738,440.365,-9.645,-5.288,270,440,-1,0,0,0
558.092,435.077,-9.645,-5.288,265,440,-1,0,0,0
548.447,429.788,-9.645,-5.288,260,440,-1,0,0,0
538.802,424.5,-9.645,-5.288,255,440,-1,0,0,0
529.156,419.212,-9.645,-5.288,250,440,-1,0,0,0
519.511,413.923,-9.645,-5.288,245,440,-1,0,0,0
509.865,408.635,-9.645,-5.288,240,440,-1,0,0,0
500.22,403.347,-9.645,-5.288,235,440,-1,0,0,0
490.575,398.058,-9.645,-5.288,230,440,-1,0,0,0
480.929,392.77,-9.645,-5.288,225,440,-1,0,0,0
471.284,387.482,-9.645,-5.288,220,440,-1,0,0,0
461.638,382.193,-9.645,-5.288,215,440,-1,0,0,0
451.993,376.905,-9.645,-5.288,210,440,-1,0,0,0
442.348,371.617,-9.645,-5.288,205,440,-1,0,0,0
432.702,366.328,-9.645,-5.288,200,440,-1,0,0,0
423.057,361.04,-9.645,-5.288,195,440,-1,0,0,0
413.411,355.752,-9.645,-5.288,190,440,-1,0,0,0
403.766,350.463,-9.645,-5.288,185,440,-1,0,0,0
394.121,345.175,-9.645,-5.288,180,440,-1,0,0,0
384.475,339.887,-9.645,-5.288,175,440,-1,0,0,0
374.83,334.598,-9.645,-5.288,170,440,-1,0,0,0
365.185,329.31,-9.645,-5.288,165,440,-1,0,0,0
355.539,324.021,-9.645,-5.288,160,440,-1,0,0,0
345.894,318.733,-9.645,-5.288,155,440,-1,0,0,0
336.248,313.445,-9.645,-5.288,150,440,-1,0,0,0
326.603,308.156,-9.645,-5.288,145,440,-1,0,0,0
316.958,302.868,-9.645,-5.288,140,440,-1,0,0,0
307.312,297.58,-9.645,-5.288,135,440,-1,0,0,0
297.667,292.291,-9.645,-5.288,130,440,-1,0,0,0
288.021,287.003,-9.645,-5.288,125,440,-1,0,0,0
278.376,281.715,-9.645,-5.288,120,440,-1,0,0,0
268.731,276.426,-9.645,-5.288,115,440,-1,0,0,0
259.085,271.138,-9.645,-5.288,110,440,-1,0,0,0
249.44,265.85,-9.645,-5.288,110,440,0,0,0,0
239.795,260.561,-9.645,-5.288,110,440,0,0,0,0
230.149,255.273,-9.645,-5.288,110,440,0,0,0,0
220.504,249.985,-9.645,-5.288,110,440,0,0,0,0
210.858,244.696,-9.645,-5.288,110,440,0,0,0,0
201.213,239.408,-9.645,-5.288,110,440,0,0,0,0
191.568,234.12,-9.645,-5.288,110,440,0,0,0,0
181.922,228.831,-9.645,-5.288,110,440,0,0,0,0
172.277,223.543,-9.645,-5.288,110,440,0,0,0,0
162.631,218.255,-9.645,-5.288,105,440,-1,0,0,0
152.986,212.966,-9.645,-5.288,100,440,-1,0,0,0
143.341,207.678,-9.645,-5.288,95,440,-1,0,0,0
133.695,202.39,-9.645,-5.288,90,440,-1,0,0,0
124.05,197.101,-9.645,-5.288,85,440,-1,0,0,0
114.405,191.813,-9.645,-5.288,80,440,-1,0,0,0
104.759,186.525,-9.645,-5.288,75,440,-1,0,0,0
95.114,181.236,-9.645,-5.288,70,440,-1,0,0,0
85.468,175.948,-9.645,-5.288,65,440,-1,0,0,0
75.823,170.66,-9.645,-5.288,65,440,0,0,0,0
66.178,165.371,-9.645,-5.288,65,440,0,0,0,0
56.532,160.083,-9.645,-5.288,65,440,0,0,0,0
46.887,154.795,-9.645,-5.288,65,440,0,0,0,0
49.0,149.506,5.65,9.786,65,440,0,0,0,0
54.65,159.292,5.65,9.786,65,440,0,0,0,0
60.3,169.078,5.65,9.786,65,440,0,0,0,0
65.95,178.865,5.65,9.786,65,440,0,0,0,0
71.6,188.651,5.65,9.786,65,440,0,0,0,0
77.25,198.437,5.65,9.786,65,440,0,0,0,0
82.9,208.223,5.65,9.786,65,440,0,0,0,0
88.55,218.009,5.65,9.786,65,440,0,0,0,0
94.2,227.795,5.65,9.786,65,440,0,0,0,0
99.85,237.581,5.65,9.786,65,440,0,0,0,0
105.5,247.367,5.65,9.786,65,440,0,0,0,0
111.15,257.153,5.65,9.786,65,440,0,0,0,0
116.8,266.939,5.65,9.786,65,440,0,0,0,0
122.45,276.725,5.65,9.786,65,440,0,0,0,0
128.1,286.512,5.65,9.786,65,440,0,0,0,0
133.75,296.298,5.65,9.786,65,440,0,0,0,0
139.4,306.084,5.65,9.786,65,440,0,0,0,0
145.05,315.87,5.65,9.786,65,440,0,0,0,0
150.7,325.656,5.65,9.786,65,440,0,0,0,0
156.35,335.442,5.65,9.786,65,440,0,0,0,0
162.0,345.228,5.65,9.786,65,440,0,0,0,0
167.65,355.014,5.65,9.786,65,440,0,0,0,0
173.3,364.8,5.65,9.786,70,440,1,0,0,0
178.95,374.586,5.65,9.786,75,440,1,0,0,0
184.6,384.372,5.65,9.786,80,440,1,0,0,0
190.25,394.158,5.65,9.786,85,440,1,0,0,0
195.9,403.945,5.65,9.786,90,440,1,0,0,0
201.55,413.731,5.65,9.786,95,440,1,0,0,0
207.2,423.517,5.65,9.786,100,440,1,0,0,0
212.85,433.303,5.65,9.786,105,440,1,0,0,0
218.5,443.089,5.65,9.786,110,440,1,0,0,0
224.15,452.875,5.65,9.786,115,440,1,0,0,0
229.8,462.661,5.65,9.786,120,440,1,0,0,0
235.45,472.447,5.65,9.786,125,440,1,0,0,0
241.1,482.233,5.65,9.786,130,440,1,0,0,0
246.75,492.019,5.65,9.786,135,440,1,0,0,0
252.4,501.805,5.65,9.786,140,440,1,0,0,0
258.05,511.592,5.65,9.786,140,440,0,0,0,0
263.7,521.378,5.65,9.786,140,440,0,0,0,0
269.35,531.164,5.65,9.786,140,440,0,0,0,0
275.0,540.95,5.65,9.786,140,440,0,0,0,0
280.65,550.736,5.65,9.786,140,440,0,0,0,0
286.3,560.522,5.65,9.786,140,440,0,0,0,0
291.95,570.308,5.65,9.786,140,440,0,0,0,0
297.6,580.094,5.65,9.786,140,440,0,0,0,0
303.25,589.88,5.65,9.786,140,440,0,0,0,0
308.9,594.0,5.65,-9.786,140,440,0,0,0,0
314.55,584.214,5.65,-9.786,140,440,0,0,0,0
320.2,574.428,5.65,-9.786,140,440,0,0,0,0
325.85,564.642,5.65,-9.786,140,440,0,0,0,0
331.5,554.856,5.65,-9.786,140,440,0,0,0,0
337.15,545.07,5.65,-9.786,140,440,0,0,0,0
342.8,535.283,5.65,-9.786,140,440,0,0,0,0
348.45,525.497,5.65,-9.786,140,440,0,0,0,0
354.1,515.711,5.65,-9.786,140,440,0,0,0,0
359.75,505.925,5.65,-9.786,140,440,0,0,0,0
365.4,496.139,5.65,-9.786,140,435,0,-1,0,0
371.05,486.353,5.65,-9.786,140,430,0,-1,0,0
376.7,476.567,5.65,-9.786,140,425,0,-1,0,0
382.35,466.781,5.65,-9.786,140,420,0,-1,0,0
388.0,456.995,5.65,-9.786,140,415,0,-1,0,0
393.65,447.209,5.65,-9.786,140,410,0,-1,0,0
399.3,437.423,5.65,-9.786,140,405,0,-1,0,0
404.95,427.637,5.65,-9.786,140,400,0,-1,0,0
410.6,417.85,5.65,-9.786,140,395,0,-1,0,0
416.25,408.064,5.65,-9.786,140,390,0,-1,0,0
421.9,398.278,5.65,-9.786,140,385,0,-1,0,0
427.55,388.492,5.65,-9.786,140,380,0,-1,0,0
433.2,378.706,5.65,-9.786,140,375,0,-1,0,0
438.85,368.92,5.65,-9.786,140,370,0,-1,0,0
444.5,359.134,5.65,-9.786,140,365,0,-1,0,0
450.15,349.348,5.65,-9.786,140,360,0,-1,0,0
455.8,339.562,5.65,-9.786,140,355,0,-1,0,0
461.45,329.776,5.65,-9.786,140,350,0,-1,0,0
467.1,319.99,5.65,-9.786,140,345,0,-1,0,0
472.75,310.203,5.65,-9.786,140,340,0,-1,0,0
478.4,300.417,5.65,-9.786,140,335,0,-1,0,0
484.05,290.631,5.65,-9.786,140,330,0,-1,0,0
489.7,280.845,5.65,-9.786,140,325,0,-1,0,0
495.35,271.059,5.65,-9.786,140,320,0,-1,0,0
501.0,261.273,5.65,-9.786,140,315,0,-1,0,0
506.65,251.487,5.65,-9.786,140,310,0,-1,0,0
512.3,241.701,5.65,-9.786,140,305,0,-1,0,0
517.95,231.915,5.65,-9.786,140,300,0,-1,0,0
523.6,222.129,5.65,-9.786,140,295,0,-1,0,0
529.25,212.343,5.65,-9.786,140,290,0,-1,0,0
534.9,202.557,5.65,-9.786,140,285,0,-1,0,0
540.55,192.77,5.65,-9.786,140,280,0,-1,0,0
546.2,182.984,5.65,-9.786,140,275,0,-1,0,0
551.85,173.198,5.65,-9.786,140,270,0,-1,0,0
557.5,163.412,5.65,-9.786,140,265,0,-1,0,0
563.15,153.626,5.65,-9.786,140,260,0,-1,0,0
568.8,143.84,5.65,-9.786,140,255,0,-1,0,0
574.45,134.054,5.65,-9.786,140,250,0,-1,0,0
580.1,124.268,5.65,-9.786,140,245,0,-1,0,0
585.75,114.482,5.65,-9.786,140,240,0,-1,0,0
591.4,104.696,5.65,-9.786,140,235,0,-1,0,0
597.05,94.91,5.65,-9.786,140,230,0,-1,0,0
602.7,85.123,5.65,-9.786,140,225,0,-1,0,0
608.35,75.337,5.65,-9.786,140,220,0,-1,0,0
614.0,65.551,5.65,-9.786,140,215,0,-1,0,0
619.65,55.765,5.65,-9.786,140,210,0,-1,0,0
625.3,45.979,5.65,-9.786,140,205,0,-1,0,0
630.95,36.193,5.65,-9.786,140,200,0,-1,0,0
636.6,26.407,5.65,-9.786,140,195,0,-1,0,0
642.25,16.621,5.65,-9.786,140,190,0,-1,0,0
647.9,6.835,5.65,-9.786,140,185,0,-1,0,0
653.55,6.0,5.65,9.786,140,180,0,-1,0,0
659.2,15.786,5.65,9.786,140,175,0,-1,0,0
664.85,25.572,5.65,9.786,140,170,0,-1,0,0
670.5,35.358,5.65,9.786,140,165,0,-1,0,0
676.15,45.144,5.65,9.786,140,160,0,-1,0,0
681.8,54.93,5.65,9.786,140,155,0,-1,0,0
687.45,64.717,5.65,9.786,140,150,0,-1,0,0
693.1,74.503,5.65,9.786,140,145,0,-1,0,0
698.75,84.289,5.65,9.786,140,140,0,-1,0,0
704.4,94.075,5.65,9.786,140,135,0,-1,0,0
710.05,103.861,5.65,9.786,140,130,0,-1,0,0
715.7,113.647,5.65,9.786,140,125,0,-1,0,0
721.35,123.433,5.65,9.786,140,120,0,-1,0,0
727.0,133.219,5.65,9.786,140,115,0,-1,0,0
732.65,143.005,5.65,9.786,140,110,0,-1,0,0
738.3,152.791,5.65,9.786,140,105,0,-1,0,0
743.95,162.577,5.65,9.786,140,100,0,-1,0,0
749.6,172.363,5.65,9.786,140,95,0,-1,0,0
755.25,182.15,5.65,9.786,140,90,0,-1,0,0
760.9,191.936,5.65,9.786,140,85,0,-1,0,0
766.55,201.722,5.65,9.786,140,80,0,-1,0,0
772.2,211.508,5.65,9.786,140,75,0,-1,0,0
777.85,221.294,5.65,9.786,145,70,1,-1,0,0
783.5,231.08,5.65,9.786,150,65,1,-1,0,0
789.15,240.866,5.65,9.786,155,60,1,-1,0,0
794.8,250.652,5.65,9.786,160,55,1,-1,0,0
800.45,260.438,5.65,9.786,165,50,1,-1,0,0
400.0,300.0,-4.949,-0.709,170,45,1,-1,1,0
395.051,299.291,-4.949,-0.709,170,45,0,0,0,0
390.101,298.581,-4.949,-0.709,170,45,0,0,0,0
385.152,297.872,-4.949,-0.709,170,45,0,0,0,0
380.202,297.163,-4.949,-0.709,170,45,0,0,0,0
375.253,296.454,-4.949,-0.709,170,45,0,0,0,0
370.303,295.744,-4.949,-0.709,170,45,0,0,0,0
365.354,295.035,-4.949,-0.709,170,45,0,0,0,0
360.404,294.326,-4.949,-0.709,170,45,0,0,0,0
355.455,293.617,-4.949,-0.709,170,45,0,0,0,0
350.506,292.907,-4.949,-0.709,170,45,0,0,0,0
345.556,292.198,-4.949,-0.709,170,45,0,0,0,0
340.607,291.489,-4.949,-0.709,170,45,0,0,0,0
335.657,290.78,-4.949,-0.709,170,45,0,0,0,0
330.708,290.07,-4.949,-0.709,170,45,0,0,0,0
325.758,289.361,-4.949,-0.709,170,45,0,0,0,0
320.809,288.652,-4.949,-0.709,175,45,1,0,0,0
315.86,287.943,-4.949,-0.709,180,45,1,0,0,0
310.91,287.233,-4.949,-0.709,185,45,1,0,0,0
305.961,286.524,-4.949,-0.709,190,45,1,0,0,0
301.011,285.815,-4.949,-0.709,195,45,1,0,0,0
296.062,285.106,-4.949,-0.709,200,45,1,0,0,0
291.112,284.396,-4.949,-0.709,205,45,1,0,0,0
286.163,283.687,-4.949,-0.709,210,45,1,0,0,0
281.213,282.978,-4.949,-0.709,215,45,1,0,0,0
276.264,282.268,-4.949,-0.709,220,45,1,0,0,0
271.315,281.559,-4.949,-0.709,225,45,1,0,0,0
266.365,280.85,-4.949,-0.709,230,45,1,0,0,0
261.416,280.141,-4.949,-0.709,235,45,1,0,0,0
256.466,279.431,-4.949,-0.709,240,45,1,0,0,0
251.517,278.722,-4.949,-0.709,245,45,1,0,0,0
246.567,278.013,-4.949,-0.709,245,45,0,0,0,0
241.618,277.304,-4.949,-0.709,245,45,0,0,0,0
236.669,276.594,-4.949,-0.709,245,45,0,0,0,0
231.719,275.885,-4.949,-0.709,245,45,0,0,0,0
226.77,275.176,-4.949,-0.709,245,45,0,0,0,0
221.82,274.467,-4.949,-0.709,245,45,0,0,0,0
216.871,273.757,-4.949,-0.709,245,45,0,0,0,0
211.921,273.048,-4.949,-0.709,245,45,0,0,0,0
206.972,272.339,-4.949,-0.709,245,45,0,0,0,0
202.022,271.63,-4.949,-0.709,245,45,0,0,0,0
197.073,270.92,-4.949,-0.709,245,45,0,0,0,0
192.124,270.211,-4.949,-0.709,245,45,0,0,0,0
187.174,269.502,-4.949,-0.709,245,45,0,0,0,0
182.225,268.793,-4.949,-0.709,245,45,0,0,0,0
177.275,268.083,-4.949,-0.709,240,45,-1,0,0,0
172.326,267.374,-4.949,-0.709,235,45,-1,0,0,0
167.376,266.665,-4.949,-0.709,230,45,-1,0,0,0
162.427,265.956,-4.949,-0.709,225,45,-1,0,0,0
157.477,265.246,-4.949,-0.709,220,45,-1,0,0,0
152.528,264.537,-4.949,-0.709,215,45,-1,0,0,0
147.579,263.828,-4.949,-0.709,210,45,-1,0,0,0
142.629,263.118,-4.949,-0.709,210,45,0,0,0,0
137.68,262.409,-4.949,-0.709,210,45,0,0,0,0
132.73,261.7,-4.949,-0.709,210,45,0,0,0,0
127.781,260.991,-4.949,-0.709,210,45,0,0,0,0
122.831,260.281,-4.949,-0.709,210,45,0,0,0,0
117.882,259.572,-4.949,-0.709,210,45,0,0,0,0
112.933,258.863,-4.949,-0.709,210,45,0,0,0,0
107.983,258.154,-4.949,-0.709,210,45,0,0,0,0
103.034,257.444,-4.949,-0.709,210,45,0,0,0,0
98.084,256.735,-4.949,-0.709,210,45,0,0,0,0
93.135,256.026,-4.949,-0.709,210,45,0,0,0,0
88.185,255.317,-4.949,-0.709,210,45,0,0,0,0
83.236,254.607,-4.949,-0.709,210,45,0,0,0,0
78.286,253.898,-4.949,-0.709,210,45,0,0,0,0
73.337,253.189,-4.949,-0.709,210,45,0,0,0,0
68.388,252.48,-4.949,-0.709,210,45,0,0,0,0
63.438,251.77,-4.949,-0.709,210,45,0,0,0,0
58.489,251.061,-4.949,-0.709,210,45,0,0,0,0
53.539,250.352,-4.949,-0.709,210,45,0,0,0,0
48.59,249.643,-4.949,-0.709,210,45,0,0,0,0
49.0,248.933,5.298,-0.148,210,45,0,0,0,0
54.298,248.785,5.298,-0.148,210,50,0,1,0,0
59.596,248.637,5.298,-0.148,210,55,0,1,0,0
64.894,248.489,5.298,-0.148,210,60,0,1,0,0
70.192,248.341,5.298,-0.148,210,65,0,1,0,0
75.49,248.193,5.298,-0.148,210,70,0,1,0,0
80.788,248.045,5.298,-0.148,210,75,0,1,0,0
86.086,247.897,5.298,-0.148,210,80,0,1,0,0
91.383,247.749,5.298,-0.148,210,85,0,1,0,0
96.681,247.601,5.298,-0.148,210,90,0,1,0,0
101.979,247.453,5.298,-0.148,210,95,0,1,0,0
107.277,247.305,5.298,-0.148,210,100,0,1,0,0
112.575,247.157,5.298,-0.148,210,105,0,1,0,0
117.873,247.009,5.298,-0.148,210,110,0,1,0,0
123.171,246.861,5.298,-0.148,210,115,0,1,0,0
128.469,246.713,5.298,-0.148,210,120,0,1,0,0
133.767,246.565,5.298,-0.148,210,125,0,1,0,0
139.065,246.417,5.298,-0.148,210,130,0,1,0,0
144.363,246.269,5.298,-0.148,210,135,0,1,0,0
149.661,246.121,5.298,-0.148,210,140,0,1,0,0
154.959,245.973,5.298,-0.148,210,145,0,1,0,0
160.257,245.825,5.298,-0.148,210,145,0,0,0,0
165.555,245.677,5.298,-0.148,210,145,0,0,0,0
170.852,245.529,5.298,-0.148,210,145,0,0,0,0
176.15,245.381,5.298,-0.148,210,145,0,0,0,0
181.448,245.233,5.298,-0.148,210,145,0,0,0,0
186.746,245.085,5.298,-0.148,210,145,0,0,0,0
192.044,244.937,5.298,-0.148,210,145,0,0,0,0
197.342,244.789,5.298,-0.148,210,145,0,0,0,0
202.64,244.641,5.298,-0.148,210,145,0,0,0,0
207.938,244.493,5.298,-0.148,210,145,0,0,0,0
213.236,244.345,5.298,-0.148,210,145,0,0,0,0
218.534,244.197,5.298,-0.148,210,145,0,0,0,0
223.832,244.049,5.298,-0.148,210,145,0,0,0,0
229.13,243.901,5.298,-0.148,210,145,0,0,0,0
234.428,243.753,5.298,-0.148,210,145,0,0,0,0
239.726,243.605,5.298,-0.148,210,145,0,0,0,0
245.024,243.457,5.298,-0.148,210,145,0,0,0,0
250.321,243.309,5.298,-0.148,210,145,0,0,0,0
255.619,243.161,5.298,-0.148,210,145,0,0,0,0
260.917,243.013,5.298,-0.148,210,145,0,0,0,0
266.215,242.866,5.298,-0.148,210,145,0,0,0,0
271.513,242.718,5.298,-0.148,210,145,0,0,0,0
276.811,242.57,5.298,-0.148,210,145,0,0,0,0
282.109,242.422,5.298,-0.148,210,145,0,0,0,0
287.407,242.274,5.298,-0.148,210,145,0,0,0,0
292.705,242.126,5.298,-0.148,210,145,0,0,0,0
298.003,241.978,5.298,-0.148,210,150,0,1,0,0
303.301,241.83,5.298,-0.148,210,155,0,1,0,0
308.599,241.682,5.298,-0.148,210,160,0,1,0,0
313.897,241.534,5.298,-0.148,210,165,0,1,0,0
319.195,241.386,5.298,-0.148,210,170,0,1,0,0
324.493,241.238,5.298,-0.148,210,175,0,1,0,0
329.79,241.09,5.298,-0.148,210,180,0,1,0,0
335.088,240.942,5.298,-0.148,210,185,0,1,0,0
340.386,240.794,5.298,-0.148,210,190,0,1,0,0
345.684,240.646,5.298,-0.148,210,195,0,1,0,0
350.982,240.498,5.298,-0.148,210,200,0,1,0,0
356.28,240.35,5.298,-0.148,210,205,0,1,0,0
361.578,240.202,5.298,-0.148,210,210,0,1,0,0
366.876,240.054,5.298,-0.148,210,215,0,1,0,0
372.174,239.906,5.298,-0.148,210,220,0,1,0,0
377.472,239.758,5.298,-0.148,210,225,0,1,0,0
382.77,239.61,5.298,-0.148,210,225,0,0,0,0
388.068,239.462,5.298,-0.148,210,225,0,0,0,0
393.366,239.314,5.298,-0.148,210,225,0,0,0,0
398.664,239.166,5.298,-0.148,210,225,0,0,0,0
403.962,239.018,5.298,-0.148,210,225,0,0,0,0
409.259,238.87,5.298,-0.148,210,225,0,0,0,0
414.557,238.722,5.298,-0.148,210,225,0,0,0,0
419.855,238.574,5.298,-0.148,210,225,0,0,0,0
425.153,238.426,5.298,-0.148,210,225,0,0,0,0
430.451,238.278,5.298,-0.148,210,225,0,0,0,0
435.749,238.13,5.298,-0.148,210,225,0,0,0,0
441.047,237.982,5.298,-0.148,210,225,0,0,0,0
446.345,237.834,5.298,-0.148,210,225,0,0,0,0
451.643,237.686,5.298,-0.148,210,225,0,0,0,0
456.941,237.538,5.298,-0.148,210,225,0,0,0,0
462.239,237.39,5.298,-0.148,210,225,0,0,0,0
467.537,237.242,5.298,-0.148,210,225,0,0,0,0
472.835,237.094,5.298,-0.148,210,225,0,0,0,0
478.133,236.946,5.298,-0.148,210,225,0,0,0,0
483.431,236.798,5.298,-0.148,210,225,0,0,0,0
488.728,236.65,5.298,-0.148,210,225,0,0,0,0
494.026,236.502,5.298,-0.148,210,225,0,0,0,0
499.324,236.354,5.298,-0.148,210,225,0,0,0,0
504.622,236.206,5.298,-0.148,210,225,0,0,0,0
509.92,236.058,5.298,-0.148,210,220,0,-1,0,0
515.218,235.91,5.298,-0.148,210,215,0,-1,0,0
520.516,235.762,5.298,-0.148,210,210,0,-1,0,0
525.814,235.614,5.298,-0.148,210,205,0,-1,0,0
531.112,235.466,5.298,-0.148,210,200,0,-1,0,0
536.41,235.318,5.298,-0.148,210,195,0,-1,0,0
541.708,235.17,5.298,-0.148,210,195,0,0,0,0
547.006,235.022,5.298,-0.148,210,195,0,0,0,0
552.304,234.874,5.298,-0.148,210,195,0,0,0,0
557.602,234.726,5.298,-0.148,210,195,0,0,0,0
562.9,234.578,5.298,-0.148,210,195,0,0,0,0
568.197,234.43,5.298,-0.148,210,195,0,0,0,0
573.495,234.282,5.298,-0.148,210,195,0,0,0,0
578.793,234.134,5.298,-0.148,210,195,0,0,0,0
584.091,233.986,5.298,-0.148,210,195,0,0,0,0
589.389,233.838,5.298,-0.148,210,195,0,0,0,0
594.687,233.69,5.298,-0.148,210,195,0,0,0,0
599.985,233.542,5.298,-0.148,210,195,0,0,0,0
605.283,233.394,5.298,-0.148,210,195,0,0,0,0
610.581,233.246,5.298,-0.148,210,195,0,0,0,0
615.879,233.098,5.298,-0.148,210,195,0,0,0,0
621.177,232.95,5.298,-0.148,210,195,0,0,0,0
626.475,232.802,5.298,-0.148,210,195,0,0,0,0
631.773,232.654,5.298,-0.148,210,195,0,0,0,0
637.071,232.506,5.298,-0.148,210,195,0,0,0,0
642.369,232.358,5.298,-0.148,210,195,0,0,0,0
647.666,232.21,5.298,-0.148,210,195,0,0,0,0
652.964,232.062,5.298,-0.148,210,195,0,0,0,0
658.262,231.914,5.298,-0.148,210,195,0,0,0,0
663.56,231.766,5.298,-0.148,210,195,0,0,0,0
668.858,231.618,5.298,-0.148,210,195,0,0,0,0
674.156,231.47,5.298,-0.148,210,195,0,0,0,0
679.454,231.322,5.298,-0.148,210,195,0,0,0,0
684.752,231.174,5.298,-0.148,210,195,0,0,0,0
690.05,231.026,5.298,-0.148,210,195,0,0,0,0
695.348,230.878,5.298,-0.148,210,195,0,0,0,0
700.646,230.73,5.298,-0.148,210,195,0,0,0,0
705.944,230.582,5.298,-0.148,210,195,0,0,0,0
711.242,230.434,5.298,-0.148,210,195,0,0,0,0
716.54,230.286,5.298,-0.148,210,195,0,0,0,0
721.838,230.138,5.298,-0.148,210,195,0,0,0,0
727.135,229.99,5.298,-0.148,210,195,0,0,0,0
732.433,229.842,5.298,-0.148,210,195,0,0,0,0
737.731,229.694,5.298,-0.148,210,195,0,0,0,0
743.029,229.546,5.298,-0.148,210,195,0,0,0,0
748.327,229.398,5.298,-0.148,210,195,0,0,0,0
751.0,229.25,-5.537,-0.84,210,195,0,0,0,0
745.463,228.41,-5.537,-0.84,210,195,0,0,0,0
739.927,227.57,-5.537,-0.84,210,195,0,0,0,0
734.39,226.731,-5.537,-0.84,210,195,0,0,0,0
728.853,225.891,-5.537,-0.84,210,195,0,0,0,0
723.317,225.051,-5.537,-0.84,210,195,0,0,0,0
717.78,224.211,-5.537,-0.84,210,195,0,0,0,0
712.243,223.371,-5.537,-0.84,210,195,0,0,0,0
706.707,222.532,-5.537,-0.84,210,195,0,0,0,0
701.17,221.692,-5.537,-0.84,210,195,0,0,0,0
695.633,220.852,-5.537,-0.84,210,195,0,0,0,0
690.097,220.012,-5.537,-0.84,210,195,0,0,0,0
684.56,219.172,-5.537,-0.84,210,195,0,0,0,0
679.023,218.333,-5.537,-0.84,210,195,0,0,0,0
673.487,217.493,-5.537,-0.84,210,195,0,0,0,0
667.95,216.653,-5.537,-0.84,210,195,0,0,0,0
662.413,215.813,-5.537,-0.84,210,195,0,0,0,0
656.877,214.973,-5.537,-0.84,210,195,0,0,0,0
651.34,214.133,-5.537,-0.84,210,195,0,0,0,0
645.803,213.294,-5.537,-0.84,210,195,0,0,0,0
640.267,212.454,-5.537,-0.84,210,195,0,0,0,0
634.73,211.614,-5.537,-0.84,210,195,0,0,0,0
629.193,210.774,-5.537,-0.84,210,195,0,0,0,0
623.657,209.934,-5.537,-0.84,210,195,0,0,0,0
618.12,209.095,-5.537,-0.84,210,195,0,0,0,0
612.583,208.255,-5.537,-0.84,210,195,0,0,0,0
607.047,207.415,-5.537,-0.84,210,195,0,0,0,0
601.51,206.575,-5.537,-0.84,210,195,0,0,0,0
595.973,205.735,-5.537,-0.84,210,195,0,0,0,0
590.437,204.896,-5.537,-0.84,210,195,0,0,0,0
584.9,204.056,-5.537,-0.84,210,195,0,0,0,0
579.363,203.216,-5.537,-0.84,210,195,0,0,0,0
573.827,202.376,-5.537,-0.84,210,195,0,0,0,0
568.29,201.536,-5.537,-0.84,210,195,0,0,0,0
562.753,200.697,-5.537,-0.84,205,195,-1,0,0,0
557.217,199.857,-5.537,-0.84,200,195,-1,0,0,0
551.68,199.017,-5.537,-0.84,195,195,-1,0,0,0
546.143,198.177,-5.537,-0.84,190,195,-1,0,0,0
540.607,197.337,-5.537,-0.84,185,195,-1,0,0,0
535.07,196.497,-5.537,-0.84,185,195,0,0,0,0
529.533,195.658,-5.537,-0.84,185,195,0,0,0,0
523.997,194.818,-5.537,-0.84,185,195,0,0,0,0
518.46,193.978,-5.537,-0.84,185,195,0,0,0,0
512.923,193.138,-5.537,-0.84,185,195,0,0,0,0
507.386,192.298,-5.537,-0.84,185,195,0,0,0,0
501.85,191.459,-5.537,-0.84,185,195,0,0,0,0
496.313,190.619,-5.537,-0.84,185,195,0,0,0,0
490.776,189.779,-5.537,-0.84,185,195,0,0,0,0
485.24,188.939,-5.537,-0.84,185,195,0,0,0,0
479.703,188.099,-5.537,-0.84,185,195,0,0,0,0
474.166,187.26,-5.537,-0.84,185,195,0,0,0,0
468.63,186.42,-5.537,-0.84,185,195,0,0,0,0
463.093,185.58,-5.537,-0.84,185,195,0,0,0,0
457.556,184.74,-5.537,-0.84,185,195,0,0,0,0
452.02,183.9,-5.537,-0.84,185,195,0,0,0,0
446.483,183.061,-5.537,-0.84,180,195,-1,0,0,0
440.946,182.221,-5.537,-0.84,175,195,-1,0,0,0
435.41,181.381,-5.537,-0.84,170,195,-1,0,0,0
429.873,180.541,-5.537,-0.84,165,195,-1,0,0,0
424.336,179.701,-5.537,-0.84,160,195,-1,0,0,0
418.8,178.861,-5.537,-0.84,155,195,-1,0,0,0
413.263,178.022,-5.537,-0.84,150,195,-1,0,0,0
407.726,177.182,-5.537,-0.84,145,195,-1,0,0,0
402.19,176.342,-5.537,-0.84,140,195,-1,0,0,0
396.653,175.502,-5.537,-0.84,135,195,-1,0,0,0
391.116,174.662,-5.537,-0.84,130,195,-1,0,0,0
385.58,173.823,-5.537,-0.84,125,195,-1,0,0,0
380.043,172.983,-5.537,-0.84,120,195,-1,0,0,0
374.506,172.143,-5.537,-0.84,115,195,-1,0,0,0
368.97,171.303,-5.537,-0.84,110,195,-1,0,0,0
363.433,170.463,-5.537,-0.84,110,195,0,0,0,0
357.896,169.624,-5.537,-0.84,110,195,0,0,0,0
352.36,168.784,-5.537,-0.84,110,195,0,0,0,0
346.823,167.944,-5.537,-0.84,110,195,0,0,0,0
341.286,167.104,-5.537,-0.84,110,195,0,0,0,0
335.75,166.264,-5.537,-0.84,110,195,0,0,0,0
330.213,165.425,-5.537,-0.84,110,195,0,0,0,0
324.676,164.585,-5.537,-0.84,110,195,0,0,0,0
319.14,163.745,-5.537,-0.84,110,195,0,0,0,0
313.603,162.905,-5.537,-0.84,110,195,0,0,0,0
308.066,162.065,-5.537,-0.84,110,195,0,0,0,0
302.53,161.225,-5.537,-0.84,110,195,0,0,0,0
296.993,160.386,-5.537,-0.84,110,195,0,0,0,0
291.456,159.546,-5.537,-0.84,110,195,0,0,0,0
285.92,158.706,-5.537,-0.84,110,195,0,0,0,0
280.383,157.866,-5.537,-0.84,110,195,0,0,0,0
274.846,157.026,-5.537,-0.84,110,195,0,0,0,0
269.31,156.187,-5.537,-0.84,110,195,0,0,0,0
263.773,155.347,-5.537,-0.84,110,195,0,0,0,0
258.236,154.507,-5.537,-0.84,110,195,0,0,0,0
252.7,153.667,-5.537,-0.84,110,195,0,0,0,0
247.163,152.827,-5.537,-0.84,110,195,0,0,0,0
241.626,151.988,-5.537,-0.84,110,195,0,0,0,0
236.09,151.148,-5.537,-0.84,110,195,0,0,0,0
230.553,150.308,-5.537,-0.84,110,195,0,0,0,0
225.016,149.468,-5.537,-0.84,110,195,0,0,0,0
219.48,148.628,-5.537,-0.84,110,195,0,0,0,0
213.943,147.789,-5.537,-0.84,110,195,0,0,0,0
208.406,146.949,-5.537,-0.84,110,195,0,0,0,0
202.87,146.109,-5.537,-0.84,110,195,0,0,0,0
197.333,145.269,-5.537,-0.84,110,195,0,0,0,0
191.796,144.429,-5.537,-0.84,110,195,0,0,0,0
186.26,143.589,-5.537,-0.84,110,195,0,0,0,0
180.723,142.75,-5.537,-0.84,110,195,0,0,0,0
175.186,141.91,-5.537,-0.84,110,195,0,0,0,0
169.65,141.07,-5.537,-0.84,110,195,0,0,0,0
164.113,140.23,-5.537,-0.84,110,195,0,0,0,0
158.576,139.39,-5.537,-0.84,110,195,0,0,0,0
153.04,138.551,-5.537,-0.84,105,195,-1,0,0,0
147.503,137.711,-5.537,-0.84,100,195,-1,0,0,0
141.966,136.871,-5.537,-0.84,95,195,-1,0,0,0
136.43,136.031,-5.537,-0.84,95,195,0,0,0,0
130.893,135.191,-5.537,-0.84,95,195,0,0,0,0
125.356,134.352,-5.537,-0.84,95,195,0,0,0,0
119.82,133.512,-5.537,-0.84,95,195,0,0,0,0
114.283,132.672,-5.537,-0.84,95,195,0,0,0,0
108.746,131.832,-5.537,-0.84,95,195,0,0,0,0
103.21,130.992,-5.537,-0.84,95,195,0,0,0,0
97.673,130.153,-5.537,-0.84,95,195,0,0,0,0
92.136,129.313,-5.537,-0.84,95,195,0,0,0,0
86.6,128.473,-5.537,-0.84,95,195,0,0,0,0
81.063,127.633,-5.537,-0.84,95,195,0,0,0,0
75.526,126.793,-5.537,-0.84,95,195,0,0,0,0
69.99,125.954,-5.537,-0.84,95,195,0,0,0,0
64.453,125.114,-5.537,-0.84,95,195,0,0,0,0
58.916,124.274,-5.537,-0.84,95,195,0,0,0,0
53.38,123.434,-5.537,-0.84,95,195,0,0,0,0
49.0,122.594,5.592,-1.883,95,195,0,0,0,0
54.592,120.712,5.592,-1.883,95,195,0,0,0,0
60.183,118.829,5.592,-1.883,95,195,0,0,0,0
65.775,116.946,5.592,-1.883,95,195,0,0,0,0
71.366,115.063,5.592,-1.883,95,195,0,0,0,0
76.958,113.181,5.592,-1.883,95,195,0,0,0,0
82.549,111.298,5.592,-1.883,95,195,0,0,0,0
88.141,109.415,5.592,-1.883,95,195,0,0,0,0
93.732,107.533,5.592,-1.883,95,195,0,0,0,0
99.324,105.65,5.592,-1.883,95,195,0,0,0,0
104.916,103.767,5.592,-1.883,95,195,0,0,0,0
110.507,101.885,5.592,-1.883,95,195,0,0,0,0
116.099,100.002,5.592,-1.883,95,195,0,0,0,0
121.69,98.119,5.592,-1.883,95,195,0,0,0,0
127.282,96.236,5.592,-1.883,95,190,0,-1,0,0
132.873,94.354,5.592,-1.883,95,185,0,-1,0,0
138.465,92.471,5.592,-1.883,95,180,0,-1,0,0
144.056,90.588,5.592,-1.883,95,175,0,-1,0,0
149.648,88.706,5.592,-1.883,95,170,0,-1,0,0
155.239,86.823,5.592,-1.883,95,165,0,-1,0,0
160.831,84.94,5.592,-1.883,95,160,0,-1,0,0
166.423,83.058,5.592,-1.883,95,160,0,0,0,0
172.014,81.175,5.592,-1.883,95,160,0,0,0,0
177.606,79.292,5.592,-1.883,95,160,0,0,0,0
183.197,77.409,5.592,-1.883,95,160,0,0,0,0
188.789,75.527,5.592,-1.883,95,160,0,0,0,0
194.38,73.644,5.592,-1.883,95,160,0,0,0,0
199.972,71.761,5.592,-1.883,95,160,0,0,0,0
205.563,69.879,5.592,-1.883,95,160,0,0,0,0
211.155,67.996,5.592,-1.883,95,160,0,0,0,0
216.747,66.113,5.592,-1.883,95,155,0,-1,0,0
222.338,64.231,5.592,-1.883,95,150,0,-1,0,0
227.93,62.348,5.592,-1.883,95,145,0,-1,0,0
233.521,60.465,5.592,-1.883,95,140,0,-1,0,0
239.113,58.582,5.592,-1.883,95,135,0,-1,0,0
244.704,56.7,5.592,-1.883,95,130,0,-1,0,0
250.296,54.817,5.592,-1.883,95,125,0,-1,0,0
255.887,52.934,5.592,-1.883,95,120,0,-1,0,0
261.479,51.052,5.592,-1.883,95,120,0,0,0,0
267.07,49.169,5.592,-1.883,95,120,0,0,0,0
272.662,47.286,5.592,-1.883,95,120,0,0,0,0
278.254,45.404,5.592,-1.883,95,120,0,0,0,0
283.845,43.521,5.592,-1.883,95,120,0,0,0,0
289.437,41.638,5.592,-1.883,95,115,0,-1,0,0
295.028,39.755,5.592,-1.883,95,110,0,-1,0,0
300.62,37.873,5.592,-1.883,95,105,0,-1,0,0
306.211,35.99,5.592,-1.883,95,100,0,-1,0,0
311.803,34.107,5.592,-1.883,95,95,0,-1,0,0
317.394,32.225,5.592,-1.883,95,90,0,-1,0,0
322.986,30.342,5.592,-1.883,95,85,0,-1,0,0
328.578,28.459,5.592,-1.883,95,80,0,-1,0,0
334.169,26.577,5.592,-1.883,95,75,0,-1,0,0
339.761,24.694,5.592,-1.883,95,70,0,-1,0,0
345.352,22.811,5.592,-1.883,95,65,0,-1,0,0
350.944,20.928,5.592,-1.883,95,60,0,-1,0,0
356.535,19.046,5.592,-1.883,95,60,0,0,0,0
362.127,17.163,5.592,-1.883,95,60,0,0,0,0
367.718,15.28,5.592,-1.883,95,60,0,0,0,0
373.31,13.398,5.592,-1.883,95,60,0,0,0,0
378.902,11.515,5.592,-1.883,95,60,0,0,0,0
384.493,9.632,5.592,-1.883,95,60,0,0,0,0
390.085,7.75,5.592,-1.883,95,60,0,0,0,0
395.676,6.0,5.592,1.883,95,60,0,0,0,0
401.268,7.883,5.592,1.883,95,60,0,0,0,0
406.859,9.765,5.592,1.883,95,60,0,0,0,0
412.451,11.648,5.592,1.883,95,60,0,0,0,0
418.042,13.531,5.592,1.883,95,60,0,0,0,0
423.634,15.413,5.592,1.883,95,60,0,0,0,0
429.225,17.296,5.592,1.883,95,60,0,0,0,0
434.817,19.179,5.592,1.883,95,60,0,0,0,0
440.409,21.062,5.592,1.883,95,60,0,0,0,0
446.0,22.944,5.592,1.883,95,60,0,0,0,0
451.592,24.827,5.592,1.883,95,60,0,0,0,0
457.183,26.71,5.592,1.883,95,60,0,0,0,0
462.775,28.592,5.592,1.883,95,60,0,0,0,0
468.366,30.475,5.592,1.883,95,60,0,0,0,0
473.958,32.358,5.592,1.883,95,60,0,0,0,0
479.549,34.24,5.592,1.883,95,60,0,0,0,0
485.141,36.123,5.592,1.883,95,60,0,0,0,0
490.733,38.006,5.592,1.883,95,60,0,0,0,0
496.324,39.889,5.592,1.883,95,60,0,0,0,0
501.916,41.771,5.592,1.883,95,60,0,0,0,0
507.507,43.654,5.592,1.883,95,60,0,0,0,0
513.099,45.537,5.592,1.883,95,60,0,0,0,0
518.69,47.419,5.592,1.883,95,60,0,0,0,0
524.282,49.302,5.592,1.883,95,60,0,0,0,0
529.873,51.185,5.592,1.883,95,60,0,0,0,0
535.465,53.067,5.592,1.883,95,60,0,0,0,0
541.056,54.95,5.592,1.883,95,60,0,0,0,0
546.648,56.833,5.592,1.883,95,60,0,0,0,0
552.24,58.716,5.592,1.883,95,60,0,0,0,0
557.831,60.598,5.592,1.883,95,60,0,0,0,0
563.423,62.481,5.592,1.883,95,60,0,0,0,0
569.014,64.364,5.592,1.883,95,60,0,0,0,0
574.606,66.246,5.592,1.883,95,60,0,0,0,0
580.197,68.129,5.592,1.883,95,60,0,0,0,0
585.789,70.012,5.592,1.883,95,65,0,1,0,0
591.38,71.894,5.592,1.883,95,70,0,1,0,0
596.972,73.777,5.592,1.883,95,75,0,1,0,0
602.564,75.66,5.592,1.883,95,80,0,1,0,0
608.155,77.543,5.592,1.883,95,85,0,1,0,0
613.747,79.425,5.592,1.883,95,90,0,1,0,0
619.338,81.308,5.592,1.883,95,95,0,1,0,0
624.93,83.191,5.592,1.883,95,95,0,0,0,0
630.521,85.073,5.592,1.883,95,95,0,0,0,0
636.113,86.956,5.592,1.883,95,95,0,0,0,0
641.704,88.839,5.592,1.883,95,95,0,0,0,0
647.296,90.721,5.592,1.883,95,95,0,0,0,0
652.888,92.604,5.592,1.883,95,95,0,0,0,0
658.479,94.487,5.592,1.883,95,95,0,0,0,0
664.071,96.37,5.592,1.883,95,95,0,0,0,0
669.662,98.252,5.592,1.883,95,95,0,0,0,0
675.254,100.135,5.592,1.883,95,95,0,0,0,0
680.845,102.018,5.592,1.883,95,95,0,0,0,0
686.437,103.9,5.592,1.883,95,95,0,0,0,0
692.028,105.783,5.592,1.883,95,95,0,0,0,0
697.62,107.666,5.592,1.883,95,95,0,0,0,0
703.211,109.548,5.592,1.883,95,95,0,0,0,0
708.803,111.431,5.592,1.883,95,95,0,0,0,0
714.395,113.314,5.592,1.883,95,95,0,0,0,0
719.986,115.197,5.592,1.883,95,95,0,0,0,0
725.578,117.079,5.592,1.883,95,95,0,0,0,0
731.169,118.962,5.592,1.883,95,95,0,0,0,0
736.761,120.845,5.592,1.883,95,95,0,0,0,0
742.352,122.727,5.592,1.883,95,95,0,0,0,0
747.944,124.61,5.592,1.883,95,95,0,0,0,0
751.0,126.493,-6.047,-1.369,95,95,0,0,0,0
744.953,125.123,-6.047,-1.369,95,95,0,0,0,0
738.906,123.754,-6.047,-1.369,95,95,0,0,0,0
732.859,122.384,-6.047,-1.369,95,95,0,0,0,0
726.813,121.015,-6.047,-1.369,95,95,0,0,0,0
720.766,119.645,-6.047,-1.369,95,95,0,0,0,0
714.719,118.276,-6.047,-1.369,95,95,0,0,0,0
708.672,116.906,-6.047,-1.369,95,95,0,0,0,0
702.625,115.537,-6.047,-1.369,95,95,0,0,0,0
696.578,114.168,-6.047,-1.369,95,95,0,0,0,0
690.531,112.798,-6.047,-1.369,95,95,0,0,0,0
684.485,111.429,-6.047,-1.369,95,95,0,0,0,0
678.438,110.059,-6.047,-1.369,95,95,0,0,0,0
672.391,108.69,-6.047,-1.369,95,95,0,0,0,0
666.344,107.32,-6.047,-1.369,95,95,0,0,0,0
660.297,105.951,-6.047,-1.369,95,95,0,0,0,0
654.25,104.581,-6.047,-1.369,95,95,0,0,0,0
648.203,103.212,-6.047,-1.369,95,95,0,0,0,0
642.156,101.842,-6.047,-1.369,95,95,0,0,0,0
636.11,100.473,-6.047,-1.369,95,95,0,0,0,0
630.063,99.103,-6.047,-1.369,95,95,0,0,0,0
624.016,97.734,-6.047,-1.369,95,95,0,0,0,0
617.969,96.364,-6.047,-1.369,95,95,0,0,0,0
611.922,94.995,-6.047,-1.369,95,95,0,0,0,0
605.875,93.626,-6.047,-1.369,95,95,0,0,0,0
599.828,92.256,-6.047,-1.369,95,95,0,0,0,0
593.782,90.887,-6.047,-1.369,95,95,0,0,0,0
587.735,89.517,-6.047,-1.369,95,95,0,0,0,0
581.688,88.148,-6.047,-1.369,95,95,0,0,0,0
575.641,86.778,-6.047,-1.369,95,95,0,0,0,0
569.594,85.409,-6.047,-1.369,95,95,0,0,0,0
563.547,84.039,-6.047,-1.369,95,95,0,0,0,0
557.5,82.67,-6.047,-1.369,95,95,0,0,0,0
551.454,81.3,-6.047,-1.369,95,95,0,0,0,0
545.407,79.931,-6.047,-1.369,95,95,0,0,0,0
539.36,78.561,-6.047,-1.369,95,95,0,0,0,0
533.313,77.192,-6.047,-1.369,95,95,0,0,0,0
527.266,75.822,-6.047,-1.369,95,95,0,0,0,0
521.219,74.453,-6.047,-1.369,95,95,0,0,0,0
515.172,73.083,-6.047,-1.369,95,95,0,0,0,0
509.125,71.714,-6.047,-1.369,95,95,0,0,0,0
503.079,70.345,-6.047,-1.369,95,95,0,0,0,0
497.032,68.975,-6.047,-1.369,95,95,0,0,0,0
490.985,67.606,-6.047,-1.369,95,95,0,0,0,0
484.938,66.236,-6.047,-1.369,90,95,-1,0,0,0
478.891,64.867,-6.047,-1.369,85,95,-1,0,0,0
472.844,63.497,-6.047,-1.369,80,95,-1,0,0,0
466.797,62.128,-6.047,-1.369,75,95,-1,0,0,0
460.751,60.758,-6.047,-1.369,70,95,-1,0,0,0
454.704,59.389,-6.047,-1.369,65,95,-1,0,0,0
448.657,58.019,-6.047,-1.369,60,95,-1,0,0,0
442.61,56.65,-6.047,-1.369,55,95,-1,0,0,0
436.563,55.28,-6.047,-1.369,50,95,-1,0,0,0
430.516,53.911,-6.047,-1.369,50,95,0,0,0,0
424.469,52.541,-6.047,-1.369,50,95,0,0,0,0
418.423,51.172,-6.047,-1.369,50,95,0,0,0,0
412.376,49.803,-6.047,-1.369,50,95,0,0,0,0
406.329,48.433,-6.047,-1.369,50,95,0,0,0,0
400.282,47.064,-6.047,-1.369,50,95,0,0,0,0
394.235,45.694,-6.047,-1.369,50,95,0,0,0,0
388.188,44.325,-6.047,-1.369,50,95,0,0,0,0
382.141,42.955,-6.047,-1.369,50,95,0,0,0,0
376.094,41.586,-6.047,-1.369,50,95,0,0,0,0
370.048,40.216,-6.047,-1.369,50,95,0,0,0,0
364.001,38.847,-6.047,-1.369,50,95,0,0,0,0
357.954,37.477,-6.047,-1.369,50,95,0,0,0,0
351.907,36.108,-6.047,-1.369,50,95,0,0,0,0
345.86,34.738,-6.047,-1.369,50,95,0,0,0,0
339.813,33.369,-6.047,-1.369,50,95,0,0,0,0
333.766,31.999,-6.047,-1.369,50,95,0,0,0,0
327.72,30.63,-6.047,-1.369,50,95,0,0,0,0
321.673,29.261,-6.047,-1.369,50,95,0,0,0,0
315.626,27.891,-6.047,-1.369,50,95,0,0,0,0
309.579,26.522,-6.047,-1.369,50,95,0,0,0,0
303.532,25.152,-6.047,-1.369,50,95,0,0,0,0
297.485,23.783,-6.047,-1.369,50,95,0,0,0,0
291.438,22.413,-6.047,-1.369,50,95,0,0,0,0
285.392,21.044,-6.047,-1.369,50,95,0,0,0,0
279.345,19.674,-6.047,-1.369,50,95,0,0,0,0
273.298,18.305,-6.047,-1.369,50,95,0,0,0,0
267.251,16.935,-6.047,-1.369,50,95,0,0,0,0
261.204,15.566,-6.047,-1.369,50,95,0,0,0,0
255.157,14.196,-6.047,-1.369,50,95,0,0,0,0
249.11,12.827,-6.047,-1.369,50,95,0,0,0,0
243.063,11.457,-6.047,-1.369,50,95,0,0,0,0
237.017,10.088,-6.047,-1.369,50,95,0,0,0,0
230.97,8.718,-6.047,-1.369,50,95,0,0,0,0
224.923,7.349,-6.047,-1.369,50,95,0,0,0,0
218.876,6.0,-6.047,1.369,50,95,0,0,0,0
212.829,7.369,-6.047,1.369,50,95,0,0,0,0
206.782,8.739,-6.047,1.369,50,95,0,0,0,0
200.735,10.108,-6.047,1.369,50,95,0,0,0,0
194.689,11.478,-6.047,1.369,50,95,0,0,0,0
188.642,12.847,-6.047,1.369,50,95,0,0,0,0
182.595,14.217,-6.047,1.369,50,95,0,0,0,0
176.548,15.586,-6.047,1.369,50,95,0,0,0,0
170.501,16.956,-6.047,1.369,50,95,0,0,0,0
164.454,18.325,-6.047,1.369,50,95,0,0,0,0
158.407,19.695,-6.047,1.369,50,95,0,0,0,0
152.361,21.064,-6.047,1.369,50,95,0,0,0,0
146.314,22.434,-6.047,1.369,50,95,0,0,0,0
140.267,23.803,-6.047,1.369,50,95,0,0,0,0
134.22,25.173,-6.047,1.369,50,95,0,0,0,0
128.173,26.542,-6.047,1.369,50,95,0,0,0,0
122.126,27.911,-6.047,1.369,50,95,0,0,0,0
116.079,29.281,-6.047,1.369,50,95,0,0,0,0
110.032,30.65,-6.047,1.369,50,95,0,0,0,0
103.986,32.02,-6.047,1.369,50,95,0,0,0,0
97.939,33.389,-6.047,1.369,50,95,0,0,0,0
91.892,34.759,-6.047,1.369,50,95,0,0,0,0
85.845,36.128,-6.047,1.369,50,95,0,0,0,0
79.798,37.498,-6.047,1.369,50,95,0,0,0,0
73.751,38.867,-6.047,1.369,50,95,0,0,0,0
67.704,40.237,-6.047,1.369,50,95,0,0,0,0
61.658,41.606,-6.047,1.369,50,95,0,0,0,0
55.611,42.976,-6.047,1.369,50,95,0,0,0,0
49.564,44.345,-6.047,1.369,50,95,0,0,0,0
49.0,45.715,3.25,-5.629,50,95,0,0,0,0
52.25,40.085,3.25,-5.629,50,95,0,0,0,0
55.5,34.456,3.25,-5.629,50,95,0,0,0,0
58.75,28.827,3.25,-5.629,50,95,0,0,0,0
62.0,23.198,3.25,-5.629,50,95,0,0,0,0
65.25,17.569,3.25,-5.629,50,95,0,0,0,0
68.5,11.94,3.25,-5.629,50,95,0,0,0,0
71.75,6.31,3.25,-5.629,50,95,0,0,0,0
75.0,6.0,3.25,5.629,50,95,0,0,0,0
78.25,11.629,3.25,5.629,50,95,0,0,0,0
81.5,17.258,3.25,5.629,50,95,0,0,0,0
84.75,22.887,3.25,5.629,50,95,0,0,0,0
88.0,28.517,3.25,5.629,50,95,0,0,0,0
91.25,34.146,3.25,5.629,50,95,0,0,0,0
94.5,39.775,3.25,5.629,50,95,0,0,0,0
97.75,45.404,3.25,5.629,50,95,0,0,0,0
101.0,51.033,3.25,5.629,50,95,0,0,0,0
104.25,56.662,3.25,5.629,50,95,0,0,0,0
107.5,62.292,3.25,5.629,50,95,0,0,0,0
110.75,67.921,3.25,5.629,50,95,0,0,0,0
114.0,73.55,3.25,5.629,50,95,0,0,0,0
117.25,79.179,3.25,5.629,50,95,0,0,0,0
120.5,84.808,3.25,5.629,50,95,0,0,0,0
123.75,90.437,3.25,5.629,50,95,0,0,0,0
127.0,96.067,3.25,5.629,50,95,0,0,0,0
130.25,101.696,3.25,5.629,50,95,0,0,0,0
133.5,107.325,3.25,5.629,50,95,0,0,0,0
136.75,112.954,3.25,5.629,50,95,0,0,0,0
140.0,118.583,3.25,5.629,50,95,0,0,0,0
143.25,124.212,3.25,5.629,50,95,0,0,0,0
146.5,129.842,3.25,5.629,50,95,0,0,0,0
149.75,135.471,3.25,5.629,50,95,0,0,0,0
153.0,141.1,3.25,5.629,50,95,0,0,0,0
156.25,146.729,3.25,5.629,50,95,0,0,0,0
159.5,152.358,3.25,5.629,50,95,0,0,0,0
162.75,157.987,3.25,5.629,50,95,0,0,0,0
166.0,163.617,3.25,5.629,50,95,0,0,0,0
169.25,169.246,3.25,5.629,50,95,0,0,0,0
172.5,174.875,3.25,5.629,50,95,0,0,0,0
175.75,180.504,3.25,5.629,50,95,0,0,0,0
179.0,186.133,3.25,5.629,50,95,0,0,0,0
182.25,191.762,3.25,5.629,50,95,0,0,0,0
185.5,197.392,3.25,5.629,50,95,0,0,0,0
188.75,203.021,3.25,5.629,50,95,0,0,0,0
192.0,208.65,3.25,5.629,50,95,0,0,0,0
195.25,214.279,3.25,5.629,50,95,0,0,0,0
198.5,219.908,3.25,5.629,50,95,0,0,0,0
201.75,225.537,3.25,5.629,50,95,0,0,0,0
205.0,231.167,3.25,5.629,50,95,0,0,0,0
208.25,236.796,3.25,5.629,50,100,0,1,0,0
211.5,242.425,3.25,5.629,50,105,0,1,0,0
214.75,248.054,3.25,5.629,50,110,0,1,0,0
218.0,253.683,3.25,5.629,50,115,0,1,0,0
221.25,259.312,3.25,5.629,50,120,0,1,0,0
224.5,264.942,3.25,5.629,50,125,0,1,0,0
227.75,270.571,3.25,5.629,50,130,0,1,0,0
231.0,276.2,3.25,5.629,50,135,0,1,0,0
234.25,281.829,3.25,5.629,50,140,0,1,0,0
237.5,287.458,3.25,5.629,50,145,0,1,0,0
240.75,293.087,3.25,5.629,50,150,0,1,0,0
244.0,298.717,3.25,5.629,50,155,0,1,0,0
247.25,304.346,3.25,5.629,50,160,0,1,0,0
250.5,309.975,3.25,5.629,50,165,0,1,0,0
253.75,315.604,3.25,5.629,50,170,0,1,0,0
257.0,321.233,3.25,5.629,50,175,0,1,0,0
260.25,326.862,3.25,5.629,50,180,0,1,0,0
263.5,332.492,3.25,5.629,50,185,0,1,0,0
266.75,338.121,3.25,5.629,50,190,0,1,0,0
270.0,343.75,3.25,5.629,50,195,0,1,0,0
273.25,349.379,3.25,5.629,50,200,0,1,0,0
276.5,355.008,3.25,5.629,50,205,0,1,0,0
279.75,360.637,3.25,5.629,50,210,0,1,0,0
283.0,366.267,3.25,5.629,50,215,0,1,0,0
286.25,371.896,3.25,5.629,50,220,0,1,0,0
289.5,377.525,3.25,5.629,50,225,0,1,0,0
292.75,383.154,3.25,5.629,50,230,0,1,0,0
296.0,388.783,3.25,5.629,50,235,0,1,0,0
299.25,394.412,3.25,5.629,50,240,0,1,0,0
302.5,400.042,3.25,5.629,50,245,0,1,0,0
305.75,405.671,3.25,5.629,50,250,0,1,0,0
309.0,411.3,3.25,5.629,50,255,0,1,0,0
312.25,416.929,3.25,5.629,50,260,0,1,0,0
315.5,422.558,3.25,5.629,50,265,0,1,0,0
318.75,428.187,3.25,5.629,50,270,0,1,0,0
322.0,433.817,3.25,5.629,50,275,0,1,0,0
325.25,439.446,3.25,5.629,50,280,0,1,0,0
328.5,445.075,3.25,5.629,50,285,0,1,0,0
331.75,450.704,3.25,5.629,50,290,0,1,0,0
335.0,456.333,3.25,5.629,50,295,0,1,0,0
338.25,461.962,3.25,5.629,50,300,0,1,0,0
341.5,467.592,3.25,5.629,50,305,0,1,0,0
344.75,473.221,3.25,5.629,50,310,0,1,0,0
348.0,478.85,3.25,5.629,50,315,0,1,0,0
351.25,484.479,3.25,5.629,50,320,0,1,0,0
354.5,490.108,3.25,5.629,50,325,0,1,0,0
357.75,495.737,3.25,5.629,50,325,0,0,0,0
361.0,501.367,3.25,5.629,50,325,0,0,0,0
364.25,506.996,3.25,5.629,50,325,0,0,0,0
367.5,512.625,3.25,5.629,50,325,0,0,0,0
370.75,518.254,3.25,5.629,50,325,0,0,0,0
374.0,523.883,3.25,5.629,50,325,0,0,0,0
377.25,529.512,3.25,5.629,50,325,0,0,0,0
380.5,535.142,3.25,5.629,50,325,0,0,0,0
383.75,540.771,3.25,5.629,50,325,0,0,0,0
387.0,546.4,3.25,5.629,50,325,0,0,0,0
390.25,552.029,3.25,5.629,50,325,0,0,0,0
393.5,557.658,3.25,5.629,50,325,0,0,0,0
396.75,563.287,3.25,5.629,50,325,0,0,0,0
400.0,568.917,3.25,5.629,50,325,0,0,0,0
403.25,574.546,3.25,5.629,50,325,0,0,0,0
406.5,580.175,3.25,5.629,50,325,0,0,0,0
409.75,585.804,3.25,5.629,50,325,0,0,0,0
413.0,591.433,3.25,5.629,50,325,0,0,0,0
416.25,594.0,3.25,-5.629,50,325,0,0,0,0
419.5,588.371,3.25,-5.629,50,325,0,0,0,0
422.75,582.742,3.25,-5.629,50,325,0,0,0,0
426.0,577.113,3.25,-5.629,50,325,0,0,0,0
429.25,571.483,3.25,-5.629,50,325,0,0,0,0
432.5,565.854,3.25,-5.629,50,325,0,0,0,0
435.75,560.225,3.25,-5.629,50,325,0,0,0,0
439.0,554.596,3.25,-5.629,50,325,0,0,0,0
442.25,548.967,3.25,-5.629,50,325,0,0,0,0
445.5,543.338,3.25,-5.629,50,325,0,0,0,0
448.75,537.708,3.25,-5.629,50,325,0,0,0,0
452.0,532.079,3.25,-5.629,50,325,0,0,0,0
455.25,526.45,3.25,-5.629,50,325,0,0,0,0
458.5,520.821,3.25,-5.629,50,325,0,0,0,0
461.75,515.192,3.25,-5.629,50,325,0,0,0,0
465.0,509.563,3.25,-5.629,50,325,0,0,0,0
468.25,503.933,3.25,-5.629,50,325,0,0,0,0
471.5,498.304,3.25,-5.629,50,325,0,0,0,0
474.75,492.675,3.25,-5.629,50,325,0,0,0,0
478.0,487.046,3.25,-5.629,50,325,0,0,0,0
481.25,481.417,3.25,-5.629,50,325,0,0,0,0
484.5,475.788,3.25,-5.629,50,325,0,0,0,0
487.75,470.158,3.25,-5.629,50,325,0,0,0,0
491.0,464.529,3.25,-5.629,50,325,0,0,0,0
494.25,458.9,3.25,-5.629,50,325,0,0,0,0
497.5,453.271,3.25,-5.629,50,325,0,0,0,0
500.75,447.642,3.25,-5.629,50,325,0,0,0,0
504.0,442.013,3.25,-5.629,50,325,0,0,0,0
507.25,436.383,3.25,-5.629,50,325,0,0,0,0
510.5,430.754,3.25,-5.629,50,325,0,0,0,0
513.75,425.125,3.25,-5.629,50,325,0,0,0,0
517.0,419.496,3.25,-5.629,50,325,0,0,0,0
520.25,413.867,3.25,-5.629,50,325,0,0,0,0
523.5,408.238,3.25,-5.629,50,320,0,-1,0,0
526.75,402.608,3.25,-5.629,50,315,0,-1,0,0
530.0,396.979,3.25,-5.629,50,310,0,-1,0,0
533.25,391.35,3.25,-5.629,50,305,0,-1,0,0
536.5,385.721,3.25,-5.629,50,300,0,-1,0,0
539.75,380.092,3.25,-5.629,50,295,0,-1,0,0
543.0,374.463,3.25,-5.629,50,290,0,-1,0,0
546.25,368.833,3.25,-5.629,50,285,0,-1,0,0
549.5,363.204,3.25,-5.629,50,280,0,-1,0,0
552.75,357.575,3.25,-5.629,50,275,0,-1,0,0
556.0,351.946,3.25,-5.629,50,270,0,-1,0,0
559.25,346.317,3.25,-5.629,50,265,0,-1,0,0
562.5,340.688,3.25,-5.629,50,260,0,-1,0,0
565.75,335.058,3.25,-5.629,50,255,0,-1,0,0
569.0,329.429,3.25,-5.629,50,250,0,-1,0,0
572.25,323.8,3.25,-5.629,50,245,0,-1,0,0
575.5,318.171,3.25,-5.629,50,240,0,-1,0,0
578.75,312.542,3.25,-5.629,50,235,0,-1,0,0
582.0,306.913,3.25,-5.629,50,230,0,-1,0,0
585.25,301.283,3.25,-5.629,50,225,0,-1,0,0
588.5,295.654,3.25,-5.629,50,220,0,-1,0,0
591.75,290.025,3.25,-5.629,50,215,0,-1,0,0
595.0,284.396,3.25,-5.629,50,210,0,-1,0,0
598.25,278.767,3.25,-5.629,50,205,0,-1,0,0
601.5,273.138,3.25,-5.629,50,200,0,-1,0,0
604.75,267.508,3.25,-5.629,50,195,0,-1,0,0
608.0,261.879,3.25,-5.629,50,190,0,-1,0,0
611.25,256.25,3.25,-5.629,50,185,0,-1,0,0
614.5,250.621,3.25,-5.629,50,180,0,-1,0,0
617.75,244.992,3.25,-5.629,50,175,0,-1,0,0
621.0,239.363,3.25,-5.629,50,170,0,-1,0,0
624.25,233.733,3.25,-5.629,50,165,0,-1,0,0
627.5,228.104,3.25,-5.629,50,160,0,-1,0,0
630.75,222.475,3.25,-5.629,50,155,0,-1,0,0
634.0,216.846,3.25,-5.629,50,150,0,-1,0,0
637.25,211.217,3.25,-5.629,50,145,0,-1,0,0
640.5,205.588,3.25,-5.629,50,140,0,-1,0,0
643.75,199.958,3.25,-5.629,50,135,0,-1,0,0
647.0,194.329,3.25,-5.629,50,130,0,-1,0,0
650.25,188.7,3.25,-5.629,50,125,0,-1,0,0
653.5,183.071,3.25,-5.629,50,120,0,-1,0,0
656.75,177.442,3.25,-5.629,50,115,0,-1,0,0
660.0,171.813,3.25,-5.629,50,110,0,-1,0,0
663.25,166.183,3.25,-5.629,50,105,0,-1,0,0
666.5,160.554,3.25,-5.629,50,100,0,-1,0,0
669.75,154.925,3.25,-5.629,50,95,0,-1,0,0
673.0,149.296,3.25,-5.629,50,90,0,-1,0,0
676.25,143.667,3.25,-5.629,50,85,0,-1,0,0
679.5,138.038,3.25,-5.629,50,80,0,-1,0,0
682.75,132.408,3.25,-5.629,50,75,0,-1,0,0
686.0,126.779,3.25,-5.629,50,70,0,-1,0,0
689.25,121.15,3.25,-5.629,50,65,0,-1,0,0
692.5,115.521,3.25,-5.629,50,60,0,-1,0,0
695.75,109.892,3.25,-5.629,50,55,0,-1,0,0
699.0,104.263,3.25,-5.629,50,50,0,-1,0,0
702.25,98.633,3.25,-5.629,50,45,0,-1,0,0
705.5,93.004,3.25,-5.629,50,40,0,-1,0,0
708.75,87.375,3.25,-5.629,50,35,0,-1,0,0
712.0,81.746,3.25,-5.629,50,30,0,-1,0,0
715.25,76.117,3.25,-5.629,50,25,0,-1,0,0
718.5,70.488,3.25,-5.629,50,20,0,-1,0,0
721.75,64.858,3.25,-5.629,50,15,0,-1,0,0
725.0,59.229,3.25,-5.629,50,10,0,-1,0,0
728.25,53.6,3.25,-5.629,50,5,0,-1,0,0
731.5,47.971,3.25,-5.629,50,0,0,-1,0,0
734.75,42.342,3.25,-5.629,50,0,0,-1,0,0
738.0,36.713,3.25,-5.629,50,0,0,-1,0,0
741.25,31.083,3.25,-5.629,50,0,0,-1,0,0
744.5,25.454,3.25,-5.629,50,0,0,-1,0,0
747.75,19.825,3.25,-5.629,50,0,0,-1,0,0
751.0,14.196,3.25,-5.629,50,0,0,-1,0,0
751.0,8.567,-4.625,-4.985,50,0,0,-1,0,0
746.375,6.0,-4.625,4.985,50,0,0,-1,0,0
741.751,10.985,-4.625,4.985,50,0,0,-1,0,0
737.126,15.971,-4.625,4.985,50,0,0,-1,0,0
732.502,20.956,-4.625,4.985,50,0,0,-1,0,0
727.877,25.941,-4.625,4.985,50,0,0,-1,0,0
723.253,30.927,-4.625,4.985,50,0,0,-1,0,0
718.628,35.912,-4.625,4.985,50,0,0,-1,0,0
714.003,40.897,-4.625,4.985,50,0,0,0,0,0
709.379,45.882,-4.625,4.985,50,0,0,0,0,0
704.754,50.868,-4.625,4.985,55,0,1,0,0,0
700.13,55.853,-4.625,4.985,60,0,1,0,0,0
695.505,60.838,-4.625,4.985,65,0,1,0,0,0
690.881,65.824,-4.625,4.985,70,0,1,0,0,0
686.256,70.809,-4.625,4.985,75,0,1,0,0,0
681.631,75.794,-4.625,4.985,80,0,1,0,0,0
677.007,80.78,-4.625,4.985,85,0,1,0,0,0
672.382,85.765,-4.625,4.985,90,0,1,0,0,0
667.758,90.75,-4.625,4.985,95,0,1,0,0,0
663.133,95.736,-4.625,4.985,100,0,1,0,0,0
658.509,100.721,-4.625,4.985,105,0,1,0,0,0
653.884,105.706,-4.625,4.985,110,0,1,0,0,0
649.259,110.692,-4.625,4.985,115,0,1,0,0,0
644.635,115.677,-4.625,4.985,120,0,1,0,0,0
640.01,120.662,-4.625,4.985,125,0,1,0,0,0
635.386,125.647,-4.625,4.985,130,0,1,0,0,0
630.761,130.633,-4.625,4.985,135,0,1,0,0,0
626.136,135.618,-4.625,4.985,140,0,1,0,0,0
621.512,140.603,-4.625,4.985,145,0,1,0,0,0
616.887,145.589,-4.625,4.985,150,0,1,0,0,0
612.263,150.574,-4.625,4.985,155,0,1,0,0,0
607.638,155.559,-4.625,4.985,160,0,1,0,0,0
603.014,160.545,-4.625,4.985,165,0,1,0,0,0
598.389,165.53,-4.625,4.985,170,0,1,0,0,0
593.764,170.515,-4.625,4.985,175,0,1,0,0,0
589.14,175.501,-4.625,4.985,180,0,1,0,0,0
584.515,180.486,-4.625,4.985,185,0,1,0,0,0
579.891,185.471,-4.625,4.985,190,5,1,1,0,0
575.266,190.456,-4.625,4.985,195,10,1,1,0,0
570.642,195.442,-4.625,4.985,200,15,1,1,0,0
566.017,200.427,-4.625,4.985,205,20,1,1,0,0
561.392,205.412,-4.625,4.985,210,25,1,1,0,0
556.768,210.398,-4.625,4.985,215,30,1,1,0,0
552.143,215.383,-4.625,4.985,220,35,1,1,0,0
547.519,220.368,-4.625,4.985,225,40,1,1,0,0
542.894,225.354,-4.625,4.985,230,45,1,1,0,0
538.27,230.339,-4.625,4.985,235,50,1,1,0,0
533.645,235.324,-4.625,4.985,240,55,1,1,0,0
529.02,240.31,-4.625,4.985,245,60,1,1,0,0
524.396,245.295,-4.625,4.985,250,65,1,1,0,0
519.771,250.28,-4.625,4.985,255,70,1,1,0,0
515.147,255.265,-4.625,4.985,260,75,1,1,0,0
510.522,260.251,-4.625,4.985,265,80,1,1,0,0
505.898,265.236,-4.625,4.985,270,85,1,1,0,0
501.273,270.221,-4.625,4.985,275,90,1,1,0,0
496.648,275.207,-4.625,4.985,280,95,1,1,0,0
492.024,280.192,-4.625,4.985,285,100,1,1,0,0
487.399,285.177,-4.625,4.985,290,105,1,1,0,0
482.775,290.163,-4.625,4.985,295,110,1,1,0,0
478.15,295.148,-4.625,4.985,300,115,1,1,0,0
473.526,300.133,-4.625,4.985,305,120,1,1,0,0
468.901,305.119,-4.625,4.985,310,125,1,1,0,0
464.276,310.104,-4.625,4.985,315,130,1,1,0,0
459.652,315.089,-4.625,4.985,320,135,1,1,0,0
455.027,320.075,-4.625,4.985,325,140,1,1,0,0
450.403,325.06,-4.625,4.985,330,145,1,1,0,0
445.778,330.045,-4.625,4.985,335,150,1,1,0,0
441.154,335.03,-4.625,4.985,340,155,1,1,0,0
436.529,340.016,-4.625,4.985,345,160,1,1,0,0
431.904,345.001,-4.625,4.985,350,165,1,1,0,0
427.28,349.986,-4.625,4.985,355,170,1,1,0,0
422.655,354.972,-4.625,4.985,360,175,1,1,0,0
418.031,359.957,-4.625,4.985,365,180,1,1,0,0
413.406,364.942,-4.625,4.985,370,185,1,1,0,0
408.782,369.928,-4.625,4.985,375,190,1,1,0,0
404.157,374.913,-4.625,4.985,380,195,1,1,0,0
399.532,379.898,-4.625,4.985,385,200,1,1,0,0
394.908,384.884,-4.625,4.985,390,205,1,1,0,0
390.283,389.869,-4.625,4.985,395,210,1,1,0,0
385.659,394.854,-4.625,4.985,400,215,1,1,0,0
381.034,399.839,-4.625,4.985,405,220,1,1,0,0
376.409,404.825,-4.625,4.985,410,225,1,1,0,0
371.785,409.81,-4.625,4.985,415,230,1,1,0,0
367.16,414.795,-4.625,4.985,420,235,1,1,0,0
362.536,419.781,-4.625,4.985,425,240,1,1,0,0
357.911,424.766,-4.625,4.985,430,245,1,1,0,0
353.287,429.751,-4.625,4.985,430,250,0,1,0,0
348.662,434.737,-4.625,4.985,430,255,0,1,0,0
344.037,439.722,-4.625,4.985,430,260,0,1,0,0
339.413,444.707,-4.625,4.985,430,265,0,1,0,0
334.788,449.693,-4.625,4.985,430,270,0,1,0,0
330.164,454.678,-4.625,4.985,430,275,0,1,0,0
325.539,459.663,-4.625,4.985,430,280,0,1,0,0
320.915,464.649,-4.625,4.985,430,285,0,1,0,0
316.29,469.634,-4.625,4.985,430,290,0,1,0,0
311.665,474.619,-4.625,4.985,430,295,0,1,0,0
307.041,479.604,-4.625,4.985,430,300,0,1,0,0
302.416,484.59,-4.625,4.985,430,305,0,1,0,0
297.792,489.575,-4.625,4.985,430,310,0,1,0,0
293.167,494.56,-4.625,4.985,430,315,0,1,0,0
288.543,499.546,-4.625,4.985,430,320,0,1,0,0
283.918,504.531,-4.625,4.985,430,325,0,1,0,0
279.293,509.516,-4.625,4.985,430,330,0,1,0,0
274.669,514.502,-4.625,4.985,430,335,0,1,0,0
270.044,519.487,-4.625,4.985,430,340,0,1,0,0
265.42,524.472,-4.625,4.985,430,345,0,1,0,0
260.795,529.458,-4.625,4.985,430,350,0,1,0,0
256.171,534.443,-4.625,4.985,430,355,0,1,0,0
251.546,539.428,-4.625,4.985,430,360,0,1,0,0
246.921,544.413,-4.625,4.985,430,360,0,0,0,0
242.297,549.399,-4.625,4.985,430,360,0,0,0,0
237.672,554.384,-4.625,4.985,430,360,0,0,0,0
233.048,559.369,-4.625,4.985,430,360,0,0,0,0
228.423,564.355,-4.625,4.985,430,360,0,0,0,0
223.799,569.34,-4.625,4.985,430,360,0,0,0,0
219.174,574.325,-4.625,4.985,430,360,0,0,0,0
214.549,579.311,-4.625,4.985,430,360,0,0,0,0
209.925,584.296,-4.625,4.985,430,360,0,0,0,0
205.3,589.281,-4.625,4.985,430,360,0,0,0,0
200.676,594.0,-4.625,-4.985,430,360,0,0,0,0
196.051,589.015,-4.625,-4.985,430,360,0,0,0,0
191.427,584.029,-4.625,-4.985,430,360,0,0,0,0
186.802,579.044,-4.625,-4.985,430,360,0,0,0,0
182.177,574.059,-4.625,-4.985,430,360,0,0,0,0
177.553,569.073,-4.625,-4.985,430,360,0,0,0,0
172.928,564.088,-4.625,-4.985,430,360,0,0,0,0
168.304,559.103,-4.625,-4.985,430,360,0,0,0,0
163.679,554.118,-4.625,-4.985,430,360,0,0,0,0
159.055,549.132,-4.625,-4.985,430,360,0,0,0,0
154.43,544.147,-4.625,-4.985,430,360,0,0,0,0
149.805,539.162,-4.625,-4.985,430,360,0,0,0,0
145.181,534.176,-4.625,-4.985,430,360,0,0,0,0
140.556,529.191,-4.625,-4.985,430,360,0,0,0,0
135.932,524.206,-4.625,-4.985,430,360,0,0,0,0
131.307,519.22,-4.625,-4.985,430,360,0,0,0,0
126.682,514.235,-4.625,-4.985,430,360,0,0,0,0
122.058,509.25,-4.625,-4.985,430,360,0,0,0,0
117.433,504.264,-4.625,-4.985,430,360,0,0,0,0
112.809,499.279,-4.625,-4.985,430,360,0,0,0,0
108.184,494.294,-4.625,-4.985,430,360,0,0,0,0
103.56,489.308,-4.625,-4.985,425,360,-1,0,0,0
98.935,484.323,-4.625,-4.985,420,360,-1,0,0,0
94.31,479.338,-4.625,-4.985,415,360,-1,0,0,0
89.686,474.353,-4.625,-4.985,410,360,-1,0,0,0
85.061,469.367,-4.625,-4.985,405,360,-1,0,0,0
80.437,464.382,-4.625,-4.985,400,360,-1,0,0,0
75.812,459.397,-4.625,-4.985,395,360,-1,0,0,0
71.188,454.411,-4.625,-4.985,390,360,-1,0,0,0
66.563,449.426,-4.625,-4.985,385,360,-1,0,0,0
61.938,444.441,-4.625,-4.985,380,360,-1,0,0,0
57.314,439.455,-4.625,-4.985,375,360,-1,0,0,0
52.689,434.47,-4.625,-4.985,370,360,-1,0,0,0
48.065,429.485,-4.625,-4.985,365,360,-1,0,0,0
49.0,424.499,5.689,4.248,360,360,-1,0,0,0
54.689,428.747,5.689,4.248,355,360,-1,0,0,0
60.378,432.996,5.689,4.248,350,360,-1,0,0,0
66.067,437.244,5.689,4.248,345,360,-1,0,0,0
71.756,441.492,5.689,4.248,340,360,-1,0,0,0
77.445,445.74,5.689,4.248,335,360,-1,0,0,0
83.134,449.988,5.689,4.248,330,360,-1,0,0,0
88.823,454.236,5.689,4.248,325,360,-1,0,0,0
94.512,458.484,5.689,4.248,320,360,-1,0,0,0
100.201,462.732,5.689,4.248,315,360,-1,0,0,0
105.89,466.98,5.689,4.248,310,360,-1,0,0,0
111.579,471.228,5.689,4.248,305,360,-1,0,0,0
117.268,475.476,5.689,4.248,300,360,-1,0,0,0
122.957,479.724,5.689,4.248,295,360,-1,0,0,0
128.645,483.972,5.689,4.248,290,360,-1,0,0,0
134.334,488.22,5.689,4.248,285,360,-1,0,0,0
140.023,492.468,5.689,4.248,280,360,-1,0,0,0
145.712,496.716,5.689,4.248,275,360,-1,0,0,0
151.401,500.964,5.689,4.248,275,360,0,0,0,0
157.09,505.212,5.689,4.248,275,360,0,0,0,0
162.779,509.46,5.689,4.248,275,360,0,0,0,0
168.468,513.708,5.689,4.248,275,360,0,0,0,0
174.157,517.956,5.689,4.248,275,360,0,0,0,0
179.846,522.204,5.689,4.248,275,360,0,0,0,0
185.535,526.452,5.689,4.248,275,360,0,0,0,0
191.224,530.7,5.689,4.248,275,360,0,0,0,0
196.913,534.948,5.689,4.248,275,360,0,0,0,0
202.602,539.196,5.689,4.248,275,360,0,0,0,0
208.291,543.444,5.689,4.248,275,360,0,0,0,0
213.98,547.692,5.689,4.248,275,360,0,0,0,0
219.669,551.94,5.689,4.248,275,360,0,0,0,0
225.358,556.188,5.689,4.248,280,360,1,0,0,0
231.047,560.436,5.689,4.248,285,360,1,0,0,0
236.736,564.684,5.689,4.248,290,360,1,0,0,0
242.425,568.932,5.689,4.248,295,360,1,0,0,0
248.114,573.18,5.689,4.248,300,360,1,0,0,0
253.803,577.428,5.689,4.248,305,360,1,0,0,0
259.492,581.676,5.689,4.248,310,360,1,0,0,0
265.181,585.924,5.689,4.248,315,360,1,0,0,0
270.87,590.172,5.689,4.248,320,360,1,0,0,0
276.558,594.0,5.689,-4.248,325,360,1,0,0,0
282.247,589.752,5.689,-4.248,325,360,0,0,0,0
287.936,585.504,5.689,-4.248,325,360,0,0,0,0
293.625,581.256,5.689,-4.248,325,360,0,0,0,0
299.314,577.008,5.689,-4.248,325,360,0,0,0,0
305.003,572.76,5.689,-4.248,325,360,0,0,0,0
310.692,568.512,5.689,-4.248,325,360,0,0,0,0
316.381,564.264,5.689,-4.248,325,360,0,0,0,0
322.07,560.016,5.689,-4.248,325,360,0,0,0,0
327.759,555.768,5.689,-4.248,325,360,0,0,0,0
333.448,551.52,5.689,-4.248,325,360,0,0,0,0
339.137,547.272,5.689,-4.248,325,360,0,0,0,0
344.826,543.024,5.689,-4.248,325,360,0,0,0,0
350.515,538.776,5.689,-4.248,325,360,0,0,0,0
356.204,534.528,5.689,-4.248,325,360,0,0,0,0
361.893,530.28,5.689,-4.248,325,360,0,0,0,0
367.582,526.032,5.689,-4.248,325,360,0,0,0,0
373.271,521.784,5.689,-4.248,325,360,0,0,0,0
378.96,517.536,5.689,-4.248,325,360,0,0,0,0
384.649,513.288,5.689,-4.248,325,360,0,0,0,0
390.338,509.04,5.689,-4.248,325,360,0,0,0,0
396.027,504.791,5.689,-4.248,325,360,0,0,0,0
401.716,500.543,5.689,-4.248,325,355,0,-1,0,0
407.405,496.295,5.689,-4.248,325,350,0,-1,0,0
413.094,492.047,5.689,-4.248,325,345,0,-1,0,0
418.783,487.799,5.689,-4.248,325,340,0,-1,0,0
424.471,483.551,5.689,-4.248,325,335,0,-1,0,0
430.16,479.303,5.689,-4.248,325,330,0,-1,0,0
435.849,475.055,5.689,-4.248,325,325,0,-1,0,0
441.538,470.807,5.689,-4.248,325,320,0,-1,0,0
447.227,466.559,5.689,-4.248,325,315,0,-1,0,0
452.916,462.311,5.689,-4.248,325,310,0,-1,0,0
458.605,458.063,5.689,-4.248,325,305,0,-1,0,0
464.294,453.815,5.689,-4.248,325,300,0,-1,0,0
469.983,449.567,5.689,-4.248,325,295,0,-1,0,0
475.672,445.319,5.689,-4.248,325,290,0,-1,0,0
481.361,441.071,5.689,-4.248,325,285,0,-1,0,0
487.05,436.823,5.689,-4.248,325,280,0,-1,0,0
492.739,432.575,5.689,-4.248,325,275,0,-1,0,0
498.428,428.327,5.689,-4.248,325,275,0,0,0,0
504.117,424.079,5.689,-4.248,325,275,0,0,0,0
509.806,419.831,5.689,-4.248,325,275,0,0,0,0
515.495,415.583,5.689,-4.248,325,275,0,0,0,0
521.184,411.335,5.689,-4.248,325,275,0,0,0,0
526.873,407.087,5.689,-4.248,325,275,0,0,0,0
532.562,402.839,5.689,-4.248,325,275,0,0,0,0
538.251,398.591,5.689,-4.248,325,275,0,0,0,0
543.94,394.343,5.689,-4.248,325,275,0,0,0,0
549.629,390.095,5.689,-4.248,325,275,0,0,0,0
555.318,385.847,5.689,-4.248,325,275,0,0,0,0
561.007,381.599,5.689,-4.248,325,275,0,0,0,0
566.696,377.351,5.689,-4.248,325,275,0,0,0,0
572.384,373.103,5.689,-4.248,325,275,0,0,0,0
578.073,368.855,5.689,-4.248,325,275,0,0,0,0
583.762,364.607,5.689,-4.248,325,275,0,0,0,0
589.451,360.359,5.689,-4.248,325,275,0,0,0,0
595.14,356.111,5.689,-4.248,325,275,0,0,0,0
600.829,351.863,5.689,-4.248,325,275,0,0,0,0
606.518,347.615,5.689,-4.248,325,275,0,0,0,0
612.207,343.367,5.689,-4.248,325,275,0,0,0,0
617.896,339.119,5.689,-4.248,325,275,0,0,0,0
623.585,334.87,5.689,-4.248,325,275,0,0,0,0
629.274,330.622,5.689,-4.248,325,275,0,0,0,0
634.963,326.374,5.689,-4.248,325,275,0,0,0,0
640.652,322.126,5.689,-4.248,325,275,0,0,0,0
646.341,317.878,5.689,-4.248,325,275,0,0,0,0
652.03,313.63,5.689,-4.248,325,275,0,0,0,0
657.719,309.382,5.689,-4.248,325,275,0,0,0,0
663.408,305.134,5.689,-4.248,325,275,0,0,0,0
669.097,300.886,5.689,-4.248,325,270,0,-1,0,0
674.786,296.638,5.689,-4.248,325,265,0,-1,0,0
680.475,292.39,5.689,-4.248,325,260,0,-1,0,0
686.164,288.142,5.689,-4.248,325,255,0,-1,0,0
691.853,283.894,5.689,-4.248,325,250,0,-1,0,0
697.542,279.646,5.689,-4.248,325,245,0,-1,0,0
703.231,275.398,5.689,-4.248,325,240,0,-1,0,0
708.92,271.15,5.689,-4.248,325,235,0,-1,0,0
714.609,266.902,5.689,-4.248,325,230,0,-1,0,0
720.297,262.654,5.689,-4.248,325,225,0,-1,0,0
725.986,258.406,5.689,-4.248,325,220,0,-1,0,0
731.675,254.158,5.689,-4.248,325,215,0,-1,0,0
737.364,249.91,5.689,-4.248,320,210,-1,-1,0,0
743.053,245.662,5.689,-4.248,315,205,-1,-1,0,0
748.742,241.414,5.689,-4.248,310,200,-1,-1,0,0
751.0,237.166,-7.388,0.419,305,195,-1,-1,0,0
743.612,237.585,-7.388,0.419,300,190,-1,-1,0,0
736.224,238.005,-7.388,0.419,295,185,-1,-1,0,0
728.836,238.424,-7.388,0.419,290,180,-1,-1,0,0
721.448,238.843,-7.388,0.419,285,175,-1,-1,0,0
714.059,239.263,-7.388,0.419,280,170,-1,-1,0,0
706.671,239.682,-7.388,0.419,275,165,-1,-1,0,0
699.283,240.102,-7.388,0.419,270,160,-1,-1,0,0
691.895,240.521,-7.388,0.419,265,155,-1,-1,0,0
684.507,240.94,-7.388,0.419,260,150,-1,-1,0,0
677.119,241.36,-7.388,0.419,255,145,-1,-1,0,0
669.731,241.779,-7.388,0.419,250,140,-1,-1,0,0
662.343,242.198,-7.388,0.419,245,135,-1,-1,0,0
654.955,242.618,-7.388,0.419,240,130,-1,-1,0,0
647.567,243.037,-7.388,0.419,235,125,-1,-1,0,0
640.178,243.457,-7.388,0.419,230,120,-1,-1,0,0
632.79,243.876,-7.388,0.419,225,115,-1,-1,0,0
625.402,244.295,-7.388,0.419,220,110,-1,-1,0,0
618.014,244.715,-7.388,0.419,215,110,-1,0,0,0
610.626,245.134,-7.388,0.419,210,110,-1,0,0,0
603.238,245.554,-7.388,0.419,205,110,-1,0,0,0
595.85,245.973,-7.388,0.419,200,110,-1,0,0,0
588.462,246.392,-7.388,0.419,195,110,-1,0,0,0
581.074,246.812,-7.388,0.419,190,110,-1,0,0,0
573.685,247.231,-7.388,0.419,185,110,-1,0,0,0
566.297,247.65,-7.388,0.419,185,110,0,0,0,0
558.909,248.07,-7.388,0.419,185,110,0,0,0,0
551.521,248.489,-7.388,0.419,185,110,0,0,0,0
544.133,248.909,-7.388,0.419,185,110,0,0,0,0
536.745,249.328,-7.388,0.419,185,110,0,0,0,0
529.357,249.747,-7.388,0.419,185,110,0,0,0,0
521.969,250.167,-7.388,0.419,185,115,0,1,0,0
514.581,250.586,-7.388,0.419,185,120,0,1,0,0
507.192,251.005,-7.388,0.419,185,125,0,1,0,0
499.804,251.425,-7.388,0.419,185,130,0,1,0,0
492.416,251.844,-7.388,0.419,185,135,0,1,0,0
485.028,252.264,-7.388,0.419,185,140,0,1,0,0
477.64,252.683,-7.388,0.419,185,145,0,1,0,0
470.252,253.102,-7.388,0.419,185,150,0,1,0,0
462.864,253.522,-7.388,0.419,190,155,1,1,0,0
455.476,253.941,-7.388,0.419,195,160,1,1,0,0
448.088,254.361,-7.388,0.419,200,165,1,1,0,0
440.7,254.78,-7.388,0.419,205,170,1,1,0,0
433.311,255.199,-7.388,0.419,210,170,1,0,0,0
425.923,255.619,-7.388,0.419,215,170,1,0,0,0
418.535,256.038,-7.388,0.419,220,170,1,0,0,0
411.147,256.457,-7.388,0.419,220,170,0,0,0,0
403.759,256.877,-7.388,0.419,220,170,0,0,0,0
396.371,257.296,-7.388,0.419,220,170,0,0,0,0
388.983,257.716,-7.388,0.419,220,170,0,0,0,0
381.595,258.135,-7.388,0.419,220,170,0,0,0,0
374.207,258.554,-7.388,0.419,220,170,0,0,0,0
366.818,258.974,-7.388,0.419,220,170,0,0,0,0
359.43,259.393,-7.388,0.419,220,170,0,0,0,0
352.042,259.812,-7.388,0.419,220,170,0,0,0,0
344.654,260.232,-7.388,0.419,220,170,0,0,0,0
337.266,260.651,-7.388,0.419,220,170,0,0,0,0
329.878,261.071,-7.388,0.419,220,170,0,0,0,0
322.49,261.49,-7.388,0.419,220,170,0,0,0,0
315.102,261.909,-7.388,0.419,220,170,0,0,0,0
307.714,262.329,-7.388,0.419,220,170,0,0,0,0
300.325,262.748,-7.388,0.419,220,170,0,0,0,0
292.937,263.168,-7.388,0.419,220,170,0,0,0,0
285.549,263.587,-7.388,0.419,220,170,0,0,0,0
278.161,264.006,-7.388,0.419,220,170,0,0,0,0
270.773,264.426,-7.388,0.419,220,170,0,0,0,0
263.385,264.845,-7.388,0.419,220,170,0,0,0,0
255.997,265.264,-7.388,0.419,220,170,0,0,0,0
248.609,265.684,-7.388,0.419,220,170,0,0,0,0
241.221,266.103,-7.388,0.419,220,170,0,0,0,0
233.833,266.523,-7.388,0.419,220,170,0,0,0,0
226.444,266.942,-7.388,0.419,220,170,0,0,0,0
219.056,267.361,-7.388,0.419,220,170,0,0,0,0
211.668,267.781,-7.388,0.419,220,170,0,0,0,0
204.28,268.2,-7.388,0.419,220,170,0,0,0,0
196.892,268.619,-7.388,0.419,220,170,0,0,0,0
189.504,269.039,-7.388,0.419,220,170,0,0,0,0
182.116,269.458,-7.388,0.419,220,170,0,0,0,0
174.728,269.878,-7.388,0.419,220,170,0,0,0,0
167.34,270.297,-7.388,0.419,220,170,0,0,0,0
159.951,270.716,-7.388,0.419,220,170,0,0,0,0
152.563,271.136,-7.388,0.419,220,170,0,0,0,0
145.175,271.555,-7.388,0.419,220,170,0,0,0,0
137.787,271.974,-7.388,0.419,220,170,0,0,0,0
130.399,272.394,-7.388,0.419,225,170,1,0,0,0
123.011,272.813,-7.388,0.419,230,170,1,0,0,0
115.623,273.233,-7.388,0.419,235,170,1,0,0,0
108.235,273.652,-7.388,0.419,240,170,1,0,0,0
100.847,274.071,-7.388,0.419,240,170,0,0,0,0
93.459,274.491,-7.388,0.419,240,170,0,0,0,0
86.07,274.91,-7.388,0.419,240,170,0,0,0,0
78.682,275.33,-7.388,0.419,240,170,0,0,0,0
71.294,275.749,-7.388,0.419,240,170,0,0,0,0
63.906,276.168,-7.388,0.419,240,170,0,0,0,0
56.518,276.588,-7.388,0.419,240,170,0,0,0,0
49.13,277.007,-7.388,0.419,240,170,0,0,0,0
49.0,277.426,7.683,-0.518,240,170,0,0,0,0
56.683,276.908,7.683,-0.518,240,170,0,0,0,0
64.365,276.39,7.683,-0.518,240,170,0,0,0,0
72.048,275.871,7.683,-0.518,240,170,0,0,0,0
79.73,275.353,7.683,-0.518,240,170,0,0,0,0
87.413,274.834,7.683,-0.518,240,170,0,0,0,0
95.095,274.316,7.683,-0.518,240,170,0,0,0,0
102.778,273.798,7.683,-0.518,240,170,0,0,0,0
110.46,273.279,7.683,-0.518,240,170,0,0,0,0
118.143,272.761,7.683,-0.518,240,170,0,0,0,0
125.825,272.242,7.683,-0.518,240,170,0,0,0,0
133.508,271.724,7.683,-0.518,240,170,0,0,0,0
141.19,271.206,7.683,-0.518,240,170,0,0,0,0
148.873,270.687,7.683,-0.518,240,170,0,0,0,0
156.555,270.169,7.683,-0.518,240,170,0,0,0,0
164.238,269.65,7.683,-0.518,240,170,0,0,0,0
171.92,269.132,7.683,-0.518,240,170,0,0,0,0
179.603,268.614,7.683,-0.518,240,170,0,0,0,0
187.286,268.095,7.683,-0.518,240,170,0,0,0,0
194.968,267.577,7.683,-0.518,240,170,0,0,0,0
202.651,267.058,7.683,-0.518,240,170,0,0,0,0
210.333,266.54,7.683,-0.518,240,170,0,0,0,0
218.016,266.022,7.683,-0.518,240,170,0,0,0,0
225.698,265.503,7.683,-0.518,240,170,0,0,0,0
233.381,264.985,7.683,-0.518,240,170,0,0,0,0
241.063,264.466,7.683,-0.518,240,170,0,0,0,0
248.746,263.948,7.683,-0.518,240,170,0,0,0,0
256.428,263.43,7.683,-0.518,240,170,0,0,0,0
264.111,262.911,7.683,-0.518,240,170,0,0,0,0
271.793,262.393,7.683,-0.518,240,170,0,0,0,0
279.476,261.874,7.683,-0.518,240,170,0,0,0,0
287.158,261.356,7.683,-0.518,240,170,0,0,0,0
294.841,260.838,7.683,-0.518,240,170,0,0,0,0
302.523,260.319,7.683,-0.518,240,170,0,0,0,0
310.206,259.801,7.683,-0.518,240,170,0,0,0,0
317.889,259.282,7.683,-0.518,240,170,0,0,0,0
325.571,258.764,7.683,-0.518,240,170,0,0,0,0
333.254,258.246,7.683,-0.518,240,170,0,0,0,0
340.936,257.727,7.683,-0.518,240,170,0,0,0,0
348.619,257.209,7.683,-0.518,240,170,0,0,0,0
356.301,256.69,7.683,-0.518,240,170,0,0,0,0
363.984,256.172,7.683,-0.518,240,170,0,0,0,0
371.666,255.654,7.683,-0.518,240,170,0,0,0,0
379.349,255.135,7.683,-0.518,240,170,0,0,0,0
387.031,254.617,7.683,-0.518,240,170,0,0,0,0
394.714,254.098,7.683,-0.518,240,170,0,0,0,0
402.396,253.58,7.683,-0.518,240,170,0,0,0,0
410.079,253.062,7.683,-0.518,240,170,0,0,0,0
417.761,252.543,7.683,-0.518,240,170,0,0,0,0
425.444,252.025,7.683,-0.518,240,170,0,0,0,0
433.126,251.507,7.683,-0.518,240,170,0,0,0,0
440.809,250.988,7.683,-0.518,240,170,0,0,0,0
448.492,250.47,7.683,-0.518,240,170,0,0,0,0
456.174,249.951,7.683,-0.518,240,170,0,0,0,0
463.857,249.433,7.683,-0.518,240,170,0,0,0,0
471.539,248.915,7.683,-0.518,240,170,0,0,0,0
479.222,248.396,7.683,-0.518,240,170,0,0,0,0
486.904,247.878,7.683,-0.518,240,170,0,0,0,0
494.587,247.359,7.683,-0.518,240,170,0,0,0,0
502.269,246.841,7.683,-0.518,240,170,0,0,0,0
509.952,246.323,7.683,-0.518,240,170,0,0,0,0
517.634,245.804,7.683,-0.518,240,170,0,0,0,0
525.317,245.286,7.683,-0.518,240,170,0,0,0,0
532.999,244.767,7.683,-0.518,240,170,0,0,0,0
540.682,244.249,7.683,-0.518,240,170,0,0,0,0
548.364,243.731,7.683,-0.518,240,170,0,0,0,0
556.047,243.212,7.683,-0.518,240,175,0,1,0,0
563.729,242.694,7.683,-0.518,240,180,0,1,0,0
571.412,242.175,7.683,-0.518,240,185,0,1,0,0
579.095,241.657,7.683,-0.518,240,190,0,1,0,0
586.777,241.139,7.683,-0.518,240,195,0,1,0,0
594.46,240.62,7.683,-0.518,240,200,0,1,0,0
602.142,240.102,7.683,-0.518,240,205,0,1,0,0
609.825,239.583,7.683,-0.518,240,210,0,1,0,0
617.507,239.065,7.683,-0.518,240,210,0,0,0,0
625.19,238.547,7.683,-0.518,240,210,0,0,0,0
632.872,238.028,7.683,-0.518,240,210,0,0,0,0
640.555,237.51,7.683,-0.518,240,210,0,0,0,0
648.237,236.991,7.683,-0.518,240,210,0,0,0,0
655.92,236.473,7.683,-0.518,240,210,0,0,0,0
663.602,235.955,7.683,-0.518,240,210,0,0,0,0
671.285,235.436,7.683,-0.518,240,210,0,0,0,0
678.967,234.918,7.683,-0.518,240,210,0,0,0,0
686.65,234.399,7.683,-0.518,240,210,0,0,0,0
694.332,233.881,7.683,-0.518,240,210,0,0,0,0
702.015,233.363,7.683,-0.518,240,210,0,0,0,0
709.698,232.844,7.683,-0.518,240,210,0,0,0,0
717.38,232.326,7.683,-0.518,240,210,0,0,0,0
725.063,231.807,7.683,-0.518,240,210,0,0,0,0
732.745,231.289,7.683,-0.518,240,210,0,0,0,0
740.428,230.771,7.683,-0.518,240,210,0,0,0,0
748.11,230.252,7.683,-0.518,240,210,0,0,0,0
751.0,229.734,-6.9,-4.048,240,210,0,0,0,0
744.1,225.686,-6.9,-4.048,240,210,0,0,0,0
737.2,221.637,-6.9,-4.048,240,210,0,0,0,0
730.3,217.589,-6.9,-4.048,240,210,0,0,0,0
723.399,213.541,-6.9,-4.048,240,210,0,0,0,0
716.499,209.493,-6.9,-4.048,240,210,0,0,0,0
709.599,205.445,-6.9,-4.048,240,210,0,0,0,0
702.699,201.396,-6.9,-4.048,240,210,0,0,0,0
695.799,197.348,-6.9,-4.048,240,210,0,0,0,0
688.899,193.3,-6.9,-4.048,240,210,0,0,0,0
681.998,189.252,-6.9,-4.048,240,210,0,0,0,0
675.098,185.204,-6.9,-4.048,240,210,0,0,0,0
668.198,181.155,-6.9,-4.048,240,210,0,0,0,0
661.298,177.107,-6.9,-4.048,240,210,0,0,0,0
654.398,173.059,-6.9,-4.048,240,210,0,0,0,0
647.498,169.011,-6.9,-4.048,240,210,0,0,0,0
640.598,164.963,-6.9,-4.048,240,210,0,0,0,0
633.697,160.914,-6.9,-4.048,240,210,0,0,0,0
626.797,156.866,-6.9,-4.048,240,210,0,0,0,0
619.897,152.818,-6.9,-4.048,240,210,0,0,0,0
612.997,148.77,-6.9,-4.048,235,210,-1,0,0,0
606.097,144.722,-6.9,-4.048,230,210,-1,0,0,0
599.197,140.673,-6.9,-4.048,225,210,-1,0,0,0
592.296,136.625,-6.9,-4.048,220,210,-1,0,0,0
585.396,132.577,-6.9,-4.048,215,210,-1,0,0,0
578.496,128.529,-6.9,-4.048,210,210,-1,0,0,0
571.596,124.481,-6.9,-4.048,205,210,-1,0,0,0
564.696,120.433,-6.9,-4.048,200,210,-1,0,0,0
557.796,116.384,-6.9,-4.048,195,210,-1,0,0,0
550.896,112.336,-6.9,-4.048,190,210,-1,0,0,0
543.995,108.288,-6.9,-4.048,185,210,-1,0,0,0
537.095,104.24,-6.9,-4.048,180,210,-1,0,0,0
530.195,100.192,-6.9,-4.048,175,210,-1,0,0,0
523.295,96.143,-6.9,-4.048,170,210,-1,0,0,0
516.395,92.095,-6.9,-4.048,165,210,-1,0,0,0
509.495,88.047,-6.9,-4.048,160,210,-1,0,0,0
502.594,83.999,-6.9,-4.048,155,210,-1,0,0,0
495.694,79.951,-6.9,-4.048,150,210,-1,0,0,0
488.794,75.902,-6.9,-4.048,145,210,-1,0,0,0
481.894,71.854,-6.9,-4.048,140,210,-1,0,0,0
474.994,67.806,-6.9,-4.048,135,210,-1,0,0,0
468.094,63.758,-6.9,-4.048,130,210,-1,0,0,0
461.194,59.71,-6.9,-4.048,125,210,-1,0,0,0
454.293,55.661,-6.9,-4.048,120,210,-1,0,0,0
447.393,51.613,-6.9,-4.048,115,210,-1,0,0,0
440.493,47.565,-6.9,-4.048,110,210,-1,0,0,0
433.593,43.517,-6.9,-4.048,105,210,-1,0,0,0
426.693,39.469,-6.9,-4.048,100,210,-1,0,0,0
419.793,35.42,-6.9,-4.048,95,210,-1,0,0,0
412.892,31.372,-6.9,-4.048,90,210,-1,0,0,0
405.992,27.324,-6.9,-4.048,85,210,-1,0,0,0
399.092,23.276,-6.9,-4.048,85,210,0,0,0,0
392.192,19.228,-6.9,-4.048,85,210,0,0,0,0
385.292,15.179,-6.9,-4.048,85,210,0,0,0,0
378.392,11.131,-6.9,-4.048,85,210,0,0,0,0
371.492,7.083,-6.9,-4.048,85,210,0,0,0,0
364.591,6.0,-6.9,4.048,85,210,0,0,0,0
357.691,10.048,-6.9,4.048,85,210,0,0,0,0
350.791,14.096,-6.9,4.048,85,210,0,0,0,0
343.891,18.145,-6.9,4.048,85,210,0,0,0,0
336.991,22.193,-6.9,4.048,85,210,0,0,0,0
330.091,26.241,-6.9,4.048,85,210,0,0,0,0
323.19,30.289,-6.9,4.048,85,210,0,0,0,0
316.29,34.337,-6.9,4.048,85,210,0,0,0,0
309.39,38.386,-6.9,4.048,85,210,0,0,0,0
302.49,42.434,-6.9,4.048,85,210,0,0,0,0
295.59,46.482,-6.9,4.048,85,210,0,0,0,0
288.69,50.53,-6.9,4.048,85,210,0,0,0,0
281.79,54.578,-6.9,4.048,85,210,0,0,0,0
274.889,58.627,-6.9,4.048,85,210,0,0,0,0
267.989,62.675,-6.9,4.048,85,210,0,0,0,0
261.089,66.723,-6.9,4.048,85,210,0,0,0,0
254.189,70.771,-6.9,4.048,85,210,0,0,0,0
247.289,74.819,-6.9,4.048,85,210,0,0,0,0
240.389,78.868,-6.9,4.048,85,210,0,0,0,0
233.488,82.916,-6.9,4.048,85,210,0,0,0,0
226.588,86.964,-6.9,4.048,85,210,0,0,0,0
219.688,91.012,-6.9,4.048,90,210,1,0,0,0
212.788,95.06,-6.9,4.048,95,210,1,0,0,0
205.888,99.108,-6.9,4.048,100,210,1,0,0,0
198.988,103.157,-6.9,4.048,105,210,1,0,0,0
192.088,107.205,-6.9,4.048,105,210,0,0,0,0
185.187,111.253,-6.9,4.048,105,210,0,0,0,0
178.287,115.301,-6.9,4.048,105,210,0,0,0,0
171.387,119.349,-6.9,4.048,105,210,0,0,0,0
164.487,123.398,-6.9,4.048,105,210,0,0,0,0
157.587,127.446,-6.9,4.048,105,210,0,0,0,0
150.687,131.494,-6.9,4.048,105,210,0,0,0,0
143.786,135.542,-6.9,4.048,105,210,0,0,0,0
136.886,139.59,-6.9,4.048,105,210,0,0,0,0
129.986,143.639,-6.9,4.048,105,210,0,0,0,0
123.086,147.687,-6.9,4.048,105,210,0,0,0,0
116.186,151.735,-6.9,4.048,110,210,1,0,0,0
109.286,155.783,-6.9,4.048,115,210,1,0,0,0
102.386,159.831,-6.9,4.048,120,210,1,0,0,0
95.485,163.88,-6.9,4.048,125,210,1,0,0,0
88.585,167.928,-6.9,4.048,130,210,1,0,0,0
81.685,171.976,-6.9,4.048,135,210,1,0,0,0
74.785,176.024,-6.9,4.048,140,210,1,0,0,0
67.885,180.072,-6.9,4.048,140,210,0,0,0,0
60.985,184.121,-6.9,4.048,140,210,0,0,0,0
54.084,188.169,-6.9,4.048,140,210,0,0,0,0
49.0,192.217,7.879,2.61,140,210,0,0,0,0
56.879,194.827,7.879,2.61,140,210,0,0,0,0
64.758,197.436,7.879,2.61,140,210,0,0,0,0
72.637,200.046,7.879,2.61,140,210,0,0,0,0
80.516,202.655,7.879,2.61,140,210,0,0,0,0
88.395,205.265,7.879,2.61,140,210,0,0,0,0
96.274,207.875,7.879,2.61,140,210,0,0,0,0
104.154,210.484,7.879,2.61,140,210,0,0,0,0
112.033,213.094,7.879,2.61,140,210,0,0,0,0
119.912,215.704,7.879,2.61,140,210,0,0,0,0
127.791,218.313,7.879,2.61,140,210,0,0,0,0
135.67,220.923,7.879,2.61,140,215,0,1,0,0
143.549,223.533,7.879,2.61,140,220,0,1,0,0
151.428,226.142,7.879,2.61,140,225,0,1,0,0
159.307,228.752,7.879,2.61,140,230,0,1,0,0
167.186,231.361,7.879,2.61,140,235,0,1,0,0
175.065,233.971,7.879,2.61,140,240,0,1,0,0
182.944,236.581,7.879,2.61,140,245,0,1,0,0
190.823,239.19,7.879,2.61,140,250,0,1,0,0
198.702,241.8,7.879,2.61,140,255,0,1,0,0
206.581,244.41,7.879,2.61,140,260,0,1,0,0
214.461,247.019,7.879,2.61,140,265,0,1,0,0
222.34,249.629,7.879,2.61,140,270,0,1,0,0
230.219,252.239,7.879,2.61,140,270,0,0,0,0
238.098,254.848,7.879,2.61,140,270,0,0,0,0
245.977,257.458,7.879,2.61,140,270,0,0,0,0
253.856,260.067,7.879,2.61,140,270,0,0,0,0
261.735,262.677,7.879,2.61,140,270,0,0,0,0
269.614,265.287,7.879,2.61,140,270,0,0,0,0
277.493,267.896,7.879,2.61,140,270,0,0,0,0
285.372,270.506,7.879,2.61,140,270,0,0,0,0
293.251,273.116,7.879,2.61,140,270,0,0,0,0
301.13,275.725,7.879,2.61,140,270,0,0,0,0
309.009,278.335,7.879,2.61,145,270,1,0,0,0
316.889,280.944,7.879,2.61,150,270,1,0,0,0
324.768,283.554,7.879,2.61,155,270,1,0,0,0
332.647,286.164,7.879,2.61,160,270,1,0,0,0
340.526,288.773,7.879,2.61,165,270,1,0,0,0
348.405,291.383,7.879,2.61,170,270,1,0,0,0
356.284,293.993,7.879,2.61,175,270,1,0,0,0
364.163,296.602,7.879,2.61,180,270,1,0,0,0
372.042,299.212,7.879,2.61,185,270,1,0,0,0
379.921,301.822,7.879,2.61,190,270,1,0,0,0
387.8,304.431,7.879,2.61,195,270,1,0,0,0
395.679,307.041,7.879,2.61,200,270,1,0,0,0
403.558,309.65,7.879,2.61,205,270,1,0,0,0
411.437,312.26,7.879,2.61,210,270,1,0,0,0
419.316,314.87,7.879,2.61,215,270,1,0,0,0
427.196,317.479,7.879,2.61,220,270,1,0,0,0
435.075,320.089,7.879,2.61,225,270,1,0,0,0
442.954,322.699,7.879,2.61,230,270,1,0,0,0
450.833,325.308,7.879,2.61,235,275,1,1,0,0
458.712,327.918,7.879,2.61,240,280,1,1,0,0
466.591,330.528,7.879,2.61,245,285,1,1,0,0
474.47,333.137,7.879,2.61,250,290,1,1,0,0
482.349,335.747,7.879,2.61,255,295,1,1,0,0
490.228,338.356,7.879,2.61,260,300,1,1,0,0
498.107,340.966,7.879,2.61,265,305,1,1,0,0
505.986,343.576,7.879,2.61,270,310,1,1,0,0
513.865,346.185,7.879,2.61,275,315,1,1,0,0
521.744,348.795,7.879,2.61,280,320,1,1,0,0
529.624,351.405,7.879,2.61,285,325,1,1,0,0
537.503,354.014,7.879,2.61,290,330,1,1,0,0
545.382,356.624,7.879,2.61,295,335,1,1,0,0
553.261,359.233,7.879,2.61,300,340,1,1,0,0
561.14,361.843,7.879,2.61,305,345,1,1,0,0
569.019,364.453,7.879,2.61,305,350,0,1,0,0
576.898,367.062,7.879,2.61,305,355,0,1,0,0
584.777,369.672,7.879,2.61,305,360,0,1,0,0
592.656,372.282,7.879,2.61,305,365,0,1,0,0
600.535,374.891,7.879,2.61,305,370,0,1,0,0
608.414,377.501,7.879,2.61,305,375,0,1,0,0
616.293,380.111,7.879,2.61,305,380,0,1,0,0
624.172,382.72,7.879,2.61,305,385,0,1,0,0
632.052,385.33,7.879,2.61,305,390,0,1,0,0
639.931,387.939,7.879,2.61,305,390,0,0,0,0
647.81,390.549,7.879,2.61,305,390,0,0,0,0
655.689,393.159,7.879,2.61,305,390,0,0,0,0
663.568,395.768,7.879,2.61,305,390,0,0,0,0
671.447,398.378,7.879,2.61,305,390,0,0,0,0
679.326,400.988,7.879,2.61,305,390,0,0,0,0
687.205,403.597,7.879,2.61,305,390,0,0,0,0
695.084,406.207,7.879,2.61,305,390,0,0,0,0
702.963,408.817,7.879,2.61,305,390,0,0,0,0
710.842,411.426,7.879,2.61,305,390,0,0,0,0
718.721,414.036,7.879,2.61,305,390,0,0,0,0
726.6,416.645,7.879,2.61,305,390,0,0,0,0
734.479,419.255,7.879,2.61,305,390,0,0,0,0
742.359,421.865,7.879,2.61,305,390,0,0,0,0
750.238,424.474,7.879,2.61,305,390,0,0,0,0
751.0,427.084,-8.416,-1.77,305,395,0,1,0,0
742.584,425.314,-8.416,-1.77,305,400,0,1,0,0
734.168,423.545,-8.416,-1.77,305,405,0,1,0,0
725.752,421.775,-8.416,-1.77,305,410,0,1,0,0
717.336,420.006,-8.416,-1.77,305,415,0,1,0,0
708.92,418.236,-8.416,-1.77,305,420,0,1,0,0
700.504,416.467,-8.416,-1.77,305,425,0,1,0,0
692.088,414.697,-8.416,-1.77,305,430,0,1,0,0
683.672,412.928,-8.416,-1.77,305,435,0,1,0,0
675.256,411.158,-8.416,-1.77,305,435,0,0,0,0
666.84,409.388,-8.416,-1.77,305,435,0,0,0,0
658.424,407.619,-8.416,-1.77,305,435,0,0,0,0
650.008,405.849,-8.416,-1.77,305,435,0,0,0,0
641.592,404.08,-8.416,-1.77,305,435,0,0,0,0
633.176,402.31,-8.416,-1.77,305,435,0,0,0,0
624.76,400.541,-8.416,-1.77,305,435,0,0,0,0
616.344,398.771,-8.416,-1.77,310,435,1,0,0,0
607.928,397.002,-8.416,-1.77,315,435,1,0,0,0
599.512,395.232,-8.416,-1.77,320,435,1,0,0,0
591.096,393.463,-8.416,-1.77,325,435,1,0,0,0
582.68,391.693,-8.416,-1.77,330,435,1,0,0,0
574.264,389.923,-8.416,-1.77,335,435,1,0,0,0
565.848,388.154,-8.416,-1.77,340,435,1,0,0,0
557.432,386.384,-8.416,-1.77,345,435,1,0,0,0
549.017,384.615,-8.416,-1.77,345,435,0,0,0,0
540.601,382.845,-8.416,-1.77,345,435,0,0,0,0
532.185,381.076,-8.416,-1.77,345,435,0,0,0,0
523.769,379.306,-8.416,-1.77,345,435,0,0,0,0
515.353,377.537,-8.416,-1.77,345,435,0,0,0,0
506.937,375.767,-8.416,-1.77,345,435,0,0,0,0
498.521,373.998,-8.416,-1.77,345,435,0,0,0,0
490.105,372.228,-8.416,-1.77,345,435,0,0,0,0
481.689,370.458,-8.416,-1.77,345,435,0,0,0,0
473.273,368.689,-8.416,-1.77,345,435,0,0,0,0
464.857,366.919,-8.416,-1.77,345,435,0,0,0,0
456.441,365.15,-8.416,-1.77,345,435,0,0,0,0
448.025,363.38,-8.416,-1.77,345,435,0,0,0,0
439.609,361.611,-8.416,-1.77,345,435,0,0,0,0
431.193,359.841,-8.416,-1.77,345,435,0,0,0,0
422.777,358.072,-8.416,-1.77,345,435,0,0,0,0
414.361,356.302,-8.416,-1.77,345,435,0,0,0,0
405.945,354.533,-8.416,-1.77,345,435,0,0,0,0
397.529,352.763,-8.416,-1.77,340,435,-1,0,0,0
389.113,350.993,-8.416,-1.77,335,435,-1,0,0,0
380.697,349.224,-8.416,-1.77,330,435,-1,0,0,0
372.281,347.454,-8.416,-1.77,325,430,-1,-1,0,0
363.865,345.685,-8.416,-1.77,320,425,-1,-1,0,0
355.449,343.915,-8.416,-1.77,315,420,-1,-1,0,0
347.033,342.146,-8.416,-1.77,310,415,-1,-1,0,0
338.617,340.376,-8.416,-1.77,305,410,-1,-1,0,0
330.201,338.607,-8.416,-1.77,300,405,-1,-1,0,0
321.785,336.837,-8.416,-1.77,295,400,-1,-1,0,0
313.369,335.067,-8.416,-1.77,290,395,-1,-1,0,0
304.953,333.298,-8.416,-1.77,285,390,-1,-1,0,0
296.537,331.528,-8.416,-1.77,280,385,-1,-1,0,0
288.121,329.759,-8.416,-1.77,275,380,-1,-1,0,0
279.705,327.989,-8.416,-1.77,270,375,-1,-1,0,0
271.289,326.22,-8.416,-1.77,270,370,0,-1,0,0
262.873,324.45,-8.416,-1.77,270,365,0,-1,0,0
254.457,322.681,-8.416,-1.77,270,365,0,0,0,0
246.041,320.911,-8.416,-1.77,270,365,0,0,0,0
237.625,319.142,-8.416,-1.77,270,365,0,0,0,0
229.209,317.372,-8.416,-1.77,270,365,0,0,0,0
220.793,315.602,-8.416,-1.77,270,365,0,0,0,0
212.377,313.833,-8.416,-1.77,270,365,0,0,0,0
203.961,312.063,-8.416,-1.77,270,365,0,0,0,0
195.545,310.294,-8.416,-1.77,270,365,0,0,0,0
187.129,308.524,-8.416,-1.77,270,365,0,0,0,0
178.713,306.755,-8.416,-1.77,270,365,0,0,0,0
170.297,304.985,-8.416,-1.77,270,365,0,0,0,0
161.881,303.216,-8.416,-1.77,270,365,0,0,0,0
153.465,301.446,-8.416,-1.77,270,365,0,0,0,0
145.05,299.677,-8.416,-1.77,270,365,0,0,0,0
136.634,297.907,-8.416,-1.77,265,365,-1,0,0,0
128.218,296.137,-8.416,-1.77,260,365,-1,0,0,0
119.802,294.368,-8.416,-1.77,255,365,-1,0,0,0
111.386,292.598,-8.416,-1.77,250,365,-1,0,0,0
102.97,290.829,-8.416,-1.77,245,365,-1,0,0,0
94.554,289.059,-8.416,-1.77,240,365,-1,0,0,0
86.138,287.29,-8.416,-1.77,235,365,-1,0,0,0
77.722,285.52,-8.416,-1.77,230,365,-1,0,0,0
69.306,283.751,-8.416,-1.77,230,365,0,0,0,0
60.89,281.981,-8.416,-1.77,230,365,0,0,0,0
52.474,280.212,-8.416,-1.77,230,365,0,0,0,0
49.0,278.442,8.684,1.951,230,365,0,0,0,0
57.684,280.393,8.684,1.951,230,365,0,0,0,0
66.367,282.344,8.684,1.951,230,365,0,0,0,0
75.051,284.295,8.684,1.951,230,365,0,0,0,0
83.734,286.246,8.684,1.951,230,365,0,0,0,0
92.418,288.197,8.684,1.951,230,365,0,0,0,0
101.101,290.148,8.684,1.951,230,365,0,0,0,0
109.785,292.099,8.684,1.951,230,365,0,0,0,0
118.468,294.05,8.684,1.951,230,365,0,0,0,0
127.152,296.001,8.684,1.951,230,365,0,0,0,0
135.835,297.952,8.684,1.951,230,365,0,0,0,0
144.519,299.903,8.684,1.951,230,365,0,0,0,0
153.202,301.854,8.684,1.951,230,365,0,0,0,0
161.886,303.805,8.684,1.951,230,365,0,0,0,0
170.569,305.756,8.684,1.951,230,365,0,0,0,0
179.253,307.707,8.684,1.951,230,365,0,0,0,0
187.936,309.658,8.684,1.951,230,365,0,0,0,0
196.62,311.609,8.684,1.951,230,365,0,0,0,0
205.303,313.56,8.684,1.951,230,365,0,0,0,0
213.987,315.511,8.684,1.951,230,365,0,0,0,0
222.67,317.462,8.684,1.951,230,365,0,0,0,0
231.354,319.413,8.684,1.951,230,365,0,0,0,0
240.037,321.364,8.684,1.951,230,365,0,0,0,0
248.721,323.315,8.684,1.951,230,365,0,0,0,0
257.404,325.266,8.684,1.951,230,365,0,0,0,0
266.088,327.217,8.684,1.951,230,365,0,0,0,0
274.772,329.168,8.684,1.951,230,365,0,0,0,0
283.455,331.12,8.684,1.951,230,360,0,-1,0,0
292.139,333.071,8.684,1.951,230,355,0,-1,0,0
300.822,335.022,8.684,1.951,235,350,1,-1,0,0
309.506,336.973,8.684,1.951,240,345,1,-1,0,0
318.189,338.924,8.684,1.951,245,340,1,-1,0,0
326.873,340.875,8.684,1.951,250,335,1,-1,0,0
335.556,342.826,8.684,1.951,255,330,1,-1,0,0
344.24,344.777,8.684,1.951,260,325,1,-1,0,0
352.923,346.728,8.684,1.951,265,320,1,-1,0,0
361.607,348.679,8.684,1.951,270,320,1,0,0,0
370.29,350.63,8.684,1.951,275,320,1,0,0,0
378.974,352.581,8.684,1.951,280,320,1,0,0,0
387.657,354.532,8.684,1.951,280,320,0,0,0,0
396.341,356.483,8.684,1.951,280,320,0,0,0,0
405.024,358.434,8.684,1.951,280,320,0,0,0,0
413.708,360.385,8.684,1.951,280,320,0,0,0,0
422.391,362.336,8.684,1.951,280,320,0,0,0,0
431.075,364.287,8.684,1.951,280,320,0,0,0,0
439.758,366.238,8.684,1.951,280,320,0,0,0,0
448.442,368.189,8.684,1.951,280,320,0,0,0,0
457.125,370.14,8.684,1.951,280,320,0,0,0,0
465.809,372.091,8.684,1.951,280,320,0,0,0,0
474.492,374.042,8.684,1.951,280,320,0,0,0,0
483.176,375.993,8.684,1.951,280,320,0,0,0,0
491.86,377.944,8.684,1.951,280,320,0,0,0,0
500.543,379.895,8.684,1.951,280,320,0,0,0,0
509.227,381.846,8.684,1.951,280,320,0,0,0,0
517.91,383.797,8.684,1.951,280,320,0,0,0,0
526.594,385.748,8.684,1.951,280,320,0,0,0,0
535.277,387.699,8.684,1.951,280,320,0,0,0,0
543.961,389.65,8.684,1.951,280,320,0,0,0,0
552.644,391.601,8.684,1.951,280,320,0,0,0,0
561.328,393.552,8.684,1.951,280,320,0,0,0,0
570.011,395.503,8.684,1.951,280,320,0,0,0,0
578.695,397.454,8.684,1.951,280,320,0,0,0,0
587.378,399.405,8.684,1.951,280,320,0,0,0,0
596.062,401.356,8.684,1.951,280,325,0,1,0,0
604.745,403.307,8.684,1.951,280,330,0,1,0,0
613.429,405.258,8.684,1.951,280,335,0,1,0,0
622.112,407.209,8.684,1.951,280,340,0,1,0,0
630.796,409.16,8.684,1.951,280,345,0,1,0,0
639.479,411.111,8.684,1.951,280,350,0,1,0,0
648.163,413.062,8.684,1.951,280,355,0,1,0,0
656.846,415.013,8.684,1.951,280,360,0,1,0,0
665.53,416.964,8.684,1.951,280,365,0,1,0,0
674.213,418.915,8.684,1.951,280,370,0,1,0,0
682.897,420.866,8.684,1.951,280,375,0,1,0,0
691.58,422.817,8.684,1.951,280,380,0,1,0,0
700.264,424.768,8.684,1.951,280,385,0,1,0,0
708.948,426.719,8.684,1.951,280,390,0,1,0,0
717.631,428.671,8.684,1.951,280,395,0,1,0,0
726.315,430.622,8.684,1.951,280,400,0,1,0,0
734.998,432.573,8.684,1.951,280,405,0,1,0,0
743.682,434.524,8.684,1.951,280,405,0,0,0,0
752.365,436.475,8.684,1.951,280,405,0,0,0,0
751.0,438.426,-9.064,-1.576,280,405,0,0,0,0
741.936,436.85,-9.064,-1.576,280,405,0,0,0,0
732.872,435.274,-9.064,-1.576,280,405,0,0,0,0
723.808,433.699,-9.064,-1.576,280,405,0,0,0,0
714.744,432.123,-9.064,-1.576,280,405,0,0,0,0
705.68,430.547,-9.064,-1.576,280,405,0,0,0,0
696.616,428.972,-9.064,-1.576,280,405,0,0,0,0
687.552,427.396,-9.064,-1.576,280,405,0,0,0,0
678.487,425.82,-9.064,-1.576,280,405,0,0,0,0
669.423,424.245,-9.064,-1.576,280,405,0,0,0,0
660.359,422.669,-9.064,-1.576,280,405,0,0,0,0
651.295,421.093,-9.064,-1.576,280,405,0,0,0,0
642.231,419.518,-9.064,-1.576,280,405,0,0,0,0
633.167,417.942,-9.064,-1.576,280,405,0,0,0,0
624.103,416.366,-9.064,-1.576,280,405,0,0,0,0
615.039,414.791,-9.064,-1.576,280,405,0,0,0,0
605.975,413.215,-9.064,-1.576,280,405,0,0,0,0
596.911,411.639,-9.064,-1.576,280,405,0,0,0,0
587.847,410.063,-9.064,-1.576,280,405,0,0,0,0
578.783,408.488,-9.064,-1.576,280,405,0,0,0,0
569.719,406.912,-9.064,-1.576,280,405,0,0,0,0
560.655,405.336,-9.064,-1.576,280,405,0,0,0,0
551.591,403.761,-9.064,-1.576,285,405,1,0,0,0
542.527,402.185,-9.064,-1.576,290,405,1,0,0,0
533.462,400.609,-9.064,-1.576,295,405,1,0,0,0
524.398,399.034,-9.064,-1.576,300,405,1,0,0,0
515.334,397.458,-9.064,-1.576,305,405,1,0,0,0
506.27,395.882,-9.064,-1.576,310,405,1,0,0,0
497.206,394.307,-9.064,-1.576,315,405,1,0,0,0
488.142,392.731,-9.064,-1.576,315,405,0,0,0,0
479.078,391.155,-9.064,-1.576,315,405,0,0,0,0
470.014,389.58,-9.064,-1.576,315,405,0,0,0,0
460.95,388.004,-9.064,-1.576,315,405,0,0,0,0
451.886,386.428,-9.064,-1.576,315,405,0,0,0,0
442.822,384.853,-9.064,-1.576,315,405,0,0,0,0
433.758,383.277,-9.064,-1.576,315,405,0,0,0,0
424.694,381.701,-9.064,-1.576,315,405,0,0,0,0
415.63,380.126,-9.064,-1.576,315,405,0,0,0,0
406.566,378.55,-9.064,-1.576,315,405,0,0,0,0
397.502,376.974,-9.064,-1.576,315,405,0,0,0,0
388.437,375.399,-9.064,-1.576,315,405,0,0,0,0
379.373,373.823,-9.064,-1.576,315,405,0,0,0,0
370.309,372.247,-9.064,-1.576,315,405,0,0,0,0
361.245,370.672,-9.064,-1.576,315,405,0,0,0,0
352.181,369.096,-9.064,-1.576,315,405,0,0,0,0
343.117,367.52,-9.064,-1.576,315,405,0,0,0,0
334.053,365.945,-9.064,-1.576,315,405,0,0,0,0
324.989,364.369,-9.064,-1.576,315,405,0,0,0,0
315.925,362.793,-9.064,-1.576,315,405,0,0,0,0
306.861,361.218,-9.064,-1.576,315,405,0,0,0,0
297.797,359.642,-9.064,-1.576,315,405,0,0,0,0
288.733,358.066,-9.064,-1.576,315,405,0,0,0,0
279.669,356.491,-9.064,-1.576,315,405,0,0,0,0
270.605,354.915,-9.064,-1.576,315,405,0,0,0,0
261.541,353.339,-9.064,-1.576,315,405,0,0,0,0
252.476,351.764,-9.064,-1.576,315,405,0,0,0,0
243.412,350.188,-9.064,-1.576,315,405,0,0,0,0
234.348,348.612,-9.064,-1.576,315,405,0,0,0,0
225.284,347.037,-9.064,-1.576,310,405,-1,0,0,0
216.22,345.461,-9.064,-1.576,305,405,-1,0,0,0
207.156,343.885,-9.064,-1.576,300,405,-1,0,0,0
198.092,342.31,-9.064,-1.576,295,405,-1,0,0,0
189.028,340.734,-9.064,-1.576,295,405,0,0,0,0
179.964,339.158,-9.064,-1.576,295,405,0,0,0,0
170.9,337.583,-9.064,-1.576,295,405,0,0,0,0
161.836,336.007,-9.064,-1.576,295,405,0,0,0,0
152.772,334.431,-9.064,-1.576,295,405,0,0,0,0
143.708,332.856,-9.064,-1.576,295,405,0,0,0,0
134.644,331.28,-9.064,-1.576,295,405,0,0,0,0
125.58,329.704,-9.064,-1.576,295,405,0,0,0,0
116.516,328.128,-9.064,-1.576,295,405,0,0,0,0
107.451,326.553,-9.064,-1.576,295,405,0,0,0,0
98.387,324.977,-9.064,-1.576,290,405,-1,0,0,0
89.323,323.401,-9.064,-1.576,285,405,-1,0,0,0
80.259,321.826,-9.064,-1.576,280,405,-1,0,0,0
71.195,320.25,-9.064,-1.576,275,405,-1,0,0,0
62.131,318.674,-9.064,-1.576,270,405,-1,0,0,0
53.067,317.099,-9.064,-1.576,270,405,0,0,0,0
49.0,315.523,9.401,1.369,270,405,0,0,0,0
58.401,316.892,9.401,1.369,270,405,0,0,0,0
67.802,318.261,9.401,1.369,270,405,0,0,0,0
77.203,319.63,9.401,1.369,270,405,0,0,0,0
86.603,320.999,9.401,1.369,270,405,0,0,0,0
96.004,322.367,9.401,1.369,270,405,0,0,0,0
105.405,323.736,9.401,1.369,270,405,0,0,0,0
114.806,325.105,9.401,1.369,270,405,0,0,0,0
124.207,326.474,9.401,1.369,270,405,0,0,0,0
133.608,327.843,9.401,1.369,270,405,0,0,0,0
143.009,329.212,9.401,1.369,270,405,0,0,0,0
152.409,330.581,9.401,1.369,270,405,0,0,0,0
161.81,331.949,9.401,1.369,270,405,0,0,0,0
171.211,333.318,9.401,1.369,270,405,0,0,0,0
180.612,334.687,9.401,1.369,270,405,0,0,0,0
190.013,336.056,9.401,1.369,270,405,0,0,0,0
199.414,337.425,9.401,1.369,270,405,0,0,0,0
208.815,338.794,9.401,1.369,270,405,0,0,0,0
218.216,340.163,9.401,1.369,270,405,0,0,0,0
227.616,341.532,9.401,1.369,270,405,0,0,0,0
237.017,342.9,9.401,1.369,270,405,0,0,0,0
246.418,344.269,9.401,1.369,270,405,0,0,0,0
255.819,345.638,9.401,1.369,270,405,0,0,0,0
265.22,347.007,9.401,1.369,270,405,0,0,0,0
274.621,348.376,9.401,1.369,270,405,0,0,0,0
284.022,349.745,9.401,1.369,270,405,0,0,0,0
293.422,351.114,9.401,1.369,270,405,0,0,0,0
302.823,352.482,9.401,1.369,270,405,0,0,0,0
312.224,353.851,9.401,1.369,270,405,0,0,0,0
321.625,355.22,9.401,1.369,270,405,0,0,0,0
331.026,356.589,9.401,1.369,270,405,0,0,0,0
340.427,357.958,9.401,1.369,270,405,0,0,0,0
349.828,359.327,9.401,1.369,270,405,0,0,0,0
359.228,360.696,9.401,1.369,270,405,0,0,0,0
368.629,362.065,9.401,1.369,270,405,0,0,0,0
378.03,363.433,9.401,1.369,270,405,0,0,0,0
387.431,364.802,9.401,1.369,270,405,0,0,0,0
396.832,366.171,9.401,1.369,270,405,0,0,0,0
406.233,367.54,9.401,1.369,270,405,0,0,0,0
415.634,368.909,9.401,1.369,270,405,0,0,0,0
425.034,370.278,9.401,1.369,270,405,0,0,0,0
434.435,371.647,9.401,1.369,270,405,0,0,0,0
443.836,373.015,9.401,1.369,270,405,0,0,0,0
453.237,374.384,9.401,1.369,270,405,0,0,0,0
462.638,375.753,9.401,1.369,270,405,0,0,0,0
472.039,377.122,9.401,1.369,270,405,0,0,0,0
481.44,378.491,9.401,1.369,270,405,0,0,0,0
490.841,379.86,9.401,1.369,270,405,0,0,0,0
500.241,381.229,9.401,1.369,270,405,0,0,0,0
509.642,382.598,9.401,1.369,270,405,0,0,0,0
519.043,383.966,9.401,1.369,270,405,0,0,0,0
528.444,385.335,9.401,1.369,270,400,0,-1,0,0
537.845,386.704,9.401,1.369,270,395,0,-1,0,0
547.246,388.073,9.401,1.369,270,390,0,-1,0,0
556.647,389.442,9.401,1.369,270,385,0,-1,0,0
566.047,390.811,9.401,1.369,270,380,0,-1,0,0
575.448,392.18,9.401,1.369,270,375,0,-1,0,0
584.849,393.548,9.401,1.369,270,375,0,0,0,0
594.25,394.917,9.401,1.369,270,375,0,0,0,0
603.651,396.286,9.401,1.369,270,375,0,0,0,0
613.052,397.655,9.401,1.369,270,375,0,0,0,0
622.453,399.024,9.401,1.369,270,375,0,0,0,0
631.853,400.393,9.401,1.369,270,375,0,0,0,0
641.254,401.762,9.401,1.369,270,375,0,0,0,0
650.655,403.13,9.401,1.369,270,375,0,0,0,0
660.056,404.499,9.401,1.369,270,375,0,0,0,0
669.457,405.868,9.401,1.369,270,375,0,0,0,0
678.858,407.237,9.401,1.369,270,375,0,0,0,0
688.259,408.606,9.401,1.369,270,375,0,0,0,0
697.659,409.975,9.401,1.369,270,375,0,0,0,0
707.06,411.344,9.401,1.369,270,375,0,0,0,0
716.461,412.713,9.401,1.369,270,375,0,0,0,0
725.862,414.081,9.401,1.369,270,375,0,0,0,0
735.263,415.45,9.401,1.369,270,375,0,0,0,0
744.664,416.819,9.401,1.369,270,375,0,0,0,0
751.0,418.188,-9.766,0.817,270,375,0,0,0,0
741.234,419.005,-9.766,0.817,270,375,0,0,0,0
731.468,419.822,-9.766,0.817,270,375,0,0,0,0
721.702,420.639,-9.766,0.817,270,375,0,0,0,0
711.936,421.456,-9.766,0.817,270,375,0,0,0,0
702.171,422.273,-9.766,0.817,270,375,0,0,0,0
692.405,423.09,-9.766,0.817,270,375,0,0,0,0
682.639,423.907,-9.766,0.817,270,375,0,0,0,0
672.873,424.724,-9.766,0.817,270,375,0,0,0,0
663.107,425.541,-9.766,0.817,270,375,0,0,0,0
653.341,426.358,-9.766,0.817,270,375,0,0,0,0
643.575,427.175,-9.766,0.817,270,375,0,0,0,0
633.809,427.992,-9.766,0.817,270,375,0,0,0,0
624.043,428.809,-9.766,0.817,270,375,0,0,0,0
614.278,429.626,-9.766,0.817,270,375,0,0,0,0
604.512,430.443,-9.766,0.817,270,375,0,0,0,0
594.746,431.26,-9.766,0.817,270,375,0,0,0,0
584.98,432.077,-9.766,0.817,270,375,0,0,0,0
575.214,432.894,-9.766,0.817,270,375,0,0,0,0
565.448,433.711,-9.766,0.817,270,375,0,0,0,0
555.682,434.528,-9.766,0.817,270,375,0,0,0,0
545.916,435.345,-9.766,0.817,270,375,0,0,0,0
536.15,436.162,-9.766,0.817,275,375,1,0,0,0
526.385,436.978,-9.766,0.817,280,375,1,0,0,0
516.619,437.795,-9.766,0.817,285,375,1,0,0,0
506.853,438.612,-9.766,0.817,290,375,1,0,0,0
497.087,439.429,-9.766,0.817,295,375,1,0,0,0
487.321,440.246,-9.766,0.817,300,375,1,0,0,0
477.555,441.063,-9.766,0.817,305,375,1,0,0,0
467.789,441.88,-9.766,0.817,310,375,1,0,0,0
458.023,442.697,-9.766,0.817,315,375,1,0,0,0
448.258,443.514,-9.766,0.817,320,375,1,0,0,0
438.492,444.331,-9.766,0.817,325,375,1,0,0,0
428.726,445.148,-9.766,0.817,330,375,1,0,0,0
418.96,445.965,-9.766,0.817,335,375,1,0,0,0
409.194,446.782,-9.766,0.817,340,375,1,0,0,0
399.428,447.599,-9.766,0.817,345,375,1,0,0,0
389.662,448.416,-9.766,0.817,350,375,1,0,0,0
379.896,449.233,-9.766,0.817,355,375,1,0,0,0
370.13,450.05,-9.766,0.817,360,375,1,0,0,0
360.365,450.867,-9.766,0.817,365,375,1,0,0,0
350.599,451.684,-9.766,0.817,370,375,1,0,0,0
340.833,452.501,-9.766,0.817,375,375,1,0,0,0
331.067,453.318,-9.766,0.817,380,375,1,0,0,0
321.301,454.135,-9.766,0.817,385,375,1,0,0,0
311.535,454.952,-9.766,0.817,390,375,1,0,0,0
301.769,455.769,-9.766,0.817,395,375,1,0,0,0
292.003,456.586,-9.766,0.817,400,375,1,0,0,0
282.237,457.403,-9.766,0.817,405,375,1,0,0,0
272.472,458.22,-9.766,0.817,410,375,1,0,0,0
262.706,459.037,-9.766,0.817,415,375,1,0,0,0
252.94,459.854,-9.766,0.817,420,375,1,0,0,0
243.174,460.671,-9.766,0.817,425,375,1,0,0,0
233.408,461.488,-9.766,0.817,430,375,1,0,0,0
223.642,462.305,-9.766,0.817,435,375,1,0,0,0
213.876,463.122,-9.766,0.817,440,375,1,0,0,0
204.11,463.939,-9.766,0.817,440,375,0,0,0,0
194.344,464.756,-9.766,0.817,440,375,0,0,0,0
184.579,465.573,-9.766,0.817,440,375,0,0,0,0
174.813,466.39,-9.766,0.817,440,375,0,0,0,0
165.047,467.207,-9.766,0.817,440,375,0,0,0,0
155.281,468.024,-9.766,0.817,440,375,0,0,0,0
145.515,468.841,-9.766,0.817,440,375,0,0,0,0
135.749,469.658,-9.766,0.817,440,375,0,0,0,0
125.983,470.475,-9.766,0.817,440,375,0,0,0,0
116.217,471.292,-9.766,0.817,440,375,0,0,0,0
106.451,472.109,-9.766,0.817,440,375,0,0,0,0
96.686,472.926,-9.766,0.817,440,375,0,0,0,0
86.92,473.742,-9.766,0.817,440,375,0,0,0,0
77.154,474.559,-9.766,0.817,440,375,0,0,0,0
67.388,475.376,-9.766,0.817,440,375,0,0,0,0
57.622,476.193,-9.766,0.817,440,375,0,0,0,0
49.0,477.01,10.069,-0.79,440,375,0,0,0,0
59.069,476.221,10.069,-0.79,440,375,0,0,0,0
69.138,475.431,10.069,-0.79,440,375,0,0,0,0
79.207,474.641,10.069,-0.79,440,375,0,0,0,0
89.276,473.852,10.069,-0.79,440,375,0,0,0,0
99.345,473.062,10.069,-0.79,440,375,0,0,0,0
109.414,472.272,10.069,-0.79,440,375,0,0,0,0
119.484,471.483,10.069,-0.79,440,375,0,0,0,0
129.553,470.693,10.069,-0.79,440,375,0,0,0,0
139.622,469.903,10.069,-0.79,440,375,0,0,0,0
149.691,469.113,10.069,-0.79,440,375,0,0,0,0
159.76,468.324,10.069,-0.79,440,375,0,0,0,0
169.829,467.534,10.069,-0.79,440,375,0,0,0,0
179.898,466.744,10.069,-0.79,440,375,0,0,0,0
189.967,465.955,10.069,-0.79,440,375,0,0,0,0
200.036,465.165,10.069,-0.79,440,375,0,0,0,0
210.105,464.375,10.069,-0.79,440,375,0,0,0,0
220.174,463.586,10.069,-0.79,440,375,0,0,0,0
230.243,462.796,10.069,-0.79,440,375,0,0,0,0
240.313,462.006,10.069,-0.79,440,375,0,0,0,0
250.382,461.217,10.069,-0.79,440,375,0,0,0,0
260.451,460.427,10.069,-0.79,440,375,0,0,0,0
270.52,459.637,10.069,-0.79,440,375,0,0,0,0
280.589,458.847,10.069,-0.79,440,375,0,0,0,0
290.658,458.058,10.069,-0.79,440,375,0,0,0,0
300.727,457.268,10.069,-0.79,440,375,0,0,0,0
310.796,456.478,10.069,-0.79,440,375,0,0,0,0
320.865,455.689,10.069,-0.79,440,375,0,0,0,0
330.934,454.899,10.069,-0.79,440,375,0,0,0,0
341.003,454.109,10.069,-0.79,440,375,0,0,0,0
351.072,453.32,10.069,-0.79,440,375,0,0,0,0
361.141,452.53,10.069,-0.79,440,375,0,0,0,0
371.211,451.74,10.069,-0.79,440,375,0,0,0,0
381.28,450.95,10.069,-0.79,440,375,0,0,0,0
391.349,450.161,10.069,-0.79,440,375,0,0,0,0
401.418,449.371,10.069,-0.79,440,375,0,0,0,0
411.487,448.581,10.069,-0.79,440,375,0,0,0,0
421.556,447.792,10.069,-0.79,440,375,0,0,0,0
431.625,447.002,10.069,-0.79,435,375,-1,0,0,0
441.694,446.212,10.069,-0.79,430,375,-1,0,0,0
451.763,445.423,10.069,-0.79,425,375,-1,0,0,0
461.832,444.633,10.069,-0.79,420,375,-1,0,0,0
471.901,443.843,10.069,-0.79,415,375,-1,0,0,0
481.97,443.054,10.069,-0.79,410,375,-1,0,0,0
492.04,442.264,10.069,-0.79,405,375,-1,0,0,0
502.109,441.474,10.069,-0.79,405,375,0,0,0,0
512.178,440.684,10.069,-0.79,405,375,0,0,0,0
522.247,439.895,10.069,-0.79,405,375,0,0,0,0
532.316,439.105,10.069,-0.79,405,375,0,0,0,0
542.385,438.315,10.069,-0.79,405,375,0,0,0,0
552.454,437.526,10.069,-0.79,405,375,0,0,0,0
562.523,436.736,10.069,-0.79,405,375,0,0,0,0
572.592,435.946,10.069,-0.79,405,375,0,0,0,0
582.661,435.157,10.069,-0.79,405,375,0,0,0,0
592.73,434.367,10.069,-0.79,405,375,0,0,0,0
602.799,433.577,10.069,-0.79,405,380,0,1,0,0
612.869,432.788,10.069,-0.79,405,385,0,1,0,0
622.938,431.998,10.069,-0.79,405,390,0,1,0,0
633.007,431.208,10.069,-0.79,405,395,0,1,0,0
643.076,430.418,10.069,-0.79,405,400,0,1,0,0
653.145,429.629,10.069,-0.79,405,405,0,1,0,0
663.214,428.839,10.069,-0.79,405,410,0,1,0,0
673.283,428.049,10.069,-0.79,405,415,0,1,0,0
683.352,427.26,10.069,-0.79,405,420,0,1,0,0
693.421,426.47,10.069,-0.79,405,425,0,1,0,0
703.49,425.68,10.069,-0.79,405,425,0,0,0,0
713.559,424.891,10.069,-0.79,405,425,0,0,0,0
723.628,424.101,10.069,-0.79,405,425,0,0,0,0
733.697,423.311,10.069,-0.79,405,425,0,0,0,0
743.767,422.521,10.069,-0.79,405,425,0,0,0,0
751.0,421.732,-5.2,-9.007,405,425,0,0,0,0
745.8,412.725,-5.2,-9.007,405,425,0,0,0,0
740.6,403.718,-5.2,-9.007,405,425,0,0,0,0
735.4,394.712,-5.2,-9.007,405,425,0,0,0,0
730.2,385.705,-5.2,-9.007,405,425,0,0,0,0
725.0,376.698,-5.2,-9.007,405,425,0,0,0,0
719.8,367.692,-5.2,-9.007,405,425,0,0,0,0
714.6,358.685,-5.2,-9.007,405,425,0,0,0,0
709.4,349.678,-5.2,-9.007,405,425,0,0,0,0
704.2,340.672,-5.2,-9.007,405,425,0,0,0,0
699.0,331.665,-5.2,-9.007,405,425,0,0,0,0
693.8,322.658,-5.2,-9.007,405,425,0,0,0,0
688.6,313.652,-5.2,-9.007,405,425,0,0,0,0
683.4,304.645,-5.2,-9.007,405,425,0,0,0,0
678.2,295.639,-5.2,-9.007,405,425,0,0,0,0
673.0,286.632,-5.2,-9.007,405,425,0,0,0,0
667.8,277.625,-5.2,-9.007,405,425,0,0,0,0
662.6,268.619,-5.2,-9.007,405,425,0,0,0,0
657.4,259.612,-5.2,-9.007,405,425,0,0,0,0
652.2,250.605,-5.2,-9.007,405,425,0,0,0,0
647.0,241.599,-5.2,-9.007,400,425,-1,0,0,0
641.8,232.592,-5.2,-9.007,395,425,-1,0,0,0
636.6,223.585,-5.2,-9.007,390,425,-1,0,0,0
631.4,214.579,-5.2,-9.007,385,425,-1,0,0,0
626.2,205.572,-5.2,-9.007,380,425,-1,0,0,0
621.0,196.565,-5.2,-9.007,375,425,-1,0,0,0
615.8,187.559,-5.2,-9.007,370,425,-1,0,0,0
610.6,178.552,-5.2,-9.007,365,425,-1,0,0,0
605.4,169.545,-5.2,-9.007,360,425,-1,0,0,0
600.2,160.539,-5.2,-9.007,355,425,-1,0,0,0
595.0,151.532,-5.2,-9.007,350,425,-1,0,0,0
589.8,142.525,-5.2,-9.007,345,425,-1,0,0,0
584.6,133.519,-5.2,-9.007,340,425,-1,0,0,0
579.4,124.512,-5.2,-9.007,335,425,-1,0,0,0
574.2,115.505,-5.2,-9.007,330,425,-1,0,0,0
569.0,106.499,-5.2,-9.007,325,425,-1,0,0,0
563.8,97.492,-5.2,-9.007,320,425,-1,0,0,0
558.6,88.485,-5.2,-9.007,315,425,-1,0,0,0
553.4,79.479,-5.2,-9.007,310,425,-1,0,0,0
548.2,70.472,-5.2,-9.007,305,425,-1,0,0,0
543.0,61.465,-5.2,-9.007,305,425,0,0,0,0
537.8,52.459,-5.2,-9.007,305,425,0,0,0,0
532.6,43.452,-5.2,-9.007,305,425,0,0,0,0
527.4,34.445,-5.2,-9.007,305,425,0,0,0,0
522.2,25.439,-5.2,-9.007,305,425,0,0,0,0
517.0,16.432,-5.2,-9.007,305,425,0,0,0,0
511.8,7.425,-5.2,-9.007,305,425,0,0,0,0
506.6,6.0,-5.2,9.007,305,425,0,0,0,0
501.4,15.007,-5.2,9.007,305,425,0,0,0,0
496.2,24.013,-5.2,9.007,305,425,0,0,0,0
491.0,33.02,-5.2,9.007,305,425,0,0,0,0
485.8,42.027,-5.2,9.007,305,425,0,0,0,0
480.6,51.033,-5.2,9.007,305,425,0,0,0,0
475.4,60.04,-5.2,9.007,305,425,0,0,0,0
470.2,69.047,-5.2,9.007,305,425,0,0,0,0
465.0,78.053,-5.2,9.007,305,425,0,0,0,0
459.8,87.06,-5.2,9.007,305,425,0,0,0,0
454.6,96.067,-5.2,9.007,305,425,0,0,0,0
449.4,105.073,-5.2,9.007,305,425,0,0,0,0
444.2,114.08,-5.2,9.007,310,425,1,0,0,0
439.0,123.087,-5.2,9.007,315,425,1,0,0,0
433.8,132.093,-5.2,9.007,320,425,1,0,0,0
428.6,141.1,-5.2,9.007,325,425,1,0,0,0
423.4,150.107,-5.2,9.007,330,425,1,0,0,0
418.2,159.113,-5.2,9.007,335,425,1,0,0,0
413.0,168.12,-5.2,9.007,340,425,1,0,0,0
407.8,177.127,-5.2,9.007,345,425,1,0,0,0
402.6,186.133,-5.2,9.007,350,425,1,0,0,0
397.4,195.14,-5.2,9.007,355,425,1,0,0,0
392.2,204.147,-5.2,9.007,360,425,1,0,0,0
387.0,213.153,-5.2,9.007,365,425,1,0,0,0
381.8,222.16,-5.2,9.007,370,425,1,0,0,0
376.6,231.167,-5.2,9.007,375,425,1,0,0,0
371.4,240.173,-5.2,9.007,380,425,1,0,0,0
366.2,249.18,-5.2,9.007,385,425,1,0,0,0
361.0,258.187,-5.2,9.007,390,425,1,0,0,0
355.8,267.193,-5.2,9.007,395,425,1,0,0,0
350.6,276.2,-5.2,9.007,400,425,1,0,0,0
345.4,285.207,-5.2,9.007,405,425,1,0,0,0
340.2,294.213,-5.2,9.007,410,425,1,0,0,0
335.0,303.22,-5.2,9.007,415,425,1,0,0,0
329.8,312.227,-5.2,9.007,420,425,1,0,0,0
324.6,321.233,-5.2,9.007,425,425,1,0,0,0
319.4,330.24,-5.2,9.007,430,425,1,0,0,0
314.2,339.247,-5.2,9.007,435,425,1,0,0,0
309.0,348.253,-5.2,9.007,440,425,1,0,0,0
303.8,357.26,-5.2,9.007,445,425,1,0,0,0
298.6,366.267,-5.2,9.007,450,425,1,0,0,0
293.4,375.273,-5.2,9.007,455,425,1,0,0,0
288.2,384.28,-5.2,9.007,460,425,1,0,0,0
283.0,393.287,-5.2,9.007,465,425,1,0,0,0
277.8,402.293,-5.2,9.007,470,425,1,0,0,0
272.6,411.3,-5.2,9.007,475,425,1,0,0,0
267.4,420.307,-5.2,9.007,480,425,1,0,0,0
262.2,429.313,-5.2,9.007,480,425,0,0,0,0
257.0,438.32,-5.2,9.007,480,425,0,0,0,0
251.8,447.327,-5.2,9.007,480,425,0,0,0,0
246.6,456.333,-5.2,9.007,480,425,0,0,0,0
241.4,465.34,-5.2,9.007,475,425,-1,0,0,0
236.2,474.347,-5.2,9.007,470,425,-1,0,0,0
231.0,483.353,-5.2,9.007,465,425,-1,0,0,0
225.8,492.36,-5.2,9.007,460,425,-1,0,0,0
220.6,501.367,-5.2,9.007,455,425,-1,0,0,0
215.4,510.373,-5.2,9.007,450,425,-1,0,0,0
210.2,519.38,-5.2,9.007,445,425,-1,0,0,0
205.0,528.387,-5.2,9.007,440,425,-1,0,0,0
199.8,537.393,-5.2,9.007,435,425,-1,0,0,0
194.6,546.4,-5.2,9.007,430,425,-1,0,0,0
189.4,555.407,-5.2,9.007,425,425,-1,0,0,0
184.2,564.413,-5.2,9.007,420,425,-1,0,0,0
179.0,573.42,-5.2,9.007,415,425,-1,0,0,0
173.8,582.427,-5.2,9.007,410,425,-1,0,0,0
168.6,591.433,-5.2,9.007,405,425,-1,0,0,0
163.4,594.0,-5.2,-9.007,400,425,-1,0,0,0
158.2,584.993,-5.2,-9.007,395,425,-1,0,0,0
153.0,575.987,-5.2,-9.007,390,425,-1,0,0,0
147.8,566.98,-5.2,-9.007,385,425,-1,0,0,0
142.6,557.973,-5.2,-9.007,380,425,-1,0,0,0
137.4,548.967,-5.2,-9.007,375,425,-1,0,0,0
132.2,539.96,-5.2,-9.007,370,425,-1,0,0,0
127.0,530.953,-5.2,-9.007,365,425,-1,0,0,0
121.8,521.947,-5.2,-9.007,360,425,-1,0,0,0
116.6,512.94,-5.2,-9.007,355,425,-1,0,0,0
111.4,503.933,-5.2,-9.007,350,425,-1,0,0,0
106.2,494.927,-5.2,-9.007,345,425,-1,0,0,0
101.0,485.92,-5.2,-9.007,340,425,-1,0,0,0
95.8,476.913,-5.2,-9.007,335,425,-1,0,0,0
90.6,467.907,-5.2,-9.007,330,425,-1,0,0,0
85.4,458.9,-5.2,-9.007,325,425,-1,0,0,0
80.2,449.893,-5.2,-9.007,320,425,-1,0,0,0
75.0,440.887,-5.2,-9.007,315,425,-1,0,0,0
69.8,431.88,-5.2,-9.007,310,425,-1,0,0,0
64.6,422.873,-5.2,-9.007,305,425,-1,0,0,0
59.4,413.867,-5.2,-9.007,300,425,-1,0,0,0
54.2,404.86,-5.2,-9.007,295,425,-1,0,0,0
49.0,395.853,-5.2,-9.007,290,425,-1,0,0,0
43.8,386.847,-5.2,-9.007,285,425,-1,0,0,0
38.6,377.84,-5.2,-9.007,280,425,-1,0,0,0
33.4,368.833,-5.2,-9.007,275,425,-1,0,0,0
28.2,359.827,-5.2,-9.007,270,425,-1,0,0,0
23.0,350.82,-5.2,-9.007,265,425,-1,0,0,0
17.8,341.813,-5.2,-9.007,260,425,-1,0,0,0
12.6,332.807,-5.2,-9.007,255,425,-1,0,0,0
7.4,323.8,-5.2,-9.007,250,425,-1,0,0,0
2.2,314.793,-5.2,-9.007,250,425,0,0,0,0
-3.0,305.787,-5.2,-9.007,250,425,0,0,0,0
400.0,300.0,4.979,0.461,250,425,0,0,0,1
404.979,300.461,4.979,0.461,250,425,0,0,0,0
409.957,300.922,4.979,0.461,250,425,0,0,0,0
414.936,301.383,4.979,0.461,250,425,0,0,0,0
419.915,301.844,4.979,0.461,250,425,0,0,0,0
424.894,302.305,4.979,0.461,250,425,0,0,0,0
429.872,302.766,4.979,0.461,250,425,0,0,0,0
434.851,303.227,4.979,0.461,250,425,0,0,0,0
439.83,303.688,4.979,0.461,250,425,0,0,0,0
444.808,304.149,4.979,0.461,250,425,0,0,0,0
449.787,304.61,4.979,0.461,250,425,0,0,0,0
454.766,305.071,4.979,0.461,250,425,0,0,0,0
459.744,305.532,4.979,0.461,250,425,0,0,0,0
464.723,305.993,4.979,0.461,250,425,0,0,0,0
469.702,306.454,4.979,0.461,250,425,0,0,0,0
474.681,306.915,4.979,0.461,250,425,0,0,0,0
479.659,307.376,4.979,0.461,250,425,0,0,0,0
484.638,307.837,4.979,0.461,250,425,0,0,0,0
489.617,308.298,4.979,0.461,250,425,0,0,0,0
494.595,308.759,4.979,0.461,250,425,0,0,0,0
499.574,309.22,4.979,0.461,250,425,0,0,0,0
504.553,309.681,4.979,0.461,250,425,0,0,0,0
509.532,310.142,4.979,0.461,250,425,0,0,0,0
514.51,310.602,4.979,0.461,250,425,0,0,0,0
519.489,311.063,4.979,0.461,250,425,0,0,0,0
524.468,311.524,4.979,0.461,250,425,0,0,0,0
529.446,311.985,4.979,0.461,250,425,0,0,0,0
534.425,312.446,4.979,0.461,250,425,0,0,0,0
539.404,312.907,4.979,0.461,250,425,0,0,0,0
544.382,313.368,4.979,0.461,250,425,0,0,0,0
549.361,313.829,4.979,0.461,250,425,0,0,0,0
554.34,314.29,4.979,0.461,250,425,0,0,0,0
559.319,314.751,4.979,0.461,250,425,0,0,0,0
564.297,315.212,4.979,0.461,250,425,0,0,0,0
569.276,315.673,4.979,0.461,250,425,0,0,0,0
574.255,316.134,4.979,0.461,250,425,0,0,0,0
579.233,316.595,4.979,0.461,250,425,0,0,0,0
584.212,317.056,4.979,0.461,250,425,0,0,0,0
589.191,317.517,4.979,0.461,250,425,0,0,0,0
594.169,317.978,4.979,0.461,250,425,0,0,0,0
599.148,318.439,4.979,0.461,250,425,0,0,0,0
604.127,318.9,4.979,0.461,250,425,0,0,0,0
609.106,319.361,4.979,0.461,250,425,0,0,0,0
614.084,319.822,4.979,0.461,250,425,0,0,0,0
619.063,320.283,4.979,0.461,250,425,0,0,0,0
624.042,320.744,4.979,0.461,250,425,0,0,0,0
629.02,321.205,4.979,0.461,250,425,0,0,0,0
633.999,321.666,4.979,0.461,250,425,0,0,0,0
638.978,322.127,4.979,0.461,250,425,0,0,0,0
643.957,322.588,4.979,0.461,250,425,0,0,0,0
648.935,323.049,4.979,0.461,250,425,0,0,0,0
653.914,323.51,4.979,0.461,250,425,0,0,0,0
658.893,323.971,4.979,0.461,250,425,0,0,0,0
663.871,324.432,4.979,0.461,250,425,0,0,0,0
668.85,324.893,4.979,0.461,250,425,0,0,0,0
673.829,325.354,4.979,0.461,250,425,0,0,0,0
678.807,325.815,4.979,0.461,250,425,0,0,0,0
683.786,326.276,4.979,0.461,250,425,0,0,0,0
688.765,326.737,4.979,0.461,250,425,0,0,0,0
693.744,327.198,4.979,0.461,250,425,0,0,0,0
698.722,327.659,4.979,0.461,250,425,0,0,0,0
703.701,328.12,4.979,0.461,250,425,0,0,0,0
708.68,328.581,4.979,0.461,250,425,0,0,0,0
713.658,329.042,4.979,0.461,250,425,0,0,0,0
718.637,329.503,4.979,0.461,250,425,0,0,0,0
723.616,329.964,4.979,0.461,250,420,0,-1,0,0
728.595,330.425,4.979,0.461,250,415,0,-1,0,0
733.573,330.886,4.979,0.461,250,410,0,-1,0,0
738.552,331.346,4.979,0.461,250,405,0,-1,0,0
743.531,331.807,4.979,0.461,250,400,0,-1,0,0
748.509,332.268,4.979,0.461,250,395,0,-1,0,0
753.488,332.729,4.979,0.461,250,390,0,-1,0,0
758.467,333.19,4.979,0.461,250,385,0,-1,0,0
763.445,333.651,4.979,0.461,250,380,0,-1,0,0
768.424,334.112,4.979,0.461,250,375,0,-1,0,0
773.403,334.573,4.979,0.461,250,370,0,-1,0,0
778.382,335.034,4.979,0.461,250,365,0,-1,0,0
783.36,335.495,4.979,0.461,250,360,0,-1,0,0
788.339,335.956,4.979,0.461,250,355,0,-1,0,0
793.318,336.417,4.979,0.461,250,350,0,-1,0,0
798.296,336.878,4.979,0.461,250,345,0,-1,0,0
803.275,337.339,4.979,0.461,250,340,0,-1,0,0
400.0,300.0,-4.803,1.391,250,335,0,-1,1,0
404.814,301.35,4.814,1.35,250,335,0,0,0,0
409.629,302.7,4.814,1.35,250,335,0,0,0,0
414.443,304.05,4.814,1.35,250,335,0,0,0,0
419.257,305.4,4.814,1.35,250,335,0,0,0,0
424.072,306.75,4.814,1.35,250,335,0,0,0,0
428.886,308.1,4.814,1.35,250,335,0,0,0,0
433.7,309.45,4.814,1.35,250,335,0,0,0,0
438.514,310.8,4.814,1.35,250,335,0,0,0,0
443.329,312.15,4.814,1.35,250,335,0,0,0,0
448.143,313.5,4.814,1.35,250,335,0,0,0,0
452.957,314.85,4.814,1.35,250,335,0,0,0,0
457.772,316.2,4.814,1.35,250,335,0,0,0,0
462.586,317.55,4.814,1.35,250,335,0,0,0,0
467.4,318.9,4.814,1.35,250,335,0,0,0,0
472.215,320.249,4.814,1.35,250,335,0,0,0,0
477.029,321.599,4.814,1.35,250,335,0,0,0,0
481.843,322.949,4.814,1.35,250,335,0,0,0,0
486.658,324.299,4.814,1.35,250,335,0,0,0,0
491.472,325.649,4.814,1.35,250,335,0,0,0,0
496.286,326.999,4.814,1.35,250,335,0,0,0,0
501.101,328.349,4.814,1.35,250,335,0,0,0,0
505.915,329.699,4.814,1.35,250,335,0,0,0,0
510.729,331.049,4.814,1.35,250,335,0,0,0,0
515.543,332.399,4.814,1.35,250,335,0,0,0,0
520.358,333.749,4.814,1.35,250,335,0,0,0,0
525.172,335.099,4.814,1.35,250,335,0,0,0,0
529.986,336.449,4.814,1.35,250,335,0,0,0,0
534.801,337.799,4.814,1.35,250,335,0,0,0,0
539.615,339.149,4.814,1.35,250,335,0,0,0,0
544.429,340.499,4.814,1.35,250,335,0,0,0,0
549.244,341.849,4.814,1.35,250,335,0,0,0,0
554.058,343.199,4.814,1.35,250,335,0,0,0,0
558.872,344.549,4.814,1.35,250,335,0,0,0,0
563.687,345.899,4.814,1.35,250,335,0,0,0,0
568.501,347.249,4.814,1.35,250,335,0,0,0,0
573.315,348.599,4.814,1.35,250,335,0,0,0,0
578.13,349.949,4.814,1.35,250,335,0,0,0,0
582.944,351.299,4.814,1.35,250,335,0,0,0,0
587.758,352.649,4.814,1.35,250,335,0,0,0,0
592.572,353.999,4.814,1.35,250,335,0,0,0,0
597.387,355.349,4.814,1.35,250,335,0,0,0,0
602.201,356.699,4.814,1.35,250,335,0,0,0,0
607.015,358.049,4.814,1.35,250,335,0,0,0,0
611.83,359.399,4.814,1.35,250,335,0,0,0,0
616.644,360.748,4.814,1.35,250,335,0,0,0,0
621.458,362.098,4.814,1.35,250,335,0,0,0,0
626.273,363.448,4.814,1.35,250,335,0,0,0,0
631.087,364.798,4.814,1.35,250,335,0,0,0,0
635.901,366.148,4.814,1.35,250,335,0,0,0,0
640.716,367.498,4.814,1.35,250,335,0,0,0,0
645.53,368.848,4.814,1.35,250,335,0,0,0,0
650.344,370.198,4.814,1.35,250,335,0,0,0,0
655.158,371.548,4.814,1.35,250,335,0,0,0,0
659.973,372.898,4.814,1.35,250,335,0,0,0,0
664.787,374.248,4.814,1.35,250,335,0,0,0,0
669.601,375.598,4.814,1.35,250,335,0,0,0,0
674.416,376.948,4.814,1.35,250,335,0,0,0,0
679.23,378.298,4.814,1.35,250,335,0,0,0,0
684.044,379.648,4.814,1.35,250,335,0,0,0,0
688.859,380.998,4.814,1.35,250,335,0,0,0,0
693.673,382.348,4.814,1.35,250,335,0,0,0,0
698.487,383.698,4.814,1.35,250,335,0,0,0,0
703.302,385.048,4.814,1.35,250,335,0,0,0,0
708.116,386.398,4.814,1.35,250,335,0,0,0,0
712.93,387.748,4.814,1.35,250,335,0,0,0,0
717.745,389.098,4.814,1.35,250,335,0,0,0,0
722.559,390.448,4.814,1.35,250,335,0,0,0,0
727.373,391.798,4.814,1.35,250,335,0,0,0,0
732.187,393.148,4.814,1.35,250,335,0,0,0,0
737.002,394.498,4.814,1.35,250,335,0,0,0,0
741.816,395.848,4.814,1.35,250,335,0,0,0,0
746.63,397.198,4.814,1.35,250,335,0,0,0,0
751.445,398.548,4.814,1.35,250,335,0,0,0,0
751.0,399.897,-4.213,3.215,250,335,0,0,0,0
746.787,403.113,-4.213,3.215,250,335,0,0,0,0
742.573,406.328,-4.213,3.215,250,335,0,0,0,0
738.36,409.543,-4.213,3.215,250,335,0,0,0,0
734.146,412.758,-4.213,3.215,250,335,0,0,0,0
729.933,415.973,-4.213,3.215,250,335,0,0,0,0
725.72,419.188,-4.213,3.215,250,335,0,0,0,0
721.506,422.403,-4.213,3.215,250,335,0,0,0,0
717.293,425.619,-4.213,3.215,250,335,0,0,0,0
713.079,428.834,-4.213,3.215,250,335,0,0,0,0
708.866,432.049,-4.213,3.215,250,335,0,0,0,0
704.652,435.264,-4.213,3.215,250,335,0,0,0,0
700.439,438.479,-4.213,3.215,250,335,0,0,0,0
696.226,441.694,-4.213,3.215,250,335,0,0,0,0
692.012,444.909,-4.213,3.215,250,335,0,0,0,0
687.799,448.125,-4.213,3.215,250,335,0,0,0,0
683.585,451.34,-4.213,3.215,250,335,0,0,0,0
679.372,454.555,-4.213,3.215,250,335,0,0,0,0
675.159,457.77,-4.213,3.215,250,335,0,0,0,0
670.945,460.985,-4.213,3.215,250,335,0,0,0,0
666.732,464.2,-4.213,3.215,255,335,1,0,0,0
662.518,467.415,-4.213,3.215,260,335,1,0,0,0
658.305,470.631,-4.213,3.215,265,335,1,0,0,0
654.091,473.846,-4.213,3.215,270,335,1,0,0,0
649.878,477.061,-4.213,3.215,275,335,1,0,0,0
645.665,480.276,-4.213,3.215,280,335,1,0,0,0
641.451,483.491,-4.213,3.215,285,335,1,0,0,0
637.238,486.706,-4.213,3.215,290,335,1,0,0,0
633.024,489.921,-4.213,3.215,295,335,1,0,0,0
628.811,493.137,-4.213,3.215,300,335,1,0,0,0
624.598,496.352,-4.213,3.215,305,335,1,0,0,0
620.384,499.567,-4.213,3.215,310,335,1,0,0,0
616.171,502.782,-4.213,3.215,315,335,1,0,0,0
611.957,505.997,-4.213,3.215,320,335,1,0,0,0
607.744,509.212,-4.213,3.215,325,335,1,0,0,0
603.53,512.427,-4.213,3.215,330,335,1,0,0,0
599.317,515.643,-4.213,3.215,335,335,1,0,0,0
595.104,518.858,-4.213,3.215,340,335,1,0,0,0
590.89,522.073,-4.213,3.215,345,335,1,0,0,0
586.677,525.288,-4.213,3.215,350,335,1,0,0,0
582.463,528.503,-4.213,3.215,355,335,1,0,0,0
578.25,531.718,-4.213,3.215,360,335,1,0,0,0
574.037,534.933,-4.213,3.215,365,335,1,0,0,0
569.823,538.149,-4.213,3.215,370,335,1,0,0,0
565.61,541.364,-4.213,3.215,370,335,0,0,0,0
561.396,544.579,-4.213,3.215,370,335,0,0,0,0
557.183,547.794,-4.213,3.215,370,335,0,0,0,0
552.969,551.009,-4.213,3.215,370,335,0,0,0,0
548.756,554.224,-4.213,3.215,370,335,0,0,0,0
544.543,557.439,-4.213,3.215,370,335,0,0,0,0
540.329,560.655,-4.213,3.215,370,335,0,0,0,0
536.116,563.87,-4.213,3.215,370,335,0,0,0,0
531.902,567.085,-4.213,3.215,370,335,0,0,0,0
527.689,570.3,-4.213,3.215,370,335,0,0,0,0
523.476,573.515,-4.213,3.215,370,335,0,0,0,0
519.262,576.73,-4.213,3.215,370,335,0,0,0,0
515.049,579.945,-4.213,3.215,370,335,0,0,0,0
510.835,583.16,-4.213,3.215,370,335,0,0,0,0
506.622,586.376,-4.213,3.215,370,340,0,1,0,0
502.408,589.591,-4.213,3.215,370,345,0,1,0,0
498.195,592.806,-4.213,3.215,370,350,0,1,0,0
493.982,594.0,-4.213,-3.215,370,355,0,1,0,0
489.768,590.785,-4.213,-3.215,370,360,0,1,0,0
485.555,587.57,-4.213,-3.215,370,365,0,1,0,0
481.341,584.355,-4.213,-3.215,370,370,0,1,0,0
477.128,581.139,-4.213,-3.215,370,375,0,1,0,0
472.915,577.924,-4.213,-3.215,370,380,0,1,0,0
468.701,574.709,-4.213,-3.215,370,385,0,1,0,0
464.488,571.494,-4.213,-3.215,370,390,0,1,0,0
460.274,568.279,-4.213,-3.215,370,395,0,1,0,0
456.061,565.064,-4.213,-3.215,370,400,0,1,0,0
451.847,561.849,-4.213,-3.215,370,405,0,1,0,0
447.634,558.633,-4.213,-3.215,370,410,0,1,0,0
443.421,555.418,-4.213,-3.215,370,415,0,1,0,0
439.207,552.203,-4.213,-3.215,370,420,0,1,0,0
434.994,548.988,-4.213,-3.215,365,425,-1,1,0,0
430.78,545.773,-4.213,-3.215,360,430,-1,1,0,0
426.567,542.558,-4.213,-3.215,355,435,-1,1,0,0
422.354,539.343,-4.213,-3.215,350,440,-1,1,0,0
418.14,536.127,-4.213,-3.215,345,445,-1,1,0,0
413.927,532.912,-4.213,-3.215,340,450,-1,1,0,0
409.713,529.697,-4.213,-3.215,335,455,-1,1,0,0
405.5,526.482,-4.213,-3.215,330,455,-1,0,0,0
401.286,523.267,-4.213,-3.215,325,455,-1,0,0,0
397.073,520.052,-4.213,-3.215,320,455,-1,0,0,0
392.86,516.837,-4.213,-3.215,315,455,-1,0,0,0
388.646,513.621,-4.213,-3.215,310,455,-1,0,0,0
384.433,510.406,-4.213,-3.215,305,455,-1,0,0,0
380.219,507.191,-4.213,-3.215,300,455,-1,0,0,0
376.006,503.976,-4.213,-3.215,295,455,-1,0,0,0
371.793,500.761,-4.213,-3.215,290,455,-1,0,0,0
367.579,497.546,-4.213,-3.215,285,455,-1,0,0,0
363.366,494.331,-4.213,-3.215,280,455,-1,0,0,0
359.152,491.116,-4.213,-3.215,275,455,-1,0,0,0
354.939,487.9,-4.213,-3.215,270,455,-1,0,0,0
350.725,484.685,-4.213,-3.215,265,455,-1,0,0,0
346.512,481.47,-4.213,-3.215,260,455,-1,0,0,0
342.299,478.255,-4.213,-3.215,255,455,-1,0,0,0
338.085,475.04,-4.213,-3.215,250,455,-1,0,0,0
333.872,471.825,-4.213,-3.215,245,455,-1,0,0,0
329.658,468.61,-4.213,-3.215,240,455,-1,0,0,0
325.445,465.394,-4.213,-3.215,240,460,0,1,0,0
321.232,462.179,-4.213,-3.215,240,465,0,1,0,0
317.018,458.964,-4.213,-3.215,240,470,0,1,0,0
312.805,455.749,-4.213,-3.215,240,475,0,1,0,0
308.591,452.534,-4.213,-3.215,240,480,0,1,0,0
304.378,449.319,-4.213,-3.215,240,485,0,1,0,0
300.164,446.104,-4.213,-3.215,240,490,0,1,0,0
295.951,442.888,-4.213,-3.215,240,495,0,1,0,0
291.738,439.673,-4.213,-3.215,240,495,0,0,0,0
287.524,436.458,-4.213,-3.215,240,495,0,0,0,0
283.311,433.243,-4.213,-3.215,240,495,0,0,0,0
279.097,430.028,-4.213,-3.215,240,495,0,0,0,0
274.884,426.813,-4.213,-3.215,240,495,0,0,0,0
270.671,423.598,-4.213,-3.215,240,495,0,0,0,0
266.457,420.382,-4.213,-3.215,240,495,0,0,0,0
262.244,417.167,-4.213,-3.215,240,495,0,0,0,0
258.03,413.952,-4.213,-3.215,240,495,0,0,0,0
253.817,410.737,-4.213,-3.215,240,495,0,0,0,0
249.604,407.522,-4.213,-3.215,240,495,0,0,0,0
245.39,404.307,-4.213,-3.215,240,495,0,0,0,0
241.177,401.092,-4.213,-3.215,240,495,0,0,0,0
236.963,397.876,-4.213,-3.215,240,495,0,0,0,0
232.75,394.661,-4.213,-3.215,240,495,0,0,0,0
228.536,391.446,-4.213,-3.215,240,495,0,0,0,0
224.323,388.231,-4.213,-3.215,240,495,0,0,0,0
220.11,385.016,-4.213,-3.215,240,495,0,0,0,0
215.896,381.801,-4.213,-3.215,240,495,0,0,0,0
211.683,378.586,-4.213,-3.215,240,495,0,0,0,0
207.469,375.37,-4.213,-3.215,240,495,0,0,0,0
203.256,372.155,-4.213,-3.215,240,500,0,1,0,0
199.043,368.94,-4.213,-3.215,240,505,0,1,0,0
194.829,365.725,-4.213,-3.215,240,510,0,1,0,0
190.616,362.51,-4.213,-3.215,240,515,0,1,0,0
186.402,359.295,-4.213,-3.215,240,520,0,1,0,0
182.189,356.08,-4.213,-3.215,240,520,0,0,0,0
177.975,352.864,-4.213,-3.215,240,520,0,0,0,0
173.762,349.649,-4.213,-3.215,240,520,0,0,0,0
169.549,346.434,-4.213,-3.215,240,520,0,0,0,0
165.335,343.219,-4.213,-3.215,240,520,0,0,0,0
161.122,340.004,-4.213,-3.215,240,520,0,0,0,0
156.908,336.789,-4.213,-3.215,240,520,0,0,0,0
152.695,333.574,-4.213,-3.215,240,520,0,0,0,0
148.482,330.359,-4.213,-3.215,240,520,0,0,0,0
144.268,327.143,-4.213,-3.215,240,520,0,0,0,0
140.055,323.928,-4.213,-3.215,240,520,0,0,0,0
135.841,320.713,-4.213,-3.215,240,520,0,0,0,0
131.628,317.498,-4.213,-3.215,240,520,0,0,0,0
127.414,314.283,-4.213,-3.215,240,520,0,0,0,0
123.201,311.068,-4.213,-3.215,240,520,0,0,0,0
118.988,307.853,-4.213,-3.215,240,520,0,0,0,0
114.774,304.637,-4.213,-3.215,240,520,0,0,0,0
110.561,301.422,-4.213,-3.215,240,520,0,0,0,0
106.347,298.207,-4.213,-3.215,240,520,0,0,0,0
102.134,294.992,-4.213,-3.215,240,520,0,0,0,0
97.921,291.777,-4.213,-3.215,240,520,0,0,0,0
93.707,288.562,-4.213,-3.215,240,520,0,0,0,0
89.494,285.347,-4.213,-3.215,240,520,0,0,0,0
85.28,282.131,-4.213,-3.215,240,520,0,0,0,0
81.067,278.916,-4.213,-3.215,240,520,0,0,0,0
76.853,275.701,-4.213,-3.215,240,520,0,0,0,0
72.64,272.486,-4.213,-3.215,240,520,0,0,0,0
68.427,269.271,-4.213,-3.215,240,520,0,0,0,0
64.213,266.056,-4.213,-3.215,235,520,-1,0,0,0
60.0,262.841,-4.213,-3.215,230,520,-1,0,0,0
55.786,259.625,-4.213,-3.215,225,520,-1,0,0,0
51.573,256.41,-4.213,-3.215,220,520,-1,0,0,0
49.0,253.195,5.594,-0.265,215,520,-1,0,0,0
54.594,252.931,5.594,-0.265,210,520,-1,0,0,0
60.187,252.666,5.594,-0.265,205,520,-1,0,0,0
65.781,252.402,5.594,-0.265,200,520,-1,0,0,0
71.375,252.137,5.594,-0.265,195,520,-1,0,0,0
76.969,251.873,5.594,-0.265,190,520,-1,0,0,0
82.562,251.608,5.594,-0.265,185,520,-1,0,0,0
88.156,251.344,5.594,-0.265,180,520,-1,0,0,0
93.75,251.079,5.594,-0.265,175,520,-1,0,0,0
99.344,250.815,5.594,-0.265,170,520,-1,0,0,0
104.937,250.55,5.594,-0.265,165,520,-1,0,0,0
110.531,250.286,5.594,-0.265,160,520,-1,0,0,0
116.125,250.021,5.594,-0.265,155,520,-1,0,0,0
121.719,249.757,5.594,-0.265,150,520,-1,0,0,0
127.312,249.492,5.594,-0.265,145,520,-1,0,0,0
132.906,249.228,5.594,-0.265,140,520,-1,0,0,0
138.5,248.963,5.594,-0.265,140,520,0,0,0,0
144.094,248.699,5.594,-0.265,140,520,0,0,0,0
149.687,248.434,5.594,-0.265,140,520,0,0,0,0
155.281,248.17,5.594,-0.265,140,520,0,0,0,0
160.875,247.905,5.594,-0.265,140,520,0,0,0,0
166.469,247.64,5.594,-0.265,140,520,0,0,0,0
172.062,247.376,5.594,-0.265,140,520,0,0,0,0
177.656,247.111,5.594,-0.265,140,520,0,0,0,0
183.25,246.847,5.594,-0.265,140,520,0,0,0,0
188.844,246.582,5.594,-0.265,140,520,0,0,0,0
194.437,246.318,5.594,-0.265,140,520,0,0,0,0
200.031,246.053,5.594,-0.265,140,520,0,0,0,0
205.625,245.789,5.594,-0.265,140,520,0,0,0,0
211.219,245.524,5.594,-0.265,140,520,0,0,0,0
216.812,245.26,5.594,-0.265,140,520,0,0,0,0
222.406,244.995,5.594,-0.265,140,520,0,0,0,0
228.0,244.731,5.594,-0.265,140,520,0,0,0,0
233.594,244.466,5.594,-0.265,140,520,0,0,0,0
239.187,244.202,5.594,-0.265,140,520,0,0,0,0
244.781,243.937,5.594,-0.265,140,520,0,0,0,0
250.375,243.673,5.594,-0.265,140,520,0,0,0,0
255.969,243.408,5.594,-0.265,140,520,0,0,0,0
261.562,243.144,5.594,-0.265,140,520,0,0,0,0
267.156,242.879,5.594,-0.265,140,520,0,0,0,0
272.75,242.615,5.594,-0.265,140,520,0,0,0,0
278.344,242.35,5.594,-0.265,140,520,0,0,0,0
283.937,242.086,5.594,-0.265,140,520,0,0,0,0
289.531,241.821,5.594,-0.265,140,515,0,-1,0,0
295.125,241.557,5.594,-0.265,140,510,0,-1,0,0
300.719,241.292,5.594,-0.265,140,505,0,-1,0,0
306.312,241.028,5.594,-0.265,140,500,0,-1,0,0
311.906,240.763,5.594,-0.265,140,495,0,-1,0,0
317.5,240.499,5.594,-0.265,140,490,0,-1,0,0
323.094,240.234,5.594,-0.265,140,485,0,-1,0,0
328.687,239.97,5.594,-0.265,140,480,0,-1,0,0
334.281,239.705,5.594,-0.265,140,475,0,-1,0,0
339.875,239.441,5.594,-0.265,140,470,0,-1,0,0
345.469,239.176,5.594,-0.265,140,465,0,-1,0,0
351.062,238.912,5.594,-0.265,140,460,0,-1,0,0
356.656,238.647,5.594,-0.265,140,455,0,-1,0,0
362.25,238.383,5.594,-0.265,140,450,0,-1,0,0
367.844,238.118,5.594,-0.265,140,445,0,-1,0,0
373.437,237.854,5.594,-0.265,140,440,0,-1,0,0
379.031,237.589,5.594,-0.265,140,435,0,-1,0,0
384.625,237.325,5.594,-0.265,140,430,0,-1,0,0
390.219,237.06,5.594,-0.265,140,425,0,-1,0,0
395.812,236.796,5.594,-0.265,140,420,0,-1,0,0
401.406,236.531,5.594,-0.265,140,415,0,-1,0,0
407.0,236.267,5.594,-0.265,140,410,0,-1,0,0
412.594,236.002,5.594,-0.265,140,405,0,-1,0,0
418.187,235.738,5.594,-0.265,140,400,0,-1,0,0
423.781,235.473,5.594,-0.265,140,395,0,-1,0,0
429.375,235.209,5.594,-0.265,140,390,0,-1,0,0
434.969,234.944,5.594,-0.265,140,385,0,-1,0,0
440.562,234.68,5.594,-0.265,140,380,0,-1,0,0
446.156,234.415,5.594,-0.265,140,375,0,-1,0,0
451.75,234.151,5.594,-0.265,140,370,0,-1,0,0
457.344,233.886,5.594,-0.265,140,365,0,-1,0,0
462.937,233.622,5.594,-0.265,140,360,0,-1,0,0
468.531,233.357,5.594,-0.265,140,355,0,-1,0,0
474.125,233.093,5.594,-0.265,140,350,0,-1,0,0
479.719,232.828,5.594,-0.265,140,345,0,-1,0,0
485.312,232.564,5.594,-0.265,140,340,0,-1,0,0
490.906,232.299,5.594,-0.265,140,335,0,-1,0,0
496.5,232.035,5.594,-0.265,140,330,0,-1,0,0
502.094,231.77,5.594,-0.265,140,325,0,-1,0,0
507.687,231.506,5.594,-0.265,140,320,0,-1,0,0
513.281,231.241,5.594,-0.265,140,315,0,-1,0,0
518.875,230.977,5.594,-0.265,140,310,0,-1,0,0
524.469,230.712,5.594,-0.265,140,305,0,-1,0,0
530.062,230.448,5.594,-0.265,140,300,0,-1,0,0
535.656,230.183,5.594,-0.265,140,295,0,-1,0,0
541.25,229.918,5.594,-0.265,140,290,0,-1,0,0
546.844,229.654,5.594,-0.265,140,285,0,-1,0,0
552.437,229.389,5.594,-0.265,140,280,0,-1,0,0
558.031,229.125,5.594,-0.265,140,275,0,-1,0,0
563.625,228.86,5.594,-0.265,140,270,0,-1,0,0
569.219,228.596,5.594,-0.265,140,265,0,-1,0,0
574.812,228.331,5.594,-0.265,140,260,0,-1,0,0
580.406,228.067,5.594,-0.265,140,255,0,-1,0,0
586.0,227.802,5.594,-0.265,140,250,0,-1,0,0
591.594,227.538,5.594,-0.265,140,245,0,-1,0,0
597.187,227.273,5.594,-0.265,140,240,0,-1,0,0
602.781,227.009,5.594,-0.265,140,235,0,-1,0,0
608.375,226.744,5.594,-0.265,135,235,-1,0,0,0
613.969,226.48,5.594,-0.265,130,235,-1,0,0,0
619.562,226.215,5.594,-0.265,125,235,-1,0,0,0
625.156,225.951,5.594,-0.265,120,235,-1,0,0,0
630.75,225.686,5.594,-0.265,115,235,-1,0,0,0
636.344,225.422,5.594,-0.265,110,235,-1,0,0,0
641.937,225.157,5.594,-0.265,110,235,0,0,0,0
647.531,224.893,5.594,-0.265,110,235,0,0,0,0
653.125,224.628,5.594,-0.265,110,235,0,0,0,0
658.719,224.364,5.594,-0.265,110,235,0,0,0,0
664.312,224.099,5.594,-0.265,115,235,1,0,0,0
669.906,223.835,5.594,-0.265,120,235,1,0,0,0
675.5,223.57,5.594,-0.265,125,235,1,0,0,0
681.094,223.306,5.594,-0.265,130,235,1,0,0,0
686.687,223.041,5.594,-0.265,135,235,1,0,0,0
692.281,222.777,5.594,-0.265,140,230,1,-1,0,0
697.875,222.512,5.594,-0.265,145,225,1,-1,0,0
703.469,222.248,5.594,-0.265,145,220,0,-1,0,0
709.062,221.983,5.594,-0.265,145,215,0,-1,0,0
714.656,221.719,5.594,-0.265,140,210,-1,-1,0,0
720.25,221.454,5.594,-0.265,135,205,-1,-1,0,0
725.844,221.19,5.594,-0.265,130,200,-1,-1,0,0
731.437,220.925,5.594,-0.265,125,195,-1,-1,0,0
737.031,220.661,5.594,-0.265,120,190,-1,-1,0,0
742.625,220.396,5.594,-0.265,115,185,-1,-1,0,0
748.219,220.132,5.594,-0.265,110,180,-1,-1,0,0
751.0,219.867,-5.852,0.75,105,175,-1,-1,0,0
745.148,220.617,-5.852,0.75,100,170,-1,-1,0,0
739.296,221.367,-5.852,0.75,95,165,-1,-1,0,0
733.443,222.116,-5.852,0.75,90,160,-1,-1,0,0
727.591,222.866,-5.852,0.75,85,155,-1,-1,0,0
721.739,223.616,-5.852,0.75,80,150,-1,-1,0,0
715.887,224.366,-5.852,0.75,75,145,-1,-1,0,0
710.035,225.116,-5.852,0.75,70,140,-1,-1,0,0
704.183,225.865,-5.852,0.75,65,135,-1,-1,0,0
698.33,226.615,-5.852,0.75,60,130,-1,-1,0,0
692.478,227.365,-5.852,0.75,55,125,-1,-1,0,0
686.626,228.115,-5.852,0.75,50,120,-1,-1,0,0
680.774,228.864,-5.852,0.75,45,115,-1,-1,0,0
674.922,229.614,-5.852,0.75,40,110,-1,-1,0,0
669.07,230.364,-5.852,0.75,35,110,-1,0,0,0
663.217,231.114,-5.852,0.75,30,110,-1,0,0,0
657.365,231.863,-5.852,0.75,35,110,1,0,0,0
651.513,232.613,-5.852,0.75,40,110,1,0,0,0
645.661,233.363,-5.852,0.75,45,110,1,0,0,0
639.809,234.113,-5.852,0.75,50,110,1,0,0,0
633.957,234.862,-5.852,0.75,55,110,1,0,0,0
628.104,235.612,-5.852,0.75,60,110,1,0,0,0
622.252,236.362,-5.852,0.75,65,110,1,0,0,0
616.4,237.112,-5.852,0.75,70,110,1,0,0,0
610.548,237.862,-5.852,0.75,75,110,1,0,0,0
604.696,238.611,-5.852,0.75,80,110,1,0,0,0
598.844,239.361,-5.852,0.75,85,110,1,0,0,0
592.991,240.111,-5.852,0.75,90,110,1,0,0,0
587.139,240.861,-5.852,0.75,95,110,1,0,0,0
581.287,241.61,-5.852,0.75,100,110,1,0,0,0
575.435,242.36,-5.852,0.75,105,110,1,0,0,0
569.583,243.11,-5.852,0.75,110,110,1,0,0,0
563.731,243.86,-5.852,0.75,115,110,1,0,0,0
557.878,244.609,-5.852,0.75,120,110,1,0,0,0
552.026,245.359,-5.852,0.75,125,110,1,0,0,0
546.174,246.109,-5.852,0.75,130,115,1,1,0,0
540.322,246.859,-5.852,0.75,135,120,1,1,0,0
534.47,247.608,-5.852,0.75,140,125,1,1,0,0
528.618,248.358,-5.852,0.75,145,130,1,1,0,0
522.765,249.108,-5.852,0.75,150,135,1,1,0,0
516.913,249.858,-5.852,0.75,155,140,1,1,0,0
511.061,250.607,-5.852,0.75,160,145,1,1,0,0
505.209,251.357,-5.852,0.75,165,150,1,1,0,0
499.357,252.107,-5.852,0.75,170,150,1,0,0,0
493.505,252.857,-5.852,0.75,175,150,1,0,0,0
487.652,253.607,-5.852,0.75,180,150,1,0,0,0
481.8,254.356,-5.852,0.75,185,150,1,0,0,0
475.948,255.106,-5.852,0.75,190,150,1,0,0,0
470.096,255.856,-5.852,0.75,195,150,1,0,0,0
464.244,256.606,-5.852,0.75,200,150,1,0,0,0
458.392,257.355,-5.852,0.75,205,150,1,0,0,0
452.539,258.105,-5.852,0.75,210,150,1,0,0,0
446.687,258.855,-5.852,0.75,215,150,1,0,0,0
440.835,259.605,-5.852,0.75,220,150,1,0,0,0
434.983,260.354,-5.852,0.75,225,150,1,0,0,0
429.131,261.104,-5.852,0.75,230,150,1,0,0,0
423.279,261.854,-5.852,0.75,235,150,1,0,0,0
417.426,262.604,-5.852,0.75,240,150,1,0,0,0
411.574,263.353,-5.852,0.75,240,150,0,0,0,0
405.722,264.103,-5.852,0.75,235,150,-1,0,0,0
399.87,264.853,-5.852,0.75,230,150,-1,0,0,0
394.018,265.603,-5.852,0.75,225,150,-1,0,0,0
388.166,266.353,-5.852,0.75,220,150,-1,0,0,0
382.313,267.102,-5.852,0.75,215,150,-1,0,0,0
376.461,267.852,-5.852,0.75,210,150,-1,0,0,0
370.609,268.602,-5.852,0.75,205,150,-1,0,0,0
364.757,269.352,-5.852,0.75,210,150,1,0,0,0
358.905,270.101,-5.852,0.75,215,150,1,0,0,0
353.053,270.851,-5.852,0.75,220,150,1,0,0,0
347.2,271.601,-5.852,0.75,225,150,1,0,0,0
341.348,272.351,-5.852,0.75,230,150,1,0,0,0
335.496,273.1,-5.852,0.75,235,150,1,0,0,0
329.644,273.85,-5.852,0.75,240,150,1,0,0,0
323.792,274.6,-5.852,0.75,240,150,0,0,0,0
317.94,275.35,-5.852,0.75,240,150,0,0,0,0
312.087,276.099,-5.852,0.75,235,150,-1,0,0,0
306.235,276.849,-5.852,0.75,230,150,-1,0,0,0
300.383,277.599,-5.852,0.75,225,155,-1,1,0,0
294.531,278.349,-5.852,0.75,220,160,-1,1,0,0
288.679,279.098,-5.852,0.75,215,165,-1,1,0,0
282.827,279.848,-5.852,0.75,210,170,-1,1,0,0
276.974,280.598,-5.852,0.75,205,175,-1,1,0,0
271.122,281.348,-5.852,0.75,210,180,1,1,0,0
265.27,282.098,-5.852,0.75,215,185,1,1,0,0
259.418,282.847,-5.852,0.75,220,190,1,1,0,0
253.566,283.597,-5.852,0.75,225,195,1,1,0,0
247.714,284.347,-5.852,0.75,230,200,1,1,0,0
241.861,285.097,-5.852,0.75,235,200,1,0,0,0
236.009,285.846,-5.852,0.75,240,200,1,0,0,0
230.157,286.596,-5.852,0.75,245,200,1,0,0,0
224.305,287.346,-5.852,0.75,250,200,1,0,0,0
218.453,288.096,-5.852,0.75,255,200,1,0,0,0
212.601,288.845,-5.852,0.75,255,200,0,0,0,0
206.748,289.595,-5.852,0.75,255,200,0,0,0,0
200.896,290.345,-5.852,0.75,255,200,0,0,0,0
195.044,291.095,-5.852,0.75,255,200,0,0,0,0
189.192,291.844,-5.852,0.75,255,200,0,0,0,0
183.34,292.594,-5.852,0.75,255,200,0,0,0,0
177.488,293.344,-5.852,0.75,255,200,0,0,0,0
171.635,294.094,-5.852,0.75,255,200,0,0,0,0
165.783,294.844,-5.852,0.75,255,200,0,0,0,0
159.931,295.593,-5.852,0.75,255,200,0,0,0,0
154.079,296.343,-5.852,0.75,255,200,0,0,0,0
148.227,297.093,-5.852,0.75,255,200,0,0,0,0
142.375,297.843,-5.852,0.75,255,200,0,0,0,0
136.522,298.592,-5.852,0.75,255,200,0,0,0,0
130.67,299.342,-5.852,0.75,255,200,0,0,0,0
124.818,300.092,-5.852,0.75,255,200,0,0,0,0
118.966,300.842,-5.852,0.75,255,200,0,0,0,0
113.114,301.591,-5.852,0.75,255,200,0,0,0,0
107.262,302.341,-5.852,0.75,255,200,0,0,0,0
101.409,303.091,-5.852,0.75,255,200,0,0,0,0
95.557,303.841,-5.852,0.75,255,200,0,0,0,0
89.705,304.59,-5.852,0.75,260,200,1,0,0,0
83.853,305.34,-5.852,0.75,265,200,1,0,0,0
78.001,306.09,-5.852,0.75,270,200,1,0,0,0
72.149,306.84,-5.852,0.75,275,200,1,0,0,0
66.296,307.589,-5.852,0.75,280,200,1,0,0,0
60.444,308.339,-5.852,0.75,285,200,1,0,0,0
54.592,309.089,-5.852,0.75,290,200,1,0,0,0
48.74,309.839,-5.852,0.75,290,200,0,0,0,0
49.0,310.589,5.416,-3.017,290,200,0,0,0,0
54.416,307.572,5.416,-3.017,290,200,0,0,0,0
59.833,304.555,5.416,-3.017,285,200,-1,0,0,0
65.249,301.538,5.416,-3.017,280,200,-1,0,0,0
70.666,298.521,5.416,-3.017,275,200,-1,0,0,0
76.082,295.504,5.416,-3.017,270,200,-1,0,0,0
81.499,292.487,5.416,-3.017,265,200,-1,0,0,0
86.915,289.47,5.416,-3.017,260,200,-1,0,0,0
92.332,286.453,5.416,-3.017,255,200,-1,0,0,0
97.748,283.436,5.416,-3.017,250,200,-1,0,0,0
103.165,280.42,5.416,-3.017,245,200,-1,0,0,0
108.581,277.403,5.416,-3.017,240,200,-1,0,0,0
113.998,274.386,5.416,-3.017,235,200,-1,0,0,0
119.414,271.369,5.416,-3.017,230,200,-1,0,0,0
124.831,268.352,5.416,-3.017,225,200,-1,0,0,0
130.247,265.335,5.416,-3.017,220,200,-1,0,0,0
135.664,262.318,5.416,-3.017,215,200,-1,0,0,0
141.08,259.301,5.416,-3.017,210,200,-1,0,0,0
146.497,256.284,5.416,-3.017,205,200,-1,0,0,0
151.913,253.267,5.416,-3.017,200,205,-1,1,0,0
157.33,250.25,5.416,-3.017,195,210,-1,1,0,0
162.746,247.234,5.416,-3.017,190,215,-1,1,0,0
168.163,244.217,5.416,-3.017,185,220,-1,1,0,0
173.579,241.2,5.416,-3.017,180,225,-1,1,0,0
178.996,238.183,5.416,-3.017,175,230,-1,1,0,0
184.412,235.166,5.416,-3.017,170,235,-1,1,0,0
189.829,232.149,5.416,-3.017,165,240,-1,1,0,0
195.245,229.132,5.416,-3.017,160,245,-1,1,0,0
200.662,226.115,5.416,-3.017,155,250,-1,1,0,0
206.078,223.098,5.416,-3.017,150,255,-1,1,0,0
211.494,220.081,5.416,-3.017,145,260,-1,1,0,0
216.911,217.065,5.416,-3.017,140,265,-1,1,0,0
222.327,214.048,5.416,-3.017,135,270,-1,1,0,0
227.744,211.031,5.416,-3.017,130,275,-1,1,0,0
233.16,208.014,5.416,-3.017,125,280,-1,1,0,0
238.577,204.997,5.416,-3.017,120,285,-1,1,0,0
243.993,201.98,5.416,-3.017,115,290,-1,1,0,0
249.41,198.963,5.416,-3.017,110,290,-1,0,0,0
254.826,195.946,5.416,-3.017,105,290,-1,0,0,0
260.243,192.929,5.416,-3.017,100,290,-1,0,0,0
265.659,189.912,5.416,-3.017,95,290,-1,0,0,0
271.076,186.895,5.416,-3.017,90,290,-1,0,0,0
276.492,183.879,5.416,-3.017,85,290,-1,0,0,0
281.909,180.862,5.416,-3.017,90,290,1,0,0,0
287.325,177.845,5.416,-3.017,95,290,1,0,0,0
292.742,174.828,5.416,-3.017,100,290,1,0,0,0
298.158,171.811,5.416,-3.017,105,285,1,-1,0,0
303.575,168.794,5.416,-3.017,110,280,1,-1,0,0
308.991,165.777,5.416,-3.017,115,275,1,-1,0,0
314.408,162.76,5.416,-3.017,120,270,1,-1,0,0
319.824,159.743,5.416,-3.017,125,265,1,-1,0,0
325.241,156.726,5.416,-3.017,130,260,1,-1,0,0
330.657,153.71,5.416,-3.017,135,255,1,-1,0,0
336.074,150.693,5.416,-3.017,140,250,1,-1,0,0
341.49,147.676,5.416,-3.017,145,245,1,-1,0,0
346.907,144.659,5.416,-3.017,150,240,1,-1,0,0
352.323,141.642,5.416,-3.017,155,235,1,-1,0,0
357.74,138.625,5.416,-3.017,160,230,1,-1,0,0
363.156,135.608,5.416,-3.017,165,225,1,-1,0,0
368.573,132.591,5.416,-3.017,170,220,1,-1,0,0
373.989,129.574,5.416,-3.017,175,215,1,-1,0,0
379.405,126.557,5.416,-3.017,180,210,1,-1,0,0
384.822,123.541,5.416,-3.017,185,205,1,-1,0,0
390.238,120.524,5.416,-3.017,190,200,1,-1,0,0
395.655,117.507,5.416,-3.017,190,195,0,-1,0,0
401.071,114.49,5.416,-3.017,185,190,-1,-1,0,0
406.488,111.473,5.416,-3.017,180,185,-1,-1,0,0
411.904,108.456,5.416,-3.017,175,180,-1,-1,0,0
417.321,105.439,5.416,-3.017,170,175,-1,-1,0,0
422.737,102.422,5.416,-3.017,165,170,-1,-1,0,0
428.154,99.405,5.416,-3.017,160,165,-1,-1,0,0
433.57,96.388,5.416,-3.017,155,160,-1,-1,0,0
438.987,93.371,5.416,-3.017,150,155,-1,-1,0,0
444.403,90.355,5.416,-3.017,145,150,-1,-1,0,0
449.82,87.338,5.416,-3.017,140,145,-1,-1,0,0
455.236,84.321,5.416,-3.017,135,140,-1,-1,0,0
460.653,81.304,5.416,-3.017,130,135,-1,-1,0,0
466.069,78.287,5.416,-3.017,125,130,-1,-1,0,0
471.486,75.27,5.416,-3.017,120,125,-1,-1,0,0
476.902,72.253,5.416,-3.017,115,120,-1,-1,0,0
482.319,69.236,5.416,-3.017,110,115,-1,-1,0,0
487.735,66.219,5.416,-3.017,105,110,-1,-1,0,0
493.152,63.202,5.416,-3.017,100,105,-1,-1,0,0
498.568,60.186,5.416,-3.017,95,100,-1,-1,0,0
503.985,57.169,5.416,-3.017,90,95,-1,-1,0,0
509.401,54.152,5.416,-3.017,85,90,-1,-1,0,0
514.818,51.135,5.416,-3.017,80,85,-1,-1,0,0
520.234,48.118,5.416,-3.017,75,80,-1,-1,0,0
525.651,45.101,5.416,-3.017,70,75,-1,-1,0,0
531.067,42.084,5.416,-3.017,65,70,-1,-1,0,0
536.483,39.067,5.416,-3.017,60,65,-1,-1,0,0
541.9,36.05,5.416,-3.017,60,60,0,-1,0,0
547.316,33.033,5.416,-3.017,60,55,0,-1,0,0
552.733,30.016,5.416,-3.017,65,50,1,-1,0,0
558.149,27.0,5.416,-3.017,70,45,1,-1,0,0
563.566,23.983,5.416,-3.017,75,45,1,0,0,0
568.982,20.966,5.416,-3.017,80,45,1,0,0,0
574.399,17.949,5.416,-3.017,85,45,1,0,0,0
579.815,14.932,5.416,-3.017,90,45,1,0,0,0
585.232,11.915,5.416,-3.017,95,45,1,0,0,0
590.648,8.898,5.416,-3.017,100,45,1,0,0,0
596.065,6.0,5.416,3.017,105,45,1,0,0,0
601.481,9.017,5.416,3.017,110,45,1,0,0,0
606.898,12.034,5.416,3.017,115,45,1,0,0,0
612.314,15.051,5.416,3.017,120,45,1,0,0,0
617.731,18.068,5.416,3.017,125,45,1,0,0,0
623.147,21.085,5.416,3.017,130,45,1,0,0,0
628.564,24.101,5.416,3.017,135,45,1,0,0,0
633.98,27.118,5.416,3.017,140,45,1,0,0,0
639.397,30.135,5.416,3.017,145,45,1,0,0,0
644.813,33.152,5.416,3.017,150,45,1,0,0,0
650.23,36.169,5.416,3.017,155,45,1,0,0,0
655.646,39.186,5.416,3.017,160,45,1,0,0,0
661.063,42.203,5.416,3.017,165,45,1,0,0,0
666.479,45.22,5.416,3.017,170,45,1,0,0,0
671.896,48.237,5.416,3.017,175,45,1,0,0,0
677.312,51.254,5.416,3.017,180,45,1,0,0,0
682.729,54.27,5.416,3.017,185,45,1,0,0,0
688.145,57.287,5.416,3.017,190,45,1,0,0,0
693.562,60.304,5.416,3.017,195,45,1,0,0,0
698.978,63.321,5.416,3.017,200,45,1,0,0,0
704.394,66.338,5.416,3.017,205,45,1,0,0,0
709.811,69.355,5.416,3.017,210,45,1,0,0,0
715.227,72.372,5.416,3.017,215,45,1,0,0,0
720.644,75.389,5.416,3.017,220,45,1,0,0,0
726.06,78.406,5.416,3.017,225,45,1,0,0,0
731.477,81.423,5.416,3.017,230,45,1,0,0,0
736.893,84.44,5.416,3.017,235,45,1,0,0,0
742.31,87.456,5.416,3.017,240,45,1,0,0,0
747.726,90.473,5.416,3.017,245,45,1,0,0,0
751.0,93.49,-6.34,1.433,250,45,1,0,0,0
744.66,94.923,-6.34,1.433,255,45,1,0,0,0
738.32,96.356,-6.34,1.433,260,45,1,0,0,0
731.98,97.789,-6.34,1.433,265,45,1,0,0,0
725.64,99.222,-6.34,1.433,270,45,1,0,0,0
719.3,100.655,-6.34,1.433,275,45,1,0,0,0
712.959,102.088,-6.34,1.433,280,45,1,0,0,0
706.619,103.521,-6.34,1.433,285,45,1,0,0,0
700.279,104.953,-6.34,1.433,290,45,1,0,0,0
693.939,106.386,-6.34,1.433,295,45,1,0,0,0
687.599,107.819,-6.34,1.433,300,45,1,0,0,0
681.259,109.252,-6.34,1.433,305,45,1,0,0,0
674.919,110.685,-6.34,1.433,310,45,1,0,0,0
668.579,112.118,-6.34,1.433,315,45,1,0,0,0
662.239,113.551,-6.34,1.433,320,45,1,0,0,0
655.899,114.984,-6.34,1.433,325,45,1,0,0,0
649.559,116.417,-6.34,1.433,330,45,1,0,0,0
643.218,117.85,-6.34,1.433,335,45,1,0,0,0
636.878,119.283,-6.34,1.433,340,45,1,0,0,0
630.538,120.715,-6.34,1.433,345,45,1,0,0,0
624.198,122.148,-6.34,1.433,350,45,1,0,0,0
617.858,123.581,-6.34,1.433,355,45,1,0,0,0
611.518,125.014,-6.34,1.433,360,45,1,0,0,0
605.178,126.447,-6.34,1.433,365,45,1,0,0,0
598.838,127.88,-6.34,1.433,370,45,1,0,0,0
592.498,129.313,-6.34,1.433,375,45,1,0,0,0
586.158,130.746,-6.34,1.433,380,45,1,0,0,0
579.818,132.179,-6.34,1.433,380,45,0,0,0,0
573.477,133.612,-6.34,1.433,380,45,0,0,0,0
567.137,135.045,-6.34,1.433,375,45,-1,0,0,0
560.797,136.477,-6.34,1.433,370,45,-1,0,0,0
554.457,137.91,-6.34,1.433,365,45,-1,0,0,0
548.117,139.343,-6.34,1.433,360,50,-1,1,0,0
541.777,140.776,-6.34,1.433,355,55,-1,1,0,0
535.437,142.209,-6.34,1.433,350,60,-1,1,0,0
529.097,143.642,-6.34,1.433,345,65,-1,1,0,0
522.757,145.075,-6.34,1.433,340,70,-1,1,0,0
516.417,146.508,-6.34,1.433,335,75,-1,1,0,0
510.076,147.941,-6.34,1.433,330,80,-1,1,0,0
503.736,149.374,-6.34,1.433,325,85,-1,1,0,0
497.396,150.807,-6.34,1.433,320,90,-1,1,0,0
491.056,152.239,-6.34,1.433,315,95,-1,1,0,0
484.716,153.672,-6.34,1.433,310,100,-1,1,0,0
478.376,155.105,-6.34,1.433,305,105,-1,1,0,0
472.036,156.538,-6.34,1.433,300,110,-1,1,0,0
465.696,157.971,-6.34,1.433,295,115,-1,1,0,0
459.356,159.404,-6.34,1.433,290,120,-1,1,0,0
453.016,160.837,-6.34,1.433,285,125,-1,1,0,0
446.676,162.27,-6.34,1.433,280,130,-1,1,0,0
440.335,163.703,-6.34,1.433,275,130,-1,0,0,0
433.995,165.136,-6.34,1.433,270,130,-1,0,0,0
427.655,166.569,-6.34,1.433,265,130,-1,0,0,0
421.315,168.001,-6.34,1.433,260,130,-1,0,0,0
414.975,169.434,-6.34,1.433,255,130,-1,0,0,0
408.635,170.867,-6.34,1.433,250,130,-1,0,0,0
402.295,172.3,-6.34,1.433,245,130,-1,0,0,0
395.955,173.733,-6.34,1.433,240,130,-1,0,0,0
389.615,175.166,-6.34,1.433,235,130,-1,0,0,0
383.275,176.599,-6.34,1.433,230,130,-1,0,0,0
376.935,178.032,-6.34,1.433,225,130,-1,0,0,0
370.594,179.465,-6.34,1.433,220,130,-1,0,0,0
364.254,180.898,-6.34,1.433,215,130,-1,0,0,0
357.914,182.331,-6.34,1.433,210,130,-1,0,0,0
351.574,183.763,-6.34,1.433,205,130,-1,0,0,0
345.234,185.196,-6.34,1.433,200,130,-1,0,0,0
338.894,186.629,-6.34,1.433,195,130,-1,0,0,0
332.554,188.062,-6.34,1.433,190,130,-1,0,0,0
326.214,189.495,-6.34,1.433,185,130,-1,0,0,0
319.874,190.928,-6.34,1.433,180,130,-1,0,0,0
313.534,192.361,-6.34,1.433,175,130,-1,0,0,0
307.194,193.794,-6.34,1.433,175,130,0,0,0,0
300.853,195.227,-6.34,1.433,175,130,0,0,0,0
294.513,196.66,-6.34,1.433,175,130,0,0,0,0
288.173,198.093,-6.34,1.433,175,130,0,0,0,0
281.833,199.525,-6.34,1.433,175,130,0,0,0,0
275.493,200.958,-6.34,1.433,175,130,0,0,0,0
269.153,202.391,-6.34,1.433,175,130,0,0,0,0
262.813,203.824,-6.34,1.433,175,130,0,0,0,0
256.473,205.257,-6.34,1.433,175,130,0,0,0,0
250.133,206.69,-6.34,1.433,175,130,0,0,0,0
243.793,208.123,-6.34,1.433,175,130,0,0,0,0
237.453,209.556,-6.34,1.433,175,130,0,0,0,0
231.112,210.989,-6.34,1.433,175,130,0,0,0,0
224.772,212.422,-6.34,1.433,175,130,0,0,0,0
218.432,213.855,-6.34,1.433,175,130,0,0,0,0
212.092,215.287,-6.34,1.433,175,130,0,0,0,0
205.752,216.72,-6.34,1.433,175,130,0,0,0,0
199.412,218.153,-6.34,1.433,175,130,0,0,0,0
193.072,219.586,-6.34,1.433,175,130,0,0,0,0
186.732,221.019,-6.34,1.433,175,130,0,0,0,0
180.392,222.452,-6.34,1.433,175,130,0,0,0,0
174.052,223.885,-6.34,1.433,175,130,0,0,0,0
167.711,225.318,-6.34,1.433,175,130,0,0,0,0
161.371,226.751,-6.34,1.433,175,130,0,0,0,0
155.031,228.184,-6.34,1.433,175,130,0,0,0,0
148.691,229.617,-6.34,1.433,175,130,0,0,0,0
142.351,231.049,-6.34,1.433,175,130,0,0,0,0
136.011,232.482,-6.34,1.433,175,130,0,0,0,0
129.671,233.915,-6.34,1.433,175,130,0,0,0,0
123.331,235.348,-6.34,1.433,175,130,0,0,0,0
116.991,236.781,-6.34,1.433,175,130,0,0,0,0
110.651,238.214,-6.34,1.433,175,130,0,0,0,0
104.311,239.647,-6.34,1.433,180,130,1,0,0,0
97.97,241.08,-6.34,1.433,185,130,1,0,0,0
91.63,242.513,-6.34,1.433,190,130,1,0,0,0
85.29,243.946,-6.34,1.433,195,130,1,0,0,0
78.95,245.379,-6.34,1.433,200,130,1,0,0,0
72.61,246.811,-6.34,1.433,205,130,1,0,0,0
66.27,248.244,-6.34,1.433,210,130,1,0,0,0
59.93,249.677,-6.34,1.433,210,130,0,0,0,0
53.59,251.11,-6.34,1.433,210,130,0,0,0,0
49.0,252.543,6.785,0.452,210,130,0,0,0,0
55.785,252.996,6.785,0.452,210,130,0,0,0,0
62.57,253.448,6.785,0.452,210,130,0,0,0,0
69.355,253.9,6.785,0.452,215,130,1,0,0,0
76.14,254.353,6.785,0.452,220,130,1,0,0,0
82.925,254.805,6.785,0.452,225,130,1,0,0,0
89.71,255.257,6.785,0.452,230,130,1,0,0,0
96.495,255.71,6.785,0.452,235,130,1,0,0,0
103.279,256.162,6.785,0.452,240,130,1,0,0,0
110.064,256.615,6.785,0.452,245,130,1,0,0,0
116.849,257.067,6.785,0.452,250,130,1,0,0,0
123.634,257.519,6.785,0.452,255,130,1,0,0,0
130.419,257.972,6.785,0.452,255,130,0,0,0,0
137.204,258.424,6.785,0.452,255,130,0,0,0,0
143.989,258.877,6.785,0.452,255,130,0,0,0,0
150.774,259.329,6.785,0.452,255,130,0,0,0,0
157.559,259.781,6.785,0.452,255,130,0,0,0,0
164.344,260.234,6.785,0.452,255,130,0,0,0,0
171.129,260.686,6.785,0.452,255,130,0,0,0,0
177.914,261.139,6.785,0.452,255,130,0,0,0,0
184.699,261.591,6.785,0.452,255,130,0,0,0,0
191.484,262.043,6.785,0.452,255,130,0,0,0,0
198.269,262.496,6.785,0.452,255,130,0,0,0,0
205.053,262.948,6.785,0.452,250,130,-1,0,0,0
211.838,263.401,6.785,0.452,245,130,-1,0,0,0
218.623,263.853,6.785,0.452,240,130,-1,0,0,0
225.408,264.305,6.785,0.452,235,130,-1,0,0,0
232.193,264.758,6.785,0.452,230,130,-1,0,0,0
238.978,265.21,6.785,0.452,225,130,-1,0,0,0
245.763,265.663,6.785,0.452,220,130,-1,0,0,0
252.548,266.115,6.785,0.452,215,130,-1,0,0,0
259.333,266.567,6.785,0.452,210,130,-1,0,0,0
266.118,267.02,6.785,0.452,205,130,-1,0,0,0
272.903,267.472,6.785,0.452,200,130,-1,0,0,0
279.688,267.925,6.785,0.452,195,130,-1,0,0,0
286.473,268.377,6.785,0.452,190,130,-1,0,0,0
293.258,268.829,6.785,0.452,185,130,-1,0,0,0
300.043,269.282,6.785,0.452,180,130,-1,0,0,0
306.828,269.734,6.785,0.452,175,130,-1,0,0,0
313.612,270.187,6.785,0.452,170,130,-1,0,0,0
320.397,270.639,6.785,0.452,165,130,-1,0,0,0
327.182,271.091,6.785,0.452,165,130,0,0,0,0
333.967,271.544,6.785,0.452,165,130,0,0,0,0
340.752,271.996,6.785,0.452,170,130,1,0,0,0
347.537,272.449,6.785,0.452,175,130,1,0,0,0
354.322,272.901,6.785,0.452,180,130,1,0,0,0
361.107,273.353,6.785,0.452,185,130,1,0,0,0
367.892,273.806,6.785,0.452,190,130,1,0,0,0
374.677,274.258,6.785,0.452,195,130,1,0,0,0
381.462,274.711,6.785,0.452,200,130,1,0,0,0
388.247,275.163,6.785,0.452,205,130,1,0,0,0
395.032,275.615,6.785,0.452,210,130,1,0,0,0
401.817,276.068,6.785,0.452,215,130,1,0,0,0
408.602,276.52,6.785,0.452,220,130,1,0,0,0
415.386,276.973,6.785,0.452,225,130,1,0,0,0
422.171,277.425,6.785,0.452,230,130,1,0,0,0
428.956,277.877,6.785,0.452,235,135,1,1,0,0
435.741,278.33,6.785,0.452,240,140,1,1,0,0
442.526,278.782,6.785,0.452,245,145,1,1,0,0
449.311,279.235,6.785,0.452,250,150,1,1,0,0
456.096,279.687,6.785,0.452,255,155,1,1,0,0
462.881,280.139,6.785,0.452,260,160,1,1,0,0
469.666,280.592,6.785,0.452,265,165,1,1,0,0
476.451,281.044,6.785,0.452,270,170,1,1,0,0
483.236,281.497,6.785,0.452,275,175,1,1,0,0
490.021,281.949,6.785,0.452,280,180,1,1,0,0
496.806,282.401,6.785,0.452,285,185,1,1,0,0
503.591,282.854,6.785,0.452,290,190,1,1,0,0
510.376,283.306,6.785,0.452,295,195,1,1,0,0
517.16,283.759,6.785,0.452,300,200,1,1,0,0
523.945,284.211,6.785,0.452,305,205,1,1,0,0
530.73,284.663,6.785,0.452,310,210,1,1,0,0
537.515,285.116,6.785,0.452,315,215,1,1,0,0
544.3,285.568,6.785,0.452,320,220,1,1,0,0
551.085,286.021,6.785,0.452,325,225,1,1,0,0
557.87,286.473,6.785,0.452,330,230,1,1,0,0
564.655,286.925,6.785,0.452,335,235,1,1,0,0
571.44,287.378,6.785,0.452,340,235,1,0,0,0
578.225,287.83,6.785,0.452,345,235,1,0,0,0
585.01,288.283,6.785,0.452,350,235,1,0,0,0
591.795,288.735,6.785,0.452,355,235,1,0,0,0
598.58,289.187,6.785,0.452,355,235,0,0,0,0
605.365,289.64,6.785,0.452,355,235,0,0,0,0
612.15,290.092,6.785,0.452,355,235,0,0,0,0
618.934,290.545,6.785,0.452,355,235,0,0,0,0
625.719,290.997,6.785,0.452,355,235,0,0,0,0
632.504,291.449,6.785,0.452,355,235,0,0,0,0
639.289,291.902,6.785,0.452,355,235,0,0,0,0
646.074,292.354,6.785,0.452,355,235,0,0,0,0
652.859,292.807,6.785,0.452,355,235,0,0,0,0
659.644,293.259,6.785,0.452,360,235,1,0,0,0
666.429,293.711,6.785,0.452,365,235,1,0,0,0
673.214,294.164,6.785,0.452,370,235,1,0,0,0
679.999,294.616,6.785,0.452,375,235,1,0,0,0
686.784,295.069,6.785,0.452,380,235,1,0,0,0
693.569,295.521,6.785,0.452,385,235,1,0,0,0
700.354,295.973,6.785,0.452,390,235,1,0,0,0
707.139,296.426,6.785,0.452,395,235,1,0,0,0
713.924,296.878,6.785,0.452,400,235,1,0,0,0
720.709,297.331,6.785,0.452,405,235,1,0,0,0
727.493,297.783,6.785,0.452,410,235,1,0,0,0
734.278,298.235,6.785,0.452,415,235,1,0,0,0
741.063,298.688,6.785,0.452,420,235,1,0,0,0
747.848,299.14,6.785,0.452,425,235,1,0,0,0
751.0,299.593,-5.679,4.262,430,235,1,0,0,0
745.321,303.854,-5.679,4.262,435,235,1,0,0,0
739.643,308.116,-5.679,4.262,435,235,0,0,0,0
733.964,312.378,-5.679,4.262,435,235,0,0,0,0
728.286,316.64,-5.679,4.262,435,235,0,0,0,0
722.607,320.902,-5.679,4.262,435,235,0,0,0,0
716.928,325.164,-5.679,4.262,435,235,0,0,0,0
711.25,329.426,-5.679,4.262,435,235,0,0,0,0
705.571,333.688,-5.679,4.262,430,235,-1,0,0,0
699.893,337.949,-5.679,4.262,425,235,-1,0,0,0
694.214,342.211,-5.679,4.262,420,235,-1,0,0,0
688.535,346.473,-5.679,4.262,415,235,-1,0,0,0
682.857,350.735,-5.679,4.262,410,235,-1,0,0,0
677.178,354.997,-5.679,4.262,405,235,-1,0,0,0
671.5,359.259,-5.679,4.262,400,235,-1,0,0,0
665.821,363.521,-5.679,4.262,395,235,-1,0,0,0
660.142,367.783,-5.679,4.262,390,235,-1,0,0,0
654.464,372.044,-5.679,4.262,385,235,-1,0,0,0
648.785,376.306,-5.679,4.262,380,235,-1,0,0,0
643.107,380.568,-5.679,4.262,375,235,-1,0,0,0
637.428,384.83,-5.679,4.262,370,235,-1,0,0,0
631.75,389.092,-5.679,4.262,365,235,-1,0,0,0
626.071,393.354,-5.679,4.262,360,235,-1,0,0,0
620.392,397.616,-5.679,4.262,355,235,-1,0,0,0
614.714,401.878,-5.679,4.262,350,235,-1,0,0,0
609.035,406.139,-5.679,4.262,345,235,-1,0,0,0
603.357,410.401,-5.679,4.262,350,235,1,0,0,0
597.678,414.663,-5.679,4.262,355,235,1,0,0,0
591.999,418.925,-5.679,4.262,360,235,1,0,0,0
586.321,423.187,-5.679,4.262,365,235,1,0,0,0
580.642,427.449,-5.679,4.262,370,235,1,0,0,0
574.964,431.711,-5.679,4.262,375,235,1,0,0,0
569.285,435.972,-5.679,4.262,380,240,1,1,0,0
563.606,440.234,-5.679,4.262,385,245,1,1,0,0
557.928,444.496,-5.679,4.262,390,250,1,1,0,0
552.249,448.758,-5.679,4.262,395,255,1,1,0,0
546.571,453.02,-5.679,4.262,400,260,1,1,0,0
540.892,457.282,-5.679,4.262,405,265,1,1,0,0
535.213,461.544,-5.679,4.262,410,270,1,1,0,0
529.535,465.806,-5.679,4.262,415,275,1,1,0,0
523.856,470.067,-5.679,4.262,420,275,1,0,0,0
518.178,474.329,-5.679,4.262,425,275,1,0,0,0
512.499,478.591,-5.679,4.262,430,275,1,0,0,0
506.82,482.853,-5.679,4.262,435,275,1,0,0,0
501.142,487.115,-5.679,4.262,440,275,1,0,0,0
495.463,491.377,-5.679,4.262,445,275,1,0,0,0
489.785,495.639,-5.679,4.262,445,275,0,0,0,0
484.106,499.901,-5.679,4.262,440,275,-1,0,0,0
478.427,504.162,-5.679,4.262,435,275,-1,0,0,0
472.749,508.424,-5.679,4.262,430,275,-1,0,0,0
467.07,512.686,-5.679,4.262,425,275,-1,0,0,0
461.392,516.948,-5.679,4.262,420,275,-1,0,0,0
455.713,521.21,-5.679,4.262,415,275,-1,0,0,0
450.035,525.472,-5.679,4.262,410,275,-1,0,0,0
444.356,529.734,-5.679,4.262,405,275,-1,0,0,0
438.677,533.996,-5.679,4.262,400,275,-1,0,0,0
432.999,538.257,-5.679,4.262,395,275,-1,0,0,0
427.32,542.519,-5.679,4.262,390,275,-1,0,0,0
421.642,546.781,-5.679,4.262,385,275,-1,0,0,0
415.963,551.043,-5.679,4.262,380,275,-1,0,0,0
410.284,555.305,-5.679,4.262,375,275,-1,0,0,0
404.606,559.567,-5.679,4.262,370,275,-1,0,0,0
398.927,563.829,-5.679,4.262,365,275,-1,0,0,0
393.249,568.091,-5.679,4.262,360,275,-1,0,0,0
387.57,572.352,-5.679,4.262,355,275,-1,0,0,0
381.891,576.614,-5.679,4.262,350,275,-1,0,0,0
376.213,580.876,-5.679,4.262,345,275,-1,0,0,0
370.534,585.138,-5.679,4.262,340,275,-1,0,0,0
364.856,589.4,-5.679,4.262,335,275,-1,0,0,0
359.177,593.662,-5.679,4.262,330,275,-1,0,0,0
353.498,594.0,-5.679,-4.262,325,275,-1,0,0,0
347.82,589.738,-5.679,-4.262,320,275,-1,0,0,0
342.141,585.476,-5.679,-4.262,315,275,-1,0,0,0
336.463,581.214,-5.679,-4.262,310,275,-1,0,0,0
330.784,576.953,-5.679,-4.262,305,275,-1,0,0,0
325.105,572.691,-5.679,-4.262,300,275,-1,0,0,0
319.427,568.429,-5.679,-4.262,295,275,-1,0,0,0
313.748,564.167,-5.679,-4.262,290,275,-1,0,0,0
308.07,559.905,-5.679,-4.262,285,275,-1,0,0,0
302.391,555.643,-5.679,-4.262,280,275,-1,0,0,0
296.712,551.381,-5.679,-4.262,275,275,-1,0,0,0
291.034,547.119,-5.679,-4.262,270,275,-1,0,0,0
285.355,542.858,-5.679,-4.262,265,275,-1,0,0,0
279.677,538.596,-5.679,-4.262,260,275,-1,0,0,0
273.998,534.334,-5.679,-4.262,260,275,0,0,0,0
268.319,530.072,-5.679,-4.262,260,275,0,0,0,0
262.641,525.81,-5.679,-4.262,260,275,0,0,0,0
256.962,521.548,-5.679,-4.262,260,275,0,0,0,0
251.284,517.286,-5.679,-4.262,260,275,0,0,0,0
245.605,513.024,-5.679,-4.262,260,275,0,0,0,0
239.927,508.763,-5.679,-4.262,260,275,0,0,0,0
234.248,504.501,-5.679,-4.262,260,275,0,0,0,0
228.569,500.239,-5.679,-4.262,260,275,0,0,0,0
222.891,495.977,-5.679,-4.262,260,275,0,0,0,0
217.212,491.715,-5.679,-4.262,260,275,0,0,0,0
211.534,487.453,-5.679,-4.262,260,275,0,0,0,0
205.855,483.191,-5.679,-4.262,260,275,0,0,0,0
200.176,478.929,-5.679,-4.262,260,275,0,0,0,0
194.498,474.668,-5.679,-4.262,260,275,0,0,0,0
188.819,470.406,-5.679,-4.262,260,275,0,0,0,0
183.141,466.144,-5.679,-4.262,260,275,0,0,0,0
177.462,461.882,-5.679,-4.262,260,275,0,0,0,0
171.783,457.62,-5.679,-4.262,260,275,0,0,0,0
166.105,453.358,-5.679,-4.262,260,275,0,0,0,0
160.426,449.096,-5.679,-4.262,260,275,0,0,0,0
154.748,444.834,-5.679,-4.262,260,275,0,0,0,0
149.069,440.573,-5.679,-4.262,260,275,0,0,0,0
143.39,436.311,-5.679,-4.262,260,275,0,0,0,0
137.712,432.049,-5.679,-4.262,260,275,0,0,0,0
132.033,427.787,-5.679,-4.262,260,275,0,0,0,0
126.355,423.525,-5.679,-4.262,260,275,0,0,0,0
120.676,419.263,-5.679,-4.262,260,275,0,0,0,0
114.997,415.001,-5.679,-4.262,260,275,0,0,0,0
109.319,410.739,-5.679,-4.262,260,275,0,0,0,0
103.64,406.478,-5.679,-4.262,260,275,0,0,0,0
97.962,402.216,-5.679,-4.262,260,275,0,0,0,0
92.283,397.954,-5.679,-4.262,260,275,0,0,0,0
86.604,393.692,-5.679,-4.262,260,275,0,0,0,0
80.926,389.43,-5.679,-4.262,260,275,0,0,0,0
75.247,385.168,-5.679,-4.262,260,275,0,0,0,0
69.569,380.906,-5.679,-4.262,260,275,0,0,0,0
63.89,376.644,-5.679,-4.262,260,275,0,0,0,0
58.212,372.383,-5.679,-4.262,260,275,0,0,0,0
52.533,368.121,-5.679,-4.262,260,275,0,0,0,0
46.854,363.859,-5.679,-4.262,255,275,-1,0,0,0
41.176,359.597,-5.679,-4.262,250,275,-1,0,0,0
35.497,355.335,-5.679,-4.262,245,275,-1,0,0,0
29.819,351.073,-5.679,-4.262,245,275,0,0,0,0
24.14,346.811,-5.679,-4.262,245,275,0,0,0,0
18.461,342.549,-5.679,-4.262,245,275,0,0,0,0
12.783,338.288,-5.679,-4.262,245,275,0,0,0,0
7.104,334.026,-5.679,-4.262,245,275,0,0,0,0
1.426,329.764,-5.679,-4.262,245,275,0,0,0,0
-4.253,325.502,-5.679,-4.262,245,275,0,0,0,0
400.0,300.0,4.996,-0.207,250,275,1,0,0,1
404.996,299.793,4.996,-0.207,250,275,0,0,0,0
409.991,299.587,4.996,-0.207,250,275,0,0,0,0
414.987,299.38,4.996,-0.207,250,275,0,0,0,0
419.983,299.174,4.996,-0.207,250,275,0,0,0,0
424.979,298.967,4.996,-0.207,250,275,0,0,0,0
429.974,298.761,4.996,-0.207,250,275,0,0,0,0
434.97,298.554,4.996,-0.207,250,275,0,0,0,0
439.966,298.348,4.996,-0.207,250,275,0,0,0,0
444.962,298.141,4.996,-0.207,250,275,0,0,0,0
449.957,297.935,4.996,-0.207,250,275,0,0,0,0
454.953,297.728,4.996,-0.207,250,275,0,0,0,0
459.949,297.522,4.996,-0.207,250,275,0,0,0,0
464.945,297.315,4.996,-0.207,250,275,0,0,0,0
469.94,297.109,4.996,-0.207,250,275,0,0,0,0
474.936,296.902,4.996,-0.207,250,275,0,0,0,0
479.932,296.696,4.996,-0.207,250,275,0,0,0,0
484.927,296.489,4.996,-0.207,250,275,0,0,0,0
489.923,296.282,4.996,-0.207,250,275,0,0,0,0
494.919,296.076,4.996,-0.207,250,275,0,0,0,0
499.915,295.869,4.996,-0.207,250,275,0,0,0,0
504.91,295.663,4.996,-0.207,250,275,0,0,0,0
509.906,295.456,4.996,-0.207,250,275,0,0,0,0
514.902,295.25,4.996,-0.207,250,275,0,0,0,0
519.898,295.043,4.996,-0.207,250,275,0,0,0,0
524.893,294.837,4.996,-0.207,250,275,0,0,0,0
529.889,294.63,4.996,-0.207,250,275,0,0,0,0
534.885,294.424,4.996,-0.207,250,275,0,0,0,0
539.881,294.217,4.996,-0.207,250,275,0,0,0,0
544.876,294.011,4.996,-0.207,250,275,0,0,0,0
549.872,293.804,4.996,-0.207,250,275,0,0,0,0
554.868,293.598,4.996,-0.207,250,275,0,0,0,0
559.863,293.391,4.996,-0.207,250,275,0,0,0,0
564.859,293.185,4.996,-0.207,250,275,0,0,0,0
569.855,292.978,4.996,-0.207,250,275,0,0,0,0
574.851,292.771,4.996,-0.207,250,275,0,0,0,0
579.846,292.565,4.996,-0.207,250,275,0,0,0,0
584.842,292.358,4.996,-0.207,250,275,0,0,0,0
589.838,292.152,4.996,-0.207,250,275,0,0,0,0
594.834,291.945,4.996,-0.207,250,275,0,0,0,0
599.829,291.739,4.996,-0.207,250,275,0,0,0,0
604.825,291.532,4.996,-0.207,250,275,0,0,0,0
609.821,291.326,4.996,-0.207,250,275,0,0,0,0
614.817,291.119,4.996,-0.207,250,275,0,0,0,0
619.812,290.913,4.996,-0.207,250,275,0,0,0,0
624.808,290.706,4.996,-0.207,250,275,0,0,0,0
629.804,290.5,4.996,-0.207,250,275,0,0,0,0
634.799,290.293,4.996,-0.207,250,275,0,0,0,0
639.795,290.087,4.996,-0.207,250,275,0,0,0,0
644.791,289.88,4.996,-0.207,250,275,0,0,0,0
649.787,289.674,4.996,-0.207,250,275,0,0,0,0
654.782,289.467,4.996,-0.207,250,275,0,0,0,0
659.778,289.26,4.996,-0.207,250,275,0,0,0,0
664.774,289.054,4.996,-0.207,250,275,0,0,0,0
669.77,288.847,4.996,-0.207,250,275,0,0,0,0
674.765,288.641,4.996,-0.207,250,275,0,0,0,0
679.761,288.434,4.996,-0.207,250,275,0,0,0,0
684.757,288.228,4.996,-0.207,250,275,0,0,0,0
689.752,288.021,4.996,-0.207,250,275,0,0,0,0
694.748,287.815,4.996,-0.207,250,275,0,0,0,0
699.744,287.608,4.996,-0.207,250,275,0,0,0,0
704.74,287.402,4.996,-0.207,250,275,0,0,0,0
709.735,287.195,4.996,-0.207,250,275,0,0,0,0
714.731,286.989,4.996,-0.207,250,275,0,0,0,0
719.727,286.782,4.996,-0.207,250,275,0,0,0,0
724.723,286.576,4.996,-0.207,250,275,0,0,0,0
729.718,286.369,4.996,-0.207,250,275,0,0,0,0
734.714,286.163,4.996,-0.207,250,275,0,0,0,0
739.71,285.956,4.996,-0.207,250,275,0,0,0,0
744.706,285.749,4.996,-0.207,250,275,0,0,0,0
749.701,285.543,4.996,-0.207,250,275,0,0,0,0
751.0,285.336,-3.781,-3.715,250,275,0,0,0,0
747.219,281.622,-3.781,-3.715,250,275,0,0,0,0
743.439,277.907,-3.781,-3.715,250,275,0,0,0,0
739.658,274.193,-3.781,-3.715,250,275,0,0,0,0
735.878,270.478,-3.781,-3.715,250,275,0,0,0,0
732.097,266.764,-3.781,-3.715,250,275,0,0,0,0
728.317,263.049,-3.781,-3.715,250,275,0,0,0,0
724.536,259.335,-3.781,-3.715,250,275,0,0,0,0
720.756,255.62,-3.781,-3.715,250,275,0,0,0,0
716.975,251.906,-3.781,-3.715,250,275,0,0,0,0
713.195,248.191,-3.781,-3.715,250,275,0,0,0,0
709.414,244.477,-3.781,-3.715,250,275,0,0,0,0
705.634,240.762,-3.781,-3.715,250,275,0,0,0,0
701.853,237.048,-3.781,-3.715,250,275,0,0,0,0
698.073,233.333,-3.781,-3.715,250,275,0,0,0,0
694.292,229.619,-3.781,-3.715,250,275,0,0,0,0
690.512,225.904,-3.781,-3.715,250,275,0,0,0,0
686.731,222.19,-3.781,-3.715,250,275,0,0,0,0
682.951,218.475,-3.781,-3.715,250,275,0,0,0,0
679.17,214.761,-3.781,-3.715,250,275,0,0,0,0
675.389,211.046,-3.781,-3.715,250,275,0,0,0,0
671.609,207.332,-3.781,-3.715,250,275,0,0,0,0
667.828,203.617,-3.781,-3.715,250,275,0,0,0,0
664.048,199.903,-3.781,-3.715,250,275,0,0,0,0
660.267,196.188,-3.781,-3.715,245,275,-1,0,0,0
656.487,192.474,-3.781,-3.715,240,275,-1,0,0,0
652.706,188.759,-3.781,-3.715,235,275,-1,0,0,0
648.926,185.045,-3.781,-3.715,230,275,-1,0,0,0
645.145,181.33,-3.781,-3.715,225,275,-1,0,0,0
641.365,177.616,-3.781,-3.715,220,275,-1,0,0,0
637.584,173.901,-3.781,-3.715,215,275,-1,0,0,0
633.804,170.187,-3.781,-3.715,210,275,-1,0,0,0
630.023,166.472,-3.781,-3.715,205,275,-1,0,0,0
626.243,162.757,-3.781,-3.715,200,275,-1,0,0,0
622.462,159.043,-3.781,-3.715,195,275,-1,0,0,0
618.682,155.328,-3.781,-3.715,190,275,-1,0,0,0
614.901,151.614,-3.781,-3.715,185,275,-1,0,0,0
611.12,147.899,-3.781,-3.715,180,275,-1,0,0,0
607.34,144.185,-3.781,-3.715,175,275,-1,0,0,0
603.559,140.47,-3.781,-3.715,170,275,-1,0,0,0
599.779,136.756,-3.781,-3.715,165,275,-1,0,0,0
595.998,133.041,-3.781,-3.715,160,275,-1,0,0,0
592.218,129.327,-3.781,-3.715,155,275,-1,0,0,0
588.437,125.612,-3.781,-3.715,150,275,-1,0,0,0
584.657,121.898,-3.781,-3.715,145,275,-1,0,0,0
580.876,118.183,-3.781,-3.715,140,275,-1,0,0,0
577.096,114.469,-3.781,-3.715,135,275,-1,0,0,0
573.315,110.754,-3.781,-3.715,130,275,-1,0,0,0
569.535,107.04,-3.781,-3.715,125,275,-1,0,0,0
565.754,103.325,-3.781,-3.715,120,275,-1,0,0,0
561.974,99.611,-3.781,-3.715,115,275,-1,0,0,0
558.193,95.896,-3.781,-3.715,110,275,-1,0,0,0
554.413,92.182,-3.781,-3.715,105,275,-1,0,0,0
550.632,88.467,-3.781,-3.715,100,275,-1,0,0,0
546.852,84.753,-3.781,-3.715,95,275,-1,0,0,0
543.071,81.038,-3.781,-3.715,90,275,-1,0,0,0
539.29,77.324,-3.781,-3.715,85,275,-1,0,0,0
535.51,73.609,-3.781,-3.715,80,275,-1,0,0,0
531.729,69.895,-3.781,-3.715,75,275,-1,0,0,0
527.949,66.18,-3.781,-3.715,75,275,0,0,0,0
524.168,62.466,-3.781,-3.715,75,275,0,0,0,0
520.388,58.751,-3.781,-3.715,75,275,0,0,0,0
516.607,55.037,-3.781,-3.715,75,275,0,0,0,0
512.827,51.322,-3.781,-3.715,75,275,0,0,0,0
509.046,47.608,-3.781,-3.715,75,275,0,0,0,0
505.266,43.893,-3.781,-3.715,75,275,0,0,0,0
501.485,40.179,-3.781,-3.715,75,275,0,0,0,0
497.705,36.464,-3.781,-3.715,75,275,0,0,0,0
493.924,32.75,-3.781,-3.715,75,275,0,0,0,0
490.144,29.035,-3.781,-3.715,75,275,0,0,0,0
486.363,25.32,-3.781,-3.715,75,275,0,0,0,0
482.583,21.606,-3.781,-3.715,75,275,0,0,0,0
478.802,17.891,-3.781,-3.715,75,275,0,0,0,0
475.021,14.177,-3.781,-3.715,75,275,0,0,0,0
471.241,10.462,-3.781,-3.715,75,275,0,0,0,0
467.46,6.748,-3.781,-3.715,75,275,0,0,0,0
463.68,6.0,-3.781,3.715,75,275,0,0,0,0
459.899,9.715,-3.781,3.715,75,275,0,0,0,0
456.119,13.429,-3.781,3.715,75,275,0,0,0,0
452.338,17.144,-3.781,3.715,75,275,0,0,0,0
448.558,20.858,-3.781,3.715,75,275,0,0,0,0
444.777,24.573,-3.781,3.715,75,275,0,0,0,0
440.997,28.287,-3.781,3.715,75,275,0,0,0,0
437.216,32.002,-3.781,3.715,75,275,0,0,0,0
433.436,35.716,-3.781,3.715,75,275,0,0,0,0
429.655,39.431,-3.781,3.715,75,275,0,0,0,0
425.875,43.145,-3.781,3.715,80,275,1,0,0,0
422.094,46.86,-3.781,3.715,85,275,1,0,0,0
418.314,50.574,-3.781,3.715,90,275,1,0,0,0
414.533,54.289,-3.781,3.715,95,275,1,0,0,0
410.753,58.003,-3.781,3.715,100,275,1,0,0,0
406.972,61.718,-3.781,3.715,105,275,1,0,0,0
403.191,65.432,-3.781,3.715,110,275,1,0,0,0
399.411,69.147,-3.781,3.715,115,275,1,0,0,0
395.63,72.861,-3.781,3.715,120,275,1,0,0,0
391.85,76.576,-3.781,3.715,125,275,1,0,0,0
388.069,80.29,-3.781,3.715,130,275,1,0,0,0
384.289,84.005,-3.781,3.715,135,275,1,0,0,0
380.508,87.719,-3.781,3.715,140,275,1,0,0,0
376.728,91.434,-3.781,3.715,145,275,1,0,0,0
372.947,95.148,-3.781,3.715,150,275,1,0,0,0
369.167,98.863,-3.781,3.715,155,275,1,0,0,0
365.386,102.577,-3.781,3.715,160,275,1,0,0,0
361.606,106.292,-3.781,3.715,165,275,1,0,0,0
357.825,110.006,-3.781,3.715,170,275,1,0,0,0
354.045,113.721,-3.781,3.715,175,275,1,0,0,0
350.264,117.435,-3.781,3.715,180,275,1,0,0,0
346.484,121.15,-3.781,3.715,185,275,1,0,0,0
342.703,124.864,-3.781,3.715,185,275,0,0,0,0
338.922,128.579,-3.781,3.715,185,275,0,0,0,0
335.142,132.293,-3.781,3.715,185,275,0,0,0,0
331.361,136.008,-3.781,3.715,185,275,0,0,0,0
327.581,139.722,-3.781,3.715,185,275,0,0,0,0
323.8,143.437,-3.781,3.715,185,275,0,0,0,0
320.02,147.152,-3.781,3.715,185,275,0,0,0,0
316.239,150.866,-3.781,3.715,185,275,0,0,0,0
312.459,154.581,-3.781,3.715,185,275,0,0,0,0
308.678,158.295,-3.781,3.715,185,275,0,0,0,0
304.898,162.01,-3.781,3.715,185,275,0,0,0,0
301.117,165.724,-3.781,3.715,185,275,0,0,0,0
297.337,169.439,-3.781,3.715,185,275,0,0,0,0
293.556,173.153,-3.781,3.715,185,275,0,0,0,0
289.776,176.868,-3.781,3.715,185,275,0,0,0,0
285.995,180.582,-3.781,3.715,185,275,0,0,0,0
282.215,184.297,-3.781,3.715,185,275,0,0,0,0
278.434,188.011,-3.781,3.715,185,275,0,0,0,0
274.654,191.726,-3.781,3.715,185,275,0,0,0,0
270.873,195.44,-3.781,3.715,185,275,0,0,0,0
267.092,199.155,-3.781,3.715,185,275,0,0,0,0
263.312,202.869,-3.781,3.715,190,275,1,0,0,0
259.531,206.584,-3.781,3.715,195,275,1,0,0,0
255.751,210.298,-3.781,3.715,200,275,1,0,0,0
251.97,214.013,-3.781,3.715,205,275,1,0,0,0
248.19,217.727,-3.781,3.715,210,275,1,0,0,0
244.409,221.442,-3.781,3.715,215,275,1,0,0,0
240.629,225.156,-3.781,3.715,220,275,1,0,0,0
236.848,228.871,-3.781,3.715,225,275,1,0,0,0
233.068,232.585,-3.781,3.715,230,275,1,0,0,0
229.287,236.3,-3.781,3.715,235,275,1,0,0,0
225.507,240.014,-3.781,3.715,240,275,1,0,0,0
221.726,243.729,-3.781,3.715,245,270,1,-1,0,0
217.946,247.443,-3.781,3.715,250,265,1,-1,0,0
214.165,251.158,-3.781,3.715,255,260,1,-1,0,0
210.385,254.872,-3.781,3.715,260,255,1,-1,0,0
206.604,258.587,-3.781,3.715,265,250,1,-1,0,0
202.823,262.301,-3.781,3.715,270,245,1,-1,0,0
199.043,266.016,-3.781,3.715,275,240,1,-1,0,0
195.262,269.73,-3.781,3.715,280,235,1,-1,0,0
191.482,273.445,-3.781,3.715,285,230,1,-1,0,0
187.701,277.159,-3.781,3.715,290,225,1,-1,0,0
183.921,280.874,-3.781,3.715,295,220,1,-1,0,0
180.14,284.589,-3.781,3.715,300,215,1,-1,0,0
176.36,288.303,-3.781,3.715,305,210,1,-1,0,0
172.579,292.018,-3.781,3.715,310,205,1,-1,0,0
168.799,295.732,-3.781,3.715,310,205,0,0,0,0
165.018,299.447,-3.781,3.715,310,205,0,0,0,0
161.238,303.161,-3.781,3.715,310,205,0,0,0,0
157.457,306.876,-3.781,3.715,310,205,0,0,0,0
153.677,310.59,-3.781,3.715,310,205,0,0,0,0
149.896,314.305,-3.781,3.715,310,205,0,0,0,0
146.116,318.019,-3.781,3.715,310,205,0,0,0,0
142.335,321.734,-3.781,3.715,310,205,0,0,0,0
138.555,325.448,-3.781,3.715,310,205,0,0,0,0
134.774,329.163,-3.781,3.715,315,205,1,0,0,0
130.993,332.877,-3.781,3.715,320,205,1,0,0,0
127.213,336.592,-3.781,3.715,325,205,1,0,0,0
123.432,340.306,-3.781,3.715,330,205,1,0,0,0
119.652,344.021,-3.781,3.715,335,205,1,0,0,0
115.871,347.735,-3.781,3.715,340,205,1,0,0,0
112.091,351.45,-3.781,3.715,345,205,1,0,0,0
108.31,355.164,-3.781,3.715,350,205,1,0,0,0
104.53,358.879,-3.781,3.715,355,205,1,0,0,0
100.749,362.593,-3.781,3.715,360,205,1,0,0,0
96.969,366.308,-3.781,3.715,365,205,1,0,0,0
93.188,370.022,-3.781,3.715,370,205,1,0,0,0
89.408,373.737,-3.781,3.715,375,205,1,0,0,0
85.627,377.451,-3.781,3.715,380,205,1,0,0,0
81.847,381.166,-3.781,3.715,385,205,1,0,0,0
78.066,384.88,-3.781,3.715,390,205,1,0,0,0
74.286,388.595,-3.781,3.715,395,205,1,0,0,0
70.505,392.309,-3.781,3.715,400,210,1,1,0,0
66.724,396.024,-3.781,3.715,405,215,1,1,0,0
62.944,399.738,-3.781,3.715,410,220,1,1,0,0
59.163,403.453,-3.781,3.715,415,225,1,1,0,0
55.383,407.167,-3.781,3.715,415,230,0,1,0,0
51.602,410.882,-3.781,3.715,415,235,0,1,0,0
49.0,414.596,2.8,-4.85,415,240,0,1,0,0
51.8,409.747,2.8,-4.85,415,240,0,0,0,0
54.6,404.897,2.8,-4.85,415,240,0,0,0,0
57.4,400.047,2.8,-4.85,415,240,0,0,0,0
60.2,395.198,2.8,-4.85,415,240,0,0,0,0
63.0,390.348,2.8,-4.85,415,240,0,0,0,0
65.8,385.498,2.8,-4.85,415,240,0,0,0,0
68.6,380.648,2.8,-4.85,415,240,0,0,0,0
71.4,375.799,2.8,-4.85,415,240,0,0,0,0
74.2,370.949,2.8,-4.85,415,240,0,0,0,0
77.0,366.099,2.8,-4.85,415,240,0,0,0,0
79.8,361.249,2.8,-4.85,415,240,0,0,0,0
82.6,356.4,2.8,-4.85,415,240,0,0,0,0
85.4,351.55,2.8,-4.85,415,240,0,0,0,0
88.2,346.7,2.8,-4.85,415,240,0,0,0,0
91.0,341.85,2.8,-4.85,415,240,0,0,0,0
93.8,337.001,2.8,-4.85,415,240,0,0,0,0
96.6,332.151,2.8,-4.85,415,240,0,0,0,0
99.4,327.301,2.8,-4.85,415,240,0,0,0,0
102.2,322.451,2.8,-4.85,415,240,0,0,0,0
105.0,317.602,2.8,-4.85,415,240,0,0,0,0
107.8,312.752,2.8,-4.85,415,240,0,0,0,0
110.6,307.902,2.8,-4.85,415,240,0,0,0,0
113.4,303.052,2.8,-4.85,415,240,0,0,0,0
116.2,298.203,2.8,-4.85,415,240,0,0,0,0
119.0,293.353,2.8,-4.85,415,240,0,0,0,0
121.8,288.503,2.8,-4.85,415,240,0,0,0,0
124.6,283.653,2.8,-4.85,410,240,-1,0,0,0
127.4,278.804,2.8,-4.85,405,240,-1,0,0,0
130.2,273.954,2.8,-4.85,400,240,-1,0,0,0
133.0,269.104,2.8,-4.85,395,240,-1,0,0,0
135.8,264.254,2.8,-4.85,390,240,-1,0,0,0
138.6,259.405,2.8,-4.85,385,240,-1,0,0,0
141.4,254.555,2.8,-4.85,380,240,-1,0,0,0
144.2,249.705,2.8,-4.85,375,240,-1,0,0,0
147.0,244.856,2.8,-4.85,370,240,-1,0,0,0
149.8,240.006,2.8,-4.85,365,240,-1,0,0,0
152.6,235.156,2.8,-4.85,360,240,-1,0,0,0
155.4,230.306,2.8,-4.85,355,240,-1,0,0,0
158.2,225.457,2.8,-4.85,350,240,-1,0,0,0
161.0,220.607,2.8,-4.85,345,240,-1,0,0,0
163.8,215.757,2.8,-4.85,340,240,-1,0,0,0
166.6,210.907,2.8,-4.85,335,240,-1,0,0,0
169.4,206.058,2.8,-4.85,330,240,-1,0,0,0
172.2,201.208,2.8,-4.85,325,240,-1,0,0,0
175.0,196.358,2.8,-4.85,320,240,-1,0,0,0
177.8,191.508,2.8,-4.85,315,240,-1,0,0,0
180.6,186.659,2.8,-4.85,310,240,-1,0,0,0
183.4,181.809,2.8,-4.85,305,240,-1,0,0,0
186.2,176.959,2.8,-4.85,300,240,-1,0,0,0
189.0,172.109,2.8,-4.85,295,240,-1,0,0,0
191.8,167.26,2.8,-4.85,290,240,-1,0,0,0
194.6,162.41,2.8,-4.85,285,240,-1,0,0,0
197.4,157.56,2.8,-4.85,280,240,-1,0,0,0
200.2,152.71,2.8,-4.85,275,240,-1,0,0,0
203.0,147.861,2.8,-4.85,270,240,-1,0,0,0
205.8,143.011,2.8,-4.85,265,240,-1,0,0,0
208.6,138.161,2.8,-4.85,260,240,-1,0,0,0
211.4,133.311,2.8,-4.85,255,240,-1,0,0,0
214.2,128.462,2.8,-4.85,250,240,-1,0,0,0
217.0,123.612,2.8,-4.85,245,240,-1,0,0,0
219.8,118.762,2.8,-4.85,240,240,-1,0,0,0
222.6,113.912,2.8,-4.85,235,240,-1,0,0,0
225.4,109.063,2.8,-4.85,230,240,-1,0,0,0
228.2,104.213,2.8,-4.85,225,240,-1,0,0,0
231.0,99.363,2.8,-4.85,220,240,-1,0,0,0
233.8,94.513,2.8,-4.85,215,240,-1,0,0,0
236.6,89.664,2.8,-4.85,210,240,-1,0,0,0
239.4,84.814,2.8,-4.85,205,240,-1,0,0,0
242.2,79.964,2.8,-4.85,200,240,-1,0,0,0
245.0,75.115,2.8,-4.85,195,240,-1,0,0,0
247.8,70.265,2.8,-4.85,190,240,-1,0,0,0
250.6,65.415,2.8,-4.85,190,240,0,0,0,0
253.4,60.565,2.8,-4.85,190,240,0,0,0,0
256.2,55.716,2.8,-4.85,190,240,0,0,0,0
259.0,50.866,2.8,-4.85,190,240,0,0,0,0
261.8,46.016,2.8,-4.85,190,240,0,0,0,0
264.6,41.166,2.8,-4.85,190,240,0,0,0,0
267.4,36.317,2.8,-4.85,190,240,0,0,0,0
270.2,31.467,2.8,-4.85,190,240,0,0,0,0
273.0,26.617,2.8,-4.85,190,240,0,0,0,0
275.8,21.767,2.8,-4.85,190,240,0,0,0,0
278.6,16.918,2.8,-4.85,190,240,0,0,0,0
281.4,12.068,2.8,-4.85,190,240,0,0,0,0
284.2,7.218,2.8,-4.85,190,240,0,0,0,0
287.0,6.0,2.8,4.85,190,240,0,0,0,0
289.8,10.85,2.8,4.85,190,240,0,0,0,0
292.6,15.699,2.8,4.85,190,240,0,0,0,0
295.4,20.549,2.8,4.85,190,240,0,0,0,0
298.2,25.399,2.8,4.85,190,240,0,0,0,0
301.0,30.249,2.8,4.85,190,240,0,0,0,0
303.8,35.098,2.8,4.85,190,240,0,0,0,0
306.6,39.948,2.8,4.85,190,240,0,0,0,0
309.4,44.798,2.8,4.85,190,240,0,0,0,0
312.2,49.648,2.8,4.85,190,240,0,0,0,0
315.0,54.497,2.8,4.85,190,240,0,0,0,0
317.8,59.347,2.8,4.85,190,240,0,0,0,0
320.6,64.197,2.8,4.85,190,240,0,0,0,0
323.4,69.047,2.8,4.85,190,240,0,0,0,0
326.2,73.896,2.8,4.85,190,240,0,0,0,0
329.0,78.746,2.8,4.85,190,240,0,0,0,0
331.8,83.596,2.8,4.85,190,240,0,0,0,0
334.6,88.446,2.8,4.85,190,240,0,0,0,0
337.4,93.295,2.8,4.85,190,240,0,0,0,0
340.2,98.145,2.8,4.85,190,240,0,0,0,0
343.0,102.995,2.8,4.85,190,240,0,0,0,0
345.8,107.845,2.8,4.85,190,240,0,0,0,0
348.6,112.694,2.8,4.85,190,240,0,0,0,0
351.4,117.544,2.8,4.85,190,240,0,0,0,0
354.2,122.394,2.8,4.85,190,240,0,0,0,0
357.0,127.244,2.8,4.85,190,245,0,1,0,0
359.8,132.093,2.8,4.85,190,250,0,1,0,0
362.6,136.943,2.8,4.85,190,255,0,1,0,0
365.4,141.793,2.8,4.85,190,260,0,1,0,0
368.2,146.643,2.8,4.85,190,265,0,1,0,0
371.0,151.492,2.8,4.85,190,270,0,1,0,0
373.8,156.342,2.8,4.85,190,275,0,1,0,0
376.6,161.192,2.8,4.85,190,280,0,1,0,0
379.4,166.041,2.8,4.85,190,285,0,1,0,0
382.2,170.891,2.8,4.85,190,290,0,1,0,0
385.0,175.741,2.8,4.85,190,295,0,1,0,0
387.8,180.591,2.8,4.85,190,300,0,1,0,0
390.6,185.44,2.8,4.85,190,305,0,1,0,0
393.4,190.29,2.8,4.85,190,310,0,1,0,0
396.2,195.14,2.8,4.85,190,315,0,1,0,0
399.0,199.99,2.8,4.85,190,320,0,1,0,0
401.8,204.839,2.8,4.85,190,325,0,1,0,0
404.6,209.689,2.8,4.85,190,330,0,1,0,0
407.4,214.539,2.8,4.85,190,335,0,1,0,0
410.2,219.389,2.8,4.85,190,340,0,1,0,0
413.0,224.238,2.8,4.85,190,345,0,1,0,0
415.8,229.088,2.8,4.85,190,350,0,1,0,0
418.6,233.938,2.8,4.85,190,355,0,1,0,0
421.4,238.788,2.8,4.85,190,360,0,1,0,0
424.2,243.637,2.8,4.85,190,365,0,1,0,0
427.0,248.487,2.8,4.85,190,370,0,1,0,0
429.8,253.337,2.8,4.85,190,375,0,1,0,0
432.6,258.187,2.8,4.85,190,380,0,1,0,0
435.4,263.036,2.8,4.85,190,385,0,1,0,0
438.2,267.886,2.8,4.85,190,390,0,1,0,0
441.0,272.736,2.8,4.85,190,395,0,1,0,0
443.8,277.586,2.8,4.85,190,400,0,1,0,0
446.6,282.435,2.8,4.85,190,405,0,1,0,0
449.4,287.285,2.8,4.85,190,410,0,1,0,0
452.2,292.135,2.8,4.85,190,415,0,1,0,0
455.0,296.985,2.8,4.85,190,420,0,1,0,0
457.8,301.834,2.8,4.85,190,425,0,1,0,0
460.6,306.684,2.8,4.85,190,430,0,1,0,0
463.4,311.534,2.8,4.85,190,435,0,1,0,0
466.2,316.384,2.8,4.85,190,440,0,1,0,0
469.0,321.233,2.8,4.85,190,445,0,1,0,0
471.8,326.083,2.8,4.85,190,450,0,1,0,0
474.6,330.933,2.8,4.85,190,450,0,0,0,0
477.4,335.782,2.8,4.85,190,450,0,0,0,0
480.2,340.632,2.8,4.85,190,450,0,0,0,0
483.0,345.482,2.8,4.85,190,450,0,0,0,0
485.8,350.332,2.8,4.85,190,450,0,0,0,0
488.6,355.181,2.8,4.85,190,450,0,0,0,0
491.4,360.031,2.8,4.85,190,450,0,0,0,0
494.2,364.881,2.8,4.85,190,450,0,0,0,0
497.0,369.731,2.8,4.85,190,450,0,0,0,0
499.8,374.58,2.8,4.85,190,450,0,0,0,0
502.6,379.43,2.8,4.85,190,450,0,0,0,0
505.4,384.28,2.8,4.85,190,450,0,0,0,0
508.2,389.13,2.8,4.85,190,450,0,0,0,0
511.0,393.979,2.8,4.85,190,450,0,0,0,0
513.8,398.829,2.8,4.85,190,450,0,0,0,0
516.6,403.679,2.8,4.85,190,450,0,0,0,0
519.4,408.529,2.8,4.85,190,450,0,0,0,0
522.2,413.378,2.8,4.85,190,450,0,0,0,0
525.0,418.228,2.8,4.85,190,450,0,0,0,0
527.8,423.078,2.8,4.85,190,450,0,0,0,0
530.6,427.928,2.8,4.85,190,450,0,0,0,0
533.4,432.777,2.8,4.85,190,450,0,0,0,0
536.2,437.627,2.8,4.85,190,450,0,0,0,0
539.0,442.477,2.8,4.85,190,450,0,0,0,0
541.8,447.327,2.8,4.85,190,450,0,0,0,0
544.6,452.176,2.8,4.85,190,450,0,0,0,0
547.4,457.026,2.8,4.85,190,450,0,0,0,0
550.2,461.876,2.8,4.85,190,450,0,0,0,0
553.0,466.726,2.8,4.85,190,450,0,0,0,0
555.8,471.575,2.8,4.85,190,450,0,0,0,0
558.6,476.425,2.8,4.85,190,450,0,0,0,0
561.4,481.275,2.8,4.85,190,450,0,0,0,0
564.2,486.124,2.8,4.85,190,450,0,0,0,0
567.0,490.974,2.8,4.85,190,450,0,0,0,0
569.8,495.824,2.8,4.85,190,450,0,0,0,0
572.6,500.674,2.8,4.85,190,455,0,1,0,0
575.4,505.523,2.8,4.85,190,460,0,1,0,0
578.2,510.373,2.8,4.85,190,465,0,1,0,0
581.0,515.223,2.8,4.85,190,470,0,1,0,0
583.8,520.073,2.8,4.85,190,475,0,1,0,0
586.6,524.922,2.8,4.85,190,480,0,1,0,0
589.4,529.772,2.8,4.85,190,485,0,1,0,0
592.2,534.622,2.8,4.85,190,490,0,1,0,0
595.0,539.472,2.8,4.85,190,495,0,1,0,0
597.8,544.321,2.8,4.85,190,500,0,1,0,0
600.6,549.171,2.8,4.85,190,505,0,1,0,0
603.4,554.021,2.8,4.85,190,510,0,1,0,0
606.2,558.871,2.8,4.85,190,515,0,1,0,0
609.0,563.72,2.8,4.85,190,520,0,1,0,0
611.8,568.57,2.8,4.85,190,520,0,1,0,0
614.6,573.42,2.8,4.85,190,520,0,1,0,0
617.4,578.27,2.8,4.85,190,520,0,1,0,0
620.2,583.119,2.8,4.85,190,520,0,1,0,0
623.0,587.969,2.8,4.85,190,520,0,0,0,0
625.8,592.819,2.8,4.85,190,520,0,0,0,0
628.6,594.0,2.8,-4.85,190,520,0,0,0,0
631.4,589.15,2.8,-4.85,190,520,0,0,0,0
634.2,584.301,2.8,-4.85,190,520,0,0,0,0
637.0,579.451,2.8,-4.85,190,520,0,0,0,0
639.8,574.601,2.8,-4.85,190,520,0,0,0,0
642.6,569.751,2.8,-4.85,190,520,0,0,0,0
645.4,564.902,2.8,-4.85,190,520,0,0,0,0
648.2,560.052,2.8,-4.85,190,520,0,0,0,0
651.0,555.202,2.8,-4.85,190,520,0,0,0,0
653.8,550.352,2.8,-4.85,190,520,0,0,0,0
656.6,545.503,2.8,-4.85,190,520,0,0,0,0
659.4,540.653,2.8,-4.85,190,520,0,0,0,0
662.2,535.803,2.8,-4.85,190,520,0,0,0,0
665.0,530.953,2.8,-4.85,190,520,0,0,0,0
667.8,526.104,2.8,-4.85,190,520,0,0,0,0
670.6,521.254,2.8,-4.85,190,520,0,0,0,0
673.4,516.404,2.8,-4.85,190,520,0,0,0,0
676.2,511.554,2.8,-4.85,190,515,0,-1,0,0
679.0,506.705,2.8,-4.85,190,510,0,-1,0,0
681.8,501.855,2.8,-4.85,190,505,0,-1,0,0
684.6,497.005,2.8,-4.85,190,500,0,-1,0,0
687.4,492.155,2.8,-4.85,190,495,0,-1,0,0
690.2,487.306,2.8,-4.85,190,490,0,-1,0,0
693.0,482.456,2.8,-4.85,190,485,0,-1,0,0
695.8,477.606,2.8,-4.85,190,480,0,-1,0,0
698.6,472.756,2.8,-4.85,190,475,0,-1,0,0
701.4,467.907,2.8,-4.85,190,470,0,-1,0,0
704.2,463.057,2.8,-4.85,190,465,0,-1,0,0
707.0,458.207,2.8,-4.85,190,460,0,-1,0,0
709.8,453.357,2.8,-4.85,190,455,0,-1,0,0
712.6,448.508,2.8,-4.85,190,450,0,-1,0,0
715.4,443.658,2.8,-4.85,190,445,0,-1,0,0
718.2,438.808,2.8,-4.85,190,440,0,-1,0,0
721.0,433.959,2.8,-4.85,190,435,0,-1,0,0
723.8,429.109,2.8,-4.85,190,430,0,-1,0,0
726.6,424.259,2.8,-4.85,190,425,0,-1,0,0
729.4,419.409,2.8,-4.85,190,420,0,-1,0,0
732.2,414.56,2.8,-4.85,190,415,0,-1,0,0
735.0,409.71,2.8,-4.85,190,410,0,-1,0,0
737.8,404.86,2.8,-4.85,190,405,0,-1,0,0
740.6,400.01,2.8,-4.85,190,400,0,-1,0,0
743.4,395.161,2.8,-4.85,190,395,0,-1,0,0
746.2,390.311,2.8,-4.85,190,390,0,-1,0,0
749.0,385.461,2.8,-4.85,190,385,0,-1,0,0
751.8,380.611,2.8,-4.85,190,380,0,-1,0,0
751.0,375.762,-3.051,-5.05,190,375,0,-1,0,0
747.949,370.712,-3.051,-5.05,190,370,0,-1,0,0
744.897,365.662,-3.051,-5.05,190,365,0,-1,0,0
741.846,360.612,-3.051,-5.05,190,360,0,-1,0,0
738.795,355.563,-3.051,-5.05,190,355,0,-1,0,0
735.744,350.513,-3.051,-5.05,190,350,0,-1,0,0
732.692,345.463,-3.051,-5.05,190,345,0,-1,0,0
729.641,340.414,-3.051,-5.05,190,340,0,-1,0,0
726.59,335.364,-3.051,-5.05,190,335,0,-1,0,0
723.538,330.314,-3.051,-5.05,190,330,0,-1,0,0
720.487,325.264,-3.051,-5.05,190,325,0,-1,0,0
717.436,320.215,-3.051,-5.05,190,320,0,-1,0,0
714.385,315.165,-3.051,-5.05,190,315,0,-1,0,0
711.333,310.115,-3.051,-5.05,190,310,0,-1,0,0
708.282,305.066,-3.051,-5.05,190,305,0,-1,0,0
705.231,300.016,-3.051,-5.05,190,300,0,-1,0,0
702.179,294.966,-3.051,-5.05,190,295,0,-1,0,0
699.128,289.916,-3.051,-5.05,190,290,0,-1,0,0
696.077,284.867,-3.051,-5.05,190,285,0,-1,0,0
693.026,279.817,-3.051,-5.05,190,280,0,-1,0,0
689.974,274.767,-3.051,-5.05,190,275,0,-1,0,0
686.923,269.717,-3.051,-5.05,190,270,0,-1,0,0
683.872,264.668,-3.051,-5.05,190,265,0,-1,0,0
680.82,259.618,-3.051,-5.05,190,260,0,-1,0,0
677.769,254.568,-3.051,-5.05,190,255,0,-1,0,0
674.718,249.519,-3.051,-5.05,185,250,-1,-1,0,0
671.667,244.469,-3.051,-5.05,180,245,-1,-1,0,0
668.615,239.419,-3.051,-5.05,175,240,-1,-1,0,0
665.564,234.369,-3.051,-5.05,170,235,-1,-1,0,0
662.513,229.32,-3.051,-5.05,165,230,-1,-1,0,0
659.461,224.27,-3.051,-5.05,160,225,-1,-1,0,0
656.41,219.22,-3.051,-5.05,155,225,-1,0,0,0
653.359,214.171,-3.051,-5.05,150,225,-1,0,0,0
650.308,209.121,-3.051,-5.05,145,225,-1,0,0,0
647.256,204.071,-3.051,-5.05,140,225,-1,0,0,0
644.205,199.021,-3.051,-5.05,135,225,-1,0,0,0
641.154,193.972,-3.051,-5.05,130,225,-1,0,0,0
638.102,188.922,-3.051,-5.05,125,225,-1,0,0,0
635.051,183.872,-3.051,-5.05,120,225,-1,0,0,0
632.0,178.823,-3.051,-5.05,115,225,-1,0,0,0
628.949,173.773,-3.051,-5.05,110,225,-1,0,0,0
625.897,168.723,-3.051,-5.05,105,225,-1,0,0,0
622.846,163.673,-3.051,-5.05,100,225,-1,0,0,0
619.795,158.624,-3.051,-5.05,95,225,-1,0,0,0
616.743,153.574,-3.051,-5.05,90,225,-1,0,0,0
613.692,148.524,-3.051,-5.05,85,230,-1,1,0,0
610.641,143.475,-3.051,-5.05,80,235,-1,1,0,0
607.59,138.425,-3.051,-5.05,75,240,-1,1,0,0
604.538,133.375,-3.051,-5.05,75,245,0,1,0,0
601.487,128.325,-3.051,-5.05,75,250,0,1,0,0
598.436,123.276,-3.051,-5.05,75,255,0,1,0,0
595.385,118.226,-3.051,-5.05,80,260,1,1,0,0
592.333,113.176,-3.051,-5.05,85,265,1,1,0,0
589.282,108.126,-3.051,-5.05,90,270,1,1,0,0
586.231,103.077,-3.051,-5.05,95,275,1,1,0,0
583.179,98.027,-3.051,-5.05,100,275,1,0,0,0
580.128,92.977,-3.051,-5.05,105,275,1,0,0,0
577.077,87.928,-3.051,-5.05,110,275,1,0,0,0
574.026,82.878,-3.051,-5.05,115,275,1,0,0,0
570.974,77.828,-3.051,-5.05,120,275,1,0,0,0
567.923,72.778,-3.051,-5.05,125,275,1,0,0,0
564.872,67.729,-3.051,-5.05,130,275,1,0,0,0
561.82,62.679,-3.051,-5.05,135,275,1,0,0,0
558.769,57.629,-3.051,-5.05,135,275,0,0,0,0
555.718,52.58,-3.051,-5.05,135,275,0,0,0,0
552.667,47.53,-3.051,-5.05,135,275,0,0,0,0
549.615,42.48,-3.051,-5.05,135,275,0,0,0,0
546.564,37.43,-3.051,-5.05,135,275,0,0,0,0
543.513,32.381,-3.051,-5.05,135,275,0,0,0,0
540.461,27.331,-3.051,-5.05,135,275,0,0,0,0
537.41,22.281,-3.051,-5.05,135,270,0,-1,0,0
534.359,17.232,-3.051,-5.05,135,265,0,-1,0,0
531.308,12.182,-3.051,-5.05,135,260,0,-1,0,0
528.256,7.132,-3.051,-5.05,135,255,0,-1,0,0
525.205,6.0,-3.051,5.05,135,250,0,-1,0,0
522.154,11.05,-3.051,5.05,135,245,0,-1,0,0
519.102,16.099,-3.051,5.05,135,240,0,-1,0,0
516.051,21.149,-3.051,5.05,135,235,0,-1,0,0
513.0,26.199,-3.051,5.05,135,230,0,-1,0,0
509.949,31.249,-3.051,5.05,135,230,0,0,0,0
506.897,36.298,-3.051,5.05,135,230,0,0,0,0
503.846,41.348,-3.051,5.05,135,230,0,0,0,0
500.795,46.398,-3.051,5.05,135,230,0,0,0,0
497.743,51.447,-3.051,5.05,135,230,0,0,0,0
494.692,56.497,-3.051,5.05,135,230,0,0,0,0
491.641,61.547,-3.051,5.05,135,230,0,0,0,0
488.59,66.597,-3.051,5.05,135,230,0,0,0,0
485.538,71.646,-3.051,5.05,135,230,0,0,0,0
482.487,76.696,-3.051,5.05,135,230,0,0,0,0
479.436,81.746,-3.051,5.05,135,230,0,0,0,0
476.384,86.796,-3.051,5.05,135,230,0,0,0,0
473.333,91.845,-3.051,5.05,135,230,0,0,0,0
470.282,96.895,-3.051,5.05,135,230,0,0,0,0
467.231,101.945,-3.051,5.05,135,230,0,0,0,0
464.179,106.994,-3.051,5.05,135,230,0,0,0,0
461.128,112.044,-3.051,5.05,135,230,0,0,0,0
458.077,117.094,-3.051,5.05,135,230,0,0,0,0
455.025,122.144,-3.051,5.05,140,230,1,0,0,0
451.974,127.193,-3.051,5.05,145,230,1,0,0,0
448.923,132.243,-3.051,5.05,150,230,1,0,0,0
445.872,137.293,-3.051,5.05,155,230,1,0,0,0
442.82,142.342,-3.051,5.05,160,230,1,0,0,0
439.769,147.392,-3.051,5.05,165,230,1,0,0,0
436.718,152.442,-3.051,5.05,170,230,1,0,0,0
433.666,157.492,-3.051,5.05,175,230,1,0,0,0
430.615,162.541,-3.051,5.05,180,230,1,0,0,0
427.564,167.591,-3.051,5.05,185,230,1,0,0,0
424.513,172.641,-3.051,5.05,190,225,1,-1,0,0
421.461,177.69,-3.051,5.05,195,220,1,-1,0,0
418.41,182.74,-3.051,5.05,200,215,1,-1,0,0
415.359,187.79,-3.051,5.05,205,210,1,-1,0,0
412.307,192.84,-3.051,5.05,210,205,1,-1,0,0
409.256,197.889,-3.051,5.05,215,200,1,-1,0,0
406.205,202.939,-3.051,5.05,220,195,1,-1,0,0
403.154,207.989,-3.051,5.05,225,190,1,-1,0,0
400.102,213.038,-3.051,5.05,230,185,1,-1,0,0
397.051,218.088,-3.051,5.05,235,180,1,-1,0,0
394.0,223.138,-3.051,5.05,240,175,1,-1,0,0
390.948,228.188,-3.051,5.05,245,170,1,-1,0,0
387.897,233.237,-3.051,5.05,250,165,1,-1,0,0
384.846,238.287,-3.051,5.05,255,160,1,-1,0,0
381.795,243.337,-3.051,5.05,260,155,1,-1,0,0
378.743,248.387,-3.051,5.05,265,155,1,0,0,0
375.692,253.436,-3.051,5.05,270,155,1,0,0,0
372.641,258.486,-3.051,5.05,275,155,1,0,0,0
369.589,263.536,-3.051,5.05,280,155,1,0,0,0
366.538,268.585,-3.051,5.05,285,155,1,0,0,0
363.487,273.635,-3.051,5.05,290,155,1,0,0,0
360.436,278.685,-3.051,5.05,295,155,1,0,0,0
357.384,283.735,-3.051,5.05,300,155,1,0,0,0
354.333,288.784,-3.051,5.05,305,155,1,0,0,0
351.282,293.834,-3.051,5.05,310,155,1,0,0,0
348.23,298.884,-3.051,5.05,315,155,1,0,0,0
345.179,303.933,-3.051,5.05,320,155,1,0,0,0
342.128,308.983,-3.051,5.05,325,155,1,0,0,0
339.077,314.033,-3.051,5.05,330,155,1,0,0,0
336.025,319.083,-3.051,5.05,335,155,1,0,0,0
332.974,324.132,-3.051,5.05,340,155,1,0,0,0
329.923,329.182,-3.051,5.05,345,155,1,0,0,0
326.872,334.232,-3.051,5.05,350,155,1,0,0,0
323.82,339.281,-3.051,5.05,355,155,1,0,0,0
320.769,344.331,-3.051,5.05,360,155,1,0,0,0
317.718,349.381,-3.051,5.05,365,155,1,0,0,0
314.666,354.431,-3.051,5.05,370,155,1,0,0,0
311.615,359.48,-3.051,5.05,375,155,1,0,0,0
308.564,364.53,-3.051,5.05,380,155,1,0,0,0
305.513,369.58,-3.051,5.05,385,155,1,0,0,0
302.461,374.63,-3.051,5.05,390,155,1,0,0,0
299.41,379.679,-3.051,5.05,395,155,1,0,0,0
296.359,384.729,-3.051,5.05,400,155,1,0,0,0
293.307,389.779,-3.051,5.05,405,155,1,0,0,0
290.256,394.828,-3.051,5.05,410,155,1,0,0,0
287.205,399.878,-3.051,5.05,415,155,1,0,0,0
284.154,404.928,-3.051,5.05,420,155,1,0,0,0
281.102,409.978,-3.051,5.05,420,155,0,0,0,0
278.051,415.027,-3.051,5.05,420,155,0,0,0,0
275.0,420.077,-3.051,5.05,420,155,0,0,0,0
271.948,425.127,-3.051,5.05,420,155,0,0,0,0
268.897,430.176,-3.051,5.05,420,155,0,0,0,0
265.846,435.226,-3.051,5.05,420,155,0,0,0,0
262.795,440.276,-3.051,5.05,420,155,0,0,0,0
259.743,445.326,-3.051,5.05,420,155,0,0,0,0
256.692,450.375,-3.051,5.05,420,155,0,0,0,0
253.641,455.425,-3.051,5.05,420,155,0,0,0,0
250.589,460.475,-3.051,5.05,420,155,0,0,0,0
247.538,465.524,-3.051,5.05,420,155,0,0,0,0
244.487,470.574,-3.051,5.05,420,155,0,0,0,0
241.436,475.624,-3.051,5.05,420,155,0,0,0,0
238.384,480.674,-3.051,5.05,420,155,0,0,0,0
235.333,485.723,-3.051,5.05,420,155,0,0,0,0
232.282,490.773,-3.051,5.05,425,155,1,0,0,0
229.23,495.823,-3.051,5.05,430,155,1,0,0,0
226.179,500.872,-3.051,5.05,435,155,1,0,0,0
223.128,505.922,-3.051,5.05,440,155,1,0,0,0
220.077,510.972,-3.051,5.05,445,155,1,0,0,0
217.025,516.022,-3.051,5.05,450,155,1,0,0,0
213.974,521.071,-3.051,5.05,455,155,1,0,0,0
210.923,526.121,-3.051,5.05,460,155,1,0,0,0
207.871,531.171,-3.051,5.05,465,155,1,0,0,0
204.82,536.221,-3.051,5.05,465,155,0,0,0,0
201.769,541.27,-3.051,5.05,465,155,0,0,0,0
198.718,546.32,-3.051,5.05,465,155,0,0,0,0
195.666,551.37,-3.051,5.05,465,155,0,0,0,0
192.615,556.419,-3.051,5.05,465,155,0,0,0,0
189.564,561.469,-3.051,5.05,465,155,0,0,0,0
186.512,566.519,-3.051,5.05,465,155,0,0,0,0
183.461,571.569,-3.051,5.05,465,155,0,0,0,0
180.41,576.618,-3.051,5.05,465,155,0,0,0,0
177.359,581.668,-3.051,5.05,465,155,0,0,0,0
174.307,586.718,-3.051,5.05,465,155,0,0,0,0
171.256,591.767,-3.051,5.05,460,155,-1,0,0,0
168.205,594.0,-3.051,-5.05,455,155,-1,0,0,0
165.153,588.95,-3.051,-5.05,450,155,-1,0,0,0
162.102,583.901,-3.051,-5.05,445,155,-1,0,0,0
159.051,578.851,-3.051,-5.05,440,155,-1,0,0,0
156.0,573.801,-3.051,-5.05,435,155,-1,0,0,0
152.948,568.751,-3.051,-5.05,430,155,-1,0,0,0
149.897,563.702,-3.051,-5.05,425,155,-1,0,0,0
146.846,558.652,-3.051,-5.05,420,155,-1,0,0,0
143.794,553.602,-3.051,-5.05,415,155,-1,0,0,0
140.743,548.553,-3.051,-5.05,410,155,-1,0,0,0
137.692,543.503,-3.051,-5.05,405,155,-1,0,0,0
134.641,538.453,-3.051,-5.05,400,155,-1,0,0,0
131.589,533.403,-3.051,-5.05,395,155,-1,0,0,0
128.538,528.354,-3.051,-5.05,395,155,0,0,0,0
125.487,523.304,-3.051,-5.05,395,155,0,0,0,0
122.435,518.254,-3.051,-5.05,395,155,0,0,0,0
119.384,513.204,-3.051,-5.05,395,155,0,0,0,0
116.333,508.155,-3.051,-5.05,395,155,0,0,0,0
113.282,503.105,-3.051,-5.05,395,155,0,0,0,0
110.23,498.055,-3.051,-5.05,395,155,0,0,0,0
107.179,493.006,-3.051,-5.05,395,155,0,0,0,0
104.128,487.956,-3.051,-5.05,395,155,0,0,0,0
101.076,482.906,-3.051,-5.05,395,155,0,0,0,0
98.025,477.856,-3.051,-5.05,395,155,0,0,0,0
94.974,472.807,-3.051,-5.05,395,155,0,0,0,0
91.923,467.757,-3.051,-5.05,395,155,0,0,0,0
88.871,462.707,-3.051,-5.05,395,155,0,0,0,0
85.82,457.658,-3.051,-5.05,395,155,0,0,0,0
82.769,452.608,-3.051,-5.05,395,155,0,0,0,0
79.717,447.558,-3.051,-5.05,395,155,0,0,0,0
76.666,442.508,-3.051,-5.05,395,155,0,0,0,0
73.615,437.459,-3.051,-5.05,395,155,0,0,0,0
70.564,432.409,-3.051,-5.05,395,155,0,0,0,0
67.512,427.359,-3.051,-5.05,395,155,0,0,0,0
64.461,422.31,-3.051,-5.05,395,155,0,0,0,0
61.41,417.26,-3.051,-5.05,395,155,0,0,0,0
58.359,412.21,-3.051,-5.05,395,155,0,0,0,0
55.307,407.16,-3.051,-5.05,395,155,0,0,0,0
52.256,402.111,-3.051,-5.05,390,155,-1,0,0,0
49.205,397.061,-3.051,-5.05,385,155,-1,0,0,0
49.0,392.011,4.609,-4.147,380,155,-1,0,0,0
53.609,387.864,4.609,-4.147,375,155,-1,0,0,0
58.217,383.717,4.609,-4.147,370,155,-1,0,0,0
62.826,379.569,4.609,-4.147,365,155,-1,0,0,0
67.435,375.422,4.609,-4.147,360,155,-1,0,0,0
72.044,371.275,4.609,-4.147,355,155,-1,0,0,0
76.652,367.128,4.609,-4.147,350,155,-1,0,0,0
81.261,362.98,4.609,-4.147,345,155,-1,0,0,0
85.87,358.833,4.609,-4.147,340,155,-1,0,0,0
90.478,354.686,4.609,-4.147,335,155,-1,0,0,0
95.087,350.539,4.609,-4.147,330,155,-1,0,0,0
99.696,346.391,4.609,-4.147,325,155,-1,0,0,0
104.305,342.244,4.609,-4.147,320,155,-1,0,0,0
108.913,338.097,4.609,-4.147,315,155,-1,0,0,0
113.522,333.95,4.609,-4.147,310,155,-1,0,0,0
118.131,329.802,4.609,-4.147,305,155,-1,0,0,0
122.739,325.655,4.609,-4.147,300,155,-1,0,0,0
127.348,321.508,4.609,-4.147,295,155,-1,0,0,0
131.957,317.361,4.609,-4.147,290,155,-1,0,0,0
136.566,313.213,4.609,-4.147,285,155,-1,0,0,0
141.174,309.066,4.609,-4.147,280,160,-1,1,0,0
145.783,304.919,4.609,-4.147,275,165,-1,1,0,0
150.392,300.772,4.609,-4.147,270,170,-1,1,0,0
155.0,296.624,4.609,-4.147,265,175,-1,1,0,0
159.609,292.477,4.609,-4.147,260,180,-1,1,0,0
164.218,288.33,4.609,-4.147,255,185,-1,1,0,0
168.827,284.183,4.609,-4.147,250,190,-1,1,0,0
173.435,280.035,4.609,-4.147,245,195,-1,1,0,0
178.044,275.888,4.609,-4.147,240,200,-1,1,0,0
182.653,271.741,4.609,-4.147,235,205,-1,1,0,0
187.262,267.594,4.609,-4.147,230,210,-1,1,0,0
191.87,263.446,4.609,-4.147,225,215,-1,1,0,0
196.479,259.299,4.609,-4.147,220,220,-1,1,0,0
201.088,255.152,4.609,-4.147,215,225,-1,1,0,0
205.696,251.005,4.609,-4.147,210,225,-1,0,0,0
210.305,246.857,4.609,-4.147,205,225,-1,0,0,0
214.914,242.71,4.609,-4.147,200,225,-1,0,0,0
219.523,238.563,4.609,-4.147,195,225,-1,0,0,0
224.131,234.416,4.609,-4.147,190,225,-1,0,0,0
228.74,230.268,4.609,-4.147,185,225,-1,0,0,0
233.349,226.121,4.609,-4.147,180,225,-1,0,0,0
237.957,221.974,4.609,-4.147,180,225,0,0,0,0
242.566,217.827,4.609,-4.147,180,225,0,0,0,0
247.175,213.679,4.609,-4.147,180,225,0,0,0,0
251.784,209.532,4.609,-4.147,180,220,0,-1,0,0
256.392,205.385,4.609,-4.147,180,215,0,-1,0,0
261.001,201.237,4.609,-4.147,180,210,0,-1,0,0
265.61,197.09,4.609,-4.147,180,205,0,-1,0,0
270.218,192.943,4.609,-4.147,180,200,0,-1,0,0
274.827,188.796,4.609,-4.147,180,195,0,-1,0,0
279.436,184.648,4.609,-4.147,180,190,0,-1,0,0
284.045,180.501,4.609,-4.147,180,185,0,-1,0,0
288.653,176.354,4.609,-4.147,180,180,0,-1,0,0
293.262,172.207,4.609,-4.147,180,175,0,-1,0,0
297.871,168.059,4.609,-4.147,180,170,0,-1,0,0
302.479,163.912,4.609,-4.147,180,165,0,-1,0,0
307.088,159.765,4.609,-4.147,180,160,0,-1,0,0
311.697,155.618,4.609,-4.147,180,155,0,-1,0,0
316.306,151.47,4.609,-4.147,180,150,0,-1,0,0
320.914,147.323,4.609,-4.147,180,145,0,-1,0,0
325.523,143.176,4.609,-4.147,180,140,0,-1,0,0
330.132,139.029,4.609,-4.147,180,135,0,-1,0,0
334.74,134.881,4.609,-4.147,180,130,0,-1,0,0
339.349,130.734,4.609,-4.147,180,125,0,-1,0,0
343.958,126.587,4.609,-4.147,180,120,0,-1,0,0
348.567,122.44,4.609,-4.147,180,115,0,-1,0,0
353.175,118.292,4.609,-4.147,180,110,0,-1,0,0
357.784,114.145,4.609,-4.147,180,105,0,-1,0,0
362.393,109.998,4.609,-4.147,180,100,0,-1,0,0
367.001,105.851,4.609,-4.147,180,95,0,-1,0,0
371.61,101.703,4.609,-4.147,180,90,0,-1,0,0
376.219,97.556,4.609,-4.147,180,85,0,-1,0,0
380.828,93.409,4.609,-4.147,180,80,0,-1,0,0
385.436,89.262,4.609,-4.147,180,75,0,-1,0,0
390.045,85.114,4.609,-4.147,180,70,0,-1,0,0
394.654,80.967,4.609,-4.147,180,65,0,-1,0,0
399.263,76.82,4.609,-4.147,180,60,0,-1,0,0
403.871,72.673,4.609,-4.147,180,55,0,-1,0,0
408.48,68.525,4.609,-4.147,180,50,0,-1,0,0
413.089,64.378,4.609,-4.147,180,45,0,-1,0,0
417.697,60.231,4.609,-4.147,180,40,0,-1,0,0
422.306,56.084,4.609,-4.147,180,35,0,-1,0,0
426.915,51.936,4.609,-4.147,180,30,0,-1,0,0
431.524,47.789,4.609,-4.147,180,25,0,-1,0,0
436.132,43.642,4.609,-4.147,180,20,0,-1,0,0
440.741,39.495,4.609,-4.147,180,15,0,-1,0,0
445.35,35.347,4.609,-4.147,180,10,0,-1,0,0
449.958,31.2,4.609,-4.147,180,5,0,-1,0,0
454.567,27.053,4.609,-4.147,180,5,0,0,0,0
459.176,22.906,4.609,-4.147,180,5,0,0,0,0
463.785,18.758,4.609,-4.147,180,5,0,0,0,0
468.393,14.611,4.609,-4.147,180,5,0,0,0,0
473.002,10.464,4.609,-4.147,180,5,0,0,0,0
477.611,6.316,4.609,-4.147,180,5,0,0,0,0
482.219,6.0,4.609,4.147,180,5,0,0,0,0
486.828,10.147,4.609,4.147,180,5,0,0,0,0
491.437,14.295,4.609,4.147,180,5,0,0,0,0
496.046,18.442,4.609,4.147,180,5,0,0,0,0
500.654,22.589,4.609,4.147,180,5,0,0,0,0
505.263,26.736,4.609,4.147,180,5,0,0,0,0
509.872,30.884,4.609,4.147,180,5,0,0,0,0
514.48,35.031,4.609,4.147,180,5,0,0,0,0
519.089,39.178,4.609,4.147,180,5,0,0,0,0
523.698,43.325,4.609,4.147,180,5,0,0,0,0
528.307,47.473,4.609,4.147,180,5,0,0,0,0
532.915,51.62,4.609,4.147,185,5,1,0,0,0
537.524,55.767,4.609,4.147,190,5,1,0,0,0
542.133,59.914,4.609,4.147,195,5,1,0,0,0
546.741,64.062,4.609,4.147,200,5,1,0,0,0
551.35,68.209,4.609,4.147,205,5,1,0,0,0
555.959,72.356,4.609,4.147,210,5,1,0,0,0
560.568,76.503,4.609,4.147,215,5,1,0,0,0
565.176,80.651,4.609,4.147,220,5,1,0,0,0
569.785,84.798,4.609,4.147,225,5,1,0,0,0
574.394,88.945,4.609,4.147,230,5,1,0,0,0
579.002,93.092,4.609,4.147,235,10,1,1,0,0
583.611,97.24,4.609,4.147,240,15,1,1,0,0
588.22,101.387,4.609,4.147,245,20,1,1,0,0
592.829,105.534,4.609,4.147,250,25,1,1,0,0
597.437,109.681,4.609,4.147,255,30,1,1,0,0
602.046,113.829,4.609,4.147,260,35,1,1,0,0
606.655,117.976,4.609,4.147,265,40,1,1,0,0
611.263,122.123,4.609,4.147,270,45,1,1,0,0
615.872,126.27,4.609,4.147,275,50,1,1,0,0
620.481,130.418,4.609,4.147,280,55,1,1,0,0
625.09,134.565,4.609,4.147,285,60,1,1,0,0
629.698,138.712,4.609,4.147,290,65,1,1,0,0
634.307,142.859,4.609,4.147,295,70,1,1,0,0
638.916,147.007,4.609,4.147,300,75,1,1,0,0
643.525,151.154,4.609,4.147,305,80,1,1,0,0
648.133,155.301,4.609,4.147,310,85,1,1,0,0
652.742,159.448,4.609,4.147,315,90,1,1,0,0
657.351,163.596,4.609,4.147,320,95,1,1,0,0
661.959,167.743,4.609,4.147,325,100,1,1,0,0
666.568,171.89,4.609,4.147,330,105,1,1,0,0
671.177,176.037,4.609,4.147,335,110,1,1,0,0
675.786,180.185,4.609,4.147,340,115,1,1,0,0
680.394,184.332,4.609,4.147,345,120,1,1,0,0
685.003,188.479,4.609,4.147,350,125,1,1,0,0
689.612,192.626,4.609,4.147,355,130,1,1,0,0
694.22,196.774,4.609,4.147,360,135,1,1,0,0
698.829,200.921,4.609,4.147,365,140,1,1,0,0
703.438,205.068,4.609,4.147,370,145,1,1,0,0
708.047,209.216,4.609,4.147,375,150,1,1,0,0
712.655,213.363,4.609,4.147,380,155,1,1,0,0
717.264,217.51,4.609,4.147,385,160,1,1,0,0
721.873,221.657,4.609,4.147,390,165,1,1,0,0
726.481,225.805,4.609,4.147,395,170,1,1,0,0
731.09,229.952,4.609,4.147,400,175,1,1,0,0
735.699,234.099,4.609,4.147,405,180,1,1,0,0
740.308,238.246,4.609,4.147,410,185,1,1,0,0
744.916,242.394,4.609,4.147,415,190,1,1,0,0
749.525,246.541,4.609,4.147,420,195,1,1,0,0
751.0,250.688,-6.247,1.795,425,200,1,1,0,0
744.753,252.483,-6.247,1.795,430,205,1,1,0,0
738.506,254.278,-6.247,1.795,435,210,1,1,0,0
732.258,256.073,-6.247,1.795,440,215,1,1,0,0
726.011,257.869,-6.247,1.795,445,220,1,1,0,0
719.764,259.664,-6.247,1.795,450,225,1,1,0,0
713.517,261.459,-6.247,1.795,455,230,1,1,0,0
707.27,263.254,-6.247,1.795,460,235,1,1,0,0
701.022,265.049,-6.247,1.795,465,240,1,1,0,0
694.775,266.844,-6.247,1.795,470,245,1,1,0,0
688.528,268.639,-6.247,1.795,475,250,1,1,0,0
682.281,270.435,-6.247,1.795,480,255,1,1,0,0
676.034,272.23,-6.247,1.795,480,260,0,1,0,0
669.786,274.025,-6.247,1.795,480,265,0,1,0,0
663.539,275.82,-6.247,1.795,480,270,0,1,0,0
657.292,277.615,-6.247,1.795,480,275,0,1,0,0
651.045,279.41,-6.247,1.795,480,275,0,0,0,0
644.798,281.205,-6.247,1.795,480,275,0,0,0,0
638.55,283.001,-6.247,1.795,480,275,0,0,0,0
632.303,284.796,-6.247,1.795,480,275,0,0,0,0
626.056,286.591,-6.247,1.795,475,275,-1,0,0,0
619.809,288.386,-6.247,1.795,470,275,-1,0,0,0
613.562,290.181,-6.247,1.795,465,275,-1,0,0,0
607.314,291.976,-6.247,1.795,460,275,-1,0,0,0
601.067,293.771,-6.247,1.795,455,275,-1,0,0,0
594.82,295.567,-6.247,1.795,450,275,-1,0,0,0
588.573,297.362,-6.247,1.795,445,275,-1,0,0,0
582.326,299.157,-6.247,1.795,440,275,-1,0,0,0
576.078,300.952,-6.247,1.795,435,275,-1,0,0,0
569.831,302.747,-6.247,1.795,430,275,-1,0,0,0
563.584,304.542,-6.247,1.795,425,275,-1,0,0,0
557.337,306.337,-6.247,1.795,420,275,-1,0,0,0
551.09,308.133,-6.247,1.795,415,280,-1,1,0,0
544.843,309.928,-6.247,1.795,410,285,-1,1,0,0
538.595,311.723,-6.247,1.795,405,290,-1,1,0,0
532.348,313.518,-6.247,1.795,400,295,-1,1,0,0
526.101,315.313,-6.247,1.795,395,300,-1,1,0,0
519.854,317.108,-6.247,1.795,390,305,-1,1,0,0
513.607,318.903,-6.247,1.795,385,310,-1,1,0,0
507.359,320.699,-6.247,1.795,380,315,-1,1,0,0
501.112,322.494,-6.247,1.795,375,320,-1,1,0,0
494.865,324.289,-6.247,1.795,370,320,-1,0,0,0
488.618,326.084,-6.247,1.795,365,320,-1,0,0,0
482.371,327.879,-6.247,1.795,360,320,-1,0,0,0
476.123,329.674,-6.247,1.795,355,320,-1,0,0,0
469.876,331.469,-6.247,1.795,350,320,-1,0,0,0
463.629,333.265,-6.247,1.795,345,320,-1,0,0,0
457.382,335.06,-6.247,1.795,345,320,0,0,0,0
451.135,336.855,-6.247,1.795,345,320,0,0,0,0
444.887,338.65,-6.247,1.795,345,320,0,0,0,0
438.64,340.445,-6.247,1.795,345,320,0,0,0,0
432.393,342.24,-6.247,1.795,345,320,0,0,0,0
426.146,344.035,-6.247,1.795,345,320,0,0,0,0
419.899,345.831,-6.247,1.795,345,320,0,0,0,0
413.651,347.626,-6.247,1.795,345,320,0,0,0,0
407.404,349.421,-6.247,1.795,345,320,0,0,0,0
401.157,351.216,-6.247,1.795,345,320,0,0,0,0
394.91,353.011,-6.247,1.795,345,320,0,0,0,0
388.663,354.806,-6.247,1.795,345,320,0,0,0,0
382.415,356.601,-6.247,1.795,345,320,0,0,0,0
376.168,358.397,-6.247,1.795,345,320,0,0,0,0
369.921,360.192,-6.247,1.795,345,320,0,0,0,0
363.674,361.987,-6.247,1.795,345,320,0,0,0,0
357.427,363.782,-6.247,1.795,345,320,0,0,0,0
351.179,365.577,-6.247,1.795,345,320,0,0,0,0
344.932,367.372,-6.247,1.795,345,320,0,0,0,0
338.685,369.167,-6.247,1.795,345,320,0,0,0,0
332.438,370.963,-6.247,1.795,345,320,0,0,0,0
326.191,372.758,-6.247,1.795,345,320,0,0,0,0
319.943,374.553,-6.247,1.795,340,320,-1,0,0,0
313.696,376.348,-6.247,1.795,335,320,-1,0,0,0
307.449,378.143,-6.247,1.795,330,320,-1,0,0,0
301.202,379.938,-6.247,1.795,325,320,-1,0,0,0
294.955,381.733,-6.247,1.795,320,320,-1,0,0,0
288.707,383.529,-6.247,1.795,320,320,0,0,0,0
282.46,385.324,-6.247,1.795,320,320,0,0,0,0
276.213,387.119,-6.247,1.795,320,320,0,0,0,0
269.966,388.914,-6.247,1.795,320,320,0,0,0,0
263.719,390.709,-6.247,1.795,320,320,0,0,0,0
257.471,392.504,-6.247,1.795,320,320,0,0,0,0
251.224,394.299,-6.247,1.795,320,320,0,0,0,0
244.977,396.095,-6.247,1.795,320,320,0,0,0,0
238.73,397.89,-6.247,1.795,320,320,0,0,0,0
232.483,399.685,-6.247,1.795,325,320,1,0,0,0
226.235,401.48,-6.247,1.795,330,320,1,0,0,0
219.988,403.275,-6.247,1.795,335,320,1,0,0,0
213.741,405.07,-6.247,1.795,340,320,1,0,0,0
207.494,406.865,-6.247,1.795,345,320,1,0,0,0
201.247,408.661,-6.247,1.795,350,320,1,0,0,0
195.0,410.456,-6.247,1.795,355,320,1,0,0,0
188.752,412.251,-6.247,1.795,360,320,1,0,0,0
182.505,414.046,-6.247,1.795,365,320,1,0,0,0
176.258,415.841,-6.247,1.795,370,320,1,0,0,0
170.011,417.636,-6.247,1.795,375,320,1,0,0,0
163.764,419.431,-6.247,1.795,380,320,1,0,0,0
157.516,421.227,-6.247,1.795,385,320,1,0,0,0
151.269,423.022,-6.247,1.795,390,320,1,0,0,0
145.022,424.817,-6.247,1.795,395,320,1,0,0,0
138.775,426.612,-6.247,1.795,400,320,1,0,0,0
132.528,428.407,-6.247,1.795,405,320,1,0,0,0
126.28,430.202,-6.247,1.795,410,320,1,0,0,0
120.033,431.997,-6.247,1.795,415,320,1,0,0,0
113.786,433.793,-6.247,1.795,420,320,1,0,0,0
107.539,435.588,-6.247,1.795,420,320,0,0,0,0
101.292,437.383,-6.247,1.795,420,320,0,0,0,0
95.044,439.178,-6.247,1.795,420,320,0,0,0,0
88.797,440.973,-6.247,1.795,420,320,0,0,0,0
82.55,442.768,-6.247,1.795,420,320,0,0,0,0
76.303,444.563,-6.247,1.795,420,320,0,0,0,0
70.056,446.359,-6.247,1.795,420,320,0,0,0,0
63.808,448.154,-6.247,1.795,420,320,0,0,0,0
57.561,449.949,-6.247,1.795,415,320,-1,0,0,0
51.314,451.744,-6.247,1.795,410,320,-1,0,0,0
49.0,453.539,6.631,1.508,405,320,-1,0,0,0
55.631,455.047,6.631,1.508,400,320,-1,0,0,0
62.262,456.554,6.631,1.508,395,320,-1,0,0,0
68.892,458.062,6.631,1.508,390,320,-1,0,0,0
75.523,459.569,6.631,1.508,390,320,0,0,0,0
82.154,461.077,6.631,1.508,390,320,0,0,0,0
88.785,462.584,6.631,1.508,390,320,0,0,0,0
95.416,464.092,6.631,1.508,390,320,0,0,0,0
102.046,465.599,6.631,1.508,390,320,0,0,0,0
108.677,467.107,6.631,1.508,390,320,0,0,0,0
115.308,468.614,6.631,1.508,390,320,0,0,0,0
121.939,470.122,6.631,1.508,390,320,0,0,0,0
128.569,471.63,6.631,1.508,390,320,0,0,0,0
135.2,473.137,6.631,1.508,390,320,0,0,0,0
141.831,474.645,6.631,1.508,390,320,0,0,0,0
148.462,476.152,6.631,1.508,390,320,0,0,0,0
155.093,477.66,6.631,1.508,390,320,0,0,0,0
161.723,479.167,6.631,1.508,390,320,0,0,0,0
168.354,480.675,6.631,1.508,390,320,0,0,0,0
174.985,482.182,6.631,1.508,390,320,0,0,0,0
181.616,483.69,6.631,1.508,390,320,0,0,0,0
188.247,485.197,6.631,1.508,390,320,0,0,0,0
194.877,486.705,6.631,1.508,390,320,0,0,0,0
201.508,488.212,6.631,1.508,390,320,0,0,0,0
208.139,489.72,6.631,1.508,390,320,0,0,0,0
214.77,491.228,6.631,1.508,390,320,0,0,0,0
221.4,492.735,6.631,1.508,390,320,0,0,0,0
228.031,494.243,6.631,1.508,390,320,0,0,0,0
234.662,495.75,6.631,1.508,390,320,0,0,0,0
241.293,497.258,6.631,1.508,390,320,0,0,0,0
247.924,498.765,6.631,1.508,390,320,0,0,0,0
254.554,500.273,6.631,1.508,390,320,0,0,0,0
261.185,501.78,6.631,1.508,390,320,0,0,0,0
267.816,503.288,6.631,1.508,395,320,1,0,0,0
274.447,504.795,6.631,1.508,400,320,1,0,0,0
281.078,506.303,6.631,1.508,405,325,1,1,0,0
287.708,507.81,6.631,1.508,410,330,1,1,0,0
294.339,509.318,6.631,1.508,415,335,1,1,0,0
300.97,510.825,6.631,1.508,420,340,1,1,0,0
307.601,512.333,6.631,1.508,425,345,1,1,0,0
314.231,513.841,6.631,1.508,430,350,1,1,0,0
320.862,515.348,6.631,1.508,435,355,1,1,0,0
327.493,516.856,6.631,1.508,440,360,1,1,0,0
334.124,518.363,6.631,1.508,445,365,1,1,0,0
340.755,519.871,6.631,1.508,450,370,1,1,0,0
347.385,521.378,6.631,1.508,455,375,1,1,0,0
354.016,522.886,6.631,1.508,460,380,1,1,0,0
360.647,524.393,6.631,1.508,465,385,1,1,0,0
367.278,525.901,6.631,1.508,470,390,1,1,0,0
373.909,527.408,6.631,1.508,475,395,1,1,0,0
380.539,528.916,6.631,1.508,480,400,1,1,0,0
387.17,530.423,6.631,1.508,485,405,1,1,0,0
393.801,531.931,6.631,1.508,490,410,1,1,0,0
400.432,533.438,6.631,1.508,495,415,1,1,0,0
407.063,534.946,6.631,1.508,500,420,1,1,0,0
413.693,536.454,6.631,1.508,505,425,1,1,0,0
420.324,537.961,6.631,1.508,510,430,1,1,0,0
426.955,539.469,6.631,1.508,515,435,1,1,0,0
433.586,540.976,6.631,1.508,520,440,1,1,0,0
440.216,542.484,6.631,1.508,520,445,1,1,0,0
446.847,543.991,6.631,1.508,520,450,1,1,0,0
453.478,545.499,6.631,1.508,520,455,1,1,0,0
460.109,547.006,6.631,1.508,520,455,1,0,0,0
466.74,548.514,6.631,1.508,520,455,1,0,0,0
473.37,550.021,6.631,1.508,520,455,1,0,0,0
480.001,551.529,6.631,1.508,520,455,1,0,0,0
486.632,553.036,6.631,1.508,520,455,1,0,0,0
493.263,554.544,6.631,1.508,520,455,1,0,0,0
499.894,556.052,6.631,1.508,520,455,0,0,0,0
506.524,557.559,6.631,1.508,520,455,0,0,0,0
513.155,559.067,6.631,1.508,520,455,0,0,0,0
519.786,560.574,6.631,1.508,520,455,0,0,0,0
526.417,562.082,6.631,1.508,520,455,0,0,0,0
533.047,563.589,6.631,1.508,520,455,0,0,0,0
539.678,565.097,6.631,1.508,520,455,0,0,0,0
546.309,566.604,6.631,1.508,520,455,0,0,0,0
552.94,568.112,6.631,1.508,520,455,0,0,0,0
559.571,569.619,6.631,1.508,520,455,0,0,0,0
566.201,571.127,6.631,1.508,520,455,0,0,0,0
572.832,572.634,6.631,1.508,520,455,0,0,0,0
579.463,574.142,6.631,1.508,520,455,0,0,0,0
586.094,575.649,6.631,1.508,520,455,0,0,0,0
592.725,577.157,6.631,1.508,520,455,0,0,0,0
599.355,578.665,6.631,1.508,520,455,0,0,0,0
605.986,580.172,6.631,1.508,520,455,0,0,0,0
612.617,581.68,6.631,1.508,520,455,0,0,0,0
619.248,583.187,6.631,1.508,520,455,0,0,0,0
625.878,584.695,6.631,1.508,520,455,0,0,0,0
632.509,586.202,6.631,1.508,520,455,0,0,0,0
639.14,587.71,6.631,1.508,520,455,0,0,0,0
645.771,589.217,6.631,1.508,520,455,0,0,0,0
652.402,590.725,6.631,1.508,520,460,0,1,0,0
659.032,592.232,6.631,1.508,520,465,0,1,0,0
665.663,593.74,6.631,1.508,520,470,0,1,0,0
672.294,594.0,6.631,-1.508,520,475,0,1,0,0
678.925,592.492,6.631,-1.508,520,480,0,1,0,0
685.556,590.985,6.631,-1.508,520,485,0,1,0,0
692.186,589.477,6.631,-1.508,520,490,0,1,0,0
698.817,587.97,6.631,-1.508,520,495,0,1,0,0
705.448,586.462,6.631,-1.508,520,500,0,1,0,0
712.079,584.955,6.631,-1.508,520,505,0,1,0,0
718.709,583.447,6.631,-1.508,520,510,0,1,0,0
725.34,581.94,6.631,-1.508,520,515,0,1,0,0
731.971,580.432,6.631,-1.508,520,520,0,1,0,0
738.602,578.925,6.631,-1.508,520,520,0,1,0,0
745.233,577.417,6.631,-1.508,520,520,0,1,0,0
751.863,575.91,6.631,-1.508,520,520,0,1,0,0
751.0,574.402,-6.601,2.614,520,520,0,1,0,0
744.399,577.016,-6.601,2.614,520,520,0,1,0,0
737.797,579.63,-6.601,2.614,520,520,0,1,0,0
731.196,582.244,-6.601,2.614,520,520,0,1,0,0
724.595,584.858,-6.601,2.614,520,520,0,1,0,0
717.994,587.472,-6.601,2.614,520,520,0,0,0,0
711.392,590.086,-6.601,2.614,520,520,0,0,0,0
704.791,592.7,-6.601,2.614,520,520,0,0,0,0
698.19,594.0,-6.601,-2.614,520,515,0,-1,0,0
691.589,591.386,-6.601,-2.614,520,510,0,-1,0,0
684.987,588.772,-6.601,-2.614,520,505,0,-1,0,0
678.386,586.158,-6.601,-2.614,520,500,0,-1,0,0
671.785,583.544,-6.601,-2.614,520,495,0,-1,0,0
665.183,580.93,-6.601,-2.614,520,490,0,-1,0,0
658.582,578.316,-6.601,-2.614,520,485,0,-1,0,0
651.981,575.702,-6.601,-2.614,520,480,0,-1,0,0
645.38,573.088,-6.601,-2.614,515,475,-1,-1,0,0
638.778,570.474,-6.601,-2.614,510,470,-1,-1,0,0
632.177,567.86,-6.601,-2.614,505,470,-1,0,0,0
625.576,565.246,-6.601,-2.614,500,470,-1,0,0,0
618.975,562.632,-6.601,-2.614,495,470,-1,0,0,0
612.373,560.018,-6.601,-2.614,490,470,-1,0,0,0
605.772,557.403,-6.601,-2.614,485,470,-1,0,0,0
599.171,554.789,-6.601,-2.614,480,470,-1,0,0,0
592.569,552.175,-6.601,-2.614,475,470,-1,0,0,0
585.968,549.561,-6.601,-2.614,470,470,-1,0,0,0
579.367,546.947,-6.601,-2.614,470,470,0,0,0,0
572.766,544.333,-6.601,-2.614,470,470,0,0,0,0
566.164,541.719,-6.601,-2.614,470,470,0,0,0,0
559.563,539.105,-6.601,-2.614,470,470,0,0,0,0
552.962,536.491,-6.601,-2.614,470,470,0,0,0,0
546.361,533.877,-6.601,-2.614,470,470,0,0,0,0
539.759,531.263,-6.601,-2.614,470,470,0,0,0,0
533.158,528.649,-6.601,-2.614,465,470,-1,0,0,0
526.557,526.035,-6.601,-2.614,460,470,-1,0,0,0
519.955,523.421,-6.601,-2.614,455,470,-1,0,0,0
513.354,520.807,-6.601,-2.614,450,470,-1,0,0,0
506.753,518.193,-6.601,-2.614,445,470,-1,0,0,0
500.152,515.579,-6.601,-2.614,440,470,-1,0,0,0
493.55,512.965,-6.601,-2.614,435,470,-1,0,0,0
486.949,510.351,-6.601,-2.614,430,470,-1,0,0,0
480.348,507.737,-6.601,-2.614,425,470,-1,0,0,0
473.747,505.123,-6.601,-2.614,420,470,-1,0,0,0
467.145,502.509,-6.601,-2.614,415,470,-1,0,0,0
460.544,499.895,-6.601,-2.614,410,470,-1,0,0,0
453.943,497.281,-6.601,-2.614,405,470,-1,0,0,0
447.341,494.667,-6.601,-2.614,405,470,0,0,0,0
440.74,492.053,-6.601,-2.614,405,470,0,0,0,0
434.139,489.439,-6.601,-2.614,405,470,0,0,0,0
427.538,486.824,-6.601,-2.614,405,470,0,0,0,0
420.936,484.21,-6.601,-2.614,405,470,0,0,0,0
414.335,481.596,-6.601,-2.614,405,470,0,0,0,0
407.734,478.982,-6.601,-2.614,405,470,0,0,0,0
401.133,476.368,-6.601,-2.614,405,470,0,0,0,0
394.531,473.754,-6.601,-2.614,405,470,0,0,0,0
387.93,471.14,-6.601,-2.614,400,470,-1,0,0,0
381.329,468.526,-6.601,-2.614,395,470,-1,0,0,0
374.727,465.912,-6.601,-2.614,390,470,-1,0,0,0
368.126,463.298,-6.601,-2.614,385,470,-1,0,0,0
361.525,460.684,-6.601,-2.614,380,470,-1,0,0,0
354.924,458.07,-6.601,-2.614,375,470,-1,0,0,0
348.322,455.456,-6.601,-2.614,370,470,-1,0,0,0
341.721,452.842,-6.601,-2.614,365,470,-1,0,0,0
335.12,450.228,-6.601,-2.614,360,470,-1,0,0,0
328.519,447.614,-6.601,-2.614,355,470,-1,0,0,0
321.917,445.0,-6.601,-2.614,350,470,-1,0,0,0
315.316,442.386,-6.601,-2.614,345,470,-1,0,0,0
308.715,439.772,-6.601,-2.614,340,470,-1,0,0,0
302.113,437.158,-6.601,-2.614,340,470,0,0,0,0
295.512,434.544,-6.601,-2.614,340,470,0,0,0,0
288.911,431.93,-6.601,-2.614,340,470,0,0,0,0
282.31,429.316,-6.601,-2.614,340,470,0,0,0,0
275.708,426.702,-6.601,-2.614,340,470,0,0,0,0
269.107,424.088,-6.601,-2.614,340,470,0,0,0,0
262.506,421.474,-6.601,-2.614,340,470,0,0,0,0
255.904,418.86,-6.601,-2.614,340,470,0,0,0,0
249.303,416.245,-6.601,-2.614,340,470,0,0,0,0
242.702,413.631,-6.601,-2.614,340,470,0,0,0,0
236.101,411.017,-6.601,-2.614,340,470,0,0,0,0
229.499,408.403,-6.601,-2.614,340,470,0,0,0,0
222.898,405.789,-6.601,-2.614,340,470,0,0,0,0
216.297,403.175,-6.601,-2.614,340,470,0,0,0,0
209.696,400.561,-6.601,-2.614,340,470,0,0,0,0
203.094,397.947,-6.601,-2.614,340,470,0,0,0,0
196.493,395.333,-6.601,-2.614,340,470,0,0,0,0
189.892,392.719,-6.601,-2.614,335,470,-1,0,0,0
183.29,390.105,-6.601,-2.614,330,470,-1,0,0,0
176.689,387.491,-6.601,-2.614,325,470,-1,0,0,0
170.088,384.877,-6.601,-2.614,320,470,-1,0,0,0
163.487,382.263,-6.601,-2.614,315,470,-1,0,0,0
156.885,379.649,-6.601,-2.614,310,470,-1,0,0,0
150.284,377.035,-6.601,-2.614,305,470,-1,0,0,0
143.683,374.421,-6.601,-2.614,305,470,0,0,0,0
137.082,371.807,-6.601,-2.614,305,470,0,0,0,0
130.48,369.193,-6.601,-2.614,305,470,0,0,0,0
123.879,366.579,-6.601,-2.614,305,470,0,0,0,0
117.278,363.965,-6.601,-2.614,305,470,0,0,0,0
110.676,361.351,-6.601,-2.614,305,470,0,0,0,0
104.075,358.737,-6.601,-2.614,305,470,0,0,0,0
97.474,356.123,-6.601,-2.614,305,470,0,0,0,0
90.873,353.509,-6.601,-2.614,305,470,0,0,0,0
84.271,350.895,-6.601,-2.614,305,470,0,0,0,0
77.67,348.281,-6.601,-2.614,305,470,0,0,0,0
71.069,345.666,-6.601,-2.614,305,470,0,0,0,0
64.468,343.052,-6.601,-2.614,300,470,-1,0,0,0
57.866,340.438,-6.601,-2.614,295,470,-1,0,0,0
51.265,337.824,-6.601,-2.614,290,470,-1,0,0,0
49.0,335.21,7.137,1.955,285,470,-1,0,0,0
56.137,337.165,7.137,1.955,280,470,-1,0,0,0
63.274,339.12,7.137,1.955,275,470,-1,0,0,0
70.412,341.074,7.137,1.955,270,470,-1,0,0,0
77.549,343.029,7.137,1.955,265,470,-1,0,0,0
84.686,344.983,7.137,1.955,260,470,-1,0,0,0
91.823,346.938,7.137,1.955,255,470,-1,0,0,0
98.96,348.892,7.137,1.955,250,470,-1,0,0,0
106.098,350.847,7.137,1.955,250,470,0,0,0,0
113.235,352.802,7.137,1.955,250,470,0,0,0,0
120.372,354.756,7.137,1.955,250,470,0,0,0,0
127.509,356.711,7.137,1.955,250,470,0,0,0,0
134.646,358.665,7.137,1.955,250,470,0,0,0,0
141.784,360.62,7.137,1.955,250,470,0,0,0,0
148.921,362.575,7.137,1.955,250,470,0,0,0,0
156.058,364.529,7.137,1.955,250,470,0,0,0,0
163.195,366.484,7.137,1.955,250,470,0,0,0,0
170.332,368.438,7.137,1.955,250,470,0,0,0,0
177.47,370.393,7.137,1.955,250,470,0,0,0,0
184.607,372.348,7.137,1.955,250,470,0,0,0,0
191.744,374.302,7.137,1.955,250,470,0,0,0,0
198.881,376.257,7.137,1.955,250,470,0,0,0,0
206.018,378.211,7.137,1.955,250,470,0,0,0,0
213.156,380.166,7.137,1.955,250,470,0,0,0,0
220.293,382.12,7.137,1.955,250,470,0,0,0,0
227.43,384.075,7.137,1.955,250,470,0,0,0,0
234.567,386.03,7.137,1.955,250,470,0,0,0,0
241.704,387.984,7.137,1.955,250,470,0,0,0,0
248.842,389.939,7.137,1.955,250,470,0,0,0,0
255.979,391.893,7.137,1.955,255,470,1,0,0,0
263.116,393.848,7.137,1.955,260,470,1,0,0,0
270.253,395.803,7.137,1.955,265,470,1,0,0,0
277.39,397.757,7.137,1.955,270,470,1,0,0,0
284.527,399.712,7.137,1.955,275,470,1,0,0,0
291.665,401.666,7.137,1.955,280,470,1,0,0,0
298.802,403.621,7.137,1.955,285,470,1,0,0,0
305.939,405.576,7.137,1.955,290,470,1,0,0,0
313.076,407.53,7.137,1.955,295,470,1,0,0,0
320.213,409.485,7.137,1.955,300,470,1,0,0,0
327.351,411.439,7.137,1.955,305,470,1,0,0,0
334.488,413.394,7.137,1.955,310,470,1,0,0,0
341.625,415.348,7.137,1.955,315,470,1,0,0,0
348.762,417.303,7.137,1.955,320,470,1,0,0,0
355.899,419.258,7.137,1.955,325,470,1,0,0,0
363.037,421.212,7.137,1.955,330,470,1,0,0,0
370.174,423.167,7.137,1.955,335,470,1,0,0,0
377.311,425.121,7.137,1.955,340,470,1,0,0,0
384.448,427.076,7.137,1.955,345,470,1,0,0,0
391.585,429.031,7.137,1.955,350,470,1,0,0,0
398.723,430.985,7.137,1.955,355,470,1,0,0,0
405.86,432.94,7.137,1.955,360,470,1,0,0,0
412.997,434.894,7.137,1.955,365,470,1,0,0,0
420.134,436.849,7.137,1.955,370,470,1,0,0,0
427.271,438.804,7.137,1.955,375,470,1,0,0,0
434.409,440.758,7.137,1.955,380,470,1,0,0,0
441.546,442.713,7.137,1.955,385,470,1,0,0,0
448.683,444.667,7.137,1.955,390,470,1,0,0,0
455.82,446.622,7.137,1.955,395,475,1,1,0,0
462.957,448.577,7.137,1.955,400,480,1,1,0,0
470.095,450.531,7.137,1.955,405,485,1,1,0,0
477.232,452.486,7.137,1.955,410,490,1,1,0,0
484.369,454.44,7.137,1.955,415,495,1,1,0,0
491.506,456.395,7.137,1.955,420,500,1,1,0,0
498.643,458.349,7.137,1.955,425,505,1,1,0,0
505.781,460.304,7.137,1.955,430,510,1,1,0,0
512.918,462.259,7.137,1.955,430,515,0,1,0,0
520.055,464.213,7.137,1.955,430,520,0,1,0,0
527.192,466.168,7.137,1.955,430,520,0,0,0,0
534.329,468.122,7.137,1.955,430,520,0,0,0,0
541.467,470.077,7.137,1.955,430,520,0,0,0,0
548.604,472.032,7.137,1.955,430,520,0,0,0,0
555.741,473.986,7.137,1.955,430,520,0,0,0,0
562.878,475.941,7.137,1.955,430,520,0,0,0,0
570.015,477.895,7.137,1.955,430,520,0,0,0,0
577.153,479.85,7.137,1.955,430,520,0,0,0,0
584.29,481.805,7.137,1.955,430,520,0,0,0,0
591.427,483.759,7.137,1.955,430,520,0,0,0,0
598.564,485.714,7.137,1.955,430,520,0,0,0,0
605.701,487.668,7.137,1.955,430,520,0,0,0,0
612.839,489.623,7.137,1.955,430,520,0,0,0,0
619.976,491.577,7.137,1.955,430,520,0,0,0,0
627.113,493.532,7.137,1.955,430,520,0,0,0,0
634.25,495.487,7.137,1.955,430,520,0,0,0,0
641.387,497.441,7.137,1.955,430,520,0,0,0,0
648.525,499.396,7.137,1.955,430,520,0,0,0,0
655.662,501.35,7.137,1.955,430,520,0,0,0,0
662.799,503.305,7.137,1.955,430,520,0,0,0,0
669.936,505.26,7.137,1.955,430,520,0,0,0,0
677.073,507.214,7.137,1.955,430,520,0,0,0,0
684.211,509.169,7.137,1.955,430,520,0,0,0,0
691.348,511.123,7.137,1.955,430,520,0,0,0,0
698.485,513.078,7.137,1.955,430,520,0,0,0,0
705.622,515.033,7.137,1.955,430,520,0,0,0,0
712.759,516.987,7.137,1.955,430,520,0,0,0,0
719.897,518.942,7.137,1.955,430,520,0,0,0,0
727.034,520.896,7.137,1.955,430,520,0,0,0,0
734.171,522.851,7.137,1.955,430,520,0,0,0,0
741.308,524.805,7.137,1.955,430,520,0,0,0,0
748.445,526.76,7.137,1.955,430,520,0,0,0,0
751.0,528.715,-5.258,-5.625,430,520,0,0,0,0
745.742,523.09,-5.258,-5.625,430,520,0,0,0,0
740.483,517.465,-5.258,-5.625,430,520,0,0,0,0
735.225,511.84,-5.258,-5.625,430,520,0,0,0,0
729.966,506.215,-5.258,-5.625,430,520,0,0,0,0
724.708,500.591,-5.258,-5.625,430,520,0,0,0,0
719.449,494.966,-5.258,-5.625,430,520,0,0,0,0
714.191,489.341,-5.258,-5.625,430,520,0,0,0,0
708.932,483.716,-5.258,-5.625,430,520,0,0,0,0
703.674,478.091,-5.258,-5.625,430,520,0,0,0,0
698.415,472.466,-5.258,-5.625,430,520,0,0,0,0
693.157,466.842,-5.258,-5.625,430,520,0,0,0,0
687.898,461.217,-5.258,-5.625,430,520,0,0,0,0
682.64,455.592,-5.258,-5.625,430,520,0,0,0,0
677.382,449.967,-5.258,-5.625,430,520,0,0,0,0
672.123,444.342,-5.258,-5.625,430,520,0,0,0,0
666.865,438.718,-5.258,-5.625,430,520,0,0,0,0
661.606,433.093,-5.258,-5.625,430,520,0,0,0,0
656.348,427.468,-5.258,-5.625,430,520,0,0,0,0
651.089,421.843,-5.258,-5.625,430,520,0,0,0,0
645.831,416.218,-5.258,-5.625,430,520,0,0,0,0
640.572,410.593,-5.258,-5.625,430,520,0,0,0,0
635.314,404.969,-5.258,-5.625,430,520,0,0,0,0
630.055,399.344,-5.258,-5.625,430,520,0,0,0,0
624.797,393.719,-5.258,-5.625,430,520,0,0,0,0
619.538,388.094,-5.258,-5.625,430,520,0,0,0,0
614.28,382.469,-5.258,-5.625,425,515,-1,-1,0,0
609.022,376.845,-5.258,-5.625,420,510,-1,-1,0,0
603.763,371.22,-5.258,-5.625,415,505,-1,-1,0,0
598.505,365.595,-5.258,-5.625,410,500,-1,-1,0,0
593.246,359.97,-5.258,-5.625,405,495,-1,-1,0,0
587.988,354.345,-5.258,-5.625,400,490,-1,-1,0,0
582.729,348.72,-5.258,-5.625,395,485,-1,-1,0,0
577.471,343.096,-5.258,-5.625,390,480,-1,-1,0,0
572.212,337.471,-5.258,-5.625,385,475,-1,-1,0,0
566.954,331.846,-5.258,-5.625,380,470,-1,-1,0,0
561.695,326.221,-5.258,-5.625,375,465,-1,-1,0,0
556.437,320.596,-5.258,-5.625,370,460,-1,-1,0,0
551.178,314.972,-5.258,-5.625,365,455,-1,-1,0,0
545.92,309.347,-5.258,-5.625,360,450,-1,-1,0,0
540.662,303.722,-5.258,-5.625,355,445,-1,-1,0,0
535.403,298.097,-5.258,-5.625,350,440,-1,-1,0,0
530.145,292.472,-5.258,-5.625,345,435,-1,-1,0,0
524.886,286.847,-5.258,-5.625,340,430,-1,-1,0,0
519.628,281.223,-5.258,-5.625,335,425,-1,-1,0,0
514.369,275.598,-5.258,-5.625,330,420,-1,-1,0,0
509.111,269.973,-5.258,-5.625,325,415,-1,-1,0,0
503.852,264.348,-5.258,-5.625,320,410,-1,-1,0,0
498.594,258.723,-5.258,-5.625,315,405,-1,-1,0,0
493.335,253.099,-5.258,-5.625,310,400,-1,-1,0,0
488.077,247.474,-5.258,-5.625,305,395,-1,-1,0,0
482.818,241.849,-5.258,-5.625,300,390,-1,-1,0,0
477.56,236.224,-5.258,-5.625,295,385,-1,-1,0,0
472.302,230.599,-5.258,-5.625,290,380,-1,-1,0,0
467.043,224.974,-5.258,-5.625,285,375,-1,-1,0,0
461.785,219.35,-5.258,-5.625,280,370,-1,-1,0,0
456.526,213.725,-5.258,-5.625,275,365,-1,-1,0,0
451.268,208.1,-5.258,-5.625,270,360,-1,-1,0,0
446.009,202.475,-5.258,-5.625,265,355,-1,-1,0,0
440.751,196.85,-5.258,-5.625,260,350,-1,-1,0,0
435.492,191.226,-5.258,-5.625,255,345,-1,-1,0,0
430.234,185.601,-5.258,-5.625,250,340,-1,-1,0,0
424.975,179.976,-5.258,-5.625,245,335,-1,-1,0,0
419.717,174.351,-5.258,-5.625,240,330,-1,-1,0,0
414.459,168.726,-5.258,-5.625,235,325,-1,-1,0,0
409.2,163.101,-5.258,-5.625,230,320,-1,-1,0,0
403.942,157.477,-5.258,-5.625,225,315,-1,-1,0,0
398.683,151.852,-5.258,-5.625,220,310,-1,-1,0,0
393.425,146.227,-5.258,-5.625,215,305,-1,-1,0,0
388.166,140.602,-5.258,-5.625,210,300,-1,-1,0,0
382.908,134.977,-5.258,-5.625,205,295,-1,-1,0,0
377.649,129.353,-5.258,-5.625,200,290,-1,-1,0,0
372.391,123.728,-5.258,-5.625,195,285,-1,-1,0,0
367.132,118.103,-5.258,-5.625,190,280,-1,-1,0,0
361.874,112.478,-5.258,-5.625,185,275,-1,-1,0,0
356.615,106.853,-5.258,-5.625,180,270,-1,-1,0,0
351.357,101.228,-5.258,-5.625,175,265,-1,-1,0,0
346.099,95.604,-5.258,-5.625,170,260,-1,-1,0,0
340.84,89.979,-5.258,-5.625,165,255,-1,-1,0,0
335.582,84.354,-5.258,-5.625,160,250,-1,-1,0,0
330.323,78.729,-5.258,-5.625,155,245,-1,-1,0,0
325.065,73.104,-5.258,-5.625,150,240,-1,-1,0,0
319.806,67.48,-5.258,-5.625,145,235,-1,-1,0,0
314.548,61.855,-5.258,-5.625,140,230,-1,-1,0,0
309.289,56.23,-5.258,-5.625,135,225,-1,-1,0,0
304.031,50.605,-5.258,-5.625,130,220,-1,-1,0,0
298.772,44.98,-5.258,-5.625,125,215,-1,-1,0,0
293.514,39.355,-5.258,-5.625,120,210,-1,-1,0,0
288.255,33.731,-5.258,-5.625,115,205,-1,-1,0,0
282.997,28.106,-5.258,-5.625,110,200,-1,-1,0,0
277.739,22.481,-5.258,-5.625,105,195,-1,-1,0,0
272.48,16.856,-5.258,-5.625,100,190,-1,-1,0,0
267.222,11.231,-5.258,-5.625,100,185,0,-1,0,0
261.963,6.0,-5.258,5.625,100,180,0,-1,0,0
256.705,11.625,-5.258,5.625,100,175,0,-1,0,0
251.446,17.25,-5.258,5.625,100,170,0,-1,0,0
246.188,22.874,-5.258,5.625,100,165,0,-1,0,0
240.929,28.499,-5.258,5.625,100,160,0,-1,0,0
235.671,34.124,-5.258,5.625,100,155,0,-1,0,0
230.412,39.749,-5.258,5.625,100,150,0,-1,0,0
225.154,45.374,-5.258,5.625,100,150,0,0,0,0
219.895,50.999,-5.258,5.625,100,150,0,0,0,0
214.637,56.623,-5.258,5.625,100,150,0,0,0,0
209.379,62.248,-5.258,5.625,100,150,0,0,0,0
204.12,67.873,-5.258,5.625,100,150,0,0,0,0
198.862,73.498,-5.258,5.625,100,150,0,0,0,0
193.603,79.123,-5.258,5.625,100,150,0,0,0,0
188.345,84.747,-5.258,5.625,100,150,0,0,0,0
183.086,90.372,-5.258,5.625,100,150,0,0,0,0
177.828,95.997,-5.258,5.625,100,150,0,0,0,0
172.569,101.622,-5.258,5.625,100,150,0,0,0,0
167.311,107.247,-5.258,5.625,100,150,0,0,0,0
162.052,112.872,-5.258,5.625,100,150,0,0,0,0
156.794,118.496,-5.258,5.625,100,150,0,0,0,0
151.535,124.121,-5.258,5.625,100,150,0,0,0,0
146.277,129.746,-5.258,5.625,100,150,0,0,0,0
141.019,135.371,-5.258,5.625,100,150,0,0,0,0
135.76,140.996,-5.258,5.625,100,150,0,0,0,0
130.502,146.62,-5.258,5.625,100,150,0,0,0,0
125.243,152.245,-5.258,5.625,105,150,1,0,0,0
119.985,157.87,-5.258,5.625,110,150,1,0,0,0
114.726,163.495,-5.258,5.625,115,150,1,0,0,0
109.468,169.12,-5.258,5.625,120,150,1,0,0,0
104.209,174.745,-5.258,5.625,125,150,1,0,0,0
98.951,180.369,-5.258,5.625,130,150,1,0,0,0
93.692,185.994,-5.258,5.625,135,150,1,0,0,0
88.434,191.619,-5.258,5.625,140,150,1,0,0,0
83.175,197.244,-5.258,5.625,145,150,1,0,0,0
77.917,202.869,-5.258,5.625,150,150,1,0,0,0
72.659,208.493,-5.258,5.625,155,150,1,0,0,0
67.4,214.118,-5.258,5.625,160,150,1,0,0,0
62.142,219.743,-5.258,5.625,165,150,1,0,0,0
56.883,225.368,-5.258,5.625,170,150,1,0,0,0
51.625,230.993,-5.258,5.625,175,150,1,0,0,0
49.0,236.618,7.255,3.372,180,155,1,1,0,0
56.255,239.989,7.255,3.372,185,160,1,1,0,0
63.51,243.361,7.255,3.372,190,165,1,1,0,0
70.764,246.732,7.255,3.372,195,170,1,1,0,0
78.019,250.104,7.255,3.372,200,175,1,1,0,0
85.274,253.476,7.255,3.372,205,180,1,1,0,0
92.529,256.847,7.255,3.372,210,185,1,1,0,0
99.784,260.219,7.255,3.372,215,190,1,1,0,0
107.038,263.591,7.255,3.372,220,195,1,1,0,0
114.293,266.962,7.255,3.372,225,200,1,1,0,0
121.548,270.334,7.255,3.372,230,205,1,1,0,0
128.803,273.705,7.255,3.372,235,210,1,1,0,0
136.058,277.077,7.255,3.372,240,215,1,1,0,0
143.312,280.449,7.255,3.372,245,215,1,0,0,0
150.567,283.82,7.255,3.372,250,215,1,0,0,0
157.822,287.192,7.255,3.372,255,215,1,0,0,0
165.077,290.564,7.255,3.372,260,215,1,0,0,0
172.332,293.935,7.255,3.372,265,215,1,0,0,0
179.586,297.307,7.255,3.372,270,215,1,0,0,0
186.841,300.678,7.255,3.372,275,215,1,0,0,0
194.096,304.05,7.255,3.372,280,215,1,0,0,0
201.351,307.422,7.255,3.372,285,215,1,0,0,0
208.606,310.793,7.255,3.372,290,215,1,0,0,0
215.86,314.165,7.255,3.372,295,215,1,0,0,0
223.115,317.537,7.255,3.372,300,215,1,0,0,0
230.37,320.908,7.255,3.372,305,215,1,0,0,0
237.625,324.28,7.255,3.372,310,215,1,0,0,0
244.88,327.651,7.255,3.372,315,215,1,0,0,0
252.134,331.023,7.255,3.372,320,215,1,0,0,0
259.389,334.395,7.255,3.372,325,215,1,0,0,0
266.644,337.766,7.255,3.372,330,215,1,0,0,0
273.899,341.138,7.255,3.372,335,215,1,0,0,0
281.154,344.51,7.255,3.372,340,215,1,0,0,0
288.408,347.881,7.255,3.372,345,215,1,0,0,0
295.663,351.253,7.255,3.372,350,215,1,0,0,0
302.918,354.624,7.255,3.372,355,215,1,0,0,0
310.173,357.996,7.255,3.372,360,215,1,0,0,0
317.428,361.368,7.255,3.372,365,215,1,0,0,0
324.682,364.739,7.255,3.372,370,215,1,0,0,0
331.937,368.111,7.255,3.372,375,220,1,1,0,0
339.192,371.483,7.255,3.372,380,225,1,1,0,0
346.447,374.854,7.255,3.372,385,230,1,1,0,0
353.702,378.226,7.255,3.372,390,235,1,1,0,0
360.956,381.597,7.255,3.372,395,240,1,1,0,0
368.211,384.969,7.255,3.372,400,245,1,1,0,0
375.466,388.341,7.255,3.372,405,250,1,1,0,0
382.721,391.712,7.255,3.372,410,255,1,1,0,0
389.976,395.084,7.255,3.372,415,260,1,1,0,0
397.23,398.456,7.255,3.372,420,265,1,1,0,0
404.485,401.827,7.255,3.372,425,270,1,1,0,0
411.74,405.199,7.255,3.372,430,275,1,1,0,0
418.995,408.57,7.255,3.372,435,280,1,1,0,0
426.25,411.942,7.255,3.372,440,285,1,1,0,0
433.504,415.314,7.255,3.372,445,290,1,1,0,0
440.759,418.685,7.255,3.372,450,295,1,1,0,0
448.014,422.057,7.255,3.372,455,300,1,1,0,0
455.269,425.429,7.255,3.372,460,305,1,1,0,0
462.524,428.8,7.255,3.372,465,310,1,1,0,0
469.778,432.172,7.255,3.372,470,315,1,1,0,0
477.033,435.543,7.255,3.372,475,320,1,1,0,0
484.288,438.915,7.255,3.372,480,325,1,1,0,0
491.543,442.287,7.255,3.372,485,330,1,1,0,0
498.798,445.658,7.255,3.372,490,335,1,1,0,0
506.052,449.03,7.255,3.372,495,340,1,1,0,0
513.307,452.402,7.255,3.372,500,345,1,1,0,0
520.562,455.773,7.255,3.372,505,350,1,1,0,0
527.817,459.145,7.255,3.372,510,355,1,1,0,0
535.072,462.516,7.255,3.372,515,360,1,1,0,0
542.326,465.888,7.255,3.372,520,365,1,1,0,0
549.581,469.26,7.255,3.372,520,370,1,1,0,0
556.836,472.631,7.255,3.372,520,375,1,1,0,0
564.091,476.003,7.255,3.372,520,380,1,1,0,0
571.346,479.375,7.255,3.372,520,385,1,1,0,0
578.6,482.746,7.255,3.372,520,390,1,1,0,0
585.855,486.118,7.255,3.372,520,395,1,1,0,0
593.11,489.489,7.255,3.372,520,400,1,1,0,0
600.365,492.861,7.255,3.372,520,405,1,1,0,0
607.62,496.233,7.255,3.372,520,410,1,1,0,0
614.874,499.604,7.255,3.372,520,415,1,1,0,0
622.129,502.976,7.255,3.372,520,420,1,1,0,0
629.384,506.348,7.255,3.372,520,425,1,1,0,0
636.639,509.719,7.255,3.372,520,430,1,1,0,0
643.894,513.091,7.255,3.372,520,435,1,1,0,0
651.149,516.463,7.255,3.372,520,440,1,1,0,0
658.403,519.834,7.255,3.372,520,445,1,1,0,0
665.658,523.206,7.255,3.372,520,450,1,1,0,0
672.913,526.577,7.255,3.372,520,455,1,1,0,0
680.168,529.949,7.255,3.372,520,460,1,1,0,0
687.423,533.321,7.255,3.372,520,465,1,1,0,0
694.677,536.692,7.255,3.372,520,470,1,1,0,0
701.932,540.064,7.255,3.372,520,475,1,1,0,0
709.187,543.436,7.255,3.372,520,480,1,1,0,0
716.442,546.807,7.255,3.372,520,485,1,1,0,0
723.697,550.179,7.255,3.372,520,490,1,1,0,0
730.951,553.55,7.255,3.372,520,495,1,1,0,0
738.206,556.922,7.255,3.372,520,500,1,1,0,0
745.461,560.294,7.255,3.372,520,505,1,1,0,0
752.716,563.665,7.255,3.372,520,510,1,1,0,0
751.0,567.037,-7.891,2.572,520,515,1,1,0,0
743.109,569.609,-7.891,2.572,520,520,1,1,0,0
735.217,572.182,-7.891,2.572,520,520,1,1,0,0
727.326,574.754,-7.891,2.572,520,520,1,1,0,0
719.435,577.327,-7.891,2.572,520,520,1,1,0,0
711.544,579.899,-7.891,2.572,520,520,1,1,0,0
703.652,582.472,-7.891,2.572,520,520,0,1,0,0
695.761,585.044,-7.891,2.572,520,520,0,1,0,0
687.87,587.617,-7.891,2.572,520,520,0,1,0,0
679.978,590.189,-7.891,2.572,520,520,0,1,0,0
672.087,592.762,-7.891,2.572,520,520,0,0,0,0
664.196,594.0,-7.891,-2.572,520,520,0,0,0,0
656.305,591.428,-7.891,-2.572,515,520,-1,0,0,0
648.413,588.855,-7.891,-2.572,510,520,-1,0,0,0
640.522,586.283,-7.891,-2.572,505,520,-1,0,0,0
632.631,583.71,-7.891,-2.572,500,520,-1,0,0,0
624.739,581.138,-7.891,-2.572,495,520,-1,0,0,0
616.848,578.565,-7.891,-2.572,490,520,-1,0,0,0
608.957,575.993,-7.891,-2.572,485,520,-1,0,0,0
601.066,573.42,-7.891,-2.572,480,520,-1,0,0,0
593.174,570.848,-7.891,-2.572,475,520,-1,0,0,0
585.283,568.275,-7.891,-2.572,470,520,-1,0,0,0
577.392,565.703,-7.891,-2.572,465,520,-1,0,0,0
569.5,563.13,-7.891,-2.572,460,520,-1,0,0,0
561.609,560.558,-7.891,-2.572,455,520,-1,0,0,0
553.718,557.986,-7.891,-2.572,450,520,-1,0,0,0
545.826,555.413,-7.891,-2.572,445,520,-1,0,0,0
537.935,552.841,-7.891,-2.572,440,520,-1,0,0,0
530.044,550.268,-7.891,-2.572,435,520,-1,0,0,0
522.153,547.696,-7.891,-2.572,430,520,-1,0,0,0
514.261,545.123,-7.891,-2.572,425,520,-1,0,0,0
506.37,542.551,-7.891,-2.572,420,520,-1,0,0,0
498.479,539.978,-7.891,-2.572,415,520,-1,0,0,0
490.587,537.406,-7.891,-2.572,410,520,-1,0,0,0
482.696,534.833,-7.891,-2.572,405,520,-1,0,0,0
474.805,532.261,-7.891,-2.572,400,520,-1,0,0,0
466.914,529.688,-7.891,-2.572,395,520,-1,0,0,0
459.022,527.116,-7.891,-2.572,390,520,-1,0,0,0
451.131,524.544,-7.891,-2.572,385,520,-1,0,0,0
443.24,521.971,-7.891,-2.572,380,520,-1,0,0,0
435.348,519.399,-7.891,-2.572,375,520,-1,0,0,0
427.457,516.826,-7.891,-2.572,370,520,-1,0,0,0
419.566,514.254,-7.891,-2.572,370,515,0,-1,0,0
411.675,511.681,-7.891,-2.572,370,510,0,-1,0,0
403.783,509.109,-7.891,-2.572,370,505,0,-1,0,0
395.892,506.536,-7.891,-2.572,370,500,0,-1,0,0
388.001,503.964,-7.891,-2.572,370,495,0,-1,0,0
380.109,501.391,-7.891,-2.572,370,490,0,-1,0,0
372.218,498.819,-7.891,-2.572,370,485,0,-1,0,0
364.327,496.246,-7.891,-2.572,370,480,0,-1,0,0
356.436,493.674,-7.891,-2.572,370,475,0,-1,0,0
348.544,491.102,-7.891,-2.572,370,470,0,-1,0,0
340.653,488.529,-7.891,-2.572,370,465,0,-1,0,0
332.762,485.957,-7.891,-2.572,370,460,0,-1,0,0
324.87,483.384,-7.891,-2.572,370,455,0,-1,0,0
316.979,480.812,-7.891,-2.572,370,450,0,-1,0,0
309.088,478.239,-7.891,-2.572,370,445,0,-1,0,0
301.197,475.667,-7.891,-2.572,370,440,0,-1,0,0
293.305,473.094,-7.891,-2.572,370,440,0,0,0,0
285.414,470.522,-7.891,-2.572,370,440,0,0,0,0
277.523,467.949,-7.891,-2.572,370,440,0,0,0,0
269.631,465.377,-7.891,-2.572,370,440,0,0,0,0
261.74,462.804,-7.891,-2.572,370,440,0,0,0,0
253.849,460.232,-7.891,-2.572,370,440,0,0,0,0
245.958,457.66,-7.891,-2.572,370,440,0,0,0,0
238.066,455.087,-7.891,-2.572,370,440,0,0,0,0
230.175,452.515,-7.891,-2.572,370,440,0,0,0,0
222.284,449.942,-7.891,-2.572,370,440,0,0,0,0
214.392,447.37,-7.891,-2.572,370,440,0,0,0,0
206.501,444.797,-7.891,-2.572,370,440,0,0,0,0
198.61,442.225,-7.891,-2.572,370,440,0,0,0,0
190.718,439.652,-7.891,-2.572,370,440,0,0,0,0
182.827,437.08,-7.891,-2.572,370,440,0,0,0,0
174.936,434.507,-7.891,-2.572,370,440,0,0,0,0
167.045,431.935,-7.891,-2.572,370,440,0,0,0,0
159.153,429.362,-7.891,-2.572,370,440,0,0,0,0
151.262,426.79,-7.891,-2.572,370,440,0,0,0,0
143.371,424.217,-7.891,-2.572,365,440,-1,0,0,0
135.479,421.645,-7.891,-2.572,360,440,-1,0,0,0
127.588,419.073,-7.891,-2.572,355,440,-1,0,0,0
119.697,416.5,-7.891,-2.572,350,440,-1,0,0,0
111.806,413.928,-7.891,-2.572,345,440,-1,0,0,0
103.914,411.355,-7.891,-2.572,340,440,-1,0,0,0
96.023,408.783,-7.891,-2.572,335,440,-1,0,0,0
88.132,406.21,-7.891,-2.572,335,440,0,0,0,0
80.24,403.638,-7.891,-2.572,335,440,0,0,0,0
72.349,401.065,-7.891,-2.572,335,440,0,0,0,0
64.458,398.493,-7.891,-2.572,335,440,0,0,0,0
56.567,395.92,-7.891,-2.572,335,440,0,0,0,0
48.675,393.348,-7.891,-2.572,335,440,0,0,0,0
49.0,390.775,7.877,3.452,335,440,0,0,0,0
56.877,394.227,7.877,3.452,335,440,0,0,0,0
64.754,397.679,7.877,3.452,335,440,0,0,0,0
72.631,401.131,7.877,3.452,335,440,0,0,0,0
80.508,404.582,7.877,3.452,335,440,0,0,0,0
88.385,408.034,7.877,3.452,335,440,0,0,0,0
96.261,411.486,7.877,3.452,335,440,0,0,0,0
104.138,414.937,7.877,3.452,335,440,0,0,0,0
112.015,418.389,7.877,3.452,335,440,0,0,0,0
119.892,421.841,7.877,3.452,335,440,0,0,0,0
127.769,425.292,7.877,3.452,335,440,0,0,0,0
135.646,428.744,7.877,3.452,335,440,0,0,0,0
143.523,432.196,7.877,3.452,335,440,0,0,0,0
151.4,435.648,7.877,3.452,335,440,0,0,0,0
159.277,439.099,7.877,3.452,335,440,0,0,0,0
167.154,442.551,7.877,3.452,335,440,0,0,0,0
175.031,446.003,7.877,3.452,335,440,0,0,0,0
182.908,449.454,7.877,3.452,335,440,0,0,0,0
190.784,452.906,7.877,3.452,335,440,0,0,0,0
198.661,456.358,7.877,3.452,335,440,0,0,0,0
206.538,459.809,7.877,3.452,335,440,0,0,0,0
214.415,463.261,7.877,3.452,335,440,0,0,0,0
222.292,466.713,7.877,3.452,335,440,0,0,0,0
230.169,470.165,7.877,3.452,335,440,0,0,0,0
238.046,473.616,7.877,3.452,335,445,0,1,0,0
245.923,477.068,7.877,3.452,335,450,0,1,0,0
253.8,480.52,7.877,3.452,335,455,0,1,0,0
261.677,483.971,7.877,3.452,335,460,0,1,0,0
269.554,487.423,7.877,3.452,335,465,0,1,0,0
277.431,490.875,7.877,3.452,335,470,0,1,0,0
285.307,494.326,7.877,3.452,335,475,0,1,0,0
293.184,497.778,7.877,3.452,335,480,0,1,0,0
301.061,501.23,7.877,3.452,335,485,0,1,0,0
308.938,504.681,7.877,3.452,340,490,1,1,0,0
316.815,508.133,7.877,3.452,345,495,1,1,0,0
324.692,511.585,7.877,3.452,350,500,1,1,0,0
332.569,515.037,7.877,3.452,355,505,1,1,0,0
340.446,518.488,7.877,3.452,360,510,1,1,0,0
348.323,521.94,7.877,3.452,365,510,1,0,0,0
356.2,525.392,7.877,3.452,370,510,1,0,0,0
364.077,528.843,7.877,3.452,375,510,1,0,0,0
371.954,532.295,7.877,3.452,380,510,1,0,0,0
379.83,535.747,7.877,3.452,385,510,1,0,0,0
387.707,539.198,7.877,3.452,385,510,0,0,0,0
395.584,542.65,7.877,3.452,385,510,0,0,0,0
403.461,546.102,7.877,3.452,385,510,0,0,0,0
411.338,549.554,7.877,3.452,385,510,0,0,0,0
419.215,553.005,7.877,3.452,385,510,0,0,0,0
427.092,556.457,7.877,3.452,385,510,0,0,0,0
434.969,559.909,7.877,3.452,385,510,0,0,0,0
442.846,563.36,7.877,3.452,385,510,0,0,0,0
450.723,566.812,7.877,3.452,385,510,0,0,0,0
458.6,570.264,7.877,3.452,385,510,0,0,0,0
466.476,573.715,7.877,3.452,385,510,0,0,0,0
474.353,577.167,7.877,3.452,385,510,0,0,0,0
482.23,580.619,7.877,3.452,385,510,0,0,0,0
490.107,584.071,7.877,3.452,385,510,0,0,0,0
497.984,587.522,7.877,3.452,385,510,0,0,0,0
505.861,590.974,7.877,3.452,385,510,0,0,0,0
513.738,594.0,7.877,-3.452,385,510,0,0,0,0
521.615,590.548,7.877,-3.452,385,510,0,0,0,0
529.492,587.097,7.877,-3.452,385,510,0,0,0,0
537.369,583.645,7.877,-3.452,385,510,0,0,0,0
545.246,580.193,7.877,-3.452,385,505,0,-1,0,0
553.123,576.742,7.877,-3.452,385,500,0,-1,0,0
560.999,573.29,7.877,-3.452,385,495,0,-1,0,0
568.876,569.838,7.877,-3.452,385,490,0,-1,0,0
576.753,566.386,7.877,-3.452,385,485,0,-1,0,0
584.63,562.935,7.877,-3.452,385,480,0,-1,0,0
592.507,559.483,7.877,-3.452,385,475,0,-1,0,0
600.384,556.031,7.877,-3.452,385,470,0,-1,0,0
608.261,552.58,7.877,-3.452,385,465,0,-1,0,0
616.138,549.128,7.877,-3.452,385,460,0,-1,0,0
624.015,545.676,7.877,-3.452,385,460,0,0,0,0
631.892,542.225,7.877,-3.452,385,460,0,0,0,0
639.769,538.773,7.877,-3.452,385,460,0,0,0,0
647.646,535.321,7.877,-3.452,385,460,0,0,0,0
655.522,531.869,7.877,-3.452,385,460,0,0,0,0
663.399,528.418,7.877,-3.452,385,460,0,0,0,0
671.276,524.966,7.877,-3.452,385,460,0,0,0,0
679.153,521.514,7.877,-3.452,385,460,0,0,0,0
687.03,518.063,7.877,-3.452,385,460,0,0,0,0
694.907,514.611,7.877,-3.452,385,460,0,0,0,0
702.784,511.159,7.877,-3.452,385,460,0,0,0,0
710.661,507.708,7.877,-3.452,385,460,0,0,0,0
718.538,504.256,7.877,-3.452,385,460,0,0,0,0
726.415,500.804,7.877,-3.452,385,460,0,0,0,0
734.292,497.352,7.877,-3.452,385,460,0,0,0,0
742.169,493.901,7.877,-3.452,385,460,0,0,0,0
750.045,490.449,7.877,-3.452,385,455,0,-1,0,0
751.0,486.997,-8.873,-0.699,385,450,0,-1,0,0
742.127,486.299,-8.873,-0.699,385,445,0,-1,0,0
733.255,485.6,-8.873,-0.699,385,440,0,-1,0,0
724.382,484.901,-8.873,-0.699,385,435,0,-1,0,0
715.51,484.202,-8.873,-0.699,385,430,0,-1,0,0
706.637,483.503,-8.873,-0.699,385,425,0,-1,0,0
697.765,482.804,-8.873,-0.699,385,420,0,-1,0,0
688.892,482.105,-8.873,-0.699,385,415,0,-1,0,0
680.02,481.406,-8.873,-0.699,385,410,0,-1,0,0
671.147,480.707,-8.873,-0.699,385,405,0,-1,0,0
662.275,480.008,-8.873,-0.699,385,405,0,0,0,0
653.402,479.31,-8.873,-0.699,385,405,0,0,0,0
644.53,478.611,-8.873,-0.699,385,405,0,0,0,0
635.657,477.912,-8.873,-0.699,385,405,0,0,0,0
626.785,477.213,-8.873,-0.699,385,405,0,0,0,0
617.912,476.514,-8.873,-0.699,380,405,-1,0,0,0
609.04,475.815,-8.873,-0.699,375,405,-1,0,0,0
600.167,475.116,-8.873,-0.699,370,405,-1,0,0,0
591.295,474.417,-8.873,-0.699,365,405,-1,0,0,0
582.422,473.718,-8.873,-0.699,360,405,-1,0,0,0
573.55,473.02,-8.873,-0.699,355,405,-1,0,0,0
564.677,472.321,-8.873,-0.699,350,405,-1,0,0,0
555.805,471.622,-8.873,-0.699,345,405,-1,0,0,0
546.932,470.923,-8.873,-0.699,340,405,-1,0,0,0
538.06,470.224,-8.873,-0.699,335,405,-1,0,0,0
529.187,469.525,-8.873,-0.699,335,405,0,0,0,0
520.315,468.826,-8.873,-0.699,335,405,0,0,0,0
511.442,468.127,-8.873,-0.699,335,405,0,0,0,0
502.57,467.428,-8.873,-0.699,335,405,0,0,0,0
493.697,466.73,-8.873,-0.699,335,405,0,0,0,0
484.824,466.031,-8.873,-0.699,335,405,0,0,0,0
475.952,465.332,-8.873,-0.699,335,405,0,0,0,0
467.079,464.633,-8.873,-0.699,335,405,0,0,0,0
458.207,463.934,-8.873,-0.699,340,405,1,0,0,0
449.334,463.235,-8.873,-0.699,345,405,1,0,0,0
440.462,462.536,-8.873,-0.699,350,405,1,0,0,0
431.589,461.837,-8.873,-0.699,355,405,1,0,0,0
422.717,461.138,-8.873,-0.699,360,410,1,1,0,0
413.844,460.44,-8.873,-0.699,365,415,1,1,0,0
404.972,459.741,-8.873,-0.699,370,420,1,1,0,0
396.099,459.042,-8.873,-0.699,375,425,1,1,0,0
387.227,458.343,-8.873,-0.699,380,430,1,1,0,0
378.354,457.644,-8.873,-0.699,380,430,0,0,0,0
369.482,456.945,-8.873,-0.699,380,430,0,0,0,0
360.609,456.246,-8.873,-0.699,380,430,0,0,0,0
351.737,455.547,-8.873,-0.699,380,430,0,0,0,0
342.864,454.848,-8.873,-0.699,380,430,0,0,0,0
333.992,454.15,-8.873,-0.699,380,430,0,0,0,0
325.119,453.451,-8.873,-0.699,380,430,0,0,0,0
316.247,452.752,-8.873,-0.699,380,430,0,0,0,0
307.374,452.053,-8.873,-0.699,380,430,0,0,0,0
298.502,451.354,-8.873,-0.699,380,430,0,0,0,0
289.629,450.655,-8.873,-0.699,380,430,0,0,0,0
280.757,449.956,-8.873,-0.699,380,430,0,0,0,0
271.884,449.257,-8.873,-0.699,380,430,0,0,0,0
263.012,448.558,-8.873,-0.699,380,430,0,0,0,0
254.139,447.86,-8.873,-0.699,380,430,0,0,0,0
245.267,447.161,-8.873,-0.699,385,425,1,-1,0,0
236.394,446.462,-8.873,-0.699,390,420,1,-1,0,0
227.522,445.763,-8.873,-0.699,390,415,0,-1,0,0
218.649,445.064,-8.873,-0.699,390,410,0,-1,0,0
209.776,444.365,-8.873,-0.699,390,405,0,-1,0,0
200.904,443.666,-8.873,-0.699,390,400,0,-1,0,0
192.031,442.967,-8.873,-0.699,390,395,0,-1,0,0
183.159,442.268,-8.873,-0.699,390,390,0,-1,0,0
174.286,441.57,-8.873,-0.699,390,385,0,-1,0,0
165.414,440.871,-8.873,-0.699,390,380,0,-1,0,0
156.541,440.172,-8.873,-0.699,390,380,0,0,0,0
147.669,439.473,-8.873,-0.699,390,380,0,0,0,0
138.796,438.774,-8.873,-0.699,390,380,0,0,0,0
129.924,438.075,-8.873,-0.699,390,380,0,0,0,0
121.051,437.376,-8.873,-0.699,390,380,0,0,0,0
112.179,436.677,-8.873,-0.699,390,380,0,0,0,0
103.306,435.978,-8.873,-0.699,390,380,0,0,0,0
94.434,435.28,-8.873,-0.699,390,380,0,0,0,0
85.561,434.581,-8.873,-0.699,390,380,0,0,0,0
76.689,433.882,-8.873,-0.699,390,380,0,0,0,0
67.816,433.183,-8.873,-0.699,390,380,0,0,0,0
58.944,432.484,-8.873,-0.699,390,380,0,0,0,0
50.071,431.785,-8.873,-0.699,390,380,0,0,0,0
49.0,431.086,9.196,0.262,390,380,0,0,0,0
58.196,431.348,9.196,0.262,390,380,0,0,0,0
67.393,431.609,9.196,0.262,390,380,0,0,0,0
76.589,431.871,9.196,0.262,390,380,0,0,0,0
85.785,432.132,9.196,0.262,390,380,0,0,0,0
94.981,432.394,9.196,0.262,390,380,0,0,0,0
104.178,432.656,9.196,0.262,390,380,0,0,0,0
113.374,432.917,9.196,0.262,390,380,0,0,0,0
122.57,433.179,9.196,0.262,390,380,0,0,0,0
131.767,433.44,9.196,0.262,390,380,0,0,0,0
140.963,433.702,9.196,0.262,390,380,0,0,0,0
150.159,433.963,9.196,0.262,390,380,0,0,0,0
159.355,434.225,9.196,0.262,390,380,0,0,0,0
168.552,434.487,9.196,0.262,390,380,0,0,0,0
177.748,434.748,9.196,0.262,390,380,0,0,0,0
186.944,435.01,9.196,0.262,390,380,0,0,0,0
196.14,435.271,9.196,0.262,390,380,0,0,0,0
205.337,435.533,9.196,0.262,390,380,0,0,0,0
214.533,435.794,9.196,0.262,390,380,0,0,0,0
223.729,436.056,9.196,0.262,390,380,0,0,0,0
232.926,436.318,9.196,0.262,390,380,0,0,0,0
242.122,436.579,9.196,0.262,390,380,0,0,0,0
251.318,436.841,9.196,0.262,390,380,0,0,0,0
260.514,437.102,9.196,0.262,390,380,0,0,0,0
269.711,437.364,9.196,0.262,390,380,0,0,0,0
278.907,437.625,9.196,0.262,390,380,0,0,0,0
288.103,437.887,9.196,0.262,390,380,0,0,0,0
297.3,438.149,9.196,0.262,390,380,0,0,0,0
306.496,438.41,9.196,0.262,390,380,0,0,0,0
315.692,438.672,9.196,0.262,390,380,0,0,0,0
324.888,438.933,9.196,0.262,390,380,0,0,0,0
334.085,439.195,9.196,0.262,390,385,0,1,0,0
343.281,439.456,9.196,0.262,390,390,0,1,0,0
352.477,439.718,9.196,0.262,390,395,0,1,0,0
361.674,439.98,9.196,0.262,390,400,0,1,0,0
370.87,440.241,9.196,0.262,390,405,0,1,0,0
380.066,440.503,9.196,0.262,390,410,0,1,0,0
389.262,440.764,9.196,0.262,390,415,0,1,0,0
398.459,441.026,9.196,0.262,390,420,0,1,0,0
407.655,441.287,9.196,0.262,390,425,0,1,0,0
416.851,441.549,9.196,0.262,390,425,0,0,0,0
426.048,441.811,9.196,0.262,390,425,0,0,0,0
435.244,442.072,9.196,0.262,390,425,0,0,0,0
444.44,442.334,9.196,0.262,390,425,0,0,0,0
453.636,442.595,9.196,0.262,390,425,0,0,0,0
462.833,442.857,9.196,0.262,390,425,0,0,0,0
472.029,443.118,9.196,0.262,390,425,0,0,0,0
481.225,443.38,9.196,0.262,390,425,0,0,0,0
490.421,443.642,9.196,0.262,390,425,0,0,0,0
499.618,443.903,9.196,0.262,390,425,0,0,0,0
508.814,444.165,9.196,0.262,390,425,0,0,0,0
518.01,444.426,9.196,0.262,390,425,0,0,0,0
527.207,444.688,9.196,0.262,390,425,0,0,0,0
536.403,444.949,9.196,0.262,390,425,0,0,0,0
545.599,445.211,9.196,0.262,390,425,0,0,0,0
554.795,445.473,9.196,0.262,390,425,0,0,0,0
563.992,445.734,9.196,0.262,390,425,0,0,0,0
573.188,445.996,9.196,0.262,390,425,0,0,0,0
582.384,446.257,9.196,0.262,390,425,0,0,0,0
591.581,446.519,9.196,0.262,390,425,0,0,0,0
600.777,446.78,9.196,0.262,390,425,0,0,0,0
609.973,447.042,9.196,0.262,390,425,0,0,0,0
619.169,447.304,9.196,0.262,390,425,0,0,0,0
628.366,447.565,9.196,0.262,390,425,0,0,0,0
637.562,447.827,9.196,0.262,390,425,0,0,0,0
646.758,448.088,9.196,0.262,390,425,0,0,0,0
655.955,448.35,9.196,0.262,390,425,0,0,0,0
665.151,448.611,9.196,0.262,390,425,0,0,0,0
674.347,448.873,9.196,0.262,390,425,0,0,0,0
683.543,449.135,9.196,0.262,390,425,0,0,0,0
692.74,449.396,9.196,0.262,390,425,0,0,0,0
701.936,449.658,9.196,0.262,390,425,0,0,0,0
711.132,449.919,9.196,0.262,390,425,0,0,0,0
720.328,450.181,9.196,0.262,390,425,0,0,0,0
729.525,450.442,9.196,0.262,390,425,0,0,0,0
738.721,450.704,9.196,0.262,390,425,0,0,0,0
747.917,450.966,9.196,0.262,390,425,0,0,0,0
751.0,451.227,-8.889,-3.352,390,425,0,0,0,0
742.111,447.875,-8.889,-3.352,390,425,0,0,0,0
733.222,444.524,-8.889,-3.352,390,425,0,0,0,0
724.333,441.172,-8.889,-3.352,390,425,0,0,0,0
715.444,437.82,-8.889,-3.352,390,425,0,0,0,0
706.554,434.469,-8.889,-3.352,390,425,0,0,0,0
697.665,431.117,-8.889,-3.352,390,425,0,0,0,0
688.776,427.765,-8.889,-3.352,390,425,0,0,0,0
679.887,424.414,-8.889,-3.352,390,425,0,0,0,0
670.998,421.062,-8.889,-3.352,390,425,0,0,0,0
662.109,417.71,-8.889,-3.352,390,425,0,0,0,0
653.22,414.359,-8.889,-3.352,390,425,0,0,0,0
644.331,411.007,-8.889,-3.352,390,425,0,0,0,0
635.442,407.655,-8.889,-3.352,390,425,0,0,0,0
626.553,404.304,-8.889,-3.352,390,425,0,0,0,0
617.663,400.952,-8.889,-3.352,390,425,0,0,0,0
608.774,397.6,-8.889,-3.352,390,425,0,0,0,0
599.885,394.248,-8.889,-3.352,390,425,0,0,0,0
590.996,390.897,-8.889,-3.352,390,425,0,0,0,0
582.107,387.545,-8.889,-3.352,390,425,0,0,0,0
573.218,384.193,-8.889,-3.352,390,425,0,0,0,0
564.329,380.842,-8.889,-3.352,390,425,0,0,0,0
555.44,377.49,-8.889,-3.352,390,425,0,0,0,0
546.551,374.138,-8.889,-3.352,390,425,0,0,0,0
537.661,370.787,-8.889,-3.352,390,425,0,0,0,0
528.772,367.435,-8.889,-3.352,390,425,0,0,0,0
519.883,364.083,-8.889,-3.352,390,425,0,0,0,0
510.994,360.732,-8.889,-3.352,385,425,-1,0,0,0
502.105,357.38,-8.889,-3.352,380,425,-1,0,0,0
493.216,354.028,-8.889,-3.352,375,425,-1,0,0,0
484.327,350.677,-8.889,-3.352,370,425,-1,0,0,0
475.438,347.325,-8.889,-3.352,365,425,-1,0,0,0
466.549,343.973,-8.889,-3.352,360,425,-1,0,0,0
457.66,340.621,-8.889,-3.352,355,425,-1,0,0,0
448.77,337.27,-8.889,-3.352,350,425,-1,0,0,0
439.881,333.918,-8.889,-3.352,345,425,-1,0,0,0
430.992,330.566,-8.889,-3.352,340,425,-1,0,0,0
422.103,327.215,-8.889,-3.352,335,425,-1,0,0,0
413.214,323.863,-8.889,-3.352,330,425,-1,0,0,0
404.325,320.511,-8.889,-3.352,325,425,-1,0,0,0
395.436,317.16,-8.889,-3.352,320,425,-1,0,0,0
386.547,313.808,-8.889,-3.352,315,425,-1,0,0,0
377.658,310.456,-8.889,-3.352,310,425,-1,0,0,0
368.768,307.105,-8.889,-3.352,305,425,-1,0,0,0
359.879,303.753,-8.889,-3.352,300,425,-1,0,0,0
350.99,300.401,-8.889,-3.352,295,425,-1,0,0,0
342.101,297.05,-8.889,-3.352,290,425,-1,0,0,0
333.212,293.698,-8.889,-3.352,285,425,-1,0,0,0
324.323,290.346,-8.889,-3.352,280,425,-1,0,0,0
315.434,286.994,-8.889,-3.352,275,425,-1,0,0,0
306.545,283.643,-8.889,-3.352,270,425,-1,0,0,0
297.656,280.291,-8.889,-3.352,265,425,-1,0,0,0
288.767,276.939,-8.889,-3.352,260,425,-1,0,0,0
279.877,273.588,-8.889,-3.352,255,425,-1,0,0,0
270.988,270.236,-8.889,-3.352,250,425,-1,0,0,0
262.099,266.884,-8.889,-3.352,245,425,-1,0,0,0
253.21,263.533,-8.889,-3.352,240,425,-1,0,0,0
244.321,260.181,-8.889,-3.352,235,425,-1,0,0,0
235.432,256.829,-8.889,-3.352,230,425,-1,0,0,0
226.543,253.478,-8.889,-3.352,225,420,-1,-1,0,0
217.654,250.126,-8.889,-3.352,220,415,-1,-1,0,0
208.765,246.774,-8.889,-3.352,215,410,-1,-1,0,0
199.875,243.423,-8.889,-3.352,210,405,-1,-1,0,0
190.986,240.071,-8.889,-3.352,205,400,-1,-1,0,0
182.097,236.719,-8.889,-3.352,200,395,-1,-1,0,0
173.208,233.367,-8.889,-3.352,195,390,-1,-1,0,0
164.319,230.016,-8.889,-3.352,190,385,-1,-1,0,0
155.43,226.664,-8.889,-3.352,185,380,-1,-1,0,0
146.541,223.312,-8.889,-3.352,180,375,-1,-1,0,0
137.652,219.961,-8.889,-3.352,175,370,-1,-1,0,0
128.763,216.609,-8.889,-3.352,170,365,-1,-1,0,0
119.874,213.257,-8.889,-3.352,165,360,-1,-1,0,0
110.984,209.906,-8.889,-3.352,160,355,-1,-1,0,0
102.095,206.554,-8.889,-3.352,155,350,-1,-1,0,0
93.206,203.202,-8.889,-3.352,150,345,-1,-1,0,0
84.317,199.851,-8.889,-3.352,145,340,-1,-1,0,0
75.428,196.499,-8.889,-3.352,140,335,-1,-1,0,0
66.539,193.147,-8.889,-3.352,135,330,-1,-1,0,0
57.65,189.796,-8.889,-3.352,130,325,-1,-1,0,0
48.761,186.444,-8.889,-3.352,125,320,-1,-1,0,0
49.0,183.092,8.063,5.57,120,315,-1,-1,0,0
57.063,188.662,8.063,5.57,115,310,-1,-1,0,0
65.126,194.233,8.063,5.57,110,305,-1,-1,0,0
73.189,199.803,8.063,5.57,105,300,-1,-1,0,0
81.252,205.373,8.063,5.57,105,295,0,-1,0,0
89.315,210.943,8.063,5.57,105,290,0,-1,0,0
97.378,216.514,8.063,5.57,105,285,0,-1,0,0
105.441,222.084,8.063,5.57,105,280,0,-1,0,0
113.504,227.654,8.063,5.57,105,275,0,-1,0,0
121.567,233.224,8.063,5.57,110,275,1,0,0,0
129.63,238.795,8.063,5.57,115,275,1,0,0,0
137.693,244.365,8.063,5.57,120,275,1,0,0,0
145.756,249.935,8.063,5.57,125,275,1,0,0,0
153.819,255.506,8.063,5.57,130,275,1,0,0,0
161.882,261.076,8.063,5.57,135,275,1,0,0,0
169.945,266.646,8.063,5.57,140,275,1,0,0,0
178.008,272.216,8.063,5.57,145,275,1,0,0,0
186.071,277.787,8.063,5.57,150,275,1,0,0,0
194.134,283.357,8.063,5.57,155,275,1,0,0,0
202.197,288.927,8.063,5.57,160,275,1,0,0,0
210.26,294.497,8.063,5.57,165,275,1,0,0,0
218.323,300.068,8.063,5.57,170,275,1,0,0,0
226.386,305.638,8.063,5.57,175,275,1,0,0,0
234.449,311.208,8.063,5.57,180,275,1,0,0,0
242.512,316.778,8.063,5.57,185,280,1,1,0,0
250.575,322.349,8.063,5.57,190,285,1,1,0,0
258.638,327.919,8.063,5.57,195,290,1,1,0,0
266.701,333.489,8.063,5.57,200,295,1,1,0,0
274.764,339.059,8.063,5.57,205,300,1,1,0,0
282.828,344.63,8.063,5.57,210,305,1,1,0,0
290.891,350.2,8.063,5.57,215,310,1,1,0,0
298.954,355.77,8.063,5.57,220,315,1,1,0,0
307.017,361.34,8.063,5.57,225,320,1,1,0,0
315.08,366.911,8.063,5.57,230,325,1,1,0,0
323.143,372.481,8.063,5.57,235,330,1,1,0,0
331.206,378.051,8.063,5.57,240,335,1,1,0,0
339.269,383.621,8.063,5.57,245,340,1,1,0,0
347.332,389.192,8.063,5.57,250,345,1,1,0,0
355.395,394.762,8.063,5.57,255,350,1,1,0,0
363.458,400.332,8.063,5.57,260,355,1,1,0,0
371.521,405.902,8.063,5.57,265,360,1,1,0,0
379.584,411.473,8.063,5.57,270,360,1,0,0,0
387.647,417.043,8.063,5.57,275,360,1,0,0,0
395.71,422.613,8.063,5.57,280,360,1,0,0,0
403.773,428.183,8.063,5.57,285,360,1,0,0,0
411.836,433.754,8.063,5.57,290,360,1,0,0,0
419.899,439.324,8.063,5.57,295,360,1,0,0,0
427.962,444.894,8.063,5.57,300,360,1,0,0,0
436.025,450.464,8.063,5.57,305,360,1,0,0,0
444.088,456.035,8.063,5.57,310,360,1,0,0,0
452.151,461.605,8.063,5.57,315,360,1,0,0,0
460.214,467.175,8.063,5.57,320,360,1,0,0,0
468.277,472.745,8.063,5.57,325,360,1,0,0,0
476.34,478.316,8.063,5.57,330,360,1,0,0,0
484.403,483.886,8.063,5.57,335,360,1,0,0,0
492.466,489.456,8.063,5.57,340,360,1,0,0,0
500.529,495.027,8.063,5.57,345,360,1,0,0,0
508.592,500.597,8.063,5.57,350,365,1,1,0,0
516.655,506.167,8.063,5.57,355,370,1,1,0,0
524.718,511.737,8.063,5.57,360,375,1,1,0,0
532.781,517.308,8.063,5.57,365,380,1,1,0,0
540.844,522.878,8.063,5.57,370,385,1,1,0,0
548.907,528.448,8.063,5.57,375,390,1,1,0,0
556.97,534.018,8.063,5.57,380,395,1,1,0,0
565.033,539.589,8.063,5.57,385,400,1,1,0,0
573.096,545.159,8.063,5.57,390,405,1,1,0,0
581.159,550.729,8.063,5.57,395,410,1,1,0,0
589.222,556.299,8.063,5.57,400,415,1,1,0,0
597.285,561.87,8.063,5.57,405,420,1,1,0,0
605.348,567.44,8.063,5.57,410,425,1,1,0,0
613.411,573.01,8.063,5.57,415,430,1,1,0,0
621.474,578.58,8.063,5.57,420,435,1,1,0,0
629.537,584.151,8.063,5.57,425,440,1,1,0,0
637.6,589.721,8.063,5.57,430,445,1,1,0,0
645.663,594.0,8.063,-5.57,435,450,1,1,0,0
653.726,588.43,8.063,-5.57,440,455,1,1,0,0
661.789,582.859,8.063,-5.57,445,460,1,1,0,0
669.852,577.289,8.063,-5.57,450,460,1,0,0,0
677.915,571.719,8.063,-5.57,455,460,1,0,0,0
685.978,566.149,8.063,-5.57,460,460,1,0,0,0
694.041,560.578,8.063,-5.57,465,460,1,0,0,0
702.104,555.008,8.063,-5.57,470,460,1,0,0,0
710.167,549.438,8.063,-5.57,475,460,1,0,0,0
718.23,543.868,8.063,-5.57,480,460,1,0,0,0
726.293,538.297,8.063,-5.57,480,460,0,0,0,0
734.356,532.727,8.063,-5.57,480,460,0,0,0,0
742.419,527.157,8.063,-5.57,480,455,0,-1,0,0
750.483,521.587,8.063,-5.57,480,450,0,-1,0,0
751.0,516.016,-6.949,7.329,480,445,0,-1,0,0
744.051,523.346,-6.949,7.329,480,440,0,-1,0,0
737.102,530.675,-6.949,7.329,480,435,0,-1,0,0
730.152,538.004,-6.949,7.329,480,430,0,-1,0,0
723.203,545.333,-6.949,7.329,480,425,0,-1,0,0
716.254,552.663,-6.949,7.329,480,420,0,-1,0,0
709.305,559.992,-6.949,7.329,475,415,-1,-1,0,0
702.355,567.321,-6.949,7.329,470,410,-1,-1,0,0
695.406,574.651,-6.949,7.329,465,405,-1,-1,0,0
688.457,581.98,-6.949,7.329,460,400,-1,-1,0,0
681.508,589.309,-6.949,7.329,455,395,-1,-1,0,0
674.558,594.0,-6.949,-7.329,450,390,-1,-1,0,0
667.609,586.671,-6.949,-7.329,445,385,-1,-1,0,0
660.66,579.341,-6.949,-7.329,440,380,-1,-1,0,0
653.711,572.012,-6.949,-7.329,435,375,-1,-1,0,0
646.762,564.683,-6.949,-7.329,430,370,-1,-1,0,0
639.812,557.354,-6.949,-7.329,425,365,-1,-1,0,0
632.863,550.024,-6.949,-7.329,420,360,-1,-1,0,0
625.914,542.695,-6.949,-7.329,415,355,-1,-1,0,0
618.965,535.366,-6.949,-7.329,410,350,-1,-1,0,0
612.015,528.037,-6.949,-7.329,405,345,-1,-1,0,0
605.066,520.707,-6.949,-7.329,400,340,-1,-1,0,0
598.117,513.378,-6.949,-7.329,395,335,-1,-1,0,0
591.168,506.049,-6.949,-7.329,395,330,0,-1,0,0
584.218,498.72,-6.949,-7.329,395,325,0,-1,0,0
577.269,491.39,-6.949,-7.329,395,325,0,0,0,0
570.32,484.061,-6.949,-7.329,395,325,0,0,0,0
563.371,476.732,-6.949,-7.329,395,325,0,0,0,0
556.422,469.402,-6.949,-7.329,395,325,0,0,0,0
549.472,462.073,-6.949,-7.329,400,325,1,0,0,0
542.523,454.744,-6.949,-7.329,405,325,1,0,0,0
535.574,447.415,-6.949,-7.329,410,325,1,0,0,0
528.625,440.085,-6.949,-7.329,410,325,0,0,0,0
521.675,432.756,-6.949,-7.329,410,325,0,0,0,0
514.726,425.427,-6.949,-7.329,410,325,0,0,0,0
507.777,418.098,-6.949,-7.329,405,325,-1,0,0,0
500.828,410.768,-6.949,-7.329,400,325,-1,0,0,0
493.878,403.439,-6.949,-7.329,395,325,-1,0,0,0
486.929,396.11,-6.949,-7.329,390,330,-1,1,0,0
479.98,388.78,-6.949,-7.329,385,335,-1,1,0,0
473.031,381.451,-6.949,-7.329,380,340,-1,1,0,0
466.081,374.122,-6.949,-7.329,375,345,-1,1,0,0
459.132,366.793,-6.949,-7.329,370,350,-1,1,0,0
452.183,359.463,-6.949,-7.329,365,355,-1,1,0,0
445.234,352.134,-6.949,-7.329,360,360,-1,1,0,0
438.285,344.805,-6.949,-7.329,355,365,-1,1,0,0
431.335,337.476,-6.949,-7.329,350,370,-1,1,0,0
424.386,330.146,-6.949,-7.329,345,375,-1,1,0,0
417.437,322.817,-6.949,-7.329,340,375,-1,0,0,0
410.488,315.488,-6.949,-7.329,335,375,-1,0,0,0
403.538,308.159,-6.949,-7.329,330,375,-1,0,0,0
396.589,300.829,-6.949,-7.329,325,375,-1,0,0,0
389.64,293.5,-6.949,-7.329,320,375,-1,0,0,0
382.691,286.171,-6.949,-7.329,315,375,-1,0,0,0
375.741,278.841,-6.949,-7.329,310,375,-1,0,0,0
368.792,271.512,-6.949,-7.329,305,375,-1,0,0,0
361.843,264.183,-6.949,-7.329,300,375,-1,0,0,0
354.894,256.854,-6.949,-7.329,295,375,-1,0,0,0
347.945,249.524,-6.949,-7.329,290,375,-1,0,0,0
340.995,242.195,-6.949,-7.329,285,375,-1,0,0,0
334.046,234.866,-6.949,-7.329,280,375,-1,0,0,0
327.097,227.537,-6.949,-7.329,275,375,-1,0,0,0
320.148,220.207,-6.949,-7.329,270,375,-1,0,0,0
313.198,212.878,-6.949,-7.329,265,375,-1,0,0,0
306.249,205.549,-6.949,-7.329,260,375,-1,0,0,0
299.3,198.219,-6.949,-7.329,255,375,-1,0,0,0
292.351,190.89,-6.949,-7.329,250,375,-1,0,0,0
285.401,183.561,-6.949,-7.329,245,375,-1,0,0,0
278.452,176.232,-6.949,-7.329,240,375,-1,0,0,0
271.503,168.902,-6.949,-7.329,235,375,-1,0,0,0
264.554,161.573,-6.949,-7.329,230,375,-1,0,0,0
257.605,154.244,-6.949,-7.329,225,375,-1,0,0,0
250.655,146.915,-6.949,-7.329,220,375,-1,0,0,0
243.706,139.585,-6.949,-7.329,215,375,-1,0,0,0
236.757,132.256,-6.949,-7.329,210,375,-1,0,0,0
229.808,124.927,-6.949,-7.329,205,375,-1,0,0,0
222.858,117.598,-6.949,-7.329,200,375,-1,0,0,0
215.909,110.268,-6.949,-7.329,195,375,-1,0,0,0
208.96,102.939,-6.949,-7.329,190,375,-1,0,0,0
202.011,95.61,-6.949,-7.329,185,375,-1,0,0,0
195.061,88.28,-6.949,-7.329,180,375,-1,0,0,0
188.112,80.951,-6.949,-7.329,175,375,-1,0,0,0
181.163,73.622,-6.949,-7.329,170,375,-1,0,0,0
174.214,66.293,-6.949,-7.329,165,375,-1,0,0,0
167.265,58.963,-6.949,-7.329,160,375,-1,0,0,0
160.315,51.634,-6.949,-7.329,155,375,-1,0,0,0
153.366,44.305,-6.949,-7.329,150,375,-1,0,0,0
146.417,36.976,-6.949,-7.329,145,375,-1,0,0,0
139.468,29.646,-6.949,-7.329,140,375,-1,0,0,0
132.518,22.317,-6.949,-7.329,135,375,-1,0,0,0
125.569,14.988,-6.949,-7.329,130,375,-1,0,0,0
118.62,7.659,-6.949,-7.329,125,375,-1,0,0,0
111.671,6.0,-6.949,7.329,120,375,-1,0,0,0
104.721,13.329,-6.949,7.329,115,375,-1,0,0,0
97.772,20.659,-6.949,7.329,110,375,-1,0,0,0
90.823,27.988,-6.949,7.329,105,375,-1,0,0,0
83.874,35.317,-6.949,7.329,100,375,-1,0,0,0
76.925,42.646,-6.949,7.329,95,375,-1,0,0,0
69.975,49.976,-6.949,7.329,90,375,-1,0,0,0
63.026,57.305,-6.949,7.329,85,375,-1,0,0,0
56.077,64.634,-6.949,7.329,80,375,-1,0,0,0
49.128,71.963,-6.949,7.329,75,375,-1,0,0,0
49.0,79.293,7.216,-7.489,70,375,-1,0,0,0
56.216,71.804,7.216,-7.489,65,375,-1,0,0,0
63.433,64.315,7.216,-7.489,60,375,-1,0,0,0
70.649,56.826,7.216,-7.489,55,375,-1,0,0,0
77.866,49.337,7.216,-7.489,50,375,-1,0,0,0
85.082,41.849,7.216,-7.489,45,375,-1,0,0,0
92.299,34.36,7.216,-7.489,40,375,-1,0,0,0
99.515,26.871,7.216,-7.489,35,375,-1,0,0,0
106.732,19.382,7.216,-7.489,30,375,-1,0,0,0
113.948,11.893,7.216,-7.489,30,375,0,0,0,0
121.165,6.0,7.216,7.489,35,375,1,0,0,0
128.381,13.489,7.216,7.489,40,375,1,0,0,0
135.598,20.978,7.216,7.489,45,375,1,0,0,0
142.814,28.466,7.216,7.489,50,375,1,0,0,0
150.031,35.955,7.216,7.489,55,375,1,0,0,0
157.247,43.444,7.216,7.489,60,375,1,0,0,0
164.464,50.933,7.216,7.489,65,375,1,0,0,0
171.68,58.422,7.216,7.489,70,375,1,0,0,0
178.897,65.911,7.216,7.489,75,375,1,0,0,0
186.113,73.399,7.216,7.489,80,375,1,0,0,0
193.33,80.888,7.216,7.489,85,375,1,0,0,0
200.546,88.377,7.216,7.489,90,375,1,0,0,0
207.763,95.866,7.216,7.489,95,375,1,0,0,0
214.979,103.355,7.216,7.489,100,375,1,0,0,0
222.196,110.843,7.216,7.489,105,375,1,0,0,0
229.412,118.332,7.216,7.489,110,375,1,0,0,0
236.629,125.821,7.216,7.489,115,375,1,0,0,0
243.845,133.31,7.216,7.489,120,375,1,0,0,0
251.061,140.799,7.216,7.489,125,375,1,0,0,0
258.278,148.288,7.216,7.489,130,375,1,0,0,0
265.494,155.776,7.216,7.489,135,375,1,0,0,0
272.711,163.265,7.216,7.489,140,375,1,0,0,0
279.927,170.754,7.216,7.489,145,375,1,0,0,0
287.144,178.243,7.216,7.489,150,375,1,0,0,0
294.36,185.732,7.216,7.489,155,375,1,0,0,0
301.577,193.22,7.216,7.489,160,375,1,0,0,0
308.793,200.709,7.216,7.489,165,375,1,0,0,0
316.01,208.198,7.216,7.489,170,375,1,0,0,0
323.226,215.687,7.216,7.489,175,375,1,0,0,0
330.443,223.176,7.216,7.489,180,375,1,0,0,0
337.659,230.665,7.216,7.489,185,375,1,0,0,0
344.876,238.153,7.216,7.489,190,375,1,0,0,0
352.092,245.642,7.216,7.489,195,375,1,0,0,0
359.309,253.131,7.216,7.489,200,375,1,0,0,0
366.525,260.62,7.216,7.489,205,375,1,0,0,0
373.742,268.109,7.216,7.489,210,375,1,0,0,0
380.958,275.597,7.216,7.489,215,375,1,0,0,0
388.175,283.086,7.216,7.489,220,375,1,0,0,0
395.391,290.575,7.216,7.489,225,375,1,0,0,0
402.608,298.064,7.216,7.489,230,375,1,0,0,0
409.824,305.553,7.216,7.489,235,375,1,0,0,0
417.041,313.042,7.216,7.489,240,375,1,0,0,0
424.257,320.53,7.216,7.489,245,375,1,0,0,0
431.474,328.019,7.216,7.489,250,375,1,0,0,0
438.69,335.508,7.216,7.489,255,375,1,0,0,0
445.907,342.997,7.216,7.489,260,375,1,0,0,0
453.123,350.486,7.216,7.489,265,375,1,0,0,0
460.339,357.974,7.216,7.489,270,375,1,0,0,0
467.556,365.463,7.216,7.489,275,375,1,0,0,0
474.772,372.952,7.216,7.489,280,375,1,0,0,0
481.989,380.441,7.216,7.489,285,375,1,0,0,0
489.205,387.93,7.216,7.489,290,375,1,0,0,0
496.422,395.419,7.216,7.489,295,375,1,0,0,0
503.638,402.907,7.216,7.489,300,375,1,0,0,0
510.855,410.396,7.216,7.489,305,375,1,0,0,0
518.071,417.885,7.216,7.489,310,375,1,0,0,0
525.288,425.374,7.216,7.489,315,375,1,0,0,0
532.504,432.863,7.216,7.489,320,375,1,0,0,0
539.721,440.351,7.216,7.489,325,375,1,0,0,0
546.937,447.84,7.216,7.489,330,375,1,0,0,0
554.154,455.329,7.216,7.489,335,375,1,0,0,0
561.37,462.818,7.216,7.489,340,375,1,0,0,0
568.587,470.307,7.216,7.489,345,375,1,0,0,0
575.803,477.796,7.216,7.489,350,375,1,0,0,0
583.02,485.284,7.216,7.489,355,375,1,0,0,0
590.236,492.773,7.216,7.489,360,375,1,0,0,0
597.453,500.262,7.216,7.489,365,375,1,0,0,0
604.669,507.751,7.216,7.489,370,375,1,0,0,0
611.886,515.24,7.216,7.489,375,375,1,0,0,0
619.102,522.728,7.216,7.489,380,375,1,0,0,0
626.319,530.217,7.216,7.489,385,375,1,0,0,0
633.535,537.706,7.216,7.489,390,375,1,0,0,0
640.752,545.195,7.216,7.489,395,375,1,0,0,0
647.968,552.684,7.216,7.489,400,375,1,0,0,0
655.184,560.172,7.216,7.489,405,375,1,0,0,0
662.401,567.661,7.216,7.489,410,375,1,0,0,0
669.617,575.15,7.216,7.489,415,375,1,0,0,0
676.834,582.639,7.216,7.489,420,375,1,0,0,0
684.05,590.128,7.216,7.489,425,375,1,0,0,0
691.267,594.0,7.216,-7.489,430,375,1,0,0,0
698.483,586.511,7.216,-7.489,435,375,1,0,0,0
705.7,579.022,7.216,-7.489,440,375,1,0,0,0
712.916,571.534,7.216,-7.489,445,375,1,0,0,0
720.133,564.045,7.216,-7.489,450,375,1,0,0,0
727.349,556.556,7.216,-7.489,455,375,1,0,0,0
734.566,549.067,7.216,-7.489,460,375,1,0,0,0
741.782,541.578,7.216,-7.489,465,375,1,0,0,0
748.999,534.089,7.216,-7.489,470,375,1,0,0,0
756.215,526.601,7.216,-7.489,470,370,0,-1,0,0
763.432,519.112,7.216,-7.489,470,365,0,-1,0,0
770.648,511.623,7.216,-7.489,470,360,0,-1,0,0
777.865,504.134,7.216,-7.489,470,355,0,-1,0,0
785.081,496.645,7.216,-7.489,470,350,0,-1,0,0
792.298,489.157,7.216,-7.489,470,345,0,-1,0,0
799.514,481.668,7.216,-7.489,470,340,0,-1,0,0
400.0,300.0,-4.974,-0.508,470,335,0,-1,1,0
395.026,299.492,-4.974,-0.508,470,335,0,0,0,0
390.052,298.983,-4.974,-0.508,470,335,0,0,0,0
385.078,298.475,-4.974,-0.508,470,335,0,0,0,0
380.104,297.967,-4.974,-0.508,470,335,0,0,0,0
375.13,297.458,-4.974,-0.508,470,335,0,0,0,0
370.155,296.95,-4.974,-0.508,470,335,0,0,0,0
365.181,296.441,-4.974,-0.508,470,335,0,0,0,0
360.207,295.933,-4.974,-0.508,470,335,0,0,0,0
355.233,295.425,-4.974,-0.508,470,335,0,0,0,0
350.259,294.916,-4.974,-0.508,470,335,0,0,0,0
345.285,294.408,-4.974,-0.508,470,335,0,0,0,0
340.311,293.9,-4.974,-0.508,470,335,0,0,0,0
335.337,293.391,-4.974,-0.508,470,340,0,1,0,0
330.363,292.883,-4.974,-0.508,470,345,0,1,0,0
325.389,292.374,-4.974,-0.508,470,350,0,1,0,0
320.415,291.866,-4.974,-0.508,470,355,0,1,0,0
315.44,291.358,-4.974,-0.508,470,360,0,1,0,0
310.466,290.849,-4.974,-0.508,470,365,0,1,0,0
305.492,290.341,-4.974,-0.508,470,370,0,1,0,0
300.518,289.833,-4.974,-0.508,470,375,0,1,0,0
295.544,289.324,-4.974,-0.508,470,380,0,1,0,0
290.57,288.816,-4.974,-0.508,465,385,-1,1,0,0
285.596,288.307,-4.974,-0.508,460,390,-1,1,0,0
280.622,287.799,-4.974,-0.508,455,395,-1,1,0,0
275.648,287.291,-4.974,-0.508,450,395,-1,0,0,0
270.674,286.782,-4.974,-0.508,445,395,-1,0,0,0
265.7,286.274,-4.974,-0.508,440,395,-1,0,0,0
260.726,285.766,-4.974,-0.508,435,395,-1,0,0,0
255.751,285.257,-4.974,-0.508,430,395,-1,0,0,0
250.777,284.749,-4.974,-0.508,425,395,-1,0,0,0
245.803,284.24,-4.974,-0.508,420,395,-1,0,0,0
240.829,283.732,-4.974,-0.508,415,395,-1,0,0,0
235.855,283.224,-4.974,-0.508,410,395,-1,0,0,0
230.881,282.715,-4.974,-0.508,405,395,-1,0,0,0
225.907,282.207,-4.974,-0.508,400,395,-1,0,0,0
220.933,281.699,-4.974,-0.508,395,395,-1,0,0,0
215.959,281.19,-4.974,-0.508,390,395,-1,0,0,0
210.985,280.682,-4.974,-0.508,385,395,-1,0,0,0
206.011,280.173,-4.974,-0.508,380,390,-1,-1,0,0
201.036,279.665,-4.974,-0.508,375,385,-1,-1,0,0
196.062,279.157,-4.974,-0.508,370,380,-1,-1,0,0
191.088,278.648,-4.974,-0.508,365,375,-1,-1,0,0
186.114,278.14,-4.974,-0.508,360,370,-1,-1,0,0
181.14,277.632,-4.974,-0.508,355,365,-1,-1,0,0
176.166,277.123,-4.974,-0.508,350,360,-1,-1,0,0
171.192,276.615,-4.974,-0.508,345,355,-1,-1,0,0
166.218,276.106,-4.974,-0.508,340,350,-1,-1,0,0
161.244,275.598,-4.974,-0.508,335,345,-1,-1,0,0
156.27,275.09,-4.974,-0.508,330,340,-1,-1,0,0
151.296,274.581,-4.974,-0.508,325,335,-1,-1,0,0
146.321,274.073,-4.974,-0.508,320,330,-1,-1,0,0
141.347,273.565,-4.974,-0.508,315,325,-1,-1,0,0
136.373,273.056,-4.974,-0.508,310,320,-1,-1,0,0
131.399,272.548,-4.974,-0.508,305,315,-1,-1,0,0
126.425,272.039,-4.974,-0.508,300,310,-1,-1,0,0
121.451,271.531,-4.974,-0.508,295,305,-1,-1,0,0
116.477,271.023,-4.974,-0.508,290,300,-1,-1,0,0
111.503,270.514,-4.974,-0.508,285,295,-1,-1,0,0
106.529,270.006,-4.974,-0.508,280,290,-1,-1,0,0
101.555,269.498,-4.974,-0.508,275,285,-1,-1,0,0
96.581,268.989,-4.974,-0.508,270,280,-1,-1,0,0
91.607,268.481,-4.974,-0.508,265,275,-1,-1,0,0
86.632,267.972,-4.974,-0.508,260,270,-1,-1,0,0
81.658,267.464,-4.974,-0.508,255,265,-1,-1,0,0
76.684,266.956,-4.974,-0.508,250,260,-1,-1,0,0
71.71,266.447,-4.974,-0.508,245,255,-1,-1,0,0
66.736,265.939,-4.974,-0.508,240,250,-1,-1,0,0
61.762,265.431,-4.974,-0.508,235,245,-1,-1,0,0
56.788,264.922,-4.974,-0.508,230,240,-1,-1,0,0
51.814,264.414,-4.974,-0.508,225,235,-1,-1,0,0
49.0,263.905,5.272,0.541,220,230,-1,-1,0,0
54.272,264.446,5.272,0.541,215,225,-1,-1,0,0
59.545,264.987,5.272,0.541,210,220,-1,-1,0,0
64.817,265.528,5.272,0.541,205,215,-1,-1,0,0
70.089,266.069,5.272,0.541,200,210,-1,-1,0,0
75.362,266.61,5.272,0.541,200,205,0,-1,0,0
80.634,267.151,5.272,0.541,200,200,0,-1,0,0
85.906,267.692,5.272,0.541,200,195,0,-1,0,0
91.179,268.233,5.272,0.541,200,190,0,-1,0,0
96.451,268.774,5.272,0.541,205,185,1,-1,0,0
101.723,269.315,5.272,0.541,210,180,1,-1,0,0
106.996,269.856,5.272,0.541,215,180,1,0,0,0
112.268,270.397,5.272,0.541,220,180,1,0,0,0
117.54,270.938,5.272,0.541,225,180,1,0,0,0
122.812,271.479,5.272,0.541,230,180,1,0,0,0
128.085,272.02,5.272,0.541,235,180,1,0,0,0
133.357,272.561,5.272,0.541,240,180,1,0,0,0
138.629,273.102,5.272,0.541,245,180,1,0,0,0
143.902,273.643,5.272,0.541,250,185,1,1,0,0
149.174,274.184,5.272,0.541,255,190,1,1,0,0
154.446,274.725,5.272,0.541,260,195,1,1,0,0
159.719,275.266,5.272,0.541,265,200,1,1,0,0
164.991,275.807,5.272,0.541,270,205,1,1,0,0
170.263,276.348,5.272,0.541,275,210,1,1,0,0
175.536,276.888,5.272,0.541,280,215,1,1,0,0
180.808,277.429,5.272,0.541,285,220,1,1,0,0
186.08,277.97,5.272,0.541,290,225,1,1,0,0
191.353,278.511,5.272,0.541,295,230,1,1,0,0
196.625,279.052,5.272,0.541,300,235,1,1,0,0
201.897,279.593,5.272,0.541,305,240,1,1,0,0
207.17,280.134,5.272,0.541,310,245,1,1,0,0
212.442,280.675,5.272,0.541,315,250,1,1,0,0
217.714,281.216,5.272,0.541,320,255,1,1,0,0
222.987,281.757,5.272,0.541,325,255,1,0,0,0
228.259,282.298,5.272,0.541,330,255,1,0,0,0
233.531,282.839,5.272,0.541,335,255,1,0,0,0
238.804,283.38,5.272,0.541,340,255,1,0,0,0
244.076,283.921,5.272,0.541,345,255,1,0,0,0
249.348,284.462,5.272,0.541,350,255,1,0,0,0
254.621,285.003,5.272,0.541,355,255,1,0,0,0
259.893,285.544,5.272,0.541,360,255,1,0,0,0
265.165,286.085,5.272,0.541,365,255,1,0,0,0
270.437,286.626,5.272,0.541,370,255,1,0,0,0
275.71,287.167,5.272,0.541,375,255,1,0,0,0
280.982,287.708,5.272,0.541,375,255,0,0,0,0
286.254,288.249,5.272,0.541,375,255,0,0,0,0
291.527,288.79,5.272,0.541,375,255,0,0,0,0
296.799,289.331,5.272,0.541,375,255,0,0,0,0
302.071,289.871,5.272,0.541,375,255,0,0,0,0
307.344,290.412,5.272,0.541,375,255,0,0,0,0
312.616,290.953,5.272,0.541,375,255,0,0,0,0
317.888,291.494,5.272,0.541,375,255,0,0,0,0
323.161,292.035,5.272,0.541,375,255,0,0,0,0
328.433,292.576,5.272,0.541,375,250,0,-1,0,0
333.705,293.117,5.272,0.541,375,245,0,-1,0,0
338.978,293.658,5.272,0.541,375,240,0,-1,0,0
344.25,294.199,5.272,0.541,375,235,0,-1,0,0
349.522,294.74,5.272,0.541,370,230,-1,-1,0,0
354.795,295.281,5.272,0.541,365,225,-1,-1,0,0
360.067,295.822,5.272,0.541,360,220,-1,-1,0,0
365.339,296.363,5.272,0.541,355,215,-1,-1,0,0
370.612,296.904,5.272,0.541,350,210,-1,-1,0,0
375.884,297.445,5.272,0.541,345,205,-1,-1,0,0
381.156,297.986,5.272,0.541,340,200,-1,-1,0,0
386.429,298.527,5.272,0.541,335,195,-1,-1,0,0
391.701,299.068,5.272,0.541,330,195,-1,0,0,0
396.973,299.609,5.272,0.541,325,195,-1,0,0,0
402.245,300.15,5.272,0.541,320,195,-1,0,0,0
407.518,300.691,5.272,0.541,315,195,-1,0,0,0
412.79,301.232,5.272,0.541,310,195,-1,0,0,0
418.062,301.773,5.272,0.541,305,195,-1,0,0,0
423.335,302.313,5.272,0.541,300,195,-1,0,0,0
428.607,302.854,5.272,0.541,295,195,-1,0,0,0
433.879,303.395,5.272,0.541,290,195,-1,0,0,0
439.152,303.936,5.272,0.541,285,195,-1,0,0,0
444.424,304.477,5.272,0.541,280,195,-1,0,0,0
449.696,305.018,5.272,0.541,275,195,-1,0,0,0
454.969,305.559,5.272,0.541,270,195,-1,0,0,0
460.241,306.1,5.272,0.541,265,195,-1,0,0,0
465.513,306.641,5.272,0.541,260,195,-1,0,0,0
470.786,307.182,5.272,0.541,260,195,0,0,0,0
476.058,307.723,5.272,0.541,260,195,0,0,0,0
481.33,308.264,5.272,0.541,260,200,0,1,0,0
486.603,308.805,5.272,0.541,260,205,0,1,0,0
491.875,309.346,5.272,0.541,260,210,0,1,0,0
497.147,309.887,5.272,0.541,260,215,0,1,0,0
502.42,310.428,5.272,0.541,260,220,0,1,0,0
507.692,310.969,5.272,0.541,260,225,0,1,0,0
512.964,311.51,5.272,0.541,260,230,0,1,0,0
518.237,312.051,5.272,0.541,260,235,0,1,0,0
523.509,312.592,5.272,0.541,260,240,0,1,0,0
528.781,313.133,5.272,0.541,260,245,0,1,0,0
534.053,313.674,5.272,0.541,260,245,0,0,0,0
539.326,314.215,5.272,0.541,260,245,0,0,0,0
544.598,314.756,5.272,0.541,260,245,0,0,0,0
549.87,315.296,5.272,0.541,260,245,0,0,0,0
555.143,315.837,5.272,0.541,260,245,0,0,0,0
560.415,316.378,5.272,0.541,260,245,0,0,0,0
565.687,316.919,5.272,0.541,260,245,0,0,0,0
570.96,317.46,5.272,0.541,260,245,0,0,0,0
576.232,318.001,5.272,0.541,260,245,0,0,0,0
581.504,318.542,5.272,0.541,260,245,0,0,0,0
586.777,319.083,5.272,0.541,265,245,1,0,0,0
592.049,319.624,5.272,0.541,270,245,1,0,0,0
597.321,320.165,5.272,0.541,275,245,1,0,0,0
602.594,320.706,5.272,0.541,280,245,1,0,0,0
607.866,321.247,5.272,0.541,285,245,1,0,0,0
613.138,321.788,5.272,0.541,285,245,0,0,0,0
618.411,322.329,5.272,0.541,285,245,0,0,0,0
623.683,322.87,5.272,0.541,285,245,0,0,0,0
628.955,323.411,5.272,0.541,285,245,0,0,0,0
634.228,323.952,5.272,0.541,285,245,0,0,0,0
639.5,324.493,5.272,0.541,285,245,0,0,0,0
644.772,325.034,5.272,0.541,285,245,0,0,0,0
650.045,325.575,5.272,0.541,285,245,0,0,0,0
655.317,326.116,5.272,0.541,285,250,0,1,0,0
660.589,326.657,5.272,0.541,285,255,0,1,0,0
665.862,327.198,5.272,0.541,285,260,0,1,0,0
671.134,327.739,5.272,0.541,285,265,0,1,0,0
676.406,328.279,5.272,0.541,285,270,0,1,0,0
681.678,328.82,5.272,0.541,285,275,0,1,0,0
686.951,329.361,5.272,0.541,285,280,0,1,0,0
692.223,329.902,5.272,0.541,285,285,0,1,0,0
697.495,330.443,5.272,0.541,285,290,0,1,0,0
702.768,330.984,5.272,0.541,285,295,0,1,0,0
708.04,331.525,5.272,0.541,285,300,0,1,0,0
713.312,332.066,5.272,0.541,285,305,0,1,0,0
718.585,332.607,5.272,0.541,285,310,0,1,0,0
723.857,333.148,5.272,0.541,285,315,0,1,0,0
729.129,333.689,5.272,0.541,285,320,0,1,0,0
734.402,334.23,5.272,0.541,285,325,0,1,0,0
739.674,334.771,5.272,0.541,285,330,0,1,0,0
744.946,335.312,5.272,0.541,285,335,0,1,0,0
750.219,335.853,5.272,0.541,290,340,1,1,0,0
755.491,336.394,5.272,0.541,295,345,1,1,0,0
760.763,336.935,5.272,0.541,300,350,1,1,0,0
766.036,337.476,5.272,0.541,305,355,1,1,0,0
771.308,338.017,5.272,0.541,305,360,0,1,0,0
776.58,338.558,5.272,0.541,305,365,0,1,0,0
781.853,339.099,5.272,0.541,305,365,0,0,0,0
787.125,339.64,5.272,0.541,305,365,0,0,0,0
792.397,340.181,5.272,0.541,305,365,0,0,0,0
797.67,340.721,5.272,0.541,305,365,0,0,0,0
802.942,341.262,5.272,0.541,305,365,0,0,0,0
400.0,300.0,-3.871,-3.164,305,365,0,0,1,0
396.129,296.836,-3.871,-3.164,305,365,0,0,0,0
392.257,293.671,-3.871,-3.164,305,365,0,0,0,0
388.386,290.507,-3.871,-3.164,305,365,0,0,0,0
384.515,287.342,-3.871,-3.164,305,365,0,0,0,0
380.644,284.178,-3.871,-3.164,305,365,0,0,0,0
376.772,281.014,-3.871,-3.164,305,365,0,0,0,0
372.901,277.849,-3.871,-3.164,305,365,0,0,0,0
369.03,274.685,-3.871,-3.164,305,365,0,0,0,0
365.159,271.521,-3.871,-3.164,305,365,0,0,0,0
361.287,268.356,-3.871,-3.164,305,365,0,0,0,0
357.416,265.192,-3.871,-3.164,305,365,0,0,0,0
353.545,262.027,-3.871,-3.164,305,365,0,0,0,0
349.674,258.863,-3.871,-3.164,305,365,0,0,0,0
345.802,255.699,-3.871,-3.164,305,365,0,0,0,0
341.931,252.534,-3.871,-3.164,305,365,0,0,0,0
338.06,249.37,-3.871,-3.164,305,365,0,0,0,0
334.189,246.205,-3.871,-3.164,305,365,0,0,0,0
330.317,243.041,-3.871,-3.164,305,365,0,0,0,0
326.446,239.877,-3.871,-3.164,305,365,0,0,0,0
322.575,236.712,-3.871,-3.164,305,365,0,0,0,0
318.703,233.548,-3.871,-3.164,305,365,0,0,0,0
314.832,230.384,-3.871,-3.164,305,365,0,0,0,0
310.961,227.219,-3.871,-3.164,305,365,0,0,0,0
307.09,224.055,-3.871,-3.164,305,365,0,0,0,0
303.218,220.89,-3.871,-3.164,305,365,0,0,0,0
299.347,217.726,-3.871,-3.164,305,365,0,0,0,0
295.476,214.562,-3.871,-3.164,305,365,0,0,0,0
291.605,211.397,-3.871,-3.164,300,365,-1,0,0,0
287.733,208.233,-3.871,-3.164,295,365,-1,0,0,0
283.862,205.068,-3.871,-3.164,290,365,-1,0,0,0
279.991,201.904,-3.871,-3.164,285,365,-1,0,0,0
276.12,198.74,-3.871,-3.164,280,365,-1,0,0,0
272.248,195.575,-3.871,-3.164,275,365,-1,0,0,0
268.377,192.411,-3.871,-3.164,270,365,-1,0,0,0
264.506,189.247,-3.871,-3.164,265,365,-1,0,0,0
260.635,186.082,-3.871,-3.164,260,365,-1,0,0,0
256.763,182.918,-3.871,-3.164,255,365,-1,0,0,0
252.892,179.753,-3.871,-3.164,250,365,-1,0,0,0
249.021,176.589,-3.871,-3.164,245,365,-1,0,0,0
245.15,173.425,-3.871,-3.164,240,365,-1,0,0,0
241.278,170.26,-3.871,-3.164,235,365,-1,0,0,0
237.407,167.096,-3.871,-3.164,230,365,-1,0,0,0
233.536,163.931,-3.871,-3.164,225,365,-1,0,0,0
229.664,160.767,-3.871,-3.164,220,365,-1,0,0,0
225.793,157.603,-3.871,-3.164,215,365,-1,0,0,0
221.922,154.438,-3.871,-3.164,210,365,-1,0,0,0
218.051,151.274,-3.871,-3.164,205,365,-1,0,0,0
214.179,148.11,-3.871,-3.164,200,365,-1,0,0,0
210.308,144.945,-3.871,-3.164,195,365,-1,0,0,0
206.437,141.781,-3.871,-3.164,190,365,-1,0,0,0
202.566,138.616,-3.871,-3.164,185,365,-1,0,0,0
198.694,135.452,-3.871,-3.164,180,365,-1,0,0,0
194.823,132.288,-3.871,-3.164,175,365,-1,0,0,0
190.952,129.123,-3.871,-3.164,170,365,-1,0,0,0
187.081,125.959,-3.871,-3.164,165,365,-1,0,0,0
183.209,122.794,-3.871,-3.164,160,365,-1,0,0,0
179.338,119.63,-3.871,-3.164,155,365,-1,0,0,0
175.467,116.466,-3.871,-3.164,150,365,-1,0,0,0
171.596,113.301,-3.871,-3.164,145,365,-1,0,0,0
167.724,110.137,-3.871,-3.164,140,365,-1,0,0,0
163.853,106.973,-3.871,-3.164,135,365,-1,0,0,0
159.982,103.808,-3.871,-3.164,130,365,-1,0,0,0
156.11,100.644,-3.871,-3.164,125,365,-1,0,0,0
152.239,97.479,-3.871,-3.164,120,365,-1,0,0,0
148.368,94.315,-3.871,-3.164,115,365,-1,0,0,0
144.497,91.151,-3.871,-3.164,110,365,-1,0,0,0
140.625,87.986,-3.871,-3.164,105,365,-1,0,0,0
136.754,84.822,-3.871,-3.164,100,365,-1,0,0,0
132.883,81.657,-3.871,-3.164,95,365,-1,0,0,0
129.012,78.493,-3.871,-3.164,90,365,-1,0,0,0
125.14,75.329,-3.871,-3.164,85,365,-1,0,0,0
121.269,72.164,-3.871,-3.164,80,365,-1,0,0,0
117.398,69.0,-3.871,-3.164,75,365,-1,0,0,0
113.527,65.836,-3.871,-3.164,70,365,-1,0,0,0
109.655,62.671,-3.871,-3.164,65,365,-1,0,0,0
105.784,59.507,-3.871,-3.164,60,365,-1,0,0,0
101.913,56.342,-3.871,-3.164,55,365,-1,0,0,0
98.042,53.178,-3.871,-3.164,50,365,-1,0,0,0
94.17,50.014,-3.871,-3.164,45,365,-1,0,0,0
90.299,46.849,-3.871,-3.164,40,365,-1,0,0,0
86.428,43.685,-3.871,-3.164,35,365,-1,0,0,0
82.556,40.52,-3.871,-3.164,30,365,-1,0,0,0
78.685,37.356,-3.871,-3.164,25,365,-1,0,0,0
74.814,34.192,-3.871,-3.164,20,365,-1,0,0,0
70.943,31.027,-3.871,-3.164,15,365,-1,0,0,0
67.071,27.863,-3.871,-3.164,10,365,-1,0,0,0
63.2,24.699,-3.871,-3.164,5,365,-1,0,0,0
59.329,21.534,-3.871,-3.164,0,365,-1,0,0,0
55.458,18.37,-3.871,-3.164,0,365,-1,0,0,0
51.586,15.205,-3.871,-3.164,0,365,-1,0,0,0
49.0,12.041,3.942,-3.542,0,365,-1,0,0,0
52.942,8.499,3.942,-3.542,5,365,1,0,0,0
56.885,6.0,3.942,3.542,10,365,1,0,0,0
60.827,9.542,3.942,3.542,15,365,1,0,0,0
64.77,13.084,3.942,3.542,20,365,1,0,0,0
68.712,16.626,3.942,3.542,25,365,1,0,0,0
72.655,20.169,3.942,3.542,30,365,1,0,0,0
76.597,23.711,3.942,3.542,35,365,1,0,0,0
80.54,27.253,3.942,3.542,40,365,1,0,0,0
84.482,30.795,3.942,3.542,45,365,1,0,0,0
88.425,34.337,3.942,3.542,50,365,1,0,0,0
92.367,37.879,3.942,3.542,55,365,1,0,0,0
96.31,41.422,3.942,3.542,60,365,1,0,0,0
100.252,44.964,3.942,3.542,65,365,1,0,0,0
104.195,48.506,3.942,3.542,70,365,1,0,0,0
108.137,52.048,3.942,3.542,75,365,1,0,0,0
112.08,55.59,3.942,3.542,80,365,1,0,0,0
116.022,59.132,3.942,3.542,85,365,1,0,0,0
119.965,62.675,3.942,3.542,90,365,1,0,0,0
123.907,66.217,3.942,3.542,95,365,1,0,0,0
127.85,69.759,3.942,3.542,100,365,1,0,0,0
131.792,73.301,3.942,3.542,105,365,1,0,0,0
135.734,76.843,3.942,3.542,110,365,1,0,0,0
139.677,80.385,3.942,3.542,115,365,1,0,0,0
143.619,83.927,3.942,3.542,120,365,1,0,0,0
147.562,87.47,3.942,3.542,125,365,1,0,0,0
151.504,91.012,3.942,3.542,130,365,1,0,0,0
155.447,94.554,3.942,3.542,135,365,1,0,0,0
159.389,98.096,3.942,3.542,140,365,1,0,0,0
163.332,101.638,3.942,3.542,145,365,1,0,0,0
167.274,105.18,3.942,3.542,150,365,1,0,0,0
171.217,108.723,3.942,3.542,155,365,1,0,0,0
175.159,112.265,3.942,3.542,160,365,1,0,0,0
179.102,115.807,3.942,3.542,165,365,1,0,0,0
183.044,119.349,3.942,3.542,170,365,1,0,0,0
186.987,122.891,3.942,3.542,175,365,1,0,0,0
190.929,126.433,3.942,3.542,180,365,1,0,0,0
194.872,129.976,3.942,3.542,185,365,1,0,0,0
198.814,133.518,3.942,3.542,190,365,1,0,0,0
202.757,137.06,3.942,3.542,195,365,1,0,0,0
206.699,140.602,3.942,3.542,200,365,1,0,0,0
210.641,144.144,3.942,3.542,205,365,1,0,0,0
214.584,147.686,3.942,3.542,210,365,1,0,0,0
218.526,151.229,3.942,3.542,215,365,1,0,0,0
222.469,154.771,3.942,3.542,220,365,1,0,0,0
226.411,158.313,3.942,3.542,225,365,1,0,0,0
230.354,161.855,3.942,3.542,225,365,0,0,0,0
234.296,165.397,3.942,3.542,225,365,0,0,0,0
238.239,168.939,3.942,3.542,225,365,0,0,0,0
242.181,172.481,3.942,3.542,225,365,0,0,0,0
246.124,176.024,3.942,3.542,225,365,0,0,0,0
250.066,179.566,3.942,3.542,225,365,0,0,0,0
254.009,183.108,3.942,3.542,225,365,0,0,0,0
257.951,186.65,3.942,3.542,225,365,0,0,0,0
261.894,190.192,3.942,3.542,225,365,0,0,0,0
265.836,193.734,3.942,3.542,225,365,0,0,0,0
269.779,197.277,3.942,3.542,225,365,0,0,0,0
273.721,200.819,3.942,3.542,225,365,0,0,0,0
277.664,204.361,3.942,3.542,225,365,0,0,0,0
281.606,207.903,3.942,3.542,225,365,0,0,0,0
285.549,211.445,3.942,3.542,225,365,0,0,0,0
289.491,214.987,3.942,3.542,225,365,0,0,0,0
293.433,218.53,3.942,3.542,225,365,0,0,0,0
297.376,222.072,3.942,3.542,225,365,0,0,0,0
301.318,225.614,3.942,3.542,225,365,0,0,0,0
305.261,229.156,3.942,3.542,225,365,0,0,0,0
309.203,232.698,3.942,3.542,225,365,0,0,0,0
313.146,236.24,3.942,3.542,225,365,0,0,0,0
317.088,239.782,3.942,3.542,225,365,0,0,0,0
321.031,243.325,3.942,3.542,225,365,0,0,0,0
324.973,246.867,3.942,3.542,225,365,0,0,0,0
328.916,250.409,3.942,3.542,225,365,0,0,0,0
332.858,253.951,3.942,3.542,225,365,0,0,0,0
336.801,257.493,3.942,3.542,225,365,0,0,0,0
340.743,261.035,3.942,3.542,225,365,0,0,0,0
344.686,264.578,3.942,3.542,230,365,1,0,0,0
348.628,268.12,3.942,3.542,235,365,1,0,0,0
352.571,271.662,3.942,3.542,240,365,1,0,0,0
356.513,275.204,3.942,3.542,245,365,1,0,0,0
360.456,278.746,3.942,3.542,250,365,1,0,0,0
364.398,282.288,3.942,3.542,255,365,1,0,0,0
368.34,285.831,3.942,3.542,260,370,1,1,0,0
372.283,289.373,3.942,3.542,265,375,1,1,0,0
376.225,292.915,3.942,3.542,270,380,1,1,0,0
380.168,296.457,3.942,3.542,275,385,1,1,0,0
384.11,299.999,3.942,3.542,280,390,1,1,0,0
388.053,303.541,3.942,3.542,285,395,1,1,0,0
391.995,307.083,3.942,3.542,290,400,1,1,0,0
395.938,310.626,3.942,3.542,295,405,1,1,0,0
399.88,314.168,3.942,3.542,300,410,1,1,0,0
403.823,317.71,3.942,3.542,305,415,1,1,0,0
407.765,321.252,3.942,3.542,310,420,1,1,0,0
411.708,324.794,3.942,3.542,315,425,1,1,0,0
415.65,328.336,3.942,3.542,320,430,1,1,0,0
419.593,331.879,3.942,3.542,325,435,1,1,0,0
423.535,335.421,3.942,3.542,330,440,1,1,0,0
427.478,338.963,3.942,3.542,330,440,0,0,0,0
431.42,342.505,3.942,3.542,330,440,0,0,0,0
435.363,346.047,3.942,3.542,330,440,0,0,0,0
439.305,349.589,3.942,3.542,330,440,0,0,0,0
443.248,353.132,3.942,3.542,330,440,0,0,0,0
447.19,356.674,3.942,3.542,330,440,0,0,0,0
451.132,360.216,3.942,3.542,330,445,0,1,0,0
455.075,363.758,3.942,3.542,330,450,0,1,0,0
459.017,367.3,3.942,3.542,330,455,0,1,0,0
462.96,370.842,3.942,3.542,330,460,0,1,0,0
466.902,374.385,3.942,3.542,330,465,0,1,0,0
470.845,377.927,3.942,3.542,330,470,0,1,0,0
474.787,381.469,3.942,3.542,330,475,0,1,0,0
478.73,385.011,3.942,3.542,330,480,0,1,0,0
482.672,388.553,3.942,3.542,330,485,0,1,0,0
486.615,392.095,3.942,3.542,330,490,0,1,0,0
490.557,395.637,3.942,3.542,330,495,0,1,0,0
494.5,399.18,3.942,3.542,330,500,0,1,0,0
498.442,402.722,3.942,3.542,330,505,0,1,0,0
502.385,406.264,3.942,3.542,330,505,0,0,0,0
506.327,409.806,3.942,3.542,330,505,0,0,0,0
510.27,413.348,3.942,3.542,330,505,0,0,0,0
514.212,416.89,3.942,3.542,330,505,0,0,0,0
518.155,420.433,3.942,3.542,330,505,0,0,0,0
522.097,423.975,3.942,3.542,330,505,0,0,0,0
526.04,427.517,3.942,3.542,330,505,0,0,0,0
529.982,431.059,3.942,3.542,330,505,0,0,0,0
533.924,434.601,3.942,3.542,330,505,0,0,0,0
537.867,438.143,3.942,3.542,330,505,0,0,0,0
541.809,441.686,3.942,3.542,335,505,1,0,0,0
545.752,445.228,3.942,3.542,340,505,1,0,0,0
549.694,448.77,3.942,3.542,345,505,1,0,0,0
553.637,452.312,3.942,3.542,350,505,1,0,0,0
557.579,455.854,3.942,3.542,355,505,1,0,0,0
561.522,459.396,3.942,3.542,360,505,1,0,0,0
565.464,462.938,3.942,3.542,365,505,1,0,0,0
569.407,466.481,3.942,3.542,370,505,1,0,0,0
573.349,470.023,3.942,3.542,375,505,1,0,0,0
577.292,473.565,3.942,3.542,380,505,1,0,0,0
581.234,477.107,3.942,3.542,380,505,0,0,0,0
585.177,480.649,3.942,3.542,380,505,0,0,0,0
589.119,484.191,3.942,3.542,380,505,0,0,0,0
593.062,487.734,3.942,3.542,380,505,0,0,0,0
597.004,491.276,3.942,3.542,380,505,0,0,0,0
600.947,494.818,3.942,3.542,380,505,0,0,0,0
604.889,498.36,3.942,3.542,380,505,0,0,0,0
608.831,501.902,3.942,3.542,380,505,0,0,0,0
612.774,505.444,3.942,3.542,380,505,0,0,0,0
616.716,508.987,3.942,3.542,380,505,0,0,0,0
620.659,512.529,3.942,3.542,380,505,0,0,0,0
624.601,516.071,3.942,3.542,380,505,0,0,0,0
628.544,519.613,3.942,3.542,380,505,0,0,0,0
632.486,523.155,3.942,3.542,380,505,0,0,0,0
636.429,526.697,3.942,3.542,380,505,0,0,0,0
640.371,530.239,3.942,3.542,380,505,0,0,0,0
644.314,533.782,3.942,3.542,380,505,0,0,0,0
648.256,537.324,3.942,3.542,380,505,0,0,0,0
652.199,540.866,3.942,3.542,380,505,0,0,0,0
656.141,544.408,3.942,3.542,380,505,0,0,0,0
660.084,547.95,3.942,3.542,380,505,0,0,0,0
664.026,551.492,3.942,3.542,380,505,0,0,0,0
667.969,555.035,3.942,3.542,380,505,0,0,0,0
671.911,558.577,3.942,3.542,380,505,0,0,0,0
675.854,562.119,3.942,3.542,380,505,0,0,0,0
679.796,565.661,3.942,3.542,380,505,0,0,0,0
683.739,569.203,3.942,3.542,380,505,0,0,0,0
687.681,572.745,3.942,3.542,380,505,0,0,0,0
691.623,576.288,3.942,3.542,380,505,0,0,0,0
695.566,579.83,3.942,3.542,380,505,0,0,0,0
699.508,583.372,3.942,3.542,380,505,0,0,0,0
703.451,586.914,3.942,3.542,380,505,0,0,0,0
707.393,590.456,3.942,3.542,380,505,0,0,0,0
711.336,593.998,3.942,3.542,380,505,0,0,0,0
715.278,594.0,3.942,-3.542,380,500,0,-1,0,0
719.221,590.458,3.942,-3.542,380,495,0,-1,0,0
723.163,586.916,3.942,-3.542,380,490,0,-1,0,0
727.106,583.374,3.942,-3.542,380,485,0,-1,0,0
731.048,579.831,3.942,-3.542,380,480,0,-1,0,0
734.991,576.289,3.942,-3.542,380,475,0,-1,0,0
738.933,572.747,3.942,-3.542,380,470,0,-1,0,0
742.876,569.205,3.942,-3.542,380,465,0,-1,0,0
746.818,565.663,3.942,-3.542,380,460,0,-1,0,0
750.761,562.121,3.942,-3.542,380,455,0,-1,0,0
754.703,558.578,3.942,-3.542,380,450,0,-1,0,0
758.646,555.036,3.942,-3.542,380,445,0,-1,0,0
762.588,551.494,3.942,-3.542,380,440,0,-1,0,0
766.531,547.952,3.942,-3.542,380,435,0,-1,0,0
770.473,544.41,3.942,-3.542,375,430,-1,-1,0,0
774.415,540.868,3.942,-3.542,370,425,-1,-1,0,0
778.358,537.325,3.942,-3.542,365,420,-1,-1,0,0
782.3,533.783,3.942,-3.542,360,415,-1,-1,0,0
786.243,530.241,3.942,-3.542,355,410,-1,-1,0,0
790.185,526.699,3.942,-3.542,350,405,-1,-1,0,0
794.128,523.157,3.942,-3.542,345,400,-1,-1,0,0
798.07,519.615,3.942,-3.542,340,395,-1,-1,0,0
802.013,516.073,3.942,-3.542,335,390,-1,-1,0,0
805.955,512.53,3.942,-3.542,335,390,0,0,0,0
400.0,300.0,-4.928,-0.845,335,390,0,0,1,0
395.072,299.155,-4.928,-0.845,335,390,0,0,0,0
390.144,298.31,-4.928,-0.845,335,390,0,0,0,0
385.216,297.465,-4.928,-0.845,335,390,0,0,0,0
380.288,296.619,-4.928,-0.845,335,390,0,0,0,0
375.36,295.774,-4.928,-0.845,335,390,0,0,0,0
370.432,294.929,-4.928,-0.845,335,390,0,0,0,0
365.504,294.084,-4.928,-0.845,335,390,0,0,0,0
360.576,293.239,-4.928,-0.845,335,390,0,0,0,0
355.648,292.394,-4.928,-0.845,335,390,0,0,0,0
350.719,291.549,-4.928,-0.845,335,390,0,0,0,0
345.791,290.703,-4.928,-0.845,335,390,0,0,0,0
340.863,289.858,-4.928,-0.845,335,390,0,0,0,0
335.935,289.013,-4.928,-0.845,335,390,0,0,0,0
331.007,288.168,-4.928,-0.845,335,390,0,0,0,0
326.079,287.323,-4.928,-0.845,335,390,0,0,0,0
321.151,286.478,-4.928,-0.845,335,390,0,0,0,0
316.223,285.633,-4.928,-0.845,335,390,0,0,0,0
311.295,284.787,-4.928,-0.845,335,390,0,0,0,0
306.367,283.942,-4.928,-0.845,335,390,0,0,0,0
301.439,283.097,-4.928,-0.845,335,390,0,0,0,0
296.511,282.252,-4.928,-0.845,335,390,0,0,0,0
291.583,281.407,-4.928,-0.845,335,390,0,0,0,0
286.655,280.562,-4.928,-0.845,335,390,0,0,0,0
281.727,279.716,-4.928,-0.845,335,390,0,0,0,0
276.799,278.871,-4.928,-0.845,335,390,0,0,0,0
271.871,278.026,-4.928,-0.845,335,390,0,0,0,0
266.943,277.181,-4.928,-0.845,335,390,0,0,0,0
262.014,276.336,-4.928,-0.845,335,390,0,0,0,0
257.086,275.491,-4.928,-0.845,335,390,0,0,0,0
252.158,274.646,-4.928,-0.845,335,390,0,0,0,0
247.23,273.8,-4.928,-0.845,335,390,0,0,0,0
242.302,272.955,-4.928,-0.845,335,390,0,0,0,0
237.374,272.11,-4.928,-0.845,335,390,0,0,0,0
232.446,271.265,-4.928,-0.845,335,390,0,0,0,0
227.518,270.42,-4.928,-0.845,335,390,0,0,0,0
222.59,269.575,-4.928,-0.845,335,390,0,0,0,0
217.662,268.73,-4.928,-0.845,330,390,-1,0,0,0
212.734,267.884,-4.928,-0.845,325,390,-1,0,0,0
207.806,267.039,-4.928,-0.845,320,390,-1,0,0,0
202.878,266.194,-4.928,-0.845,315,390,-1,0,0,0
197.95,265.349,-4.928,-0.845,310,390,-1,0,0,0
193.022,264.504,-4.928,-0.845,305,390,-1,0,0,0
188.094,263.659,-4.928,-0.845,300,390,-1,0,0,0
183.166,262.814,-4.928,-0.845,295,390,-1,0,0,0
178.238,261.968,-4.928,-0.845,290,390,-1,0,0,0
173.309,261.123,-4.928,-0.845,285,390,-1,0,0,0
168.381,260.278,-4.928,-0.845,280,390,-1,0,0,0
163.453,259.433,-4.928,-0.845,275,390,-1,0,0,0
158.525,258.588,-4.928,-0.845,270,390,-1,0,0,0
153.597,257.743,-4.928,-0.845,265,390,-1,0,0,0
148.669,256.898,-4.928,-0.845,260,390,-1,0,0,0
143.741,256.052,-4.928,-0.845,255,390,-1,0,0,0
138.813,255.207,-4.928,-0.845,250,390,-1,0,0,0
133.885,254.362,-4.928,-0.845,245,390,-1,0,0,0
128.957,253.517,-4.928,-0.845,240,390,-1,0,0,0
124.029,252.672,-4.928,-0.845,235,390,-1,0,0,0
119.101,251.827,-4.928,-0.845,230,390,-1,0,0,0
114.173,250.982,-4.928,-0.845,225,390,-1,0,0,0
109.245,250.136,-4.928,-0.845,220,390,-1,0,0,0
104.317,249.291,-4.928,-0.845,215,390,-1,0,0,0
99.389,248.446,-4.928,-0.845,210,390,-1,0,0,0
94.461,247.601,-4.928,-0.845,205,390,-1,0,0,0
89.533,246.756,-4.928,-0.845,200,390,-1,0,0,0
84.604,245.911,-4.928,-0.845,195,390,-1,0,0,0
79.676,245.065,-4.928,-0.845,195,390,0,0,0,0
74.748,244.22,-4.928,-0.845,195,390,0,0,0,0
69.82,243.375,-4.928,-0.845,195,390,0,0,0,0
64.892,242.53,-4.928,-0.845,195,390,0,0,0,0
59.964,241.685,-4.928,-0.845,195,390,0,0,0,0
55.036,240.84,-4.928,-0.845,195,390,0,0,0,0
50.108,239.995,-4.928,-0.845,195,390,0,0,0,0
49.0,239.149,5.269,0.575,195,390,0,0,0,0
54.269,239.724,5.269,0.575,195,390,0,0,0,0
59.538,240.299,5.269,0.575,195,390,0,0,0,0
64.806,240.873,5.269,0.575,195,390,0,0,0,0
70.075,241.448,5.269,0.575,195,390,0,0,0,0
75.344,242.023,5.269,0.575,195,390,0,0,0,0
80.613,242.597,5.269,0.575,195,390,0,0,0,0
85.881,243.172,5.269,0.575,195,390,0,0,0,0
91.15,243.746,5.269,0.575,195,390,0,0,0,0
96.419,244.321,5.269,0.575,200,390,1,0,0,0
101.688,244.896,5.269,0.575,205,390,1,0,0,0
106.956,245.47,5.269,0.575,210,390,1,0,0,0
112.225,246.045,5.269,0.575,215,390,1,0,0,0
117.494,246.62,5.269,0.575,220,390,1,0,0,0
122.763,247.194,5.269,0.575,225,390,1,0,0,0
128.031,247.769,5.269,0.575,230,390,1,0,0,0
133.3,248.343,5.269,0.575,235,390,1,0,0,0
138.569,248.918,5.269,0.575,240,390,1,0,0,0
143.838,249.493,5.269,0.575,245,390,1,0,0,0
149.106,250.067,5.269,0.575,250,390,1,0,0,0
154.375,250.642,5.269,0.575,255,390,1,0,0,0
159.644,251.216,5.269,0.575,260,390,1,0,0,0
164.913,251.791,5.269,0.575,265,390,1,0,0,0
170.181,252.366,5.269,0.575,270,390,1,0,0,0
175.45,252.94,5.269,0.575,275,390,1,0,0,0
180.719,253.515,5.269,0.575,275,390,0,0,0,0
185.988,254.09,5.269,0.575,275,390,0,0,0,0
191.256,254.664,5.269,0.575,275,390,0,0,0,0
196.525,255.239,5.269,0.575,275,390,0,0,0,0
201.794,255.813,5.269,0.575,275,390,0,0,0,0
207.063,256.388,5.269,0.575,275,390,0,0,0,0
212.331,256.963,5.269,0.575,275,390,0,0,0,0
217.6,257.537,5.269,0.575,275,390,0,0,0,0
222.869,258.112,5.269,0.575,275,390,0,0,0,0
228.138,258.687,5.269,0.575,275,390,0,0,0,0
233.407,259.261,5.269,0.575,275,390,0,0,0,0
238.675,259.836,5.269,0.575,275,390,0,0,0,0
243.944,260.41,5.269,0.575,275,390,0,0,0,0
249.213,260.985,5.269,0.575,275,390,0,0,0,0
254.482,261.56,5.269,0.575,275,390,0,0,0,0
259.75,262.134,5.269,0.575,275,390,0,0,0,0
265.019,262.709,5.269,0.575,275,390,0,0,0,0
270.288,263.284,5.269,0.575,275,390,0,0,0,0
275.557,263.858,5.269,0.575,275,390,0,0,0,0
280.825,264.433,5.269,0.575,275,390,0,0,0,0
286.094,265.007,5.269,0.575,275,390,0,0,0,0
291.363,265.582,5.269,0.575,275,390,0,0,0,0
296.632,266.157,5.269,0.575,275,390,0,0,0,0
301.9,266.731,5.269,0.575,275,390,0,0,0,0
307.169,267.306,5.269,0.575,275,390,0,0,0,0
312.438,267.881,5.269,0.575,275,390,0,0,0,0
317.707,268.455,5.269,0.575,275,390,0,0,0,0
322.975,269.03,5.269,0.575,275,390,0,0,0,0
328.244,269.604,5.269,0.575,275,390,0,0,0,0
333.513,270.179,5.269,0.575,275,390,0,0,0,0
338.782,270.754,5.269,0.575,275,390,0,0,0,0
344.05,271.328,5.269,0.575,275,390,0,0,0,0
349.319,271.903,5.269,0.575,275,390,0,0,0,0
354.588,272.477,5.269,0.575,275,390,0,0,0,0
359.857,273.052,5.269,0.575,275,390,0,0,0,0
365.125,273.627,5.269,0.575,275,390,0,0,0,0
370.394,274.201,5.269,0.575,275,390,0,0,0,0
375.663,274.776,5.269,0.575,275,390,0,0,0,0
380.932,275.351,5.269,0.575,275,390,0,0,0,0
386.201,275.925,5.269,0.575,275,390,0,0,0,0
391.469,276.5,5.269,0.575,275,390,0,0,0,0
396.738,277.074,5.269,0.575,275,390,0,0,0,0
402.007,277.649,5.269,0.575,275,390,0,0,0,0
407.276,278.224,5.269,0.575,275,390,0,0,0,0
412.544,278.798,5.269,0.575,275,390,0,0,0,0
417.813,279.373,5.269,0.575,275,390,0,0,0,0
423.082,279.948,5.269,0.575,275,390,0,0,0,0
428.351,280.522,5.269,0.575,275,390,0,0,0,0
433.619,281.097,5.269,0.575,275,390,0,0,0,0
438.888,281.671,5.269,0.575,275,390,0,0,0,0
444.157,282.246,5.269,0.575,275,390,0,0,0,0
449.426,282.821,5.269,0.575,275,390,0,0,0,0
454.694,283.395,5.269,0.575,275,390,0,0,0,0
459.963,283.97,5.269,0.575,275,390,0,0,0,0
465.232,284.545,5.269,0.575,275,390,0,0,0,0
470.501,285.119,5.269,0.575,275,390,0,0,0,0
475.769,285.694,5.269,0.575,275,390,0,0,0,0
481.038,286.268,5.269,0.575,275,390,0,0,0,0
486.307,286.843,5.269,0.575,275,390,0,0,0,0
491.576,287.418,5.269,0.575,275,390,0,0,0,0
496.844,287.992,5.269,0.575,275,390,0,0,0,0
502.113,288.567,5.269,0.575,275,390,0,0,0,0
507.382,289.141,5.269,0.575,275,390,0,0,0,0
512.651,289.716,5.269,0.575,275,390,0,0,0,0
517.919,290.291,5.269,0.575,275,390,0,0,0,0
523.188,290.865,5.269,0.575,275,390,0,0,0,0
528.457,291.44,5.269,0.575,275,390,0,0,0,0
533.726,292.015,5.269,0.575,275,390,0,0,0,0
538.994,292.589,5.269,0.575,275,390,0,0,0,0
544.263,293.164,5.269,0.575,275,390,0,0,0,0
549.532,293.738,5.269,0.575,275,390,0,0,0,0
554.801,294.313,5.269,0.575,275,390,0,0,0,0
560.07,294.888,5.269,0.575,275,390,0,0,0,0
565.338,295.462,5.269,0.575,275,390,0,0,0,0
570.607,296.037,5.269,0.575,275,390,0,0,0,0
575.876,296.612,5.269,0.575,275,385,0,-1,0,0
581.145,297.186,5.269,0.575,275,380,0,-1,0,0
586.413,297.761,5.269,0.575,275,375,0,-1,0,0
591.682,298.335,5.269,0.575,275,370,0,-1,0,0
596.951,298.91,5.269,0.575,275,365,0,-1,0,0
602.22,299.485,5.269,0.575,275,360,0,-1,0,0
607.488,300.059,5.269,0.575,275,355,0,-1,0,0
612.757,300.634,5.269,0.575,275,350,0,-1,0,0
618.026,301.209,5.269,0.575,275,345,0,-1,0,0
623.295,301.783,5.269,0.575,275,340,0,-1,0,0
628.563,302.358,5.269,0.575,275,335,0,-1,0,0
633.832,302.932,5.269,0.575,275,330,0,-1,0,0
639.101,303.507,5.269,0.575,275,325,0,-1,0,0
644.37,304.082,5.269,0.575,275,320,0,-1,0,0
649.638,304.656,5.269,0.575,275,315,0,-1,0,0
654.907,305.231,5.269,0.575,275,310,0,-1,0,0
660.176,305.805,5.269,0.575,275,305,0,-1,0,0
665.445,306.38,5.269,0.575,275,300,0,-1,0,0
670.713,306.955,5.269,0.575,275,295,0,-1,0,0
675.982,307.529,5.269,0.575,270,295,-1,0,0,0
681.251,308.104,5.269,0.575,265,295,-1,0,0,0
686.52,308.679,5.269,0.575,260,295,-1,0,0,0
691.788,309.253,5.269,0.575,255,295,-1,0,0,0
697.057,309.828,5.269,0.575,250,295,-1,0,0,0
702.326,310.402,5.269,0.575,245,295,-1,0,0,0
707.595,310.977,5.269,0.575,240,295,-1,0,0,0
712.864,311.552,5.269,0.575,235,295,-1,0,0,0
718.132,312.126,5.269,0.575,230,295,-1,0,0,0
723.401,312.701,5.269,0.575,225,295,-1,0,0,0
728.67,313.276,5.269,0.575,225,295,0,0,0,0
733.939,313.85,5.269,0.575,225,295,0,0,0,0
739.207,314.425,5.269,0.575,225,295,0,0,0,0
744.476,314.999,5.269,0.575,225,295,0,0,0,0
749.745,315.574,5.269,0.575,225,295,0,0,0,0
751.0,316.149,-4.932,-2.653,225,295,0,0,0,0
746.068,313.496,-4.932,-2.653,225,295,0,0,0,0
741.137,310.843,-4.932,-2.653,225,295,0,0,0,0
736.205,308.19,-4.932,-2.653,225,295,0,0,0,0
731.273,305.537,-4.932,-2.653,225,295,0,0,0,0
726.341,302.884,-4.932,-2.653,225,295,0,0,0,0
721.41,300.231,-4.932,-2.653,225,295,0,0,0,0
716.478,297.578,-4.932,-2.653,225,295,0,0,0,0
711.546,294.925,-4.932,-2.653,225,290,0,-1,0,0
706.614,292.272,-4.932,-2.653,225,285,0,-1,0,0
701.683,289.62,-4.932,-2.653,225,280,0,-1,0,0
696.751,286.967,-4.932,-2.653,225,275,0,-1,0,0
691.819,284.314,-4.932,-2.653,225,270,0,-1,0,0
686.887,281.661,-4.932,-2.653,225,265,0,-1,0,0
681.956,279.008,-4.932,-2.653,225,265,0,0,0,0
677.024,276.355,-4.932,-2.653,225,265,0,0,0,0
672.092,273.702,-4.932,-2.653,225,265,0,0,0,0
667.16,271.049,-4.932,-2.653,225,265,0,0,0,0
662.229,268.396,-4.932,-2.653,225,265,0,0,0,0
657.297,265.743,-4.932,-2.653,225,265,0,0,0,0
652.365,263.09,-4.932,-2.653,225,265,0,0,0,0
647.434,260.437,-4.932,-2.653,225,265,0,0,0,0
642.502,257.785,-4.932,-2.653,225,265,0,0,0,0
637.57,255.132,-4.932,-2.653,225,265,0,0,0,0
632.638,252.479,-4.932,-2.653,225,265,0,0,0,0
627.707,249.826,-4.932,-2.653,225,265,0,0,0,0
622.775,247.173,-4.932,-2.653,225,265,0,0,0,0
617.843,244.52,-4.932,-2.653,220,265,-1,0,0,0
612.911,241.867,-4.932,-2.653,215,265,-1,0,0,0
607.98,239.214,-4.932,-2.653,210,265,-1,0,0,0
603.048,236.561,-4.932,-2.653,205,265,-1,0,0,0
598.116,233.908,-4.932,-2.653,200,265,-1,0,0,0
593.184,231.255,-4.932,-2.653,195,265,-1,0,0,0
588.253,228.602,-4.932,-2.653,190,265,-1,0,0,0
583.321,225.95,-4.932,-2.653,185,265,-1,0,0,0
578.389,223.297,-4.932,-2.653,180,265,-1,0,0,0
573.457,220.644,-4.932,-2.653,175,265,-1,0,0,0
568.526,217.991,-4.932,-2.653,170,265,-1,0,0,0
563.594,215.338,-4.932,-2.653,165,265,-1,0,0,0
558.662,212.685,-4.932,-2.653,160,265,-1,0,0,0
553.73,210.032,-4.932,-2.653,155,265,-1,0,0,0
548.799,207.379,-4.932,-2.653,150,265,-1,0,0,0
543.867,204.726,-4.932,-2.653,145,265,-1,0,0,0
538.935,202.073,-4.932,-2.653,140,265,-1,0,0,0
534.004,199.42,-4.932,-2.653,135,265,-1,0,0,0
529.072,196.767,-4.932,-2.653,130,265,-1,0,0,0
524.14,194.115,-4.932,-2.653,125,265,-1,0,0,0
519.208,191.462,-4.932,-2.653,120,265,-1,0,0,0
514.277,188.809,-4.932,-2.653,115,265,-1,0,0,0
509.345,186.156,-4.932,-2.653,110,265,-1,0,0,0
504.413,183.503,-4.932,-2.653,105,265,-1,0,0,0
499.481,180.85,-4.932,-2.653,100,265,-1,0,0,0
494.55,178.197,-4.932,-2.653,95,265,-1,0,0,0
489.618,175.544,-4.932,-2.653,90,265,-1,0,0,0
484.686,172.891,-4.932,-2.653,85,265,-1,0,0,0
479.754,170.238,-4.932,-2.653,80,265,-1,0,0,0
474.823,167.585,-4.932,-2.653,75,265,-1,0,0,0
469.891,164.932,-4.932,-2.653,70,265,-1,0,0,0
464.959,162.28,-4.932,-2.653,65,265,-1,0,0,0
460.027,159.627,-4.932,-2.653,60,265,-1,0,0,0
455.096,156.974,-4.932,-2.653,60,265,0,0,0,0
450.164,154.321,-4.932,-2.653,60,265,0,0,0,0
445.232,151.668,-4.932,-2.653,60,265,0,0,0,0
440.301,149.015,-4.932,-2.653,60,265,0,0,0,0
435.369,146.362,-4.932,-2.653,60,265,0,0,0,0
430.437,143.709,-4.932,-2.653,60,265,0,0,0,0
425.505,141.056,-4.932,-2.653,60,265,0,0,0,0
420.574,138.403,-4.932,-2.653,60,265,0,0,0,0
415.642,135.75,-4.932,-2.653,60,265,0,0,0,0
410.71,133.097,-4.932,-2.653,60,265,0,0,0,0
405.778,130.445,-4.932,-2.653,60,265,0,0,0,0
400.847,127.792,-4.932,-2.653,60,265,0,0,0,0
395.915,125.139,-4.932,-2.653,60,265,0,0,0,0
390.983,122.486,-4.932,-2.653,60,265,0,0,0,0
386.051,119.833,-4.932,-2.653,60,265,0,0,0,0
381.12,117.18,-4.932,-2.653,60,265,0,0,0,0
376.188,114.527,-4.932,-2.653,60,265,0,0,0,0
371.256,111.874,-4.932,-2.653,60,265,0,0,0,0
366.324,109.221,-4.932,-2.653,60,265,0,0,0,0
361.393,106.568,-4.932,-2.653,60,265,0,0,0,0
356.461,103.915,-4.932,-2.653,60,265,0,0,0,0
351.529,101.263,-4.932,-2.653,60,265,0,0,0,0
346.597,98.61,-4.932,-2.653,60,265,0,0,0,0
341.666,95.957,-4.932,-2.653,60,265,0,0,0,0
336.734,93.304,-4.932,-2.653,60,265,0,0,0,0
331.802,90.651,-4.932,-2.653,60,265,0,0,0,0
326.871,87.998,-4.932,-2.653,60,265,0,0,0,0
321.939,85.345,-4.932,-2.653,60,265,0,0,0,0
317.007,82.692,-4.932,-2.653,60,265,0,0,0,0
312.075,80.039,-4.932,-2.653,60,265,0,0,0,0
307.144,77.386,-4.932,-2.653,60,265,0,0,0,0
302.212,74.733,-4.932,-2.653,60,265,0,0,0,0
297.28,72.08,-4.932,-2.653,60,265,0,0,0,0
292.348,69.428,-4.932,-2.653,60,265,0,0,0,0
287.417,66.775,-4.932,-2.653,60,265,0,0,0,0
282.485,64.122,-4.932,-2.653,60,265,0,0,0,0
277.553,61.469,-4.932,-2.653,60,265,0,0,0,0
272.621,58.816,-4.932,-2.653,60,265,0,0,0,0
267.69,56.163,-4.932,-2.653,60,265,0,0,0,0
262.758,53.51,-4.932,-2.653,60,265,0,0,0,0
257.826,50.857,-4.932,-2.653,60,265,0,0,0,0
252.894,48.204,-4.932,-2.653,60,265,0,0,0,0
247.963,45.551,-4.932,-2.653,60,265,0,0,0,0
243.031,42.898,-4.932,-2.653,60,265,0,0,0,0
238.099,40.245,-4.932,-2.653,60,265,0,0,0,0
233.168,37.593,-4.932,-2.653,60,265,0,0,0,0
228.236,34.94,-4.932,-2.653,60,265,0,0,0,0
223.304,32.287,-4.932,-2.653,60,265,0,0,0,0
218.372,29.634,-4.932,-2.653,60,265,0,0,0,0
213.441,26.981,-4.932,-2.653,60,265,0,0,0,0
208.509,24.328,-4.932,-2.653,55,265,-1,0,0,0
203.577,21.675,-4.932,-2.653,50,265,-1,0,0,0
198.645,19.022,-4.932,-2.653,45,265,-1,0,0,0
193.714,16.369,-4.932,-2.653,40,265,-1,0,0,0
188.782,13.716,-4.932,-2.653,35,265,-1,0,0,0
183.85,11.063,-4.932,-2.653,30,265,-1,0,0,0
178.918,8.41,-4.932,-2.653,25,265,-1,0,0,0
173.987,6.0,-4.932,2.653,20,265,-1,0,0,0
169.055,8.653,-4.932,2.653,15,265,-1,0,0,0
164.123,11.306,-4.932,2.653,10,265,-1,0,0,0
159.191,13.959,-4.932,2.653,5,265,-1,0,0,0
154.26,16.612,-4.932,2.653,0,265,-1,0,0,0
149.328,19.265,-4.932,2.653,0,265,-1,0,0,0
144.396,21.917,-4.932,2.653,0,265,0,0,0,0
139.464,24.57,-4.932,2.653,0,265,0,0,0,0
134.533,27.223,-4.932,2.653,0,265,0,0,0,0
129.601,29.876,-4.932,2.653,0,265,0,0,0,0
124.669,32.529,-4.932,2.653,0,265,0,0,0,0
119.738,35.182,-4.932,2.653,0,265,0,0,0,0
114.806,37.835,-4.932,2.653,0,265,0,0,0,0
109.874,40.488,-4.932,2.653,0,265,0,0,0,0
104.942,43.141,-4.932,2.653,0,265,0,0,0,0
100.011,45.794,-4.932,2.653,0,265,0,0,0,0
95.079,48.447,-4.932,2.653,0,265,0,0,0,0
90.147,51.1,-4.932,2.653,0,265,0,0,0,0
85.215,53.752,-4.932,2.653,0,265,0,0,0,0
80.284,56.405,-4.932,2.653,0,265,0,0,0,0
75.352,59.058,-4.932,2.653,0,265,0,0,0,0
70.42,61.711,-4.932,2.653,0,265,0,0,0,0
65.488,64.364,-4.932,2.653,0,265,0,0,0,0
60.557,67.017,-4.932,2.653,0,265,0,0,0,0
55.625,69.67,-4.932,2.653,0,265,0,0,0,0
50.693,72.323,-4.932,2.653,5,265,1,0,0,0
49.0,74.976,4.683,3.589,10,265,1,0,0,0
53.683,78.565,4.683,3.589,15,265,1,0,0,0
58.366,82.153,4.683,3.589,20,265,1,0,0,0
63.049,85.742,4.683,3.589,25,265,1,0,0,0
67.732,89.331,4.683,3.589,30,265,1,0,0,0
72.415,92.919,4.683,3.589,35,265,1,0,0,0
77.098,96.508,4.683,3.589,40,265,1,0,0,0
81.781,100.097,4.683,3.589,45,265,1,0,0,0
86.464,103.686,4.683,3.589,50,265,1,0,0,0
91.148,107.274,4.683,3.589,55,265,1,0,0,0
95.831,110.863,4.683,3.589,60,265,1,0,0,0
100.514,114.452,4.683,3.589,65,265,1,0,0,0
105.197,118.041,4.683,3.589,70,265,1,0,0,0
109.88,121.629,4.683,3.589,75,265,1,0,0,0
114.563,125.218,4.683,3.589,80,265,1,0,0,0
119.246,128.807,4.683,3.589,85,265,1,0,0,0
123.929,132.395,4.683,3.589,90,265,1,0,0,0
128.612,135.984,4.683,3.589,95,265,1,0,0,0
133.295,139.573,4.683,3.589,100,265,1,0,0,0
137.978,143.162,4.683,3.589,105,265,1,0,0,0
142.661,146.75,4.683,3.589,110,265,1,0,0,0
147.344,150.339,4.683,3.589,115,265,1,0,0,0
152.027,153.928,4.683,3.589,120,265,1,0,0,0
156.71,157.517,4.683,3.589,125,265,1,0,0,0
161.393,161.105,4.683,3.589,130,265,1,0,0,0
166.076,164.694,4.683,3.589,135,265,1,0,0,0
170.76,168.283,4.683,3.589,140,265,1,0,0,0
175.443,171.871,4.683,3.589,145,265,1,0,0,0
180.126,175.46,4.683,3.589,150,265,1,0,0,0
184.809,179.049,4.683,3.589,155,265,1,0,0,0
189.492,182.638,4.683,3.589,160,265,1,0,0,0
194.175,186.226,4.683,3.589,165,265,1,0,0,0
198.858,189.815,4.683,3.589,170,265,1,0,0,0
203.541,193.404,4.683,3.589,175,265,1,0,0,0
208.224,196.993,4.683,3.589,180,265,1,0,0,0
212.907,200.581,4.683,3.589,185,265,1,0,0,0
217.59,204.17,4.683,3.589,190,265,1,0,0,0
222.273,207.759,4.683,3.589,195,265,1,0,0,0
226.956,211.347,4.683,3.589,200,265,1,0,0,0
231.639,214.936,4.683,3.589,205,265,1,0,0,0
236.322,218.525,4.683,3.589,210,265,1,0,0,0
241.005,222.114,4.683,3.589,215,265,1,0,0,0
245.688,225.702,4.683,3.589,220,265,1,0,0,0
250.372,229.291,4.683,3.589,225,265,1,0,0,0
255.055,232.88,4.683,3.589,230,265,1,0,0,0
259.738,236.468,4.683,3.589,235,265,1,0,0,0
264.421,240.057,4.683,3.589,240,265,1,0,0,0
269.104,243.646,4.683,3.589,245,265,1,0,0,0
273.787,247.235,4.683,3.589,245,265,0,0,0,0
278.47,250.823,4.683,3.589,245,265,0,0,0,0
283.153,254.412,4.683,3.589,245,265,0,0,0,0
287.836,258.001,4.683,3.589,245,265,0,0,0,0
292.519,261.59,4.683,3.589,245,265,0,0,0,0
297.202,265.178,4.683,3.589,245,265,0,0,0,0
301.885,268.767,4.683,3.589,245,265,0,0,0,0
306.568,272.356,4.683,3.589,245,265,0,0,0,0
311.251,275.944,4.683,3.589,245,265,0,0,0,0
315.934,279.533,4.683,3.589,245,265,0,0,0,0
320.617,283.122,4.683,3.589,245,265,0,0,0,0
325.3,286.711,4.683,3.589,245,265,0,0,0,0
329.984,290.299,4.683,3.589,245,265,0,0,0,0
334.667,293.888,4.683,3.589,245,265,0,0,0,0
339.35,297.477,4.683,3.589,245,265,0,0,0,0
344.033,301.066,4.683,3.589,245,265,0,0,0,0
348.716,304.654,4.683,3.589,245,265,0,0,0,0
353.399,308.243,4.683,3.589,245,265,0,0,0,0
358.082,311.832,4.683,3.589,245,265,0,0,0,0
362.765,315.42,4.683,3.589,245,265,0,0,0,0
367.448,319.009,4.683,3.589,245,265,0,0,0,0
372.131,322.598,4.683,3.589,245,265,0,0,0,0
376.814,326.187,4.683,3.589,245,265,0,0,0,0
381.497,329.775,4.683,3.589,245,265,0,0,0,0
386.18,333.364,4.683,3.589,245,265,0,0,0,0
390.863,336.953,4.683,3.589,245,265,0,0,0,0
395.546,340.542,4.683,3.589,245,265,0,0,0,0
400.229,344.13,4.683,3.589,245,265,0,0,0,0
404.912,347.719,4.683,3.589,245,265,0,0,0,0
409.596,351.308,4.683,3.589,245,265,0,0,0,0
414.279,354.896,4.683,3.589,245,265,0,0,0,0
418.962,358.485,4.683,3.589,245,265,0,0,0,0
423.645,362.074,4.683,3.589,245,265,0,0,0,0
428.328,365.663,4.683,3.589,245,265,0,0,0,0
433.011,369.251,4.683,3.589,245,265,0,0,0,0
437.694,372.84,4.683,3.589,245,265,0,0,0,0
442.377,376.429,4.683,3.589,245,265,0,0,0,0
447.06,380.018,4.683,3.589,245,265,0,0,0,0
451.743,383.606,4.683,3.589,245,270,0,1,0,0
456.426,387.195,4.683,3.589,245,275,0,1,0,0
461.109,390.784,4.683,3.589,245,280,0,1,0,0
465.792,394.372,4.683,3.589,245,285,0,1,0,0
470.475,397.961,4.683,3.589,245,290,0,1,0,0
475.158,401.55,4.683,3.589,245,295,0,1,0,0
479.841,405.139,4.683,3.589,245,300,0,1,0,0
484.524,408.727,4.683,3.589,245,305,0,1,0,0
489.208,412.316,4.683,3.589,245,310,0,1,0,0
493.891,415.905,4.683,3.589,245,315,0,1,0,0
498.574,419.494,4.683,3.589,245,320,0,1,0,0
503.257,423.082,4.683,3.589,245,325,0,1,0,0
507.94,426.671,4.683,3.589,245,330,0,1,0,0
512.623,430.26,4.683,3.589,245,335,0,1,0,0
517.306,433.848,4.683,3.589,245,340,0,1,0,0
521.989,437.437,4.683,3.589,245,345,0,1,0,0
526.672,441.026,4.683,3.589,245,350,0,1,0,0
531.355,444.615,4.683,3.589,245,355,0,1,0,0
536.038,448.203,4.683,3.589,245,360,0,1,0,0
540.721,451.792,4.683,3.589,245,365,0,1,0,0
545.404,455.381,4.683,3.589,245,370,0,1,0,0
550.087,458.97,4.683,3.589,245,375,0,1,0,0
554.77,462.558,4.683,3.589,245,380,0,1,0,0
559.453,466.147,4.683,3.589,245,385,0,1,0,0
564.136,469.736,4.683,3.589,245,390,0,1,0,0
568.82,473.324,4.683,3.589,245,395,0,1,0,0
573.503,476.913,4.683,3.589,245,400,0,1,0,0
578.186,480.502,4.683,3.589,245,405,0,1,0,0
582.869,484.091,4.683,3.589,245,410,0,1,0,0
587.552,487.679,4.683,3.589,245,415,0,1,0,0
592.235,491.268,4.683,3.589,245,420,0,1,0,0
596.918,494.857,4.683,3.589,245,425,0,1,0,0
601.601,498.446,4.683,3.589,245,430,0,1,0,0
606.284,502.034,4.683,3.589,245,435,0,1,0,0
610.967,505.623,4.683,3.589,245,440,0,1,0,0
615.65,509.212,4.683,3.589,245,445,0,1,0,0
620.333,512.8,4.683,3.589,245,450,0,1,0,0
625.016,516.389,4.683,3.589,245,455,0,1,0,0
629.699,519.978,4.683,3.589,245,460,0,1,0,0
634.382,523.567,4.683,3.589,245,465,0,1,0,0
639.065,527.155,4.683,3.589,245,470,0,1,0,0
643.749,530.744,4.683,3.589,245,475,0,1,0,0
648.432,534.333,4.683,3.589,245,480,0,1,0,0
653.115,537.922,4.683,3.589,245,485,0,1,0,0
657.798,541.51,4.683,3.589,245,490,0,1,0,0
662.481,545.099,4.683,3.589,245,495,0,1,0,0
667.164,548.688,4.683,3.589,245,500,0,1,0,0
671.847,552.276,4.683,3.589,245,505,0,1,0,0
676.53,555.865,4.683,3.589,245,505,0,0,0,0
681.213,559.454,4.683,3.589,245,505,0,0,0,0
685.896,563.043,4.683,3.589,245,505,0,0,0,0
690.579,566.631,4.683,3.589,245,505,0,0,0,0
695.262,570.22,4.683,3.589,245,505,0,0,0,0
699.945,573.809,4.683,3.589,245,505,0,0,0,0
704.628,577.398,4.683,3.589,245,505,0,0,0,0
709.311,580.986,4.683,3.589,245,505,0,0,0,0
713.994,584.575,4.683,3.589,245,505,0,0,0,0
718.677,588.164,4.683,3.589,245,505,0,0,0,0
723.361,591.752,4.683,3.589,245,505,0,0,0,0
728.044,594.0,4.683,-3.589,245,505,0,0,0,0
732.727,590.411,4.683,-3.589,245,505,0,0,0,0
737.41,586.823,4.683,-3.589,245,505,0,0,0,0
742.093,583.234,4.683,-3.589,245,500,0,-1,0,0
746.776,579.645,4.683,-3.589,245,495,0,-1,0,0
751.459,576.056,4.683,-3.589,245,490,0,-1,0,0
756.142,572.468,4.683,-3.589,245,485,0,-1,0,0
760.825,568.879,4.683,-3.589,245,480,0,-1,0,0
765.508,565.29,4.683,-3.589,245,475,0,-1,0,0
770.191,561.701,4.683,-3.589,245,470,0,-1,0,0
774.874,558.113,4.683,-3.589,245,465,0,-1,0,0
779.557,554.524,4.683,-3.589,245,460,0,-1,0,0
784.24,550.935,4.683,-3.589,245,455,0,-1,0,0
788.923,547.347,4.683,-3.589,245,450,0,-1,0,0
793.606,543.758,4.683,-3.589,245,445,0,-1,0,0
798.289,540.169,4.683,-3.589,245,440,0,-1,0,0
802.973,536.58,4.683,-3.589,245,440,0,0,0,0
400.0,300.0,-3.786,3.266,245,440,0,0,1,0
396.214,303.266,-3.786,3.266,245,440,0,0,0,0
392.429,306.533,-3.786,3.266,245,440,0,0,0,0
388.643,309.799,-3.786,3.266,245,440,0,0,0,0
384.858,313.066,-3.786,3.266,245,440,0,0,0,0
381.072,316.332,-3.786,3.266,245,440,0,0,0,0
377.287,319.599,-3.786,3.266,245,440,0,0,0,0
373.501,322.865,-3.786,3.266,245,440,0,0,0,0
369.715,326.131,-3.786,3.266,245,440,0,0,0,0
365.93,329.398,-3.786,3.266,245,440,0,0,0,0
362.144,332.664,-3.786,3.266,245,440,0,0,0,0
358.359,335.931,-3.786,3.266,245,440,0,0,0,0
354.573,339.197,-3.786,3.266,245,440,0,0,0,0
350.788,342.463,-3.786,3.266,245,440,0,0,0,0
347.002,345.73,-3.786,3.266,245,440,0,0,0,0
343.217,348.996,-3.786,3.266,245,440,0,0,0,0
339.431,352.263,-3.786,3.266,245,440,0,0,0,0
335.645,355.529,-3.786,3.266,245,440,0,0,0,0
331.86,358.796,-3.786,3.266,245,440,0,0,0,0
328.074,362.062,-3.786,3.266,245,440,0,0,0,0
324.289,365.328,-3.786,3.266,245,440,0,0,0,0
320.503,368.595,-3.786,3.266,245,440,0,0,0,0
316.718,371.861,-3.786,3.266,245,440,0,0,0,0
312.932,375.128,-3.786,3.266,245,440,0,0,0,0
309.146,378.394,-3.786,3.266,245,440,0,0,0,0
305.361,381.661,-3.786,3.266,245,440,0,0,0,0
301.575,384.927,-3.786,3.266,245,440,0,0,0,0
297.79,388.193,-3.786,3.266,245,440,0,0,0,0
294.004,391.46,-3.786,3.266,245,440,0,0,0,0
290.219,394.726,-3.786,3.266,245,440,0,0,0,0
286.433,397.993,-3.786,3.266,250,440,1,0,0,0
282.648,401.259,-3.786,3.266,255,440,1,0,0,0
278.862,404.525,-3.786,3.266,260,440,1,0,0,0
275.076,407.792,-3.786,3.266,265,440,1,0,0,0
271.291,411.058,-3.786,3.266,270,440,1,0,0,0
267.505,414.325,-3.786,3.266,275,440,1,0,0,0
263.72,417.591,-3.786,3.266,280,440,1,0,0,0
259.934,420.858,-3.786,3.266,285,440,1,0,0,0
256.149,424.124,-3.786,3.266,290,440,1,0,0,0
252.363,427.39,-3.786,3.266,295,440,1,0,0,0
248.577,430.657,-3.786,3.266,300,440,1,0,0,0
244.792,433.923,-3.786,3.266,305,440,1,0,0,0
241.006,437.19,-3.786,3.266,310,440,1,0,0,0
237.221,440.456,-3.786,3.266,315,440,1,0,0,0
233.435,443.723,-3.786,3.266,320,440,1,0,0,0
229.65,446.989,-3.786,3.266,325,440,1,0,0,0
225.864,450.255,-3.786,3.266,330,440,1,0,0,0
222.079,453.522,-3.786,3.266,335,440,1,0,0,0
218.293,456.788,-3.786,3.266,340,440,1,0,0,0
214.507,460.055,-3.786,3.266,345,440,1,0,0,0
210.722,463.321,-3.786,3.266,350,440,1,0,0,0
206.936,466.588,-3.786,3.266,355,440,1,0,0,0
203.151,469.854,-3.786,3.266,360,440,1,0,0,0
199.365,473.12,-3.786,3.266,365,440,1,0,0,0
195.58,476.387,-3.786,3.266,370,440,1,0,0,0
191.794,479.653,-3.786,3.266,375,440,1,0,0,0
188.008,482.92,-3.786,3.266,380,440,1,0,0,0
184.223,486.186,-3.786,3.266,385,440,1,0,0,0
180.437,489.452,-3.786,3.266,390,440,1,0,0,0
176.652,492.719,-3.786,3.266,395,440,1,0,0,0
172.866,495.985,-3.786,3.266,400,440,1,0,0,0
169.081,499.252,-3.786,3.266,405,440,1,0,0,0
165.295,502.518,-3.786,3.266,410,440,1,0,0,0
161.51,505.785,-3.786,3.266,415,440,1,0,0,0
157.724,509.051,-3.786,3.266,420,440,1,0,0,0
153.938,512.317,-3.786,3.266,425,440,1,0,0,0
150.153,515.584,-3.786,3.266,430,440,1,0,0,0
146.367,518.85,-3.786,3.266,435,440,1,0,0,0
142.582,522.117,-3.786,3.266,440,440,1,0,0,0
138.796,525.383,-3.786,3.266,445,440,1,0,0,0
135.011,528.65,-3.786,3.266,450,440,1,0,0,0
131.225,531.916,-3.786,3.266,455,440,1,0,0,0
127.439,535.182,-3.786,3.266,460,440,1,0,0,0
123.654,538.449,-3.786,3.266,465,440,1,0,0,0
119.868,541.715,-3.786,3.266,470,440,1,0,0,0
116.083,544.982,-3.786,3.266,475,440,1,0,0,0
112.297,548.248,-3.786,3.266,480,440,1,0,0,0
108.512,551.514,-3.786,3.266,485,440,1,0,0,0
104.726,554.781,-3.786,3.266,490,440,1,0,0,0
100.941,558.047,-3.786,3.266,495,440,1,0,0,0
97.155,561.314,-3.786,3.266,500,440,1,0,0,0
93.369,564.58,-3.786,3.266,505,440,1,0,0,0
89.584,567.847,-3.786,3.266,510,440,1,0,0,0
85.798,571.113,-3.786,3.266,515,440,1,0,0,0
82.013,574.379,-3.786,3.266,520,440,1,0,0,0
78.227,577.646,-3.786,3.266,520,440,1,0,0,0
74.442,580.912,-3.786,3.266,520,440,1,0,0,0
70.656,584.179,-3.786,3.266,520,440,1,0,0,0
66.87,587.445,-3.786,3.266,520,440,1,0,0,0
63.085,590.712,-3.786,3.266,520,440,1,0,0,0
59.299,593.978,-3.786,3.266,520,440,1,0,0,0
55.514,594.0,-3.786,-3.266,520,440,1,0,0,0
51.728,590.734,-3.786,-3.266,520,440,1,0,0,0
49.0,587.467,3.988,3.491,520,440,1,0,0,0
52.988,590.958,3.988,3.491,520,440,1,0,0,0
56.976,594.0,3.988,-3.491,515,440,-1,0,0,0
60.963,590.509,3.988,-3.491,510,440,-1,0,0,0
64.951,587.018,3.988,-3.491,505,440,-1,0,0,0
68.939,583.527,3.988,-3.491,500,440,-1,0,0,0
72.927,580.036,3.988,-3.491,495,440,-1,0,0,0
76.914,576.544,3.988,-3.491,490,440,-1,0,0,0
80.902,573.053,3.988,-3.491,485,440,-1,0,0,0
84.89,569.562,3.988,-3.491,480,440,-1,0,0,0
88.878,566.071,3.988,-3.491,475,440,-1,0,0,0
92.865,562.58,3.988,-3.491,470,440,-1,0,0,0
96.853,559.089,3.988,-3.491,465,440,-1,0,0,0
100.841,555.598,3.988,-3.491,460,440,-1,0,0,0
104.829,552.107,3.988,-3.491,455,440,-1,0,0,0
108.816,548.616,3.988,-3.491,450,440,-1,0,0,0
112.804,545.125,3.988,-3.491,445,440,-1,0,0,0
116.792,541.633,3.988,-3.491,440,440,-1,0,0,0
120.78,538.142,3.988,-3.491,435,440,-1,0,0,0
124.767,534.651,3.988,-3.491,430,440,-1,0,0,0
128.755,531.16,3.988,-3.491,425,440,-1,0,0,0
132.743,527.669,3.988,-3.491,420,440,-1,0,0,0
136.731,524.178,3.988,-3.491,415,440,-1,0,0,0
140.718,520.687,3.988,-3.491,410,440,-1,0,0,0
144.706,517.196,3.988,-3.491,405,440,-1,0,0,0
148.694,513.705,3.988,-3.491,400,440,-1,0,0,0
152.682,510.213,3.988,-3.491,395,440,-1,0,0,0
156.669,506.722,3.988,-3.491,390,440,-1,0,0,0
160.657,503.231,3.988,-3.491,385,440,-1,0,0,0
164.645,499.74,3.988,-3.491,380,440,-1,0,0,0
168.633,496.249,3.988,-3.491,375,440,-1,0,0,0
172.62,492.758,3.988,-3.491,370,440,-1,0,0,0
176.608,489.267,3.988,-3.491,365,440,-1,0,0,0
180.596,485.776,3.988,-3.491,360,440,-1,0,0,0
184.584,482.285,3.988,-3.491,355,440,-1,0,0,0
188.571,478.794,3.988,-3.491,350,440,-1,0,0,0
192.559,475.302,3.988,-3.491,345,440,-1,0,0,0
196.547,471.811,3.988,-3.491,340,440,-1,0,0,0
200.535,468.32,3.988,-3.491,335,440,-1,0,0,0
204.522,464.829,3.988,-3.491,330,440,-1,0,0,0
208.51,461.338,3.988,-3.491,325,440,-1,0,0,0
212.498,457.847,3.988,-3.491,320,440,-1,0,0,0
216.486,454.356,3.988,-3.491,315,440,-1,0,0,0
220.473,450.865,3.988,-3.491,310,440,-1,0,0,0
224.461,447.374,3.988,-3.491,305,440,-1,0,0,0
228.449,443.882,3.988,-3.491,300,440,-1,0,0,0
232.437,440.391,3.988,-3.491,295,440,-1,0,0,0
236.424,436.9,3.988,-3.491,290,440,-1,0,0,0
240.412,433.409,3.988,-3.491,285,440,-1,0,0,0
244.4,429.918,3.988,-3.491,280,440,-1,0,0,0
248.388,426.427,3.988,-3.491,275,440,-1,0,0,0
252.375,422.936,3.988,-3.491,270,440,-1,0,0,0
256.363,419.445,3.988,-3.491,265,440,-1,0,0,0
260.351,415.954,3.988,-3.491,260,440,-1,0,0,0
264.339,412.463,3.988,-3.491,255,440,-1,0,0,0
268.326,408.971,3.988,-3.491,250,440,-1,0,0,0
272.314,405.48,3.988,-3.491,245,440,-1,0,0,0
276.302,401.989,3.988,-3.491,240,440,-1,0,0,0
280.29,398.498,3.988,-3.491,240,440,0,0,0,0
284.278,395.007,3.988,-3.491,240,440,0,0,0,0
288.265,391.516,3.988,-3.491,240,440,0,0,0,0
292.253,388.025,3.988,-3.491,240,440,0,0,0,0
296.241,384.534,3.988,-3.491,240,440,0,0,0,0
300.229,381.043,3.988,-3.491,240,440,0,0,0,0
304.216,377.551,3.988,-3.491,240,440,0,0,0,0
308.204,374.06,3.988,-3.491,240,440,0,0,0,0
312.192,370.569,3.988,-3.491,240,440,0,0,0,0
316.18,367.078,3.988,-3.491,240,440,0,0,0,0
320.167,363.587,3.988,-3.491,240,440,0,0,0,0
324.155,360.096,3.988,-3.491,240,440,0,0,0,0
328.143,356.605,3.988,-3.491,240,440,0,0,0,0
332.131,353.114,3.988,-3.491,240,440,0,0,0,0
336.118,349.623,3.988,-3.491,240,440,0,0,0,0
340.106,346.132,3.988,-3.491,240,440,0,0,0,0
344.094,342.64,3.988,-3.491,240,440,0,0,0,0
348.082,339.149,3.988,-3.491,240,440,0,0,0,0
352.069,335.658,3.988,-3.491,240,440,0,0,0,0
356.057,332.167,3.988,-3.491,240,440,0,0,0,0
360.045,328.676,3.988,-3.491,240,440,0,0,0,0
364.033,325.185,3.988,-3.491,240,440,0,0,0,0
368.02,321.694,3.988,-3.491,240,440,0,0,0,0
372.008,318.203,3.988,-3.491,240,440,0,0,0,0
375.996,314.712,3.988,-3.491,240,440,0,0,0,0
379.984,311.22,3.988,-3.491,240,440,0,0,0,0
383.971,307.729,3.988,-3.491,240,440,0,0,0,0
387.959,304.238,3.988,-3.491,240,440,0,0,0,0
391.947,300.747,3.988,-3.491,240,440,0,0,0,0
395.935,297.256,3.988,-3.491,240,440,0,0,0,0
399.922,293.765,3.988,-3.491,240,440,0,0,0,0
403.91,290.274,3.988,-3.491,240,440,0,0,0,0
407.898,286.783,3.988,-3.491,240,440,0,0,0,0
411.886,283.292,3.988,-3.491,240,440,0,0,0,0
415.873,279.801,3.988,-3.491,240,440,0,0,0,0
419.861,276.309,3.988,-3.491,240,440,0,0,0,0
423.849,272.818,3.988,-3.491,240,445,0,1,0,0
427.837,269.327,3.988,-3.491,240,450,0,1,0,0
431.824,265.836,3.988,-3.491,240,455,0,1,0,0
435.812,262.345,3.988,-3.491,240,460,0,1,0,0
439.8,258.854,3.988,-3.491,240,465,0,1,0,0
443.788,255.363,3.988,-3.491,240,470,0,1,0,0
447.775,251.872,3.988,-3.491,240,475,0,1,0,0
451.763,248.381,3.988,-3.491,240,480,0,1,0,0
455.751,244.889,3.988,-3.491,240,485,0,1,0,0
459.739,241.398,3.988,-3.491,240,490,0,1,0,0
463.726,237.907,3.988,-3.491,240,495,0,1,0,0
467.714,234.416,3.988,-3.491,240,495,0,0,0,0
471.702,230.925,3.988,-3.491,240,495,0,0,0,0
475.69,227.434,3.988,-3.491,240,495,0,0,0,0
479.677,223.943,3.988,-3.491,240,490,0,-1,0,0
483.665,220.452,3.988,-3.491,240,485,0,-1,0,0
487.653,216.961,3.988,-3.491,240,480,0,-1,0,0
491.641,213.47,3.988,-3.491,240,475,0,-1,0,0
495.628,209.978,3.988,-3.491,240,470,0,-1,0,0
499.616,206.487,3.988,-3.491,240,465,0,-1,0,0
503.604,202.996,3.988,-3.491,240,460,0,-1,0,0
507.592,199.505,3.988,-3.491,240,455,0,-1,0,0
511.579,196.014,3.988,-3.491,240,450,0,-1,0,0
515.567,192.523,3.988,-3.491,240,445,0,-1,0,0
519.555,189.032,3.988,-3.491,240,440,0,-1,0,0
523.543,185.541,3.988,-3.491,240,435,0,-1,0,0
527.531,182.05,3.988,-3.491,240,430,0,-1,0,0
531.518,178.558,3.988,-3.491,240,425,0,-1,0,0
535.506,175.067,3.988,-3.491,240,420,0,-1,0,0
539.494,171.576,3.988,-3.491,240,415,0,-1,0,0
543.482,168.085,3.988,-3.491,240,410,0,-1,0,0
547.469,164.594,3.988,-3.491,240,405,0,-1,0,0
551.457,161.103,3.988,-3.491,240,400,0,-1,0,0
555.445,157.612,3.988,-3.491,240,395,0,-1,0,0
559.433,154.121,3.988,-3.491,240,390,0,-1,0,0
563.42,150.63,3.988,-3.491,240,385,0,-1,0,0
567.408,147.139,3.988,-3.491,240,380,0,-1,0,0
571.396,143.647,3.988,-3.491,240,375,0,-1,0,0
575.384,140.156,3.988,-3.491,240,370,0,-1,0,0
579.371,136.665,3.988,-3.491,240,365,0,-1,0,0
583.359,133.174,3.988,-3.491,240,360,0,-1,0,0
587.347,129.683,3.988,-3.491,240,355,0,-1,0,0
591.335,126.192,3.988,-3.491,240,350,0,-1,0,0
595.322,122.701,3.988,-3.491,240,345,0,-1,0,0
599.31,119.21,3.988,-3.491,240,340,0,-1,0,0
603.298,115.719,3.988,-3.491,240,335,0,-1,0,0
607.286,112.227,3.988,-3.491,240,330,0,-1,0,0
611.273,108.736,3.988,-3.491,240,325,0,-1,0,0
615.261,105.245,3.988,-3.491,240,320,0,-1,0,0
619.249,101.754,3.988,-3.491,240,315,0,-1,0,0
623.237,98.263,3.988,-3.491,240,310,0,-1,0,0
627.224,94.772,3.988,-3.491,240,305,0,-1,0,0
631.212,91.281,3.988,-3.491,240,300,0,-1,0,0
635.2,87.79,3.988,-3.491,240,295,0,-1,0,0
639.188,84.299,3.988,-3.491,240,290,0,-1,0,0
643.175,80.808,3.988,-3.491,240,285,0,-1,0,0
647.163,77.316,3.988,-3.491,240,280,0,-1,0,0
651.151,73.825,3.988,-3.491,240,275,0,-1,0,0
655.139,70.334,3.988,-3.491,240,270,0,-1,0,0
659.126,66.843,3.988,-3.491,240,265,0,-1,0,0
663.114,63.352,3.988,-3.491,240,260,0,-1,0,0
667.102,59.861,3.988,-3.491,240,255,0,-1,0,0
671.09,56.37,3.988,-3.491,240,250,0,-1,0,0
675.077,52.879,3.988,-3.491,240,245,0,-1,0,0
679.065,49.388,3.988,-3.491,240,240,0,-1,0,0
683.053,45.896,3.988,-3.491,240,235,0,-1,0,0
687.041,42.405,3.988,-3.491,240,230,0,-1,0,0
691.028,38.914,3.988,-3.491,240,225,0,-1,0,0
695.016,35.423,3.988,-3.491,240,220,0,-1,0,0
699.004,31.932,3.988,-3.491,240,215,0,-1,0,0
702.992,28.441,3.988,-3.491,240,210,0,-1,0,0
706.979,24.95,3.988,-3.491,240,205,0,-1,0,0
710.967,21.459,3.988,-3.491,240,200,0,-1,0,0
714.955,17.968,3.988,-3.491,240,195,0,-1,0,0
718.943,14.477,3.988,-3.491,240,190,0,-1,0,0
722.93,10.985,3.988,-3.491,240,185,0,-1,0,0
726.918,7.494,3.988,-3.491,240,180,0,-1,0,0
730.906,6.0,3.988,3.491,240,175,0,-1,0,0
734.894,9.491,3.988,3.491,240,170,0,-1,0,0
738.881,12.982,3.988,3.491,240,165,0,-1,0,0
742.869,16.473,3.988,3.491,240,160,0,-1,0,0
746.857,19.964,3.988,3.491,240,155,0,-1,0,0
750.845,23.456,3.988,3.491,240,150,0,-1,0,0
754.833,26.947,3.988,3.491,240,145,0,-1,0,0
758.82,30.438,3.988,3.491,240,140,0,-1,0,0
762.808,33.929,3.988,3.491,240,135,0,-1,0,0
766.796,37.42,3.988,3.491,240,130,0,-1,0,0
770.784,40.911,3.988,3.491,240,125,0,-1,0,0
774.771,44.402,3.988,3.491,240,120,0,-1,0,0
778.759,47.893,3.988,3.491,240,115,0,-1,0,0
782.747,51.384,3.988,3.491,240,110,0,-1,0,0
786.735,54.875,3.988,3.491,240,105,0,-1,0,0
790.722,58.367,3.988,3.491,240,100,0,-1,0,0
794.71,61.858,3.988,3.491,240,95,0,-1,0,0
798.698,65.349,3.988,3.491,240,90,0,-1,0,0
802.686,68.84,3.988,3.491,240,85,0,-1,0,0
400.0,300.0,-4.918,0.902,240,80,0,-1,1,0
404.632,301.882,4.632,1.882,240,80,0,0,0,0
409.265,303.763,4.632,1.882,240,80,0,0,0,0
413.897,305.645,4.632,1.882,240,80,0,0,0,0
418.53,307.527,4.632,1.882,240,80,0,0,0,0
423.162,309.409,4.632,1.882,240,80,0,0,0,0
427.794,311.29,4.632,1.882,240,80,0,0,0,0
432.427,313.172,4.632,1.882,240,80,0,0,0,0
437.059,315.054,4.632,1.882,240,80,0,0,0,0
