ball_x,ball_y,ball_vx,ball_vy,left_y,right_y,left_action,right_action,left_scored,right_scored
403.874,296.839,3.874,-3.161,260,260,0,0,0,0
407.749,293.679,3.874,-3.161,260,260,0,0,0,0
411.623,290.518,3.874,-3.161,260,260,0,0,0,0
415.497,287.357,3.874,-3.161,260,260,0,0,0,0
419.371,284.196,3.874,-3.161,260,260,0,0,0,0
423.246,281.036,3.874,-3.161,260,260,0,0,0,0
427.12,277.875,3.874,-3.161,260,260,0,0,0,0
430.994,274.714,3.874,-3.161,260,260,0,0,0,0
434.868,271.553,3.874,-3.161,260,260,0,0,0,0
438.743,268.393,3.874,-3.161,260,260,0,0,0,0
442.617,265.232,3.874,-3.161,260,260,0,0,0,0
446.491,262.071,3.874,-3.161,260,260,0,0,0,0
450.365,258.911,3.874,-3.161,260,260,0,0,0,0
454.24,255.75,3.874,-3.161,260,260,0,0,0,0
458.114,252.589,3.874,-3.161,260,260,0,0,0,0
461.988,249.428,3.874,-3.161,260,260,0,0,0,0
465.862,246.268,3.874,-3.161,260,260,0,0,0,0
469.737,243.107,3.874,-3.161,260,260,0,0,0,0
473.611,239.946,3.874,-3.161,260,260,0,0,0,0
477.485,236.786,3.874,-3.161,260,260,0,0,0,0
481.359,233.625,3.874,-3.161,260,260,0,0,0,0
485.234,230.464,3.874,-3.161,260,260,0,0,0,0
489.108,227.303,3.874,-3.161,260,260,0,0,0,0
492.982,224.143,3.874,-3.161,260,260,0,0,0,0
496.856,220.982,3.874,-3.161,260,260,0,0,0,0
500.731,217.821,3.874,-3.161,260,260,0,0,0,0
504.605,214.66,3.874,-3.161,260,260,0,0,0,0
508.479,211.5,3.874,-3.161,260,260,0,0,0,0
512.353,208.339,3.874,-3.161,260,260,0,0,0,0
516.228,205.178,3.874,-3.161,260,260,0,0,0,0
520.102,202.018,3.874,-3.161,260,260,0,0,0,0
523.976,198.857,3.874,-3.161,260,260,0,0,0,0
527.85,195.696,3.874,-3.161,260,260,0,0,0,0
531.725,192.535,3.874,-3.161,260,260,0,0,0,0
535.599,189.375,3.874,-3.161,260,260,0,0,0,0
539.473,186.214,3.874,-3.161,260,260,0,0,0,0
543.347,183.053,3.874,-3.161,260,255,0,-1,0,0
547.222,179.892,3.874,-3.161,260,250,0,-1,0,0
551.096,176.732,3.874,-3.161,260,245,0,-1,0,0
554.97,173.571,3.874,-3.161,260,240,0,-1,0,0
558.844,170.41,3.874,-3.161,260,235,0,-1,0,0
562.719,167.25,3.874,-3.161,260,230,0,-1,0,0
566.593,164.089,3.874,-3.161,260,225,0,-1,0,0
570.467,160.928,3.874,-3.161,260,220,0,-1,0,0
574.341,157.767,3.874,-3.161,260,215,0,-1,0,0
578.216,154.607,3.874,-3.161,260,210,0,-1,0,0
582.09,151.446,3.874,-3.161,260,205,0,-1,0,0
585.964,148.285,3.874,-3.161,260,200,0,-1,0,0
589.838,145.125,3.874,-3.161,260,195,0,-1,0,0
593.713,141.964,3.874,-3.161,260,190,0,-1,0,0
597.587,138.803,3.874,-3.161,260,185,0,-1,0,0
601.461,135.642,3.874,-3.161,260,180,0,-1,0,0
605.335,132.482,3.874,-3.161,260,175,0,-1,0,0
609.21,129.321,3.874,-3.161,260,170,0,-1,0,0
613.084,126.16,3.874,-3.161,260,165,0,-1,0,0
616.958,122.999,3.874,-3.161,260,160,0,-1,0,0
620.832,119.839,3.874,-3.161,260,155,0,-1,0,0
624.707,116.678,3.874,-3.161,260,150,0,-1,0,0
628.581,113.517,3.874,-3.161,260,145,0,-1,0,0
632.455,110.357,3.874,-3.161,260,140,0,-1,0,0
636.329,107.196,3.874,-3.161,260,135,0,-1,0,0
640.204,104.035,3.874,-3.161,260,130,0,-1,0,0
644.078,100.874,3.874,-3.161,260,125,0,-1,0,0
647.952,97.714,3.874,-3.161,260,120,0,-1,0,0
651.826,94.553,3.874,-3.161,260,115,0,-1,0,0
655.701,91.392,3.874,-3.161,260,110,0,-1,0,0
659.575,88.231,3.874,-3.161,260,105,0,-1,0,0
663.449,85.071,3.874,-3.161,260,100,0,-1,0,0
667.323,81.91,3.874,-3.161,260,95,0,-1,0,0
671.198,78.749,3.874,-3.161,260,90,0,-1,0,0
675.072,75.589,3.874,-3.161,260,85,0,-1,0,0
678.946,72.428,3.874,-3.161,255,80,-1,-1,0,0
682.82,69.267,3.874,-3.161,250,75,-1,-1,0,0
686.695,66.106,3.874,-3.161,245,70,-1,-1,0,0
690.569,62.946,3.874,-3.161,240,65,-1,-1,0,0
694.443,59.785,3.874,-3.161,235,60,-1,-1,0,0
698.317,56.624,3.874,-3.161,230,55,-1,-1,0,0
702.192,53.464,3.874,-3.161,225,50,-1,-1,0,0
706.066,50.303,3.874,-3.161,220,45,-1,-1,0,0
709.94,47.142,3.874,-3.161,215,40,-1,-1,0,0
713.814,43.981,3.874,-3.161,210,35,-1,-1,0,0
717.689,40.821,3.874,-3.161,205,30,-1,-1,0,0
721.563,37.66,3.874,-3.161,200,25,-1,-1,0,0
725.437,34.499,3.874,-3.161,200,20,0,-1,0,0
729.311,31.338,3.874,-3.161,200,15,0,-1,0,0
733.186,28.178,3.874,-3.161,200,10,0,-1,0,0
737.06,25.017,3.874,-3.161,200,5,0,-1,0,0
740.934,21.856,3.874,-3.161,200,0,0,-1,0,0
744.808,18.696,3.874,-3.161,200,0,0,-1,0,0
748.683,15.535,3.874,-3.161,200,0,0,-1,0,0
752.557,12.374,3.874,-3.161,200,0,0,-1,0,0
751.0,9.213,-3.67,-3.824,200,0,0,-1,0,0
747.33,6.0,-3.67,3.824,200,0,0,-1,0,0
743.661,9.824,-3.67,3.824,200,0,0,-1,0,0
739.991,13.648,-3.67,3.824,200,0,0,-1,0,0
736.321,17.472,-3.67,3.824,200,0,0,0,0,0
732.652,21.296,-3.67,3.824,200,0,0,0,0,0
728.982,25.12,-3.67,3.824,200,0,0,0,0,0
725.312,28.944,-3.67,3.824,200,0,0,0,0,0
721.642,32.768,-3.67,3.824,200,0,0,0,0,0
717.973,36.592,-3.67,3.824,200,0,0,0,0,0
714.303,40.416,-3.67,3.824,200,0,0,0,0,0
710.633,44.24,-3.67,3.824,200,0,0,0,0,0
706.964,48.064,-3.67,3.824,200,0,0,0,0,0
703.294,51.889,-3.67,3.824,200,0,0,0,0,0
699.624,55.713,-3.67,3.824,200,0,0,0,0,0
695.955,59.537,-3.67,3.824,200,0,0,0,0,0
692.285,63.361,-3.67,3.824,200,0,0,0,0,0
688.615,67.185,-3.67,3.824,200,0,0,0,0,0
684.945,71.009,-3.67,3.824,200,5,0,1,0,0
681.276,74.833,-3.67,3.824,200,10,0,1,0,0
677.606,78.657,-3.67,3.824,200,15,0,1,0,0
673.936,82.481,-3.67,3.824,200,20,0,1,0,0
670.267,86.305,-3.67,3.824,200,25,0,1,0,0
666.597,90.129,-3.67,3.824,200,30,0,1,0,0
662.927,93.953,-3.67,3.824,200,35,0,1,0,0
659.258,97.777,-3.67,3.824,200,40,0,1,0,0
655.588,101.601,-3.67,3.824,200,45,0,1,0,0
651.918,105.425,-3.67,3.824,200,50,0,1,0,0
648.248,109.249,-3.67,3.824,200,55,0,1,0,0
644.579,113.073,-3.67,3.824,200,60,0,1,0,0
640.909,116.897,-3.67,3.824,200,65,0,1,0,0
637.239,120.721,-3.67,3.824,205,70,1,1,0,0
633.57,124.545,-3.67,3.824,210,75,1,1,0,0
629.9,128.369,-3.67,3.824,215,80,1,1,0,0
626.23,132.193,-3.67,3.824,220,85,1,1,0,0
622.561,136.018,-3.67,3.824,225,90,1,1,0,0
618.891,139.842,-3.67,3.824,230,95,1,1,0,0
615.221,143.666,-3.67,3.824,235,100,1,1,0,0
611.551,147.49,-3.67,3.824,240,105,1,1,0,0
607.882,151.314,-3.67,3.824,245,110,1,1,0,0
604.212,155.138,-3.67,3.824,250,115,1,1,0,0
600.542,158.962,-3.67,3.824,255,120,1,1,0,0
596.873,162.786,-3.67,3.824,260,125,1,1,0,0
593.203,166.61,-3.67,3.824,265,130,1,1,0,0
589.533,170.434,-3.67,3.824,270,135,1,1,0,0
585.864,174.258,-3.67,3.824,275,140,1,1,0,0
582.194,178.082,-3.67,3.824,280,145,1,1,0,0
578.524,181.906,-3.67,3.824,285,150,1,1,0,0
574.854,185.73,-3.67,3.824,290,155,1,1,0,0
571.185,189.554,-3.67,3.824,295,160,1,1,0,0
567.515,193.378,-3.67,3.824,300,165,1,1,0,0
563.845,197.202,-3.67,3.824,305,170,1,1,0,0
560.176,201.026,-3.67,3.824,310,175,1,1,0,0
556.506,204.85,-3.67,3.824,315,180,1,1,0,0
552.836,208.674,-3.67,3.824,320,185,1,1,0,0
549.167,212.498,-3.67,3.824,325,190,1,1,0,0
545.497,216.322,-3.67,3.824,330,195,1,1,0,0
541.827,220.146,-3.67,3.824,335,200,1,1,0,0
538.158,223.971,-3.67,3.824,340,205,1,1,0,0
534.488,227.795,-3.67,3.824,345,210,1,1,0,0
530.818,231.619,-3.67,3.824,350,215,1,1,0,0
527.148,235.443,-3.67,3.824,355,220,1,1,0,0
523.479,239.267,-3.67,3.824,360,225,1,1,0,0
519.809,243.091,-3.67,3.824,365,230,1,1,0,0
516.139,246.915,-3.67,3.824,370,235,1,1,0,0
512.47,250.739,-3.67,3.824,375,240,1,1,0,0
508.8,254.563,-3.67,3.824,380,245,1,1,0,0
505.13,258.387,-3.67,3.824,385,250,1,1,0,0
501.461,262.211,-3.67,3.824,390,255,1,1,0,0
497.791,266.035,-3.67,3.824,395,260,1,1,0,0
494.121,269.859,-3.67,3.824,400,265,1,1,0,0
490.451,273.683,-3.67,3.824,405,270,1,1,0,0
486.782,277.507,-3.67,3.824,410,275,1,1,0,0
483.112,281.331,-3.67,3.824,415,280,1,1,0,0
479.442,285.155,-3.67,3.824,420,285,1,1,0,0
475.773,288.979,-3.67,3.824,425,290,1,1,0,0
472.103,292.803,-3.67,3.824,430,295,1,1,0,0
468.433,296.627,-3.67,3.824,435,300,1,1,0,0
464.764,300.451,-3.67,3.824,435,300,0,0,0,0
461.094,304.275,-3.67,3.824,435,300,0,0,0,0
457.424,308.1,-3.67,3.824,435,300,0,0,0,0
453.754,311.924,-3.67,3.824,435,300,0,0,0,0
450.085,315.748,-3.67,3.824,435,300,0,0,0,0
446.415,319.572,-3.67,3.824,435,300,0,0,0,0
442.745,323.396,-3.67,3.824,435,300,0,0,0,0
439.076,327.22,-3.67,3.824,435,300,0,0,0,0
435.406,331.044,-3.67,3.824,435,300,0,0,0,0
431.736,334.868,-3.67,3.824,435,300,0,0,0,0
428.067,338.692,-3.67,3.824,435,300,0,0,0,0
424.397,342.516,-3.67,3.824,435,300,0,0,0,0
420.727,346.34,-3.67,3.824,435,300,0,0,0,0
417.057,350.164,-3.67,3.824,435,300,0,0,0,0
413.388,353.988,-3.67,3.824,435,300,0,0,0,0
409.718,357.812,-3.67,3.824,435,300,0,0,0,0
406.048,361.636,-3.67,3.824,435,300,0,0,0,0
402.379,365.46,-3.67,3.824,435,300,0,0,0,0
398.709,369.284,-3.67,3.824,435,300,0,0,0,0
395.039,373.108,-3.67,3.824,435,300,0,0,0,0
391.37,376.932,-3.67,3.824,435,300,0,0,0,0
387.7,380.756,-3.67,3.824,435,300,0,0,0,0
384.03,384.58,-3.67,3.824,435,300,0,0,0,0
380.361,388.404,-3.67,3.824,435,300,0,0,0,0
376.691,392.228,-3.67,3.824,435,300,0,0,0,0
373.021,396.053,-3.67,3.824,435,300,0,0,0,0
369.351,399.877,-3.67,3.824,435,300,0,0,0,0
365.682,403.701,-3.67,3.824,435,300,0,0,0,0
362.012,407.525,-3.67,3.824,435,300,0,0,0,0
358.342,411.349,-3.67,3.824,435,300,0,0,0,0
354.673,415.173,-3.67,3.824,440,300,1,0,0,0
351.003,418.997,-3.67,3.824,445,300,1,0,0,0
347.333,422.821,-3.67,3.824,450,300,1,0,0,0
343.664,426.645,-3.67,3.824,455,300,1,0,0,0
339.994,430.469,-3.67,3.824,460,300,1,0,0,0
336.324,434.293,-3.67,3.824,465,300,1,0,0,0
332.654,438.117,-3.67,3.824,470,300,1,0,0,0
328.985,441.941,-3.67,3.824,475,300,1,0,0,0
325.315,445.765,-3.67,3.824,480,300,1,0,0,0
321.645,449.589,-3.67,3.824,485,305,1,1,0,0
317.976,453.413,-3.67,3.824,490,310,1,1,0,0
314.306,457.237,-3.67,3.824,495,315,1,1,0,0
310.636,461.061,-3.67,3.824,500,320,1,1,0,0
306.967,464.885,-3.67,3.824,505,325,1,1,0,0
303.297,468.709,-3.67,3.824,510,330,1,1,0,0
299.627,472.533,-3.67,3.824,515,335,1,1,0,0
295.957,476.357,-3.67,3.824,520,340,1,1,0,0
292.288,480.182,-3.67,3.824,520,345,0,1,0,0
288.618,484.006,-3.67,3.824,520,350,0,1,0,0
284.948,487.83,-3.67,3.824,520,355,0,1,0,0
281.279,491.654,-3.67,3.824,520,360,0,1,0,0
277.609,495.478,-3.67,3.824,520,365,0,1,0,0
273.939,499.302,-3.67,3.824,520,370,0,1,0,0
270.27,503.126,-3.67,3.824,520,375,0,1,0,0
266.6,506.95,-3.67,3.824,520,380,0,1,0,0
262.93,510.774,-3.67,3.824,520,380,0,0,0,0
259.26,514.598,-3.67,3.824,520,380,0,0,0,0
255.591,518.422,-3.67,3.824,520,380,0,0,0,0
251.921,522.246,-3.67,3.824,520,380,0,0,0,0
248.251,526.07,-3.67,3.824,520,380,0,0,0,0
244.582,529.894,-3.67,3.824,520,380,0,0,0,0
240.912,533.718,-3.67,3.824,520,380,0,0,0,0
237.242,537.542,-3.67,3.824,520,380,0,0,0,0
233.573,541.366,-3.67,3.824,520,380,0,0,0,0
229.903,545.19,-3.67,3.824,520,380,0,0,0,0
226.233,549.014,-3.67,3.824,520,380,0,0,0,0
222.563,552.838,-3.67,3.824,520,380,0,0,0,0
218.894,556.662,-3.67,3.824,520,380,0,0,0,0
215.224,560.486,-3.67,3.824,520,380,0,0,0,0
211.554,564.311,-3.67,3.824,520,380,0,0,0,0
207.885,568.135,-3.67,3.824,520,375,0,-1,0,0
204.215,571.959,-3.67,3.824,520,370,0,-1,0,0
200.545,575.783,-3.67,3.824,520,365,0,-1,0,0
196.876,579.607,-3.67,3.824,520,360,0,-1,0,0
193.206,583.431,-3.67,3.824,520,355,0,-1,0,0
189.536,587.255,-3.67,3.824,520,350,0,-1,0,0
185.867,591.079,-3.67,3.824,520,345,0,-1,0,0
182.197,594.0,-3.67,-3.824,520,345,0,0,0,0
178.527,590.176,-3.67,-3.824,520,345,0,0,0,0
174.857,586.352,-3.67,-3.824,520,345,0,0,0,0
171.188,582.528,-3.67,-3.824,520,345,0,0,0,0
167.518,578.704,-3.67,-3.824,520,345,0,0,0,0
163.848,574.88,-3.67,-3.824,520,345,0,0,0,0
160.179,571.056,-3.67,-3.824,520,345,0,0,0,0
156.509,567.232,-3.67,-3.824,520,345,0,0,0,0
152.839,563.408,-3.67,-3.824,520,345,0,0,0,0
149.17,559.584,-3.67,-3.824,520,345,0,0,0,0
145.5,555.76,-3.67,-3.824,520,345,0,0,0,0
141.83,551.936,-3.67,-3.824,520,345,0,0,0,0
138.16,548.111,-3.67,-3.824,520,345,0,0,0,0
134.491,544.287,-3.67,-3.824,520,345,0,0,0,0
130.821,540.463,-3.67,-3.824,520,345,0,0,0,0
127.151,536.639,-3.67,-3.824,520,345,0,0,0,0
123.482,532.815,-3.67,-3.824,520,345,0,0,0,0
119.812,528.991,-3.67,-3.824,520,345,0,0,0,0
116.142,525.167,-3.67,-3.824,520,345,0,0,0,0
112.473,521.343,-3.67,-3.824,520,345,0,0,0,0
108.803,517.519,-3.67,-3.824,515,340,-1,-1,0,0
105.133,513.695,-3.67,-3.824,510,335,-1,-1,0,0
101.463,509.871,-3.67,-3.824,505,330,-1,-1,0,0
97.794,506.047,-3.67,-3.824,500,325,-1,-1,0,0
94.124,502.223,-3.67,-3.824,495,320,-1,-1,0,0
90.454,498.399,-3.67,-3.824,490,315,-1,-1,0,0
86.785,494.575,-3.67,-3.824,485,310,-1,-1,0,0
83.115,490.751,-3.67,-3.824,480,305,-1,-1,0,0
79.445,486.927,-3.67,-3.824,475,300,-1,-1,0,0
75.776,483.103,-3.67,-3.824,470,295,-1,-1,0,0
72.106,479.279,-3.67,-3.824,465,290,-1,-1,0,0
68.436,475.455,-3.67,-3.824,460,285,-1,-1,0,0
64.766,471.631,-3.67,-3.824,455,280,-1,-1,0,0
61.097,467.807,-3.67,-3.824,450,275,-1,-1,0,0
57.427,463.982,-3.67,-3.824,445,270,-1,-1,0,0
53.757,460.158,-3.67,-3.824,440,265,-1,-1,0,0
50.088,456.334,-3.67,-3.824,435,260,-1,-1,0,0
49.0,452.51,5.023,-2.475,430,255,-1,-1,0,0
54.023,450.035,5.023,-2.475,425,250,-1,-1,0,0
59.046,447.559,5.023,-2.475,420,245,-1,-1,0,0
64.069,445.084,5.023,-2.475,415,240,-1,-1,0,0
69.093,442.609,5.023,-2.475,410,235,-1,-1,0,0
74.116,440.133,5.023,-2.475,405,230,-1,-1,0,0
79.139,437.658,5.023,-2.475,400,225,-1,-1,0,0
84.162,435.182,5.023,-2.475,395,220,-1,-1,0,0
89.185,432.707,5.023,-2.475,390,215,-1,-1,0,0
94.208,430.231,5.023,-2.475,385,210,-1,-1,0,0
99.232,427.756,5.023,-2.475,380,205,-1,-1,0,0
104.255,425.28,5.023,-2.475,375,200,-1,-1,0,0
109.278,422.805,5.023,-2.475,370,195,-1,-1,0,0
114.301,420.329,5.023,-2.475,365,190,-1,-1,0,0
119.324,417.854,5.023,-2.475,360,185,-1,-1,0,0
124.347,415.379,5.023,-2.475,355,180,-1,-1,0,0
129.371,412.903,5.023,-2.475,350,175,-1,-1,0,0
134.394,410.428,5.023,-2.475,345,170,-1,-1,0,0
139.417,407.952,5.023,-2.475,340,165,-1,-1,0,0
144.44,405.477,5.023,-2.475,335,165,-1,0,0,0
149.463,403.001,5.023,-2.475,335,165,0,0,0,0
154.486,400.526,5.023,-2.475,335,165,0,0,0,0
159.509,398.05,5.023,-2.475,335,165,0,0,0,0
164.533,395.575,5.023,-2.475,335,165,0,0,0,0
169.556,393.099,5.023,-2.475,335,165,0,0,0,0
174.579,390.624,5.023,-2.475,335,165,0,0,0,0
179.602,388.149,5.023,-2.475,335,170,0,1,0,0
184.625,385.673,5.023,-2.475,335,175,0,1,0,0
189.648,383.198,5.023,-2.475,335,180,0,1,0,0
194.672,380.722,5.023,-2.475,335,185,0,1,0,0
199.695,378.247,5.023,-2.475,335,190,0,1,0,0
204.718,375.771,5.023,-2.475,335,195,0,1,0,0
209.741,373.296,5.023,-2.475,335,200,0,1,0,0
214.764,370.82,5.023,-2.475,335,205,0,1,0,0
219.787,368.345,5.023,-2.475,335,210,0,1,0,0
224.811,365.869,5.023,-2.475,335,215,0,1,0,0
229.834,363.394,5.023,-2.475,335,220,0,1,0,0
234.857,360.919,5.023,-2.475,335,220,0,0,0,0
239.88,358.443,5.023,-2.475,335,220,0,0,0,0
244.903,355.968,5.023,-2.475,335,220,0,0,0,0
249.926,353.492,5.023,-2.475,335,220,0,0,0,0
254.949,351.017,5.023,-2.475,335,220,0,0,0,0
259.973,348.541,5.023,-2.475,335,220,0,0,0,0
264.996,346.066,5.023,-2.475,335,220,0,0,0,0
270.019,343.59,5.023,-2.475,335,220,0,0,0,0
275.042,341.115,5.023,-2.475,335,220,0,0,0,0
280.065,338.639,5.023,-2.475,335,220,0,0,0,0
285.088,336.164,5.023,-2.475,335,220,0,0,0,0
290.112,333.688,5.023,-2.475,335,220,0,0,0,0
295.135,331.213,5.023,-2.475,335,220,0,0,0,0
300.158,328.738,5.023,-2.475,335,220,0,0,0,0
305.181,326.262,5.023,-2.475,335,220,0,0,0,0
310.204,323.787,5.023,-2.475,335,220,0,0,0,0
315.227,321.311,5.023,-2.475,335,220,0,0,0,0
320.251,318.836,5.023,-2.475,335,220,0,0,0,0
325.274,316.36,5.023,-2.475,335,220,0,0,0,0
330.297,313.885,5.023,-2.475,340,220,1,0,0,0
335.32,311.409,5.023,-2.475,345,220,1,0,0,0
340.343,308.934,5.023,-2.475,350,220,1,0,0,0
345.366,306.458,5.023,-2.475,355,220,1,0,0,0
350.39,303.983,5.023,-2.475,360,220,1,0,0,0
355.413,301.508,5.023,-2.475,365,220,1,0,0,0
360.436,299.032,5.023,-2.475,370,220,1,0,0,0
365.459,296.557,5.023,-2.475,375,220,1,0,0,0
370.482,294.081,5.023,-2.475,380,220,1,0,0,0
375.505,291.606,5.023,-2.475,385,220,1,0,0,0
380.528,289.13,5.023,-2.475,390,220,1,0,0,0
385.552,286.655,5.023,-2.475,395,220,1,0,0,0
390.575,284.179,5.023,-2.475,400,220,1,0,0,0
395.598,281.704,5.023,-2.475,405,215,1,-1,0,0
400.621,279.228,5.023,-2.475,410,210,1,-1,0,0
405.644,276.753,5.023,-2.475,415,205,1,-1,0,0
410.667,274.278,5.023,-2.475,420,200,1,-1,0,0
415.691,271.802,5.023,-2.475,420,195,0,-1,0,0
420.714,269.327,5.023,-2.475,420,190,0,-1,0,0
425.737,266.851,5.023,-2.475,420,185,0,-1,0,0
430.76,264.376,5.023,-2.475,420,180,0,-1,0,0
435.783,261.9,5.023,-2.475,420,180,0,0,0,0
440.806,259.425,5.023,-2.475,420,180,0,0,0,0
445.83,256.949,5.023,-2.475,420,180,0,0,0,0
450.853,254.474,5.023,-2.475,420,180,0,0,0,0
455.876,251.998,5.023,-2.475,420,180,0,0,0,0
460.899,249.523,5.023,-2.475,420,180,0,0,0,0
465.922,247.048,5.023,-2.475,420,180,0,0,0,0
470.945,244.572,5.023,-2.475,420,180,0,0,0,0
475.968,242.097,5.023,-2.475,420,180,0,0,0,0
480.992,239.621,5.023,-2.475,420,180,0,0,0,0
486.015,237.146,5.023,-2.475,420,180,0,0,0,0
491.038,234.67,5.023,-2.475,420,180,0,0,0,0
496.061,232.195,5.023,-2.475,415,175,-1,-1,0,0
501.084,229.719,5.023,-2.475,410,170,-1,-1,0,0
506.107,227.244,5.023,-2.475,405,165,-1,-1,0,0
511.131,224.768,5.023,-2.475,400,160,-1,-1,0,0
516.154,222.293,5.023,-2.475,395,155,-1,-1,0,0
521.177,219.818,5.023,-2.475,390,150,-1,-1,0,0
526.2,217.342,5.023,-2.475,385,145,-1,-1,0,0
531.223,214.867,5.023,-2.475,380,140,-1,-1,0,0
536.246,212.391,5.023,-2.475,375,135,-1,-1,0,0
541.27,209.916,5.023,-2.475,370,130,-1,-1,0,0
546.293,207.44,5.023,-2.475,370,130,0,0,0,0
551.316,204.965,5.023,-2.475,370,130,0,0,0,0
556.339,202.489,5.023,-2.475,370,130,0,0,0,0
561.362,200.014,5.023,-2.475,370,130,0,0,0,0
566.385,197.538,5.023,-2.475,370,130,0,0,0,0
571.408,195.063,5.023,-2.475,370,130,0,0,0,0
576.432,192.588,5.023,-2.475,370,130,0,0,0,0
581.455,190.112,5.023,-2.475,370,130,0,0,0,0
586.478,187.637,5.023,-2.475,365,130,-1,0,0,0
591.501,185.161,5.023,-2.475,360,130,-1,0,0,0
596.524,182.686,5.023,-2.475,355,130,-1,0,0,0
601.547,180.21,5.023,-2.475,350,130,-1,0,0,0
606.571,177.735,5.023,-2.475,345,130,-1,0,0,0
611.594,175.259,5.023,-2.475,340,130,-1,0,0,0
616.617,172.784,5.023,-2.475,335,130,-1,0,0,0
621.64,170.308,5.023,-2.475,335,125,0,-1,0,0
626.663,167.833,5.023,-2.475,335,120,0,-1,0,0
631.686,165.358,5.023,-2.475,335,115,0,-1,0,0
636.71,162.882,5.023,-2.475,335,110,0,-1,0,0
641.733,160.407,5.023,-2.475,335,105,0,-1,0,0
646.756,157.931,5.023,-2.475,335,100,0,-1,0,0
651.779,155.456,5.023,-2.475,335,95,0,-1,0,0
656.802,152.98,5.023,-2.475,335,90,0,-1,0,0
661.825,150.505,5.023,-2.475,335,85,0,-1,0,0
666.848,148.029,5.023,-2.475,335,80,0,-1,0,0
671.872,145.554,5.023,-2.475,330,75,-1,-1,0,0
676.895,143.078,5.023,-2.475,325,70,-1,-1,0,0
681.918,140.603,5.023,-2.475,320,65,-1,-1,0,0
686.941,138.128,5.023,-2.475,315,60,-1,-1,0,0
691.964,135.652,5.023,-2.475,310,55,-1,-1,0,0
696.987,133.177,5.023,-2.475,305,55,-1,0,0,0
702.011,130.701,5.023,-2.475,300,55,-1,0,0,0
707.034,128.226,5.023,-2.475,295,55,-1,0,0,0
712.057,125.75,5.023,-2.475,295,55,0,0,0,0
717.08,123.275,5.023,-2.475,295,55,0,0,0,0
722.103,120.799,5.023,-2.475,295,55,0,0,0,0
727.126,118.324,5.023,-2.475,295,55,0,0,0,0
732.15,115.848,5.023,-2.475,295,55,0,0,0,0
737.173,113.373,5.023,-2.475,295,55,0,0,0,0
742.196,110.898,5.023,-2.475,295,55,0,0,0,0
747.219,108.422,5.023,-2.475,295,55,0,0,0,0
752.242,105.947,5.023,-2.475,295,55,0,0,0,0
751.0,103.471,-5.756,1.298,295,55,0,0,0,0
745.244,104.769,-5.756,1.298,295,55,0,0,0,0
739.489,106.067,-5.756,1.298,295,55,0,0,0,0
733.733,107.364,-5.756,1.298,295,55,0,0,0,0
727.978,108.662,-5.756,1.298,295,55,0,0,0,0
722.222,109.96,-5.756,1.298,295,55,0,0,0,0
716.467,111.258,-5.756,1.298,295,55,0,0,0,0
710.711,112.555,-5.756,1.298,295,55,0,0,0,0
704.956,113.853,-5.756,1.298,295,55,0,0,0,0
699.2,115.151,-5.756,1.298,295,60,0,1,0,0
693.445,116.449,-5.756,1.298,295,65,0,1,0,0
687.689,117.747,-5.756,1.298,295,70,0,1,0,0
681.934,119.044,-5.756,1.298,295,75,0,1,0,0
676.178,120.342,-5.756,1.298,295,80,0,1,0,0
670.423,121.64,-5.756,1.298,295,85,0,1,0,0
664.667,122.938,-5.756,1.298,295,90,0,1,0,0
658.912,124.235,-5.756,1.298,295,95,0,1,0,0
653.156,125.533,-5.756,1.298,295,100,0,1,0,0
647.401,126.831,-5.756,1.298,295,105,0,1,0,0
641.645,128.129,-5.756,1.298,295,110,0,1,0,0
635.89,129.426,-5.756,1.298,295,115,0,1,0,0
630.134,130.724,-5.756,1.298,295,120,0,1,0,0
624.379,132.022,-5.756,1.298,295,125,0,1,0,0
618.623,133.32,-5.756,1.298,295,130,0,1,0,0
612.868,134.618,-5.756,1.298,295,135,0,1,0,0
607.112,135.915,-5.756,1.298,295,140,0,1,0,0
601.357,137.213,-5.756,1.298,295,145,0,1,0,0
595.601,138.511,-5.756,1.298,295,150,0,1,0,0
589.846,139.809,-5.756,1.298,295,155,0,1,0,0
584.09,141.106,-5.756,1.298,295,160,0,1,0,0
578.335,142.404,-5.756,1.298,295,165,0,1,0,0
572.579,143.702,-5.756,1.298,290,165,-1,0,0,0
566.824,145.0,-5.756,1.298,285,165,-1,0,0,0
561.068,146.297,-5.756,1.298,280,165,-1,0,0,0
555.313,147.595,-5.756,1.298,275,165,-1,0,0,0
549.557,148.893,-5.756,1.298,270,165,-1,0,0,0
543.802,150.191,-5.756,1.298,265,165,-1,0,0,0
538.046,151.488,-5.756,1.298,260,165,-1,0,0,0
532.291,152.786,-5.756,1.298,255,165,-1,0,0,0
526.535,154.084,-5.756,1.298,250,165,-1,0,0,0
520.78,155.382,-5.756,1.298,245,165,-1,0,0,0
515.024,156.68,-5.756,1.298,240,165,-1,0,0,0
509.269,157.977,-5.756,1.298,235,165,-1,0,0,0
503.513,159.275,-5.756,1.298,235,165,0,0,0,0
497.758,160.573,-5.756,1.298,235,165,0,0,0,0
492.002,161.871,-5.756,1.298,235,165,0,0,0,0
486.247,163.168,-5.756,1.298,235,165,0,0,0,0
480.491,164.466,-5.756,1.298,235,165,0,0,0,0
474.736,165.764,-5.756,1.298,235,165,0,0,0,0
468.98,167.062,-5.756,1.298,235,165,0,0,0,0
463.225,168.359,-5.756,1.298,230,165,-1,0,0,0
457.469,169.657,-5.756,1.298,225,165,-1,0,0,0
451.714,170.955,-5.756,1.298,220,165,-1,0,0,0
445.958,172.253,-5.756,1.298,215,165,-1,0,0,0
440.203,173.551,-5.756,1.298,210,165,-1,0,0,0
434.447,174.848,-5.756,1.298,205,165,-1,0,0,0
428.692,176.146,-5.756,1.298,200,165,-1,0,0,0
422.936,177.444,-5.756,1.298,195,165,-1,0,0,0
417.181,178.742,-5.756,1.298,190,165,-1,0,0,0
411.425,180.039,-5.756,1.298,185,165,-1,0,0,0
405.67,181.337,-5.756,1.298,185,165,0,0,0,0
399.914,182.635,-5.756,1.298,185,165,0,0,0,0
394.159,183.933,-5.756,1.298,185,165,0,0,0,0
388.403,185.23,-5.756,1.298,185,165,0,0,0,0
382.648,186.528,-5.756,1.298,185,165,0,0,0,0
376.892,187.826,-5.756,1.298,185,165,0,0,0,0
371.137,189.124,-5.756,1.298,185,165,0,0,0,0
365.381,190.421,-5.756,1.298,185,165,0,0,0,0
359.626,191.719,-5.756,1.298,185,165,0,0,0,0
353.87,193.017,-5.756,1.298,185,165,0,0,0,0
348.115,194.315,-5.756,1.298,185,165,0,0,0,0
342.359,195.613,-5.756,1.298,185,165,0,0,0,0
336.604,196.91,-5.756,1.298,185,165,0,0,0,0
330.848,198.208,-5.756,1.298,185,165,0,0,0,0
325.093,199.506,-5.756,1.298,185,165,0,0,0,0
319.337,200.804,-5.756,1.298,185,165,0,0,0,0
313.582,202.101,-5.756,1.298,185,165,0,0,0,0
307.826,203.399,-5.756,1.298,185,165,0,0,0,0
302.071,204.697,-5.756,1.298,185,165,0,0,0,0
296.315,205.995,-5.756,1.298,185,165,0,0,0,0
290.56,207.292,-5.756,1.298,185,165,0,0,0,0
284.804,208.59,-5.756,1.298,185,165,0,0,0,0
279.049,209.888,-5.756,1.298,185,165,0,0,0,0
273.293,211.186,-5.756,1.298,185,165,0,0,0,0
267.538,212.483,-5.756,1.298,185,165,0,0,0,0
261.782,213.781,-5.756,1.298,185,165,0,0,0,0
256.027,215.079,-5.756,1.298,185,165,0,0,0,0
250.271,216.377,-5.756,1.298,185,165,0,0,0,0
244.516,217.675,-5.756,1.298,185,165,0,0,0,0
238.76,218.972,-5.756,1.298,185,165,0,0,0,0
233.005,220.27,-5.756,1.298,185,165,0,0,0,0
227.249,221.568,-5.756,1.298,185,165,0,0,0,0
221.494,222.866,-5.756,1.298,185,165,0,0,0,0
215.738,224.163,-5.756,1.298,185,165,0,0,0,0
209.983,225.461,-5.756,1.298,185,165,0,0,0,0
204.227,226.759,-5.756,1.298,185,165,0,0,0,0
198.472,228.057,-5.756,1.298,185,165,0,0,0,0
192.716,229.354,-5.756,1.298,185,165,0,0,0,0
186.961,230.652,-5.756,1.298,185,165,0,0,0,0
181.205,231.95,-5.756,1.298,185,165,0,0,0,0
175.45,233.248,-5.756,1.298,185,165,0,0,0,0
169.694,234.546,-5.756,1.298,185,165,0,0,0,0
163.939,235.843,-5.756,1.298,185,165,0,0,0,0
158.183,237.141,-5.756,1.298,185,165,0,0,0,0
152.428,238.439,-5.756,1.298,185,165,0,0,0,0
146.672,239.737,-5.756,1.298,185,165,0,0,0,0
140.917,241.034,-5.756,1.298,180,170,-1,1,0,0
135.161,242.332,-5.756,1.298,175,175,-1,1,0,0
129.406,243.63,-5.756,1.298,170,180,-1,1,0,0
123.65,244.928,-5.756,1.298,165,185,-1,1,0,0
117.895,246.225,-5.756,1.298,160,190,-1,1,0,0
112.139,247.523,-5.756,1.298,155,195,-1,1,0,0
106.384,248.821,-5.756,1.298,160,200,1,1,0,0
100.628,250.119,-5.756,1.298,165,205,1,1,0,0
94.873,251.416,-5.756,1.298,170,205,1,0,0,0
89.117,252.714,-5.756,1.298,175,205,1,0,0,0
83.362,254.012,-5.756,1.298,180,205,1,0,0,0
77.606,255.31,-5.756,1.298,185,205,1,0,0,0
71.851,256.608,-5.756,1.298,190,205,1,0,0,0
66.095,257.905,-5.756,1.298,195,205,1,0,0,0
60.34,259.203,-5.756,1.298,200,205,1,0,0,0
54.584,260.501,-5.756,1.298,205,205,1,0,0,0
48.829,261.799,-5.756,1.298,210,205,1,0,0,0
49.0,263.096,6.061,1.304,215,205,1,0,0,0
55.061,264.401,6.061,1.304,220,205,1,0,0,0
61.122,265.705,6.061,1.304,225,205,1,0,0,0
67.184,267.009,6.061,1.304,230,205,1,0,0,0
73.245,268.314,6.061,1.304,235,205,1,0,0,0
79.306,269.618,6.061,1.304,240,205,1,0,0,0
85.367,270.922,6.061,1.304,245,205,1,0,0,0
91.429,272.227,6.061,1.304,250,205,1,0,0,0
97.49,273.531,6.061,1.304,255,205,1,0,0,0
103.551,274.836,6.061,1.304,260,205,1,0,0,0
109.612,276.14,6.061,1.304,265,205,1,0,0,0
115.674,277.444,6.061,1.304,270,205,1,0,0,0
121.735,278.749,6.061,1.304,275,210,1,1,0,0
127.796,280.053,6.061,1.304,280,215,1,1,0,0
133.857,281.357,6.061,1.304,285,220,1,1,0,0
139.919,282.662,6.061,1.304,290,225,1,1,0,0
145.98,283.966,6.061,1.304,295,230,1,1,0,0
152.041,285.27,6.061,1.304,300,235,1,1,0,0
158.102,286.575,6.061,1.304,305,240,1,1,0,0
164.164,287.879,6.061,1.304,310,245,1,1,0,0
170.225,289.183,6.061,1.304,310,245,0,0,0,0
176.286,290.488,6.061,1.304,310,245,0,0,0,0
182.347,291.792,6.061,1.304,310,245,0,0,0,0
188.409,293.096,6.061,1.304,310,245,0,0,0,0
194.47,294.401,6.061,1.304,310,245,0,0,0,0
200.531,295.705,6.061,1.304,310,245,0,0,0,0
206.592,297.009,6.061,1.304,310,245,0,0,0,0
212.654,298.314,6.061,1.304,310,245,0,0,0,0
218.715,299.618,6.061,1.304,310,245,0,0,0,0
224.776,300.922,6.061,1.304,310,245,0,0,0,0
230.837,302.227,6.061,1.304,310,250,0,1,0,0
236.899,303.531,6.061,1.304,310,255,0,1,0,0
242.96,304.836,6.061,1.304,310,260,0,1,0,0
249.021,306.14,6.061,1.304,310,265,0,1,0,0
255.082,307.444,6.061,1.304,310,270,0,1,0,0
261.144,308.749,6.061,1.304,310,275,0,1,0,0
267.205,310.053,6.061,1.304,310,280,0,1,0,0
273.266,311.357,6.061,1.304,310,285,0,1,0,0
279.327,312.662,6.061,1.304,310,290,0,1,0,0
285.388,313.966,6.061,1.304,310,295,0,1,0,0
291.45,315.27,6.061,1.304,310,300,0,1,0,0
297.511,316.575,6.061,1.304,310,305,0,1,0,0
303.572,317.879,6.061,1.304,310,310,0,1,0,0
309.633,319.183,6.061,1.304,310,315,0,1,0,0
315.695,320.488,6.061,1.304,310,320,0,1,0,0
321.756,321.792,6.061,1.304,310,325,0,1,0,0
327.817,323.096,6.061,1.304,310,330,0,1,0,0
333.878,324.401,6.061,1.304,310,335,0,1,0,0
339.94,325.705,6.061,1.304,305,340,-1,1,0,0
346.001,327.009,6.061,1.304,300,345,-1,1,0,0
352.062,328.314,6.061,1.304,295,345,-1,0,0,0
358.123,329.618,6.061,1.304,290,345,-1,0,0,0
364.185,330.923,6.061,1.304,285,345,-1,0,0,0
370.246,332.227,6.061,1.304,280,345,-1,0,0,0
376.307,333.531,6.061,1.304,275,345,-1,0,0,0
382.368,334.836,6.061,1.304,270,345,-1,0,0,0
388.43,336.14,6.061,1.304,265,345,-1,0,0,0
394.491,337.444,6.061,1.304,260,345,-1,0,0,0
400.552,338.749,6.061,1.304,255,345,-1,0,0,0
406.613,340.053,6.061,1.304,255,345,0,0,0,0
412.675,341.357,6.061,1.304,255,345,0,0,0,0
418.736,342.662,6.061,1.304,255,345,0,0,0,0
424.797,343.966,6.061,1.304,255,345,0,0,0,0
430.858,345.27,6.061,1.304,255,350,0,1,0,0
436.92,346.575,6.061,1.304,255,355,0,1,0,0
442.981,347.879,6.061,1.304,255,360,0,1,0,0
449.042,349.183,6.061,1.304,255,365,0,1,0,0
455.103,350.488,6.061,1.304,255,370,0,1,0,0
461.165,351.792,6.061,1.304,255,375,0,1,0,0
467.226,353.096,6.061,1.304,255,380,0,1,0,0
473.287,354.401,6.061,1.304,255,380,0,0,0,0
479.348,355.705,6.061,1.304,255,380,0,0,0,0
485.41,357.01,6.061,1.304,255,380,0,0,0,0
491.471,358.314,6.061,1.304,255,380,0,0,0,0
497.532,359.618,6.061,1.304,255,380,0,0,0,0
503.593,360.923,6.061,1.304,255,380,0,0,0,0
509.655,362.227,6.061,1.304,255,380,0,0,0,0
515.716,363.531,6.061,1.304,255,380,0,0,0,0
521.777,364.836,6.061,1.304,255,380,0,0,0,0
527.838,366.14,6.061,1.304,255,380,0,0,0,0
533.899,367.444,6.061,1.304,255,380,0,0,0,0
539.961,368.749,6.061,1.304,255,380,0,0,0,0
546.022,370.053,6.061,1.304,255,380,0,0,0,0
552.083,371.357,6.061,1.304,255,380,0,0,0,0
558.144,372.662,6.061,1.304,255,380,0,0,0,0
564.206,373.966,6.061,1.304,255,380,0,0,0,0
570.267,375.27,6.061,1.304,255,380,0,0,0,0
576.328,376.575,6.061,1.304,255,380,0,0,0,0
582.389,377.879,6.061,1.304,255,380,0,0,0,0
588.451,379.183,6.061,1.304,255,380,0,0,0,0
594.512,380.488,6.061,1.304,255,380,0,0,0,0
600.573,381.792,6.061,1.304,255,380,0,0,0,0
606.634,383.096,6.061,1.304,255,380,0,0,0,0
612.696,384.401,6.061,1.304,255,380,0,0,0,0
618.757,385.705,6.061,1.304,255,380,0,0,0,0
624.818,387.01,6.061,1.304,255,380,0,0,0,0
630.879,388.314,6.061,1.304,255,380,0,0,0,0
636.941,389.618,6.061,1.304,255,380,0,0,0,0
643.002,390.923,6.061,1.304,255,380,0,0,0,0
649.063,392.227,6.061,1.304,255,380,0,0,0,0
655.124,393.531,6.061,1.304,250,380,-1,0,0,0
661.186,394.836,6.061,1.304,245,380,-1,0,0,0
667.247,396.14,6.061,1.304,240,380,-1,0,0,0
673.308,397.444,6.061,1.304,235,380,-1,0,0,0
679.369,398.749,6.061,1.304,230,380,-1,0,0,0
685.431,400.053,6.061,1.304,225,380,-1,0,0,0
691.492,401.357,6.061,1.304,220,380,-1,0,0,0
697.553,402.662,6.061,1.304,215,380,-1,0,0,0
703.614,403.966,6.061,1.304,210,380,-1,0,0,0
709.676,405.27,6.061,1.304,205,380,-1,0,0,0
715.737,406.575,6.061,1.304,200,380,-1,0,0,0
721.798,407.879,6.061,1.304,195,380,-1,0,0,0
727.859,409.183,6.061,1.304,190,380,-1,0,0,0
733.921,410.488,6.061,1.304,185,380,-1,0,0,0
739.982,411.792,6.061,1.304,180,380,-1,0,0,0
746.043,413.097,6.061,1.304,175,380,-1,0,0,0
752.104,414.401,6.061,1.304,170,380,-1,0,0,0
751.0,415.705,-6.459,-0.729,165,380,-1,0,0,0
744.541,414.976,-6.459,-0.729,160,380,-1,0,0,0
738.082,414.247,-6.459,-0.729,155,385,-1,1,0,0
731.623,413.517,-6.459,-0.729,150,390,-1,1,0,0
725.164,412.788,-6.459,-0.729,145,395,-1,1,0,0
718.705,412.059,-6.459,-0.729,145,400,0,1,0,0
712.246,411.329,-6.459,-0.729,145,405,0,1,0,0
705.787,410.6,-6.459,-0.729,145,410,0,1,0,0
699.328,409.871,-6.459,-0.729,145,415,0,1,0,0
692.869,409.142,-6.459,-0.729,145,420,0,1,0,0
686.41,408.412,-6.459,-0.729,145,425,0,1,0,0
679.951,407.683,-6.459,-0.729,145,430,0,1,0,0
673.493,406.954,-6.459,-0.729,145,435,0,1,0,0
667.034,406.224,-6.459,-0.729,145,440,0,1,0,0
660.575,405.495,-6.459,-0.729,145,445,0,1,0,0
654.116,404.766,-6.459,-0.729,145,450,0,1,0,0
647.657,404.036,-6.459,-0.729,145,455,0,1,0,0
641.198,403.307,-6.459,-0.729,145,460,0,1,0,0
634.739,402.578,-6.459,-0.729,145,465,0,1,0,0
628.28,401.849,-6.459,-0.729,150,470,1,1,0,0
621.821,401.119,-6.459,-0.729,155,475,1,1,0,0
615.362,400.39,-6.459,-0.729,160,480,1,1,0,0
608.903,399.661,-6.459,-0.729,165,485,1,1,0,0
602.444,398.931,-6.459,-0.729,170,490,1,1,0,0
595.985,398.202,-6.459,-0.729,175,495,1,1,0,0
589.526,397.473,-6.459,-0.729,180,500,1,1,0,0
583.067,396.743,-6.459,-0.729,185,505,1,1,0,0
576.608,396.014,-6.459,-0.729,190,510,1,1,0,0
570.149,395.285,-6.459,-0.729,195,515,1,1,0,0
563.69,394.556,-6.459,-0.729,200,520,1,1,0,0
557.231,393.826,-6.459,-0.729,205,520,1,1,0,0
550.772,393.097,-6.459,-0.729,210,520,1,0,0,0
544.313,392.368,-6.459,-0.729,215,520,1,0,0,0
537.854,391.638,-6.459,-0.729,220,520,1,0,0,0
531.395,390.909,-6.459,-0.729,220,520,0,0,0,0
524.937,390.18,-6.459,-0.729,220,520,0,0,0,0
518.478,389.45,-6.459,-0.729,220,520,0,0,0,0
512.019,388.721,-6.459,-0.729,220,520,0,0,0,0
505.56,387.992,-6.459,-0.729,220,520,0,0,0,0
499.101,387.263,-6.459,-0.729,225,520,1,0,0,0
492.642,386.533,-6.459,-0.729,230,520,1,0,0,0
486.183,385.804,-6.459,-0.729,235,520,1,0,0,0
479.724,385.075,-6.459,-0.729,240,520,1,0,0,0
473.265,384.345,-6.459,-0.729,245,520,1,0,0,0
466.806,383.616,-6.459,-0.729,250,520,1,0,0,0
460.347,382.887,-6.459,-0.729,255,520,1,0,0,0
453.888,382.157,-6.459,-0.729,255,520,0,0,0,0
447.429,381.428,-6.459,-0.729,255,520,0,0,0,0
440.97,380.699,-6.459,-0.729,255,520,0,0,0,0
434.511,379.969,-6.459,-0.729,255,520,0,0,0,0
428.052,379.24,-6.459,-0.729,255,520,0,0,0,0
421.593,378.511,-6.459,-0.729,255,520,0,0,0,0
415.134,377.782,-6.459,-0.729,255,520,0,0,0,0
408.675,377.052,-6.459,-0.729,255,520,0,0,0,0
402.216,376.323,-6.459,-0.729,255,520,0,0,0,0
395.757,375.594,-6.459,-0.729,255,520,0,0,0,0
389.298,374.864,-6.459,-0.729,255,520,0,0,0,0
382.839,374.135,-6.459,-0.729,255,520,0,0,0,0
376.381,373.406,-6.459,-0.729,260,520,1,0,0,0
369.922,372.676,-6.459,-0.729,265,520,1,0,0,0
363.463,371.947,-6.459,-0.729,270,520,1,0,0,0
357.004,371.218,-6.459,-0.729,275,520,1,0,0,0
350.545,370.489,-6.459,-0.729,280,520,1,0,0,0
344.086,369.759,-6.459,-0.729,285,520,1,0,0,0
337.627,369.03,-6.459,-0.729,290,520,1,0,0,0
331.168,368.301,-6.459,-0.729,295,520,1,0,0,0
324.709,367.571,-6.459,-0.729,300,520,1,1,0,0
318.25,366.842,-6.459,-0.729,305,520,1,1,0,0
311.791,366.113,-6.459,-0.729,310,520,1,1,0,0
305.332,365.383,-6.459,-0.729,315,520,1,1,0,0
298.873,364.654,-6.459,-0.729,320,520,1,1,0,0
292.414,363.925,-6.459,-0.729,320,520,0,1,0,0
285.955,363.196,-6.459,-0.729,320,520,0,1,0,0
279.496,362.466,-6.459,-0.729,320,520,0,1,0,0
273.037,361.737,-6.459,-0.729,320,520,0,0,0,0
266.578,361.008,-6.459,-0.729,320,520,0,0,0,0
260.119,360.278,-6.459,-0.729,320,520,0,0,0,0
253.66,359.549,-6.459,-0.729,320,520,0,0,0,0
247.201,358.82,-6.459,-0.729,320,520,0,0,0,0
240.742,358.09,-6.459,-0.729,320,520,0,0,0,0
234.283,357.361,-6.459,-0.729,320,520,0,0,0,0
227.825,356.632,-6.459,-0.729,320,520,0,0,0,0
221.366,355.903,-6.459,-0.729,320,520,0,0,0,0
214.907,355.173,-6.459,-0.729,320,520,0,0,0,0
208.448,354.444,-6.459,-0.729,320,520,0,0,0,0
201.989,353.715,-6.459,-0.729,320,520,0,0,0,0
195.53,352.985,-6.459,-0.729,320,520,0,0,0,0
189.071,352.256,-6.459,-0.729,320,520,0,0,0,0
182.612,351.527,-6.459,-0.729,320,515,0,-1,0,0
176.153,350.797,-6.459,-0.729,320,510,0,-1,0,0
169.694,350.068,-6.459,-0.729,320,505,0,-1,0,0
163.235,349.339,-6.459,-0.729,320,500,0,-1,0,0
156.776,348.61,-6.459,-0.729,320,495,0,-1,0,0
150.317,347.88,-6.459,-0.729,320,490,0,-1,0,0
143.858,347.151,-6.459,-0.729,320,485,0,-1,0,0
137.399,346.422,-6.459,-0.729,320,480,0,-1,0,0
130.94,345.692,-6.459,-0.729,320,475,0,-1,0,0
124.481,344.963,-6.459,-0.729,320,470,0,-1,0,0
118.022,344.234,-6.459,-0.729,320,465,0,-1,0,0
111.563,343.504,-6.459,-0.729,320,460,0,-1,0,0
105.104,342.775,-6.459,-0.729,320,455,0,-1,0,0
98.645,342.046,-6.459,-0.729,320,450,0,-1,0,0
92.186,341.317,-6.459,-0.729,320,445,0,-1,0,0
85.727,340.587,-6.459,-0.729,320,440,0,-1,0,0
79.269,339.858,-6.459,-0.729,320,435,0,-1,0,0
72.81,339.129,-6.459,-0.729,320,430,0,-1,0,0
66.351,338.399,-6.459,-0.729,320,425,0,-1,0,0
59.892,337.67,-6.459,-0.729,320,420,0,-1,0,0
53.433,336.941,-6.459,-0.729,320,415,0,-1,0,0
49.0,336.211,5.523,-3.966,320,410,0,-1,0,0
54.523,332.245,5.523,-3.966,320,405,0,-1,0,0
60.047,328.279,5.523,-3.966,320,400,0,-1,0,0
65.57,324.312,5.523,-3.966,320,395,0,-1,0,0
71.093,320.346,5.523,-3.966,320,390,0,-1,0,0
76.617,316.379,5.523,-3.966,320,390,0,0,0,0
82.14,312.413,5.523,-3.966,320,390,0,0,0,0
87.664,308.446,5.523,-3.966,320,390,0,0,0,0
93.187,304.48,5.523,-3.966,320,390,0,0,0,0
98.71,300.514,5.523,-3.966,320,390,0,0,0,0
104.234,296.547,5.523,-3.966,320,390,0,0,0,0
109.757,292.581,5.523,-3.966,320,390,0,0,0,0
115.28,288.614,5.523,-3.966,320,390,0,0,0,0
120.804,284.648,5.523,-3.966,320,385,0,-1,0,0
126.327,280.682,5.523,-3.966,320,380,0,-1,0,0
131.85,276.715,5.523,-3.966,320,375,0,-1,0,0
137.374,272.749,5.523,-3.966,320,370,0,-1,0,0
142.897,268.782,5.523,-3.966,320,365,0,-1,0,0
148.42,264.816,5.523,-3.966,320,360,0,-1,0,0
153.944,260.849,5.523,-3.966,320,355,0,-1,0,0
159.467,256.883,5.523,-3.966,320,350,0,-1,0,0
164.991,252.917,5.523,-3.966,320,345,0,-1,0,0
170.514,248.95,5.523,-3.966,320,340,0,-1,0,0
176.037,244.984,5.523,-3.966,320,335,0,-1,0,0
181.561,241.017,5.523,-3.966,320,330,0,-1,0,0
187.084,237.051,5.523,-3.966,320,325,0,-1,0,0
192.607,233.084,5.523,-3.966,320,320,0,-1,0,0
198.131,229.118,5.523,-3.966,320,315,0,-1,0,0
203.654,225.152,5.523,-3.966,320,310,0,-1,0,0
209.177,221.185,5.523,-3.966,320,305,0,-1,0,0
214.701,217.219,5.523,-3.966,315,300,-1,-1,0,0
220.224,213.252,5.523,-3.966,310,295,-1,-1,0,0
225.747,209.286,5.523,-3.966,305,290,-1,-1,0,0
231.271,205.319,5.523,-3.966,300,285,-1,-1,0,0
236.794,201.353,5.523,-3.966,295,280,-1,-1,0,0
242.318,197.387,5.523,-3.966,290,275,-1,-1,0,0
247.841,193.42,5.523,-3.966,285,270,-1,-1,0,0
253.364,189.454,5.523,-3.966,280,265,-1,-1,0,0
258.888,185.487,5.523,-3.966,275,260,-1,-1,0,0
264.411,181.521,5.523,-3.966,270,255,-1,-1,0,0
269.934,177.554,5.523,-3.966,265,250,-1,-1,0,0
275.458,173.588,5.523,-3.966,260,245,-1,-1,0,0
280.981,169.622,5.523,-3.966,260,240,0,-1,0,0
286.504,165.655,5.523,-3.966,260,235,0,-1,0,0
292.028,161.689,5.523,-3.966,260,230,0,-1,0,0
297.551,157.722,5.523,-3.966,260,225,0,-1,0,0
303.074,153.756,5.523,-3.966,260,220,0,-1,0,0
308.598,149.789,5.523,-3.966,260,215,0,-1,0,0
314.121,145.823,5.523,-3.966,260,210,0,-1,0,0
319.645,141.857,5.523,-3.966,260,205,0,-1,0,0
325.168,137.89,5.523,-3.966,260,200,0,-1,0,0
330.691,133.924,5.523,-3.966,260,195,0,-1,0,0
336.215,129.957,5.523,-3.966,260,190,0,-1,0,0
341.738,125.991,5.523,-3.966,260,185,0,-1,0,0
347.261,122.025,5.523,-3.966,260,180,0,-1,0,0
352.785,118.058,5.523,-3.966,260,175,0,-1,0,0
358.308,114.092,5.523,-3.966,260,170,0,-1,0,0
363.831,110.125,5.523,-3.966,260,165,0,-1,0,0
369.355,106.159,5.523,-3.966,260,160,0,-1,0,0
374.878,102.192,5.523,-3.966,260,155,0,-1,0,0
380.401,98.226,5.523,-3.966,260,150,0,-1,0,0
385.925,94.26,5.523,-3.966,260,145,0,-1,0,0
391.448,90.293,5.523,-3.966,260,140,0,-1,0,0
396.972,86.327,5.523,-3.966,260,135,0,-1,0,0
402.495,82.36,5.523,-3.966,260,130,0,-1,0,0
408.018,78.394,5.523,-3.966,260,125,0,-1,0,0
413.542,74.427,5.523,-3.966,260,120,0,-1,0,0
419.065,70.461,5.523,-3.966,260,115,0,-1,0,0
424.588,66.495,5.523,-3.966,260,110,0,-1,0,0
430.112,62.528,5.523,-3.966,260,105,0,-1,0,0
435.635,58.562,5.523,-3.966,260,100,0,-1,0,0
441.158,54.595,5.523,-3.966,260,95,0,-1,0,0
446.682,50.629,5.523,-3.966,260,95,0,0,0,0
452.205,46.662,5.523,-3.966,260,95,0,0,0,0
457.728,42.696,5.523,-3.966,260,95,0,0,0,0
463.252,38.73,5.523,-3.966,260,95,0,0,0,0
468.775,34.763,5.523,-3.966,260,95,0,0,0,0
474.299,30.797,5.523,-3.966,260,95,0,0,0,0
479.822,26.83,5.523,-3.966,260,95,0,0,0,0
485.345,22.864,5.523,-3.966,260,95,0,0,0,0
490.869,18.897,5.523,-3.966,260,100,0,1,0,0
496.392,14.931,5.523,-3.966,260,105,0,1,0,0
501.915,10.965,5.523,-3.966,260,110,0,1,0,0
507.439,6.998,5.523,-3.966,260,115,0,1,0,0
512.962,6.0,5.523,3.966,260,120,0,1,0,0
518.485,9.966,5.523,3.966,260,125,0,1,0,0
524.009,13.933,5.523,3.966,260,130,0,1,0,0
529.532,17.899,5.523,3.966,260,135,0,1,0,0
535.055,21.866,5.523,3.966,260,135,0,0,0,0
540.579,25.832,5.523,3.966,260,135,0,0,0,0
546.102,29.799,5.523,3.966,260,135,0,0,0,0
551.626,33.765,5.523,3.966,260,135,0,0,0,0
557.149,37.731,5.523,3.966,260,135,0,0,0,0
562.672,41.698,5.523,3.966,260,135,0,0,0,0
568.196,45.664,5.523,3.966,260,135,0,0,0,0
573.719,49.631,5.523,3.966,260,135,0,0,0,0
579.242,53.597,5.523,3.966,260,135,0,0,0,0
584.766,57.564,5.523,3.966,260,135,0,0,0,0
590.289,61.53,5.523,3.966,260,135,0,0,0,0
595.812,65.496,5.523,3.966,260,135,0,0,0,0
601.336,69.463,5.523,3.966,260,135,0,0,0,0
606.859,73.429,5.523,3.966,260,135,0,0,0,0
612.382,77.396,5.523,3.966,260,135,0,0,0,0
617.906,81.362,5.523,3.966,260,135,0,0,0,0
623.429,85.328,5.523,3.966,260,135,0,0,0,0
628.953,89.295,5.523,3.966,260,135,0,0,0,0
634.476,93.261,5.523,3.966,260,135,0,0,0,0
639.999,97.228,5.523,3.966,260,130,0,-1,0,0
645.523,101.194,5.523,3.966,260,125,0,-1,0,0
651.046,105.161,5.523,3.966,260,120,0,-1,0,0
656.569,109.127,5.523,3.966,260,115,0,-1,0,0
662.093,113.093,5.523,3.966,260,110,0,-1,0,0
667.616,117.06,5.523,3.966,260,105,0,-1,0,0
673.139,121.026,5.523,3.966,260,105,0,0,0,0
678.663,124.993,5.523,3.966,260,105,0,0,0,0
684.186,128.959,5.523,3.966,260,105,0,0,0,0
689.709,132.926,5.523,3.966,265,105,1,0,0,0
695.233,136.892,5.523,3.966,270,105,1,0,0,0
700.756,140.858,5.523,3.966,275,105,1,0,0,0
706.28,144.825,5.523,3.966,280,105,1,0,0,0
711.803,148.791,5.523,3.966,285,110,1,1,0,0
717.326,152.758,5.523,3.966,290,115,1,1,0,0
722.85,156.724,5.523,3.966,295,120,1,1,0,0
728.373,160.691,5.523,3.966,295,125,0,1,0,0
733.896,164.657,5.523,3.966,295,130,0,1,0,0
739.42,168.623,5.523,3.966,295,135,0,1,0,0
744.943,172.59,5.523,3.966,295,140,0,1,0,0
750.466,176.556,5.523,3.966,295,145,0,1,0,0
751.0,180.523,-6.883,-1.744,295,150,0,1,0,0
744.117,178.779,-6.883,-1.744,295,155,0,1,0,0
737.235,177.035,-6.883,-1.744,295,160,0,1,0,0
730.352,175.292,-6.883,-1.744,295,165,0,1,0,0
723.47,173.548,-6.883,-1.744,295,170,0,1,0,0
716.587,171.805,-6.883,-1.744,295,175,0,1,0,0
709.705,170.061,-6.883,-1.744,295,180,0,1,0,0
702.822,168.317,-6.883,-1.744,295,185,0,1,0,0
695.939,166.574,-6.883,-1.744,295,190,0,1,0,0
689.057,164.83,-6.883,-1.744,295,195,0,1,0,0
682.174,163.087,-6.883,-1.744,295,200,0,1,0,0
675.292,161.343,-6.883,-1.744,295,205,0,1,0,0
668.409,159.599,-6.883,-1.744,295,210,0,1,0,0
661.527,157.856,-6.883,-1.744,295,215,0,1,0,0
654.644,156.112,-6.883,-1.744,295,220,0,1,0,0
647.761,154.369,-6.883,-1.744,295,225,0,1,0,0
640.879,152.625,-6.883,-1.744,295,225,0,0,0,0
633.996,150.881,-6.883,-1.744,295,225,0,0,0,0
627.114,149.138,-6.883,-1.744,295,220,0,-1,0,0
620.231,147.394,-6.883,-1.744,295,215,0,-1,0,0
613.348,145.651,-6.883,-1.744,295,210,0,-1,0,0
606.466,143.907,-6.883,-1.744,295,205,0,-1,0,0
599.583,142.163,-6.883,-1.744,295,200,0,-1,0,0
592.701,140.42,-6.883,-1.744,295,195,0,-1,0,0
585.818,138.676,-6.883,-1.744,295,190,0,-1,0,0
578.936,136.933,-6.883,-1.744,295,185,0,-1,0,0
572.053,135.189,-6.883,-1.744,295,180,0,-1,0,0
565.17,133.445,-6.883,-1.744,290,175,-1,-1,0,0
558.288,131.702,-6.883,-1.744,285,170,-1,-1,0,0
551.405,129.958,-6.883,-1.744,280,165,-1,-1,0,0
544.523,128.215,-6.883,-1.744,275,160,-1,-1,0,0
537.64,126.471,-6.883,-1.744,270,155,-1,-1,0,0
530.758,124.727,-6.883,-1.744,265,150,-1,-1,0,0
523.875,122.984,-6.883,-1.744,260,145,-1,-1,0,0
516.992,121.24,-6.883,-1.744,255,140,-1,-1,0,0
510.11,119.497,-6.883,-1.744,250,135,-1,-1,0,0
503.227,117.753,-6.883,-1.744,245,130,-1,-1,0,0
496.345,116.009,-6.883,-1.744,240,125,-1,-1,0,0
489.462,114.266,-6.883,-1.744,235,120,-1,-1,0,0
482.58,112.522,-6.883,-1.744,230,115,-1,-1,0,0
475.697,110.779,-6.883,-1.744,225,110,-1,-1,0,0
468.814,109.035,-6.883,-1.744,220,105,-1,-1,0,0
461.932,107.291,-6.883,-1.744,215,100,-1,-1,0,0
455.049,105.548,-6.883,-1.744,210,95,-1,-1,0,0
448.167,103.804,-6.883,-1.744,205,90,-1,-1,0,0
441.284,102.061,-6.883,-1.744,200,85,-1,-1,0,0
434.401,100.317,-6.883,-1.744,195,80,-1,-1,0,0
427.519,98.573,-6.883,-1.744,190,75,-1,-1,0,0
420.636,96.83,-6.883,-1.744,185,70,-1,-1,0,0
413.754,95.086,-6.883,-1.744,180,65,-1,-1,0,0
406.871,93.343,-6.883,-1.744,175,60,-1,-1,0,0
399.989,91.599,-6.883,-1.744,170,55,-1,-1,0,0
393.106,89.855,-6.883,-1.744,165,50,-1,-1,0,0
386.223,88.112,-6.883,-1.744,160,45,-1,-1,0,0
379.341,86.368,-6.883,-1.744,155,40,-1,-1,0,0
372.458,84.625,-6.883,-1.744,150,35,-1,-1,0,0
365.576,82.881,-6.883,-1.744,145,30,-1,-1,0,0
358.693,81.137,-6.883,-1.744,140,25,-1,-1,0,0
351.811,79.394,-6.883,-1.744,135,20,-1,-1,0,0
344.928,77.65,-6.883,-1.744,130,15,-1,-1,0,0
338.045,75.907,-6.883,-1.744,125,10,-1,-1,0,0
331.163,74.163,-6.883,-1.744,120,5,-1,-1,0,0
324.28,72.419,-6.883,-1.744,115,0,-1,-1,0,0
317.398,70.676,-6.883,-1.744,110,0,-1,-1,0,0
310.515,68.932,-6.883,-1.744,105,0,-1,-1,0,0
303.633,67.189,-6.883,-1.744,100,0,-1,-1,0,0
296.75,65.445,-6.883,-1.744,95,0,-1,-1,0,0
289.867,63.701,-6.883,-1.744,90,0,-1,-1,0,0
282.985,61.958,-6.883,-1.744,85,0,-1,-1,0,0
276.102,60.214,-6.883,-1.744,80,0,-1,-1,0,0
269.22,58.471,-6.883,-1.744,75,0,-1,-1,0,0
262.337,56.727,-6.883,-1.744,70,0,-1,-1,0,0
255.455,54.983,-6.883,-1.744,65,0,-1,-1,0,0
248.572,53.24,-6.883,-1.744,60,0,-1,-1,0,0
241.689,51.496,-6.883,-1.744,55,0,-1,-1,0,0
234.807,49.753,-6.883,-1.744,50,0,-1,-1,0,0
227.924,48.009,-6.883,-1.744,45,0,-1,-1,0,0
221.042,46.265,-6.883,-1.744,40,0,-1,-1,0,0
214.159,44.522,-6.883,-1.744,35,0,-1,-1,0,0
207.276,42.778,-6.883,-1.744,30,0,-1,-1,0,0
200.394,41.035,-6.883,-1.744,25,0,-1,-1,0,0
193.511,39.291,-6.883,-1.744,20,0,-1,-1,0,0
186.629,37.547,-6.883,-1.744,15,0,-1,-1,0,0
179.746,35.804,-6.883,-1.744,10,0,-1,-1,0,0
172.864,34.06,-6.883,-1.744,5,0,-1,-1,0,0
165.981,32.317,-6.883,-1.744,0,0,-1,-1,0,0
159.098,30.573,-6.883,-1.744,0,0,-1,-1,0,0
152.216,28.829,-6.883,-1.744,0,0,0,-1,0,0
145.333,27.086,-6.883,-1.744,0,0,0,0,0,0
138.451,25.342,-6.883,-1.744,0,0,0,0,0,0
131.568,23.599,-6.883,-1.744,5,0,1,0,0,0
124.686,21.855,-6.883,-1.744,10,0,1,0,0,0
117.803,20.111,-6.883,-1.744,15,0,1,0,0,0
110.92,18.368,-6.883,-1.744,20,0,1,0,0,0
104.038,16.624,-6.883,-1.744,25,0,1,0,0,0
97.155,14.881,-6.883,-1.744,30,0,1,0,0,0
90.273,13.137,-6.883,-1.744,35,0,1,0,0,0
83.39,11.393,-6.883,-1.744,40,0,1,0,0,0
76.508,9.65,-6.883,-1.744,45,0,1,0,0,0
69.625,7.906,-6.883,-1.744,50,0,1,0,0,0
62.742,6.163,-6.883,-1.744,55,0,1,0,0,0
55.86,6.0,-6.883,1.744,60,0,1,0,0,0
48.977,7.744,-6.883,1.744,65,0,1,0,0,0
42.095,9.487,-6.883,1.744,70,0,1,0,0,0
35.212,11.231,-6.883,1.744,75,0,1,0,0,0
28.329,12.974,-6.883,1.744,80,0,1,0,0,0
21.447,14.718,-6.883,1.744,85,0,1,0,0,0
14.564,16.462,-6.883,1.744,90,0,1,0,0,0
7.682,18.205,-6.883,1.744,95,0,1,0,0,0
0.799,19.949,-6.883,1.744,100,5,1,1,0,0
400.0,300.0,4.902,0.987,105,10,1,1,0,1
404.902,300.987,4.902,0.987,105,10,0,0,0,0
409.803,301.975,4.902,0.987,105,10,0,0,0,0
414.705,302.962,4.902,0.987,105,10,0,0,0,0
419.606,303.95,4.902,0.987,105,10,0,0,0,0
424.508,304.937,4.902,0.987,105,10,0,0,0,0
429.409,305.925,4.902,0.987,105,10,0,0,0,0
434.311,306.912,4.902,0.987,105,10,0,0,0,0
439.212,307.9,4.902,0.987,105,10,0,0,0,0
444.114,308.887,4.902,0.987,105,10,0,0,0,0
449.015,309.875,4.902,0.987,105,10,0,0,0,0
453.917,310.862,4.902,0.987,105,10,0,0,0,0
458.818,311.85,4.902,0.987,105,5,0,-1,0,0
463.72,312.837,4.902,0.987,105,0,0,-1,0,0
468.621,313.825,4.902,0.987,105,0,0,-1,0,0
473.523,314.812,4.902,0.987,105,0,0,-1,0,0
478.424,315.8,4.902,0.987,105,0,0,-1,0,0
483.326,316.787,4.902,0.987,105,0,0,-1,0,0
488.227,317.775,4.902,0.987,105,0,0,-1,0,0
493.129,318.762,4.902,0.987,105,0,0,-1,0,0
498.03,319.75,4.902,0.987,105,0,0,-1,0,0
502.932,320.737,4.902,0.987,105,0,0,-1,0,0
507.833,321.725,4.902,0.987,105,0,0,-1,0,0
512.735,322.712,4.902,0.987,105,0,0,-1,0,0
517.636,323.7,4.902,0.987,105,0,0,-1,0,0
522.538,324.687,4.902,0.987,105,0,0,-1,0,0
527.439,325.675,4.902,0.987,105,0,0,-1,0,0
532.341,326.662,4.902,0.987,105,0,0,-1,0,0
537.242,327.65,4.902,0.987,105,0,0,-1,0,0
542.144,328.637,4.902,0.987,105,0,0,-1,0,0
547.045,329.625,4.902,0.987,105,0,0,-1,0,0
551.947,330.612,4.902,0.987,105,5,0,1,0,0
556.848,331.6,4.902,0.987,105,10,0,1,0,0
561.75,332.587,4.902,0.987,105,15,0,1,0,0
566.652,333.575,4.902,0.987,105,20,0,1,0,0
571.553,334.562,4.902,0.987,105,25,0,1,0,0
576.455,335.55,4.902,0.987,105,30,0,1,0,0
581.356,336.537,4.902,0.987,105,35,0,1,0,0
586.258,337.525,4.902,0.987,105,40,0,1,0,0
591.159,338.512,4.902,0.987,105,45,0,1,0,0
596.061,339.5,4.902,0.987,105,50,0,1,0,0
600.962,340.487,4.902,0.987,105,55,0,1,0,0
605.864,341.475,4.902,0.987,105,60,0,1,0,0
610.765,342.462,4.902,0.987,105,65,0,1,0,0
615.667,343.45,4.902,0.987,105,70,0,1,0,0
620.568,344.437,4.902,0.987,105,75,0,1,0,0
625.47,345.425,4.902,0.987,110,80,1,1,0,0
630.371,346.412,4.902,0.987,115,85,1,1,0,0
635.273,347.4,4.902,0.987,120,90,1,1,0,0
640.174,348.387,4.902,0.987,125,95,1,1,0,0
645.076,349.375,4.902,0.987,130,100,1,1,0,0
649.977,350.362,4.902,0.987,135,105,1,1,0,0
654.879,351.35,4.902,0.987,140,110,1,1,0,0
659.78,352.337,4.902,0.987,145,115,1,1,0,0
664.682,353.325,4.902,0.987,150,120,1,1,0,0
669.583,354.312,4.902,0.987,155,125,1,1,0,0
674.485,355.3,4.902,0.987,160,130,1,1,0,0
679.386,356.287,4.902,0.987,165,135,1,1,0,0
684.288,357.275,4.902,0.987,170,140,1,1,0,0
689.189,358.262,4.902,0.987,175,145,1,1,0,0
694.091,359.25,4.902,0.987,175,150,0,1,0,0
698.992,360.237,4.902,0.987,175,155,0,1,0,0
703.894,361.225,4.902,0.987,175,160,0,1,0,0
708.795,362.212,4.902,0.987,175,165,0,1,0,0
713.697,363.2,4.902,0.987,175,170,0,1,0,0
718.599,364.187,4.902,0.987,175,175,0,1,0,0
723.5,365.175,4.902,0.987,175,180,0,1,0,0
728.402,366.162,4.902,0.987,175,185,0,1,0,0
733.303,367.15,4.902,0.987,175,190,0,1,0,0
738.205,368.137,4.902,0.987,175,195,0,1,0,0
743.106,369.125,4.902,0.987,175,200,0,1,0,0
748.008,370.112,4.902,0.987,175,205,0,1,0,0
752.909,371.1,4.902,0.987,175,210,0,1,0,0
757.811,372.087,4.902,0.987,175,215,0,1,0,0
762.712,373.075,4.902,0.987,175,220,0,1,0,0
767.614,374.062,4.902,0.987,175,225,0,1,0,0
772.515,375.05,4.902,0.987,175,230,0,1,0,0
777.417,376.037,4.902,0.987,175,235,0,1,0,0
782.318,377.025,4.902,0.987,175,240,0,1,0,0
787.22,378.012,4.902,0.987,175,245,0,1,0,0
792.121,379.0,4.902,0.987,175,250,0,1,0,0
797.023,379.987,4.902,0.987,175,255,0,1,0,0
801.924,380.975,4.902,0.987,175,260,0,1,0,0
400.0,300.0,-4.914,-0.921,175,265,0,1,1,0
395.086,299.079,-4.914,-0.921,175,265,0,0,0,0
390.171,298.158,-4.914,-0.921,175,265,0,0,0,0
385.257,297.238,-4.914,-0.921,175,265,0,0,0,0
380.342,296.317,-4.914,-0.921,175,265,0,0,0,0
375.428,295.396,-4.914,-0.921,175,265,0,0,0,0
370.513,294.475,-4.914,-0.921,175,265,0,0,0,0
365.599,293.554,-4.914,-0.921,175,265,0,0,0,0
360.684,292.633,-4.914,-0.921,175,265,0,0,0,0
355.77,291.713,-4.914,-0.921,170,265,-1,0,0,0
350.855,290.792,-4.914,-0.921,165,265,-1,0,0,0
345.941,289.871,-4.914,-0.921,160,265,-1,0,0,0
341.026,288.95,-4.914,-0.921,155,265,-1,0,0,0
336.112,288.029,-4.914,-0.921,150,265,-1,0,0,0
331.197,287.109,-4.914,-0.921,145,265,-1,0,0,0
326.283,286.188,-4.914,-0.921,140,265,-1,0,0,0
321.368,285.267,-4.914,-0.921,135,265,-1,0,0,0
316.454,284.346,-4.914,-0.921,130,265,-1,0,0,0
311.539,283.425,-4.914,-0.921,125,270,-1,1,0,0
306.625,282.504,-4.914,-0.921,120,275,-1,1,0,0
301.71,281.584,-4.914,-0.921,115,280,-1,1,0,0
296.796,280.663,-4.914,-0.921,110,285,-1,1,0,0
291.881,279.742,-4.914,-0.921,110,290,0,1,0,0
286.967,278.821,-4.914,-0.921,110,295,0,1,0,0
282.053,277.9,-4.914,-0.921,110,300,0,1,0,0
277.138,276.98,-4.914,-0.921,110,300,0,0,0,0
272.224,276.059,-4.914,-0.921,110,300,0,0,0,0
267.309,275.138,-4.914,-0.921,110,300,0,0,0,0
262.395,274.217,-4.914,-0.921,110,300,0,0,0,0
257.48,273.296,-4.914,-0.921,110,295,0,-1,0,0
252.566,272.375,-4.914,-0.921,110,290,0,-1,0,0
247.651,271.455,-4.914,-0.921,110,285,0,-1,0,0
242.737,270.534,-4.914,-0.921,110,280,0,-1,0,0
237.822,269.613,-4.914,-0.921,110,275,0,-1,0,0
232.908,268.692,-4.914,-0.921,110,270,0,-1,0,0
227.993,267.771,-4.914,-0.921,110,265,0,-1,0,0
223.079,266.851,-4.914,-0.921,110,260,0,-1,0,0
218.164,265.93,-4.914,-0.921,110,255,0,-1,0,0
213.25,265.009,-4.914,-0.921,110,255,0,0,0,0
208.335,264.088,-4.914,-0.921,110,255,0,0,0,0
203.421,263.167,-4.914,-0.921,105,255,-1,0,0,0
198.506,262.247,-4.914,-0.921,100,255,-1,0,0,0
193.592,261.326,-4.914,-0.921,95,255,-1,0,0,0
188.677,260.405,-4.914,-0.921,90,255,-1,0,0,0
183.763,259.484,-4.914,-0.921,95,255,1,0,0,0
178.848,258.563,-4.914,-0.921,100,255,1,0,0,0
173.934,257.642,-4.914,-0.921,105,255,1,0,0,0
169.02,256.722,-4.914,-0.921,110,260,1,1,0,0
164.105,255.801,-4.914,-0.921,115,265,1,1,0,0
159.191,254.88,-4.914,-0.921,120,270,1,1,0,0
154.276,253.959,-4.914,-0.921,125,275,1,1,0,0
149.362,253.038,-4.914,-0.921,130,280,1,1,0,0
144.447,252.118,-4.914,-0.921,135,285,1,1,0,0
139.533,251.197,-4.914,-0.921,140,290,1,1,0,0
134.618,250.276,-4.914,-0.921,145,295,1,1,0,0
129.704,249.355,-4.914,-0.921,150,300,1,1,0,0
124.789,248.434,-4.914,-0.921,155,305,1,1,0,0
119.875,247.513,-4.914,-0.921,160,305,1,0,0,0
114.96,246.593,-4.914,-0.921,165,305,1,0,0,0
110.046,245.672,-4.914,-0.921,170,305,1,0,0,0
105.131,244.751,-4.914,-0.921,175,305,1,0,0,0
100.217,243.83,-4.914,-0.921,180,305,1,0,0,0
95.302,242.909,-4.914,-0.921,185,305,1,0,0,0
90.388,241.989,-4.914,-0.921,190,305,1,0,0,0
85.473,241.068,-4.914,-0.921,195,305,1,0,0,0
80.559,240.147,-4.914,-0.921,200,305,1,0,0,0
75.644,239.226,-4.914,-0.921,205,305,1,0,0,0
70.73,238.305,-4.914,-0.921,210,305,1,0,0,0
65.815,237.384,-4.914,-0.921,215,305,1,0,0,0
60.901,236.464,-4.914,-0.921,220,305,1,0,0,0
55.987,235.543,-4.914,-0.921,225,305,1,0,0,0
51.072,234.622,-4.914,-0.921,230,305,1,0,0,0
49.0,233.701,2.65,-4.59,235,305,1,0,0,0
51.65,229.111,2.65,-4.59,240,305,1,0,0,0
54.3,224.521,2.65,-4.59,245,305,1,0,0,0
56.95,219.931,2.65,-4.59,250,305,1,0,0,0
59.6,215.341,2.65,-4.59,255,305,1,0,0,0
62.25,210.752,2.65,-4.59,260,305,1,0,0,0
64.9,206.162,2.65,-4.59,265,305,1,0,0,0
67.55,201.572,2.65,-4.59,270,300,1,-1,0,0
70.2,196.982,2.65,-4.59,275,295,1,-1,0,0
72.85,192.392,2.65,-4.59,275,290,0,-1,0,0
75.5,187.802,2.65,-4.59,275,285,0,-1,0,0
78.15,183.212,2.65,-4.59,275,280,0,-1,0,0
80.8,178.622,2.65,-4.59,275,275,0,-1,0,0
83.45,174.032,2.65,-4.59,275,270,0,-1,0,0
86.1,169.442,2.65,-4.59,275,265,0,-1,0,0
88.75,164.852,2.65,-4.59,275,260,0,-1,0,0
91.4,160.262,2.65,-4.59,275,255,0,-1,0,0
94.05,155.672,2.65,-4.59,275,250,0,-1,0,0
96.7,151.082,2.65,-4.59,275,245,0,-1,0,0
99.35,146.492,2.65,-4.59,275,240,0,-1,0,0
102.0,141.902,2.65,-4.59,275,235,0,-1,0,0
104.65,137.313,2.65,-4.59,275,230,0,-1,0,0
107.3,132.723,2.65,-4.59,275,225,0,-1,0,0
109.95,128.133,2.65,-4.59,275,220,0,-1,0,0
112.6,123.543,2.65,-4.59,275,215,0,-1,0,0
115.25,118.953,2.65,-4.59,275,210,0,-1,0,0
117.9,114.363,2.65,-4.59,275,205,0,-1,0,0
120.55,109.773,2.65,-4.59,275,200,0,-1,0,0
123.2,105.183,2.65,-4.59,275,195,0,-1,0,0
125.85,100.593,2.65,-4.59,275,190,0,-1,0,0
128.5,96.003,2.65,-4.59,275,190,0,0,0,0
131.15,91.413,2.65,-4.59,275,190,0,0,0,0
133.8,86.823,2.65,-4.59,275,190,0,0,0,0
136.45,82.233,2.65,-4.59,275,190,0,0,0,0
139.1,77.643,2.65,-4.59,275,190,0,0,0,0
141.75,73.053,2.65,-4.59,275,190,0,0,0,0
144.4,68.464,2.65,-4.59,270,195,-1,1,0,0
147.05,63.874,2.65,-4.59,265,200,-1,1,0,0
149.7,59.284,2.65,-4.59,260,205,-1,1,0,0
152.35,54.694,2.65,-4.59,255,210,-1,1,0,0
155.0,50.104,2.65,-4.59,250,215,-1,1,0,0
157.65,45.514,2.65,-4.59,245,220,-1,1,0,0
160.3,40.924,2.65,-4.59,240,225,-1,1,0,0
162.95,36.334,2.65,-4.59,235,225,-1,0,0,0
165.6,31.744,2.65,-4.59,230,225,-1,0,0,0
168.25,27.154,2.65,-4.59,225,225,-1,0,0,0
170.9,22.564,2.65,-4.59,220,225,-1,0,0,0
173.55,17.974,2.65,-4.59,215,225,-1,0,0,0
176.2,13.384,2.65,-4.59,210,225,-1,0,0,0
178.85,8.794,2.65,-4.59,205,225,-1,0,0,0
181.5,6.0,2.65,4.59,200,225,-1,0,0,0
184.15,10.59,2.65,4.59,195,225,-1,0,0,0
186.8,15.18,2.65,4.59,190,225,-1,0,0,0
189.45,19.77,2.65,4.59,190,230,0,1,0,0
192.1,24.36,2.65,4.59,190,235,0,1,0,0
194.75,28.95,2.65,4.59,190,240,0,1,0,0
197.4,33.54,2.65,4.59,190,245,0,1,0,0
200.05,38.13,2.65,4.59,190,245,0,0,0,0
202.7,42.719,2.65,4.59,190,245,0,0,0,0
205.35,47.309,2.65,4.59,190,245,0,0,0,0
208.0,51.899,2.65,4.59,190,245,0,0,0,0
210.65,56.489,2.65,4.59,190,245,0,0,0,0
213.3,61.079,2.65,4.59,190,245,0,0,0,0
215.95,65.669,2.65,4.59,190,245,0,0,0,0
218.6,70.259,2.65,4.59,185,245,-1,0,0,0
221.25,74.849,2.65,4.59,180,245,-1,0,0,0
223.9,79.439,2.65,4.59,175,245,-1,0,0,0
226.55,84.029,2.65,4.59,170,245,-1,0,0,0
229.2,88.619,2.65,4.59,165,245,-1,0,0,0
231.85,93.209,2.65,4.59,160,245,-1,0,0,0
234.5,97.799,2.65,4.59,155,245,-1,0,0,0
237.15,102.389,2.65,4.59,150,245,-1,0,0,0
239.8,106.979,2.65,4.59,145,245,-1,0,0,0
242.45,111.568,2.65,4.59,140,245,-1,0,0,0
245.1,116.158,2.65,4.59,135,245,-1,0,0,0
247.75,120.748,2.65,4.59,135,245,0,0,0,0
250.4,125.338,2.65,4.59,135,245,0,0,0,0
253.05,129.928,2.65,4.59,135,245,0,0,0,0
255.7,134.518,2.65,4.59,135,240,0,-1,0,0
258.35,139.108,2.65,4.59,135,235,0,-1,0,0
261.0,143.698,2.65,4.59,135,230,0,-1,0,0
263.65,148.288,2.65,4.59,135,225,0,-1,0,0
266.3,152.878,2.65,4.59,135,220,0,-1,0,0
268.95,157.468,2.65,4.59,135,215,0,-1,0,0
271.6,162.058,2.65,4.59,135,210,0,-1,0,0
274.25,166.648,2.65,4.59,135,205,0,-1,0,0
276.9,171.238,2.65,4.59,135,200,0,-1,0,0
279.55,175.828,2.65,4.59,135,200,0,0,0,0
282.2,180.418,2.65,4.59,135,200,0,0,0,0
284.85,185.007,2.65,4.59,135,200,0,0,0,0
287.5,189.597,2.65,4.59,135,200,0,0,0,0
290.15,194.187,2.65,4.59,135,200,0,0,0,0
292.8,198.777,2.65,4.59,135,200,0,0,0,0
295.45,203.367,2.65,4.59,135,200,0,0,0,0
298.1,207.957,2.65,4.59,135,205,0,1,0,0
300.75,212.547,2.65,4.59,135,210,0,1,0,0
303.4,217.137,2.65,4.59,135,215,0,1,0,0
306.05,221.727,2.65,4.59,135,220,0,1,0,0
308.7,226.317,2.65,4.59,135,225,0,1,0,0
311.35,230.907,2.65,4.59,135,230,0,1,0,0
314.0,235.497,2.65,4.59,135,235,0,1,0,0
316.65,240.087,2.65,4.59,135,240,0,1,0,0
319.3,244.677,2.65,4.59,135,245,0,1,0,0
321.95,249.267,2.65,4.59,135,250,0,1,0,0
324.6,253.856,2.65,4.59,135,255,0,1,0,0
327.25,258.446,2.65,4.59,135,260,0,1,0,0
329.9,263.036,2.65,4.59,135,265,0,1,0,0
332.55,267.626,2.65,4.59,135,270,0,1,0,0
335.2,272.216,2.65,4.59,135,275,0,1,0,0
337.85,276.806,2.65,4.59,135,280,0,1,0,0
340.5,281.396,2.65,4.59,135,285,0,1,0,0
343.15,285.986,2.65,4.59,135,290,0,1,0,0
345.8,290.576,2.65,4.59,135,295,0,1,0,0
348.45,295.166,2.65,4.59,135,300,0,1,0,0
351.1,299.756,2.65,4.59,135,305,0,1,0,0
353.75,304.346,2.65,4.59,135,310,0,1,0,0
356.4,308.936,2.65,4.59,135,315,0,1,0,0
359.05,313.526,2.65,4.59,135,320,0,1,0,0
361.7,318.116,2.65,4.59,135,325,0,1,0,0
364.35,322.705,2.65,4.59,135,330,0,1,0,0
367.0,327.295,2.65,4.59,135,335,0,1,0,0
369.65,331.885,2.65,4.59,135,340,0,1,0,0
372.3,336.475,2.65,4.59,140,345,1,1,0,0
374.95,341.065,2.65,4.59,145,350,1,1,0,0
377.6,345.655,2.65,4.59,150,355,1,1,0,0
380.25,350.245,2.65,4.59,155,360,1,1,0,0
382.9,354.835,2.65,4.59,160,365,1,1,0,0
385.55,359.425,2.65,4.59,165,370,1,1,0,0
388.2,364.015,2.65,4.59,170,375,1,1,0,0
390.85,368.605,2.65,4.59,175,380,1,1,0,0
393.5,373.195,2.65,4.59,180,385,1,1,0,0
396.15,377.785,2.65,4.59,185,390,1,1,0,0
398.8,382.375,2.65,4.59,190,395,1,1,0,0
401.45,386.965,2.65,4.59,195,400,1,1,0,0
404.1,391.555,2.65,4.59,195,405,0,1,0,0
406.75,396.144,2.65,4.59,195,410,0,1,0,0
409.4,400.734,2.65,4.59,195,415,0,1,0,0
412.05,405.324,2.65,4.59,195,420,0,1,0,0
414.7,409.914,2.65,4.59,195,425,0,1,0,0
417.35,414.504,2.65,4.59,195,430,0,1,0,0
420.0,419.094,2.65,4.59,195,435,0,1,0,0
422.65,423.684,2.65,4.59,195,440,0,1,0,0
425.3,428.274,2.65,4.59,195,445,0,1,0,0
427.95,432.864,2.65,4.59,195,450,0,1,0,0
430.6,437.454,2.65,4.59,195,455,0,1,0,0
433.25,442.044,2.65,4.59,195,455,0,0,0,0
435.9,446.634,2.65,4.59,195,455,0,0,0,0
438.55,451.224,2.65,4.59,195,455,0,0,0,0
441.2,455.814,2.65,4.59,195,455,0,0,0,0
443.85,460.404,2.65,4.59,195,455,0,0,0,0
446.5,464.993,2.65,4.59,195,455,0,0,0,0
449.15,469.583,2.65,4.59,195,455,0,0,0,0
451.8,474.173,2.65,4.59,195,455,0,0,0,0
454.45,478.763,2.65,4.59,195,455,0,0,0,0
457.1,483.353,2.65,4.59,195,455,0,0,0,0
459.75,487.943,2.65,4.59,195,455,0,0,0,0
462.4,492.533,2.65,4.59,195,455,0,0,0,0
465.05,497.123,2.65,4.59,195,455,0,0,0,0
467.7,501.713,2.65,4.59,195,455,0,0,0,0
470.35,506.303,2.65,4.59,195,455,0,0,0,0
473.0,510.893,2.65,4.59,195,455,0,0,0,0
475.65,515.483,2.65,4.59,200,455,1,0,0,0
478.3,520.073,2.65,4.59,205,455,1,0,0,0
480.95,524.663,2.65,4.59,210,455,1,0,0,0
483.6,529.253,2.65,4.59,215,455,1,0,0,0
486.25,533.842,2.65,4.59,220,455,1,0,0,0
488.9,538.432,2.65,4.59,225,455,1,0,0,0
491.55,543.022,2.65,4.59,230,450,1,-1,0,0
494.2,547.612,2.65,4.59,235,445,1,-1,0,0
496.85,552.202,2.65,4.59,240,440,1,-1,0,0
499.5,556.792,2.65,4.59,245,435,1,-1,0,0
502.15,561.382,2.65,4.59,250,430,1,-1,0,0
504.8,565.972,2.65,4.59,255,425,1,-1,0,0
507.45,570.562,2.65,4.59,260,420,1,-1,0,0
510.1,575.152,2.65,4.59,265,415,1,-1,0,0
512.75,579.742,2.65,4.59,270,410,1,-1,0,0
515.4,584.332,2.65,4.59,275,405,1,-1,0,0
518.05,588.922,2.65,4.59,275,400,0,-1,0,0
520.7,593.512,2.65,4.59,275,395,0,-1,0,0
523.35,594.0,2.65,-4.59,275,390,0,-1,0,0
526.0,589.41,2.65,-4.59,275,385,0,-1,0,0
528.65,584.82,2.65,-4.59,275,380,0,-1,0,0
531.3,580.23,2.65,-4.59,275,375,0,-1,0,0
533.95,575.64,2.65,-4.59,275,370,0,-1,0,0
536.6,571.05,2.65,-4.59,275,365,0,-1,0,0
539.25,566.46,2.65,-4.59,275,360,0,-1,0,0
541.9,561.87,2.65,-4.59,275,360,0,0,0,0
544.55,557.281,2.65,-4.59,275,360,0,0,0,0
547.2,552.691,2.65,-4.59,275,360,0,0,0,0
549.85,548.101,2.65,-4.59,275,360,0,0,0,0
552.5,543.511,2.65,-4.59,275,360,0,0,0,0
555.15,538.921,2.65,-4.59,275,360,0,0,0,0
557.8,534.331,2.65,-4.59,275,360,0,0,0,0
560.45,529.741,2.65,-4.59,275,360,0,0,0,0
563.1,525.151,2.65,-4.59,275,360,0,0,0,0
565.75,520.561,2.65,-4.59,275,360,0,0,0,0
568.4,515.971,2.65,-4.59,275,360,0,0,0,0
571.05,511.381,2.65,-4.59,275,360,0,0,0,0
573.7,506.791,2.65,-4.59,275,360,0,0,0,0
576.35,502.201,2.65,-4.59,275,360,0,0,0,0
579.0,497.611,2.65,-4.59,275,360,0,0,0,0
581.65,493.021,2.65,-4.59,275,360,0,0,0,0
584.3,488.432,2.65,-4.59,275,360,0,0,0,0
586.95,483.842,2.65,-4.59,275,360,0,0,0,0
589.6,479.252,2.65,-4.59,275,355,0,-1,0,0
592.25,474.662,2.65,-4.59,275,350,0,-1,0,0
594.9,470.072,2.65,-4.59,275,345,0,-1,0,0
597.55,465.482,2.65,-4.59,275,340,0,-1,0,0
600.2,460.892,2.65,-4.59,275,335,0,-1,0,0
602.85,456.302,2.65,-4.59,275,330,0,-1,0,0
605.5,451.712,2.65,-4.59,275,325,0,-1,0,0
608.15,447.122,2.65,-4.59,275,320,0,-1,0,0
610.8,442.532,2.65,-4.59,275,315,0,-1,0,0
613.45,437.942,2.65,-4.59,275,310,0,-1,0,0
616.1,433.352,2.65,-4.59,275,310,0,0,0,0
618.75,428.762,2.65,-4.59,275,310,0,0,0,0
621.4,424.172,2.65,-4.59,275,310,0,0,0,0
624.05,419.582,2.65,-4.59,275,310,0,0,0,0
626.7,414.993,2.65,-4.59,275,310,0,0,0,0
629.35,410.403,2.65,-4.59,275,310,0,0,0,0
632.0,405.813,2.65,-4.59,275,310,0,0,0,0
634.65,401.223,2.65,-4.59,275,310,0,0,0,0
637.3,396.633,2.65,-4.59,275,310,0,0,0,0
639.95,392.043,2.65,-4.59,275,310,0,0,0,0
642.6,387.453,2.65,-4.59,270,310,-1,0,0,0
645.25,382.863,2.65,-4.59,265,310,-1,0,0,0
647.9,378.273,2.65,-4.59,260,305,-1,-1,0,0
650.55,373.683,2.65,-4.59,255,300,-1,-1,0,0
653.2,369.093,2.65,-4.59,250,295,-1,-1,0,0
655.85,364.503,2.65,-4.59,245,290,-1,-1,0,0
658.5,359.913,2.65,-4.59,240,285,-1,-1,0,0
661.15,355.323,2.65,-4.59,235,280,-1,-1,0,0
663.8,350.733,2.65,-4.59,230,275,-1,-1,0,0
666.45,346.144,2.65,-4.59,225,270,-1,-1,0,0
669.1,341.554,2.65,-4.59,220,265,-1,-1,0,0
671.75,336.964,2.65,-4.59,220,260,0,-1,0,0
674.4,332.374,2.65,-4.59,220,255,0,-1,0,0
677.05,327.784,2.65,-4.59,220,250,0,-1,0,0
679.7,323.194,2.65,-4.59,220,245,0,-1,0,0
682.35,318.604,2.65,-4.59,220,240,0,-1,0,0
685.0,314.014,2.65,-4.59,220,240,0,0,0,0
687.65,309.424,2.65,-4.59,220,240,0,0,0,0
690.3,304.834,2.65,-4.59,220,240,0,0,0,0
692.95,300.244,2.65,-4.59,220,240,0,0,0,0
695.6,295.654,2.65,-4.59,220,240,0,0,0,0
698.25,291.064,2.65,-4.59,220,240,0,0,0,0
700.9,286.474,2.65,-4.59,220,240,0,0,0,0
703.55,281.884,2.65,-4.59,220,240,0,0,0,0
706.2,277.295,2.65,-4.59,220,235,0,-1,0,0
708.85,272.705,2.65,-4.59,220,230,0,-1,0,0
711.5,268.115,2.65,-4.59,220,225,0,-1,0,0
714.15,263.525,2.65,-4.59,220,220,0,-1,0,0
716.8,258.935,2.65,-4.59,220,215,0,-1,0,0
719.45,254.345,2.65,-4.59,220,210,0,-1,0,0
722.1,249.755,2.65,-4.59,220,205,0,-1,0,0
724.75,245.165,2.65,-4.59,220,200,0,-1,0,0
727.4,240.575,2.65,-4.59,220,195,0,-1,0,0
730.05,235.985,2.65,-4.59,220,190,0,-1,0,0
732.7,231.395,2.65,-4.59,220,185,0,-1,0,0
735.35,226.805,2.65,-4.59,220,180,0,-1,0,0
738.0,222.215,2.65,-4.59,220,175,0,-1,0,0
740.65,217.625,2.65,-4.59,220,170,0,-1,0,0
743.3,213.035,2.65,-4.59,220,165,0,-1,0,0
745.95,208.445,2.65,-4.59,220,160,0,-1,0,0
748.6,203.856,2.65,-4.59,220,155,0,-1,0,0
751.25,199.266,2.65,-4.59,220,150,0,-1,0,0
751.0,194.676,-5.421,1.403,220,145,0,-1,0,0
745.579,196.079,-5.421,1.403,220,140,0,-1,0,0
740.157,197.483,-5.421,1.403,220,145,0,1,0,0
734.736,198.886,-5.421,1.403,220,150,0,1,0,0
729.315,200.289,-5.421,1.403,220,155,0,1,0,0
723.894,201.693,-5.421,1.403,220,160,0,1,0,0
718.472,203.096,-5.421,1.403,220,165,0,1,0,0
713.051,204.5,-5.421,1.403,220,170,0,1,0,0
707.63,205.903,-5.421,1.403,220,175,0,1,0,0
702.208,207.306,-5.421,1.403,220,180,0,1,0,0
696.787,208.71,-5.421,1.403,220,185,0,1,0,0
691.366,210.113,-5.421,1.403,220,190,0,1,0,0
685.944,211.517,-5.421,1.403,220,195,0,1,0,0
680.523,212.92,-5.421,1.403,220,200,0,1,0,0
675.102,214.323,-5.421,1.403,220,205,0,1,0,0
669.681,215.727,-5.421,1.403,220,210,0,1,0,0
664.259,217.13,-5.421,1.403,220,215,0,1,0,0
658.838,218.534,-5.421,1.403,220,220,0,1,0,0
653.417,219.937,-5.421,1.403,220,225,0,1,0,0
647.995,221.34,-5.421,1.403,220,230,0,1,0,0
642.574,222.744,-5.421,1.403,220,235,0,1,0,0
637.153,224.147,-5.421,1.403,220,240,0,1,0,0
631.731,225.551,-5.421,1.403,220,245,0,1,0,0
626.31,226.954,-5.421,1.403,220,250,0,1,0,0
620.889,228.357,-5.421,1.403,220,255,0,1,0,0
615.468,229.761,-5.421,1.403,220,260,0,1,0,0
610.046,231.164,-5.421,1.403,220,265,0,1,0,0
604.625,232.568,-5.421,1.403,220,270,0,1,0,0
599.204,233.971,-5.421,1.403,220,275,0,1,0,0
593.782,235.375,-5.421,1.403,220,280,0,1,0,0
588.361,236.778,-5.421,1.403,220,285,0,1,0,0
582.94,238.181,-5.421,1.403,220,290,0,1,0,0
577.519,239.585,-5.421,1.403,220,295,0,1,0,0
572.097,240.988,-5.421,1.403,220,300,0,1,0,0
566.676,242.392,-5.421,1.403,220,305,0,1,0,0
561.255,243.795,-5.421,1.403,220,310,0,1,0,0
555.833,245.198,-5.421,1.403,220,315,0,1,0,0
550.412,246.602,-5.421,1.403,220,320,0,1,0,0
544.991,248.005,-5.421,1.403,220,325,0,1,0,0
539.569,249.409,-5.421,1.403,220,330,0,1,0,0
534.148,250.812,-5.421,1.403,220,335,0,1,0,0
528.727,252.215,-5.421,1.403,220,340,0,1,0,0
523.306,253.619,-5.421,1.403,220,345,0,1,0,0
517.884,255.022,-5.421,1.403,220,350,0,1,0,0
512.463,256.426,-5.421,1.403,220,355,0,1,0,0
507.042,257.829,-5.421,1.403,220,360,0,1,0,0
501.62,259.232,-5.421,1.403,220,365,0,1,0,0
496.199,260.636,-5.421,1.403,220,370,0,1,0,0
490.778,262.039,-5.421,1.403,220,375,0,1,0,0
485.357,263.443,-5.421,1.403,220,380,0,1,0,0
479.935,264.846,-5.421,1.403,220,385,0,1,0,0
474.514,266.25,-5.421,1.403,220,385,0,0,0,0
469.093,267.653,-5.421,1.403,225,385,1,0,0,0
463.671,269.056,-5.421,1.403,230,385,1,0,0,0
458.25,270.46,-5.421,1.403,235,385,1,0,0,0
452.829,271.863,-5.421,1.403,240,385,1,0,0,0
447.407,273.267,-5.421,1.403,245,385,1,0,0,0
441.986,274.67,-5.421,1.403,250,385,1,0,0,0
436.565,276.073,-5.421,1.403,255,385,1,0,0,0
431.144,277.477,-5.421,1.403,260,385,1,0,0,0
425.722,278.88,-5.421,1.403,265,385,1,0,0,0
420.301,280.284,-5.421,1.403,270,385,1,0,0,0
414.88,281.687,-5.421,1.403,275,385,1,0,0,0
409.458,283.09,-5.421,1.403,280,385,1,0,0,0
404.037,284.494,-5.421,1.403,285,385,1,0,0,0
398.616,285.897,-5.421,1.403,285,385,0,0,0,0
393.194,287.301,-5.421,1.403,285,385,0,0,0,0
387.773,288.704,-5.421,1.403,285,385,0,0,0,0
382.352,290.107,-5.421,1.403,285,385,0,0,0,0
376.931,291.511,-5.421,1.403,285,385,0,0,0,0
371.509,292.914,-5.421,1.403,285,385,0,0,0,0
366.088,294.318,-5.421,1.403,285,385,0,0,0,0
360.667,295.721,-5.421,1.403,285,385,0,0,0,0
355.245,297.124,-5.421,1.403,285,385,0,0,0,0
349.824,298.528,-5.421,1.403,285,385,0,0,0,0
344.403,299.931,-5.421,1.403,285,385,0,0,0,0
338.982,301.335,-5.421,1.403,285,385,0,0,0,0
333.56,302.738,-5.421,1.403,285,385,0,0,0,0
328.139,304.142,-5.421,1.403,285,385,0,0,0,0
322.718,305.545,-5.421,1.403,285,385,0,0,0,0
317.296,306.948,-5.421,1.403,285,385,0,0,0,0
311.875,308.352,-5.421,1.403,285,385,0,0,0,0
306.454,309.755,-5.421,1.403,285,385,0,0,0,0
301.032,311.159,-5.421,1.403,285,385,0,0,0,0
295.611,312.562,-5.421,1.403,285,385,0,0,0,0
290.19,313.965,-5.421,1.403,285,385,0,0,0,0
284.769,315.369,-5.421,1.403,285,385,0,0,0,0
279.347,316.772,-5.421,1.403,285,385,0,0,0,0
273.926,318.176,-5.421,1.403,285,385,0,0,0,0
268.505,319.579,-5.421,1.403,285,385,0,0,0,0
263.083,320.982,-5.421,1.403,285,385,0,0,0,0
257.662,322.386,-5.421,1.403,285,385,0,0,0,0
252.241,323.789,-5.421,1.403,285,385,0,0,0,0
246.82,325.193,-5.421,1.403,285,385,0,0,0,0
241.398,326.596,-5.421,1.403,285,385,0,0,0,0
235.977,327.999,-5.421,1.403,285,385,0,0,0,0
230.556,329.403,-5.421,1.403,285,385,0,0,0,0
225.134,330.806,-5.421,1.403,285,385,0,0,0,0
219.713,332.21,-5.421,1.403,285,385,0,0,0,0
214.292,333.613,-5.421,1.403,285,385,0,0,0,0
208.87,335.017,-5.421,1.403,285,385,0,0,0,0
203.449,336.42,-5.421,1.403,285,385,0,0,0,0
198.028,337.823,-5.421,1.403,285,385,0,0,0,0
192.607,339.227,-5.421,1.403,285,385,0,0,0,0
187.185,340.63,-5.421,1.403,290,385,1,0,0,0
181.764,342.034,-5.421,1.403,295,385,1,0,0,0
176.343,343.437,-5.421,1.403,300,385,1,0,0,0
170.921,344.84,-5.421,1.403,305,385,1,0,0,0
165.5,346.244,-5.421,1.403,310,385,1,0,0,0
160.079,347.647,-5.421,1.403,315,385,1,0,0,0
154.657,349.051,-5.421,1.403,320,385,1,0,0,0
149.236,350.454,-5.421,1.403,325,385,1,0,0,0
143.815,351.857,-5.421,1.403,330,385,1,0,0,0
138.394,353.261,-5.421,1.403,335,385,1,0,0,0
132.972,354.664,-5.421,1.403,340,385,1,0,0,0
127.551,356.068,-5.421,1.403,345,385,1,0,0,0
122.13,357.471,-5.421,1.403,350,385,1,0,0,0
116.708,358.874,-5.421,1.403,355,385,1,0,0,0
111.287,360.278,-5.421,1.403,360,385,1,0,0,0
105.866,361.681,-5.421,1.403,365,385,1,0,0,0
100.445,363.085,-5.421,1.403,365,390,0,1,0,0
95.023,364.488,-5.421,1.403,365,395,0,1,0,0
89.602,365.891,-5.421,1.403,365,400,0,1,0,0
84.181,367.295,-5.421,1.403,365,405,0,1,0,0
78.759,368.698,-5.421,1.403,365,410,0,1,0,0
73.338,370.102,-5.421,1.403,365,415,0,1,0,0
67.917,371.505,-5.421,1.403,365,415,0,0,0,0
62.495,372.909,-5.421,1.403,365,415,0,0,0,0
57.074,374.312,-5.421,1.403,365,415,0,0,0,0
51.653,375.715,-5.421,1.403,365,415,0,0,0,0
49.0,377.119,4.397,-3.934,365,415,0,0,0,0
53.397,373.185,4.397,-3.934,365,415,0,0,0,0
57.794,369.25,4.397,-3.934,365,415,0,0,0,0
62.19,365.316,4.397,-3.934,365,415,0,0,0,0
66.587,361.382,4.397,-3.934,365,415,0,0,0,0
70.984,357.448,4.397,-3.934,365,415,0,0,0,0
75.381,353.513,4.397,-3.934,370,415,1,0,0,0
79.778,349.579,4.397,-3.934,375,410,1,-1,0,0
84.174,345.645,4.397,-3.934,380,405,1,-1,0,0
88.571,341.711,4.397,-3.934,385,400,1,-1,0,0
92.968,337.777,4.397,-3.934,390,395,1,-1,0,0
97.365,333.842,4.397,-3.934,395,390,1,-1,0,0
101.762,329.908,4.397,-3.934,400,385,1,-1,0,0
106.158,325.974,4.397,-3.934,400,380,0,-1,0,0
110.555,322.04,4.397,-3.934,400,375,0,-1,0,0
114.952,318.105,4.397,-3.934,400,370,0,-1,0,0
119.349,314.171,4.397,-3.934,400,365,0,-1,0,0
123.746,310.237,4.397,-3.934,400,360,0,-1,0,0
128.143,306.303,4.397,-3.934,400,355,0,-1,0,0
132.539,302.369,4.397,-3.934,400,350,0,-1,0,0
136.936,298.434,4.397,-3.934,400,345,0,-1,0,0
141.333,294.5,4.397,-3.934,400,340,0,-1,0,0
145.73,290.566,4.397,-3.934,400,335,0,-1,0,0
150.127,286.632,4.397,-3.934,400,330,0,-1,0,0
154.523,282.697,4.397,-3.934,400,325,0,-1,0,0
158.92,278.763,4.397,-3.934,400,320,0,-1,0,0
163.317,274.829,4.397,-3.934,400,315,0,-1,0,0
167.714,270.895,4.397,-3.934,400,310,0,-1,0,0
172.111,266.961,4.397,-3.934,400,305,0,-1,0,0
176.507,263.026,4.397,-3.934,400,300,0,-1,0,0
180.904,259.092,4.397,-3.934,400,295,0,-1,0,0
185.301,255.158,4.397,-3.934,400,290,0,-1,0,0
189.698,251.224,4.397,-3.934,400,285,0,-1,0,0
194.095,247.289,4.397,-3.934,400,280,0,-1,0,0
198.491,243.355,4.397,-3.934,400,275,0,-1,0,0
202.888,239.421,4.397,-3.934,400,270,0,-1,0,0
207.285,235.487,4.397,-3.934,400,265,0,-1,0,0
211.682,231.553,4.397,-3.934,400,260,0,-1,0,0
216.079,227.618,4.397,-3.934,395,255,-1,-1,0,0
220.475,223.684,4.397,-3.934,390,250,-1,-1,0,0
224.872,219.75,4.397,-3.934,385,245,-1,-1,0,0
229.269,215.816,4.397,-3.934,380,240,-1,-1,0,0
233.666,211.882,4.397,-3.934,375,235,-1,-1,0,0
238.063,207.947,4.397,-3.934,370,230,-1,-1,0,0
242.46,204.013,4.397,-3.934,365,225,-1,-1,0,0
246.856,200.079,4.397,-3.934,360,220,-1,-1,0,0
251.253,196.145,4.397,-3.934,355,215,-1,-1,0,0
255.65,192.21,4.397,-3.934,350,210,-1,-1,0,0
260.047,188.276,4.397,-3.934,345,205,-1,-1,0,0
264.444,184.342,4.397,-3.934,340,200,-1,-1,0,0
268.84,180.408,4.397,-3.934,335,195,-1,-1,0,0
273.237,176.474,4.397,-3.934,330,190,-1,-1,0,0
277.634,172.539,4.397,-3.934,325,185,-1,-1,0,0
282.031,168.605,4.397,-3.934,320,180,-1,-1,0,0
286.428,164.671,4.397,-3.934,315,175,-1,-1,0,0
290.824,160.737,4.397,-3.934,310,170,-1,-1,0,0
295.221,156.802,4.397,-3.934,305,165,-1,-1,0,0
299.618,152.868,4.397,-3.934,300,160,-1,-1,0,0
304.015,148.934,4.397,-3.934,295,155,-1,-1,0,0
308.412,145.0,4.397,-3.934,290,150,-1,-1,0,0
312.808,141.066,4.397,-3.934,285,145,-1,-1,0,0
317.205,137.131,4.397,-3.934,280,140,-1,-1,0,0
321.602,133.197,4.397,-3.934,275,135,-1,-1,0,0
325.999,129.263,4.397,-3.934,270,130,-1,-1,0,0
330.396,125.329,4.397,-3.934,265,125,-1,-1,0,0
334.792,121.394,4.397,-3.934,260,120,-1,-1,0,0
339.189,117.46,4.397,-3.934,255,115,-1,-1,0,0
343.586,113.526,4.397,-3.934,250,110,-1,-1,0,0
347.983,109.592,4.397,-3.934,245,105,-1,-1,0,0
352.38,105.658,4.397,-3.934,240,100,-1,-1,0,0
356.776,101.723,4.397,-3.934,235,95,-1,-1,0,0
361.173,97.789,4.397,-3.934,230,90,-1,-1,0,0
365.57,93.855,4.397,-3.934,225,85,-1,-1,0,0
369.967,89.921,4.397,-3.934,220,80,-1,-1,0,0
374.364,85.986,4.397,-3.934,220,75,0,-1,0,0
378.761,82.052,4.397,-3.934,220,70,0,-1,0,0
383.157,78.118,4.397,-3.934,220,65,0,-1,0,0
387.554,74.184,4.397,-3.934,220,60,0,-1,0,0
391.951,70.25,4.397,-3.934,220,55,0,-1,0,0
396.348,66.315,4.397,-3.934,220,50,0,-1,0,0
400.745,62.381,4.397,-3.934,220,45,0,-1,0,0
405.141,58.447,4.397,-3.934,220,40,0,-1,0,0
409.538,54.513,4.397,-3.934,220,35,0,-1,0,0
413.935,50.578,4.397,-3.934,220,30,0,-1,0,0
418.332,46.644,4.397,-3.934,220,30,0,0,0,0
422.729,42.71,4.397,-3.934,220,30,0,0,0,0
427.125,38.776,4.397,-3.934,220,30,0,0,0,0
431.522,34.842,4.397,-3.934,220,30,0,0,0,0
435.919,30.907,4.397,-3.934,220,30,0,0,0,0
440.316,26.973,4.397,-3.934,220,30,0,0,0,0
444.713,23.039,4.397,-3.934,220,30,0,0,0,0
449.109,19.105,4.397,-3.934,220,30,0,0,0,0
453.506,15.171,4.397,-3.934,220,30,0,0,0,0
457.903,11.236,4.397,-3.934,220,30,0,0,0,0
462.3,7.302,4.397,-3.934,220,30,0,0,0,0
466.697,6.0,4.397,3.934,220,30,0,0,0,0
471.093,9.934,4.397,3.934,220,30,0,0,0,0
475.49,13.868,4.397,3.934,220,30,0,0,0,0
479.887,17.803,4.397,3.934,220,30,0,0,0,0
484.284,21.737,4.397,3.934,220,30,0,0,0,0
488.681,25.671,4.397,3.934,220,30,0,0,0,0
493.078,29.605,4.397,3.934,220,35,0,1,0,0
497.474,33.54,4.397,3.934,220,40,0,1,0,0
501.871,37.474,4.397,3.934,220,45,0,1,0,0
506.268,41.408,4.397,3.934,220,50,0,1,0,0
510.665,45.342,4.397,3.934,220,55,0,1,0,0
515.062,49.276,4.397,3.934,220,60,0,1,0,0
519.458,53.211,4.397,3.934,220,65,0,1,0,0
523.855,57.145,4.397,3.934,220,70,0,1,0,0
528.252,61.079,4.397,3.934,220,75,0,1,0,0
532.649,65.013,4.397,3.934,220,80,0,1,0,0
537.046,68.948,4.397,3.934,220,85,0,1,0,0
541.442,72.882,4.397,3.934,220,90,0,1,0,0
545.839,76.816,4.397,3.934,220,95,0,1,0,0
550.236,80.75,4.397,3.934,220,100,0,1,0,0
554.633,84.684,4.397,3.934,220,105,0,1,0,0
559.03,88.619,4.397,3.934,220,110,0,1,0,0
563.426,92.553,4.397,3.934,220,115,0,1,0,0
567.823,96.487,4.397,3.934,220,120,0,1,0,0
572.22,100.421,4.397,3.934,220,125,0,1,0,0
576.617,104.356,4.397,3.934,220,130,0,1,0,0
581.014,108.29,4.397,3.934,220,135,0,1,0,0
585.41,112.224,4.397,3.934,220,140,0,1,0,0
589.807,116.158,4.397,3.934,220,145,0,1,0,0
594.204,120.092,4.397,3.934,220,150,0,1,0,0
598.601,124.027,4.397,3.934,220,155,0,1,0,0
602.998,127.961,4.397,3.934,220,160,0,1,0,0
607.394,131.895,4.397,3.934,220,165,0,1,0,0
611.791,135.829,4.397,3.934,220,170,0,1,0,0
616.188,139.763,4.397,3.934,220,175,0,1,0,0
620.585,143.698,4.397,3.934,220,180,0,1,0,0
624.982,147.632,4.397,3.934,220,185,0,1,0,0
629.379,151.566,4.397,3.934,220,190,0,1,0,0
633.775,155.5,4.397,3.934,220,195,0,1,0,0
638.172,159.435,4.397,3.934,220,195,0,0,0,0
642.569,163.369,4.397,3.934,220,195,0,0,0,0
646.966,167.303,4.397,3.934,220,195,0,0,0,0
651.363,171.237,4.397,3.934,220,195,0,0,0,0
655.759,175.171,4.397,3.934,220,195,0,0,0,0
660.156,179.106,4.397,3.934,220,195,0,0,0,0
664.553,183.04,4.397,3.934,220,195,0,0,0,0
668.95,186.974,4.397,3.934,215,195,-1,0,0,0
673.347,190.908,4.397,3.934,210,195,-1,0,0,0
677.743,194.843,4.397,3.934,205,195,-1,0,0,0
682.14,198.777,4.397,3.934,200,195,-1,0,0,0
686.537,202.711,4.397,3.934,195,195,-1,0,0,0
690.934,206.645,4.397,3.934,190,195,-1,0,0,0
695.331,210.579,4.397,3.934,185,195,-1,0,0,0
699.727,214.514,4.397,3.934,180,195,-1,0,0,0
704.124,218.448,4.397,3.934,175,195,-1,0,0,0
708.521,222.382,4.397,3.934,170,195,-1,0,0,0
712.918,226.316,4.397,3.934,170,195,0,0,0,0
717.315,230.251,4.397,3.934,170,195,0,0,0,0
721.711,234.185,4.397,3.934,170,195,0,0,0,0
726.108,238.119,4.397,3.934,170,195,0,0,0,0
730.505,242.053,4.397,3.934,170,195,0,0,0,0
734.902,245.987,4.397,3.934,170,200,0,1,0,0
739.299,249.922,4.397,3.934,170,205,0,1,0,0
743.696,253.856,4.397,3.934,170,210,0,1,0,0
748.092,257.79,4.397,3.934,170,215,0,1,0,0
752.489,261.724,4.397,3.934,170,220,0,1,0,0
751.0,265.659,-6.199,0.107,170,225,0,1,0,0
744.801,265.765,-6.199,0.107,170,230,0,1,0,0
738.602,265.872,-6.199,0.107,170,235,0,1,0,0
732.403,265.979,-6.199,0.107,170,240,0,1,0,0
726.204,266.086,-6.199,0.107,170,245,0,1,0,0
720.005,266.193,-6.199,0.107,170,250,0,1,0,0
713.806,266.3,-6.199,0.107,170,255,0,1,0,0
707.606,266.407,-6.199,0.107,170,260,0,1,0,0
701.407,266.514,-6.199,0.107,170,265,0,1,0,0
695.208,266.62,-6.199,0.107,170,270,0,1,0,0
689.009,266.727,-6.199,0.107,170,275,0,1,0,0
682.81,266.834,-6.199,0.107,170,280,0,1,0,0
676.611,266.941,-6.199,0.107,170,285,0,1,0,0
670.412,267.048,-6.199,0.107,170,290,0,1,0,0
664.213,267.155,-6.199,0.107,170,295,0,1,0,0
658.014,267.262,-6.199,0.107,170,300,0,1,0,0
651.815,267.369,-6.199,0.107,170,305,0,1,0,0
645.616,267.476,-6.199,0.107,170,310,0,1,0,0
639.417,267.582,-6.199,0.107,170,315,0,1,0,0
633.218,267.689,-6.199,0.107,170,320,0,1,0,0
627.018,267.796,-6.199,0.107,170,325,0,1,0,0
620.819,267.903,-6.199,0.107,170,330,0,1,0,0
614.62,268.01,-6.199,0.107,170,335,0,1,0,0
608.421,268.117,-6.199,0.107,170,340,0,1,0,0
602.222,268.224,-6.199,0.107,170,345,0,1,0,0
596.023,268.331,-6.199,0.107,170,350,0,1,0,0
589.824,268.437,-6.199,0.107,170,355,0,1,0,0
583.625,268.544,-6.199,0.107,170,360,0,1,0,0
577.426,268.651,-6.199,0.107,170,365,0,1,0,0
571.227,268.758,-6.199,0.107,170,370,0,1,0,0
565.028,268.865,-6.199,0.107,170,370,0,0,0,0
558.829,268.972,-6.199,0.107,170,370,0,0,0,0
552.629,269.079,-6.199,0.107,170,370,0,0,0,0
546.43,269.186,-6.199,0.107,170,370,0,0,0,0
540.231,269.293,-6.199,0.107,170,370,0,0,0,0
534.032,269.399,-6.199,0.107,170,370,0,0,0,0
527.833,269.506,-6.199,0.107,170,370,0,0,0,0
521.634,269.613,-6.199,0.107,170,370,0,0,0,0
515.435,269.72,-6.199,0.107,170,370,0,0,0,0
509.236,269.827,-6.199,0.107,170,370,0,0,0,0
503.037,269.934,-6.199,0.107,170,370,0,0,0,0
496.838,270.041,-6.199,0.107,170,375,0,1,0,0
490.639,270.148,-6.199,0.107,170,380,0,1,0,0
484.44,270.255,-6.199,0.107,170,385,0,1,0,0
478.241,270.361,-6.199,0.107,170,390,0,1,0,0
472.041,270.468,-6.199,0.107,170,395,0,1,0,0
465.842,270.575,-6.199,0.107,170,400,0,1,0,0
459.643,270.682,-6.199,0.107,170,405,0,1,0,0
453.444,270.789,-6.199,0.107,170,410,0,1,0,0
447.245,270.896,-6.199,0.107,170,415,0,1,0,0
441.046,271.003,-6.199,0.107,170,420,0,1,0,0
434.847,271.11,-6.199,0.107,170,425,0,1,0,0
428.648,271.216,-6.199,0.107,170,430,0,1,0,0
422.449,271.323,-6.199,0.107,170,435,0,1,0,0
416.25,271.43,-6.199,0.107,170,440,0,1,0,0
410.051,271.537,-6.199,0.107,170,445,0,1,0,0
403.852,271.644,-6.199,0.107,170,450,0,1,0,0
397.653,271.751,-6.199,0.107,170,455,0,1,0,0
391.453,271.858,-6.199,0.107,170,460,0,1,0,0
385.254,271.965,-6.199,0.107,170,465,0,1,0,0
379.055,272.072,-6.199,0.107,170,470,0,1,0,0
372.856,272.178,-6.199,0.107,170,475,0,1,0,0
366.657,272.285,-6.199,0.107,175,480,1,1,0,0
360.458,272.392,-6.199,0.107,180,485,1,1,0,0
354.259,272.499,-6.199,0.107,185,490,1,1,0,0
348.06,272.606,-6.199,0.107,190,495,1,1,0,0
341.861,272.713,-6.199,0.107,195,500,1,1,0,0
335.662,272.82,-6.199,0.107,200,505,1,1,0,0
329.463,272.927,-6.199,0.107,205,510,1,1,0,0
323.264,273.033,-6.199,0.107,210,510,1,0,0,0
317.064,273.14,-6.199,0.107,215,510,1,0,0,0
310.865,273.247,-6.199,0.107,220,510,1,0,0,0
304.666,273.354,-6.199,0.107,220,510,0,0,0,0
298.467,273.461,-6.199,0.107,220,510,0,0,0,0
292.268,273.568,-6.199,0.107,220,510,0,0,0,0
286.069,273.675,-6.199,0.107,220,510,0,0,0,0
279.87,273.782,-6.199,0.107,220,510,0,0,0,0
273.671,273.889,-6.199,0.107,220,510,0,0,0,0
267.472,273.995,-6.199,0.107,220,510,0,0,0,0
261.273,274.102,-6.199,0.107,220,510,0,0,0,0
255.074,274.209,-6.199,0.107,220,510,0,0,0,0
248.875,274.316,-6.199,0.107,220,510,0,0,0,0
242.676,274.423,-6.199,0.107,220,510,0,0,0,0
236.476,274.53,-6.199,0.107,220,510,0,0,0,0
230.277,274.637,-6.199,0.107,220,510,0,0,0,0
224.078,274.744,-6.199,0.107,220,510,0,0,0,0
217.879,274.85,-6.199,0.107,220,510,0,0,0,0
211.68,274.957,-6.199,0.107,220,510,0,0,0,0
205.481,275.064,-6.199,0.107,220,510,0,0,0,0
199.282,275.171,-6.199,0.107,220,510,0,0,0,0
193.083,275.278,-6.199,0.107,220,510,0,0,0,0
186.884,275.385,-6.199,0.107,220,510,0,0,0,0
180.685,275.492,-6.199,0.107,220,510,0,0,0,0
174.486,275.599,-6.199,0.107,220,510,0,0,0,0
168.287,275.706,-6.199,0.107,220,510,0,0,0,0
162.088,275.812,-6.199,0.107,220,510,0,0,0,0
155.888,275.919,-6.199,0.107,220,510,0,0,0,0
149.689,276.026,-6.199,0.107,220,510,0,0,0,0
143.49,276.133,-6.199,0.107,220,510,0,0,0,0
137.291,276.24,-6.199,0.107,220,510,0,0,0,0
131.092,276.347,-6.199,0.107,220,510,0,0,0,0
124.893,276.454,-6.199,0.107,220,510,0,0,0,0
118.694,276.561,-6.199,0.107,220,510,0,0,0,0
112.495,276.668,-6.199,0.107,220,510,0,0,0,0
106.296,276.774,-6.199,0.107,220,510,0,0,0,0
100.097,276.881,-6.199,0.107,220,510,0,0,0,0
93.898,276.988,-6.199,0.107,220,510,0,0,0,0
87.699,277.095,-6.199,0.107,220,510,0,0,0,0
81.5,277.202,-6.199,0.107,220,510,0,0,0,0
75.3,277.309,-6.199,0.107,220,510,0,0,0,0
69.101,277.416,-6.199,0.107,220,510,0,0,0,0
62.902,277.523,-6.199,0.107,220,510,0,0,0,0
56.703,277.629,-6.199,0.107,220,510,0,0,0,0
50.504,277.736,-6.199,0.107,220,510,0,0,0,0
49.0,277.843,5.804,2.927,220,510,0,0,0,0
54.804,280.77,5.804,2.927,220,510,0,0,0,0
60.607,283.698,5.804,2.927,220,510,0,0,0,0
66.411,286.625,5.804,2.927,220,510,0,0,0,0
72.214,289.552,5.804,2.927,220,510,0,0,0,0
78.018,292.479,5.804,2.927,220,510,0,0,0,0
83.822,295.406,5.804,2.927,220,510,0,0,0,0
89.625,298.333,5.804,2.927,220,510,0,0,0,0
95.429,301.26,5.804,2.927,220,510,0,0,0,0
101.232,304.188,5.804,2.927,220,510,0,0,0,0
107.036,307.115,5.804,2.927,220,510,0,0,0,0
112.84,310.042,5.804,2.927,220,510,0,0,0,0
118.643,312.969,5.804,2.927,220,510,0,0,0,0
124.447,315.896,5.804,2.927,220,510,0,0,0,0
130.25,318.823,5.804,2.927,220,510,0,0,0,0
136.054,321.75,5.804,2.927,220,510,0,0,0,0
141.858,324.678,5.804,2.927,220,510,0,0,0,0
147.661,327.605,5.804,2.927,220,510,0,0,0,0
153.465,330.532,5.804,2.927,220,510,0,0,0,0
159.268,333.459,5.804,2.927,220,505,0,-1,0,0
165.072,336.386,5.804,2.927,220,500,0,-1,0,0
170.876,339.313,5.804,2.927,220,495,0,-1,0,0
176.679,342.24,5.804,2.927,220,490,0,-1,0,0
182.483,345.168,5.804,2.927,220,485,0,-1,0,0
188.287,348.095,5.804,2.927,220,480,0,-1,0,0
194.09,351.022,5.804,2.927,220,475,0,-1,0,0
199.894,353.949,5.804,2.927,220,470,0,-1,0,0
205.697,356.876,5.804,2.927,220,465,0,-1,0,0
211.501,359.803,5.804,2.927,220,460,0,-1,0,0
217.305,362.73,5.804,2.927,220,455,0,-1,0,0
223.108,365.658,5.804,2.927,220,450,0,-1,0,0
228.912,368.585,5.804,2.927,220,450,0,0,0,0
234.715,371.512,5.804,2.927,220,450,0,0,0,0
240.519,374.439,5.804,2.927,220,450,0,0,0,0
246.323,377.366,5.804,2.927,220,455,0,1,0,0
252.126,380.293,5.804,2.927,220,460,0,1,0,0
257.93,383.22,5.804,2.927,220,465,0,1,0,0
263.733,386.148,5.804,2.927,220,470,0,1,0,0
269.537,389.075,5.804,2.927,220,475,0,1,0,0
275.341,392.002,5.804,2.927,220,480,0,1,0,0
281.144,394.929,5.804,2.927,220,485,0,1,0,0
286.948,397.856,5.804,2.927,220,490,0,1,0,0
292.751,400.783,5.804,2.927,220,495,0,1,0,0
298.555,403.71,5.804,2.927,220,500,0,1,0,0
304.359,406.638,5.804,2.927,220,505,0,1,0,0
310.162,409.565,5.804,2.927,220,510,0,1,0,0
315.966,412.492,5.804,2.927,220,515,0,1,0,0
321.769,415.419,5.804,2.927,220,520,0,1,0,0
327.573,418.346,5.804,2.927,220,520,0,1,0,0
333.377,421.273,5.804,2.927,220,520,0,0,0,0
339.18,424.2,5.804,2.927,225,520,1,0,0,0
344.984,427.128,5.804,2.927,230,520,1,0,0,0
350.787,430.055,5.804,2.927,235,520,1,0,0,0
356.591,432.982,5.804,2.927,240,520,1,0,0,0
362.395,435.909,5.804,2.927,245,520,1,0,0,0
368.198,438.836,5.804,2.927,250,520,1,0,0,0
374.002,441.763,5.804,2.927,255,520,1,0,0,0
379.805,444.69,5.804,2.927,260,520,1,0,0,0
385.609,447.618,5.804,2.927,265,520,1,0,0,0
391.413,450.545,5.804,2.927,270,520,1,0,0,0
397.216,453.472,5.804,2.927,275,520,1,0,0,0
403.02,456.399,5.804,2.927,280,520,1,0,0,0
408.823,459.326,5.804,2.927,285,520,1,0,0,0
414.627,462.253,5.804,2.927,285,520,0,0,0,0
420.431,465.18,5.804,2.927,285,520,0,0,0,0
426.234,468.108,5.804,2.927,285,520,0,0,0,0
432.038,471.035,5.804,2.927,285,520,0,0,0,0
437.842,473.962,5.804,2.927,285,520,0,0,0,0
443.645,476.889,5.804,2.927,285,520,0,0,0,0
449.449,479.816,5.804,2.927,285,520,0,0,0,0
455.252,482.743,5.804,2.927,285,520,0,0,0,0
461.056,485.67,5.804,2.927,285,520,0,0,0,0
466.86,488.598,5.804,2.927,285,520,0,0,0,0
472.663,491.525,5.804,2.927,285,520,0,0,0,0
478.467,494.452,5.804,2.927,285,520,0,0,0,0
484.27,497.379,5.804,2.927,285,520,0,0,0,0
490.074,500.306,5.804,2.927,285,520,0,0,0,0
495.878,503.233,5.804,2.927,285,520,0,0,0,0
501.681,506.16,5.804,2.927,285,520,0,0,0,0
507.485,509.088,5.804,2.927,285,520,0,0,0,0
513.288,512.015,5.804,2.927,285,520,0,0,0,0
519.092,514.942,5.804,2.927,285,520,0,0,0,0
524.896,517.869,5.804,2.927,285,520,0,0,0,0
530.699,520.796,5.804,2.927,285,520,0,0,0,0
536.503,523.723,5.804,2.927,285,520,0,0,0,0
542.306,526.65,5.804,2.927,285,520,0,0,0,0
548.11,529.578,5.804,2.927,285,520,0,0,0,0
553.914,532.505,5.804,2.927,285,520,0,0,0,0
559.717,535.432,5.804,2.927,285,520,0,0,0,0
565.521,538.359,5.804,2.927,285,520,0,0,0,0
571.324,541.286,5.804,2.927,285,520,0,0,0,0
577.128,544.213,5.804,2.927,285,520,0,0,0,0
582.932,547.14,5.804,2.927,285,520,0,0,0,0
588.735,550.068,5.804,2.927,285,520,0,0,0,0
594.539,552.995,5.804,2.927,285,520,0,0,0,0
600.342,555.922,5.804,2.927,285,520,0,0,0,0
606.146,558.849,5.804,2.927,285,520,0,0,0,0
611.95,561.776,5.804,2.927,285,520,0,0,0,0
617.753,564.703,5.804,2.927,285,520,0,0,0,0
623.557,567.63,5.804,2.927,285,520,0,0,0,0
629.36,570.558,5.804,2.927,285,520,0,0,0,0
635.164,573.485,5.804,2.927,285,520,0,0,0,0
640.968,576.412,5.804,2.927,285,520,0,0,0,0
646.771,579.339,5.804,2.927,285,520,0,0,0,0
652.575,582.266,5.804,2.927,285,520,0,0,0,0
658.378,585.193,5.804,2.927,285,520,0,0,0,0
664.182,588.12,5.804,2.927,285,520,0,0,0,0
669.986,591.048,5.804,2.927,285,520,0,0,0,0
675.789,593.975,5.804,2.927,285,520,0,0,0,0
681.593,594.0,5.804,-2.927,285,520,0,0,0,0
687.397,591.073,5.804,-2.927,285,515,0,-1,0,0
693.2,588.146,5.804,-2.927,285,510,0,-1,0,0
699.004,585.219,5.804,-2.927,285,505,0,-1,0,0
704.807,582.291,5.804,-2.927,285,500,0,-1,0,0
710.611,579.364,5.804,-2.927,285,495,0,-1,0,0
716.415,576.437,5.804,-2.927,285,490,0,-1,0,0
722.218,573.51,5.804,-2.927,285,490,0,0,0,0
728.022,570.583,5.804,-2.927,285,490,0,0,0,0
733.825,567.656,5.804,-2.927,285,490,0,0,0,0
739.629,564.729,5.804,-2.927,285,490,0,0,0,0
745.433,561.801,5.804,-2.927,285,490,0,0,0,0
751.236,558.874,5.804,-2.927,285,490,0,0,0,0
751.0,555.947,-5.291,4.272,285,490,0,0,0,0
745.709,560.219,-5.291,4.272,285,490,0,0,0,0
740.419,564.491,-5.291,4.272,285,490,0,0,0,0
735.128,568.763,-5.291,4.272,285,490,0,0,0,0
729.838,573.035,-5.291,4.272,285,490,0,0,0,0
724.547,577.307,-5.291,4.272,285,490,0,0,0,0
719.257,581.579,-5.291,4.272,285,490,0,0,0,0
713.966,585.852,-5.291,4.272,285,490,0,0,0,0
708.676,590.124,-5.291,4.272,285,490,0,0,0,0
703.385,594.0,-5.291,-4.272,285,490,0,0,0,0
698.095,589.728,-5.291,-4.272,285,490,0,0,0,0
692.804,585.456,-5.291,-4.272,285,490,0,0,0,0
687.514,581.184,-5.291,-4.272,285,490,0,0,0,0
682.223,576.912,-5.291,-4.272,285,490,0,0,0,0
676.933,572.64,-5.291,-4.272,285,490,0,0,0,0
671.642,568.368,-5.291,-4.272,285,490,0,0,0,0
666.352,564.096,-5.291,-4.272,285,490,0,0,0,0
661.061,559.824,-5.291,-4.272,285,490,0,0,0,0
655.771,555.551,-5.291,-4.272,285,490,0,0,0,0
650.48,551.279,-5.291,-4.272,285,490,0,0,0,0
645.19,547.007,-5.291,-4.272,285,495,0,1,0,0
639.899,542.735,-5.291,-4.272,285,500,0,1,0,0
634.609,538.463,-5.291,-4.272,285,505,0,1,0,0
629.318,534.191,-5.291,-4.272,285,510,0,1,0,0
624.028,529.919,-5.291,-4.272,285,515,0,1,0,0
618.737,525.647,-5.291,-4.272,285,520,0,1,0,0
613.447,521.375,-5.291,-4.272,285,520,0,1,0,0
608.156,517.103,-5.291,-4.272,285,520,0,1,0,0
602.866,512.831,-5.291,-4.272,285,520,0,1,0,0
597.575,508.559,-5.291,-4.272,285,520,0,0,0,0
592.285,504.287,-5.291,-4.272,285,520,0,0,0,0
586.994,500.015,-5.291,-4.272,285,520,0,0,0,0
581.704,495.743,-5.291,-4.272,285,520,0,0,0,0
576.413,491.471,-5.291,-4.272,285,520,0,0,0,0
571.123,487.199,-5.291,-4.272,285,520,0,0,0,0
565.832,482.926,-5.291,-4.272,285,520,0,0,0,0
560.542,478.654,-5.291,-4.272,285,520,0,0,0,0
555.251,474.382,-5.291,-4.272,285,520,0,0,0,0
549.961,470.11,-5.291,-4.272,285,520,0,0,0,0
544.67,465.838,-5.291,-4.272,285,520,0,0,0,0
539.38,461.566,-5.291,-4.272,285,520,0,0,0,0
534.089,457.294,-5.291,-4.272,285,515,0,-1,0,0
528.799,453.022,-5.291,-4.272,285,510,0,-1,0,0
523.508,448.75,-5.291,-4.272,285,505,0,-1,0,0
518.218,444.478,-5.291,-4.272,285,500,0,-1,0,0
512.927,440.206,-5.291,-4.272,285,495,0,-1,0,0
507.636,435.934,-5.291,-4.272,285,490,0,-1,0,0
502.346,431.662,-5.291,-4.272,285,485,0,-1,0,0
497.055,427.39,-5.291,-4.272,285,480,0,-1,0,0
491.765,423.118,-5.291,-4.272,285,475,0,-1,0,0
486.474,418.846,-5.291,-4.272,285,470,0,-1,0,0
481.184,414.573,-5.291,-4.272,285,465,0,-1,0,0
475.893,410.301,-5.291,-4.272,285,460,0,-1,0,0
470.603,406.029,-5.291,-4.272,280,455,-1,-1,0,0
465.312,401.757,-5.291,-4.272,275,450,-1,-1,0,0
460.022,397.485,-5.291,-4.272,270,445,-1,-1,0,0
454.731,393.213,-5.291,-4.272,265,440,-1,-1,0,0
449.441,388.941,-5.291,-4.272,260,435,-1,-1,0,0
444.15,384.669,-5.291,-4.272,255,430,-1,-1,0,0
438.86,380.397,-5.291,-4.272,250,425,-1,-1,0,0
433.569,376.125,-5.291,-4.272,245,420,-1,-1,0,0
428.279,371.853,-5.291,-4.272,240,415,-1,-1,0,0
422.988,367.581,-5.291,-4.272,235,410,-1,-1,0,0
417.698,363.309,-5.291,-4.272,230,405,-1,-1,0,0
412.407,359.037,-5.291,-4.272,225,400,-1,-1,0,0
407.117,354.765,-5.291,-4.272,220,395,-1,-1,0,0
401.826,350.493,-5.291,-4.272,215,390,-1,-1,0,0
396.536,346.221,-5.291,-4.272,210,385,-1,-1,0,0
391.245,341.948,-5.291,-4.272,205,380,-1,-1,0,0
385.955,337.676,-5.291,-4.272,200,375,-1,-1,0,0
380.664,333.404,-5.291,-4.272,195,370,-1,-1,0,0
375.374,329.132,-5.291,-4.272,190,365,-1,-1,0,0
370.083,324.86,-5.291,-4.272,185,360,-1,-1,0,0
364.793,320.588,-5.291,-4.272,180,355,-1,-1,0,0
359.502,316.316,-5.291,-4.272,175,350,-1,-1,0,0
354.212,312.044,-5.291,-4.272,170,345,-1,-1,0,0
348.921,307.772,-5.291,-4.272,165,340,-1,-1,0,0
343.631,303.5,-5.291,-4.272,160,335,-1,-1,0,0
338.34,299.228,-5.291,-4.272,155,330,-1,-1,0,0
333.05,294.956,-5.291,-4.272,150,325,-1,-1,0,0
327.759,290.684,-5.291,-4.272,145,320,-1,-1,0,0
322.469,286.412,-5.291,-4.272,140,315,-1,-1,0,0
317.178,282.14,-5.291,-4.272,135,310,-1,-1,0,0
311.888,277.868,-5.291,-4.272,130,305,-1,-1,0,0
306.597,273.596,-5.291,-4.272,125,300,-1,-1,0,0
301.307,269.323,-5.291,-4.272,120,295,-1,-1,0,0
296.016,265.051,-5.291,-4.272,115,290,-1,-1,0,0
290.726,260.779,-5.291,-4.272,110,285,-1,-1,0,0
285.435,256.507,-5.291,-4.272,105,280,-1,-1,0,0
280.145,252.235,-5.291,-4.272,100,275,-1,-1,0,0
274.854,247.963,-5.291,-4.272,95,270,-1,-1,0,0
269.564,243.691,-5.291,-4.272,90,265,-1,-1,0,0
264.273,239.419,-5.291,-4.272,90,260,0,-1,0,0
258.982,235.147,-5.291,-4.272,90,255,0,-1,0,0
253.692,230.875,-5.291,-4.272,90,250,0,-1,0,0
248.401,226.603,-5.291,-4.272,90,245,0,-1,0,0
243.111,222.331,-5.291,-4.272,90,240,0,-1,0,0
237.82,218.059,-5.291,-4.272,90,235,0,-1,0,0
232.53,213.787,-5.291,-4.272,90,230,0,-1,0,0
227.239,209.515,-5.291,-4.272,90,225,0,-1,0,0
221.949,205.243,-5.291,-4.272,90,220,0,-1,0,0
216.658,200.971,-5.291,-4.272,90,215,0,-1,0,0
211.368,196.698,-5.291,-4.272,90,215,0,0,0,0
206.077,192.426,-5.291,-4.272,90,215,0,0,0,0
200.787,188.154,-5.291,-4.272,90,215,0,0,0,0
195.496,183.882,-5.291,-4.272,90,215,0,0,0,0
190.206,179.61,-5.291,-4.272,90,215,0,0,0,0
184.915,175.338,-5.291,-4.272,85,215,-1,0,0,0
179.625,171.066,-5.291,-4.272,80,215,-1,0,0,0
174.334,166.794,-5.291,-4.272,75,215,-1,0,0,0
169.044,162.522,-5.291,-4.272,70,215,-1,0,0,0
163.753,158.25,-5.291,-4.272,65,215,-1,0,0,0
158.463,153.978,-5.291,-4.272,60,215,-1,0,0,0
153.172,149.706,-5.291,-4.272,55,215,-1,0,0,0
147.882,145.434,-5.291,-4.272,50,215,-1,0,0,0
142.591,141.162,-5.291,-4.272,45,215,-1,0,0,0
137.301,136.89,-5.291,-4.272,40,215,-1,0,0,0
132.01,132.618,-5.291,-4.272,35,215,-1,0,0,0
126.72,128.345,-5.291,-4.272,30,215,-1,0,0,0
121.429,124.073,-5.291,-4.272,25,215,-1,0,0,0
116.139,119.801,-5.291,-4.272,20,210,-1,-1,0,0
110.848,115.529,-5.291,-4.272,15,205,-1,-1,0,0
105.558,111.257,-5.291,-4.272,10,200,-1,-1,0,0
100.267,106.985,-5.291,-4.272,5,195,-1,-1,0,0
94.977,102.713,-5.291,-4.272,0,190,-1,-1,0,0
89.686,98.441,-5.291,-4.272,0,185,-1,-1,0,0
84.396,94.169,-5.291,-4.272,0,180,-1,-1,0,0
79.105,89.897,-5.291,-4.272,0,175,-1,-1,0,0
73.815,85.625,-5.291,-4.272,0,170,-1,-1,0,0
68.524,81.353,-5.291,-4.272,0,165,-1,-1,0,0
63.234,77.081,-5.291,-4.272,0,160,-1,-1,0,0
57.943,72.809,-5.291,-4.272,0,155,-1,-1,0,0
52.653,68.537,-5.291,-4.272,0,150,-1,-1,0,0
49.0,64.265,5.715,4.213,0,150,-1,0,0,0
54.715,68.478,5.715,4.213,0,150,-1,0,0,0
60.43,72.691,5.715,4.213,0,150,-1,0,0,0
66.145,76.903,5.715,4.213,0,150,-1,0,0,0
71.86,81.116,5.715,4.213,0,150,-1,0,0,0
77.575,85.329,5.715,4.213,0,150,-1,0,0,0
83.29,89.542,5.715,4.213,0,150,-1,0,0,0
89.005,93.755,5.715,4.213,0,150,-1,0,0,0
94.72,97.968,5.715,4.213,0,150,-1,0,0,0
100.435,102.181,5.715,4.213,0,150,-1,0,0,0
106.15,106.394,5.715,4.213,0,150,-1,0,0,0
111.865,110.607,5.715,4.213,0,150,-1,0,0,0
117.58,114.82,5.715,4.213,0,150,-1,0,0,0
123.295,119.033,5.715,4.213,0,155,-1,1,0,0
129.01,123.246,5.715,4.213,0,160,-1,1,0,0
134.725,127.459,5.715,4.213,0,165,-1,1,0,0
140.44,131.672,5.715,4.213,0,170,-1,1,0,0
146.155,135.885,5.715,4.213,0,175,0,1,0,0
151.87,140.098,5.715,4.213,0,180,0,1,0,0
157.585,144.311,5.715,4.213,0,185,0,1,0,0
163.299,148.524,5.715,4.213,0,190,0,1,0,0
169.014,152.737,5.715,4.213,0,195,0,1,0,0
174.729,156.95,5.715,4.213,0,200,0,1,0,0
180.444,161.163,5.715,4.213,0,205,0,1,0,0
186.159,165.376,5.715,4.213,0,210,0,1,0,0
191.874,169.589,5.715,4.213,0,215,0,1,0,0
197.589,173.802,5.715,4.213,0,220,0,1,0,0
203.304,178.015,5.715,4.213,0,225,0,1,0,0
209.019,182.228,5.715,4.213,0,230,0,1,0,0
214.734,186.441,5.715,4.213,0,235,0,1,0,0
220.449,190.654,5.715,4.213,0,240,0,1,0,0
226.164,194.867,5.715,4.213,0,245,0,1,0,0
231.879,199.079,5.715,4.213,5,250,1,1,0,0
237.594,203.292,5.715,4.213,10,255,1,1,0,0
243.309,207.505,5.715,4.213,15,260,1,1,0,0
249.024,211.718,5.715,4.213,20,265,1,1,0,0
254.739,215.931,5.715,4.213,25,270,1,1,0,0
260.454,220.144,5.715,4.213,30,275,1,1,0,0
266.169,224.357,5.715,4.213,35,280,1,1,0,0
271.884,228.57,5.715,4.213,40,285,1,1,0,0
277.599,232.783,5.715,4.213,45,290,1,1,0,0
283.314,236.996,5.715,4.213,50,295,1,1,0,0
289.029,241.209,5.715,4.213,55,300,1,1,0,0
294.744,245.422,5.715,4.213,60,305,1,1,0,0
300.459,249.635,5.715,4.213,65,310,1,1,0,0
306.174,253.848,5.715,4.213,70,315,1,1,0,0
311.889,258.061,5.715,4.213,70,320,0,1,0,0
317.604,262.274,5.715,4.213,70,325,0,1,0,0
323.319,266.487,5.715,4.213,70,330,0,1,0,0
329.034,270.7,5.715,4.213,70,335,0,1,0,0
334.749,274.913,5.715,4.213,70,340,0,1,0,0
340.464,279.126,5.715,4.213,70,345,0,1,0,0
346.179,283.339,5.715,4.213,70,350,0,1,0,0
351.894,287.552,5.715,4.213,70,355,0,1,0,0
357.609,291.765,5.715,4.213,70,360,0,1,0,0
363.324,295.978,5.715,4.213,70,365,0,1,0,0
369.039,300.191,5.715,4.213,70,370,0,1,0,0
374.754,304.404,5.715,4.213,70,375,0,1,0,0
380.468,308.617,5.715,4.213,70,380,0,1,0,0
386.183,312.83,5.715,4.213,70,385,0,1,0,0
391.898,317.042,5.715,4.213,75,390,1,1,0,0
397.613,321.255,5.715,4.213,80,395,1,1,0,0
403.328,325.468,5.715,4.213,85,400,1,1,0,0
409.043,329.681,5.715,4.213,90,405,1,1,0,0
414.758,333.894,5.715,4.213,95,410,1,1,0,0
420.473,338.107,5.715,4.213,100,415,1,1,0,0
426.188,342.32,5.715,4.213,105,420,1,1,0,0
431.903,346.533,5.715,4.213,110,425,1,1,0,0
437.618,350.746,5.715,4.213,115,430,1,1,0,0
443.333,354.959,5.715,4.213,120,435,1,1,0,0
449.048,359.172,5.715,4.213,125,440,1,1,0,0
454.763,363.385,5.715,4.213,130,445,1,1,0,0
460.478,367.598,5.715,4.213,135,450,1,1,0,0
466.193,371.811,5.715,4.213,140,455,1,1,0,0
471.908,376.024,5.715,4.213,145,460,1,1,0,0
477.623,380.237,5.715,4.213,150,465,1,1,0,0
483.338,384.45,5.715,4.213,155,470,1,1,0,0
489.053,388.663,5.715,4.213,160,475,1,1,0,0
494.768,392.876,5.715,4.213,165,480,1,1,0,0
500.483,397.089,5.715,4.213,170,485,1,1,0,0
506.198,401.302,5.715,4.213,175,490,1,1,0,0
511.913,405.515,5.715,4.213,180,495,1,1,0,0
517.628,409.728,5.715,4.213,180,500,0,1,0,0
523.343,413.941,5.715,4.213,180,505,0,1,0,0
529.058,418.154,5.715,4.213,180,510,0,1,0,0
534.773,422.367,5.715,4.213,180,515,0,1,0,0
540.488,426.58,5.715,4.213,180,520,0,1,0,0
546.203,430.793,5.715,4.213,180,520,0,1,0,0
551.918,435.006,5.715,4.213,180,520,0,1,0,0
557.633,439.218,5.715,4.213,180,520,0,1,0,0
563.348,443.431,5.715,4.213,180,520,0,1,0,0
569.063,447.644,5.715,4.213,180,520,0,1,0,0
574.778,451.857,5.715,4.213,180,520,0,1,0,0
580.493,456.07,5.715,4.213,185,520,1,0,0,0
586.208,460.283,5.715,4.213,190,520,1,0,0,0
591.923,464.496,5.715,4.213,195,520,1,0,0,0
597.638,468.709,5.715,4.213,200,520,1,0,0,0
603.352,472.922,5.715,4.213,205,520,1,0,0,0
609.067,477.135,5.715,4.213,210,520,1,0,0,0
614.782,481.348,5.715,4.213,215,520,1,0,0,0
620.497,485.561,5.715,4.213,220,520,1,0,0,0
626.212,489.774,5.715,4.213,225,520,1,0,0,0
631.927,493.987,5.715,4.213,230,520,1,0,0,0
637.642,498.2,5.715,4.213,235,520,1,0,0,0
643.357,502.413,5.715,4.213,240,520,1,0,0,0
649.072,506.626,5.715,4.213,240,520,0,0,0,0
654.787,510.839,5.715,4.213,240,520,0,0,0,0
660.502,515.052,5.715,4.213,240,520,0,0,0,0
666.217,519.265,5.715,4.213,240,520,0,0,0,0
671.932,523.478,5.715,4.213,240,520,0,0,0,0
677.647,527.691,5.715,4.213,240,520,0,0,0,0
683.362,531.904,5.715,4.213,240,520,0,0,0,0
689.077,536.117,5.715,4.213,240,520,0,0,0,0
694.792,540.33,5.715,4.213,240,520,0,0,0,0
700.507,544.543,5.715,4.213,240,520,0,0,0,0
706.222,548.756,5.715,4.213,240,520,0,0,0,0
711.937,552.969,5.715,4.213,240,520,0,0,0,0
717.652,557.181,5.715,4.213,240,520,0,0,0,0
723.367,561.394,5.715,4.213,240,520,0,0,0,0
729.082,565.607,5.715,4.213,240,520,0,0,0,0
734.797,569.82,5.715,4.213,240,520,0,0,0,0
740.512,574.033,5.715,4.213,240,520,0,0,0,0
746.227,578.246,5.715,4.213,240,520,0,0,0,0
751.942,582.459,5.715,4.213,240,520,0,0,0,0
751.0,586.672,-5.668,4.757,240,520,0,0,0,0
745.332,591.43,-5.668,4.757,240,520,0,0,0,0
739.664,594.0,-5.668,-4.757,240,520,0,0,0,0
733.996,589.243,-5.668,-4.757,240,520,0,0,0,0
728.328,584.485,-5.668,-4.757,240,520,0,0,0,0
722.66,579.728,-5.668,-4.757,240,520,0,0,0,0
716.992,574.97,-5.668,-4.757,240,520,0,0,0,0
711.324,570.213,-5.668,-4.757,240,520,0,0,0,0
705.656,565.455,-5.668,-4.757,240,520,0,0,0,0
699.988,560.698,-5.668,-4.757,240,520,0,0,0,0
694.32,555.94,-5.668,-4.757,240,520,0,0,0,0
688.652,551.183,-5.668,-4.757,240,520,0,0,0,0
682.984,546.425,-5.668,-4.757,240,520,0,0,0,0
677.316,541.668,-5.668,-4.757,240,520,0,0,0,0
671.648,536.911,-5.668,-4.757,240,520,0,0,0,0
665.979,532.153,-5.668,-4.757,240,520,0,0,0,0
660.311,527.396,-5.668,-4.757,240,520,0,0,0,0
654.643,522.638,-5.668,-4.757,240,520,0,0,0,0
648.975,517.881,-5.668,-4.757,240,520,0,0,0,0
643.307,513.123,-5.668,-4.757,240,520,0,0,0,0
637.639,508.366,-5.668,-4.757,240,520,0,0,0,0
631.971,503.608,-5.668,-4.757,240,520,0,0,0,0
626.303,498.851,-5.668,-4.757,240,520,0,0,0,0
620.635,494.093,-5.668,-4.757,240,520,0,0,0,0
614.967,489.336,-5.668,-4.757,240,520,0,0,0,0
609.299,484.579,-5.668,-4.757,240,520,0,0,0,0
603.631,479.821,-5.668,-4.757,240,520,0,0,0,0
597.963,475.064,-5.668,-4.757,240,520,0,0,0,0
592.295,470.306,-5.668,-4.757,240,520,0,0,0,0
586.627,465.549,-5.668,-4.757,240,520,0,0,0,0
580.959,460.791,-5.668,-4.757,240,520,0,0,0,0
575.291,456.034,-5.668,-4.757,240,520,0,0,0,0
569.623,451.276,-5.668,-4.757,240,520,0,0,0,0
563.955,446.519,-5.668,-4.757,240,520,0,0,0,0
558.287,441.761,-5.668,-4.757,240,520,0,0,0,0
552.619,437.004,-5.668,-4.757,240,520,0,0,0,0
546.951,432.247,-5.668,-4.757,240,520,0,0,0,0
541.283,427.489,-5.668,-4.757,240,520,0,0,0,0
535.615,422.732,-5.668,-4.757,240,520,0,0,0,0
529.947,417.974,-5.668,-4.757,235,520,-1,0,0,0
524.279,413.217,-5.668,-4.757,230,520,-1,0,0,0
518.611,408.459,-5.668,-4.757,225,520,-1,0,0,0
512.943,403.702,-5.668,-4.757,220,520,-1,0,0,0
507.274,398.944,-5.668,-4.757,215,515,-1,-1,0,0
501.606,394.187,-5.668,-4.757,210,510,-1,-1,0,0
495.938,389.429,-5.668,-4.757,205,505,-1,-1,0,0
490.27,384.672,-5.668,-4.757,200,500,-1,-1,0,0
484.602,379.915,-5.668,-4.757,195,495,-1,-1,0,0
478.934,375.157,-5.668,-4.757,190,490,-1,-1,0,0
473.266,370.4,-5.668,-4.757,185,485,-1,-1,0,0
467.598,365.642,-5.668,-4.757,180,480,-1,-1,0,0
461.93,360.885,-5.668,-4.757,180,475,0,-1,0,0
456.262,356.127,-5.668,-4.757,180,470,0,-1,0,0
450.594,351.37,-5.668,-4.757,180,465,0,-1,0,0
444.926,346.612,-5.668,-4.757,180,460,0,-1,0,0
439.258,341.855,-5.668,-4.757,180,455,0,-1,0,0
433.59,337.097,-5.668,-4.757,180,450,0,-1,0,0
427.922,332.34,-5.668,-4.757,180,445,0,-1,0,0
422.254,327.583,-5.668,-4.757,180,440,0,-1,0,0
416.586,322.825,-5.668,-4.757,180,435,0,-1,0,0
410.918,318.068,-5.668,-4.757,180,430,0,-1,0,0
405.25,313.31,-5.668,-4.757,175,425,-1,-1,0,0
399.582,308.553,-5.668,-4.757,170,420,-1,-1,0,0
393.914,303.795,-5.668,-4.757,165,415,-1,-1,0,0
388.246,299.038,-5.668,-4.757,160,410,-1,-1,0,0
382.578,294.28,-5.668,-4.757,155,405,-1,-1,0,0
376.91,289.523,-5.668,-4.757,150,400,-1,-1,0,0
371.242,284.765,-5.668,-4.757,145,395,-1,-1,0,0
365.574,280.008,-5.668,-4.757,140,390,-1,-1,0,0
359.906,275.251,-5.668,-4.757,135,385,-1,-1,0,0
354.238,270.493,-5.668,-4.757,135,380,0,-1,0,0
348.57,265.736,-5.668,-4.757,135,375,0,-1,0,0
342.901,260.978,-5.668,-4.757,135,370,0,-1,0,0
337.233,256.221,-5.668,-4.757,135,365,0,-1,0,0
331.565,251.463,-5.668,-4.757,135,360,0,-1,0,0
325.897,246.706,-5.668,-4.757,135,355,0,-1,0,0
320.229,241.948,-5.668,-4.757,135,350,0,-1,0,0
314.561,237.191,-5.668,-4.757,135,345,0,-1,0,0
308.893,232.433,-5.668,-4.757,135,340,0,-1,0,0
303.225,227.676,-5.668,-4.757,135,335,0,-1,0,0
297.557,222.919,-5.668,-4.757,135,330,0,-1,0,0
291.889,218.161,-5.668,-4.757,135,325,0,-1,0,0
286.221,213.404,-5.668,-4.757,135,320,0,-1,0,0
280.553,208.646,-5.668,-4.757,135,315,0,-1,0,0
274.885,203.889,-5.668,-4.757,135,310,0,-1,0,0
269.217,199.131,-5.668,-4.757,135,305,0,-1,0,0
263.549,194.374,-5.668,-4.757,135,300,0,-1,0,0
257.881,189.616,-5.668,-4.757,135,295,0,-1,0,0
252.213,184.859,-5.668,-4.757,135,290,0,-1,0,0
246.545,180.101,-5.668,-4.757,135,285,0,-1,0,0
240.877,175.344,-5.668,-4.757,135,280,0,-1,0,0
235.209,170.587,-5.668,-4.757,135,275,0,-1,0,0
229.541,165.829,-5.668,-4.757,135,270,0,-1,0,0
223.873,161.072,-5.668,-4.757,135,265,0,-1,0,0
218.205,156.314,-5.668,-4.757,135,260,0,-1,0,0
212.537,151.557,-5.668,-4.757,135,255,0,-1,0,0
206.869,146.799,-5.668,-4.757,135,250,0,-1,0,0
201.201,142.042,-5.668,-4.757,135,245,0,-1,0,0
195.533,137.284,-5.668,-4.757,135,240,0,-1,0,0
189.865,132.527,-5.668,-4.757,135,235,0,-1,0,0
184.196,127.769,-5.668,-4.757,135,230,0,-1,0,0
178.528,123.012,-5.668,-4.757,135,225,0,-1,0,0
172.86,118.254,-5.668,-4.757,135,220,0,-1,0,0
167.192,113.497,-5.668,-4.757,130,215,-1,-1,0,0
161.524,108.74,-5.668,-4.757,125,210,-1,-1,0,0
155.856,103.982,-5.668,-4.757,120,205,-1,-1,0,0
150.188,99.225,-5.668,-4.757,115,200,-1,-1,0,0
144.52,94.467,-5.668,-4.757,110,195,-1,-1,0,0
138.852,89.71,-5.668,-4.757,105,190,-1,-1,0,0
133.184,84.952,-5.668,-4.757,100,185,-1,-1,0,0
127.516,80.195,-5.668,-4.757,95,180,-1,-1,0,0
121.848,75.437,-5.668,-4.757,90,175,-1,-1,0,0
116.18,70.68,-5.668,-4.757,85,170,-1,-1,0,0
110.512,65.922,-5.668,-4.757,80,165,-1,-1,0,0
104.844,61.165,-5.668,-4.757,75,160,-1,-1,0,0
99.176,56.408,-5.668,-4.757,70,155,-1,-1,0,0
93.508,51.65,-5.668,-4.757,65,150,-1,-1,0,0
87.84,46.893,-5.668,-4.757,60,145,-1,-1,0,0
82.172,42.135,-5.668,-4.757,55,140,-1,-1,0,0
76.504,37.378,-5.668,-4.757,50,135,-1,-1,0,0
70.836,32.62,-5.668,-4.757,45,130,-1,-1,0,0
65.168,27.863,-5.668,-4.757,40,125,-1,-1,0,0
59.5,23.105,-5.668,-4.757,35,120,-1,-1,0,0
53.832,18.348,-5.668,-4.757,30,115,-1,-1,0,0
48.164,13.59,-5.668,-4.757,25,110,-1,-1,0,0
42.496,8.833,-5.668,-4.757,20,105,-1,-1,0,0
36.828,6.0,-5.668,4.757,15,100,-1,-1,0,0
49.0,10.757,3.981,-6.591,10,95,-1,-1,0,0
52.981,6.0,3.981,6.591,5,90,-1,-1,0,0
56.963,12.591,3.981,6.591,0,85,-1,-1,0,0
60.944,19.181,3.981,6.591,0,80,-1,-1,0,0
64.926,25.772,3.981,6.591,0,75,-1,-1,0,0
68.907,32.363,3.981,6.591,0,70,-1,-1,0,0
72.889,38.954,3.981,6.591,0,65,-1,-1,0,0
76.87,45.544,3.981,6.591,0,60,-1,-1,0,0
80.852,52.135,3.981,6.591,0,55,-1,-1,0,0
84.833,58.726,3.981,6.591,0,50,-1,-1,0,0
88.815,65.317,3.981,6.591,0,45,-1,-1,0,0
92.796,71.907,3.981,6.591,0,40,-1,-1,0,0
96.778,78.498,3.981,6.591,0,35,-1,-1,0,0
100.759,85.089,3.981,6.591,0,30,-1,-1,0,0
104.741,91.68,3.981,6.591,0,25,-1,-1,0,0
108.722,98.27,3.981,6.591,0,20,-1,-1,0,0
112.704,104.861,3.981,6.591,0,20,-1,0,0,0
116.685,111.452,3.981,6.591,0,20,-1,0,0,0
120.666,118.043,3.981,6.591,0,20,-1,0,0,0
124.648,124.633,3.981,6.591,0,20,-1,0,0,0
128.629,131.224,3.981,6.591,0,20,-1,0,0,0
132.611,137.815,3.981,6.591,0,20,-1,0,0,0
136.592,144.406,3.981,6.591,0,20,-1,0,0,0
140.574,150.996,3.981,6.591,0,20,-1,0,0,0
144.555,157.587,3.981,6.591,0,20,0,0,0,0
148.537,164.178,3.981,6.591,0,20,0,0,0,0
152.518,170.769,3.981,6.591,0,25,0,1,0,0
156.5,177.359,3.981,6.591,0,30,0,1,0,0
160.481,183.95,3.981,6.591,0,35,0,1,0,0
164.463,190.541,3.981,6.591,0,40,0,1,0,0
168.444,197.132,3.981,6.591,0,45,0,1,0,0
172.426,203.722,3.981,6.591,0,50,0,1,0,0
176.407,210.313,3.981,6.591,0,55,0,1,0,0
180.388,216.904,3.981,6.591,0,60,0,1,0,0
184.37,223.495,3.981,6.591,0,65,0,1,0,0
188.351,230.085,3.981,6.591,0,70,0,1,0,0
192.333,236.676,3.981,6.591,0,75,0,1,0,0
196.314,243.267,3.981,6.591,0,80,0,1,0,0
200.296,249.858,3.981,6.591,5,85,1,1,0,0
204.277,256.448,3.981,6.591,10,90,1,1,0,0
208.259,263.039,3.981,6.591,15,95,1,1,0,0
212.24,269.63,3.981,6.591,20,100,1,1,0,0
216.222,276.22,3.981,6.591,25,105,1,1,0,0
220.203,282.811,3.981,6.591,30,110,1,1,0,0
224.185,289.402,3.981,6.591,35,115,1,1,0,0
228.166,295.993,3.981,6.591,40,120,1,1,0,0
232.148,302.583,3.981,6.591,45,125,1,1,0,0
236.129,309.174,3.981,6.591,50,130,1,1,0,0
240.111,315.765,3.981,6.591,55,135,1,1,0,0
244.092,322.356,3.981,6.591,60,140,1,1,0,0
248.073,328.946,3.981,6.591,65,145,1,1,0,0
252.055,335.537,3.981,6.591,70,150,1,1,0,0
256.036,342.128,3.981,6.591,75,155,1,1,0,0
260.018,348.719,3.981,6.591,80,160,1,1,0,0
263.999,355.309,3.981,6.591,85,165,1,1,0,0
267.981,361.9,3.981,6.591,90,170,1,1,0,0
271.962,368.491,3.981,6.591,95,175,1,1,0,0
275.944,375.082,3.981,6.591,100,180,1,1,0,0
279.925,381.672,3.981,6.591,105,185,1,1,0,0
283.907,388.263,3.981,6.591,110,190,1,1,0,0
287.888,394.854,3.981,6.591,115,195,1,1,0,0
291.87,401.445,3.981,6.591,120,200,1,1,0,0
295.851,408.035,3.981,6.591,125,205,1,1,0,0
299.833,414.626,3.981,6.591,130,210,1,1,0,0
303.814,421.217,3.981,6.591,135,215,1,1,0,0
307.796,427.808,3.981,6.591,140,220,1,1,0,0
311.777,434.398,3.981,6.591,145,225,1,1,0,0
315.758,440.989,3.981,6.591,150,230,1,1,0,0
319.74,447.58,3.981,6.591,155,235,1,1,0,0
323.721,454.171,3.981,6.591,160,240,1,1,0,0
327.703,460.761,3.981,6.591,165,245,1,1,0,0
331.684,467.352,3.981,6.591,170,250,1,1,0,0
335.666,473.943,3.981,6.591,175,255,1,1,0,0
339.647,480.534,3.981,6.591,180,260,1,1,0,0
343.629,487.124,3.981,6.591,185,265,1,1,0,0
347.61,493.715,3.981,6.591,190,270,1,1,0,0
351.592,500.306,3.981,6.591,195,275,1,1,0,0
355.573,506.897,3.981,6.591,200,280,1,1,0,0
359.555,513.487,3.981,6.591,205,285,1,1,0,0
363.536,520.078,3.981,6.591,210,290,1,1,0,0
367.518,526.669,3.981,6.591,215,295,1,1,0,0
371.499,533.259,3.981,6.591,220,300,1,1,0,0
375.481,539.85,3.981,6.591,225,305,1,1,0,0
379.462,546.441,3.981,6.591,230,310,1,1,0,0
383.443,553.032,3.981,6.591,235,310,1,0,0,0
387.425,559.622,3.981,6.591,240,310,1,0,0,0
391.406,566.213,3.981,6.591,245,310,1,0,0,0
395.388,572.804,3.981,6.591,250,310,1,0,0,0
399.369,579.395,3.981,6.591,255,310,1,0,0,0
403.351,585.985,3.981,6.591,260,310,1,0,0,0
407.332,592.576,3.981,6.591,265,310,1,0,0,0
411.314,594.0,3.981,-6.591,270,305,1,-1,0,0
415.295,587.409,3.981,-6.591,275,300,1,-1,0,0
419.277,580.819,3.981,-6.591,280,295,1,-1,0,0
423.258,574.228,3.981,-6.591,285,290,1,-1,0,0
427.24,567.637,3.981,-6.591,290,285,1,-1,0,0
431.221,561.046,3.981,-6.591,295,280,1,-1,0,0
435.203,554.456,3.981,-6.591,300,275,1,-1,0,0
439.184,547.865,3.981,-6.591,305,270,1,-1,0,0
443.165,541.274,3.981,-6.591,310,265,1,-1,0,0
447.147,534.683,3.981,-6.591,315,260,1,-1,0,0
451.128,528.093,3.981,-6.591,320,255,1,-1,0,0
455.11,521.502,3.981,-6.591,325,250,1,-1,0,0
459.091,514.911,3.981,-6.591,330,245,1,-1,0,0
463.073,508.32,3.981,-6.591,335,240,1,-1,0,0
467.054,501.73,3.981,-6.591,340,235,1,-1,0,0
471.036,495.139,3.981,-6.591,345,230,1,-1,0,0
475.017,488.548,3.981,-6.591,350,225,1,-1,0,0
478.999,481.957,3.981,-6.591,355,220,1,-1,0,0
482.98,475.367,3.981,-6.591,355,215,0,-1,0,0
486.962,468.776,3.981,-6.591,355,210,0,-1,0,0
490.943,462.185,3.981,-6.591,355,205,0,-1,0,0
494.925,455.594,3.981,-6.591,355,200,0,-1,0,0
498.906,449.004,3.981,-6.591,355,195,0,-1,0,0
502.888,442.413,3.981,-6.591,355,190,0,-1,0,0
506.869,435.822,3.981,-6.591,355,185,0,-1,0,0
510.85,429.231,3.981,-6.591,355,185,0,0,0,0
514.832,422.641,3.981,-6.591,355,185,0,0,0,0
518.813,416.05,3.981,-6.591,355,185,0,0,0,0
522.795,409.459,3.981,-6.591,355,185,0,0,0,0
526.776,402.868,3.981,-6.591,355,185,0,0,0,0
530.758,396.278,3.981,-6.591,355,185,0,0,0,0
534.739,389.687,3.981,-6.591,355,185,0,0,0,0
538.721,383.096,3.981,-6.591,355,185,0,0,0,0
542.702,376.505,3.981,-6.591,355,185,0,0,0,0
546.684,369.915,3.981,-6.591,360,185,1,0,0,0
550.665,363.324,3.981,-6.591,365,185,1,0,0,0
554.647,356.733,3.981,-6.591,370,180,1,-1,0,0
558.628,350.142,3.981,-6.591,375,175,1,-1,0,0
562.61,343.552,3.981,-6.591,380,170,1,-1,0,0
566.591,336.961,3.981,-6.591,385,165,1,-1,0,0
570.573,330.37,3.981,-6.591,390,160,1,-1,0,0
574.554,323.78,3.981,-6.591,395,155,1,-1,0,0
578.535,317.189,3.981,-6.591,400,150,1,-1,0,0
582.517,310.598,3.981,-6.591,405,145,1,-1,0,0
586.498,304.007,3.981,-6.591,410,140,1,-1,0,0
590.48,297.417,3.981,-6.591,415,135,1,-1,0,0
594.461,290.826,3.981,-6.591,420,130,1,-1,0,0
598.443,284.235,3.981,-6.591,425,125,1,-1,0,0
602.424,277.644,3.981,-6.591,430,120,1,-1,0,0
606.406,271.054,3.981,-6.591,430,115,0,-1,0,0
610.387,264.463,3.981,-6.591,430,110,0,-1,0,0
614.369,257.872,3.981,-6.591,430,105,0,-1,0,0
618.35,251.281,3.981,-6.591,430,100,0,-1,0,0
622.332,244.691,3.981,-6.591,430,95,0,-1,0,0
626.313,238.1,3.981,-6.591,430,90,0,-1,0,0
630.295,231.509,3.981,-6.591,430,85,0,-1,0,0
634.276,224.918,3.981,-6.591,430,80,0,-1,0,0
638.257,218.328,3.981,-6.591,430,75,0,-1,0,0
642.239,211.737,3.981,-6.591,425,70,-1,-1,0,0
646.22,205.146,3.981,-6.591,420,65,-1,-1,0,0
650.202,198.555,3.981,-6.591,415,60,-1,-1,0,0
654.183,191.965,3.981,-6.591,410,60,-1,0,0,0
658.165,185.374,3.981,-6.591,405,60,-1,0,0,0
662.146,178.783,3.981,-6.591,400,60,-1,0,0,0
666.128,172.192,3.981,-6.591,395,60,-1,0,0,0
670.109,165.602,3.981,-6.591,390,60,-1,0,0,0
674.091,159.011,3.981,-6.591,385,60,-1,0,0,0
678.072,152.42,3.981,-6.591,380,60,-1,0,0,0
682.054,145.829,3.981,-6.591,375,60,-1,0,0,0
686.035,139.239,3.981,-6.591,370,60,-1,0,0,0
690.017,132.648,3.981,-6.591,365,60,-1,0,0,0
693.998,126.057,3.981,-6.591,360,60,-1,0,0,0
697.98,119.466,3.981,-6.591,360,60,0,0,0,0
701.961,112.876,3.981,-6.591,360,60,0,0,0,0
705.942,106.285,3.981,-6.591,360,55,0,-1,0,0
709.924,99.694,3.981,-6.591,360,50,0,-1,0,0
713.905,93.103,3.981,-6.591,360,45,0,-1,0,0
717.887,86.513,3.981,-6.591,360,40,0,-1,0,0
721.868,79.922,3.981,-6.591,360,35,0,-1,0,0
725.85,73.331,3.981,-6.591,360,30,0,-1,0,0
729.831,66.741,3.981,-6.591,360,25,0,-1,0,0
733.813,60.15,3.981,-6.591,360,20,0,-1,0,0
737.794,53.559,3.981,-6.591,360,15,0,-1,0,0
741.776,46.968,3.981,-6.591,355,10,-1,-1,0,0
745.757,40.378,3.981,-6.591,350,5,-1,-1,0,0
749.739,33.787,3.981,-6.591,345,0,-1,-1,0,0
751.0,27.196,-7.555,-2.632,340,0,-1,-1,0,0
743.445,24.564,-7.555,-2.632,335,0,-1,-1,0,0
735.891,21.933,-7.555,-2.632,330,0,-1,-1,0,0
728.336,19.301,-7.555,-2.632,325,0,-1,-1,0,0
720.781,16.669,-7.555,-2.632,320,0,-1,-1,0,0
713.226,14.037,-7.555,-2.632,315,0,-1,-1,0,0
705.672,11.406,-7.555,-2.632,310,0,-1,-1,0,0
698.117,8.774,-7.555,-2.632,310,0,0,-1,0,0
690.562,6.142,-7.555,-2.632,310,0,0,-1,0,0
683.007,6.0,-7.555,2.632,310,0,0,-1,0,0
675.453,8.632,-7.555,2.632,310,0,0,0,0,0
667.898,11.263,-7.555,2.632,310,0,0,0,0,0
660.343,13.895,-7.555,2.632,310,0,0,0,0,0
652.788,16.527,-7.555,2.632,310,0,0,0,0,0
645.234,19.159,-7.555,2.632,310,0,0,0,0,0
637.679,21.79,-7.555,2.632,310,0,0,0,0,0
630.124,24.422,-7.555,2.632,310,5,0,1,0,0
622.569,27.054,-7.555,2.632,310,10,0,1,0,0
615.015,29.685,-7.555,2.632,310,15,0,1,0,0
607.46,32.317,-7.555,2.632,310,20,0,1,0,0
599.905,34.949,-7.555,2.632,310,25,0,1,0,0
592.35,37.581,-7.555,2.632,310,30,0,1,0,0
584.796,40.212,-7.555,2.632,310,35,0,1,0,0
577.241,42.844,-7.555,2.632,310,40,0,1,0,0
569.686,45.476,-7.555,2.632,310,45,0,1,0,0
562.132,48.107,-7.555,2.632,310,50,0,1,0,0
554.577,50.739,-7.555,2.632,310,55,0,1,0,0
547.022,53.371,-7.555,2.632,305,60,-1,1,0,0
539.467,56.003,-7.555,2.632,300,65,-1,1,0,0
531.913,58.634,-7.555,2.632,295,70,-1,1,0,0
524.358,61.266,-7.555,2.632,290,75,-1,1,0,0
516.803,63.898,-7.555,2.632,285,80,-1,1,0,0
509.248,66.529,-7.555,2.632,280,85,-1,1,0,0
501.694,69.161,-7.555,2.632,275,90,-1,1,0,0
494.139,71.793,-7.555,2.632,270,95,-1,1,0,0
486.584,74.425,-7.555,2.632,265,100,-1,1,0,0
479.029,77.056,-7.555,2.632,260,105,-1,1,0,0
471.475,79.688,-7.555,2.632,255,110,-1,1,0,0
463.92,82.32,-7.555,2.632,250,115,-1,1,0,0
456.365,84.951,-7.555,2.632,245,120,-1,1,0,0
448.81,87.583,-7.555,2.632,240,125,-1,1,0,0
441.256,90.215,-7.555,2.632,235,130,-1,1,0,0
433.701,92.847,-7.555,2.632,230,135,-1,1,0,0
426.146,95.478,-7.555,2.632,225,135,-1,0,0,0
418.591,98.11,-7.555,2.632,220,135,-1,0,0,0
411.037,100.742,-7.555,2.632,215,135,-1,0,0,0
403.482,103.373,-7.555,2.632,215,135,0,0,0,0
395.927,106.005,-7.555,2.632,215,135,0,0,0,0
388.373,108.637,-7.555,2.632,215,135,0,0,0,0
380.818,111.269,-7.555,2.632,215,135,0,0,0,0
373.263,113.9,-7.555,2.632,215,135,0,0,0,0
365.708,116.532,-7.555,2.632,215,135,0,0,0,0
358.154,119.164,-7.555,2.632,215,135,0,0,0,0
350.599,121.795,-7.555,2.632,215,135,0,0,0,0
343.044,124.427,-7.555,2.632,215,135,0,0,0,0
335.489,127.059,-7.555,2.632,215,135,0,0,0,0
327.935,129.691,-7.555,2.632,215,135,0,0,0,0
320.38,132.322,-7.555,2.632,215,135,0,0,0,0
312.825,134.954,-7.555,2.632,215,135,0,0,0,0
305.27,137.586,-7.555,2.632,215,135,0,0,0,0
297.716,140.217,-7.555,2.632,215,130,0,-1,0,0
290.161,142.849,-7.555,2.632,215,125,0,-1,0,0
282.606,145.481,-7.555,2.632,215,120,0,-1,0,0
275.051,148.113,-7.555,2.632,215,115,0,-1,0,0
267.497,150.744,-7.555,2.632,215,110,0,-1,0,0
259.942,153.376,-7.555,2.632,215,105,0,-1,0,0
252.387,156.008,-7.555,2.632,215,100,0,-1,0,0
244.832,158.639,-7.555,2.632,215,95,0,-1,0,0
237.278,161.271,-7.555,2.632,215,90,0,-1,0,0
229.723,163.903,-7.555,2.632,215,85,0,-1,0,0
222.168,166.535,-7.555,2.632,215,85,0,0,0,0
214.614,169.166,-7.555,2.632,215,85,0,0,0,0
207.059,171.798,-7.555,2.632,210,85,-1,0,0,0
199.504,174.43,-7.555,2.632,205,85,-1,0,0,0
191.949,177.061,-7.555,2.632,200,85,-1,0,0,0
184.395,179.693,-7.555,2.632,195,85,-1,0,0,0
176.84,182.325,-7.555,2.632,190,85,-1,0,0,0
169.285,184.957,-7.555,2.632,185,85,-1,0,0,0
161.73,187.588,-7.555,2.632,180,85,-1,0,0,0
154.176,190.22,-7.555,2.632,175,85,-1,0,0,0
146.621,192.852,-7.555,2.632,170,85,-1,0,0,0
139.066,195.483,-7.555,2.632,165,85,-1,0,0,0
131.511,198.115,-7.555,2.632,160,85,-1,0,0,0
123.957,200.747,-7.555,2.632,155,85,-1,0,0,0
116.402,203.379,-7.555,2.632,155,85,0,0,0,0
108.847,206.01,-7.555,2.632,155,85,0,0,0,0
101.292,208.642,-7.555,2.632,155,85,0,0,0,0
93.738,211.274,-7.555,2.632,155,85,0,0,0,0
86.183,213.905,-7.555,2.632,155,85,0,0,0,0
78.628,216.537,-7.555,2.632,155,85,0,0,0,0
71.073,219.169,-7.555,2.632,155,85,0,0,0,0
63.519,221.801,-7.555,2.632,155,85,0,0,0,0
55.964,224.432,-7.555,2.632,155,85,0,0,0,0
48.409,227.064,-7.555,2.632,155,85,0,0,0,0
49.0,229.696,5.105,6.544,155,85,0,0,0,0
54.105,236.24,5.105,6.544,155,90,0,1,0,0
59.21,242.784,5.105,6.544,155,95,0,1,0,0
64.315,249.329,5.105,6.544,155,100,0,1,0,0
69.42,255.873,5.105,6.544,155,105,0,1,0,0
74.525,262.417,5.105,6.544,150,110,-1,1,0,0
79.63,268.962,5.105,6.544,145,115,-1,1,0,0
84.735,275.506,5.105,6.544,140,120,-1,1,0,0
89.84,282.051,5.105,6.544,135,125,-1,1,0,0
94.945,288.595,5.105,6.544,130,130,-1,1,0,0
100.05,295.139,5.105,6.544,130,135,0,1,0,0
105.155,301.684,5.105,6.544,130,140,0,1,0,0
110.26,308.228,5.105,6.544,130,145,0,1,0,0
115.365,314.772,5.105,6.544,130,150,0,1,0,0
120.47,321.317,5.105,6.544,130,155,0,1,0,0
125.575,327.861,5.105,6.544,130,160,0,1,0,0
130.68,334.405,5.105,6.544,130,165,0,1,0,0
135.785,340.95,5.105,6.544,130,170,0,1,0,0
140.89,347.494,5.105,6.544,130,175,0,1,0,0
145.996,354.039,5.105,6.544,130,180,0,1,0,0
151.101,360.583,5.105,6.544,130,185,0,1,0,0
156.206,367.127,5.105,6.544,130,190,0,1,0,0
161.311,373.672,5.105,6.544,130,195,0,1,0,0
166.416,380.216,5.105,6.544,130,200,0,1,0,0
171.521,386.76,5.105,6.544,130,205,0,1,0,0
176.626,393.305,5.105,6.544,130,210,0,1,0,0
181.731,399.849,5.105,6.544,130,215,0,1,0,0
186.836,406.393,5.105,6.544,130,220,0,1,0,0
191.941,412.938,5.105,6.544,130,225,0,1,0,0
197.046,419.482,5.105,6.544,130,230,0,1,0,0
202.151,426.027,5.105,6.544,130,235,0,1,0,0
207.256,432.571,5.105,6.544,130,240,0,1,0,0
212.361,439.115,5.105,6.544,130,245,0,1,0,0
217.466,445.66,5.105,6.544,130,250,0,1,0,0
222.571,452.204,5.105,6.544,130,255,0,1,0,0
227.676,458.748,5.105,6.544,130,260,0,1,0,0
232.781,465.293,5.105,6.544,130,265,0,1,0,0
237.886,471.837,5.105,6.544,130,270,0,1,0,0
242.991,478.381,5.105,6.544,130,275,0,1,0,0
248.096,484.926,5.105,6.544,130,280,0,1,0,0
253.201,491.47,5.105,6.544,130,285,0,1,0,0
258.306,498.015,5.105,6.544,130,290,0,1,0,0
263.411,504.559,5.105,6.544,125,295,-1,1,0,0
268.516,511.103,5.105,6.544,120,300,-1,1,0,0
273.621,517.648,5.105,6.544,115,305,-1,1,0,0
278.726,524.192,5.105,6.544,110,305,-1,0,0,0
283.831,530.736,5.105,6.544,105,305,-1,0,0,0
288.936,537.281,5.105,6.544,100,305,-1,0,0,0
294.041,543.825,5.105,6.544,95,305,-1,0,0,0
299.146,550.369,5.105,6.544,90,305,-1,0,0,0
304.251,556.914,5.105,6.544,85,305,-1,0,0,0
309.356,563.458,5.105,6.544,80,305,-1,0,0,0
314.461,570.003,5.105,6.544,75,305,-1,0,0,0
319.566,576.547,5.105,6.544,70,300,-1,-1,0,0
324.671,583.091,5.105,6.544,70,295,0,-1,0,0
329.776,589.636,5.105,6.544,70,290,0,-1,0,0
334.882,594.0,5.105,-6.544,70,285,0,-1,0,0
339.987,587.456,5.105,-6.544,70,280,0,-1,0,0
345.092,580.911,5.105,-6.544,75,275,1,-1,0,0
350.197,574.367,5.105,-6.544,80,270,1,-1,0,0
355.302,567.823,5.105,-6.544,85,265,1,-1,0,0
360.407,561.278,5.105,-6.544,90,260,1,-1,0,0
365.512,554.734,5.105,-6.544,95,255,1,-1,0,0
370.617,548.189,5.105,-6.544,100,250,1,-1,0,0
375.722,541.645,5.105,-6.544,105,245,1,-1,0,0
380.827,535.101,5.105,-6.544,110,240,1,-1,0,0
385.932,528.556,5.105,-6.544,115,235,1,-1,0,0
391.037,522.012,5.105,-6.544,120,230,1,-1,0,0
396.142,515.468,5.105,-6.544,125,225,1,-1,0,0
401.247,508.923,5.105,-6.544,130,220,1,-1,0,0
406.352,502.379,5.105,-6.544,135,215,1,-1,0,0
411.457,495.835,5.105,-6.544,140,210,1,-1,0,0
416.562,489.29,5.105,-6.544,145,205,1,-1,0,0
421.667,482.746,5.105,-6.544,150,200,1,-1,0,0
426.772,476.201,5.105,-6.544,155,195,1,-1,0,0
431.877,469.657,5.105,-6.544,160,190,1,-1,0,0
436.982,463.113,5.105,-6.544,165,185,1,-1,0,0
442.087,456.568,5.105,-6.544,170,180,1,-1,0,0
447.192,450.024,5.105,-6.544,175,175,1,-1,0,0
452.297,443.48,5.105,-6.544,180,170,1,-1,0,0
457.402,436.935,5.105,-6.544,185,165,1,-1,0,0
462.507,430.391,5.105,-6.544,190,160,1,-1,0,0
467.612,423.847,5.105,-6.544,195,155,1,-1,0,0
472.717,417.302,5.105,-6.544,200,150,1,-1,0,0
477.822,410.758,5.105,-6.544,205,145,1,-1,0,0
482.927,404.213,5.105,-6.544,210,140,1,-1,0,0
488.032,397.669,5.105,-6.544,215,135,1,-1,0,0
493.137,391.125,5.105,-6.544,220,130,1,-1,0,0
498.242,384.58,5.105,-6.544,225,125,1,-1,0,0
503.347,378.036,5.105,-6.544,230,120,1,-1,0,0
508.452,371.492,5.105,-6.544,235,115,1,-1,0,0
513.557,364.947,5.105,-6.544,240,110,1,-1,0,0
518.662,358.403,5.105,-6.544,245,105,1,-1,0,0
523.767,351.859,5.105,-6.544,250,100,1,-1,0,0
528.873,345.314,5.105,-6.544,255,95,1,-1,0,0
533.978,338.77,5.105,-6.544,260,95,1,0,0,0
539.083,332.225,5.105,-6.544,265,95,1,0,0,0
544.188,325.681,5.105,-6.544,270,95,1,0,0,0
549.293,319.137,5.105,-6.544,275,95,1,0,0,0
554.398,312.592,5.105,-6.544,275,95,0,0,0,0
559.503,306.048,5.105,-6.544,275,95,0,0,0,0
564.608,299.504,5.105,-6.544,275,95,0,0,0,0
569.713,292.959,5.105,-6.544,275,95,0,0,0,0
574.818,286.415,5.105,-6.544,275,95,0,0,0,0
579.923,279.871,5.105,-6.544,275,95,0,0,0,0
585.028,273.326,5.105,-6.544,275,95,0,0,0,0
590.133,266.782,5.105,-6.544,275,95,0,0,0,0
595.238,260.237,5.105,-6.544,275,95,0,0,0,0
600.343,253.693,5.105,-6.544,275,95,0,0,0,0
605.448,247.149,5.105,-6.544,275,95,0,0,0,0
610.553,240.604,5.105,-6.544,275,95,0,0,0,0
615.658,234.06,5.105,-6.544,275,95,0,0,0,0
620.763,227.516,5.105,-6.544,275,95,0,0,0,0
625.868,220.971,5.105,-6.544,275,95,0,0,0,0
630.973,214.427,5.105,-6.544,270,95,-1,0,0,0
636.078,207.883,5.105,-6.544,265,95,-1,0,0,0
641.183,201.338,5.105,-6.544,260,95,-1,0,0,0
646.288,194.794,5.105,-6.544,255,90,-1,-1,0,0
651.393,188.249,5.105,-6.544,250,85,-1,-1,0,0
656.498,181.705,5.105,-6.544,250,80,0,-1,0,0
661.603,175.161,5.105,-6.544,250,75,0,-1,0,0
666.708,168.616,5.105,-6.544,250,70,0,-1,0,0
671.813,162.072,5.105,-6.544,250,65,0,-1,0,0
676.918,155.528,5.105,-6.544,250,60,0,-1,0,0
682.023,148.983,5.105,-6.544,250,55,0,-1,0,0
687.128,142.439,5.105,-6.544,250,50,0,-1,0,0
692.233,135.895,5.105,-6.544,250,45,0,-1,0,0
697.338,129.35,5.105,-6.544,250,45,0,0,0,0
702.443,122.806,5.105,-6.544,250,45,0,0,0,0
707.548,116.261,5.105,-6.544,250,45,0,0,0,0
712.653,109.717,5.105,-6.544,250,45,0,0,0,0
717.759,103.173,5.105,-6.544,250,45,0,0,0,0
722.864,96.628,5.105,-6.544,250,45,0,0,0,0
727.969,90.084,5.105,-6.544,250,45,0,0,0,0
733.074,83.54,5.105,-6.544,250,45,0,0,0,0
738.179,76.995,5.105,-6.544,250,45,0,0,0,0
743.284,70.451,5.105,-6.544,250,45,0,0,0,0
748.389,63.907,5.105,-6.544,255,45,1,0,0,0
751.0,57.362,-6.445,-5.694,260,45,1,0,0,0
744.555,51.668,-6.445,-5.694,265,45,1,0,0,0
738.109,45.975,-6.445,-5.694,270,45,1,0,0,0
731.664,40.281,-6.445,-5.694,275,40,1,-1,0,0
725.219,34.587,-6.445,-5.694,280,35,1,-1,0,0
718.773,28.894,-6.445,-5.694,285,30,1,-1,0,0
712.328,23.2,-6.445,-5.694,290,25,1,-1,0,0
705.883,17.506,-6.445,-5.694,295,20,1,-1,0,0
699.437,11.813,-6.445,-5.694,295,15,0,-1,0,0
692.992,6.119,-6.445,-5.694,295,10,0,-1,0,0
686.547,6.0,-6.445,5.694,295,5,0,-1,0,0
680.102,11.694,-6.445,5.694,295,0,0,-1,0,0
673.656,17.387,-6.445,5.694,295,0,0,0,0,0
667.211,23.081,-6.445,5.694,295,0,0,0,0,0
660.766,28.775,-6.445,5.694,295,0,0,0,0,0
654.32,34.468,-6.445,5.694,295,5,0,1,0,0
647.875,40.162,-6.445,5.694,295,10,0,1,0,0
641.43,45.856,-6.445,5.694,295,15,0,1,0,0
634.984,51.549,-6.445,5.694,295,20,0,1,0,0
628.539,57.243,-6.445,5.694,295,25,0,1,0,0
622.094,62.937,-6.445,5.694,295,30,0,1,0,0
615.648,68.63,-6.445,5.694,295,35,0,1,0,0
609.203,74.324,-6.445,5.694,295,40,0,1,0,0
602.758,80.018,-6.445,5.694,295,45,0,1,0,0
596.312,85.711,-6.445,5.694,295,50,0,1,0,0
589.867,91.405,-6.445,5.694,295,55,0,1,0,0
583.422,97.099,-6.445,5.694,295,60,0,1,0,0
576.976,102.792,-6.445,5.694,295,65,0,1,0,0
570.531,108.486,-6.445,5.694,290,70,-1,1,0,0
564.086,114.18,-6.445,5.694,285,75,-1,1,0,0
557.641,119.873,-6.445,5.694,280,80,-1,1,0,0
551.195,125.567,-6.445,5.694,275,85,-1,1,0,0
544.75,131.261,-6.445,5.694,270,90,-1,1,0,0
538.305,136.954,-6.445,5.694,265,95,-1,1,0,0
531.859,142.648,-6.445,5.694,260,100,-1,1,0,0
525.414,148.342,-6.445,5.694,255,105,-1,1,0,0
518.969,154.035,-6.445,5.694,250,110,-1,1,0,0
512.523,159.729,-6.445,5.694,245,115,-1,1,0,0
506.078,165.423,-6.445,5.694,240,120,-1,1,0,0
499.633,171.116,-6.445,5.694,235,125,-1,1,0,0
493.187,176.81,-6.445,5.694,230,130,-1,1,0,0
486.742,182.504,-6.445,5.694,230,135,0,1,0,0
480.297,188.198,-6.445,5.694,230,140,0,1,0,0
473.851,193.891,-6.445,5.694,230,145,0,1,0,0
467.406,199.585,-6.445,5.694,230,150,0,1,0,0
460.961,205.279,-6.445,5.694,230,155,0,1,0,0
454.515,210.972,-6.445,5.694,230,160,0,1,0,0
448.07,216.666,-6.445,5.694,230,165,0,1,0,0
441.625,222.36,-6.445,5.694,230,170,0,1,0,0
435.18,228.053,-6.445,5.694,230,175,0,1,0,0
428.734,233.747,-6.445,5.694,230,180,0,1,0,0
422.289,239.441,-6.445,5.694,230,185,0,1,0,0
415.844,245.134,-6.445,5.694,230,190,0,1,0,0
409.398,250.828,-6.445,5.694,230,195,0,1,0,0
402.953,256.522,-6.445,5.694,230,200,0,1,0,0
396.508,262.215,-6.445,5.694,230,205,0,1,0,0
390.062,267.909,-6.445,5.694,230,210,0,1,0,0
383.617,273.603,-6.445,5.694,230,215,0,1,0,0
377.172,279.296,-6.445,5.694,230,215,0,0,0,0
370.726,284.99,-6.445,5.694,230,215,0,0,0,0
364.281,290.684,-6.445,5.694,230,215,0,0,0,0
357.836,296.377,-6.445,5.694,230,215,0,0,0,0
351.39,302.071,-6.445,5.694,235,215,1,0,0,0
344.945,307.765,-6.445,5.694,240,215,1,0,0,0
338.5,313.458,-6.445,5.694,245,215,1,0,0,0
332.054,319.152,-6.445,5.694,250,215,1,0,0,0
325.609,324.846,-6.445,5.694,255,215,1,0,0,0
319.164,330.539,-6.445,5.694,260,215,1,0,0,0
312.719,336.233,-6.445,5.694,265,215,1,0,0,0
306.273,341.927,-6.445,5.694,270,215,1,0,0,0
299.828,347.62,-6.445,5.694,275,215,1,0,0,0
293.383,353.314,-6.445,5.694,280,215,1,0,0,0
286.937,359.008,-6.445,5.694,285,215,1,0,0,0
280.492,364.701,-6.445,5.694,290,215,1,0,0,0
274.047,370.395,-6.445,5.694,295,215,1,0,0,0
267.601,376.089,-6.445,5.694,300,215,1,0,0,0
261.156,381.782,-6.445,5.694,305,215,1,0,0,0
254.711,387.476,-6.445,5.694,310,215,1,0,0,0
248.265,393.17,-6.445,5.694,315,215,1,0,0,0
241.82,398.863,-6.445,5.694,320,215,1,0,0,0
235.375,404.557,-6.445,5.694,325,220,1,1,0,0
228.929,410.251,-6.445,5.694,330,225,1,1,0,0
222.484,415.944,-6.445,5.694,335,230,1,1,0,0
216.039,421.638,-6.445,5.694,340,235,1,1,0,0
209.593,427.332,-6.445,5.694,345,240,1,1,0,0
203.148,433.025,-6.445,5.694,350,245,1,1,0,0
196.703,438.719,-6.445,5.694,355,250,1,1,0,0
190.258,444.413,-6.445,5.694,360,255,1,1,0,0
183.812,450.106,-6.445,5.694,365,260,1,1,0,0
177.367,455.8,-6.445,5.694,370,265,1,1,0,0
170.922,461.494,-6.445,5.694,375,270,1,1,0,0
164.476,467.187,-6.445,5.694,380,275,1,1,0,0
158.031,472.881,-6.445,5.694,385,280,1,1,0,0
151.586,478.575,-6.445,5.694,390,285,1,1,0,0
145.14,484.268,-6.445,5.694,395,290,1,1,0,0
138.695,489.962,-6.445,5.694,400,295,1,1,0,0
132.25,495.656,-6.445,5.694,405,300,1,1,0,0
125.804,501.349,-6.445,5.694,410,305,1,1,0,0
119.359,507.043,-6.445,5.694,415,310,1,1,0,0
112.914,512.737,-6.445,5.694,420,315,1,1,0,0
106.468,518.43,-6.445,5.694,425,320,1,1,0,0
100.023,524.124,-6.445,5.694,430,325,1,1,0,0
93.578,529.818,-6.445,5.694,435,330,1,1,0,0
87.132,535.511,-6.445,5.694,440,335,1,1,0,0
80.687,541.205,-6.445,5.694,445,340,1,1,0,0
74.242,546.899,-6.445,5.694,450,345,1,1,0,0
67.796,552.593,-6.445,5.694,455,350,1,1,0,0
61.351,558.286,-6.445,5.694,460,355,1,1,0,0
54.906,563.98,-6.445,5.694,465,360,1,1,0,0
48.461,569.674,-6.445,5.694,470,365,1,1,0,0
42.015,575.367,-6.445,5.694,475,370,1,1,0,0
35.57,581.061,-6.445,5.694,480,375,1,1,0,0
29.125,586.755,-6.445,5.694,485,380,1,1,0,0
22.679,592.448,-6.445,5.694,490,385,1,1,0,0
16.234,594.0,-6.445,-5.694,495,390,1,1,0,0
9.789,588.306,-6.445,-5.694,500,395,1,1,0,0
3.343,582.613,-6.445,-5.694,505,400,1,1,0,0
-3.102,576.919,-6.445,-5.694,510,405,1,1,0,0
400.0,300.0,4.288,2.571,515,410,1,1,0,1
404.288,302.571,4.288,2.571,515,410,0,0,0,0
408.577,305.142,4.288,2.571,515,410,0,0,0,0
412.865,307.712,4.288,2.571,515,410,0,0,0,0
417.154,310.283,4.288,2.571,515,410,0,0,0,0
421.442,312.854,4.288,2.571,515,410,0,0,0,0
425.731,315.425,4.288,2.571,515,410,0,0,0,0
430.019,317.996,4.288,2.571,515,410,0,0,0,0
434.308,320.566,4.288,2.571,515,410,0,0,0,0
438.596,323.137,4.288,2.571,515,410,0,0,0,0
442.885,325.708,4.288,2.571,515,410,0,0,0,0
447.173,328.279,4.288,2.571,515,410,0,0,0,0
451.462,330.85,4.288,2.571,515,410,0,0,0,0
455.75,333.42,4.288,2.571,515,410,0,0,0,0
460.039,335.991,4.288,2.571,515,410,0,0,0,0
464.327,338.562,4.288,2.571,515,410,0,0,0,0
468.616,341.133,4.288,2.571,515,410,0,0,0,0
472.904,343.703,4.288,2.571,515,410,0,0,0,0
477.193,346.274,4.288,2.571,515,410,0,0,0,0
481.481,348.845,4.288,2.571,515,410,0,0,0,0
485.77,351.416,4.288,2.571,515,410,0,0,0,0
490.058,353.987,4.288,2.571,515,410,0,0,0,0
494.346,356.557,4.288,2.571,515,410,0,0,0,0
498.635,359.128,4.288,2.571,515,415,0,1,0,0
502.923,361.699,4.288,2.571,515,420,0,1,0,0
507.212,364.27,4.288,2.571,515,425,0,1,0,0
511.5,366.841,4.288,2.571,515,430,0,1,0,0
515.789,369.411,4.288,2.571,515,435,0,1,0,0
520.077,371.982,4.288,2.571,515,440,0,1,0,0
524.366,374.553,4.288,2.571,515,445,0,1,0,0
528.654,377.124,4.288,2.571,515,450,0,1,0,0
532.943,379.695,4.288,2.571,515,450,0,0,0,0
537.231,382.265,4.288,2.571,515,450,0,0,0,0
541.52,384.836,4.288,2.571,515,450,0,0,0,0
545.808,387.407,4.288,2.571,515,450,0,0,0,0
550.097,389.978,4.288,2.571,515,450,0,0,0,0
554.385,392.549,4.288,2.571,515,450,0,0,0,0
558.674,395.119,4.288,2.571,515,450,0,0,0,0
562.962,397.69,4.288,2.571,515,455,0,1,0,0
567.251,400.261,4.288,2.571,515,460,0,1,0,0
571.539,402.832,4.288,2.571,515,465,0,1,0,0
575.827,405.403,4.288,2.571,515,470,0,1,0,0
580.116,407.973,4.288,2.571,515,475,0,1,0,0
584.404,410.544,4.288,2.571,515,480,0,1,0,0
588.693,413.115,4.288,2.571,515,480,0,0,0,0
592.981,415.686,4.288,2.571,515,480,0,0,0,0
597.27,418.256,4.288,2.571,515,480,0,0,0,0
601.558,420.827,4.288,2.571,515,480,0,0,0,0
605.847,423.398,4.288,2.571,515,480,0,0,0,0
610.135,425.969,4.288,2.571,520,480,1,0,0,0
614.424,428.54,4.288,2.571,520,480,1,0,0,0
618.712,431.11,4.288,2.571,520,480,1,0,0,0
623.001,433.681,4.288,2.571,520,480,1,0,0,0
627.289,436.252,4.288,2.571,520,480,1,0,0,0
631.578,438.823,4.288,2.571,520,480,1,0,0,0
635.866,441.394,4.288,2.571,520,480,1,0,0,0
640.155,443.964,4.288,2.571,520,480,1,0,0,0
644.443,446.535,4.288,2.571,520,480,0,0,0,0
648.732,449.106,4.288,2.571,520,480,0,0,0,0
653.02,451.677,4.288,2.571,520,480,0,0,0,0
657.309,454.248,4.288,2.571,520,480,0,0,0,0
661.597,456.818,4.288,2.571,520,480,0,0,0,0
665.885,459.389,4.288,2.571,520,480,0,0,0,0
670.174,461.96,4.288,2.571,520,480,0,0,0,0
674.462,464.531,4.288,2.571,520,480,0,0,0,0
678.751,467.102,4.288,2.571,520,480,0,0,0,0
683.039,469.672,4.288,2.571,515,480,-1,0,0,0
687.328,472.243,4.288,2.571,510,480,-1,0,0,0
691.616,474.814,4.288,2.571,505,480,-1,0,0,0
695.905,477.385,4.288,2.571,500,480,-1,0,0,0
700.193,479.956,4.288,2.571,495,480,-1,0,0,0
704.482,482.526,4.288,2.571,490,480,-1,0,0,0
708.77,485.097,4.288,2.571,485,480,-1,0,0,0
713.059,487.668,4.288,2.571,480,480,-1,0,0,0
717.347,490.239,4.288,2.571,475,480,-1,0,0,0
721.636,492.81,4.288,2.571,470,480,-1,0,0,0
725.924,495.38,4.288,2.571,465,480,-1,0,0,0
730.213,497.951,4.288,2.571,460,480,-1,0,0,0
734.501,500.522,4.288,2.571,455,480,-1,0,0,0
738.79,503.093,4.288,2.571,450,480,-1,0,0,0
743.078,505.663,4.288,2.571,445,485,-1,1,0,0
747.367,508.234,4.288,2.571,440,490,-1,1,0,0
751.655,510.805,4.288,2.571,435,495,-1,1,0,0
751.0,513.376,-4.064,-3.402,430,500,-1,1,0,0
746.936,509.974,-4.064,-3.402,425,500,-1,0,0,0
742.872,506.571,-4.064,-3.402,420,500,-1,0,0,0
738.809,503.169,-4.064,-3.402,415,500,-1,0,0,0
734.745,499.767,-4.064,-3.402,410,500,-1,0,0,0
730.681,496.365,-4.064,-3.402,405,500,-1,0,0,0
726.617,492.962,-4.064,-3.402,400,500,-1,0,0,0
722.553,489.56,-4.064,-3.402,395,500,-1,0,0,0
718.489,486.158,-4.064,-3.402,390,500,-1,0,0,0
714.426,482.756,-4.064,-3.402,385,500,-1,0,0,0
710.362,479.353,-4.064,-3.402,380,495,-1,-1,0,0
706.298,475.951,-4.064,-3.402,375,490,-1,-1,0,0
702.234,472.549,-4.064,-3.402,370,485,-1,-1,0,0
698.17,469.147,-4.064,-3.402,365,480,-1,-1,0,0
694.106,465.744,-4.064,-3.402,360,475,-1,-1,0,0
690.043,462.342,-4.064,-3.402,360,470,0,-1,0,0
685.979,458.94,-4.064,-3.402,360,465,0,-1,0,0
681.915,455.538,-4.064,-3.402,360,460,0,-1,0,0
677.851,452.135,-4.064,-3.402,360,455,0,-1,0,0
673.787,448.733,-4.064,-3.402,360,450,0,-1,0,0
669.723,445.331,-4.064,-3.402,360,445,0,-1,0,0
665.66,441.929,-4.064,-3.402,360,440,0,-1,0,0
661.596,438.526,-4.064,-3.402,360,435,0,-1,0,0
657.532,435.124,-4.064,-3.402,360,430,0,-1,0,0
653.468,431.722,-4.064,-3.402,360,425,0,-1,0,0
649.404,428.32,-4.064,-3.402,360,420,0,-1,0,0
645.341,424.917,-4.064,-3.402,360,415,0,-1,0,0
641.277,421.515,-4.064,-3.402,360,410,0,-1,0,0
637.213,418.113,-4.064,-3.402,360,405,0,-1,0,0
633.149,414.711,-4.064,-3.402,360,400,0,-1,0,0
629.085,411.308,-4.064,-3.402,360,395,0,-1,0,0
625.021,407.906,-4.064,-3.402,360,390,0,-1,0,0
620.958,404.504,-4.064,-3.402,360,385,0,-1,0,0
616.894,401.102,-4.064,-3.402,360,380,0,-1,0,0
612.83,397.699,-4.064,-3.402,360,375,0,-1,0,0
608.766,394.297,-4.064,-3.402,360,370,0,-1,0,0
604.702,390.895,-4.064,-3.402,360,365,0,-1,0,0
600.638,387.493,-4.064,-3.402,360,360,0,-1,0,0
596.575,384.09,-4.064,-3.402,360,355,0,-1,0,0
592.511,380.688,-4.064,-3.402,360,350,0,-1,0,0
588.447,377.286,-4.064,-3.402,355,345,-1,-1,0,0
584.383,373.884,-4.064,-3.402,350,340,-1,-1,0,0
580.319,370.481,-4.064,-3.402,345,335,-1,-1,0,0
576.256,367.079,-4.064,-3.402,340,330,-1,-1,0,0
572.192,363.677,-4.064,-3.402,335,325,-1,-1,0,0
568.128,360.274,-4.064,-3.402,330,320,-1,-1,0,0
564.064,356.872,-4.064,-3.402,325,315,-1,-1,0,0
560.0,353.47,-4.064,-3.402,320,310,-1,-1,0,0
555.936,350.068,-4.064,-3.402,315,305,-1,-1,0,0
551.873,346.665,-4.064,-3.402,310,300,-1,-1,0,0
547.809,343.263,-4.064,-3.402,305,295,-1,-1,0,0
543.745,339.861,-4.064,-3.402,300,290,-1,-1,0,0
539.681,336.459,-4.064,-3.402,300,285,0,-1,0,0
535.617,333.056,-4.064,-3.402,300,280,0,-1,0,0
531.553,329.654,-4.064,-3.402,300,275,0,-1,0,0
527.49,326.252,-4.064,-3.402,300,270,0,-1,0,0
523.426,322.85,-4.064,-3.402,300,265,0,-1,0,0
519.362,319.447,-4.064,-3.402,300,260,0,-1,0,0
515.298,316.045,-4.064,-3.402,300,255,0,-1,0,0
511.234,312.643,-4.064,-3.402,300,250,0,-1,0,0
507.17,309.241,-4.064,-3.402,295,245,-1,-1,0,0
503.107,305.838,-4.064,-3.402,290,240,-1,-1,0,0
499.043,302.436,-4.064,-3.402,285,235,-1,-1,0,0
494.979,299.034,-4.064,-3.402,280,230,-1,-1,0,0
490.915,295.632,-4.064,-3.402,275,225,-1,-1,0,0
486.851,292.229,-4.064,-3.402,270,220,-1,-1,0,0
482.788,288.827,-4.064,-3.402,265,215,-1,-1,0,0
478.724,285.425,-4.064,-3.402,260,210,-1,-1,0,0
474.66,282.023,-4.064,-3.402,255,205,-1,-1,0,0
470.596,278.62,-4.064,-3.402,250,200,-1,-1,0,0
466.532,275.218,-4.064,-3.402,245,195,-1,-1,0,0
462.468,271.816,-4.064,-3.402,240,190,-1,-1,0,0
458.405,268.414,-4.064,-3.402,235,185,-1,-1,0,0
454.341,265.011,-4.064,-3.402,230,180,-1,-1,0,0
450.277,261.609,-4.064,-3.402,225,175,-1,-1,0,0
446.213,258.207,-4.064,-3.402,220,170,-1,-1,0,0
442.149,254.805,-4.064,-3.402,215,165,-1,-1,0,0
438.085,251.402,-4.064,-3.402,210,160,-1,-1,0,0
434.022,248.0,-4.064,-3.402,205,155,-1,-1,0,0
429.958,244.598,-4.064,-3.402,200,150,-1,-1,0,0
425.894,241.196,-4.064,-3.402,195,145,-1,-1,0,0
421.83,237.793,-4.064,-3.402,190,140,-1,-1,0,0
417.766,234.391,-4.064,-3.402,185,135,-1,-1,0,0
413.702,230.989,-4.064,-3.402,180,130,-1,-1,0,0
409.639,227.587,-4.064,-3.402,175,125,-1,-1,0,0
405.575,224.184,-4.064,-3.402,170,120,-1,-1,0,0
401.511,220.782,-4.064,-3.402,165,115,-1,-1,0,0
397.447,217.38,-4.064,-3.402,160,110,-1,-1,0,0
393.383,213.978,-4.064,-3.402,155,105,-1,-1,0,0
389.32,210.575,-4.064,-3.402,150,100,-1,-1,0,0
385.256,207.173,-4.064,-3.402,145,95,-1,-1,0,0
381.192,203.771,-4.064,-3.402,140,90,-1,-1,0,0
377.128,200.369,-4.064,-3.402,135,85,-1,-1,0,0
373.064,196.966,-4.064,-3.402,130,80,-1,-1,0,0
369.0,193.564,-4.064,-3.402,125,75,-1,-1,0,0
364.937,190.162,-4.064,-3.402,120,70,-1,-1,0,0
360.873,186.76,-4.064,-3.402,115,65,-1,-1,0,0
356.809,183.357,-4.064,-3.402,110,60,-1,-1,0,0
352.745,179.955,-4.064,-3.402,105,55,-1,-1,0,0
348.681,176.553,-4.064,-3.402,100,50,-1,-1,0,0
344.617,173.151,-4.064,-3.402,95,45,-1,-1,0,0
340.554,169.748,-4.064,-3.402,90,40,-1,-1,0,0
336.49,166.346,-4.064,-3.402,85,35,-1,-1,0,0
332.426,162.944,-4.064,-3.402,80,30,-1,-1,0,0
328.362,159.542,-4.064,-3.402,75,25,-1,-1,0,0
324.298,156.139,-4.064,-3.402,70,20,-1,-1,0,0
320.234,152.737,-4.064,-3.402,65,15,-1,-1,0,0
316.171,149.335,-4.064,-3.402,60,10,-1,-1,0,0
312.107,145.933,-4.064,-3.402,55,5,-1,-1,0,0
308.043,142.53,-4.064,-3.402,50,0,-1,-1,0,0
303.979,139.128,-4.064,-3.402,45,0,-1,-1,0,0
299.915,135.726,-4.064,-3.402,40,0,-1,-1,0,0
295.852,132.324,-4.064,-3.402,40,0,0,-1,0,0
291.788,128.921,-4.064,-3.402,40,0,0,-1,0,0
287.724,125.519,-4.064,-3.402,40,0,0,-1,0,0
283.66,122.117,-4.064,-3.402,40,0,0,-1,0,0
279.596,118.715,-4.064,-3.402,40,0,0,-1,0,0
275.532,115.312,-4.064,-3.402,40,0,0,-1,0,0
271.469,111.91,-4.064,-3.402,40,0,0,-1,0,0
267.405,108.508,-4.064,-3.402,40,0,0,-1,0,0
263.341,105.106,-4.064,-3.402,40,0,0,-1,0,0
259.277,101.703,-4.064,-3.402,40,0,0,-1,0,0
255.213,98.301,-4.064,-3.402,40,0,0,-1,0,0
251.149,94.899,-4.064,-3.402,40,0,0,-1,0,0
247.086,91.497,-4.064,-3.402,40,0,0,0,0,0
243.022,88.094,-4.064,-3.402,40,0,0,0,0,0
238.958,84.692,-4.064,-3.402,40,0,0,0,0,0
234.894,81.29,-4.064,-3.402,40,0,0,0,0,0
230.83,77.888,-4.064,-3.402,40,0,0,0,0,0
226.767,74.485,-4.064,-3.402,40,0,0,0,0,0
222.703,71.083,-4.064,-3.402,40,0,0,0,0,0
218.639,67.681,-4.064,-3.402,40,0,0,0,0,0
214.575,64.279,-4.064,-3.402,40,0,0,0,0,0
210.511,60.876,-4.064,-3.402,40,0,0,0,0,0
206.447,57.474,-4.064,-3.402,40,0,0,0,0,0
202.384,54.072,-4.064,-3.402,40,0,0,0,0,0
198.32,50.67,-4.064,-3.402,40,0,0,0,0,0
194.256,47.267,-4.064,-3.402,40,0,0,0,0,0
190.192,43.865,-4.064,-3.402,40,0,0,0,0,0
186.128,40.463,-4.064,-3.402,40,0,0,0,0,0
182.064,37.061,-4.064,-3.402,40,0,0,0,0,0
178.001,33.658,-4.064,-3.402,40,0,0,0,0,0
173.937,30.256,-4.064,-3.402,40,0,0,0,0,0
169.873,26.854,-4.064,-3.402,40,0,0,0,0,0
165.809,23.452,-4.064,-3.402,40,0,0,0,0,0
161.745,20.049,-4.064,-3.402,40,0,0,0,0,0
157.681,16.647,-4.064,-3.402,40,0,0,0,0,0
153.618,13.245,-4.064,-3.402,40,0,0,0,0,0
149.554,9.842,-4.064,-3.402,40,0,0,0,0,0
145.49,6.44,-4.064,-3.402,40,0,0,0,0,0
141.426,6.0,-4.064,3.402,40,0,0,0,0,0
137.362,9.402,-4.064,3.402,40,0,0,0,0,0
133.299,12.805,-4.064,3.402,40,0,0,0,0,0
129.235,16.207,-4.064,3.402,40,0,0,0,0,0
125.171,19.609,-4.064,3.402,40,0,0,0,0,0
121.107,23.011,-4.064,3.402,40,0,0,0,0,0
117.043,26.414,-4.064,3.402,40,0,0,0,0,0
112.979,29.816,-4.064,3.402,40,0,0,0,0,0
108.916,33.218,-4.064,3.402,40,0,0,0,0,0
104.852,36.62,-4.064,3.402,40,0,0,0,0,0
100.788,40.023,-4.064,3.402,40,0,0,0,0,0
96.724,43.425,-4.064,3.402,40,0,0,0,0,0
92.66,46.827,-4.064,3.402,40,0,0,0,0,0
88.596,50.229,-4.064,3.402,40,0,0,0,0,0
84.533,53.632,-4.064,3.402,40,0,0,0,0,0
80.469,57.034,-4.064,3.402,40,5,0,1,0,0
76.405,60.436,-4.064,3.402,45,10,1,1,0,0
72.341,63.838,-4.064,3.402,50,15,1,1,0,0
68.277,67.241,-4.064,3.402,55,20,1,1,0,0
64.213,70.643,-4.064,3.402,60,25,1,1,0,0
60.15,74.045,-4.064,3.402,65,30,1,1,0,0
56.086,77.447,-4.064,3.402,70,35,1,1,0,0
52.022,80.85,-4.064,3.402,75,40,1,1,0,0
49.0,84.252,3.321,-4.509,80,45,1,1,0,0
52.321,79.743,3.321,-4.509,85,50,1,1,0,0
55.643,75.234,3.321,-4.509,90,55,1,1,0,0
58.964,70.726,3.321,-4.509,95,60,1,1,0,0
62.286,66.217,3.321,-4.509,100,65,1,1,0,0
65.607,61.708,3.321,-4.509,105,70,1,1,0,0
68.928,57.2,3.321,-4.509,110,75,1,1,0,0
72.25,52.691,3.321,-4.509,115,80,1,1,0,0
75.571,48.182,3.321,-4.509,120,85,1,1,0,0
78.893,43.674,3.321,-4.509,125,90,1,1,0,0
82.214,39.165,3.321,-4.509,130,95,1,1,0,0
85.535,34.656,3.321,-4.509,130,100,0,1,0,0
88.857,30.147,3.321,-4.509,130,105,0,1,0,0
92.178,25.639,3.321,-4.509,130,110,0,1,0,0
95.499,21.13,3.321,-4.509,130,115,0,1,0,0
98.821,16.621,3.321,-4.509,130,120,0,1,0,0
102.142,12.113,3.321,-4.509,130,125,0,1,0,0
105.464,7.604,3.321,-4.509,130,125,0,0,0,0
108.785,6.0,3.321,4.509,130,125,0,0,0,0
112.106,10.509,3.321,4.509,130,125,0,0,0,0
115.428,15.017,3.321,4.509,130,125,0,0,0,0
118.749,19.526,3.321,4.509,130,125,0,0,0,0
122.071,24.035,3.321,4.509,130,125,0,0,0,0
125.392,28.543,3.321,4.509,130,125,0,0,0,0
128.713,33.052,3.321,4.509,130,125,0,0,0,0
132.035,37.561,3.321,4.509,130,125,0,0,0,0
135.356,42.07,3.321,4.509,130,125,0,0,0,0
138.678,46.578,3.321,4.509,130,125,0,0,0,0
141.999,51.087,3.321,4.509,130,125,0,0,0,0
145.32,55.596,3.321,4.509,130,120,0,-1,0,0
148.642,60.104,3.321,4.509,130,115,0,-1,0,0
151.963,64.613,3.321,4.509,130,110,0,-1,0,0
155.285,69.122,3.321,4.509,130,105,0,-1,0,0
158.606,73.63,3.321,4.509,130,100,0,-1,0,0
161.927,78.139,3.321,4.509,130,95,0,-1,0,0
165.249,82.648,3.321,4.509,130,90,0,-1,0,0
168.57,87.157,3.321,4.509,130,90,0,0,0,0
171.892,91.665,3.321,4.509,130,95,0,1,0,0
175.213,96.174,3.321,4.509,130,100,0,1,0,0
178.534,100.683,3.321,4.509,130,105,0,1,0,0
181.856,105.191,3.321,4.509,130,110,0,1,0,0
185.177,109.7,3.321,4.509,130,115,0,1,0,0
188.498,114.209,3.321,4.509,130,120,0,1,0,0
191.82,118.717,3.321,4.509,130,125,0,1,0,0
195.141,123.226,3.321,4.509,130,130,0,1,0,0
198.463,127.735,3.321,4.509,130,135,0,1,0,0
201.784,132.244,3.321,4.509,130,140,0,1,0,0
205.105,136.752,3.321,4.509,130,145,0,1,0,0
208.427,141.261,3.321,4.509,130,150,0,1,0,0
211.748,145.77,3.321,4.509,125,155,-1,1,0,0
215.07,150.278,3.321,4.509,120,160,-1,1,0,0
218.391,154.787,3.321,4.509,115,165,-1,1,0,0
221.712,159.296,3.321,4.509,110,170,-1,1,0,0
225.034,163.804,3.321,4.509,105,175,-1,1,0,0
228.355,168.313,3.321,4.509,100,180,-1,1,0,0
231.677,172.822,3.321,4.509,95,185,-1,1,0,0
234.998,177.331,3.321,4.509,90,190,-1,1,0,0
238.319,181.839,3.321,4.509,85,195,-1,1,0,0
241.641,186.348,3.321,4.509,80,200,-1,1,0,0
244.962,190.857,3.321,4.509,75,205,-1,1,0,0
248.284,195.365,3.321,4.509,70,210,-1,1,0,0
251.605,199.874,3.321,4.509,65,215,-1,1,0,0
254.926,204.383,3.321,4.509,60,220,-1,1,0,0
258.248,208.891,3.321,4.509,55,225,-1,1,0,0
261.569,213.4,3.321,4.509,55,230,0,1,0,0
264.89,217.909,3.321,4.509,55,235,0,1,0,0
268.212,222.417,3.321,4.509,55,240,0,1,0,0
271.533,226.926,3.321,4.509,55,245,0,1,0,0
274.855,231.435,3.321,4.509,55,250,0,1,0,0
278.176,235.944,3.321,4.509,55,255,0,1,0,0
281.497,240.452,3.321,4.509,55,260,0,1,0,0
284.819,244.961,3.321,4.509,55,265,0,1,0,0
288.14,249.47,3.321,4.509,55,270,0,1,0,0
291.462,253.978,3.321,4.509,55,275,0,1,0,0
294.783,258.487,3.321,4.509,55,280,0,1,0,0
298.104,262.996,3.321,4.509,55,285,0,1,0,0
301.426,267.504,3.321,4.509,55,290,0,1,0,0
304.747,272.013,3.321,4.509,55,295,0,1,0,0
308.069,276.522,3.321,4.509,55,300,0,1,0,0
311.39,281.031,3.321,4.509,55,305,0,1,0,0
314.711,285.539,3.321,4.509,55,310,0,1,0,0
318.033,290.048,3.321,4.509,55,315,0,1,0,0
321.354,294.557,3.321,4.509,55,320,0,1,0,0
324.676,299.065,3.321,4.509,55,325,0,1,0,0
327.997,303.574,3.321,4.509,55,330,0,1,0,0
331.318,308.083,3.321,4.509,60,335,1,1,0,0
334.64,312.591,3.321,4.509,65,340,1,1,0,0
337.961,317.1,3.321,4.509,70,345,1,1,0,0
341.282,321.609,3.321,4.509,75,350,1,1,0,0
344.604,326.118,3.321,4.509,80,355,1,1,0,0
347.925,330.626,3.321,4.509,85,360,1,1,0,0
351.247,335.135,3.321,4.509,90,365,1,1,0,0
354.568,339.644,3.321,4.509,95,370,1,1,0,0
357.889,344.152,3.321,4.509,100,375,1,1,0,0
361.211,348.661,3.321,4.509,105,380,1,1,0,0
364.532,353.17,3.321,4.509,110,385,1,1,0,0
367.854,357.678,3.321,4.509,115,390,1,1,0,0
371.175,362.187,3.321,4.509,120,395,1,1,0,0
374.496,366.696,3.321,4.509,125,400,1,1,0,0
377.818,371.205,3.321,4.509,130,405,1,1,0,0
381.139,375.713,3.321,4.509,135,410,1,1,0,0
384.461,380.222,3.321,4.509,140,415,1,1,0,0
387.782,384.731,3.321,4.509,145,420,1,1,0,0
391.103,389.239,3.321,4.509,150,425,1,1,0,0
394.425,393.748,3.321,4.509,155,430,1,1,0,0
397.746,398.257,3.321,4.509,160,435,1,1,0,0
401.068,402.765,3.321,4.509,165,440,1,1,0,0
404.389,407.274,3.321,4.509,170,445,1,1,0,0
407.71,411.783,3.321,4.509,175,450,1,1,0,0
411.032,416.291,3.321,4.509,180,455,1,1,0,0
414.353,420.8,3.321,4.509,185,460,1,1,0,0
417.675,425.309,3.321,4.509,190,465,1,1,0,0
420.996,429.818,3.321,4.509,195,470,1,1,0,0
424.317,434.326,3.321,4.509,200,475,1,1,0,0
427.639,438.835,3.321,4.509,205,475,1,0,0,0
430.96,443.344,3.321,4.509,210,475,1,0,0,0
434.281,447.852,3.321,4.509,215,475,1,0,0,0
437.603,452.361,3.321,4.509,220,475,1,0,0,0
440.924,456.87,3.321,4.509,225,475,1,0,0,0
444.246,461.378,3.321,4.509,230,470,1,-1,0,0
447.567,465.887,3.321,4.509,235,465,1,-1,0,0
450.888,470.396,3.321,4.509,240,460,1,-1,0,0
454.21,474.905,3.321,4.509,245,455,1,-1,0,0
457.531,479.413,3.321,4.509,250,450,1,-1,0,0
460.853,483.922,3.321,4.509,255,445,1,-1,0,0
464.174,488.431,3.321,4.509,260,440,1,-1,0,0
467.495,492.939,3.321,4.509,265,435,1,-1,0,0
470.817,497.448,3.321,4.509,270,435,1,0,0,0
474.138,501.957,3.321,4.509,275,435,1,0,0,0
477.46,506.465,3.321,4.509,280,435,1,0,0,0
480.781,510.974,3.321,4.509,285,435,1,0,0,0
484.102,515.483,3.321,4.509,290,435,1,0,0,0
487.424,519.992,3.321,4.509,295,435,1,0,0,0
490.745,524.5,3.321,4.509,300,435,1,0,0,0
494.067,529.009,3.321,4.509,305,435,1,0,0,0
497.388,533.518,3.321,4.509,310,435,1,0,0,0
500.709,538.026,3.321,4.509,315,440,1,1,0,0
504.031,542.535,3.321,4.509,320,445,1,1,0,0
507.352,547.044,3.321,4.509,325,450,1,1,0,0
510.673,551.552,3.321,4.509,330,455,1,1,0,0
513.995,556.061,3.321,4.509,335,460,1,1,0,0
517.316,560.57,3.321,4.509,340,465,1,1,0,0
520.638,565.079,3.321,4.509,345,465,1,0,0,0
523.959,569.587,3.321,4.509,350,465,1,0,0,0
527.28,574.096,3.321,4.509,355,465,1,0,0,0
530.602,578.605,3.321,4.509,360,465,1,0,0,0
533.923,583.113,3.321,4.509,365,465,1,0,0,0
537.245,587.622,3.321,4.509,370,465,1,0,0,0
540.566,592.131,3.321,4.509,375,465,1,0,0,0
543.887,594.0,3.321,-4.509,380,465,1,0,0,0
547.209,589.491,3.321,-4.509,385,465,1,0,0,0
550.53,584.983,3.321,-4.509,390,465,1,0,0,0
553.852,580.474,3.321,-4.509,395,460,1,-1,0,0
557.173,575.965,3.321,-4.509,400,455,1,-1,0,0
560.494,571.457,3.321,-4.509,405,450,1,-1,0,0
563.816,566.948,3.321,-4.509,410,445,1,-1,0,0
567.137,562.439,3.321,-4.509,415,440,1,-1,0,0
570.459,557.93,3.321,-4.509,420,435,1,-1,0,0
573.78,553.422,3.321,-4.509,425,430,1,-1,0,0
577.101,548.913,3.321,-4.509,430,425,1,-1,0,0
580.423,544.404,3.321,-4.509,435,425,1,0,0,0
583.744,539.896,3.321,-4.509,440,425,1,0,0,0
587.065,535.387,3.321,-4.509,440,425,0,0,0,0
590.387,530.878,3.321,-4.509,440,425,0,0,0,0
593.708,526.37,3.321,-4.509,440,425,0,0,0,0
597.03,521.861,3.321,-4.509,440,425,0,0,0,0
600.351,517.352,3.321,-4.509,440,425,0,0,0,0
603.672,512.843,3.321,-4.509,440,425,0,0,0,0
606.994,508.335,3.321,-4.509,440,425,0,0,0,0
610.315,503.826,3.321,-4.509,440,420,0,-1,0,0
613.637,499.317,3.321,-4.509,440,415,0,-1,0,0
616.958,494.809,3.321,-4.509,440,410,0,-1,0,0
620.279,490.3,3.321,-4.509,440,405,0,-1,0,0
623.601,485.791,3.321,-4.509,440,400,0,-1,0,0
626.922,481.283,3.321,-4.509,440,395,0,-1,0,0
630.244,476.774,3.321,-4.509,440,395,0,0,0,0
633.565,472.265,3.321,-4.509,440,395,0,0,0,0
636.886,467.756,3.321,-4.509,440,395,0,0,0,0
640.208,463.248,3.321,-4.509,440,395,0,0,0,0
643.529,458.739,3.321,-4.509,445,395,1,0,0,0
646.851,454.23,3.321,-4.509,450,395,1,0,0,0
650.172,449.722,3.321,-4.509,455,390,1,-1,0,0
653.493,445.213,3.321,-4.509,460,385,1,-1,0,0
656.815,440.704,3.321,-4.509,465,380,1,-1,0,0
660.136,436.196,3.321,-4.509,470,375,1,-1,0,0
663.458,431.687,3.321,-4.509,475,370,1,-1,0,0
666.779,427.178,3.321,-4.509,480,365,1,-1,0,0
670.1,422.669,3.321,-4.509,485,360,1,-1,0,0
673.422,418.161,3.321,-4.509,490,355,1,-1,0,0
676.743,413.652,3.321,-4.509,495,355,1,0,0,0
680.064,409.143,3.321,-4.509,500,355,1,0,0,0
683.386,404.635,3.321,-4.509,505,355,1,0,0,0
686.707,400.126,3.321,-4.509,510,355,1,0,0,0
690.029,395.617,3.321,-4.509,515,355,1,0,0,0
693.35,391.109,3.321,-4.509,520,355,1,0,0,0
696.671,386.6,3.321,-4.509,520,350,1,-1,0,0
699.993,382.091,3.321,-4.509,520,345,0,-1,0,0
703.314,377.583,3.321,-4.509,520,340,0,-1,0,0
706.636,373.074,3.321,-4.509,520,335,0,-1,0,0
709.957,368.565,3.321,-4.509,520,330,0,-1,0,0
713.278,364.056,3.321,-4.509,515,325,-1,-1,0,0
716.6,359.548,3.321,-4.509,510,320,-1,-1,0,0
719.921,355.039,3.321,-4.509,505,315,-1,-1,0,0
723.243,350.53,3.321,-4.509,500,310,-1,-1,0,0
726.564,346.022,3.321,-4.509,495,305,-1,-1,0,0
729.885,341.513,3.321,-4.509,490,300,-1,-1,0,0
733.207,337.004,3.321,-4.509,485,295,-1,-1,0,0
736.528,332.496,3.321,-4.509,480,290,-1,-1,0,0
739.85,327.987,3.321,-4.509,475,285,-1,-1,0,0
743.171,323.478,3.321,-4.509,470,280,-1,-1,0,0
746.492,318.969,3.321,-4.509,465,275,-1,-1,0,0
749.814,314.461,3.321,-4.509,460,270,-1,-1,0,0
751.0,309.952,-5.85,0.763,455,265,-1,-1,0,0
745.15,310.715,-5.85,0.763,450,260,-1,-1,0,0
739.299,311.478,-5.85,0.763,445,255,-1,-1,0,0
733.449,312.24,-5.85,0.763,440,250,-1,-1,0,0
727.598,313.003,-5.85,0.763,435,245,-1,-1,0,0
721.748,313.766,-5.85,0.763,430,240,-1,-1,0,0
715.897,314.529,-5.85,0.763,425,235,-1,-1,0,0
710.047,315.291,-5.85,0.763,420,235,-1,0,0,0
704.196,316.054,-5.85,0.763,415,235,-1,0,0,0
698.346,316.817,-5.85,0.763,410,235,-1,0,0,0
692.495,317.58,-5.85,0.763,405,235,-1,0,0,0
686.645,318.342,-5.85,0.763,400,240,-1,1,0,0
680.794,319.105,-5.85,0.763,395,245,-1,1,0,0
674.944,319.868,-5.85,0.763,390,250,-1,1,0,0
669.093,320.631,-5.85,0.763,385,255,-1,1,0,0
663.243,321.393,-5.85,0.763,380,260,-1,1,0,0
657.392,322.156,-5.85,0.763,375,265,-1,1,0,0
651.542,322.919,-5.85,0.763,375,270,0,1,0,0
645.691,323.682,-5.85,0.763,375,275,0,1,0,0
639.841,324.444,-5.85,0.763,375,280,0,1,0,0
633.99,325.207,-5.85,0.763,375,285,0,1,0,0
628.14,325.97,-5.85,0.763,375,290,0,1,0,0
622.289,326.733,-5.85,0.763,375,295,0,1,0,0
616.439,327.495,-5.85,0.763,375,300,0,1,0,0
610.588,328.258,-5.85,0.763,375,305,0,1,0,0
604.738,329.021,-5.85,0.763,375,310,0,1,0,0
598.887,329.784,-5.85,0.763,375,315,0,1,0,0
593.037,330.547,-5.85,0.763,375,320,0,1,0,0
587.186,331.309,-5.85,0.763,375,325,0,1,0,0
581.336,332.072,-5.85,0.763,375,330,0,1,0,0
575.485,332.835,-5.85,0.763,380,335,1,1,0,0
569.635,333.598,-5.85,0.763,385,340,1,1,0,0
563.784,334.36,-5.85,0.763,390,345,1,1,0,0
557.934,335.123,-5.85,0.763,395,350,1,1,0,0
552.083,335.886,-5.85,0.763,400,350,1,0,0,0
546.233,336.649,-5.85,0.763,405,350,1,0,0,0
540.382,337.411,-5.85,0.763,410,350,1,0,0,0
534.532,338.174,-5.85,0.763,415,350,1,0,0,0
528.681,338.937,-5.85,0.763,420,345,1,-1,0,0
522.831,339.7,-5.85,0.763,425,340,1,-1,0,0
516.981,340.462,-5.85,0.763,430,335,1,-1,0,0
511.13,341.225,-5.85,0.763,435,330,1,-1,0,0
505.28,341.988,-5.85,0.763,440,325,1,-1,0,0
499.429,342.751,-5.85,0.763,440,320,0,-1,0,0
493.579,343.513,-5.85,0.763,440,315,0,-1,0,0
487.728,344.276,-5.85,0.763,440,310,0,-1,0,0
481.878,345.039,-5.85,0.763,440,305,0,-1,0,0
476.027,345.802,-5.85,0.763,440,300,0,-1,0,0
470.177,346.564,-5.85,0.763,440,295,0,-1,0,0
464.326,347.327,-5.85,0.763,440,295,0,0,0,0
458.476,348.09,-5.85,0.763,440,295,0,0,0,0
452.625,348.853,-5.85,0.763,440,295,0,0,0,0
446.775,349.616,-5.85,0.763,440,295,0,0,0,0
440.924,350.378,-5.85,0.763,440,295,0,0,0,0
435.074,351.141,-5.85,0.763,440,295,0,0,0,0
429.223,351.904,-5.85,0.763,440,300,0,1,0,0
423.373,352.667,-5.85,0.763,440,305,0,1,0,0
417.522,353.429,-5.85,0.763,440,310,0,1,0,0
411.672,354.192,-5.85,0.763,440,310,0,0,0,0
405.821,354.955,-5.85,0.763,440,310,0,0,0,0
399.971,355.718,-5.85,0.763,440,310,0,0,0,0
394.12,356.48,-5.85,0.763,440,310,0,0,0,0
388.27,357.243,-5.85,0.763,440,305,0,-1,0,0
382.419,358.006,-5.85,0.763,440,300,0,-1,0,0
376.569,358.769,-5.85,0.763,440,295,0,-1,0,0
370.718,359.531,-5.85,0.763,440,290,0,-1,0,0
364.868,360.294,-5.85,0.763,440,285,0,-1,0,0
359.017,361.057,-5.85,0.763,440,280,0,-1,0,0
353.167,361.82,-5.85,0.763,440,280,0,0,0,0
347.316,362.582,-5.85,0.763,440,280,0,0,0,0
341.466,363.345,-5.85,0.763,440,280,0,0,0,0
335.615,364.108,-5.85,0.763,440,280,0,0,0,0
329.765,364.871,-5.85,0.763,435,280,-1,0,0,0
323.914,365.633,-5.85,0.763,430,280,-1,0,0,0
318.064,366.396,-5.85,0.763,425,275,-1,-1,0,0
312.213,367.159,-5.85,0.763,420,270,-1,-1,0,0
306.363,367.922,-5.85,0.763,415,265,-1,-1,0,0
300.512,368.684,-5.85,0.763,410,260,-1,-1,0,0
294.662,369.447,-5.85,0.763,405,255,-1,-1,0,0
288.812,370.21,-5.85,0.763,400,250,-1,-1,0,0
282.961,370.973,-5.85,0.763,395,245,-1,-1,0,0
277.111,371.736,-5.85,0.763,390,245,-1,0,0,0
271.26,372.498,-5.85,0.763,385,245,-1,0,0,0
265.41,373.261,-5.85,0.763,385,245,0,0,0,0
259.559,374.024,-5.85,0.763,385,245,0,0,0,0
253.709,374.787,-5.85,0.763,385,245,0,0,0,0
247.858,375.549,-5.85,0.763,385,245,0,0,0,0
242.008,376.312,-5.85,0.763,385,245,0,0,0,0
236.157,377.075,-5.85,0.763,385,245,0,0,0,0
230.307,377.838,-5.85,0.763,385,245,0,0,0,0
224.456,378.6,-5.85,0.763,385,245,0,0,0,0
218.606,379.363,-5.85,0.763,385,245,0,0,0,0
212.755,380.126,-5.85,0.763,385,240,0,-1,0,0
206.905,380.889,-5.85,0.763,385,235,0,-1,0,0
201.054,381.651,-5.85,0.763,385,230,0,-1,0,0
195.204,382.414,-5.85,0.763,385,225,0,-1,0,0
189.353,383.177,-5.85,0.763,385,220,0,-1,0,0
183.503,383.94,-5.85,0.763,385,215,0,-1,0,0
177.652,384.702,-5.85,0.763,385,215,0,0,0,0
171.802,385.465,-5.85,0.763,385,215,0,0,0,0
165.951,386.228,-5.85,0.763,385,215,0,0,0,0
160.101,386.991,-5.85,0.763,385,215,0,0,0,0
154.25,387.753,-5.85,0.763,385,215,0,0,0,0
148.4,388.516,-5.85,0.763,385,215,0,0,0,0
142.549,389.279,-5.85,0.763,385,215,0,0,0,0
136.699,390.042,-5.85,0.763,385,215,0,0,0,0
130.848,390.805,-5.85,0.763,385,215,0,0,0,0
124.998,391.567,-5.85,0.763,385,215,0,0,0,0
119.147,392.33,-5.85,0.763,385,215,0,0,0,0
113.297,393.093,-5.85,0.763,385,215,0,0,0,0
107.446,393.856,-5.85,0.763,385,215,0,0,0,0
101.596,394.618,-5.85,0.763,385,215,0,0,0,0
95.745,395.381,-5.85,0.763,385,215,0,0,0,0
89.895,396.144,-5.85,0.763,385,215,0,0,0,0
84.044,396.907,-5.85,0.763,385,215,0,0,0,0
78.194,397.669,-5.85,0.763,385,215,0,0,0,0
72.344,398.432,-5.85,0.763,385,215,0,0,0,0
66.493,399.195,-5.85,0.763,385,215,0,0,0,0
60.643,399.958,-5.85,0.763,385,215,0,0,0,0
54.792,400.72,-5.85,0.763,385,215,0,0,0,0
48.942,401.483,-5.85,0.763,385,215,0,0,0,0
49.0,402.246,5.132,-3.479,385,215,0,0,0,0
54.132,398.767,5.132,-3.479,385,215,0,0,0,0
59.264,395.288,5.132,-3.479,385,215,0,0,0,0
64.396,391.81,5.132,-3.479,385,215,0,0,0,0
69.528,388.331,5.132,-3.479,385,215,0,0,0,0
74.66,384.852,5.132,-3.479,385,215,0,0,0,0
79.793,381.373,5.132,-3.479,385,215,0,0,0,0
84.925,377.895,5.132,-3.479,385,215,0,0,0,0
90.057,374.416,5.132,-3.479,385,210,0,-1,0,0
95.189,370.937,5.132,-3.479,385,205,0,-1,0,0
100.321,367.458,5.132,-3.479,385,200,0,-1,0,0
105.453,363.98,5.132,-3.479,385,195,0,-1,0,0
110.585,360.501,5.132,-3.479,385,190,0,-1,0,0
115.717,357.022,5.132,-3.479,385,185,0,-1,0,0
120.849,353.543,5.132,-3.479,385,180,0,-1,0,0
125.981,350.065,5.132,-3.479,385,180,0,0,0,0
131.113,346.586,5.132,-3.479,385,180,0,0,0,0
136.245,343.107,5.132,-3.479,385,180,0,0,0,0
141.378,339.628,5.132,-3.479,385,180,0,0,0,0
146.51,336.15,5.132,-3.479,385,180,0,0,0,0
151.642,332.671,5.132,-3.479,385,180,0,0,0,0
156.774,329.192,5.132,-3.479,385,180,0,0,0,0
161.906,325.713,5.132,-3.479,385,180,0,0,0,0
167.038,322.235,5.132,-3.479,385,180,0,0,0,0
172.17,318.756,5.132,-3.479,385,180,0,0,0,0
177.302,315.277,5.132,-3.479,385,180,0,0,0,0
182.434,311.798,5.132,-3.479,385,180,0,0,0,0
187.566,308.32,5.132,-3.479,385,180,0,0,0,0
192.698,304.841,5.132,-3.479,385,175,0,-1,0,0
197.83,301.362,5.132,-3.479,385,170,0,-1,0,0
202.963,297.883,5.132,-3.479,385,165,0,-1,0,0
208.095,294.405,5.132,-3.479,385,160,0,-1,0,0
213.227,290.926,5.132,-3.479,385,155,0,-1,0,0
218.359,287.447,5.132,-3.479,385,150,0,-1,0,0
223.491,283.968,5.132,-3.479,390,150,1,0,0,0
228.623,280.49,5.132,-3.479,395,150,1,0,0,0
233.755,277.011,5.132,-3.479,400,150,1,0,0,0
238.887,273.532,5.132,-3.479,405,150,1,0,0,0
244.019,270.053,5.132,-3.479,405,150,0,0,0,0
249.151,266.575,5.132,-3.479,405,145,0,-1,0,0
254.283,263.096,5.132,-3.479,405,140,0,-1,0,0
259.415,259.617,5.132,-3.479,405,135,0,-1,0,0
264.548,256.138,5.132,-3.479,405,130,0,-1,0,0
269.68,252.66,5.132,-3.479,405,125,0,-1,0,0
274.812,249.181,5.132,-3.479,405,120,0,-1,0,0
279.944,245.702,5.132,-3.479,405,115,0,-1,0,0
285.076,242.223,5.132,-3.479,405,110,0,-1,0,0
290.208,238.745,5.132,-3.479,405,110,0,0,0,0
295.34,235.266,5.132,-3.479,405,110,0,0,0,0
300.472,231.787,5.132,-3.479,405,110,0,0,0,0
305.604,228.308,5.132,-3.479,405,110,0,0,0,0
310.736,224.83,5.132,-3.479,405,105,0,-1,0,0
315.868,221.351,5.132,-3.479,405,100,0,-1,0,0
321.0,217.872,5.132,-3.479,405,95,0,-1,0,0
326.133,214.393,5.132,-3.479,400,90,-1,-1,0,0
331.265,210.915,5.132,-3.479,395,85,-1,-1,0,0
336.397,207.436,5.132,-3.479,390,80,-1,-1,0,0
341.529,203.957,5.132,-3.479,385,75,-1,-1,0,0
346.661,200.478,5.132,-3.479,380,70,-1,-1,0,0
351.793,196.999,5.132,-3.479,375,65,-1,-1,0,0
356.925,193.521,5.132,-3.479,370,65,-1,0,0,0
362.057,190.042,5.132,-3.479,365,65,-1,0,0,0
367.189,186.563,5.132,-3.479,360,65,-1,0,0,0
372.321,183.084,5.132,-3.479,355,65,-1,0,0,0
377.453,179.606,5.132,-3.479,350,65,-1,0,0,0
382.585,176.127,5.132,-3.479,345,65,-1,0,0,0
387.718,172.648,5.132,-3.479,340,65,-1,0,0,0
392.85,169.169,5.132,-3.479,335,60,-1,-1,0,0
397.982,165.691,5.132,-3.479,330,55,-1,-1,0,0
403.114,162.212,5.132,-3.479,325,50,-1,-1,0,0
408.246,158.733,5.132,-3.479,320,45,-1,-1,0,0
413.378,155.254,5.132,-3.479,315,40,-1,-1,0,0
418.51,151.776,5.132,-3.479,310,35,-1,-1,0,0
423.642,148.297,5.132,-3.479,305,30,-1,-1,0,0
428.774,144.818,5.132,-3.479,300,25,-1,-1,0,0
433.906,141.339,5.132,-3.479,295,20,-1,-1,0,0
439.038,137.861,5.132,-3.479,290,15,-1,-1,0,0
444.17,134.382,5.132,-3.479,285,15,-1,0,0,0
449.303,130.903,5.132,-3.479,280,15,-1,0,0,0
454.435,127.424,5.132,-3.479,275,15,-1,0,0,0
459.567,123.946,5.132,-3.479,270,15,-1,0,0,0
464.699,120.467,5.132,-3.479,265,15,-1,0,0,0
469.831,116.988,5.132,-3.479,260,15,-1,0,0,0
474.963,113.509,5.132,-3.479,255,15,-1,0,0,0
480.095,110.031,5.132,-3.479,250,15,-1,0,0,0
485.227,106.552,5.132,-3.479,245,15,-1,0,0,0
490.359,103.073,5.132,-3.479,245,15,0,0,0,0
495.491,99.594,5.132,-3.479,245,15,0,0,0,0
500.623,96.116,5.132,-3.479,245,15,0,0,0,0
505.755,92.637,5.132,-3.479,245,15,0,0,0,0
510.888,89.158,5.132,-3.479,245,10,0,-1,0,0
516.02,85.679,5.132,-3.479,245,5,0,-1,0,0
521.152,82.201,5.132,-3.479,245,0,0,-1,0,0
526.284,78.722,5.132,-3.479,245,0,0,-1,0,0
531.416,75.243,5.132,-3.479,245,0,0,-1,0,0
536.548,71.764,5.132,-3.479,245,0,0,-1,0,0
541.68,68.286,5.132,-3.479,245,0,0,-1,0,0
546.812,64.807,5.132,-3.479,245,0,0,-1,0,0
551.944,61.328,5.132,-3.479,245,0,0,-1,0,0
557.076,57.849,5.132,-3.479,245,0,0,0,0,0
562.208,54.371,5.132,-3.479,245,0,0,0,0,0
567.34,50.892,5.132,-3.479,245,0,0,0,0,0
572.473,47.413,5.132,-3.479,245,0,0,0,0,0
577.605,43.934,5.132,-3.479,245,0,0,0,0,0
582.737,40.456,5.132,-3.479,245,0,0,0,0,0
587.869,36.977,5.132,-3.479,245,0,0,0,0,0
593.001,33.498,5.132,-3.479,245,0,0,0,0,0
598.133,30.019,5.132,-3.479,245,0,0,0,0,0
603.265,26.541,5.132,-3.479,245,0,0,0,0,0
608.397,23.062,5.132,-3.479,245,0,0,0,0,0
613.529,19.583,5.132,-3.479,250,0,1,0,0,0
618.661,16.104,5.132,-3.479,255,0,1,0,0,0
623.793,12.626,5.132,-3.479,260,0,1,0,0,0
628.925,9.147,5.132,-3.479,265,0,1,0,0,0
634.058,6.0,5.132,3.479,270,0,1,0,0,0
639.19,9.479,5.132,3.479,275,0,1,0,0,0
644.322,12.958,5.132,3.479,280,0,1,0,0,0
649.454,16.436,5.132,3.479,285,0,1,0,0,0
654.586,19.915,5.132,3.479,290,0,1,0,0,0
659.718,23.394,5.132,3.479,295,0,1,0,0,0
664.85,26.873,5.132,3.479,300,0,1,0,0,0
669.982,30.351,5.132,3.479,305,0,1,0,0,0
675.114,33.83,5.132,3.479,305,0,0,0,0,0
680.246,37.309,5.132,3.479,305,0,0,0,0,0
685.378,40.788,5.132,3.479,305,0,0,0,0,0
690.51,44.266,5.132,3.479,305,0,0,0,0,0
695.643,47.745,5.132,3.479,305,5,0,1,0,0
700.775,51.224,5.132,3.479,305,10,0,1,0,0
705.907,54.703,5.132,3.479,305,15,0,1,0,0
711.039,58.181,5.132,3.479,305,20,0,1,0,0
716.171,61.66,5.132,3.479,305,25,0,1,0,0
721.303,65.139,5.132,3.479,305,25,0,0,0,0
726.435,68.618,5.132,3.479,305,25,0,0,0,0
731.567,72.096,5.132,3.479,305,25,0,0,0,0
736.699,75.575,5.132,3.479,305,25,0,0,0,0
741.831,79.054,5.132,3.479,305,25,0,0,0,0
746.963,82.533,5.132,3.479,305,25,0,0,0,0
752.095,86.011,5.132,3.479,305,25,0,0,0,0
751.0,89.49,-5.672,3.175,305,30,0,1,0,0
745.328,92.665,-5.672,3.175,305,35,0,1,0,0
739.656,95.839,-5.672,3.175,305,40,0,1,0,0
733.984,99.014,-5.672,3.175,305,45,0,1,0,0
728.312,102.188,-5.672,3.175,305,50,0,1,0,0
722.64,105.363,-5.672,3.175,305,55,0,1,0,0
716.968,108.537,-5.672,3.175,305,60,0,1,0,0
711.296,111.712,-5.672,3.175,305,65,0,1,0,0
705.624,114.887,-5.672,3.175,305,70,0,1,0,0
699.952,118.061,-5.672,3.175,305,75,0,1,0,0
694.279,121.236,-5.672,3.175,305,80,0,1,0,0
688.607,124.41,-5.672,3.175,305,80,0,0,0,0
682.935,127.585,-5.672,3.175,305,80,0,0,0,0
677.263,130.759,-5.672,3.175,305,80,0,0,0,0
671.591,133.934,-5.672,3.175,305,80,0,0,0,0
665.919,137.109,-5.672,3.175,305,80,0,0,0,0
660.247,140.283,-5.672,3.175,305,80,0,0,0,0
654.575,143.458,-5.672,3.175,305,80,0,0,0,0
648.903,146.632,-5.672,3.175,305,80,0,0,0,0
643.231,149.807,-5.672,3.175,305,75,0,-1,0,0
637.559,152.981,-5.672,3.175,305,70,0,-1,0,0
631.887,156.156,-5.672,3.175,305,65,0,-1,0,0
626.215,159.33,-5.672,3.175,305,60,0,-1,0,0
620.543,162.505,-5.672,3.175,305,55,0,-1,0,0
614.871,165.68,-5.672,3.175,305,50,0,-1,0,0
609.199,168.854,-5.672,3.175,305,45,0,-1,0,0
603.527,172.029,-5.672,3.175,305,40,0,-1,0,0
597.855,175.203,-5.672,3.175,305,35,0,-1,0,0
592.183,178.378,-5.672,3.175,305,30,0,-1,0,0
586.511,181.552,-5.672,3.175,305,25,0,-1,0,0
580.838,184.727,-5.672,3.175,305,20,0,-1,0,0
575.166,187.902,-5.672,3.175,305,15,0,-1,0,0
569.494,191.076,-5.672,3.175,305,10,0,-1,0,0
563.822,194.251,-5.672,3.175,305,5,0,-1,0,0
558.15,197.425,-5.672,3.175,305,5,0,0,0,0
552.478,200.6,-5.672,3.175,305,5,0,0,0,0
546.806,203.774,-5.672,3.175,305,5,0,0,0,0
541.134,206.949,-5.672,3.175,310,10,1,1,0,0
535.462,210.123,-5.672,3.175,315,15,1,1,0,0
529.79,213.298,-5.672,3.175,320,20,1,1,0,0
524.118,216.473,-5.672,3.175,325,25,1,1,0,0
518.446,219.647,-5.672,3.175,330,30,1,1,0,0
512.774,222.822,-5.672,3.175,335,35,1,1,0,0
507.102,225.996,-5.672,3.175,340,40,1,1,0,0
501.43,229.171,-5.672,3.175,345,45,1,1,0,0
495.758,232.345,-5.672,3.175,350,50,1,1,0,0
490.086,235.52,-5.672,3.175,355,55,1,1,0,0
484.414,238.695,-5.672,3.175,360,60,1,1,0,0
478.742,241.869,-5.672,3.175,360,65,0,1,0,0
473.07,245.044,-5.672,3.175,360,70,0,1,0,0
467.397,248.218,-5.672,3.175,360,75,0,1,0,0
461.725,251.393,-5.672,3.175,360,80,0,1,0,0
456.053,254.567,-5.672,3.175,360,85,0,1,0,0
450.381,257.742,-5.672,3.175,360,90,0,1,0,0
444.709,260.916,-5.672,3.175,360,95,0,1,0,0
439.037,264.091,-5.672,3.175,360,100,0,1,0,0
433.365,267.266,-5.672,3.175,360,105,0,1,0,0
427.693,270.44,-5.672,3.175,360,110,0,1,0,0
422.021,273.615,-5.672,3.175,360,115,0,1,0,0
416.349,276.789,-5.672,3.175,360,120,0,1,0,0
410.677,279.964,-5.672,3.175,360,125,0,1,0,0
405.005,283.138,-5.672,3.175,360,130,0,1,0,0
399.333,286.313,-5.672,3.175,360,135,0,1,0,0
393.661,289.488,-5.672,3.175,360,140,0,1,0,0
387.989,292.662,-5.672,3.175,360,145,0,1,0,0
382.317,295.837,-5.672,3.175,360,150,0,1,0,0
376.645,299.011,-5.672,3.175,360,155,0,1,0,0
370.973,302.186,-5.672,3.175,360,160,0,1,0,0
365.301,305.36,-5.672,3.175,360,165,0,1,0,0
359.629,308.535,-5.672,3.175,360,170,0,1,0,0
353.956,311.709,-5.672,3.175,360,175,0,1,0,0
348.284,314.884,-5.672,3.175,360,180,0,1,0,0
342.612,318.059,-5.672,3.175,360,185,0,1,0,0
336.94,321.233,-5.672,3.175,360,190,0,1,0,0
331.268,324.408,-5.672,3.175,360,195,0,1,0,0
325.596,327.582,-5.672,3.175,360,200,0,1,0,0
319.924,330.757,-5.672,3.175,360,205,0,1,0,0
314.252,333.931,-5.672,3.175,360,210,0,1,0,0
308.58,337.106,-5.672,3.175,360,215,0,1,0,0
302.908,340.281,-5.672,3.175,360,220,0,1,0,0
297.236,343.455,-5.672,3.175,360,225,0,1,0,0
291.564,346.63,-5.672,3.175,360,230,0,1,0,0
285.892,349.804,-5.672,3.175,360,235,0,1,0,0
280.22,352.979,-5.672,3.175,360,240,0,1,0,0
274.548,356.153,-5.672,3.175,360,245,0,1,0,0
268.876,359.328,-5.672,3.175,360,250,0,1,0,0
263.204,362.502,-5.672,3.175,360,255,0,1,0,0
257.532,365.677,-5.672,3.175,360,260,0,1,0,0
251.86,368.852,-5.672,3.175,365,265,1,1,0,0
246.188,372.026,-5.672,3.175,370,270,1,1,0,0
240.515,375.201,-5.672,3.175,375,275,1,1,0,0
234.843,378.375,-5.672,3.175,380,280,1,1,0,0
229.171,381.55,-5.672,3.175,385,285,1,1,0,0
223.499,384.724,-5.672,3.175,390,290,1,1,0,0
217.827,387.899,-5.672,3.175,395,295,1,1,0,0
212.155,391.074,-5.672,3.175,400,300,1,1,0,0
206.483,394.248,-5.672,3.175,405,305,1,1,0,0
200.811,397.423,-5.672,3.175,410,310,1,1,0,0
195.139,400.597,-5.672,3.175,415,315,1,1,0,0
189.467,403.772,-5.672,3.175,420,320,1,1,0,0
183.795,406.946,-5.672,3.175,425,325,1,1,0,0
178.123,410.121,-5.672,3.175,430,330,1,1,0,0
172.451,413.295,-5.672,3.175,435,335,1,1,0,0
166.779,416.47,-5.672,3.175,435,340,0,1,0,0
161.107,419.645,-5.672,3.175,435,345,0,1,0,0
155.435,422.819,-5.672,3.175,435,350,0,1,0,0
149.763,425.994,-5.672,3.175,435,355,0,1,0,0
144.091,429.168,-5.672,3.175,435,360,0,1,0,0
138.419,432.343,-5.672,3.175,435,365,0,1,0,0
132.747,435.517,-5.672,3.175,435,370,0,1,0,0
127.074,438.692,-5.672,3.175,435,375,0,1,0,0
121.402,441.867,-5.672,3.175,435,380,0,1,0,0
115.73,445.041,-5.672,3.175,435,380,0,0,0,0
110.058,448.216,-5.672,3.175,435,380,0,0,0,0
104.386,451.39,-5.672,3.175,435,380,0,0,0,0
98.714,454.565,-5.672,3.175,435,380,0,0,0,0
93.042,457.739,-5.672,3.175,435,380,0,0,0,0
87.37,460.914,-5.672,3.175,435,380,0,0,0,0
81.698,464.088,-5.672,3.175,435,380,0,0,0,0
76.026,467.263,-5.672,3.175,435,380,0,0,0,0
70.354,470.438,-5.672,3.175,435,380,0,0,0,0
64.682,473.612,-5.672,3.175,435,380,0,0,0,0
59.01,476.787,-5.672,3.175,435,380,0,0,0,0
53.338,479.961,-5.672,3.175,435,380,0,0,0,0
49.0,483.136,6.646,1.437,435,380,0,0,0,0
55.646,484.573,6.646,1.437,435,380,0,0,0,0
62.293,486.011,6.646,1.437,435,380,0,0,0,0
68.939,487.448,6.646,1.437,435,380,0,0,0,0
75.585,488.886,6.646,1.437,435,385,0,1,0,0
82.232,490.323,6.646,1.437,435,390,0,1,0,0
88.878,491.76,6.646,1.437,435,395,0,1,0,0
95.524,493.198,6.646,1.437,435,400,0,1,0,0
102.171,494.635,6.646,1.437,435,405,0,1,0,0
108.817,496.073,6.646,1.437,435,410,0,1,0,0
115.463,497.51,6.646,1.437,435,415,0,1,0,0
122.11,498.948,6.646,1.437,435,420,0,1,0,0
128.756,500.385,6.646,1.437,435,425,0,1,0,0
135.402,501.823,6.646,1.437,435,430,0,1,0,0
142.049,503.26,6.646,1.437,435,435,0,1,0,0
148.695,504.697,6.646,1.437,435,435,0,0,0,0
155.341,506.135,6.646,1.437,435,435,0,0,0,0
161.988,507.572,6.646,1.437,435,435,0,0,0,0
168.634,509.01,6.646,1.437,435,435,0,0,0,0
175.28,510.447,6.646,1.437,435,435,0,0,0,0
181.927,511.885,6.646,1.437,435,435,0,0,0,0
188.573,513.322,6.646,1.437,435,435,0,0,0,0
195.219,514.76,6.646,1.437,435,435,0,0,0,0
201.866,516.197,6.646,1.437,435,435,0,0,0,0
208.512,517.634,6.646,1.437,435,435,0,0,0,0
215.158,519.072,6.646,1.437,435,435,0,0,0,0
221.805,520.509,6.646,1.437,435,435,0,0,0,0
228.451,521.947,6.646,1.437,435,435,0,0,0,0
235.097,523.384,6.646,1.437,435,435,0,0,0,0
241.744,524.822,6.646,1.437,435,435,0,0,0,0
248.39,526.259,6.646,1.437,435,435,0,0,0,0
255.036,527.697,6.646,1.437,435,435,0,0,0,0
261.683,529.134,6.646,1.437,435,435,0,0,0,0
268.329,530.571,6.646,1.437,435,435,0,0,0,0
274.975,532.009,6.646,1.437,430,435,-1,0,0,0
281.622,533.446,6.646,1.437,425,435,-1,0,0,0
288.268,534.884,6.646,1.437,420,435,-1,0,0,0
294.914,536.321,6.646,1.437,415,435,-1,0,0,0
301.561,537.759,6.646,1.437,410,440,-1,1,0,0
308.207,539.196,6.646,1.437,405,445,-1,1,0,0
314.853,540.634,6.646,1.437,400,450,-1,1,0,0
321.5,542.071,6.646,1.437,395,455,-1,1,0,0
328.146,543.508,6.646,1.437,390,460,-1,1,0,0
334.792,544.946,6.646,1.437,385,465,-1,1,0,0
341.439,546.383,6.646,1.437,380,470,-1,1,0,0
348.085,547.821,6.646,1.437,375,475,-1,1,0,0
354.731,549.258,6.646,1.437,375,480,0,1,0,0
361.378,550.696,6.646,1.437,375,485,0,1,0,0
368.024,552.133,6.646,1.437,375,490,0,1,0,0
374.67,553.571,6.646,1.437,375,495,0,1,0,0
381.317,555.008,6.646,1.437,375,500,0,1,0,0
387.963,556.445,6.646,1.437,375,505,0,1,0,0
394.609,557.883,6.646,1.437,375,510,0,1,0,0
401.256,559.32,6.646,1.437,375,515,0,1,0,0
407.902,560.758,6.646,1.437,375,520,0,1,0,0
414.548,562.195,6.646,1.437,375,520,0,1,0,0
421.195,563.633,6.646,1.437,375,520,0,1,0,0
427.841,565.07,6.646,1.437,375,520,0,1,0,0
434.487,566.507,6.646,1.437,375,520,0,0,0,0
441.134,567.945,6.646,1.437,375,520,0,0,0,0
447.78,569.382,6.646,1.437,375,520,0,0,0,0
454.426,570.82,6.646,1.437,375,520,0,0,0,0
461.073,572.257,6.646,1.437,375,520,0,0,0,0
467.719,573.695,6.646,1.437,375,520,0,0,0,0
474.365,575.132,6.646,1.437,375,520,0,0,0,0
481.012,576.57,6.646,1.437,375,520,0,0,0,0
487.658,578.007,6.646,1.437,375,520,0,0,0,0
494.304,579.444,6.646,1.437,375,520,0,0,0,0
500.951,580.882,6.646,1.437,375,520,0,0,0,0
507.597,582.319,6.646,1.437,375,520,0,0,0,0
514.243,583.757,6.646,1.437,375,520,0,0,0,0
520.89,585.194,6.646,1.437,375,520,0,0,0,0
527.536,586.632,6.646,1.437,375,520,0,0,0,0
534.182,588.069,6.646,1.437,375,520,0,0,0,0
540.829,589.507,6.646,1.437,375,520,0,0,0,0
547.475,590.944,6.646,1.437,375,520,0,0,0,0
554.121,592.381,6.646,1.437,375,520,0,0,0,0
560.768,593.819,6.646,1.437,375,520,0,0,0,0
567.414,594.0,6.646,-1.437,375,520,0,0,0,0
574.06,592.563,6.646,-1.437,375,520,0,0,0,0
580.707,591.125,6.646,-1.437,375,520,0,0,0,0
587.353,589.688,6.646,-1.437,375,520,0,0,0,0
593.999,588.25,6.646,-1.437,375,520,0,0,0,0
600.646,586.813,6.646,-1.437,375,520,0,0,0,0
607.292,585.375,6.646,-1.437,375,520,0,0,0,0
613.938,583.938,6.646,-1.437,375,520,0,0,0,0
620.585,582.5,6.646,-1.437,375,520,0,0,0,0
627.231,581.063,6.646,-1.437,375,520,0,0,0,0
633.877,579.626,6.646,-1.437,375,520,0,0,0,0
640.524,578.188,6.646,-1.437,375,520,0,0,0,0
647.17,576.751,6.646,-1.437,375,520,0,0,0,0
653.816,575.313,6.646,-1.437,375,520,0,0,0,0
660.463,573.876,6.646,-1.437,375,520,0,0,0,0
667.109,572.438,6.646,-1.437,375,520,0,0,0,0
673.755,571.001,6.646,-1.437,375,520,0,0,0,0
680.402,569.563,6.646,-1.437,375,520,0,0,0,0
687.048,568.126,6.646,-1.437,375,520,0,0,0,0
693.694,566.689,6.646,-1.437,375,520,0,0,0,0
700.341,565.251,6.646,-1.437,375,520,0,0,0,0
706.987,563.814,6.646,-1.437,375,520,0,0,0,0
713.633,562.376,6.646,-1.437,375,520,0,0,0,0
720.28,560.939,6.646,-1.437,375,520,0,0,0,0
726.926,559.501,6.646,-1.437,375,520,0,0,0,0
733.572,558.064,6.646,-1.437,375,520,0,0,0,0
740.219,556.626,6.646,-1.437,375,520,0,0,0,0
746.865,555.189,6.646,-1.437,375,520,0,0,0,0
751.0,553.752,-7.005,-1.156,375,520,0,0,0,0
743.995,552.595,-7.005,-1.156,375,520,0,0,0,0
736.99,551.439,-7.005,-1.156,375,520,0,0,0,0
729.984,550.283,-7.005,-1.156,375,520,0,0,0,0
722.979,549.127,-7.005,-1.156,375,520,0,0,0,0
715.974,547.97,-7.005,-1.156,375,520,0,0,0,0
708.969,546.814,-7.005,-1.156,375,520,0,0,0,0
701.963,545.658,-7.005,-1.156,375,520,0,0,0,0
694.958,544.502,-7.005,-1.156,375,520,0,1,0,0
687.953,543.345,-7.005,-1.156,375,520,0,1,0,0
680.948,542.189,-7.005,-1.156,375,520,0,1,0,0
673.943,541.033,-7.005,-1.156,375,520,0,1,0,0
666.937,539.876,-7.005,-1.156,375,520,0,1,0,0
659.932,538.72,-7.005,-1.156,375,520,0,1,0,0
652.927,537.564,-7.005,-1.156,375,520,0,1,0,0
645.922,536.408,-7.005,-1.156,375,520,0,1,0,0
638.917,535.251,-7.005,-1.156,375,520,0,1,0,0
631.911,534.095,-7.005,-1.156,375,520,0,1,0,0
624.906,532.939,-7.005,-1.156,375,520,0,1,0,0
617.901,531.783,-7.005,-1.156,375,520,0,1,0,0
610.896,530.626,-7.005,-1.156,375,520,0,1,0,0
603.89,529.47,-7.005,-1.156,375,520,0,1,0,0
596.885,528.314,-7.005,-1.156,375,520,0,1,0,0
589.88,527.158,-7.005,-1.156,375,520,0,0,0,0
582.875,526.001,-7.005,-1.156,375,520,0,0,0,0
575.87,524.845,-7.005,-1.156,370,520,-1,0,0,0
568.864,523.689,-7.005,-1.156,365,520,-1,0,0,0
561.859,522.533,-7.005,-1.156,360,520,-1,0,0,0
554.854,521.376,-7.005,-1.156,360,520,0,0,0,0
547.849,520.22,-7.005,-1.156,360,520,0,0,0,0
540.844,519.064,-7.005,-1.156,360,520,0,0,0,0
533.838,517.907,-7.005,-1.156,360,520,0,0,0,0
526.833,516.751,-7.005,-1.156,360,520,0,0,0,0
519.828,515.595,-7.005,-1.156,360,520,0,0,0,0
512.823,514.439,-7.005,-1.156,360,520,0,0,0,0
505.817,513.282,-7.005,-1.156,360,520,0,0,0,0
498.812,512.126,-7.005,-1.156,360,520,0,0,0,0
491.807,510.97,-7.005,-1.156,360,520,0,0,0,0
484.802,509.814,-7.005,-1.156,360,520,0,0,0,0
477.797,508.657,-7.005,-1.156,360,520,0,0,0,0
470.791,507.501,-7.005,-1.156,360,520,0,0,0,0
463.786,506.345,-7.005,-1.156,360,520,0,0,0,0
456.781,505.189,-7.005,-1.156,360,520,0,0,0,0
449.776,504.032,-7.005,-1.156,360,520,0,0,0,0
442.77,502.876,-7.005,-1.156,360,520,0,0,0,0
435.765,501.72,-7.005,-1.156,360,520,0,0,0,0
428.76,500.564,-7.005,-1.156,360,520,0,0,0,0
421.755,499.407,-7.005,-1.156,360,520,0,0,0,0
414.75,498.251,-7.005,-1.156,360,520,0,0,0,0
407.744,497.095,-7.005,-1.156,360,520,0,0,0,0
400.739,495.938,-7.005,-1.156,360,520,0,0,0,0
393.734,494.782,-7.005,-1.156,360,520,0,0,0,0
386.729,493.626,-7.005,-1.156,360,520,0,0,0,0
379.724,492.47,-7.005,-1.156,360,520,0,0,0,0
372.718,491.313,-7.005,-1.156,360,520,0,0,0,0
365.713,490.157,-7.005,-1.156,360,520,0,0,0,0
358.708,489.001,-7.005,-1.156,360,520,0,0,0,0
351.703,487.845,-7.005,-1.156,360,520,0,0,0,0
344.697,486.688,-7.005,-1.156,360,520,0,0,0,0
337.692,485.532,-7.005,-1.156,360,520,0,0,0,0
330.687,484.376,-7.005,-1.156,360,520,0,0,0,0
323.682,483.22,-7.005,-1.156,360,520,0,0,0,0
316.677,482.063,-7.005,-1.156,360,520,0,0,0,0
309.671,480.907,-7.005,-1.156,360,520,0,0,0,0
302.666,479.751,-7.005,-1.156,360,520,0,0,0,0
295.661,478.595,-7.005,-1.156,360,520,0,0,0,0
288.656,477.438,-7.005,-1.156,365,520,1,0,0,0
281.65,476.282,-7.005,-1.156,370,520,1,0,0,0
274.645,475.126,-7.005,-1.156,375,520,1,0,0,0
267.64,473.97,-7.005,-1.156,380,520,1,0,0,0
260.635,472.813,-7.005,-1.156,385,520,1,0,0,0
253.63,471.657,-7.005,-1.156,390,520,1,0,0,0
246.624,470.501,-7.005,-1.156,395,520,1,0,0,0
239.619,469.344,-7.005,-1.156,400,520,1,0,0,0
232.614,468.188,-7.005,-1.156,405,520,1,0,0,0
225.609,467.032,-7.005,-1.156,410,520,1,0,0,0
218.604,465.876,-7.005,-1.156,415,520,1,0,0,0
211.598,464.719,-7.005,-1.156,420,520,1,0,0,0
204.593,463.563,-7.005,-1.156,425,515,1,-1,0,0
197.588,462.407,-7.005,-1.156,430,510,1,-1,0,0
190.583,461.251,-7.005,-1.156,435,505,1,-1,0,0
183.577,460.094,-7.005,-1.156,440,500,1,-1,0,0
176.572,458.938,-7.005,-1.156,445,495,1,-1,0,0
169.567,457.782,-7.005,-1.156,450,490,1,-1,0,0
162.562,456.626,-7.005,-1.156,455,485,1,-1,0,0
155.557,455.469,-7.005,-1.156,455,485,0,0,0,0
148.551,454.313,-7.005,-1.156,455,485,0,0,0,0
141.546,453.157,-7.005,-1.156,455,485,0,0,0,0
134.541,452.001,-7.005,-1.156,455,485,0,0,0,0
127.536,450.844,-7.005,-1.156,455,485,0,0,0,0
120.531,449.688,-7.005,-1.156,455,485,0,0,0,0
113.525,448.532,-7.005,-1.156,455,485,0,0,0,0
106.52,447.375,-7.005,-1.156,455,485,0,0,0,0
99.515,446.219,-7.005,-1.156,455,485,0,0,0,0
92.51,445.063,-7.005,-1.156,455,485,0,0,0,0
85.504,443.907,-7.005,-1.156,455,485,0,0,0,0
78.499,442.75,-7.005,-1.156,455,485,0,0,0,0
71.494,441.594,-7.005,-1.156,455,485,0,0,0,0
64.489,440.438,-7.005,-1.156,455,485,0,0,0,0
57.484,439.282,-7.005,-1.156,455,480,0,-1,0,0
50.478,438.125,-7.005,-1.156,455,475,0,-1,0,0
43.473,436.969,-7.005,-1.156,455,470,0,-1,0,0
36.468,435.813,-7.005,-1.156,455,465,0,-1,0,0
29.463,434.657,-7.005,-1.156,455,460,0,-1,0,0
22.457,433.5,-7.005,-1.156,455,455,0,-1,0,0
15.452,432.344,-7.005,-1.156,455,450,0,-1,0,0
8.447,431.188,-7.005,-1.156,455,445,0,-1,0,0
1.442,430.032,-7.005,-1.156,455,440,0,-1,0,0
-5.563,428.875,-7.005,-1.156,455,435,0,-1,0,0
400.0,300.0,3.946,-3.07,455,430,0,-1,0,1
403.946,296.93,3.946,-3.07,455,430,0,0,0,0
407.893,293.859,3.946,-3.07,455,430,0,0,0,0
411.839,290.789,3.946,-3.07,455,430,0,0,0,0
415.785,287.719,3.946,-3.07,455,430,0,0,0,0
419.731,284.648,3.946,-3.07,455,430,0,0,0,0
423.678,281.578,3.946,-3.07,455,430,0,0,0,0
427.624,278.508,3.946,-3.07,455,430,0,0,0,0
431.57,275.437,3.946,-3.07,455,430,0,0,0,0
435.516,272.367,3.946,-3.07,455,430,0,0,0,0
439.463,269.297,3.946,-3.07,455,430,0,0,0,0
443.409,266.226,3.946,-3.07,455,430,0,0,0,0
447.355,263.156,3.946,-3.07,455,430,0,0,0,0
451.302,260.086,3.946,-3.07,455,430,0,0,0,0
455.248,257.015,3.946,-3.07,455,430,0,0,0,0
459.194,253.945,3.946,-3.07,455,430,0,0,0,0
463.14,250.875,3.946,-3.07,455,430,0,0,0,0
467.087,247.804,3.946,-3.07,455,430,0,0,0,0
471.033,244.734,3.946,-3.07,455,430,0,0,0,0
474.979,241.664,3.946,-3.07,455,430,0,0,0,0
478.925,238.593,3.946,-3.07,455,430,0,0,0,0
482.872,235.523,3.946,-3.07,455,430,0,0,0,0
486.818,232.453,3.946,-3.07,455,425,0,-1,0,0
490.764,229.382,3.946,-3.07,455,420,0,-1,0,0
494.711,226.312,3.946,-3.07,455,415,0,-1,0,0
498.657,223.242,3.946,-3.07,455,410,0,-1,0,0
502.603,220.171,3.946,-3.07,455,405,0,-1,0,0
506.549,217.101,3.946,-3.07,455,400,0,-1,0,0
510.496,214.031,3.946,-3.07,455,395,0,-1,0,0
514.442,210.96,3.946,-3.07,455,390,0,-1,0,0
518.388,207.89,3.946,-3.07,455,385,0,-1,0,0
522.334,204.82,3.946,-3.07,455,380,0,-1,0,0
526.281,201.749,3.946,-3.07,455,375,0,-1,0,0
530.227,198.679,3.946,-3.07,455,370,0,-1,0,0
534.173,195.609,3.946,-3.07,455,365,0,-1,0,0
538.119,192.538,3.946,-3.07,450,360,-1,-1,0,0
542.066,189.468,3.946,-3.07,445,355,-1,-1,0,0
546.012,186.398,3.946,-3.07,440,350,-1,-1,0,0
549.958,183.327,3.946,-3.07,435,345,-1,-1,0,0
553.905,180.257,3.946,-3.07,430,340,-1,-1,0,0
557.851,177.187,3.946,-3.07,425,335,-1,-1,0,0
561.797,174.116,3.946,-3.07,420,330,-1,-1,0,0
565.743,171.046,3.946,-3.07,415,325,-1,-1,0,0
569.69,167.976,3.946,-3.07,410,320,-1,-1,0,0
573.636,164.905,3.946,-3.07,405,315,-1,-1,0,0
577.582,161.835,3.946,-3.07,400,310,-1,-1,0,0
581.528,158.765,3.946,-3.07,395,305,-1,-1,0,0
585.475,155.694,3.946,-3.07,395,300,0,-1,0,0
589.421,152.624,3.946,-3.07,395,295,0,-1,0,0
593.367,149.554,3.946,-3.07,395,290,0,-1,0,0
597.314,146.483,3.946,-3.07,395,285,0,-1,0,0
601.26,143.413,3.946,-3.07,395,280,0,-1,0,0
605.206,140.343,3.946,-3.07,395,275,0,-1,0,0
609.152,137.272,3.946,-3.07,395,270,0,-1,0,0
613.099,134.202,3.946,-3.07,395,265,0,-1,0,0
617.045,131.132,3.946,-3.07,395,260,0,-1,0,0
620.991,128.061,3.946,-3.07,395,255,0,-1,0,0
624.937,124.991,3.946,-3.07,395,250,0,-1,0,0
628.884,121.921,3.946,-3.07,395,245,0,-1,0,0
632.83,118.85,3.946,-3.07,395,240,0,-1,0,0
636.776,115.78,3.946,-3.07,395,235,0,-1,0,0
640.723,112.71,3.946,-3.07,395,230,0,-1,0,0
644.669,109.639,3.946,-3.07,395,225,0,-1,0,0
648.615,106.569,3.946,-3.07,395,220,0,-1,0,0
652.561,103.499,3.946,-3.07,395,215,0,-1,0,0
656.508,100.428,3.946,-3.07,395,210,0,-1,0,0
660.454,97.358,3.946,-3.07,395,205,0,-1,0,0
664.4,94.288,3.946,-3.07,395,200,0,-1,0,0
668.346,91.217,3.946,-3.07,395,195,0,-1,0,0
672.293,88.147,3.946,-3.07,395,190,0,-1,0,0
676.239,85.077,3.946,-3.07,395,185,0,-1,0,0
680.185,82.006,3.946,-3.07,395,180,0,-1,0,0
684.132,78.936,3.946,-3.07,395,175,0,-1,0,0
688.078,75.866,3.946,-3.07,395,170,0,-1,0,0
692.024,72.795,3.946,-3.07,395,165,0,-1,0,0
695.97,69.725,3.946,-3.07,395,160,0,-1,0,0
699.917,66.655,3.946,-3.07,395,155,0,-1,0,0
703.863,63.584,3.946,-3.07,395,150,0,-1,0,0
707.809,60.514,3.946,-3.07,395,145,0,-1,0,0
711.755,57.444,3.946,-3.07,395,140,0,-1,0,0
715.702,54.373,3.946,-3.07,395,135,0,-1,0,0
719.648,51.303,3.946,-3.07,395,130,0,-1,0,0
723.594,48.233,3.946,-3.07,395,125,0,-1,0,0
727.541,45.162,3.946,-3.07,395,120,0,-1,0,0
731.487,42.092,3.946,-3.07,395,115,0,-1,0,0
735.433,39.022,3.946,-3.07,395,110,0,-1,0,0
739.379,35.951,3.946,-3.07,395,105,0,-1,0,0
743.326,32.881,3.946,-3.07,395,100,0,-1,0,0
747.272,29.811,3.946,-3.07,395,95,0,-1,0,0
751.218,26.74,3.946,-3.07,395,90,0,-1,0,0
755.164,23.67,3.946,-3.07,395,85,0,-1,0,0
759.111,20.6,3.946,-3.07,395,80,0,-1,0,0
763.057,17.529,3.946,-3.07,395,75,0,-1,0,0
767.003,14.459,3.946,-3.07,395,70,0,-1,0,0
770.95,11.389,3.946,-3.07,395,65,0,-1,0,0
774.896,8.318,3.946,-3.07,395,60,0,-1,0,0
778.842,6.0,3.946,3.07,395,55,0,-1,0,0
782.788,9.07,3.946,3.07,395,50,0,-1,0,0
786.735,12.141,3.946,3.07,395,45,0,-1,0,0
790.681,15.211,3.946,3.07,395,40,0,-1,0,0
794.627,18.281,3.946,3.07,395,35,0,-1,0,0
798.573,21.352,3.946,3.07,395,30,0,-1,0,0
802.52,24.422,3.946,3.07,395,25,0,-1,0,0
400.0,300.0,-4.58,-2.006,395,20,0,-1,1,0
395.42,297.994,-4.58,-2.006,395,20,0,0,0,0
390.84,295.988,-4.58,-2.006,395,20,0,0,0,0
386.26,293.982,-4.58,-2.006,395,20,0,0,0,0
381.68,291.976,-4.58,-2.006,395,20,0,0,0,0
377.1,289.97,-4.58,-2.006,395,20,0,0,0,0
372.52,287.964,-4.58,-2.006,395,20,0,0,0,0
367.94,285.958,-4.58,-2.006,395,20,0,0,0,0
363.36,283.952,-4.58,-2.006,395,20,0,0,0,0
358.78,281.946,-4.58,-2.006,395,20,0,0,0,0
354.201,279.94,-4.58,-2.006,395,20,0,0,0,0
349.621,277.934,-4.58,-2.006,395,20,0,0,0,0
345.041,275.928,-4.58,-2.006,395,20,0,0,0,0
340.461,273.922,-4.58,-2.006,395,20,0,0,0,0
335.881,271.916,-4.58,-2.006,395,20,0,0,0,0
331.301,269.91,-4.58,-2.006,395,20,0,0,0,0
326.721,267.904,-4.58,-2.006,395,20,0,0,0,0
322.141,265.898,-4.58,-2.006,395,20,0,0,0,0
317.561,263.892,-4.58,-2.006,395,25,0,1,0,0
312.981,261.886,-4.58,-2.006,395,30,0,1,0,0
308.401,259.88,-4.58,-2.006,395,35,0,1,0,0
303.821,257.874,-4.58,-2.006,395,40,0,1,0,0
299.241,255.868,-4.58,-2.006,395,45,0,1,0,0
294.661,253.862,-4.58,-2.006,395,50,0,1,0,0
290.081,251.856,-4.58,-2.006,395,55,0,1,0,0
285.501,249.85,-4.58,-2.006,395,60,0,1,0,0
280.921,247.844,-4.58,-2.006,395,65,0,1,0,0
276.341,245.838,-4.58,-2.006,395,70,0,1,0,0
271.761,243.832,-4.58,-2.006,395,75,0,1,0,0
267.182,241.826,-4.58,-2.006,395,80,0,1,0,0
262.602,239.82,-4.58,-2.006,390,80,-1,0,0,0
258.022,237.814,-4.58,-2.006,385,80,-1,0,0,0
253.442,235.808,-4.58,-2.006,380,80,-1,0,0,0
248.862,233.802,-4.58,-2.006,375,80,-1,0,0,0
244.282,231.796,-4.58,-2.006,370,80,-1,0,0,0
239.702,229.79,-4.58,-2.006,365,80,-1,0,0,0
235.122,227.784,-4.58,-2.006,360,80,-1,0,0,0
230.542,225.778,-4.58,-2.006,355,80,-1,0,0,0
225.962,223.772,-4.58,-2.006,350,80,-1,0,0,0
221.382,221.766,-4.58,-2.006,345,80,-1,0,0,0
216.802,219.76,-4.58,-2.006,340,80,-1,0,0,0
212.222,217.754,-4.58,-2.006,335,80,-1,0,0,0
207.642,215.748,-4.58,-2.006,330,80,-1,0,0,0
203.062,213.742,-4.58,-2.006,325,80,-1,0,0,0
198.482,211.736,-4.58,-2.006,320,80,-1,0,0,0
193.902,209.73,-4.58,-2.006,315,80,-1,0,0,0
189.322,207.724,-4.58,-2.006,310,80,-1,0,0,0
184.742,205.718,-4.58,-2.006,305,80,-1,0,0,0
180.163,203.711,-4.58,-2.006,300,80,-1,0,0,0
175.583,201.705,-4.58,-2.006,295,80,-1,0,0,0
171.003,199.699,-4.58,-2.006,290,80,-1,0,0,0
166.423,197.693,-4.58,-2.006,285,80,-1,0,0,0
161.843,195.687,-4.58,-2.006,280,80,-1,0,0,0
157.263,193.681,-4.58,-2.006,275,80,-1,0,0,0
152.683,191.675,-4.58,-2.006,270,80,-1,0,0,0
148.103,189.669,-4.58,-2.006,265,80,-1,0,0,0
143.523,187.663,-4.58,-2.006,260,80,-1,0,0,0
138.943,185.657,-4.58,-2.006,255,80,-1,0,0,0
134.363,183.651,-4.58,-2.006,250,80,-1,0,0,0
129.783,181.645,-4.58,-2.006,245,80,-1,0,0,0
125.203,179.639,-4.58,-2.006,240,80,-1,0,0,0
120.623,177.633,-4.58,-2.006,235,80,-1,0,0,0
116.043,175.627,-4.58,-2.006,230,80,-1,0,0,0
111.463,173.621,-4.58,-2.006,225,80,-1,0,0,0
106.883,171.615,-4.58,-2.006,220,80,-1,0,0,0
102.303,169.609,-4.58,-2.006,215,80,-1,0,0,0
97.723,167.603,-4.58,-2.006,210,80,-1,0,0,0
93.143,165.597,-4.58,-2.006,205,80,-1,0,0,0
88.564,163.591,-4.58,-2.006,200,80,-1,0,0,0
83.984,161.585,-4.58,-2.006,195,80,-1,0,0,0
79.404,159.579,-4.58,-2.006,190,80,-1,0,0,0
74.824,157.573,-4.58,-2.006,185,80,-1,0,0,0
70.244,155.567,-4.58,-2.006,180,80,-1,0,0,0
65.664,153.561,-4.58,-2.006,175,80,-1,0,0,0
61.084,151.555,-4.58,-2.006,170,80,-1,0,0,0
56.504,149.549,-4.58,-2.006,165,80,-1,0,0,0
51.924,147.543,-4.58,-2.006,160,80,-1,0,0,0
47.344,145.537,-4.58,-2.006,155,80,-1,0,0,0
42.764,143.531,-4.58,-2.006,150,80,-1,0,0,0
49.0,141.525,2.65,-4.59,145,80,-1,0,0,0
51.65,136.935,2.65,-4.59,140,80,-1,0,0,0
54.3,132.345,2.65,-4.59,135,80,-1,0,0,0
56.95,127.755,2.65,-4.59,130,80,-1,0,0,0
59.6,123.165,2.65,-4.59,125,80,-1,0,0,0
62.25,118.575,2.65,-4.59,120,80,-1,0,0,0
64.9,113.986,2.65,-4.59,115,80,-1,0,0,0
67.55,109.396,2.65,-4.59,110,80,-1,0,0,0
70.2,104.806,2.65,-4.59,105,80,-1,0,0,0
72.85,100.216,2.65,-4.59,100,80,-1,0,0,0
75.5,95.626,2.65,-4.59,95,80,-1,0,0,0
78.15,91.036,2.65,-4.59,90,80,-1,0,0,0
80.8,86.446,2.65,-4.59,85,80,-1,0,0,0
83.45,81.856,2.65,-4.59,80,80,-1,0,0,0
86.1,77.266,2.65,-4.59,75,80,-1,0,0,0
88.75,72.676,2.65,-4.59,70,80,-1,0,0,0
91.4,68.086,2.65,-4.59,65,80,-1,0,0,0
94.05,63.496,2.65,-4.59,60,80,-1,0,0,0
96.7,58.906,2.65,-4.59,55,80,-1,0,0,0
99.35,54.316,2.65,-4.59,50,80,-1,0,0,0
102.0,49.726,2.65,-4.59,45,80,-1,0,0,0
104.65,45.137,2.65,-4.59,45,80,0,0,0,0
107.3,40.547,2.65,-4.59,45,80,0,0,0,0
109.95,35.957,2.65,-4.59,45,80,0,0,0,0
112.6,31.367,2.65,-4.59,45,80,0,0,0,0
115.25,26.777,2.65,-4.59,45,80,0,0,0,0
117.9,22.187,2.65,-4.59,45,85,0,1,0,0
120.55,17.597,2.65,-4.59,45,90,0,1,0,0
123.2,13.007,2.65,-4.59,45,95,0,1,0,0
125.85,8.417,2.65,-4.59,45,100,0,1,0,0
128.5,6.0,2.65,4.59,45,105,0,1,0,0
131.15,10.59,2.65,4.59,45,110,0,1,0,0
133.8,15.18,2.65,4.59,45,115,0,1,0,0
136.45,19.77,2.65,4.59,45,120,0,1,0,0
139.1,24.36,2.65,4.59,45,125,0,1,0,0
141.75,28.95,2.65,4.59,45,130,0,1,0,0
144.4,33.54,2.65,4.59,45,135,0,1,0,0
147.05,38.13,2.65,4.59,45,140,0,1,0,0
149.7,42.719,2.65,4.59,45,145,0,1,0,0
152.35,47.309,2.65,4.59,45,150,0,1,0,0
155.0,51.899,2.65,4.59,45,155,0,1,0,0
157.65,56.489,2.65,4.59,45,160,0,1,0,0
160.3,61.079,2.65,4.59,45,165,0,1,0,0
162.95,65.669,2.65,4.59,50,170,1,1,0,0
165.6,70.259,2.65,4.59,55,175,1,1,0,0
168.25,74.849,2.65,4.59,60,180,1,1,0,0
170.9,79.439,2.65,4.59,65,185,1,1,0,0
173.55,84.029,2.65,4.59,70,190,1,1,0,0
176.2,88.619,2.65,4.59,75,195,1,1,0,0
178.85,93.209,2.65,4.59,80,200,1,1,0,0
181.5,97.799,2.65,4.59,85,205,1,1,0,0
184.15,102.389,2.65,4.59,90,210,1,1,0,0
186.8,106.979,2.65,4.59,95,215,1,1,0,0
189.45,111.568,2.65,4.59,100,220,1,1,0,0
192.1,116.158,2.65,4.59,105,225,1,1,0,0
194.75,120.748,2.65,4.59,110,230,1,1,0,0
197.4,125.338,2.65,4.59,115,235,1,1,0,0
200.05,129.928,2.65,4.59,120,240,1,1,0,0
202.7,134.518,2.65,4.59,125,245,1,1,0,0
205.35,139.108,2.65,4.59,130,250,1,1,0,0
208.0,143.698,2.65,4.59,135,255,1,1,0,0
210.65,148.288,2.65,4.59,140,260,1,1,0,0
213.3,152.878,2.65,4.59,140,265,0,1,0,0
215.95,157.468,2.65,4.59,140,270,0,1,0,0
218.6,162.058,2.65,4.59,140,275,0,1,0,0
221.25,166.648,2.65,4.59,140,280,0,1,0,0
223.9,171.238,2.65,4.59,140,285,0,1,0,0
226.55,175.828,2.65,4.59,140,290,0,1,0,0
229.2,180.418,2.65,4.59,140,295,0,1,0,0
231.85,185.007,2.65,4.59,140,300,0,1,0,0
234.5,189.597,2.65,4.59,140,305,0,1,0,0
237.15,194.187,2.65,4.59,140,310,0,1,0,0
239.8,198.777,2.65,4.59,140,315,0,1,0,0
242.45,203.367,2.65,4.59,140,320,0,1,0,0
245.1,207.957,2.65,4.59,140,325,0,1,0,0
247.75,212.547,2.65,4.59,140,330,0,1,0,0
250.4,217.137,2.65,4.59,140,335,0,1,0,0
253.05,221.727,2.65,4.59,140,340,0,1,0,0
255.7,226.317,2.65,4.59,140,345,0,1,0,0
258.35,230.907,2.65,4.59,140,350,0,1,0,0
261.0,235.497,2.65,4.59,140,355,0,1,0,0
263.65,240.087,2.65,4.59,140,360,0,1,0,0
266.3,244.677,2.65,4.59,140,365,0,1,0,0
268.95,249.267,2.65,4.59,140,370,0,1,0,0
271.6,253.856,2.65,4.59,145,375,1,1,0,0
274.25,258.446,2.65,4.59,150,380,1,1,0,0
276.9,263.036,2.65,4.59,155,385,1,1,0,0
279.55,267.626,2.65,4.59,160,390,1,1,0,0
282.2,272.216,2.65,4.59,165,395,1,1,0,0
284.85,276.806,2.65,4.59,170,400,1,1,0,0
287.5,281.396,2.65,4.59,175,405,1,1,0,0
290.15,285.986,2.65,4.59,180,410,1,1,0,0
292.8,290.576,2.65,4.59,185,415,1,1,0,0
295.45,295.166,2.65,4.59,190,420,1,1,0,0
298.1,299.756,2.65,4.59,195,425,1,1,0,0
300.75,304.346,2.65,4.59,200,430,1,1,0,0
303.4,308.936,2.65,4.59,205,435,1,1,0,0
306.05,313.526,2.65,4.59,210,440,1,1,0,0
308.7,318.116,2.65,4.59,215,445,1,1,0,0
311.35,322.705,2.65,4.59,220,450,1,1,0,0
314.0,327.295,2.65,4.59,225,455,1,1,0,0
316.65,331.885,2.65,4.59,230,460,1,1,0,0
319.3,336.475,2.65,4.59,235,465,1,1,0,0
321.95,341.065,2.65,4.59,240,470,1,1,0,0
324.6,345.655,2.65,4.59,245,475,1,1,0,0
327.25,350.245,2.65,4.59,250,480,1,1,0,0
329.9,354.835,2.65,4.59,255,485,1,1,0,0
332.55,359.425,2.65,4.59,260,485,1,0,0,0
335.2,364.015,2.65,4.59,265,485,1,0,0,0
337.85,368.605,2.65,4.59,270,485,1,0,0,0
340.5,373.195,2.65,4.59,275,485,1,0,0,0
343.15,377.785,2.65,4.59,280,485,1,0,0,0
345.8,382.375,2.65,4.59,285,485,1,0,0,0
348.45,386.965,2.65,4.59,290,485,1,0,0,0
351.1,391.555,2.65,4.59,295,485,1,0,0,0
353.75,396.144,2.65,4.59,300,480,1,-1,0,0
356.4,400.734,2.65,4.59,305,475,1,-1,0,0
359.05,405.324,2.65,4.59,310,470,1,-1,0,0
361.7,409.914,2.65,4.59,315,465,1,-1,0,0
364.35,414.504,2.65,4.59,320,460,1,-1,0,0
367.0,419.094,2.65,4.59,325,455,1,-1,0,0
369.65,423.684,2.65,4.59,330,450,1,-1,0,0
372.3,428.274,2.65,4.59,330,445,0,-1,0,0
374.95,432.864,2.65,4.59,330,440,0,-1,0,0
377.6,437.454,2.65,4.59,330,435,0,-1,0,0
380.25,442.044,2.65,4.59,330,430,0,-1,0,0
382.9,446.634,2.65,4.59,330,425,0,-1,0,0
385.55,451.224,2.65,4.59,330,420,0,-1,0,0
388.2,455.814,2.65,4.59,330,415,0,-1,0,0
390.85,460.404,2.65,4.59,330,410,0,-1,0,0
393.5,464.993,2.65,4.59,330,405,0,-1,0,0
396.15,469.583,2.65,4.59,330,400,0,-1,0,0
398.8,474.173,2.65,4.59,330,395,0,-1,0,0
401.45,478.763,2.65,4.59,330,390,0,-1,0,0
404.1,483.353,2.65,4.59,330,385,0,-1,0,0
406.75,487.943,2.65,4.59,330,380,0,-1,0,0
409.4,492.533,2.65,4.59,330,375,0,-1,0,0
412.05,497.123,2.65,4.59,330,370,0,-1,0,0
414.7,501.713,2.65,4.59,330,365,0,-1,0,0
417.35,506.303,2.65,4.59,330,360,0,-1,0,0
420.0,510.893,2.65,4.59,330,355,0,-1,0,0
422.65,515.483,2.65,4.59,330,350,0,-1,0,0
425.3,520.073,2.65,4.59,330,345,0,-1,0,0
427.95,524.663,2.65,4.59,330,340,0,-1,0,0
430.6,529.253,2.65,4.59,330,335,0,-1,0,0
433.25,533.842,2.65,4.59,330,330,0,-1,0,0
435.9,538.432,2.65,4.59,330,325,0,-1,0,0
438.55,543.022,2.65,4.59,330,320,0,-1,0,0
441.2,547.612,2.65,4.59,330,315,0,-1,0,0
443.85,552.202,2.65,4.59,330,310,0,-1,0,0
446.5,556.792,2.65,4.59,330,305,0,-1,0,0
449.15,561.382,2.65,4.59,330,300,0,-1,0,0
451.8,565.972,2.65,4.59,330,295,0,-1,0,0
454.45,570.562,2.65,4.59,330,290,0,-1,0,0
457.1,575.152,2.65,4.59,325,285,-1,-1,0,0
459.75,579.742,2.65,4.59,320,285,-1,0,0,0
462.4,584.332,2.65,4.59,315,285,-1,0,0,0
465.05,588.922,2.65,4.59,310,285,-1,0,0,0
467.7,593.512,2.65,4.59,305,285,-1,0,0,0
470.35,594.0,2.65,-4.59,300,285,-1,0,0,0
473.0,589.41,2.65,-4.59,295,285,-1,0,0,0
475.65,584.82,2.65,-4.59,290,285,-1,0,0,0
478.3,580.23,2.65,-4.59,285,285,-1,0,0,0
480.95,575.64,2.65,-4.59,280,285,-1,0,0,0
483.6,571.05,2.65,-4.59,275,285,-1,0,0,0
486.25,566.46,2.65,-4.59,270,285,-1,0,0,0
488.9,561.87,2.65,-4.59,270,285,0,0,0,0
491.55,557.281,2.65,-4.59,270,285,0,0,0,0
494.2,552.691,2.65,-4.59,270,285,0,0,0,0
496.85,548.101,2.65,-4.59,270,285,0,0,0,0
499.5,543.511,2.65,-4.59,270,285,0,0,0,0
502.15,538.921,2.65,-4.59,270,285,0,0,0,0
504.8,534.331,2.65,-4.59,270,285,0,0,0,0
507.45,529.741,2.65,-4.59,270,285,0,0,0,0
510.1,525.151,2.65,-4.59,270,285,0,0,0,0
512.75,520.561,2.65,-4.59,270,285,0,0,0,0
515.4,515.971,2.65,-4.59,270,285,0,0,0,0
518.05,511.381,2.65,-4.59,270,285,0,0,0,0
520.7,506.791,2.65,-4.59,270,285,0,0,0,0
523.35,502.201,2.65,-4.59,270,285,0,0,0,0
526.0,497.611,2.65,-4.59,270,285,0,0,0,0
528.65,493.021,2.65,-4.59,270,285,0,0,0,0
531.3,488.432,2.65,-4.59,270,285,0,0,0,0
533.95,483.842,2.65,-4.59,270,285,0,0,0,0
536.6,479.252,2.65,-4.59,270,285,0,0,0,0
539.25,474.662,2.65,-4.59,270,285,0,0,0,0
541.9,470.072,2.65,-4.59,270,285,0,0,0,0
544.55,465.482,2.65,-4.59,265,285,-1,0,0,0
547.2,460.892,2.65,-4.59,260,285,-1,0,0,0
549.85,456.302,2.65,-4.59,255,285,-1,0,0,0
552.5,451.712,2.65,-4.59,250,280,-1,-1,0,0
555.15,447.122,2.65,-4.59,245,275,-1,-1,0,0
557.8,442.532,2.65,-4.59,240,270,-1,-1,0,0
560.45,437.942,2.65,-4.59,235,265,-1,-1,0,0
563.1,433.352,2.65,-4.59,230,260,-1,-1,0,0
565.75,428.762,2.65,-4.59,230,255,0,-1,0,0
568.4,424.172,2.65,-4.59,230,250,0,-1,0,0
571.05,419.582,2.65,-4.59,230,245,0,-1,0,0
573.7,414.993,2.65,-4.59,230,240,0,-1,0,0
576.35,410.403,2.65,-4.59,230,235,0,-1,0,0
579.0,405.813,2.65,-4.59,230,230,0,-1,0,0
581.65,401.223,2.65,-4.59,230,225,0,-1,0,0
584.3,396.633,2.65,-4.59,230,220,0,-1,0,0
586.95,392.043,2.65,-4.59,230,215,0,-1,0,0
589.6,387.453,2.65,-4.59,230,210,0,-1,0,0
592.25,382.863,2.65,-4.59,230,205,0,-1,0,0
594.9,378.273,2.65,-4.59,230,200,0,-1,0,0
597.55,373.683,2.65,-4.59,230,195,0,-1,0,0
600.2,369.093,2.65,-4.59,230,190,0,-1,0,0
602.85,364.503,2.65,-4.59,230,185,0,-1,0,0
605.5,359.913,2.65,-4.59,230,180,0,-1,0,0
608.15,355.323,2.65,-4.59,230,175,0,-1,0,0
610.8,350.733,2.65,-4.59,230,170,0,-1,0,0
613.45,346.144,2.65,-4.59,230,165,0,-1,0,0
616.1,341.554,2.65,-4.59,230,160,0,-1,0,0
618.75,336.964,2.65,-4.59,230,155,0,-1,0,0
621.4,332.374,2.65,-4.59,230,150,0,-1,0,0
624.05,327.784,2.65,-4.59,230,145,0,-1,0,0
626.7,323.194,2.65,-4.59,230,140,0,-1,0,0
629.35,318.604,2.65,-4.59,230,135,0,-1,0,0
632.0,314.014,2.65,-4.59,230,130,0,-1,0,0
634.65,309.424,2.65,-4.59,230,125,0,-1,0,0
637.3,304.834,2.65,-4.59,230,120,0,-1,0,0
639.95,300.244,2.65,-4.59,230,115,0,-1,0,0
642.6,295.654,2.65,-4.59,230,110,0,-1,0,0
645.25,291.064,2.65,-4.59,230,105,0,-1,0,0
647.9,286.474,2.65,-4.59,230,105,0,0,0,0
650.55,281.884,2.65,-4.59,230,105,0,0,0,0
653.2,277.295,2.65,-4.59,230,105,0,0,0,0
655.85,272.705,2.65,-4.59,230,105,0,0,0,0
658.5,268.115,2.65,-4.59,230,105,0,0,0,0
661.15,263.525,2.65,-4.59,230,105,0,0,0,0
663.8,258.935,2.65,-4.59,230,105,0,0,0,0
666.45,254.345,2.65,-4.59,230,105,0,0,0,0
669.1,249.755,2.65,-4.59,230,105,0,0,0,0
671.75,245.165,2.65,-4.59,230,105,0,0,0,0
674.4,240.575,2.65,-4.59,230,105,0,0,0,0
677.05,235.985,2.65,-4.59,230,105,0,0,0,0
679.7,231.395,2.65,-4.59,230,105,0,0,0,0
682.35,226.805,2.65,-4.59,230,105,0,0,0,0
685.0,222.215,2.65,-4.59,230,105,0,0,0,0
687.65,217.625,2.65,-4.59,230,105,0,0,0,0
690.3,213.035,2.65,-4.59,230,105,0,0,0,0
692.95,208.445,2.65,-4.59,230,105,0,0,0,0
695.6,203.856,2.65,-4.59,230,105,0,0,0,0
698.25,199.266,2.65,-4.59,230,105,0,0,0,0
700.9,194.676,2.65,-4.59,230,105,0,0,0,0
703.55,190.086,2.65,-4.59,230,105,0,0,0,0
706.2,185.496,2.65,-4.59,235,105,1,0,0,0
708.85,180.906,2.65,-4.59,240,105,1,0,0,0
711.5,176.316,2.65,-4.59,245,100,1,-1,0,0
714.15,171.726,2.65,-4.59,250,95,1,-1,0,0
716.8,167.136,2.65,-4.59,255,90,1,-1,0,0
719.45,162.546,2.65,-4.59,260,85,1,-1,0,0
722.1,157.956,2.65,-4.59,265,80,1,-1,0,0
724.75,153.366,2.65,-4.59,270,75,1,-1,0,0
727.4,148.776,2.65,-4.59,275,70,1,-1,0,0
730.05,144.186,2.65,-4.59,280,65,1,-1,0,0
732.7,139.596,2.65,-4.59,285,60,1,-1,0,0
735.35,135.007,2.65,-4.59,290,55,1,-1,0,0
738.0,130.417,2.65,-4.59,290,55,0,0,0,0
740.65,125.827,2.65,-4.59,290,55,0,0,0,0
743.3,121.237,2.65,-4.59,290,55,0,0,0,0
745.95,116.647,2.65,-4.59,290,55,0,0,0,0
748.6,112.057,2.65,-4.59,290,55,0,0,0,0
751.25,107.467,2.65,-4.59,290,55,0,0,0,0
751.0,102.877,-5.481,1.147,290,55,0,0,0,0
745.519,104.024,-5.481,1.147,290,55,0,0,0,0
740.037,105.17,-5.481,1.147,290,55,0,0,0,0
734.556,106.317,-5.481,1.147,290,55,0,0,0,0
729.075,107.464,-5.481,1.147,290,55,0,0,0,0
723.593,108.61,-5.481,1.147,290,55,0,0,0,0
718.112,109.757,-5.481,1.147,290,55,0,0,0,0
712.631,110.904,-5.481,1.147,290,55,0,0,0,0
707.149,112.05,-5.481,1.147,290,55,0,0,0,0
701.668,113.197,-5.481,1.147,290,55,0,0,0,0
696.187,114.344,-5.481,1.147,290,55,0,0,0,0
690.705,115.49,-5.481,1.147,290,55,0,0,0,0
685.224,116.637,-5.481,1.147,290,55,0,0,0,0
679.742,117.784,-5.481,1.147,290,55,0,0,0,0
674.261,118.93,-5.481,1.147,290,55,0,0,0,0
668.78,120.077,-5.481,1.147,290,55,0,0,0,0
663.298,121.224,-5.481,1.147,290,55,0,0,0,0
657.817,122.37,-5.481,1.147,290,55,0,0,0,0
652.336,123.517,-5.481,1.147,290,60,0,1,0,0
646.854,124.664,-5.481,1.147,290,65,0,1,0,0
641.373,125.81,-5.481,1.147,290,70,0,1,0,0
635.892,126.957,-5.481,1.147,290,75,0,1,0,0
630.41,128.104,-5.481,1.147,290,80,0,1,0,0
624.929,129.25,-5.481,1.147,290,85,0,1,0,0
619.448,130.397,-5.481,1.147,290,90,0,1,0,0
613.966,131.543,-5.481,1.147,290,95,0,1,0,0
608.485,132.69,-5.481,1.147,290,100,0,1,0,0
603.004,133.837,-5.481,1.147,290,105,0,1,0,0
597.522,134.983,-5.481,1.147,290,110,0,1,0,0
592.041,136.13,-5.481,1.147,290,115,0,1,0,0
586.56,137.277,-5.481,1.147,290,120,0,1,0,0
581.078,138.423,-5.481,1.147,290,125,0,1,0,0
575.597,139.57,-5.481,1.147,290,130,0,1,0,0
570.116,140.717,-5.481,1.147,290,135,0,1,0,0
564.634,141.863,-5.481,1.147,290,140,0,1,0,0
559.153,143.01,-5.481,1.147,290,145,0,1,0,0
553.671,144.157,-5.481,1.147,285,145,-1,0,0,0
548.19,145.303,-5.481,1.147,280,145,-1,0,0,0
542.709,146.45,-5.481,1.147,275,145,-1,0,0,0
537.227,147.597,-5.481,1.147,270,145,-1,0,0,0
531.746,148.743,-5.481,1.147,265,145,-1,0,0,0
526.265,149.89,-5.481,1.147,260,145,-1,0,0,0
520.783,151.037,-5.481,1.147,255,145,-1,0,0,0
515.302,152.183,-5.481,1.147,250,145,-1,0,0,0
509.821,153.33,-5.481,1.147,245,145,-1,0,0,0
504.339,154.477,-5.481,1.147,240,145,-1,0,0,0
498.858,155.623,-5.481,1.147,235,145,-1,0,0,0
493.377,156.77,-5.481,1.147,230,145,-1,0,0,0
487.895,157.917,-5.481,1.147,225,145,-1,0,0,0
482.414,159.063,-5.481,1.147,220,145,-1,0,0,0
476.933,160.21,-5.481,1.147,220,145,0,0,0,0
471.451,161.357,-5.481,1.147,220,145,0,0,0,0
465.97,162.503,-5.481,1.147,220,145,0,0,0,0
460.489,163.65,-5.481,1.147,220,145,0,0,0,0
455.007,164.797,-5.481,1.147,220,145,0,0,0,0
449.526,165.943,-5.481,1.147,220,145,0,0,0,0
444.045,167.09,-5.481,1.147,220,145,0,0,0,0
438.563,168.237,-5.481,1.147,220,145,0,0,0,0
433.082,169.383,-5.481,1.147,220,145,0,0,0,0
427.6,170.53,-5.481,1.147,220,145,0,0,0,0
422.119,171.677,-5.481,1.147,220,145,0,0,0,0
416.638,172.823,-5.481,1.147,220,145,0,0,0,0
411.156,173.97,-5.481,1.147,220,145,0,0,0,0
405.675,175.117,-5.481,1.147,220,145,0,0,0,0
400.194,176.263,-5.481,1.147,220,145,0,0,0,0
394.712,177.41,-5.481,1.147,220,145,0,0,0,0
389.231,178.557,-5.481,1.147,220,145,0,0,0,0
383.75,179.703,-5.481,1.147,220,145,0,0,0,0
378.268,180.85,-5.481,1.147,220,145,0,0,0,0
372.787,181.997,-5.481,1.147,220,145,0,0,0,0
367.306,183.143,-5.481,1.147,220,145,0,0,0,0
361.824,184.29,-5.481,1.147,220,145,0,0,0,0
356.343,185.437,-5.481,1.147,220,145,0,0,0,0
350.862,186.583,-5.481,1.147,220,145,0,0,0,0
345.38,187.73,-5.481,1.147,220,145,0,0,0,0
339.899,188.876,-5.481,1.147,220,145,0,0,0,0
334.418,190.023,-5.481,1.147,220,145,0,0,0,0
328.936,191.17,-5.481,1.147,220,145,0,0,0,0
323.455,192.316,-5.481,1.147,220,145,0,0,0,0
317.974,193.463,-5.481,1.147,220,145,0,0,0,0
312.492,194.61,-5.481,1.147,220,145,0,0,0,0
307.011,195.756,-5.481,1.147,220,145,0,0,0,0
301.529,196.903,-5.481,1.147,220,145,0,0,0,0
296.048,198.05,-5.481,1.147,220,145,0,0,0,0
290.567,199.196,-5.481,1.147,220,145,0,0,0,0
285.085,200.343,-5.481,1.147,220,145,0,0,0,0
279.604,201.49,-5.481,1.147,220,145,0,0,0,0
274.123,202.636,-5.481,1.147,220,145,0,0,0,0
268.641,203.783,-5.481,1.147,220,145,0,0,0,0
263.16,204.93,-5.481,1.147,220,145,0,0,0,0
257.679,206.076,-5.481,1.147,220,145,0,0,0,0
252.197,207.223,-5.481,1.147,220,145,0,0,0,0
246.716,208.37,-5.481,1.147,220,145,0,0,0,0
241.235,209.516,-5.481,1.147,220,145,0,0,0,0
235.753,210.663,-5.481,1.147,220,145,0,0,0,0
230.272,211.81,-5.481,1.147,220,145,0,0,0,0
224.791,212.956,-5.481,1.147,220,145,0,0,0,0
219.309,214.103,-5.481,1.147,220,145,0,0,0,0
213.828,215.25,-5.481,1.147,220,145,0,0,0,0
208.347,216.396,-5.481,1.147,220,145,0,0,0,0
202.865,217.543,-5.481,1.147,220,145,0,0,0,0
197.384,218.69,-5.481,1.147,220,145,0,0,0,0
191.903,219.836,-5.481,1.147,220,145,0,0,0,0
186.421,220.983,-5.481,1.147,220,145,0,0,0,0
180.94,222.13,-5.481,1.147,220,145,0,0,0,0
175.459,223.276,-5.481,1.147,220,145,0,0,0,0
169.977,224.423,-5.481,1.147,220,145,0,0,0,0
164.496,225.57,-5.481,1.147,220,145,0,0,0,0
159.014,226.716,-5.481,1.147,220,145,0,0,0,0
153.533,227.863,-5.481,1.147,220,145,0,0,0,0
148.052,229.01,-5.481,1.147,220,145,0,0,0,0
142.57,230.156,-5.481,1.147,220,145,0,0,0,0
137.089,231.303,-5.481,1.147,220,145,0,0,0,0
131.608,232.45,-5.481,1.147,220,145,0,0,0,0
126.126,233.596,-5.481,1.147,220,145,0,0,0,0
120.645,234.743,-5.481,1.147,220,145,0,0,0,0
115.164,235.89,-5.481,1.147,220,145,0,0,0,0
109.682,237.036,-5.481,1.147,220,145,0,0,0,0
104.201,238.183,-5.481,1.147,220,145,0,0,0,0
98.72,239.33,-5.481,1.147,220,145,0,0,0,0
93.238,240.476,-5.481,1.147,220,145,0,0,0,0
87.757,241.623,-5.481,1.147,220,145,0,0,0,0
82.276,242.769,-5.481,1.147,220,145,0,0,0,0
76.794,243.916,-5.481,1.147,220,145,0,0,0,0
71.313,245.063,-5.481,1.147,220,145,0,0,0,0
65.832,246.209,-5.481,1.147,220,145,0,0,0,0
60.35,247.356,-5.481,1.147,220,145,0,0,0,0
54.869,248.503,-5.481,1.147,220,145,0,0,0,0
49.388,249.649,-5.481,1.147,220,145,0,0,0,0
49.0,250.796,5.73,-1.408,220,145,0,0,0,0
54.73,249.388,5.73,-1.408,220,145,0,0,0,0
60.459,247.98,5.73,-1.408,220,145,0,0,0,0
66.189,246.572,5.73,-1.408,220,145,0,0,0,0
71.918,245.164,5.73,-1.408,220,145,0,0,0,0
77.648,243.756,5.73,-1.408,220,145,0,0,0,0
83.377,242.349,5.73,-1.408,220,145,0,0,0,0
89.107,240.941,5.73,-1.408,220,145,0,0,0,0
94.836,239.533,5.73,-1.408,220,145,0,0,0,0
100.566,238.125,5.73,-1.408,220,145,0,0,0,0
106.295,236.717,5.73,-1.408,220,145,0,0,0,0
112.025,235.309,5.73,-1.408,220,145,0,0,0,0
117.755,233.901,5.73,-1.408,220,145,0,0,0,0
123.484,232.493,5.73,-1.408,220,145,0,0,0,0
129.214,231.085,5.73,-1.408,220,145,0,0,0,0
134.943,229.677,5.73,-1.408,220,145,0,0,0,0
140.673,228.269,5.73,-1.408,220,145,0,0,0,0
146.402,226.861,5.73,-1.408,220,145,0,0,0,0
152.132,225.453,5.73,-1.408,220,145,0,0,0,0
157.861,224.045,5.73,-1.408,220,145,0,0,0,0
163.591,222.638,5.73,-1.408,220,145,0,0,0,0
169.321,221.23,5.73,-1.408,220,145,0,0,0,0
175.05,219.822,5.73,-1.408,220,145,0,0,0,0
180.78,218.414,5.73,-1.408,220,145,0,0,0,0
186.509,217.006,5.73,-1.408,220,145,0,0,0,0
192.239,215.598,5.73,-1.408,220,145,0,0,0,0
197.968,214.19,5.73,-1.408,220,145,0,0,0,0
203.698,212.782,5.73,-1.408,220,145,0,0,0,0
209.427,211.374,5.73,-1.408,220,145,0,0,0,0
215.157,209.966,5.73,-1.408,220,145,0,0,0,0
220.886,208.558,5.73,-1.408,220,145,0,0,0,0
226.616,207.15,5.73,-1.408,220,145,0,0,0,0
232.346,205.742,5.73,-1.408,220,145,0,0,0,0
238.075,204.334,5.73,-1.408,220,145,0,0,0,0
243.805,202.926,5.73,-1.408,220,145,0,0,0,0
249.534,201.519,5.73,-1.408,220,145,0,0,0,0
255.264,200.111,5.73,-1.408,220,145,0,0,0,0
260.993,198.703,5.73,-1.408,220,145,0,0,0,0
266.723,197.295,5.73,-1.408,220,145,0,0,0,0
272.452,195.887,5.73,-1.408,220,145,0,0,0,0
278.182,194.479,5.73,-1.408,220,145,0,0,0,0
283.912,193.071,5.73,-1.408,220,145,0,0,0,0
289.641,191.663,5.73,-1.408,220,145,0,0,0,0
295.371,190.255,5.73,-1.408,220,145,0,0,0,0
301.1,188.847,5.73,-1.408,220,145,0,0,0,0
306.83,187.439,5.73,-1.408,220,145,0,0,0,0
312.559,186.031,5.73,-1.408,220,145,0,0,0,0
318.289,184.623,5.73,-1.408,220,145,0,0,0,0
324.018,183.215,5.73,-1.408,220,145,0,0,0,0
329.748,181.808,5.73,-1.408,220,145,0,0,0,0
335.477,180.4,5.73,-1.408,220,145,0,0,0,0
341.207,178.992,5.73,-1.408,220,145,0,0,0,0
346.937,177.584,5.73,-1.408,220,140,0,-1,0,0
352.666,176.176,5.73,-1.408,220,135,0,-1,0,0
358.396,174.768,5.73,-1.408,220,130,0,-1,0,0
364.125,173.36,5.73,-1.408,220,125,0,-1,0,0
369.855,171.952,5.73,-1.408,220,120,0,-1,0,0
375.584,170.544,5.73,-1.408,220,115,0,-1,0,0
381.314,169.136,5.73,-1.408,220,110,0,-1,0,0
387.043,167.728,5.73,-1.408,220,105,0,-1,0,0
392.773,166.32,5.73,-1.408,220,100,0,-1,0,0
398.502,164.912,5.73,-1.408,220,95,0,-1,0,0
404.232,163.504,5.73,-1.408,220,90,0,-1,0,0
409.962,162.097,5.73,-1.408,220,90,0,0,0,0
415.691,160.689,5.73,-1.408,220,90,0,0,0,0
421.421,159.281,5.73,-1.408,220,90,0,0,0,0
427.15,157.873,5.73,-1.408,220,90,0,0,0,0
432.88,156.465,5.73,-1.408,220,90,0,0,0,0
438.609,155.057,5.73,-1.408,220,90,0,0,0,0
444.339,153.649,5.73,-1.408,220,90,0,0,0,0
450.068,152.241,5.73,-1.408,220,90,0,0,0,0
455.798,150.833,5.73,-1.408,220,90,0,0,0,0
461.528,149.425,5.73,-1.408,220,90,0,0,0,0
467.257,148.017,5.73,-1.408,220,90,0,0,0,0
472.987,146.609,5.73,-1.408,220,90,0,0,0,0
478.716,145.201,5.73,-1.408,220,90,0,0,0,0
484.446,143.793,5.73,-1.408,220,90,0,0,0,0
490.175,142.385,5.73,-1.408,220,90,0,0,0,0
495.905,140.978,5.73,-1.408,220,90,0,0,0,0
501.634,139.57,5.73,-1.408,220,90,0,0,0,0
507.364,138.162,5.73,-1.408,220,90,0,0,0,0
513.093,136.754,5.73,-1.408,220,90,0,0,0,0
518.823,135.346,5.73,-1.408,220,90,0,0,0,0
524.553,133.938,5.73,-1.408,220,90,0,0,0,0
530.282,132.53,5.73,-1.408,220,85,0,-1,0,0
536.012,131.122,5.73,-1.408,220,80,0,-1,0,0
541.741,129.714,5.73,-1.408,220,75,0,-1,0,0
547.471,128.306,5.73,-1.408,220,70,0,-1,0,0
553.2,126.898,5.73,-1.408,220,65,0,-1,0,0
558.93,125.49,5.73,-1.408,220,60,0,-1,0,0
564.659,124.082,5.73,-1.408,220,55,0,-1,0,0
570.389,122.674,5.73,-1.408,220,50,0,-1,0,0
576.119,121.267,5.73,-1.408,220,50,0,0,0,0
581.848,119.859,5.73,-1.408,220,50,0,0,0,0
587.578,118.451,5.73,-1.408,220,50,0,0,0,0
593.307,117.043,5.73,-1.408,220,50,0,0,0,0
599.037,115.635,5.73,-1.408,220,50,0,0,0,0
604.766,114.227,5.73,-1.408,220,50,0,0,0,0
610.496,112.819,5.73,-1.408,220,50,0,0,0,0
616.225,111.411,5.73,-1.408,220,50,0,0,0,0
621.955,110.003,5.73,-1.408,220,50,0,0,0,0
627.684,108.595,5.73,-1.408,220,50,0,0,0,0
633.414,107.187,5.73,-1.408,220,50,0,0,0,0
639.144,105.779,5.73,-1.408,220,50,0,0,0,0
644.873,104.371,5.73,-1.408,220,50,0,0,0,0
650.603,102.963,5.73,-1.408,220,50,0,0,0,0
656.332,101.556,5.73,-1.408,220,50,0,0,0,0
662.062,100.148,5.73,-1.408,220,50,0,0,0,0
667.791,98.74,5.73,-1.408,220,50,0,0,0,0
673.521,97.332,5.73,-1.408,220,50,0,0,0,0
679.25,95.924,5.73,-1.408,220,50,0,0,0,0
684.98,94.516,5.73,-1.408,220,50,0,0,0,0
690.709,93.108,5.73,-1.408,220,50,0,0,0,0
696.439,91.7,5.73,-1.408,220,50,0,0,0,0
702.169,90.292,5.73,-1.408,220,50,0,0,0,0
707.898,88.884,5.73,-1.408,220,50,0,0,0,0
713.628,87.476,5.73,-1.408,220,50,0,0,0,0
719.357,86.068,5.73,-1.408,220,50,0,0,0,0
725.087,84.66,5.73,-1.408,220,50,0,0,0,0
730.816,83.252,5.73,-1.408,220,45,0,-1,0,0
736.546,81.844,5.73,-1.408,220,40,0,-1,0,0
742.275,80.437,5.73,-1.408,220,35,0,-1,0,0
748.005,79.029,5.73,-1.408,220,30,0,-1,0,0
751.0,77.621,-5.865,2.011,220,25,0,-1,0,0
745.135,79.632,-5.865,2.011,220,25,0,0,0,0
739.271,81.644,-5.865,2.011,220,25,0,0,0,0
733.406,83.655,-5.865,2.011,220,25,0,0,0,0
727.541,85.667,-5.865,2.011,220,25,0,0,0,0
721.677,87.678,-5.865,2.011,220,25,0,0,0,0
715.812,89.689,-5.865,2.011,220,25,0,0,0,0
709.948,91.701,-5.865,2.011,220,25,0,0,0,0
704.083,93.712,-5.865,2.011,220,25,0,0,0,0
698.218,95.724,-5.865,2.011,220,25,0,0,0,0
692.354,97.735,-5.865,2.011,220,25,0,0,0,0
686.489,99.747,-5.865,2.011,220,25,0,0,0,0
680.624,101.758,-5.865,2.011,220,25,0,0,0,0
674.76,103.77,-5.865,2.011,220,25,0,0,0,0
668.895,105.781,-5.865,2.011,220,25,0,0,0,0
663.03,107.793,-5.865,2.011,220,25,0,0,0,0
657.166,109.804,-5.865,2.011,220,25,0,0,0,0
651.301,111.816,-5.865,2.011,215,25,-1,0,0,0
645.436,113.827,-5.865,2.011,210,25,-1,0,0,0
639.572,115.839,-5.865,2.011,205,25,-1,0,0,0
633.707,117.85,-5.865,2.011,200,25,-1,0,0,0
627.843,119.861,-5.865,2.011,195,25,-1,0,0,0
621.978,121.873,-5.865,2.011,190,25,-1,0,0,0
616.113,123.884,-5.865,2.011,185,25,-1,0,0,0
610.249,125.896,-5.865,2.011,180,25,-1,0,0,0
604.384,127.907,-5.865,2.011,175,25,-1,0,0,0
598.519,129.919,-5.865,2.011,170,25,-1,0,0,0
592.655,131.93,-5.865,2.011,165,30,-1,1,0,0
586.79,133.942,-5.865,2.011,160,35,-1,1,0,0
580.925,135.953,-5.865,2.011,155,40,-1,1,0,0
575.061,137.965,-5.865,2.011,155,45,0,1,0,0
569.196,139.976,-5.865,2.011,155,50,0,1,0,0
563.331,141.988,-5.865,2.011,155,55,0,1,0,0
557.467,143.999,-5.865,2.011,155,60,0,1,0,0
551.602,146.01,-5.865,2.011,155,65,0,1,0,0
545.738,148.022,-5.865,2.011,155,70,0,1,0,0
539.873,150.033,-5.865,2.011,155,75,0,1,0,0
534.008,152.045,-5.865,2.011,155,80,0,1,0,0
528.144,154.056,-5.865,2.011,155,85,0,1,0,0
522.279,156.068,-5.865,2.011,155,90,0,1,0,0
516.414,158.079,-5.865,2.011,155,95,0,1,0,0
510.55,160.091,-5.865,2.011,155,100,0,1,0,0
504.685,162.102,-5.865,2.011,155,105,0,1,0,0
498.82,164.114,-5.865,2.011,155,110,0,1,0,0
492.956,166.125,-5.865,2.011,155,115,0,1,0,0
487.091,168.137,-5.865,2.011,155,120,0,1,0,0
481.227,170.148,-5.865,2.011,155,125,0,1,0,0
475.362,172.16,-5.865,2.011,155,130,0,1,0,0
469.497,174.171,-5.865,2.011,155,135,0,1,0,0
463.633,176.182,-5.865,2.011,155,140,0,1,0,0
457.768,178.194,-5.865,2.011,155,145,0,1,0,0
451.903,180.205,-5.865,2.011,155,150,0,1,0,0
446.039,182.217,-5.865,2.011,155,155,0,1,0,0
440.174,184.228,-5.865,2.011,155,155,0,0,0,0
434.309,186.24,-5.865,2.011,155,155,0,0,0,0
428.445,188.251,-5.865,2.011,155,155,0,0,0,0
422.58,190.263,-5.865,2.011,155,155,0,0,0,0
416.715,192.274,-5.865,2.011,155,155,0,0,0,0
410.851,194.286,-5.865,2.011,160,155,1,0,0,0
404.986,196.297,-5.865,2.011,165,155,1,0,0,0
399.122,198.309,-5.865,2.011,170,155,1,0,0,0
393.257,200.32,-5.865,2.011,175,155,1,0,0,0
387.392,202.331,-5.865,2.011,180,155,1,0,0,0
381.528,204.343,-5.865,2.011,185,155,1,0,0,0
375.663,206.354,-5.865,2.011,190,155,1,0,0,0
369.798,208.366,-5.865,2.011,195,155,1,0,0,0
363.934,210.377,-5.865,2.011,200,155,1,0,0,0
358.069,212.389,-5.865,2.011,205,155,1,0,0,0
352.204,214.4,-5.865,2.011,210,155,1,0,0,0
346.34,216.412,-5.865,2.011,215,155,1,0,0,0
340.475,218.423,-5.865,2.011,220,155,1,0,0,0
334.611,220.435,-5.865,2.011,225,155,1,0,0,0
328.746,222.446,-5.865,2.011,230,155,1,0,0,0
322.881,224.458,-5.865,2.011,235,155,1,0,0,0
317.017,226.469,-5.865,2.011,240,155,1,0,0,0
311.152,228.481,-5.865,2.011,240,155,0,0,0,0
305.287,230.492,-5.865,2.011,240,155,0,0,0,0
299.423,232.503,-5.865,2.011,240,155,0,0,0,0
293.558,234.515,-5.865,2.011,240,155,0,0,0,0
287.693,236.526,-5.865,2.011,240,155,0,0,0,0
281.829,238.538,-5.865,2.011,240,155,0,0,0,0
275.964,240.549,-5.865,2.011,240,155,0,0,0,0
270.099,242.561,-5.865,2.011,240,155,0,0,0,0
264.235,244.572,-5.865,2.011,240,155,0,0,0,0
258.37,246.584,-5.865,2.011,240,155,0,0,0,0
252.506,248.595,-5.865,2.011,240,155,0,0,0,0
246.641,250.607,-5.865,2.011,240,155,0,0,0,0
240.776,252.618,-5.865,2.011,240,155,0,0,0,0
234.912,254.63,-5.865,2.011,240,155,0,0,0,0
229.047,256.641,-5.865,2.011,240,155,0,0,0,0
223.182,258.652,-5.865,2.011,240,155,0,0,0,0
217.318,260.664,-5.865,2.011,240,155,0,0,0,0
211.453,262.675,-5.865,2.011,240,155,0,0,0,0
205.588,264.687,-5.865,2.011,240,155,0,0,0,0
199.724,266.698,-5.865,2.011,240,155,0,0,0,0
193.859,268.71,-5.865,2.011,240,155,0,0,0,0
187.994,270.721,-5.865,2.011,240,155,0,0,0,0
182.13,272.733,-5.865,2.011,240,155,0,0,0,0
176.265,274.744,-5.865,2.011,240,155,0,0,0,0
170.401,276.756,-5.865,2.011,240,155,0,0,0,0
164.536,278.767,-5.865,2.011,240,155,0,0,0,0
158.671,280.779,-5.865,2.011,240,155,0,0,0,0
152.807,282.79,-5.865,2.011,240,155,0,0,0,0
146.942,284.802,-5.865,2.011,240,155,0,0,0,0
141.077,286.813,-5.865,2.011,240,155,0,0,0,0
135.213,288.824,-5.865,2.011,240,155,0,0,0,0
129.348,290.836,-5.865,2.011,240,155,0,0,0,0
123.483,292.847,-5.865,2.011,240,155,0,0,0,0
117.619,294.859,-5.865,2.011,240,155,0,0,0,0
111.754,296.87,-5.865,2.011,245,155,1,0,0,0
105.89,298.882,-5.865,2.011,250,155,1,0,0,0
100.025,300.893,-5.865,2.011,255,155,1,0,0,0
94.16,302.905,-5.865,2.011,260,155,1,0,0,0
88.296,304.916,-5.865,2.011,265,155,1,0,0,0
82.431,306.928,-5.865,2.011,270,155,1,0,0,0
76.566,308.939,-5.865,2.011,275,155,1,0,0,0
70.702,310.951,-5.865,2.011,280,155,1,0,0,0
64.837,312.962,-5.865,2.011,285,160,1,1,0,0
58.972,314.973,-5.865,2.011,290,165,1,1,0,0
53.108,316.985,-5.865,2.011,295,170,1,1,0,0
49.0,318.996,5.542,-3.397,300,175,1,1,0,0
54.542,315.6,5.542,-3.397,300,180,0,1,0,0
60.084,312.203,5.542,-3.397,300,185,0,1,0,0
65.626,308.806,5.542,-3.397,300,190,0,1,0,0
71.167,305.409,5.542,-3.397,300,195,0,1,0,0
76.709,302.013,5.542,-3.397,300,200,0,1,0,0
82.251,298.616,5.542,-3.397,300,205,0,1,0,0
87.793,295.219,5.542,-3.397,300,210,0,1,0,0
93.335,291.822,5.542,-3.397,300,215,0,1,0,0
98.877,288.426,5.542,-3.397,300,220,0,1,0,0
104.418,285.029,5.542,-3.397,300,225,0,1,0,0
109.96,281.632,5.542,-3.397,300,230,0,1,0,0
115.502,278.235,5.542,-3.397,300,235,0,1,0,0
121.044,274.839,5.542,-3.397,300,240,0,1,0,0
126.586,271.442,5.542,-3.397,300,240,0,0,0,0
132.128,268.045,5.542,-3.397,300,240,0,0,0,0
137.669,264.648,5.542,-3.397,300,240,0,0,0,0
143.211,261.251,5.542,-3.397,300,240,0,0,0,0
148.753,257.855,5.542,-3.397,300,240,0,0,0,0
154.295,254.458,5.542,-3.397,300,240,0,0,0,0
159.837,251.061,5.542,-3.397,300,240,0,0,0,0
165.379,247.664,5.542,-3.397,300,240,0,0,0,0
170.921,244.268,5.542,-3.397,300,235,0,-1,0,0
176.462,240.871,5.542,-3.397,300,230,0,-1,0,0
182.004,237.474,5.542,-3.397,300,225,0,-1,0,0
187.546,234.077,5.542,-3.397,300,220,0,-1,0,0
193.088,230.681,5.542,-3.397,300,215,0,-1,0,0
198.63,227.284,5.542,-3.397,300,210,0,-1,0,0
204.172,223.887,5.542,-3.397,300,205,0,-1,0,0
209.713,220.49,5.542,-3.397,300,200,0,-1,0,0
215.255,217.094,5.542,-3.397,300,195,0,-1,0,0
220.797,213.697,5.542,-3.397,300,190,0,-1,0,0
226.339,210.3,5.542,-3.397,300,185,0,-1,0,0
231.881,206.903,5.542,-3.397,300,180,0,-1,0,0
237.423,203.507,5.542,-3.397,300,175,0,-1,0,0
242.964,200.11,5.542,-3.397,300,170,0,-1,0,0
248.506,196.713,5.542,-3.397,300,165,0,-1,0,0
254.048,193.316,5.542,-3.397,300,160,0,-1,0,0
259.59,189.919,5.542,-3.397,300,155,0,-1,0,0
265.132,186.523,5.542,-3.397,300,150,0,-1,0,0
270.674,183.126,5.542,-3.397,300,145,0,-1,0,0
276.216,179.729,5.542,-3.397,300,140,0,-1,0,0
281.757,176.332,5.542,-3.397,300,135,0,-1,0,0
287.299,172.936,5.542,-3.397,300,130,0,-1,0,0
292.841,169.539,5.542,-3.397,300,125,0,-1,0,0
298.383,166.142,5.542,-3.397,300,120,0,-1,0,0
303.925,162.745,5.542,-3.397,300,115,0,-1,0,0
309.467,159.349,5.542,-3.397,295,110,-1,-1,0,0
315.008,155.952,5.542,-3.397,290,105,-1,-1,0,0
320.55,152.555,5.542,-3.397,285,100,-1,-1,0,0
326.092,149.158,5.542,-3.397,280,95,-1,-1,0,0
331.634,145.762,5.542,-3.397,275,90,-1,-1,0,0
337.176,142.365,5.542,-3.397,270,90,-1,0,0,0
342.718,138.968,5.542,-3.397,265,90,-1,0,0,0
348.259,135.571,5.542,-3.397,260,90,-1,0,0,0
353.801,132.175,5.542,-3.397,255,90,-1,0,0,0
359.343,128.778,5.542,-3.397,250,90,-1,0,0,0
364.885,125.381,5.542,-3.397,245,90,-1,0,0,0
370.427,121.984,5.542,-3.397,240,90,-1,0,0,0
375.969,118.588,5.542,-3.397,240,90,0,0,0,0
381.511,115.191,5.542,-3.397,240,90,0,0,0,0
387.052,111.794,5.542,-3.397,240,90,0,0,0,0
392.594,108.397,5.542,-3.397,240,90,0,0,0,0
398.136,105.0,5.542,-3.397,240,90,0,0,0,0
403.678,101.604,5.542,-3.397,240,90,0,0,0,0
409.22,98.207,5.542,-3.397,240,90,0,0,0,0
414.762,94.81,5.542,-3.397,240,90,0,0,0,0
420.303,91.413,5.542,-3.397,240,90,0,0,0,0
425.845,88.017,5.542,-3.397,240,90,0,0,0,0
431.387,84.62,5.542,-3.397,240,90,0,0,0,0
436.929,81.223,5.542,-3.397,240,90,0,0,0,0
442.471,77.826,5.542,-3.397,240,90,0,0,0,0
448.013,74.43,5.542,-3.397,240,90,0,0,0,0
453.554,71.033,5.542,-3.397,240,90,0,0,0,0
459.096,67.636,5.542,-3.397,240,90,0,0,0,0
464.638,64.239,5.542,-3.397,240,90,0,0,0,0
470.18,60.843,5.542,-3.397,240,90,0,0,0,0
475.722,57.446,5.542,-3.397,240,90,0,0,0,0
481.264,54.049,5.542,-3.397,240,90,0,0,0,0
486.806,50.652,5.542,-3.397,240,90,0,0,0,0
492.347,47.256,5.542,-3.397,240,90,0,0,0,0
497.889,43.859,5.542,-3.397,240,90,0,0,0,0
503.431,40.462,5.542,-3.397,240,90,0,0,0,0
508.973,37.065,5.542,-3.397,240,90,0,0,0,0
514.515,33.668,5.542,-3.397,240,90,0,0,0,0
520.057,30.272,5.542,-3.397,240,90,0,0,0,0
525.598,26.875,5.542,-3.397,240,90,0,0,0,0
531.14,23.478,5.542,-3.397,240,90,0,0,0,0
536.682,20.081,5.542,-3.397,240,90,0,0,0,0
542.224,16.685,5.542,-3.397,240,90,0,0,0,0
547.766,13.288,5.542,-3.397,240,90,0,0,0,0
553.308,9.891,5.542,-3.397,240,90,0,0,0,0
558.849,6.494,5.542,-3.397,240,90,0,0,0,0
564.391,6.0,5.542,3.397,240,90,0,0,0,0
569.933,9.397,5.542,3.397,240,90,0,0,0,0
575.475,12.794,5.542,3.397,240,90,0,0,0,0
581.017,16.19,5.542,3.397,240,90,0,0,0,0
586.559,19.587,5.542,3.397,240,90,0,0,0,0
592.101,22.984,5.542,3.397,240,90,0,0,0,0
597.642,26.381,5.542,3.397,240,90,0,0,0,0
603.184,29.777,5.542,3.397,240,90,0,0,0,0
608.726,33.174,5.542,3.397,240,90,0,0,0,0
614.268,36.571,5.542,3.397,240,90,0,0,0,0
619.81,39.968,5.542,3.397,240,90,0,0,0,0
625.352,43.364,5.542,3.397,240,90,0,0,0,0
630.893,46.761,5.542,3.397,240,90,0,0,0,0
636.435,50.158,5.542,3.397,240,90,0,0,0,0
641.977,53.555,5.542,3.397,240,90,0,0,0,0
647.519,56.951,5.542,3.397,240,90,0,0,0,0
653.061,60.348,5.542,3.397,240,90,0,0,0,0
658.603,63.745,5.542,3.397,240,90,0,0,0,0
664.144,67.142,5.542,3.397,240,90,0,0,0,0
669.686,70.538,5.542,3.397,240,90,0,0,0,0
675.228,73.935,5.542,3.397,240,90,0,0,0,0
680.77,77.332,5.542,3.397,240,90,0,0,0,0
686.312,80.729,5.542,3.397,240,90,0,0,0,0
691.854,84.126,5.542,3.397,240,90,0,0,0,0
697.396,87.522,5.542,3.397,240,90,0,0,0,0
702.937,90.919,5.542,3.397,240,90,0,0,0,0
708.479,94.316,5.542,3.397,240,90,0,0,0,0
714.021,97.713,5.542,3.397,240,90,0,0,0,0
719.563,101.109,5.542,3.397,240,90,0,0,0,0
725.105,104.506,5.542,3.397,240,90,0,0,0,0
730.647,107.903,5.542,3.397,240,90,0,0,0,0
736.188,111.3,5.542,3.397,240,90,0,0,0,0
741.73,114.696,5.542,3.397,240,90,0,0,0,0
747.272,118.093,5.542,3.397,240,90,0,0,0,0
752.814,121.49,5.542,3.397,240,90,0,0,0,0
751.0,124.887,-6.739,-0.908,240,90,0,0,0,0
744.261,123.979,-6.739,-0.908,240,95,0,1,0,0
737.522,123.071,-6.739,-0.908,240,100,0,1,0,0
730.783,122.164,-6.739,-0.908,240,105,0,1,0,0
724.043,121.256,-6.739,-0.908,240,110,0,1,0,0
717.304,120.349,-6.739,-0.908,240,115,0,1,0,0
710.565,119.441,-6.739,-0.908,240,120,0,1,0,0
703.826,118.534,-6.739,-0.908,240,125,0,1,0,0
697.087,117.626,-6.739,-0.908,240,130,0,1,0,0
690.348,116.718,-6.739,-0.908,240,135,0,1,0,0
683.608,115.811,-6.739,-0.908,240,140,0,1,0,0
676.869,114.903,-6.739,-0.908,240,140,0,0,0,0
670.13,113.996,-6.739,-0.908,240,140,0,0,0,0
663.391,113.088,-6.739,-0.908,240,140,0,0,0,0
656.652,112.18,-6.739,-0.908,240,140,0,0,0,0
649.913,111.273,-6.739,-0.908,240,140,0,0,0,0
643.173,110.365,-6.739,-0.908,240,140,0,0,0,0
636.434,109.458,-6.739,-0.908,240,140,0,0,0,0
629.695,108.55,-6.739,-0.908,240,140,0,0,0,0
622.956,107.643,-6.739,-0.908,240,140,0,0,0,0
616.217,106.735,-6.739,-0.908,240,140,0,0,0,0
609.478,105.827,-6.739,-0.908,240,140,0,0,0,0
602.738,104.92,-6.739,-0.908,240,140,0,0,0,0
595.999,104.012,-6.739,-0.908,240,140,0,0,0,0
589.26,103.105,-6.739,-0.908,240,140,0,0,0,0
582.521,102.197,-6.739,-0.908,240,140,0,0,0,0
575.782,101.289,-6.739,-0.908,240,140,0,0,0,0
569.043,100.382,-6.739,-0.908,240,140,0,0,0,0
562.303,99.474,-6.739,-0.908,240,140,0,0,0,0
555.564,98.567,-6.739,-0.908,240,140,0,0,0,0
548.825,97.659,-6.739,-0.908,240,140,0,0,0,0
542.086,96.752,-6.739,-0.908,240,140,0,0,0,0
535.347,95.844,-6.739,-0.908,240,140,0,0,0,0
528.608,94.936,-6.739,-0.908,240,140,0,0,0,0
521.869,94.029,-6.739,-0.908,240,140,0,0,0,0
515.129,93.121,-6.739,-0.908,240,140,0,0,0,0
508.39,92.214,-6.739,-0.908,240,140,0,0,0,0
501.651,91.306,-6.739,-0.908,240,140,0,0,0,0
494.912,90.398,-6.739,-0.908,240,140,0,0,0,0
488.173,89.491,-6.739,-0.908,240,140,0,0,0,0
481.434,88.583,-6.739,-0.908,240,140,0,0,0,0
474.694,87.676,-6.739,-0.908,240,140,0,0,0,0
467.955,86.768,-6.739,-0.908,240,140,0,0,0,0
461.216,85.861,-6.739,-0.908,240,140,0,0,0,0
454.477,84.953,-6.739,-0.908,240,140,0,0,0,0
447.738,84.045,-6.739,-0.908,240,140,0,0,0,0
440.999,83.138,-6.739,-0.908,240,140,0,0,0,0
434.259,82.23,-6.739,-0.908,240,140,0,0,0,0
427.52,81.323,-6.739,-0.908,240,140,0,0,0,0
420.781,80.415,-6.739,-0.908,240,140,0,0,0,0
414.042,79.507,-6.739,-0.908,235,140,-1,0,0,0
407.303,78.6,-6.739,-0.908,230,140,-1,0,0,0
400.564,77.692,-6.739,-0.908,225,140,-1,0,0,0
393.824,76.785,-6.739,-0.908,220,140,-1,0,0,0
387.085,75.877,-6.739,-0.908,215,140,-1,0,0,0
380.346,74.97,-6.739,-0.908,210,140,-1,0,0,0
373.607,74.062,-6.739,-0.908,205,140,-1,0,0,0
366.868,73.154,-6.739,-0.908,200,140,-1,0,0,0
360.129,72.247,-6.739,-0.908,195,140,-1,0,0,0
353.389,71.339,-6.739,-0.908,190,140,-1,0,0,0
346.65,70.432,-6.739,-0.908,185,140,-1,0,0,0
339.911,69.524,-6.739,-0.908,180,140,-1,0,0,0
333.172,68.616,-6.739,-0.908,175,140,-1,0,0,0
326.433,67.709,-6.739,-0.908,170,140,-1,0,0,0
319.694,66.801,-6.739,-0.908,165,140,-1,0,0,0
312.955,65.894,-6.739,-0.908,160,140,-1,0,0,0
306.215,64.986,-6.739,-0.908,155,140,-1,0,0,0
299.476,64.079,-6.739,-0.908,150,140,-1,0,0,0
292.737,63.171,-6.739,-0.908,145,140,-1,0,0,0
285.998,62.263,-6.739,-0.908,140,140,-1,0,0,0
279.259,61.356,-6.739,-0.908,135,140,-1,0,0,0
272.52,60.448,-6.739,-0.908,130,140,-1,0,0,0
265.78,59.541,-6.739,-0.908,125,140,-1,0,0,0
259.041,58.633,-6.739,-0.908,120,140,-1,0,0,0
252.302,57.725,-6.739,-0.908,115,140,-1,0,0,0
245.563,56.818,-6.739,-0.908,110,140,-1,0,0,0
238.824,55.91,-6.739,-0.908,105,140,-1,0,0,0
232.085,55.003,-6.739,-0.908,100,140,-1,0,0,0
225.345,54.095,-6.739,-0.908,95,140,-1,0,0,0
218.606,53.188,-6.739,-0.908,90,140,-1,0,0,0
211.867,52.28,-6.739,-0.908,85,140,-1,0,0,0
205.128,51.372,-6.739,-0.908,80,140,-1,0,0,0
198.389,50.465,-6.739,-0.908,75,140,-1,0,0,0
191.65,49.557,-6.739,-0.908,70,140,-1,0,0,0
184.91,48.65,-6.739,-0.908,65,140,-1,0,0,0
178.171,47.742,-6.739,-0.908,60,140,-1,0,0,0
171.432,46.834,-6.739,-0.908,55,140,-1,0,0,0
164.693,45.927,-6.739,-0.908,50,140,-1,0,0,0
157.954,45.019,-6.739,-0.908,45,140,-1,0,0,0
151.215,44.112,-6.739,-0.908,40,140,-1,0,0,0
144.475,43.204,-6.739,-0.908,35,140,-1,0,0,0
137.736,42.297,-6.739,-0.908,30,140,-1,0,0,0
130.997,41.389,-6.739,-0.908,25,140,-1,0,0,0
124.258,40.481,-6.739,-0.908,20,140,-1,0,0,0
117.519,39.574,-6.739,-0.908,15,140,-1,0,0,0
110.78,38.666,-6.739,-0.908,10,140,-1,0,0,0
104.041,37.759,-6.739,-0.908,5,140,-1,0,0,0
97.301,36.851,-6.739,-0.908,0,140,-1,0,0,0
90.562,35.943,-6.739,-0.908,0,140,-1,0,0,0
83.823,35.036,-6.739,-0.908,0,135,-1,-1,0,0
77.084,34.128,-6.739,-0.908,0,130,-1,-1,0,0
70.345,33.221,-6.739,-0.908,0,125,-1,-1,0,0
63.606,32.313,-6.739,-0.908,0,120,-1,-1,0,0
56.866,31.406,-6.739,-0.908,0,115,-1,-1,0,0
50.127,30.498,-6.739,-0.908,0,110,-1,-1,0,0
49.0,29.59,6.838,-1.911,0,105,-1,-1,0,0
55.838,27.679,6.838,-1.911,0,100,-1,-1,0,0
62.676,25.768,6.838,-1.911,0,95,-1,-1,0,0
69.514,23.857,6.838,-1.911,0,90,-1,-1,0,0
76.352,21.946,6.838,-1.911,0,85,-1,-1,0,0
83.19,20.035,6.838,-1.911,0,80,0,-1,0,0
90.028,18.124,6.838,-1.911,0,80,0,0,0,0
96.866,16.213,6.838,-1.911,0,80,0,0,0,0
103.704,14.302,6.838,-1.911,0,80,0,0,0,0
110.542,12.391,6.838,-1.911,0,80,0,0,0,0
117.38,10.48,6.838,-1.911,0,80,0,0,0,0
124.218,8.569,6.838,-1.911,0,80,0,0,0,0
131.056,6.658,6.838,-1.911,0,80,0,0,0,0
137.894,6.0,6.838,1.911,0,80,0,0,0,0
144.732,7.911,6.838,1.911,0,80,0,0,0,0
151.57,9.822,6.838,1.911,0,80,0,0,0,0
158.408,11.733,6.838,1.911,0,80,0,0,0,0
165.246,13.644,6.838,1.911,0,80,0,0,0,0
172.084,15.555,6.838,1.911,0,80,0,0,0,0
178.922,17.466,6.838,1.911,0,80,0,0,0,0
185.759,19.377,6.838,1.911,0,80,0,0,0,0
192.597,21.288,6.838,1.911,0,80,0,0,0,0
199.435,23.199,6.838,1.911,0,80,0,0,0,0
206.273,25.11,6.838,1.911,0,80,0,0,0,0
213.111,27.022,6.838,1.911,0,80,0,0,0,0
219.949,28.933,6.838,1.911,0,80,0,0,0,0
226.787,30.844,6.838,1.911,0,80,0,0,0,0
233.625,32.755,6.838,1.911,0,80,0,0,0,0
240.463,34.666,6.838,1.911,0,80,0,0,0,0
247.301,36.577,6.838,1.911,0,80,0,0,0,0
254.139,38.488,6.838,1.911,0,80,0,0,0,0
260.977,40.399,6.838,1.911,0,80,0,0,0,0
267.815,42.31,6.838,1.911,0,80,0,0,0,0
274.653,44.221,6.838,1.911,0,80,0,0,0,0
281.491,46.132,6.838,1.911,0,80,0,0,0,0
288.329,48.043,6.838,1.911,0,80,0,0,0,0
295.167,49.954,6.838,1.911,5,80,1,0,0,0
302.005,51.865,6.838,1.911,10,80,1,0,0,0
308.843,53.776,6.838,1.911,15,80,1,0,0,0
315.681,55.687,6.838,1.911,20,80,1,0,0,0
322.519,57.598,6.838,1.911,25,80,1,0,0,0
329.357,59.509,6.838,1.911,30,80,1,0,0,0
336.195,61.42,6.838,1.911,35,80,1,0,0,0
343.033,63.331,6.838,1.911,40,80,1,0,0,0
349.871,65.242,6.838,1.911,45,80,1,0,0,0
356.709,67.153,6.838,1.911,50,80,1,0,0,0
363.547,69.065,6.838,1.911,55,80,1,0,0,0
370.385,70.976,6.838,1.911,60,80,1,0,0,0
377.223,72.887,6.838,1.911,65,80,1,0,0,0
384.061,74.798,6.838,1.911,70,80,1,0,0,0
390.899,76.709,6.838,1.911,75,80,1,0,0,0
397.737,78.62,6.838,1.911,80,80,1,0,0,0
404.575,80.531,6.838,1.911,85,80,1,0,0,0
411.413,82.442,6.838,1.911,90,80,1,0,0,0
418.251,84.353,6.838,1.911,95,80,1,0,0,0
425.089,86.264,6.838,1.911,100,80,1,0,0,0
431.927,88.175,6.838,1.911,105,80,1,0,0,0
438.765,90.086,6.838,1.911,110,80,1,0,0,0
445.603,91.997,6.838,1.911,115,80,1,0,0,0
452.441,93.908,6.838,1.911,120,80,1,0,0,0
459.278,95.819,6.838,1.911,125,80,1,0,0,0
466.116,97.73,6.838,1.911,130,80,1,0,0,0
472.954,99.641,6.838,1.911,130,80,0,0,0,0
479.792,101.552,6.838,1.911,130,80,0,0,0,0
486.63,103.463,6.838,1.911,130,80,0,0,0,0
493.468,105.374,6.838,1.911,130,80,0,0,0,0
500.306,107.285,6.838,1.911,130,80,0,0,0,0
507.144,109.196,6.838,1.911,130,80,0,0,0,0
513.982,111.108,6.838,1.911,130,80,0,0,0,0
520.82,113.019,6.838,1.911,130,80,0,0,0,0
527.658,114.93,6.838,1.911,130,80,0,0,0,0
534.496,116.841,6.838,1.911,130,80,0,0,0,0
541.334,118.752,6.838,1.911,130,80,0,0,0,0
548.172,120.663,6.838,1.911,130,80,0,0,0,0
555.01,122.574,6.838,1.911,130,80,0,0,0,0
561.848,124.485,6.838,1.911,130,80,0,0,0,0
568.686,126.396,6.838,1.911,130,80,0,0,0,0
575.524,128.307,6.838,1.911,130,80,0,0,0,0
582.362,130.218,6.838,1.911,130,80,0,0,0,0
589.2,132.129,6.838,1.911,130,80,0,0,0,0
596.038,134.04,6.838,1.911,130,80,0,0,0,0
602.876,135.951,6.838,1.911,130,80,0,0,0,0
609.714,137.862,6.838,1.911,130,80,0,0,0,0
616.552,139.773,6.838,1.911,130,85,0,1,0,0
623.39,141.684,6.838,1.911,130,90,0,1,0,0
630.228,143.595,6.838,1.911,130,95,0,1,0,0
637.066,145.506,6.838,1.911,130,100,0,1,0,0
643.904,147.417,6.838,1.911,130,105,0,1,0,0
650.742,149.328,6.838,1.911,130,110,0,1,0,0
657.58,151.24,6.838,1.911,130,115,0,1,0,0
664.418,153.151,6.838,1.911,130,115,0,0,0,0
671.256,155.062,6.838,1.911,130,115,0,0,0,0
678.094,156.973,6.838,1.911,130,115,0,0,0,0
684.932,158.884,6.838,1.911,130,115,0,0,0,0
691.77,160.795,6.838,1.911,130,115,0,0,0,0
698.608,162.706,6.838,1.911,130,115,0,0,0,0
705.446,164.617,6.838,1.911,130,115,0,0,0,0
712.284,166.528,6.838,1.911,130,115,0,0,0,0
719.122,168.439,6.838,1.911,130,120,0,1,0,0
725.96,170.35,6.838,1.911,130,125,0,1,0,0
732.797,172.261,6.838,1.911,130,130,0,1,0,0
739.635,174.172,6.838,1.911,130,135,0,1,0,0
746.473,176.083,6.838,1.911,130,140,0,1,0,0
751.0,177.994,-7.276,-1.35,130,145,0,1,0,0
743.724,176.645,-7.276,-1.35,130,150,0,1,0,0
736.448,175.295,-7.276,-1.35,130,155,0,1,0,0
729.172,173.945,-7.276,-1.35,130,155,0,0,0,0
721.896,172.596,-7.276,-1.35,130,155,0,0,0,0
714.621,171.246,-7.276,-1.35,130,155,0,0,0,0
707.345,169.896,-7.276,-1.35,130,155,0,0,0,0
700.069,168.547,-7.276,-1.35,130,155,0,0,0,0
692.793,167.197,-7.276,-1.35,130,155,0,0,0,0
685.517,165.847,-7.276,-1.35,130,155,0,0,0,0
678.241,164.498,-7.276,-1.35,130,155,0,0,0,0
670.965,163.148,-7.276,-1.35,130,155,0,0,0,0
663.689,161.798,-7.276,-1.35,130,155,0,0,0,0
656.414,160.449,-7.276,-1.35,130,155,0,0,0,0
649.138,159.099,-7.276,-1.35,130,155,0,0,0,0
641.862,157.749,-7.276,-1.35,130,160,0,1,0,0
634.586,156.4,-7.276,-1.35,130,165,0,1,0,0
627.31,155.05,-7.276,-1.35,135,170,1,1,0,0
620.034,153.7,-7.276,-1.35,140,175,1,1,0,0
612.758,152.351,-7.276,-1.35,145,180,1,1,0,0
605.482,151.001,-7.276,-1.35,150,180,1,0,0,0
598.207,149.651,-7.276,-1.35,155,180,1,0,0,0
590.931,148.302,-7.276,-1.35,160,180,1,0,0,0
583.655,146.952,-7.276,-1.35,165,180,1,0,0,0
576.379,145.602,-7.276,-1.35,170,180,1,0,0,0
569.103,144.253,-7.276,-1.35,175,180,1,0,0,0
561.827,142.903,-7.276,-1.35,180,180,1,0,0,0
554.551,141.554,-7.276,-1.35,185,180,1,0,0,0
547.275,140.204,-7.276,-1.35,190,180,1,0,0,0
539.999,138.854,-7.276,-1.35,190,180,0,0,0,0
532.724,137.505,-7.276,-1.35,190,180,0,0,0,0
525.448,136.155,-7.276,-1.35,190,180,0,0,0,0
518.172,134.805,-7.276,-1.35,190,180,0,0,0,0
510.896,133.456,-7.276,-1.35,190,180,0,0,0,0
503.62,132.106,-7.276,-1.35,190,180,0,0,0,0
496.344,130.756,-7.276,-1.35,190,180,0,0,0,0
489.068,129.407,-7.276,-1.35,190,180,0,0,0,0
481.792,128.057,-7.276,-1.35,190,180,0,0,0,0
474.517,126.707,-7.276,-1.35,190,180,0,0,0,0
467.241,125.358,-7.276,-1.35,185,175,-1,-1,0,0
459.965,124.008,-7.276,-1.35,180,170,-1,-1,0,0
452.689,122.658,-7.276,-1.35,175,165,-1,-1,0,0
445.413,121.309,-7.276,-1.35,170,160,-1,-1,0,0
438.137,119.959,-7.276,-1.35,165,155,-1,-1,0,0
430.861,118.609,-7.276,-1.35,160,150,-1,-1,0,0
423.585,117.26,-7.276,-1.35,155,145,-1,-1,0,0
416.31,115.91,-7.276,-1.35,150,140,-1,-1,0,0
409.034,114.56,-7.276,-1.35,145,135,-1,-1,0,0
401.758,113.211,-7.276,-1.35,140,130,-1,-1,0,0
394.482,111.861,-7.276,-1.35,135,125,-1,-1,0,0
387.206,110.511,-7.276,-1.35,130,120,-1,-1,0,0
379.93,109.162,-7.276,-1.35,125,115,-1,-1,0,0
372.654,107.812,-7.276,-1.35,120,115,-1,0,0,0
365.378,106.462,-7.276,-1.35,115,115,-1,0,0,0
358.102,105.113,-7.276,-1.35,110,115,-1,0,0,0
350.827,103.763,-7.276,-1.35,105,115,-1,0,0,0
343.551,102.414,-7.276,-1.35,100,115,-1,0,0,0
336.275,101.064,-7.276,-1.35,95,115,-1,0,0,0
328.999,99.714,-7.276,-1.35,90,115,-1,0,0,0
321.723,98.365,-7.276,-1.35,85,115,-1,0,0,0
314.447,97.015,-7.276,-1.35,80,115,-1,0,0,0
307.171,95.665,-7.276,-1.35,75,115,-1,0,0,0
299.895,94.316,-7.276,-1.35,70,115,-1,0,0,0
292.62,92.966,-7.276,-1.35,65,115,-1,0,0,0
285.344,91.616,-7.276,-1.35,60,115,-1,0,0,0
278.068,90.267,-7.276,-1.35,55,115,-1,0,0,0
270.792,88.917,-7.276,-1.35,50,115,-1,0,0,0
263.516,87.567,-7.276,-1.35,45,115,-1,0,0,0
256.24,86.218,-7.276,-1.35,40,115,-1,0,0,0
248.964,84.868,-7.276,-1.35,40,115,0,0,0,0
241.688,83.518,-7.276,-1.35,40,115,0,0,0,0
234.413,82.169,-7.276,-1.35,40,115,0,0,0,0
227.137,80.819,-7.276,-1.35,40,115,0,0,0,0
219.861,79.469,-7.276,-1.35,40,115,0,0,0,0
212.585,78.12,-7.276,-1.35,40,115,0,0,0,0
205.309,76.77,-7.276,-1.35,40,115,0,0,0,0
198.033,75.42,-7.276,-1.35,40,115,0,0,0,0
190.757,74.071,-7.276,-1.35,40,110,0,-1,0,0
183.481,72.721,-7.276,-1.35,40,105,0,-1,0,0
176.205,71.371,-7.276,-1.35,40,100,0,-1,0,0
168.93,70.022,-7.276,-1.35,40,95,0,-1,0,0
161.654,68.672,-7.276,-1.35,40,90,0,-1,0,0
154.378,67.323,-7.276,-1.35,40,85,0,-1,0,0
147.102,65.973,-7.276,-1.35,40,80,0,-1,0,0
139.826,64.623,-7.276,-1.35,40,75,0,-1,0,0
132.55,63.274,-7.276,-1.35,40,75,0,0,0,0
125.274,61.924,-7.276,-1.35,40,75,0,0,0,0
117.998,60.574,-7.276,-1.35,40,75,0,0,0,0
110.723,59.225,-7.276,-1.35,40,75,0,0,0,0
103.447,57.875,-7.276,-1.35,40,75,0,0,0,0
96.171,56.525,-7.276,-1.35,40,75,0,0,0,0
88.895,55.176,-7.276,-1.35,40,75,0,0,0,0
81.619,53.826,-7.276,-1.35,40,75,0,0,0,0
74.343,52.476,-7.276,-1.35,40,75,0,0,0,0
67.067,51.127,-7.276,-1.35,40,75,0,0,0,0
59.791,49.777,-7.276,-1.35,40,75,0,0,0,0
52.515,48.427,-7.276,-1.35,40,75,0,0,0,0
49.0,47.078,5.013,-5.845,40,75,0,0,0,0
54.013,41.233,5.013,-5.845,40,75,0,0,0,0
59.025,35.388,5.013,-5.845,40,75,0,0,0,0
64.038,29.543,5.013,-5.845,40,75,0,0,0,0
69.051,23.698,5.013,-5.845,40,75,0,0,0,0
74.063,17.853,5.013,-5.845,40,75,0,0,0,0
79.076,12.008,5.013,-5.845,40,75,0,0,0,0
84.089,6.163,5.013,-5.845,40,75,0,0,0,0
89.101,6.0,5.013,5.845,40,75,0,0,0,0
94.114,11.845,5.013,5.845,40,75,0,0,0,0
99.127,17.69,5.013,5.845,40,75,0,0,0,0
104.139,23.535,5.013,5.845,40,75,0,0,0,0
109.152,29.38,5.013,5.845,40,75,0,0,0,0
114.164,35.225,5.013,5.845,40,75,0,0,0,0
119.177,41.07,5.013,5.845,40,75,0,0,0,0
124.19,46.915,5.013,5.845,40,75,0,0,0,0
129.202,52.76,5.013,5.845,40,75,0,0,0,0
134.215,58.604,5.013,5.845,40,75,0,0,0,0
139.228,64.449,5.013,5.845,40,75,0,0,0,0
144.24,70.294,5.013,5.845,40,75,0,0,0,0
149.253,76.139,5.013,5.845,40,75,0,0,0,0
154.266,81.984,5.013,5.845,40,75,0,0,0,0
159.278,87.829,5.013,5.845,40,75,0,0,0,0
164.291,93.674,5.013,5.845,40,75,0,0,0,0
169.304,99.519,5.013,5.845,40,75,0,0,0,0
174.316,105.364,5.013,5.845,40,75,0,0,0,0
179.329,111.209,5.013,5.845,40,75,0,0,0,0
184.342,117.054,5.013,5.845,40,75,0,0,0,0
189.354,122.899,5.013,5.845,40,75,0,0,0,0
194.367,128.744,5.013,5.845,40,75,0,0,0,0
199.38,134.589,5.013,5.845,40,75,0,0,0,0
204.392,140.434,5.013,5.845,40,75,0,0,0,0
209.405,146.279,5.013,5.845,40,80,0,1,0,0
214.418,152.123,5.013,5.845,40,85,0,1,0,0
219.43,157.968,5.013,5.845,40,90,0,1,0,0
224.443,163.813,5.013,5.845,40,95,0,1,0,0
229.455,169.658,5.013,5.845,40,100,0,1,0,0
234.468,175.503,5.013,5.845,40,105,0,1,0,0
239.481,181.348,5.013,5.845,40,110,0,1,0,0
244.493,187.193,5.013,5.845,40,115,0,1,0,0
249.506,193.038,5.013,5.845,45,120,1,1,0,0
254.519,198.883,5.013,5.845,50,125,1,1,0,0
259.531,204.728,5.013,5.845,55,130,1,1,0,0
264.544,210.573,5.013,5.845,60,135,1,1,0,0
269.557,216.418,5.013,5.845,65,140,1,1,0,0
274.569,222.263,5.013,5.845,70,145,1,1,0,0
279.582,228.108,5.013,5.845,75,150,1,1,0,0
284.595,233.953,5.013,5.845,80,155,1,1,0,0
289.607,239.798,5.013,5.845,85,160,1,1,0,0
294.62,245.643,5.013,5.845,90,165,1,1,0,0
299.633,251.487,5.013,5.845,95,170,1,1,0,0
304.645,257.332,5.013,5.845,100,175,1,1,0,0
309.658,263.177,5.013,5.845,105,180,1,1,0,0
314.671,269.022,5.013,5.845,110,185,1,1,0,0
319.683,274.867,5.013,5.845,115,190,1,1,0,0
324.696,280.712,5.013,5.845,120,195,1,1,0,0
329.709,286.557,5.013,5.845,125,200,1,1,0,0
334.721,292.402,5.013,5.845,130,205,1,1,0,0
339.734,298.247,5.013,5.845,135,210,1,1,0,0
344.746,304.092,5.013,5.845,140,215,1,1,0,0
349.759,309.937,5.013,5.845,145,220,1,1,0,0
354.772,315.782,5.013,5.845,150,225,1,1,0,0
359.784,321.627,5.013,5.845,155,230,1,1,0,0
364.797,327.472,5.013,5.845,160,235,1,1,0,0
369.81,333.317,5.013,5.845,165,240,1,1,0,0
374.822,339.162,5.013,5.845,170,245,1,1,0,0
379.835,345.006,5.013,5.845,175,250,1,1,0,0
384.848,350.851,5.013,5.845,180,255,1,1,0,0
389.86,356.696,5.013,5.845,185,260,1,1,0,0
394.873,362.541,5.013,5.845,190,265,1,1,0,0
399.886,368.386,5.013,5.845,195,270,1,1,0,0
404.898,374.231,5.013,5.845,200,275,1,1,0,0
409.911,380.076,5.013,5.845,205,280,1,1,0,0
414.924,385.921,5.013,5.845,210,285,1,1,0,0
419.936,391.766,5.013,5.845,215,290,1,1,0,0
424.949,397.611,5.013,5.845,220,295,1,1,0,0
429.962,403.456,5.013,5.845,225,300,1,1,0,0
434.974,409.301,5.013,5.845,230,305,1,1,0,0
439.987,415.146,5.013,5.845,235,310,1,1,0,0
445.0,420.991,5.013,5.845,240,315,1,1,0,0
450.012,426.836,5.013,5.845,245,320,1,1,0,0
455.025,432.681,5.013,5.845,250,325,1,1,0,0
460.037,438.526,5.013,5.845,255,330,1,1,0,0
465.05,444.37,5.013,5.845,260,335,1,1,0,0
470.063,450.215,5.013,5.845,265,340,1,1,0,0
475.075,456.06,5.013,5.845,270,345,1,1,0,0
480.088,461.905,5.013,5.845,275,350,1,1,0,0
485.101,467.75,5.013,5.845,280,355,1,1,0,0
490.113,473.595,5.013,5.845,285,360,1,1,0,0
495.126,479.44,5.013,5.845,290,365,1,1,0,0
500.139,485.285,5.013,5.845,295,370,1,1,0,0
505.151,491.13,5.013,5.845,300,375,1,1,0,0
510.164,496.975,5.013,5.845,305,380,1,1,0,0
515.177,502.82,5.013,5.845,310,385,1,1,0,0
520.189,508.665,5.013,5.845,315,390,1,1,0,0
525.202,514.51,5.013,5.845,320,395,1,1,0,0
530.215,520.355,5.013,5.845,325,400,1,1,0,0
535.227,526.2,5.013,5.845,330,405,1,1,0,0
540.24,532.045,5.013,5.845,335,410,1,1,0,0
545.253,537.89,5.013,5.845,340,415,1,1,0,0
550.265,543.734,5.013,5.845,345,420,1,1,0,0
555.278,549.579,5.013,5.845,350,420,1,0,0,0
560.291,555.424,5.013,5.845,355,420,1,0,0,0
565.303,561.269,5.013,5.845,360,420,1,0,0,0
570.316,567.114,5.013,5.845,365,420,1,0,0,0
575.328,572.959,5.013,5.845,370,420,1,0,0,0
580.341,578.804,5.013,5.845,370,420,0,0,0,0
585.354,584.649,5.013,5.845,370,420,0,0,0,0
590.366,590.494,5.013,5.845,370,420,0,0,0,0
595.379,594.0,5.013,-5.845,370,420,0,0,0,0
600.392,588.155,5.013,-5.845,370,420,0,0,0,0
605.404,582.31,5.013,-5.845,370,420,0,0,0,0
610.417,576.465,5.013,-5.845,370,420,0,0,0,0
615.43,570.62,5.013,-5.845,370,420,0,0,0,0
620.442,564.775,5.013,-5.845,370,420,0,0,0,0
625.455,558.93,5.013,-5.845,370,420,0,0,0,0
630.468,553.085,5.013,-5.845,370,420,0,0,0,0
635.48,547.24,5.013,-5.845,370,420,0,0,0,0
640.493,541.396,5.013,-5.845,370,420,0,0,0,0
645.506,535.551,5.013,-5.845,370,415,0,-1,0,0
650.518,529.706,5.013,-5.845,370,410,0,-1,0,0
655.531,523.861,5.013,-5.845,370,405,0,-1,0,0
660.544,518.016,5.013,-5.845,370,400,0,-1,0,0
665.556,512.171,5.013,-5.845,370,395,0,-1,0,0
670.569,506.326,5.013,-5.845,370,390,0,-1,0,0
675.582,500.481,5.013,-5.845,370,390,0,0,0,0
680.594,494.636,5.013,-5.845,370,390,0,0,0,0
685.607,488.791,5.013,-5.845,370,390,0,0,0,0
690.619,482.946,5.013,-5.845,370,390,0,0,0,0
695.632,477.101,5.013,-5.845,370,390,0,0,0,0
700.645,471.256,5.013,-5.845,370,390,0,0,0,0
705.657,465.411,5.013,-5.845,370,390,0,0,0,0
710.67,459.566,5.013,-5.845,370,385,0,-1,0,0
715.683,453.721,5.013,-5.845,370,380,0,-1,0,0
720.695,447.877,5.013,-5.845,370,375,0,-1,0,0
725.708,442.032,5.013,-5.845,370,370,0,-1,0,0
730.721,436.187,5.013,-5.845,370,365,0,-1,0,0
735.733,430.342,5.013,-5.845,370,360,0,-1,0,0
740.746,424.497,5.013,-5.845,370,355,0,-1,0,0
745.759,418.652,5.013,-5.845,370,355,0,0,0,0
750.771,412.807,5.013,-5.845,370,355,0,0,0,0
751.0,406.962,-7.611,2.465,370,355,0,0,0,0
743.389,409.426,-7.611,2.465,370,355,0,0,0,0
735.778,411.891,-7.611,2.465,370,355,0,0,0,0
728.167,414.356,-7.611,2.465,370,355,0,0,0,0
720.556,416.82,-7.611,2.465,370,355,0,0,0,0
712.945,419.285,-7.611,2.465,370,355,0,0,0,0
705.335,421.749,-7.611,2.465,370,355,0,0,0,0
697.724,424.214,-7.611,2.465,370,355,0,0,0,0
690.113,426.678,-7.611,2.465,370,355,0,0,0,0
682.502,429.143,-7.611,2.465,370,355,0,0,0,0
674.891,431.607,-7.611,2.465,370,355,0,0,0,0
667.28,434.072,-7.611,2.465,370,355,0,0,0,0
659.669,436.537,-7.611,2.465,370,355,0,0,0,0
652.058,439.001,-7.611,2.465,370,355,0,0,0,0
644.447,441.466,-7.611,2.465,370,355,0,0,0,0
636.836,443.93,-7.611,2.465,370,355,0,0,0,0
629.225,446.395,-7.611,2.465,370,355,0,0,0,0
621.614,448.859,-7.611,2.465,370,355,0,0,0,0
614.004,451.324,-7.611,2.465,370,355,0,0,0,0
606.393,453.788,-7.611,2.465,370,355,0,0,0,0
598.782,456.253,-7.611,2.465,370,355,0,0,0,0
591.171,458.718,-7.611,2.465,370,355,0,0,0,0
583.56,461.182,-7.611,2.465,370,355,0,0,0,0
575.949,463.647,-7.611,2.465,370,355,0,0,0,0
568.338,466.111,-7.611,2.465,370,355,0,0,0,0
560.727,468.576,-7.611,2.465,375,355,1,0,0,0
553.116,471.04,-7.611,2.465,380,355,1,0,0,0
545.505,473.505,-7.611,2.465,385,355,1,0,0,0
537.894,475.969,-7.611,2.465,390,355,1,0,0,0
530.284,478.434,-7.611,2.465,395,355,1,0,0,0
522.673,480.899,-7.611,2.465,400,355,1,0,0,0
515.062,483.363,-7.611,2.465,405,360,1,1,0,0
507.451,485.828,-7.611,2.465,410,365,1,1,0,0
499.84,488.292,-7.611,2.465,415,370,1,1,0,0
492.229,490.757,-7.611,2.465,420,375,1,1,0,0
484.618,493.221,-7.611,2.465,425,380,1,1,0,0
477.007,495.686,-7.611,2.465,430,385,1,1,0,0
469.396,498.15,-7.611,2.465,435,390,1,1,0,0
461.785,500.615,-7.611,2.465,440,395,1,1,0,0
454.174,503.079,-7.611,2.465,445,400,1,1,0,0
446.564,505.544,-7.611,2.465,450,405,1,1,0,0
438.953,508.009,-7.611,2.465,455,410,1,1,0,0
431.342,510.473,-7.611,2.465,460,415,1,1,0,0
423.731,512.938,-7.611,2.465,465,420,1,1,0,0
416.12,515.402,-7.611,2.465,470,425,1,1,0,0
408.509,517.867,-7.611,2.465,475,430,1,1,0,0
400.898,520.331,-7.611,2.465,480,435,1,1,0,0
393.287,522.796,-7.611,2.465,485,440,1,1,0,0
385.676,525.26,-7.611,2.465,490,445,1,1,0,0
378.065,527.725,-7.611,2.465,490,450,0,1,0,0
370.454,530.19,-7.611,2.465,490,455,0,1,0,0
362.843,532.654,-7.611,2.465,490,460,0,1,0,0
355.233,535.119,-7.611,2.465,490,465,0,1,0,0
347.622,537.583,-7.611,2.465,490,470,0,1,0,0
340.011,540.048,-7.611,2.465,490,470,0,0,0,0
332.4,542.512,-7.611,2.465,490,470,0,0,0,0
324.789,544.977,-7.611,2.465,490,470,0,0,0,0
317.178,547.441,-7.611,2.465,490,470,0,0,0,0
309.567,549.906,-7.611,2.465,490,470,0,0,0,0
301.956,552.371,-7.611,2.465,490,470,0,0,0,0
294.345,554.835,-7.611,2.465,490,470,0,0,0,0
286.734,557.3,-7.611,2.465,490,470,0,0,0,0
279.123,559.764,-7.611,2.465,490,470,0,0,0,0
271.513,562.229,-7.611,2.465,490,470,0,0,0,0
263.902,564.693,-7.611,2.465,490,470,0,0,0,0
256.291,567.158,-7.611,2.465,490,470,0,0,0,0
248.68,569.622,-7.611,2.465,490,470,0,0,0,0
241.069,572.087,-7.611,2.465,490,470,0,0,0,0
233.458,574.551,-7.611,2.465,490,470,0,0,0,0
225.847,577.016,-7.611,2.465,490,470,0,0,0,0
218.236,579.481,-7.611,2.465,490,470,0,0,0,0
210.625,581.945,-7.611,2.465,490,470,0,0,0,0
203.014,584.41,-7.611,2.465,490,470,0,0,0,0
195.403,586.874,-7.611,2.465,490,470,0,0,0,0
187.793,589.339,-7.611,2.465,490,470,0,0,0,0
180.182,591.803,-7.611,2.465,490,470,0,0,0,0
172.571,594.0,-7.611,-2.465,490,470,0,0,0,0
164.96,591.535,-7.611,-2.465,490,470,0,0,0,0
157.349,589.071,-7.611,-2.465,490,470,0,0,0,0
149.738,586.606,-7.611,-2.465,490,465,0,-1,0,0
142.127,584.142,-7.611,-2.465,490,460,0,-1,0,0
134.516,581.677,-7.611,-2.465,490,455,0,-1,0,0
126.905,579.213,-7.611,-2.465,490,450,0,-1,0,0
119.294,576.748,-7.611,-2.465,490,445,0,-1,0,0
111.683,574.284,-7.611,-2.465,490,440,0,-1,0,0
104.072,571.819,-7.611,-2.465,490,440,0,0,0,0
96.462,569.354,-7.611,-2.465,490,440,0,0,0,0
88.851,566.89,-7.611,-2.465,490,440,0,0,0,0
81.24,564.425,-7.611,-2.465,490,440,0,0,0,0
73.629,561.961,-7.611,-2.465,490,440,0,0,0,0
66.018,559.496,-7.611,-2.465,490,440,0,0,0,0
58.407,557.032,-7.611,-2.465,490,440,0,0,0,0
50.796,554.567,-7.611,-2.465,490,440,0,0,0,0
49.0,552.103,6.949,4.539,490,440,0,0,0,0
55.949,556.642,6.949,4.539,490,440,0,0,0,0
62.898,561.181,6.949,4.539,490,440,0,0,0,0
69.846,565.72,6.949,4.539,490,440,0,0,0,0
76.795,570.259,6.949,4.539,490,440,0,0,0,0
83.744,574.799,6.949,4.539,490,440,0,0,0,0
90.693,579.338,6.949,4.539,490,440,0,0,0,0
97.642,583.877,6.949,4.539,490,440,0,0,0,0
104.59,588.416,6.949,4.539,490,440,0,0,0,0
111.539,592.955,6.949,4.539,490,440,0,0,0,0
118.488,594.0,6.949,-4.539,490,440,0,0,0,0
125.437,589.461,6.949,-4.539,490,440,0,0,0,0
132.386,584.922,6.949,-4.539,490,440,0,0,0,0
139.334,580.382,6.949,-4.539,490,440,0,0,0,0
146.283,575.843,6.949,-4.539,490,440,0,0,0,0
153.232,571.304,6.949,-4.539,490,440,0,0,0,0
160.181,566.765,6.949,-4.539,490,440,0,0,0,0
167.13,562.226,6.949,-4.539,490,440,0,0,0,0
174.078,557.687,6.949,-4.539,490,440,0,0,0,0
181.027,553.147,6.949,-4.539,490,440,0,0,0,0
187.976,548.608,6.949,-4.539,490,440,0,0,0,0
194.925,544.069,6.949,-4.539,490,440,0,0,0,0
201.874,539.53,6.949,-4.539,490,440,0,0,0,0
208.822,534.991,6.949,-4.539,490,440,0,0,0,0
215.771,530.451,6.949,-4.539,490,440,0,0,0,0
222.72,525.912,6.949,-4.539,490,440,0,0,0,0
229.669,521.373,6.949,-4.539,490,440,0,0,0,0
236.618,516.834,6.949,-4.539,490,440,0,0,0,0
243.566,512.295,6.949,-4.539,490,445,0,1,0,0
250.515,507.755,6.949,-4.539,490,450,0,1,0,0
257.464,503.216,6.949,-4.539,490,455,0,1,0,0
264.413,498.677,6.949,-4.539,490,460,0,1,0,0
271.362,494.138,6.949,-4.539,490,465,0,1,0,0
278.31,489.599,6.949,-4.539,490,465,0,0,0,0
285.259,485.06,6.949,-4.539,490,460,0,-1,0,0
292.208,480.52,6.949,-4.539,490,455,0,-1,0,0
299.157,475.981,6.949,-4.539,490,450,0,-1,0,0
306.105,471.442,6.949,-4.539,490,445,0,-1,0,0
313.054,466.903,6.949,-4.539,490,440,0,-1,0,0
320.003,462.364,6.949,-4.539,490,435,0,-1,0,0
326.952,457.824,6.949,-4.539,490,430,0,-1,0,0
333.901,453.285,6.949,-4.539,490,425,0,-1,0,0
340.849,448.746,6.949,-4.539,490,420,0,-1,0,0
347.798,444.207,6.949,-4.539,490,415,0,-1,0,0
354.747,439.668,6.949,-4.539,490,410,0,-1,0,0
361.696,435.128,6.949,-4.539,490,405,0,-1,0,0
368.645,430.589,6.949,-4.539,490,400,0,-1,0,0
375.593,426.05,6.949,-4.539,490,395,0,-1,0,0
382.542,421.511,6.949,-4.539,490,390,0,-1,0,0
389.491,416.972,6.949,-4.539,490,385,0,-1,0,0
396.44,412.433,6.949,-4.539,490,380,0,-1,0,0
403.389,407.893,6.949,-4.539,490,375,0,-1,0,0
410.337,403.354,6.949,-4.539,490,370,0,-1,0,0
417.286,398.815,6.949,-4.539,490,365,0,-1,0,0
424.235,394.276,6.949,-4.539,490,360,0,-1,0,0
431.184,389.737,6.949,-4.539,490,355,0,-1,0,0
438.133,385.197,6.949,-4.539,490,350,0,-1,0,0
445.081,380.658,6.949,-4.539,490,345,0,-1,0,0
452.03,376.119,6.949,-4.539,490,340,0,-1,0,0
458.979,371.58,6.949,-4.539,490,335,0,-1,0,0
465.928,367.041,6.949,-4.539,490,330,0,-1,0,0
472.877,362.501,6.949,-4.539,490,325,0,-1,0,0
479.825,357.962,6.949,-4.539,490,320,0,-1,0,0
486.774,353.423,6.949,-4.539,490,315,0,-1,0,0
493.723,348.884,6.949,-4.539,490,310,0,-1,0,0
500.672,344.345,6.949,-4.539,490,305,0,-1,0,0
507.621,339.806,6.949,-4.539,490,300,0,-1,0,0
514.569,335.266,6.949,-4.539,490,295,0,-1,0,0
521.518,330.727,6.949,-4.539,490,290,0,-1,0,0
528.467,326.188,6.949,-4.539,490,285,0,-1,0,0
535.416,321.649,6.949,-4.539,490,280,0,-1,0,0
542.365,317.11,6.949,-4.539,490,275,0,-1,0,0
549.313,312.57,6.949,-4.539,490,270,0,-1,0,0
556.262,308.031,6.949,-4.539,490,265,0,-1,0,0
563.211,303.492,6.949,-4.539,490,260,0,-1,0,0
570.16,298.953,6.949,-4.539,490,255,0,-1,0,0
577.109,294.414,6.949,-4.539,490,250,0,-1,0,0
584.057,289.874,6.949,-4.539,485,245,-1,-1,0,0
591.006,285.335,6.949,-4.539,480,240,-1,-1,0,0
597.955,280.796,6.949,-4.539,475,235,-1,-1,0,0
604.904,276.257,6.949,-4.539,470,230,-1,-1,0,0
611.853,271.718,6.949,-4.539,465,225,-1,-1,0,0
618.801,267.179,6.949,-4.539,460,220,-1,-1,0,0
625.75,262.639,6.949,-4.539,455,215,-1,-1,0,0
632.699,258.1,6.949,-4.539,450,210,-1,-1,0,0
639.648,253.561,6.949,-4.539,445,205,-1,-1,0,0
646.597,249.022,6.949,-4.539,440,200,-1,-1,0,0
653.545,244.483,6.949,-4.539,435,195,-1,-1,0,0
660.494,239.943,6.949,-4.539,430,190,-1,-1,0,0
667.443,235.404,6.949,-4.539,430,185,0,-1,0,0
674.392,230.865,6.949,-4.539,430,180,0,-1,0,0
681.341,226.326,6.949,-4.539,430,175,0,-1,0,0
688.289,221.787,6.949,-4.539,430,170,0,-1,0,0
695.238,217.247,6.949,-4.539,430,165,0,-1,0,0
702.187,212.708,6.949,-4.539,430,160,0,-1,0,0
709.136,208.169,6.949,-4.539,430,155,0,-1,0,0
716.085,203.63,6.949,-4.539,430,150,0,-1,0,0
723.033,199.091,6.949,-4.539,430,145,0,-1,0,0
729.982,194.552,6.949,-4.539,430,140,0,-1,0,0
736.931,190.012,6.949,-4.539,430,135,0,-1,0,0
743.88,185.473,6.949,-4.539,430,130,0,-1,0,0
750.829,180.934,6.949,-4.539,430,130,0,0,0,0
751.0,176.395,-8.48,1.433,430,130,0,0,0,0
742.52,177.828,-8.48,1.433,430,130,0,0,0,0
734.04,179.261,-8.48,1.433,430,130,0,0,0,0
725.561,180.694,-8.48,1.433,430,130,0,0,0,0
717.081,182.127,-8.48,1.433,430,130,0,0,0,0
708.601,183.56,-8.48,1.433,430,130,0,0,0,0
700.121,184.993,-8.48,1.433,430,130,0,0,0,0
691.642,186.426,-8.48,1.433,430,130,0,0,0,0
683.162,187.859,-8.48,1.433,430,130,0,0,0,0
674.682,189.292,-8.48,1.433,430,130,0,0,0,0
666.202,190.725,-8.48,1.433,430,130,0,0,0,0
657.723,192.158,-8.48,1.433,430,130,0,0,0,0
649.243,193.591,-8.48,1.433,430,130,0,0,0,0
640.763,195.025,-8.48,1.433,430,130,0,0,0,0
632.283,196.458,-8.48,1.433,430,130,0,0,0,0
623.804,197.891,-8.48,1.433,430,130,0,0,0,0
615.324,199.324,-8.48,1.433,430,130,0,0,0,0
606.844,200.757,-8.48,1.433,430,135,0,1,0,0
598.364,202.19,-8.48,1.433,430,140,0,1,0,0
589.885,203.623,-8.48,1.433,425,145,-1,1,0,0
581.405,205.056,-8.48,1.433,420,150,-1,1,0,0
572.925,206.489,-8.48,1.433,415,155,-1,1,0,0
564.445,207.922,-8.48,1.433,410,160,-1,1,0,0
555.965,209.355,-8.48,1.433,405,165,-1,1,0,0
547.486,210.788,-8.48,1.433,400,170,-1,1,0,0
539.006,212.221,-8.48,1.433,395,175,-1,1,0,0
530.526,213.654,-8.48,1.433,390,180,-1,1,0,0
522.046,215.087,-8.48,1.433,385,185,-1,1,0,0
513.567,216.52,-8.48,1.433,380,190,-1,1,0,0
505.087,217.953,-8.48,1.433,375,195,-1,1,0,0
496.607,219.386,-8.48,1.433,370,195,-1,0,0,0
488.127,220.82,-8.48,1.433,370,195,0,0,0,0
479.648,222.253,-8.48,1.433,370,195,0,0,0,0
471.168,223.686,-8.48,1.433,370,190,0,-1,0,0
462.688,225.119,-8.48,1.433,370,185,0,-1,0,0
454.208,226.552,-8.48,1.433,370,180,0,-1,0,0
445.729,227.985,-8.48,1.433,370,175,0,-1,0,0
437.249,229.418,-8.48,1.433,370,170,0,-1,0,0
428.769,230.851,-8.48,1.433,370,165,0,-1,0,0
420.289,232.284,-8.48,1.433,365,160,-1,-1,0,0
411.81,233.717,-8.48,1.433,360,155,-1,-1,0,0
403.33,235.15,-8.48,1.433,355,150,-1,-1,0,0
394.85,236.583,-8.48,1.433,350,145,-1,-1,0,0
386.37,238.016,-8.48,1.433,345,140,-1,-1,0,0
377.891,239.449,-8.48,1.433,340,135,-1,-1,0,0
369.411,240.882,-8.48,1.433,335,130,-1,-1,0,0
360.931,242.315,-8.48,1.433,330,125,-1,-1,0,0
352.451,243.748,-8.48,1.433,325,120,-1,-1,0,0
343.971,245.181,-8.48,1.433,320,115,-1,-1,0,0
335.492,246.615,-8.48,1.433,315,110,-1,-1,0,0
327.012,248.048,-8.48,1.433,310,105,-1,-1,0,0
318.532,249.481,-8.48,1.433,305,100,-1,-1,0,0
310.052,250.914,-8.48,1.433,300,95,-1,-1,0,0
301.573,252.347,-8.48,1.433,295,90,-1,-1,0,0
293.093,253.78,-8.48,1.433,290,85,-1,-1,0,0
284.613,255.213,-8.48,1.433,285,80,-1,-1,0,0
276.133,256.646,-8.48,1.433,280,75,-1,-1,0,0
267.654,258.079,-8.48,1.433,275,70,-1,-1,0,0
259.174,259.512,-8.48,1.433,270,65,-1,-1,0,0
250.694,260.945,-8.48,1.433,265,60,-1,-1,0,0
242.214,262.378,-8.48,1.433,260,55,-1,-1,0,0
233.735,263.811,-8.48,1.433,255,50,-1,-1,0,0
225.255,265.244,-8.48,1.433,250,45,-1,-1,0,0
216.775,266.677,-8.48,1.433,245,40,-1,-1,0,0
208.295,268.11,-8.48,1.433,240,35,-1,-1,0,0
199.816,269.543,-8.48,1.433,235,30,-1,-1,0,0
191.336,270.976,-8.48,1.433,230,25,-1,-1,0,0
182.856,272.409,-8.48,1.433,225,20,-1,-1,0,0
174.376,273.843,-8.48,1.433,220,15,-1,-1,0,0
165.896,275.276,-8.48,1.433,220,15,0,0,0,0
157.417,276.709,-8.48,1.433,220,15,0,0,0,0
148.937,278.142,-8.48,1.433,220,15,0,0,0,0
140.457,279.575,-8.48,1.433,220,15,0,0,0,0
131.977,281.008,-8.48,1.433,220,15,0,0,0,0
123.498,282.441,-8.48,1.433,220,15,0,0,0,0
115.018,283.874,-8.48,1.433,220,15,0,0,0,0
106.538,285.307,-8.48,1.433,220,15,0,0,0,0
98.058,286.74,-8.48,1.433,220,15,0,0,0,0
89.579,288.173,-8.48,1.433,220,20,0,1,0,0
81.099,289.606,-8.48,1.433,220,25,0,1,0,0
72.619,291.039,-8.48,1.433,220,30,0,1,0,0
64.139,292.472,-8.48,1.433,220,35,0,1,0,0
55.66,293.905,-8.48,1.433,220,40,0,1,0,0
49.0,295.338,5.355,7.109,220,45,0,1,0,0
54.355,302.447,5.355,7.109,220,50,0,1,0,0
59.71,309.556,5.355,7.109,220,55,0,1,0,0
65.066,316.664,5.355,7.109,220,60,0,1,0,0
70.421,323.773,5.355,7.109,220,65,0,1,0,0
75.776,330.881,5.355,7.109,220,70,0,1,0,0
81.131,337.99,5.355,7.109,220,75,0,1,0,0
86.486,345.098,5.355,7.109,220,80,0,1,0,0
91.842,352.207,5.355,7.109,220,85,0,1,0,0
97.197,359.315,5.355,7.109,220,90,0,1,0,0
102.552,366.424,5.355,7.109,220,95,0,1,0,0
107.907,373.533,5.355,7.109,220,100,0,1,0,0
113.263,380.641,5.355,7.109,220,105,0,1,0,0
118.618,387.75,5.355,7.109,220,110,0,1,0,0
123.973,394.858,5.355,7.109,220,115,0,1,0,0
129.328,401.967,5.355,7.109,220,120,0,1,0,0
134.683,409.075,5.355,7.109,220,125,0,1,0,0
140.039,416.184,5.355,7.109,220,130,0,1,0,0
145.394,423.293,5.355,7.109,220,135,0,1,0,0
150.749,430.401,5.355,7.109,220,140,0,1,0,0
156.104,437.51,5.355,7.109,220,145,0,1,0,0
161.459,444.618,5.355,7.109,220,150,0,1,0,0
166.815,451.727,5.355,7.109,220,155,0,1,0,0
172.17,458.835,5.355,7.109,220,160,0,1,0,0
177.525,465.944,5.355,7.109,220,165,0,1,0,0
182.88,473.052,5.355,7.109,220,170,0,1,0,0
188.236,480.161,5.355,7.109,220,175,0,1,0,0
193.591,487.27,5.355,7.109,220,180,0,1,0,0
198.946,494.378,5.355,7.109,220,185,0,1,0,0
204.301,501.487,5.355,7.109,220,190,0,1,0,0
209.656,508.595,5.355,7.109,220,195,0,1,0,0
215.012,515.704,5.355,7.109,220,200,0,1,0,0
220.367,522.812,5.355,7.109,220,205,0,1,0,0
225.722,529.921,5.355,7.109,220,210,0,1,0,0
231.077,537.03,5.355,7.109,220,215,0,1,0,0
236.432,544.138,5.355,7.109,220,220,0,1,0,0
241.788,551.247,5.355,7.109,220,225,0,1,0,0
247.143,558.355,5.355,7.109,220,230,0,1,0,0
252.498,565.464,5.355,7.109,220,235,0,1,0,0
257.853,572.572,5.355,7.109,220,240,0,1,0,0
263.209,579.681,5.355,7.109,220,245,0,1,0,0
268.564,586.79,5.355,7.109,220,250,0,1,0,0
273.919,593.898,5.355,7.109,220,255,0,1,0,0
279.274,594.0,5.355,-7.109,220,260,0,1,0,0
284.629,586.891,5.355,-7.109,220,265,0,1,0,0
289.985,579.783,5.355,-7.109,220,270,0,1,0,0
295.34,572.674,5.355,-7.109,220,270,0,0,0,0
300.695,565.566,5.355,-7.109,220,270,0,0,0,0
306.05,558.457,5.355,-7.109,220,270,0,0,0,0
311.405,551.349,5.355,-7.109,220,265,0,-1,0,0
316.761,544.24,5.355,-7.109,220,260,0,-1,0,0
322.116,537.131,5.355,-7.109,225,255,1,-1,0,0
327.471,530.023,5.355,-7.109,230,250,1,-1,0,0
332.826,522.914,5.355,-7.109,235,245,1,-1,0,0
338.182,515.806,5.355,-7.109,240,240,1,-1,0,0
343.537,508.697,5.355,-7.109,245,235,1,-1,0,0
348.892,501.589,5.355,-7.109,250,230,1,-1,0,0
354.247,494.48,5.355,-7.109,255,225,1,-1,0,0
359.602,487.372,5.355,-7.109,260,220,1,-1,0,0
364.958,480.263,5.355,-7.109,265,215,1,-1,0,0
370.313,473.154,5.355,-7.109,270,210,1,-1,0,0
375.668,466.046,5.355,-7.109,275,205,1,-1,0,0
381.023,458.937,5.355,-7.109,280,200,1,-1,0,0
386.378,451.829,5.355,-7.109,285,195,1,-1,0,0
391.734,444.72,5.355,-7.109,285,190,0,-1,0,0
397.089,437.612,5.355,-7.109,285,185,0,-1,0,0
402.444,430.503,5.355,-7.109,285,180,0,-1,0,0
407.799,423.394,5.355,-7.109,285,175,0,-1,0,0
413.155,416.286,5.355,-7.109,285,170,0,-1,0,0
418.51,409.177,5.355,-7.109,285,165,0,-1,0,0
423.865,402.069,5.355,-7.109,285,160,0,-1,0,0
429.22,394.96,5.355,-7.109,285,155,0,-1,0,0
434.575,387.852,5.355,-7.109,285,150,0,-1,0,0
439.931,380.743,5.355,-7.109,285,145,0,-1,0,0
445.286,373.635,5.355,-7.109,285,140,0,-1,0,0
450.641,366.526,5.355,-7.109,290,135,1,-1,0,0
455.996,359.417,5.355,-7.109,295,130,1,-1,0,0
461.351,352.309,5.355,-7.109,300,125,1,-1,0,0
466.707,345.2,5.355,-7.109,305,120,1,-1,0,0
472.062,338.092,5.355,-7.109,310,115,1,-1,0,0
477.417,330.983,5.355,-7.109,315,110,1,-1,0,0
482.772,323.875,5.355,-7.109,320,105,1,-1,0,0
488.128,316.766,5.355,-7.109,320,100,0,-1,0,0
493.483,309.657,5.355,-7.109,320,95,0,-1,0,0
498.838,302.549,5.355,-7.109,320,90,0,-1,0,0
504.193,295.44,5.355,-7.109,320,85,0,-1,0,0
509.548,288.332,5.355,-7.109,320,80,0,-1,0,0
514.904,281.223,5.355,-7.109,320,75,0,-1,0,0
520.259,274.115,5.355,-7.109,320,70,0,-1,0,0
525.614,267.006,5.355,-7.109,320,65,0,-1,0,0
530.969,259.897,5.355,-7.109,320,60,0,-1,0,0
536.324,252.789,5.355,-7.109,320,55,0,-1,0,0
541.68,245.68,5.355,-7.109,320,50,0,-1,0,0
547.035,238.572,5.355,-7.109,320,45,0,-1,0,0
552.39,231.463,5.355,-7.109,320,40,0,-1,0,0
557.745,224.355,5.355,-7.109,320,35,0,-1,0,0
563.101,217.246,5.355,-7.109,320,30,0,-1,0,0
568.456,210.138,5.355,-7.109,320,25,0,-1,0,0
573.811,203.029,5.355,-7.109,320,20,0,-1,0,0
579.166,195.92,5.355,-7.109,320,15,0,-1,0,0
584.521,188.812,5.355,-7.109,320,10,0,-1,0,0
589.877,181.703,5.355,-7.109,320,5,0,-1,0,0
595.232,174.595,5.355,-7.109,320,0,0,-1,0,0
600.587,167.486,5.355,-7.109,320,0,0,-1,0,0
605.942,160.378,5.355,-7.109,320,0,0,-1,0,0
611.297,153.269,5.355,-7.109,320,0,0,-1,0,0
616.653,146.16,5.355,-7.109,320,0,0,-1,0,0
622.008,139.052,5.355,-7.109,320,0,0,-1,0,0
627.363,131.943,5.355,-7.109,320,0,0,0,0,0
632.718,124.835,5.355,-7.109,320,0,0,0,0,0
638.074,117.726,5.355,-7.109,320,0,0,0,0,0
643.429,110.618,5.355,-7.109,320,0,0,0,0,0
648.784,103.509,5.355,-7.109,320,0,0,0,0,0
654.139,96.401,5.355,-7.109,315,0,-1,0,0,0
659.494,89.292,5.355,-7.109,310,0,-1,0,0,0
664.85,82.183,5.355,-7.109,305,0,-1,0,0,0
670.205,75.075,5.355,-7.109,300,0,-1,0,0,0
675.56,67.966,5.355,-7.109,295,0,-1,0,0,0
680.915,60.858,5.355,-7.109,290,0,-1,0,0,0
686.27,53.749,5.355,-7.109,285,0,-1,0,0,0
691.626,46.641,5.355,-7.109,280,0,-1,0,0,0
696.981,39.532,5.355,-7.109,275,0,-1,0,0,0
702.336,32.423,5.355,-7.109,270,0,-1,0,0,0
707.691,25.315,5.355,-7.109,265,0,-1,0,0,0
713.047,18.206,5.355,-7.109,265,0,0,0,0,0
718.402,11.098,5.355,-7.109,265,0,0,0,0,0
723.757,6.0,5.355,7.109,265,0,0,0,0,0
729.112,13.109,5.355,7.109,265,0,0,0,0,0
734.467,20.217,5.355,7.109,265,0,0,0,0,0
739.823,27.326,5.355,7.109,265,0,0,0,0,0
745.178,34.434,5.355,7.109,265,0,0,0,0,0
750.533,41.543,5.355,7.109,265,0,0,0,0,0
751.0,48.651,-8.965,2.066,265,0,0,0,0,0
742.035,50.717,-8.965,2.066,265,0,0,0,0,0
733.07,52.783,-8.965,2.066,265,0,0,0,0,0
724.105,54.849,-8.965,2.066,265,0,0,0,0,0
715.14,56.915,-8.965,2.066,265,0,0,0,0,0
706.175,58.981,-8.965,2.066,265,0,0,0,0,0
697.21,61.047,-8.965,2.066,265,0,0,0,0,0
688.245,63.113,-8.965,2.066,265,0,0,0,0,0
679.28,65.179,-8.965,2.066,265,5,0,1,0,0
670.315,67.245,-8.965,2.066,265,10,0,1,0,0
661.35,69.311,-8.965,2.066,265,15,0,1,0,0
652.385,71.377,-8.965,2.066,265,20,0,1,0,0
643.42,73.443,-8.965,2.066,265,25,0,1,0,0
634.455,75.509,-8.965,2.066,265,30,0,1,0,0
625.49,77.575,-8.965,2.066,265,35,0,1,0,0
616.525,79.641,-8.965,2.066,265,40,0,1,0,0
607.559,81.707,-8.965,2.066,265,45,0,1,0,0
598.594,83.773,-8.965,2.066,265,50,0,1,0,0
589.629,85.839,-8.965,2.066,265,55,0,1,0,0
580.664,87.905,-8.965,2.066,265,60,0,1,0,0
571.699,89.971,-8.965,2.066,265,65,0,1,0,0
562.734,92.037,-8.965,2.066,265,70,0,1,0,0
553.769,94.103,-8.965,2.066,265,75,0,1,0,0
544.804,96.169,-8.965,2.066,265,80,0,1,0,0
535.839,98.235,-8.965,2.066,265,85,0,1,0,0
526.874,100.3,-8.965,2.066,265,90,0,1,0,0
517.909,102.366,-8.965,2.066,265,95,0,1,0,0
508.944,104.432,-8.965,2.066,265,100,0,1,0,0
499.979,106.498,-8.965,2.066,265,105,0,1,0,0
491.014,108.564,-8.965,2.066,265,110,0,1,0,0
482.049,110.63,-8.965,2.066,265,115,0,1,0,0
473.084,112.696,-8.965,2.066,265,120,0,1,0,0
464.119,114.762,-8.965,2.066,265,125,0,1,0,0
455.154,116.828,-8.965,2.066,265,130,0,1,0,0
446.189,118.894,-8.965,2.066,265,135,0,1,0,0
437.224,120.96,-8.965,2.066,265,140,0,1,0,0
428.259,123.026,-8.965,2.066,265,145,0,1,0,0
419.294,125.092,-8.965,2.066,265,145,0,0,0,0
410.329,127.158,-8.965,2.066,265,145,0,0,0,0
401.364,129.224,-8.965,2.066,260,145,-1,0,0,0
392.399,131.29,-8.965,2.066,255,145,-1,0,0,0
383.434,133.356,-8.965,2.066,250,145,-1,0,0,0
374.469,135.422,-8.965,2.066,245,145,-1,0,0,0
365.504,137.488,-8.965,2.066,240,145,-1,0,0,0
356.539,139.554,-8.965,2.066,235,145,-1,0,0,0
347.574,141.62,-8.965,2.066,230,145,-1,0,0,0
338.609,143.686,-8.965,2.066,225,145,-1,0,0,0
329.644,145.752,-8.965,2.066,220,145,-1,0,0,0
320.678,147.818,-8.965,2.066,215,145,-1,0,0,0
311.713,149.884,-8.965,2.066,210,145,-1,0,0,0
302.748,151.95,-8.965,2.066,205,145,-1,0,0,0
293.783,154.016,-8.965,2.066,200,145,-1,0,0,0
284.818,156.081,-8.965,2.066,195,145,-1,0,0,0
275.853,158.147,-8.965,2.066,190,145,-1,0,0,0
266.888,160.213,-8.965,2.066,185,145,-1,0,0,0
257.923,162.279,-8.965,2.066,180,145,-1,0,0,0
248.958,164.345,-8.965,2.066,175,145,-1,0,0,0
239.993,166.411,-8.965,2.066,175,145,0,0,0,0
231.028,168.477,-8.965,2.066,175,145,0,0,0,0
222.063,170.543,-8.965,2.066,175,145,0,0,0,0
213.098,172.609,-8.965,2.066,175,145,0,0,0,0
204.133,174.675,-8.965,2.066,175,145,0,0,0,0
195.168,176.741,-8.965,2.066,175,145,0,0,0,0
186.203,178.807,-8.965,2.066,175,145,0,0,0,0
177.238,180.873,-8.965,2.066,175,145,0,0,0,0
168.273,182.939,-8.965,2.066,175,145,0,0,0,0
159.308,185.005,-8.965,2.066,175,145,0,0,0,0
150.343,187.071,-8.965,2.066,175,145,0,0,0,0
141.378,189.137,-8.965,2.066,175,145,0,0,0,0
132.413,191.203,-8.965,2.066,175,145,0,0,0,0
123.448,193.269,-8.965,2.066,175,145,0,0,0,0
114.483,195.335,-8.965,2.066,175,145,0,0,0,0
105.518,197.401,-8.965,2.066,175,145,0,0,0,0
96.553,199.467,-8.965,2.066,175,145,0,0,0,0
87.588,201.533,-8.965,2.066,175,145,0,0,0,0
78.623,203.599,-8.965,2.066,175,145,0,0,0,0
69.658,205.665,-8.965,2.066,175,145,0,0,0,0
60.693,207.731,-8.965,2.066,175,145,0,0,0,0
51.728,209.797,-8.965,2.066,175,145,0,0,0,0
49.0,211.862,9.468,-0.779,175,145,0,0,0,0
58.468,211.083,9.468,-0.779,175,145,0,0,0,0
67.936,210.304,9.468,-0.779,175,145,0,0,0,0
77.404,209.524,9.468,-0.779,175,145,0,0,0,0
86.872,208.745,9.468,-0.779,175,145,0,0,0,0
96.34,207.965,9.468,-0.779,175,145,0,0,0,0
105.808,207.186,9.468,-0.779,175,145,0,0,0,0
115.276,206.406,9.468,-0.779,175,145,0,0,0,0
124.744,205.627,9.468,-0.779,175,145,0,0,0,0
134.212,204.847,9.468,-0.779,175,145,0,0,0,0
143.68,204.068,9.468,-0.779,175,145,0,0,0,0
153.148,203.289,9.468,-0.779,175,145,0,0,0,0
162.616,202.509,9.468,-0.779,175,145,0,0,0,0
172.084,201.73,9.468,-0.779,175,145,0,0,0,0
181.552,200.95,9.468,-0.779,175,145,0,0,0,0
191.02,200.171,9.468,-0.779,175,145,0,0,0,0
200.488,199.391,9.468,-0.779,175,145,0,0,0,0
209.955,198.612,9.468,-0.779,175,145,0,0,0,0
219.423,197.832,9.468,-0.779,175,145,0,0,0,0
228.891,197.053,9.468,-0.779,175,145,0,0,0,0
238.359,196.273,9.468,-0.779,175,150,0,1,0,0
247.827,195.494,9.468,-0.779,175,155,0,1,0,0
257.295,194.715,9.468,-0.779,175,155,0,0,0,0
266.763,193.935,9.468,-0.779,175,155,0,0,0,0
276.231,193.156,9.468,-0.779,175,155,0,0,0,0
285.699,192.376,9.468,-0.779,175,155,0,0,0,0
295.167,191.597,9.468,-0.779,175,155,0,0,0,0
304.635,190.817,9.468,-0.779,175,155,0,0,0,0
314.103,190.038,9.468,-0.779,175,155,0,0,0,0
323.571,189.258,9.468,-0.779,180,155,1,0,0,0
333.039,188.479,9.468,-0.779,185,155,1,0,0,0
342.507,187.699,9.468,-0.779,190,155,1,0,0,0
351.975,186.92,9.468,-0.779,195,155,1,0,0,0
361.443,186.141,9.468,-0.779,200,155,1,0,0,0
370.911,185.361,9.468,-0.779,205,155,1,0,0,0
380.379,184.582,9.468,-0.779,210,150,1,-1,0,0
389.847,183.802,9.468,-0.779,215,145,1,-1,0,0
399.315,183.023,9.468,-0.779,220,140,1,-1,0,0
408.783,182.243,9.468,-0.779,225,135,1,-1,0,0
418.251,181.464,9.468,-0.779,230,130,1,-1,0,0
427.719,180.684,9.468,-0.779,235,125,1,-1,0,0
437.187,179.905,9.468,-0.779,240,120,1,-1,0,0
446.655,179.125,9.468,-0.779,245,115,1,-1,0,0
456.123,178.346,9.468,-0.779,250,110,1,-1,0,0
465.591,177.567,9.468,-0.779,255,105,1,-1,0,0
475.059,176.787,9.468,-0.779,260,105,1,0,0,0
484.527,176.008,9.468,-0.779,260,105,0,0,0,0
493.995,175.228,9.468,-0.779,260,105,0,0,0,0
503.463,174.449,9.468,-0.779,260,105,0,0,0,0
512.931,173.669,9.468,-0.779,260,105,0,0,0,0
522.398,172.89,9.468,-0.779,260,105,0,0,0,0
531.866,172.11,9.468,-0.779,260,105,0,0,0,0
541.334,171.331,9.468,-0.779,260,105,0,0,0,0
550.802,170.552,9.468,-0.779,260,105,0,0,0,0
560.27,169.772,9.468,-0.779,260,105,0,0,0,0
569.738,168.993,9.468,-0.779,260,105,0,0,0,0
579.206,168.213,9.468,-0.779,260,105,0,0,0,0
588.674,167.434,9.468,-0.779,260,105,0,0,0,0
598.142,166.654,9.468,-0.779,260,105,0,0,0,0
607.61,165.875,9.468,-0.779,260,105,0,0,0,0
617.078,165.095,9.468,-0.779,260,105,0,0,0,0
626.546,164.316,9.468,-0.779,260,105,0,0,0,0
636.014,163.536,9.468,-0.779,260,105,0,0,0,0
645.482,162.757,9.468,-0.779,260,105,0,0,0,0
654.95,161.978,9.468,-0.779,260,105,0,0,0,0
664.418,161.198,9.468,-0.779,260,105,0,0,0,0
673.886,160.419,9.468,-0.779,260,105,0,0,0,0
683.354,159.639,9.468,-0.779,260,105,0,0,0,0
692.822,158.86,9.468,-0.779,260,105,0,0,0,0
702.29,158.08,9.468,-0.779,260,105,0,0,0,0
711.758,157.301,9.468,-0.779,260,105,0,0,0,0
721.226,156.521,9.468,-0.779,260,105,0,0,0,0
730.694,155.742,9.468,-0.779,260,105,0,0,0,0
740.162,154.962,9.468,-0.779,260,105,0,0,0,0
749.63,154.183,9.468,-0.779,260,105,0,0,0,0
751.0,153.404,-9.564,2.139,260,105,0,0,0,0
741.436,155.542,-9.564,2.139,260,105,0,0,0,0
731.872,157.681,-9.564,2.139,260,105,0,0,0,0
722.309,159.82,-9.564,2.139,260,105,0,0,0,0
712.745,161.958,-9.564,2.139,260,105,0,0,0,0
703.181,164.097,-9.564,2.139,260,105,0,0,0,0
693.617,166.236,-9.564,2.139,260,105,0,0,0,0
684.054,168.374,-9.564,2.139,260,105,0,0,0,0
674.49,170.513,-9.564,2.139,260,105,0,0,0,0
664.926,172.652,-9.564,2.139,260,105,0,0,0,0
655.362,174.791,-9.564,2.139,260,105,0,0,0,0
645.798,176.929,-9.564,2.139,260,105,0,0,0,0
636.235,179.068,-9.564,2.139,260,105,0,0,0,0
626.671,181.207,-9.564,2.139,260,105,0,0,0,0
617.107,183.345,-9.564,2.139,260,105,0,0,0,0
607.543,185.484,-9.564,2.139,260,105,0,0,0,0
597.979,187.623,-9.564,2.139,260,105,0,0,0,0
588.416,189.761,-9.564,2.139,260,105,0,0,0,0
578.852,191.9,-9.564,2.139,260,105,0,0,0,0
569.288,194.039,-9.564,2.139,260,105,0,0,0,0
559.724,196.177,-9.564,2.139,260,105,0,0,0,0
550.161,198.316,-9.564,2.139,255,105,-1,0,0,0
540.597,200.455,-9.564,2.139,250,105,-1,0,0,0
531.033,202.594,-9.564,2.139,245,105,-1,0,0,0
521.469,204.732,-9.564,2.139,240,105,-1,0,0,0
511.905,206.871,-9.564,2.139,235,105,-1,0,0,0
502.342,209.01,-9.564,2.139,230,105,-1,0,0,0
492.778,211.148,-9.564,2.139,225,105,-1,0,0,0
483.214,213.287,-9.564,2.139,220,105,-1,0,0,0
473.65,215.426,-9.564,2.139,215,105,-1,0,0,0
464.086,217.564,-9.564,2.139,210,105,-1,0,0,0
454.523,219.703,-9.564,2.139,210,105,0,0,0,0
444.959,221.842,-9.564,2.139,210,105,0,0,0,0
435.395,223.981,-9.564,2.139,210,105,0,0,0,0
425.831,226.119,-9.564,2.139,210,105,0,0,0,0
416.268,228.258,-9.564,2.139,210,105,0,0,0,0
406.704,230.397,-9.564,2.139,210,105,0,0,0,0
397.14,232.535,-9.564,2.139,210,105,0,0,0,0
387.576,234.674,-9.564,2.139,210,105,0,0,0,0
378.012,236.813,-9.564,2.139,210,105,0,0,0,0
368.449,238.951,-9.564,2.139,210,105,0,0,0,0
358.885,241.09,-9.564,2.139,210,105,0,0,0,0
349.321,243.229,-9.564,2.139,210,105,0,0,0,0
339.757,245.367,-9.564,2.139,210,105,0,0,0,0
330.193,247.506,-9.564,2.139,210,105,0,0,0,0
320.63,249.645,-9.564,2.139,210,105,0,0,0,0
311.066,251.784,-9.564,2.139,210,105,0,0,0,0
301.502,253.922,-9.564,2.139,210,105,0,0,0,0
291.938,256.061,-9.564,2.139,210,105,0,0,0,0
282.375,258.2,-9.564,2.139,210,105,0,0,0,0
272.811,260.338,-9.564,2.139,210,105,0,0,0,0
263.247,262.477,-9.564,2.139,210,105,0,0,0,0
253.683,264.616,-9.564,2.139,210,105,0,0,0,0
244.119,266.754,-9.564,2.139,210,105,0,0,0,0
234.556,268.893,-9.564,2.139,210,105,0,0,0,0
224.992,271.032,-9.564,2.139,210,105,0,0,0,0
215.428,273.171,-9.564,2.139,210,105,0,0,0,0
205.864,275.309,-9.564,2.139,210,105,0,0,0,0
196.3,277.448,-9.564,2.139,210,105,0,0,0,0
186.737,279.587,-9.564,2.139,210,105,0,0,0,0
177.173,281.725,-9.564,2.139,210,105,0,0,0,0
167.609,283.864,-9.564,2.139,210,105,0,0,0,0
158.045,286.003,-9.564,2.139,210,105,0,0,0,0
148.482,288.141,-9.564,2.139,210,105,0,0,0,0
138.918,290.28,-9.564,2.139,210,105,0,0,0,0
129.354,292.419,-9.564,2.139,210,105,0,0,0,0
119.79,294.557,-9.564,2.139,210,105,0,0,0,0
110.226,296.696,-9.564,2.139,210,105,0,0,0,0
100.663,298.835,-9.564,2.139,210,105,0,0,0,0
91.099,300.974,-9.564,2.139,210,105,0,0,0,0
81.535,303.112,-9.564,2.139,210,105,0,0,0,0
71.971,305.251,-9.564,2.139,210,105,0,0,0,0
62.407,307.39,-9.564,2.139,210,105,0,0,0,0
52.844,309.528,-9.564,2.139,210,105,0,0,0,0
43.28,311.667,-9.564,2.139,210,110,0,1,0,0
33.716,313.806,-9.564,2.139,210,115,0,1,0,0
24.152,315.944,-9.564,2.139,210,120,0,1,0,0
14.589,318.083,-9.564,2.139,210,125,0,1,0,0
5.025,320.222,-9.564,2.139,210,130,0,1,0,0
-4.539,322.361,-9.564,2.139,210,135,0,1,0,0
400.0,300.0,3.841,-3.201,210,140,0,1,0,1
403.841,296.799,3.841,-3.201,210,140,0,0,0,0
407.682,293.598,3.841,-3.201,210,140,0,0,0,0
411.523,290.397,3.841,-3.201,210,140,0,0,0,0
415.365,287.197,3.841,-3.201,210,140,0,0,0,0
419.206,283.996,3.841,-3.201,210,140,0,0,0,0
423.047,280.795,3.841,-3.201,210,140,0,0,0,0
426.888,277.594,3.841,-3.201,210,140,0,0,0,0
430.729,274.393,3.841,-3.201,210,140,0,0,0,0
434.57,271.192,3.841,-3.201,210,140,0,0,0,0
438.412,267.991,3.841,-3.201,210,140,0,0,0,0
442.253,264.79,3.841,-3.201,210,140,0,0,0,0
446.094,261.59,3.841,-3.201,210,140,0,0,0,0
449.935,258.389,3.841,-3.201,210,140,0,0,0,0
453.776,255.188,3.841,-3.201,210,140,0,0,0,0
457.617,251.987,3.841,-3.201,210,140,0,0,0,0
461.458,248.786,3.841,-3.201,210,140,0,0,0,0
465.3,245.585,3.841,-3.201,210,140,0,0,0,0
469.141,242.384,3.841,-3.201,210,140,0,0,0,0
472.982,239.184,3.841,-3.201,210,140,0,0,0,0
476.823,235.983,3.841,-3.201,210,140,0,0,0,0
480.664,232.782,3.841,-3.201,210,140,0,0,0,0
484.505,229.581,3.841,-3.201,210,140,0,0,0,0
488.347,226.38,3.841,-3.201,210,140,0,0,0,0
492.188,223.179,3.841,-3.201,210,140,0,0,0,0
496.029,219.978,3.841,-3.201,210,140,0,0,0,0
499.87,216.777,3.841,-3.201,210,140,0,0,0,0
503.711,213.577,3.841,-3.201,210,140,0,0,0,0
507.552,210.376,3.841,-3.201,210,140,0,0,0,0
511.393,207.175,3.841,-3.201,210,140,0,0,0,0
515.235,203.974,3.841,-3.201,210,140,0,0,0,0
519.076,200.773,3.841,-3.201,210,135,0,-1,0,0
522.917,197.572,3.841,-3.201,210,130,0,-1,0,0
526.758,194.371,3.841,-3.201,210,125,0,-1,0,0
530.599,191.171,3.841,-3.201,210,120,0,-1,0,0
534.44,187.97,3.841,-3.201,210,115,0,-1,0,0
538.281,184.769,3.841,-3.201,210,110,0,-1,0,0
542.123,181.568,3.841,-3.201,210,105,0,-1,0,0
545.964,178.367,3.841,-3.201,210,100,0,-1,0,0
549.805,175.166,3.841,-3.201,210,95,0,-1,0,0
553.646,171.965,3.841,-3.201,210,90,0,-1,0,0
557.487,168.764,3.841,-3.201,210,85,0,-1,0,0
561.328,165.564,3.841,-3.201,210,80,0,-1,0,0
565.17,162.363,3.841,-3.201,210,75,0,-1,0,0
569.011,159.162,3.841,-3.201,210,70,0,-1,0,0
572.852,155.961,3.841,-3.201,210,65,0,-1,0,0
576.693,152.76,3.841,-3.201,210,60,0,-1,0,0
580.534,149.559,3.841,-3.201,210,55,0,-1,0,0
584.375,146.358,3.841,-3.201,210,50,0,-1,0,0
588.216,143.158,3.841,-3.201,210,45,0,-1,0,0
592.058,139.957,3.841,-3.201,210,40,0,-1,0,0
595.899,136.756,3.841,-3.201,210,35,0,-1,0,0
599.74,133.555,3.841,-3.201,210,30,0,-1,0,0
603.581,130.354,3.841,-3.201,210,25,0,-1,0,0
607.422,127.153,3.841,-3.201,210,20,0,-1,0,0
611.263,123.952,3.841,-3.201,210,15,0,-1,0,0
615.105,120.751,3.841,-3.201,210,10,0,-1,0,0
618.946,117.551,3.841,-3.201,210,5,0,-1,0,0
622.787,114.35,3.841,-3.201,210,0,0,-1,0,0
626.628,111.149,3.841,-3.201,210,0,0,-1,0,0
630.469,107.948,3.841,-3.201,210,0,0,-1,0,0
634.31,104.747,3.841,-3.201,210,0,0,0,0,0
638.151,101.546,3.841,-3.201,210,0,0,0,0,0
641.993,98.345,3.841,-3.201,210,0,0,0,0,0
645.834,95.145,3.841,-3.201,210,0,0,0,0,0
649.675,91.944,3.841,-3.201,210,0,0,0,0,0
653.516,88.743,3.841,-3.201,210,0,0,0,0,0
657.357,85.542,3.841,-3.201,210,0,0,0,0,0
661.198,82.341,3.841,-3.201,210,0,0,0,0,0
665.04,79.14,3.841,-3.201,210,0,0,0,0,0
668.881,75.939,3.841,-3.201,210,0,0,0,0,0
672.722,72.738,3.841,-3.201,210,0,0,0,0,0
676.563,69.538,3.841,-3.201,210,0,0,0,0,0
680.404,66.337,3.841,-3.201,210,0,0,0,0,0
684.245,63.136,3.841,-3.201,210,0,0,0,0,0
688.086,59.935,3.841,-3.201,210,0,0,0,0,0
691.928,56.734,3.841,-3.201,210,0,0,0,0,0
695.769,53.533,3.841,-3.201,210,0,0,0,0,0
699.61,50.332,3.841,-3.201,210,0,0,0,0,0
703.451,47.132,3.841,-3.201,210,0,0,0,0,0
707.292,43.931,3.841,-3.201,210,0,0,0,0,0
711.133,40.73,3.841,-3.201,210,0,0,0,0,0
714.975,37.529,3.841,-3.201,210,0,0,0,0,0
718.816,34.328,3.841,-3.201,210,0,0,0,0,0
722.657,31.127,3.841,-3.201,210,0,0,0,0,0
726.498,27.926,3.841,-3.201,210,0,0,0,0,0
730.339,24.725,3.841,-3.201,210,0,0,0,0,0
734.18,21.525,3.841,-3.201,210,0,0,0,0,0
738.021,18.324,3.841,-3.201,210,0,0,0,0,0
741.863,15.123,3.841,-3.201,210,0,0,0,0,0
745.704,11.922,3.841,-3.201,210,0,0,0,0,0
749.545,8.721,3.841,-3.201,210,0,0,0,0,0
751.0,6.0,-3.335,-4.119,210,0,0,0,0,0
747.665,6.0,-3.335,4.119,210,0,0,0,0,0
744.329,10.119,-3.335,4.119,210,0,0,0,0,0
740.994,14.238,-3.335,4.119,210,0,0,0,0,0
737.658,18.357,-3.335,4.119,210,0,0,0,0,0
734.323,22.475,-3.335,4.119,210,0,0,0,0,0
730.988,26.594,-3.335,4.119,210,0,0,0,0,0
727.652,30.713,-3.335,4.119,210,0,0,0,0,0
724.317,34.832,-3.335,4.119,210,0,0,0,0,0
720.981,38.951,-3.335,4.119,210,0,0,0,0,0
717.646,43.07,-3.335,4.119,210,5,0,1,0,0
714.311,47.189,-3.335,4.119,210,10,0,1,0,0
710.975,51.308,-3.335,4.119,210,15,0,1,0,0
707.64,55.426,-3.335,4.119,210,20,0,1,0,0
704.304,59.545,-3.335,4.119,210,25,0,1,0,0
700.969,63.664,-3.335,4.119,210,30,0,1,0,0
697.634,67.783,-3.335,4.119,210,35,0,1,0,0
694.298,71.902,-3.335,4.119,210,40,0,1,0,0
690.963,76.021,-3.335,4.119,210,45,0,1,0,0
687.627,80.14,-3.335,4.119,210,50,0,1,0,0
684.292,84.259,-3.335,4.119,210,55,0,1,0,0
680.957,88.377,-3.335,4.119,210,60,0,1,0,0
677.621,92.496,-3.335,4.119,210,65,0,1,0,0
674.286,96.615,-3.335,4.119,210,70,0,1,0,0
670.95,100.734,-3.335,4.119,210,75,0,1,0,0
667.615,104.853,-3.335,4.119,215,80,1,1,0,0
664.28,108.972,-3.335,4.119,220,85,1,1,0,0
660.944,113.091,-3.335,4.119,225,90,1,1,0,0
657.609,117.21,-3.335,4.119,230,95,1,1,0,0
654.273,121.328,-3.335,4.119,235,100,1,1,0,0
650.938,125.447,-3.335,4.119,240,105,1,1,0,0
647.603,129.566,-3.335,4.119,245,110,1,1,0,0
644.267,133.685,-3.335,4.119,250,115,1,1,0,0
640.932,137.804,-3.335,4.119,255,120,1,1,0,0
637.596,141.923,-3.335,4.119,260,125,1,1,0,0
634.261,146.042,-3.335,4.119,265,130,1,1,0,0
630.926,150.161,-3.335,4.119,270,135,1,1,0,0
627.59,154.279,-3.335,4.119,275,140,1,1,0,0
624.255,158.398,-3.335,4.119,280,145,1,1,0,0
620.919,162.517,-3.335,4.119,285,150,1,1,0,0
617.584,166.636,-3.335,4.119,290,155,1,1,0,0
614.249,170.755,-3.335,4.119,295,160,1,1,0,0
610.913,174.874,-3.335,4.119,300,165,1,1,0,0
607.578,178.993,-3.335,4.119,305,170,1,1,0,0
604.242,183.112,-3.335,4.119,310,175,1,1,0,0
600.907,187.23,-3.335,4.119,315,180,1,1,0,0
597.572,191.349,-3.335,4.119,320,185,1,1,0,0
594.236,195.468,-3.335,4.119,325,190,1,1,0,0
590.901,199.587,-3.335,4.119,330,195,1,1,0,0
587.565,203.706,-3.335,4.119,335,200,1,1,0,0
584.23,207.825,-3.335,4.119,340,205,1,1,0,0
580.895,211.944,-3.335,4.119,345,210,1,1,0,0
577.559,216.063,-3.335,4.119,350,215,1,1,0,0
574.224,220.181,-3.335,4.119,355,220,1,1,0,0
570.889,224.3,-3.335,4.119,360,225,1,1,0,0
567.553,228.419,-3.335,4.119,365,230,1,1,0,0
564.218,232.538,-3.335,4.119,370,235,1,1,0,0
560.882,236.657,-3.335,4.119,375,240,1,1,0,0
557.547,240.776,-3.335,4.119,380,245,1,1,0,0
554.212,244.895,-3.335,4.119,385,250,1,1,0,0
550.876,249.014,-3.335,4.119,390,255,1,1,0,0
547.541,253.132,-3.335,4.119,395,260,1,1,0,0
544.205,257.251,-3.335,4.119,400,265,1,1,0,0
540.87,261.37,-3.335,4.119,405,270,1,1,0,0
537.535,265.489,-3.335,4.119,410,275,1,1,0,0
534.199,269.608,-3.335,4.119,415,280,1,1,0,0
530.864,273.727,-3.335,4.119,420,285,1,1,0,0
527.528,277.846,-3.335,4.119,425,290,1,1,0,0
524.193,281.965,-3.335,4.119,430,295,1,1,0,0
520.858,286.083,-3.335,4.119,435,300,1,1,0,0
517.522,290.202,-3.335,4.119,440,305,1,1,0,0
514.187,294.321,-3.335,4.119,445,310,1,1,0,0
510.851,298.44,-3.335,4.119,450,315,1,1,0,0
507.516,302.559,-3.335,4.119,455,320,1,1,0,0
504.181,306.678,-3.335,4.119,460,325,1,1,0,0
500.845,310.797,-3.335,4.119,465,330,1,1,0,0
497.51,314.916,-3.335,4.119,470,335,1,1,0,0
494.174,319.034,-3.335,4.119,475,340,1,1,0,0
490.839,323.153,-3.335,4.119,480,345,1,1,0,0
487.504,327.272,-3.335,4.119,485,350,1,1,0,0
484.168,331.391,-3.335,4.119,485,355,0,1,0,0
480.833,335.51,-3.335,4.119,485,360,0,1,0,0
477.497,339.629,-3.335,4.119,485,365,0,1,0,0
474.162,343.748,-3.335,4.119,485,370,0,1,0,0
470.827,347.867,-3.335,4.119,485,375,0,1,0,0
467.491,351.985,-3.335,4.119,485,380,0,1,0,0
464.156,356.104,-3.335,4.119,485,385,0,1,0,0
460.82,360.223,-3.335,4.119,485,390,0,1,0,0
457.485,364.342,-3.335,4.119,485,395,0,1,0,0
454.15,368.461,-3.335,4.119,485,400,0,1,0,0
450.814,372.58,-3.335,4.119,485,405,0,1,0,0
447.479,376.699,-3.335,4.119,485,410,0,1,0,0
444.143,380.817,-3.335,4.119,485,415,0,1,0,0
440.808,384.936,-3.335,4.119,485,420,0,1,0,0
437.473,389.055,-3.335,4.119,485,425,0,1,0,0
434.137,393.174,-3.335,4.119,485,425,0,0,0,0
430.802,397.293,-3.335,4.119,485,425,0,0,0,0
427.466,401.412,-3.335,4.119,485,425,0,0,0,0
424.131,405.531,-3.335,4.119,485,425,0,0,0,0
420.796,409.65,-3.335,4.119,485,425,0,0,0,0
417.46,413.768,-3.335,4.119,485,425,0,0,0,0
414.125,417.887,-3.335,4.119,485,425,0,0,0,0
410.789,422.006,-3.335,4.119,485,425,0,0,0,0
407.454,426.125,-3.335,4.119,485,425,0,0,0,0
404.119,430.244,-3.335,4.119,485,425,0,0,0,0
400.783,434.363,-3.335,4.119,485,425,0,0,0,0
397.448,438.482,-3.335,4.119,485,425,0,0,0,0
394.112,442.601,-3.335,4.119,485,425,0,0,0,0
390.777,446.719,-3.335,4.119,485,425,0,0,0,0
387.442,450.838,-3.335,4.119,485,425,0,0,0,0
384.106,454.957,-3.335,4.119,485,425,0,0,0,0
380.771,459.076,-3.335,4.119,485,425,0,0,0,0
377.435,463.195,-3.335,4.119,485,425,0,0,0,0
374.1,467.314,-3.335,4.119,485,425,0,0,0,0
370.765,471.433,-3.335,4.119,485,425,0,0,0,0
367.429,475.552,-3.335,4.119,485,425,0,0,0,0
364.094,479.67,-3.335,4.119,485,425,0,0,0,0
360.758,483.789,-3.335,4.119,485,425,0,0,0,0
357.423,487.908,-3.335,4.119,485,425,0,0,0,0
354.088,492.027,-3.335,4.119,485,425,0,0,0,0
350.752,496.146,-3.335,4.119,485,425,0,0,0,0
347.417,500.265,-3.335,4.119,485,425,0,0,0,0
344.081,504.384,-3.335,4.119,485,425,0,0,0,0
340.746,508.503,-3.335,4.119,485,425,0,0,0,0
337.411,512.621,-3.335,4.119,485,425,0,0,0,0
334.075,516.74,-3.335,4.119,485,425,0,0,0,0
330.74,520.859,-3.335,4.119,485,425,0,0,0,0
327.404,524.978,-3.335,4.119,485,425,0,0,0,0
324.069,529.097,-3.335,4.119,485,425,0,0,0,0
320.734,533.216,-3.335,4.119,485,425,0,0,0,0
317.398,537.335,-3.335,4.119,485,425,0,0,0,0
314.063,541.454,-3.335,4.119,485,425,0,0,0,0
310.727,545.572,-3.335,4.119,485,425,0,0,0,0
307.392,549.691,-3.335,4.119,485,425,0,0,0,0
304.057,553.81,-3.335,4.119,485,425,0,0,0,0
300.721,557.929,-3.335,4.119,485,425,0,0,0,0
297.386,562.048,-3.335,4.119,485,425,0,0,0,0
294.05,566.167,-3.335,4.119,485,425,0,0,0,0
290.715,570.286,-3.335,4.119,485,425,0,0,0,0
287.38,574.405,-3.335,4.119,485,425,0,0,0,0
284.044,578.523,-3.335,4.119,485,425,0,0,0,0
280.709,582.642,-3.335,4.119,485,425,0,0,0,0
277.373,586.761,-3.335,4.119,485,425,0,0,0,0
274.038,590.88,-3.335,4.119,485,425,0,0,0,0
270.703,594.0,-3.335,-4.119,485,425,0,0,0,0
267.367,589.881,-3.335,-4.119,485,425,0,0,0,0
264.032,585.762,-3.335,-4.119,485,425,0,0,0,0
260.696,581.643,-3.335,-4.119,485,425,0,0,0,0
257.361,577.525,-3.335,-4.119,485,425,0,0,0,0
254.026,573.406,-3.335,-4.119,485,425,0,0,0,0
250.69,569.287,-3.335,-4.119,485,425,0,0,0,0
247.355,565.168,-3.335,-4.119,485,425,0,0,0,0
244.019,561.049,-3.335,-4.119,485,425,0,0,0,0
240.684,556.93,-3.335,-4.119,485,425,0,0,0,0
237.349,552.811,-3.335,-4.119,485,425,0,0,0,0
234.013,548.692,-3.335,-4.119,485,425,0,0,0,0
230.678,544.574,-3.335,-4.119,485,425,0,0,0,0
227.343,540.455,-3.335,-4.119,485,425,0,0,0,0
224.007,536.336,-3.335,-4.119,485,425,0,0,0,0
220.672,532.217,-3.335,-4.119,485,420,0,-1,0,0
217.336,528.098,-3.335,-4.119,485,415,0,-1,0,0
214.001,523.979,-3.335,-4.119,485,410,0,-1,0,0
210.666,519.86,-3.335,-4.119,485,405,0,-1,0,0
207.33,515.741,-3.335,-4.119,485,400,0,-1,0,0
203.995,511.623,-3.335,-4.119,485,395,0,-1,0,0
200.659,507.504,-3.335,-4.119,485,390,0,-1,0,0
197.324,503.385,-3.335,-4.119,485,385,0,-1,0,0
193.989,499.266,-3.335,-4.119,485,380,0,-1,0,0
190.653,495.147,-3.335,-4.119,485,375,0,-1,0,0
187.318,491.028,-3.335,-4.119,485,370,0,-1,0,0
183.982,486.909,-3.335,-4.119,485,365,0,-1,0,0
180.647,482.79,-3.335,-4.119,485,360,0,-1,0,0
177.312,478.672,-3.335,-4.119,485,355,0,-1,0,0
173.976,474.553,-3.335,-4.119,485,350,0,-1,0,0
170.641,470.434,-3.335,-4.119,485,345,0,-1,0,0
167.305,466.315,-3.335,-4.119,485,340,0,-1,0,0
163.97,462.196,-3.335,-4.119,485,335,0,-1,0,0
160.635,458.077,-3.335,-4.119,480,330,-1,-1,0,0
157.299,453.958,-3.335,-4.119,475,325,-1,-1,0,0
153.964,449.839,-3.335,-4.119,470,320,-1,-1,0,0
150.628,445.721,-3.335,-4.119,465,315,-1,-1,0,0
147.293,441.602,-3.335,-4.119,460,310,-1,-1,0,0
143.958,437.483,-3.335,-4.119,455,305,-1,-1,0,0
140.622,433.364,-3.335,-4.119,450,300,-1,-1,0,0
137.287,429.245,-3.335,-4.119,445,295,-1,-1,0,0
133.951,425.126,-3.335,-4.119,440,290,-1,-1,0,0
130.616,421.007,-3.335,-4.119,435,285,-1,-1,0,0
127.281,416.888,-3.335,-4.119,430,280,-1,-1,0,0
123.945,412.77,-3.335,-4.119,425,275,-1,-1,0,0
120.61,408.651,-3.335,-4.119,420,270,-1,-1,0,0
117.274,404.532,-3.335,-4.119,415,265,-1,-1,0,0
113.939,400.413,-3.335,-4.119,410,260,-1,-1,0,0
110.604,396.294,-3.335,-4.119,405,255,-1,-1,0,0
107.268,392.175,-3.335,-4.119,400,250,-1,-1,0,0
103.933,388.056,-3.335,-4.119,395,245,-1,-1,0,0
100.597,383.937,-3.335,-4.119,390,240,-1,-1,0,0
97.262,379.819,-3.335,-4.119,385,235,-1,-1,0,0
93.927,375.7,-3.335,-4.119,380,230,-1,-1,0,0
90.591,371.581,-3.335,-4.119,375,225,-1,-1,0,0
87.256,367.462,-3.335,-4.119,370,220,-1,-1,0,0
83.92,363.343,-3.335,-4.119,365,215,-1,-1,0,0
80.585,359.224,-3.335,-4.119,360,210,-1,-1,0,0
77.25,355.105,-3.335,-4.119,355,205,-1,-1,0,0
73.914,350.986,-3.335,-4.119,350,200,-1,-1,0,0
70.579,346.868,-3.335,-4.119,345,195,-1,-1,0,0
67.243,342.749,-3.335,-4.119,340,190,-1,-1,0,0
63.908,338.63,-3.335,-4.119,335,185,-1,-1,0,0
60.573,334.511,-3.335,-4.119,330,180,-1,-1,0,0
57.237,330.392,-3.335,-4.119,325,175,-1,-1,0,0
53.902,326.273,-3.335,-4.119,320,170,-1,-1,0,0
50.566,322.154,-3.335,-4.119,315,165,-1,-1,0,0
49.0,318.035,3.751,-4.158,310,160,-1,-1,0,0
52.751,313.877,3.751,-4.158,305,155,-1,-1,0,0
56.502,309.719,3.751,-4.158,300,150,-1,-1,0,0
60.253,305.561,3.751,-4.158,295,145,-1,-1,0,0
64.004,301.403,3.751,-4.158,290,140,-1,-1,0,0
67.755,297.245,3.751,-4.158,285,135,-1,-1,0,0
71.506,293.087,3.751,-4.158,280,130,-1,-1,0,0
75.257,288.929,3.751,-4.158,275,125,-1,-1,0,0
79.008,284.77,3.751,-4.158,270,120,-1,-1,0,0
82.759,280.612,3.751,-4.158,265,115,-1,-1,0,0
86.51,276.454,3.751,-4.158,260,110,-1,-1,0,0
90.261,272.296,3.751,-4.158,255,105,-1,-1,0,0
94.012,268.138,3.751,-4.158,250,100,-1,-1,0,0
97.763,263.98,3.751,-4.158,245,95,-1,-1,0,0
101.514,259.822,3.751,-4.158,240,90,-1,-1,0,0
105.265,255.664,3.751,-4.158,235,85,-1,-1,0,0
109.016,251.505,3.751,-4.158,230,80,-1,-1,0,0
112.767,247.347,3.751,-4.158,225,75,-1,-1,0,0
116.518,243.189,3.751,-4.158,220,70,-1,-1,0,0
120.269,239.031,3.751,-4.158,215,65,-1,-1,0,0
124.02,234.873,3.751,-4.158,210,60,-1,-1,0,0
127.771,230.715,3.751,-4.158,205,55,-1,-1,0,0
131.522,226.557,3.751,-4.158,205,50,0,-1,0,0
135.273,222.398,3.751,-4.158,205,45,0,-1,0,0
139.024,218.24,3.751,-4.158,205,40,0,-1,0,0
142.775,214.082,3.751,-4.158,205,40,0,0,0,0
146.526,209.924,3.751,-4.158,205,40,0,0,0,0
150.277,205.766,3.751,-4.158,205,40,0,0,0,0
154.028,201.608,3.751,-4.158,205,40,0,0,0,0
157.779,197.45,3.751,-4.158,205,40,0,0,0,0
161.53,193.292,3.751,-4.158,205,40,0,0,0,0
165.281,189.133,3.751,-4.158,205,40,0,0,0,0
169.032,184.975,3.751,-4.158,205,40,0,0,0,0
172.783,180.817,3.751,-4.158,205,40,0,0,0,0
176.534,176.659,3.751,-4.158,205,40,0,0,0,0
180.285,172.501,3.751,-4.158,205,40,0,0,0,0
184.036,168.343,3.751,-4.158,205,40,0,0,0,0
187.787,164.185,3.751,-4.158,205,40,0,0,0,0
191.538,160.027,3.751,-4.158,205,40,0,0,0,0
195.289,155.868,3.751,-4.158,205,40,0,0,0,0
199.04,151.71,3.751,-4.158,205,40,0,0,0,0
202.791,147.552,3.751,-4.158,205,40,0,0,0,0
206.542,143.394,3.751,-4.158,205,40,0,0,0,0
210.293,139.236,3.751,-4.158,205,40,0,0,0,0
214.044,135.078,3.751,-4.158,205,40,0,0,0,0
217.795,130.92,3.751,-4.158,205,40,0,0,0,0
221.546,126.762,3.751,-4.158,205,40,0,0,0,0
225.297,122.603,3.751,-4.158,205,40,0,0,0,0
229.048,118.445,3.751,-4.158,205,40,0,0,0,0
232.799,114.287,3.751,-4.158,205,40,0,0,0,0
236.55,110.129,3.751,-4.158,210,40,1,0,0,0
240.301,105.971,3.751,-4.158,215,40,1,0,0,0
244.052,101.813,3.751,-4.158,220,40,1,0,0,0
247.803,97.655,3.751,-4.158,225,40,1,0,0,0
251.554,93.496,3.751,-4.158,230,40,1,0,0,0
255.305,89.338,3.751,-4.158,235,40,1,0,0,0
259.056,85.18,3.751,-4.158,240,40,1,0,0,0
262.807,81.022,3.751,-4.158,245,40,1,0,0,0
266.558,76.864,3.751,-4.158,250,40,1,0,0,0
270.309,72.706,3.751,-4.158,255,40,1,0,0,0
274.06,68.548,3.751,-4.158,260,40,1,0,0,0
277.811,64.39,3.751,-4.158,265,40,1,0,0,0
281.562,60.231,3.751,-4.158,270,40,1,0,0,0
285.313,56.073,3.751,-4.158,275,40,1,0,0,0
289.064,51.915,3.751,-4.158,280,40,1,0,0,0
292.815,47.757,3.751,-4.158,285,40,1,0,0,0
296.566,43.599,3.751,-4.158,285,40,0,0,0,0
300.317,39.441,3.751,-4.158,285,40,0,0,0,0
304.068,35.283,3.751,-4.158,285,40,0,0,0,0
307.819,31.125,3.751,-4.158,285,40,0,0,0,0
311.57,26.966,3.751,-4.158,285,40,0,0,0,0
315.321,22.808,3.751,-4.158,285,40,0,0,0,0
319.072,18.65,3.751,-4.158,285,40,0,0,0,0
322.823,14.492,3.751,-4.158,285,45,0,1,0,0
326.574,10.334,3.751,-4.158,285,50,0,1,0,0
330.325,6.176,3.751,-4.158,285,55,0,1,0,0
334.076,6.0,3.751,4.158,285,60,0,1,0,0
337.827,10.158,3.751,4.158,285,65,0,1,0,0
341.578,14.316,3.751,4.158,285,70,0,1,0,0
345.329,18.474,3.751,4.158,285,75,0,1,0,0
349.08,22.633,3.751,4.158,285,80,0,1,0,0
352.831,26.791,3.751,4.158,285,85,0,1,0,0
356.582,30.949,3.751,4.158,285,90,0,1,0,0
360.333,35.107,3.751,4.158,285,95,0,1,0,0
364.084,39.265,3.751,4.158,285,100,0,1,0,0
367.835,43.423,3.751,4.158,285,105,0,1,0,0
371.585,47.581,3.751,4.158,285,110,0,1,0,0
375.336,51.739,3.751,4.158,285,115,0,1,0,0
379.087,55.898,3.751,4.158,285,120,0,1,0,0
382.838,60.056,3.751,4.158,285,125,0,1,0,0
386.589,64.214,3.751,4.158,285,130,0,1,0,0
390.34,68.372,3.751,4.158,285,135,0,1,0,0
394.091,72.53,3.751,4.158,285,140,0,1,0,0
397.842,76.688,3.751,4.158,285,145,0,1,0,0
401.593,80.846,3.751,4.158,285,150,0,1,0,0
405.344,85.004,3.751,4.158,285,155,0,1,0,0
409.095,89.163,3.751,4.158,285,160,0,1,0,0
412.846,93.321,3.751,4.158,285,165,0,1,0,0
416.597,97.479,3.751,4.158,285,170,0,1,0,0
420.348,101.637,3.751,4.158,285,175,0,1,0,0
424.099,105.795,3.751,4.158,285,180,0,1,0,0
427.85,109.953,3.751,4.158,285,185,0,1,0,0
431.601,114.111,3.751,4.158,285,190,0,1,0,0
435.352,118.27,3.751,4.158,285,195,0,1,0,0
439.103,122.428,3.751,4.158,285,200,0,1,0,0
442.854,126.586,3.751,4.158,285,205,0,1,0,0
446.605,130.744,3.751,4.158,285,210,0,1,0,0
450.356,134.902,3.751,4.158,285,215,0,1,0,0
454.107,139.06,3.751,4.158,285,220,0,1,0,0
457.858,143.218,3.751,4.158,285,225,0,1,0,0
461.609,147.376,3.751,4.158,285,230,0,1,0,0
465.36,151.535,3.751,4.158,285,235,0,1,0,0
469.111,155.693,3.751,4.158,285,240,0,1,0,0
472.862,159.851,3.751,4.158,285,245,0,1,0,0
476.613,164.009,3.751,4.158,285,250,0,1,0,0
480.364,168.167,3.751,4.158,285,255,0,1,0,0
484.115,172.325,3.751,4.158,285,260,0,1,0,0
487.866,176.483,3.751,4.158,285,265,0,1,0,0
491.617,180.641,3.751,4.158,285,270,0,1,0,0
495.368,184.8,3.751,4.158,285,275,0,1,0,0
499.119,188.958,3.751,4.158,285,280,0,1,0,0
502.87,193.116,3.751,4.158,285,285,0,1,0,0
506.621,197.274,3.751,4.158,285,290,0,1,0,0
510.372,201.432,3.751,4.158,285,295,0,1,0,0
514.123,205.59,3.751,4.158,285,300,0,1,0,0
517.874,209.748,3.751,4.158,285,305,0,1,0,0
521.625,213.906,3.751,4.158,285,310,0,1,0,0
525.376,218.065,3.751,4.158,285,315,0,1,0,0
529.127,222.223,3.751,4.158,285,320,0,1,0,0
532.878,226.381,3.751,4.158,285,325,0,1,0,0
536.629,230.539,3.751,4.158,285,330,0,1,0,0
540.38,234.697,3.751,4.158,285,335,0,1,0,0
544.131,238.855,3.751,4.158,285,340,0,1,0,0
547.882,243.013,3.751,4.158,285,345,0,1,0,0
551.633,247.172,3.751,4.158,285,350,0,1,0,0
555.384,251.33,3.751,4.158,285,355,0,1,0,0
559.135,255.488,3.751,4.158,285,360,0,1,0,0
562.886,259.646,3.751,4.158,285,365,0,1,0,0
566.637,263.804,3.751,4.158,285,370,0,1,0,0
570.388,267.962,3.751,4.158,285,375,0,1,0,0
574.139,272.12,3.751,4.158,285,380,0,1,0,0
577.89,276.278,3.751,4.158,285,385,0,1,0,0
581.641,280.437,3.751,4.158,285,390,0,1,0,0
585.392,284.595,3.751,4.158,280,395,-1,1,0,0
589.143,288.753,3.751,4.158,275,400,-1,1,0,0
592.894,292.911,3.751,4.158,270,405,-1,1,0,0
596.645,297.069,3.751,4.158,265,410,-1,1,0,0
600.396,301.227,3.751,4.158,260,415,-1,1,0,0
604.147,305.385,3.751,4.158,255,420,-1,1,0,0
607.898,309.543,3.751,4.158,250,425,-1,1,0,0
611.649,313.702,3.751,4.158,245,430,-1,1,0,0
615.4,317.86,3.751,4.158,240,435,-1,1,0,0
619.151,322.018,3.751,4.158,235,440,-1,1,0,0
622.902,326.176,3.751,4.158,230,445,-1,1,0,0
626.653,330.334,3.751,4.158,225,450,-1,1,0,0
630.404,334.492,3.751,4.158,225,455,0,1,0,0
634.155,338.65,3.751,4.158,225,455,0,0,0,0
637.906,342.809,3.751,4.158,225,455,0,0,0,0
641.657,346.967,3.751,4.158,225,455,0,0,0,0
645.408,351.125,3.751,4.158,225,455,0,0,0,0
649.159,355.283,3.751,4.158,225,455,0,0,0,0
652.91,359.441,3.751,4.158,225,455,0,0,0,0
656.661,363.599,3.751,4.158,225,455,0,0,0,0
660.412,367.757,3.751,4.158,225,455,0,0,0,0
664.163,371.915,3.751,4.158,225,455,0,0,0,0
667.914,376.074,3.751,4.158,225,455,0,0,0,0
671.665,380.232,3.751,4.158,225,455,0,0,0,0
675.416,384.39,3.751,4.158,225,455,0,0,0,0
679.167,388.548,3.751,4.158,225,455,0,0,0,0
682.918,392.706,3.751,4.158,225,455,0,0,0,0
686.669,396.864,3.751,4.158,225,455,0,0,0,0
690.42,401.022,3.751,4.158,225,455,0,0,0,0
694.171,405.18,3.751,4.158,225,455,0,0,0,0
697.922,409.339,3.751,4.158,225,455,0,0,0,0
701.673,413.497,3.751,4.158,225,455,0,0,0,0
705.424,417.655,3.751,4.158,225,455,0,0,0,0
709.175,421.813,3.751,4.158,225,455,0,0,0,0
712.926,425.971,3.751,4.158,225,455,0,0,0,0
716.677,430.129,3.751,4.158,225,455,0,0,0,0
720.428,434.287,3.751,4.158,225,455,0,0,0,0
724.179,438.445,3.751,4.158,225,455,0,0,0,0
727.93,442.604,3.751,4.158,225,455,0,0,0,0
731.681,446.762,3.751,4.158,225,455,0,0,0,0
735.432,450.92,3.751,4.158,225,455,0,0,0,0
739.183,455.078,3.751,4.158,225,455,0,0,0,0
742.934,459.236,3.751,4.158,225,455,0,0,0,0
746.685,463.394,3.751,4.158,225,455,0,0,0,0
750.436,467.552,3.751,4.158,225,460,0,1,0,0
751.0,471.711,-3.798,-4.515,225,465,0,1,0,0
747.202,467.195,-3.798,-4.515,225,470,0,1,0,0
743.405,462.68,-3.798,-4.515,225,475,0,1,0,0
739.607,458.165,-3.798,-4.515,225,475,0,0,0,0
735.809,453.649,-3.798,-4.515,225,475,0,0,0,0
732.012,449.134,-3.798,-4.515,225,475,0,0,0,0
728.214,444.619,-3.798,-4.515,225,475,0,0,0,0
724.417,440.103,-3.798,-4.515,225,475,0,0,0,0
720.619,435.588,-3.798,-4.515,225,475,0,0,0,0
716.821,431.073,-3.798,-4.515,225,475,0,0,0,0
713.024,426.557,-3.798,-4.515,225,475,0,0,0,0
709.226,422.042,-3.798,-4.515,225,475,0,0,0,0
705.428,417.527,-3.798,-4.515,225,475,0,0,0,0
701.631,413.012,-3.798,-4.515,225,475,0,0,0,0
697.833,408.496,-3.798,-4.515,225,475,0,0,0,0
694.035,403.981,-3.798,-4.515,225,475,0,0,0,0
690.238,399.466,-3.798,-4.515,225,475,0,0,0,0
686.44,394.95,-3.798,-4.515,220,475,-1,0,0,0
682.643,390.435,-3.798,-4.515,215,475,-1,0,0,0
678.845,385.92,-3.798,-4.515,210,475,-1,0,0,0
675.047,381.404,-3.798,-4.515,205,475,-1,0,0,0
671.25,376.889,-3.798,-4.515,200,475,-1,0,0,0
667.452,372.374,-3.798,-4.515,195,475,-1,0,0,0
663.654,367.859,-3.798,-4.515,190,475,-1,0,0,0
659.857,363.343,-3.798,-4.515,185,475,-1,0,0,0
656.059,358.828,-3.798,-4.515,180,475,-1,0,0,0
652.262,354.313,-3.798,-4.515,175,475,-1,0,0,0
648.464,349.797,-3.798,-4.515,170,475,-1,0,0,0
644.666,345.282,-3.798,-4.515,165,475,-1,0,0,0
640.869,340.767,-3.798,-4.515,165,470,0,-1,0,0
637.071,336.251,-3.798,-4.515,165,465,0,-1,0,0
633.273,331.736,-3.798,-4.515,165,460,0,-1,0,0
629.476,327.221,-3.798,-4.515,165,455,0,-1,0,0
625.678,322.705,-3.798,-4.515,165,450,0,-1,0,0
621.88,318.19,-3.798,-4.515,165,445,0,-1,0,0
618.083,313.675,-3.798,-4.515,165,440,0,-1,0,0
614.285,309.16,-3.798,-4.515,165,435,0,-1,0,0
610.488,304.644,-3.798,-4.515,165,430,0,-1,0,0
606.69,300.129,-3.798,-4.515,165,425,0,-1,0,0
602.892,295.614,-3.798,-4.515,165,420,0,-1,0,0
599.095,291.098,-3.798,-4.515,165,415,0,-1,0,0
595.297,286.583,-3.798,-4.515,165,410,0,-1,0,0
591.499,282.068,-3.798,-4.515,165,405,0,-1,0,0
587.702,277.552,-3.798,-4.515,165,400,0,-1,0,0
583.904,273.037,-3.798,-4.515,165,395,0,-1,0,0
580.106,268.522,-3.798,-4.515,165,390,0,-1,0,0
576.309,264.007,-3.798,-4.515,165,385,0,-1,0,0
572.511,259.491,-3.798,-4.515,165,380,0,-1,0,0
568.714,254.976,-3.798,-4.515,165,375,0,-1,0,0
564.916,250.461,-3.798,-4.515,165,370,0,-1,0,0
561.118,245.945,-3.798,-4.515,165,365,0,-1,0,0
557.321,241.43,-3.798,-4.515,165,360,0,-1,0,0
553.523,236.915,-3.798,-4.515,165,355,0,-1,0,0
549.725,232.399,-3.798,-4.515,165,350,0,-1,0,0
545.928,227.884,-3.798,-4.515,165,345,0,-1,0,0
542.13,223.369,-3.798,-4.515,170,340,1,-1,0,0
538.332,218.853,-3.798,-4.515,175,335,1,-1,0,0
534.535,214.338,-3.798,-4.515,180,330,1,-1,0,0
530.737,209.823,-3.798,-4.515,185,325,1,-1,0,0
526.94,205.308,-3.798,-4.515,190,320,1,-1,0,0
523.142,200.792,-3.798,-4.515,195,315,1,-1,0,0
519.344,196.277,-3.798,-4.515,200,310,1,-1,0,0
515.547,191.762,-3.798,-4.515,205,305,1,-1,0,0
511.749,187.246,-3.798,-4.515,210,300,1,-1,0,0
507.951,182.731,-3.798,-4.515,215,295,1,-1,0,0
504.154,178.216,-3.798,-4.515,220,290,1,-1,0,0
500.356,173.7,-3.798,-4.515,225,285,1,-1,0,0
496.558,169.185,-3.798,-4.515,230,280,1,-1,0,0
492.761,164.67,-3.798,-4.515,235,275,1,-1,0,0
488.963,160.155,-3.798,-4.515,235,270,0,-1,0,0
485.166,155.639,-3.798,-4.515,235,265,0,-1,0,0
481.368,151.124,-3.798,-4.515,235,260,0,-1,0,0
477.57,146.609,-3.798,-4.515,235,255,0,-1,0,0
473.773,142.093,-3.798,-4.515,235,250,0,-1,0,0
469.975,137.578,-3.798,-4.515,235,245,0,-1,0,0
466.177,133.063,-3.798,-4.515,235,240,0,-1,0,0
462.38,128.547,-3.798,-4.515,235,235,0,-1,0,0
458.582,124.032,-3.798,-4.515,235,230,0,-1,0,0
454.785,119.517,-3.798,-4.515,235,225,0,-1,0,0
450.987,115.001,-3.798,-4.515,235,220,0,-1,0,0
447.189,110.486,-3.798,-4.515,235,215,0,-1,0,0
443.392,105.971,-3.798,-4.515,235,210,0,-1,0,0
439.594,101.456,-3.798,-4.515,235,205,0,-1,0,0
435.796,96.94,-3.798,-4.515,235,200,0,-1,0,0
431.999,92.425,-3.798,-4.515,235,195,0,-1,0,0
428.201,87.91,-3.798,-4.515,235,190,0,-1,0,0
424.403,83.394,-3.798,-4.515,235,185,0,-1,0,0
420.606,78.879,-3.798,-4.515,235,180,0,-1,0,0
416.808,74.364,-3.798,-4.515,235,175,0,-1,0,0
413.011,69.848,-3.798,-4.515,235,170,0,-1,0,0
409.213,65.333,-3.798,-4.515,235,165,0,-1,0,0
405.415,60.818,-3.798,-4.515,235,160,0,-1,0,0
401.618,56.303,-3.798,-4.515,235,155,0,-1,0,0
397.82,51.787,-3.798,-4.515,235,150,0,-1,0,0
394.022,47.272,-3.798,-4.515,235,145,0,-1,0,0
390.225,42.757,-3.798,-4.515,235,140,0,-1,0,0
386.427,38.241,-3.798,-4.515,235,135,0,-1,0,0
382.629,33.726,-3.798,-4.515,235,130,0,-1,0,0
378.832,29.211,-3.798,-4.515,235,125,0,-1,0,0
375.034,24.695,-3.798,-4.515,235,120,0,-1,0,0
371.237,20.18,-3.798,-4.515,235,115,0,-1,0,0
367.439,15.665,-3.798,-4.515,235,110,0,-1,0,0
363.641,11.149,-3.798,-4.515,235,105,0,-1,0,0
359.844,6.634,-3.798,-4.515,235,100,0,-1,0,0
356.046,6.0,-3.798,4.515,235,95,0,-1,0,0
352.248,10.515,-3.798,4.515,235,90,0,-1,0,0
348.451,15.031,-3.798,4.515,235,90,0,0,0,0
344.653,19.546,-3.798,4.515,235,90,0,0,0,0
340.855,24.061,-3.798,4.515,235,90,0,0,0,0
337.058,28.577,-3.798,4.515,235,90,0,0,0,0
333.26,33.092,-3.798,4.515,235,90,0,0,0,0
329.463,37.607,-3.798,4.515,235,90,0,0,0,0
325.665,42.122,-3.798,4.515,235,90,0,0,0,0
321.867,46.638,-3.798,4.515,235,90,0,0,0,0
318.07,51.153,-3.798,4.515,235,90,0,0,0,0
314.272,55.668,-3.798,4.515,235,90,0,0,0,0
310.474,60.184,-3.798,4.515,235,90,0,0,0,0
306.677,64.699,-3.798,4.515,235,90,0,0,0,0
302.879,69.214,-3.798,4.515,235,90,0,0,0,0
299.082,73.73,-3.798,4.515,235,90,0,0,0,0
295.284,78.245,-3.798,4.515,235,90,0,0,0,0
291.486,82.76,-3.798,4.515,235,90,0,0,0,0
287.689,87.275,-3.798,4.515,235,90,0,0,0,0
283.891,91.791,-3.798,4.515,235,90,0,0,0,0
280.093,96.306,-3.798,4.515,235,90,0,0,0,0
276.296,100.821,-3.798,4.515,235,90,0,0,0,0
272.498,105.337,-3.798,4.515,235,90,0,0,0,0
268.7,109.852,-3.798,4.515,235,90,0,0,0,0
264.903,114.367,-3.798,4.515,235,90,0,0,0,0
261.105,118.883,-3.798,4.515,235,90,0,0,0,0
257.308,123.398,-3.798,4.515,235,90,0,0,0,0
253.51,127.913,-3.798,4.515,235,90,0,0,0,0
249.712,132.429,-3.798,4.515,235,90,0,0,0,0
245.915,136.944,-3.798,4.515,235,90,0,0,0,0
242.117,141.459,-3.798,4.515,235,90,0,0,0,0
238.319,145.974,-3.798,4.515,235,90,0,0,0,0
234.522,150.49,-3.798,4.515,235,90,0,0,0,0
230.724,155.005,-3.798,4.515,240,90,1,0,0,0
226.926,159.52,-3.798,4.515,245,90,1,0,0,0
223.129,164.036,-3.798,4.515,250,90,1,0,0,0
219.331,168.551,-3.798,4.515,255,90,1,0,0,0
215.534,173.066,-3.798,4.515,260,90,1,0,0,0
211.736,177.582,-3.798,4.515,265,90,1,0,0,0
207.938,182.097,-3.798,4.515,270,90,1,0,0,0
204.141,186.612,-3.798,4.515,275,90,1,0,0,0
200.343,191.127,-3.798,4.515,280,90,1,0,0,0
196.545,195.643,-3.798,4.515,285,95,1,1,0,0
192.748,200.158,-3.798,4.515,290,100,1,1,0,0
188.95,204.673,-3.798,4.515,295,105,1,1,0,0
185.152,209.189,-3.798,4.515,300,110,1,1,0,0
181.355,213.704,-3.798,4.515,305,115,1,1,0,0
177.557,218.219,-3.798,4.515,310,120,1,1,0,0
173.76,222.735,-3.798,4.515,315,125,1,1,0,0
169.962,227.25,-3.798,4.515,320,130,1,1,0,0
166.164,231.765,-3.798,4.515,320,130,0,0,0,0
162.367,236.281,-3.798,4.515,320,130,0,0,0,0
158.569,240.796,-3.798,4.515,320,130,0,0,0,0
154.771,245.311,-3.798,4.515,320,130,0,0,0,0
150.974,249.826,-3.798,4.515,320,130,0,0,0,0
147.176,254.342,-3.798,4.515,320,130,0,0,0,0
143.378,258.857,-3.798,4.515,325,130,1,0,0,0
139.581,263.372,-3.798,4.515,330,130,1,0,0,0
135.783,267.888,-3.798,4.515,335,130,1,0,0,0
131.986,272.403,-3.798,4.515,340,130,1,0,0,0
128.188,276.918,-3.798,4.515,345,130,1,0,0,0
124.39,281.434,-3.798,4.515,350,130,1,0,0,0
120.593,285.949,-3.798,4.515,355,130,1,0,0,0
116.795,290.464,-3.798,4.515,360,130,1,0,0,0
112.997,294.979,-3.798,4.515,365,130,1,0,0,0
109.2,299.495,-3.798,4.515,370,130,1,0,0,0
105.402,304.01,-3.798,4.515,375,130,1,0,0,0
101.605,308.525,-3.798,4.515,380,130,1,0,0,0
97.807,313.041,-3.798,4.515,385,130,1,0,0,0
94.009,317.556,-3.798,4.515,390,130,1,0,0,0
90.212,322.071,-3.798,4.515,395,130,1,0,0,0
86.414,326.587,-3.798,4.515,400,130,1,0,0,0
82.616,331.102,-3.798,4.515,405,130,1,0,0,0
78.819,335.617,-3.798,4.515,410,130,1,0,0,0
75.021,340.133,-3.798,4.515,415,130,1,0,0,0
71.223,344.648,-3.798,4.515,420,130,1,0,0,0
67.426,349.163,-3.798,4.515,425,130,1,0,0,0
63.628,353.678,-3.798,4.515,430,130,1,0,0,0
59.831,358.194,-3.798,4.515,435,130,1,0,0,0
56.033,362.709,-3.798,4.515,440,130,1,0,0,0
52.235,367.224,-3.798,4.515,445,130,1,0,0,0
48.438,371.74,-3.798,4.515,450,130,1,0,0,0
44.64,376.255,-3.798,4.515,455,130,1,0,0,0
40.842,380.77,-3.798,4.515,460,130,1,0,0,0
37.045,385.286,-3.798,4.515,465,130,1,0,0,0
33.247,389.801,-3.798,4.515,470,130,1,0,0,0
29.449,394.316,-3.798,4.515,475,130,1,0,0,0
25.652,398.831,-3.798,4.515,480,130,1,0,0,0
21.854,403.347,-3.798,4.515,475,130,-1,0,0,0
18.057,407.862,-3.798,4.515,470,130,-1,0,0,0
14.259,412.377,-3.798,4.515,465,130,-1,0,0,0
10.461,416.893,-3.798,4.515,460,130,-1,0,0,0
6.664,421.408,-3.798,4.515,455,130,-1,0,0,0
2.866,425.923,-3.798,4.515,450,130,-1,0,0,0
-0.932,430.439,-3.798,4.515,445,130,-1,0,0,0
-4.729,434.954,-3.798,4.515,440,130,-1,0,0,0
400.0,300.0,4.577,-2.013,435,130,-1,0,0,1
404.825,298.689,4.825,-1.311,435,130,0,0,0,0
409.65,297.378,4.825,-1.311,435,130,0,0,0,0
414.475,296.068,4.825,-1.311,435,130,0,0,0,0
419.3,294.757,4.825,-1.311,435,130,0,0,0,0
424.126,293.446,4.825,-1.311,435,130,0,0,0,0
428.951,292.135,4.825,-1.311,435,130,0,0,0,0
433.776,290.824,4.825,-1.311,435,130,0,0,0,0
438.601,289.514,4.825,-1.311,435,130,0,0,0,0
443.426,288.203,4.825,-1.311,435,130,0,0,0,0
448.251,286.892,4.825,-1.311,435,130,0,0,0,0
453.076,285.581,4.825,-1.311,435,130,0,0,0,0
457.901,284.27,4.825,-1.311,435,130,0,0,0,0
462.727,282.959,4.825,-1.311,435,130,0,0,0,0
467.552,281.649,4.825,-1.311,435,130,0,0,0,0
472.377,280.338,4.825,-1.311,435,130,0,0,0,0
477.202,279.027,4.825,-1.311,435,130,0,0,0,0
482.027,277.716,4.825,-1.311,435,130,0,0,0,0
486.852,276.405,4.825,-1.311,435,130,0,0,0,0
491.677,275.095,4.825,-1.311,435,130,0,0,0,0
496.502,273.784,4.825,-1.311,435,130,0,0,0,0
501.328,272.473,4.825,-1.311,435,130,0,0,0,0
506.153,271.162,4.825,-1.311,435,130,0,0,0,0
510.978,269.851,4.825,-1.311,435,130,0,0,0,0
515.803,268.541,4.825,-1.311,435,130,0,0,0,0
520.628,267.23,4.825,-1.311,435,130,0,0,0,0
525.453,265.919,4.825,-1.311,435,130,0,0,0,0
530.278,264.608,4.825,-1.311,435,130,0,0,0,0
535.103,263.297,4.825,-1.311,435,130,0,0,0,0
539.928,261.987,4.825,-1.311,435,130,0,0,0,0
544.754,260.676,4.825,-1.311,435,130,0,0,0,0
549.579,259.365,4.825,-1.311,435,130,0,0,0,0
554.404,258.054,4.825,-1.311,435,130,0,0,0,0
559.229,256.743,4.825,-1.311,435,130,0,0,0,0
564.054,255.432,4.825,-1.311,435,130,0,0,0,0
568.879,254.122,4.825,-1.311,435,130,0,0,0,0
573.704,252.811,4.825,-1.311,435,130,0,0,0,0
578.529,251.5,4.825,-1.311,435,130,0,0,0,0
583.355,250.189,4.825,-1.311,435,130,0,0,0,0
588.18,248.878,4.825,-1.311,435,130,0,0,0,0
593.005,247.568,4.825,-1.311,435,130,0,0,0,0
597.83,246.257,4.825,-1.311,435,130,0,0,0,0
602.655,244.946,4.825,-1.311,435,130,0,0,0,0
607.48,243.635,4.825,-1.311,435,130,0,0,0,0
612.305,242.324,4.825,-1.311,435,130,0,0,0,0
617.13,241.014,4.825,-1.311,435,130,0,0,0,0
621.955,239.703,4.825,-1.311,435,130,0,0,0,0
626.781,238.392,4.825,-1.311,435,130,0,0,0,0
631.606,237.081,4.825,-1.311,435,130,0,0,0,0
636.431,235.77,4.825,-1.311,435,130,0,0,0,0
641.256,234.459,4.825,-1.311,435,130,0,0,0,0
646.081,233.149,4.825,-1.311,435,130,0,0,0,0
650.906,231.838,4.825,-1.311,435,130,0,0,0,0
655.731,230.527,4.825,-1.311,435,130,0,0,0,0
660.556,229.216,4.825,-1.311,435,130,0,0,0,0
665.382,227.905,4.825,-1.311,435,130,0,0,0,0
670.207,226.595,4.825,-1.311,435,130,0,0,0,0
675.032,225.284,4.825,-1.311,435,130,0,0,0,0
679.857,223.973,4.825,-1.311,435,130,0,0,0,0
684.682,222.662,4.825,-1.311,435,130,0,0,0,0
