ball_x,ball_y,ball_vx,ball_vy,left_y,right_y,left_action,right_action,left_scored,right_scored
403.604,303.465,3.604,3.465,260,260,0,0,0,0
407.209,306.93,3.604,3.465,260,260,0,0,0,0
410.813,310.396,3.604,3.465,260,260,0,0,0,0
414.418,313.861,3.604,3.465,260,260,0,0,0,0
418.022,317.326,3.604,3.465,260,260,0,0,0,0
421.627,320.791,3.604,3.465,260,260,0,0,0,0
425.231,324.257,3.604,3.465,260,260,0,0,0,0
428.836,327.722,3.604,3.465,260,260,0,0,0,0
432.44,331.187,3.604,3.465,260,260,0,0,0,0
436.045,334.652,3.604,3.465,260,260,0,0,0,0
439.649,338.117,3.604,3.465,260,260,0,0,0,0
443.254,341.583,3.604,3.465,260,260,0,0,0,0
446.858,345.048,3.604,3.465,260,260,0,0,0,0
450.463,348.513,3.604,3.465,260,260,0,0,0,0
454.067,351.978,3.604,3.465,260,260,0,0,0,0
457.672,355.444,3.604,3.465,260,260,0,0,0,0
461.276,358.909,3.604,3.465,260,260,0,0,0,0
464.881,362.374,3.604,3.465,260,260,0,0,0,0
468.485,365.839,3.604,3.465,260,260,0,0,0,0
472.089,369.304,3.604,3.465,260,260,0,0,0,0
475.694,372.77,3.604,3.465,260,260,0,0,0,0
479.298,376.235,3.604,3.465,260,260,0,0,0,0
482.903,379.7,3.604,3.465,260,260,0,0,0,0
486.507,383.165,3.604,3.465,260,260,0,0,0,0
490.112,386.631,3.604,3.465,260,260,0,0,0,0
493.716,390.096,3.604,3.465,260,260,0,0,0,0
497.321,393.561,3.604,3.465,260,260,0,0,0,0
500.925,397.026,3.604,3.465,260,260,0,0,0,0
504.53,400.491,3.604,3.465,260,260,0,0,0,0
508.134,403.957,3.604,3.465,260,260,0,0,0,0
511.739,407.422,3.604,3.465,260,260,0,0,0,0
515.343,410.887,3.604,3.465,260,260,0,0,0,0
518.948,414.352,3.604,3.465,260,260,0,0,0,0
522.552,417.818,3.604,3.465,260,260,0,0,0,0
526.157,421.283,3.604,3.465,260,260,0,0,0,0
529.761,424.748,3.604,3.465,260,255,0,-1,0,0
533.366,428.213,3.604,3.465,260,250,0,-1,0,0
536.97,431.678,3.604,3.465,260,245,0,-1,0,0
540.574,435.144,3.604,3.465,260,245,0,0,0,0
544.179,438.609,3.604,3.465,260,245,0,0,0,0
547.783,442.074,3.604,3.465,260,245,0,0,0,0
551.388,445.539,3.604,3.465,260,245,0,0,0,0
554.992,449.005,3.604,3.465,260,245,0,0,0,0
558.597,452.47,3.604,3.465,260,250,0,1,0,0
562.201,455.935,3.604,3.465,260,255,0,1,0,0
565.806,459.4,3.604,3.465,260,260,0,1,0,0
569.41,462.865,3.604,3.465,260,265,0,1,0,0
573.015,466.331,3.604,3.465,260,270,0,1,0,0
576.619,469.796,3.604,3.465,260,275,0,1,0,0
580.224,473.261,3.604,3.465,260,280,0,1,0,0
583.828,476.726,3.604,3.465,260,285,0,1,0,0
587.433,480.192,3.604,3.465,260,290,0,1,0,0
591.037,483.657,3.604,3.465,260,295,0,1,0,0
594.642,487.122,3.604,3.465,260,300,0,1,0,0
598.246,490.587,3.604,3.465,260,305,0,1,0,0
601.851,494.052,3.604,3.465,260,310,0,1,0,0
605.455,497.518,3.604,3.465,260,315,0,1,0,0
609.059,500.983,3.604,3.465,260,320,0,1,0,0
612.664,504.448,3.604,3.465,260,325,0,1,0,0
616.268,507.913,3.604,3.465,260,330,0,1,0,0
619.873,511.379,3.604,3.465,260,335,0,1,0,0
623.477,514.844,3.604,3.465,260,340,0,1,0,0
627.082,518.309,3.604,3.465,260,345,0,1,0,0
630.686,521.774,3.604,3.465,260,350,0,1,0,0
634.291,525.239,3.604,3.465,260,355,0,1,0,0
637.895,528.705,3.604,3.465,260,360,0,1,0,0
641.5,532.17,3.604,3.465,260,365,0,1,0,0
645.104,535.635,3.604,3.465,260,370,0,1,0,0
648.709,539.1,3.604,3.465,265,375,1,1,0,0
652.313,542.566,3.604,3.465,270,380,1,1,0,0
655.918,546.031,3.604,3.465,275,385,1,1,0,0
659.522,549.496,3.604,3.465,280,390,1,1,0,0
663.127,552.961,3.604,3.465,285,395,1,1,0,0
666.731,556.426,3.604,3.465,290,400,1,1,0,0
670.336,559.892,3.604,3.465,295,405,1,1,0,0
673.94,563.357,3.604,3.465,300,410,1,1,0,0
677.544,566.822,3.604,3.465,305,415,1,1,0,0
681.149,570.287,3.604,3.465,310,420,1,1,0,0
684.753,573.753,3.604,3.465,315,425,1,1,0,0
688.358,577.218,3.604,3.465,320,430,1,1,0,0
691.962,580.683,3.604,3.465,325,435,1,1,0,0
695.567,584.148,3.604,3.465,330,440,1,1,0,0
699.171,587.613,3.604,3.465,335,445,1,1,0,0
702.776,591.079,3.604,3.465,340,450,1,1,0,0
706.38,594.0,3.604,-3.465,345,455,1,1,0,0
709.985,590.535,3.604,-3.465,350,460,1,1,0,0
713.589,587.07,3.604,-3.465,355,465,1,1,0,0
717.194,583.604,3.604,-3.465,360,470,1,1,0,0
720.798,580.139,3.604,-3.465,365,475,1,1,0,0
724.403,576.674,3.604,-3.465,370,480,1,1,0,0
728.007,573.209,3.604,-3.465,375,485,1,1,0,0
731.612,569.743,3.604,-3.465,380,490,1,1,0,0
735.216,566.278,3.604,-3.465,385,495,1,1,0,0
738.821,562.813,3.604,-3.465,390,500,1,1,0,0
742.425,559.348,3.604,-3.465,395,505,1,1,0,0
746.029,555.883,3.604,-3.465,400,510,1,1,0,0
749.634,552.417,3.604,-3.465,405,515,1,1,0,0
751.0,548.952,-5.08,-1.512,410,520,1,1,0,0
745.92,547.44,-5.08,-1.512,415,520,1,1,0,0
740.84,545.929,-5.08,-1.512,420,520,1,1,0,0
735.76,544.417,-5.08,-1.512,425,520,1,1,0,0
730.681,542.905,-5.08,-1.512,425,520,0,1,0,0
725.601,541.394,-5.08,-1.512,425,520,0,1,0,0
720.521,539.882,-5.08,-1.512,425,520,0,0,0,0
715.441,538.371,-5.08,-1.512,425,520,0,0,0,0
710.361,536.859,-5.08,-1.512,425,520,0,0,0,0
705.281,535.347,-5.08,-1.512,420,520,-1,0,0,0
700.201,533.836,-5.08,-1.512,415,520,-1,0,0,0
695.122,532.324,-5.08,-1.512,410,515,-1,-1,0,0
690.042,530.812,-5.08,-1.512,405,510,-1,-1,0,0
684.962,529.301,-5.08,-1.512,400,505,-1,-1,0,0
679.882,527.789,-5.08,-1.512,395,500,-1,-1,0,0
674.802,526.277,-5.08,-1.512,390,495,-1,-1,0,0
669.722,524.766,-5.08,-1.512,385,490,-1,-1,0,0
664.642,523.254,-5.08,-1.512,380,485,-1,-1,0,0
659.563,521.742,-5.08,-1.512,375,480,-1,-1,0,0
654.483,520.231,-5.08,-1.512,370,475,-1,-1,0,0
649.403,518.719,-5.08,-1.512,365,470,-1,-1,0,0
644.323,517.207,-5.08,-1.512,360,465,-1,-1,0,0
639.243,515.696,-5.08,-1.512,355,460,-1,-1,0,0
634.163,514.184,-5.08,-1.512,350,455,-1,-1,0,0
629.084,512.672,-5.08,-1.512,345,450,-1,-1,0,0
624.004,511.161,-5.08,-1.512,340,445,-1,-1,0,0
618.924,509.649,-5.08,-1.512,335,440,-1,-1,0,0
613.844,508.137,-5.08,-1.512,330,435,-1,-1,0,0
608.764,506.626,-5.08,-1.512,330,435,0,0,0,0
603.684,505.114,-5.08,-1.512,330,435,0,0,0,0
598.604,503.603,-5.08,-1.512,330,435,0,0,0,0
593.525,502.091,-5.08,-1.512,330,435,0,0,0,0
588.445,500.579,-5.08,-1.512,330,435,0,0,0,0
583.365,499.068,-5.08,-1.512,330,435,0,0,0,0
578.285,497.556,-5.08,-1.512,330,435,0,0,0,0
573.205,496.044,-5.08,-1.512,330,435,0,0,0,0
568.125,494.533,-5.08,-1.512,330,435,0,0,0,0
563.045,493.021,-5.08,-1.512,335,435,1,0,0,0
557.966,491.509,-5.08,-1.512,340,435,1,0,0,0
552.886,489.998,-5.08,-1.512,345,435,1,0,0,0
547.806,488.486,-5.08,-1.512,350,435,1,0,0,0
542.726,486.974,-5.08,-1.512,355,435,1,0,0,0
537.646,485.463,-5.08,-1.512,360,435,1,0,0,0
532.566,483.951,-5.08,-1.512,365,435,1,0,0,0
527.486,482.439,-5.08,-1.512,370,435,1,0,0,0
522.407,480.928,-5.08,-1.512,375,435,1,0,0,0
517.327,479.416,-5.08,-1.512,375,435,0,0,0,0
512.247,477.904,-5.08,-1.512,375,435,0,0,0,0
507.167,476.393,-5.08,-1.512,375,435,0,0,0,0
502.087,474.881,-5.08,-1.512,375,435,0,0,0,0
497.007,473.369,-5.08,-1.512,375,435,0,0,0,0
491.927,471.858,-5.08,-1.512,375,435,0,0,0,0
486.848,470.346,-5.08,-1.512,375,435,0,0,0,0
481.768,468.835,-5.08,-1.512,375,435,0,0,0,0
476.688,467.323,-5.08,-1.512,375,435,0,0,0,0
471.608,465.811,-5.08,-1.512,375,435,0,0,0,0
466.528,464.3,-5.08,-1.512,375,435,0,0,0,0
461.448,462.788,-5.08,-1.512,375,435,0,0,0,0
456.369,461.276,-5.08,-1.512,375,435,0,0,0,0
451.289,459.765,-5.08,-1.512,375,435,0,0,0,0
446.209,458.253,-5.08,-1.512,375,435,0,0,0,0
441.129,456.741,-5.08,-1.512,375,435,0,0,0,0
436.049,455.23,-5.08,-1.512,375,435,0,0,0,0
430.969,453.718,-5.08,-1.512,380,435,1,0,0,0
425.889,452.206,-5.08,-1.512,385,435,1,0,0,0
420.81,450.695,-5.08,-1.512,390,435,1,0,0,0
415.73,449.183,-5.08,-1.512,395,435,1,0,0,0
410.65,447.671,-5.08,-1.512,400,435,1,0,0,0
405.57,446.16,-5.08,-1.512,405,435,1,0,0,0
400.49,444.648,-5.08,-1.512,410,435,1,0,0,0
395.41,443.136,-5.08,-1.512,415,435,1,0,0,0
390.33,441.625,-5.08,-1.512,420,435,1,0,0,0
385.251,440.113,-5.08,-1.512,420,435,0,0,0,0
380.171,438.601,-5.08,-1.512,420,430,0,-1,0,0
375.091,437.09,-5.08,-1.512,420,425,0,-1,0,0
370.011,435.578,-5.08,-1.512,420,420,0,-1,0,0
364.931,434.067,-5.08,-1.512,420,415,0,-1,0,0
359.851,432.555,-5.08,-1.512,420,410,0,-1,0,0
354.771,431.043,-5.08,-1.512,420,405,0,-1,0,0
349.692,429.532,-5.08,-1.512,420,400,0,-1,0,0
344.612,428.02,-5.08,-1.512,420,395,0,-1,0,0
339.532,426.508,-5.08,-1.512,420,395,0,0,0,0
334.452,424.997,-5.08,-1.512,420,395,0,0,0,0
329.372,423.485,-5.08,-1.512,420,395,0,0,0,0
324.292,421.973,-5.08,-1.512,420,395,0,0,0,0
319.212,420.462,-5.08,-1.512,420,395,0,0,0,0
314.133,418.95,-5.08,-1.512,420,395,0,0,0,0
309.053,417.438,-5.08,-1.512,420,395,0,0,0,0
303.973,415.927,-5.08,-1.512,420,395,0,0,0,0
298.893,414.415,-5.08,-1.512,420,395,0,0,0,0
293.813,412.903,-5.08,-1.512,420,395,0,0,0,0
288.733,411.392,-5.08,-1.512,420,395,0,0,0,0
283.654,409.88,-5.08,-1.512,415,395,-1,0,0,0
278.574,408.368,-5.08,-1.512,410,395,-1,0,0,0
273.494,406.857,-5.08,-1.512,405,395,-1,0,0,0
268.414,405.345,-5.08,-1.512,400,395,-1,0,0,0
263.334,403.833,-5.08,-1.512,395,395,-1,0,0,0
258.254,402.322,-5.08,-1.512,390,395,-1,0,0,0
253.174,400.81,-5.08,-1.512,385,395,-1,0,0,0
248.095,399.299,-5.08,-1.512,380,395,-1,0,0,0
243.015,397.787,-5.08,-1.512,375,395,-1,0,0,0
237.935,396.275,-5.08,-1.512,370,395,-1,0,0,0
232.855,394.764,-5.08,-1.512,365,395,-1,0,0,0
227.775,393.252,-5.08,-1.512,360,395,-1,0,0,0
222.695,391.74,-5.08,-1.512,355,395,-1,0,0,0
217.615,390.229,-5.08,-1.512,350,395,-1,0,0,0
212.536,388.717,-5.08,-1.512,345,395,-1,0,0,0
207.456,387.205,-5.08,-1.512,340,395,-1,0,0,0
202.376,385.694,-5.08,-1.512,335,395,-1,0,0,0
197.296,384.182,-5.08,-1.512,335,395,0,0,0,0
192.216,382.67,-5.08,-1.512,335,395,0,0,0,0
187.136,381.159,-5.08,-1.512,335,395,0,0,0,0
182.056,379.647,-5.08,-1.512,335,395,0,0,0,0
176.977,378.135,-5.08,-1.512,335,395,0,0,0,0
171.897,376.624,-5.08,-1.512,335,395,0,0,0,0
166.817,375.112,-5.08,-1.512,335,395,0,0,0,0
161.737,373.6,-5.08,-1.512,335,395,0,0,0,0
156.657,372.089,-5.08,-1.512,335,395,0,0,0,0
151.577,370.577,-5.08,-1.512,335,395,0,0,0,0
146.497,369.065,-5.08,-1.512,335,395,0,0,0,0
141.418,367.554,-5.08,-1.512,335,395,0,0,0,0
136.338,366.042,-5.08,-1.512,335,395,0,0,0,0
131.258,364.531,-5.08,-1.512,335,395,0,0,0,0
126.178,363.019,-5.08,-1.512,335,395,0,0,0,0
121.098,361.507,-5.08,-1.512,335,395,0,0,0,0
116.018,359.996,-5.08,-1.512,335,395,0,0,0,0
110.939,358.484,-5.08,-1.512,335,395,0,0,0,0
105.859,356.972,-5.08,-1.512,335,395,0,0,0,0
100.779,355.461,-5.08,-1.512,335,395,0,0,0,0
95.699,353.949,-5.08,-1.512,330,395,-1,0,0,0
90.619,352.437,-5.08,-1.512,325,395,-1,0,0,0
85.539,350.926,-5.08,-1.512,320,395,-1,0,0,0
80.459,349.414,-5.08,-1.512,315,395,-1,0,0,0
75.38,347.902,-5.08,-1.512,310,395,-1,0,0,0
70.3,346.391,-5.08,-1.512,305,395,-1,0,0,0
65.22,344.879,-5.08,-1.512,300,395,-1,0,0,0
60.14,343.367,-5.08,-1.512,295,395,-1,0,0,0
55.06,341.856,-5.08,-1.512,295,395,0,0,0,0
49.98,340.344,-5.08,-1.512,295,395,0,0,0,0
49.0,338.832,5.572,0.561,295,395,0,0,0,0
54.572,339.393,5.572,0.561,295,395,0,0,0,0
60.144,339.954,5.572,0.561,295,390,0,-1,0,0
65.716,340.515,5.572,0.561,295,385,0,-1,0,0
71.287,341.076,5.572,0.561,295,380,0,-1,0,0
76.859,341.637,5.572,0.561,295,375,0,-1,0,0
82.431,342.198,5.572,0.561,295,370,0,-1,0,0
88.003,342.759,5.572,0.561,295,365,0,-1,0,0
93.575,343.32,5.572,0.561,295,360,0,-1,0,0
99.147,343.881,5.572,0.561,295,355,0,-1,0,0
104.718,344.442,5.572,0.561,295,350,0,-1,0,0
110.29,345.003,5.572,0.561,295,345,0,-1,0,0
115.862,345.563,5.572,0.561,295,340,0,-1,0,0
121.434,346.124,5.572,0.561,295,335,0,-1,0,0
127.006,346.685,5.572,0.561,295,330,0,-1,0,0
132.578,347.246,5.572,0.561,295,325,0,-1,0,0
138.149,347.807,5.572,0.561,295,320,0,-1,0,0
143.721,348.368,5.572,0.561,295,315,0,-1,0,0
149.293,348.929,5.572,0.561,295,310,0,-1,0,0
154.865,349.49,5.572,0.561,295,305,0,-1,0,0
160.437,350.051,5.572,0.561,295,300,0,-1,0,0
166.009,350.612,5.572,0.561,295,295,0,-1,0,0
171.58,351.173,5.572,0.561,295,295,0,0,0,0
177.152,351.734,5.572,0.561,295,295,0,0,0,0
182.724,352.294,5.572,0.561,295,295,0,0,0,0
188.296,352.855,5.572,0.561,295,295,0,0,0,0
193.868,353.416,5.572,0.561,295,295,0,0,0,0
199.44,353.977,5.572,0.561,295,295,0,0,0,0
205.011,354.538,5.572,0.561,295,300,0,1,0,0
210.583,355.099,5.572,0.561,295,305,0,1,0,0
216.155,355.66,5.572,0.561,295,310,0,1,0,0
221.727,356.221,5.572,0.561,295,315,0,1,0,0
227.299,356.782,5.572,0.561,295,320,0,1,0,0
232.871,357.343,5.572,0.561,295,325,0,1,0,0
238.442,357.904,5.572,0.561,295,330,0,1,0,0
244.014,358.465,5.572,0.561,295,335,0,1,0,0
249.586,359.026,5.572,0.561,295,340,0,1,0,0
255.158,359.586,5.572,0.561,295,345,0,1,0,0
260.73,360.147,5.572,0.561,295,350,0,1,0,0
266.302,360.708,5.572,0.561,295,355,0,1,0,0
271.873,361.269,5.572,0.561,295,360,0,1,0,0
277.445,361.83,5.572,0.561,295,365,0,1,0,0
283.017,362.391,5.572,0.561,295,370,0,1,0,0
288.589,362.952,5.572,0.561,295,375,0,1,0,0
294.161,363.513,5.572,0.561,295,380,0,1,0,0
299.733,364.074,5.572,0.561,295,385,0,1,0,0
305.305,364.635,5.572,0.561,295,390,0,1,0,0
310.876,365.196,5.572,0.561,295,395,0,1,0,0
316.448,365.757,5.572,0.561,295,400,0,1,0,0
322.02,366.317,5.572,0.561,295,405,0,1,0,0
327.592,366.878,5.572,0.561,295,405,0,0,0,0
333.164,367.439,5.572,0.561,295,405,0,0,0,0
338.736,368.0,5.572,0.561,295,405,0,0,0,0
344.307,368.561,5.572,0.561,300,405,1,0,0,0
349.879,369.122,5.572,0.561,305,405,1,0,0,0
355.451,369.683,5.572,0.561,310,405,1,0,0,0
361.023,370.244,5.572,0.561,315,405,1,0,0,0
366.595,370.805,5.572,0.561,315,405,0,0,0,0
372.167,371.366,5.572,0.561,315,405,0,0,0,0
377.738,371.927,5.572,0.561,315,405,0,0,0,0
383.31,372.488,5.572,0.561,315,405,0,0,0,0
388.882,373.049,5.572,0.561,315,405,0,0,0,0
394.454,373.609,5.572,0.561,315,405,0,0,0,0
400.026,374.17,5.572,0.561,315,405,0,0,0,0
405.598,374.731,5.572,0.561,315,405,0,0,0,0
411.169,375.292,5.572,0.561,315,405,0,0,0,0
416.741,375.853,5.572,0.561,315,405,0,0,0,0
422.313,376.414,5.572,0.561,315,405,0,0,0,0
427.885,376.975,5.572,0.561,315,405,0,0,0,0
433.457,377.536,5.572,0.561,315,405,0,0,0,0
439.029,378.097,5.572,0.561,315,405,0,0,0,0
444.6,378.658,5.572,0.561,315,405,0,0,0,0
450.172,379.219,5.572,0.561,315,405,0,0,0,0
455.744,379.78,5.572,0.561,315,405,0,0,0,0
461.316,380.34,5.572,0.561,315,405,0,0,0,0
466.888,380.901,5.572,0.561,315,405,0,0,0,0
472.46,381.462,5.572,0.561,315,405,0,0,0,0
478.031,382.023,5.572,0.561,315,405,0,0,0,0
483.603,382.584,5.572,0.561,315,405,0,0,0,0
489.175,383.145,5.572,0.561,315,405,0,0,0,0
494.747,383.706,5.572,0.561,315,405,0,0,0,0
500.319,384.267,5.572,0.561,315,405,0,0,0,0
505.891,384.828,5.572,0.561,315,405,0,0,0,0
511.462,385.389,5.572,0.561,315,405,0,0,0,0
517.034,385.95,5.572,0.561,315,405,0,0,0,0
522.606,386.511,5.572,0.561,315,405,0,0,0,0
528.178,387.072,5.572,0.561,315,405,0,0,0,0
533.75,387.632,5.572,0.561,315,405,0,0,0,0
539.322,388.193,5.572,0.561,315,405,0,0,0,0
544.894,388.754,5.572,0.561,315,405,0,0,0,0
550.465,389.315,5.572,0.561,315,405,0,0,0,0
556.037,389.876,5.572,0.561,315,405,0,0,0,0
561.609,390.437,5.572,0.561,315,405,0,0,0,0
567.181,390.998,5.572,0.561,315,405,0,0,0,0
572.753,391.559,5.572,0.561,315,405,0,0,0,0
578.325,392.12,5.572,0.561,315,405,0,0,0,0
583.896,392.681,5.572,0.561,315,405,0,0,0,0
589.468,393.242,5.572,0.561,315,405,0,0,0,0
595.04,393.803,5.572,0.561,315,405,0,0,0,0
600.612,394.363,5.572,0.561,315,405,0,0,0,0
606.184,394.924,5.572,0.561,315,400,0,-1,0,0
611.756,395.485,5.572,0.561,315,395,0,-1,0,0
617.327,396.046,5.572,0.561,315,390,0,-1,0,0
622.899,396.607,5.572,0.561,315,385,0,-1,0,0
628.471,397.168,5.572,0.561,315,380,0,-1,0,0
634.043,397.729,5.572,0.561,315,380,0,0,0,0
639.615,398.29,5.572,0.561,315,380,0,0,0,0
645.187,398.851,5.572,0.561,315,380,0,0,0,0
650.758,399.412,5.572,0.561,315,380,0,0,0,0
656.33,399.973,5.572,0.561,315,380,0,0,0,0
661.902,400.534,5.572,0.561,315,380,0,0,0,0
667.474,401.094,5.572,0.561,315,380,0,0,0,0
673.046,401.655,5.572,0.561,315,380,0,0,0,0
678.618,402.216,5.572,0.561,315,380,0,0,0,0
684.189,402.777,5.572,0.561,315,380,0,0,0,0
689.761,403.338,5.572,0.561,315,380,0,0,0,0
695.333,403.899,5.572,0.561,315,380,0,0,0,0
700.905,404.46,5.572,0.561,315,380,0,0,0,0
706.477,405.021,5.572,0.561,315,380,0,0,0,0
712.049,405.582,5.572,0.561,315,380,0,0,0,0
717.62,406.143,5.572,0.561,315,380,0,0,0,0
723.192,406.704,5.572,0.561,315,380,0,0,0,0
728.764,407.265,5.572,0.561,315,380,0,0,0,0
734.336,407.826,5.572,0.561,315,380,0,0,0,0
739.908,408.386,5.572,0.561,315,380,0,0,0,0
745.48,408.947,5.572,0.561,315,380,0,0,0,0
751.051,409.508,5.572,0.561,315,380,0,0,0,0
751.0,410.069,-5.702,-1.517,315,380,0,0,0,0
745.298,408.553,-5.702,-1.517,315,380,0,0,0,0
739.597,407.036,-5.702,-1.517,315,380,0,0,0,0
733.895,405.519,-5.702,-1.517,315,380,0,0,0,0
728.193,404.002,-5.702,-1.517,315,380,0,0,0,0
722.491,402.486,-5.702,-1.517,315,380,0,0,0,0
716.79,400.969,-5.702,-1.517,315,380,0,0,0,0
711.088,399.452,-5.702,-1.517,315,380,0,0,0,0
705.386,397.936,-5.702,-1.517,315,380,0,0,0,0
699.685,396.419,-5.702,-1.517,315,380,0,0,0,0
693.983,394.902,-5.702,-1.517,315,380,0,0,0,0
688.281,393.385,-5.702,-1.517,315,380,0,0,0,0
682.579,391.869,-5.702,-1.517,315,380,0,0,0,0
676.878,390.352,-5.702,-1.517,315,380,0,0,0,0
671.176,388.835,-5.702,-1.517,315,380,0,0,0,0
665.474,387.319,-5.702,-1.517,315,380,0,0,0,0
659.772,385.802,-5.702,-1.517,315,380,0,0,0,0
654.071,384.285,-5.702,-1.517,310,380,-1,0,0,0
648.369,382.769,-5.702,-1.517,305,380,-1,0,0,0
642.667,381.252,-5.702,-1.517,300,380,-1,0,0,0
636.966,379.735,-5.702,-1.517,295,380,-1,0,0,0
631.264,378.218,-5.702,-1.517,290,380,-1,0,0,0
625.562,376.702,-5.702,-1.517,285,380,-1,0,0,0
619.86,375.185,-5.702,-1.517,280,380,-1,0,0,0
614.159,373.668,-5.702,-1.517,275,380,-1,0,0,0
608.457,372.152,-5.702,-1.517,270,380,-1,0,0,0
602.755,370.635,-5.702,-1.517,265,380,-1,0,0,0
597.054,369.118,-5.702,-1.517,265,380,0,0,0,0
591.352,367.601,-5.702,-1.517,265,380,0,0,0,0
585.65,366.085,-5.702,-1.517,265,380,0,0,0,0
579.948,364.568,-5.702,-1.517,265,380,0,0,0,0
574.247,363.051,-5.702,-1.517,265,380,0,0,0,0
568.545,361.535,-5.702,-1.517,265,380,0,0,0,0
562.843,360.018,-5.702,-1.517,265,380,0,0,0,0
557.142,358.501,-5.702,-1.517,265,380,0,0,0,0
551.44,356.985,-5.702,-1.517,265,380,0,0,0,0
545.738,355.468,-5.702,-1.517,265,380,0,0,0,0
540.036,353.951,-5.702,-1.517,265,380,0,0,0,0
534.335,352.434,-5.702,-1.517,265,380,0,0,0,0
528.633,350.918,-5.702,-1.517,265,380,0,0,0,0
522.931,349.401,-5.702,-1.517,265,380,0,0,0,0
517.229,347.884,-5.702,-1.517,265,380,0,0,0,0
511.528,346.368,-5.702,-1.517,265,380,0,0,0,0
505.826,344.851,-5.702,-1.517,265,380,0,0,0,0
500.124,343.334,-5.702,-1.517,265,380,0,0,0,0
494.423,341.818,-5.702,-1.517,265,380,0,0,0,0
488.721,340.301,-5.702,-1.517,265,380,0,0,0,0
483.019,338.784,-5.702,-1.517,265,380,0,0,0,0
477.317,337.267,-5.702,-1.517,265,380,0,0,0,0
471.616,335.751,-5.702,-1.517,265,380,0,0,0,0
465.914,334.234,-5.702,-1.517,265,380,0,0,0,0
460.212,332.717,-5.702,-1.517,265,380,0,0,0,0
454.511,331.201,-5.702,-1.517,265,380,0,0,0,0
448.809,329.684,-5.702,-1.517,265,380,0,0,0,0
443.107,328.167,-5.702,-1.517,265,380,0,0,0,0
437.405,326.65,-5.702,-1.517,265,380,0,0,0,0
431.704,325.134,-5.702,-1.517,265,380,0,0,0,0
426.002,323.617,-5.702,-1.517,265,380,0,0,0,0
420.3,322.1,-5.702,-1.517,265,380,0,0,0,0
414.599,320.584,-5.702,-1.517,265,380,0,0,0,0
408.897,319.067,-5.702,-1.517,260,380,-1,0,0,0
403.195,317.55,-5.702,-1.517,255,380,-1,0,0,0
397.493,316.034,-5.702,-1.517,250,380,-1,0,0,0
391.792,314.517,-5.702,-1.517,245,380,-1,0,0,0
386.09,313.0,-5.702,-1.517,240,380,-1,0,0,0
380.388,311.483,-5.702,-1.517,235,380,-1,0,0,0
374.686,309.967,-5.702,-1.517,230,380,-1,0,0,0
368.985,308.45,-5.702,-1.517,225,380,-1,0,0,0
363.283,306.933,-5.702,-1.517,225,380,0,0,0,0
357.581,305.417,-5.702,-1.517,225,380,0,0,0,0
351.88,303.9,-5.702,-1.517,225,380,0,0,0,0
346.178,302.383,-5.702,-1.517,225,380,0,0,0,0
340.476,300.866,-5.702,-1.517,225,380,0,0,0,0
334.774,299.35,-5.702,-1.517,225,380,0,0,0,0
329.073,297.833,-5.702,-1.517,225,380,0,0,0,0
323.371,296.316,-5.702,-1.517,225,380,0,0,0,0
317.669,294.8,-5.702,-1.517,225,380,0,0,0,0
311.968,293.283,-5.702,-1.517,225,380,0,0,0,0
306.266,291.766,-5.702,-1.517,225,380,0,0,0,0
300.564,290.25,-5.702,-1.517,225,380,0,0,0,0
294.862,288.733,-5.702,-1.517,225,380,0,0,0,0
289.161,287.216,-5.702,-1.517,225,380,0,0,0,0
283.459,285.699,-5.702,-1.517,225,380,0,0,0,0
277.757,284.183,-5.702,-1.517,225,380,0,0,0,0
272.056,282.666,-5.702,-1.517,220,380,-1,0,0,0
266.354,281.149,-5.702,-1.517,215,380,-1,0,0,0
260.652,279.633,-5.702,-1.517,210,380,-1,0,0,0
254.95,278.116,-5.702,-1.517,205,380,-1,0,0,0
249.249,276.599,-5.702,-1.517,200,380,-1,0,0,0
243.547,275.083,-5.702,-1.517,195,380,-1,0,0,0
237.845,273.566,-5.702,-1.517,195,380,0,0,0,0
232.144,272.049,-5.702,-1.517,195,380,0,0,0,0
226.442,270.532,-5.702,-1.517,195,380,0,0,0,0
220.74,269.016,-5.702,-1.517,195,375,0,-1,0,0
215.038,267.499,-5.702,-1.517,195,370,0,-1,0,0
209.337,265.982,-5.702,-1.517,195,365,0,-1,0,0
203.635,264.466,-5.702,-1.517,195,360,0,-1,0,0
197.933,262.949,-5.702,-1.517,195,355,0,-1,0,0
192.231,261.432,-5.702,-1.517,195,350,0,-1,0,0
186.53,259.915,-5.702,-1.517,195,345,0,-1,0,0
180.828,258.399,-5.702,-1.517,195,345,0,0,0,0
175.126,256.882,-5.702,-1.517,195,345,0,0,0,0
169.425,255.365,-5.702,-1.517,195,345,0,0,0,0
163.723,253.849,-5.702,-1.517,195,345,0,0,0,0
158.021,252.332,-5.702,-1.517,195,345,0,0,0,0
152.319,250.815,-5.702,-1.517,195,345,0,0,0,0
146.618,249.299,-5.702,-1.517,195,345,0,0,0,0
140.916,247.782,-5.702,-1.517,195,345,0,0,0,0
135.214,246.265,-5.702,-1.517,195,345,0,0,0,0
129.513,244.748,-5.702,-1.517,195,345,0,0,0,0
123.811,243.232,-5.702,-1.517,195,345,0,0,0,0
118.109,241.715,-5.702,-1.517,195,345,0,0,0,0
112.407,240.198,-5.702,-1.517,195,340,0,-1,0,0
106.706,238.682,-5.702,-1.517,195,335,0,-1,0,0
101.004,237.165,-5.702,-1.517,195,330,0,-1,0,0
95.302,235.648,-5.702,-1.517,195,325,0,-1,0,0
89.601,234.132,-5.702,-1.517,195,320,0,-1,0,0
83.899,232.615,-5.702,-1.517,195,315,0,-1,0,0
78.197,231.098,-5.702,-1.517,195,310,0,-1,0,0
72.495,229.581,-5.702,-1.517,190,305,-1,-1,0,0
66.794,228.065,-5.702,-1.517,185,300,-1,-1,0,0
61.092,226.548,-5.702,-1.517,180,295,-1,-1,0,0
55.39,225.031,-5.702,-1.517,175,290,-1,-1,0,0
49.688,223.515,-5.702,-1.517,170,285,-1,-1,0,0
49.0,221.998,5.596,2.669,165,280,-1,-1,0,0
54.596,224.667,5.596,2.669,160,275,-1,-1,0,0
60.192,227.336,5.596,2.669,155,270,-1,-1,0,0
65.789,230.004,5.596,2.669,150,265,-1,-1,0,0
71.385,232.673,5.596,2.669,145,260,-1,-1,0,0
76.981,235.342,5.596,2.669,140,255,-1,-1,0,0
82.577,238.011,5.596,2.669,135,250,-1,-1,0,0
88.173,240.68,5.596,2.669,130,245,-1,-1,0,0
93.769,243.349,5.596,2.669,125,240,-1,-1,0,0
99.366,246.018,5.596,2.669,120,235,-1,-1,0,0
104.962,248.686,5.596,2.669,115,230,-1,-1,0,0
110.558,251.355,5.596,2.669,110,230,-1,0,0,0
116.154,254.024,5.596,2.669,105,230,-1,0,0,0
121.75,256.693,5.596,2.669,105,230,0,0,0,0
127.346,259.362,5.596,2.669,105,230,0,0,0,0
132.943,262.031,5.596,2.669,105,230,0,0,0,0
138.539,264.7,5.596,2.669,105,230,0,0,0,0
144.135,267.368,5.596,2.669,105,230,0,0,0,0
149.731,270.037,5.596,2.669,105,230,0,0,0,0
155.327,272.706,5.596,2.669,105,230,0,0,0,0
160.924,275.375,5.596,2.669,105,230,0,0,0,0
166.52,278.044,5.596,2.669,105,230,0,0,0,0
172.116,280.713,5.596,2.669,105,230,0,0,0,0
177.712,283.382,5.596,2.669,105,230,0,0,0,0
183.308,286.05,5.596,2.669,105,230,0,0,0,0
188.904,288.719,5.596,2.669,105,230,0,0,0,0
194.501,291.388,5.596,2.669,105,230,0,0,0,0
200.097,294.057,5.596,2.669,110,230,1,0,0,0
205.693,296.726,5.596,2.669,115,235,1,1,0,0
211.289,299.395,5.596,2.669,120,240,1,1,0,0
216.885,302.064,5.596,2.669,125,245,1,1,0,0
222.481,304.732,5.596,2.669,130,250,1,1,0,0
228.078,307.401,5.596,2.669,135,255,1,1,0,0
233.674,310.07,5.596,2.669,140,260,1,1,0,0
239.27,312.739,5.596,2.669,145,265,1,1,0,0
244.866,315.408,5.596,2.669,150,270,1,1,0,0
250.462,318.077,5.596,2.669,155,275,1,1,0,0
256.059,320.746,5.596,2.669,155,280,0,1,0,0
261.655,323.414,5.596,2.669,155,285,0,1,0,0
267.251,326.083,5.596,2.669,155,290,0,1,0,0
272.847,328.752,5.596,2.669,155,295,0,1,0,0
278.443,331.421,5.596,2.669,155,300,0,1,0,0
284.039,334.09,5.596,2.669,155,305,0,1,0,0
289.636,336.759,5.596,2.669,155,310,0,1,0,0
295.232,339.428,5.596,2.669,155,315,0,1,0,0
300.828,342.096,5.596,2.669,155,320,0,1,0,0
306.424,344.765,5.596,2.669,155,325,0,1,0,0
312.02,347.434,5.596,2.669,155,330,0,1,0,0
317.617,350.103,5.596,2.669,155,335,0,1,0,0
323.213,352.772,5.596,2.669,155,340,0,1,0,0
328.809,355.441,5.596,2.669,155,345,0,1,0,0
334.405,358.11,5.596,2.669,155,350,0,1,0,0
340.001,360.778,5.596,2.669,155,355,0,1,0,0
345.597,363.447,5.596,2.669,155,360,0,1,0,0
351.194,366.116,5.596,2.669,155,365,0,1,0,0
356.79,368.785,5.596,2.669,155,370,0,1,0,0
362.386,371.454,5.596,2.669,155,375,0,1,0,0
367.982,374.123,5.596,2.669,155,380,0,1,0,0
373.578,376.792,5.596,2.669,155,385,0,1,0,0
379.174,379.46,5.596,2.669,155,390,0,1,0,0
384.771,382.129,5.596,2.669,155,395,0,1,0,0
390.367,384.798,5.596,2.669,155,400,0,1,0,0
395.963,387.467,5.596,2.669,155,405,0,1,0,0
401.559,390.136,5.596,2.669,155,410,0,1,0,0
407.155,392.805,5.596,2.669,155,415,0,1,0,0
412.752,395.474,5.596,2.669,155,420,0,1,0,0
418.348,398.142,5.596,2.669,155,425,0,1,0,0
423.944,400.811,5.596,2.669,160,430,1,1,0,0
429.54,403.48,5.596,2.669,165,435,1,1,0,0
435.136,406.149,5.596,2.669,170,440,1,1,0,0
440.732,408.818,5.596,2.669,175,445,1,1,0,0
446.329,411.487,5.596,2.669,180,450,1,1,0,0
451.925,414.156,5.596,2.669,185,455,1,1,0,0
457.521,416.824,5.596,2.669,190,460,1,1,0,0
463.117,419.493,5.596,2.669,195,465,1,1,0,0
468.713,422.162,5.596,2.669,200,470,1,1,0,0
474.309,424.831,5.596,2.669,205,475,1,1,0,0
479.906,427.5,5.596,2.669,210,480,1,1,0,0
485.502,430.169,5.596,2.669,215,485,1,1,0,0
491.098,432.838,5.596,2.669,220,490,1,1,0,0
496.694,435.506,5.596,2.669,225,490,1,0,0,0
502.29,438.175,5.596,2.669,230,490,1,0,0,0
507.887,440.844,5.596,2.669,235,490,1,0,0,0
513.483,443.513,5.596,2.669,240,490,1,0,0,0
519.079,446.182,5.596,2.669,245,490,1,0,0,0
524.675,448.851,5.596,2.669,250,490,1,0,0,0
530.271,451.52,5.596,2.669,255,490,1,0,0,0
535.867,454.188,5.596,2.669,255,490,0,0,0,0
541.464,456.857,5.596,2.669,255,490,0,0,0,0
547.06,459.526,5.596,2.669,255,490,0,0,0,0
552.656,462.195,5.596,2.669,255,490,0,0,0,0
558.252,464.864,5.596,2.669,255,490,0,0,0,0
563.848,467.533,5.596,2.669,255,490,0,0,0,0
569.444,470.202,5.596,2.669,255,490,0,0,0,0
575.041,472.87,5.596,2.669,255,490,0,0,0,0
580.637,475.539,5.596,2.669,255,490,0,0,0,0
586.233,478.208,5.596,2.669,255,490,0,0,0,0
591.829,480.877,5.596,2.669,255,490,0,0,0,0
597.425,483.546,5.596,2.669,255,490,0,0,0,0
603.022,486.215,5.596,2.669,255,490,0,0,0,0
608.618,488.884,5.596,2.669,255,490,0,0,0,0
614.214,491.552,5.596,2.669,255,490,0,0,0,0
619.81,494.221,5.596,2.669,255,490,0,0,0,0
625.406,496.89,5.596,2.669,255,490,0,0,0,0
631.002,499.559,5.596,2.669,255,490,0,0,0,0
636.599,502.228,5.596,2.669,255,490,0,0,0,0
642.195,504.897,5.596,2.669,260,495,1,1,0,0
647.791,507.566,5.596,2.669,265,500,1,1,0,0
653.387,510.234,5.596,2.669,270,505,1,1,0,0
658.983,512.903,5.596,2.669,275,510,1,1,0,0
664.579,515.572,5.596,2.669,280,515,1,1,0,0
670.176,518.241,5.596,2.669,280,520,0,1,0,0
675.772,520.91,5.596,2.669,280,520,0,1,0,0
681.368,523.579,5.596,2.669,280,520,0,0,0,0
686.964,526.248,5.596,2.669,280,520,0,0,0,0
692.56,528.916,5.596,2.669,280,520,0,0,0,0
698.157,531.585,5.596,2.669,280,520,0,0,0,0
703.753,534.254,5.596,2.669,280,520,0,0,0,0
709.349,536.923,5.596,2.669,280,520,0,0,0,0
714.945,539.592,5.596,2.669,280,520,0,0,0,0
720.541,542.261,5.596,2.669,280,520,0,0,0,0
726.137,544.93,5.596,2.669,280,520,0,0,0,0
731.734,547.598,5.596,2.669,280,520,0,0,0,0
737.33,550.267,5.596,2.669,280,520,0,0,0,0
742.926,552.936,5.596,2.669,280,520,0,0,0,0
748.522,555.605,5.596,2.669,280,520,0,0,0,0
751.0,558.274,-6.493,-0.294,280,520,0,0,0,0
744.507,557.98,-6.493,-0.294,280,520,0,0,0,0
738.013,557.687,-6.493,-0.294,280,520,0,0,0,0
731.52,557.393,-6.493,-0.294,280,520,0,0,0,0
725.027,557.099,-6.493,-0.294,280,520,0,0,0,0
718.533,556.806,-6.493,-0.294,280,520,0,0,0,0
712.04,556.512,-6.493,-0.294,280,520,0,0,0,0
705.546,556.219,-6.493,-0.294,280,520,0,0,0,0
699.053,555.925,-6.493,-0.294,280,520,0,0,0,0
692.56,555.631,-6.493,-0.294,280,520,0,0,0,0
686.066,555.338,-6.493,-0.294,280,520,0,0,0,0
679.573,555.044,-6.493,-0.294,280,520,0,0,0,0
673.08,554.75,-6.493,-0.294,280,520,0,0,0,0
666.586,554.457,-6.493,-0.294,280,520,0,0,0,0
660.093,554.163,-6.493,-0.294,280,520,0,0,0,0
653.6,553.869,-6.493,-0.294,280,520,0,0,0,0
647.106,553.576,-6.493,-0.294,280,520,0,0,0,0
640.613,553.282,-6.493,-0.294,280,520,0,0,0,0
634.119,552.989,-6.493,-0.294,280,520,0,0,0,0
627.626,552.695,-6.493,-0.294,280,520,0,0,0,0
621.133,552.401,-6.493,-0.294,280,520,0,0,0,0
614.639,552.108,-6.493,-0.294,280,520,0,0,0,0
608.146,551.814,-6.493,-0.294,280,520,0,0,0,0
601.653,551.52,-6.493,-0.294,280,520,0,0,0,0
595.159,551.227,-6.493,-0.294,285,520,1,0,0,0
588.666,550.933,-6.493,-0.294,290,520,1,0,0,0
582.173,550.64,-6.493,-0.294,295,520,1,0,0,0
575.679,550.346,-6.493,-0.294,300,520,1,0,0,0
569.186,550.052,-6.493,-0.294,305,520,1,0,0,0
562.692,549.759,-6.493,-0.294,310,520,1,0,0,0
556.199,549.465,-6.493,-0.294,315,520,1,0,0,0
549.706,549.171,-6.493,-0.294,320,520,1,0,0,0
543.212,548.878,-6.493,-0.294,325,520,1,0,0,0
536.719,548.584,-6.493,-0.294,330,520,1,0,0,0
530.226,548.291,-6.493,-0.294,335,520,1,0,0,0
523.732,547.997,-6.493,-0.294,340,520,1,0,0,0
517.239,547.703,-6.493,-0.294,345,520,1,0,0,0
510.746,547.41,-6.493,-0.294,350,520,1,0,0,0
504.252,547.116,-6.493,-0.294,355,520,1,0,0,0
497.759,546.822,-6.493,-0.294,360,520,1,0,0,0
491.265,546.529,-6.493,-0.294,365,520,1,0,0,0
484.772,546.235,-6.493,-0.294,370,520,1,0,0,0
478.279,545.942,-6.493,-0.294,375,520,1,0,0,0
471.785,545.648,-6.493,-0.294,380,520,1,0,0,0
465.292,545.354,-6.493,-0.294,385,520,1,0,0,0
458.799,545.061,-6.493,-0.294,390,520,1,0,0,0
452.305,544.767,-6.493,-0.294,395,520,1,0,0,0
445.812,544.473,-6.493,-0.294,400,520,1,0,0,0
439.319,544.18,-6.493,-0.294,405,520,1,0,0,0
432.825,543.886,-6.493,-0.294,410,520,1,0,0,0
426.332,543.593,-6.493,-0.294,415,520,1,0,0,0
419.838,543.299,-6.493,-0.294,420,520,1,0,0,0
413.345,543.005,-6.493,-0.294,425,520,1,0,0,0
406.852,542.712,-6.493,-0.294,430,520,1,0,0,0
400.358,542.418,-6.493,-0.294,435,520,1,0,0,0
393.865,542.124,-6.493,-0.294,440,520,1,0,0,0
387.372,541.831,-6.493,-0.294,445,520,1,0,0,0
380.878,541.537,-6.493,-0.294,450,520,1,0,0,0
374.385,541.244,-6.493,-0.294,455,520,1,0,0,0
367.891,540.95,-6.493,-0.294,460,520,1,0,0,0
361.398,540.656,-6.493,-0.294,465,520,1,0,0,0
354.905,540.363,-6.493,-0.294,470,520,1,0,0,0
348.411,540.069,-6.493,-0.294,475,520,1,0,0,0
341.918,539.775,-6.493,-0.294,480,520,1,0,0,0
335.425,539.482,-6.493,-0.294,485,520,1,0,0,0
328.931,539.188,-6.493,-0.294,490,520,1,0,0,0
322.438,538.894,-6.493,-0.294,490,520,0,0,0,0
315.945,538.601,-6.493,-0.294,490,520,0,0,0,0
309.451,538.307,-6.493,-0.294,490,520,0,0,0,0
302.958,538.014,-6.493,-0.294,490,520,0,0,0,0
296.464,537.72,-6.493,-0.294,490,520,0,0,0,0
289.971,537.426,-6.493,-0.294,490,520,0,0,0,0
283.478,537.133,-6.493,-0.294,490,520,0,0,0,0
276.984,536.839,-6.493,-0.294,490,520,0,0,0,0
270.491,536.545,-6.493,-0.294,490,520,0,0,0,0
263.998,536.252,-6.493,-0.294,490,520,0,0,0,0
257.504,535.958,-6.493,-0.294,490,520,0,0,0,0
251.011,535.665,-6.493,-0.294,490,520,0,0,0,0
244.518,535.371,-6.493,-0.294,490,520,0,0,0,0
238.024,535.077,-6.493,-0.294,490,520,0,0,0,0
231.531,534.784,-6.493,-0.294,490,520,0,0,0,0
225.037,534.49,-6.493,-0.294,490,520,0,0,0,0
218.544,534.196,-6.493,-0.294,490,520,0,0,0,0
212.051,533.903,-6.493,-0.294,490,520,0,0,0,0
205.557,533.609,-6.493,-0.294,490,520,0,0,0,0
199.064,533.316,-6.493,-0.294,490,520,0,0,0,0
192.571,533.022,-6.493,-0.294,490,520,0,0,0,0
186.077,532.728,-6.493,-0.294,490,520,0,0,0,0
179.584,532.435,-6.493,-0.294,490,520,0,0,0,0
173.091,532.141,-6.493,-0.294,490,520,0,0,0,0
166.597,531.847,-6.493,-0.294,490,520,0,0,0,0
160.104,531.554,-6.493,-0.294,490,520,0,0,0,0
153.61,531.26,-6.493,-0.294,490,520,0,0,0,0
147.117,530.967,-6.493,-0.294,490,520,0,0,0,0
140.624,530.673,-6.493,-0.294,490,520,0,0,0,0
134.13,530.379,-6.493,-0.294,490,520,0,0,0,0
127.637,530.086,-6.493,-0.294,490,520,0,0,0,0
121.144,529.792,-6.493,-0.294,490,520,0,0,0,0
114.65,529.498,-6.493,-0.294,490,520,0,0,0,0
108.157,529.205,-6.493,-0.294,490,520,0,0,0,0
101.664,528.911,-6.493,-0.294,490,520,0,0,0,0
95.17,528.618,-6.493,-0.294,490,520,0,0,0,0
88.677,528.324,-6.493,-0.294,490,520,0,0,0,0
82.183,528.03,-6.493,-0.294,490,520,0,0,0,0
75.69,527.737,-6.493,-0.294,490,520,0,0,0,0
69.197,527.443,-6.493,-0.294,490,520,0,0,0,0
62.703,527.149,-6.493,-0.294,490,520,0,0,0,0
56.21,526.856,-6.493,-0.294,490,520,0,0,0,0
49.717,526.562,-6.493,-0.294,490,520,0,0,0,0
49.0,526.269,6.768,-0.663,490,520,0,0,0,0
55.768,525.605,6.768,-0.663,490,520,0,0,0,0
62.535,524.942,6.768,-0.663,490,520,0,0,0,0
69.303,524.279,6.768,-0.663,490,520,0,0,0,0
76.07,523.616,6.768,-0.663,490,520,0,0,0,0
82.838,522.952,6.768,-0.663,490,520,0,0,0,0
89.605,522.289,6.768,-0.663,490,520,0,0,0,0
96.373,521.626,6.768,-0.663,490,520,0,0,0,0
103.141,520.963,6.768,-0.663,490,520,0,0,0,0
109.908,520.299,6.768,-0.663,490,520,0,0,0,0
116.676,519.636,6.768,-0.663,490,520,0,0,0,0
123.443,518.973,6.768,-0.663,490,520,0,0,0,0
130.211,518.31,6.768,-0.663,490,515,0,-1,0,0
136.979,517.646,6.768,-0.663,490,510,0,-1,0,0
143.746,516.983,6.768,-0.663,490,505,0,-1,0,0
150.514,516.32,6.768,-0.663,490,500,0,-1,0,0
157.281,515.657,6.768,-0.663,490,495,0,-1,0,0
164.049,514.993,6.768,-0.663,490,490,0,-1,0,0
170.816,514.33,6.768,-0.663,490,490,0,0,0,0
177.584,513.667,6.768,-0.663,490,490,0,0,0,0
184.352,513.004,6.768,-0.663,490,490,0,0,0,0
191.119,512.341,6.768,-0.663,490,490,0,0,0,0
197.887,511.677,6.768,-0.663,490,490,0,0,0,0
204.654,511.014,6.768,-0.663,490,490,0,0,0,0
211.422,510.351,6.768,-0.663,490,490,0,0,0,0
218.189,509.688,6.768,-0.663,490,485,0,-1,0,0
224.957,509.024,6.768,-0.663,490,480,0,-1,0,0
231.725,508.361,6.768,-0.663,490,475,0,-1,0,0
238.492,507.698,6.768,-0.663,490,470,0,-1,0,0
245.26,507.035,6.768,-0.663,490,465,0,-1,0,0
252.027,506.371,6.768,-0.663,490,460,0,-1,0,0
258.795,505.708,6.768,-0.663,490,455,0,-1,0,0
265.563,505.045,6.768,-0.663,490,450,0,-1,0,0
272.33,504.382,6.768,-0.663,490,450,0,0,0,0
279.098,503.718,6.768,-0.663,490,450,0,0,0,0
285.865,503.055,6.768,-0.663,490,450,0,0,0,0
292.633,502.392,6.768,-0.663,490,450,0,0,0,0
299.4,501.729,6.768,-0.663,490,450,0,0,0,0
306.168,501.065,6.768,-0.663,490,450,0,0,0,0
312.936,500.402,6.768,-0.663,490,450,0,0,0,0
319.703,499.739,6.768,-0.663,490,450,0,0,0,0
326.471,499.076,6.768,-0.663,490,450,0,0,0,0
333.238,498.412,6.768,-0.663,490,450,0,0,0,0
340.006,497.749,6.768,-0.663,490,450,0,0,0,0
346.773,497.086,6.768,-0.663,490,450,0,0,0,0
353.541,496.423,6.768,-0.663,490,450,0,0,0,0
360.309,495.76,6.768,-0.663,490,450,0,0,0,0
367.076,495.096,6.768,-0.663,490,450,0,0,0,0
373.844,494.433,6.768,-0.663,490,445,0,-1,0,0
380.611,493.77,6.768,-0.663,490,440,0,-1,0,0
387.379,493.107,6.768,-0.663,490,435,0,-1,0,0
394.146,492.443,6.768,-0.663,490,430,0,-1,0,0
400.914,491.78,6.768,-0.663,490,425,0,-1,0,0
407.682,491.117,6.768,-0.663,490,425,0,0,0,0
414.449,490.454,6.768,-0.663,490,425,0,0,0,0
421.217,489.79,6.768,-0.663,490,425,0,0,0,0
427.984,489.127,6.768,-0.663,490,425,0,0,0,0
434.752,488.464,6.768,-0.663,490,425,0,0,0,0
441.52,487.801,6.768,-0.663,490,425,0,0,0,0
448.287,487.137,6.768,-0.663,490,425,0,0,0,0
455.055,486.474,6.768,-0.663,490,425,0,0,0,0
461.822,485.811,6.768,-0.663,490,425,0,0,0,0
468.59,485.148,6.768,-0.663,490,425,0,0,0,0
475.357,484.484,6.768,-0.663,490,425,0,0,0,0
482.125,483.821,6.768,-0.663,490,425,0,0,0,0
488.893,483.158,6.768,-0.663,490,425,0,0,0,0
495.66,482.495,6.768,-0.663,490,425,0,0,0,0
502.428,481.832,6.768,-0.663,490,425,0,0,0,0
509.195,481.168,6.768,-0.663,490,425,0,0,0,0
515.963,480.505,6.768,-0.663,490,425,0,0,0,0
522.73,479.842,6.768,-0.663,490,425,0,0,0,0
529.498,479.179,6.768,-0.663,490,425,0,0,0,0
536.266,478.515,6.768,-0.663,490,425,0,0,0,0
543.033,477.852,6.768,-0.663,490,425,0,0,0,0
549.801,477.189,6.768,-0.663,490,425,0,0,0,0
556.568,476.526,6.768,-0.663,490,425,0,0,0,0
563.336,475.862,6.768,-0.663,490,425,0,0,0,0
570.104,475.199,6.768,-0.663,490,425,0,0,0,0
576.871,474.536,6.768,-0.663,490,425,0,0,0,0
583.639,473.873,6.768,-0.663,490,425,0,0,0,0
590.406,473.209,6.768,-0.663,490,425,0,0,0,0
597.174,472.546,6.768,-0.663,490,425,0,0,0,0
603.941,471.883,6.768,-0.663,490,425,0,0,0,0
610.709,471.22,6.768,-0.663,490,425,0,0,0,0
617.477,470.556,6.768,-0.663,490,425,0,0,0,0
624.244,469.893,6.768,-0.663,490,425,0,0,0,0
631.012,469.23,6.768,-0.663,490,425,0,0,0,0
637.779,468.567,6.768,-0.663,490,425,0,0,0,0
644.547,467.904,6.768,-0.663,490,425,0,0,0,0
651.314,467.24,6.768,-0.663,490,425,0,0,0,0
658.082,466.577,6.768,-0.663,490,425,0,0,0,0
664.85,465.914,6.768,-0.663,490,425,0,0,0,0
671.617,465.251,6.768,-0.663,490,425,0,0,0,0
678.385,464.587,6.768,-0.663,490,425,0,0,0,0
685.152,463.924,6.768,-0.663,485,425,-1,0,0,0
691.92,463.261,6.768,-0.663,480,425,-1,0,0,0
698.688,462.598,6.768,-0.663,475,425,-1,0,0,0
705.455,461.934,6.768,-0.663,470,425,-1,0,0,0
712.223,461.271,6.768,-0.663,465,425,-1,0,0,0
718.99,460.608,6.768,-0.663,460,425,-1,0,0,0
725.758,459.945,6.768,-0.663,460,425,0,0,0,0
732.525,459.281,6.768,-0.663,460,425,0,0,0,0
739.293,458.618,6.768,-0.663,460,425,0,0,0,0
746.061,457.955,6.768,-0.663,460,425,0,0,0,0
752.828,457.292,6.768,-0.663,460,425,0,0,0,0
751.0,456.628,-6.93,-1.544,460,425,0,0,0,0
744.07,455.085,-6.93,-1.544,460,425,0,0,0,0
737.14,453.541,-6.93,-1.544,460,425,0,0,0,0
730.21,451.998,-6.93,-1.544,460,425,0,0,0,0
723.279,450.454,-6.93,-1.544,460,425,0,0,0,0
716.349,448.91,-6.93,-1.544,455,425,-1,0,0,0
709.419,447.367,-6.93,-1.544,450,425,-1,0,0,0
702.489,445.823,-6.93,-1.544,445,425,-1,0,0,0
695.559,444.279,-6.93,-1.544,440,425,-1,0,0,0
688.629,442.736,-6.93,-1.544,435,425,-1,0,0,0
681.698,441.192,-6.93,-1.544,430,425,-1,0,0,0
674.768,439.648,-6.93,-1.544,425,420,-1,-1,0,0
667.838,438.105,-6.93,-1.544,420,415,-1,-1,0,0
660.908,436.561,-6.93,-1.544,415,410,-1,-1,0,0
653.978,435.017,-6.93,-1.544,410,405,-1,-1,0,0
647.048,433.474,-6.93,-1.544,405,400,-1,-1,0,0
640.117,431.93,-6.93,-1.544,400,395,-1,-1,0,0
633.187,430.386,-6.93,-1.544,395,390,-1,-1,0,0
626.257,428.843,-6.93,-1.544,390,385,-1,-1,0,0
619.327,427.299,-6.93,-1.544,385,385,-1,0,0,0
612.397,425.756,-6.93,-1.544,380,385,-1,0,0,0
605.467,424.212,-6.93,-1.544,375,385,-1,0,0,0
598.536,422.668,-6.93,-1.544,370,385,-1,0,0,0
591.606,421.125,-6.93,-1.544,365,385,-1,0,0,0
584.676,419.581,-6.93,-1.544,360,385,-1,0,0,0
577.746,418.037,-6.93,-1.544,355,385,-1,0,0,0
570.816,416.494,-6.93,-1.544,350,385,-1,0,0,0
563.886,414.95,-6.93,-1.544,350,385,0,0,0,0
556.955,413.406,-6.93,-1.544,350,385,0,0,0,0
550.025,411.863,-6.93,-1.544,350,385,0,0,0,0
543.095,410.319,-6.93,-1.544,350,385,0,0,0,0
536.165,408.775,-6.93,-1.544,350,385,0,0,0,0
529.235,407.232,-6.93,-1.544,350,385,0,0,0,0
522.305,405.688,-6.93,-1.544,350,385,0,0,0,0
515.374,404.144,-6.93,-1.544,350,385,0,0,0,0
508.444,402.601,-6.93,-1.544,350,385,0,0,0,0
501.514,401.057,-6.93,-1.544,350,385,0,0,0,0
494.584,399.513,-6.93,-1.544,345,385,-1,0,0,0
487.654,397.97,-6.93,-1.544,340,385,-1,0,0,0
480.724,396.426,-6.93,-1.544,335,385,-1,0,0,0
473.794,394.883,-6.93,-1.544,330,385,-1,0,0,0
466.863,393.339,-6.93,-1.544,325,385,-1,0,0,0
459.933,391.795,-6.93,-1.544,320,385,-1,0,0,0
453.003,390.252,-6.93,-1.544,315,380,-1,-1,0,0
446.073,388.708,-6.93,-1.544,310,375,-1,-1,0,0
439.143,387.164,-6.93,-1.544,305,370,-1,-1,0,0
432.213,385.621,-6.93,-1.544,300,365,-1,-1,0,0
425.282,384.077,-6.93,-1.544,300,360,0,-1,0,0
418.352,382.533,-6.93,-1.544,300,355,0,-1,0,0
411.422,380.99,-6.93,-1.544,300,350,0,-1,0,0
404.492,379.446,-6.93,-1.544,300,345,0,-1,0,0
397.562,377.902,-6.93,-1.544,300,345,0,0,0,0
390.632,376.359,-6.93,-1.544,300,345,0,0,0,0
383.701,374.815,-6.93,-1.544,300,345,0,0,0,0
376.771,373.271,-6.93,-1.544,300,345,0,0,0,0
369.841,371.728,-6.93,-1.544,300,345,0,0,0,0
362.911,370.184,-6.93,-1.544,300,345,0,0,0,0
355.981,368.641,-6.93,-1.544,300,345,0,0,0,0
349.051,367.097,-6.93,-1.544,295,345,-1,0,0,0
342.12,365.553,-6.93,-1.544,290,345,-1,0,0,0
335.19,364.01,-6.93,-1.544,285,345,-1,0,0,0
328.26,362.466,-6.93,-1.544,280,345,-1,0,0,0
321.33,360.922,-6.93,-1.544,275,345,-1,0,0,0
314.4,359.379,-6.93,-1.544,270,345,-1,0,0,0
307.47,357.835,-6.93,-1.544,265,345,-1,0,0,0
300.539,356.291,-6.93,-1.544,260,345,-1,0,0,0
293.609,354.748,-6.93,-1.544,255,345,-1,0,0,0
286.679,353.204,-6.93,-1.544,255,345,0,0,0,0
279.749,351.66,-6.93,-1.544,255,345,0,0,0,0
272.819,350.117,-6.93,-1.544,255,345,0,0,0,0
265.889,348.573,-6.93,-1.544,255,345,0,0,0,0
258.958,347.029,-6.93,-1.544,255,345,0,0,0,0
252.028,345.486,-6.93,-1.544,255,345,0,0,0,0
245.098,343.942,-6.93,-1.544,255,345,0,0,0,0
238.168,342.398,-6.93,-1.544,255,345,0,0,0,0
231.238,340.855,-6.93,-1.544,255,345,0,0,0,0
224.308,339.311,-6.93,-1.544,255,345,0,0,0,0
217.378,337.768,-6.93,-1.544,255,345,0,0,0,0
210.447,336.224,-6.93,-1.544,255,345,0,0,0,0
203.517,334.68,-6.93,-1.544,255,345,0,0,0,0
196.587,333.137,-6.93,-1.544,255,345,0,0,0,0
189.657,331.593,-6.93,-1.544,255,345,0,0,0,0
182.727,330.049,-6.93,-1.544,255,345,0,0,0,0
175.797,328.506,-6.93,-1.544,255,345,0,0,0,0
168.866,326.962,-6.93,-1.544,255,345,0,0,0,0
161.936,325.418,-6.93,-1.544,255,345,0,0,0,0
155.006,323.875,-6.93,-1.544,255,345,0,0,0,0
148.076,322.331,-6.93,-1.544,255,345,0,0,0,0
141.146,320.787,-6.93,-1.544,255,345,0,0,0,0
134.216,319.244,-6.93,-1.544,255,345,0,0,0,0
127.285,317.7,-6.93,-1.544,255,345,0,0,0,0
120.355,316.156,-6.93,-1.544,255,345,0,0,0,0
113.425,314.613,-6.93,-1.544,255,345,0,0,0,0
106.495,313.069,-6.93,-1.544,255,345,0,0,0,0
99.565,311.526,-6.93,-1.544,255,345,0,0,0,0
92.635,309.982,-6.93,-1.544,255,345,0,0,0,0
85.704,308.438,-6.93,-1.544,255,345,0,0,0,0
78.774,306.895,-6.93,-1.544,255,345,0,0,0,0
71.844,305.351,-6.93,-1.544,255,345,0,0,0,0
64.914,303.807,-6.93,-1.544,255,345,0,0,0,0
57.984,302.264,-6.93,-1.544,255,345,0,0,0,0
51.054,300.72,-6.93,-1.544,255,345,0,0,0,0
49.0,299.176,7.356,0.807,255,345,0,0,0,0
56.356,299.984,7.356,0.807,250,345,-1,0,0,0
63.712,300.791,7.356,0.807,245,345,-1,0,0,0
71.067,301.599,7.356,0.807,240,345,-1,0,0,0
78.423,302.406,7.356,0.807,235,345,-1,0,0,0
85.779,303.214,7.356,0.807,235,345,0,0,0,0
93.135,304.021,7.356,0.807,235,345,0,0,0,0
100.491,304.829,7.356,0.807,235,345,0,0,0,0
107.847,305.636,7.356,0.807,235,345,0,0,0,0
115.202,306.444,7.356,0.807,235,345,0,0,0,0
122.558,307.251,7.356,0.807,235,345,0,0,0,0
129.914,308.059,7.356,0.807,235,345,0,0,0,0
137.27,308.866,7.356,0.807,235,345,0,0,0,0
144.626,309.674,7.356,0.807,235,345,0,0,0,0
151.981,310.481,7.356,0.807,235,345,0,0,0,0
159.337,311.288,7.356,0.807,235,345,0,0,0,0
166.693,312.096,7.356,0.807,235,345,0,0,0,0
174.049,312.903,7.356,0.807,235,345,0,0,0,0
181.405,313.711,7.356,0.807,235,345,0,0,0,0
188.76,314.518,7.356,0.807,235,345,0,0,0,0
196.116,315.326,7.356,0.807,235,345,0,0,0,0
203.472,316.133,7.356,0.807,235,345,0,0,0,0
210.828,316.941,7.356,0.807,235,345,0,0,0,0
218.184,317.748,7.356,0.807,235,345,0,0,0,0
225.54,318.556,7.356,0.807,235,345,0,0,0,0
232.895,319.363,7.356,0.807,235,345,0,0,0,0
240.251,320.171,7.356,0.807,235,345,0,0,0,0
247.607,320.978,7.356,0.807,235,345,0,0,0,0
254.963,321.786,7.356,0.807,235,345,0,0,0,0
262.319,322.593,7.356,0.807,235,345,0,0,0,0
269.674,323.401,7.356,0.807,235,345,0,0,0,0
277.03,324.208,7.356,0.807,235,345,0,0,0,0
284.386,325.016,7.356,0.807,235,345,0,0,0,0
291.742,325.823,7.356,0.807,235,345,0,0,0,0
299.098,326.631,7.356,0.807,235,345,0,0,0,0
306.453,327.438,7.356,0.807,235,345,0,0,0,0
313.809,328.245,7.356,0.807,235,345,0,0,0,0
321.165,329.053,7.356,0.807,235,345,0,0,0,0
328.521,329.86,7.356,0.807,235,345,0,0,0,0
335.877,330.668,7.356,0.807,235,345,0,0,0,0
343.233,331.475,7.356,0.807,235,345,0,0,0,0
350.588,332.283,7.356,0.807,235,345,0,0,0,0
357.944,333.09,7.356,0.807,235,345,0,0,0,0
365.3,333.898,7.356,0.807,235,345,0,0,0,0
372.656,334.705,7.356,0.807,235,345,0,0,0,0
380.012,335.513,7.356,0.807,235,345,0,0,0,0
387.367,336.32,7.356,0.807,235,345,0,0,0,0
394.723,337.128,7.356,0.807,235,345,0,0,0,0
402.079,337.935,7.356,0.807,235,340,0,-1,0,0
409.435,338.743,7.356,0.807,235,335,0,-1,0,0
416.791,339.55,7.356,0.807,235,330,0,-1,0,0
424.146,340.358,7.356,0.807,235,325,0,-1,0,0
431.502,341.165,7.356,0.807,235,320,0,-1,0,0
438.858,341.973,7.356,0.807,235,320,0,0,0,0
446.214,342.78,7.356,0.807,235,320,0,0,0,0
453.57,343.588,7.356,0.807,235,320,0,0,0,0
460.926,344.395,7.356,0.807,235,320,0,0,0,0
468.281,345.202,7.356,0.807,235,320,0,0,0,0
475.637,346.01,7.356,0.807,235,320,0,0,0,0
482.993,346.817,7.356,0.807,235,320,0,0,0,0
490.349,347.625,7.356,0.807,235,320,0,0,0,0
497.705,348.432,7.356,0.807,235,320,0,0,0,0
505.06,349.24,7.356,0.807,235,320,0,0,0,0
512.416,350.047,7.356,0.807,235,320,0,0,0,0
519.772,350.855,7.356,0.807,235,320,0,0,0,0
527.128,351.662,7.356,0.807,235,320,0,0,0,0
534.484,352.47,7.356,0.807,235,320,0,0,0,0
541.839,353.277,7.356,0.807,235,320,0,0,0,0
549.195,354.085,7.356,0.807,235,320,0,0,0,0
556.551,354.892,7.356,0.807,235,320,0,0,0,0
563.907,355.7,7.356,0.807,235,320,0,0,0,0
571.263,356.507,7.356,0.807,235,320,0,0,0,0
578.619,357.315,7.356,0.807,235,320,0,0,0,0
585.974,358.122,7.356,0.807,235,320,0,0,0,0
593.33,358.93,7.356,0.807,235,320,0,0,0,0
600.686,359.737,7.356,0.807,235,320,0,0,0,0
608.042,360.545,7.356,0.807,235,320,0,0,0,0
615.398,361.352,7.356,0.807,235,320,0,0,0,0
622.753,362.159,7.356,0.807,235,320,0,0,0,0
630.109,362.967,7.356,0.807,235,320,0,0,0,0
637.465,363.774,7.356,0.807,235,320,0,0,0,0
644.821,364.582,7.356,0.807,235,320,0,0,0,0
652.177,365.389,7.356,0.807,235,320,0,0,0,0
659.532,366.197,7.356,0.807,235,320,0,0,0,0
666.888,367.004,7.356,0.807,235,320,0,0,0,0
674.244,367.812,7.356,0.807,235,320,0,0,0,0
681.6,368.619,7.356,0.807,235,320,0,0,0,0
688.956,369.427,7.356,0.807,235,320,0,0,0,0
696.312,370.234,7.356,0.807,235,320,0,0,0,0
703.667,371.042,7.356,0.807,235,320,0,0,0,0
711.023,371.849,7.356,0.807,235,320,0,0,0,0
718.379,372.657,7.356,0.807,240,320,1,0,0,0
725.735,373.464,7.356,0.807,245,320,1,0,0,0
733.091,374.272,7.356,0.807,250,320,1,0,0,0
740.446,375.079,7.356,0.807,255,320,1,0,0,0
747.802,375.887,7.356,0.807,260,320,1,0,0,0
751.0,376.694,-6.976,3.259,265,320,1,0,0,0
744.024,379.953,-6.976,3.259,265,320,0,0,0,0
737.048,383.212,-6.976,3.259,265,320,0,0,0,0
730.071,386.472,-6.976,3.259,265,320,0,0,0,0
723.095,389.731,-6.976,3.259,265,320,0,0,0,0
716.119,392.99,-6.976,3.259,265,320,0,0,0,0
709.143,396.249,-6.976,3.259,265,320,0,0,0,0
702.166,399.508,-6.976,3.259,265,320,0,0,0,0
695.19,402.767,-6.976,3.259,265,320,0,0,0,0
688.214,406.027,-6.976,3.259,265,320,0,0,0,0
681.238,409.286,-6.976,3.259,265,320,0,0,0,0
674.261,412.545,-6.976,3.259,265,320,0,0,0,0
667.285,415.804,-6.976,3.259,265,320,0,0,0,0
660.309,419.063,-6.976,3.259,265,320,0,0,0,0
653.333,422.322,-6.976,3.259,265,320,0,0,0,0
646.356,425.581,-6.976,3.259,265,320,0,0,0,0
639.38,428.841,-6.976,3.259,265,320,0,0,0,0
632.404,432.1,-6.976,3.259,265,320,0,0,0,0
625.428,435.359,-6.976,3.259,265,320,0,0,0,0
618.452,438.618,-6.976,3.259,265,320,0,0,0,0
611.475,441.877,-6.976,3.259,265,325,0,1,0,0
604.499,445.136,-6.976,3.259,265,330,0,1,0,0
597.523,448.396,-6.976,3.259,265,335,0,1,0,0
590.547,451.655,-6.976,3.259,265,340,0,1,0,0
583.57,454.914,-6.976,3.259,265,345,0,1,0,0
576.594,458.173,-6.976,3.259,270,350,1,1,0,0
569.618,461.432,-6.976,3.259,275,355,1,1,0,0
562.642,464.691,-6.976,3.259,280,360,1,1,0,0
555.665,467.951,-6.976,3.259,285,360,1,0,0,0
548.689,471.21,-6.976,3.259,290,360,1,0,0,0
541.713,474.469,-6.976,3.259,295,360,1,0,0,0
534.737,477.728,-6.976,3.259,300,360,1,0,0,0
527.76,480.987,-6.976,3.259,305,360,1,0,0,0
520.784,484.246,-6.976,3.259,310,360,1,0,0,0
513.808,487.506,-6.976,3.259,315,360,1,0,0,0
506.832,490.765,-6.976,3.259,320,360,1,0,0,0
499.856,494.024,-6.976,3.259,325,360,1,0,0,0
492.879,497.283,-6.976,3.259,330,360,1,0,0,0
485.903,500.542,-6.976,3.259,335,360,1,0,0,0
478.927,503.801,-6.976,3.259,340,360,1,0,0,0
471.951,507.061,-6.976,3.259,345,360,1,0,0,0
464.974,510.32,-6.976,3.259,350,360,1,0,0,0
457.998,513.579,-6.976,3.259,355,360,1,0,0,0
451.022,516.838,-6.976,3.259,360,360,1,0,0,0
444.046,520.097,-6.976,3.259,365,360,1,0,0,0
437.069,523.356,-6.976,3.259,370,360,1,0,0,0
430.093,526.616,-6.976,3.259,375,360,1,0,0,0
423.117,529.875,-6.976,3.259,380,360,1,0,0,0
416.141,533.134,-6.976,3.259,385,360,1,0,0,0
409.164,536.393,-6.976,3.259,390,360,1,0,0,0
402.188,539.652,-6.976,3.259,395,360,1,0,0,0
395.212,542.911,-6.976,3.259,400,360,1,0,0,0
388.236,546.171,-6.976,3.259,405,360,1,0,0,0
381.26,549.43,-6.976,3.259,410,360,1,0,0,0
374.283,552.689,-6.976,3.259,415,360,1,0,0,0
367.307,555.948,-6.976,3.259,420,360,1,0,0,0
360.331,559.207,-6.976,3.259,425,360,1,0,0,0
353.355,562.466,-6.976,3.259,430,360,1,0,0,0
346.378,565.725,-6.976,3.259,435,360,1,0,0,0
339.402,568.985,-6.976,3.259,440,360,1,0,0,0
332.426,572.244,-6.976,3.259,445,360,1,0,0,0
325.45,575.503,-6.976,3.259,450,360,1,0,0,0
318.473,578.762,-6.976,3.259,455,360,1,0,0,0
311.497,582.021,-6.976,3.259,460,360,1,0,0,0
304.521,585.28,-6.976,3.259,465,360,1,0,0,0
297.545,588.54,-6.976,3.259,470,360,1,0,0,0
290.568,591.799,-6.976,3.259,470,360,0,0,0,0
283.592,594.0,-6.976,-3.259,470,360,0,0,0,0
276.616,590.741,-6.976,-3.259,470,360,0,0,0,0
269.64,587.482,-6.976,-3.259,470,360,0,0,0,0
262.664,584.223,-6.976,-3.259,470,360,0,0,0,0
255.687,580.963,-6.976,-3.259,470,360,0,0,0,0
248.711,577.704,-6.976,-3.259,470,360,0,0,0,0
241.735,574.445,-6.976,-3.259,470,360,0,0,0,0
234.759,571.186,-6.976,-3.259,470,360,0,0,0,0
227.782,567.927,-6.976,-3.259,470,360,0,0,0,0
220.806,564.668,-6.976,-3.259,470,360,0,0,0,0
213.83,561.408,-6.976,-3.259,470,360,0,0,0,0
206.854,558.149,-6.976,-3.259,470,360,0,0,0,0
199.877,554.89,-6.976,-3.259,470,360,0,0,0,0
192.901,551.631,-6.976,-3.259,470,360,0,0,0,0
185.925,548.372,-6.976,-3.259,470,360,0,0,0,0
178.949,545.113,-6.976,-3.259,470,360,0,0,0,0
171.972,541.853,-6.976,-3.259,470,360,0,0,0,0
164.996,538.594,-6.976,-3.259,470,360,0,0,0,0
158.02,535.335,-6.976,-3.259,470,360,0,0,0,0
151.044,532.076,-6.976,-3.259,470,360,0,0,0,0
144.068,528.817,-6.976,-3.259,470,360,0,0,0,0
137.091,525.558,-6.976,-3.259,470,360,0,0,0,0
130.115,522.298,-6.976,-3.259,470,360,0,0,0,0
123.139,519.039,-6.976,-3.259,470,360,0,0,0,0
116.163,515.78,-6.976,-3.259,465,360,-1,0,0,0
109.186,512.521,-6.976,-3.259,460,360,-1,0,0,0
102.21,509.262,-6.976,-3.259,455,360,-1,0,0,0
95.234,506.003,-6.976,-3.259,450,360,-1,0,0,0
88.258,502.743,-6.976,-3.259,445,360,-1,0,0,0
81.281,499.484,-6.976,-3.259,440,360,-1,0,0,0
74.305,496.225,-6.976,-3.259,435,360,-1,0,0,0
67.329,492.966,-6.976,-3.259,430,360,-1,0,0,0
60.353,489.707,-6.976,-3.259,430,360,0,0,0,0
53.376,486.448,-6.976,-3.259,430,360,0,0,0,0
49.0,483.188,7.528,2.708,430,360,0,0,0,0
56.528,485.896,7.528,2.708,430,360,0,0,0,0
64.056,488.604,7.528,2.708,430,360,0,0,0,0
71.584,491.311,7.528,2.708,425,360,-1,0,0,0
79.111,494.019,7.528,2.708,420,360,-1,0,0,0
86.639,496.727,7.528,2.708,415,360,-1,0,0,0
94.167,499.434,7.528,2.708,410,360,-1,0,0,0
101.695,502.142,7.528,2.708,405,360,-1,0,0,0
109.223,504.849,7.528,2.708,400,360,-1,0,0,0
116.751,507.557,7.528,2.708,395,360,-1,0,0,0
124.279,510.265,7.528,2.708,390,360,-1,0,0,0
131.807,512.972,7.528,2.708,385,360,-1,0,0,0
139.334,515.68,7.528,2.708,385,360,0,0,0,0
146.862,518.388,7.528,2.708,385,360,0,0,0,0
154.39,521.095,7.528,2.708,385,360,0,0,0,0
161.918,523.803,7.528,2.708,385,360,0,0,0,0
169.446,526.511,7.528,2.708,385,360,0,0,0,0
176.974,529.218,7.528,2.708,385,360,0,0,0,0
184.502,531.926,7.528,2.708,385,360,0,0,0,0
192.029,534.633,7.528,2.708,385,360,0,0,0,0
199.557,537.341,7.528,2.708,385,360,0,0,0,0
207.085,540.049,7.528,2.708,385,360,0,0,0,0
214.613,542.756,7.528,2.708,385,360,0,0,0,0
222.141,545.464,7.528,2.708,385,360,0,0,0,0
229.669,548.172,7.528,2.708,385,365,0,1,0,0
237.197,550.879,7.528,2.708,385,370,0,1,0,0
244.724,553.587,7.528,2.708,385,375,0,1,0,0
252.252,556.294,7.528,2.708,385,380,0,1,0,0
259.78,559.002,7.528,2.708,385,385,0,1,0,0
267.308,561.71,7.528,2.708,385,390,0,1,0,0
274.836,564.417,7.528,2.708,385,395,0,1,0,0
282.364,567.125,7.528,2.708,385,400,0,1,0,0
289.892,569.833,7.528,2.708,385,405,0,1,0,0
297.42,572.54,7.528,2.708,385,410,0,1,0,0
304.947,575.248,7.528,2.708,385,415,0,1,0,0
312.475,577.955,7.528,2.708,385,420,0,1,0,0
320.003,580.663,7.528,2.708,385,425,0,1,0,0
327.531,583.371,7.528,2.708,385,430,0,1,0,0
335.059,586.078,7.528,2.708,385,435,0,1,0,0
342.587,588.786,7.528,2.708,385,440,0,1,0,0
350.115,591.494,7.528,2.708,385,445,0,1,0,0
357.642,594.0,7.528,-2.708,385,445,0,0,0,0
365.17,591.292,7.528,-2.708,385,445,0,0,0,0
372.698,588.585,7.528,-2.708,385,445,0,0,0,0
380.226,585.877,7.528,-2.708,385,445,0,0,0,0
387.754,583.169,7.528,-2.708,385,445,0,0,0,0
395.282,580.462,7.528,-2.708,385,445,0,0,0,0
402.81,577.754,7.528,-2.708,385,445,0,0,0,0
410.337,575.047,7.528,-2.708,385,445,0,0,0,0
417.865,572.339,7.528,-2.708,385,445,0,0,0,0
425.393,569.631,7.528,-2.708,385,445,0,0,0,0
432.921,566.924,7.528,-2.708,385,445,0,0,0,0
440.449,564.216,7.528,-2.708,385,445,0,0,0,0
447.977,561.508,7.528,-2.708,385,445,0,0,0,0
455.505,558.801,7.528,-2.708,385,445,0,0,0,0
463.033,556.093,7.528,-2.708,385,445,0,0,0,0
470.56,553.386,7.528,-2.708,385,445,0,0,0,0
478.088,550.678,7.528,-2.708,385,445,0,0,0,0
485.616,547.97,7.528,-2.708,385,445,0,0,0,0
493.144,545.263,7.528,-2.708,385,445,0,0,0,0
500.672,542.555,7.528,-2.708,385,445,0,0,0,0
508.2,539.847,7.528,-2.708,385,445,0,0,0,0
515.728,537.14,7.528,-2.708,385,445,0,0,0,0
523.255,534.432,7.528,-2.708,385,440,0,-1,0,0
530.783,531.725,7.528,-2.708,385,435,0,-1,0,0
538.311,529.017,7.528,-2.708,385,430,0,-1,0,0
545.839,526.309,7.528,-2.708,385,425,0,-1,0,0
553.367,523.602,7.528,-2.708,385,420,0,-1,0,0
560.895,520.894,7.528,-2.708,385,415,0,-1,0,0
568.423,518.186,7.528,-2.708,385,415,0,0,0,0
575.951,515.479,7.528,-2.708,385,415,0,0,0,0
583.478,512.771,7.528,-2.708,385,415,0,0,0,0
591.006,510.063,7.528,-2.708,385,415,0,0,0,0
598.534,507.356,7.528,-2.708,385,415,0,0,0,0
606.062,504.648,7.528,-2.708,385,415,0,0,0,0
613.59,501.941,7.528,-2.708,385,415,0,0,0,0
621.118,499.233,7.528,-2.708,385,415,0,0,0,0
628.646,496.525,7.528,-2.708,385,415,0,0,0,0
636.173,493.818,7.528,-2.708,385,415,0,0,0,0
643.701,491.11,7.528,-2.708,385,415,0,0,0,0
651.229,488.402,7.528,-2.708,385,415,0,0,0,0
658.757,485.695,7.528,-2.708,385,415,0,0,0,0
666.285,482.987,7.528,-2.708,385,415,0,0,0,0
673.813,480.28,7.528,-2.708,385,415,0,0,0,0
681.341,477.572,7.528,-2.708,385,415,0,0,0,0
688.868,474.864,7.528,-2.708,385,415,0,0,0,0
696.396,472.157,7.528,-2.708,385,415,0,0,0,0
703.924,469.449,7.528,-2.708,385,415,0,0,0,0
711.452,466.741,7.528,-2.708,385,415,0,0,0,0
718.98,464.034,7.528,-2.708,385,410,0,-1,0,0
726.508,461.326,7.528,-2.708,385,405,0,-1,0,0
734.036,458.619,7.528,-2.708,385,400,0,-1,0,0
741.564,455.911,7.528,-2.708,385,395,0,-1,0,0
749.091,453.203,7.528,-2.708,385,390,0,-1,0,0
751.0,450.496,-6.519,5.138,385,385,0,-1,0,0
744.481,455.633,-6.519,5.138,385,385,0,0,0,0
737.963,460.771,-6.519,5.138,385,385,0,0,0,0
731.444,465.909,-6.519,5.138,385,385,0,0,0,0
724.925,471.047,-6.519,5.138,385,385,0,0,0,0
718.406,476.184,-6.519,5.138,385,385,0,0,0,0
711.888,481.322,-6.519,5.138,385,385,0,0,0,0
705.369,486.46,-6.519,5.138,380,385,-1,0,0,0
698.85,491.598,-6.519,5.138,375,385,-1,0,0,0
692.332,496.735,-6.519,5.138,370,385,-1,0,0,0
685.813,501.873,-6.519,5.138,365,385,-1,0,0,0
679.294,507.011,-6.519,5.138,360,385,-1,0,0,0
672.775,512.148,-6.519,5.138,355,385,-1,0,0,0
666.257,517.286,-6.519,5.138,350,385,-1,0,0,0
659.738,522.424,-6.519,5.138,345,385,-1,0,0,0
653.219,527.562,-6.519,5.138,340,385,-1,0,0,0
646.701,532.699,-6.519,5.138,335,385,-1,0,0,0
640.182,537.837,-6.519,5.138,330,385,-1,0,0,0
633.663,542.975,-6.519,5.138,325,385,-1,0,0,0
627.144,548.113,-6.519,5.138,320,385,-1,0,0,0
620.626,553.25,-6.519,5.138,320,385,0,0,0,0
614.107,558.388,-6.519,5.138,320,385,0,0,0,0
607.588,563.526,-6.519,5.138,320,385,0,0,0,0
601.069,568.664,-6.519,5.138,320,385,0,0,0,0
594.551,573.801,-6.519,5.138,320,385,0,0,0,0
588.032,578.939,-6.519,5.138,320,385,0,0,0,0
581.513,584.077,-6.519,5.138,320,385,0,0,0,0
574.995,589.214,-6.519,5.138,325,385,1,0,0,0
568.476,594.0,-6.519,-5.138,330,385,1,0,0,0
561.957,588.862,-6.519,-5.138,335,385,1,0,0,0
555.438,583.725,-6.519,-5.138,340,385,1,0,0,0
548.92,578.587,-6.519,-5.138,345,385,1,0,0,0
542.401,573.449,-6.519,-5.138,350,385,1,0,0,0
535.882,568.311,-6.519,-5.138,355,385,1,0,0,0
529.364,563.174,-6.519,-5.138,360,385,1,0,0,0
522.845,558.036,-6.519,-5.138,365,385,1,0,0,0
516.326,552.898,-6.519,-5.138,370,385,1,0,0,0
509.807,547.76,-6.519,-5.138,375,385,1,0,0,0
503.289,542.623,-6.519,-5.138,375,385,0,0,0,0
496.77,537.485,-6.519,-5.138,375,385,0,0,0,0
490.251,532.347,-6.519,-5.138,375,385,0,0,0,0
483.733,527.209,-6.519,-5.138,375,385,0,0,0,0
477.214,522.072,-6.519,-5.138,375,385,0,0,0,0
470.695,516.934,-6.519,-5.138,375,385,0,0,0,0
464.176,511.796,-6.519,-5.138,375,385,0,0,0,0
457.658,506.659,-6.519,-5.138,375,385,0,0,0,0
451.139,501.521,-6.519,-5.138,375,385,0,0,0,0
444.62,496.383,-6.519,-5.138,370,385,-1,0,0,0
438.102,491.245,-6.519,-5.138,365,385,-1,0,0,0
431.583,486.108,-6.519,-5.138,360,385,-1,0,0,0
425.064,480.97,-6.519,-5.138,355,385,-1,0,0,0
418.545,475.832,-6.519,-5.138,350,385,-1,0,0,0
412.027,470.694,-6.519,-5.138,345,385,-1,0,0,0
405.508,465.557,-6.519,-5.138,340,385,-1,0,0,0
398.989,460.419,-6.519,-5.138,335,385,-1,0,0,0
392.471,455.281,-6.519,-5.138,330,385,-1,0,0,0
385.952,450.143,-6.519,-5.138,325,385,-1,0,0,0
379.433,445.006,-6.519,-5.138,320,385,-1,0,0,0
372.914,439.868,-6.519,-5.138,315,385,-1,0,0,0
366.396,434.73,-6.519,-5.138,310,385,-1,0,0,0
359.877,429.592,-6.519,-5.138,305,385,-1,0,0,0
353.358,424.455,-6.519,-5.138,300,385,-1,0,0,0
346.839,419.317,-6.519,-5.138,295,385,-1,0,0,0
340.321,414.179,-6.519,-5.138,290,385,-1,0,0,0
333.802,409.042,-6.519,-5.138,285,385,-1,0,0,0
327.283,403.904,-6.519,-5.138,280,385,-1,0,0,0
320.765,398.766,-6.519,-5.138,275,385,-1,0,0,0
314.246,393.628,-6.519,-5.138,270,385,-1,0,0,0
307.727,388.491,-6.519,-5.138,265,385,-1,0,0,0
301.208,383.353,-6.519,-5.138,260,385,-1,0,0,0
294.69,378.215,-6.519,-5.138,255,385,-1,0,0,0
288.171,373.077,-6.519,-5.138,250,385,-1,0,0,0
281.652,367.94,-6.519,-5.138,245,385,-1,0,0,0
275.134,362.802,-6.519,-5.138,240,385,-1,0,0,0
268.615,357.664,-6.519,-5.138,235,385,-1,0,0,0
262.096,352.526,-6.519,-5.138,230,385,-1,0,0,0
255.577,347.389,-6.519,-5.138,225,385,-1,0,0,0
249.059,342.251,-6.519,-5.138,220,385,-1,0,0,0
242.54,337.113,-6.519,-5.138,215,385,-1,0,0,0
236.021,331.976,-6.519,-5.138,210,385,-1,0,0,0
229.503,326.838,-6.519,-5.138,205,385,-1,0,0,0
222.984,321.7,-6.519,-5.138,200,385,-1,0,0,0
216.465,316.562,-6.519,-5.138,195,385,-1,0,0,0
209.946,311.425,-6.519,-5.138,190,385,-1,0,0,0
203.428,306.287,-6.519,-5.138,185,385,-1,0,0,0
196.909,301.149,-6.519,-5.138,180,385,-1,0,0,0
190.39,296.011,-6.519,-5.138,175,385,-1,0,0,0
183.872,290.874,-6.519,-5.138,175,385,0,0,0,0
177.353,285.736,-6.519,-5.138,175,385,0,0,0,0
170.834,280.598,-6.519,-5.138,175,385,0,0,0,0
164.315,275.46,-6.519,-5.138,175,385,0,0,0,0
157.797,270.323,-6.519,-5.138,175,385,0,0,0,0
151.278,265.185,-6.519,-5.138,175,385,0,0,0,0
144.759,260.047,-6.519,-5.138,175,385,0,0,0,0
138.241,254.91,-6.519,-5.138,175,385,0,0,0,0
131.722,249.772,-6.519,-5.138,175,385,0,0,0,0
125.203,244.634,-6.519,-5.138,175,385,0,0,0,0
118.684,239.496,-6.519,-5.138,175,385,0,0,0,0
112.166,234.359,-6.519,-5.138,175,385,0,0,0,0
105.647,229.221,-6.519,-5.138,170,385,-1,0,0,0
99.128,224.083,-6.519,-5.138,165,385,-1,0,0,0
92.61,218.945,-6.519,-5.138,160,385,-1,0,0,0
86.091,213.808,-6.519,-5.138,155,385,-1,0,0,0
79.572,208.67,-6.519,-5.138,150,385,-1,0,0,0
73.053,203.532,-6.519,-5.138,145,385,-1,0,0,0
66.535,198.394,-6.519,-5.138,140,385,-1,0,0,0
60.016,193.257,-6.519,-5.138,135,385,-1,0,0,0
53.497,188.119,-6.519,-5.138,130,385,-1,0,0,0
49.0,182.981,7.665,3.901,125,385,-1,0,0,0
56.665,186.882,7.665,3.901,120,385,-1,0,0,0
64.329,190.782,7.665,3.901,115,385,-1,0,0,0
71.994,194.683,7.665,3.901,110,385,-1,0,0,0
79.658,198.583,7.665,3.901,105,385,-1,0,0,0
87.323,202.484,7.665,3.901,100,385,-1,0,0,0
94.987,206.385,7.665,3.901,95,385,-1,0,0,0
102.652,210.285,7.665,3.901,95,385,0,0,0,0
110.317,214.186,7.665,3.901,95,385,0,0,0,0
117.981,218.086,7.665,3.901,95,385,0,0,0,0
125.646,221.987,7.665,3.901,95,385,0,0,0,0
133.31,225.887,7.665,3.901,95,385,0,0,0,0
140.975,229.788,7.665,3.901,95,380,0,-1,0,0
148.639,233.688,7.665,3.901,95,375,0,-1,0,0
156.304,237.589,7.665,3.901,95,370,0,-1,0,0
163.969,241.489,7.665,3.901,95,365,0,-1,0,0
171.633,245.39,7.665,3.901,95,360,0,-1,0,0
179.298,249.291,7.665,3.901,95,355,0,-1,0,0
186.962,253.191,7.665,3.901,95,350,0,-1,0,0
194.627,257.092,7.665,3.901,95,345,0,-1,0,0
202.292,260.992,7.665,3.901,95,340,0,-1,0,0
209.956,264.893,7.665,3.901,95,340,0,0,0,0
217.621,268.793,7.665,3.901,95,340,0,0,0,0
225.285,272.694,7.665,3.901,95,340,0,0,0,0
232.95,276.594,7.665,3.901,95,340,0,0,0,0
240.614,280.495,7.665,3.901,95,340,0,0,0,0
248.279,284.396,7.665,3.901,95,340,0,0,0,0
255.944,288.296,7.665,3.901,95,340,0,0,0,0
263.608,292.197,7.665,3.901,95,340,0,0,0,0
271.273,296.097,7.665,3.901,95,340,0,0,0,0
278.937,299.998,7.665,3.901,95,340,0,0,0,0
286.602,303.898,7.665,3.901,95,340,0,0,0,0
294.266,307.799,7.665,3.901,95,340,0,0,0,0
301.931,311.699,7.665,3.901,95,340,0,0,0,0
309.596,315.6,7.665,3.901,95,340,0,0,0,0
317.26,319.5,7.665,3.901,95,340,0,0,0,0
324.925,323.401,7.665,3.901,95,340,0,0,0,0
332.589,327.302,7.665,3.901,95,340,0,0,0,0
340.254,331.202,7.665,3.901,95,345,0,1,0,0
347.918,335.103,7.665,3.901,95,350,0,1,0,0
355.583,339.003,7.665,3.901,95,355,0,1,0,0
363.248,342.904,7.665,3.901,95,360,0,1,0,0
370.912,346.804,7.665,3.901,95,365,0,1,0,0
378.577,350.705,7.665,3.901,95,370,0,1,0,0
386.241,354.605,7.665,3.901,95,375,0,1,0,0
393.906,358.506,7.665,3.901,95,380,0,1,0,0
401.57,362.407,7.665,3.901,95,385,0,1,0,0
409.235,366.307,7.665,3.901,95,390,0,1,0,0
416.9,370.208,7.665,3.901,95,395,0,1,0,0
424.564,374.108,7.665,3.901,95,400,0,1,0,0
432.229,378.009,7.665,3.901,95,405,0,1,0,0
439.893,381.909,7.665,3.901,95,410,0,1,0,0
447.558,385.81,7.665,3.901,95,415,0,1,0,0
455.222,389.71,7.665,3.901,95,420,0,1,0,0
462.887,393.611,7.665,3.901,95,425,0,1,0,0
470.552,397.511,7.665,3.901,95,430,0,1,0,0
478.216,401.412,7.665,3.901,95,435,0,1,0,0
485.881,405.313,7.665,3.901,95,440,0,1,0,0
493.545,409.213,7.665,3.901,95,445,0,1,0,0
501.21,413.114,7.665,3.901,95,445,0,0,0,0
508.875,417.014,7.665,3.901,95,445,0,0,0,0
516.539,420.915,7.665,3.901,95,445,0,0,0,0
524.204,424.815,7.665,3.901,95,445,0,0,0,0
531.868,428.716,7.665,3.901,95,445,0,0,0,0
539.533,432.616,7.665,3.901,95,445,0,0,0,0
547.197,436.517,7.665,3.901,95,445,0,0,0,0
554.862,440.418,7.665,3.901,95,445,0,0,0,0
562.527,444.318,7.665,3.901,95,445,0,0,0,0
570.191,448.219,7.665,3.901,95,445,0,0,0,0
577.856,452.119,7.665,3.901,95,445,0,0,0,0
585.52,456.02,7.665,3.901,95,445,0,0,0,0
593.185,459.92,7.665,3.901,95,445,0,0,0,0
600.849,463.821,7.665,3.901,95,445,0,0,0,0
608.514,467.721,7.665,3.901,95,445,0,0,0,0
616.179,471.622,7.665,3.901,95,445,0,0,0,0
623.843,475.522,7.665,3.901,95,445,0,0,0,0
631.508,479.423,7.665,3.901,95,445,0,0,0,0
639.172,483.324,7.665,3.901,95,445,0,0,0,0
646.837,487.224,7.665,3.901,95,445,0,0,0,0
654.501,491.125,7.665,3.901,95,450,0,1,0,0
662.166,495.025,7.665,3.901,95,455,0,1,0,0
669.831,498.926,7.665,3.901,95,460,0,1,0,0
677.495,502.826,7.665,3.901,95,465,0,1,0,0
685.16,506.727,7.665,3.901,95,470,0,1,0,0
692.824,510.627,7.665,3.901,95,475,0,1,0,0
700.489,514.528,7.665,3.901,95,480,0,1,0,0
708.153,518.429,7.665,3.901,95,485,0,1,0,0
715.818,522.329,7.665,3.901,95,490,0,1,0,0
723.483,526.23,7.665,3.901,95,495,0,1,0,0
731.147,530.13,7.665,3.901,95,500,0,1,0,0
738.812,534.031,7.665,3.901,95,505,0,1,0,0
746.476,537.931,7.665,3.901,95,510,0,1,0,0
751.0,541.832,-8.376,-3.008,95,515,0,1,0,0
742.624,538.824,-8.376,-3.008,95,520,0,1,0,0
734.247,535.816,-8.376,-3.008,95,520,0,1,0,0
725.871,532.808,-8.376,-3.008,95,520,0,1,0,0
717.495,529.801,-8.376,-3.008,95,520,0,0,0,0
709.118,526.793,-8.376,-3.008,95,520,0,0,0,0
700.742,523.785,-8.376,-3.008,95,520,0,0,0,0
692.366,520.777,-8.376,-3.008,95,520,0,0,0,0
683.989,517.769,-8.376,-3.008,95,520,0,0,0,0
675.613,514.762,-8.376,-3.008,95,520,0,0,0,0
667.237,511.754,-8.376,-3.008,95,520,0,0,0,0
658.86,508.746,-8.376,-3.008,95,520,0,0,0,0
650.484,505.738,-8.376,-3.008,95,520,0,0,0,0
642.107,502.731,-8.376,-3.008,95,520,0,0,0,0
633.731,499.723,-8.376,-3.008,95,520,0,0,0,0
625.355,496.715,-8.376,-3.008,95,520,0,0,0,0
616.978,493.707,-8.376,-3.008,95,520,0,0,0,0
608.602,490.699,-8.376,-3.008,95,520,0,0,0,0
600.226,487.692,-8.376,-3.008,95,520,0,0,0,0
591.849,484.684,-8.376,-3.008,95,520,0,0,0,0
583.473,481.676,-8.376,-3.008,95,520,0,0,0,0
575.097,478.668,-8.376,-3.008,95,520,0,0,0,0
566.72,475.66,-8.376,-3.008,95,520,0,0,0,0
558.344,472.653,-8.376,-3.008,95,520,0,0,0,0
549.968,469.645,-8.376,-3.008,95,520,0,0,0,0
541.591,466.637,-8.376,-3.008,100,520,1,0,0,0
533.215,463.629,-8.376,-3.008,105,520,1,0,0,0
524.839,460.621,-8.376,-3.008,110,520,1,0,0,0
516.462,457.614,-8.376,-3.008,115,520,1,0,0,0
508.086,454.606,-8.376,-3.008,120,520,1,0,0,0
499.71,451.598,-8.376,-3.008,125,520,1,0,0,0
491.333,448.59,-8.376,-3.008,130,520,1,0,0,0
482.957,445.582,-8.376,-3.008,135,520,1,0,0,0
474.581,442.575,-8.376,-3.008,140,520,1,0,0,0
466.204,439.567,-8.376,-3.008,145,520,1,0,0,0
457.828,436.559,-8.376,-3.008,150,520,1,0,0,0
449.452,433.551,-8.376,-3.008,155,520,1,0,0,0
441.075,430.544,-8.376,-3.008,160,520,1,0,0,0
432.699,427.536,-8.376,-3.008,165,520,1,0,0,0
424.322,424.528,-8.376,-3.008,170,520,1,0,0,0
415.946,421.52,-8.376,-3.008,175,520,1,0,0,0
407.57,418.512,-8.376,-3.008,180,520,1,0,0,0
399.193,415.505,-8.376,-3.008,185,520,1,0,0,0
390.817,412.497,-8.376,-3.008,190,520,1,0,0,0
382.441,409.489,-8.376,-3.008,195,520,1,0,0,0
374.064,406.481,-8.376,-3.008,200,520,1,0,0,0
365.688,403.473,-8.376,-3.008,205,520,1,0,0,0
357.312,400.466,-8.376,-3.008,210,520,1,0,0,0
348.935,397.458,-8.376,-3.008,215,520,1,0,0,0
340.559,394.45,-8.376,-3.008,220,520,1,0,0,0
332.183,391.442,-8.376,-3.008,225,520,1,0,0,0
323.806,388.434,-8.376,-3.008,230,520,1,0,0,0
315.43,385.427,-8.376,-3.008,235,520,1,0,0,0
307.054,382.419,-8.376,-3.008,235,520,0,0,0,0
298.677,379.411,-8.376,-3.008,235,520,0,0,0,0
290.301,376.403,-8.376,-3.008,235,520,0,0,0,0
281.925,373.395,-8.376,-3.008,235,520,0,0,0,0
273.548,370.388,-8.376,-3.008,235,520,0,0,0,0
265.172,367.38,-8.376,-3.008,235,520,0,0,0,0
256.796,364.372,-8.376,-3.008,235,520,0,0,0,0
248.419,361.364,-8.376,-3.008,235,520,0,0,0,0
240.043,358.357,-8.376,-3.008,235,520,0,0,0,0
231.666,355.349,-8.376,-3.008,235,520,0,0,0,0
223.29,352.341,-8.376,-3.008,235,520,0,0,0,0
214.914,349.333,-8.376,-3.008,235,520,0,0,0,0
206.537,346.325,-8.376,-3.008,235,520,0,0,0,0
198.161,343.318,-8.376,-3.008,235,520,0,0,0,0
189.785,340.31,-8.376,-3.008,235,520,0,0,0,0
181.408,337.302,-8.376,-3.008,235,520,0,0,0,0
173.032,334.294,-8.376,-3.008,235,520,0,0,0,0
164.656,331.286,-8.376,-3.008,235,520,0,0,0,0
156.279,328.279,-8.376,-3.008,240,520,1,0,0,0
147.903,325.271,-8.376,-3.008,245,520,1,0,0,0
139.527,322.263,-8.376,-3.008,250,520,1,0,0,0
131.15,319.255,-8.376,-3.008,255,520,1,0,0,0
122.774,316.247,-8.376,-3.008,260,520,1,0,0,0
114.398,313.24,-8.376,-3.008,265,520,1,0,0,0
106.021,310.232,-8.376,-3.008,270,520,1,0,0,0
97.645,307.224,-8.376,-3.008,275,520,1,0,0,0
89.269,304.216,-8.376,-3.008,280,520,1,0,0,0
80.892,301.208,-8.376,-3.008,280,520,0,0,0,0
72.516,298.201,-8.376,-3.008,280,520,0,0,0,0
64.14,295.193,-8.376,-3.008,280,520,0,0,0,0
55.763,292.185,-8.376,-3.008,280,520,0,0,0,0
49.0,289.177,6.364,-6.644,280,520,0,0,0,0
55.364,282.533,6.364,-6.644,280,520,0,0,0,0
61.728,275.889,6.364,-6.644,280,520,0,0,0,0
68.091,269.245,6.364,-6.644,280,520,0,0,0,0
74.455,262.601,6.364,-6.644,280,520,0,0,0,0
80.819,255.957,6.364,-6.644,280,520,0,0,0,0
87.183,249.313,6.364,-6.644,275,520,-1,0,0,0
93.546,242.669,6.364,-6.644,270,520,-1,0,0,0
99.91,236.025,6.364,-6.644,265,520,-1,0,0,0
106.274,229.382,6.364,-6.644,260,520,-1,0,0,0
112.638,222.738,6.364,-6.644,255,520,-1,0,0,0
119.001,216.094,6.364,-6.644,250,520,-1,0,0,0
125.365,209.45,6.364,-6.644,245,520,-1,0,0,0
131.729,202.806,6.364,-6.644,240,520,-1,0,0,0
138.093,196.162,6.364,-6.644,235,520,-1,0,0,0
144.457,189.518,6.364,-6.644,230,515,-1,-1,0,0
150.82,182.874,6.364,-6.644,225,510,-1,-1,0,0
157.184,176.23,6.364,-6.644,220,505,-1,-1,0,0
163.548,169.586,6.364,-6.644,220,500,0,-1,0,0
169.912,162.942,6.364,-6.644,220,495,0,-1,0,0
176.275,156.298,6.364,-6.644,220,490,0,-1,0,0
182.639,149.654,6.364,-6.644,220,485,0,-1,0,0
189.003,143.01,6.364,-6.644,220,480,0,-1,0,0
195.367,136.366,6.364,-6.644,220,475,0,-1,0,0
201.73,129.722,6.364,-6.644,220,470,0,-1,0,0
208.094,123.078,6.364,-6.644,220,465,0,-1,0,0
214.458,116.434,6.364,-6.644,220,460,0,-1,0,0
220.822,109.79,6.364,-6.644,220,455,0,-1,0,0
227.186,103.146,6.364,-6.644,220,450,0,-1,0,0
233.549,96.502,6.364,-6.644,220,445,0,-1,0,0
239.913,89.858,6.364,-6.644,220,440,0,-1,0,0
246.277,83.214,6.364,-6.644,220,435,0,-1,0,0
252.641,76.57,6.364,-6.644,220,430,0,-1,0,0
259.004,69.926,6.364,-6.644,220,425,0,-1,0,0
265.368,63.282,6.364,-6.644,220,420,0,-1,0,0
271.732,56.638,6.364,-6.644,220,415,0,-1,0,0
278.096,49.994,6.364,-6.644,220,410,0,-1,0,0
284.46,43.35,6.364,-6.644,220,405,0,-1,0,0
290.823,36.706,6.364,-6.644,220,400,0,-1,0,0
297.187,30.062,6.364,-6.644,220,395,0,-1,0,0
303.551,23.418,6.364,-6.644,220,390,0,-1,0,0
309.915,16.774,6.364,-6.644,220,385,0,-1,0,0
316.278,10.13,6.364,-6.644,220,380,0,-1,0,0
322.642,6.0,6.364,6.644,220,375,0,-1,0,0
329.006,12.644,6.364,6.644,220,370,0,-1,0,0
335.37,19.288,6.364,6.644,220,365,0,-1,0,0
341.733,25.932,6.364,6.644,220,360,0,-1,0,0
348.097,32.576,6.364,6.644,220,355,0,-1,0,0
354.461,39.22,6.364,6.644,220,350,0,-1,0,0
360.825,45.864,6.364,6.644,220,345,0,-1,0,0
367.189,52.508,6.364,6.644,220,340,0,-1,0,0
373.552,59.152,6.364,6.644,220,335,0,-1,0,0
379.916,65.796,6.364,6.644,220,330,0,-1,0,0
386.28,72.44,6.364,6.644,220,325,0,-1,0,0
392.644,79.084,6.364,6.644,220,320,0,-1,0,0
399.007,85.728,6.364,6.644,220,315,0,-1,0,0
405.371,92.372,6.364,6.644,220,310,0,-1,0,0
411.735,99.016,6.364,6.644,220,305,0,-1,0,0
418.099,105.66,6.364,6.644,220,300,0,-1,0,0
424.462,112.304,6.364,6.644,220,295,0,-1,0,0
430.826,118.948,6.364,6.644,220,290,0,-1,0,0
437.19,125.592,6.364,6.644,220,285,0,-1,0,0
443.554,132.236,6.364,6.644,220,280,0,-1,0,0
449.918,138.88,6.364,6.644,220,275,0,-1,0,0
456.281,145.524,6.364,6.644,220,270,0,-1,0,0
462.645,152.167,6.364,6.644,220,265,0,-1,0,0
469.009,158.811,6.364,6.644,220,265,0,0,0,0
475.373,165.455,6.364,6.644,220,265,0,0,0,0
481.736,172.099,6.364,6.644,220,265,0,0,0,0
488.1,178.743,6.364,6.644,220,265,0,0,0,0
494.464,185.387,6.364,6.644,220,265,0,0,0,0
500.828,192.031,6.364,6.644,220,265,0,0,0,0
507.191,198.675,6.364,6.644,220,265,0,0,0,0
513.555,205.319,6.364,6.644,220,270,0,1,0,0
519.919,211.963,6.364,6.644,220,275,0,1,0,0
526.283,218.607,6.364,6.644,220,280,0,1,0,0
532.647,225.251,6.364,6.644,220,285,0,1,0,0
539.01,231.895,6.364,6.644,220,290,0,1,0,0
545.374,238.539,6.364,6.644,220,295,0,1,0,0
551.738,245.183,6.364,6.644,220,300,0,1,0,0
558.102,251.827,6.364,6.644,220,305,0,1,0,0
564.465,258.471,6.364,6.644,220,310,0,1,0,0
570.829,265.115,6.364,6.644,220,315,0,1,0,0
577.193,271.759,6.364,6.644,220,320,0,1,0,0
583.557,278.403,6.364,6.644,220,325,0,1,0,0
589.92,285.047,6.364,6.644,220,330,0,1,0,0
596.284,291.691,6.364,6.644,220,335,0,1,0,0
602.648,298.335,6.364,6.644,220,340,0,1,0,0
609.012,304.979,6.364,6.644,220,345,0,1,0,0
615.376,311.623,6.364,6.644,220,350,0,1,0,0
621.739,318.267,6.364,6.644,220,355,0,1,0,0
628.103,324.911,6.364,6.644,220,360,0,1,0,0
634.467,331.555,6.364,6.644,220,365,0,1,0,0
640.831,338.199,6.364,6.644,220,370,0,1,0,0
647.194,344.843,6.364,6.644,220,375,0,1,0,0
653.558,351.487,6.364,6.644,220,380,0,1,0,0
659.922,358.131,6.364,6.644,220,385,0,1,0,0
666.286,364.775,6.364,6.644,220,390,0,1,0,0
672.649,371.419,6.364,6.644,220,395,0,1,0,0
679.013,378.063,6.364,6.644,220,400,0,1,0,0
685.377,384.707,6.364,6.644,220,405,0,1,0,0
691.741,391.351,6.364,6.644,220,410,0,1,0,0
698.105,397.995,6.364,6.644,220,415,0,1,0,0
704.468,404.639,6.364,6.644,220,420,0,1,0,0
710.832,411.283,6.364,6.644,220,425,0,1,0,0
717.196,417.927,6.364,6.644,220,430,0,1,0,0
723.56,424.571,6.364,6.644,220,435,0,1,0,0
729.923,431.215,6.364,6.644,220,440,0,1,0,0
736.287,437.858,6.364,6.644,220,445,0,1,0,0
742.651,444.502,6.364,6.644,220,450,0,1,0,0
749.015,451.146,6.364,6.644,220,455,0,1,0,0
751.0,457.79,-4.75,-8.227,220,460,0,1,0,0
746.25,449.563,-4.75,-8.227,220,465,0,1,0,0
741.5,441.336,-4.75,-8.227,220,470,0,1,0,0
736.75,433.109,-4.75,-8.227,220,475,0,1,0,0
732.0,424.881,-4.75,-8.227,220,480,0,1,0,0
727.25,416.654,-4.75,-8.227,220,485,0,1,0,0
722.5,408.427,-4.75,-8.227,220,485,0,0,0,0
717.75,400.2,-4.75,-8.227,220,485,0,0,0,0
713.0,391.972,-4.75,-8.227,220,485,0,0,0,0
708.25,383.745,-4.75,-8.227,220,485,0,0,0,0
703.5,375.518,-4.75,-8.227,220,485,0,0,0,0
698.75,367.291,-4.75,-8.227,220,485,0,0,0,0
694.0,359.064,-4.75,-8.227,220,485,0,0,0,0
689.25,350.836,-4.75,-8.227,220,485,0,0,0,0
684.5,342.609,-4.75,-8.227,220,485,0,0,0,0
679.75,334.382,-4.75,-8.227,220,485,0,0,0,0
675.0,326.155,-4.75,-8.227,220,485,0,0,0,0
670.25,317.927,-4.75,-8.227,220,485,0,0,0,0
665.5,309.7,-4.75,-8.227,220,485,0,0,0,0
660.75,301.473,-4.75,-8.227,220,485,0,0,0,0
656.0,293.246,-4.75,-8.227,220,485,0,0,0,0
651.25,285.018,-4.75,-8.227,215,485,-1,0,0,0
646.5,276.791,-4.75,-8.227,210,485,-1,0,0,0
641.75,268.564,-4.75,-8.227,205,485,-1,0,0,0
637.0,260.337,-4.75,-8.227,200,485,-1,0,0,0
632.25,252.109,-4.75,-8.227,195,485,-1,0,0,0
627.5,243.882,-4.75,-8.227,190,485,-1,0,0,0
622.75,235.655,-4.75,-8.227,185,485,-1,0,0,0
618.0,227.428,-4.75,-8.227,180,485,-1,0,0,0
613.25,219.2,-4.75,-8.227,175,485,-1,0,0,0
608.5,210.973,-4.75,-8.227,170,485,-1,0,0,0
603.75,202.746,-4.75,-8.227,165,485,-1,0,0,0
599.0,194.519,-4.75,-8.227,160,485,-1,0,0,0
594.25,186.291,-4.75,-8.227,155,485,-1,0,0,0
589.5,178.064,-4.75,-8.227,150,485,-1,0,0,0
584.75,169.837,-4.75,-8.227,145,485,-1,0,0,0
580.0,161.61,-4.75,-8.227,145,485,0,0,0,0
575.25,153.382,-4.75,-8.227,145,485,0,0,0,0
570.5,145.155,-4.75,-8.227,145,485,0,0,0,0
565.75,136.928,-4.75,-8.227,145,485,0,0,0,0
561.0,128.701,-4.75,-8.227,145,485,0,0,0,0
556.25,120.474,-4.75,-8.227,145,485,0,0,0,0
551.5,112.246,-4.75,-8.227,150,485,1,0,0,0
546.75,104.019,-4.75,-8.227,155,485,1,0,0,0
542.0,95.792,-4.75,-8.227,160,485,1,0,0,0
537.25,87.565,-4.75,-8.227,165,485,1,0,0,0
532.5,79.337,-4.75,-8.227,170,485,1,0,0,0
527.75,71.11,-4.75,-8.227,175,485,1,0,0,0
523.0,62.883,-4.75,-8.227,180,485,1,0,0,0
518.25,54.656,-4.75,-8.227,185,485,1,0,0,0
513.5,46.428,-4.75,-8.227,190,485,1,0,0,0
508.75,38.201,-4.75,-8.227,195,485,1,0,0,0
504.0,29.974,-4.75,-8.227,200,485,1,0,0,0
499.25,21.747,-4.75,-8.227,205,485,1,0,0,0
494.5,13.519,-4.75,-8.227,210,485,1,0,0,0
489.75,6.0,-4.75,8.227,215,485,1,0,0,0
485.0,14.227,-4.75,8.227,220,485,1,0,0,0
480.25,22.454,-4.75,8.227,225,485,1,0,0,0
475.5,30.682,-4.75,8.227,230,485,1,0,0,0
470.75,38.909,-4.75,8.227,235,485,1,0,0,0
466.0,47.136,-4.75,8.227,240,485,1,0,0,0
461.25,55.363,-4.75,8.227,245,485,1,0,0,0
456.5,63.591,-4.75,8.227,250,485,1,0,0,0
451.75,71.818,-4.75,8.227,255,485,1,0,0,0
447.0,80.045,-4.75,8.227,260,485,1,0,0,0
442.25,88.272,-4.75,8.227,265,485,1,0,0,0
437.5,96.5,-4.75,8.227,270,485,1,0,0,0
432.75,104.727,-4.75,8.227,275,485,1,0,0,0
428.0,112.954,-4.75,8.227,280,485,1,0,0,0
423.25,121.181,-4.75,8.227,285,485,1,0,0,0
418.5,129.409,-4.75,8.227,290,485,1,0,0,0
413.75,137.636,-4.75,8.227,295,485,1,0,0,0
409.0,145.863,-4.75,8.227,300,485,1,0,0,0
404.25,154.09,-4.75,8.227,305,485,1,0,0,0
399.5,162.318,-4.75,8.227,310,485,1,0,0,0
394.75,170.545,-4.75,8.227,315,485,1,0,0,0
390.0,178.772,-4.75,8.227,320,485,1,0,0,0
385.25,186.999,-4.75,8.227,325,485,1,0,0,0
380.5,195.227,-4.75,8.227,330,485,1,0,0,0
375.75,203.454,-4.75,8.227,335,485,1,0,0,0
371.0,211.681,-4.75,8.227,340,485,1,0,0,0
366.25,219.908,-4.75,8.227,345,485,1,0,0,0
361.5,228.136,-4.75,8.227,350,485,1,0,0,0
356.75,236.363,-4.75,8.227,355,485,1,0,0,0
352.0,244.59,-4.75,8.227,360,485,1,0,0,0
347.25,252.817,-4.75,8.227,365,485,1,0,0,0
342.5,261.044,-4.75,8.227,370,485,1,0,0,0
337.75,269.272,-4.75,8.227,375,485,1,0,0,0
333.0,277.499,-4.75,8.227,380,485,1,0,0,0
328.25,285.726,-4.75,8.227,385,485,1,0,0,0
323.5,293.953,-4.75,8.227,390,485,1,0,0,0
318.75,302.181,-4.75,8.227,395,485,1,0,0,0
314.0,310.408,-4.75,8.227,400,485,1,0,0,0
309.25,318.635,-4.75,8.227,405,485,1,0,0,0
304.5,326.862,-4.75,8.227,410,485,1,0,0,0
299.75,335.09,-4.75,8.227,415,485,1,0,0,0
295.0,343.317,-4.75,8.227,420,485,1,0,0,0
290.25,351.544,-4.75,8.227,425,485,1,0,0,0
285.5,359.771,-4.75,8.227,430,485,1,0,0,0
280.75,367.999,-4.75,8.227,435,485,1,0,0,0
276.0,376.226,-4.75,8.227,440,485,1,0,0,0
271.25,384.453,-4.75,8.227,445,485,1,0,0,0
266.5,392.68,-4.75,8.227,450,485,1,0,0,0
261.75,400.908,-4.75,8.227,455,485,1,0,0,0
257.0,409.135,-4.75,8.227,460,485,1,0,0,0
252.25,417.362,-4.75,8.227,465,485,1,0,0,0
247.5,425.589,-4.75,8.227,470,485,1,0,0,0
242.75,433.817,-4.75,8.227,475,485,1,0,0,0
238.0,442.044,-4.75,8.227,475,485,0,0,0,0
233.25,450.271,-4.75,8.227,475,485,0,0,0,0
228.5,458.498,-4.75,8.227,475,485,0,0,0,0
223.75,466.726,-4.75,8.227,475,485,0,0,0,0
219.0,474.953,-4.75,8.227,470,485,-1,0,0,0
214.25,483.18,-4.75,8.227,465,485,-1,0,0,0
209.5,491.407,-4.75,8.227,460,485,-1,0,0,0
204.75,499.634,-4.75,8.227,455,485,-1,0,0,0
200.0,507.862,-4.75,8.227,450,485,-1,0,0,0
195.25,516.089,-4.75,8.227,445,485,-1,0,0,0
190.5,524.316,-4.75,8.227,440,485,-1,0,0,0
185.75,532.543,-4.75,8.227,435,485,-1,0,0,0
181.0,540.771,-4.75,8.227,430,485,-1,0,0,0
176.25,548.998,-4.75,8.227,425,485,-1,0,0,0
171.5,557.225,-4.75,8.227,420,485,-1,0,0,0
166.75,565.452,-4.75,8.227,415,485,-1,0,0,0
162.0,573.68,-4.75,8.227,415,485,0,0,0,0
157.25,581.907,-4.75,8.227,415,485,0,0,0,0
152.5,590.134,-4.75,8.227,415,485,0,0,0,0
147.75,594.0,-4.75,-8.227,415,485,0,0,0,0
143.0,585.773,-4.75,-8.227,415,485,0,0,0,0
138.25,577.546,-4.75,-8.227,415,485,0,0,0,0
133.5,569.318,-4.75,-8.227,415,485,0,0,0,0
128.75,561.091,-4.75,-8.227,415,485,0,0,0,0
124.0,552.864,-4.75,-8.227,415,485,0,0,0,0
119.25,544.637,-4.75,-8.227,415,485,0,0,0,0
114.5,536.409,-4.75,-8.227,415,485,0,0,0,0
109.75,528.182,-4.75,-8.227,410,485,-1,0,0,0
105.0,519.955,-4.75,-8.227,405,485,-1,0,0,0
100.25,511.728,-4.75,-8.227,400,485,-1,0,0,0
95.5,503.5,-4.75,-8.227,395,485,-1,0,0,0
90.75,495.273,-4.75,-8.227,390,485,-1,0,0,0
86.0,487.046,-4.75,-8.227,385,485,-1,0,0,0
81.25,478.819,-4.75,-8.227,380,485,-1,0,0,0
76.5,470.591,-4.75,-8.227,375,485,-1,0,0,0
71.75,462.364,-4.75,-8.227,375,485,0,0,0,0
67.0,454.137,-4.75,-8.227,375,485,0,0,0,0
62.25,445.91,-4.75,-8.227,375,485,0,0,0,0
57.5,437.682,-4.75,-8.227,375,485,0,0,0,0
52.75,429.455,-4.75,-8.227,375,485,0,0,0,0
48.0,421.228,-4.75,-8.227,375,485,0,0,0,0
49.0,413.001,9.787,-0.513,375,485,0,0,0,0
58.787,412.488,9.787,-0.513,375,485,0,0,0,0
68.573,411.975,9.787,-0.513,375,485,0,0,0,0
78.36,411.463,9.787,-0.513,375,485,0,0,0,0
88.146,410.95,9.787,-0.513,375,485,0,0,0,0
97.933,410.437,9.787,-0.513,375,485,0,0,0,0
107.719,409.924,9.787,-0.513,375,485,0,0,0,0
117.506,409.412,9.787,-0.513,375,485,0,0,0,0
127.293,408.899,9.787,-0.513,375,485,0,0,0,0
137.079,408.386,9.787,-0.513,375,485,0,0,0,0
146.866,407.874,9.787,-0.513,375,485,0,0,0,0
156.652,407.361,9.787,-0.513,375,485,0,0,0,0
166.439,406.848,9.787,-0.513,375,485,0,0,0,0
176.226,406.335,9.787,-0.513,375,485,0,0,0,0
186.012,405.823,9.787,-0.513,375,485,0,0,0,0
195.799,405.31,9.787,-0.513,375,485,0,0,0,0
205.585,404.797,9.787,-0.513,375,485,0,0,0,0
215.372,404.285,9.787,-0.513,375,485,0,0,0,0
225.158,403.772,9.787,-0.513,375,485,0,0,0,0
234.945,403.259,9.787,-0.513,375,485,0,0,0,0
244.732,402.746,9.787,-0.513,375,485,0,0,0,0
254.518,402.234,9.787,-0.513,375,485,0,0,0,0
264.305,401.721,9.787,-0.513,375,485,0,0,0,0
274.091,401.208,9.787,-0.513,375,480,0,-1,0,0
283.878,400.696,9.787,-0.513,375,475,0,-1,0,0
293.664,400.183,9.787,-0.513,375,470,0,-1,0,0
303.451,399.67,9.787,-0.513,375,465,0,-1,0,0
313.238,399.157,9.787,-0.513,375,460,0,-1,0,0
323.024,398.645,9.787,-0.513,375,455,0,-1,0,0
332.811,398.132,9.787,-0.513,375,450,0,-1,0,0
342.597,397.619,9.787,-0.513,375,445,0,-1,0,0
352.384,397.107,9.787,-0.513,375,440,0,-1,0,0
362.171,396.594,9.787,-0.513,375,435,0,-1,0,0
371.957,396.081,9.787,-0.513,375,430,0,-1,0,0
381.744,395.568,9.787,-0.513,375,425,0,-1,0,0
391.53,395.056,9.787,-0.513,375,420,0,-1,0,0
401.317,394.543,9.787,-0.513,375,415,0,-1,0,0
411.103,394.03,9.787,-0.513,375,410,0,-1,0,0
420.89,393.518,9.787,-0.513,375,405,0,-1,0,0
430.677,393.005,9.787,-0.513,375,400,0,-1,0,0
440.463,392.492,9.787,-0.513,375,395,0,-1,0,0
450.25,391.979,9.787,-0.513,375,390,0,-1,0,0
460.036,391.467,9.787,-0.513,375,385,0,-1,0,0
469.823,390.954,9.787,-0.513,375,380,0,-1,0,0
479.609,390.441,9.787,-0.513,375,375,0,-1,0,0
489.396,389.928,9.787,-0.513,375,370,0,-1,0,0
499.183,389.416,9.787,-0.513,375,365,0,-1,0,0
508.969,388.903,9.787,-0.513,375,360,0,-1,0,0
518.756,388.39,9.787,-0.513,375,355,0,-1,0,0
528.542,387.878,9.787,-0.513,375,350,0,-1,0,0
538.329,387.365,9.787,-0.513,375,345,0,-1,0,0
548.116,386.852,9.787,-0.513,375,340,0,-1,0,0
557.902,386.339,9.787,-0.513,375,335,0,-1,0,0
567.689,385.827,9.787,-0.513,375,330,0,-1,0,0
577.475,385.314,9.787,-0.513,375,325,0,-1,0,0
587.262,384.801,9.787,-0.513,375,320,0,-1,0,0
597.048,384.289,9.787,-0.513,375,315,0,-1,0,0
606.835,383.776,9.787,-0.513,375,315,0,0,0,0
616.622,383.263,9.787,-0.513,375,315,0,0,0,0
626.408,382.75,9.787,-0.513,375,315,0,0,0,0
636.195,382.238,9.787,-0.513,375,315,0,0,0,0
645.981,381.725,9.787,-0.513,375,315,0,0,0,0
655.768,381.212,9.787,-0.513,375,315,0,0,0,0
665.554,380.7,9.787,-0.513,375,315,0,0,0,0
675.341,380.187,9.787,-0.513,375,315,0,0,0,0
685.128,379.674,9.787,-0.513,375,315,0,0,0,0
694.914,379.161,9.787,-0.513,375,315,0,0,0,0
704.701,378.649,9.787,-0.513,375,315,0,0,0,0
714.487,378.136,9.787,-0.513,375,315,0,0,0,0
724.274,377.623,9.787,-0.513,375,315,0,0,0,0
734.061,377.111,9.787,-0.513,375,315,0,0,0,0
743.847,376.598,9.787,-0.513,375,315,0,0,0,0
751.0,376.085,-8.6,5.296,375,315,0,0,0,0
742.4,381.382,-8.6,5.296,375,315,0,0,0,0
733.8,386.678,-8.6,5.296,375,315,0,0,0,0
725.2,391.974,-8.6,5.296,375,315,0,0,0,0
716.6,397.271,-8.6,5.296,375,315,0,0,0,0
708.001,402.567,-8.6,5.296,375,315,0,0,0,0
699.401,407.864,-8.6,5.296,375,315,0,0,0,0
690.801,413.16,-8.6,5.296,375,315,0,0,0,0
682.201,418.457,-8.6,5.296,375,315,0,0,0,0
673.601,423.753,-8.6,5.296,375,315,0,0,0,0
665.001,429.049,-8.6,5.296,375,315,0,0,0,0
656.401,434.346,-8.6,5.296,375,315,0,0,0,0
647.801,439.642,-8.6,5.296,375,315,0,0,0,0
639.202,444.939,-8.6,5.296,375,315,0,0,0,0
630.602,450.235,-8.6,5.296,375,315,0,0,0,0
622.002,455.532,-8.6,5.296,375,315,0,0,0,0
613.402,460.828,-8.6,5.296,375,315,0,0,0,0
604.802,466.124,-8.6,5.296,375,315,0,0,0,0
596.202,471.421,-8.6,5.296,375,315,0,0,0,0
587.602,476.717,-8.6,5.296,375,320,0,1,0,0
579.002,482.014,-8.6,5.296,375,325,0,1,0,0
570.403,487.31,-8.6,5.296,375,330,0,1,0,0
561.803,492.607,-8.6,5.296,375,335,0,1,0,0
553.203,497.903,-8.6,5.296,375,340,0,1,0,0
544.603,503.199,-8.6,5.296,375,345,0,1,0,0
536.003,508.496,-8.6,5.296,375,350,0,1,0,0
527.403,513.792,-8.6,5.296,375,355,0,1,0,0
518.803,519.089,-8.6,5.296,375,360,0,1,0,0
510.203,524.385,-8.6,5.296,375,365,0,1,0,0
501.604,529.682,-8.6,5.296,375,370,0,1,0,0
493.004,534.978,-8.6,5.296,375,370,0,0,0,0
484.404,540.274,-8.6,5.296,380,370,1,0,0,0
475.804,545.571,-8.6,5.296,385,370,1,0,0,0
467.204,550.867,-8.6,5.296,390,370,1,0,0,0
458.604,556.164,-8.6,5.296,395,370,1,0,0,0
450.004,561.46,-8.6,5.296,400,370,1,0,0,0
441.404,566.757,-8.6,5.296,405,370,1,0,0,0
432.805,572.053,-8.6,5.296,410,370,1,0,0,0
424.205,577.349,-8.6,5.296,415,370,1,0,0,0
415.605,582.646,-8.6,5.296,420,370,1,0,0,0
407.005,587.942,-8.6,5.296,425,370,1,0,0,0
398.405,593.239,-8.6,5.296,425,370,0,0,0,0
389.805,594.0,-8.6,-5.296,425,370,0,0,0,0
381.205,588.704,-8.6,-5.296,425,370,0,0,0,0
372.605,583.407,-8.6,-5.296,425,370,0,0,0,0
364.006,578.111,-8.6,-5.296,425,370,0,0,0,0
355.406,572.814,-8.6,-5.296,425,370,0,0,0,0
346.806,567.518,-8.6,-5.296,425,370,0,0,0,0
338.206,562.221,-8.6,-5.296,420,370,-1,0,0,0
329.606,556.925,-8.6,-5.296,415,370,-1,0,0,0
321.006,551.629,-8.6,-5.296,410,370,-1,0,0,0
312.406,546.332,-8.6,-5.296,405,370,-1,0,0,0
303.806,541.036,-8.6,-5.296,400,370,-1,0,0,0
295.207,535.739,-8.6,-5.296,395,370,-1,0,0,0
286.607,530.443,-8.6,-5.296,390,370,-1,0,0,0
278.007,525.146,-8.6,-5.296,385,370,-1,0,0,0
269.407,519.85,-8.6,-5.296,380,370,-1,0,0,0
260.807,514.554,-8.6,-5.296,375,370,-1,0,0,0
252.207,509.257,-8.6,-5.296,370,370,-1,0,0,0
243.607,503.961,-8.6,-5.296,365,370,-1,0,0,0
235.007,498.664,-8.6,-5.296,360,370,-1,0,0,0
226.408,493.368,-8.6,-5.296,355,370,-1,0,0,0
217.808,488.071,-8.6,-5.296,350,370,-1,0,0,0
209.208,482.775,-8.6,-5.296,345,370,-1,0,0,0
200.608,477.479,-8.6,-5.296,340,370,-1,0,0,0
192.008,472.182,-8.6,-5.296,335,370,-1,0,0,0
183.408,466.886,-8.6,-5.296,330,370,-1,0,0,0
174.808,461.589,-8.6,-5.296,330,370,0,0,0,0
166.208,456.293,-8.6,-5.296,330,370,0,0,0,0
157.609,450.996,-8.6,-5.296,330,370,0,0,0,0
149.009,445.7,-8.6,-5.296,330,370,0,0,0,0
140.409,440.404,-8.6,-5.296,330,370,0,0,0,0
131.809,435.107,-8.6,-5.296,330,370,0,0,0,0
123.209,429.811,-8.6,-5.296,330,370,0,0,0,0
114.609,424.514,-8.6,-5.296,330,370,0,0,0,0
106.009,419.218,-8.6,-5.296,330,370,0,0,0,0
97.409,413.922,-8.6,-5.296,330,370,0,0,0,0
88.81,408.625,-8.6,-5.296,330,370,0,0,0,0
80.21,403.329,-8.6,-5.296,330,370,0,0,0,0
71.61,398.032,-8.6,-5.296,330,370,0,0,0,0
63.01,392.736,-8.6,-5.296,330,370,0,0,0,0
54.41,387.439,-8.6,-5.296,330,370,0,0,0,0
49.0,382.143,9.879,3.251,330,370,0,0,0,0
58.879,385.394,9.879,3.251,330,370,0,0,0,0
68.758,388.644,9.879,3.251,330,370,0,0,0,0
78.637,391.895,9.879,3.251,330,370,0,0,0,0
88.516,395.146,9.879,3.251,330,370,0,0,0,0
98.394,398.397,9.879,3.251,330,370,0,0,0,0
108.273,401.648,9.879,3.251,330,370,0,0,0,0
118.152,404.898,9.879,3.251,330,370,0,0,0,0
128.031,408.149,9.879,3.251,330,370,0,0,0,0
137.91,411.4,9.879,3.251,330,370,0,0,0,0
147.789,414.651,9.879,3.251,330,370,0,0,0,0
157.668,417.901,9.879,3.251,330,370,0,0,0,0
167.547,421.152,9.879,3.251,325,370,-1,0,0,0
177.426,424.403,9.879,3.251,320,370,-1,0,0,0
187.304,427.654,9.879,3.251,315,370,-1,0,0,0
197.183,430.904,9.879,3.251,310,370,-1,0,0,0
207.062,434.155,9.879,3.251,305,370,-1,0,0,0
216.941,437.406,9.879,3.251,300,365,-1,-1,0,0
226.82,440.657,9.879,3.251,295,360,-1,-1,0,0
236.699,443.908,9.879,3.251,290,355,-1,-1,0,0
246.578,447.158,9.879,3.251,290,350,0,-1,0,0
256.457,450.409,9.879,3.251,290,345,0,-1,0,0
266.336,453.66,9.879,3.251,290,345,0,0,0,0
276.215,456.911,9.879,3.251,290,345,0,0,0,0
286.093,460.161,9.879,3.251,290,345,0,0,0,0
295.972,463.412,9.879,3.251,290,345,0,0,0,0
305.851,466.663,9.879,3.251,290,345,0,0,0,0
315.73,469.914,9.879,3.251,290,345,0,0,0,0
325.609,473.164,9.879,3.251,290,345,0,0,0,0
335.488,476.415,9.879,3.251,290,350,0,1,0,0
345.367,479.666,9.879,3.251,290,355,0,1,0,0
355.246,482.917,9.879,3.251,290,360,0,1,0,0
365.125,486.168,9.879,3.251,290,365,0,1,0,0
375.003,489.418,9.879,3.251,290,370,0,1,0,0
384.882,492.669,9.879,3.251,290,375,0,1,0,0
394.761,495.92,9.879,3.251,290,380,0,1,0,0
404.64,499.171,9.879,3.251,290,385,0,1,0,0
414.519,502.421,9.879,3.251,290,390,0,1,0,0
424.398,505.672,9.879,3.251,290,395,0,1,0,0
434.277,508.923,9.879,3.251,290,400,0,1,0,0
444.156,512.174,9.879,3.251,290,405,0,1,0,0
454.035,515.424,9.879,3.251,290,410,0,1,0,0
463.913,518.675,9.879,3.251,290,415,0,1,0,0
473.792,521.926,9.879,3.251,290,420,0,1,0,0
483.671,525.177,9.879,3.251,290,425,0,1,0,0
493.55,528.428,9.879,3.251,290,430,0,1,0,0
503.429,531.678,9.879,3.251,290,435,0,1,0,0
513.308,534.929,9.879,3.251,290,440,0,1,0,0
523.187,538.18,9.879,3.251,290,445,0,1,0,0
533.066,541.431,9.879,3.251,290,450,0,1,0,0
542.945,544.681,9.879,3.251,290,455,0,1,0,0
552.823,547.932,9.879,3.251,290,460,0,1,0,0
562.702,551.183,9.879,3.251,290,465,0,1,0,0
572.581,554.434,9.879,3.251,290,465,0,0,0,0
582.46,557.684,9.879,3.251,290,465,0,0,0,0
592.339,560.935,9.879,3.251,290,465,0,0,0,0
602.218,564.186,9.879,3.251,290,465,0,0,0,0
612.097,567.437,9.879,3.251,290,465,0,0,0,0
621.976,570.688,9.879,3.251,290,465,0,0,0,0
631.855,573.938,9.879,3.251,290,465,0,0,0,0
641.734,577.189,9.879,3.251,290,465,0,0,0,0
651.612,580.44,9.879,3.251,290,465,0,0,0,0
661.491,583.691,9.879,3.251,290,465,0,0,0,0
671.37,586.941,9.879,3.251,290,465,0,0,0,0
681.249,590.192,9.879,3.251,290,465,0,0,0,0
691.128,593.443,9.879,3.251,290,465,0,0,0,0
701.007,594.0,9.879,-3.251,290,465,0,0,0,0
710.886,590.749,9.879,-3.251,290,465,0,0,0,0
720.765,587.498,9.879,-3.251,290,465,0,0,0,0
730.644,584.248,9.879,-3.251,290,465,0,0,0,0
740.522,580.997,9.879,-3.251,290,465,0,0,0,0
750.401,577.746,9.879,-3.251,290,465,0,0,0,0
760.28,574.495,9.879,-3.251,290,465,0,0,0,0
770.159,571.245,9.879,-3.251,290,465,0,0,0,0
780.038,567.994,9.879,-3.251,290,465,0,0,0,0
789.917,564.743,9.879,-3.251,290,465,0,0,0,0
799.796,561.492,9.879,-3.251,290,465,0,0,0,0
400.0,300.0,-4.887,-1.059,290,465,0,0,1,0
395.113,298.941,-4.887,-1.059,290,465,0,0,0,0
390.227,297.883,-4.887,-1.059,290,465,0,0,0,0
385.34,296.824,-4.887,-1.059,290,465,0,0,0,0
380.453,295.766,-4.887,-1.059,290,465,0,0,0,0
375.567,294.707,-4.887,-1.059,290,465,0,0,0,0
370.68,293.649,-4.887,-1.059,290,465,0,0,0,0
365.793,292.59,-4.887,-1.059,290,465,0,0,0,0
360.907,291.532,-4.887,-1.059,290,465,0,0,0,0
356.02,290.473,-4.887,-1.059,290,465,0,0,0,0
351.133,289.415,-4.887,-1.059,290,465,0,0,0,0
346.247,288.356,-4.887,-1.059,290,465,0,0,0,0
341.36,287.298,-4.887,-1.059,290,465,0,0,0,0
336.473,286.239,-4.887,-1.059,290,465,0,0,0,0
331.587,285.181,-4.887,-1.059,290,465,0,0,0,0
326.7,284.122,-4.887,-1.059,290,465,0,0,0,0
321.813,283.064,-4.887,-1.059,290,465,0,0,0,0
316.927,282.005,-4.887,-1.059,290,465,0,0,0,0
312.04,280.947,-4.887,-1.059,290,465,0,0,0,0
307.153,279.888,-4.887,-1.059,290,465,0,0,0,0
302.267,278.83,-4.887,-1.059,290,465,0,0,0,0
297.38,277.771,-4.887,-1.059,290,465,0,0,0,0
292.493,276.713,-4.887,-1.059,290,465,0,0,0,0
287.607,275.654,-4.887,-1.059,290,465,0,0,0,0
282.72,274.596,-4.887,-1.059,290,465,0,0,0,0
277.833,273.537,-4.887,-1.059,290,465,0,0,0,0
272.947,272.479,-4.887,-1.059,290,465,0,0,0,0
268.06,271.42,-4.887,-1.059,290,465,0,0,0,0
263.173,270.362,-4.887,-1.059,290,465,0,0,0,0
258.287,269.303,-4.887,-1.059,290,465,0,0,0,0
253.4,268.245,-4.887,-1.059,290,465,0,0,0,0
248.513,267.186,-4.887,-1.059,290,465,0,0,0,0
243.627,266.128,-4.887,-1.059,290,465,0,0,0,0
238.74,265.069,-4.887,-1.059,285,465,-1,0,0,0
233.853,264.011,-4.887,-1.059,280,465,-1,0,0,0
228.966,262.952,-4.887,-1.059,275,465,-1,0,0,0
224.08,261.894,-4.887,-1.059,270,465,-1,0,0,0
219.193,260.835,-4.887,-1.059,265,465,-1,0,0,0
214.306,259.777,-4.887,-1.059,260,465,-1,0,0,0
209.42,258.718,-4.887,-1.059,255,465,-1,0,0,0
204.533,257.66,-4.887,-1.059,250,465,-1,0,0,0
199.646,256.601,-4.887,-1.059,245,465,-1,0,0,0
194.76,255.543,-4.887,-1.059,240,465,-1,0,0,0
189.873,254.484,-4.887,-1.059,235,465,-1,0,0,0
184.986,253.426,-4.887,-1.059,230,465,-1,0,0,0
180.1,252.367,-4.887,-1.059,225,465,-1,0,0,0
175.213,251.309,-4.887,-1.059,220,465,-1,0,0,0
170.326,250.25,-4.887,-1.059,215,465,-1,0,0,0
165.44,249.192,-4.887,-1.059,210,465,-1,0,0,0
160.553,248.133,-4.887,-1.059,205,465,-1,0,0,0
155.666,247.075,-4.887,-1.059,200,465,-1,0,0,0
150.78,246.016,-4.887,-1.059,195,465,-1,0,0,0
145.893,244.958,-4.887,-1.059,190,465,-1,0,0,0
141.006,243.899,-4.887,-1.059,185,465,-1,0,0,0
136.12,242.841,-4.887,-1.059,180,465,-1,0,0,0
131.233,241.782,-4.887,-1.059,175,465,-1,0,0,0
126.346,240.724,-4.887,-1.059,175,465,0,0,0,0
121.46,239.665,-4.887,-1.059,175,465,0,0,0,0
116.573,238.607,-4.887,-1.059,175,465,0,0,0,0
111.686,237.548,-4.887,-1.059,175,465,0,0,0,0
106.8,236.49,-4.887,-1.059,175,465,0,0,0,0
101.913,235.431,-4.887,-1.059,175,465,0,0,0,0
97.026,234.373,-4.887,-1.059,175,465,0,0,0,0
92.14,233.314,-4.887,-1.059,175,465,0,0,0,0
87.253,232.255,-4.887,-1.059,175,465,0,0,0,0
82.366,231.197,-4.887,-1.059,175,465,0,0,0,0
77.48,230.138,-4.887,-1.059,175,465,0,0,0,0
72.593,229.08,-4.887,-1.059,175,465,0,0,0,0
67.706,228.021,-4.887,-1.059,175,465,0,0,0,0
62.82,226.963,-4.887,-1.059,175,465,0,0,0,0
57.933,225.904,-4.887,-1.059,175,465,0,0,0,0
53.046,224.846,-4.887,-1.059,175,465,0,0,0,0
48.16,223.787,-4.887,-1.059,175,465,0,0,0,0
49.0,222.729,5.192,1.065,175,465,0,0,0,0
54.192,223.794,5.192,1.065,175,465,0,0,0,0
59.384,224.859,5.192,1.065,175,465,0,0,0,0
64.576,225.924,5.192,1.065,175,465,0,0,0,0
69.767,226.989,5.192,1.065,175,465,0,0,0,0
74.959,228.054,5.192,1.065,175,465,0,0,0,0
80.151,229.12,5.192,1.065,175,465,0,0,0,0
85.343,230.185,5.192,1.065,175,460,0,-1,0,0
90.535,231.25,5.192,1.065,175,455,0,-1,0,0
95.727,232.315,5.192,1.065,175,450,0,-1,0,0
100.919,233.38,5.192,1.065,175,445,0,-1,0,0
106.111,234.445,5.192,1.065,175,440,0,-1,0,0
111.302,235.51,5.192,1.065,175,435,0,-1,0,0
116.494,236.575,5.192,1.065,175,430,0,-1,0,0
121.686,237.64,5.192,1.065,175,425,0,-1,0,0
126.878,238.706,5.192,1.065,175,420,0,-1,0,0
132.07,239.771,5.192,1.065,175,415,0,-1,0,0
137.262,240.836,5.192,1.065,175,410,0,-1,0,0
142.454,241.901,5.192,1.065,175,405,0,-1,0,0
147.646,242.966,5.192,1.065,175,400,0,-1,0,0
152.837,244.031,5.192,1.065,175,395,0,-1,0,0
158.029,245.096,5.192,1.065,175,390,0,-1,0,0
163.221,246.161,5.192,1.065,175,385,0,-1,0,0
168.413,247.227,5.192,1.065,175,385,0,0,0,0
173.605,248.292,5.192,1.065,175,385,0,0,0,0
178.797,249.357,5.192,1.065,175,385,0,0,0,0
183.989,250.422,5.192,1.065,175,385,0,0,0,0
189.181,251.487,5.192,1.065,175,385,0,0,0,0
194.372,252.552,5.192,1.065,175,385,0,0,0,0
199.564,253.617,5.192,1.065,175,385,0,0,0,0
204.756,254.682,5.192,1.065,175,385,0,0,0,0
209.948,255.747,5.192,1.065,175,385,0,0,0,0
215.14,256.813,5.192,1.065,175,385,0,0,0,0
220.332,257.878,5.192,1.065,175,385,0,0,0,0
225.524,258.943,5.192,1.065,175,385,0,0,0,0
230.716,260.008,5.192,1.065,175,385,0,0,0,0
235.907,261.073,5.192,1.065,175,385,0,0,0,0
241.099,262.138,5.192,1.065,175,385,0,0,0,0
246.291,263.203,5.192,1.065,175,380,0,-1,0,0
251.483,264.268,5.192,1.065,175,375,0,-1,0,0
256.675,265.333,5.192,1.065,175,370,0,-1,0,0
261.867,266.399,5.192,1.065,175,365,0,-1,0,0
267.059,267.464,5.192,1.065,175,360,0,-1,0,0
272.25,268.529,5.192,1.065,175,355,0,-1,0,0
277.442,269.594,5.192,1.065,175,350,0,-1,0,0
282.634,270.659,5.192,1.065,175,345,0,-1,0,0
287.826,271.724,5.192,1.065,175,340,0,-1,0,0
293.018,272.789,5.192,1.065,175,335,0,-1,0,0
298.21,273.854,5.192,1.065,175,330,0,-1,0,0
303.402,274.919,5.192,1.065,175,325,0,-1,0,0
308.594,275.985,5.192,1.065,175,320,0,-1,0,0
313.785,277.05,5.192,1.065,175,315,0,-1,0,0
318.977,278.115,5.192,1.065,175,310,0,-1,0,0
324.169,279.18,5.192,1.065,175,305,0,-1,0,0
329.361,280.245,5.192,1.065,175,300,0,-1,0,0
334.553,281.31,5.192,1.065,175,295,0,-1,0,0
339.745,282.375,5.192,1.065,175,290,0,-1,0,0
344.937,283.44,5.192,1.065,175,290,0,0,0,0
350.129,284.505,5.192,1.065,175,290,0,0,0,0
355.32,285.571,5.192,1.065,175,290,0,0,0,0
360.512,286.636,5.192,1.065,175,290,0,0,0,0
365.704,287.701,5.192,1.065,175,290,0,0,0,0
370.896,288.766,5.192,1.065,175,290,0,0,0,0
376.088,289.831,5.192,1.065,175,290,0,0,0,0
381.28,290.896,5.192,1.065,175,290,0,0,0,0
386.472,291.961,5.192,1.065,175,290,0,0,0,0
391.664,293.026,5.192,1.065,175,290,0,0,0,0
396.855,294.091,5.192,1.065,175,290,0,0,0,0
402.047,295.157,5.192,1.065,175,290,0,0,0,0
407.239,296.222,5.192,1.065,175,290,0,0,0,0
412.431,297.287,5.192,1.065,175,290,0,0,0,0
417.623,298.352,5.192,1.065,175,290,0,0,0,0
422.815,299.417,5.192,1.065,175,290,0,0,0,0
428.007,300.482,5.192,1.065,175,290,0,0,0,0
433.199,301.547,5.192,1.065,175,290,0,0,0,0
438.39,302.612,5.192,1.065,175,290,0,0,0,0
443.582,303.677,5.192,1.065,175,290,0,0,0,0
448.774,304.743,5.192,1.065,175,290,0,0,0,0
453.966,305.808,5.192,1.065,175,290,0,0,0,0
459.158,306.873,5.192,1.065,175,290,0,0,0,0
464.35,307.938,5.192,1.065,175,290,0,0,0,0
469.542,309.003,5.192,1.065,175,290,0,0,0,0
474.734,310.068,5.192,1.065,175,290,0,0,0,0
479.925,311.133,5.192,1.065,175,290,0,0,0,0
485.117,312.198,5.192,1.065,175,290,0,0,0,0
490.309,313.264,5.192,1.065,175,290,0,0,0,0
495.501,314.329,5.192,1.065,175,295,0,1,0,0
500.693,315.394,5.192,1.065,175,300,0,1,0,0
505.885,316.459,5.192,1.065,175,305,0,1,0,0
511.077,317.524,5.192,1.065,175,310,0,1,0,0
516.268,318.589,5.192,1.065,175,310,0,0,0,0
521.46,319.654,5.192,1.065,175,310,0,0,0,0
526.652,320.719,5.192,1.065,175,310,0,0,0,0
531.844,321.784,5.192,1.065,175,310,0,0,0,0
537.036,322.85,5.192,1.065,175,310,0,0,0,0
542.228,323.915,5.192,1.065,175,310,0,0,0,0
547.42,324.98,5.192,1.065,175,310,0,0,0,0
552.612,326.045,5.192,1.065,175,310,0,0,0,0
557.803,327.11,5.192,1.065,175,310,0,0,0,0
562.995,328.175,5.192,1.065,175,310,0,0,0,0
568.187,329.24,5.192,1.065,175,310,0,0,0,0
573.379,330.305,5.192,1.065,175,310,0,0,0,0
578.571,331.37,5.192,1.065,175,310,0,0,0,0
583.763,332.436,5.192,1.065,175,310,0,0,0,0
588.955,333.501,5.192,1.065,175,310,0,0,0,0
594.147,334.566,5.192,1.065,175,310,0,0,0,0
599.338,335.631,5.192,1.065,175,310,0,0,0,0
604.53,336.696,5.192,1.065,175,310,0,0,0,0
609.722,337.761,5.192,1.065,175,310,0,0,0,0
614.914,338.826,5.192,1.065,175,310,0,0,0,0
620.106,339.891,5.192,1.065,175,315,0,1,0,0
625.298,340.956,5.192,1.065,175,320,0,1,0,0
630.49,342.022,5.192,1.065,175,325,0,1,0,0
635.682,343.087,5.192,1.065,175,330,0,1,0,0
640.873,344.152,5.192,1.065,175,330,0,0,0,0
646.065,345.217,5.192,1.065,175,330,0,0,0,0
651.257,346.282,5.192,1.065,175,330,0,0,0,0
656.449,347.347,5.192,1.065,175,330,0,0,0,0
661.641,348.412,5.192,1.065,175,330,0,0,0,0
666.833,349.477,5.192,1.065,175,330,0,0,0,0
672.025,350.542,5.192,1.065,175,330,0,0,0,0
677.217,351.608,5.192,1.065,175,330,0,0,0,0
682.408,352.673,5.192,1.065,175,330,0,0,0,0
687.6,353.738,5.192,1.065,175,330,0,0,0,0
692.792,354.803,5.192,1.065,175,330,0,0,0,0
697.984,355.868,5.192,1.065,175,330,0,0,0,0
703.176,356.933,5.192,1.065,175,330,0,0,0,0
708.368,357.998,5.192,1.065,175,330,0,0,0,0
713.56,359.063,5.192,1.065,175,330,0,0,0,0
718.751,360.128,5.192,1.065,175,330,0,0,0,0
723.943,361.194,5.192,1.065,175,330,0,0,0,0
729.135,362.259,5.192,1.065,175,330,0,0,0,0
734.327,363.324,5.192,1.065,175,330,0,0,0,0
739.519,364.389,5.192,1.065,175,330,0,0,0,0
744.711,365.454,5.192,1.065,175,330,0,0,0,0
749.903,366.519,5.192,1.065,175,330,0,0,0,0
751.0,367.584,-5.589,-0.354,175,330,0,0,0,0
745.411,367.23,-5.589,-0.354,175,330,0,0,0,0
739.822,366.876,-5.589,-0.354,175,330,0,0,0,0
734.234,366.522,-5.589,-0.354,175,330,0,0,0,0
728.645,366.169,-5.589,-0.354,175,330,0,0,0,0
723.056,365.815,-5.589,-0.354,175,330,0,0,0,0
717.467,365.461,-5.589,-0.354,175,330,0,0,0,0
711.878,365.107,-5.589,-0.354,175,330,0,0,0,0
706.29,364.753,-5.589,-0.354,175,330,0,0,0,0
700.701,364.399,-5.589,-0.354,175,330,0,0,0,0
695.112,364.045,-5.589,-0.354,175,330,0,0,0,0
689.523,363.691,-5.589,-0.354,175,330,0,0,0,0
683.934,363.337,-5.589,-0.354,175,330,0,0,0,0
678.346,362.983,-5.589,-0.354,175,330,0,0,0,0
672.757,362.629,-5.589,-0.354,175,330,0,0,0,0
667.168,362.275,-5.589,-0.354,175,330,0,0,0,0
661.579,361.921,-5.589,-0.354,175,330,0,0,0,0
655.99,361.567,-5.589,-0.354,175,330,0,0,0,0
650.402,361.214,-5.589,-0.354,175,330,0,0,0,0
644.813,360.86,-5.589,-0.354,175,330,0,0,0,0
639.224,360.506,-5.589,-0.354,175,330,0,0,0,0
633.635,360.152,-5.589,-0.354,180,330,1,0,0,0
628.046,359.798,-5.589,-0.354,185,330,1,0,0,0
622.457,359.444,-5.589,-0.354,190,330,1,0,0,0
616.869,359.09,-5.589,-0.354,195,330,1,0,0,0
611.28,358.736,-5.589,-0.354,200,330,1,0,0,0
605.691,358.382,-5.589,-0.354,205,330,1,0,0,0
600.102,358.028,-5.589,-0.354,210,330,1,0,0,0
594.513,357.674,-5.589,-0.354,215,330,1,0,0,0
588.925,357.32,-5.589,-0.354,220,330,1,0,0,0
583.336,356.966,-5.589,-0.354,225,330,1,0,0,0
577.747,356.612,-5.589,-0.354,230,330,1,0,0,0
572.158,356.259,-5.589,-0.354,235,330,1,0,0,0
566.569,355.905,-5.589,-0.354,240,330,1,0,0,0
560.981,355.551,-5.589,-0.354,245,330,1,0,0,0
555.392,355.197,-5.589,-0.354,250,330,1,0,0,0
549.803,354.843,-5.589,-0.354,255,330,1,0,0,0
544.214,354.489,-5.589,-0.354,260,330,1,0,0,0
538.625,354.135,-5.589,-0.354,265,330,1,0,0,0
533.037,353.781,-5.589,-0.354,270,330,1,0,0,0
527.448,353.427,-5.589,-0.354,270,330,0,0,0,0
521.859,353.073,-5.589,-0.354,270,330,0,0,0,0
516.27,352.719,-5.589,-0.354,270,330,0,0,0,0
510.681,352.365,-5.589,-0.354,270,330,0,0,0,0
505.093,352.011,-5.589,-0.354,270,330,0,0,0,0
499.504,351.657,-5.589,-0.354,270,330,0,0,0,0
493.915,351.304,-5.589,-0.354,270,330,0,0,0,0
488.326,350.95,-5.589,-0.354,270,330,0,0,0,0
482.737,350.596,-5.589,-0.354,270,330,0,0,0,0
477.149,350.242,-5.589,-0.354,270,330,0,0,0,0
471.56,349.888,-5.589,-0.354,270,330,0,0,0,0
465.971,349.534,-5.589,-0.354,270,330,0,0,0,0
460.382,349.18,-5.589,-0.354,270,330,0,0,0,0
454.793,348.826,-5.589,-0.354,270,330,0,0,0,0
449.205,348.472,-5.589,-0.354,270,330,0,0,0,0
443.616,348.118,-5.589,-0.354,270,330,0,0,0,0
438.027,347.764,-5.589,-0.354,270,330,0,0,0,0
432.438,347.41,-5.589,-0.354,270,330,0,0,0,0
426.849,347.056,-5.589,-0.354,270,330,0,0,0,0
421.261,346.702,-5.589,-0.354,270,330,0,0,0,0
415.672,346.349,-5.589,-0.354,270,330,0,0,0,0
410.083,345.995,-5.589,-0.354,270,330,0,0,0,0
404.494,345.641,-5.589,-0.354,270,325,0,-1,0,0
398.905,345.287,-5.589,-0.354,270,320,0,-1,0,0
393.317,344.933,-5.589,-0.354,270,315,0,-1,0,0
387.728,344.579,-5.589,-0.354,270,310,0,-1,0,0
382.139,344.225,-5.589,-0.354,270,305,0,-1,0,0
376.55,343.871,-5.589,-0.354,270,300,0,-1,0,0
370.961,343.517,-5.589,-0.354,270,295,0,-1,0,0
365.372,343.163,-5.589,-0.354,270,290,0,-1,0,0
359.784,342.809,-5.589,-0.354,270,285,0,-1,0,0
354.195,342.455,-5.589,-0.354,270,285,0,0,0,0
348.606,342.101,-5.589,-0.354,270,285,0,0,0,0
343.017,341.747,-5.589,-0.354,270,285,0,0,0,0
337.428,341.394,-5.589,-0.354,270,285,0,0,0,0
331.84,341.04,-5.589,-0.354,270,285,0,0,0,0
326.251,340.686,-5.589,-0.354,270,285,0,0,0,0
320.662,340.332,-5.589,-0.354,270,285,0,0,0,0
315.073,339.978,-5.589,-0.354,270,285,0,0,0,0
309.484,339.624,-5.589,-0.354,270,285,0,0,0,0
303.896,339.27,-5.589,-0.354,270,285,0,0,0,0
298.307,338.916,-5.589,-0.354,270,285,0,0,0,0
292.718,338.562,-5.589,-0.354,270,285,0,0,0,0
287.129,338.208,-5.589,-0.354,270,285,0,0,0,0
281.54,337.854,-5.589,-0.354,270,285,0,0,0,0
275.952,337.5,-5.589,-0.354,270,285,0,0,0,0
270.363,337.146,-5.589,-0.354,270,285,0,0,0,0
264.774,336.792,-5.589,-0.354,270,285,0,0,0,0
259.185,336.439,-5.589,-0.354,270,280,0,-1,0,0
253.596,336.085,-5.589,-0.354,270,275,0,-1,0,0
248.008,335.731,-5.589,-0.354,270,270,0,-1,0,0
242.419,335.377,-5.589,-0.354,270,265,0,-1,0,0
236.83,335.023,-5.589,-0.354,270,265,0,0,0,0
231.241,334.669,-5.589,-0.354,270,265,0,0,0,0
225.652,334.315,-5.589,-0.354,270,265,0,0,0,0
220.064,333.961,-5.589,-0.354,270,265,0,0,0,0
214.475,333.607,-5.589,-0.354,270,265,0,0,0,0
208.886,333.253,-5.589,-0.354,270,265,0,0,0,0
203.297,332.899,-5.589,-0.354,275,265,1,0,0,0
197.708,332.545,-5.589,-0.354,280,265,1,0,0,0
192.12,332.191,-5.589,-0.354,285,265,1,0,0,0
186.531,331.837,-5.589,-0.354,285,265,0,0,0,0
180.942,331.484,-5.589,-0.354,285,265,0,0,0,0
175.353,331.13,-5.589,-0.354,285,265,0,0,0,0
169.764,330.776,-5.589,-0.354,285,265,0,0,0,0
164.176,330.422,-5.589,-0.354,285,265,0,0,0,0
158.587,330.068,-5.589,-0.354,285,265,0,0,0,0
152.998,329.714,-5.589,-0.354,285,265,0,0,0,0
147.409,329.36,-5.589,-0.354,285,265,0,0,0,0
141.82,329.006,-5.589,-0.354,285,265,0,0,0,0
136.232,328.652,-5.589,-0.354,285,265,0,0,0,0
130.643,328.298,-5.589,-0.354,285,265,0,0,0,0
125.054,327.944,-5.589,-0.354,285,265,0,0,0,0
119.465,327.59,-5.589,-0.354,285,265,0,0,0,0
113.876,327.236,-5.589,-0.354,285,265,0,0,0,0
108.287,326.882,-5.589,-0.354,285,265,0,0,0,0
102.699,326.529,-5.589,-0.354,285,265,0,0,0,0
97.11,326.175,-5.589,-0.354,285,265,0,0,0,0
91.521,325.821,-5.589,-0.354,285,265,0,0,0,0
85.932,325.467,-5.589,-0.354,285,265,0,0,0,0
80.343,325.113,-5.589,-0.354,285,265,0,0,0,0
74.755,324.759,-5.589,-0.354,285,265,0,0,0,0
69.166,324.405,-5.589,-0.354,285,265,0,0,0,0
63.577,324.051,-5.589,-0.354,285,265,0,0,0,0
57.988,323.697,-5.589,-0.354,285,265,0,0,0,0
52.399,323.343,-5.589,-0.354,285,265,0,0,0,0
49.0,322.989,5.892,-0.31,285,265,0,0,0,0
54.892,322.679,5.892,-0.31,285,265,0,0,0,0
60.784,322.368,5.892,-0.31,285,265,0,0,0,0
66.675,322.058,5.892,-0.31,285,265,0,0,0,0
72.567,321.747,5.892,-0.31,285,265,0,0,0,0
78.459,321.437,5.892,-0.31,285,265,0,0,0,0
84.351,321.127,5.892,-0.31,285,265,0,0,0,0
90.243,320.816,5.892,-0.31,285,265,0,0,0,0
96.135,320.506,5.892,-0.31,285,265,0,0,0,0
102.026,320.195,5.892,-0.31,285,265,0,0,0,0
107.918,319.885,5.892,-0.31,285,265,0,0,0,0
113.81,319.574,5.892,-0.31,285,265,0,0,0,0
119.702,319.264,5.892,-0.31,285,265,0,0,0,0
125.594,318.953,5.892,-0.31,285,265,0,0,0,0
131.486,318.643,5.892,-0.31,285,265,0,0,0,0
137.377,318.333,5.892,-0.31,285,265,0,0,0,0
143.269,318.022,5.892,-0.31,285,265,0,0,0,0
149.161,317.712,5.892,-0.31,285,265,0,0,0,0
155.053,317.401,5.892,-0.31,285,265,0,0,0,0
160.945,317.091,5.892,-0.31,285,265,0,0,0,0
166.837,316.78,5.892,-0.31,285,265,0,0,0,0
172.728,316.47,5.892,-0.31,285,265,0,0,0,0
178.62,316.159,5.892,-0.31,285,265,0,0,0,0
184.512,315.849,5.892,-0.31,285,265,0,0,0,0
190.404,315.539,5.892,-0.31,285,265,0,0,0,0
196.296,315.228,5.892,-0.31,285,265,0,0,0,0
202.187,314.918,5.892,-0.31,285,265,0,0,0,0
208.079,314.607,5.892,-0.31,285,265,0,0,0,0
213.971,314.297,5.892,-0.31,285,265,0,0,0,0
219.863,313.986,5.892,-0.31,285,265,0,0,0,0
225.755,313.676,5.892,-0.31,285,265,0,0,0,0
231.647,313.365,5.892,-0.31,285,265,0,0,0,0
237.538,313.055,5.892,-0.31,285,265,0,0,0,0
243.43,312.745,5.892,-0.31,285,265,0,0,0,0
249.322,312.434,5.892,-0.31,285,265,0,0,0,0
255.214,312.124,5.892,-0.31,285,265,0,0,0,0
261.106,311.813,5.892,-0.31,285,265,0,0,0,0
266.998,311.503,5.892,-0.31,285,265,0,0,0,0
272.889,311.192,5.892,-0.31,285,265,0,0,0,0
278.781,310.882,5.892,-0.31,285,265,0,0,0,0
284.673,310.571,5.892,-0.31,285,265,0,0,0,0
290.565,310.261,5.892,-0.31,285,265,0,0,0,0
296.457,309.951,5.892,-0.31,285,265,0,0,0,0
302.349,309.64,5.892,-0.31,285,265,0,0,0,0
308.24,309.33,5.892,-0.31,285,265,0,0,0,0
314.132,309.019,5.892,-0.31,285,265,0,0,0,0
320.024,308.709,5.892,-0.31,285,265,0,0,0,0
325.916,308.398,5.892,-0.31,285,265,0,0,0,0
331.808,308.088,5.892,-0.31,285,265,0,0,0,0
337.7,307.777,5.892,-0.31,285,265,0,0,0,0
343.591,307.467,5.892,-0.31,285,265,0,0,0,0
349.483,307.157,5.892,-0.31,285,265,0,0,0,0
355.375,306.846,5.892,-0.31,285,265,0,0,0,0
361.267,306.536,5.892,-0.31,285,265,0,0,0,0
367.159,306.225,5.892,-0.31,285,265,0,0,0,0
373.05,305.915,5.892,-0.31,285,265,0,0,0,0
378.942,305.604,5.892,-0.31,285,265,0,0,0,0
384.834,305.294,5.892,-0.31,285,265,0,0,0,0
390.726,304.983,5.892,-0.31,285,265,0,0,0,0
396.618,304.673,5.892,-0.31,285,265,0,0,0,0
402.51,304.363,5.892,-0.31,285,265,0,0,0,0
408.401,304.052,5.892,-0.31,285,265,0,0,0,0
414.293,303.742,5.892,-0.31,285,265,0,0,0,0
420.185,303.431,5.892,-0.31,285,265,0,0,0,0
426.077,303.121,5.892,-0.31,285,265,0,0,0,0
431.969,302.81,5.892,-0.31,285,265,0,0,0,0
437.861,302.5,5.892,-0.31,285,265,0,0,0,0
443.752,302.189,5.892,-0.31,285,265,0,0,0,0
449.644,301.879,5.892,-0.31,285,265,0,0,0,0
455.536,301.568,5.892,-0.31,285,265,0,0,0,0
461.428,301.258,5.892,-0.31,285,265,0,0,0,0
467.32,300.948,5.892,-0.31,285,265,0,0,0,0
473.212,300.637,5.892,-0.31,285,265,0,0,0,0
479.103,300.327,5.892,-0.31,285,265,0,0,0,0
484.995,300.016,5.892,-0.31,285,265,0,0,0,0
490.887,299.706,5.892,-0.31,285,265,0,0,0,0
496.779,299.395,5.892,-0.31,285,265,0,0,0,0
502.671,299.085,5.892,-0.31,285,265,0,0,0,0
508.562,298.774,5.892,-0.31,285,265,0,0,0,0
514.454,298.464,5.892,-0.31,285,265,0,0,0,0
520.346,298.154,5.892,-0.31,280,265,-1,0,0,0
526.238,297.843,5.892,-0.31,275,265,-1,0,0,0
532.13,297.533,5.892,-0.31,270,265,-1,0,0,0
538.022,297.222,5.892,-0.31,265,265,-1,0,0,0
543.913,296.912,5.892,-0.31,260,265,-1,0,0,0
549.805,296.601,5.892,-0.31,260,265,0,0,0,0
555.697,296.291,5.892,-0.31,260,265,0,0,0,0
561.589,295.98,5.892,-0.31,260,265,0,0,0,0
567.481,295.67,5.892,-0.31,260,265,0,0,0,0
573.373,295.36,5.892,-0.31,260,265,0,0,0,0
579.264,295.049,5.892,-0.31,260,265,0,0,0,0
585.156,294.739,5.892,-0.31,260,265,0,0,0,0
591.048,294.428,5.892,-0.31,260,265,0,0,0,0
596.94,294.118,5.892,-0.31,260,265,0,0,0,0
602.832,293.807,5.892,-0.31,260,265,0,0,0,0
608.724,293.497,5.892,-0.31,260,265,0,0,0,0
614.615,293.186,5.892,-0.31,260,265,0,0,0,0
620.507,292.876,5.892,-0.31,260,265,0,0,0,0
626.399,292.566,5.892,-0.31,260,265,0,0,0,0
632.291,292.255,5.892,-0.31,260,265,0,0,0,0
638.183,291.945,5.892,-0.31,260,265,0,0,0,0
644.075,291.634,5.892,-0.31,260,265,0,0,0,0
649.966,291.324,5.892,-0.31,260,265,0,0,0,0
655.858,291.013,5.892,-0.31,260,265,0,0,0,0
661.75,290.703,5.892,-0.31,260,265,0,0,0,0
667.642,290.392,5.892,-0.31,260,265,0,0,0,0
673.534,290.082,5.892,-0.31,260,260,0,-1,0,0
679.425,289.772,5.892,-0.31,260,255,0,-1,0,0
685.317,289.461,5.892,-0.31,260,250,0,-1,0,0
691.209,289.151,5.892,-0.31,260,250,0,0,0,0
697.101,288.84,5.892,-0.31,260,250,0,0,0,0
702.993,288.53,5.892,-0.31,260,250,0,0,0,0
708.885,288.219,5.892,-0.31,260,250,0,0,0,0
714.776,287.909,5.892,-0.31,260,250,0,0,0,0
720.668,287.598,5.892,-0.31,260,250,0,0,0,0
726.56,287.288,5.892,-0.31,260,250,0,0,0,0
732.452,286.978,5.892,-0.31,260,250,0,0,0,0
738.344,286.667,5.892,-0.31,260,250,0,0,0,0
744.236,286.357,5.892,-0.31,260,250,0,0,0,0
750.127,286.046,5.892,-0.31,260,250,0,0,0,0
751.0,285.736,-6.161,-0.691,260,250,0,0,0,0
744.839,285.045,-6.161,-0.691,260,250,0,0,0,0
738.677,284.354,-6.161,-0.691,260,250,0,0,0,0
732.516,283.664,-6.161,-0.691,260,250,0,0,0,0
726.354,282.973,-6.161,-0.691,260,250,0,0,0,0
720.193,282.282,-6.161,-0.691,260,250,0,0,0,0
714.032,281.592,-6.161,-0.691,260,250,0,0,0,0
707.87,280.901,-6.161,-0.691,260,250,0,0,0,0
701.709,280.21,-6.161,-0.691,260,250,0,0,0,0
695.547,279.519,-6.161,-0.691,260,250,0,0,0,0
689.386,278.829,-6.161,-0.691,260,250,0,0,0,0
683.225,278.138,-6.161,-0.691,260,250,0,0,0,0
677.063,277.447,-6.161,-0.691,260,250,0,0,0,0
670.902,276.757,-6.161,-0.691,260,250,0,0,0,0
664.74,276.066,-6.161,-0.691,260,250,0,0,0,0
658.579,275.375,-6.161,-0.691,255,250,-1,0,0,0
652.418,274.684,-6.161,-0.691,250,250,-1,0,0,0
646.256,273.994,-6.161,-0.691,245,250,-1,0,0,0
640.095,273.303,-6.161,-0.691,240,250,-1,0,0,0
633.933,272.612,-6.161,-0.691,235,250,-1,0,0,0
627.772,271.922,-6.161,-0.691,230,250,-1,0,0,0
621.61,271.231,-6.161,-0.691,225,250,-1,0,0,0
615.449,270.54,-6.161,-0.691,220,250,-1,0,0,0
609.288,269.849,-6.161,-0.691,215,250,-1,0,0,0
603.126,269.159,-6.161,-0.691,215,250,0,0,0,0
596.965,268.468,-6.161,-0.691,215,250,0,0,0,0
590.803,267.777,-6.161,-0.691,215,250,0,0,0,0
584.642,267.087,-6.161,-0.691,215,250,0,0,0,0
578.481,266.396,-6.161,-0.691,215,250,0,0,0,0
572.319,265.705,-6.161,-0.691,215,250,0,0,0,0
566.158,265.014,-6.161,-0.691,215,250,0,0,0,0
559.996,264.324,-6.161,-0.691,215,250,0,0,0,0
553.835,263.633,-6.161,-0.691,215,250,0,0,0,0
547.674,262.942,-6.161,-0.691,215,250,0,0,0,0
541.512,262.252,-6.161,-0.691,215,250,0,0,0,0
535.351,261.561,-6.161,-0.691,215,250,0,0,0,0
529.189,260.87,-6.161,-0.691,215,250,0,0,0,0
523.028,260.179,-6.161,-0.691,215,250,0,0,0,0
516.867,259.489,-6.161,-0.691,215,250,0,0,0,0
510.705,258.798,-6.161,-0.691,215,250,0,0,0,0
504.544,258.107,-6.161,-0.691,215,250,0,0,0,0
498.382,257.417,-6.161,-0.691,215,250,0,0,0,0
492.221,256.726,-6.161,-0.691,215,250,0,0,0,0
486.06,256.035,-6.161,-0.691,215,250,0,0,0,0
479.898,255.344,-6.161,-0.691,215,250,0,0,0,0
473.737,254.654,-6.161,-0.691,215,250,0,0,0,0
467.575,253.963,-6.161,-0.691,215,250,0,0,0,0
461.414,253.272,-6.161,-0.691,215,250,0,0,0,0
455.253,252.582,-6.161,-0.691,215,250,0,0,0,0
449.091,251.891,-6.161,-0.691,215,250,0,0,0,0
442.93,251.2,-6.161,-0.691,215,250,0,0,0,0
436.768,250.51,-6.161,-0.691,210,250,-1,0,0,0
430.607,249.819,-6.161,-0.691,205,250,-1,0,0,0
424.446,249.128,-6.161,-0.691,200,250,-1,0,0,0
418.284,248.437,-6.161,-0.691,195,250,-1,0,0,0
412.123,247.747,-6.161,-0.691,190,250,-1,0,0,0
405.961,247.056,-6.161,-0.691,190,250,0,0,0,0
399.8,246.365,-6.161,-0.691,190,250,0,0,0,0
393.638,245.675,-6.161,-0.691,190,250,0,0,0,0
387.477,244.984,-6.161,-0.691,190,250,0,0,0,0
381.316,244.293,-6.161,-0.691,190,250,0,0,0,0
375.154,243.602,-6.161,-0.691,190,250,0,0,0,0
368.993,242.912,-6.161,-0.691,190,250,0,0,0,0
362.831,242.221,-6.161,-0.691,190,250,0,0,0,0
356.67,241.53,-6.161,-0.691,190,250,0,0,0,0
350.509,240.84,-6.161,-0.691,190,250,0,0,0,0
344.347,240.149,-6.161,-0.691,190,250,0,0,0,0
338.186,239.458,-6.161,-0.691,190,250,0,0,0,0
332.024,238.767,-6.161,-0.691,190,250,0,0,0,0
325.863,238.077,-6.161,-0.691,190,250,0,0,0,0
319.702,237.386,-6.161,-0.691,190,250,0,0,0,0
313.54,236.695,-6.161,-0.691,190,245,0,-1,0,0
307.379,236.005,-6.161,-0.691,190,240,0,-1,0,0
301.217,235.314,-6.161,-0.691,190,235,0,-1,0,0
295.056,234.623,-6.161,-0.691,190,230,0,-1,0,0
288.895,233.932,-6.161,-0.691,190,225,0,-1,0,0
282.733,233.242,-6.161,-0.691,190,220,0,-1,0,0
276.572,232.551,-6.161,-0.691,190,215,0,-1,0,0
270.41,231.86,-6.161,-0.691,190,215,0,0,0,0
264.249,231.17,-6.161,-0.691,190,215,0,0,0,0
258.088,230.479,-6.161,-0.691,190,215,0,0,0,0
251.926,229.788,-6.161,-0.691,190,215,0,0,0,0
245.765,229.097,-6.161,-0.691,190,215,0,0,0,0
239.603,228.407,-6.161,-0.691,190,215,0,0,0,0
233.442,227.716,-6.161,-0.691,190,215,0,0,0,0
227.281,227.025,-6.161,-0.691,190,215,0,0,0,0
221.119,226.335,-6.161,-0.691,190,215,0,0,0,0
214.958,225.644,-6.161,-0.691,190,215,0,0,0,0
208.796,224.953,-6.161,-0.691,190,215,0,0,0,0
202.635,224.262,-6.161,-0.691,190,215,0,0,0,0
196.474,223.572,-6.161,-0.691,190,215,0,0,0,0
190.312,222.881,-6.161,-0.691,190,215,0,0,0,0
184.151,222.19,-6.161,-0.691,190,215,0,0,0,0
177.989,221.5,-6.161,-0.691,190,215,0,0,0,0
171.828,220.809,-6.161,-0.691,190,210,0,-1,0,0
165.666,220.118,-6.161,-0.691,190,205,0,-1,0,0
159.505,219.428,-6.161,-0.691,190,200,0,-1,0,0
153.344,218.737,-6.161,-0.691,190,195,0,-1,0,0
147.182,218.046,-6.161,-0.691,190,190,0,-1,0,0
141.021,217.355,-6.161,-0.691,185,185,-1,-1,0,0
134.859,216.665,-6.161,-0.691,180,185,-1,0,0,0
128.698,215.974,-6.161,-0.691,175,185,-1,0,0,0
122.537,215.283,-6.161,-0.691,170,185,-1,0,0,0
116.375,214.593,-6.161,-0.691,165,185,-1,0,0,0
110.214,213.902,-6.161,-0.691,160,185,-1,0,0,0
104.052,213.211,-6.161,-0.691,160,185,0,0,0,0
97.891,212.52,-6.161,-0.691,160,185,0,0,0,0
91.73,211.83,-6.161,-0.691,160,185,0,0,0,0
85.568,211.139,-6.161,-0.691,160,185,0,0,0,0
79.407,210.448,-6.161,-0.691,160,185,0,0,0,0
73.245,209.758,-6.161,-0.691,160,185,0,0,0,0
67.084,209.067,-6.161,-0.691,160,185,0,0,0,0
60.923,208.376,-6.161,-0.691,160,185,0,0,0,0
54.761,207.685,-6.161,-0.691,160,185,0,0,0,0
48.6,206.995,-6.161,-0.691,160,185,0,0,0,0
49.0,206.304,6.412,1.068,160,185,0,0,0,0
55.412,207.372,6.412,1.068,160,185,0,0,0,0
61.823,208.44,6.412,1.068,160,185,0,0,0,0
68.235,209.508,6.412,1.068,155,185,-1,0,0,0
74.647,210.576,6.412,1.068,150,185,-1,0,0,0
81.058,211.643,6.412,1.068,145,185,-1,0,0,0
87.47,212.711,6.412,1.068,140,185,-1,0,0,0
93.882,213.779,6.412,1.068,135,185,-1,0,0,0
100.293,214.847,6.412,1.068,130,185,-1,0,0,0
106.705,215.915,6.412,1.068,130,185,0,0,0,0
113.117,216.983,6.412,1.068,130,185,0,0,0,0
119.528,218.051,6.412,1.068,130,185,0,0,0,0
125.94,219.119,6.412,1.068,130,185,0,0,0,0
132.352,220.186,6.412,1.068,130,185,0,0,0,0
138.764,221.254,6.412,1.068,130,185,0,0,0,0
145.175,222.322,6.412,1.068,130,185,0,0,0,0
151.587,223.39,6.412,1.068,130,185,0,0,0,0
157.999,224.458,6.412,1.068,130,185,0,0,0,0
164.41,225.526,6.412,1.068,130,185,0,0,0,0
170.822,226.594,6.412,1.068,130,185,0,0,0,0
177.234,227.662,6.412,1.068,130,185,0,0,0,0
183.645,228.73,6.412,1.068,130,185,0,0,0,0
190.057,229.797,6.412,1.068,130,185,0,0,0,0
196.469,230.865,6.412,1.068,130,185,0,0,0,0
202.88,231.933,6.412,1.068,130,185,0,0,0,0
209.292,233.001,6.412,1.068,130,190,0,1,0,0
215.704,234.069,6.412,1.068,130,195,0,1,0,0
222.115,235.137,6.412,1.068,130,200,0,1,0,0
228.527,236.205,6.412,1.068,130,205,0,1,0,0
234.939,237.273,6.412,1.068,130,210,0,1,0,0
241.35,238.34,6.412,1.068,130,215,0,1,0,0
247.762,239.408,6.412,1.068,130,220,0,1,0,0
254.174,240.476,6.412,1.068,130,225,0,1,0,0
260.585,241.544,6.412,1.068,130,230,0,1,0,0
266.997,242.612,6.412,1.068,130,235,0,1,0,0
273.409,243.68,6.412,1.068,130,235,0,0,0,0
279.82,244.748,6.412,1.068,130,235,0,0,0,0
286.232,245.816,6.412,1.068,135,235,1,0,0,0
292.644,246.884,6.412,1.068,140,235,1,0,0,0
299.055,247.951,6.412,1.068,145,235,1,0,0,0
305.467,249.019,6.412,1.068,150,235,1,0,0,0
311.879,250.087,6.412,1.068,155,235,1,0,0,0
318.291,251.155,6.412,1.068,160,235,1,0,0,0
324.702,252.223,6.412,1.068,165,235,1,0,0,0
331.114,253.291,6.412,1.068,170,235,1,0,0,0
337.526,254.359,6.412,1.068,175,235,1,0,0,0
343.937,255.427,6.412,1.068,180,235,1,0,0,0
350.349,256.495,6.412,1.068,185,235,1,0,0,0
356.761,257.562,6.412,1.068,185,235,0,0,0,0
363.172,258.63,6.412,1.068,185,235,0,0,0,0
369.584,259.698,6.412,1.068,185,235,0,0,0,0
375.996,260.766,6.412,1.068,185,235,0,0,0,0
382.407,261.834,6.412,1.068,185,235,0,0,0,0
388.819,262.902,6.412,1.068,185,235,0,0,0,0
395.231,263.97,6.412,1.068,185,235,0,0,0,0
401.642,265.038,6.412,1.068,185,235,0,0,0,0
408.054,266.105,6.412,1.068,185,235,0,0,0,0
414.466,267.173,6.412,1.068,185,235,0,0,0,0
420.877,268.241,6.412,1.068,185,235,0,0,0,0
427.289,269.309,6.412,1.068,185,235,0,0,0,0
433.701,270.377,6.412,1.068,185,235,0,0,0,0
440.112,271.445,6.412,1.068,185,235,0,0,0,0
446.524,272.513,6.412,1.068,185,235,0,0,0,0
452.936,273.581,6.412,1.068,185,235,0,0,0,0
459.347,274.649,6.412,1.068,185,235,0,0,0,0
465.759,275.716,6.412,1.068,185,235,0,0,0,0
472.171,276.784,6.412,1.068,185,235,0,0,0,0
478.582,277.852,6.412,1.068,185,240,0,1,0,0
484.994,278.92,6.412,1.068,185,245,0,1,0,0
491.406,279.988,6.412,1.068,185,250,0,1,0,0
497.818,281.056,6.412,1.068,185,255,0,1,0,0
504.229,282.124,6.412,1.068,185,260,0,1,0,0
510.641,283.192,6.412,1.068,185,265,0,1,0,0
517.053,284.259,6.412,1.068,185,270,0,1,0,0
523.464,285.327,6.412,1.068,185,270,0,0,0,0
529.876,286.395,6.412,1.068,185,270,0,0,0,0
536.288,287.463,6.412,1.068,185,270,0,0,0,0
542.699,288.531,6.412,1.068,185,270,0,0,0,0
549.111,289.599,6.412,1.068,185,270,0,0,0,0
555.523,290.667,6.412,1.068,185,270,0,0,0,0
561.934,291.735,6.412,1.068,185,270,0,0,0,0
568.346,292.803,6.412,1.068,185,270,0,0,0,0
574.758,293.87,6.412,1.068,185,270,0,0,0,0
581.169,294.938,6.412,1.068,185,270,0,0,0,0
587.581,296.006,6.412,1.068,185,270,0,0,0,0
593.993,297.074,6.412,1.068,185,270,0,0,0,0
600.404,298.142,6.412,1.068,185,275,0,1,0,0
606.816,299.21,6.412,1.068,185,280,0,1,0,0
613.228,300.278,6.412,1.068,185,285,0,1,0,0
619.639,301.346,6.412,1.068,185,285,0,0,0,0
626.051,302.413,6.412,1.068,185,285,0,0,0,0
632.463,303.481,6.412,1.068,185,285,0,0,0,0
638.874,304.549,6.412,1.068,185,285,0,0,0,0
645.286,305.617,6.412,1.068,185,285,0,0,0,0
651.698,306.685,6.412,1.068,185,285,0,0,0,0
658.109,307.753,6.412,1.068,185,285,0,0,0,0
664.521,308.821,6.412,1.068,185,285,0,0,0,0
670.933,309.889,6.412,1.068,185,285,0,0,0,0
677.345,310.957,6.412,1.068,185,285,0,0,0,0
683.756,312.024,6.412,1.068,185,285,0,0,0,0
690.168,313.092,6.412,1.068,185,285,0,0,0,0
696.58,314.16,6.412,1.068,185,285,0,0,0,0
702.991,315.228,6.412,1.068,185,285,0,0,0,0
709.403,316.296,6.412,1.068,185,285,0,0,0,0
715.815,317.364,6.412,1.068,185,285,0,0,0,0
722.226,318.432,6.412,1.068,185,285,0,0,0,0
728.638,319.5,6.412,1.068,185,285,0,0,0,0
735.05,320.568,6.412,1.068,185,285,0,0,0,0
741.461,321.635,6.412,1.068,185,285,0,0,0,0
747.873,322.703,6.412,1.068,185,285,0,0,0,0
751.0,323.771,-6.796,-0.219,185,285,0,0,0,0
744.204,323.552,-6.796,-0.219,185,285,0,0,0,0
737.407,323.334,-6.796,-0.219,185,285,0,0,0,0
730.611,323.115,-6.796,-0.219,185,285,0,0,0,0
723.814,322.896,-6.796,-0.219,185,285,0,0,0,0
717.018,322.678,-6.796,-0.219,190,285,1,0,0,0
710.221,322.459,-6.796,-0.219,195,285,1,0,0,0
703.425,322.24,-6.796,-0.219,200,285,1,0,0,0
696.628,322.021,-6.796,-0.219,205,285,1,0,0,0
689.832,321.803,-6.796,-0.219,210,285,1,0,0,0
683.035,321.584,-6.796,-0.219,215,285,1,0,0,0
676.239,321.365,-6.796,-0.219,220,285,1,0,0,0
669.442,321.146,-6.796,-0.219,225,285,1,0,0,0
662.646,320.928,-6.796,-0.219,230,285,1,0,0,0
655.849,320.709,-6.796,-0.219,235,285,1,0,0,0
649.053,320.49,-6.796,-0.219,240,285,1,0,0,0
642.256,320.272,-6.796,-0.219,245,285,1,0,0,0
635.46,320.053,-6.796,-0.219,250,285,1,0,0,0
628.663,319.834,-6.796,-0.219,255,285,1,0,0,0
621.867,319.615,-6.796,-0.219,255,285,0,0,0,0
615.07,319.397,-6.796,-0.219,255,285,0,0,0,0
608.274,319.178,-6.796,-0.219,255,285,0,0,0,0
601.477,318.959,-6.796,-0.219,255,285,0,0,0,0
594.681,318.741,-6.796,-0.219,255,285,0,0,0,0
587.884,318.522,-6.796,-0.219,255,285,0,0,0,0
581.088,318.303,-6.796,-0.219,255,285,0,0,0,0
574.291,318.084,-6.796,-0.219,255,285,0,0,0,0
567.495,317.866,-6.796,-0.219,255,285,0,0,0,0
560.699,317.647,-6.796,-0.219,255,285,0,0,0,0
553.902,317.428,-6.796,-0.219,255,285,0,0,0,0
547.106,317.209,-6.796,-0.219,255,285,0,0,0,0
540.309,316.991,-6.796,-0.219,255,285,0,0,0,0
533.513,316.772,-6.796,-0.219,255,285,0,0,0,0
526.716,316.553,-6.796,-0.219,255,285,0,0,0,0
519.92,316.335,-6.796,-0.219,255,285,0,0,0,0
513.123,316.116,-6.796,-0.219,255,285,0,0,0,0
506.327,315.897,-6.796,-0.219,255,285,0,0,0,0
499.53,315.678,-6.796,-0.219,255,285,0,0,0,0
492.734,315.46,-6.796,-0.219,255,285,0,0,0,0
485.937,315.241,-6.796,-0.219,255,285,0,0,0,0
479.141,315.022,-6.796,-0.219,255,285,0,0,0,0
472.344,314.803,-6.796,-0.219,255,285,0,0,0,0
465.548,314.585,-6.796,-0.219,255,285,0,0,0,0
458.751,314.366,-6.796,-0.219,255,285,0,0,0,0
451.955,314.147,-6.796,-0.219,255,285,0,0,0,0
445.158,313.929,-6.796,-0.219,255,285,0,0,0,0
438.362,313.71,-6.796,-0.219,255,285,0,0,0,0
431.565,313.491,-6.796,-0.219,255,285,0,0,0,0
424.769,313.272,-6.796,-0.219,255,285,0,0,0,0
417.972,313.054,-6.796,-0.219,255,285,0,0,0,0
411.176,312.835,-6.796,-0.219,255,285,0,0,0,0
404.379,312.616,-6.796,-0.219,255,285,0,0,0,0
397.583,312.398,-6.796,-0.219,255,285,0,0,0,0
390.786,312.179,-6.796,-0.219,255,285,0,0,0,0
383.99,311.96,-6.796,-0.219,255,285,0,0,0,0
377.194,311.741,-6.796,-0.219,255,285,0,0,0,0
370.397,311.523,-6.796,-0.219,255,285,0,0,0,0
363.601,311.304,-6.796,-0.219,255,285,0,0,0,0
356.804,311.085,-6.796,-0.219,255,285,0,0,0,0
350.008,310.866,-6.796,-0.219,255,285,0,0,0,0
343.211,310.648,-6.796,-0.219,255,285,0,0,0,0
336.415,310.429,-6.796,-0.219,255,285,0,0,0,0
329.618,310.21,-6.796,-0.219,255,285,0,0,0,0
322.822,309.992,-6.796,-0.219,255,285,0,0,0,0
316.025,309.773,-6.796,-0.219,255,285,0,0,0,0
309.229,309.554,-6.796,-0.219,255,285,0,0,0,0
302.432,309.335,-6.796,-0.219,255,285,0,0,0,0
295.636,309.117,-6.796,-0.219,255,285,0,0,0,0
288.839,308.898,-6.796,-0.219,255,285,0,0,0,0
282.043,308.679,-6.796,-0.219,255,285,0,0,0,0
275.246,308.46,-6.796,-0.219,255,285,0,0,0,0
268.45,308.242,-6.796,-0.219,255,285,0,0,0,0
261.653,308.023,-6.796,-0.219,255,285,0,0,0,0
254.857,307.804,-6.796,-0.219,255,285,0,0,0,0
248.06,307.586,-6.796,-0.219,255,285,0,0,0,0
241.264,307.367,-6.796,-0.219,255,285,0,0,0,0
234.467,307.148,-6.796,-0.219,255,285,0,0,0,0
227.671,306.929,-6.796,-0.219,255,285,0,0,0,0
220.874,306.711,-6.796,-0.219,255,285,0,0,0,0
214.078,306.492,-6.796,-0.219,255,285,0,0,0,0
207.281,306.273,-6.796,-0.219,255,285,0,0,0,0
200.485,306.055,-6.796,-0.219,255,285,0,0,0,0
193.689,305.836,-6.796,-0.219,255,285,0,0,0,0
186.892,305.617,-6.796,-0.219,255,285,0,0,0,0
180.096,305.398,-6.796,-0.219,255,285,0,0,0,0
173.299,305.18,-6.796,-0.219,255,285,0,0,0,0
166.503,304.961,-6.796,-0.219,255,285,0,0,0,0
159.706,304.742,-6.796,-0.219,255,285,0,0,0,0
152.91,304.523,-6.796,-0.219,255,285,0,0,0,0
146.113,304.305,-6.796,-0.219,255,285,0,0,0,0
139.317,304.086,-6.796,-0.219,255,285,0,0,0,0
132.52,303.867,-6.796,-0.219,255,285,0,0,0,0
125.724,303.649,-6.796,-0.219,255,285,0,0,0,0
118.927,303.43,-6.796,-0.219,255,285,0,0,0,0
112.131,303.211,-6.796,-0.219,255,285,0,0,0,0
105.334,302.992,-6.796,-0.219,255,285,0,0,0,0
98.538,302.774,-6.796,-0.219,255,285,0,0,0,0
91.741,302.555,-6.796,-0.219,255,285,0,0,0,0
84.945,302.336,-6.796,-0.219,255,285,0,0,0,0
78.148,302.118,-6.796,-0.219,255,285,0,0,0,0
71.352,301.899,-6.796,-0.219,255,285,0,0,0,0
64.555,301.68,-6.796,-0.219,255,285,0,0,0,0
57.759,301.461,-6.796,-0.219,255,285,0,0,0,0
50.962,301.243,-6.796,-0.219,255,285,0,0,0,0
49.0,301.024,7.012,1.115,255,285,0,0,0,0
56.012,302.139,7.012,1.115,255,285,0,0,0,0
63.024,303.254,7.012,1.115,255,285,0,0,0,0
70.036,304.369,7.012,1.115,255,285,0,0,0,0
77.048,305.484,7.012,1.115,255,285,0,0,0,0
84.059,306.599,7.012,1.115,255,285,0,0,0,0
91.071,307.714,7.012,1.115,255,285,0,0,0,0
98.083,308.829,7.012,1.115,255,285,0,0,0,0
105.095,309.944,7.012,1.115,255,285,0,0,0,0
112.107,311.06,7.012,1.115,255,285,0,0,0,0
119.119,312.175,7.012,1.115,255,285,0,0,0,0
126.131,313.29,7.012,1.115,255,285,0,0,0,0
133.143,314.405,7.012,1.115,255,285,0,0,0,0
140.155,315.52,7.012,1.115,255,285,0,0,0,0
147.166,316.635,7.012,1.115,255,285,0,0,0,0
154.178,317.75,7.012,1.115,255,285,0,0,0,0
161.19,318.865,7.012,1.115,255,285,0,0,0,0
168.202,319.98,7.012,1.115,255,285,0,0,0,0
175.214,321.095,7.012,1.115,255,285,0,0,0,0
182.226,322.21,7.012,1.115,255,285,0,0,0,0
189.238,323.325,7.012,1.115,255,285,0,0,0,0
196.25,324.44,7.012,1.115,255,285,0,0,0,0
203.262,325.555,7.012,1.115,255,285,0,0,0,0
210.274,326.67,7.012,1.115,255,285,0,0,0,0
217.285,327.786,7.012,1.115,255,285,0,0,0,0
224.297,328.901,7.012,1.115,255,285,0,0,0,0
231.309,330.016,7.012,1.115,255,285,0,0,0,0
238.321,331.131,7.012,1.115,255,285,0,0,0,0
245.333,332.246,7.012,1.115,255,285,0,0,0,0
252.345,333.361,7.012,1.115,255,285,0,0,0,0
259.357,334.476,7.012,1.115,255,285,0,0,0,0
266.369,335.591,7.012,1.115,255,285,0,0,0,0
273.381,336.706,7.012,1.115,255,285,0,0,0,0
280.392,337.821,7.012,1.115,255,285,0,0,0,0
287.404,338.936,7.012,1.115,255,285,0,0,0,0
294.416,340.051,7.012,1.115,255,290,0,1,0,0
301.428,341.166,7.012,1.115,255,295,0,1,0,0
308.44,342.281,7.012,1.115,255,300,0,1,0,0
315.452,343.397,7.012,1.115,255,305,0,1,0,0
322.464,344.512,7.012,1.115,255,305,0,0,0,0
329.476,345.627,7.012,1.115,255,305,0,0,0,0
336.488,346.742,7.012,1.115,255,305,0,0,0,0
343.499,347.857,7.012,1.115,255,305,0,0,0,0
350.511,348.972,7.012,1.115,255,305,0,0,0,0
357.523,350.087,7.012,1.115,255,305,0,0,0,0
364.535,351.202,7.012,1.115,255,305,0,0,0,0
371.547,352.317,7.012,1.115,255,305,0,0,0,0
378.559,353.432,7.012,1.115,255,305,0,0,0,0
385.571,354.547,7.012,1.115,255,305,0,0,0,0
392.583,355.662,7.012,1.115,255,305,0,0,0,0
399.595,356.777,7.012,1.115,255,305,0,0,0,0
406.606,357.892,7.012,1.115,255,305,0,0,0,0
413.618,359.007,7.012,1.115,255,305,0,0,0,0
420.63,360.123,7.012,1.115,255,305,0,0,0,0
427.642,361.238,7.012,1.115,255,310,0,1,0,0
434.654,362.353,7.012,1.115,255,315,0,1,0,0
441.666,363.468,7.012,1.115,255,320,0,1,0,0
448.678,364.583,7.012,1.115,255,325,0,1,0,0
455.69,365.698,7.012,1.115,255,330,0,1,0,0
462.702,366.813,7.012,1.115,255,335,0,1,0,0
469.713,367.928,7.012,1.115,255,340,0,1,0,0
476.725,369.043,7.012,1.115,255,345,0,1,0,0
483.737,370.158,7.012,1.115,255,350,0,1,0,0
490.749,371.273,7.012,1.115,255,350,0,0,0,0
497.761,372.388,7.012,1.115,255,350,0,0,0,0
504.773,373.503,7.012,1.115,255,350,0,0,0,0
511.785,374.618,7.012,1.115,255,350,0,0,0,0
518.797,375.734,7.012,1.115,255,350,0,0,0,0
525.809,376.849,7.012,1.115,255,350,0,0,0,0
532.821,377.964,7.012,1.115,255,350,0,0,0,0
539.832,379.079,7.012,1.115,255,350,0,0,0,0
546.844,380.194,7.012,1.115,255,350,0,0,0,0
553.856,381.309,7.012,1.115,255,350,0,0,0,0
560.868,382.424,7.012,1.115,255,350,0,0,0,0
567.88,383.539,7.012,1.115,255,350,0,0,0,0
574.892,384.654,7.012,1.115,255,350,0,0,0,0
581.904,385.769,7.012,1.115,255,350,0,0,0,0
588.916,386.884,7.012,1.115,255,350,0,0,0,0
595.928,387.999,7.012,1.115,255,350,0,0,0,0
602.939,389.114,7.012,1.115,255,350,0,0,0,0
609.951,390.229,7.012,1.115,255,350,0,0,0,0
616.963,391.344,7.012,1.115,255,350,0,0,0,0
623.975,392.46,7.012,1.115,255,350,0,0,0,0
630.987,393.575,7.012,1.115,255,350,0,0,0,0
637.999,394.69,7.012,1.115,255,350,0,0,0,0
645.011,395.805,7.012,1.115,255,350,0,0,0,0
652.023,396.92,7.012,1.115,255,350,0,0,0,0
659.035,398.035,7.012,1.115,255,355,0,1,0,0
666.046,399.15,7.012,1.115,255,360,0,1,0,0
673.058,400.265,7.012,1.115,255,365,0,1,0,0
680.07,401.38,7.012,1.115,255,370,0,1,0,0
687.082,402.495,7.012,1.115,255,375,0,1,0,0
694.094,403.61,7.012,1.115,255,375,0,0,0,0
701.106,404.725,7.012,1.115,255,375,0,0,0,0
708.118,405.84,7.012,1.115,255,375,0,0,0,0
715.13,406.955,7.012,1.115,255,375,0,0,0,0
722.142,408.071,7.012,1.115,255,375,0,0,0,0
729.153,409.186,7.012,1.115,255,375,0,0,0,0
736.165,410.301,7.012,1.115,255,375,0,0,0,0
743.177,411.416,7.012,1.115,255,375,0,0,0,0
750.189,412.531,7.012,1.115,255,375,0,0,0,0
751.0,413.646,-7.395,-0.262,255,375,0,0,0,0
743.605,413.384,-7.395,-0.262,255,375,0,0,0,0
736.209,413.121,-7.395,-0.262,255,375,0,0,0,0
728.814,412.859,-7.395,-0.262,255,375,0,0,0,0
721.419,412.597,-7.395,-0.262,255,375,0,0,0,0
714.023,412.334,-7.395,-0.262,255,375,0,0,0,0
706.628,412.072,-7.395,-0.262,255,375,0,0,0,0
699.233,411.81,-7.395,-0.262,255,375,0,0,0,0
691.837,411.548,-7.395,-0.262,255,375,0,0,0,0
684.442,411.285,-7.395,-0.262,255,375,0,0,0,0
677.046,411.023,-7.395,-0.262,255,375,0,0,0,0
669.651,410.761,-7.395,-0.262,255,375,0,0,0,0
662.256,410.498,-7.395,-0.262,255,375,0,0,0,0
654.86,410.236,-7.395,-0.262,255,375,0,0,0,0
647.465,409.974,-7.395,-0.262,255,375,0,0,0,0
640.07,409.712,-7.395,-0.262,255,375,0,0,0,0
632.674,409.449,-7.395,-0.262,255,375,0,0,0,0
625.279,409.187,-7.395,-0.262,255,375,0,0,0,0
617.884,408.925,-7.395,-0.262,255,375,0,0,0,0
610.488,408.663,-7.395,-0.262,255,375,0,0,0,0
603.093,408.4,-7.395,-0.262,255,375,0,0,0,0
595.698,408.138,-7.395,-0.262,255,375,0,0,0,0
588.302,407.876,-7.395,-0.262,255,375,0,0,0,0
580.907,407.613,-7.395,-0.262,260,375,1,0,0,0
573.512,407.351,-7.395,-0.262,265,375,1,0,0,0
566.116,407.089,-7.395,-0.262,270,375,1,0,0,0
558.721,406.827,-7.395,-0.262,275,375,1,0,0,0
551.326,406.564,-7.395,-0.262,280,375,1,0,0,0
543.93,406.302,-7.395,-0.262,285,375,1,0,0,0
536.535,406.04,-7.395,-0.262,290,375,1,0,0,0
529.139,405.777,-7.395,-0.262,295,375,1,0,0,0
521.744,405.515,-7.395,-0.262,300,375,1,0,0,0
514.349,405.253,-7.395,-0.262,305,375,1,0,0,0
506.953,404.991,-7.395,-0.262,310,375,1,0,0,0
499.558,404.728,-7.395,-0.262,315,375,1,0,0,0
492.163,404.466,-7.395,-0.262,320,375,1,0,0,0
484.767,404.204,-7.395,-0.262,325,375,1,0,0,0
477.372,403.941,-7.395,-0.262,330,375,1,0,0,0
469.977,403.679,-7.395,-0.262,335,375,1,0,0,0
462.581,403.417,-7.395,-0.262,335,375,0,0,0,0
455.186,403.155,-7.395,-0.262,335,375,0,0,0,0
447.791,402.892,-7.395,-0.262,335,375,0,0,0,0
440.395,402.63,-7.395,-0.262,335,375,0,0,0,0
433.0,402.368,-7.395,-0.262,335,375,0,0,0,0
425.605,402.105,-7.395,-0.262,335,375,0,0,0,0
418.209,401.843,-7.395,-0.262,335,375,0,0,0,0
410.814,401.581,-7.395,-0.262,335,375,0,0,0,0
403.419,401.319,-7.395,-0.262,335,375,0,0,0,0
396.023,401.056,-7.395,-0.262,335,375,0,0,0,0
388.628,400.794,-7.395,-0.262,335,375,0,0,0,0
381.232,400.532,-7.395,-0.262,335,375,0,0,0,0
373.837,400.269,-7.395,-0.262,335,375,0,0,0,0
366.442,400.007,-7.395,-0.262,335,375,0,0,0,0
359.046,399.745,-7.395,-0.262,335,375,0,0,0,0
351.651,399.483,-7.395,-0.262,335,375,0,0,0,0
344.256,399.22,-7.395,-0.262,335,375,0,0,0,0
336.86,398.958,-7.395,-0.262,335,375,0,0,0,0
329.465,398.696,-7.395,-0.262,335,375,0,0,0,0
322.07,398.434,-7.395,-0.262,335,375,0,0,0,0
314.674,398.171,-7.395,-0.262,335,375,0,0,0,0
307.279,397.909,-7.395,-0.262,335,375,0,0,0,0
299.884,397.647,-7.395,-0.262,335,375,0,0,0,0
292.488,397.384,-7.395,-0.262,335,375,0,0,0,0
285.093,397.122,-7.395,-0.262,335,375,0,0,0,0
277.698,396.86,-7.395,-0.262,335,375,0,0,0,0
270.302,396.598,-7.395,-0.262,335,375,0,0,0,0
262.907,396.335,-7.395,-0.262,335,375,0,0,0,0
255.512,396.073,-7.395,-0.262,335,375,0,0,0,0
248.116,395.811,-7.395,-0.262,335,375,0,0,0,0
240.721,395.548,-7.395,-0.262,335,375,0,0,0,0
233.325,395.286,-7.395,-0.262,335,375,0,0,0,0
225.93,395.024,-7.395,-0.262,335,375,0,0,0,0
218.535,394.762,-7.395,-0.262,335,375,0,0,0,0
211.139,394.499,-7.395,-0.262,335,375,0,0,0,0
203.744,394.237,-7.395,-0.262,335,375,0,0,0,0
196.349,393.975,-7.395,-0.262,335,375,0,0,0,0
188.953,393.712,-7.395,-0.262,335,375,0,0,0,0
181.558,393.45,-7.395,-0.262,335,375,0,0,0,0
174.163,393.188,-7.395,-0.262,335,375,0,0,0,0
166.767,392.926,-7.395,-0.262,335,375,0,0,0,0
159.372,392.663,-7.395,-0.262,335,375,0,0,0,0
151.977,392.401,-7.395,-0.262,335,375,0,0,0,0
144.581,392.139,-7.395,-0.262,335,375,0,0,0,0
137.186,391.876,-7.395,-0.262,335,375,0,0,0,0
129.791,391.614,-7.395,-0.262,335,375,0,0,0,0
122.395,391.352,-7.395,-0.262,340,375,1,0,0,0
115.0,391.09,-7.395,-0.262,345,375,1,0,0,0
107.605,390.827,-7.395,-0.262,350,375,1,0,0,0
100.209,390.565,-7.395,-0.262,355,375,1,0,0,0
92.814,390.303,-7.395,-0.262,360,375,1,0,0,0
85.418,390.04,-7.395,-0.262,365,375,1,0,0,0
78.023,389.778,-7.395,-0.262,365,375,0,0,0,0
70.628,389.516,-7.395,-0.262,365,375,0,0,0,0
63.232,389.254,-7.395,-0.262,365,375,0,0,0,0
55.837,388.991,-7.395,-0.262,365,375,0,0,0,0
48.442,388.729,-7.395,-0.262,365,375,0,0,0,0
49.0,388.467,6.99,-3.23,365,375,0,0,0,0
55.99,385.237,6.99,-3.23,365,375,0,0,0,0
62.98,382.007,6.99,-3.23,365,375,0,0,0,0
69.97,378.778,6.99,-3.23,365,375,0,0,0,0
76.96,375.548,6.99,-3.23,365,375,0,0,0,0
83.949,372.318,6.99,-3.23,365,375,0,0,0,0
90.939,369.088,6.99,-3.23,365,375,0,0,0,0
97.929,365.858,6.99,-3.23,365,375,0,0,0,0
104.919,362.629,6.99,-3.23,365,375,0,0,0,0
111.909,359.399,6.99,-3.23,365,375,0,0,0,0
118.899,356.169,6.99,-3.23,365,375,0,0,0,0
125.889,352.939,6.99,-3.23,365,375,0,0,0,0
132.879,349.71,6.99,-3.23,365,375,0,0,0,0
139.869,346.48,6.99,-3.23,365,375,0,0,0,0
146.859,343.25,6.99,-3.23,365,375,0,0,0,0
153.848,340.02,6.99,-3.23,365,375,0,0,0,0
160.838,336.791,6.99,-3.23,365,375,0,0,0,0
167.828,333.561,6.99,-3.23,365,375,0,0,0,0
174.818,330.331,6.99,-3.23,365,375,0,0,0,0
181.808,327.101,6.99,-3.23,365,375,0,0,0,0
188.798,323.872,6.99,-3.23,365,375,0,0,0,0
195.788,320.642,6.99,-3.23,360,375,-1,0,0,0
202.778,317.412,6.99,-3.23,355,375,-1,0,0,0
209.768,314.182,6.99,-3.23,350,375,-1,0,0,0
216.758,310.953,6.99,-3.23,345,375,-1,0,0,0
223.747,307.723,6.99,-3.23,340,375,-1,0,0,0
230.737,304.493,6.99,-3.23,335,370,-1,-1,0,0
237.727,301.263,6.99,-3.23,330,365,-1,-1,0,0
244.717,298.034,6.99,-3.23,325,360,-1,-1,0,0
251.707,294.804,6.99,-3.23,325,355,0,-1,0,0
258.697,291.574,6.99,-3.23,325,350,0,-1,0,0
265.687,288.344,6.99,-3.23,325,345,0,-1,0,0
272.677,285.115,6.99,-3.23,325,340,0,-1,0,0
279.667,281.885,6.99,-3.23,325,335,0,-1,0,0
286.657,278.655,6.99,-3.23,325,330,0,-1,0,0
293.646,275.425,6.99,-3.23,325,325,0,-1,0,0
300.636,272.196,6.99,-3.23,325,320,0,-1,0,0
307.626,268.966,6.99,-3.23,325,315,0,-1,0,0
314.616,265.736,6.99,-3.23,325,310,0,-1,0,0
321.606,262.506,6.99,-3.23,325,305,0,-1,0,0
328.596,259.276,6.99,-3.23,325,300,0,-1,0,0
335.586,256.047,6.99,-3.23,325,295,0,-1,0,0
342.576,252.817,6.99,-3.23,325,290,0,-1,0,0
349.566,249.587,6.99,-3.23,325,285,0,-1,0,0
356.555,246.357,6.99,-3.23,325,280,0,-1,0,0
363.545,243.128,6.99,-3.23,325,275,0,-1,0,0
370.535,239.898,6.99,-3.23,325,270,0,-1,0,0
377.525,236.668,6.99,-3.23,325,265,0,-1,0,0
384.515,233.438,6.99,-3.23,325,260,0,-1,0,0
391.505,230.209,6.99,-3.23,325,255,0,-1,0,0
398.495,226.979,6.99,-3.23,325,250,0,-1,0,0
405.485,223.749,6.99,-3.23,325,245,0,-1,0,0
412.475,220.519,6.99,-3.23,325,240,0,-1,0,0
419.465,217.29,6.99,-3.23,325,235,0,-1,0,0
426.454,214.06,6.99,-3.23,325,230,0,-1,0,0
433.444,210.83,6.99,-3.23,325,225,0,-1,0,0
440.434,207.6,6.99,-3.23,325,220,0,-1,0,0
447.424,204.371,6.99,-3.23,325,215,0,-1,0,0
454.414,201.141,6.99,-3.23,325,210,0,-1,0,0
461.404,197.911,6.99,-3.23,325,205,0,-1,0,0
468.394,194.681,6.99,-3.23,325,200,0,-1,0,0
475.384,191.452,6.99,-3.23,325,195,0,-1,0,0
482.374,188.222,6.99,-3.23,325,190,0,-1,0,0
489.364,184.992,6.99,-3.23,325,185,0,-1,0,0
496.353,181.762,6.99,-3.23,325,180,0,-1,0,0
503.343,178.533,6.99,-3.23,325,175,0,-1,0,0
510.333,175.303,6.99,-3.23,325,170,0,-1,0,0
517.323,172.073,6.99,-3.23,325,165,0,-1,0,0
524.313,168.843,6.99,-3.23,325,160,0,-1,0,0
531.303,165.614,6.99,-3.23,325,160,0,0,0,0
538.293,162.384,6.99,-3.23,325,160,0,0,0,0
545.283,159.154,6.99,-3.23,325,160,0,0,0,0
552.273,155.924,6.99,-3.23,325,160,0,0,0,0
559.263,152.694,6.99,-3.23,325,160,0,0,0,0
566.252,149.465,6.99,-3.23,325,160,0,0,0,0
573.242,146.235,6.99,-3.23,325,155,0,-1,0,0
580.232,143.005,6.99,-3.23,325,150,0,-1,0,0
587.222,139.775,6.99,-3.23,325,145,0,-1,0,0
594.212,136.546,6.99,-3.23,325,140,0,-1,0,0
601.202,133.316,6.99,-3.23,325,135,0,-1,0,0
608.192,130.086,6.99,-3.23,325,130,0,-1,0,0
615.182,126.856,6.99,-3.23,325,125,0,-1,0,0
622.172,123.627,6.99,-3.23,325,120,0,-1,0,0
629.161,120.397,6.99,-3.23,325,115,0,-1,0,0
636.151,117.167,6.99,-3.23,325,110,0,-1,0,0
643.141,113.937,6.99,-3.23,325,105,0,-1,0,0
650.131,110.708,6.99,-3.23,325,100,0,-1,0,0
657.121,107.478,6.99,-3.23,325,95,0,-1,0,0
664.111,104.248,6.99,-3.23,325,90,0,-1,0,0
671.101,101.018,6.99,-3.23,325,85,0,-1,0,0
678.091,97.789,6.99,-3.23,325,80,0,-1,0,0
685.081,94.559,6.99,-3.23,325,75,0,-1,0,0
692.071,91.329,6.99,-3.23,325,70,0,-1,0,0
699.06,88.099,6.99,-3.23,325,65,0,-1,0,0
706.05,84.87,6.99,-3.23,325,60,0,-1,0,0
713.04,81.64,6.99,-3.23,325,55,0,-1,0,0
720.03,78.41,6.99,-3.23,325,50,0,-1,0,0
727.02,75.18,6.99,-3.23,325,45,0,-1,0,0
734.01,71.951,6.99,-3.23,325,40,0,-1,0,0
741.0,68.721,6.99,-3.23,325,35,0,-1,0,0
747.99,65.491,6.99,-3.23,325,30,0,-1,0,0
751.0,62.261,-7.979,-0.573,325,25,0,-1,0,0
743.021,61.688,-7.979,-0.573,325,20,0,-1,0,0
735.041,61.115,-7.979,-0.573,325,15,0,-1,0,0
727.062,60.542,-7.979,-0.573,325,10,0,-1,0,0
719.082,59.969,-7.979,-0.573,325,5,0,-1,0,0
711.103,59.396,-7.979,-0.573,325,0,0,-1,0,0
703.123,58.823,-7.979,-0.573,325,0,0,0,0,0
695.144,58.25,-7.979,-0.573,325,0,0,0,0,0
687.164,57.676,-7.979,-0.573,325,0,0,0,0,0
679.185,57.103,-7.979,-0.573,325,0,0,0,0,0
671.206,56.53,-7.979,-0.573,325,0,0,0,0,0
663.226,55.957,-7.979,-0.573,325,0,0,0,0,0
655.247,55.384,-7.979,-0.573,325,0,0,0,0,0
647.267,54.811,-7.979,-0.573,325,0,0,0,0,0
639.288,54.238,-7.979,-0.573,325,0,0,0,0,0
631.308,53.665,-7.979,-0.573,325,0,0,0,0,0
623.329,53.092,-7.979,-0.573,325,0,0,0,0,0
615.349,52.519,-7.979,-0.573,325,0,0,0,0,0
607.37,51.945,-7.979,-0.573,325,0,0,0,0,0
599.391,51.372,-7.979,-0.573,325,0,0,0,0,0
591.411,50.799,-7.979,-0.573,325,0,0,0,0,0
583.432,50.226,-7.979,-0.573,325,0,0,0,0,0
575.452,49.653,-7.979,-0.573,325,0,0,0,0,0
567.473,49.08,-7.979,-0.573,325,0,0,0,0,0
559.493,48.507,-7.979,-0.573,325,0,0,0,0,0
551.514,47.934,-7.979,-0.573,325,0,0,0,0,0
543.534,47.361,-7.979,-0.573,325,0,0,0,0,0
535.555,46.787,-7.979,-0.573,325,0,0,0,0,0
527.576,46.214,-7.979,-0.573,320,0,-1,0,0,0
519.596,45.641,-7.979,-0.573,315,0,-1,0,0,0
511.617,45.068,-7.979,-0.573,310,0,-1,0,0,0
503.637,44.495,-7.979,-0.573,305,0,-1,0,0,0
495.658,43.922,-7.979,-0.573,300,0,-1,0,0,0
487.678,43.349,-7.979,-0.573,295,0,-1,0,0,0
479.699,42.776,-7.979,-0.573,290,0,-1,0,0,0
471.719,42.203,-7.979,-0.573,285,0,-1,0,0,0
463.74,41.63,-7.979,-0.573,280,0,-1,0,0,0
455.761,41.056,-7.979,-0.573,275,0,-1,0,0,0
447.781,40.483,-7.979,-0.573,270,0,-1,0,0,0
439.802,39.91,-7.979,-0.573,265,0,-1,0,0,0
431.822,39.337,-7.979,-0.573,260,0,-1,0,0,0
423.843,38.764,-7.979,-0.573,255,0,-1,0,0,0
415.863,38.191,-7.979,-0.573,250,0,-1,0,0,0
407.884,37.618,-7.979,-0.573,245,0,-1,0,0,0
399.904,37.045,-7.979,-0.573,240,0,-1,0,0,0
391.925,36.472,-7.979,-0.573,235,0,-1,0,0,0
383.946,35.898,-7.979,-0.573,230,0,-1,0,0,0
375.966,35.325,-7.979,-0.573,225,0,-1,0,0,0
367.987,34.752,-7.979,-0.573,220,0,-1,0,0,0
360.007,34.179,-7.979,-0.573,215,0,-1,0,0,0
352.028,33.606,-7.979,-0.573,210,0,-1,0,0,0
344.048,33.033,-7.979,-0.573,205,0,-1,0,0,0
336.069,32.46,-7.979,-0.573,200,0,-1,0,0,0
328.089,31.887,-7.979,-0.573,195,0,-1,0,0,0
320.11,31.314,-7.979,-0.573,190,0,-1,0,0,0
312.13,30.741,-7.979,-0.573,185,0,-1,0,0,0
304.151,30.167,-7.979,-0.573,180,0,-1,0,0,0
296.172,29.594,-7.979,-0.573,175,0,-1,0,0,0
288.192,29.021,-7.979,-0.573,170,0,-1,0,0,0
280.213,28.448,-7.979,-0.573,165,0,-1,0,0,0
272.233,27.875,-7.979,-0.573,160,0,-1,0,0,0
264.254,27.302,-7.979,-0.573,155,0,-1,0,0,0
256.274,26.729,-7.979,-0.573,150,0,-1,0,0,0
248.295,26.156,-7.979,-0.573,145,0,-1,0,0,0
240.315,25.583,-7.979,-0.573,140,0,-1,0,0,0
232.336,25.01,-7.979,-0.573,135,0,-1,0,0,0
224.357,24.436,-7.979,-0.573,130,0,-1,0,0,0
216.377,23.863,-7.979,-0.573,125,0,-1,0,0,0
208.398,23.29,-7.979,-0.573,120,0,-1,0,0,0
200.418,22.717,-7.979,-0.573,115,0,-1,0,0,0
192.439,22.144,-7.979,-0.573,110,0,-1,0,0,0
184.459,21.571,-7.979,-0.573,105,0,-1,0,0,0
176.48,20.998,-7.979,-0.573,100,0,-1,0,0,0
168.5,20.425,-7.979,-0.573,95,0,-1,0,0,0
160.521,19.852,-7.979,-0.573,90,0,-1,0,0,0
152.542,19.278,-7.979,-0.573,85,0,-1,0,0,0
144.562,18.705,-7.979,-0.573,80,0,-1,0,0,0
136.583,18.132,-7.979,-0.573,75,0,-1,0,0,0
128.603,17.559,-7.979,-0.573,70,0,-1,0,0,0
120.624,16.986,-7.979,-0.573,65,0,-1,0,0,0
112.644,16.413,-7.979,-0.573,60,0,-1,0,0,0
104.665,15.84,-7.979,-0.573,55,0,-1,0,0,0
96.685,15.267,-7.979,-0.573,50,0,-1,0,0,0
88.706,14.694,-7.979,-0.573,45,0,-1,0,0,0
80.727,14.121,-7.979,-0.573,40,0,-1,0,0,0
72.747,13.547,-7.979,-0.573,35,0,-1,0,0,0
64.768,12.974,-7.979,-0.573,30,0,-1,0,0,0
56.788,12.401,-7.979,-0.573,25,0,-1,0,0,0
48.809,11.828,-7.979,-0.573,20,0,-1,0,0,0
49.0,11.255,4.15,-7.188,15,0,-1,0,0,0
53.15,6.0,4.15,7.188,10,0,-1,0,0,0
57.3,13.188,4.15,7.188,5,0,-1,0,0,0
61.45,20.376,4.15,7.188,0,0,-1,0,0,0
65.6,27.564,4.15,7.188,0,0,-1,0,0,0
69.75,34.752,4.15,7.188,0,0,-1,0,0,0
73.9,41.94,4.15,7.188,0,0,-1,0,0,0
78.05,49.128,4.15,7.188,0,0,-1,0,0,0
82.2,56.316,4.15,7.188,0,0,-1,0,0,0
86.35,63.504,4.15,7.188,0,0,-1,0,0,0
90.5,70.692,4.15,7.188,0,0,-1,0,0,0
94.65,77.88,4.15,7.188,0,0,-1,0,0,0
98.8,85.068,4.15,7.188,0,0,-1,0,0,0
102.95,92.256,4.15,7.188,0,0,-1,0,0,0
107.1,99.444,4.15,7.188,0,0,-1,0,0,0
111.25,106.632,4.15,7.188,0,0,0,0,0,0
115.4,113.82,4.15,7.188,0,0,0,0,0,0
119.55,121.008,4.15,7.188,0,0,0,0,0,0
123.7,128.196,4.15,7.188,0,0,0,0,0,0
127.85,135.384,4.15,7.188,0,0,0,0,0,0
132.0,142.572,4.15,7.188,0,0,0,0,0,0
136.15,149.76,4.15,7.188,0,0,0,0,0,0
140.3,156.948,4.15,7.188,0,0,0,0,0,0
144.45,164.136,4.15,7.188,0,0,0,0,0,0
148.6,171.324,4.15,7.188,5,0,1,0,0,0
152.75,178.512,4.15,7.188,10,0,1,0,0,0
156.9,185.7,4.15,7.188,15,0,1,0,0,0
161.05,192.888,4.15,7.188,20,0,1,0,0,0
165.2,200.076,4.15,7.188,25,0,1,0,0,0
169.35,207.264,4.15,7.188,30,5,1,1,0,0
173.5,214.452,4.15,7.188,35,10,1,1,0,0
177.65,221.64,4.15,7.188,40,15,1,1,0,0
181.8,228.828,4.15,7.188,45,20,1,1,0,0
185.95,236.016,4.15,7.188,50,25,1,1,0,0
190.1,243.204,4.15,7.188,55,30,1,1,0,0
194.25,250.392,4.15,7.188,55,35,0,1,0,0
198.4,257.58,4.15,7.188,55,40,0,1,0,0
202.55,264.768,4.15,7.188,55,45,0,1,0,0
206.7,271.956,4.15,7.188,55,50,0,1,0,0
210.85,279.144,4.15,7.188,55,55,0,1,0,0
215.0,286.332,4.15,7.188,55,60,0,1,0,0
219.15,293.52,4.15,7.188,55,65,0,1,0,0
223.3,300.708,4.15,7.188,55,70,0,1,0,0
227.45,307.896,4.15,7.188,55,75,0,1,0,0
231.6,315.084,4.15,7.188,55,80,0,1,0,0
235.75,322.272,4.15,7.188,55,85,0,1,0,0
239.9,329.46,4.15,7.188,55,90,0,1,0,0
244.05,336.648,4.15,7.188,55,95,0,1,0,0
248.2,343.837,4.15,7.188,55,100,0,1,0,0
252.35,351.025,4.15,7.188,55,105,0,1,0,0
256.5,358.213,4.15,7.188,55,110,0,1,0,0
260.65,365.401,4.15,7.188,55,115,0,1,0,0
264.8,372.589,4.15,7.188,55,120,0,1,0,0
268.95,379.777,4.15,7.188,55,125,0,1,0,0
273.1,386.965,4.15,7.188,55,130,0,1,0,0
277.25,394.153,4.15,7.188,55,135,0,1,0,0
281.4,401.341,4.15,7.188,55,140,0,1,0,0
285.55,408.529,4.15,7.188,55,145,0,1,0,0
289.7,415.717,4.15,7.188,55,150,0,1,0,0
293.85,422.905,4.15,7.188,55,155,0,1,0,0
298.0,430.093,4.15,7.188,55,160,0,1,0,0
302.15,437.281,4.15,7.188,55,165,0,1,0,0
306.3,444.469,4.15,7.188,55,170,0,1,0,0
310.45,451.657,4.15,7.188,55,175,0,1,0,0
314.6,458.845,4.15,7.188,55,180,0,1,0,0
318.75,466.033,4.15,7.188,55,185,0,1,0,0
322.9,473.221,4.15,7.188,55,190,0,1,0,0
327.05,480.409,4.15,7.188,55,195,0,1,0,0
331.2,487.597,4.15,7.188,55,200,0,1,0,0
335.35,494.785,4.15,7.188,55,205,0,1,0,0
339.5,501.973,4.15,7.188,55,210,0,1,0,0
343.65,509.161,4.15,7.188,55,215,0,1,0,0
347.8,516.349,4.15,7.188,55,220,0,1,0,0
351.95,523.537,4.15,7.188,55,225,0,1,0,0
356.1,530.725,4.15,7.188,55,230,0,1,0,0
360.25,537.913,4.15,7.188,55,235,0,1,0,0
364.4,545.101,4.15,7.188,55,240,0,1,0,0
368.55,552.289,4.15,7.188,55,245,0,1,0,0
372.7,559.477,4.15,7.188,55,250,0,1,0,0
376.85,566.665,4.15,7.188,55,255,0,1,0,0
381.0,573.853,4.15,7.188,55,260,0,1,0,0
385.15,581.041,4.15,7.188,55,265,0,1,0,0
389.3,588.229,4.15,7.188,55,270,0,1,0,0
393.45,594.0,4.15,-7.188,55,275,0,1,0,0
397.6,586.812,4.15,-7.188,55,275,0,0,0,0
401.75,579.624,4.15,-7.188,55,275,0,0,0,0
405.9,572.436,4.15,-7.188,55,275,0,0,0,0
410.05,565.248,4.15,-7.188,55,275,0,0,0,0
414.2,558.06,4.15,-7.188,55,275,0,0,0,0
418.35,550.872,4.15,-7.188,55,275,0,0,0,0
422.5,543.684,4.15,-7.188,55,275,0,0,0,0
426.65,536.496,4.15,-7.188,55,270,0,-1,0,0
430.8,529.308,4.15,-7.188,55,265,0,-1,0,0
434.95,522.12,4.15,-7.188,55,260,0,-1,0,0
439.1,514.932,4.15,-7.188,55,255,0,-1,0,0
443.25,507.744,4.15,-7.188,55,250,0,-1,0,0
447.4,500.556,4.15,-7.188,55,245,0,-1,0,0
451.55,493.368,4.15,-7.188,55,240,0,-1,0,0
455.7,486.18,4.15,-7.188,55,235,0,-1,0,0
459.85,478.992,4.15,-7.188,55,230,0,-1,0,0
464.0,471.804,4.15,-7.188,55,225,0,-1,0,0
468.15,464.616,4.15,-7.188,55,220,0,-1,0,0
472.3,457.428,4.15,-7.188,55,215,0,-1,0,0
476.45,450.24,4.15,-7.188,55,210,0,-1,0,0
480.6,443.052,4.15,-7.188,55,205,0,-1,0,0
484.75,435.864,4.15,-7.188,55,200,0,-1,0,0
488.9,428.676,4.15,-7.188,55,195,0,-1,0,0
493.05,421.488,4.15,-7.188,55,190,0,-1,0,0
497.2,414.3,4.15,-7.188,55,185,0,-1,0,0
501.35,407.112,4.15,-7.188,55,180,0,-1,0,0
505.5,399.924,4.15,-7.188,55,175,0,-1,0,0
509.65,392.736,4.15,-7.188,55,170,0,-1,0,0
513.8,385.548,4.15,-7.188,55,165,0,-1,0,0
517.95,378.36,4.15,-7.188,55,160,0,-1,0,0
522.1,371.172,4.15,-7.188,55,155,0,-1,0,0
526.25,363.984,4.15,-7.188,55,150,0,-1,0,0
530.4,356.796,4.15,-7.188,55,145,0,-1,0,0
534.55,349.608,4.15,-7.188,55,140,0,-1,0,0
538.7,342.42,4.15,-7.188,55,135,0,-1,0,0
542.85,335.232,4.15,-7.188,55,130,0,-1,0,0
547.0,328.044,4.15,-7.188,55,125,0,-1,0,0
551.15,320.856,4.15,-7.188,55,120,0,-1,0,0
555.3,313.668,4.15,-7.188,55,115,0,-1,0,0
559.45,306.48,4.15,-7.188,55,110,0,-1,0,0
563.6,299.292,4.15,-7.188,55,105,0,-1,0,0
567.75,292.104,4.15,-7.188,55,100,0,-1,0,0
571.9,284.916,4.15,-7.188,55,95,0,-1,0,0
576.05,277.728,4.15,-7.188,55,90,0,-1,0,0
580.2,270.54,4.15,-7.188,55,85,0,-1,0,0
584.35,263.352,4.15,-7.188,55,80,0,-1,0,0
588.5,256.163,4.15,-7.188,55,75,0,-1,0,0
592.65,248.975,4.15,-7.188,55,70,0,-1,0,0
596.8,241.787,4.15,-7.188,55,65,0,-1,0,0
600.95,234.599,4.15,-7.188,55,60,0,-1,0,0
605.1,227.411,4.15,-7.188,55,55,0,-1,0,0
609.25,220.223,4.15,-7.188,55,50,0,-1,0,0
613.4,213.035,4.15,-7.188,55,45,0,-1,0,0
617.55,205.847,4.15,-7.188,55,40,0,-1,0,0
621.7,198.659,4.15,-7.188,55,35,0,-1,0,0
625.85,191.471,4.15,-7.188,55,30,0,-1,0,0
630.0,184.283,4.15,-7.188,55,25,0,-1,0,0
634.15,177.095,4.15,-7.188,55,20,0,-1,0,0
638.3,169.907,4.15,-7.188,55,15,0,-1,0,0
642.45,162.719,4.15,-7.188,55,10,0,-1,0,0
646.6,155.531,4.15,-7.188,55,5,0,-1,0,0
650.75,148.343,4.15,-7.188,55,0,0,-1,0,0
654.9,141.155,4.15,-7.188,55,0,0,-1,0,0
659.05,133.967,4.15,-7.188,55,0,0,0,0,0
663.2,126.779,4.15,-7.188,55,0,0,0,0,0
667.35,119.591,4.15,-7.188,55,0,0,0,0,0
671.5,112.403,4.15,-7.188,55,0,0,0,0,0
675.65,105.215,4.15,-7.188,55,0,0,0,0,0
679.8,98.027,4.15,-7.188,55,0,0,0,0,0
683.95,90.839,4.15,-7.188,55,0,0,0,0,0
688.1,83.651,4.15,-7.188,55,0,0,0,0,0
692.25,76.463,4.15,-7.188,55,0,0,0,0,0
696.4,69.275,4.15,-7.188,55,0,0,0,0,0
700.55,62.087,4.15,-7.188,55,0,0,0,0,0
704.7,54.899,4.15,-7.188,55,0,0,0,0,0
708.85,47.711,4.15,-7.188,55,0,0,0,0,0
713.0,40.523,4.15,-7.188,55,0,0,0,0,0
717.15,33.335,4.15,-7.188,55,0,0,0,0,0
721.3,26.147,4.15,-7.188,55,0,0,0,0,0
725.45,18.959,4.15,-7.188,55,0,0,0,0,0
729.6,11.771,4.15,-7.188,55,0,0,0,0,0
733.75,6.0,4.15,7.188,55,0,0,0,0,0
737.9,13.188,4.15,7.188,55,0,0,0,0,0
742.05,20.376,4.15,7.188,55,0,0,0,0,0
746.2,27.564,4.15,7.188,55,0,0,0,0,0
750.35,34.752,4.15,7.188,55,0,0,0,0,0
751.0,41.94,-8.589,0.437,55,0,0,0,0,0
742.411,42.377,-8.589,0.437,55,0,0,0,0,0
733.822,42.813,-8.589,0.437,55,0,0,0,0,0
725.233,43.25,-8.589,0.437,55,0,0,0,0,0
716.644,43.686,-8.589,0.437,55,0,0,0,0,0
708.055,44.123,-8.589,0.437,55,0,0,0,0,0
699.467,44.56,-8.589,0.437,55,5,0,1,0,0
690.878,44.996,-8.589,0.437,55,10,0,1,0,0
682.289,45.433,-8.589,0.437,55,15,0,1,0,0
673.7,45.87,-8.589,0.437,55,20,0,1,0,0
665.111,46.306,-8.589,0.437,55,25,0,1,0,0
656.522,46.743,-8.589,0.437,55,30,0,1,0,0
647.933,47.179,-8.589,0.437,55,35,0,1,0,0
639.344,47.616,-8.589,0.437,55,40,0,1,0,0
630.755,48.053,-8.589,0.437,55,45,0,1,0,0
622.166,48.489,-8.589,0.437,55,50,0,1,0,0
613.577,48.926,-8.589,0.437,55,55,0,1,0,0
604.989,49.362,-8.589,0.437,55,60,0,1,0,0
596.4,49.799,-8.589,0.437,55,65,0,1,0,0
587.811,50.236,-8.589,0.437,55,70,0,1,0,0
579.222,50.672,-8.589,0.437,55,75,0,1,0,0
570.633,51.109,-8.589,0.437,55,80,0,1,0,0
562.044,51.545,-8.589,0.437,55,85,0,1,0,0
553.455,51.982,-8.589,0.437,55,90,0,1,0,0
544.866,52.419,-8.589,0.437,55,95,0,1,0,0
536.277,52.855,-8.589,0.437,55,100,0,1,0,0
527.688,53.292,-8.589,0.437,55,105,0,1,0,0
519.099,53.729,-8.589,0.437,55,110,0,1,0,0
510.511,54.165,-8.589,0.437,60,110,1,0,0,0
501.922,54.602,-8.589,0.437,60,110,0,0,0,0
493.333,55.038,-8.589,0.437,60,110,0,0,0,0
484.744,55.475,-8.589,0.437,60,110,0,0,0,0
476.155,55.912,-8.589,0.437,60,110,0,0,0,0
467.566,56.348,-8.589,0.437,60,110,0,0,0,0
458.977,56.785,-8.589,0.437,60,110,0,0,0,0
450.388,57.221,-8.589,0.437,60,110,0,0,0,0
441.799,57.658,-8.589,0.437,55,110,-1,0,0,0
433.21,58.095,-8.589,0.437,50,110,-1,0,0,0
424.621,58.531,-8.589,0.437,45,110,-1,0,0,0
416.033,58.968,-8.589,0.437,40,110,-1,0,0,0
407.444,59.404,-8.589,0.437,35,110,-1,0,0,0
398.855,59.841,-8.589,0.437,35,110,0,0,0,0
390.266,60.278,-8.589,0.437,35,110,0,0,0,0
381.677,60.714,-8.589,0.437,35,110,0,0,0,0
373.088,61.151,-8.589,0.437,35,110,0,0,0,0
364.499,61.588,-8.589,0.437,35,110,0,0,0,0
355.91,62.024,-8.589,0.437,35,110,0,0,0,0
347.321,62.461,-8.589,0.437,35,110,0,0,0,0
338.732,62.897,-8.589,0.437,35,110,0,0,0,0
330.143,63.334,-8.589,0.437,35,110,0,0,0,0
321.555,63.771,-8.589,0.437,35,110,0,0,0,0
312.966,64.207,-8.589,0.437,35,110,0,0,0,0
304.377,64.644,-8.589,0.437,35,110,0,0,0,0
295.788,65.08,-8.589,0.437,35,110,0,0,0,0
287.199,65.517,-8.589,0.437,35,110,0,0,0,0
278.61,65.954,-8.589,0.437,35,110,0,0,0,0
270.021,66.39,-8.589,0.437,35,110,0,0,0,0
261.432,66.827,-8.589,0.437,35,110,0,0,0,0
252.843,67.263,-8.589,0.437,35,110,0,0,0,0
244.254,67.7,-8.589,0.437,35,110,0,0,0,0
235.665,68.137,-8.589,0.437,35,110,0,0,0,0
227.077,68.573,-8.589,0.437,35,110,0,0,0,0
218.488,69.01,-8.589,0.437,35,110,0,0,0,0
209.899,69.447,-8.589,0.437,35,110,0,0,0,0
201.31,69.883,-8.589,0.437,35,110,0,0,0,0
192.721,70.32,-8.589,0.437,35,110,0,0,0,0
184.132,70.756,-8.589,0.437,35,110,0,0,0,0
175.543,71.193,-8.589,0.437,35,110,0,0,0,0
166.954,71.63,-8.589,0.437,35,110,0,0,0,0
158.365,72.066,-8.589,0.437,35,110,0,0,0,0
149.776,72.503,-8.589,0.437,35,110,0,0,0,0
141.187,72.939,-8.589,0.437,35,110,0,0,0,0
132.598,73.376,-8.589,0.437,35,110,0,0,0,0
124.01,73.813,-8.589,0.437,35,110,0,0,0,0
115.421,74.249,-8.589,0.437,35,110,0,0,0,0
106.832,74.686,-8.589,0.437,35,110,0,0,0,0
98.243,75.122,-8.589,0.437,35,110,0,0,0,0
89.654,75.559,-8.589,0.437,35,110,0,0,0,0
81.065,75.996,-8.589,0.437,35,110,0,0,0,0
72.476,76.432,-8.589,0.437,35,110,0,0,0,0
63.887,76.869,-8.589,0.437,35,110,0,0,0,0
55.298,77.306,-8.589,0.437,35,110,0,0,0,0
49.0,77.742,8.877,0.638,35,110,0,0,0,0
57.877,78.38,8.877,0.638,35,110,0,0,0,0
66.754,79.019,8.877,0.638,35,110,0,0,0,0
75.631,79.657,8.877,0.638,35,110,0,0,0,0
84.508,80.296,8.877,0.638,35,110,0,0,0,0
93.385,80.934,8.877,0.638,35,110,0,0,0,0
102.262,81.572,8.877,0.638,35,110,0,0,0,0
111.14,82.211,8.877,0.638,35,110,0,0,0,0
120.017,82.849,8.877,0.638,35,110,0,0,0,0
128.894,83.487,8.877,0.638,35,110,0,0,0,0
137.771,84.126,8.877,0.638,35,110,0,0,0,0
146.648,84.764,8.877,0.638,35,110,0,0,0,0
155.525,85.403,8.877,0.638,35,110,0,0,0,0
164.402,86.041,8.877,0.638,35,110,0,0,0,0
173.279,86.679,8.877,0.638,35,110,0,0,0,0
182.156,87.318,8.877,0.638,35,110,0,0,0,0
191.033,87.956,8.877,0.638,35,110,0,0,0,0
199.91,88.594,8.877,0.638,35,110,0,0,0,0
208.787,89.233,8.877,0.638,35,110,0,0,0,0
217.664,89.871,8.877,0.638,35,110,0,0,0,0
226.542,90.509,8.877,0.638,35,110,0,0,0,0
235.419,91.148,8.877,0.638,35,110,0,0,0,0
244.296,91.786,8.877,0.638,35,110,0,0,0,0
253.173,92.425,8.877,0.638,35,110,0,0,0,0
262.05,93.063,8.877,0.638,35,110,0,0,0,0
270.927,93.701,8.877,0.638,35,110,0,0,0,0
279.804,94.34,8.877,0.638,35,110,0,0,0,0
288.681,94.978,8.877,0.638,35,110,0,0,0,0
297.558,95.616,8.877,0.638,35,110,0,0,0,0
306.435,96.255,8.877,0.638,35,110,0,0,0,0
315.312,96.893,8.877,0.638,35,110,0,0,0,0
324.189,97.532,8.877,0.638,35,110,0,0,0,0
333.066,98.17,8.877,0.638,35,110,0,0,0,0
341.944,98.808,8.877,0.638,35,110,0,0,0,0
350.821,99.447,8.877,0.638,35,105,0,-1,0,0
359.698,100.085,8.877,0.638,35,100,0,-1,0,0
368.575,100.723,8.877,0.638,35,95,0,-1,0,0
377.452,101.362,8.877,0.638,35,90,0,-1,0,0
386.329,102.0,8.877,0.638,35,85,0,-1,0,0
395.206,102.639,8.877,0.638,35,80,0,-1,0,0
404.083,103.277,8.877,0.638,35,80,0,0,0,0
412.96,103.915,8.877,0.638,35,80,0,0,0,0
421.837,104.554,8.877,0.638,35,80,0,0,0,0
430.714,105.192,8.877,0.638,35,80,0,0,0,0
439.591,105.83,8.877,0.638,35,80,0,0,0,0
448.468,106.469,8.877,0.638,35,80,0,0,0,0
457.346,107.107,8.877,0.638,35,80,0,0,0,0
466.223,107.745,8.877,0.638,35,80,0,0,0,0
475.1,108.384,8.877,0.638,35,80,0,0,0,0
483.977,109.022,8.877,0.638,35,80,0,0,0,0
492.854,109.661,8.877,0.638,35,80,0,0,0,0
501.731,110.299,8.877,0.638,35,80,0,0,0,0
510.608,110.937,8.877,0.638,35,80,0,0,0,0
519.485,111.576,8.877,0.638,35,80,0,0,0,0
528.362,112.214,8.877,0.638,35,80,0,0,0,0
537.239,112.852,8.877,0.638,35,80,0,0,0,0
546.116,113.491,8.877,0.638,35,80,0,0,0,0
554.993,114.129,8.877,0.638,35,80,0,0,0,0
563.87,114.768,8.877,0.638,35,80,0,0,0,0
572.748,115.406,8.877,0.638,35,80,0,0,0,0
581.625,116.044,8.877,0.638,35,80,0,0,0,0
590.502,116.683,8.877,0.638,35,80,0,0,0,0
599.379,117.321,8.877,0.638,35,80,0,0,0,0
608.256,117.959,8.877,0.638,35,80,0,0,0,0
617.133,118.598,8.877,0.638,35,80,0,0,0,0
626.01,119.236,8.877,0.638,35,80,0,0,0,0
634.887,119.874,8.877,0.638,35,80,0,0,0,0
643.764,120.513,8.877,0.638,35,80,0,0,0,0
652.641,121.151,8.877,0.638,35,80,0,0,0,0
661.518,121.79,8.877,0.638,35,80,0,0,0,0
670.395,122.428,8.877,0.638,35,80,0,0,0,0
679.272,123.066,8.877,0.638,35,80,0,0,0,0
688.149,123.705,8.877,0.638,35,80,0,0,0,0
697.027,124.343,8.877,0.638,35,80,0,0,0,0
705.904,124.981,8.877,0.638,35,80,0,0,0,0
714.781,125.62,8.877,0.638,35,80,0,0,0,0
723.658,126.258,8.877,0.638,35,80,0,0,0,0
732.535,126.897,8.877,0.638,35,80,0,0,0,0
741.412,127.535,8.877,0.638,35,80,0,0,0,0
750.289,128.173,8.877,0.638,35,80,0,0,0,0
751.0,128.812,-8.956,2.104,35,80,0,0,0,0
742.044,130.915,-8.956,2.104,35,80,0,0,0,0
733.087,133.019,-8.956,2.104,35,80,0,0,0,0
724.131,135.122,-8.956,2.104,35,80,0,0,0,0
715.175,137.226,-8.956,2.104,35,80,0,0,0,0
706.219,139.329,-8.956,2.104,35,80,0,0,0,0
697.262,141.433,-8.956,2.104,35,80,0,0,0,0
688.306,143.537,-8.956,2.104,35,80,0,0,0,0
679.35,145.64,-8.956,2.104,35,80,0,0,0,0
670.393,147.744,-8.956,2.104,35,80,0,0,0,0
661.437,149.847,-8.956,2.104,35,80,0,0,0,0
652.481,151.951,-8.956,2.104,40,80,1,0,0,0
643.525,154.054,-8.956,2.104,45,80,1,0,0,0
634.568,156.158,-8.956,2.104,50,80,1,0,0,0
625.612,158.261,-8.956,2.104,55,80,1,0,0,0
616.656,160.365,-8.956,2.104,60,80,1,0,0,0
607.699,162.469,-8.956,2.104,65,80,1,0,0,0
598.743,164.572,-8.956,2.104,70,80,1,0,0,0
589.787,166.676,-8.956,2.104,75,80,1,0,0,0
580.831,168.779,-8.956,2.104,80,80,1,0,0,0
571.874,170.883,-8.956,2.104,85,80,1,0,0,0
562.918,172.986,-8.956,2.104,90,80,1,0,0,0
553.962,175.09,-8.956,2.104,95,80,1,0,0,0
545.005,177.193,-8.956,2.104,100,80,1,0,0,0
536.049,179.297,-8.956,2.104,105,80,1,0,0,0
527.093,181.401,-8.956,2.104,110,80,1,0,0,0
518.137,183.504,-8.956,2.104,115,80,1,0,0,0
509.18,185.608,-8.956,2.104,120,80,1,0,0,0
500.224,187.711,-8.956,2.104,125,80,1,0,0,0
491.268,189.815,-8.956,2.104,130,80,1,0,0,0
482.311,191.918,-8.956,2.104,135,80,1,0,0,0
473.355,194.022,-8.956,2.104,140,80,1,0,0,0
464.399,196.125,-8.956,2.104,145,80,1,0,0,0
455.443,198.229,-8.956,2.104,150,80,1,0,0,0
446.486,200.333,-8.956,2.104,155,80,1,0,0,0
437.53,202.436,-8.956,2.104,160,80,1,0,0,0
428.574,204.54,-8.956,2.104,165,80,1,0,0,0
419.617,206.643,-8.956,2.104,170,80,1,0,0,0
410.661,208.747,-8.956,2.104,175,80,1,0,0,0
401.705,210.85,-8.956,2.104,180,80,1,0,0,0
392.749,212.954,-8.956,2.104,185,80,1,0,0,0
383.792,215.057,-8.956,2.104,190,80,1,0,0,0
374.836,217.161,-8.956,2.104,195,80,1,0,0,0
365.88,219.265,-8.956,2.104,200,80,1,0,0,0
356.923,221.368,-8.956,2.104,205,80,1,0,0,0
347.967,223.472,-8.956,2.104,210,80,1,0,0,0
339.011,225.575,-8.956,2.104,215,80,1,0,0,0
330.055,227.679,-8.956,2.104,220,80,1,0,0,0
321.098,229.782,-8.956,2.104,225,80,1,0,0,0
312.142,231.886,-8.956,2.104,230,80,1,0,0,0
303.186,233.989,-8.956,2.104,235,80,1,0,0,0
294.229,236.093,-8.956,2.104,235,80,0,0,0,0
285.273,238.197,-8.956,2.104,235,80,0,0,0,0
276.317,240.3,-8.956,2.104,235,80,0,0,0,0
267.361,242.404,-8.956,2.104,235,80,0,0,0,0
258.404,244.507,-8.956,2.104,235,80,0,0,0,0
249.448,246.611,-8.956,2.104,235,80,0,0,0,0
240.492,248.714,-8.956,2.104,235,80,0,0,0,0
231.535,250.818,-8.956,2.104,235,80,0,0,0,0
222.579,252.921,-8.956,2.104,235,80,0,0,0,0
213.623,255.025,-8.956,2.104,235,80,0,0,0,0
204.667,257.129,-8.956,2.104,235,80,0,0,0,0
195.71,259.232,-8.956,2.104,235,80,0,0,0,0
186.754,261.336,-8.956,2.104,235,80,0,0,0,0
177.798,263.439,-8.956,2.104,235,80,0,0,0,0
168.841,265.543,-8.956,2.104,235,80,0,0,0,0
159.885,267.646,-8.956,2.104,235,80,0,0,0,0
150.929,269.75,-8.956,2.104,235,80,0,0,0,0
141.973,271.853,-8.956,2.104,235,80,0,0,0,0
133.016,273.957,-8.956,2.104,235,80,0,0,0,0
124.06,276.061,-8.956,2.104,235,80,0,0,0,0
115.104,278.164,-8.956,2.104,235,80,0,0,0,0
106.147,280.268,-8.956,2.104,235,80,0,0,0,0
97.191,282.371,-8.956,2.104,235,80,0,0,0,0
88.235,284.475,-8.956,2.104,235,80,0,0,0,0
79.279,286.578,-8.956,2.104,235,80,0,0,0,0
70.322,288.682,-8.956,2.104,235,80,0,0,0,0
61.366,290.785,-8.956,2.104,235,80,0,0,0,0
52.41,292.889,-8.956,2.104,240,80,1,0,0,0
49.0,294.993,9.177,2.457,245,80,1,0,0,0
58.177,297.45,9.177,2.457,250,80,1,0,0,0
67.354,299.907,9.177,2.457,255,80,1,0,0,0
76.53,302.364,9.177,2.457,260,80,1,0,0,0
85.707,304.821,9.177,2.457,265,80,1,0,0,0
94.884,307.278,9.177,2.457,270,80,1,0,0,0
104.061,309.735,9.177,2.457,270,80,0,0,0,0
113.237,312.192,9.177,2.457,270,80,0,0,0,0
122.414,314.649,9.177,2.457,270,80,0,0,0,0
131.591,317.106,9.177,2.457,270,80,0,0,0,0
140.768,319.562,9.177,2.457,270,80,0,0,0,0
149.945,322.019,9.177,2.457,270,80,0,0,0,0
159.121,324.476,9.177,2.457,270,80,0,0,0,0
168.298,326.933,9.177,2.457,270,80,0,0,0,0
177.475,329.39,9.177,2.457,270,80,0,0,0,0
186.652,331.847,9.177,2.457,270,85,0,1,0,0
195.828,334.304,9.177,2.457,270,90,0,1,0,0
205.005,336.761,9.177,2.457,270,95,0,1,0,0
214.182,339.218,9.177,2.457,270,100,0,1,0,0
223.359,341.675,9.177,2.457,270,105,0,1,0,0
232.535,344.132,9.177,2.457,270,110,0,1,0,0
241.712,346.589,9.177,2.457,270,115,0,1,0,0
250.889,349.046,9.177,2.457,270,120,0,1,0,0
260.066,351.503,9.177,2.457,270,125,0,1,0,0
269.243,353.96,9.177,2.457,270,130,0,1,0,0
278.419,356.417,9.177,2.457,270,135,0,1,0,0
287.596,358.874,9.177,2.457,270,140,0,1,0,0
296.773,361.331,9.177,2.457,270,145,0,1,0,0
305.95,363.788,9.177,2.457,270,150,0,1,0,0
315.126,366.245,9.177,2.457,270,155,0,1,0,0
324.303,368.702,9.177,2.457,270,160,0,1,0,0
333.48,371.159,9.177,2.457,270,165,0,1,0,0
342.657,373.616,9.177,2.457,270,170,0,1,0,0
351.834,376.073,9.177,2.457,270,175,0,1,0,0
361.01,378.53,9.177,2.457,270,180,0,1,0,0
370.187,380.987,9.177,2.457,270,185,0,1,0,0
379.364,383.444,9.177,2.457,270,190,0,1,0,0
388.541,385.901,9.177,2.457,270,195,0,1,0,0
397.717,388.358,9.177,2.457,270,200,0,1,0,0
406.894,390.815,9.177,2.457,270,205,0,1,0,0
416.071,393.272,9.177,2.457,270,210,0,1,0,0
425.248,395.729,9.177,2.457,270,215,0,1,0,0
434.425,398.186,9.177,2.457,270,220,0,1,0,0
443.601,400.643,9.177,2.457,270,225,0,1,0,0
452.778,403.1,9.177,2.457,270,230,0,1,0,0
461.955,405.557,9.177,2.457,270,235,0,1,0,0
471.132,408.014,9.177,2.457,270,240,0,1,0,0
480.308,410.471,9.177,2.457,270,245,0,1,0,0
489.485,412.928,9.177,2.457,270,250,0,1,0,0
498.662,415.385,9.177,2.457,270,255,0,1,0,0
507.839,417.842,9.177,2.457,270,260,0,1,0,0
517.015,420.299,9.177,2.457,270,265,0,1,0,0
526.192,422.756,9.177,2.457,270,270,0,1,0,0
535.369,425.213,9.177,2.457,270,275,0,1,0,0
544.546,427.67,9.177,2.457,270,280,0,1,0,0
553.723,430.127,9.177,2.457,270,285,0,1,0,0
562.899,432.584,9.177,2.457,270,290,0,1,0,0
572.076,435.041,9.177,2.457,270,295,0,1,0,0
581.253,437.498,9.177,2.457,270,300,0,1,0,0
590.43,439.955,9.177,2.457,270,305,0,1,0,0
599.606,442.412,9.177,2.457,270,310,0,1,0,0
608.783,444.869,9.177,2.457,270,315,0,1,0,0
617.96,447.326,9.177,2.457,270,320,0,1,0,0
627.137,449.783,9.177,2.457,270,325,0,1,0,0
636.314,452.24,9.177,2.457,270,330,0,1,0,0
645.49,454.697,9.177,2.457,270,335,0,1,0,0
654.667,457.154,9.177,2.457,270,340,0,1,0,0
663.844,459.611,9.177,2.457,270,345,0,1,0,0
673.021,462.068,9.177,2.457,270,350,0,1,0,0
682.197,464.525,9.177,2.457,270,355,0,1,0,0
691.374,466.982,9.177,2.457,270,360,0,1,0,0
700.551,469.439,9.177,2.457,270,365,0,1,0,0
709.728,471.896,9.177,2.457,270,370,0,1,0,0
718.905,474.353,9.177,2.457,270,375,0,1,0,0
728.081,476.81,9.177,2.457,270,380,0,1,0,0
737.258,479.267,9.177,2.457,270,385,0,1,0,0
746.435,481.724,9.177,2.457,270,390,0,1,0,0
755.612,484.181,9.177,2.457,270,395,0,1,0,0
764.788,486.638,9.177,2.457,270,400,0,1,0,0
751.0,489.095,-4.9,8.487,270,405,0,1,0,0
746.1,497.582,-4.9,8.487,270,410,0,1,0,0
741.2,506.069,-4.9,8.487,270,415,0,1,0,0
736.3,514.556,-4.9,8.487,270,420,0,1,0,0
731.4,523.043,-4.9,8.487,270,425,0,1,0,0
726.5,531.53,-4.9,8.487,270,430,0,1,0,0
721.6,540.017,-4.9,8.487,270,435,0,1,0,0
716.7,548.504,-4.9,8.487,270,440,0,1,0,0
711.8,556.991,-4.9,8.487,270,445,0,1,0,0
706.9,565.478,-4.9,8.487,270,450,0,1,0,0
702.0,573.966,-4.9,8.487,270,455,0,1,0,0
697.1,582.453,-4.9,8.487,270,460,0,1,0,0
692.2,590.94,-4.9,8.487,270,465,0,1,0,0
687.3,594.0,-4.9,-8.487,270,470,0,1,0,0
682.4,585.513,-4.9,-8.487,270,475,0,1,0,0
677.5,577.026,-4.9,-8.487,270,480,0,1,0,0
672.6,568.539,-4.9,-8.487,270,485,0,1,0,0
667.7,560.052,-4.9,-8.487,270,490,0,1,0,0
662.8,551.565,-4.9,-8.487,270,495,0,1,0,0
657.9,543.078,-4.9,-8.487,270,495,0,0,0,0
653.0,534.591,-4.9,-8.487,270,495,0,0,0,0
648.1,526.104,-4.9,-8.487,270,495,0,0,0,0
643.2,517.617,-4.9,-8.487,270,495,0,0,0,0
638.3,509.13,-4.9,-8.487,270,495,0,0,0,0
633.4,500.642,-4.9,-8.487,270,495,0,0,0,0
628.5,492.155,-4.9,-8.487,270,495,0,0,0,0
623.6,483.668,-4.9,-8.487,270,495,0,0,0,0
618.7,475.181,-4.9,-8.487,270,495,0,0,0,0
613.8,466.694,-4.9,-8.487,270,495,0,0,0,0
608.9,458.207,-4.9,-8.487,270,495,0,0,0,0
604.0,449.72,-4.9,-8.487,270,495,0,0,0,0
599.1,441.233,-4.9,-8.487,265,495,-1,0,0,0
594.2,432.746,-4.9,-8.487,260,495,-1,0,0,0
589.3,424.259,-4.9,-8.487,255,495,-1,0,0,0
584.4,415.772,-4.9,-8.487,250,495,-1,0,0,0
579.5,407.285,-4.9,-8.487,245,495,-1,0,0,0
574.6,398.798,-4.9,-8.487,240,495,-1,0,0,0
569.7,390.311,-4.9,-8.487,235,495,-1,0,0,0
564.8,381.824,-4.9,-8.487,230,495,-1,0,0,0
559.9,373.337,-4.9,-8.487,225,495,-1,0,0,0
555.0,364.85,-4.9,-8.487,220,495,-1,0,0,0
550.1,356.363,-4.9,-8.487,215,495,-1,0,0,0
545.2,347.876,-4.9,-8.487,210,495,-1,0,0,0
540.3,339.389,-4.9,-8.487,205,495,-1,0,0,0
535.4,330.901,-4.9,-8.487,200,495,-1,0,0,0
530.5,322.414,-4.9,-8.487,195,495,-1,0,0,0
525.6,313.927,-4.9,-8.487,190,495,-1,0,0,0
520.7,305.44,-4.9,-8.487,185,495,-1,0,0,0
515.8,296.953,-4.9,-8.487,180,495,-1,0,0,0
510.9,288.466,-4.9,-8.487,175,495,-1,0,0,0
506.0,279.979,-4.9,-8.487,170,495,-1,0,0,0
501.1,271.492,-4.9,-8.487,165,495,-1,0,0,0
496.2,263.005,-4.9,-8.487,160,495,-1,0,0,0
491.3,254.518,-4.9,-8.487,155,495,-1,0,0,0
486.4,246.031,-4.9,-8.487,150,495,-1,0,0,0
481.5,237.544,-4.9,-8.487,145,495,-1,0,0,0
476.6,229.057,-4.9,-8.487,145,495,0,0,0,0
471.7,220.57,-4.9,-8.487,145,495,0,0,0,0
466.8,212.083,-4.9,-8.487,145,495,0,0,0,0
461.9,203.596,-4.9,-8.487,145,495,0,0,0,0
457.0,195.109,-4.9,-8.487,145,495,0,0,0,0
452.1,186.622,-4.9,-8.487,145,495,0,0,0,0
447.2,178.135,-4.9,-8.487,145,495,0,0,0,0
442.3,169.648,-4.9,-8.487,145,495,0,0,0,0
437.4,161.161,-4.9,-8.487,145,495,0,0,0,0
432.5,152.673,-4.9,-8.487,145,495,0,0,0,0
427.6,144.186,-4.9,-8.487,145,495,0,0,0,0
422.7,135.699,-4.9,-8.487,145,495,0,0,0,0
417.8,127.212,-4.9,-8.487,145,495,0,0,0,0
412.9,118.725,-4.9,-8.487,145,495,0,0,0,0
408.0,110.238,-4.9,-8.487,145,495,0,0,0,0
403.1,101.751,-4.9,-8.487,145,495,0,0,0,0
398.2,93.264,-4.9,-8.487,150,495,1,0,0,0
393.3,84.777,-4.9,-8.487,155,495,1,0,0,0
388.4,76.29,-4.9,-8.487,160,495,1,0,0,0
383.5,67.803,-4.9,-8.487,165,495,1,0,0,0
378.6,59.316,-4.9,-8.487,170,495,1,0,0,0
373.7,50.829,-4.9,-8.487,175,495,1,0,0,0
368.8,42.342,-4.9,-8.487,180,495,1,0,0,0
363.9,33.855,-4.9,-8.487,185,495,1,0,0,0
359.0,25.368,-4.9,-8.487,190,495,1,0,0,0
354.1,16.881,-4.9,-8.487,195,495,1,0,0,0
349.2,8.394,-4.9,-8.487,200,495,1,0,0,0
344.3,6.0,-4.9,8.487,205,495,1,0,0,0
339.4,14.487,-4.9,8.487,210,495,1,0,0,0
334.5,22.974,-4.9,8.487,215,495,1,0,0,0
329.6,31.461,-4.9,8.487,220,495,1,0,0,0
324.7,39.948,-4.9,8.487,225,495,1,0,0,0
319.8,48.435,-4.9,8.487,230,495,1,0,0,0
314.9,56.922,-4.9,8.487,235,495,1,0,0,0
310.0,65.409,-4.9,8.487,240,495,1,0,0,0
305.1,73.896,-4.9,8.487,245,495,1,0,0,0
300.2,82.383,-4.9,8.487,245,495,0,0,0,0
295.3,90.87,-4.9,8.487,245,495,0,0,0,0
290.4,99.358,-4.9,8.487,245,495,0,0,0,0
285.5,107.845,-4.9,8.487,245,495,0,0,0,0
280.6,116.332,-4.9,8.487,245,495,0,0,0,0
275.7,124.819,-4.9,8.487,245,495,0,0,0,0
270.8,133.306,-4.9,8.487,245,495,0,0,0,0
265.9,141.793,-4.9,8.487,245,495,0,0,0,0
261.0,150.28,-4.9,8.487,245,495,0,0,0,0
256.1,158.767,-4.9,8.487,245,495,0,0,0,0
251.2,167.254,-4.9,8.487,245,495,0,0,0,0
246.3,175.741,-4.9,8.487,245,495,0,0,0,0
241.4,184.228,-4.9,8.487,250,495,1,0,0,0
236.5,192.715,-4.9,8.487,255,495,1,0,0,0
231.6,201.202,-4.9,8.487,260,495,1,0,0,0
226.7,209.689,-4.9,8.487,265,495,1,0,0,0
221.8,218.176,-4.9,8.487,270,495,1,0,0,0
216.9,226.663,-4.9,8.487,275,495,1,0,0,0
212.0,235.15,-4.9,8.487,280,495,1,0,0,0
207.1,243.637,-4.9,8.487,285,495,1,0,0,0
202.2,252.124,-4.9,8.487,290,495,1,0,0,0
197.3,260.611,-4.9,8.487,295,495,1,0,0,0
192.4,269.099,-4.9,8.487,300,495,1,0,0,0
187.5,277.586,-4.9,8.487,305,495,1,0,0,0
182.6,286.073,-4.9,8.487,310,495,1,0,0,0
177.7,294.56,-4.9,8.487,315,495,1,0,0,0
172.8,303.047,-4.9,8.487,320,495,1,0,0,0
167.9,311.534,-4.9,8.487,325,495,1,0,0,0
163.0,320.021,-4.9,8.487,330,495,1,0,0,0
158.1,328.508,-4.9,8.487,335,495,1,0,0,0
153.2,336.995,-4.9,8.487,340,495,1,0,0,0
148.3,345.482,-4.9,8.487,345,495,1,0,0,0
143.4,353.969,-4.9,8.487,350,495,1,0,0,0
138.5,362.456,-4.9,8.487,355,495,1,0,0,0
133.6,370.943,-4.9,8.487,360,495,1,0,0,0
128.7,379.43,-4.9,8.487,365,495,1,0,0,0
123.8,387.917,-4.9,8.487,370,495,1,0,0,0
118.9,396.404,-4.9,8.487,375,495,1,0,0,0
114.0,404.891,-4.9,8.487,380,495,1,0,0,0
109.1,413.378,-4.9,8.487,385,495,1,0,0,0
104.2,421.865,-4.9,8.487,390,495,1,0,0,0
99.3,430.352,-4.9,8.487,395,495,1,0,0,0
94.4,438.839,-4.9,8.487,400,495,1,0,0,0
89.5,447.327,-4.9,8.487,405,495,1,0,0,0
84.6,455.814,-4.9,8.487,410,495,1,0,0,0
79.7,464.301,-4.9,8.487,415,495,1,0,0,0
74.8,472.788,-4.9,8.487,420,495,1,0,0,0
69.9,481.275,-4.9,8.487,425,495,1,0,0,0
65.0,489.762,-4.9,8.487,430,495,1,0,0,0
60.1,498.249,-4.9,8.487,435,495,1,0,0,0
55.2,506.736,-4.9,8.487,440,495,1,0,0,0
50.3,515.223,-4.9,8.487,445,495,1,0,0,0
49.0,523.71,6.416,7.801,450,495,1,0,0,0
55.416,531.511,6.416,7.801,455,495,1,0,0,0
61.831,539.311,6.416,7.801,460,495,1,0,0,0
68.247,547.112,6.416,7.801,465,495,1,0,0,0
74.662,554.913,6.416,7.801,470,495,1,0,0,0
81.078,562.713,6.416,7.801,475,495,1,0,0,0
87.493,570.514,6.416,7.801,480,495,1,0,0,0
93.909,578.315,6.416,7.801,485,495,1,0,0,0
100.324,586.116,6.416,7.801,490,495,1,0,0,0
106.74,593.916,6.416,7.801,495,495,1,0,0,0
113.155,594.0,6.416,-7.801,500,495,1,0,0,0
119.571,586.199,6.416,-7.801,505,495,1,0,0,0
125.987,578.399,6.416,-7.801,510,495,1,0,0,0
132.402,570.598,6.416,-7.801,515,495,1,0,0,0
138.818,562.797,6.416,-7.801,515,495,0,0,0,0
145.233,554.997,6.416,-7.801,515,495,0,0,0,0
151.649,547.196,6.416,-7.801,515,495,0,0,0,0
158.064,539.395,6.416,-7.801,515,495,0,0,0,0
164.48,531.594,6.416,-7.801,515,495,0,0,0,0
170.895,523.794,6.416,-7.801,515,495,0,0,0,0
177.311,515.993,6.416,-7.801,510,495,-1,0,0,0
183.726,508.192,6.416,-7.801,505,495,-1,0,0,0
190.142,500.392,6.416,-7.801,500,495,-1,0,0,0
196.558,492.591,6.416,-7.801,495,490,-1,-1,0,0
202.973,484.79,6.416,-7.801,495,485,0,-1,0,0
209.389,476.99,6.416,-7.801,495,480,0,-1,0,0
215.804,469.189,6.416,-7.801,495,475,0,-1,0,0
222.22,461.388,6.416,-7.801,495,470,0,-1,0,0
228.635,453.588,6.416,-7.801,495,465,0,-1,0,0
235.051,445.787,6.416,-7.801,495,460,0,-1,0,0
241.466,437.986,6.416,-7.801,495,455,0,-1,0,0
247.882,430.186,6.416,-7.801,495,450,0,-1,0,0
254.298,422.385,6.416,-7.801,495,445,0,-1,0,0
260.713,414.584,6.416,-7.801,495,440,0,-1,0,0
267.129,406.783,6.416,-7.801,495,435,0,-1,0,0
273.544,398.983,6.416,-7.801,495,430,0,-1,0,0
279.96,391.182,6.416,-7.801,495,425,0,-1,0,0
286.375,383.381,6.416,-7.801,495,420,0,-1,0,0
292.791,375.581,6.416,-7.801,495,415,0,-1,0,0
299.206,367.78,6.416,-7.801,495,410,0,-1,0,0
305.622,359.979,6.416,-7.801,495,405,0,-1,0,0
312.037,352.179,6.416,-7.801,495,400,0,-1,0,0
318.453,344.378,6.416,-7.801,495,395,0,-1,0,0
324.869,336.577,6.416,-7.801,495,390,0,-1,0,0
331.284,328.777,6.416,-7.801,495,385,0,-1,0,0
337.7,320.976,6.416,-7.801,495,380,0,-1,0,0
344.115,313.175,6.416,-7.801,495,375,0,-1,0,0
350.531,305.374,6.416,-7.801,495,370,0,-1,0,0
356.946,297.574,6.416,-7.801,495,365,0,-1,0,0
363.362,289.773,6.416,-7.801,495,360,0,-1,0,0
369.777,281.972,6.416,-7.801,495,355,0,-1,0,0
376.193,274.172,6.416,-7.801,495,350,0,-1,0,0
382.608,266.371,6.416,-7.801,495,345,0,-1,0,0
389.024,258.57,6.416,-7.801,495,340,0,-1,0,0
395.44,250.77,6.416,-7.801,495,335,0,-1,0,0
401.855,242.969,6.416,-7.801,495,330,0,-1,0,0
408.271,235.168,6.416,-7.801,495,325,0,-1,0,0
414.686,227.368,6.416,-7.801,495,320,0,-1,0,0
421.102,219.567,6.416,-7.801,495,315,0,-1,0,0
427.517,211.766,6.416,-7.801,495,310,0,-1,0,0
433.933,203.966,6.416,-7.801,495,305,0,-1,0,0
440.348,196.165,6.416,-7.801,495,300,0,-1,0,0
446.764,188.364,6.416,-7.801,495,295,0,-1,0,0
453.179,180.563,6.416,-7.801,495,290,0,-1,0,0
459.595,172.763,6.416,-7.801,495,285,0,-1,0,0
466.011,164.962,6.416,-7.801,495,280,0,-1,0,0
472.426,157.161,6.416,-7.801,495,275,0,-1,0,0
478.842,149.361,6.416,-7.801,495,270,0,-1,0,0
485.257,141.56,6.416,-7.801,495,265,0,-1,0,0
491.673,133.759,6.416,-7.801,495,260,0,-1,0,0
498.088,125.959,6.416,-7.801,495,255,0,-1,0,0
504.504,118.158,6.416,-7.801,495,250,0,-1,0,0
510.919,110.357,6.416,-7.801,495,245,0,-1,0,0
517.335,102.557,6.416,-7.801,495,240,0,-1,0,0
523.751,94.756,6.416,-7.801,495,235,0,-1,0,0
530.166,86.955,6.416,-7.801,495,235,0,0,0,0
536.582,79.155,6.416,-7.801,495,235,0,0,0,0
542.997,71.354,6.416,-7.801,495,235,0,0,0,0
549.413,63.553,6.416,-7.801,495,235,0,0,0,0
555.828,55.752,6.416,-7.801,495,235,0,0,0,0
562.244,47.952,6.416,-7.801,495,235,0,0,0,0
568.659,40.151,6.416,-7.801,495,235,0,0,0,0
575.075,32.35,6.416,-7.801,495,235,0,0,0,0
581.49,24.55,6.416,-7.801,495,235,0,0,0,0
587.906,16.749,6.416,-7.801,495,235,0,0,0,0
594.322,8.948,6.416,-7.801,495,235,0,0,0,0
600.737,6.0,6.416,7.801,495,235,0,0,0,0
607.153,13.801,6.416,7.801,495,235,0,0,0,0
613.568,21.601,6.416,7.801,495,235,0,0,0,0
619.984,29.402,6.416,7.801,495,235,0,0,0,0
626.399,37.203,6.416,7.801,495,235,0,0,0,0
632.815,45.003,6.416,7.801,495,235,0,0,0,0
639.23,52.804,6.416,7.801,495,235,0,0,0,0
645.646,60.605,6.416,7.801,495,235,0,0,0,0
652.061,68.406,6.416,7.801,495,235,0,0,0,0
658.477,76.206,6.416,7.801,495,235,0,0,0,0
664.893,84.007,6.416,7.801,495,230,0,-1,0,0
671.308,91.808,6.416,7.801,495,225,0,-1,0,0
677.724,99.608,6.416,7.801,495,220,0,-1,0,0
684.139,107.409,6.416,7.801,495,215,0,-1,0,0
690.555,115.21,6.416,7.801,495,210,0,-1,0,0
696.97,123.01,6.416,7.801,495,205,0,-1,0,0
703.386,130.811,6.416,7.801,495,200,0,-1,0,0
709.801,138.612,6.416,7.801,495,195,0,-1,0,0
716.217,146.412,6.416,7.801,495,190,0,-1,0,0
722.632,154.213,6.416,7.801,495,185,0,-1,0,0
729.048,162.014,6.416,7.801,495,180,0,-1,0,0
735.464,169.814,6.416,7.801,495,180,0,0,0,0
741.879,177.615,6.416,7.801,495,180,0,0,0,0
748.295,185.416,6.416,7.801,495,180,0,0,0,0
751.0,193.217,-7.946,-6.709,495,180,0,0,0,0
743.054,186.507,-7.946,-6.709,495,180,0,0,0,0
735.107,179.798,-7.946,-6.709,495,180,0,0,0,0
727.161,173.089,-7.946,-6.709,495,185,0,1,0,0
719.214,166.379,-7.946,-6.709,495,190,0,1,0,0
711.268,159.67,-7.946,-6.709,495,195,0,1,0,0
703.322,152.961,-7.946,-6.709,495,200,0,1,0,0
695.375,146.251,-7.946,-6.709,495,205,0,1,0,0
687.429,139.542,-7.946,-6.709,495,210,0,1,0,0
679.483,132.833,-7.946,-6.709,495,215,0,1,0,0
671.536,126.123,-7.946,-6.709,495,220,0,1,0,0
663.59,119.414,-7.946,-6.709,495,225,0,1,0,0
655.643,112.705,-7.946,-6.709,495,230,0,1,0,0
647.697,105.995,-7.946,-6.709,495,235,0,1,0,0
639.751,99.286,-7.946,-6.709,495,240,0,1,0,0
631.804,92.577,-7.946,-6.709,495,245,0,1,0,0
623.858,85.867,-7.946,-6.709,495,250,0,1,0,0
615.911,79.158,-7.946,-6.709,495,255,0,1,0,0
607.965,72.449,-7.946,-6.709,495,260,0,1,0,0
600.019,65.739,-7.946,-6.709,495,265,0,1,0,0
592.072,59.03,-7.946,-6.709,495,270,0,1,0,0
584.126,52.321,-7.946,-6.709,495,275,0,1,0,0
576.18,45.612,-7.946,-6.709,495,275,0,0,0,0
568.233,38.902,-7.946,-6.709,495,275,0,0,0,0
560.287,32.193,-7.946,-6.709,495,275,0,0,0,0
552.34,25.484,-7.946,-6.709,490,275,-1,0,0,0
544.394,18.774,-7.946,-6.709,485,275,-1,0,0,0
536.448,12.065,-7.946,-6.709,480,275,-1,0,0,0
528.501,6.0,-7.946,6.709,475,275,-1,0,0,0
520.555,12.709,-7.946,6.709,470,275,-1,0,0,0
512.608,19.419,-7.946,6.709,465,275,-1,0,0,0
504.662,26.128,-7.946,6.709,460,275,-1,0,0,0
496.716,32.837,-7.946,6.709,455,275,-1,0,0,0
488.769,39.547,-7.946,6.709,450,275,-1,0,0,0
480.823,46.256,-7.946,6.709,445,275,-1,0,0,0
472.877,52.965,-7.946,6.709,440,275,-1,0,0,0
464.93,59.675,-7.946,6.709,435,275,-1,0,0,0
456.984,66.384,-7.946,6.709,430,275,-1,0,0,0
449.037,73.093,-7.946,6.709,425,275,-1,0,0,0
441.091,79.803,-7.946,6.709,420,275,-1,0,0,0
433.145,86.512,-7.946,6.709,415,275,-1,0,0,0
425.198,93.221,-7.946,6.709,410,275,-1,0,0,0
417.252,99.93,-7.946,6.709,405,275,-1,0,0,0
409.305,106.64,-7.946,6.709,400,275,-1,0,0,0
401.359,113.349,-7.946,6.709,395,275,-1,0,0,0
393.413,120.058,-7.946,6.709,390,275,-1,0,0,0
385.466,126.768,-7.946,6.709,385,275,-1,0,0,0
377.52,133.477,-7.946,6.709,380,275,-1,0,0,0
369.574,140.186,-7.946,6.709,375,275,-1,0,0,0
361.627,146.896,-7.946,6.709,370,275,-1,0,0,0
353.681,153.605,-7.946,6.709,365,275,-1,0,0,0
345.734,160.314,-7.946,6.709,360,275,-1,0,0,0
337.788,167.024,-7.946,6.709,355,275,-1,0,0,0
329.842,173.733,-7.946,6.709,350,275,-1,0,0,0
321.895,180.442,-7.946,6.709,345,275,-1,0,0,0
313.949,187.152,-7.946,6.709,340,275,-1,0,0,0
306.002,193.861,-7.946,6.709,335,275,-1,0,0,0
298.056,200.57,-7.946,6.709,330,275,-1,0,0,0
290.11,207.28,-7.946,6.709,325,275,-1,0,0,0
282.163,213.989,-7.946,6.709,320,275,-1,0,0,0
274.217,220.698,-7.946,6.709,320,275,0,0,0,0
266.271,227.408,-7.946,6.709,320,275,0,0,0,0
258.324,234.117,-7.946,6.709,320,275,0,0,0,0
250.378,240.826,-7.946,6.709,320,275,0,0,0,0
242.431,247.535,-7.946,6.709,320,275,0,0,0,0
234.485,254.245,-7.946,6.709,320,275,0,0,0,0
226.539,260.954,-7.946,6.709,320,275,0,0,0,0
218.592,267.663,-7.946,6.709,320,275,0,0,0,0
210.646,274.373,-7.946,6.709,320,275,0,0,0,0
202.699,281.082,-7.946,6.709,320,275,0,0,0,0
194.753,287.791,-7.946,6.709,320,275,0,0,0,0
186.807,294.501,-7.946,6.709,320,275,0,0,0,0
178.86,301.21,-7.946,6.709,320,275,0,0,0,0
170.914,307.919,-7.946,6.709,320,275,0,0,0,0
162.968,314.629,-7.946,6.709,320,275,0,0,0,0
155.021,321.338,-7.946,6.709,320,275,0,0,0,0
147.075,328.047,-7.946,6.709,320,275,0,0,0,0
139.128,334.757,-7.946,6.709,320,275,0,0,0,0
131.182,341.466,-7.946,6.709,320,275,0,0,0,0
123.236,348.175,-7.946,6.709,320,275,0,0,0,0
115.289,354.885,-7.946,6.709,320,275,0,0,0,0
107.343,361.594,-7.946,6.709,320,275,0,0,0,0
99.396,368.303,-7.946,6.709,325,275,1,0,0,0
91.45,375.013,-7.946,6.709,330,275,1,0,0,0
83.504,381.722,-7.946,6.709,335,275,1,0,0,0
75.557,388.431,-7.946,6.709,340,275,1,0,0,0
67.611,395.141,-7.946,6.709,345,275,1,0,0,0
59.665,401.85,-7.946,6.709,350,275,1,0,0,0
51.718,408.559,-7.946,6.709,355,275,1,0,0,0
49.0,415.268,9.856,4.164,360,275,1,0,0,0
58.856,419.433,9.856,4.164,365,275,1,0,0,0
68.713,423.597,9.856,4.164,370,275,1,0,0,0
78.569,427.761,9.856,4.164,375,275,1,0,0,0
88.426,431.925,9.856,4.164,380,275,1,0,0,0
98.282,436.089,9.856,4.164,385,275,1,0,0,0
108.139,440.253,9.856,4.164,390,275,1,0,0,0
117.995,444.417,9.856,4.164,395,275,1,0,0,0
127.852,448.581,9.856,4.164,400,275,1,0,0,0
137.708,452.745,9.856,4.164,405,275,1,0,0,0
147.565,456.909,9.856,4.164,410,275,1,0,0,0
157.421,461.074,9.856,4.164,415,275,1,0,0,0
167.278,465.238,9.856,4.164,420,275,1,0,0,0
177.134,469.402,9.856,4.164,425,275,1,0,0,0
186.991,473.566,9.856,4.164,430,275,1,0,0,0
196.847,477.73,9.856,4.164,435,275,1,0,0,0
206.704,481.894,9.856,4.164,440,280,1,1,0,0
216.56,486.058,9.856,4.164,445,285,1,1,0,0
226.417,490.222,9.856,4.164,450,290,1,1,0,0
236.273,494.386,9.856,4.164,455,295,1,1,0,0
246.13,498.55,9.856,4.164,460,300,1,1,0,0
255.986,502.714,9.856,4.164,460,305,0,1,0,0
265.843,506.879,9.856,4.164,460,310,0,1,0,0
275.699,511.043,9.856,4.164,460,315,0,1,0,0
285.556,515.207,9.856,4.164,460,320,0,1,0,0
295.412,519.371,9.856,4.164,460,325,0,1,0,0
305.269,523.535,9.856,4.164,460,330,0,1,0,0
315.125,527.699,9.856,4.164,460,335,0,1,0,0
324.982,531.863,9.856,4.164,460,340,0,1,0,0
334.838,536.027,9.856,4.164,460,345,0,1,0,0
344.695,540.191,9.856,4.164,460,350,0,1,0,0
354.551,544.355,9.856,4.164,460,355,0,1,0,0
364.408,548.52,9.856,4.164,460,360,0,1,0,0
374.264,552.684,9.856,4.164,460,365,0,1,0,0
384.121,556.848,9.856,4.164,460,370,0,1,0,0
393.977,561.012,9.856,4.164,460,375,0,1,0,0
403.833,565.176,9.856,4.164,460,380,0,1,0,0
413.69,569.34,9.856,4.164,460,385,0,1,0,0
423.546,573.504,9.856,4.164,460,390,0,1,0,0
433.403,577.668,9.856,4.164,460,395,0,1,0,0
443.259,581.832,9.856,4.164,460,400,0,1,0,0
453.116,585.996,9.856,4.164,460,405,0,1,0,0
462.972,590.16,9.856,4.164,460,410,0,1,0,0
472.829,594.0,9.856,-4.164,460,415,0,1,0,0
482.685,589.836,9.856,-4.164,460,420,0,1,0,0
492.542,585.672,9.856,-4.164,460,425,0,1,0,0
502.398,581.508,9.856,-4.164,460,430,0,1,0,0
512.255,577.344,9.856,-4.164,460,435,0,1,0,0
522.111,573.18,9.856,-4.164,460,440,0,1,0,0
531.968,569.015,9.856,-4.164,460,445,0,1,0,0
541.824,564.851,9.856,-4.164,460,450,0,1,0,0
551.681,560.687,9.856,-4.164,460,455,0,1,0,0
561.537,556.523,9.856,-4.164,460,460,0,1,0,0
571.394,552.359,9.856,-4.164,460,465,0,1,0,0
581.25,548.195,9.856,-4.164,460,470,0,1,0,0
591.107,544.031,9.856,-4.164,460,475,0,1,0,0
600.963,539.867,9.856,-4.164,460,475,0,0,0,0
610.82,535.703,9.856,-4.164,460,475,0,0,0,0
620.676,531.539,9.856,-4.164,460,475,0,0,0,0
630.533,527.374,9.856,-4.164,460,475,0,0,0,0
640.389,523.21,9.856,-4.164,460,475,0,0,0,0
650.246,519.046,9.856,-4.164,460,475,0,0,0,0
660.102,514.882,9.856,-4.164,460,475,0,0,0,0
669.959,510.718,9.856,-4.164,460,475,0,0,0,0
679.815,506.554,9.856,-4.164,460,470,0,-1,0,0
689.672,502.39,9.856,-4.164,460,465,0,-1,0,0
699.528,498.226,9.856,-4.164,460,460,0,-1,0,0
709.385,494.062,9.856,-4.164,460,455,0,-1,0,0
719.241,489.898,9.856,-4.164,460,450,0,-1,0,0
729.098,485.734,9.856,-4.164,460,445,0,-1,0,0
738.954,481.569,9.856,-4.164,460,440,0,-1,0,0
748.811,477.405,9.856,-4.164,460,435,0,-1,0,0
751.0,473.241,-10.96,0.932,460,430,0,-1,0,0
740.04,474.174,-10.96,0.932,460,425,0,-1,0,0
729.079,475.106,-10.96,0.932,460,420,0,-1,0,0
718.119,476.038,-10.96,0.932,460,415,0,-1,0,0
707.158,476.97,-10.96,0.932,460,410,0,-1,0,0
696.198,477.903,-10.96,0.932,460,405,0,-1,0,0
685.237,478.835,-10.96,0.932,460,400,0,-1,0,0
674.277,479.767,-10.96,0.932,460,395,0,-1,0,0
663.317,480.7,-10.96,0.932,460,390,0,-1,0,0
652.356,481.632,-10.96,0.932,460,385,0,-1,0,0
641.396,482.564,-10.96,0.932,460,380,0,-1,0,0
630.435,483.497,-10.96,0.932,455,375,-1,-1,0,0
619.475,484.429,-10.96,0.932,450,370,-1,-1,0,0
608.515,485.361,-10.96,0.932,445,365,-1,-1,0,0
597.554,486.293,-10.96,0.932,440,360,-1,-1,0,0
586.594,487.226,-10.96,0.932,435,355,-1,-1,0,0
575.633,488.158,-10.96,0.932,430,350,-1,-1,0,0
564.673,489.09,-10.96,0.932,425,345,-1,-1,0,0
553.712,490.023,-10.96,0.932,420,340,-1,-1,0,0
542.752,490.955,-10.96,0.932,415,335,-1,-1,0,0
531.792,491.887,-10.96,0.932,410,330,-1,-1,0,0
520.831,492.819,-10.96,0.932,405,325,-1,-1,0,0
509.871,493.752,-10.96,0.932,400,320,-1,-1,0,0
498.91,494.684,-10.96,0.932,395,315,-1,-1,0,0
487.95,495.616,-10.96,0.932,390,315,-1,0,0,0
476.989,496.549,-10.96,0.932,385,315,-1,0,0,0
466.029,497.481,-10.96,0.932,380,315,-1,0,0,0
455.069,498.413,-10.96,0.932,380,315,0,0,0,0
444.108,499.346,-10.96,0.932,380,315,0,0,0,0
433.148,500.278,-10.96,0.932,380,315,0,0,0,0
422.187,501.21,-10.96,0.932,380,315,0,0,0,0
411.227,502.142,-10.96,0.932,380,315,0,0,0,0
400.267,503.075,-10.96,0.932,380,315,0,0,0,0
389.306,504.007,-10.96,0.932,380,315,0,0,0,0
378.346,504.939,-10.96,0.932,380,315,0,0,0,0
367.385,505.872,-10.96,0.932,385,315,1,0,0,0
356.425,506.804,-10.96,0.932,390,315,1,0,0,0
345.464,507.736,-10.96,0.932,395,315,1,0,0,0
334.504,508.669,-10.96,0.932,400,315,1,0,0,0
323.544,509.601,-10.96,0.932,405,315,1,0,0,0
312.583,510.533,-10.96,0.932,410,315,1,0,0,0
301.623,511.465,-10.96,0.932,415,315,1,0,0,0
290.662,512.398,-10.96,0.932,420,315,1,0,0,0
279.702,513.33,-10.96,0.932,425,315,1,0,0,0
268.741,514.262,-10.96,0.932,430,315,1,0,0,0
257.781,515.195,-10.96,0.932,435,315,1,0,0,0
246.821,516.127,-10.96,0.932,440,315,1,0,0,0
235.86,517.059,-10.96,0.932,445,315,1,0,0,0
224.9,517.991,-10.96,0.932,450,315,1,0,0,0
213.939,518.924,-10.96,0.932,455,315,1,0,0,0
202.979,519.856,-10.96,0.932,460,315,1,0,0,0
192.019,520.788,-10.96,0.932,465,315,1,0,0,0
181.058,521.721,-10.96,0.932,470,315,1,0,0,0
170.098,522.653,-10.96,0.932,475,315,1,0,0,0
159.137,523.585,-10.96,0.932,480,315,1,0,0,0
148.177,524.518,-10.96,0.932,485,315,1,0,0,0
137.216,525.45,-10.96,0.932,490,315,1,0,0,0
126.256,526.382,-10.96,0.932,495,315,1,0,0,0
115.296,527.314,-10.96,0.932,500,315,1,0,0,0
104.335,528.247,-10.96,0.932,505,315,1,0,0,0
93.375,529.179,-10.96,0.932,510,315,1,0,0,0
82.414,530.111,-10.96,0.932,515,315,1,0,0,0
71.454,531.044,-10.96,0.932,520,315,1,0,0,0
60.493,531.976,-10.96,0.932,520,315,1,0,0,0
49.533,532.908,-10.96,0.932,520,315,0,0,0,0
49.0,533.84,8.752,-7.148,520,315,0,0,0,0
57.752,526.693,8.752,-7.148,520,315,0,0,0,0
66.504,519.545,8.752,-7.148,520,315,0,0,0,0
75.256,512.397,8.752,-7.148,520,315,0,0,0,0
84.008,505.249,8.752,-7.148,520,315,0,0,0,0
92.76,498.101,8.752,-7.148,520,315,0,0,0,0
101.512,490.953,8.752,-7.148,520,315,0,0,0,0
110.264,483.805,8.752,-7.148,520,315,0,0,0,0
119.016,476.657,8.752,-7.148,520,315,0,0,0,0
127.768,469.509,8.752,-7.148,520,315,0,0,0,0
136.52,462.361,8.752,-7.148,520,315,0,0,0,0
145.272,455.213,8.752,-7.148,520,315,0,0,0,0
154.024,448.065,8.752,-7.148,520,315,0,0,0,0
162.776,440.917,8.752,-7.148,520,315,0,0,0,0
171.528,433.77,8.752,-7.148,520,320,0,1,0,0
180.28,426.622,8.752,-7.148,520,325,0,1,0,0
189.032,419.474,8.752,-7.148,520,330,0,1,0,0
197.784,412.326,8.752,-7.148,520,335,0,1,0,0
206.536,405.178,8.752,-7.148,520,340,0,1,0,0
215.288,398.03,8.752,-7.148,520,345,0,1,0,0
224.04,390.882,8.752,-7.148,520,350,0,1,0,0
232.792,383.734,8.752,-7.148,520,355,0,1,0,0
241.544,376.586,8.752,-7.148,520,360,0,1,0,0
250.295,369.438,8.752,-7.148,520,360,0,0,0,0
259.047,362.29,8.752,-7.148,520,360,0,0,0,0
267.799,355.142,8.752,-7.148,520,360,0,0,0,0
276.551,347.994,8.752,-7.148,520,360,0,0,0,0
285.303,340.846,8.752,-7.148,520,360,0,0,0,0
294.055,333.699,8.752,-7.148,520,360,0,0,0,0
302.807,326.551,8.752,-7.148,520,360,0,0,0,0
311.559,319.403,8.752,-7.148,520,355,0,-1,0,0
320.311,312.255,8.752,-7.148,520,350,0,-1,0,0
329.063,305.107,8.752,-7.148,520,345,0,-1,0,0
337.815,297.959,8.752,-7.148,520,340,0,-1,0,0
346.567,290.811,8.752,-7.148,520,335,0,-1,0,0
355.319,283.663,8.752,-7.148,520,330,0,-1,0,0
364.071,276.515,8.752,-7.148,520,325,0,-1,0,0
372.823,269.367,8.752,-7.148,520,320,0,-1,0,0
381.575,262.219,8.752,-7.148,520,315,0,-1,0,0
390.327,255.071,8.752,-7.148,520,310,0,-1,0,0
399.079,247.923,8.752,-7.148,520,305,0,-1,0,0
407.831,240.775,8.752,-7.148,520,300,0,-1,0,0
416.583,233.628,8.752,-7.148,520,295,0,-1,0,0
425.335,226.48,8.752,-7.148,520,290,0,-1,0,0
434.087,219.332,8.752,-7.148,520,285,0,-1,0,0
442.839,212.184,8.752,-7.148,520,280,0,-1,0,0
451.591,205.036,8.752,-7.148,520,275,0,-1,0,0
460.343,197.888,8.752,-7.148,520,270,0,-1,0,0
469.095,190.74,8.752,-7.148,520,265,0,-1,0,0
477.847,183.592,8.752,-7.148,520,260,0,-1,0,0
486.599,176.444,8.752,-7.148,520,255,0,-1,0,0
495.351,169.296,8.752,-7.148,520,250,0,-1,0,0
504.103,162.148,8.752,-7.148,520,245,0,-1,0,0
512.855,155.0,8.752,-7.148,520,240,0,-1,0,0
521.607,147.852,8.752,-7.148,520,235,0,-1,0,0
530.359,140.704,8.752,-7.148,520,230,0,-1,0,0
539.111,133.557,8.752,-7.148,520,225,0,-1,0,0
547.863,126.409,8.752,-7.148,520,220,0,-1,0,0
556.615,119.261,8.752,-7.148,520,215,0,-1,0,0
565.367,112.113,8.752,-7.148,520,210,0,-1,0,0
574.119,104.965,8.752,-7.148,520,205,0,-1,0,0
582.871,97.817,8.752,-7.148,520,200,0,-1,0,0
591.623,90.669,8.752,-7.148,520,195,0,-1,0,0
600.375,83.521,8.752,-7.148,520,190,0,-1,0,0
609.127,76.373,8.752,-7.148,520,185,0,-1,0,0
617.879,69.225,8.752,-7.148,520,180,0,-1,0,0
626.631,62.077,8.752,-7.148,520,175,0,-1,0,0
635.383,54.929,8.752,-7.148,520,170,0,-1,0,0
644.135,47.781,8.752,-7.148,520,165,0,-1,0,0
652.886,40.633,8.752,-7.148,520,160,0,-1,0,0
661.638,33.486,8.752,-7.148,520,155,0,-1,0,0
670.39,26.338,8.752,-7.148,520,150,0,-1,0,0
679.142,19.19,8.752,-7.148,520,145,0,-1,0,0
687.894,12.042,8.752,-7.148,520,140,0,-1,0,0
696.646,6.0,8.752,7.148,520,135,0,-1,0,0
705.398,13.148,8.752,7.148,520,130,0,-1,0,0
714.15,20.296,8.752,7.148,520,125,0,-1,0,0
722.902,27.444,8.752,7.148,520,120,0,-1,0,0
731.654,34.592,8.752,7.148,520,115,0,-1,0,0
740.406,41.74,8.752,7.148,520,110,0,-1,0,0
749.158,48.888,8.752,7.148,520,105,0,-1,0,0
757.91,56.035,8.752,7.148,520,100,0,-1,0,0
766.662,63.183,8.752,7.148,520,95,0,-1,0,0
775.414,70.331,8.752,7.148,520,90,0,-1,0,0
784.166,77.479,8.752,7.148,520,85,0,-1,0,0
792.918,84.627,8.752,7.148,520,80,0,-1,0,0
801.67,91.775,8.752,7.148,520,75,0,-1,0,0
400.0,300.0,-4.945,0.737,520,70,0,-1,1,0
395.055,300.737,-4.945,0.737,520,70,0,0,0,0
390.109,301.473,-4.945,0.737,520,70,0,0,0,0
385.164,302.21,-4.945,0.737,520,70,0,0,0,0
380.218,302.946,-4.945,0.737,520,70,0,0,0,0
375.273,303.683,-4.945,0.737,520,70,0,0,0,0
370.327,304.419,-4.945,0.737,520,70,0,0,0,0
365.382,305.156,-4.945,0.737,520,70,0,0,0,0
360.436,305.892,-4.945,0.737,515,70,-1,0,0,0
355.491,306.629,-4.945,0.737,510,70,-1,0,0,0
350.545,307.365,-4.945,0.737,505,70,-1,0,0,0
345.6,308.102,-4.945,0.737,500,70,-1,0,0,0
340.655,308.838,-4.945,0.737,495,70,-1,0,0,0
335.709,309.575,-4.945,0.737,490,70,-1,0,0,0
330.764,310.311,-4.945,0.737,485,70,-1,0,0,0
325.818,311.048,-4.945,0.737,480,70,-1,0,0,0
320.873,311.784,-4.945,0.737,475,70,-1,0,0,0
315.927,312.521,-4.945,0.737,470,70,-1,0,0,0
310.982,313.257,-4.945,0.737,465,70,-1,0,0,0
306.036,313.994,-4.945,0.737,460,70,-1,0,0,0
301.091,314.731,-4.945,0.737,455,70,-1,0,0,0
296.145,315.467,-4.945,0.737,450,70,-1,0,0,0
291.2,316.204,-4.945,0.737,445,70,-1,0,0,0
286.255,316.94,-4.945,0.737,440,70,-1,0,0,0
281.309,317.677,-4.945,0.737,435,70,-1,0,0,0
276.364,318.413,-4.945,0.737,430,70,-1,0,0,0
271.418,319.15,-4.945,0.737,425,70,-1,0,0,0
266.473,319.886,-4.945,0.737,420,70,-1,0,0,0
261.527,320.623,-4.945,0.737,415,70,-1,0,0,0
256.582,321.359,-4.945,0.737,410,70,-1,0,0,0
251.636,322.096,-4.945,0.737,405,70,-1,0,0,0
246.691,322.832,-4.945,0.737,400,70,-1,0,0,0
241.745,323.569,-4.945,0.737,395,70,-1,0,0,0
236.8,324.305,-4.945,0.737,390,70,-1,0,0,0
231.855,325.042,-4.945,0.737,385,70,-1,0,0,0
226.909,325.778,-4.945,0.737,380,70,-1,0,0,0
221.964,326.515,-4.945,0.737,375,70,-1,0,0,0
217.018,327.251,-4.945,0.737,370,70,-1,0,0,0
212.073,327.988,-4.945,0.737,365,70,-1,0,0,0
207.127,328.725,-4.945,0.737,360,70,-1,0,0,0
202.182,329.461,-4.945,0.737,355,70,-1,0,0,0
197.236,330.198,-4.945,0.737,350,70,-1,0,0,0
192.291,330.934,-4.945,0.737,345,70,-1,0,0,0
187.345,331.671,-4.945,0.737,340,70,-1,0,0,0
182.4,332.407,-4.945,0.737,335,70,-1,0,0,0
177.455,333.144,-4.945,0.737,335,70,0,0,0,0
172.509,333.88,-4.945,0.737,335,70,0,0,0,0
167.564,334.617,-4.945,0.737,335,70,0,0,0,0
162.618,335.353,-4.945,0.737,335,70,0,0,0,0
157.673,336.09,-4.945,0.737,335,70,0,0,0,0
152.727,336.826,-4.945,0.737,335,70,0,0,0,0
147.782,337.563,-4.945,0.737,335,70,0,0,0,0
142.836,338.299,-4.945,0.737,335,70,0,0,0,0
137.891,339.036,-4.945,0.737,335,70,0,0,0,0
132.945,339.772,-4.945,0.737,335,70,0,0,0,0
128.0,340.509,-4.945,0.737,335,70,0,0,0,0
123.055,341.246,-4.945,0.737,335,70,0,0,0,0
118.109,341.982,-4.945,0.737,335,70,0,0,0,0
113.164,342.719,-4.945,0.737,335,70,0,0,0,0
108.218,343.455,-4.945,0.737,335,70,0,0,0,0
103.273,344.192,-4.945,0.737,335,70,0,0,0,0
98.327,344.928,-4.945,0.737,335,70,0,0,0,0
93.382,345.665,-4.945,0.737,335,70,0,0,0,0
88.436,346.401,-4.945,0.737,335,70,0,0,0,0
83.491,347.138,-4.945,0.737,335,70,0,0,0,0
78.545,347.874,-4.945,0.737,335,70,0,0,0,0
73.6,348.611,-4.945,0.737,330,70,-1,0,0,0
68.654,349.347,-4.945,0.737,325,70,-1,0,0,0
63.709,350.084,-4.945,0.737,320,70,-1,0,0,0
58.764,350.82,-4.945,0.737,315,70,-1,0,0,0
53.818,351.557,-4.945,0.737,310,70,-1,0,0,0
48.873,352.293,-4.945,0.737,305,70,-1,0,0,0
49.0,353.03,4.995,1.773,300,70,-1,0,0,0
53.995,354.803,4.995,1.773,300,70,0,0,0,0
58.989,356.576,4.995,1.773,300,70,0,0,0,0
63.984,358.349,4.995,1.773,300,70,0,0,0,0
68.978,360.122,4.995,1.773,300,70,0,0,0,0
73.973,361.895,4.995,1.773,300,70,0,0,0,0
78.968,363.668,4.995,1.773,300,70,0,0,0,0
83.962,365.442,4.995,1.773,300,70,0,0,0,0
88.957,367.215,4.995,1.773,300,70,0,0,0,0
93.952,368.988,4.995,1.773,300,70,0,0,0,0
98.946,370.761,4.995,1.773,300,70,0,0,0,0
103.941,372.534,4.995,1.773,300,70,0,0,0,0
108.935,374.307,4.995,1.773,300,70,0,0,0,0
113.93,376.08,4.995,1.773,300,70,0,0,0,0
118.925,377.853,4.995,1.773,300,70,0,0,0,0
123.919,379.626,4.995,1.773,300,70,0,0,0,0
128.914,381.399,4.995,1.773,300,70,0,0,0,0
133.908,383.173,4.995,1.773,300,70,0,0,0,0
138.903,384.946,4.995,1.773,300,70,0,0,0,0
143.898,386.719,4.995,1.773,300,70,0,0,0,0
148.892,388.492,4.995,1.773,300,70,0,0,0,0
153.887,390.265,4.995,1.773,300,70,0,0,0,0
158.881,392.038,4.995,1.773,300,70,0,0,0,0
163.876,393.811,4.995,1.773,300,75,0,1,0,0
168.871,395.584,4.995,1.773,300,80,0,1,0,0
173.865,397.357,4.995,1.773,300,85,0,1,0,0
178.86,399.13,4.995,1.773,300,90,0,1,0,0
183.855,400.903,4.995,1.773,300,95,0,1,0,0
188.849,402.677,4.995,1.773,300,100,0,1,0,0
193.844,404.45,4.995,1.773,300,105,0,1,0,0
198.838,406.223,4.995,1.773,300,110,0,1,0,0
203.833,407.996,4.995,1.773,300,115,0,1,0,0
208.828,409.769,4.995,1.773,300,120,0,1,0,0
213.822,411.542,4.995,1.773,300,125,0,1,0,0
218.817,413.315,4.995,1.773,300,130,0,1,0,0
223.811,415.088,4.995,1.773,300,135,0,1,0,0
228.806,416.861,4.995,1.773,300,140,0,1,0,0
233.801,418.634,4.995,1.773,300,145,0,1,0,0
238.795,420.407,4.995,1.773,300,150,0,1,0,0
243.79,422.181,4.995,1.773,300,155,0,1,0,0
248.784,423.954,4.995,1.773,300,160,0,1,0,0
253.779,425.727,4.995,1.773,300,165,0,1,0,0
258.774,427.5,4.995,1.773,300,170,0,1,0,0
263.768,429.273,4.995,1.773,300,175,0,1,0,0
268.763,431.046,4.995,1.773,300,180,0,1,0,0
273.758,432.819,4.995,1.773,300,185,0,1,0,0
278.752,434.592,4.995,1.773,300,190,0,1,0,0
283.747,436.365,4.995,1.773,300,195,0,1,0,0
288.741,438.138,4.995,1.773,300,200,0,1,0,0
293.736,439.911,4.995,1.773,300,205,0,1,0,0
298.731,441.685,4.995,1.773,300,210,0,1,0,0
303.725,443.458,4.995,1.773,300,215,0,1,0,0
308.72,445.231,4.995,1.773,300,220,0,1,0,0
313.714,447.004,4.995,1.773,300,225,0,1,0,0
318.709,448.777,4.995,1.773,300,230,0,1,0,0
323.704,450.55,4.995,1.773,300,235,0,1,0,0
328.698,452.323,4.995,1.773,300,240,0,1,0,0
333.693,454.096,4.995,1.773,300,245,0,1,0,0
338.687,455.869,4.995,1.773,300,250,0,1,0,0
343.682,457.642,4.995,1.773,300,255,0,1,0,0
348.677,459.415,4.995,1.773,300,260,0,1,0,0
353.671,461.189,4.995,1.773,300,265,0,1,0,0
358.666,462.962,4.995,1.773,300,270,0,1,0,0
363.661,464.735,4.995,1.773,300,275,0,1,0,0
368.655,466.508,4.995,1.773,300,280,0,1,0,0
373.65,468.281,4.995,1.773,300,285,0,1,0,0
378.644,470.054,4.995,1.773,300,290,0,1,0,0
383.639,471.827,4.995,1.773,300,295,0,1,0,0
388.634,473.6,4.995,1.773,300,300,0,1,0,0
393.628,475.373,4.995,1.773,300,305,0,1,0,0
398.623,477.146,4.995,1.773,300,310,0,1,0,0
403.617,478.919,4.995,1.773,300,315,0,1,0,0
408.612,480.693,4.995,1.773,300,320,0,1,0,0
413.607,482.466,4.995,1.773,300,325,0,1,0,0
418.601,484.239,4.995,1.773,300,330,0,1,0,0
423.596,486.012,4.995,1.773,300,335,0,1,0,0
428.59,487.785,4.995,1.773,300,340,0,1,0,0
433.585,489.558,4.995,1.773,300,345,0,1,0,0
438.58,491.331,4.995,1.773,300,350,0,1,0,0
443.574,493.104,4.995,1.773,300,355,0,1,0,0
448.569,494.877,4.995,1.773,300,360,0,1,0,0
453.564,496.65,4.995,1.773,300,365,0,1,0,0
458.558,498.423,4.995,1.773,300,370,0,1,0,0
463.553,500.197,4.995,1.773,300,375,0,1,0,0
468.547,501.97,4.995,1.773,300,380,0,1,0,0
473.542,503.743,4.995,1.773,300,385,0,1,0,0
478.537,505.516,4.995,1.773,300,390,0,1,0,0
483.531,507.289,4.995,1.773,300,395,0,1,0,0
488.526,509.062,4.995,1.773,300,400,0,1,0,0
493.52,510.835,4.995,1.773,300,405,0,1,0,0
498.515,512.608,4.995,1.773,300,410,0,1,0,0
503.51,514.381,4.995,1.773,300,415,0,1,0,0
508.504,516.154,4.995,1.773,300,420,0,1,0,0
513.499,517.928,4.995,1.773,300,425,0,1,0,0
518.493,519.701,4.995,1.773,300,425,0,0,0,0
523.488,521.474,4.995,1.773,300,425,0,0,0,0
528.483,523.247,4.995,1.773,300,425,0,0,0,0
533.477,525.02,4.995,1.773,300,425,0,0,0,0
538.472,526.793,4.995,1.773,300,425,0,0,0,0
543.467,528.566,4.995,1.773,300,425,0,0,0,0
548.461,530.339,4.995,1.773,300,425,0,0,0,0
553.456,532.112,4.995,1.773,300,425,0,0,0,0
558.45,533.885,4.995,1.773,300,425,0,0,0,0
563.445,535.658,4.995,1.773,300,425,0,0,0,0
568.44,537.432,4.995,1.773,300,425,0,0,0,0
573.434,539.205,4.995,1.773,300,425,0,0,0,0
578.429,540.978,4.995,1.773,300,425,0,0,0,0
583.423,542.751,4.995,1.773,300,430,0,1,0,0
588.418,544.524,4.995,1.773,300,435,0,1,0,0
593.413,546.297,4.995,1.773,300,440,0,1,0,0
598.407,548.07,4.995,1.773,300,445,0,1,0,0
603.402,549.843,4.995,1.773,300,450,0,1,0,0
608.396,551.616,4.995,1.773,300,455,0,1,0,0
613.391,553.389,4.995,1.773,300,460,0,1,0,0
618.386,555.162,4.995,1.773,300,465,0,1,0,0
623.38,556.936,4.995,1.773,300,470,0,1,0,0
628.375,558.709,4.995,1.773,300,475,0,1,0,0
633.37,560.482,4.995,1.773,300,480,0,1,0,0
638.364,562.255,4.995,1.773,300,485,0,1,0,0
643.359,564.028,4.995,1.773,300,490,0,1,0,0
648.353,565.801,4.995,1.773,300,495,0,1,0,0
653.348,567.574,4.995,1.773,300,500,0,1,0,0
658.343,569.347,4.995,1.773,300,505,0,1,0,0
663.337,571.12,4.995,1.773,300,510,0,1,0,0
668.332,572.893,4.995,1.773,300,515,0,1,0,0
673.326,574.666,4.995,1.773,300,520,0,1,0,0
678.321,576.44,4.995,1.773,300,520,0,1,0,0
683.316,578.213,4.995,1.773,300,520,0,1,0,0
688.31,579.986,4.995,1.773,300,520,0,1,0,0
693.305,581.759,4.995,1.773,300,520,0,1,0,0
698.3,583.532,4.995,1.773,300,520,0,1,0,0
703.294,585.305,4.995,1.773,300,520,0,1,0,0
708.289,587.078,4.995,1.773,300,520,0,1,0,0
713.283,588.851,4.995,1.773,300,520,0,0,0,0
718.278,590.624,4.995,1.773,300,520,0,0,0,0
723.273,592.397,4.995,1.773,300,520,0,0,0,0
728.267,594.0,4.995,-1.773,300,520,0,0,0,0
733.262,592.227,4.995,-1.773,300,520,0,0,0,0
738.256,590.454,4.995,-1.773,300,520,0,0,0,0
743.251,588.681,4.995,-1.773,300,520,0,0,0,0
748.246,586.908,4.995,-1.773,300,520,0,0,0,0
751.0,585.135,-4.431,3.425,300,520,0,0,0,0
746.569,588.559,-4.431,3.425,300,520,0,0,0,0
742.139,591.984,-4.431,3.425,300,520,0,0,0,0
737.708,594.0,-4.431,-3.425,300,520,0,0,0,0
733.277,590.575,-4.431,-3.425,300,520,0,0,0,0
728.846,587.151,-4.431,-3.425,300,520,0,0,0,0
724.416,583.726,-4.431,-3.425,300,520,0,0,0,0
719.985,580.301,-4.431,-3.425,300,520,0,0,0,0
715.554,576.877,-4.431,-3.425,300,520,0,0,0,0
711.123,573.452,-4.431,-3.425,300,520,0,0,0,0
706.693,570.027,-4.431,-3.425,300,520,0,0,0,0
702.262,566.602,-4.431,-3.425,300,520,0,0,0,0
697.831,563.178,-4.431,-3.425,300,520,0,0,0,0
693.4,559.753,-4.431,-3.425,300,520,0,0,0,0
688.97,556.328,-4.431,-3.425,300,520,0,0,0,0
684.539,552.904,-4.431,-3.425,300,520,0,0,0,0
680.108,549.479,-4.431,-3.425,300,520,0,0,0,0
675.677,546.054,-4.431,-3.425,300,520,0,0,0,0
671.247,542.63,-4.431,-3.425,300,520,0,0,0,0
666.816,539.205,-4.431,-3.425,300,520,0,0,0,0
662.385,535.78,-4.431,-3.425,300,520,0,0,0,0
657.954,532.356,-4.431,-3.425,300,520,0,0,0,0
653.524,528.931,-4.431,-3.425,300,520,0,0,0,0
649.093,525.506,-4.431,-3.425,300,520,0,0,0,0
644.662,522.081,-4.431,-3.425,300,520,0,0,0,0
640.231,518.657,-4.431,-3.425,300,520,0,0,0,0
635.801,515.232,-4.431,-3.425,300,520,0,0,0,0
631.37,511.807,-4.431,-3.425,300,520,0,0,0,0
626.939,508.383,-4.431,-3.425,300,520,0,0,0,0
622.508,504.958,-4.431,-3.425,300,520,0,0,0,0
618.078,501.533,-4.431,-3.425,300,520,0,0,0,0
613.647,498.109,-4.431,-3.425,300,520,0,0,0,0
609.216,494.684,-4.431,-3.425,300,520,0,0,0,0
604.785,491.259,-4.431,-3.425,300,520,0,0,0,0
600.355,487.835,-4.431,-3.425,300,520,0,0,0,0
595.924,484.41,-4.431,-3.425,300,520,0,0,0,0
591.493,480.985,-4.431,-3.425,300,520,0,0,0,0
587.062,477.56,-4.431,-3.425,300,520,0,0,0,0
582.632,474.136,-4.431,-3.425,300,520,0,0,0,0
578.201,470.711,-4.431,-3.425,300,520,0,0,0,0
573.77,467.286,-4.431,-3.425,300,520,0,0,0,0
569.34,463.862,-4.431,-3.425,300,520,0,0,0,0
564.909,460.437,-4.431,-3.425,300,520,0,0,0,0
560.478,457.012,-4.431,-3.425,300,520,0,0,0,0
556.047,453.588,-4.431,-3.425,300,520,0,0,0,0
551.617,450.163,-4.431,-3.425,300,520,0,0,0,0
547.186,446.738,-4.431,-3.425,300,520,0,0,0,0
542.755,443.314,-4.431,-3.425,300,520,0,0,0,0
538.324,439.889,-4.431,-3.425,300,520,0,0,0,0
533.894,436.464,-4.431,-3.425,300,520,0,0,0,0
529.463,433.04,-4.431,-3.425,300,520,0,0,0,0
525.032,429.615,-4.431,-3.425,300,520,0,0,0,0
520.601,426.19,-4.431,-3.425,300,520,0,0,0,0
516.171,422.765,-4.431,-3.425,300,520,0,0,0,0
511.74,419.341,-4.431,-3.425,300,520,0,0,0,0
507.309,415.916,-4.431,-3.425,300,520,0,0,0,0
502.878,412.491,-4.431,-3.425,300,520,0,0,0,0
498.448,409.067,-4.431,-3.425,300,520,0,0,0,0
494.017,405.642,-4.431,-3.425,300,520,0,0,0,0
489.586,402.217,-4.431,-3.425,300,520,0,0,0,0
485.155,398.793,-4.431,-3.425,300,520,0,0,0,0
480.725,395.368,-4.431,-3.425,295,520,-1,0,0,0
476.294,391.943,-4.431,-3.425,290,520,-1,0,0,0
471.863,388.519,-4.431,-3.425,285,520,-1,0,0,0
467.432,385.094,-4.431,-3.425,280,520,-1,0,0,0
463.002,381.669,-4.431,-3.425,275,520,-1,0,0,0
458.571,378.244,-4.431,-3.425,270,520,-1,0,0,0
454.14,374.82,-4.431,-3.425,265,520,-1,0,0,0
449.709,371.395,-4.431,-3.425,260,520,-1,0,0,0
445.279,367.97,-4.431,-3.425,255,520,-1,0,0,0
440.848,364.546,-4.431,-3.425,250,520,-1,0,0,0
436.417,361.121,-4.431,-3.425,245,520,-1,0,0,0
431.986,357.696,-4.431,-3.425,240,520,-1,0,0,0
427.556,354.272,-4.431,-3.425,235,520,-1,0,0,0
423.125,350.847,-4.431,-3.425,230,520,-1,0,0,0
418.694,347.422,-4.431,-3.425,225,520,-1,0,0,0
414.263,343.998,-4.431,-3.425,220,520,-1,0,0,0
409.833,340.573,-4.431,-3.425,215,520,-1,0,0,0
405.402,337.148,-4.431,-3.425,210,520,-1,0,0,0
400.971,333.723,-4.431,-3.425,205,520,-1,0,0,0
396.541,330.299,-4.431,-3.425,200,520,-1,0,0,0
392.11,326.874,-4.431,-3.425,195,520,-1,0,0,0
387.679,323.449,-4.431,-3.425,190,520,-1,0,0,0
383.248,320.025,-4.431,-3.425,185,520,-1,0,0,0
378.818,316.6,-4.431,-3.425,180,520,-1,0,0,0
374.387,313.175,-4.431,-3.425,175,520,-1,0,0,0
369.956,309.751,-4.431,-3.425,170,520,-1,0,0,0
365.525,306.326,-4.431,-3.425,165,520,-1,0,0,0
361.095,302.901,-4.431,-3.425,160,520,-1,0,0,0
356.664,299.477,-4.431,-3.425,155,520,-1,0,0,0
352.233,296.052,-4.431,-3.425,150,520,-1,0,0,0
347.802,292.627,-4.431,-3.425,145,520,-1,0,0,0
343.372,289.202,-4.431,-3.425,140,520,-1,0,0,0
338.941,285.778,-4.431,-3.425,135,520,-1,0,0,0
334.51,282.353,-4.431,-3.425,130,520,-1,0,0,0
330.079,278.928,-4.431,-3.425,125,520,-1,0,0,0
325.649,275.504,-4.431,-3.425,120,520,-1,0,0,0
321.218,272.079,-4.431,-3.425,115,520,-1,0,0,0
316.787,268.654,-4.431,-3.425,110,520,-1,0,0,0
312.356,265.23,-4.431,-3.425,105,520,-1,0,0,0
307.926,261.805,-4.431,-3.425,100,520,-1,0,0,0
303.495,258.38,-4.431,-3.425,95,520,-1,0,0,0
299.064,254.956,-4.431,-3.425,95,520,0,0,0,0
294.633,251.531,-4.431,-3.425,95,520,0,0,0,0
290.203,248.106,-4.431,-3.425,95,520,0,0,0,0
285.772,244.681,-4.431,-3.425,95,520,0,0,0,0
281.341,241.257,-4.431,-3.425,95,520,0,0,0,0
276.91,237.832,-4.431,-3.425,95,520,0,0,0,0
272.48,234.407,-4.431,-3.425,95,520,0,0,0,0
268.049,230.983,-4.431,-3.425,95,520,0,0,0,0
263.618,227.558,-4.431,-3.425,95,520,0,0,0,0
259.187,224.133,-4.431,-3.425,95,520,0,0,0,0
254.757,220.709,-4.431,-3.425,95,520,0,0,0,0
250.326,217.284,-4.431,-3.425,95,520,0,0,0,0
245.895,213.859,-4.431,-3.425,95,520,0,0,0,0
241.464,210.435,-4.431,-3.425,95,520,0,0,0,0
237.034,207.01,-4.431,-3.425,95,520,0,0,0,0
232.603,203.585,-4.431,-3.425,95,520,0,0,0,0
228.172,200.16,-4.431,-3.425,95,520,0,0,0,0
223.742,196.736,-4.431,-3.425,95,520,0,0,0,0
219.311,193.311,-4.431,-3.425,95,520,0,0,0,0
214.88,189.886,-4.431,-3.425,95,520,0,0,0,0
210.449,186.462,-4.431,-3.425,95,520,0,0,0,0
206.019,183.037,-4.431,-3.425,95,520,0,0,0,0
201.588,179.612,-4.431,-3.425,95,520,0,0,0,0
197.157,176.188,-4.431,-3.425,95,520,0,0,0,0
192.726,172.763,-4.431,-3.425,95,520,0,0,0,0
188.296,169.338,-4.431,-3.425,95,520,0,0,0,0
183.865,165.914,-4.431,-3.425,95,520,0,0,0,0
179.434,162.489,-4.431,-3.425,95,520,0,0,0,0
175.003,159.064,-4.431,-3.425,95,520,0,0,0,0
170.573,155.64,-4.431,-3.425,95,520,0,0,0,0
166.142,152.215,-4.431,-3.425,95,520,0,0,0,0
161.711,148.79,-4.431,-3.425,95,520,0,0,0,0
157.28,145.365,-4.431,-3.425,95,520,0,0,0,0
152.85,141.941,-4.431,-3.425,90,520,-1,0,0,0
148.419,138.516,-4.431,-3.425,85,520,-1,0,0,0
143.988,135.091,-4.431,-3.425,80,520,-1,0,0,0
139.557,131.667,-4.431,-3.425,75,520,-1,0,0,0
135.127,128.242,-4.431,-3.425,70,520,-1,0,0,0
130.696,124.817,-4.431,-3.425,65,520,-1,0,0,0
126.265,121.393,-4.431,-3.425,60,520,-1,0,0,0
121.834,117.968,-4.431,-3.425,55,520,-1,0,0,0
117.404,114.543,-4.431,-3.425,50,520,-1,0,0,0
112.973,111.119,-4.431,-3.425,45,520,-1,0,0,0
108.542,107.694,-4.431,-3.425,40,520,-1,0,0,0
104.111,104.269,-4.431,-3.425,35,520,-1,0,0,0
99.681,100.844,-4.431,-3.425,35,520,0,0,0,0
95.25,97.42,-4.431,-3.425,35,520,0,0,0,0
90.819,93.995,-4.431,-3.425,35,520,0,0,0,0
86.388,90.57,-4.431,-3.425,35,520,0,0,0,0
81.958,87.146,-4.431,-3.425,35,520,0,0,0,0
77.527,83.721,-4.431,-3.425,35,520,0,0,0,0
73.096,80.296,-4.431,-3.425,35,520,0,0,0,0
68.665,76.872,-4.431,-3.425,35,520,0,0,0,0
64.235,73.447,-4.431,-3.425,35,520,0,0,0,0
59.804,70.022,-4.431,-3.425,35,520,0,0,0,0
55.373,66.598,-4.431,-3.425,30,520,-1,0,0,0
50.943,63.173,-4.431,-3.425,25,520,-1,0,0,0
49.0,59.748,5.9,-0.039,20,520,-1,0,0,0
54.9,59.709,5.9,-0.039,15,520,-1,0,0,0
60.8,59.67,5.9,-0.039,10,520,-1,0,0,0
66.7,59.631,5.9,-0.039,10,520,0,0,0,0
72.599,59.593,5.9,-0.039,10,520,0,0,0,0
78.499,59.554,5.9,-0.039,10,520,0,0,0,0
84.399,59.515,5.9,-0.039,10,520,0,0,0,0
90.299,59.476,5.9,-0.039,10,520,0,0,0,0
96.199,59.437,5.9,-0.039,10,520,0,0,0,0
102.099,59.398,5.9,-0.039,10,520,0,0,0,0
107.999,59.359,5.9,-0.039,10,520,0,0,0,0
113.899,59.32,5.9,-0.039,10,520,0,0,0,0
119.798,59.281,5.9,-0.039,10,520,0,0,0,0
125.698,59.242,5.9,-0.039,10,520,0,0,0,0
131.598,59.204,5.9,-0.039,10,520,0,0,0,0
137.498,59.165,5.9,-0.039,10,520,0,0,0,0
143.398,59.126,5.9,-0.039,10,520,0,0,0,0
149.298,59.087,5.9,-0.039,10,520,0,0,0,0
155.198,59.048,5.9,-0.039,10,520,0,0,0,0
161.098,59.009,5.9,-0.039,10,520,0,0,0,0
166.997,58.97,5.9,-0.039,10,515,0,-1,0,0
172.897,58.931,5.9,-0.039,10,510,0,-1,0,0
178.797,58.892,5.9,-0.039,10,505,0,-1,0,0
184.697,58.853,5.9,-0.039,10,500,0,-1,0,0
190.597,58.815,5.9,-0.039,10,495,0,-1,0,0
196.497,58.776,5.9,-0.039,10,490,0,-1,0,0
202.397,58.737,5.9,-0.039,10,485,0,-1,0,0
208.297,58.698,5.9,-0.039,10,480,0,-1,0,0
214.196,58.659,5.9,-0.039,10,475,0,-1,0,0
220.096,58.62,5.9,-0.039,10,470,0,-1,0,0
225.996,58.581,5.9,-0.039,10,465,0,-1,0,0
231.896,58.542,5.9,-0.039,10,460,0,-1,0,0
237.796,58.503,5.9,-0.039,10,455,0,-1,0,0
243.696,58.464,5.9,-0.039,10,450,0,-1,0,0
249.596,58.426,5.9,-0.039,10,445,0,-1,0,0
255.496,58.387,5.9,-0.039,10,440,0,-1,0,0
261.395,58.348,5.9,-0.039,10,435,0,-1,0,0
267.295,58.309,5.9,-0.039,10,430,0,-1,0,0
273.195,58.27,5.9,-0.039,10,425,0,-1,0,0
279.095,58.231,5.9,-0.039,10,420,0,-1,0,0
284.995,58.192,5.9,-0.039,10,415,0,-1,0,0
290.895,58.153,5.9,-0.039,10,410,0,-1,0,0
296.795,58.114,5.9,-0.039,10,405,0,-1,0,0
302.694,58.075,5.9,-0.039,10,400,0,-1,0,0
308.594,58.036,5.9,-0.039,10,395,0,-1,0,0
314.494,57.998,5.9,-0.039,10,390,0,-1,0,0
320.394,57.959,5.9,-0.039,10,385,0,-1,0,0
326.294,57.92,5.9,-0.039,10,380,0,-1,0,0
332.194,57.881,5.9,-0.039,10,375,0,-1,0,0
338.094,57.842,5.9,-0.039,10,370,0,-1,0,0
343.994,57.803,5.9,-0.039,10,365,0,-1,0,0
349.893,57.764,5.9,-0.039,10,360,0,-1,0,0
355.793,57.725,5.9,-0.039,10,355,0,-1,0,0
361.693,57.686,5.9,-0.039,10,350,0,-1,0,0
367.593,57.647,5.9,-0.039,10,345,0,-1,0,0
373.493,57.609,5.9,-0.039,10,340,0,-1,0,0
379.393,57.57,5.9,-0.039,10,335,0,-1,0,0
385.293,57.531,5.9,-0.039,10,330,0,-1,0,0
391.193,57.492,5.9,-0.039,10,325,0,-1,0,0
397.092,57.453,5.9,-0.039,10,320,0,-1,0,0
402.992,57.414,5.9,-0.039,10,315,0,-1,0,0
408.892,57.375,5.9,-0.039,10,310,0,-1,0,0
414.792,57.336,5.9,-0.039,10,305,0,-1,0,0
420.692,57.297,5.9,-0.039,10,300,0,-1,0,0
426.592,57.258,5.9,-0.039,10,295,0,-1,0,0
432.492,57.22,5.9,-0.039,10,290,0,-1,0,0
438.392,57.181,5.9,-0.039,10,285,0,-1,0,0
444.291,57.142,5.9,-0.039,10,280,0,-1,0,0
450.191,57.103,5.9,-0.039,10,275,0,-1,0,0
456.091,57.064,5.9,-0.039,10,270,0,-1,0,0
461.991,57.025,5.9,-0.039,10,265,0,-1,0,0
467.891,56.986,5.9,-0.039,10,260,0,-1,0,0
473.791,56.947,5.9,-0.039,10,255,0,-1,0,0
479.691,56.908,5.9,-0.039,10,250,0,-1,0,0
485.591,56.869,5.9,-0.039,10,245,0,-1,0,0
491.49,56.831,5.9,-0.039,10,240,0,-1,0,0
497.39,56.792,5.9,-0.039,10,235,0,-1,0,0
503.29,56.753,5.9,-0.039,10,230,0,-1,0,0
509.19,56.714,5.9,-0.039,10,225,0,-1,0,0
515.09,56.675,5.9,-0.039,10,220,0,-1,0,0
520.99,56.636,5.9,-0.039,10,215,0,-1,0,0
526.89,56.597,5.9,-0.039,10,210,0,-1,0,0
532.789,56.558,5.9,-0.039,10,205,0,-1,0,0
538.689,56.519,5.9,-0.039,10,200,0,-1,0,0
544.589,56.48,5.9,-0.039,10,195,0,-1,0,0
550.489,56.442,5.9,-0.039,10,190,0,-1,0,0
556.389,56.403,5.9,-0.039,10,185,0,-1,0,0
562.289,56.364,5.9,-0.039,10,180,0,-1,0,0
568.189,56.325,5.9,-0.039,10,175,0,-1,0,0
574.089,56.286,5.9,-0.039,10,170,0,-1,0,0
579.988,56.247,5.9,-0.039,10,165,0,-1,0,0
585.888,56.208,5.9,-0.039,10,160,0,-1,0,0
591.788,56.169,5.9,-0.039,10,155,0,-1,0,0
597.688,56.13,5.9,-0.039,10,150,0,-1,0,0
603.588,56.091,5.9,-0.039,10,145,0,-1,0,0
609.488,56.053,5.9,-0.039,10,140,0,-1,0,0
615.388,56.014,5.9,-0.039,10,135,0,-1,0,0
621.288,55.975,5.9,-0.039,10,130,0,-1,0,0
627.187,55.936,5.9,-0.039,10,125,0,-1,0,0
633.087,55.897,5.9,-0.039,10,120,0,-1,0,0
638.987,55.858,5.9,-0.039,10,115,0,-1,0,0
644.887,55.819,5.9,-0.039,10,110,0,-1,0,0
650.787,55.78,5.9,-0.039,10,105,0,-1,0,0
656.687,55.741,5.9,-0.039,10,100,0,-1,0,0
662.587,55.702,5.9,-0.039,10,95,0,-1,0,0
668.487,55.664,5.9,-0.039,10,90,0,-1,0,0
674.386,55.625,5.9,-0.039,10,85,0,-1,0,0
680.286,55.586,5.9,-0.039,10,80,0,-1,0,0
686.186,55.547,5.9,-0.039,10,75,0,-1,0,0
692.086,55.508,5.9,-0.039,10,70,0,-1,0,0
697.986,55.469,5.9,-0.039,10,65,0,-1,0,0
703.886,55.43,5.9,-0.039,10,60,0,-1,0,0
709.786,55.391,5.9,-0.039,10,55,0,-1,0,0
715.686,55.352,5.9,-0.039,10,50,0,-1,0,0
721.585,55.313,5.9,-0.039,10,45,0,-1,0,0
727.485,55.275,5.9,-0.039,10,40,0,-1,0,0
733.385,55.236,5.9,-0.039,10,35,0,-1,0,0
739.285,55.197,5.9,-0.039,10,30,0,-1,0,0
745.185,55.158,5.9,-0.039,10,25,0,-1,0,0
751.085,55.119,5.9,-0.039,10,20,0,-1,0,0
751.0,55.08,-6.2,0.013,10,15,0,-1,0,0
744.8,55.093,-6.2,0.013,10,10,0,-1,0,0
738.6,55.106,-6.2,0.013,10,5,0,-1,0,0
732.4,55.119,-6.2,0.013,10,0,0,-1,0,0
726.2,55.132,-6.2,0.013,10,0,0,-1,0,0
720.0,55.145,-6.2,0.013,10,0,0,-1,0,0
713.8,55.158,-6.2,0.013,10,0,0,-1,0,0
707.6,55.171,-6.2,0.013,10,0,0,-1,0,0
701.4,55.184,-6.2,0.013,10,0,0,-1,0,0
695.2,55.197,-6.2,0.013,10,0,0,0,0,0
689.0,55.21,-6.2,0.013,10,0,0,0,0,0
682.8,55.223,-6.2,0.013,10,0,0,0,0,0
676.6,55.236,-6.2,0.013,10,0,0,0,0,0
670.4,55.249,-6.2,0.013,10,0,0,0,0,0
664.2,55.262,-6.2,0.013,10,0,0,0,0,0
658.0,55.275,-6.2,0.013,10,0,0,0,0,0
651.8,55.288,-6.2,0.013,10,0,0,0,0,0
645.6,55.301,-6.2,0.013,10,0,0,0,0,0
639.4,55.314,-6.2,0.013,10,0,0,0,0,0
633.2,55.327,-6.2,0.013,10,0,0,0,0,0
627.0,55.34,-6.2,0.013,10,0,0,0,0,0
620.8,55.353,-6.2,0.013,10,0,0,0,0,0
614.6,55.366,-6.2,0.013,10,0,0,0,0,0
608.4,55.379,-6.2,0.013,10,0,0,0,0,0
602.2,55.392,-6.2,0.013,10,0,0,0,0,0
596.0,55.405,-6.2,0.013,10,0,0,0,0,0
589.8,55.418,-6.2,0.013,10,0,0,0,0,0
583.6,55.431,-6.2,0.013,10,0,0,0,0,0
577.4,55.444,-6.2,0.013,10,0,0,0,0,0
571.2,55.457,-6.2,0.013,10,0,0,0,0,0
565.0,55.47,-6.2,0.013,10,0,0,0,0,0
558.8,55.483,-6.2,0.013,10,0,0,0,0,0
552.6,55.496,-6.2,0.013,10,0,0,0,0,0
546.4,55.508,-6.2,0.013,10,0,0,0,0,0
540.2,55.521,-6.2,0.013,10,0,0,0,0,0
534.0,55.534,-6.2,0.013,10,0,0,0,0,0
527.8,55.547,-6.2,0.013,10,0,0,0,0,0
521.601,55.56,-6.2,0.013,10,0,0,0,0,0
515.401,55.573,-6.2,0.013,10,0,0,0,0,0
509.201,55.586,-6.2,0.013,10,0,0,0,0,0
503.001,55.599,-6.2,0.013,10,0,0,0,0,0
496.801,55.612,-6.2,0.013,10,0,0,0,0,0
490.601,55.625,-6.2,0.013,10,0,0,0,0,0
484.401,55.638,-6.2,0.013,10,0,0,0,0,0
478.201,55.651,-6.2,0.013,10,0,0,0,0,0
472.001,55.664,-6.2,0.013,10,0,0,0,0,0
465.801,55.677,-6.2,0.013,10,0,0,0,0,0
459.601,55.69,-6.2,0.013,10,0,0,0,0,0
453.401,55.703,-6.2,0.013,10,0,0,0,0,0
447.201,55.716,-6.2,0.013,10,0,0,0,0,0
441.001,55.729,-6.2,0.013,10,0,0,0,0,0
434.801,55.742,-6.2,0.013,10,0,0,0,0,0
428.601,55.755,-6.2,0.013,10,0,0,0,0,0
422.401,55.768,-6.2,0.013,10,0,0,0,0,0
416.201,55.781,-6.2,0.013,10,0,0,0,0,0
410.001,55.794,-6.2,0.013,10,0,0,0,0,0
403.801,55.807,-6.2,0.013,10,0,0,0,0,0
397.601,55.82,-6.2,0.013,10,0,0,0,0,0
391.401,55.833,-6.2,0.013,10,0,0,0,0,0
385.201,55.846,-6.2,0.013,10,0,0,0,0,0
379.001,55.859,-6.2,0.013,10,0,0,0,0,0
372.801,55.872,-6.2,0.013,10,0,0,0,0,0
366.601,55.885,-6.2,0.013,10,0,0,0,0,0
360.401,55.898,-6.2,0.013,10,0,0,0,0,0
354.201,55.911,-6.2,0.013,10,0,0,0,0,0
348.001,55.924,-6.2,0.013,10,0,0,0,0,0
341.801,55.937,-6.2,0.013,10,0,0,0,0,0
335.601,55.95,-6.2,0.013,10,0,0,0,0,0
329.401,55.963,-6.2,0.013,10,0,0,0,0,0
323.201,55.976,-6.2,0.013,10,0,0,0,0,0
317.001,55.989,-6.2,0.013,10,0,0,0,0,0
310.801,56.002,-6.2,0.013,10,0,0,0,0,0
304.601,56.015,-6.2,0.013,10,0,0,0,0,0
298.401,56.028,-6.2,0.013,10,0,0,0,0,0
292.201,56.041,-6.2,0.013,10,0,0,0,0,0
286.001,56.054,-6.2,0.013,10,0,0,0,0,0
279.801,56.067,-6.2,0.013,10,0,0,0,0,0
273.601,56.08,-6.2,0.013,10,0,0,0,0,0
267.401,56.093,-6.2,0.013,10,0,0,0,0,0
261.201,56.106,-6.2,0.013,10,0,0,0,0,0
255.001,56.119,-6.2,0.013,10,0,0,0,0,0
248.801,56.132,-6.2,0.013,10,0,0,0,0,0
242.601,56.145,-6.2,0.013,10,0,0,0,0,0
236.401,56.158,-6.2,0.013,10,0,0,0,0,0
230.201,56.171,-6.2,0.013,10,0,0,0,0,0
224.001,56.184,-6.2,0.013,10,0,0,0,0,0
217.801,56.197,-6.2,0.013,10,0,0,0,0,0
211.601,56.21,-6.2,0.013,10,0,0,0,0,0
205.401,56.223,-6.2,0.013,10,0,0,0,0,0
199.201,56.236,-6.2,0.013,10,0,0,0,0,0
193.001,56.249,-6.2,0.013,10,0,0,0,0,0
186.801,56.262,-6.2,0.013,10,0,0,0,0,0
180.601,56.275,-6.2,0.013,10,0,0,0,0,0
174.401,56.288,-6.2,0.013,10,0,0,0,0,0
168.201,56.301,-6.2,0.013,10,0,0,0,0,0
162.001,56.314,-6.2,0.013,10,0,0,0,0,0
155.801,56.327,-6.2,0.013,10,0,0,0,0,0
149.601,56.339,-6.2,0.013,10,0,0,0,0,0
143.401,56.352,-6.2,0.013,10,0,0,0,0,0
137.201,56.365,-6.2,0.013,10,0,0,0,0,0
131.001,56.378,-6.2,0.013,10,0,0,0,0,0
124.801,56.391,-6.2,0.013,10,0,0,0,0,0
118.601,56.404,-6.2,0.013,10,0,0,0,0,0
112.401,56.417,-6.2,0.013,10,0,0,0,0,0
106.201,56.43,-6.2,0.013,10,0,0,0,0,0
100.001,56.443,-6.2,0.013,10,0,0,0,0,0
93.801,56.456,-6.2,0.013,10,0,0,0,0,0
87.601,56.469,-6.2,0.013,10,0,0,0,0,0
81.401,56.482,-6.2,0.013,10,0,0,0,0,0
75.201,56.495,-6.2,0.013,10,0,0,0,0,0
69.001,56.508,-6.2,0.013,10,0,0,0,0,0
62.802,56.521,-6.2,0.013,10,0,0,0,0,0
56.602,56.534,-6.2,0.013,10,0,0,0,0,0
50.402,56.547,-6.2,0.013,10,0,0,0,0,0
49.0,56.56,6.404,1.111,10,0,0,0,0,0
55.404,57.671,6.404,1.111,10,0,0,0,0,0
61.809,58.782,6.404,1.111,10,0,0,0,0,0
68.213,59.893,6.404,1.111,10,0,0,0,0,0
74.617,61.004,6.404,1.111,10,0,0,0,0,0
81.022,62.115,6.404,1.111,10,0,0,0,0,0
87.426,63.225,6.404,1.111,10,0,0,0,0,0
93.831,64.336,6.404,1.111,10,0,0,0,0,0
100.235,65.447,6.404,1.111,10,0,0,0,0,0
106.639,66.558,6.404,1.111,10,0,0,0,0,0
113.044,67.669,6.404,1.111,10,0,0,0,0,0
119.448,68.78,6.404,1.111,10,0,0,0,0,0
125.852,69.891,6.404,1.111,10,0,0,0,0,0
132.257,71.002,6.404,1.111,10,0,0,0,0,0
138.661,72.112,6.404,1.111,10,0,0,0,0,0
145.066,73.223,6.404,1.111,10,0,0,0,0,0
151.47,74.334,6.404,1.111,10,0,0,0,0,0
157.874,75.445,6.404,1.111,10,0,0,0,0,0
164.279,76.556,6.404,1.111,10,0,0,0,0,0
170.683,77.667,6.404,1.111,10,0,0,0,0,0
177.087,78.778,6.404,1.111,10,0,0,0,0,0
183.492,79.889,6.404,1.111,10,0,0,0,0,0
189.896,80.999,6.404,1.111,10,0,0,0,0,0
196.301,82.11,6.404,1.111,10,0,0,0,0,0
202.705,83.221,6.404,1.111,10,0,0,0,0,0
209.109,84.332,6.404,1.111,10,0,0,0,0,0
215.514,85.443,6.404,1.111,10,0,0,0,0,0
221.918,86.554,6.404,1.111,10,0,0,0,0,0
228.322,87.665,6.404,1.111,10,0,0,0,0,0
234.727,88.776,6.404,1.111,10,0,0,0,0,0
241.131,89.886,6.404,1.111,10,0,0,0,0,0
247.535,90.997,6.404,1.111,10,0,0,0,0,0
253.94,92.108,6.404,1.111,10,0,0,0,0,0
260.344,93.219,6.404,1.111,10,0,0,0,0,0
266.749,94.33,6.404,1.111,10,0,0,0,0,0
273.153,95.441,6.404,1.111,10,0,0,0,0,0
279.557,96.552,6.404,1.111,10,0,0,0,0,0
285.962,97.662,6.404,1.111,10,0,0,0,0,0
292.366,98.773,6.404,1.111,10,5,0,1,0,0
298.77,99.884,6.404,1.111,10,10,0,1,0,0
305.175,100.995,6.404,1.111,10,15,0,1,0,0
311.579,102.106,6.404,1.111,10,20,0,1,0,0
317.984,103.217,6.404,1.111,10,25,0,1,0,0
324.388,104.328,6.404,1.111,10,30,0,1,0,0
330.792,105.439,6.404,1.111,10,35,0,1,0,0
337.197,106.549,6.404,1.111,10,40,0,1,0,0
343.601,107.66,6.404,1.111,10,45,0,1,0,0
350.005,108.771,6.404,1.111,10,50,0,1,0,0
356.41,109.882,6.404,1.111,10,55,0,1,0,0
362.814,110.993,6.404,1.111,10,60,0,1,0,0
369.219,112.104,6.404,1.111,10,65,0,1,0,0
375.623,113.215,6.404,1.111,10,70,0,1,0,0
382.027,114.326,6.404,1.111,10,75,0,1,0,0
388.432,115.436,6.404,1.111,10,80,0,1,0,0
394.836,116.547,6.404,1.111,10,85,0,1,0,0
401.24,117.658,6.404,1.111,10,90,0,1,0,0
407.645,118.769,6.404,1.111,10,95,0,1,0,0
414.049,119.88,6.404,1.111,10,100,0,1,0,0
420.453,120.991,6.404,1.111,10,105,0,1,0,0
426.858,122.102,6.404,1.111,10,110,0,1,0,0
433.262,123.213,6.404,1.111,10,115,0,1,0,0
439.667,124.323,6.404,1.111,10,115,0,0,0,0
446.071,125.434,6.404,1.111,10,115,0,0,0,0
452.475,126.545,6.404,1.111,10,115,0,0,0,0
458.88,127.656,6.404,1.111,10,115,0,0,0,0
465.284,128.767,6.404,1.111,10,115,0,0,0,0
471.688,129.878,6.404,1.111,10,115,0,0,0,0
478.093,130.989,6.404,1.111,10,115,0,0,0,0
484.497,132.1,6.404,1.111,10,115,0,0,0,0
490.902,133.21,6.404,1.111,10,115,0,0,0,0
497.306,134.321,6.404,1.111,10,115,0,0,0,0
503.71,135.432,6.404,1.111,10,115,0,0,0,0
510.115,136.543,6.404,1.111,10,115,0,0,0,0
516.519,137.654,6.404,1.111,10,115,0,0,0,0
522.923,138.765,6.404,1.111,10,115,0,0,0,0
529.328,139.876,6.404,1.111,10,115,0,0,0,0
535.732,140.986,6.404,1.111,10,115,0,0,0,0
542.137,142.097,6.404,1.111,10,115,0,0,0,0
548.541,143.208,6.404,1.111,10,115,0,0,0,0
554.945,144.319,6.404,1.111,10,115,0,0,0,0
561.35,145.43,6.404,1.111,10,115,0,0,0,0
567.754,146.541,6.404,1.111,10,115,0,0,0,0
574.158,147.652,6.404,1.111,10,115,0,0,0,0
580.563,148.763,6.404,1.111,10,115,0,0,0,0
586.967,149.873,6.404,1.111,10,115,0,0,0,0
593.372,150.984,6.404,1.111,10,115,0,0,0,0
599.776,152.095,6.404,1.111,10,115,0,0,0,0
606.18,153.206,6.404,1.111,10,115,0,0,0,0
612.585,154.317,6.404,1.111,10,115,0,0,0,0
618.989,155.428,6.404,1.111,10,115,0,0,0,0
625.393,156.539,6.404,1.111,10,115,0,0,0,0
631.798,157.65,6.404,1.111,10,115,0,0,0,0
638.202,158.76,6.404,1.111,15,115,1,0,0,0
644.606,159.871,6.404,1.111,20,115,1,0,0,0
651.011,160.982,6.404,1.111,25,115,1,0,0,0
657.415,162.093,6.404,1.111,30,115,1,0,0,0
663.82,163.204,6.404,1.111,35,115,1,0,0,0
670.224,164.315,6.404,1.111,40,115,1,0,0,0
676.628,165.426,6.404,1.111,45,115,1,0,0,0
683.033,166.537,6.404,1.111,45,115,0,0,0,0
689.437,167.647,6.404,1.111,45,115,0,0,0,0
695.841,168.758,6.404,1.111,45,115,0,0,0,0
702.246,169.869,6.404,1.111,45,115,0,0,0,0
708.65,170.98,6.404,1.111,45,115,0,0,0,0
715.055,172.091,6.404,1.111,45,115,0,0,0,0
721.459,173.202,6.404,1.111,45,115,0,0,0,0
727.863,174.313,6.404,1.111,45,115,0,0,0,0
734.268,175.424,6.404,1.111,45,115,0,0,0,0
740.672,176.534,6.404,1.111,45,115,0,0,0,0
747.076,177.645,6.404,1.111,45,115,0,0,0,0
751.0,178.756,-5.527,3.962,45,115,0,0,0,0
745.473,182.718,-5.527,3.962,45,115,0,0,0,0
739.947,186.68,-5.527,3.962,45,115,0,0,0,0
734.42,190.641,-5.527,3.962,45,115,0,0,0,0
728.893,194.603,-5.527,3.962,45,115,0,0,0,0
723.366,198.565,-5.527,3.962,45,115,0,0,0,0
717.84,202.527,-5.527,3.962,45,115,0,0,0,0
712.313,206.488,-5.527,3.962,45,115,0,0,0,0
706.786,210.45,-5.527,3.962,45,115,0,0,0,0
701.26,214.412,-5.527,3.962,45,115,0,0,0,0
695.733,218.374,-5.527,3.962,45,120,0,1,0,0
690.206,222.335,-5.527,3.962,45,125,0,1,0,0
684.679,226.297,-5.527,3.962,45,130,0,1,0,0
679.153,230.259,-5.527,3.962,45,135,0,1,0,0
673.626,234.22,-5.527,3.962,45,140,0,1,0,0
668.099,238.182,-5.527,3.962,45,145,0,1,0,0
662.572,242.144,-5.527,3.962,45,150,0,1,0,0
657.046,246.106,-5.527,3.962,45,155,0,1,0,0
651.519,250.067,-5.527,3.962,45,160,0,1,0,0
645.992,254.029,-5.527,3.962,45,165,0,1,0,0
640.466,257.991,-5.527,3.962,45,170,0,1,0,0
634.939,261.953,-5.527,3.962,50,175,1,1,0,0
629.412,265.914,-5.527,3.962,55,180,1,1,0,0
623.885,269.876,-5.527,3.962,60,185,1,1,0,0
618.359,273.838,-5.527,3.962,65,190,1,1,0,0
612.832,277.8,-5.527,3.962,70,195,1,1,0,0
607.305,281.761,-5.527,3.962,75,200,1,1,0,0
601.779,285.723,-5.527,3.962,80,205,1,1,0,0
596.252,289.685,-5.527,3.962,85,205,1,0,0,0
590.725,293.647,-5.527,3.962,90,205,1,0,0,0
585.198,297.608,-5.527,3.962,95,205,1,0,0,0
579.672,301.57,-5.527,3.962,100,205,1,0,0,0
574.145,305.532,-5.527,3.962,105,205,1,0,0,0
568.618,309.493,-5.527,3.962,110,205,1,0,0,0
563.092,313.455,-5.527,3.962,115,205,1,0,0,0
557.565,317.417,-5.527,3.962,120,205,1,0,0,0
552.038,321.379,-5.527,3.962,125,205,1,0,0,0
546.511,325.34,-5.527,3.962,130,205,1,0,0,0
540.985,329.302,-5.527,3.962,135,205,1,0,0,0
535.458,333.264,-5.527,3.962,140,205,1,0,0,0
529.931,337.226,-5.527,3.962,145,205,1,0,0,0
524.404,341.187,-5.527,3.962,150,205,1,0,0,0
518.878,345.149,-5.527,3.962,155,205,1,0,0,0
513.351,349.111,-5.527,3.962,160,205,1,0,0,0
507.824,353.073,-5.527,3.962,165,205,1,0,0,0
502.298,357.034,-5.527,3.962,170,205,1,0,0,0
496.771,360.996,-5.527,3.962,175,205,1,0,0,0
491.244,364.958,-5.527,3.962,180,205,1,0,0,0
485.717,368.92,-5.527,3.962,185,205,1,0,0,0
480.191,372.881,-5.527,3.962,190,205,1,0,0,0
474.664,376.843,-5.527,3.962,195,205,1,0,0,0
469.137,380.805,-5.527,3.962,200,205,1,0,0,0
463.611,384.766,-5.527,3.962,205,205,1,0,0,0
458.084,388.728,-5.527,3.962,210,205,1,0,0,0
452.557,392.69,-5.527,3.962,215,205,1,0,0,0
447.03,396.652,-5.527,3.962,220,205,1,0,0,0
441.504,400.613,-5.527,3.962,225,205,1,0,0,0
435.977,404.575,-5.527,3.962,230,205,1,0,0,0
430.45,408.537,-5.527,3.962,235,205,1,0,0,0
424.923,412.499,-5.527,3.962,240,205,1,0,0,0
419.397,416.46,-5.527,3.962,245,205,1,0,0,0
413.87,420.422,-5.527,3.962,250,205,1,0,0,0
408.343,424.384,-5.527,3.962,255,205,1,0,0,0
402.817,428.346,-5.527,3.962,260,205,1,0,0,0
397.29,432.307,-5.527,3.962,265,205,1,0,0,0
391.763,436.269,-5.527,3.962,270,205,1,0,0,0
386.236,440.231,-5.527,3.962,275,205,1,0,0,0
380.71,444.193,-5.527,3.962,280,205,1,0,0,0
375.183,448.154,-5.527,3.962,285,205,1,0,0,0
369.656,452.116,-5.527,3.962,290,205,1,0,0,0
364.13,456.078,-5.527,3.962,295,205,1,0,0,0
358.603,460.039,-5.527,3.962,300,205,1,0,0,0
353.076,464.001,-5.527,3.962,305,205,1,0,0,0
347.549,467.963,-5.527,3.962,310,205,1,0,0,0
342.023,471.925,-5.527,3.962,315,205,1,0,0,0
336.496,475.886,-5.527,3.962,320,205,1,0,0,0
330.969,479.848,-5.527,3.962,325,205,1,0,0,0
325.443,483.81,-5.527,3.962,330,205,1,0,0,0
319.916,487.772,-5.527,3.962,335,205,1,0,0,0
314.389,491.733,-5.527,3.962,340,205,1,0,0,0
308.862,495.695,-5.527,3.962,345,205,1,0,0,0
303.336,499.657,-5.527,3.962,350,205,1,0,0,0
297.809,503.619,-5.527,3.962,355,205,1,0,0,0
292.282,507.58,-5.527,3.962,360,205,1,0,0,0
286.755,511.542,-5.527,3.962,365,205,1,0,0,0
281.229,515.504,-5.527,3.962,370,205,1,0,0,0
275.702,519.466,-5.527,3.962,375,205,1,0,0,0
270.175,523.427,-5.527,3.962,380,205,1,0,0,0
264.649,527.389,-5.527,3.962,385,205,1,0,0,0
259.122,531.351,-5.527,3.962,390,205,1,0,0,0
253.595,535.312,-5.527,3.962,395,205,1,0,0,0
248.068,539.274,-5.527,3.962,400,205,1,0,0,0
242.542,543.236,-5.527,3.962,405,205,1,0,0,0
237.015,547.198,-5.527,3.962,410,205,1,0,0,0
231.488,551.159,-5.527,3.962,415,205,1,0,0,0
225.962,555.121,-5.527,3.962,420,205,1,0,0,0
220.435,559.083,-5.527,3.962,425,205,1,0,0,0
214.908,563.045,-5.527,3.962,430,205,1,0,0,0
209.381,567.006,-5.527,3.962,435,205,1,0,0,0
203.855,570.968,-5.527,3.962,435,205,0,0,0,0
198.328,574.93,-5.527,3.962,435,205,0,0,0,0
192.801,578.892,-5.527,3.962,435,205,0,0,0,0
187.275,582.853,-5.527,3.962,435,205,0,0,0,0
181.748,586.815,-5.527,3.962,435,205,0,0,0,0
176.221,590.777,-5.527,3.962,435,205,0,0,0,0
170.694,594.0,-5.527,-3.962,435,205,0,0,0,0
165.168,590.038,-5.527,-3.962,435,205,0,0,0,0
159.641,586.077,-5.527,-3.962,435,205,0,0,0,0
154.114,582.115,-5.527,-3.962,435,205,0,0,0,0
148.587,578.153,-5.527,-3.962,435,205,0,0,0,0
143.061,574.191,-5.527,-3.962,435,205,0,0,0,0
137.534,570.23,-5.527,-3.962,435,205,0,0,0,0
132.007,566.268,-5.527,-3.962,435,205,0,0,0,0
126.481,562.306,-5.527,-3.962,435,205,0,0,0,0
120.954,558.344,-5.527,-3.962,435,205,0,0,0,0
115.427,554.383,-5.527,-3.962,435,205,0,0,0,0
109.9,550.421,-5.527,-3.962,435,205,0,0,0,0
104.374,546.459,-5.527,-3.962,435,205,0,0,0,0
98.847,542.497,-5.527,-3.962,435,205,0,0,0,0
93.32,538.536,-5.527,-3.962,435,205,0,0,0,0
87.794,534.574,-5.527,-3.962,435,205,0,0,0,0
82.267,530.612,-5.527,-3.962,435,205,0,0,0,0
76.74,526.65,-5.527,-3.962,435,205,0,0,0,0
71.213,522.689,-5.527,-3.962,435,205,0,0,0,0
65.687,518.727,-5.527,-3.962,435,205,0,0,0,0
60.16,514.765,-5.527,-3.962,435,205,0,0,0,0
54.633,510.804,-5.527,-3.962,435,205,0,0,0,0
49.107,506.842,-5.527,-3.962,435,205,0,0,0,0
49.0,502.88,5.291,4.734,435,205,0,0,0,0
54.291,507.614,5.291,4.734,435,205,0,0,0,0
59.582,512.349,5.291,4.734,435,205,0,0,0,0
64.874,517.083,5.291,4.734,435,205,0,0,0,0
70.165,521.817,5.291,4.734,435,205,0,0,0,0
75.456,526.551,5.291,4.734,440,205,1,0,0,0
80.747,531.285,5.291,4.734,445,205,1,0,0,0
86.039,536.02,5.291,4.734,450,205,1,0,0,0
91.33,540.754,5.291,4.734,455,205,1,0,0,0
96.621,545.488,5.291,4.734,460,205,1,0,0,0
101.912,550.222,5.291,4.734,465,205,1,0,0,0
107.203,554.957,5.291,4.734,470,205,1,0,0,0
112.495,559.691,5.291,4.734,470,205,0,0,0,0
117.786,564.425,5.291,4.734,470,205,0,0,0,0
123.077,569.159,5.291,4.734,470,205,0,0,0,0
128.368,573.894,5.291,4.734,470,205,0,0,0,0
133.66,578.628,5.291,4.734,470,205,0,0,0,0
138.951,583.362,5.291,4.734,470,205,0,0,0,0
144.242,588.096,5.291,4.734,470,205,0,0,0,0
149.533,592.83,5.291,4.734,470,205,0,0,0,0
154.824,594.0,5.291,-4.734,470,205,0,0,0,0
160.116,589.266,5.291,-4.734,470,205,0,0,0,0
165.407,584.532,5.291,-4.734,470,205,0,0,0,0
170.698,579.797,5.291,-4.734,470,205,0,0,0,0
175.989,575.063,5.291,-4.734,470,205,0,0,0,0
181.281,570.329,5.291,-4.734,470,205,0,0,0,0
186.572,565.595,5.291,-4.734,470,205,0,0,0,0
191.863,560.86,5.291,-4.734,470,205,0,0,0,0
197.154,556.126,5.291,-4.734,470,205,0,0,0,0
202.445,551.392,5.291,-4.734,470,205,0,0,0,0
207.737,546.658,5.291,-4.734,470,205,0,0,0,0
213.028,541.923,5.291,-4.734,470,205,0,0,0,0
218.319,537.189,5.291,-4.734,470,205,0,0,0,0
223.61,532.455,5.291,-4.734,470,205,0,0,0,0
228.902,527.721,5.291,-4.734,470,205,0,0,0,0
234.193,522.986,5.291,-4.734,470,205,0,0,0,0
239.484,518.252,5.291,-4.734,470,205,0,0,0,0
244.775,513.518,5.291,-4.734,470,205,0,0,0,0
250.066,508.784,5.291,-4.734,470,205,0,0,0,0
255.358,504.05,5.291,-4.734,470,205,0,0,0,0
260.649,499.315,5.291,-4.734,470,205,0,0,0,0
265.94,494.581,5.291,-4.734,470,205,0,0,0,0
271.231,489.847,5.291,-4.734,470,205,0,0,0,0
276.523,485.113,5.291,-4.734,470,205,0,0,0,0
281.814,480.378,5.291,-4.734,470,205,0,0,0,0
287.105,475.644,5.291,-4.734,470,205,0,0,0,0
292.396,470.91,5.291,-4.734,470,205,0,0,0,0
297.687,466.176,5.291,-4.734,470,205,0,0,0,0
302.979,461.441,5.291,-4.734,470,205,0,0,0,0
308.27,456.707,5.291,-4.734,470,205,0,0,0,0
313.561,451.973,5.291,-4.734,470,205,0,0,0,0
318.852,447.239,5.291,-4.734,470,205,0,0,0,0
324.144,442.505,5.291,-4.734,470,205,0,0,0,0
329.435,437.77,5.291,-4.734,470,205,0,0,0,0
334.726,433.036,5.291,-4.734,470,205,0,0,0,0
340.017,428.302,5.291,-4.734,470,205,0,0,0,0
345.308,423.568,5.291,-4.734,470,205,0,0,0,0
350.6,418.833,5.291,-4.734,470,205,0,0,0,0
355.891,414.099,5.291,-4.734,470,205,0,0,0,0
361.182,409.365,5.291,-4.734,470,205,0,0,0,0
366.473,404.631,5.291,-4.734,470,205,0,0,0,0
371.765,399.896,5.291,-4.734,470,205,0,0,0,0
377.056,395.162,5.291,-4.734,470,200,0,-1,0,0
382.347,390.428,5.291,-4.734,470,195,0,-1,0,0
387.638,385.694,5.291,-4.734,470,190,0,-1,0,0
392.929,380.959,5.291,-4.734,470,185,0,-1,0,0
398.221,376.225,5.291,-4.734,470,180,0,-1,0,0
403.512,371.491,5.291,-4.734,470,175,0,-1,0,0
408.803,366.757,5.291,-4.734,470,170,0,-1,0,0
414.094,362.023,5.291,-4.734,470,165,0,-1,0,0
419.386,357.288,5.291,-4.734,470,160,0,-1,0,0
424.677,352.554,5.291,-4.734,470,155,0,-1,0,0
429.968,347.82,5.291,-4.734,470,150,0,-1,0,0
435.259,343.086,5.291,-4.734,470,145,0,-1,0,0
440.55,338.351,5.291,-4.734,470,140,0,-1,0,0
445.842,333.617,5.291,-4.734,470,135,0,-1,0,0
451.133,328.883,5.291,-4.734,470,130,0,-1,0,0
456.424,324.149,5.291,-4.734,470,125,0,-1,0,0
461.715,319.414,5.291,-4.734,470,120,0,-1,0,0
467.007,314.68,5.291,-4.734,470,115,0,-1,0,0
472.298,309.946,5.291,-4.734,470,110,0,-1,0,0
477.589,305.212,5.291,-4.734,470,105,0,-1,0,0
482.88,300.478,5.291,-4.734,470,100,0,-1,0,0
488.171,295.743,5.291,-4.734,470,100,0,0,0,0
493.463,291.009,5.291,-4.734,470,100,0,0,0,0
498.754,286.275,5.291,-4.734,470,100,0,0,0,0
504.045,281.541,5.291,-4.734,470,100,0,0,0,0
509.336,276.806,5.291,-4.734,470,100,0,0,0,0
514.628,272.072,5.291,-4.734,470,100,0,0,0,0
519.919,267.338,5.291,-4.734,470,100,0,0,0,0
525.21,262.604,5.291,-4.734,470,100,0,0,0,0
530.501,257.869,5.291,-4.734,470,100,0,0,0,0
535.792,253.135,5.291,-4.734,470,100,0,0,0,0
541.084,248.401,5.291,-4.734,465,100,-1,0,0,0
546.375,243.667,5.291,-4.734,460,100,-1,0,0,0
551.666,238.932,5.291,-4.734,455,100,-1,0,0,0
556.957,234.198,5.291,-4.734,450,100,-1,0,0,0
562.249,229.464,5.291,-4.734,445,100,-1,0,0,0
567.54,224.73,5.291,-4.734,440,100,-1,0,0,0
572.831,219.996,5.291,-4.734,435,100,-1,0,0,0
578.122,215.261,5.291,-4.734,430,100,-1,0,0,0
583.413,210.527,5.291,-4.734,425,100,-1,0,0,0
588.705,205.793,5.291,-4.734,420,100,-1,0,0,0
593.996,201.059,5.291,-4.734,415,100,-1,0,0,0
599.287,196.324,5.291,-4.734,410,100,-1,0,0,0
604.578,191.59,5.291,-4.734,405,100,-1,0,0,0
609.87,186.856,5.291,-4.734,400,100,-1,0,0,0
615.161,182.122,5.291,-4.734,395,100,-1,0,0,0
620.452,177.387,5.291,-4.734,390,100,-1,0,0,0
625.743,172.653,5.291,-4.734,385,100,-1,0,0,0
631.034,167.919,5.291,-4.734,380,100,-1,0,0,0
636.326,163.185,5.291,-4.734,375,100,-1,0,0,0
641.617,158.45,5.291,-4.734,370,100,-1,0,0,0
646.908,153.716,5.291,-4.734,365,100,-1,0,0,0
652.199,148.982,5.291,-4.734,360,100,-1,0,0,0
657.491,144.248,5.291,-4.734,355,100,-1,0,0,0
662.782,139.514,5.291,-4.734,350,100,-1,0,0,0
668.073,134.779,5.291,-4.734,345,100,-1,0,0,0
673.364,130.045,5.291,-4.734,340,100,-1,0,0,0
678.655,125.311,5.291,-4.734,335,100,-1,0,0,0
683.947,120.577,5.291,-4.734,330,95,-1,-1,0,0
689.238,115.842,5.291,-4.734,325,90,-1,-1,0,0
694.529,111.108,5.291,-4.734,320,85,-1,-1,0,0
699.82,106.374,5.291,-4.734,315,80,-1,-1,0,0
705.112,101.64,5.291,-4.734,310,75,-1,-1,0,0
710.403,96.905,5.291,-4.734,305,70,-1,-1,0,0
715.694,92.171,5.291,-4.734,300,65,-1,-1,0,0
720.985,87.437,5.291,-4.734,295,60,-1,-1,0,0
726.276,82.703,5.291,-4.734,290,55,-1,-1,0,0
731.568,77.969,5.291,-4.734,285,50,-1,-1,0,0
736.859,73.234,5.291,-4.734,280,45,-1,-1,0,0
742.15,68.5,5.291,-4.734,275,40,-1,-1,0,0
747.441,63.766,5.291,-4.734,270,35,-1,-1,0,0
752.733,59.032,5.291,-4.734,265,30,-1,-1,0,0
751.0,54.297,-7.111,-2.046,260,25,-1,-1,0,0
743.889,52.251,-7.111,-2.046,255,20,-1,-1,0,0
736.777,50.205,-7.111,-2.046,250,15,-1,-1,0,0
729.666,48.158,-7.111,-2.046,245,10,-1,-1,0,0
722.554,46.112,-7.111,-2.046,240,5,-1,-1,0,0
715.443,44.065,-7.111,-2.046,235,0,-1,-1,0,0
708.332,42.019,-7.111,-2.046,230,0,-1,-1,0,0
701.22,39.972,-7.111,-2.046,225,0,-1,-1,0,0
694.109,37.926,-7.111,-2.046,220,0,-1,-1,0,0
686.997,35.88,-7.111,-2.046,215,0,-1,-1,0,0
679.886,33.833,-7.111,-2.046,210,0,-1,-1,0,0
672.774,31.787,-7.111,-2.046,205,0,-1,-1,0,0
665.663,29.74,-7.111,-2.046,205,0,0,-1,0,0
658.552,27.694,-7.111,-2.046,205,0,0,0,0,0
651.44,25.647,-7.111,-2.046,205,0,0,0,0,0
644.329,23.601,-7.111,-2.046,205,0,0,0,0,0
637.217,21.555,-7.111,-2.046,205,0,0,0,0,0
630.106,19.508,-7.111,-2.046,205,0,0,0,0,0
622.995,17.462,-7.111,-2.046,205,0,0,0,0,0
615.883,15.415,-7.111,-2.046,205,0,0,0,0,0
608.772,13.369,-7.111,-2.046,205,0,0,0,0,0
601.66,11.323,-7.111,-2.046,205,0,0,0,0,0
594.549,9.276,-7.111,-2.046,205,0,0,0,0,0
587.438,7.23,-7.111,-2.046,205,0,0,0,0,0
580.326,6.0,-7.111,2.046,205,0,0,0,0,0
573.215,8.046,-7.111,2.046,205,0,0,0,0,0
566.103,10.093,-7.111,2.046,205,0,0,0,0,0
558.992,12.139,-7.111,2.046,205,0,0,0,0,0
551.88,14.186,-7.111,2.046,205,0,0,0,0,0
544.769,16.232,-7.111,2.046,205,0,0,0,0,0
537.658,18.279,-7.111,2.046,205,0,0,0,0,0
530.546,20.325,-7.111,2.046,205,0,0,0,0,0
523.435,22.371,-7.111,2.046,205,0,0,0,0,0
516.323,24.418,-7.111,2.046,205,0,0,0,0,0
509.212,26.464,-7.111,2.046,200,0,-1,0,0,0
502.101,28.511,-7.111,2.046,195,0,-1,0,0,0
494.989,30.557,-7.111,2.046,190,0,-1,0,0,0
487.878,32.603,-7.111,2.046,185,0,-1,0,0,0
480.766,34.65,-7.111,2.046,180,0,-1,0,0,0
473.655,36.696,-7.111,2.046,175,0,-1,0,0,0
466.544,38.743,-7.111,2.046,170,0,-1,0,0,0
459.432,40.789,-7.111,2.046,165,0,-1,0,0,0
452.321,42.836,-7.111,2.046,160,0,-1,0,0,0
445.209,44.882,-7.111,2.046,155,0,-1,0,0,0
438.098,46.928,-7.111,2.046,150,0,-1,0,0,0
430.986,48.975,-7.111,2.046,145,0,-1,0,0,0
423.875,51.021,-7.111,2.046,140,0,-1,0,0,0
416.764,53.068,-7.111,2.046,135,0,-1,0,0,0
409.652,55.114,-7.111,2.046,130,0,-1,0,0,0
402.541,57.16,-7.111,2.046,125,0,-1,0,0,0
395.429,59.207,-7.111,2.046,120,0,-1,0,0,0
388.318,61.253,-7.111,2.046,120,0,0,0,0,0
381.207,63.3,-7.111,2.046,120,0,0,0,0,0
374.095,65.346,-7.111,2.046,120,0,0,0,0,0
366.984,67.393,-7.111,2.046,120,0,0,0,0,0
359.872,69.439,-7.111,2.046,120,0,0,0,0,0
352.761,71.485,-7.111,2.046,120,0,0,0,0,0
345.65,73.532,-7.111,2.046,120,0,0,0,0,0
338.538,75.578,-7.111,2.046,120,0,0,0,0,0
331.427,77.625,-7.111,2.046,120,0,0,0,0,0
324.315,79.671,-7.111,2.046,120,0,0,0,0,0
317.204,81.717,-7.111,2.046,120,0,0,0,0,0
310.092,83.764,-7.111,2.046,120,0,0,0,0,0
302.981,85.81,-7.111,2.046,120,0,0,0,0,0
295.87,87.857,-7.111,2.046,120,0,0,0,0,0
288.758,89.903,-7.111,2.046,120,0,0,0,0,0
281.647,91.95,-7.111,2.046,120,0,0,0,0,0
274.535,93.996,-7.111,2.046,120,0,0,0,0,0
267.424,96.042,-7.111,2.046,120,0,0,0,0,0
260.313,98.089,-7.111,2.046,120,0,0,0,0,0
253.201,100.135,-7.111,2.046,120,0,0,0,0,0
246.09,102.182,-7.111,2.046,120,0,0,0,0,0
238.978,104.228,-7.111,2.046,120,0,0,0,0,0
231.867,106.274,-7.111,2.046,120,0,0,0,0,0
224.756,108.321,-7.111,2.046,120,0,0,0,0,0
217.644,110.367,-7.111,2.046,120,0,0,0,0,0
210.533,112.414,-7.111,2.046,120,0,0,0,0,0
203.421,114.46,-7.111,2.046,120,0,0,0,0,0
196.31,116.507,-7.111,2.046,120,0,0,0,0,0
189.198,118.553,-7.111,2.046,120,0,0,0,0,0
182.087,120.599,-7.111,2.046,120,0,0,0,0,0
174.976,122.646,-7.111,2.046,120,0,0,0,0,0
167.864,124.692,-7.111,2.046,120,0,0,0,0,0
160.753,126.739,-7.111,2.046,120,0,0,0,0,0
153.641,128.785,-7.111,2.046,120,0,0,0,0,0
146.53,130.831,-7.111,2.046,120,0,0,0,0,0
139.419,132.878,-7.111,2.046,120,0,0,0,0,0
132.307,134.924,-7.111,2.046,120,0,0,0,0,0
125.196,136.971,-7.111,2.046,120,0,0,0,0,0
118.084,139.017,-7.111,2.046,120,0,0,0,0,0
110.973,141.064,-7.111,2.046,120,0,0,0,0,0
103.862,143.11,-7.111,2.046,120,0,0,0,0,0
96.75,145.156,-7.111,2.046,120,0,0,0,0,0
89.639,147.203,-7.111,2.046,120,0,0,0,0,0
82.527,149.249,-7.111,2.046,120,0,0,0,0,0
75.416,151.296,-7.111,2.046,120,0,0,0,0,0
68.304,153.342,-7.111,2.046,120,0,0,0,0,0
61.193,155.389,-7.111,2.046,120,0,0,0,0,0
54.082,157.435,-7.111,2.046,120,0,0,0,0,0
49.0,159.481,7.699,-0.105,120,0,0,0,0,0
56.699,159.377,7.699,-0.105,120,0,0,0,0,0
64.399,159.272,7.699,-0.105,120,0,0,0,0,0
72.098,159.168,7.699,-0.105,120,0,0,0,0,0
79.797,159.063,7.699,-0.105,120,0,0,0,0,0
87.496,158.959,7.699,-0.105,125,0,1,0,0,0
95.196,158.854,7.699,-0.105,130,0,1,0,0,0
102.895,158.749,7.699,-0.105,135,0,1,0,0,0
110.594,158.645,7.699,-0.105,140,0,1,0,0,0
118.294,158.54,7.699,-0.105,145,0,1,0,0,0
125.993,158.436,7.699,-0.105,150,0,1,0,0,0
133.692,158.331,7.699,-0.105,155,0,1,0,0,0
141.391,158.227,7.699,-0.105,160,0,1,0,0,0
149.091,158.122,7.699,-0.105,165,0,1,0,0,0
156.79,158.018,7.699,-0.105,170,5,1,1,0,0
164.489,157.913,7.699,-0.105,175,10,1,1,0,0
172.189,157.809,7.699,-0.105,180,15,1,1,0,0
179.888,157.704,7.699,-0.105,185,20,1,1,0,0
187.587,157.599,7.699,-0.105,190,25,1,1,0,0
195.287,157.495,7.699,-0.105,195,30,1,1,0,0
202.986,157.39,7.699,-0.105,200,35,1,1,0,0
210.685,157.286,7.699,-0.105,200,40,0,1,0,0
218.384,157.181,7.699,-0.105,200,45,0,1,0,0
226.084,157.077,7.699,-0.105,200,50,0,1,0,0
233.783,156.972,7.699,-0.105,200,50,0,0,0,0
241.482,156.868,7.699,-0.105,200,50,0,0,0,0
249.182,156.763,7.699,-0.105,200,50,0,0,0,0
256.881,156.658,7.699,-0.105,200,50,0,0,0,0
264.58,156.554,7.699,-0.105,200,50,0,0,0,0
272.279,156.449,7.699,-0.105,200,50,0,0,0,0
279.979,156.345,7.699,-0.105,200,50,0,0,0,0
287.678,156.24,7.699,-0.105,200,50,0,0,0,0
295.377,156.136,7.699,-0.105,200,50,0,0,0,0
303.077,156.031,7.699,-0.105,200,50,0,0,0,0
310.776,155.927,7.699,-0.105,200,50,0,0,0,0
318.475,155.822,7.699,-0.105,200,50,0,0,0,0
326.174,155.717,7.699,-0.105,200,50,0,0,0,0
333.874,155.613,7.699,-0.105,200,50,0,0,0,0
341.573,155.508,7.699,-0.105,200,50,0,0,0,0
349.272,155.404,7.699,-0.105,200,50,0,0,0,0
356.972,155.299,7.699,-0.105,200,50,0,0,0,0
364.671,155.195,7.699,-0.105,200,50,0,0,0,0
372.37,155.09,7.699,-0.105,200,50,0,0,0,0
380.069,154.986,7.699,-0.105,200,50,0,0,0,0
387.769,154.881,7.699,-0.105,200,50,0,0,0,0
395.468,154.776,7.699,-0.105,200,55,0,1,0,0
403.167,154.672,7.699,-0.105,200,60,0,1,0,0
410.867,154.567,7.699,-0.105,200,65,0,1,0,0
418.566,154.463,7.699,-0.105,200,70,0,1,0,0
426.265,154.358,7.699,-0.105,200,75,0,1,0,0
433.965,154.254,7.699,-0.105,200,80,0,1,0,0
441.664,154.149,7.699,-0.105,200,85,0,1,0,0
449.363,154.045,7.699,-0.105,200,90,0,1,0,0
457.062,153.94,7.699,-0.105,200,95,0,1,0,0
464.762,153.836,7.699,-0.105,200,95,0,0,0,0
472.461,153.731,7.699,-0.105,200,95,0,0,0,0
480.16,153.626,7.699,-0.105,200,95,0,0,0,0
487.86,153.522,7.699,-0.105,200,95,0,0,0,0
495.559,153.417,7.699,-0.105,200,95,0,0,0,0
503.258,153.313,7.699,-0.105,200,95,0,0,0,0
510.957,153.208,7.699,-0.105,200,95,0,0,0,0
518.657,153.104,7.699,-0.105,200,95,0,0,0,0
526.356,152.999,7.699,-0.105,200,95,0,0,0,0
534.055,152.895,7.699,-0.105,200,95,0,0,0,0
541.755,152.79,7.699,-0.105,200,95,0,0,0,0
549.454,152.685,7.699,-0.105,200,95,0,0,0,0
557.153,152.581,7.699,-0.105,200,95,0,0,0,0
564.852,152.476,7.699,-0.105,200,95,0,0,0,0
572.552,152.372,7.699,-0.105,200,95,0,0,0,0
580.251,152.267,7.699,-0.105,200,95,0,0,0,0
587.95,152.163,7.699,-0.105,200,95,0,0,0,0
595.65,152.058,7.699,-0.105,200,95,0,0,0,0
603.349,151.954,7.699,-0.105,200,95,0,0,0,0
611.048,151.849,7.699,-0.105,200,95,0,0,0,0
618.747,151.744,7.699,-0.105,200,95,0,0,0,0
626.447,151.64,7.699,-0.105,200,95,0,0,0,0
634.146,151.535,7.699,-0.105,200,95,0,0,0,0
641.845,151.431,7.699,-0.105,200,95,0,0,0,0
649.545,151.326,7.699,-0.105,200,95,0,0,0,0
657.244,151.222,7.699,-0.105,200,95,0,0,0,0
664.943,151.117,7.699,-0.105,200,95,0,0,0,0
672.643,151.013,7.699,-0.105,200,95,0,0,0,0
680.342,150.908,7.699,-0.105,200,95,0,0,0,0
688.041,150.804,7.699,-0.105,200,95,0,0,0,0
695.74,150.699,7.699,-0.105,200,95,0,0,0,0
703.44,150.594,7.699,-0.105,200,95,0,0,0,0
711.139,150.49,7.699,-0.105,200,95,0,0,0,0
718.838,150.385,7.699,-0.105,200,95,0,0,0,0
726.538,150.281,7.699,-0.105,200,95,0,0,0,0
734.237,150.176,7.699,-0.105,200,95,0,0,0,0
741.936,150.072,7.699,-0.105,200,95,0,0,0,0
749.635,149.967,7.699,-0.105,200,95,0,0,0,0
751.0,149.863,-7.402,3.035,200,95,0,0,0,0
743.598,152.897,-7.402,3.035,200,95,0,0,0,0
736.196,155.932,-7.402,3.035,200,95,0,0,0,0
728.794,158.967,-7.402,3.035,200,95,0,0,0,0
721.392,162.002,-7.402,3.035,200,95,0,0,0,0
713.99,165.037,-7.402,3.035,200,95,0,0,0,0
706.588,168.072,-7.402,3.035,200,95,0,0,0,0
699.186,171.107,-7.402,3.035,200,95,0,0,0,0
691.784,174.141,-7.402,3.035,200,95,0,0,0,0
684.382,177.176,-7.402,3.035,200,95,0,0,0,0
676.98,180.211,-7.402,3.035,200,95,0,0,0,0
669.578,183.246,-7.402,3.035,200,95,0,0,0,0
662.176,186.281,-7.402,3.035,200,95,0,0,0,0
654.774,189.316,-7.402,3.035,200,95,0,0,0,0
647.372,192.351,-7.402,3.035,200,95,0,0,0,0
639.97,195.385,-7.402,3.035,200,95,0,0,0,0
632.568,198.42,-7.402,3.035,200,95,0,0,0,0
625.166,201.455,-7.402,3.035,200,95,0,0,0,0
617.764,204.49,-7.402,3.035,200,95,0,0,0,0
610.362,207.525,-7.402,3.035,200,95,0,0,0,0
602.96,210.56,-7.402,3.035,200,95,0,0,0,0
595.558,213.594,-7.402,3.035,200,95,0,0,0,0
588.156,216.629,-7.402,3.035,200,95,0,0,0,0
580.754,219.664,-7.402,3.035,200,95,0,0,0,0
573.352,222.699,-7.402,3.035,200,95,0,0,0,0
565.95,225.734,-7.402,3.035,200,95,0,0,0,0
558.548,228.769,-7.402,3.035,200,95,0,0,0,0
551.146,231.804,-7.402,3.035,200,95,0,0,0,0
543.744,234.838,-7.402,3.035,205,95,1,0,0,0
536.342,237.873,-7.402,3.035,210,95,1,0,0,0
528.94,240.908,-7.402,3.035,215,95,1,0,0,0
521.538,243.943,-7.402,3.035,220,95,1,0,0,0
514.136,246.978,-7.402,3.035,225,95,1,0,0,0
506.734,250.013,-7.402,3.035,230,95,1,0,0,0
499.332,253.048,-7.402,3.035,235,95,1,0,0,0
491.93,256.082,-7.402,3.035,240,95,1,0,0,0
484.528,259.117,-7.402,3.035,245,95,1,0,0,0
477.126,262.152,-7.402,3.035,250,95,1,0,0,0
469.724,265.187,-7.402,3.035,255,95,1,0,0,0
462.322,268.222,-7.402,3.035,260,95,1,0,0,0
454.92,271.257,-7.402,3.035,265,95,1,0,0,0
447.518,274.292,-7.402,3.035,270,95,1,0,0,0
440.116,277.326,-7.402,3.035,275,95,1,0,0,0
432.714,280.361,-7.402,3.035,280,95,1,0,0,0
425.312,283.396,-7.402,3.035,285,95,1,0,0,0
417.91,286.431,-7.402,3.035,290,95,1,0,0,0
410.508,289.466,-7.402,3.035,295,95,1,0,0,0
403.106,292.501,-7.402,3.035,300,95,1,0,0,0
395.704,295.536,-7.402,3.035,305,95,1,0,0,0
388.302,298.57,-7.402,3.035,310,95,1,0,0,0
380.9,301.605,-7.402,3.035,315,95,1,0,0,0
373.498,304.64,-7.402,3.035,320,95,1,0,0,0
366.096,307.675,-7.402,3.035,325,95,1,0,0,0
358.694,310.71,-7.402,3.035,330,95,1,0,0,0
351.292,313.745,-7.402,3.035,335,95,1,0,0,0
343.89,316.779,-7.402,3.035,340,95,1,0,0,0
336.488,319.814,-7.402,3.035,345,95,1,0,0,0
329.086,322.849,-7.402,3.035,350,95,1,0,0,0
321.684,325.884,-7.402,3.035,355,95,1,0,0,0
314.282,328.919,-7.402,3.035,360,95,1,0,0,0
306.88,331.954,-7.402,3.035,365,95,1,0,0,0
299.478,334.989,-7.402,3.035,365,95,0,0,0,0
292.076,338.023,-7.402,3.035,365,95,0,0,0,0
284.674,341.058,-7.402,3.035,365,95,0,0,0,0
277.272,344.093,-7.402,3.035,365,95,0,0,0,0
269.87,347.128,-7.402,3.035,365,95,0,0,0,0
262.468,350.163,-7.402,3.035,365,95,0,0,0,0
255.066,353.198,-7.402,3.035,365,95,0,0,0,0
247.664,356.233,-7.402,3.035,365,95,0,0,0,0
240.262,359.267,-7.402,3.035,365,95,0,0,0,0
232.86,362.302,-7.402,3.035,365,95,0,0,0,0
225.458,365.337,-7.402,3.035,365,95,0,0,0,0
218.056,368.372,-7.402,3.035,365,95,0,0,0,0
210.654,371.407,-7.402,3.035,365,100,0,1,0,0
203.252,374.442,-7.402,3.035,365,105,0,1,0,0
195.85,377.477,-7.402,3.035,365,110,0,1,0,0
188.448,380.511,-7.402,3.035,365,115,0,1,0,0
181.046,383.546,-7.402,3.035,365,120,0,1,0,0
173.644,386.581,-7.402,3.035,365,125,0,1,0,0
166.242,389.616,-7.402,3.035,365,130,0,1,0,0
158.84,392.651,-7.402,3.035,365,135,0,1,0,0
151.438,395.686,-7.402,3.035,365,140,0,1,0,0
144.036,398.721,-7.402,3.035,365,145,0,1,0,0
136.634,401.755,-7.402,3.035,365,150,0,1,0,0
129.232,404.79,-7.402,3.035,365,155,0,1,0,0
121.83,407.825,-7.402,3.035,365,160,0,1,0,0
114.428,410.86,-7.402,3.035,365,165,0,1,0,0
107.026,413.895,-7.402,3.035,365,170,0,1,0,0
99.624,416.93,-7.402,3.035,370,175,1,1,0,0
92.222,419.965,-7.402,3.035,375,180,1,1,0,0
84.82,422.999,-7.402,3.035,380,185,1,1,0,0
77.418,426.034,-7.402,3.035,385,190,1,1,0,0
70.016,429.069,-7.402,3.035,390,195,1,1,0,0
62.614,432.104,-7.402,3.035,395,200,1,1,0,0
55.212,435.139,-7.402,3.035,400,205,1,1,0,0
49.0,438.174,8.168,-1.475,405,210,1,1,0,0
57.168,436.698,8.168,-1.475,410,215,1,1,0,0
65.336,435.223,8.168,-1.475,415,220,1,1,0,0
73.503,433.747,8.168,-1.475,420,225,1,1,0,0
81.671,432.272,8.168,-1.475,425,230,1,1,0,0
89.839,430.796,8.168,-1.475,430,230,1,0,0,0
98.007,429.321,8.168,-1.475,435,230,1,0,0,0
106.175,427.846,8.168,-1.475,440,230,1,0,0,0
114.342,426.37,8.168,-1.475,445,230,1,0,0,0
122.51,424.895,8.168,-1.475,450,230,1,0,0,0
130.678,423.419,8.168,-1.475,455,230,1,0,0,0
138.846,421.944,8.168,-1.475,460,230,1,0,0,0
147.014,420.468,8.168,-1.475,465,230,1,0,0,0
155.181,418.993,8.168,-1.475,465,230,0,0,0,0
163.349,417.517,8.168,-1.475,465,230,0,0,0,0
171.517,416.042,8.168,-1.475,465,230,0,0,0,0
179.685,414.567,8.168,-1.475,465,230,0,0,0,0
187.853,413.091,8.168,-1.475,465,230,0,0,0,0
196.021,411.616,8.168,-1.475,465,230,0,0,0,0
204.188,410.14,8.168,-1.475,465,230,0,0,0,0
212.356,408.665,8.168,-1.475,465,230,0,0,0,0
220.524,407.189,8.168,-1.475,465,230,0,0,0,0
228.692,405.714,8.168,-1.475,465,230,0,0,0,0
236.86,404.238,8.168,-1.475,465,230,0,0,0,0
245.027,402.763,8.168,-1.475,465,230,0,0,0,0
253.195,401.288,8.168,-1.475,465,230,0,0,0,0
261.363,399.812,8.168,-1.475,465,230,0,0,0,0
269.531,398.337,8.168,-1.475,465,230,0,0,0,0
277.699,396.861,8.168,-1.475,465,230,0,0,0,0
285.866,395.386,8.168,-1.475,465,225,0,-1,0,0
294.034,393.91,8.168,-1.475,465,220,0,-1,0,0
302.202,392.435,8.168,-1.475,465,215,0,-1,0,0
310.37,390.959,8.168,-1.475,465,210,0,-1,0,0
318.538,389.484,8.168,-1.475,465,205,0,-1,0,0
326.705,388.009,8.168,-1.475,465,200,0,-1,0,0
334.873,386.533,8.168,-1.475,465,200,0,0,0,0
343.041,385.058,8.168,-1.475,465,200,0,0,0,0
351.209,383.582,8.168,-1.475,465,200,0,0,0,0
359.377,382.107,8.168,-1.475,465,200,0,0,0,0
367.544,380.631,8.168,-1.475,465,200,0,0,0,0
375.712,379.156,8.168,-1.475,465,200,0,0,0,0
383.88,377.68,8.168,-1.475,465,200,0,0,0,0
392.048,376.205,8.168,-1.475,465,200,0,0,0,0
400.216,374.73,8.168,-1.475,465,200,0,0,0,0
408.383,373.254,8.168,-1.475,465,200,0,0,0,0
416.551,371.779,8.168,-1.475,465,200,0,0,0,0
424.719,370.303,8.168,-1.475,465,200,0,0,0,0
432.887,368.828,8.168,-1.475,465,200,0,0,0,0
441.055,367.352,8.168,-1.475,465,200,0,0,0,0
449.223,365.877,8.168,-1.475,465,200,0,0,0,0
457.39,364.401,8.168,-1.475,465,200,0,0,0,0
465.558,362.926,8.168,-1.475,465,205,0,1,0,0
473.726,361.451,8.168,-1.475,465,210,0,1,0,0
481.894,359.975,8.168,-1.475,465,215,0,1,0,0
490.062,358.5,8.168,-1.475,465,220,0,1,0,0
498.229,357.024,8.168,-1.475,465,225,0,1,0,0
506.397,355.549,8.168,-1.475,465,230,0,1,0,0
514.565,354.073,8.168,-1.475,465,235,0,1,0,0
522.733,352.598,8.168,-1.475,465,240,0,1,0,0
530.901,351.122,8.168,-1.475,465,245,0,1,0,0
539.068,349.647,8.168,-1.475,465,250,0,1,0,0
547.236,348.172,8.168,-1.475,465,255,0,1,0,0
555.404,346.696,8.168,-1.475,465,260,0,1,0,0
563.572,345.221,8.168,-1.475,465,265,0,1,0,0
571.74,343.745,8.168,-1.475,465,270,0,1,0,0
579.907,342.27,8.168,-1.475,465,275,0,1,0,0
588.075,340.794,8.168,-1.475,465,280,0,1,0,0
596.243,339.319,8.168,-1.475,465,285,0,1,0,0
604.411,337.843,8.168,-1.475,465,285,0,0,0,0
612.579,336.368,8.168,-1.475,465,285,0,0,0,0
620.746,334.893,8.168,-1.475,465,285,0,0,0,0
628.914,333.417,8.168,-1.475,465,285,0,0,0,0
637.082,331.942,8.168,-1.475,465,285,0,0,0,0
645.25,330.466,8.168,-1.475,465,285,0,0,0,0
653.418,328.991,8.168,-1.475,465,285,0,0,0,0
661.586,327.515,8.168,-1.475,465,285,0,0,0,0
669.753,326.04,8.168,-1.475,465,285,0,0,0,0
677.921,324.564,8.168,-1.475,465,285,0,0,0,0
686.089,323.089,8.168,-1.475,465,285,0,0,0,0
694.257,321.614,8.168,-1.475,465,285,0,0,0,0
702.425,320.138,8.168,-1.475,465,285,0,0,0,0
710.592,318.663,8.168,-1.475,465,285,0,0,0,0
718.76,317.187,8.168,-1.475,465,285,0,0,0,0
726.928,315.712,8.168,-1.475,465,285,0,0,0,0
735.096,314.236,8.168,-1.475,465,285,0,0,0,0
743.264,312.761,8.168,-1.475,465,285,0,0,0,0
751.431,311.285,8.168,-1.475,460,285,-1,0,0,0
751.0,309.81,-7.929,-3.331,455,285,-1,0,0,0
743.071,306.48,-7.929,-3.331,450,285,-1,0,0,0
735.142,303.149,-7.929,-3.331,445,285,-1,0,0,0
727.213,299.818,-7.929,-3.331,440,285,-1,0,0,0
719.284,296.488,-7.929,-3.331,435,285,-1,0,0,0
711.356,293.157,-7.929,-3.331,430,285,-1,0,0,0
703.427,289.827,-7.929,-3.331,425,285,-1,0,0,0
695.498,286.496,-7.929,-3.331,420,285,-1,0,0,0
687.569,283.166,-7.929,-3.331,415,285,-1,0,0,0
679.64,279.835,-7.929,-3.331,410,285,-1,0,0,0
671.711,276.505,-7.929,-3.331,405,285,-1,0,0,0
663.782,273.174,-7.929,-3.331,400,285,-1,0,0,0
655.853,269.843,-7.929,-3.331,395,285,-1,0,0,0
647.924,266.513,-7.929,-3.331,390,285,-1,0,0,0
639.995,263.182,-7.929,-3.331,385,285,-1,0,0,0
632.067,259.852,-7.929,-3.331,380,285,-1,0,0,0
624.138,256.521,-7.929,-3.331,375,285,-1,0,0,0
616.209,253.191,-7.929,-3.331,370,285,-1,0,0,0
608.28,249.86,-7.929,-3.331,365,285,-1,0,0,0
600.351,246.53,-7.929,-3.331,360,285,-1,0,0,0
592.422,243.199,-7.929,-3.331,355,285,-1,0,0,0
584.493,239.869,-7.929,-3.331,350,285,-1,0,0,0
576.564,236.538,-7.929,-3.331,345,285,-1,0,0,0
568.635,233.207,-7.929,-3.331,340,280,-1,-1,0,0
560.706,229.877,-7.929,-3.331,335,275,-1,-1,0,0
552.778,226.546,-7.929,-3.331,330,270,-1,-1,0,0
544.849,223.216,-7.929,-3.331,325,265,-1,-1,0,0
536.92,219.885,-7.929,-3.331,320,260,-1,-1,0,0
528.991,216.555,-7.929,-3.331,315,255,-1,-1,0,0
521.062,213.224,-7.929,-3.331,310,250,-1,-1,0,0
513.133,209.894,-7.929,-3.331,305,245,-1,-1,0,0
505.204,206.563,-7.929,-3.331,300,240,-1,-1,0,0
497.275,203.233,-7.929,-3.331,295,240,-1,0,0,0
489.346,199.902,-7.929,-3.331,290,240,-1,0,0,0
481.417,196.571,-7.929,-3.331,285,240,-1,0,0,0
473.489,193.241,-7.929,-3.331,280,240,-1,0,0,0
465.56,189.91,-7.929,-3.331,275,240,-1,0,0,0
457.631,186.58,-7.929,-3.331,270,240,-1,0,0,0
449.702,183.249,-7.929,-3.331,265,240,-1,0,0,0
441.773,179.919,-7.929,-3.331,260,240,-1,0,0,0
433.844,176.588,-7.929,-3.331,255,240,-1,0,0,0
425.915,173.258,-7.929,-3.331,250,240,-1,0,0,0
417.986,169.927,-7.929,-3.331,245,240,-1,0,0,0
410.057,166.597,-7.929,-3.331,240,240,-1,0,0,0
402.128,163.266,-7.929,-3.331,235,240,-1,0,0,0
394.2,159.935,-7.929,-3.331,230,240,-1,0,0,0
386.271,156.605,-7.929,-3.331,225,240,-1,0,0,0
378.342,153.274,-7.929,-3.331,220,240,-1,0,0,0
370.413,149.944,-7.929,-3.331,215,240,-1,0,0,0
362.484,146.613,-7.929,-3.331,210,240,-1,0,0,0
354.555,143.283,-7.929,-3.331,205,240,-1,0,0,0
346.626,139.952,-7.929,-3.331,200,240,-1,0,0,0
338.697,136.622,-7.929,-3.331,195,240,-1,0,0,0
330.768,133.291,-7.929,-3.331,190,240,-1,0,0,0
322.839,129.961,-7.929,-3.331,185,240,-1,0,0,0
314.911,126.63,-7.929,-3.331,180,240,-1,0,0,0
306.982,123.299,-7.929,-3.331,175,240,-1,0,0,0
299.053,119.969,-7.929,-3.331,170,240,-1,0,0,0
291.124,116.638,-7.929,-3.331,165,240,-1,0,0,0
283.195,113.308,-7.929,-3.331,160,240,-1,0,0,0
275.266,109.977,-7.929,-3.331,155,240,-1,0,0,0
267.337,106.647,-7.929,-3.331,150,240,-1,0,0,0
259.408,103.316,-7.929,-3.331,145,240,-1,0,0,0
251.479,99.986,-7.929,-3.331,140,240,-1,0,0,0
243.55,96.655,-7.929,-3.331,135,240,-1,0,0,0
235.622,93.324,-7.929,-3.331,130,240,-1,0,0,0
227.693,89.994,-7.929,-3.331,125,240,-1,0,0,0
219.764,86.663,-7.929,-3.331,120,240,-1,0,0,0
211.835,83.333,-7.929,-3.331,115,240,-1,0,0,0
203.906,80.002,-7.929,-3.331,110,240,-1,0,0,0
195.977,76.672,-7.929,-3.331,105,240,-1,0,0,0
188.048,73.341,-7.929,-3.331,100,240,-1,0,0,0
180.119,70.011,-7.929,-3.331,95,240,-1,0,0,0
172.19,66.68,-7.929,-3.331,90,240,-1,0,0,0
164.261,63.35,-7.929,-3.331,85,240,-1,0,0,0
156.333,60.019,-7.929,-3.331,80,240,-1,0,0,0
148.404,56.688,-7.929,-3.331,75,240,-1,0,0,0
140.475,53.358,-7.929,-3.331,70,240,-1,0,0,0
132.546,50.027,-7.929,-3.331,65,240,-1,0,0,0
124.617,46.697,-7.929,-3.331,60,240,-1,0,0,0
116.688,43.366,-7.929,-3.331,55,240,-1,0,0,0
108.759,40.036,-7.929,-3.331,50,240,-1,0,0,0
100.83,36.705,-7.929,-3.331,45,240,-1,0,0,0
92.901,33.375,-7.929,-3.331,40,240,-1,0,0,0
84.972,30.044,-7.929,-3.331,35,240,-1,0,0,0
77.044,26.714,-7.929,-3.331,30,240,-1,0,0,0
69.115,23.383,-7.929,-3.331,25,240,-1,0,0,0
61.186,20.052,-7.929,-3.331,20,240,-1,0,0,0
53.257,16.722,-7.929,-3.331,15,240,-1,0,0,0
49.0,13.391,5.116,-7.283,10,240,-1,0,0,0
54.116,6.109,5.116,-7.283,5,240,-1,0,0,0
59.232,6.0,5.116,7.283,0,240,-1,0,0,0
64.348,13.283,5.116,7.283,0,240,-1,0,0,0
69.464,20.565,5.116,7.283,0,240,-1,0,0,0
74.579,27.848,5.116,7.283,0,240,-1,0,0,0
79.695,35.131,5.116,7.283,0,240,-1,0,0,0
84.811,42.413,5.116,7.283,0,240,-1,0,0,0
89.927,49.696,5.116,7.283,0,240,-1,0,0,0
95.043,56.979,5.116,7.283,0,240,-1,0,0,0
100.159,64.262,5.116,7.283,0,240,-1,0,0,0
105.275,71.544,5.116,7.283,0,240,-1,0,0,0
110.391,78.827,5.116,7.283,0,240,-1,0,0,0
115.507,86.11,5.116,7.283,0,240,-1,0,0,0
120.623,93.392,5.116,7.283,0,240,0,0,0,0
125.738,100.675,5.116,7.283,0,240,0,0,0,0
130.854,107.958,5.116,7.283,0,240,0,0,0,0
135.97,115.24,5.116,7.283,0,240,0,0,0,0
141.086,122.523,5.116,7.283,0,240,0,0,0,0
146.202,129.806,5.116,7.283,0,240,0,0,0,0
151.318,137.088,5.116,7.283,0,240,0,0,0,0
156.434,144.371,5.116,7.283,0,240,0,0,0,0
161.55,151.654,5.116,7.283,0,240,0,0,0,0
166.666,158.937,5.116,7.283,0,240,0,0,0,0
171.782,166.219,5.116,7.283,0,240,0,0,0,0
176.897,173.502,5.116,7.283,0,240,0,0,0,0
182.013,180.785,5.116,7.283,5,245,1,1,0,0
187.129,188.067,5.116,7.283,10,250,1,1,0,0
192.245,195.35,5.116,7.283,15,255,1,1,0,0
197.361,202.633,5.116,7.283,20,260,1,1,0,0
202.477,209.915,5.116,7.283,25,265,1,1,0,0
207.593,217.198,5.116,7.283,30,270,1,1,0,0
212.709,224.481,5.116,7.283,30,275,0,1,0,0
217.825,231.763,5.116,7.283,30,280,0,1,0,0
222.94,239.046,5.116,7.283,30,285,0,1,0,0
228.056,246.329,5.116,7.283,30,290,0,1,0,0
233.172,253.612,5.116,7.283,30,295,0,1,0,0
238.288,260.894,5.116,7.283,30,300,0,1,0,0
243.404,268.177,5.116,7.283,30,305,0,1,0,0
248.52,275.46,5.116,7.283,30,310,0,1,0,0
253.636,282.742,5.116,7.283,30,315,0,1,0,0
258.752,290.025,5.116,7.283,30,320,0,1,0,0
263.868,297.308,5.116,7.283,30,325,0,1,0,0
268.984,304.59,5.116,7.283,30,330,0,1,0,0
274.099,311.873,5.116,7.283,30,335,0,1,0,0
279.215,319.156,5.116,7.283,30,340,0,1,0,0
284.331,326.438,5.116,7.283,30,345,0,1,0,0
289.447,333.721,5.116,7.283,30,350,0,1,0,0
294.563,341.004,5.116,7.283,30,355,0,1,0,0
299.679,348.287,5.116,7.283,30,360,0,1,0,0
304.795,355.569,5.116,7.283,30,365,0,1,0,0
309.911,362.852,5.116,7.283,30,370,0,1,0,0
315.027,370.135,5.116,7.283,30,375,0,1,0,0
320.143,377.417,5.116,7.283,30,380,0,1,0,0
325.258,384.7,5.116,7.283,30,385,0,1,0,0
330.374,391.983,5.116,7.283,30,390,0,1,0,0
335.49,399.265,5.116,7.283,30,395,0,1,0,0
340.606,406.548,5.116,7.283,30,400,0,1,0,0
345.722,413.831,5.116,7.283,30,405,0,1,0,0
350.838,421.113,5.116,7.283,30,410,0,1,0,0
355.954,428.396,5.116,7.283,30,415,0,1,0,0
361.07,435.679,5.116,7.283,30,415,0,0,0,0
366.186,442.961,5.116,7.283,30,415,0,0,0,0
371.302,450.244,5.116,7.283,30,415,0,0,0,0
376.417,457.527,5.116,7.283,30,415,0,0,0,0
381.533,464.81,5.116,7.283,30,415,0,0,0,0
386.649,472.092,5.116,7.283,30,415,0,0,0,0
391.765,479.375,5.116,7.283,30,410,0,-1,0,0
396.881,486.658,5.116,7.283,30,405,0,-1,0,0
401.997,493.94,5.116,7.283,30,400,0,-1,0,0
407.113,501.223,5.116,7.283,30,395,0,-1,0,0
412.229,508.506,5.116,7.283,30,390,0,-1,0,0
417.345,515.788,5.116,7.283,30,385,0,-1,0,0
422.46,523.071,5.116,7.283,30,380,0,-1,0,0
427.576,530.354,5.116,7.283,30,375,0,-1,0,0
432.692,537.636,5.116,7.283,30,370,0,-1,0,0
437.808,544.919,5.116,7.283,30,365,0,-1,0,0
442.924,552.202,5.116,7.283,30,360,0,-1,0,0
448.04,559.485,5.116,7.283,30,355,0,-1,0,0
453.156,566.767,5.116,7.283,30,350,0,-1,0,0
458.272,574.05,5.116,7.283,30,345,0,-1,0,0
463.388,581.333,5.116,7.283,30,340,0,-1,0,0
468.504,588.615,5.116,7.283,30,335,0,-1,0,0
473.619,594.0,5.116,-7.283,30,330,0,-1,0,0
478.735,586.717,5.116,-7.283,30,325,0,-1,0,0
483.851,579.435,5.116,-7.283,30,320,0,-1,0,0
488.967,572.152,5.116,-7.283,30,315,0,-1,0,0
494.083,564.869,5.116,-7.283,30,310,0,-1,0,0
499.199,557.587,5.116,-7.283,30,305,0,-1,0,0
504.315,550.304,5.116,-7.283,30,300,0,-1,0,0
509.431,543.021,5.116,-7.283,30,295,0,-1,0,0
514.547,535.738,5.116,-7.283,30,295,0,0,0,0
519.663,528.456,5.116,-7.283,30,295,0,0,0,0
524.778,521.173,5.116,-7.283,30,295,0,0,0,0
529.894,513.89,5.116,-7.283,30,295,0,0,0,0
535.01,506.608,5.116,-7.283,30,295,0,0,0,0
540.126,499.325,5.116,-7.283,30,295,0,0,0,0
545.242,492.042,5.116,-7.283,30,295,0,0,0,0
550.358,484.76,5.116,-7.283,30,295,0,0,0,0
555.474,477.477,5.116,-7.283,30,295,0,0,0,0
560.59,470.194,5.116,-7.283,30,295,0,0,0,0
565.706,462.912,5.116,-7.283,30,295,0,0,0,0
570.821,455.629,5.116,-7.283,30,295,0,0,0,0
575.937,448.346,5.116,-7.283,30,295,0,0,0,0
581.053,441.063,5.116,-7.283,30,295,0,0,0,0
586.169,433.781,5.116,-7.283,30,295,0,0,0,0
591.285,426.498,5.116,-7.283,30,290,0,-1,0,0
596.401,419.215,5.116,-7.283,30,285,0,-1,0,0
601.517,411.933,5.116,-7.283,30,280,0,-1,0,0
606.633,404.65,5.116,-7.283,30,275,0,-1,0,0
611.749,397.367,5.116,-7.283,30,270,0,-1,0,0
616.865,390.085,5.116,-7.283,30,265,0,-1,0,0
621.98,382.802,5.116,-7.283,30,260,0,-1,0,0
627.096,375.519,5.116,-7.283,30,255,0,-1,0,0
632.212,368.237,5.116,-7.283,30,250,0,-1,0,0
637.328,360.954,5.116,-7.283,30,245,0,-1,0,0
642.444,353.671,5.116,-7.283,30,240,0,-1,0,0
647.56,346.388,5.116,-7.283,30,235,0,-1,0,0
652.676,339.106,5.116,-7.283,30,230,0,-1,0,0
657.792,331.823,5.116,-7.283,30,225,0,-1,0,0
662.908,324.54,5.116,-7.283,30,220,0,-1,0,0
668.024,317.258,5.116,-7.283,30,215,0,-1,0,0
673.139,309.975,5.116,-7.283,30,210,0,-1,0,0
678.255,302.692,5.116,-7.283,30,205,0,-1,0,0
683.371,295.41,5.116,-7.283,30,200,0,-1,0,0
688.487,288.127,5.116,-7.283,30,195,0,-1,0,0
693.603,280.844,5.116,-7.283,30,190,0,-1,0,0
698.719,273.562,5.116,-7.283,30,185,0,-1,0,0
703.835,266.279,5.116,-7.283,30,180,0,-1,0,0
708.951,258.996,5.116,-7.283,30,175,0,-1,0,0
714.067,251.713,5.116,-7.283,30,170,0,-1,0,0
719.183,244.431,5.116,-7.283,30,165,0,-1,0,0
724.298,237.148,5.116,-7.283,30,160,0,-1,0,0
729.414,229.865,5.116,-7.283,30,155,0,-1,0,0
734.53,222.583,5.116,-7.283,30,150,0,-1,0,0
739.646,215.3,5.116,-7.283,30,145,0,-1,0,0
744.762,208.017,5.116,-7.283,30,140,0,-1,0,0
749.878,200.735,5.116,-7.283,30,135,0,-1,0,0
751.0,193.452,-7.52,5.3,30,130,0,-1,0,0
743.48,198.752,-7.52,5.3,30,125,0,-1,0,0
735.96,204.053,-7.52,5.3,30,120,0,-1,0,0
728.441,209.353,-7.52,5.3,30,115,0,-1,0,0
720.921,214.653,-7.52,5.3,30,115,0,0,0,0
713.401,219.953,-7.52,5.3,30,115,0,0,0,0
705.881,225.254,-7.52,5.3,30,115,0,0,0,0
698.362,230.554,-7.52,5.3,30,115,0,0,0,0
690.842,235.854,-7.52,5.3,30,115,0,0,0,0
683.322,241.155,-7.52,5.3,30,115,0,0,0,0
675.802,246.455,-7.52,5.3,30,115,0,0,0,0
668.282,251.755,-7.52,5.3,30,115,0,0,0,0
660.763,257.055,-7.52,5.3,30,115,0,0,0,0
653.243,262.356,-7.52,5.3,30,115,0,0,0,0
645.723,267.656,-7.52,5.3,30,115,0,0,0,0
638.203,272.956,-7.52,5.3,30,115,0,0,0,0
630.684,278.256,-7.52,5.3,30,115,0,0,0,0
623.164,283.557,-7.52,5.3,30,115,0,0,0,0
615.644,288.857,-7.52,5.3,30,115,0,0,0,0
608.124,294.157,-7.52,5.3,30,115,0,0,0,0
600.605,299.458,-7.52,5.3,35,115,1,0,0,0
593.085,304.758,-7.52,5.3,40,115,1,0,0,0
585.565,310.058,-7.52,5.3,45,115,1,0,0,0
578.045,315.358,-7.52,5.3,50,115,1,0,0,0
570.525,320.659,-7.52,5.3,55,115,1,0,0,0
563.006,325.959,-7.52,5.3,60,115,1,0,0,0
555.486,331.259,-7.52,5.3,65,115,1,0,0,0
547.966,336.56,-7.52,5.3,70,115,1,0,0,0
540.446,341.86,-7.52,5.3,75,115,1,0,0,0
532.927,347.16,-7.52,5.3,80,115,1,0,0,0
525.407,352.46,-7.52,5.3,85,115,1,0,0,0
517.887,357.761,-7.52,5.3,90,115,1,0,0,0
510.367,363.061,-7.52,5.3,95,115,1,0,0,0
502.847,368.361,-7.52,5.3,100,115,1,0,0,0
495.328,373.662,-7.52,5.3,105,115,1,0,0,0
487.808,378.962,-7.52,5.3,110,115,1,0,0,0
480.288,384.262,-7.52,5.3,115,115,1,0,0,0
472.768,389.562,-7.52,5.3,120,115,1,0,0,0
465.249,394.863,-7.52,5.3,125,115,1,0,0,0
457.729,400.163,-7.52,5.3,130,115,1,0,0,0
450.209,405.463,-7.52,5.3,135,115,1,0,0,0
442.689,410.764,-7.52,5.3,140,115,1,0,0,0
435.169,416.064,-7.52,5.3,145,115,1,0,0,0
427.65,421.364,-7.52,5.3,150,115,1,0,0,0
420.13,426.664,-7.52,5.3,155,115,1,0,0,0
412.61,431.965,-7.52,5.3,160,115,1,0,0,0
405.09,437.265,-7.52,5.3,165,115,1,0,0,0
397.571,442.565,-7.52,5.3,170,115,1,0,0,0
390.051,447.866,-7.52,5.3,175,115,1,0,0,0
382.531,453.166,-7.52,5.3,180,115,1,0,0,0
375.011,458.466,-7.52,5.3,185,115,1,0,0,0
367.492,463.766,-7.52,5.3,190,115,1,0,0,0
359.972,469.067,-7.52,5.3,195,115,1,0,0,0
352.452,474.367,-7.52,5.3,200,115,1,0,0,0
344.932,479.667,-7.52,5.3,205,115,1,0,0,0
337.412,484.967,-7.52,5.3,210,115,1,0,0,0
329.893,490.268,-7.52,5.3,215,115,1,0,0,0
322.373,495.568,-7.52,5.3,220,115,1,0,0,0
314.853,500.868,-7.52,5.3,225,115,1,0,0,0
307.333,506.169,-7.52,5.3,230,115,1,0,0,0
299.814,511.469,-7.52,5.3,235,115,1,0,0,0
292.294,516.769,-7.52,5.3,240,115,1,0,0,0
284.774,522.069,-7.52,5.3,245,115,1,0,0,0
277.254,527.37,-7.52,5.3,250,115,1,0,0,0
269.734,532.67,-7.52,5.3,255,115,1,0,0,0
262.215,537.97,-7.52,5.3,260,115,1,0,0,0
254.695,543.271,-7.52,5.3,265,115,1,0,0,0
247.175,548.571,-7.52,5.3,270,115,1,0,0,0
239.655,553.871,-7.52,5.3,275,115,1,0,0,0
232.136,559.171,-7.52,5.3,280,115,1,0,0,0
224.616,564.472,-7.52,5.3,285,115,1,0,0,0
217.096,569.772,-7.52,5.3,290,115,1,0,0,0
209.576,575.072,-7.52,5.3,295,115,1,0,0,0
202.056,580.373,-7.52,5.3,300,115,1,0,0,0
194.537,585.673,-7.52,5.3,305,115,1,0,0,0
187.017,590.973,-7.52,5.3,310,115,1,0,0,0
179.497,594.0,-7.52,-5.3,315,115,1,0,0,0
171.977,588.7,-7.52,-5.3,320,115,1,0,0,0
164.458,583.399,-7.52,-5.3,325,115,1,0,0,0
156.938,578.099,-7.52,-5.3,330,115,1,0,0,0
149.418,572.799,-7.52,-5.3,335,115,1,0,0,0
141.898,567.499,-7.52,-5.3,340,115,1,0,0,0
134.379,562.198,-7.52,-5.3,345,115,1,0,0,0
126.859,556.898,-7.52,-5.3,350,115,1,0,0,0
119.339,551.598,-7.52,-5.3,355,115,1,0,0,0
111.819,546.297,-7.52,-5.3,360,115,1,0,0,0
104.299,540.997,-7.52,-5.3,365,115,1,0,0,0
96.78,535.697,-7.52,-5.3,370,115,1,0,0,0
89.26,530.397,-7.52,-5.3,375,115,1,0,0,0
81.74,525.096,-7.52,-5.3,380,115,1,0,0,0
74.22,519.796,-7.52,-5.3,385,115,1,0,0,0
66.701,514.496,-7.52,-5.3,390,115,1,0,0,0
59.181,509.195,-7.52,-5.3,395,115,1,0,0,0
51.661,503.895,-7.52,-5.3,400,115,1,0,0,0
44.141,498.595,-7.52,-5.3,405,115,1,0,0,0
49.0,493.295,4.75,8.227,410,115,1,0,0,0
53.75,501.522,4.75,8.227,415,115,1,0,0,0
58.5,509.749,4.75,8.227,420,115,1,0,0,0
63.25,517.976,4.75,8.227,425,115,1,0,0,0
68.0,526.204,4.75,8.227,430,115,1,0,0,0
72.75,534.431,4.75,8.227,435,115,1,0,0,0
77.5,542.658,4.75,8.227,440,115,1,0,0,0
82.25,550.885,4.75,8.227,445,115,1,0,0,0
87.0,559.113,4.75,8.227,450,115,1,0,0,0
91.75,567.34,4.75,8.227,455,115,1,0,0,0
96.5,575.567,4.75,8.227,460,115,1,0,0,0
101.25,583.794,4.75,8.227,465,115,1,0,0,0
106.0,592.022,4.75,8.227,470,115,1,0,0,0
110.75,594.0,4.75,-8.227,475,115,1,0,0,0
115.5,585.773,4.75,-8.227,480,115,1,0,0,0
120.25,577.546,4.75,-8.227,485,115,1,0,0,0
125.0,569.318,4.75,-8.227,490,115,1,0,0,0
129.75,561.091,4.75,-8.227,495,115,1,0,0,0
134.5,552.864,4.75,-8.227,500,115,1,0,0,0
139.25,544.637,4.75,-8.227,500,115,0,0,0,0
144.0,536.409,4.75,-8.227,500,115,0,0,0,0
148.75,528.182,4.75,-8.227,500,115,0,0,0,0
153.5,519.955,4.75,-8.227,500,115,0,0,0,0
158.25,511.728,4.75,-8.227,500,115,0,0,0,0
163.0,503.5,4.75,-8.227,500,115,0,0,0,0
167.75,495.273,4.75,-8.227,500,115,0,0,0,0
172.5,487.046,4.75,-8.227,500,115,0,0,0,0
177.25,478.819,4.75,-8.227,500,115,0,0,0,0
182.0,470.591,4.75,-8.227,500,115,0,0,0,0
186.75,462.364,4.75,-8.227,500,115,0,0,0,0
191.5,454.137,4.75,-8.227,500,115,0,0,0,0
196.25,445.91,4.75,-8.227,500,115,0,0,0,0
201.0,437.682,4.75,-8.227,500,115,0,0,0,0
205.75,429.455,4.75,-8.227,500,115,0,0,0,0
210.5,421.228,4.75,-8.227,500,115,0,0,0,0
215.25,413.001,4.75,-8.227,500,115,0,0,0,0
220.0,404.773,4.75,-8.227,500,115,0,0,0,0
224.75,396.546,4.75,-8.227,500,115,0,0,0,0
229.5,388.319,4.75,-8.227,500,115,0,0,0,0
234.25,380.092,4.75,-8.227,500,110,0,-1,0,0
239.0,371.864,4.75,-8.227,500,105,0,-1,0,0
243.75,363.637,4.75,-8.227,500,100,0,-1,0,0
248.5,355.41,4.75,-8.227,500,95,0,-1,0,0
253.25,347.183,4.75,-8.227,500,90,0,-1,0,0
258.0,338.956,4.75,-8.227,500,85,0,-1,0,0
262.75,330.728,4.75,-8.227,500,80,0,-1,0,0
267.5,322.501,4.75,-8.227,500,75,0,-1,0,0
272.25,314.274,4.75,-8.227,500,70,0,-1,0,0
277.0,306.047,4.75,-8.227,500,65,0,-1,0,0
281.75,297.819,4.75,-8.227,500,60,0,-1,0,0
286.5,289.592,4.75,-8.227,500,55,0,-1,0,0
291.25,281.365,4.75,-8.227,500,50,0,-1,0,0
296.0,273.138,4.75,-8.227,500,45,0,-1,0,0
300.75,264.91,4.75,-8.227,500,40,0,-1,0,0
305.5,256.683,4.75,-8.227,500,35,0,-1,0,0
310.25,248.456,4.75,-8.227,500,30,0,-1,0,0
315.0,240.229,4.75,-8.227,500,25,0,-1,0,0
319.75,232.001,4.75,-8.227,500,20,0,-1,0,0
324.5,223.774,4.75,-8.227,500,15,0,-1,0,0
329.25,215.547,4.75,-8.227,500,10,0,-1,0,0
334.0,207.32,4.75,-8.227,500,5,0,-1,0,0
338.75,199.092,4.75,-8.227,500,0,0,-1,0,0
343.5,190.865,4.75,-8.227,500,0,0,0,0,0
348.25,182.638,4.75,-8.227,500,0,0,0,0,0
353.0,174.411,4.75,-8.227,500,0,0,0,0,0
357.75,166.183,4.75,-8.227,500,0,0,0,0,0
362.5,157.956,4.75,-8.227,500,0,0,0,0,0
367.25,149.729,4.75,-8.227,500,0,0,0,0,0
372.0,141.502,4.75,-8.227,500,0,0,0,0,0
376.75,133.274,4.75,-8.227,500,0,0,0,0,0
381.5,125.047,4.75,-8.227,500,5,0,1,0,0
386.25,116.82,4.75,-8.227,500,10,0,1,0,0
391.0,108.593,4.75,-8.227,500,15,0,1,0,0
395.75,100.366,4.75,-8.227,500,20,0,1,0,0
400.5,92.138,4.75,-8.227,500,25,0,1,0,0
405.25,83.911,4.75,-8.227,500,30,0,1,0,0
410.0,75.684,4.75,-8.227,500,35,0,1,0,0
414.75,67.457,4.75,-8.227,500,40,0,1,0,0
419.5,59.229,4.75,-8.227,500,45,0,1,0,0
424.25,51.002,4.75,-8.227,500,50,0,1,0,0
429.0,42.775,4.75,-8.227,500,55,0,1,0,0
433.75,34.548,4.75,-8.227,500,60,0,1,0,0
438.5,26.32,4.75,-8.227,500,65,0,1,0,0
443.25,18.093,4.75,-8.227,500,70,0,1,0,0
448.0,9.866,4.75,-8.227,500,75,0,1,0,0
452.75,6.0,4.75,8.227,500,80,0,1,0,0
457.5,14.227,4.75,8.227,500,85,0,1,0,0
462.25,22.454,4.75,8.227,500,90,0,1,0,0
467.0,30.682,4.75,8.227,500,95,0,1,0,0
471.75,38.909,4.75,8.227,500,100,0,1,0,0
476.5,47.136,4.75,8.227,500,105,0,1,0,0
481.25,55.363,4.75,8.227,500,110,0,1,0,0
486.0,63.591,4.75,8.227,500,115,0,1,0,0
490.75,71.818,4.75,8.227,500,120,0,1,0,0
495.5,80.045,4.75,8.227,500,125,0,1,0,0
500.25,88.272,4.75,8.227,500,130,0,1,0,0
505.0,96.5,4.75,8.227,500,135,0,1,0,0
509.75,104.727,4.75,8.227,500,140,0,1,0,0
514.5,112.954,4.75,8.227,500,145,0,1,0,0
519.25,121.181,4.75,8.227,500,150,0,1,0,0
524.0,129.409,4.75,8.227,500,155,0,1,0,0
528.75,137.636,4.75,8.227,500,160,0,1,0,0
533.5,145.863,4.75,8.227,500,165,0,1,0,0
538.25,154.09,4.75,8.227,500,170,0,1,0,0
543.0,162.318,4.75,8.227,500,175,0,1,0,0
547.75,170.545,4.75,8.227,500,180,0,1,0,0
552.5,178.772,4.75,8.227,500,185,0,1,0,0
557.25,186.999,4.75,8.227,500,190,0,1,0,0
562.0,195.227,4.75,8.227,500,195,0,1,0,0
566.75,203.454,4.75,8.227,500,200,0,1,0,0
571.5,211.681,4.75,8.227,500,205,0,1,0,0
576.25,219.908,4.75,8.227,500,210,0,1,0,0
581.0,228.136,4.75,8.227,500,215,0,1,0,0
585.75,236.363,4.75,8.227,500,220,0,1,0,0
590.5,244.59,4.75,8.227,500,225,0,1,0,0
595.25,252.817,4.75,8.227,500,230,0,1,0,0
600.0,261.044,4.75,8.227,500,235,0,1,0,0
604.75,269.272,4.75,8.227,500,240,0,1,0,0
609.5,277.499,4.75,8.227,500,245,0,1,0,0
614.25,285.726,4.75,8.227,500,250,0,1,0,0
619.0,293.953,4.75,8.227,500,255,0,1,0,0
623.75,302.181,4.75,8.227,500,260,0,1,0,0
628.5,310.408,4.75,8.227,500,265,0,1,0,0
633.25,318.635,4.75,8.227,500,270,0,1,0,0
638.0,326.862,4.75,8.227,500,275,0,1,0,0
642.75,335.09,4.75,8.227,500,280,0,1,0,0
647.5,343.317,4.75,8.227,500,285,0,1,0,0
652.25,351.544,4.75,8.227,500,290,0,1,0,0
657.0,359.771,4.75,8.227,500,295,0,1,0,0
661.75,367.999,4.75,8.227,500,300,0,1,0,0
666.5,376.226,4.75,8.227,500,305,0,1,0,0
671.25,384.453,4.75,8.227,500,310,0,1,0,0
676.0,392.68,4.75,8.227,500,315,0,1,0,0
680.75,400.908,4.75,8.227,500,320,0,1,0,0
685.5,409.135,4.75,8.227,500,325,0,1,0,0
690.25,417.362,4.75,8.227,500,330,0,1,0,0
695.0,425.589,4.75,8.227,500,335,0,1,0,0
699.75,433.817,4.75,8.227,500,340,0,1,0,0
704.5,442.044,4.75,8.227,500,345,0,1,0,0
709.25,450.271,4.75,8.227,500,350,0,1,0,0
714.0,458.498,4.75,8.227,500,355,0,1,0,0
718.75,466.726,4.75,8.227,500,360,0,1,0,0
723.5,474.953,4.75,8.227,500,365,0,1,0,0
728.25,483.18,4.75,8.227,500,370,0,1,0,0
733.0,491.407,4.75,8.227,500,375,0,1,0,0
737.75,499.634,4.75,8.227,500,380,0,1,0,0
742.5,507.862,4.75,8.227,500,385,0,1,0,0
747.25,516.089,4.75,8.227,500,390,0,1,0,0
752.0,524.316,4.75,8.227,500,395,0,1,0,0
756.75,532.543,4.75,8.227,500,400,0,1,0,0
761.5,540.771,4.75,8.227,500,405,0,1,0,0
766.25,548.998,4.75,8.227,500,410,0,1,0,0
771.0,557.225,4.75,8.227,500,415,0,1,0,0
775.75,565.452,4.75,8.227,500,420,0,1,0,0
780.5,573.68,4.75,8.227,500,425,0,1,0,0
785.25,581.907,4.75,8.227,500,430,0,1,0,0
790.0,590.134,4.75,8.227,500,435,0,1,0,0
794.75,594.0,4.75,-8.227,500,440,0,1,0,0
799.5,585.773,4.75,-8.227,500,445,0,1,0,0
804.25,577.546,4.75,-8.227,500,450,0,1,0,0
400.0,300.0,-4.831,1.291,500,455,0,1,1,0
395.169,301.291,-4.831,1.291,500,455,0,0,0,0
390.339,302.581,-4.831,1.291,500,455,0,0,0,0
385.508,303.872,-4.831,1.291,500,455,0,0,0,0
380.678,305.163,-4.831,1.291,500,455,0,0,0,0
375.847,306.454,-4.831,1.291,500,455,0,0,0,0
371.017,307.744,-4.831,1.291,500,455,0,0,0,0
366.186,309.035,-4.831,1.291,500,455,0,0,0,0
361.356,310.326,-4.831,1.291,500,455,0,0,0,0
356.525,311.617,-4.831,1.291,500,455,0,0,0,0
351.695,312.907,-4.831,1.291,500,455,0,0,0,0
346.864,314.198,-4.831,1.291,500,455,0,0,0,0
342.034,315.489,-4.831,1.291,500,455,0,0,0,0
337.203,316.78,-4.831,1.291,500,455,0,0,0,0
332.373,318.07,-4.831,1.291,500,455,0,0,0,0
327.542,319.361,-4.831,1.291,500,455,0,0,0,0
322.712,320.652,-4.831,1.291,500,455,0,0,0,0
317.881,321.942,-4.831,1.291,500,455,0,0,0,0
313.05,323.233,-4.831,1.291,500,455,0,0,0,0
308.22,324.524,-4.831,1.291,500,455,0,0,0,0
303.389,325.815,-4.831,1.291,500,455,0,0,0,0
298.559,327.105,-4.831,1.291,500,455,0,0,0,0
293.728,328.396,-4.831,1.291,500,455,0,0,0,0
288.898,329.687,-4.831,1.291,495,455,-1,0,0,0
284.067,330.978,-4.831,1.291,490,455,-1,0,0,0
279.237,332.268,-4.831,1.291,485,455,-1,0,0,0
274.406,333.559,-4.831,1.291,480,455,-1,0,0,0
269.576,334.85,-4.831,1.291,475,455,-1,0,0,0
264.745,336.14,-4.831,1.291,470,455,-1,0,0,0
259.915,337.431,-4.831,1.291,465,455,-1,0,0,0
255.084,338.722,-4.831,1.291,460,455,-1,0,0,0
250.254,340.013,-4.831,1.291,455,455,-1,0,0,0
245.423,341.303,-4.831,1.291,450,455,-1,0,0,0
240.593,342.594,-4.831,1.291,445,455,-1,0,0,0
235.762,343.885,-4.831,1.291,440,455,-1,0,0,0
230.931,345.176,-4.831,1.291,435,455,-1,0,0,0
226.101,346.466,-4.831,1.291,430,455,-1,0,0,0
221.27,347.757,-4.831,1.291,425,455,-1,0,0,0
216.44,349.048,-4.831,1.291,420,455,-1,0,0,0
211.609,350.339,-4.831,1.291,415,455,-1,0,0,0
206.779,351.629,-4.831,1.291,410,455,-1,0,0,0
201.948,352.92,-4.831,1.291,405,455,-1,0,0,0
197.118,354.211,-4.831,1.291,400,455,-1,0,0,0
192.287,355.501,-4.831,1.291,395,455,-1,0,0,0
187.457,356.792,-4.831,1.291,390,455,-1,0,0,0
182.626,358.083,-4.831,1.291,385,455,-1,0,0,0
177.796,359.374,-4.831,1.291,380,450,-1,-1,0,0
172.965,360.664,-4.831,1.291,375,445,-1,-1,0,0
168.135,361.955,-4.831,1.291,370,440,-1,-1,0,0
163.304,363.246,-4.831,1.291,370,435,0,-1,0,0
158.474,364.537,-4.831,1.291,370,430,0,-1,0,0
153.643,365.827,-4.831,1.291,370,425,0,-1,0,0
148.812,367.118,-4.831,1.291,370,420,0,-1,0,0
143.982,368.409,-4.831,1.291,370,415,0,-1,0,0
139.151,369.7,-4.831,1.291,370,410,0,-1,0,0
134.321,370.99,-4.831,1.291,370,405,0,-1,0,0
129.49,372.281,-4.831,1.291,370,400,0,-1,0,0
124.66,373.572,-4.831,1.291,370,395,0,-1,0,0
119.829,374.862,-4.831,1.291,370,395,0,0,0,0
114.999,376.153,-4.831,1.291,370,395,0,0,0,0
110.168,377.444,-4.831,1.291,370,395,0,0,0,0
105.338,378.735,-4.831,1.291,370,395,0,0,0,0
100.507,380.025,-4.831,1.291,370,395,0,0,0,0
95.677,381.316,-4.831,1.291,370,395,0,0,0,0
90.846,382.607,-4.831,1.291,370,395,0,0,0,0
86.016,383.898,-4.831,1.291,365,395,-1,0,0,0
81.185,385.188,-4.831,1.291,360,395,-1,0,0,0
76.355,386.479,-4.831,1.291,355,390,-1,-1,0,0
71.524,387.77,-4.831,1.291,350,385,-1,-1,0,0
66.693,389.061,-4.831,1.291,345,380,-1,-1,0,0
61.863,390.351,-4.831,1.291,340,375,-1,-1,0,0
57.032,391.642,-4.831,1.291,335,370,-1,-1,0,0
52.202,392.933,-4.831,1.291,330,365,-1,-1,0,0
49.0,394.223,3.823,3.671,325,360,-1,-1,0,0
52.823,397.894,3.823,3.671,320,355,-1,-1,0,0
56.646,401.565,3.823,3.671,315,350,-1,-1,0,0
60.469,405.236,3.823,3.671,310,345,-1,-1,0,0
64.292,408.906,3.823,3.671,305,340,-1,-1,0,0
68.115,412.577,3.823,3.671,300,335,-1,-1,0,0
71.938,416.248,3.823,3.671,295,335,-1,0,0,0
75.762,419.918,3.823,3.671,290,335,-1,0,0,0
79.585,423.589,3.823,3.671,285,335,-1,0,0,0
83.408,427.26,3.823,3.671,280,335,-1,0,0,0
87.231,430.93,3.823,3.671,275,335,-1,0,0,0
91.054,434.601,3.823,3.671,275,335,0,0,0,0
94.877,438.272,3.823,3.671,275,335,0,0,0,0
98.7,441.943,3.823,3.671,275,335,0,0,0,0
102.523,445.613,3.823,3.671,275,335,0,0,0,0
106.346,449.284,3.823,3.671,275,335,0,0,0,0
110.169,452.955,3.823,3.671,275,335,0,0,0,0
113.992,456.625,3.823,3.671,275,335,0,0,0,0
117.815,460.296,3.823,3.671,275,335,0,0,0,0
121.638,463.967,3.823,3.671,275,335,0,0,0,0
125.462,467.638,3.823,3.671,275,335,0,0,0,0
129.285,471.308,3.823,3.671,275,335,0,0,0,0
133.108,474.979,3.823,3.671,275,335,0,0,0,0
136.931,478.65,3.823,3.671,275,335,0,0,0,0
140.754,482.32,3.823,3.671,275,335,0,0,0,0
144.577,485.991,3.823,3.671,275,335,0,0,0,0
148.4,489.662,3.823,3.671,275,340,0,1,0,0
152.223,493.332,3.823,3.671,275,345,0,1,0,0
156.046,497.003,3.823,3.671,280,350,1,1,0,0
159.869,500.674,3.823,3.671,285,355,1,1,0,0
163.692,504.345,3.823,3.671,290,360,1,1,0,0
167.515,508.015,3.823,3.671,295,365,1,1,0,0
171.339,511.686,3.823,3.671,300,370,1,1,0,0
175.162,515.357,3.823,3.671,305,375,1,1,0,0
178.985,519.027,3.823,3.671,310,380,1,1,0,0
182.808,522.698,3.823,3.671,315,385,1,1,0,0
186.631,526.369,3.823,3.671,320,390,1,1,0,0
190.454,530.039,3.823,3.671,325,395,1,1,0,0
194.277,533.71,3.823,3.671,330,400,1,1,0,0
198.1,537.381,3.823,3.671,335,405,1,1,0,0
201.923,541.052,3.823,3.671,340,405,1,0,0,0
205.746,544.722,3.823,3.671,345,405,1,0,0,0
209.569,548.393,3.823,3.671,350,405,1,0,0,0
213.392,552.064,3.823,3.671,355,405,1,0,0,0
217.215,555.734,3.823,3.671,355,405,0,0,0,0
221.039,559.405,3.823,3.671,355,405,0,0,0,0
224.862,563.076,3.823,3.671,355,405,0,0,0,0
228.685,566.747,3.823,3.671,355,405,0,0,0,0
232.508,570.417,3.823,3.671,355,405,0,0,0,0
236.331,574.088,3.823,3.671,355,405,0,0,0,0
240.154,577.759,3.823,3.671,355,405,0,0,0,0
243.977,581.429,3.823,3.671,355,405,0,0,0,0
247.8,585.1,3.823,3.671,355,400,0,-1,0,0
251.623,588.771,3.823,3.671,350,395,-1,-1,0,0
255.446,592.441,3.823,3.671,345,390,-1,-1,0,0
259.269,594.0,3.823,-3.671,340,385,-1,-1,0,0
263.092,590.329,3.823,-3.671,335,380,-1,-1,0,0
266.915,586.659,3.823,-3.671,330,375,-1,-1,0,0
270.739,582.988,3.823,-3.671,325,370,-1,-1,0,0
274.562,579.317,3.823,-3.671,320,365,-1,-1,0,0
278.385,575.646,3.823,-3.671,315,360,-1,-1,0,0
282.208,571.976,3.823,-3.671,310,355,-1,-1,0,0
286.031,568.305,3.823,-3.671,305,350,-1,-1,0,0
289.854,564.634,3.823,-3.671,300,345,-1,-1,0,0
293.677,560.964,3.823,-3.671,295,340,-1,-1,0,0
297.5,557.293,3.823,-3.671,290,335,-1,-1,0,0
301.323,553.622,3.823,-3.671,285,330,-1,-1,0,0
305.146,549.952,3.823,-3.671,280,325,-1,-1,0,0
308.969,546.281,3.823,-3.671,275,320,-1,-1,0,0
312.792,542.61,3.823,-3.671,270,315,-1,-1,0,0
316.615,538.939,3.823,-3.671,265,310,-1,-1,0,0
320.439,535.269,3.823,-3.671,260,305,-1,-1,0,0
324.262,531.598,3.823,-3.671,255,300,-1,-1,0,0
328.085,527.927,3.823,-3.671,250,295,-1,-1,0,0
331.908,524.257,3.823,-3.671,245,290,-1,-1,0,0
335.731,520.586,3.823,-3.671,240,285,-1,-1,0,0
339.554,516.915,3.823,-3.671,235,280,-1,-1,0,0
343.377,513.245,3.823,-3.671,230,275,-1,-1,0,0
347.2,509.574,3.823,-3.671,225,270,-1,-1,0,0
351.023,505.903,3.823,-3.671,220,265,-1,-1,0,0
354.846,502.232,3.823,-3.671,215,260,-1,-1,0,0
358.669,498.562,3.823,-3.671,210,255,-1,-1,0,0
362.492,494.891,3.823,-3.671,205,250,-1,-1,0,0
366.316,491.22,3.823,-3.671,200,245,-1,-1,0,0
370.139,487.55,3.823,-3.671,195,240,-1,-1,0,0
373.962,483.879,3.823,-3.671,190,235,-1,-1,0,0
377.785,480.208,3.823,-3.671,185,235,-1,0,0,0
381.608,476.537,3.823,-3.671,180,235,-1,0,0,0
385.431,472.867,3.823,-3.671,175,235,-1,0,0,0
389.254,469.196,3.823,-3.671,175,235,0,0,0,0
393.077,465.525,3.823,-3.671,175,235,0,0,0,0
396.9,461.855,3.823,-3.671,175,235,0,0,0,0
400.723,458.184,3.823,-3.671,175,235,0,0,0,0
404.546,454.513,3.823,-3.671,175,235,0,0,0,0
408.369,450.843,3.823,-3.671,175,235,0,0,0,0
412.192,447.172,3.823,-3.671,175,235,0,0,0,0
416.016,443.501,3.823,-3.671,175,235,0,0,0,0
419.839,439.83,3.823,-3.671,175,235,0,0,0,0
423.662,436.16,3.823,-3.671,175,235,0,0,0,0
427.485,432.489,3.823,-3.671,175,235,0,0,0,0
431.308,428.818,3.823,-3.671,175,235,0,0,0,0
435.131,425.148,3.823,-3.671,175,235,0,0,0,0
438.954,421.477,3.823,-3.671,175,235,0,0,0,0
442.777,417.806,3.823,-3.671,175,235,0,0,0,0
446.6,414.135,3.823,-3.671,175,235,0,0,0,0
450.423,410.465,3.823,-3.671,175,235,0,0,0,0
454.246,406.794,3.823,-3.671,175,235,0,0,0,0
458.069,403.123,3.823,-3.671,175,235,0,0,0,0
461.892,399.453,3.823,-3.671,175,235,0,0,0,0
465.716,395.782,3.823,-3.671,175,235,0,0,0,0
469.539,392.111,3.823,-3.671,175,235,0,0,0,0
473.362,388.441,3.823,-3.671,175,235,0,0,0,0
477.185,384.77,3.823,-3.671,175,235,0,0,0,0
481.008,381.099,3.823,-3.671,175,235,0,0,0,0
484.831,377.428,3.823,-3.671,175,235,0,0,0,0
488.654,373.758,3.823,-3.671,175,235,0,0,0,0
492.477,370.087,3.823,-3.671,175,235,0,0,0,0
496.3,366.416,3.823,-3.671,175,235,0,0,0,0
500.123,362.746,3.823,-3.671,175,235,0,0,0,0
503.946,359.075,3.823,-3.671,175,235,0,0,0,0
507.769,355.404,3.823,-3.671,175,235,0,0,0,0
511.592,351.734,3.823,-3.671,175,235,0,0,0,0
515.416,348.063,3.823,-3.671,175,235,0,0,0,0
519.239,344.392,3.823,-3.671,175,235,0,0,0,0
523.062,340.721,3.823,-3.671,175,235,0,0,0,0
526.885,337.051,3.823,-3.671,175,235,0,0,0,0
530.708,333.38,3.823,-3.671,175,235,0,0,0,0
534.531,329.709,3.823,-3.671,175,235,0,0,0,0
538.354,326.039,3.823,-3.671,175,235,0,0,0,0
542.177,322.368,3.823,-3.671,175,235,0,0,0,0
546.0,318.697,3.823,-3.671,175,235,0,0,0,0
549.823,315.026,3.823,-3.671,175,235,0,0,0,0
553.646,311.356,3.823,-3.671,175,235,0,0,0,0
557.469,307.685,3.823,-3.671,175,235,0,0,0,0
561.293,304.014,3.823,-3.671,175,235,0,0,0,0
565.116,300.344,3.823,-3.671,175,235,0,0,0,0
568.939,296.673,3.823,-3.671,175,235,0,0,0,0
572.762,293.002,3.823,-3.671,175,235,0,0,0,0
576.585,289.332,3.823,-3.671,175,230,0,-1,0,0
580.408,285.661,3.823,-3.671,175,225,0,-1,0,0
584.231,281.99,3.823,-3.671,175,220,0,-1,0,0
588.054,278.319,3.823,-3.671,175,215,0,-1,0,0
591.877,274.649,3.823,-3.671,175,210,0,-1,0,0
595.7,270.978,3.823,-3.671,175,205,0,-1,0,0
599.523,267.307,3.823,-3.671,175,200,0,-1,0,0
603.346,263.637,3.823,-3.671,175,195,0,-1,0,0
607.169,259.966,3.823,-3.671,175,190,0,-1,0,0
610.993,256.295,3.823,-3.671,175,185,0,-1,0,0
614.816,252.624,3.823,-3.671,175,180,0,-1,0,0
618.639,248.954,3.823,-3.671,175,175,0,-1,0,0
622.462,245.283,3.823,-3.671,175,170,0,-1,0,0
626.285,241.612,3.823,-3.671,175,165,0,-1,0,0
630.108,237.942,3.823,-3.671,175,160,0,-1,0,0
633.931,234.271,3.823,-3.671,175,155,0,-1,0,0
637.754,230.6,3.823,-3.671,175,150,0,-1,0,0
641.577,226.93,3.823,-3.671,175,145,0,-1,0,0
645.4,223.259,3.823,-3.671,175,140,0,-1,0,0
649.223,219.588,3.823,-3.671,175,140,0,0,0,0
653.046,215.917,3.823,-3.671,175,140,0,0,0,0
656.869,212.247,3.823,-3.671,175,140,0,0,0,0
660.693,208.576,3.823,-3.671,175,140,0,0,0,0
664.516,204.905,3.823,-3.671,175,140,0,0,0,0
668.339,201.235,3.823,-3.671,175,140,0,0,0,0
672.162,197.564,3.823,-3.671,175,140,0,0,0,0
675.985,193.893,3.823,-3.671,175,140,0,0,0,0
679.808,190.223,3.823,-3.671,175,140,0,0,0,0
683.631,186.552,3.823,-3.671,175,140,0,0,0,0
687.454,182.881,3.823,-3.671,175,140,0,0,0,0
691.277,179.21,3.823,-3.671,175,140,0,0,0,0
695.1,175.54,3.823,-3.671,175,135,0,-1,0,0
698.923,171.869,3.823,-3.671,175,130,0,-1,0,0
702.746,168.198,3.823,-3.671,175,125,0,-1,0,0
706.569,164.528,3.823,-3.671,175,120,0,-1,0,0
710.393,160.857,3.823,-3.671,175,115,0,-1,0,0
714.216,157.186,3.823,-3.671,175,110,0,-1,0,0
718.039,153.515,3.823,-3.671,175,105,0,-1,0,0
721.862,149.845,3.823,-3.671,175,100,0,-1,0,0
725.685,146.174,3.823,-3.671,175,95,0,-1,0,0
729.508,142.503,3.823,-3.671,175,90,0,-1,0,0
733.331,138.833,3.823,-3.671,175,85,0,-1,0,0
737.154,135.162,3.823,-3.671,175,80,0,-1,0,0
740.977,131.491,3.823,-3.671,175,75,0,-1,0,0
744.8,127.821,3.823,-3.671,175,70,0,-1,0,0
748.623,124.15,3.823,-3.671,175,65,0,-1,0,0
752.446,120.479,3.823,-3.671,175,60,0,-1,0,0
751.0,116.808,-4.712,3.026,175,55,0,-1,0,0
746.288,119.835,-4.712,3.026,175,50,0,-1,0,0
741.576,122.861,-4.712,3.026,175,45,0,-1,0,0
736.865,125.888,-4.712,3.026,175,40,0,-1,0,0
732.153,128.914,-4.712,3.026,175,35,0,-1,0,0
727.441,131.94,-4.712,3.026,175,30,0,-1,0,0
722.729,134.967,-4.712,3.026,175,25,0,-1,0,0
718.017,137.993,-4.712,3.026,175,25,0,0,0,0
713.306,141.019,-4.712,3.026,170,25,-1,0,0,0
708.594,144.046,-4.712,3.026,165,25,-1,0,0,0
703.882,147.072,-4.712,3.026,160,25,-1,0,0,0
699.17,150.099,-4.712,3.026,155,25,-1,0,0,0
694.458,153.125,-4.712,3.026,150,25,-1,0,0,0
689.747,156.151,-4.712,3.026,145,25,-1,0,0,0
685.035,159.178,-4.712,3.026,140,25,-1,0,0,0
680.323,162.204,-4.712,3.026,135,25,-1,0,0,0
675.611,165.231,-4.712,3.026,130,25,-1,0,0,0
670.9,168.257,-4.712,3.026,125,25,-1,0,0,0
666.188,171.283,-4.712,3.026,120,25,-1,0,0,0
661.476,174.31,-4.712,3.026,115,25,-1,0,0,0
656.764,177.336,-4.712,3.026,110,25,-1,0,0,0
652.052,180.362,-4.712,3.026,105,25,-1,0,0,0
647.341,183.389,-4.712,3.026,105,25,0,0,0,0
642.629,186.415,-4.712,3.026,105,25,0,0,0,0
637.917,189.442,-4.712,3.026,105,25,0,0,0,0
633.205,192.468,-4.712,3.026,105,25,0,0,0,0
628.493,195.494,-4.712,3.026,105,25,0,0,0,0
623.782,198.521,-4.712,3.026,105,25,0,0,0,0
619.07,201.547,-4.712,3.026,105,25,0,0,0,0
614.358,204.574,-4.712,3.026,105,25,0,0,0,0
609.646,207.6,-4.712,3.026,105,25,0,0,0,0
604.934,210.626,-4.712,3.026,110,25,1,0,0,0
600.223,213.653,-4.712,3.026,115,25,1,0,0,0
595.511,216.679,-4.712,3.026,120,25,1,0,0,0
590.799,219.705,-4.712,3.026,125,25,1,0,0,0
586.087,222.732,-4.712,3.026,130,25,1,0,0,0
581.375,225.758,-4.712,3.026,135,25,1,0,0,0
576.664,228.785,-4.712,3.026,140,25,1,0,0,0
571.952,231.811,-4.712,3.026,145,25,1,0,0,0
567.24,234.837,-4.712,3.026,150,25,1,0,0,0
562.528,237.864,-4.712,3.026,155,25,1,0,0,0
557.816,240.89,-4.712,3.026,160,25,1,0,0,0
553.105,243.917,-4.712,3.026,165,25,1,0,0,0
548.393,246.943,-4.712,3.026,170,25,1,0,0,0
543.681,249.969,-4.712,3.026,175,25,1,0,0,0
538.969,252.996,-4.712,3.026,180,25,1,0,0,0
534.258,256.022,-4.712,3.026,185,25,1,0,0,0
529.546,259.048,-4.712,3.026,190,25,1,0,0,0
524.834,262.075,-4.712,3.026,195,25,1,0,0,0
520.122,265.101,-4.712,3.026,200,25,1,0,0,0
515.41,268.128,-4.712,3.026,205,25,1,0,0,0
510.699,271.154,-4.712,3.026,210,25,1,0,0,0
505.987,274.18,-4.712,3.026,215,25,1,0,0,0
501.275,277.207,-4.712,3.026,220,25,1,0,0,0
496.563,280.233,-4.712,3.026,225,25,1,0,0,0
491.851,283.26,-4.712,3.026,230,25,1,0,0,0
487.14,286.286,-4.712,3.026,235,25,1,0,0,0
482.428,289.312,-4.712,3.026,240,25,1,0,0,0
477.716,292.339,-4.712,3.026,245,25,1,0,0,0
473.004,295.365,-4.712,3.026,250,25,1,0,0,0
468.292,298.391,-4.712,3.026,255,25,1,0,0,0
463.581,301.418,-4.712,3.026,260,25,1,0,0,0
458.869,304.444,-4.712,3.026,265,25,1,0,0,0
454.157,307.471,-4.712,3.026,270,25,1,0,0,0
449.445,310.497,-4.712,3.026,275,25,1,0,0,0
444.733,313.523,-4.712,3.026,280,25,1,0,0,0
440.022,316.55,-4.712,3.026,285,25,1,0,0,0
435.31,319.576,-4.712,3.026,290,25,1,0,0,0
430.598,322.603,-4.712,3.026,295,25,1,0,0,0
425.886,325.629,-4.712,3.026,300,25,1,0,0,0
421.174,328.655,-4.712,3.026,305,25,1,0,0,0
416.463,331.682,-4.712,3.026,310,25,1,0,0,0
411.751,334.708,-4.712,3.026,315,25,1,0,0,0
407.039,337.734,-4.712,3.026,320,25,1,0,0,0
402.327,340.761,-4.712,3.026,325,25,1,0,0,0
397.616,343.787,-4.712,3.026,330,25,1,0,0,0
392.904,346.814,-4.712,3.026,335,25,1,0,0,0
388.192,349.84,-4.712,3.026,340,25,1,0,0,0
383.48,352.866,-4.712,3.026,345,25,1,0,0,0
378.768,355.893,-4.712,3.026,350,25,1,0,0,0
374.057,358.919,-4.712,3.026,355,25,1,0,0,0
369.345,361.946,-4.712,3.026,360,25,1,0,0,0
364.633,364.972,-4.712,3.026,365,25,1,0,0,0
359.921,367.998,-4.712,3.026,370,25,1,0,0,0
355.209,371.025,-4.712,3.026,375,25,1,0,0,0
350.498,374.051,-4.712,3.026,380,25,1,0,0,0
345.786,377.077,-4.712,3.026,385,25,1,0,0,0
341.074,380.104,-4.712,3.026,390,25,1,0,0,0
336.362,383.13,-4.712,3.026,395,25,1,0,0,0
331.65,386.157,-4.712,3.026,400,25,1,0,0,0
326.939,389.183,-4.712,3.026,405,25,1,0,0,0
322.227,392.209,-4.712,3.026,410,25,1,0,0,0
317.515,395.236,-4.712,3.026,415,25,1,0,0,0
312.803,398.262,-4.712,3.026,420,25,1,0,0,0
308.091,401.289,-4.712,3.026,425,25,1,0,0,0
303.38,404.315,-4.712,3.026,430,25,1,0,0,0
298.668,407.341,-4.712,3.026,435,25,1,0,0,0
293.956,410.368,-4.712,3.026,440,25,1,0,0,0
289.244,413.394,-4.712,3.026,445,25,1,0,0,0
284.532,416.42,-4.712,3.026,450,25,1,0,0,0
279.821,419.447,-4.712,3.026,455,25,1,0,0,0
275.109,422.473,-4.712,3.026,460,25,1,0,0,0
270.397,425.5,-4.712,3.026,465,25,1,0,0,0
265.685,428.526,-4.712,3.026,470,25,1,0,0,0
260.973,431.552,-4.712,3.026,475,25,1,0,0,0
256.262,434.579,-4.712,3.026,480,25,1,0,0,0
251.55,437.605,-4.712,3.026,485,25,1,0,0,0
246.838,440.632,-4.712,3.026,490,25,1,0,0,0
242.126,443.658,-4.712,3.026,495,25,1,0,0,0
237.415,446.684,-4.712,3.026,500,25,1,0,0,0
232.703,449.711,-4.712,3.026,505,25,1,0,0,0
227.991,452.737,-4.712,3.026,510,25,1,0,0,0
223.279,455.763,-4.712,3.026,515,25,1,0,0,0
218.567,458.79,-4.712,3.026,520,25,1,0,0,0
213.856,461.816,-4.712,3.026,520,25,1,0,0,0
209.144,464.843,-4.712,3.026,520,25,1,0,0,0
204.432,467.869,-4.712,3.026,520,25,1,0,0,0
199.72,470.895,-4.712,3.026,520,25,1,0,0,0
195.008,473.922,-4.712,3.026,520,25,1,0,0,0
190.297,476.948,-4.712,3.026,520,25,1,0,0,0
185.585,479.975,-4.712,3.026,520,25,1,0,0,0
180.873,483.001,-4.712,3.026,520,25,1,0,0,0
176.161,486.027,-4.712,3.026,520,25,0,0,0,0
171.449,489.054,-4.712,3.026,520,25,0,0,0,0
166.738,492.08,-4.712,3.026,520,25,0,0,0,0
162.026,495.106,-4.712,3.026,520,25,0,0,0,0
157.314,498.133,-4.712,3.026,520,25,0,0,0,0
152.602,501.159,-4.712,3.026,520,25,0,0,0,0
147.89,504.186,-4.712,3.026,520,25,0,0,0,0
143.179,507.212,-4.712,3.026,520,25,0,0,0,0
138.467,510.238,-4.712,3.026,520,25,0,0,0,0
133.755,513.265,-4.712,3.026,520,25,0,0,0,0
129.043,516.291,-4.712,3.026,520,25,0,0,0,0
124.331,519.318,-4.712,3.026,520,25,0,0,0,0
119.62,522.344,-4.712,3.026,520,25,0,0,0,0
114.908,525.37,-4.712,3.026,520,25,0,0,0,0
110.196,528.397,-4.712,3.026,520,25,0,0,0,0
105.484,531.423,-4.712,3.026,520,25,0,0,0,0
100.773,534.449,-4.712,3.026,520,30,0,1,0,0
96.061,537.476,-4.712,3.026,520,35,0,1,0,0
91.349,540.502,-4.712,3.026,520,40,0,1,0,0
86.637,543.529,-4.712,3.026,520,45,0,1,0,0
81.925,546.555,-4.712,3.026,520,50,0,1,0,0
77.214,549.581,-4.712,3.026,520,55,0,1,0,0
72.502,552.608,-4.712,3.026,520,60,0,1,0,0
67.79,555.634,-4.712,3.026,520,65,0,1,0,0
63.078,558.661,-4.712,3.026,520,70,0,1,0,0
58.366,561.687,-4.712,3.026,520,75,0,1,0,0
53.655,564.713,-4.712,3.026,520,80,0,1,0,0
48.943,567.74,-4.712,3.026,520,85,0,1,0,0
49.0,570.766,5.667,1.641,520,90,0,1,0,0
54.667,572.407,5.667,1.641,520,95,0,1,0,0
60.334,574.048,5.667,1.641,520,100,0,1,0,0
66.002,575.689,5.667,1.641,520,105,0,1,0,0
71.669,577.33,5.667,1.641,520,110,0,1,0,0
77.336,578.971,5.667,1.641,520,115,0,1,0,0
83.003,580.612,5.667,1.641,520,120,0,1,0,0
88.67,582.253,5.667,1.641,520,125,0,1,0,0
94.338,583.894,5.667,1.641,520,130,0,1,0,0
100.005,585.535,5.667,1.641,520,135,0,1,0,0
105.672,587.176,5.667,1.641,520,140,0,1,0,0
111.339,588.817,5.667,1.641,520,145,0,1,0,0
117.006,590.458,5.667,1.641,520,150,0,1,0,0
122.673,592.099,5.667,1.641,520,155,0,1,0,0
128.341,593.74,5.667,1.641,520,160,0,1,0,0
134.008,594.0,5.667,-1.641,520,165,0,1,0,0
139.675,592.359,5.667,-1.641,520,170,0,1,0,0
145.342,590.718,5.667,-1.641,520,175,0,1,0,0
151.009,589.077,5.667,-1.641,520,180,0,1,0,0
156.677,587.436,5.667,-1.641,520,185,0,1,0,0
162.344,585.795,5.667,-1.641,520,190,0,1,0,0
168.011,584.154,5.667,-1.641,520,195,0,1,0,0
173.678,582.513,5.667,-1.641,520,200,0,1,0,0
179.345,580.872,5.667,-1.641,520,205,0,1,0,0
185.013,579.231,5.667,-1.641,520,210,0,1,0,0
190.68,577.59,5.667,-1.641,520,215,0,1,0,0
196.347,575.949,5.667,-1.641,520,220,0,1,0,0
202.014,574.308,5.667,-1.641,520,225,0,1,0,0
207.681,572.667,5.667,-1.641,520,230,0,1,0,0
213.349,571.026,5.667,-1.641,520,235,0,1,0,0
219.016,569.385,5.667,-1.641,520,240,0,1,0,0
224.683,567.744,5.667,-1.641,520,245,0,1,0,0
230.35,566.103,5.667,-1.641,520,250,0,1,0,0
236.017,564.462,5.667,-1.641,520,255,0,1,0,0
241.684,562.821,5.667,-1.641,520,260,0,1,0,0
247.352,561.18,5.667,-1.641,520,265,0,1,0,0
253.019,559.539,5.667,-1.641,520,270,0,1,0,0
258.686,557.898,5.667,-1.641,520,275,0,1,0,0
264.353,556.257,5.667,-1.641,520,280,0,1,0,0
270.02,554.616,5.667,-1.641,520,285,0,1,0,0
275.688,552.975,5.667,-1.641,520,290,0,1,0,0
281.355,551.333,5.667,-1.641,520,295,0,1,0,0
287.022,549.692,5.667,-1.641,520,300,0,1,0,0
292.689,548.051,5.667,-1.641,520,305,0,1,0,0
298.356,546.41,5.667,-1.641,520,310,0,1,0,0
304.024,544.769,5.667,-1.641,520,315,0,1,0,0
309.691,543.128,5.667,-1.641,520,320,0,1,0,0
315.358,541.487,5.667,-1.641,520,325,0,1,0,0
321.025,539.846,5.667,-1.641,520,330,0,1,0,0
326.692,538.205,5.667,-1.641,520,335,0,1,0,0
332.36,536.564,5.667,-1.641,520,340,0,1,0,0
338.027,534.923,5.667,-1.641,520,345,0,1,0,0
343.694,533.282,5.667,-1.641,520,350,0,1,0,0
349.361,531.641,5.667,-1.641,520,355,0,1,0,0
355.028,530.0,5.667,-1.641,520,360,0,1,0,0
360.696,528.359,5.667,-1.641,520,365,0,1,0,0
366.363,526.718,5.667,-1.641,520,370,0,1,0,0
372.03,525.077,5.667,-1.641,520,375,0,1,0,0
377.697,523.436,5.667,-1.641,520,380,0,1,0,0
383.364,521.795,5.667,-1.641,520,380,0,0,0,0
389.031,520.154,5.667,-1.641,520,380,0,0,0,0
394.699,518.513,5.667,-1.641,520,380,0,0,0,0
400.366,516.872,5.667,-1.641,520,380,0,0,0,0
406.033,515.231,5.667,-1.641,520,380,0,0,0,0
411.7,513.59,5.667,-1.641,520,380,0,0,0,0
417.367,511.949,5.667,-1.641,520,380,0,0,0,0
423.035,510.308,5.667,-1.641,520,380,0,0,0,0
428.702,508.667,5.667,-1.641,520,380,0,0,0,0
434.369,507.026,5.667,-1.641,520,380,0,0,0,0
440.036,505.385,5.667,-1.641,520,380,0,0,0,0
445.703,503.744,5.667,-1.641,520,380,0,0,0,0
451.371,502.103,5.667,-1.641,520,380,0,0,0,0
457.038,500.462,5.667,-1.641,520,380,0,0,0,0
462.705,498.821,5.667,-1.641,520,380,0,0,0,0
468.372,497.18,5.667,-1.641,520,380,0,0,0,0
474.039,495.539,5.667,-1.641,520,380,0,0,0,0
479.707,493.898,5.667,-1.641,520,380,0,0,0,0
485.374,492.257,5.667,-1.641,520,380,0,0,0,0
491.041,490.616,5.667,-1.641,520,380,0,0,0,0
496.708,488.975,5.667,-1.641,520,380,0,0,0,0
502.375,487.334,5.667,-1.641,520,380,0,0,0,0
508.042,485.693,5.667,-1.641,520,380,0,0,0,0
513.71,484.052,5.667,-1.641,520,380,0,0,0,0
519.377,482.411,5.667,-1.641,520,375,0,-1,0,0
525.044,480.77,5.667,-1.641,520,370,0,-1,0,0
530.711,479.129,5.667,-1.641,520,365,0,-1,0,0
536.378,477.488,5.667,-1.641,520,360,0,-1,0,0
542.046,475.847,5.667,-1.641,520,355,0,-1,0,0
547.713,474.206,5.667,-1.641,520,350,0,-1,0,0
553.38,472.565,5.667,-1.641,520,345,0,-1,0,0
559.047,470.924,5.667,-1.641,520,340,0,-1,0,0
564.714,469.282,5.667,-1.641,520,340,0,0,0,0
570.382,467.641,5.667,-1.641,520,340,0,0,0,0
576.049,466.0,5.667,-1.641,520,340,0,0,0,0
581.716,464.359,5.667,-1.641,520,340,0,0,0,0
587.383,462.718,5.667,-1.641,520,340,0,0,0,0
593.05,461.077,5.667,-1.641,520,340,0,0,0,0
598.718,459.436,5.667,-1.641,520,340,0,0,0,0
604.385,457.795,5.667,-1.641,520,340,0,0,0,0
610.052,456.154,5.667,-1.641,520,340,0,0,0,0
615.719,454.513,5.667,-1.641,520,340,0,0,0,0
621.386,452.872,5.667,-1.641,520,340,0,0,0,0
627.053,451.231,5.667,-1.641,520,340,0,0,0,0
632.721,449.59,5.667,-1.641,520,340,0,0,0,0
638.388,447.949,5.667,-1.641,520,340,0,0,0,0
644.055,446.308,5.667,-1.641,520,340,0,0,0,0
649.722,444.667,5.667,-1.641,520,340,0,0,0,0
655.389,443.026,5.667,-1.641,520,340,0,0,0,0
661.057,441.385,5.667,-1.641,520,340,0,0,0,0
666.724,439.744,5.667,-1.641,520,340,0,0,0,0
672.391,438.103,5.667,-1.641,520,340,0,0,0,0
678.058,436.462,5.667,-1.641,520,340,0,0,0,0
683.725,434.821,5.667,-1.641,520,345,0,1,0,0
689.393,433.18,5.667,-1.641,520,350,0,1,0,0
695.06,431.539,5.667,-1.641,520,355,0,1,0,0
700.727,429.898,5.667,-1.641,520,360,0,1,0,0
706.394,428.257,5.667,-1.641,520,365,0,1,0,0
712.061,426.616,5.667,-1.641,520,370,0,1,0,0
717.729,424.975,5.667,-1.641,520,375,0,1,0,0
723.396,423.334,5.667,-1.641,520,380,0,1,0,0
729.063,421.693,5.667,-1.641,520,380,0,0,0,0
734.73,420.052,5.667,-1.641,520,380,0,0,0,0
740.397,418.411,5.667,-1.641,520,380,0,0,0,0
746.064,416.77,5.667,-1.641,520,380,0,0,0,0
751.732,415.129,5.667,-1.641,520,380,0,0,0,0
751.0,413.488,-6.11,-1.052,520,380,0,0,0,0
744.89,412.436,-6.11,-1.052,520,375,0,-1,0,0
738.78,411.384,-6.11,-1.052,520,370,0,-1,0,0
732.67,410.332,-6.11,-1.052,520,365,0,-1,0,0
726.56,409.28,-6.11,-1.052,520,360,0,-1,0,0
720.449,408.228,-6.11,-1.052,520,355,0,-1,0,0
714.339,407.176,-6.11,-1.052,520,350,0,-1,0,0
708.229,406.124,-6.11,-1.052,520,345,0,-1,0,0
702.119,405.072,-6.11,-1.052,520,340,0,-1,0,0
696.009,404.021,-6.11,-1.052,520,335,0,-1,0,0
689.899,402.969,-6.11,-1.052,520,330,0,-1,0,0
683.789,401.917,-6.11,-1.052,520,325,0,-1,0,0
677.679,400.865,-6.11,-1.052,520,320,0,-1,0,0
671.569,399.813,-6.11,-1.052,520,315,0,-1,0,0
665.458,398.761,-6.11,-1.052,520,310,0,-1,0,0
659.348,397.709,-6.11,-1.052,520,305,0,-1,0,0
653.238,396.657,-6.11,-1.052,515,300,-1,-1,0,0
647.128,395.605,-6.11,-1.052,510,295,-1,-1,0,0
641.018,394.553,-6.11,-1.052,505,290,-1,-1,0,0
634.908,393.501,-6.11,-1.052,500,285,-1,-1,0,0
628.798,392.45,-6.11,-1.052,495,280,-1,-1,0,0
622.688,391.398,-6.11,-1.052,490,275,-1,-1,0,0
616.578,390.346,-6.11,-1.052,485,270,-1,-1,0,0
610.467,389.294,-6.11,-1.052,480,265,-1,-1,0,0
604.357,388.242,-6.11,-1.052,475,260,-1,-1,0,0
598.247,387.19,-6.11,-1.052,470,255,-1,-1,0,0
592.137,386.138,-6.11,-1.052,465,250,-1,-1,0,0
586.027,385.086,-6.11,-1.052,460,245,-1,-1,0,0
579.917,384.034,-6.11,-1.052,455,240,-1,-1,0,0
573.807,382.982,-6.11,-1.052,450,235,-1,-1,0,0
567.697,381.93,-6.11,-1.052,445,230,-1,-1,0,0
561.587,380.878,-6.11,-1.052,440,225,-1,-1,0,0
555.476,379.827,-6.11,-1.052,435,220,-1,-1,0,0
549.366,378.775,-6.11,-1.052,430,215,-1,-1,0,0
543.256,377.723,-6.11,-1.052,425,210,-1,-1,0,0
537.146,376.671,-6.11,-1.052,420,205,-1,-1,0,0
531.036,375.619,-6.11,-1.052,415,200,-1,-1,0,0
524.926,374.567,-6.11,-1.052,410,195,-1,-1,0,0
518.816,373.515,-6.11,-1.052,405,190,-1,-1,0,0
512.706,372.463,-6.11,-1.052,400,185,-1,-1,0,0
506.596,371.411,-6.11,-1.052,395,180,-1,-1,0,0
500.485,370.359,-6.11,-1.052,390,175,-1,-1,0,0
494.375,369.307,-6.11,-1.052,385,170,-1,-1,0,0
488.265,368.255,-6.11,-1.052,380,165,-1,-1,0,0
482.155,367.204,-6.11,-1.052,375,160,-1,-1,0,0
476.045,366.152,-6.11,-1.052,370,155,-1,-1,0,0
469.935,365.1,-6.11,-1.052,365,150,-1,-1,0,0
463.825,364.048,-6.11,-1.052,360,145,-1,-1,0,0
457.715,362.996,-6.11,-1.052,355,140,-1,-1,0,0
451.604,361.944,-6.11,-1.052,350,135,-1,-1,0,0
445.494,360.892,-6.11,-1.052,345,130,-1,-1,0,0
439.384,359.84,-6.11,-1.052,340,125,-1,-1,0,0
433.274,358.788,-6.11,-1.052,335,120,-1,-1,0,0
427.164,357.736,-6.11,-1.052,330,115,-1,-1,0,0
421.054,356.684,-6.11,-1.052,325,110,-1,-1,0,0
414.944,355.632,-6.11,-1.052,320,105,-1,-1,0,0
408.834,354.581,-6.11,-1.052,315,105,-1,0,0,0
402.724,353.529,-6.11,-1.052,310,105,-1,0,0,0
396.613,352.477,-6.11,-1.052,305,105,-1,0,0,0
390.503,351.425,-6.11,-1.052,300,105,-1,0,0,0
384.393,350.373,-6.11,-1.052,295,105,-1,0,0,0
378.283,349.321,-6.11,-1.052,290,105,-1,0,0,0
372.173,348.269,-6.11,-1.052,285,105,-1,0,0,0
366.063,347.217,-6.11,-1.052,280,105,-1,0,0,0
359.953,346.165,-6.11,-1.052,275,105,-1,0,0,0
353.843,345.113,-6.11,-1.052,270,105,-1,0,0,0
347.733,344.061,-6.11,-1.052,265,105,-1,0,0,0
341.622,343.009,-6.11,-1.052,260,105,-1,0,0,0
335.512,341.958,-6.11,-1.052,260,105,0,0,0,0
329.402,340.906,-6.11,-1.052,260,105,0,0,0,0
323.292,339.854,-6.11,-1.052,260,105,0,0,0,0
317.182,338.802,-6.11,-1.052,260,105,0,0,0,0
311.072,337.75,-6.11,-1.052,260,105,0,0,0,0
304.962,336.698,-6.11,-1.052,260,105,0,0,0,0
298.852,335.646,-6.11,-1.052,260,105,0,0,0,0
292.742,334.594,-6.11,-1.052,260,105,0,0,0,0
286.631,333.542,-6.11,-1.052,260,105,0,0,0,0
280.521,332.49,-6.11,-1.052,260,105,0,0,0,0
274.411,331.438,-6.11,-1.052,260,105,0,0,0,0
268.301,330.387,-6.11,-1.052,260,105,0,0,0,0
262.191,329.335,-6.11,-1.052,260,105,0,0,0,0
256.081,328.283,-6.11,-1.052,260,105,0,0,0,0
249.971,327.231,-6.11,-1.052,260,105,0,0,0,0
243.861,326.179,-6.11,-1.052,260,105,0,0,0,0
237.751,325.127,-6.11,-1.052,260,105,0,0,0,0
231.64,324.075,-6.11,-1.052,260,105,0,0,0,0
225.53,323.023,-6.11,-1.052,260,105,0,0,0,0
219.42,321.971,-6.11,-1.052,260,105,0,0,0,0
213.31,320.919,-6.11,-1.052,260,105,0,0,0,0
207.2,319.867,-6.11,-1.052,260,105,0,0,0,0
201.09,318.815,-6.11,-1.052,260,110,0,1,0,0
194.98,317.764,-6.11,-1.052,260,115,0,1,0,0
188.87,316.712,-6.11,-1.052,260,120,0,1,0,0
182.76,315.66,-6.11,-1.052,260,125,0,1,0,0
176.649,314.608,-6.11,-1.052,260,130,0,1,0,0
170.539,313.556,-6.11,-1.052,260,135,0,1,0,0
164.429,312.504,-6.11,-1.052,260,135,0,0,0,0
158.319,311.452,-6.11,-1.052,260,135,0,0,0,0
152.209,310.4,-6.11,-1.052,260,135,0,0,0,0
146.099,309.348,-6.11,-1.052,260,135,0,0,0,0
139.989,308.296,-6.11,-1.052,260,135,0,0,0,0
133.879,307.244,-6.11,-1.052,260,135,0,0,0,0
127.769,306.192,-6.11,-1.052,260,135,0,0,0,0
121.658,305.141,-6.11,-1.052,260,135,0,0,0,0
115.548,304.089,-6.11,-1.052,260,135,0,0,0,0
109.438,303.037,-6.11,-1.052,260,135,0,0,0,0
103.328,301.985,-6.11,-1.052,260,135,0,0,0,0
97.218,300.933,-6.11,-1.052,260,135,0,0,0,0
91.108,299.881,-6.11,-1.052,260,135,0,0,0,0
84.998,298.829,-6.11,-1.052,260,135,0,0,0,0
78.888,297.777,-6.11,-1.052,260,135,0,0,0,0
72.778,296.725,-6.11,-1.052,260,135,0,0,0,0
66.667,295.673,-6.11,-1.052,260,135,0,0,0,0
60.557,294.621,-6.11,-1.052,260,135,0,0,0,0
54.447,293.569,-6.11,-1.052,260,135,0,0,0,0
48.337,292.518,-6.11,-1.052,260,135,0,0,0,0
49.0,291.466,6.338,-1.44,260,135,0,0,0,0
55.338,290.025,6.338,-1.44,260,135,0,0,0,0
61.677,288.585,6.338,-1.44,260,135,0,0,0,0
68.015,287.145,6.338,-1.44,260,135,0,0,0,0
74.354,285.705,6.338,-1.44,260,135,0,0,0,0
80.692,284.264,6.338,-1.44,260,135,0,0,0,0
87.031,282.824,6.338,-1.44,260,135,0,0,0,0
93.369,281.384,6.338,-1.44,260,135,0,0,0,0
99.707,279.944,6.338,-1.44,260,135,0,0,0,0
106.046,278.504,6.338,-1.44,260,135,0,0,0,0
112.384,277.063,6.338,-1.44,260,135,0,0,0,0
118.723,275.623,6.338,-1.44,260,135,0,0,0,0
125.061,274.183,6.338,-1.44,260,135,0,0,0,0
131.4,272.743,6.338,-1.44,260,135,0,0,0,0
137.738,271.302,6.338,-1.44,260,135,0,0,0,0
144.076,269.862,6.338,-1.44,260,135,0,0,0,0
150.415,268.422,6.338,-1.44,260,135,0,0,0,0
156.753,266.982,6.338,-1.44,260,135,0,0,0,0
163.092,265.541,6.338,-1.44,260,135,0,0,0,0
169.43,264.101,6.338,-1.44,260,135,0,0,0,0
175.769,262.661,6.338,-1.44,260,135,0,0,0,0
182.107,261.221,6.338,-1.44,260,135,0,0,0,0
188.446,259.78,6.338,-1.44,260,135,0,0,0,0
194.784,258.34,6.338,-1.44,260,135,0,0,0,0
201.122,256.9,6.338,-1.44,260,135,0,0,0,0
207.461,255.46,6.338,-1.44,260,135,0,0,0,0
213.799,254.02,6.338,-1.44,260,135,0,0,0,0
220.138,252.579,6.338,-1.44,260,135,0,0,0,0
226.476,251.139,6.338,-1.44,260,135,0,0,0,0
232.815,249.699,6.338,-1.44,260,135,0,0,0,0
239.153,248.259,6.338,-1.44,260,135,0,0,0,0
245.491,246.818,6.338,-1.44,260,135,0,0,0,0
251.83,245.378,6.338,-1.44,260,135,0,0,0,0
258.168,243.938,6.338,-1.44,260,135,0,0,0,0
264.507,242.498,6.338,-1.44,260,135,0,0,0,0
270.845,241.057,6.338,-1.44,260,135,0,0,0,0
277.184,239.617,6.338,-1.44,260,135,0,0,0,0
283.522,238.177,6.338,-1.44,260,135,0,0,0,0
289.86,236.737,6.338,-1.44,260,135,0,0,0,0
296.199,235.297,6.338,-1.44,260,135,0,0,0,0
302.537,233.856,6.338,-1.44,260,135,0,0,0,0
308.876,232.416,6.338,-1.44,260,135,0,0,0,0
315.214,230.976,6.338,-1.44,260,135,0,0,0,0
321.553,229.536,6.338,-1.44,260,135,0,0,0,0
327.891,228.095,6.338,-1.44,260,135,0,0,0,0
334.229,226.655,6.338,-1.44,260,135,0,0,0,0
340.568,225.215,6.338,-1.44,260,135,0,0,0,0
346.906,223.775,6.338,-1.44,260,135,0,0,0,0
353.245,222.334,6.338,-1.44,260,135,0,0,0,0
359.583,220.894,6.338,-1.44,260,135,0,0,0,0
365.922,219.454,6.338,-1.44,260,135,0,0,0,0
372.26,218.014,6.338,-1.44,260,135,0,0,0,0
378.598,216.573,6.338,-1.44,260,135,0,0,0,0
384.937,215.133,6.338,-1.44,260,135,0,0,0,0
391.275,213.693,6.338,-1.44,260,135,0,0,0,0
397.614,212.253,6.338,-1.44,260,135,0,0,0,0
403.952,210.813,6.338,-1.44,260,135,0,0,0,0
410.291,209.372,6.338,-1.44,260,135,0,0,0,0
416.629,207.932,6.338,-1.44,260,135,0,0,0,0
422.968,206.492,6.338,-1.44,260,135,0,0,0,0
429.306,205.052,6.338,-1.44,260,135,0,0,0,0
435.644,203.611,6.338,-1.44,260,135,0,0,0,0
441.983,202.171,6.338,-1.44,260,135,0,0,0,0
448.321,200.731,6.338,-1.44,260,135,0,0,0,0
454.66,199.291,6.338,-1.44,260,135,0,0,0,0
460.998,197.85,6.338,-1.44,260,135,0,0,0,0
467.337,196.41,6.338,-1.44,260,135,0,0,0,0
473.675,194.97,6.338,-1.44,260,135,0,0,0,0
480.013,193.53,6.338,-1.44,260,135,0,0,0,0
486.352,192.089,6.338,-1.44,260,135,0,0,0,0
492.69,190.649,6.338,-1.44,260,135,0,0,0,0
499.029,189.209,6.338,-1.44,260,135,0,0,0,0
505.367,187.769,6.338,-1.44,260,135,0,0,0,0
511.706,186.329,6.338,-1.44,260,135,0,0,0,0
518.044,184.888,6.338,-1.44,260,135,0,0,0,0
524.382,183.448,6.338,-1.44,260,135,0,0,0,0
530.721,182.008,6.338,-1.44,260,135,0,0,0,0
537.059,180.568,6.338,-1.44,260,135,0,0,0,0
543.398,179.127,6.338,-1.44,260,135,0,0,0,0
549.736,177.687,6.338,-1.44,260,135,0,0,0,0
556.075,176.247,6.338,-1.44,260,135,0,0,0,0
562.413,174.807,6.338,-1.44,260,135,0,0,0,0
568.751,173.366,6.338,-1.44,260,130,0,-1,0,0
575.09,171.926,6.338,-1.44,260,125,0,-1,0,0
581.428,170.486,6.338,-1.44,260,120,0,-1,0,0
587.767,169.046,6.338,-1.44,260,115,0,-1,0,0
594.105,167.606,6.338,-1.44,260,110,0,-1,0,0
600.444,166.165,6.338,-1.44,260,105,0,-1,0,0
606.782,164.725,6.338,-1.44,260,105,0,0,0,0
613.12,163.285,6.338,-1.44,260,105,0,0,0,0
619.459,161.845,6.338,-1.44,260,105,0,0,0,0
625.797,160.404,6.338,-1.44,260,105,0,0,0,0
632.136,158.964,6.338,-1.44,260,105,0,0,0,0
638.474,157.524,6.338,-1.44,260,105,0,0,0,0
644.813,156.084,6.338,-1.44,260,105,0,0,0,0
651.151,154.643,6.338,-1.44,260,105,0,0,0,0
657.49,153.203,6.338,-1.44,260,105,0,0,0,0
663.828,151.763,6.338,-1.44,260,105,0,0,0,0
670.166,150.323,6.338,-1.44,260,100,0,-1,0,0
676.505,148.882,6.338,-1.44,260,95,0,-1,0,0
682.843,147.442,6.338,-1.44,260,90,0,-1,0,0
689.182,146.002,6.338,-1.44,260,85,0,-1,0,0
695.52,144.562,6.338,-1.44,260,80,0,-1,0,0
701.859,143.122,6.338,-1.44,260,75,0,-1,0,0
708.197,141.681,6.338,-1.44,260,75,0,0,0,0
714.535,140.241,6.338,-1.44,260,75,0,0,0,0
720.874,138.801,6.338,-1.44,260,75,0,0,0,0
727.212,137.361,6.338,-1.44,260,75,0,0,0,0
733.551,135.92,6.338,-1.44,260,75,0,0,0,0
739.889,134.48,6.338,-1.44,260,75,0,0,0,0
746.228,133.04,6.338,-1.44,260,75,0,0,0,0
752.566,131.6,6.338,-1.44,260,75,0,0,0,0
751.0,130.159,-6.271,2.628,260,75,0,0,0,0
744.729,132.788,-6.271,2.628,260,75,0,0,0,0
738.457,135.416,-6.271,2.628,260,75,0,0,0,0
732.186,138.045,-6.271,2.628,260,75,0,0,0,0
725.914,140.673,-6.271,2.628,260,75,0,0,0,0
719.643,143.302,-6.271,2.628,260,75,0,0,0,0
713.371,145.93,-6.271,2.628,260,75,0,0,0,0
707.1,148.559,-6.271,2.628,260,75,0,0,0,0
700.828,151.187,-6.271,2.628,260,75,0,0,0,0
694.557,153.815,-6.271,2.628,260,75,0,0,0,0
688.285,156.444,-6.271,2.628,260,75,0,0,0,0
682.014,159.072,-6.271,2.628,260,75,0,0,0,0
675.742,161.701,-6.271,2.628,260,75,0,0,0,0
669.471,164.329,-6.271,2.628,260,75,0,0,0,0
663.199,166.958,-6.271,2.628,260,75,0,0,0,0
656.928,169.586,-6.271,2.628,260,75,0,0,0,0
650.657,172.215,-6.271,2.628,260,75,0,0,0,0
644.385,174.843,-6.271,2.628,260,75,0,0,0,0
638.114,177.471,-6.271,2.628,260,75,0,0,0,0
631.842,180.1,-6.271,2.628,260,75,0,0,0,0
625.571,182.728,-6.271,2.628,260,75,0,0,0,0
619.299,185.357,-6.271,2.628,260,75,0,0,0,0
613.028,187.985,-6.271,2.628,260,75,0,0,0,0
606.756,190.614,-6.271,2.628,260,75,0,0,0,0
600.485,193.242,-6.271,2.628,260,75,0,0,0,0
594.213,195.871,-6.271,2.628,260,75,0,0,0,0
587.942,198.499,-6.271,2.628,260,75,0,0,0,0
581.67,201.127,-6.271,2.628,260,75,0,0,0,0
575.399,203.756,-6.271,2.628,260,75,0,0,0,0
569.128,206.384,-6.271,2.628,260,75,0,0,0,0
562.856,209.013,-6.271,2.628,260,75,0,0,0,0
556.585,211.641,-6.271,2.628,260,80,0,1,0,0
550.313,214.27,-6.271,2.628,260,85,0,1,0,0
544.042,216.898,-6.271,2.628,260,90,0,1,0,0
537.77,219.527,-6.271,2.628,260,95,0,1,0,0
531.499,222.155,-6.271,2.628,260,100,0,1,0,0
525.227,224.783,-6.271,2.628,260,105,0,1,0,0
518.956,227.412,-6.271,2.628,260,110,0,1,0,0
512.684,230.04,-6.271,2.628,260,115,0,1,0,0
506.413,232.669,-6.271,2.628,260,115,0,0,0,0
500.141,235.297,-6.271,2.628,260,115,0,0,0,0
493.87,237.926,-6.271,2.628,260,115,0,0,0,0
487.598,240.554,-6.271,2.628,260,115,0,0,0,0
481.327,243.183,-6.271,2.628,260,115,0,0,0,0
475.056,245.811,-6.271,2.628,260,115,0,0,0,0
468.784,248.439,-6.271,2.628,260,115,0,0,0,0
462.513,251.068,-6.271,2.628,260,115,0,0,0,0
456.241,253.696,-6.271,2.628,260,115,0,0,0,0
449.97,256.325,-6.271,2.628,260,115,0,0,0,0
443.698,258.953,-6.271,2.628,260,120,0,1,0,0
437.427,261.582,-6.271,2.628,260,125,0,1,0,0
431.155,264.21,-6.271,2.628,260,130,0,1,0,0
424.884,266.839,-6.271,2.628,260,135,0,1,0,0
418.612,269.467,-6.271,2.628,260,140,0,1,0,0
412.341,272.095,-6.271,2.628,260,145,0,1,0,0
406.069,274.724,-6.271,2.628,260,150,0,1,0,0
399.798,277.352,-6.271,2.628,260,155,0,1,0,0
393.526,279.981,-6.271,2.628,260,160,0,1,0,0
387.255,282.609,-6.271,2.628,260,165,0,1,0,0
380.984,285.238,-6.271,2.628,260,170,0,1,0,0
374.712,287.866,-6.271,2.628,260,175,0,1,0,0
368.441,290.495,-6.271,2.628,260,180,0,1,0,0
362.169,293.123,-6.271,2.628,260,185,0,1,0,0
355.898,295.751,-6.271,2.628,260,190,0,1,0,0
349.626,298.38,-6.271,2.628,260,195,0,1,0,0
343.355,301.008,-6.271,2.628,260,200,0,1,0,0
337.083,303.637,-6.271,2.628,260,205,0,1,0,0
330.812,306.265,-6.271,2.628,260,210,0,1,0,0
324.54,308.894,-6.271,2.628,260,215,0,1,0,0
318.269,311.522,-6.271,2.628,260,220,0,1,0,0
311.997,314.151,-6.271,2.628,260,225,0,1,0,0
305.726,316.779,-6.271,2.628,260,230,0,1,0,0
299.454,319.407,-6.271,2.628,260,235,0,1,0,0
293.183,322.036,-6.271,2.628,260,240,0,1,0,0
286.912,324.664,-6.271,2.628,260,245,0,1,0,0
280.64,327.293,-6.271,2.628,260,245,0,0,0,0
274.369,329.921,-6.271,2.628,260,245,0,0,0,0
268.097,332.55,-6.271,2.628,260,245,0,0,0,0
261.826,335.178,-6.271,2.628,260,245,0,0,0,0
255.554,337.807,-6.271,2.628,265,245,1,0,0,0
249.283,340.435,-6.271,2.628,270,245,1,0,0,0
243.011,343.063,-6.271,2.628,275,245,1,0,0,0
236.74,345.692,-6.271,2.628,280,245,1,0,0,0
230.468,348.32,-6.271,2.628,285,245,1,0,0,0
224.197,350.949,-6.271,2.628,290,245,1,0,0,0
217.925,353.577,-6.271,2.628,295,245,1,0,0,0
211.654,356.206,-6.271,2.628,300,245,1,0,0,0
205.383,358.834,-6.271,2.628,305,245,1,0,0,0
199.111,361.463,-6.271,2.628,310,245,1,0,0,0
192.84,364.091,-6.271,2.628,315,245,1,0,0,0
186.568,366.719,-6.271,2.628,320,245,1,0,0,0
180.297,369.348,-6.271,2.628,325,245,1,0,0,0
174.025,371.976,-6.271,2.628,330,245,1,0,0,0
167.754,374.605,-6.271,2.628,335,245,1,0,0,0
161.482,377.233,-6.271,2.628,340,245,1,0,0,0
155.211,379.862,-6.271,2.628,345,245,1,0,0,0
148.939,382.49,-6.271,2.628,350,245,1,0,0,0
142.668,385.119,-6.271,2.628,355,245,1,0,0,0
136.396,387.747,-6.271,2.628,360,245,1,0,0,0
130.125,390.375,-6.271,2.628,365,245,1,0,0,0
123.853,393.004,-6.271,2.628,370,245,1,0,0,0
117.582,395.632,-6.271,2.628,375,245,1,0,0,0
111.311,398.261,-6.271,2.628,380,245,1,0,0,0
105.039,400.889,-6.271,2.628,385,245,1,0,0,0
98.768,403.518,-6.271,2.628,390,245,1,0,0,0
92.496,406.146,-6.271,2.628,390,245,0,0,0,0
86.225,408.775,-6.271,2.628,390,245,0,0,0,0
79.953,411.403,-6.271,2.628,390,245,0,0,0,0
73.682,414.031,-6.271,2.628,390,245,0,0,0,0
67.41,416.66,-6.271,2.628,390,245,0,0,0,0
61.139,419.288,-6.271,2.628,390,245,0,0,0,0
54.867,421.917,-6.271,2.628,390,245,0,0,0,0
48.596,424.545,-6.271,2.628,390,245,0,0,0,0
49.0,427.174,7.081,-0.525,390,245,0,0,0,0
56.081,426.649,7.081,-0.525,390,245,0,0,0,0
63.161,426.124,7.081,-0.525,390,245,0,0,0,0
70.242,425.599,7.081,-0.525,390,245,0,0,0,0
77.322,425.074,7.081,-0.525,390,245,0,0,0,0
84.403,424.549,7.081,-0.525,390,245,0,0,0,0
91.483,424.024,7.081,-0.525,390,245,0,0,0,0
98.564,423.5,7.081,-0.525,390,245,0,0,0,0
105.645,422.975,7.081,-0.525,390,245,0,0,0,0
112.725,422.45,7.081,-0.525,390,245,0,0,0,0
119.806,421.925,7.081,-0.525,390,245,0,0,0,0
126.886,421.4,7.081,-0.525,390,245,0,0,0,0
133.967,420.875,7.081,-0.525,390,245,0,0,0,0
141.047,420.35,7.081,-0.525,390,245,0,0,0,0
148.128,419.825,7.081,-0.525,390,250,0,1,0,0
155.209,419.301,7.081,-0.525,390,255,0,1,0,0
162.289,418.776,7.081,-0.525,390,260,0,1,0,0
169.37,418.251,7.081,-0.525,390,265,0,1,0,0
176.45,417.726,7.081,-0.525,390,270,0,1,0,0
183.531,417.201,7.081,-0.525,390,275,0,1,0,0
190.611,416.676,7.081,-0.525,390,280,0,1,0,0
197.692,416.151,7.081,-0.525,390,285,0,1,0,0
204.773,415.627,7.081,-0.525,390,290,0,1,0,0
211.853,415.102,7.081,-0.525,390,295,0,1,0,0
218.934,414.577,7.081,-0.525,390,300,0,1,0,0
226.014,414.052,7.081,-0.525,390,305,0,1,0,0
233.095,413.527,7.081,-0.525,390,305,0,0,0,0
240.175,413.002,7.081,-0.525,390,310,0,1,0,0
247.256,412.477,7.081,-0.525,390,315,0,1,0,0
254.337,411.952,7.081,-0.525,390,320,0,1,0,0
261.417,411.428,7.081,-0.525,390,325,0,1,0,0
268.498,410.903,7.081,-0.525,390,330,0,1,0,0
275.578,410.378,7.081,-0.525,390,335,0,1,0,0
282.659,409.853,7.081,-0.525,390,340,0,1,0,0
289.739,409.328,7.081,-0.525,390,345,0,1,0,0
296.82,408.803,7.081,-0.525,390,350,0,1,0,0
303.901,408.278,7.081,-0.525,390,355,0,1,0,0
310.981,407.753,7.081,-0.525,390,355,0,0,0,0
318.062,407.229,7.081,-0.525,390,355,0,0,0,0
325.142,406.704,7.081,-0.525,390,355,0,0,0,0
332.223,406.179,7.081,-0.525,390,355,0,0,0,0
339.303,405.654,7.081,-0.525,390,355,0,0,0,0
346.384,405.129,7.081,-0.525,390,355,0,0,0,0
353.465,404.604,7.081,-0.525,390,355,0,0,0,0
360.545,404.079,7.081,-0.525,390,355,0,0,0,0
367.626,403.555,7.081,-0.525,390,355,0,0,0,0
374.706,403.03,7.081,-0.525,390,355,0,0,0,0
381.787,402.505,7.081,-0.525,390,355,0,0,0,0
388.867,401.98,7.081,-0.525,390,355,0,0,0,0
395.948,401.455,7.081,-0.525,390,355,0,0,0,0
403.029,400.93,7.081,-0.525,390,355,0,0,0,0
410.109,400.405,7.081,-0.525,390,355,0,0,0,0
417.19,399.88,7.081,-0.525,390,355,0,0,0,0
424.27,399.356,7.081,-0.525,390,355,0,0,0,0
431.351,398.831,7.081,-0.525,390,355,0,0,0,0
438.432,398.306,7.081,-0.525,390,355,0,0,0,0
445.512,397.781,7.081,-0.525,390,355,0,0,0,0
452.593,397.256,7.081,-0.525,390,355,0,0,0,0
459.673,396.731,7.081,-0.525,390,355,0,0,0,0
466.754,396.206,7.081,-0.525,390,355,0,0,0,0
473.834,395.681,7.081,-0.525,390,355,0,0,0,0
480.915,395.157,7.081,-0.525,390,355,0,0,0,0
487.996,394.632,7.081,-0.525,390,355,0,0,0,0
495.076,394.107,7.081,-0.525,390,355,0,0,0,0
502.157,393.582,7.081,-0.525,390,355,0,0,0,0
509.237,393.057,7.081,-0.525,390,355,0,0,0,0
516.318,392.532,7.081,-0.525,390,355,0,0,0,0
523.398,392.007,7.081,-0.525,390,355,0,0,0,0
530.479,391.482,7.081,-0.525,390,355,0,0,0,0
537.56,390.958,7.081,-0.525,390,355,0,0,0,0
544.64,390.433,7.081,-0.525,390,355,0,0,0,0
551.721,389.908,7.081,-0.525,390,355,0,0,0,0
558.801,389.383,7.081,-0.525,390,355,0,0,0,0
565.882,388.858,7.081,-0.525,390,355,0,0,0,0
572.962,388.333,7.081,-0.525,390,355,0,0,0,0
580.043,387.808,7.081,-0.525,390,355,0,0,0,0
587.124,387.284,7.081,-0.525,390,355,0,0,0,0
594.204,386.759,7.081,-0.525,390,355,0,0,0,0
601.285,386.234,7.081,-0.525,390,355,0,0,0,0
608.365,385.709,7.081,-0.525,390,355,0,0,0,0
615.446,385.184,7.081,-0.525,390,355,0,0,0,0
622.526,384.659,7.081,-0.525,390,355,0,0,0,0
629.607,384.134,7.081,-0.525,390,355,0,0,0,0
636.688,383.609,7.081,-0.525,390,355,0,0,0,0
643.768,383.085,7.081,-0.525,390,355,0,0,0,0
650.849,382.56,7.081,-0.525,390,355,0,0,0,0
657.929,382.035,7.081,-0.525,390,355,0,0,0,0
665.01,381.51,7.081,-0.525,390,355,0,0,0,0
672.09,380.985,7.081,-0.525,390,355,0,0,0,0
679.171,380.46,7.081,-0.525,390,355,0,0,0,0
686.252,379.935,7.081,-0.525,390,355,0,0,0,0
693.332,379.41,7.081,-0.525,390,355,0,0,0,0
700.413,378.886,7.081,-0.525,390,355,0,0,0,0
707.493,378.361,7.081,-0.525,390,355,0,0,0,0
714.574,377.836,7.081,-0.525,390,355,0,0,0,0
721.654,377.311,7.081,-0.525,390,355,0,0,0,0
728.735,376.786,7.081,-0.525,390,355,0,0,0,0
735.816,376.261,7.081,-0.525,390,355,0,0,0,0
742.896,375.736,7.081,-0.525,390,355,0,0,0,0
749.977,375.211,7.081,-0.525,390,355,0,0,0,0
751.0,374.687,-6.378,-3.752,390,355,0,0,0,0
744.622,370.934,-6.378,-3.752,390,355,0,0,0,0
738.244,367.182,-6.378,-3.752,390,355,0,0,0,0
731.866,363.429,-6.378,-3.752,390,350,0,-1,0,0
725.488,359.677,-6.378,-3.752,390,345,0,-1,0,0
719.11,355.924,-6.378,-3.752,390,340,0,-1,0,0
712.732,352.172,-6.378,-3.752,390,335,0,-1,0,0
706.354,348.419,-6.378,-3.752,390,330,0,-1,0,0
699.976,344.667,-6.378,-3.752,390,325,0,-1,0,0
693.598,340.915,-6.378,-3.752,390,320,0,-1,0,0
687.22,337.162,-6.378,-3.752,390,315,0,-1,0,0
680.842,333.41,-6.378,-3.752,390,310,0,-1,0,0
674.464,329.657,-6.378,-3.752,390,305,0,-1,0,0
668.086,325.905,-6.378,-3.752,390,300,0,-1,0,0
661.708,322.152,-6.378,-3.752,390,295,0,-1,0,0
655.33,318.4,-6.378,-3.752,390,290,0,-1,0,0
648.952,314.647,-6.378,-3.752,390,285,0,-1,0,0
642.574,310.895,-6.378,-3.752,390,280,0,-1,0,0
636.196,307.143,-6.378,-3.752,390,275,0,-1,0,0
629.818,303.39,-6.378,-3.752,390,270,0,-1,0,0
623.44,299.638,-6.378,-3.752,390,265,0,-1,0,0
617.062,295.885,-6.378,-3.752,390,260,0,-1,0,0
610.684,292.133,-6.378,-3.752,390,255,0,-1,0,0
604.306,288.38,-6.378,-3.752,385,250,-1,-1,0,0
597.928,284.628,-6.378,-3.752,380,245,-1,-1,0,0
591.55,280.875,-6.378,-3.752,375,240,-1,-1,0,0
585.172,277.123,-6.378,-3.752,370,235,-1,-1,0,0
578.794,273.37,-6.378,-3.752,365,230,-1,-1,0,0
572.416,269.618,-6.378,-3.752,360,225,-1,-1,0,0
566.037,265.866,-6.378,-3.752,355,220,-1,-1,0,0
559.659,262.113,-6.378,-3.752,350,215,-1,-1,0,0
553.281,258.361,-6.378,-3.752,345,210,-1,-1,0,0
546.903,254.608,-6.378,-3.752,340,205,-1,-1,0,0
540.525,250.856,-6.378,-3.752,335,200,-1,-1,0,0
534.147,247.103,-6.378,-3.752,330,195,-1,-1,0,0
527.769,243.351,-6.378,-3.752,325,190,-1,-1,0,0
521.391,239.598,-6.378,-3.752,320,185,-1,-1,0,0
515.013,235.846,-6.378,-3.752,315,180,-1,-1,0,0
508.635,232.093,-6.378,-3.752,310,175,-1,-1,0,0
502.257,228.341,-6.378,-3.752,305,170,-1,-1,0,0
495.879,224.589,-6.378,-3.752,300,165,-1,-1,0,0
489.501,220.836,-6.378,-3.752,295,160,-1,-1,0,0
483.123,217.084,-6.378,-3.752,290,160,-1,0,0,0
476.745,213.331,-6.378,-3.752,285,160,-1,0,0,0
470.367,209.579,-6.378,-3.752,280,160,-1,0,0,0
463.989,205.826,-6.378,-3.752,275,160,-1,0,0,0
457.611,202.074,-6.378,-3.752,270,160,-1,0,0,0
451.233,198.321,-6.378,-3.752,265,160,-1,0,0,0
444.855,194.569,-6.378,-3.752,260,160,-1,0,0,0
438.477,190.817,-6.378,-3.752,255,160,-1,0,0,0
432.099,187.064,-6.378,-3.752,250,160,-1,0,0,0
425.721,183.312,-6.378,-3.752,245,160,-1,0,0,0
419.343,179.559,-6.378,-3.752,240,160,-1,0,0,0
412.965,175.807,-6.378,-3.752,235,160,-1,0,0,0
406.587,172.054,-6.378,-3.752,230,160,-1,0,0,0
400.209,168.302,-6.378,-3.752,225,160,-1,0,0,0
393.831,164.549,-6.378,-3.752,220,160,-1,0,0,0
387.453,160.797,-6.378,-3.752,215,160,-1,0,0,0
381.075,157.044,-6.378,-3.752,210,160,-1,0,0,0
374.697,153.292,-6.378,-3.752,205,160,-1,0,0,0
368.319,149.54,-6.378,-3.752,200,160,-1,0,0,0
361.941,145.787,-6.378,-3.752,195,160,-1,0,0,0
355.563,142.035,-6.378,-3.752,190,160,-1,0,0,0
349.185,138.282,-6.378,-3.752,185,160,-1,0,0,0
342.807,134.53,-6.378,-3.752,180,160,-1,0,0,0
336.429,130.777,-6.378,-3.752,175,160,-1,0,0,0
330.051,127.025,-6.378,-3.752,170,160,-1,0,0,0
323.673,123.272,-6.378,-3.752,165,160,-1,0,0,0
317.295,119.52,-6.378,-3.752,160,160,-1,0,0,0
310.917,115.767,-6.378,-3.752,155,160,-1,0,0,0
304.539,112.015,-6.378,-3.752,150,160,-1,0,0,0
298.161,108.263,-6.378,-3.752,145,160,-1,0,0,0
291.783,104.51,-6.378,-3.752,140,160,-1,0,0,0
285.405,100.758,-6.378,-3.752,135,160,-1,0,0,0
279.027,97.005,-6.378,-3.752,130,160,-1,0,0,0
272.649,93.253,-6.378,-3.752,125,160,-1,0,0,0
266.271,89.5,-6.378,-3.752,120,160,-1,0,0,0
259.893,85.748,-6.378,-3.752,115,160,-1,0,0,0
253.515,81.995,-6.378,-3.752,110,160,-1,0,0,0
247.137,78.243,-6.378,-3.752,105,160,-1,0,0,0
240.759,74.491,-6.378,-3.752,100,160,-1,0,0,0
234.381,70.738,-6.378,-3.752,95,160,-1,0,0,0
228.003,66.986,-6.378,-3.752,90,160,-1,0,0,0
221.625,63.233,-6.378,-3.752,85,160,-1,0,0,0
215.247,59.481,-6.378,-3.752,80,160,-1,0,0,0
208.868,55.728,-6.378,-3.752,75,160,-1,0,0,0
202.49,51.976,-6.378,-3.752,70,160,-1,0,0,0
196.112,48.223,-6.378,-3.752,65,160,-1,0,0,0
189.734,44.471,-6.378,-3.752,60,160,-1,0,0,0
183.356,40.718,-6.378,-3.752,55,160,-1,0,0,0
176.978,36.966,-6.378,-3.752,50,160,-1,0,0,0
170.6,33.214,-6.378,-3.752,45,160,-1,0,0,0
164.222,29.461,-6.378,-3.752,40,160,-1,0,0,0
157.844,25.709,-6.378,-3.752,35,160,-1,0,0,0
151.466,21.956,-6.378,-3.752,30,160,-1,0,0,0
145.088,18.204,-6.378,-3.752,25,160,-1,0,0,0
138.71,14.451,-6.378,-3.752,20,160,-1,0,0,0
132.332,10.699,-6.378,-3.752,15,160,-1,0,0,0
125.954,6.946,-6.378,-3.752,10,160,-1,0,0,0
119.576,6.0,-6.378,3.752,10,160,0,0,0,0
113.198,9.752,-6.378,3.752,10,160,0,0,0,0
106.82,13.505,-6.378,3.752,10,160,0,0,0,0
100.442,17.257,-6.378,3.752,10,160,0,0,0,0
94.064,21.01,-6.378,3.752,10,160,0,0,0,0
87.686,24.762,-6.378,3.752,10,160,0,0,0,0
81.308,28.515,-6.378,3.752,10,160,0,0,0,0
74.93,32.267,-6.378,3.752,10,160,0,0,0,0
68.552,36.02,-6.378,3.752,10,160,0,0,0,0
62.174,39.772,-6.378,3.752,10,160,0,0,0,0
55.796,43.525,-6.378,3.752,10,160,0,0,0,0
49.418,47.277,-6.378,3.752,10,160,0,0,0,0
49.0,51.029,7.658,-0.799,15,160,1,0,0,0
56.658,50.23,7.658,-0.799,20,160,1,0,0,0
64.317,49.431,7.658,-0.799,25,160,1,0,0,0
71.975,48.633,7.658,-0.799,30,160,1,0,0,0
79.634,47.834,7.658,-0.799,35,160,1,0,0,0
87.292,47.035,7.658,-0.799,40,160,1,0,0,0
94.951,46.236,7.658,-0.799,45,160,1,0,0,0
102.609,45.437,7.658,-0.799,50,160,1,0,0,0
110.267,44.638,7.658,-0.799,55,160,1,0,0,0
117.926,43.839,7.658,-0.799,60,160,1,0,0,0
125.584,43.04,7.658,-0.799,65,160,1,0,0,0
133.243,42.241,7.658,-0.799,70,160,1,0,0,0
140.901,41.442,7.658,-0.799,75,160,1,0,0,0
148.56,40.643,7.658,-0.799,80,160,1,0,0,0
156.218,39.844,7.658,-0.799,85,160,1,0,0,0
163.877,39.045,7.658,-0.799,90,160,1,0,0,0
171.535,38.246,7.658,-0.799,95,160,1,0,0,0
179.193,37.447,7.658,-0.799,100,160,1,0,0,0
186.852,36.648,7.658,-0.799,105,160,1,0,0,0
194.51,35.849,7.658,-0.799,105,160,0,0,0,0
202.169,35.05,7.658,-0.799,105,160,0,0,0,0
209.827,34.251,7.658,-0.799,105,160,0,0,0,0
217.486,33.452,7.658,-0.799,105,160,0,0,0,0
225.144,32.653,7.658,-0.799,105,155,0,-1,0,0
232.802,31.854,7.658,-0.799,105,150,0,-1,0,0
240.461,31.055,7.658,-0.799,105,145,0,-1,0,0
248.119,30.256,7.658,-0.799,105,140,0,-1,0,0
255.778,29.457,7.658,-0.799,105,135,0,-1,0,0
263.436,28.658,7.658,-0.799,105,130,0,-1,0,0
271.095,27.859,7.658,-0.799,105,125,0,-1,0,0
278.753,27.06,7.658,-0.799,105,120,0,-1,0,0
286.412,26.261,7.658,-0.799,105,115,0,-1,0,0
294.07,25.462,7.658,-0.799,105,110,0,-1,0,0
301.728,24.663,7.658,-0.799,105,105,0,-1,0,0
309.387,23.864,7.658,-0.799,105,100,0,-1,0,0
317.045,23.065,7.658,-0.799,105,95,0,-1,0,0
324.704,22.266,7.658,-0.799,105,90,0,-1,0,0
332.362,21.467,7.658,-0.799,105,85,0,-1,0,0
340.021,20.668,7.658,-0.799,105,80,0,-1,0,0
347.679,19.87,7.658,-0.799,105,75,0,-1,0,0
355.337,19.071,7.658,-0.799,105,70,0,-1,0,0
362.996,18.272,7.658,-0.799,105,65,0,-1,0,0
370.654,17.473,7.658,-0.799,105,60,0,-1,0,0
378.313,16.674,7.658,-0.799,105,55,0,-1,0,0
385.971,15.875,7.658,-0.799,105,50,0,-1,0,0
393.63,15.076,7.658,-0.799,105,45,0,-1,0,0
401.288,14.277,7.658,-0.799,105,40,0,-1,0,0
408.946,13.478,7.658,-0.799,105,35,0,-1,0,0
416.605,12.679,7.658,-0.799,105,30,0,-1,0,0
424.263,11.88,7.658,-0.799,105,25,0,-1,0,0
431.922,11.081,7.658,-0.799,105,20,0,-1,0,0
439.58,10.282,7.658,-0.799,105,15,0,-1,0,0
447.239,9.483,7.658,-0.799,105,10,0,-1,0,0
454.897,8.684,7.658,-0.799,105,5,0,-1,0,0
462.556,7.885,7.658,-0.799,105,0,0,-1,0,0
470.214,7.086,7.658,-0.799,105,0,0,-1,0,0
477.872,6.287,7.658,-0.799,105,0,0,-1,0,0
485.531,6.0,7.658,0.799,105,0,0,-1,0,0
493.189,6.799,7.658,0.799,105,0,0,-1,0,0
500.848,7.598,7.658,0.799,105,0,0,-1,0,0
508.506,8.397,7.658,0.799,105,0,0,-1,0,0
516.165,9.196,7.658,0.799,105,0,0,-1,0,0
523.823,9.995,7.658,0.799,105,0,0,-1,0,0
531.481,10.794,7.658,0.799,105,0,0,-1,0,0
539.14,11.593,7.658,0.799,105,0,0,-1,0,0
546.798,12.392,7.658,0.799,105,0,0,0,0,0
554.457,13.191,7.658,0.799,105,0,0,0,0,0
562.115,13.99,7.658,0.799,105,0,0,0,0,0
569.774,14.789,7.658,0.799,105,0,0,0,0,0
577.432,15.588,7.658,0.799,105,0,0,0,0,0
585.091,16.387,7.658,0.799,105,0,0,0,0,0
592.749,17.186,7.658,0.799,105,0,0,0,0,0
600.407,17.985,7.658,0.799,105,0,0,0,0,0
608.066,18.784,7.658,0.799,105,0,0,0,0,0
615.724,19.583,7.658,0.799,105,0,0,0,0,0
623.383,20.381,7.658,0.799,105,0,0,0,0,0
631.041,21.18,7.658,0.799,105,0,0,0,0,0
638.7,21.979,7.658,0.799,105,0,0,0,0,0
646.358,22.778,7.658,0.799,105,0,0,0,0,0
654.016,23.577,7.658,0.799,105,0,0,0,0,0
661.675,24.376,7.658,0.799,105,0,0,0,0,0
669.333,25.175,7.658,0.799,105,5,0,1,0,0
676.992,25.974,7.658,0.799,105,10,0,1,0,0
684.65,26.773,7.658,0.799,105,15,0,1,0,0
692.309,27.572,7.658,0.799,105,20,0,1,0,0
699.967,28.371,7.658,0.799,105,20,0,0,0,0
707.626,29.17,7.658,0.799,105,20,0,0,0,0
715.284,29.969,7.658,0.799,105,20,0,0,0,0
722.942,30.768,7.658,0.799,105,20,0,0,0,0
730.601,31.567,7.658,0.799,105,20,0,0,0,0
738.259,32.366,7.658,0.799,105,20,0,0,0,0
745.918,33.165,7.658,0.799,105,20,0,0,0,0
751.0,33.964,-6.212,-5.04,105,20,0,0,0,0
744.788,28.924,-6.212,-5.04,105,20,0,0,0,0
738.575,23.883,-6.212,-5.04,105,20,0,0,0,0
732.363,18.843,-6.212,-5.04,105,20,0,0,0,0
726.15,13.802,-6.212,-5.04,105,20,0,0,0,0
719.938,8.762,-6.212,-5.04,105,20,0,0,0,0
713.725,6.0,-6.212,5.04,105,20,0,0,0,0
707.513,11.04,-6.212,5.04,105,20,0,0,0,0
701.301,16.081,-6.212,5.04,105,20,0,0,0,0
695.088,21.121,-6.212,5.04,105,20,0,0,0,0
688.876,26.162,-6.212,5.04,105,20,0,0,0,0
682.663,31.202,-6.212,5.04,105,20,0,0,0,0
676.451,36.243,-6.212,5.04,105,20,0,0,0,0
670.239,41.283,-6.212,5.04,105,20,0,0,0,0
664.026,46.323,-6.212,5.04,105,20,0,0,0,0
657.814,51.364,-6.212,5.04,100,20,-1,0,0,0
651.601,56.404,-6.212,5.04,95,20,-1,0,0,0
645.389,61.445,-6.212,5.04,90,20,-1,0,0,0
639.176,66.485,-6.212,5.04,85,20,-1,0,0,0
632.964,71.525,-6.212,5.04,80,20,-1,0,0,0
626.752,76.566,-6.212,5.04,75,20,-1,0,0,0
620.539,81.606,-6.212,5.04,70,20,-1,0,0,0
614.327,86.647,-6.212,5.04,65,20,-1,0,0,0
608.114,91.687,-6.212,5.04,60,20,-1,0,0,0
601.902,96.728,-6.212,5.04,55,20,-1,0,0,0
595.689,101.768,-6.212,5.04,50,20,-1,0,0,0
589.477,106.808,-6.212,5.04,45,20,-1,0,0,0
583.265,111.849,-6.212,5.04,40,20,-1,0,0,0
577.052,116.889,-6.212,5.04,35,20,-1,0,0,0
570.84,121.93,-6.212,5.04,35,20,0,0,0,0
564.627,126.97,-6.212,5.04,35,20,0,0,0,0
558.415,132.01,-6.212,5.04,35,20,0,0,0,0
552.203,137.051,-6.212,5.04,35,20,0,0,0,0
545.99,142.091,-6.212,5.04,35,20,0,0,0,0
539.778,147.132,-6.212,5.04,35,20,0,0,0,0
533.565,152.172,-6.212,5.04,35,20,0,0,0,0
527.353,157.213,-6.212,5.04,40,20,1,0,0,0
521.14,162.253,-6.212,5.04,45,20,1,0,0,0
514.928,167.293,-6.212,5.04,50,20,1,0,0,0
508.716,172.334,-6.212,5.04,55,20,1,0,0,0
502.503,177.374,-6.212,5.04,60,20,1,0,0,0
496.291,182.415,-6.212,5.04,65,20,1,0,0,0
490.078,187.455,-6.212,5.04,70,20,1,0,0,0
483.866,192.495,-6.212,5.04,75,20,1,0,0,0
477.653,197.536,-6.212,5.04,80,20,1,0,0,0
471.441,202.576,-6.212,5.04,85,20,1,0,0,0
465.229,207.617,-6.212,5.04,90,20,1,0,0,0
459.016,212.657,-6.212,5.04,95,20,1,0,0,0
452.804,217.698,-6.212,5.04,100,20,1,0,0,0
446.591,222.738,-6.212,5.04,105,20,1,0,0,0
440.379,227.778,-6.212,5.04,110,20,1,0,0,0
434.167,232.819,-6.212,5.04,115,20,1,0,0,0
427.954,237.859,-6.212,5.04,120,20,1,0,0,0
421.742,242.9,-6.212,5.04,125,20,1,0,0,0
415.529,247.94,-6.212,5.04,130,20,1,0,0,0
409.317,252.981,-6.212,5.04,135,20,1,0,0,0
403.104,258.021,-6.212,5.04,140,20,1,0,0,0
396.892,263.061,-6.212,5.04,145,20,1,0,0,0
390.68,268.102,-6.212,5.04,150,20,1,0,0,0
384.467,273.142,-6.212,5.04,155,20,1,0,0,0
378.255,278.183,-6.212,5.04,160,20,1,0,0,0
372.042,283.223,-6.212,5.04,165,20,1,0,0,0
365.83,288.263,-6.212,5.04,170,20,1,0,0,0
359.617,293.304,-6.212,5.04,175,20,1,0,0,0
353.405,298.344,-6.212,5.04,180,20,1,0,0,0
347.193,303.385,-6.212,5.04,185,20,1,0,0,0
340.98,308.425,-6.212,5.04,190,20,1,0,0,0
334.768,313.466,-6.212,5.04,195,20,1,0,0,0
328.555,318.506,-6.212,5.04,200,20,1,0,0,0
322.343,323.546,-6.212,5.04,205,20,1,0,0,0
316.131,328.587,-6.212,5.04,210,20,1,0,0,0
309.918,333.627,-6.212,5.04,215,20,1,0,0,0
303.706,338.668,-6.212,5.04,220,20,1,0,0,0
297.493,343.708,-6.212,5.04,225,20,1,0,0,0
291.281,348.748,-6.212,5.04,230,20,1,0,0,0
285.068,353.789,-6.212,5.04,235,20,1,0,0,0
278.856,358.829,-6.212,5.04,240,20,1,0,0,0
272.644,363.87,-6.212,5.04,245,20,1,0,0,0
266.431,368.91,-6.212,5.04,250,20,1,0,0,0
260.219,373.951,-6.212,5.04,255,20,1,0,0,0
254.006,378.991,-6.212,5.04,260,20,1,0,0,0
247.794,384.031,-6.212,5.04,265,20,1,0,0,0
241.581,389.072,-6.212,5.04,270,20,1,0,0,0
235.369,394.112,-6.212,5.04,275,20,1,0,0,0
229.157,399.153,-6.212,5.04,280,20,1,0,0,0
222.944,404.193,-6.212,5.04,285,20,1,0,0,0
216.732,409.233,-6.212,5.04,290,20,1,0,0,0
210.519,414.274,-6.212,5.04,295,20,1,0,0,0
204.307,419.314,-6.212,5.04,300,20,1,0,0,0
198.094,424.355,-6.212,5.04,305,20,1,0,0,0
191.882,429.395,-6.212,5.04,310,20,1,0,0,0
185.67,434.436,-6.212,5.04,315,20,1,0,0,0
179.457,439.476,-6.212,5.04,320,20,1,0,0,0
173.245,444.516,-6.212,5.04,325,20,1,0,0,0
167.032,449.557,-6.212,5.04,330,20,1,0,0,0
160.82,454.597,-6.212,5.04,335,20,1,0,0,0
154.608,459.638,-6.212,5.04,340,20,1,0,0,0
148.395,464.678,-6.212,5.04,345,20,1,0,0,0
142.183,469.719,-6.212,5.04,350,20,1,0,0,0
135.97,474.759,-6.212,5.04,355,20,1,0,0,0
129.758,479.799,-6.212,5.04,360,20,1,0,0,0
123.545,484.84,-6.212,5.04,365,20,1,0,0,0
117.333,489.88,-6.212,5.04,370,20,1,0,0,0
111.121,494.921,-6.212,5.04,375,20,1,0,0,0
104.908,499.961,-6.212,5.04,380,20,1,0,0,0
98.696,505.001,-6.212,5.04,385,20,1,0,0,0
92.483,510.042,-6.212,5.04,390,20,1,0,0,0
86.271,515.082,-6.212,5.04,395,20,1,0,0,0
80.058,520.123,-6.212,5.04,400,20,1,0,0,0
73.846,525.163,-6.212,5.04,405,20,1,0,0,0
67.634,530.204,-6.212,5.04,410,20,1,0,0,0
61.421,535.244,-6.212,5.04,415,20,1,0,0,0
55.209,540.284,-6.212,5.04,420,20,1,0,0,0
48.996,545.325,-6.212,5.04,425,20,1,0,0,0
42.784,550.365,-6.212,5.04,430,20,1,0,0,0
36.572,555.406,-6.212,5.04,435,20,1,0,0,0
30.359,560.446,-6.212,5.04,440,20,1,0,0,0
24.147,565.486,-6.212,5.04,445,20,1,0,0,0
17.934,570.527,-6.212,5.04,450,20,1,0,0,0
11.722,575.567,-6.212,5.04,455,20,1,0,0,0
5.509,580.608,-6.212,5.04,460,20,1,0,0,0
-0.703,585.648,-6.212,5.04,465,20,1,0,0,0
400.0,300.0,4.405,2.365,470,20,1,0,0,1
404.405,302.365,4.405,2.365,470,20,0,0,0,0
408.81,304.73,4.405,2.365,470,20,0,0,0,0
413.216,307.095,4.405,2.365,470,20,0,0,0,0
417.621,309.461,4.405,2.365,470,20,0,0,0,0
422.026,311.826,4.405,2.365,470,20,0,0,0,0
426.431,314.191,4.405,2.365,470,20,0,0,0,0
430.837,316.556,4.405,2.365,470,20,0,0,0,0
435.242,318.921,4.405,2.365,470,20,0,0,0,0
439.647,321.286,4.405,2.365,470,20,0,0,0,0
444.052,323.651,4.405,2.365,470,20,0,0,0,0
448.458,326.017,4.405,2.365,470,20,0,0,0,0
452.863,328.382,4.405,2.365,470,20,0,0,0,0
457.268,330.747,4.405,2.365,470,20,0,0,0,0
461.673,333.112,4.405,2.365,470,20,0,0,0,0
466.079,335.477,4.405,2.365,470,20,0,0,0,0
470.484,337.842,4.405,2.365,470,20,0,0,0,0
474.889,340.207,4.405,2.365,470,20,0,0,0,0
479.294,342.573,4.405,2.365,470,20,0,0,0,0
483.699,344.938,4.405,2.365,470,20,0,0,0,0
488.105,347.303,4.405,2.365,470,20,0,0,0,0
492.51,349.668,4.405,2.365,470,20,0,0,0,0
496.915,352.033,4.405,2.365,470,20,0,0,0,0
501.32,354.398,4.405,2.365,470,20,0,0,0,0
505.726,356.764,4.405,2.365,470,20,0,0,0,0
510.131,359.129,4.405,2.365,470,20,0,0,0,0
514.536,361.494,4.405,2.365,470,20,0,0,0,0
518.941,363.859,4.405,2.365,470,20,0,0,0,0
523.347,366.224,4.405,2.365,470,20,0,0,0,0
527.752,368.589,4.405,2.365,470,20,0,0,0,0
532.157,370.954,4.405,2.365,470,20,0,0,0,0
536.562,373.32,4.405,2.365,470,20,0,0,0,0
540.967,375.685,4.405,2.365,470,20,0,0,0,0
545.373,378.05,4.405,2.365,470,20,0,0,0,0
549.778,380.415,4.405,2.365,470,20,0,0,0,0
554.183,382.78,4.405,2.365,470,20,0,0,0,0
558.588,385.145,4.405,2.365,470,25,0,1,0,0
562.994,387.51,4.405,2.365,470,30,0,1,0,0
567.399,389.876,4.405,2.365,470,35,0,1,0,0
571.804,392.241,4.405,2.365,470,40,0,1,0,0
576.209,394.606,4.405,2.365,470,45,0,1,0,0
580.615,396.971,4.405,2.365,470,50,0,1,0,0
585.02,399.336,4.405,2.365,470,55,0,1,0,0
589.425,401.701,4.405,2.365,470,60,0,1,0,0
593.83,404.066,4.405,2.365,470,65,0,1,0,0
598.236,406.432,4.405,2.365,470,70,0,1,0,0
602.641,408.797,4.405,2.365,470,75,0,1,0,0
607.046,411.162,4.405,2.365,470,80,0,1,0,0
611.451,413.527,4.405,2.365,470,85,0,1,0,0
615.856,415.892,4.405,2.365,470,90,0,1,0,0
620.262,418.257,4.405,2.365,470,95,0,1,0,0
624.667,420.622,4.405,2.365,470,100,0,1,0,0
629.072,422.988,4.405,2.365,470,105,0,1,0,0
633.477,425.353,4.405,2.365,470,110,0,1,0,0
637.883,427.718,4.405,2.365,470,115,0,1,0,0
642.288,430.083,4.405,2.365,470,120,0,1,0,0
646.693,432.448,4.405,2.365,470,125,0,1,0,0
651.098,434.813,4.405,2.365,470,130,0,1,0,0
655.504,437.178,4.405,2.365,470,135,0,1,0,0
659.909,439.544,4.405,2.365,470,140,0,1,0,0
664.314,441.909,4.405,2.365,470,145,0,1,0,0
668.719,444.274,4.405,2.365,470,150,0,1,0,0
673.124,446.639,4.405,2.365,470,155,0,1,0,0
677.53,449.004,4.405,2.365,470,160,0,1,0,0
681.935,451.369,4.405,2.365,470,165,0,1,0,0
686.34,453.734,4.405,2.365,470,170,0,1,0,0
690.745,456.1,4.405,2.365,470,175,0,1,0,0
695.151,458.465,4.405,2.365,470,180,0,1,0,0
699.556,460.83,4.405,2.365,470,185,0,1,0,0
703.961,463.195,4.405,2.365,470,190,0,1,0,0
708.366,465.56,4.405,2.365,470,195,0,1,0,0
712.772,467.925,4.405,2.365,470,200,0,1,0,0
717.177,470.291,4.405,2.365,470,205,0,1,0,0
721.582,472.656,4.405,2.365,470,210,0,1,0,0
725.987,475.021,4.405,2.365,470,215,0,1,0,0
730.393,477.386,4.405,2.365,470,220,0,1,0,0
734.798,479.751,4.405,2.365,470,225,0,1,0,0
739.203,482.116,4.405,2.365,470,230,0,1,0,0
743.608,484.481,4.405,2.365,470,235,0,1,0,0
748.013,486.847,4.405,2.365,470,240,0,1,0,0
752.419,489.212,4.405,2.365,470,245,0,1,0,0
756.824,491.577,4.405,2.365,470,250,0,1,0,0
761.229,493.942,4.405,2.365,470,255,0,1,0,0
765.634,496.307,4.405,2.365,470,260,0,1,0,0
770.04,498.672,4.405,2.365,470,265,0,1,0,0
774.445,501.037,4.405,2.365,470,270,0,1,0,0
778.85,503.403,4.405,2.365,470,275,0,1,0,0
783.255,505.768,4.405,2.365,470,280,0,1,0,0
787.661,508.133,4.405,2.365,470,285,0,1,0,0
792.066,510.498,4.405,2.365,470,290,0,1,0,0
796.471,512.863,4.405,2.365,470,295,0,1,0,0
800.876,515.228,4.405,2.365,470,300,0,1,0,0
805.282,517.593,4.405,2.365,470,305,0,1,0,0
400.0,300.0,-4.264,2.612,470,310,0,1,1,0
395.736,302.612,-4.264,2.612,470,310,0,0,0,0
391.473,305.224,-4.264,2.612,470,310,0,0,0,0
387.209,307.835,-4.264,2.612,470,310,0,0,0,0
382.945,310.447,-4.264,2.612,470,310,0,0,0,0
378.682,313.059,-4.264,2.612,470,310,0,0,0,0
374.418,315.671,-4.264,2.612,470,310,0,0,0,0
370.154,318.282,-4.264,2.612,470,310,0,0,0,0
365.891,320.894,-4.264,2.612,470,310,0,0,0,0
361.627,323.506,-4.264,2.612,470,310,0,0,0,0
357.363,326.118,-4.264,2.612,470,310,0,0,0,0
353.1,328.729,-4.264,2.612,470,310,0,0,0,0
348.836,331.341,-4.264,2.612,470,310,0,0,0,0
344.573,333.953,-4.264,2.612,470,310,0,0,0,0
340.309,336.565,-4.264,2.612,470,310,0,0,0,0
336.045,339.176,-4.264,2.612,470,310,0,0,0,0
331.782,341.788,-4.264,2.612,470,310,0,0,0,0
327.518,344.4,-4.264,2.612,470,310,0,0,0,0
323.254,347.012,-4.264,2.612,470,310,0,0,0,0
318.991,349.623,-4.264,2.612,470,310,0,0,0,0
314.727,352.235,-4.264,2.612,470,310,0,0,0,0
310.463,354.847,-4.264,2.612,470,310,0,0,0,0
306.2,357.459,-4.264,2.612,470,310,0,0,0,0
301.936,360.07,-4.264,2.612,470,310,0,0,0,0
297.672,362.682,-4.264,2.612,470,310,0,0,0,0
293.409,365.294,-4.264,2.612,470,310,0,0,0,0
289.145,367.906,-4.264,2.612,470,310,0,0,0,0
284.881,370.517,-4.264,2.612,470,310,0,0,0,0
280.618,373.129,-4.264,2.612,470,310,0,0,0,0
276.354,375.741,-4.264,2.612,470,310,0,0,0,0
272.09,378.353,-4.264,2.612,465,310,-1,0,0,0
267.827,380.964,-4.264,2.612,460,310,-1,0,0,0
263.563,383.576,-4.264,2.612,455,310,-1,0,0,0
259.299,386.188,-4.264,2.612,450,310,-1,0,0,0
255.036,388.8,-4.264,2.612,445,310,-1,0,0,0
250.772,391.411,-4.264,2.612,440,310,-1,0,0,0
246.509,394.023,-4.264,2.612,435,310,-1,0,0,0
242.245,396.635,-4.264,2.612,435,310,0,0,0,0
237.981,399.247,-4.264,2.612,435,310,0,0,0,0
233.718,401.858,-4.264,2.612,435,310,0,0,0,0
229.454,404.47,-4.264,2.612,435,310,0,0,0,0
225.19,407.082,-4.264,2.612,435,310,0,0,0,0
220.927,409.694,-4.264,2.612,435,310,0,0,0,0
216.663,412.305,-4.264,2.612,435,310,0,0,0,0
212.399,414.917,-4.264,2.612,435,310,0,0,0,0
208.136,417.529,-4.264,2.612,435,310,0,0,0,0
203.872,420.141,-4.264,2.612,435,310,0,0,0,0
199.608,422.752,-4.264,2.612,435,310,0,0,0,0
195.345,425.364,-4.264,2.612,435,310,0,0,0,0
191.081,427.976,-4.264,2.612,435,310,0,0,0,0
186.817,430.588,-4.264,2.612,435,310,0,0,0,0
182.554,433.2,-4.264,2.612,435,310,0,0,0,0
178.29,435.811,-4.264,2.612,435,310,0,0,0,0
174.026,438.423,-4.264,2.612,435,310,0,0,0,0
169.763,441.035,-4.264,2.612,435,310,0,0,0,0
165.499,443.647,-4.264,2.612,435,310,0,0,0,0
161.235,446.258,-4.264,2.612,435,310,0,0,0,0
156.972,448.87,-4.264,2.612,435,310,0,0,0,0
152.708,451.482,-4.264,2.612,435,310,0,0,0,0
148.444,454.094,-4.264,2.612,435,310,0,0,0,0
144.181,456.705,-4.264,2.612,435,310,0,0,0,0
139.917,459.317,-4.264,2.612,435,310,0,0,0,0
135.654,461.929,-4.264,2.612,435,310,0,0,0,0
131.39,464.541,-4.264,2.612,435,310,0,0,0,0
127.126,467.152,-4.264,2.612,435,310,0,0,0,0
122.863,469.764,-4.264,2.612,435,310,0,0,0,0
118.599,472.376,-4.264,2.612,435,310,0,0,0,0
114.335,474.988,-4.264,2.612,435,310,0,0,0,0
110.072,477.599,-4.264,2.612,435,310,0,0,0,0
105.808,480.211,-4.264,2.612,440,310,1,0,0,0
101.544,482.823,-4.264,2.612,445,310,1,0,0,0
97.281,485.435,-4.264,2.612,450,310,1,0,0,0
93.017,488.046,-4.264,2.612,455,310,1,0,0,0
88.753,490.658,-4.264,2.612,460,310,1,0,0,0
84.49,493.27,-4.264,2.612,465,310,1,0,0,0
80.226,495.882,-4.264,2.612,470,310,1,0,0,0
75.962,498.493,-4.264,2.612,475,310,1,0,0,0
71.699,501.105,-4.264,2.612,480,310,1,0,0,0
67.435,503.717,-4.264,2.612,485,310,1,0,0,0
63.171,506.329,-4.264,2.612,490,310,1,0,0,0
58.908,508.94,-4.264,2.612,490,310,0,0,0,0
54.644,511.552,-4.264,2.612,490,310,0,0,0,0
50.38,514.164,-4.264,2.612,490,310,0,0,0,0
49.0,516.776,4.986,-1.798,490,310,0,0,0,0
53.986,514.977,4.986,-1.798,490,310,0,0,0,0
58.971,513.179,4.986,-1.798,490,310,0,0,0,0
63.957,511.38,4.986,-1.798,490,310,0,0,0,0
68.942,509.582,4.986,-1.798,490,310,0,0,0,0
73.928,507.783,4.986,-1.798,490,310,0,0,0,0
78.913,505.985,4.986,-1.798,490,310,0,0,0,0
83.899,504.186,4.986,-1.798,490,310,0,0,0,0
88.884,502.388,4.986,-1.798,490,310,0,0,0,0
93.87,500.589,4.986,-1.798,490,310,0,0,0,0
98.855,498.791,4.986,-1.798,490,310,0,0,0,0
103.841,496.992,4.986,-1.798,490,310,0,0,0,0
108.826,495.194,4.986,-1.798,490,310,0,0,0,0
113.812,493.395,4.986,-1.798,490,310,0,0,0,0
118.797,491.597,4.986,-1.798,490,310,0,0,0,0
123.783,489.798,4.986,-1.798,490,310,0,0,0,0
128.768,488.0,4.986,-1.798,490,310,0,0,0,0
133.754,486.201,4.986,-1.798,490,310,0,0,0,0
138.739,484.403,4.986,-1.798,490,310,0,0,0,0
143.725,482.604,4.986,-1.798,490,310,0,0,0,0
148.71,480.806,4.986,-1.798,490,310,0,0,0,0
153.696,479.008,4.986,-1.798,490,310,0,0,0,0
158.682,477.209,4.986,-1.798,490,310,0,0,0,0
163.667,475.411,4.986,-1.798,490,310,0,0,0,0
168.653,473.612,4.986,-1.798,490,310,0,0,0,0
173.638,471.814,4.986,-1.798,490,310,0,0,0,0
178.624,470.015,4.986,-1.798,490,310,0,0,0,0
183.609,468.217,4.986,-1.798,490,310,0,0,0,0
188.595,466.418,4.986,-1.798,490,310,0,0,0,0
193.58,464.62,4.986,-1.798,490,310,0,0,0,0
198.566,462.821,4.986,-1.798,490,310,0,0,0,0
203.551,461.023,4.986,-1.798,490,310,0,0,0,0
208.537,459.224,4.986,-1.798,490,310,0,0,0,0
213.522,457.426,4.986,-1.798,490,310,0,0,0,0
218.508,455.627,4.986,-1.798,490,310,0,0,0,0
223.493,453.829,4.986,-1.798,490,310,0,0,0,0
228.479,452.03,4.986,-1.798,490,310,0,0,0,0
233.464,450.232,4.986,-1.798,490,310,0,0,0,0
238.45,448.433,4.986,-1.798,490,310,0,0,0,0
243.435,446.635,4.986,-1.798,490,310,0,0,0,0
248.421,444.836,4.986,-1.798,490,310,0,0,0,0
253.407,443.038,4.986,-1.798,490,310,0,0,0,0
258.392,441.239,4.986,-1.798,490,310,0,0,0,0
263.378,439.441,4.986,-1.798,490,310,0,0,0,0
268.363,437.642,4.986,-1.798,490,310,0,0,0,0
273.349,435.844,4.986,-1.798,490,310,0,0,0,0
278.334,434.045,4.986,-1.798,490,310,0,0,0,0
283.32,432.247,4.986,-1.798,490,310,0,0,0,0
288.305,430.448,4.986,-1.798,490,310,0,0,0,0
293.291,428.65,4.986,-1.798,490,310,0,0,0,0
298.276,426.851,4.986,-1.798,490,310,0,0,0,0
303.262,425.053,4.986,-1.798,490,310,0,0,0,0
308.247,423.255,4.986,-1.798,490,310,0,0,0,0
313.233,421.456,4.986,-1.798,490,310,0,0,0,0
318.218,419.658,4.986,-1.798,490,310,0,0,0,0
323.204,417.859,4.986,-1.798,490,310,0,0,0,0
328.189,416.061,4.986,-1.798,490,310,0,0,0,0
333.175,414.262,4.986,-1.798,490,310,0,0,0,0
338.16,412.464,4.986,-1.798,490,310,0,0,0,0
343.146,410.665,4.986,-1.798,490,310,0,0,0,0
348.131,408.867,4.986,-1.798,490,310,0,0,0,0
353.117,407.068,4.986,-1.798,490,310,0,0,0,0
358.103,405.27,4.986,-1.798,490,310,0,0,0,0
363.088,403.471,4.986,-1.798,490,310,0,0,0,0
368.074,401.673,4.986,-1.798,490,310,0,0,0,0
373.059,399.874,4.986,-1.798,490,310,0,0,0,0
378.045,398.076,4.986,-1.798,490,310,0,0,0,0
383.03,396.277,4.986,-1.798,490,310,0,0,0,0
388.016,394.479,4.986,-1.798,490,310,0,0,0,0
393.001,392.68,4.986,-1.798,490,310,0,0,0,0
397.987,390.882,4.986,-1.798,490,310,0,0,0,0
402.972,389.083,4.986,-1.798,490,310,0,0,0,0
407.958,387.285,4.986,-1.798,490,310,0,0,0,0
412.943,385.486,4.986,-1.798,490,310,0,0,0,0
417.929,383.688,4.986,-1.798,490,310,0,0,0,0
422.914,381.889,4.986,-1.798,490,310,0,0,0,0
427.9,380.091,4.986,-1.798,490,310,0,0,0,0
432.885,378.292,4.986,-1.798,490,310,0,0,0,0
437.871,376.494,4.986,-1.798,490,310,0,0,0,0
442.856,374.695,4.986,-1.798,490,310,0,0,0,0
447.842,372.897,4.986,-1.798,490,310,0,0,0,0
452.827,371.098,4.986,-1.798,490,310,0,0,0,0
457.813,369.3,4.986,-1.798,490,310,0,0,0,0
462.799,367.501,4.986,-1.798,490,310,0,0,0,0
467.784,365.703,4.986,-1.798,490,310,0,0,0,0
472.77,363.905,4.986,-1.798,490,310,0,0,0,0
477.755,362.106,4.986,-1.798,490,310,0,0,0,0
482.741,360.308,4.986,-1.798,490,310,0,0,0,0
487.726,358.509,4.986,-1.798,490,310,0,0,0,0
492.712,356.711,4.986,-1.798,490,310,0,0,0,0
497.697,354.912,4.986,-1.798,490,310,0,0,0,0
502.683,353.114,4.986,-1.798,490,310,0,0,0,0
507.668,351.315,4.986,-1.798,490,310,0,0,0,0
512.654,349.517,4.986,-1.798,490,310,0,0,0,0
517.639,347.718,4.986,-1.798,490,310,0,0,0,0
522.625,345.92,4.986,-1.798,490,310,0,0,0,0
527.61,344.121,4.986,-1.798,490,310,0,0,0,0
532.596,342.323,4.986,-1.798,490,310,0,0,0,0
537.581,340.524,4.986,-1.798,490,305,0,-1,0,0
542.567,338.726,4.986,-1.798,490,300,0,-1,0,0
547.552,336.927,4.986,-1.798,490,295,0,-1,0,0
552.538,335.129,4.986,-1.798,490,290,0,-1,0,0
557.523,333.33,4.986,-1.798,490,285,0,-1,0,0
562.509,331.532,4.986,-1.798,490,280,0,-1,0,0
567.495,329.733,4.986,-1.798,490,275,0,-1,0,0
572.48,327.935,4.986,-1.798,490,270,0,-1,0,0
577.466,326.136,4.986,-1.798,490,265,0,-1,0,0
582.451,324.338,4.986,-1.798,490,260,0,-1,0,0
587.437,322.539,4.986,-1.798,490,255,0,-1,0,0
592.422,320.741,4.986,-1.798,490,250,0,-1,0,0
597.408,318.942,4.986,-1.798,490,245,0,-1,0,0
602.393,317.144,4.986,-1.798,490,240,0,-1,0,0
607.379,315.345,4.986,-1.798,490,235,0,-1,0,0
612.364,313.547,4.986,-1.798,490,230,0,-1,0,0
617.35,311.748,4.986,-1.798,490,225,0,-1,0,0
622.335,309.95,4.986,-1.798,490,225,0,0,0,0
627.321,308.152,4.986,-1.798,490,225,0,0,0,0
632.306,306.353,4.986,-1.798,490,225,0,0,0,0
637.292,304.555,4.986,-1.798,490,225,0,0,0,0
642.277,302.756,4.986,-1.798,490,225,0,0,0,0
647.263,300.958,4.986,-1.798,490,225,0,0,0,0
652.248,299.159,4.986,-1.798,490,225,0,0,0,0
657.234,297.361,4.986,-1.798,490,225,0,0,0,0
662.22,295.562,4.986,-1.798,490,225,0,0,0,0
667.205,293.764,4.986,-1.798,490,225,0,0,0,0
672.191,291.965,4.986,-1.798,490,225,0,0,0,0
677.176,290.167,4.986,-1.798,490,225,0,0,0,0
682.162,288.368,4.986,-1.798,490,225,0,0,0,0
687.147,286.57,4.986,-1.798,490,225,0,0,0,0
692.133,284.771,4.986,-1.798,490,225,0,0,0,0
697.118,282.973,4.986,-1.798,490,225,0,0,0,0
702.104,281.174,4.986,-1.798,490,225,0,0,0,0
707.089,279.376,4.986,-1.798,490,225,0,0,0,0
712.075,277.577,4.986,-1.798,490,225,0,0,0,0
717.06,275.779,4.986,-1.798,490,225,0,0,0,0
722.046,273.98,4.986,-1.798,490,225,0,0,0,0
727.031,272.182,4.986,-1.798,490,225,0,0,0,0
732.017,270.383,4.986,-1.798,490,225,0,0,0,0
737.002,268.585,4.986,-1.798,490,225,0,0,0,0
741.988,266.786,4.986,-1.798,490,225,0,0,0,0
746.973,264.988,4.986,-1.798,490,225,0,0,0,0
751.959,263.189,4.986,-1.798,490,225,0,0,0,0
751.0,261.391,-5.575,-0.528,490,225,0,0,0,0
745.425,260.863,-5.575,-0.528,490,225,0,0,0,0
739.85,260.334,-5.575,-0.528,490,225,0,0,0,0
734.275,259.806,-5.575,-0.528,490,225,0,0,0,0
728.7,259.278,-5.575,-0.528,490,225,0,0,0,0
723.125,258.749,-5.575,-0.528,490,225,0,0,0,0
717.55,258.221,-5.575,-0.528,490,225,0,0,0,0
711.975,257.693,-5.575,-0.528,490,225,0,0,0,0
706.4,257.164,-5.575,-0.528,490,225,0,0,0,0
700.825,256.636,-5.575,-0.528,490,225,0,0,0,0
695.25,256.108,-5.575,-0.528,490,225,0,0,0,0
689.675,255.579,-5.575,-0.528,485,225,-1,0,0,0
684.1,255.051,-5.575,-0.528,480,225,-1,0,0,0
678.525,254.523,-5.575,-0.528,475,225,-1,0,0,0
672.95,253.994,-5.575,-0.528,470,225,-1,0,0,0
667.375,253.466,-5.575,-0.528,465,225,-1,0,0,0
661.8,252.938,-5.575,-0.528,460,225,-1,0,0,0
656.225,252.409,-5.575,-0.528,455,225,-1,0,0,0
650.65,251.881,-5.575,-0.528,450,225,-1,0,0,0
645.075,251.353,-5.575,-0.528,445,225,-1,0,0,0
639.5,250.824,-5.575,-0.528,440,225,-1,0,0,0
633.925,250.296,-5.575,-0.528,435,225,-1,0,0,0
628.35,249.768,-5.575,-0.528,430,225,-1,0,0,0
622.775,249.239,-5.575,-0.528,425,225,-1,0,0,0
617.199,248.711,-5.575,-0.528,420,225,-1,0,0,0
611.624,248.183,-5.575,-0.528,415,225,-1,0,0,0
606.049,247.654,-5.575,-0.528,410,225,-1,0,0,0
600.474,247.126,-5.575,-0.528,405,225,-1,0,0,0
594.899,246.598,-5.575,-0.528,400,225,-1,0,0,0
589.324,246.069,-5.575,-0.528,395,225,-1,0,0,0
583.749,245.541,-5.575,-0.528,390,225,-1,0,0,0
578.174,245.013,-5.575,-0.528,385,225,-1,0,0,0
572.599,244.484,-5.575,-0.528,380,225,-1,0,0,0
567.024,243.956,-5.575,-0.528,375,225,-1,0,0,0
561.449,243.428,-5.575,-0.528,370,225,-1,0,0,0
555.874,242.899,-5.575,-0.528,365,225,-1,0,0,0
550.299,242.371,-5.575,-0.528,360,225,-1,0,0,0
544.724,241.843,-5.575,-0.528,355,225,-1,0,0,0
539.149,241.314,-5.575,-0.528,350,225,-1,0,0,0
533.574,240.786,-5.575,-0.528,345,225,-1,0,0,0
527.999,240.258,-5.575,-0.528,340,225,-1,0,0,0
522.424,239.729,-5.575,-0.528,335,225,-1,0,0,0
516.849,239.201,-5.575,-0.528,330,225,-1,0,0,0
511.274,238.673,-5.575,-0.528,325,225,-1,0,0,0
505.699,238.144,-5.575,-0.528,320,225,-1,0,0,0
500.124,237.616,-5.575,-0.528,315,225,-1,0,0,0
494.549,237.088,-5.575,-0.528,310,225,-1,0,0,0
488.974,236.559,-5.575,-0.528,305,225,-1,0,0,0
483.399,236.031,-5.575,-0.528,300,225,-1,0,0,0
477.824,235.503,-5.575,-0.528,295,225,-1,0,0,0
472.249,234.974,-5.575,-0.528,290,225,-1,0,0,0
466.674,234.446,-5.575,-0.528,285,225,-1,0,0,0
461.099,233.918,-5.575,-0.528,280,225,-1,0,0,0
455.524,233.389,-5.575,-0.528,275,225,-1,0,0,0
449.949,232.861,-5.575,-0.528,270,225,-1,0,0,0
444.374,232.333,-5.575,-0.528,265,225,-1,0,0,0
438.799,231.804,-5.575,-0.528,260,225,-1,0,0,0
433.224,231.276,-5.575,-0.528,255,225,-1,0,0,0
427.649,230.748,-5.575,-0.528,250,225,-1,0,0,0
422.074,230.219,-5.575,-0.528,245,225,-1,0,0,0
416.499,229.691,-5.575,-0.528,240,225,-1,0,0,0
410.924,229.163,-5.575,-0.528,235,225,-1,0,0,0
405.349,228.634,-5.575,-0.528,230,225,-1,0,0,0
399.774,228.106,-5.575,-0.528,225,225,-1,0,0,0
394.199,227.578,-5.575,-0.528,220,225,-1,0,0,0
388.624,227.049,-5.575,-0.528,215,225,-1,0,0,0
383.049,226.521,-5.575,-0.528,210,225,-1,0,0,0
377.474,225.993,-5.575,-0.528,205,225,-1,0,0,0
371.899,225.464,-5.575,-0.528,200,225,-1,0,0,0
366.324,224.936,-5.575,-0.528,195,225,-1,0,0,0
360.749,224.408,-5.575,-0.528,190,225,-1,0,0,0
355.173,223.879,-5.575,-0.528,185,225,-1,0,0,0
349.598,223.351,-5.575,-0.528,185,225,0,0,0,0
344.023,222.823,-5.575,-0.528,185,225,0,0,0,0
338.448,222.294,-5.575,-0.528,185,225,0,0,0,0
332.873,221.766,-5.575,-0.528,185,225,0,0,0,0
327.298,221.238,-5.575,-0.528,185,225,0,0,0,0
321.723,220.709,-5.575,-0.528,185,225,0,0,0,0
316.148,220.181,-5.575,-0.528,185,225,0,0,0,0
310.573,219.653,-5.575,-0.528,185,225,0,0,0,0
304.998,219.124,-5.575,-0.528,185,225,0,0,0,0
299.423,218.596,-5.575,-0.528,185,225,0,0,0,0
293.848,218.068,-5.575,-0.528,185,225,0,0,0,0
288.273,217.539,-5.575,-0.528,185,225,0,0,0,0
282.698,217.011,-5.575,-0.528,185,225,0,0,0,0
277.123,216.483,-5.575,-0.528,185,225,0,0,0,0
271.548,215.954,-5.575,-0.528,185,225,0,0,0,0
265.973,215.426,-5.575,-0.528,185,225,0,0,0,0
260.398,214.898,-5.575,-0.528,185,225,0,0,0,0
254.823,214.369,-5.575,-0.528,185,225,0,0,0,0
249.248,213.841,-5.575,-0.528,185,225,0,0,0,0
243.673,213.313,-5.575,-0.528,185,225,0,0,0,0
238.098,212.784,-5.575,-0.528,185,225,0,0,0,0
232.523,212.256,-5.575,-0.528,185,225,0,0,0,0
226.948,211.728,-5.575,-0.528,185,225,0,0,0,0
221.373,211.199,-5.575,-0.528,185,225,0,0,0,0
215.798,210.671,-5.575,-0.528,185,225,0,0,0,0
210.223,210.143,-5.575,-0.528,185,225,0,0,0,0
204.648,209.614,-5.575,-0.528,185,225,0,0,0,0
199.073,209.086,-5.575,-0.528,185,225,0,0,0,0
193.498,208.558,-5.575,-0.528,180,225,-1,0,0,0
187.923,208.029,-5.575,-0.528,175,225,-1,0,0,0
182.348,207.501,-5.575,-0.528,170,225,-1,0,0,0
176.773,206.973,-5.575,-0.528,165,225,-1,0,0,0
171.198,206.444,-5.575,-0.528,160,225,-1,0,0,0
165.623,205.916,-5.575,-0.528,160,225,0,0,0,0
160.048,205.388,-5.575,-0.528,160,225,0,0,0,0
154.473,204.859,-5.575,-0.528,160,225,0,0,0,0
148.898,204.331,-5.575,-0.528,160,225,0,0,0,0
143.323,203.803,-5.575,-0.528,160,225,0,0,0,0
137.748,203.274,-5.575,-0.528,160,225,0,0,0,0
132.173,202.746,-5.575,-0.528,160,225,0,0,0,0
126.598,202.218,-5.575,-0.528,160,225,0,0,0,0
121.023,201.689,-5.575,-0.528,160,225,0,0,0,0
115.448,201.161,-5.575,-0.528,160,225,0,0,0,0
109.873,200.633,-5.575,-0.528,160,225,0,0,0,0
104.298,200.104,-5.575,-0.528,160,225,0,0,0,0
98.722,199.576,-5.575,-0.528,160,225,0,0,0,0
93.147,199.048,-5.575,-0.528,160,225,0,0,0,0
87.572,198.519,-5.575,-0.528,160,225,0,0,0,0
81.997,197.991,-5.575,-0.528,160,225,0,0,0,0
76.422,197.463,-5.575,-0.528,160,225,0,0,0,0
70.847,196.934,-5.575,-0.528,160,225,0,0,0,0
65.272,196.406,-5.575,-0.528,160,225,0,0,0,0
59.697,195.878,-5.575,-0.528,160,225,0,0,0,0
54.122,195.349,-5.575,-0.528,160,225,0,0,0,0
48.547,194.821,-5.575,-0.528,160,225,0,0,0,0
49.0,194.293,5.834,-0.878,160,225,0,0,0,0
54.834,193.414,5.834,-0.878,160,225,0,0,0,0
60.669,192.536,5.834,-0.878,160,225,0,0,0,0
66.503,191.658,5.834,-0.878,160,225,0,0,0,0
72.337,190.779,5.834,-0.878,160,225,0,0,0,0
78.171,189.901,5.834,-0.878,160,225,0,0,0,0
84.006,189.023,5.834,-0.878,160,225,0,0,0,0
89.84,188.144,5.834,-0.878,160,225,0,0,0,0
95.674,187.266,5.834,-0.878,160,225,0,0,0,0
101.508,186.388,5.834,-0.878,160,225,0,0,0,0
107.343,185.51,5.834,-0.878,160,225,0,0,0,0
113.177,184.631,5.834,-0.878,160,225,0,0,0,0
119.011,183.753,5.834,-0.878,160,225,0,0,0,0
124.845,182.875,5.834,-0.878,160,225,0,0,0,0
130.68,181.996,5.834,-0.878,160,225,0,0,0,0
136.514,181.118,5.834,-0.878,160,225,0,0,0,0
142.348,180.24,5.834,-0.878,160,225,0,0,0,0
148.182,179.361,5.834,-0.878,160,225,0,0,0,0
154.017,178.483,5.834,-0.878,160,225,0,0,0,0
159.851,177.605,5.834,-0.878,160,225,0,0,0,0
165.685,176.727,5.834,-0.878,160,225,0,0,0,0
171.519,175.848,5.834,-0.878,160,220,0,-1,0,0
177.354,174.97,5.834,-0.878,160,215,0,-1,0,0
183.188,174.092,5.834,-0.878,160,210,0,-1,0,0
189.022,173.213,5.834,-0.878,160,205,0,-1,0,0
194.856,172.335,5.834,-0.878,160,200,0,-1,0,0
200.691,171.457,5.834,-0.878,160,195,0,-1,0,0
206.525,170.578,5.834,-0.878,160,190,0,-1,0,0
212.359,169.7,5.834,-0.878,160,185,0,-1,0,0
218.194,168.822,5.834,-0.878,160,180,0,-1,0,0
224.028,167.943,5.834,-0.878,160,175,0,-1,0,0
229.862,167.065,5.834,-0.878,160,170,0,-1,0,0
235.696,166.187,5.834,-0.878,160,165,0,-1,0,0
241.531,165.309,5.834,-0.878,160,160,0,-1,0,0
247.365,164.43,5.834,-0.878,160,155,0,-1,0,0
253.199,163.552,5.834,-0.878,160,150,0,-1,0,0
259.033,162.674,5.834,-0.878,160,145,0,-1,0,0
264.868,161.795,5.834,-0.878,160,140,0,-1,0,0
270.702,160.917,5.834,-0.878,160,135,0,-1,0,0
276.536,160.039,5.834,-0.878,160,130,0,-1,0,0
282.37,159.16,5.834,-0.878,160,125,0,-1,0,0
288.205,158.282,5.834,-0.878,160,120,0,-1,0,0
294.039,157.404,5.834,-0.878,160,115,0,-1,0,0
299.873,156.526,5.834,-0.878,160,110,0,-1,0,0
305.707,155.647,5.834,-0.878,160,105,0,-1,0,0
311.542,154.769,5.834,-0.878,160,100,0,-1,0,0
317.376,153.891,5.834,-0.878,160,95,0,-1,0,0
323.21,153.012,5.834,-0.878,160,95,0,0,0,0
329.044,152.134,5.834,-0.878,160,95,0,0,0,0
334.879,151.256,5.834,-0.878,160,95,0,0,0,0
340.713,150.377,5.834,-0.878,160,95,0,0,0,0
346.547,149.499,5.834,-0.878,160,95,0,0,0,0
352.381,148.621,5.834,-0.878,160,95,0,0,0,0
358.216,147.743,5.834,-0.878,160,95,0,0,0,0
364.05,146.864,5.834,-0.878,160,95,0,0,0,0
369.884,145.986,5.834,-0.878,160,95,0,0,0,0
375.719,145.108,5.834,-0.878,160,95,0,0,0,0
381.553,144.229,5.834,-0.878,160,95,0,0,0,0
387.387,143.351,5.834,-0.878,160,95,0,0,0,0
393.221,142.473,5.834,-0.878,160,95,0,0,0,0
399.056,141.594,5.834,-0.878,160,95,0,0,0,0
404.89,140.716,5.834,-0.878,160,95,0,0,0,0
410.724,139.838,5.834,-0.878,160,95,0,0,0,0
416.558,138.96,5.834,-0.878,160,95,0,0,0,0
422.393,138.081,5.834,-0.878,160,95,0,0,0,0
428.227,137.203,5.834,-0.878,160,90,0,-1,0,0
434.061,136.325,5.834,-0.878,160,85,0,-1,0,0
439.895,135.446,5.834,-0.878,160,80,0,-1,0,0
445.73,134.568,5.834,-0.878,160,75,0,-1,0,0
451.564,133.69,5.834,-0.878,160,70,0,-1,0,0
457.398,132.811,5.834,-0.878,160,65,0,-1,0,0
463.232,131.933,5.834,-0.878,160,60,0,-1,0,0
469.067,131.055,5.834,-0.878,160,55,0,-1,0,0
474.901,130.176,5.834,-0.878,160,50,0,-1,0,0
480.735,129.298,5.834,-0.878,160,50,0,0,0,0
486.569,128.42,5.834,-0.878,160,50,0,0,0,0
492.404,127.542,5.834,-0.878,160,50,0,0,0,0
498.238,126.663,5.834,-0.878,160,50,0,0,0,0
504.072,125.785,5.834,-0.878,160,50,0,0,0,0
509.907,124.907,5.834,-0.878,160,50,0,0,0,0
515.741,124.028,5.834,-0.878,160,50,0,0,0,0
521.575,123.15,5.834,-0.878,160,50,0,0,0,0
527.409,122.272,5.834,-0.878,160,50,0,0,0,0
533.244,121.393,5.834,-0.878,160,50,0,0,0,0
539.078,120.515,5.834,-0.878,160,50,0,0,0,0
544.912,119.637,5.834,-0.878,160,50,0,0,0,0
550.746,118.759,5.834,-0.878,160,50,0,0,0,0
556.581,117.88,5.834,-0.878,160,50,0,0,0,0
562.415,117.002,5.834,-0.878,160,50,0,0,0,0
568.249,116.124,5.834,-0.878,160,50,0,0,0,0
574.083,115.245,5.834,-0.878,160,50,0,0,0,0
579.918,114.367,5.834,-0.878,160,50,0,0,0,0
585.752,113.489,5.834,-0.878,160,50,0,0,0,0
591.586,112.61,5.834,-0.878,160,50,0,0,0,0
597.42,111.732,5.834,-0.878,160,50,0,0,0,0
603.255,110.854,5.834,-0.878,160,50,0,0,0,0
609.089,109.976,5.834,-0.878,160,50,0,0,0,0
614.923,109.097,5.834,-0.878,160,50,0,0,0,0
620.757,108.219,5.834,-0.878,160,50,0,0,0,0
626.592,107.341,5.834,-0.878,160,50,0,0,0,0
632.426,106.462,5.834,-0.878,160,50,0,0,0,0
638.26,105.584,5.834,-0.878,160,50,0,0,0,0
644.094,104.706,5.834,-0.878,160,50,0,0,0,0
649.929,103.827,5.834,-0.878,160,50,0,0,0,0
655.763,102.949,5.834,-0.878,160,50,0,0,0,0
661.597,102.071,5.834,-0.878,160,50,0,0,0,0
667.432,101.193,5.834,-0.878,160,50,0,0,0,0
673.266,100.314,5.834,-0.878,160,50,0,0,0,0
679.1,99.436,5.834,-0.878,160,50,0,0,0,0
684.934,98.558,5.834,-0.878,160,50,0,0,0,0
690.769,97.679,5.834,-0.878,160,50,0,0,0,0
696.603,96.801,5.834,-0.878,160,50,0,0,0,0
702.437,95.923,5.834,-0.878,160,50,0,0,0,0
708.271,95.044,5.834,-0.878,160,50,0,0,0,0
714.106,94.166,5.834,-0.878,160,50,0,0,0,0
719.94,93.288,5.834,-0.878,160,50,0,0,0,0
725.774,92.409,5.834,-0.878,160,50,0,0,0,0
731.608,91.531,5.834,-0.878,160,50,0,0,0,0
737.443,90.653,5.834,-0.878,160,50,0,0,0,0
743.277,89.775,5.834,-0.878,160,50,0,0,0,0
749.111,88.896,5.834,-0.878,160,50,0,0,0,0
751.0,88.018,-6.192,-0.322,160,50,0,0,0,0
744.808,87.696,-6.192,-0.322,160,50,0,0,0,0
738.617,87.375,-6.192,-0.322,160,50,0,0,0,0
732.425,87.053,-6.192,-0.322,160,50,0,0,0,0
726.233,86.732,-6.192,-0.322,160,50,0,0,0,0
720.042,86.41,-6.192,-0.322,160,50,0,0,0,0
713.85,86.089,-6.192,-0.322,155,50,-1,0,0,0
707.658,85.767,-6.192,-0.322,150,50,-1,0,0,0
701.467,85.445,-6.192,-0.322,145,50,-1,0,0,0
695.275,85.124,-6.192,-0.322,140,50,-1,0,0,0
689.083,84.802,-6.192,-0.322,135,50,-1,0,0,0
682.892,84.481,-6.192,-0.322,130,50,-1,0,0,0
676.7,84.159,-6.192,-0.322,125,50,-1,0,0,0
670.508,83.838,-6.192,-0.322,120,50,-1,0,0,0
664.317,83.516,-6.192,-0.322,115,50,-1,0,0,0
658.125,83.194,-6.192,-0.322,110,50,-1,0,0,0
651.934,82.873,-6.192,-0.322,105,50,-1,0,0,0
645.742,82.551,-6.192,-0.322,100,50,-1,0,0,0
639.55,82.23,-6.192,-0.322,95,50,-1,0,0,0
633.359,81.908,-6.192,-0.322,90,50,-1,0,0,0
627.167,81.587,-6.192,-0.322,85,50,-1,0,0,0
620.975,81.265,-6.192,-0.322,80,50,-1,0,0,0
614.784,80.944,-6.192,-0.322,75,50,-1,0,0,0
608.592,80.622,-6.192,-0.322,70,50,-1,0,0,0
602.4,80.3,-6.192,-0.322,65,50,-1,0,0,0
596.209,79.979,-6.192,-0.322,60,50,-1,0,0,0
590.017,79.657,-6.192,-0.322,55,50,-1,0,0,0
583.825,79.336,-6.192,-0.322,50,50,-1,0,0,0
577.634,79.014,-6.192,-0.322,45,50,-1,0,0,0
571.442,78.693,-6.192,-0.322,40,50,-1,0,0,0
565.25,78.371,-6.192,-0.322,35,50,-1,0,0,0
559.059,78.049,-6.192,-0.322,30,50,-1,0,0,0
552.867,77.728,-6.192,-0.322,25,50,-1,0,0,0
546.675,77.406,-6.192,-0.322,25,50,0,0,0,0
540.484,77.085,-6.192,-0.322,25,50,0,0,0,0
534.292,76.763,-6.192,-0.322,25,50,0,0,0,0
528.1,76.442,-6.192,-0.322,25,50,0,0,0,0
521.909,76.12,-6.192,-0.322,25,50,0,0,0,0
515.717,75.798,-6.192,-0.322,25,50,0,0,0,0
509.525,75.477,-6.192,-0.322,25,50,0,0,0,0
503.334,75.155,-6.192,-0.322,25,50,0,0,0,0
497.142,74.834,-6.192,-0.322,25,50,0,0,0,0
490.95,74.512,-6.192,-0.322,25,50,0,0,0,0
484.759,74.191,-6.192,-0.322,25,50,0,0,0,0
478.567,73.869,-6.192,-0.322,25,50,0,0,0,0
472.376,73.547,-6.192,-0.322,25,50,0,0,0,0
466.184,73.226,-6.192,-0.322,25,50,0,0,0,0
459.992,72.904,-6.192,-0.322,25,50,0,0,0,0
453.801,72.583,-6.192,-0.322,25,50,0,0,0,0
447.609,72.261,-6.192,-0.322,25,50,0,0,0,0
441.417,71.94,-6.192,-0.322,25,50,0,0,0,0
435.226,71.618,-6.192,-0.322,25,50,0,0,0,0
429.034,71.296,-6.192,-0.322,25,50,0,0,0,0
422.842,70.975,-6.192,-0.322,25,50,0,0,0,0
416.651,70.653,-6.192,-0.322,25,50,0,0,0,0
410.459,70.332,-6.192,-0.322,25,50,0,0,0,0
404.267,70.01,-6.192,-0.322,25,50,0,0,0,0
398.076,69.689,-6.192,-0.322,25,50,0,0,0,0
391.884,69.367,-6.192,-0.322,25,50,0,0,0,0
385.692,69.046,-6.192,-0.322,25,50,0,0,0,0
379.501,68.724,-6.192,-0.322,25,50,0,0,0,0
373.309,68.402,-6.192,-0.322,25,50,0,0,0,0
367.117,68.081,-6.192,-0.322,25,50,0,0,0,0
360.926,67.759,-6.192,-0.322,25,50,0,0,0,0
354.734,67.438,-6.192,-0.322,25,50,0,0,0,0
348.542,67.116,-6.192,-0.322,25,50,0,0,0,0
342.351,66.795,-6.192,-0.322,25,50,0,0,0,0
336.159,66.473,-6.192,-0.322,25,50,0,0,0,0
329.967,66.151,-6.192,-0.322,25,50,0,0,0,0
323.776,65.83,-6.192,-0.322,25,50,0,0,0,0
317.584,65.508,-6.192,-0.322,25,50,0,0,0,0
311.392,65.187,-6.192,-0.322,25,50,0,0,0,0
305.201,64.865,-6.192,-0.322,25,50,0,0,0,0
299.009,64.544,-6.192,-0.322,25,50,0,0,0,0
292.818,64.222,-6.192,-0.322,25,50,0,0,0,0
286.626,63.9,-6.192,-0.322,25,50,0,0,0,0
280.434,63.579,-6.192,-0.322,25,50,0,0,0,0
274.243,63.257,-6.192,-0.322,25,50,0,0,0,0
268.051,62.936,-6.192,-0.322,25,50,0,0,0,0
261.859,62.614,-6.192,-0.322,25,50,0,0,0,0
255.668,62.293,-6.192,-0.322,25,50,0,0,0,0
249.476,61.971,-6.192,-0.322,25,50,0,0,0,0
243.284,61.649,-6.192,-0.322,25,50,0,0,0,0
237.093,61.328,-6.192,-0.322,25,50,0,0,0,0
230.901,61.006,-6.192,-0.322,25,50,0,0,0,0
224.709,60.685,-6.192,-0.322,25,50,0,0,0,0
218.518,60.363,-6.192,-0.322,25,50,0,0,0,0
212.326,60.042,-6.192,-0.322,25,50,0,0,0,0
206.134,59.72,-6.192,-0.322,25,50,0,0,0,0
199.943,59.398,-6.192,-0.322,25,50,0,0,0,0
193.751,59.077,-6.192,-0.322,25,50,0,0,0,0
187.559,58.755,-6.192,-0.322,25,50,0,0,0,0
181.368,58.434,-6.192,-0.322,25,50,0,0,0,0
175.176,58.112,-6.192,-0.322,25,50,0,0,0,0
168.984,57.791,-6.192,-0.322,25,50,0,0,0,0
162.793,57.469,-6.192,-0.322,25,50,0,0,0,0
156.601,57.148,-6.192,-0.322,25,50,0,0,0,0
150.409,56.826,-6.192,-0.322,25,50,0,0,0,0
144.218,56.504,-6.192,-0.322,25,50,0,0,0,0
138.026,56.183,-6.192,-0.322,25,50,0,0,0,0
131.834,55.861,-6.192,-0.322,25,50,0,0,0,0
125.643,55.54,-6.192,-0.322,25,50,0,0,0,0
119.451,55.218,-6.192,-0.322,25,50,0,0,0,0
113.26,54.897,-6.192,-0.322,25,50,0,0,0,0
107.068,54.575,-6.192,-0.322,25,50,0,0,0,0
100.876,54.253,-6.192,-0.322,25,50,0,0,0,0
94.685,53.932,-6.192,-0.322,25,50,0,0,0,0
88.493,53.61,-6.192,-0.322,25,50,0,0,0,0
82.301,53.289,-6.192,-0.322,25,50,0,0,0,0
76.11,52.967,-6.192,-0.322,25,50,0,0,0,0
69.918,52.646,-6.192,-0.322,25,50,0,0,0,0
63.726,52.324,-6.192,-0.322,25,50,0,0,0,0
57.535,52.002,-6.192,-0.322,25,50,0,0,0,0
51.343,51.681,-6.192,-0.322,25,50,0,0,0,0
49.0,51.359,6.09,-2.272,25,50,0,0,0,0
55.09,49.087,6.09,-2.272,25,50,0,0,0,0
61.18,46.815,6.09,-2.272,25,50,0,0,0,0
67.27,44.543,6.09,-2.272,25,50,0,0,0,0
73.36,42.27,6.09,-2.272,25,50,0,0,0,0
79.45,39.998,6.09,-2.272,25,50,0,0,0,0
85.539,37.726,6.09,-2.272,25,50,0,0,0,0
91.629,35.454,6.09,-2.272,25,50,0,0,0,0
97.719,33.182,6.09,-2.272,25,50,0,0,0,0
103.809,30.909,6.09,-2.272,25,50,0,0,0,0
109.899,28.637,6.09,-2.272,25,50,0,0,0,0
115.989,26.365,6.09,-2.272,25,50,0,0,0,0
122.079,24.093,6.09,-2.272,25,50,0,0,0,0
128.169,21.821,6.09,-2.272,25,50,0,0,0,0
134.259,19.548,6.09,-2.272,25,50,0,0,0,0
140.349,17.276,6.09,-2.272,25,50,0,0,0,0
146.439,15.004,6.09,-2.272,25,50,0,0,0,0
152.529,12.732,6.09,-2.272,25,50,0,0,0,0
158.618,10.46,6.09,-2.272,25,50,0,0,0,0
164.708,8.187,6.09,-2.272,25,50,0,0,0,0
170.798,6.0,6.09,2.272,25,50,0,0,0,0
176.888,8.272,6.09,2.272,25,50,0,0,0,0
182.978,10.544,6.09,2.272,25,50,0,0,0,0
189.068,12.817,6.09,2.272,25,50,0,0,0,0
195.158,15.089,6.09,2.272,25,50,0,0,0,0
201.248,17.361,6.09,2.272,25,50,0,0,0,0
207.338,19.633,6.09,2.272,25,50,0,0,0,0
213.428,21.905,6.09,2.272,25,50,0,0,0,0
219.518,24.178,6.09,2.272,25,50,0,0,0,0
225.608,26.45,6.09,2.272,25,50,0,0,0,0
231.697,28.722,6.09,2.272,25,50,0,0,0,0
237.787,30.994,6.09,2.272,25,50,0,0,0,0
243.877,33.267,6.09,2.272,25,50,0,0,0,0
249.967,35.539,6.09,2.272,25,50,0,0,0,0
256.057,37.811,6.09,2.272,25,50,0,0,0,0
262.147,40.083,6.09,2.272,25,50,0,0,0,0
268.237,42.355,6.09,2.272,25,50,0,0,0,0
274.327,44.628,6.09,2.272,25,50,0,0,0,0
280.417,46.9,6.09,2.272,25,50,0,0,0,0
286.507,49.172,6.09,2.272,25,50,0,0,0,0
292.597,51.444,6.09,2.272,25,50,0,0,0,0
298.687,53.716,6.09,2.272,25,50,0,0,0,0
304.776,55.989,6.09,2.272,25,50,0,0,0,0
310.866,58.261,6.09,2.272,25,50,0,0,0,0
316.956,60.533,6.09,2.272,25,50,0,0,0,0
323.046,62.805,6.09,2.272,25,55,0,1,0,0
329.136,65.077,6.09,2.272,25,60,0,1,0,0
335.226,67.35,6.09,2.272,25,65,0,1,0,0
341.316,69.622,6.09,2.272,25,70,0,1,0,0
347.406,71.894,6.09,2.272,25,75,0,1,0,0
353.496,74.166,6.09,2.272,25,80,0,1,0,0
359.586,76.439,6.09,2.272,25,85,0,1,0,0
365.676,78.711,6.09,2.272,25,90,0,1,0,0
371.765,80.983,6.09,2.272,25,95,0,1,0,0
377.855,83.255,6.09,2.272,25,100,0,1,0,0
383.945,85.527,6.09,2.272,25,105,0,1,0,0
390.035,87.8,6.09,2.272,25,110,0,1,0,0
396.125,90.072,6.09,2.272,25,115,0,1,0,0
402.215,92.344,6.09,2.272,25,120,0,1,0,0
408.305,94.616,6.09,2.272,25,125,0,1,0,0
414.395,96.888,6.09,2.272,25,130,0,1,0,0
420.485,99.161,6.09,2.272,25,135,0,1,0,0
426.575,101.433,6.09,2.272,25,140,0,1,0,0
432.665,103.705,6.09,2.272,25,145,0,1,0,0
438.755,105.977,6.09,2.272,25,150,0,1,0,0
444.844,108.249,6.09,2.272,25,155,0,1,0,0
450.934,110.522,6.09,2.272,25,160,0,1,0,0
457.024,112.794,6.09,2.272,25,165,0,1,0,0
463.114,115.066,6.09,2.272,25,170,0,1,0,0
469.204,117.338,6.09,2.272,25,175,0,1,0,0
475.294,119.611,6.09,2.272,25,180,0,1,0,0
481.384,121.883,6.09,2.272,25,185,0,1,0,0
487.474,124.155,6.09,2.272,25,190,0,1,0,0
493.564,126.427,6.09,2.272,25,195,0,1,0,0
499.654,128.699,6.09,2.272,25,200,0,1,0,0
505.744,130.972,6.09,2.272,25,200,0,0,0,0
511.834,133.244,6.09,2.272,25,200,0,0,0,0
517.923,135.516,6.09,2.272,25,200,0,0,0,0
524.013,137.788,6.09,2.272,25,200,0,0,0,0
530.103,140.06,6.09,2.272,25,200,0,0,0,0
536.193,142.333,6.09,2.272,25,200,0,0,0,0
542.283,144.605,6.09,2.272,25,200,0,0,0,0
548.373,146.877,6.09,2.272,25,200,0,0,0,0
554.463,149.149,6.09,2.272,25,200,0,0,0,0
560.553,151.421,6.09,2.272,25,200,0,0,0,0
566.643,153.694,6.09,2.272,25,200,0,0,0,0
572.733,155.966,6.09,2.272,25,200,0,0,0,0
578.823,158.238,6.09,2.272,25,200,0,0,0,0
584.912,160.51,6.09,2.272,25,200,0,0,0,0
591.002,162.783,6.09,2.272,25,200,0,0,0,0
597.092,165.055,6.09,2.272,25,200,0,0,0,0
603.182,167.327,6.09,2.272,25,200,0,0,0,0
609.272,169.599,6.09,2.272,25,200,0,0,0,0
615.362,171.871,6.09,2.272,25,200,0,0,0,0
621.452,174.144,6.09,2.272,25,200,0,0,0,0
627.542,176.416,6.09,2.272,25,200,0,0,0,0
633.632,178.688,6.09,2.272,25,200,0,0,0,0
639.722,180.96,6.09,2.272,25,200,0,0,0,0
645.812,183.232,6.09,2.272,25,200,0,0,0,0
651.902,185.505,6.09,2.272,25,200,0,0,0,0
657.991,187.777,6.09,2.272,25,200,0,0,0,0
664.081,190.049,6.09,2.272,25,200,0,0,0,0
670.171,192.321,6.09,2.272,25,200,0,0,0,0
676.261,194.593,6.09,2.272,25,200,0,0,0,0
682.351,196.866,6.09,2.272,25,200,0,0,0,0
688.441,199.138,6.09,2.272,25,200,0,0,0,0
694.531,201.41,6.09,2.272,25,200,0,0,0,0
700.621,203.682,6.09,2.272,25,200,0,0,0,0
706.711,205.954,6.09,2.272,25,200,0,0,0,0
712.801,208.227,6.09,2.272,25,200,0,0,0,0
718.891,210.499,6.09,2.272,25,200,0,0,0,0
724.981,212.771,6.09,2.272,25,200,0,0,0,0
731.07,215.043,6.09,2.272,25,200,0,0,0,0
737.16,217.316,6.09,2.272,25,200,0,0,0,0
743.25,219.588,6.09,2.272,25,200,0,0,0,0
749.34,221.86,6.09,2.272,25,200,0,0,0,0
751.0,224.132,-6.222,-2.744,25,200,0,0,0,0
744.778,221.388,-6.222,-2.744,25,200,0,0,0,0
738.557,218.644,-6.222,-2.744,25,200,0,0,0,0
732.335,215.899,-6.222,-2.744,25,200,0,0,0,0
726.113,213.155,-6.222,-2.744,25,200,0,0,0,0
719.892,210.411,-6.222,-2.744,25,200,0,0,0,0
713.67,207.666,-6.222,-2.744,25,200,0,0,0,0
707.449,204.922,-6.222,-2.744,25,200,0,0,0,0
701.227,202.178,-6.222,-2.744,30,200,1,0,0,0
695.005,199.434,-6.222,-2.744,35,200,1,0,0,0
688.784,196.689,-6.222,-2.744,40,200,1,0,0,0
682.562,193.945,-6.222,-2.744,45,200,1,0,0,0
676.34,191.201,-6.222,-2.744,50,200,1,0,0,0
670.119,188.456,-6.222,-2.744,55,200,1,0,0,0
663.897,185.712,-6.222,-2.744,60,200,1,0,0,0
657.675,182.968,-6.222,-2.744,65,200,1,0,0,0
651.454,180.223,-6.222,-2.744,70,200,1,0,0,0
645.232,177.479,-6.222,-2.744,75,200,1,0,0,0
639.01,174.735,-6.222,-2.744,80,200,1,0,0,0
632.789,171.991,-6.222,-2.744,85,200,1,0,0,0
626.567,169.246,-6.222,-2.744,90,200,1,0,0,0
620.346,166.502,-6.222,-2.744,95,200,1,0,0,0
614.124,163.758,-6.222,-2.744,100,200,1,0,0,0
607.902,161.013,-6.222,-2.744,105,200,1,0,0,0
601.681,158.269,-6.222,-2.744,110,200,1,0,0,0
595.459,155.525,-6.222,-2.744,110,200,0,0,0,0
589.237,152.78,-6.222,-2.744,110,200,0,0,0,0
583.016,150.036,-6.222,-2.744,110,200,0,0,0,0
576.794,147.292,-6.222,-2.744,110,200,0,0,0,0
570.572,144.548,-6.222,-2.744,110,200,0,0,0,0
564.351,141.803,-6.222,-2.744,110,200,0,0,0,0
558.129,139.059,-6.222,-2.744,110,200,0,0,0,0
551.907,136.315,-6.222,-2.744,110,200,0,0,0,0
545.686,133.57,-6.222,-2.744,105,200,-1,0,0,0
539.464,130.826,-6.222,-2.744,100,200,-1,0,0,0
533.243,128.082,-6.222,-2.744,95,200,-1,0,0,0
527.021,125.338,-6.222,-2.744,90,200,-1,0,0,0
520.799,122.593,-6.222,-2.744,85,200,-1,0,0,0
514.578,119.849,-6.222,-2.744,80,200,-1,0,0,0
508.356,117.105,-6.222,-2.744,75,200,-1,0,0,0
502.134,114.36,-6.222,-2.744,70,200,-1,0,0,0
495.913,111.616,-6.222,-2.744,65,200,-1,0,0,0
489.691,108.872,-6.222,-2.744,60,200,-1,0,0,0
483.469,106.127,-6.222,-2.744,60,200,0,0,0,0
477.248,103.383,-6.222,-2.744,60,200,0,0,0,0
471.026,100.639,-6.222,-2.744,60,200,0,0,0,0
464.804,97.895,-6.222,-2.744,60,200,0,0,0,0
458.583,95.15,-6.222,-2.744,60,200,0,0,0,0
452.361,92.406,-6.222,-2.744,60,200,0,0,0,0
446.14,89.662,-6.222,-2.744,60,200,0,0,0,0
439.918,86.917,-6.222,-2.744,60,200,0,0,0,0
433.696,84.173,-6.222,-2.744,60,200,0,0,0,0
427.475,81.429,-6.222,-2.744,60,200,0,0,0,0
421.253,78.684,-6.222,-2.744,60,200,0,0,0,0
415.031,75.94,-6.222,-2.744,60,200,0,0,0,0
408.81,73.196,-6.222,-2.744,60,200,0,0,0,0
402.588,70.452,-6.222,-2.744,60,200,0,0,0,0
396.366,67.707,-6.222,-2.744,60,200,0,0,0,0
390.145,64.963,-6.222,-2.744,60,200,0,0,0,0
383.923,62.219,-6.222,-2.744,60,200,0,0,0,0
377.701,59.474,-6.222,-2.744,60,200,0,0,0,0
371.48,56.73,-6.222,-2.744,60,200,0,0,0,0
365.258,53.986,-6.222,-2.744,60,200,0,0,0,0
359.037,51.242,-6.222,-2.744,60,200,0,0,0,0
352.815,48.497,-6.222,-2.744,60,200,0,0,0,0
346.593,45.753,-6.222,-2.744,60,200,0,0,0,0
340.372,43.009,-6.222,-2.744,60,200,0,0,0,0
334.15,40.264,-6.222,-2.744,60,200,0,0,0,0
327.928,37.52,-6.222,-2.744,60,200,0,0,0,0
321.707,34.776,-6.222,-2.744,60,200,0,0,0,0
315.485,32.031,-6.222,-2.744,60,200,0,0,0,0
309.263,29.287,-6.222,-2.744,60,200,0,0,0,0
303.042,26.543,-6.222,-2.744,60,200,0,0,0,0
296.82,23.799,-6.222,-2.744,60,200,0,0,0,0
290.598,21.054,-6.222,-2.744,60,200,0,0,0,0
284.377,18.31,-6.222,-2.744,60,200,0,0,0,0
278.155,15.566,-6.222,-2.744,60,200,0,0,0,0
271.934,12.821,-6.222,-2.744,60,200,0,0,0,0
265.712,10.077,-6.222,-2.744,60,200,0,0,0,0
259.49,7.333,-6.222,-2.744,60,200,0,0,0,0
253.269,6.0,-6.222,2.744,60,200,0,0,0,0
247.047,8.744,-6.222,2.744,60,200,0,0,0,0
240.825,11.489,-6.222,2.744,60,200,0,0,0,0
234.604,14.233,-6.222,2.744,60,200,0,0,0,0
228.382,16.977,-6.222,2.744,60,200,0,0,0,0
222.16,19.721,-6.222,2.744,60,200,0,0,0,0
215.939,22.466,-6.222,2.744,60,200,0,0,0,0
209.717,25.21,-6.222,2.744,60,200,0,0,0,0
203.495,27.954,-6.222,2.744,60,200,0,0,0,0
197.274,30.699,-6.222,2.744,60,200,0,0,0,0
191.052,33.443,-6.222,2.744,60,200,0,0,0,0
184.831,36.187,-6.222,2.744,60,200,0,0,0,0
178.609,38.932,-6.222,2.744,60,200,0,0,0,0
172.387,41.676,-6.222,2.744,60,200,0,0,0,0
166.166,44.42,-6.222,2.744,60,200,0,0,0,0
159.944,47.164,-6.222,2.744,60,200,0,0,0,0
153.722,49.909,-6.222,2.744,60,200,0,0,0,0
147.501,52.653,-6.222,2.744,60,200,0,0,0,0
141.279,55.397,-6.222,2.744,60,200,0,0,0,0
135.057,58.142,-6.222,2.744,60,200,0,0,0,0
128.836,60.886,-6.222,2.744,60,200,0,0,0,0
122.614,63.63,-6.222,2.744,60,200,0,0,0,0
116.392,66.375,-6.222,2.744,60,200,0,0,0,0
110.171,69.119,-6.222,2.744,60,200,0,0,0,0
103.949,71.863,-6.222,2.744,60,200,0,0,0,0
97.728,74.607,-6.222,2.744,60,200,0,0,0,0
91.506,77.352,-6.222,2.744,60,200,0,0,0,0
85.284,80.096,-6.222,2.744,60,200,0,0,0,0
79.063,82.84,-6.222,2.744,60,200,0,0,0,0
72.841,85.585,-6.222,2.744,60,200,0,0,0,0
66.619,88.329,-6.222,2.744,60,200,0,0,0,0
60.398,91.073,-6.222,2.744,60,200,0,0,0,0
54.176,93.817,-6.222,2.744,60,200,0,0,0,0
49.0,96.562,7.071,-0.638,60,200,0,0,0,0
56.071,95.924,7.071,-0.638,60,200,0,0,0,0
63.143,95.285,7.071,-0.638,60,200,0,0,0,0
70.214,94.647,7.071,-0.638,60,200,0,0,0,0
77.285,94.009,7.071,-0.638,60,200,0,0,0,0
84.356,93.371,7.071,-0.638,60,200,0,0,0,0
91.428,92.732,7.071,-0.638,60,200,0,0,0,0
98.499,92.094,7.071,-0.638,60,200,0,0,0,0
105.57,91.456,7.071,-0.638,60,200,0,0,0,0
112.641,90.818,7.071,-0.638,60,200,0,0,0,0
119.713,90.18,7.071,-0.638,60,200,0,0,0,0
126.784,89.541,7.071,-0.638,60,200,0,0,0,0
133.855,88.903,7.071,-0.638,60,200,0,0,0,0
140.926,88.265,7.071,-0.638,60,200,0,0,0,0
147.998,87.627,7.071,-0.638,60,200,0,0,0,0
155.069,86.988,7.071,-0.638,60,200,0,0,0,0
162.14,86.35,7.071,-0.638,60,200,0,0,0,0
169.211,85.712,7.071,-0.638,60,200,0,0,0,0
176.283,85.074,7.071,-0.638,60,200,0,0,0,0
183.354,84.435,7.071,-0.638,60,200,0,0,0,0
190.425,83.797,7.071,-0.638,60,200,0,0,0,0
197.496,83.159,7.071,-0.638,60,200,0,0,0,0
204.568,82.521,7.071,-0.638,60,200,0,0,0,0
211.639,81.883,7.071,-0.638,60,200,0,0,0,0
218.71,81.244,7.071,-0.638,60,200,0,0,0,0
225.781,80.606,7.071,-0.638,60,200,0,0,0,0
232.853,79.968,7.071,-0.638,60,200,0,0,0,0
239.924,79.33,7.071,-0.638,60,200,0,0,0,0
246.995,78.691,7.071,-0.638,60,195,0,-1,0,0
254.066,78.053,7.071,-0.638,60,190,0,-1,0,0
261.138,77.415,7.071,-0.638,60,185,0,-1,0,0
268.209,76.777,7.071,-0.638,60,180,0,-1,0,0
275.28,76.139,7.071,-0.638,60,175,0,-1,0,0
282.351,75.5,7.071,-0.638,60,170,0,-1,0,0
289.423,74.862,7.071,-0.638,60,165,0,-1,0,0
296.494,74.224,7.071,-0.638,60,160,0,-1,0,0
303.565,73.586,7.071,-0.638,60,155,0,-1,0,0
310.636,72.947,7.071,-0.638,60,150,0,-1,0,0
317.708,72.309,7.071,-0.638,60,145,0,-1,0,0
324.779,71.671,7.071,-0.638,60,140,0,-1,0,0
331.85,71.033,7.071,-0.638,60,135,0,-1,0,0
338.922,70.395,7.071,-0.638,60,130,0,-1,0,0
345.993,69.756,7.071,-0.638,60,125,0,-1,0,0
353.064,69.118,7.071,-0.638,60,120,0,-1,0,0
360.135,68.48,7.071,-0.638,60,115,0,-1,0,0
367.207,67.842,7.071,-0.638,60,110,0,-1,0,0
374.278,67.203,7.071,-0.638,60,105,0,-1,0,0
381.349,66.565,7.071,-0.638,60,100,0,-1,0,0
388.42,65.927,7.071,-0.638,60,95,0,-1,0,0
395.492,65.289,7.071,-0.638,60,90,0,-1,0,0
402.563,64.65,7.071,-0.638,60,85,0,-1,0,0
409.634,64.012,7.071,-0.638,60,80,0,-1,0,0
416.705,63.374,7.071,-0.638,60,75,0,-1,0,0
423.777,62.736,7.071,-0.638,60,70,0,-1,0,0
430.848,62.098,7.071,-0.638,60,65,0,-1,0,0
437.919,61.459,7.071,-0.638,60,60,0,-1,0,0
444.99,60.821,7.071,-0.638,60,55,0,-1,0,0
452.062,60.183,7.071,-0.638,60,50,0,-1,0,0
459.133,59.545,7.071,-0.638,60,45,0,-1,0,0
466.204,58.906,7.071,-0.638,60,40,0,-1,0,0
473.275,58.268,7.071,-0.638,60,35,0,-1,0,0
480.347,57.63,7.071,-0.638,60,30,0,-1,0,0
487.418,56.992,7.071,-0.638,60,25,0,-1,0,0
494.489,56.354,7.071,-0.638,60,20,0,-1,0,0
501.56,55.715,7.071,-0.638,60,15,0,-1,0,0
508.632,55.077,7.071,-0.638,60,10,0,-1,0,0
515.703,54.439,7.071,-0.638,60,5,0,-1,0,0
522.774,53.801,7.071,-0.638,60,0,0,-1,0,0
529.845,53.162,7.071,-0.638,60,0,0,-1,0,0
536.917,52.524,7.071,-0.638,60,0,0,-1,0,0
543.988,51.886,7.071,-0.638,60,0,0,0,0,0
551.059,51.248,7.071,-0.638,60,0,0,0,0,0
558.13,50.61,7.071,-0.638,60,0,0,0,0,0
565.202,49.971,7.071,-0.638,60,0,0,0,0,0
572.273,49.333,7.071,-0.638,60,0,0,0,0,0
579.344,48.695,7.071,-0.638,60,0,0,0,0,0
586.415,48.057,7.071,-0.638,60,0,0,0,0,0
593.487,47.418,7.071,-0.638,60,0,0,0,0,0
600.558,46.78,7.071,-0.638,60,0,0,0,0,0
607.629,46.142,7.071,-0.638,60,0,0,0,0,0
614.701,45.504,7.071,-0.638,60,0,0,0,0,0
621.772,44.865,7.071,-0.638,60,0,0,0,0,0
628.843,44.227,7.071,-0.638,60,0,0,0,0,0
635.914,43.589,7.071,-0.638,60,0,0,0,0,0
642.986,42.951,7.071,-0.638,60,0,0,0,0,0
650.057,42.313,7.071,-0.638,60,0,0,0,0,0
657.128,41.674,7.071,-0.638,60,0,0,0,0,0
664.199,41.036,7.071,-0.638,60,0,0,0,0,0
671.271,40.398,7.071,-0.638,60,0,0,0,0,0
678.342,39.76,7.071,-0.638,60,0,0,0,0,0
685.413,39.121,7.071,-0.638,60,0,0,0,0,0
692.484,38.483,7.071,-0.638,60,0,0,0,0,0
699.556,37.845,7.071,-0.638,60,0,0,0,0,0
706.627,37.207,7.071,-0.638,60,0,0,0,0,0
713.698,36.569,7.071,-0.638,60,0,0,0,0,0
720.769,35.93,7.071,-0.638,60,0,0,0,0,0
727.841,35.292,7.071,-0.638,60,0,0,0,0,0
734.912,34.654,7.071,-0.638,60,0,0,0,0,0
741.983,34.016,7.071,-0.638,60,0,0,0,0,0
749.054,33.377,7.071,-0.638,60,0,0,0,0,0
751.0,32.739,-7.267,-1.398,60,0,0,0,0,0
743.733,31.341,-7.267,-1.398,60,0,0,0,0,0
736.467,29.943,-7.267,-1.398,60,0,0,0,0,0
729.2,28.545,-7.267,-1.398,60,0,0,0,0,0
721.933,27.146,-7.267,-1.398,60,0,0,0,0,0
714.666,25.748,-7.267,-1.398,60,0,0,0,0,0
707.4,24.35,-7.267,-1.398,60,0,0,0,0,0
700.133,22.952,-7.267,-1.398,65,0,1,0,0,0
692.866,21.554,-7.267,-1.398,70,0,1,0,0,0
685.6,20.155,-7.267,-1.398,75,0,1,0,0,0
678.333,18.757,-7.267,-1.398,80,0,1,0,0,0
671.066,17.359,-7.267,-1.398,85,0,1,0,0,0
663.799,15.961,-7.267,-1.398,90,0,1,0,0,0
656.533,14.563,-7.267,-1.398,95,0,1,0,0,0
649.266,13.165,-7.267,-1.398,100,0,1,0,0,0
641.999,11.766,-7.267,-1.398,105,0,1,0,0,0
634.733,10.368,-7.267,-1.398,110,0,1,0,0,0
627.466,8.97,-7.267,-1.398,115,0,1,0,0,0
620.199,7.572,-7.267,-1.398,120,0,1,0,0,0
612.933,6.174,-7.267,-1.398,125,0,1,0,0,0
605.666,6.0,-7.267,1.398,130,0,1,0,0,0
598.399,7.398,-7.267,1.398,135,0,1,0,0,0
591.132,8.796,-7.267,1.398,140,0,1,0,0,0
583.866,10.195,-7.267,1.398,145,0,1,0,0,0
576.599,11.593,-7.267,1.398,150,0,1,0,0,0
569.332,12.991,-7.267,1.398,155,0,1,0,0,0
562.066,14.389,-7.267,1.398,160,0,1,0,0,0
554.799,15.787,-7.267,1.398,160,0,0,0,0,0
547.532,17.186,-7.267,1.398,160,0,0,0,0,0
540.265,18.584,-7.267,1.398,160,0,0,0,0,0
532.999,19.982,-7.267,1.398,160,0,0,0,0,0
525.732,21.38,-7.267,1.398,160,0,0,0,0,0
518.465,22.778,-7.267,1.398,160,0,0,0,0,0
511.199,24.176,-7.267,1.398,160,0,0,0,0,0
503.932,25.575,-7.267,1.398,160,0,0,0,0,0
496.665,26.973,-7.267,1.398,160,0,0,0,0,0
489.398,28.371,-7.267,1.398,160,0,0,0,0,0
482.132,29.769,-7.267,1.398,155,0,-1,0,0,0
474.865,31.167,-7.267,1.398,150,0,-1,0,0,0
467.598,32.566,-7.267,1.398,145,0,-1,0,0,0
460.332,33.964,-7.267,1.398,140,0,-1,0,0,0
453.065,35.362,-7.267,1.398,135,0,-1,0,0,0
445.798,36.76,-7.267,1.398,130,0,-1,0,0,0
438.532,38.158,-7.267,1.398,125,0,-1,0,0,0
431.265,39.557,-7.267,1.398,120,0,-1,0,0,0
423.998,40.955,-7.267,1.398,115,0,-1,0,0,0
416.731,42.353,-7.267,1.398,110,0,-1,0,0,0
409.465,43.751,-7.267,1.398,105,0,-1,0,0,0
402.198,45.149,-7.267,1.398,100,0,-1,0,0,0
394.931,46.548,-7.267,1.398,95,0,-1,0,0,0
387.665,47.946,-7.267,1.398,90,0,-1,0,0,0
380.398,49.344,-7.267,1.398,85,0,-1,0,0,0
373.131,50.742,-7.267,1.398,80,0,-1,0,0,0
365.864,52.14,-7.267,1.398,75,0,-1,0,0,0
358.598,53.538,-7.267,1.398,70,0,-1,0,0,0
351.331,54.937,-7.267,1.398,65,0,-1,0,0,0
344.064,56.335,-7.267,1.398,60,0,-1,0,0,0
336.798,57.733,-7.267,1.398,55,0,-1,0,0,0
329.531,59.131,-7.267,1.398,55,0,0,0,0,0
322.264,60.529,-7.267,1.398,55,0,0,0,0,0
314.997,61.928,-7.267,1.398,55,0,0,0,0,0
307.731,63.326,-7.267,1.398,55,0,0,0,0,0
300.464,64.724,-7.267,1.398,55,0,0,0,0,0
293.197,66.122,-7.267,1.398,55,0,0,0,0,0
285.931,67.52,-7.267,1.398,55,0,0,0,0,0
278.664,68.919,-7.267,1.398,55,0,0,0,0,0
271.397,70.317,-7.267,1.398,55,0,0,0,0,0
264.13,71.715,-7.267,1.398,55,0,0,0,0,0
256.864,73.113,-7.267,1.398,55,0,0,0,0,0
249.597,74.511,-7.267,1.398,55,0,0,0,0,0
242.33,75.91,-7.267,1.398,55,0,0,0,0,0
235.064,77.308,-7.267,1.398,55,0,0,0,0,0
227.797,78.706,-7.267,1.398,55,0,0,0,0,0
220.53,80.104,-7.267,1.398,55,0,0,0,0,0
213.264,81.502,-7.267,1.398,55,0,0,0,0,0
205.997,82.901,-7.267,1.398,55,0,0,0,0,0
198.73,84.299,-7.267,1.398,55,0,0,0,0,0
191.463,85.697,-7.267,1.398,55,0,0,0,0,0
184.197,87.095,-7.267,1.398,55,0,0,0,0,0
176.93,88.493,-7.267,1.398,55,0,0,0,0,0
169.663,89.891,-7.267,1.398,55,0,0,0,0,0
162.397,91.29,-7.267,1.398,55,0,0,0,0,0
155.13,92.688,-7.267,1.398,55,0,0,0,0,0
147.863,94.086,-7.267,1.398,55,0,0,0,0,0
140.596,95.484,-7.267,1.398,55,0,0,0,0,0
133.33,96.882,-7.267,1.398,55,0,0,0,0,0
126.063,98.281,-7.267,1.398,55,0,0,0,0,0
118.796,99.679,-7.267,1.398,55,0,0,0,0,0
111.53,101.077,-7.267,1.398,55,0,0,0,0,0
104.263,102.475,-7.267,1.398,55,0,0,0,0,0
96.996,103.873,-7.267,1.398,60,0,1,0,0,0
89.729,105.272,-7.267,1.398,65,0,1,0,0,0
82.463,106.67,-7.267,1.398,70,0,1,0,0,0
75.196,108.068,-7.267,1.398,75,0,1,0,0,0
67.929,109.466,-7.267,1.398,80,5,1,1,0,0
60.663,110.864,-7.267,1.398,85,10,1,1,0,0
53.396,112.263,-7.267,1.398,90,15,1,1,0,0
49.0,113.661,7.006,-3.194,90,20,0,1,0,0
56.006,110.466,7.006,-3.194,90,20,0,0,0,0
63.012,107.272,7.006,-3.194,90,20,0,0,0,0
70.019,104.078,7.006,-3.194,90,20,0,0,0,0
77.025,100.884,7.006,-3.194,90,20,0,0,0,0
84.031,97.69,7.006,-3.194,90,20,0,0,0,0
91.037,94.495,7.006,-3.194,90,20,0,0,0,0
98.043,91.301,7.006,-3.194,90,20,0,0,0,0
105.05,88.107,7.006,-3.194,90,20,0,0,0,0
112.056,84.913,7.006,-3.194,90,20,0,0,0,0
119.062,81.718,7.006,-3.194,90,25,0,1,0,0
126.068,78.524,7.006,-3.194,90,30,0,1,0,0
133.074,75.33,7.006,-3.194,95,35,1,1,0,0
140.081,72.136,7.006,-3.194,100,40,1,1,0,0
147.087,68.941,7.006,-3.194,105,45,1,1,0,0
154.093,65.747,7.006,-3.194,110,50,1,1,0,0
161.099,62.553,7.006,-3.194,115,55,1,1,0,0
168.105,59.359,7.006,-3.194,120,60,1,1,0,0
175.112,56.165,7.006,-3.194,125,65,1,1,0,0
182.118,52.97,7.006,-3.194,130,70,1,1,0,0
189.124,49.776,7.006,-3.194,135,75,1,1,0,0
196.13,46.582,7.006,-3.194,140,80,1,1,0,0
203.136,43.388,7.006,-3.194,145,85,1,1,0,0
210.143,40.193,7.006,-3.194,150,90,1,1,0,0
217.149,36.999,7.006,-3.194,155,95,1,1,0,0
224.155,33.805,7.006,-3.194,160,100,1,1,0,0
231.161,30.611,7.006,-3.194,165,105,1,1,0,0
238.167,27.416,7.006,-3.194,170,110,1,1,0,0
245.174,24.222,7.006,-3.194,175,115,1,1,0,0
252.18,21.028,7.006,-3.194,180,120,1,1,0,0
259.186,17.834,7.006,-3.194,185,125,1,1,0,0
266.192,14.64,7.006,-3.194,190,130,1,1,0,0
273.199,11.445,7.006,-3.194,195,135,1,1,0,0
280.205,8.251,7.006,-3.194,200,140,1,1,0,0
287.211,6.0,7.006,3.194,205,145,1,1,0,0
294.217,9.194,7.006,3.194,210,150,1,1,0,0
301.223,12.388,7.006,3.194,215,155,1,1,0,0
308.23,15.583,7.006,3.194,220,160,1,1,0,0
315.236,18.777,7.006,3.194,225,165,1,1,0,0
322.242,21.971,7.006,3.194,225,165,0,0,0,0
329.248,25.165,7.006,3.194,225,165,0,0,0,0
336.254,28.36,7.006,3.194,225,165,0,0,0,0
343.261,31.554,7.006,3.194,225,165,0,0,0,0
350.267,34.748,7.006,3.194,225,165,0,0,0,0
357.273,37.942,7.006,3.194,225,165,0,0,0,0
364.279,41.137,7.006,3.194,225,165,0,0,0,0
371.285,44.331,7.006,3.194,225,165,0,0,0,0
378.292,47.525,7.006,3.194,225,165,0,0,0,0
385.298,50.719,7.006,3.194,225,165,0,0,0,0
392.304,53.913,7.006,3.194,225,165,0,0,0,0
399.31,57.108,7.006,3.194,225,165,0,0,0,0
406.316,60.302,7.006,3.194,225,165,0,0,0,0
413.323,63.496,7.006,3.194,225,165,0,0,0,0
420.329,66.69,7.006,3.194,225,165,0,0,0,0
427.335,69.885,7.006,3.194,225,165,0,0,0,0
434.341,73.079,7.006,3.194,225,165,0,0,0,0
441.347,76.273,7.006,3.194,225,165,0,0,0,0
448.354,79.467,7.006,3.194,225,165,0,0,0,0
455.36,82.662,7.006,3.194,225,165,0,0,0,0
462.366,85.856,7.006,3.194,225,165,0,0,0,0
469.372,89.05,7.006,3.194,225,165,0,0,0,0
476.378,92.244,7.006,3.194,225,165,0,0,0,0
483.385,95.438,7.006,3.194,225,165,0,0,0,0
490.391,98.633,7.006,3.194,225,165,0,0,0,0
497.397,101.827,7.006,3.194,225,165,0,0,0,0
504.403,105.021,7.006,3.194,225,165,0,0,0,0
511.409,108.215,7.006,3.194,225,165,0,0,0,0
518.416,111.41,7.006,3.194,225,165,0,0,0,0
525.422,114.604,7.006,3.194,225,165,0,0,0,0
532.428,117.798,7.006,3.194,225,165,0,0,0,0
539.434,120.992,7.006,3.194,225,165,0,0,0,0
546.44,124.187,7.006,3.194,225,165,0,0,0,0
553.447,127.381,7.006,3.194,225,165,0,0,0,0
560.453,130.575,7.006,3.194,225,165,0,0,0,0
567.459,133.769,7.006,3.194,225,165,0,0,0,0
574.465,136.964,7.006,3.194,225,165,0,0,0,0
581.471,140.158,7.006,3.194,225,165,0,0,0,0
588.478,143.352,7.006,3.194,225,165,0,0,0,0
595.484,146.546,7.006,3.194,225,165,0,0,0,0
602.49,149.74,7.006,3.194,225,165,0,0,0,0
609.496,152.935,7.006,3.194,225,165,0,0,0,0
616.502,156.129,7.006,3.194,225,165,0,0,0,0
623.509,159.323,7.006,3.194,225,165,0,0,0,0
630.515,162.517,7.006,3.194,225,165,0,0,0,0
637.521,165.712,7.006,3.194,225,165,0,0,0,0
644.527,168.906,7.006,3.194,225,165,0,0,0,0
651.533,172.1,7.006,3.194,225,165,0,0,0,0
658.54,175.294,7.006,3.194,225,165,0,0,0,0
665.546,178.489,7.006,3.194,225,165,0,0,0,0
672.552,181.683,7.006,3.194,225,165,0,0,0,0
679.558,184.877,7.006,3.194,225,165,0,0,0,0
686.564,188.071,7.006,3.194,225,165,0,0,0,0
693.571,191.265,7.006,3.194,225,165,0,0,0,0
700.577,194.46,7.006,3.194,225,165,0,0,0,0
707.583,197.654,7.006,3.194,225,165,0,0,0,0
714.589,200.848,7.006,3.194,225,165,0,0,0,0
721.596,204.042,7.006,3.194,225,165,0,0,0,0
728.602,207.237,7.006,3.194,225,165,0,0,0,0
735.608,210.431,7.006,3.194,225,165,0,0,0,0
742.614,213.625,7.006,3.194,225,165,0,0,0,0
749.62,216.819,7.006,3.194,225,165,0,0,0,0
751.0,220.014,-7.727,2.073,230,170,1,1,0,0
743.273,222.087,-7.727,2.073,235,175,1,1,0,0
735.547,224.16,-7.727,2.073,240,180,1,1,0,0
727.82,226.233,-7.727,2.073,245,185,1,1,0,0
720.093,228.307,-7.727,2.073,250,190,1,1,0,0
712.367,230.38,-7.727,2.073,255,195,1,1,0,0
704.64,232.453,-7.727,2.073,260,200,1,1,0,0
696.913,234.527,-7.727,2.073,265,205,1,1,0,0
689.187,236.6,-7.727,2.073,270,210,1,1,0,0
681.46,238.673,-7.727,2.073,275,215,1,1,0,0
673.733,240.746,-7.727,2.073,280,215,1,0,0,0
666.007,242.82,-7.727,2.073,285,215,1,0,0,0
658.28,244.893,-7.727,2.073,290,215,1,0,0,0
650.553,246.966,-7.727,2.073,295,215,1,0,0,0
642.827,249.04,-7.727,2.073,295,215,0,0,0,0
635.1,251.113,-7.727,2.073,295,215,0,0,0,0
627.373,253.186,-7.727,2.073,295,215,0,0,0,0
619.647,255.259,-7.727,2.073,295,215,0,0,0,0
611.92,257.333,-7.727,2.073,295,215,0,0,0,0
604.193,259.406,-7.727,2.073,295,215,0,0,0,0
596.467,261.479,-7.727,2.073,295,215,0,0,0,0
588.74,263.553,-7.727,2.073,295,215,0,0,0,0
581.013,265.626,-7.727,2.073,295,215,0,0,0,0
573.287,267.699,-7.727,2.073,295,215,0,0,0,0
565.56,269.772,-7.727,2.073,295,215,0,0,0,0
557.833,271.846,-7.727,2.073,295,215,0,0,0,0
550.107,273.919,-7.727,2.073,295,215,0,0,0,0
542.38,275.992,-7.727,2.073,295,215,0,0,0,0
534.653,278.066,-7.727,2.073,295,215,0,0,0,0
526.926,280.139,-7.727,2.073,295,215,0,0,0,0
519.2,282.212,-7.727,2.073,295,215,0,0,0,0
511.473,284.286,-7.727,2.073,295,215,0,0,0,0
503.746,286.359,-7.727,2.073,295,215,0,0,0,0
496.02,288.432,-7.727,2.073,300,220,1,1,0,0
488.293,290.505,-7.727,2.073,305,225,1,1,0,0
480.566,292.579,-7.727,2.073,310,230,1,1,0,0
472.84,294.652,-7.727,2.073,315,235,1,1,0,0
465.113,296.725,-7.727,2.073,320,240,1,1,0,0
457.386,298.799,-7.727,2.073,325,245,1,1,0,0
449.66,300.872,-7.727,2.073,330,250,1,1,0,0
441.933,302.945,-7.727,2.073,335,255,1,1,0,0
434.206,305.018,-7.727,2.073,340,260,1,1,0,0
426.48,307.092,-7.727,2.073,345,265,1,1,0,0
418.753,309.165,-7.727,2.073,350,270,1,1,0,0
411.026,311.238,-7.727,2.073,355,275,1,1,0,0
403.3,313.312,-7.727,2.073,360,280,1,1,0,0
395.573,315.385,-7.727,2.073,365,285,1,1,0,0
387.846,317.458,-7.727,2.073,370,290,1,1,0,0
380.12,319.531,-7.727,2.073,375,295,1,1,0,0
372.393,321.605,-7.727,2.073,380,295,1,0,0,0
364.666,323.678,-7.727,2.073,385,295,1,0,0,0
356.94,325.751,-7.727,2.073,390,295,1,0,0,0
349.213,327.825,-7.727,2.073,390,295,0,0,0,0
341.486,329.898,-7.727,2.073,390,295,0,0,0,0
333.76,331.971,-7.727,2.073,390,295,0,0,0,0
326.033,334.044,-7.727,2.073,390,295,0,0,0,0
318.306,336.118,-7.727,2.073,390,295,0,0,0,0
310.58,338.191,-7.727,2.073,390,295,0,0,0,0
302.853,340.264,-7.727,2.073,390,295,0,0,0,0
295.126,342.338,-7.727,2.073,390,295,0,0,0,0
287.4,344.411,-7.727,2.073,390,295,0,0,0,0
279.673,346.484,-7.727,2.073,390,295,0,0,0,0
271.946,348.557,-7.727,2.073,390,295,0,0,0,0
264.22,350.631,-7.727,2.073,390,295,0,0,0,0
256.493,352.704,-7.727,2.073,390,295,0,0,0,0
248.766,354.777,-7.727,2.073,390,295,0,0,0,0
241.04,356.851,-7.727,2.073,390,295,0,0,0,0
233.313,358.924,-7.727,2.073,390,295,0,0,0,0
225.586,360.997,-7.727,2.073,390,295,0,0,0,0
217.86,363.071,-7.727,2.073,390,295,0,0,0,0
210.133,365.144,-7.727,2.073,390,295,0,0,0,0
202.406,367.217,-7.727,2.073,390,295,0,0,0,0
194.68,369.29,-7.727,2.073,390,295,0,0,0,0
186.953,371.364,-7.727,2.073,390,295,0,0,0,0
179.226,373.437,-7.727,2.073,390,295,0,0,0,0
171.5,375.51,-7.727,2.073,390,295,0,0,0,0
163.773,377.584,-7.727,2.073,390,295,0,0,0,0
156.046,379.657,-7.727,2.073,390,295,0,0,0,0
148.32,381.73,-7.727,2.073,390,295,0,0,0,0
140.593,383.803,-7.727,2.073,390,295,0,0,0,0
132.866,385.877,-7.727,2.073,390,295,0,0,0,0
125.14,387.95,-7.727,2.073,390,295,0,0,0,0
117.413,390.023,-7.727,2.073,390,295,0,0,0,0
109.686,392.097,-7.727,2.073,390,295,0,0,0,0
101.96,394.17,-7.727,2.073,390,295,0,0,0,0
94.233,396.243,-7.727,2.073,390,295,0,0,0,0
86.506,398.316,-7.727,2.073,390,295,0,0,0,0
78.779,400.39,-7.727,2.073,390,295,0,0,0,0
71.053,402.463,-7.727,2.073,390,295,0,0,0,0
63.326,404.536,-7.727,2.073,390,295,0,0,0,0
55.599,406.61,-7.727,2.073,390,295,0,0,0,0
49.0,408.683,7.041,-4.395,390,295,0,0,0,0
56.041,404.288,7.041,-4.395,390,295,0,0,0,0
63.081,399.892,7.041,-4.395,390,295,0,0,0,0
70.122,395.497,7.041,-4.395,385,290,-1,-1,0,0
77.163,391.102,7.041,-4.395,380,285,-1,-1,0,0
84.203,386.706,7.041,-4.395,375,280,-1,-1,0,0
91.244,382.311,7.041,-4.395,370,275,-1,-1,0,0
98.285,377.916,7.041,-4.395,365,270,-1,-1,0,0
105.325,373.52,7.041,-4.395,360,265,-1,-1,0,0
112.366,369.125,7.041,-4.395,355,260,-1,-1,0,0
119.407,364.73,7.041,-4.395,350,255,-1,-1,0,0
126.447,360.334,7.041,-4.395,345,250,-1,-1,0,0
133.488,355.939,7.041,-4.395,340,245,-1,-1,0,0
140.529,351.544,7.041,-4.395,335,240,-1,-1,0,0
147.569,347.148,7.041,-4.395,330,235,-1,-1,0,0
154.61,342.753,7.041,-4.395,325,230,-1,-1,0,0
161.651,338.357,7.041,-4.395,320,225,-1,-1,0,0
168.691,333.962,7.041,-4.395,315,220,-1,-1,0,0
175.732,329.567,7.041,-4.395,310,215,-1,-1,0,0
182.773,325.171,7.041,-4.395,305,210,-1,-1,0,0
189.813,320.776,7.041,-4.395,300,205,-1,-1,0,0
196.854,316.381,7.041,-4.395,295,200,-1,-1,0,0
203.895,311.985,7.041,-4.395,290,195,-1,-1,0,0
210.935,307.59,7.041,-4.395,285,190,-1,-1,0,0
217.976,303.195,7.041,-4.395,280,185,-1,-1,0,0
225.017,298.799,7.041,-4.395,275,180,-1,-1,0,0
232.057,294.404,7.041,-4.395,270,175,-1,-1,0,0
239.098,290.009,7.041,-4.395,265,170,-1,-1,0,0
246.139,285.613,7.041,-4.395,260,165,-1,-1,0,0
253.179,281.218,7.041,-4.395,255,160,-1,-1,0,0
260.22,276.823,7.041,-4.395,250,155,-1,-1,0,0
267.261,272.427,7.041,-4.395,245,150,-1,-1,0,0
274.301,268.032,7.041,-4.395,240,145,-1,-1,0,0
281.342,263.637,7.041,-4.395,235,140,-1,-1,0,0
288.383,259.241,7.041,-4.395,230,135,-1,-1,0,0
295.423,254.846,7.041,-4.395,225,130,-1,-1,0,0
302.464,250.451,7.041,-4.395,220,125,-1,-1,0,0
309.505,246.055,7.041,-4.395,215,120,-1,-1,0,0
316.545,241.66,7.041,-4.395,210,115,-1,-1,0,0
323.586,237.265,7.041,-4.395,205,110,-1,-1,0,0
330.627,232.869,7.041,-4.395,200,105,-1,-1,0,0
337.667,228.474,7.041,-4.395,195,100,-1,-1,0,0
344.708,224.079,7.041,-4.395,190,95,-1,-1,0,0
351.749,219.683,7.041,-4.395,185,90,-1,-1,0,0
358.789,215.288,7.041,-4.395,180,85,-1,-1,0,0
365.83,210.893,7.041,-4.395,175,80,-1,-1,0,0
372.871,206.497,7.041,-4.395,170,75,-1,-1,0,0
379.911,202.102,7.041,-4.395,165,70,-1,-1,0,0
386.952,197.707,7.041,-4.395,160,65,-1,-1,0,0
393.993,193.311,7.041,-4.395,155,60,-1,-1,0,0
401.033,188.916,7.041,-4.395,150,55,-1,-1,0,0
408.074,184.521,7.041,-4.395,145,50,-1,-1,0,0
415.115,180.125,7.041,-4.395,140,45,-1,-1,0,0
422.155,175.73,7.041,-4.395,135,40,-1,-1,0,0
429.196,171.335,7.041,-4.395,130,35,-1,-1,0,0
436.237,166.939,7.041,-4.395,125,30,-1,-1,0,0
443.277,162.544,7.041,-4.395,120,25,-1,-1,0,0
450.318,158.149,7.041,-4.395,115,20,-1,-1,0,0
457.359,153.753,7.041,-4.395,110,15,-1,-1,0,0
464.399,149.358,7.041,-4.395,105,10,-1,-1,0,0
471.44,144.963,7.041,-4.395,100,5,-1,-1,0,0
478.481,140.567,7.041,-4.395,95,0,-1,-1,0,0
485.521,136.172,7.041,-4.395,90,0,-1,-1,0,0
492.562,131.777,7.041,-4.395,85,0,-1,-1,0,0
499.603,127.381,7.041,-4.395,80,0,-1,-1,0,0
506.643,122.986,7.041,-4.395,75,0,-1,-1,0,0
513.684,118.591,7.041,-4.395,70,0,-1,-1,0,0
520.725,114.195,7.041,-4.395,65,0,-1,-1,0,0
527.765,109.8,7.041,-4.395,65,0,0,-1,0,0
534.806,105.405,7.041,-4.395,65,0,0,-1,0,0
541.847,101.009,7.041,-4.395,65,0,0,-1,0,0
548.887,96.614,7.041,-4.395,65,0,0,0,0,0
555.928,92.219,7.041,-4.395,65,0,0,0,0,0
562.969,87.823,7.041,-4.395,65,0,0,0,0,0
570.009,83.428,7.041,-4.395,65,0,0,0,0,0
577.05,79.033,7.041,-4.395,65,0,0,0,0,0
584.091,74.637,7.041,-4.395,65,0,0,0,0,0
591.131,70.242,7.041,-4.395,65,0,0,0,0,0
598.172,65.847,7.041,-4.395,65,0,0,0,0,0
605.213,61.451,7.041,-4.395,65,0,0,0,0,0
612.253,57.056,7.041,-4.395,65,0,0,0,0,0
619.294,52.661,7.041,-4.395,65,0,0,0,0,0
626.335,48.265,7.041,-4.395,65,0,0,0,0,0
633.375,43.87,7.041,-4.395,65,0,0,0,0,0
640.416,39.475,7.041,-4.395,65,0,0,0,0,0
647.457,35.079,7.041,-4.395,65,0,0,0,0,0
654.497,30.684,7.041,-4.395,65,0,0,0,0,0
661.538,26.288,7.041,-4.395,65,0,0,0,0,0
668.579,21.893,7.041,-4.395,65,0,0,0,0,0
675.619,17.498,7.041,-4.395,65,0,0,0,0,0
682.66,13.102,7.041,-4.395,60,0,-1,-1,0,0
689.701,8.707,7.041,-4.395,55,0,-1,-1,0,0
696.741,6.0,7.041,4.395,50,0,-1,-1,0,0
703.782,10.395,7.041,4.395,45,0,-1,-1,0,0
710.823,14.791,7.041,4.395,40,0,-1,-1,0,0
717.863,19.186,7.041,4.395,35,0,-1,-1,0,0
724.904,23.581,7.041,4.395,30,0,-1,-1,0,0
731.945,27.977,7.041,4.395,25,0,-1,-1,0,0
738.985,32.372,7.041,4.395,20,0,-1,-1,0,0
746.026,36.767,7.041,4.395,15,0,-1,-1,0,0
751.0,41.163,-8.596,0.262,15,0,0,0,0,0
742.404,41.424,-8.596,0.262,15,0,0,0,0,0
733.808,41.686,-8.596,0.262,15,0,0,0,0,0
725.212,41.948,-8.596,0.262,15,0,0,0,0,0
716.616,42.21,-8.596,0.262,15,0,0,0,0,0
708.02,42.471,-8.596,0.262,15,0,0,0,0,0
699.424,42.733,-8.596,0.262,15,0,0,0,0,0
690.828,42.995,-8.596,0.262,15,5,0,1,0,0
682.232,43.257,-8.596,0.262,15,10,0,1,0,0
673.636,43.518,-8.596,0.262,20,15,1,1,0,0
665.04,43.78,-8.596,0.262,25,20,1,1,0,0
656.444,44.042,-8.596,0.262,30,25,1,1,0,0
647.848,44.304,-8.596,0.262,35,30,1,1,0,0
639.252,44.565,-8.596,0.262,40,35,1,1,0,0
630.656,44.827,-8.596,0.262,45,40,1,1,0,0
622.06,45.089,-8.596,0.262,50,45,1,1,0,0
613.464,45.351,-8.596,0.262,55,50,1,1,0,0
604.868,45.612,-8.596,0.262,60,55,1,1,0,0
596.272,45.874,-8.596,0.262,65,60,1,1,0,0
587.676,46.136,-8.596,0.262,70,65,1,1,0,0
579.08,46.397,-8.596,0.262,75,70,1,1,0,0
570.484,46.659,-8.596,0.262,80,75,1,1,0,0
561.888,46.921,-8.596,0.262,85,80,1,1,0,0
553.292,47.183,-8.596,0.262,90,85,1,1,0,0
544.696,47.444,-8.596,0.262,95,90,1,1,0,0
536.1,47.706,-8.596,0.262,100,95,1,1,0,0
527.504,47.968,-8.596,0.262,105,100,1,1,0,0
518.908,48.23,-8.596,0.262,110,105,1,1,0,0
510.312,48.491,-8.596,0.262,115,110,1,1,0,0
501.716,48.753,-8.596,0.262,120,115,1,1,0,0
493.12,49.015,-8.596,0.262,125,120,1,1,0,0
484.524,49.277,-8.596,0.262,130,125,1,1,0,0
475.927,49.538,-8.596,0.262,135,130,1,1,0,0
467.331,49.8,-8.596,0.262,140,135,1,1,0,0
458.735,50.062,-8.596,0.262,140,135,0,0,0,0
450.139,50.324,-8.596,0.262,140,135,0,0,0,0
441.543,50.585,-8.596,0.262,140,135,0,0,0,0
432.947,50.847,-8.596,0.262,140,135,0,0,0,0
424.351,51.109,-8.596,0.262,140,135,0,0,0,0
415.755,51.371,-8.596,0.262,140,135,0,0,0,0
407.159,51.632,-8.596,0.262,135,135,-1,0,0,0
398.563,51.894,-8.596,0.262,130,135,-1,0,0,0
389.967,52.156,-8.596,0.262,125,135,-1,0,0,0
381.371,52.418,-8.596,0.262,120,135,-1,0,0,0
372.775,52.679,-8.596,0.262,115,135,-1,0,0,0
364.179,52.941,-8.596,0.262,110,135,-1,0,0,0
355.583,53.203,-8.596,0.262,105,135,-1,0,0,0
346.987,53.464,-8.596,0.262,100,135,-1,0,0,0
338.391,53.726,-8.596,0.262,95,135,-1,0,0,0
329.795,53.988,-8.596,0.262,90,135,-1,0,0,0
321.199,54.25,-8.596,0.262,85,135,-1,0,0,0
312.603,54.511,-8.596,0.262,80,135,-1,0,0,0
304.007,54.773,-8.596,0.262,75,135,-1,0,0,0
295.411,55.035,-8.596,0.262,70,135,-1,0,0,0
286.815,55.297,-8.596,0.262,65,135,-1,0,0,0
278.219,55.558,-8.596,0.262,60,135,-1,0,0,0
269.623,55.82,-8.596,0.262,55,135,-1,0,0,0
261.027,56.082,-8.596,0.262,50,135,-1,0,0,0
252.431,56.344,-8.596,0.262,50,135,0,0,0,0
243.835,56.605,-8.596,0.262,50,135,0,0,0,0
235.239,56.867,-8.596,0.262,50,135,0,0,0,0
226.643,57.129,-8.596,0.262,50,135,0,0,0,0
218.047,57.391,-8.596,0.262,50,135,0,0,0,0
209.451,57.652,-8.596,0.262,50,135,0,0,0,0
200.855,57.914,-8.596,0.262,50,135,0,0,0,0
192.259,58.176,-8.596,0.262,50,135,0,0,0,0
183.663,58.438,-8.596,0.262,50,135,0,0,0,0
175.067,58.699,-8.596,0.262,50,135,0,0,0,0
166.471,58.961,-8.596,0.262,50,135,0,0,0,0
157.875,59.223,-8.596,0.262,50,135,0,0,0,0
149.279,59.484,-8.596,0.262,50,135,0,0,0,0
140.683,59.746,-8.596,0.262,50,135,0,0,0,0
132.087,60.008,-8.596,0.262,50,135,0,0,0,0
123.491,60.27,-8.596,0.262,50,135,0,0,0,0
114.895,60.531,-8.596,0.262,50,135,0,0,0,0
106.299,60.793,-8.596,0.262,50,135,0,0,0,0
97.703,61.055,-8.596,0.262,50,135,0,0,0,0
89.107,61.317,-8.596,0.262,50,135,0,0,0,0
80.511,61.578,-8.596,0.262,50,135,0,0,0,0
71.915,61.84,-8.596,0.262,50,135,0,0,0,0
63.319,62.102,-8.596,0.262,50,135,0,0,0,0
54.723,62.364,-8.596,0.262,50,135,0,0,0,0
49.0,62.625,6.711,-5.846,50,135,0,0,0,0
55.711,56.779,6.711,-5.846,50,135,0,0,0,0
62.421,50.933,6.711,-5.846,50,135,0,0,0,0
69.132,45.087,6.711,-5.846,50,135,0,0,0,0
75.842,39.241,6.711,-5.846,50,135,0,0,0,0
82.553,33.394,6.711,-5.846,50,135,0,0,0,0
89.264,27.548,6.711,-5.846,50,135,0,0,0,0
95.974,21.702,6.711,-5.846,50,135,0,0,0,0
102.685,15.856,6.711,-5.846,50,135,0,0,0,0
109.395,10.01,6.711,-5.846,50,135,0,0,0,0
116.106,6.0,6.711,5.846,50,135,0,0,0,0
122.817,11.846,6.711,5.846,50,135,0,0,0,0
129.527,17.692,6.711,5.846,50,135,0,0,0,0
136.238,23.539,6.711,5.846,50,135,0,0,0,0
142.948,29.385,6.711,5.846,50,135,0,0,0,0
149.659,35.231,6.711,5.846,50,135,0,0,0,0
156.37,41.077,6.711,5.846,50,135,0,0,0,0
163.08,46.923,6.711,5.846,50,135,0,0,0,0
169.791,52.77,6.711,5.846,50,135,0,0,0,0
176.501,58.616,6.711,5.846,50,135,0,0,0,0
183.212,64.462,6.711,5.846,50,135,0,0,0,0
189.922,70.308,6.711,5.846,50,135,0,0,0,0
196.633,76.154,6.711,5.846,50,135,0,0,0,0
203.344,82.0,6.711,5.846,50,135,0,0,0,0
210.054,87.847,6.711,5.846,50,135,0,0,0,0
216.765,93.693,6.711,5.846,50,135,0,0,0,0
223.475,99.539,6.711,5.846,50,135,0,0,0,0
230.186,105.385,6.711,5.846,50,135,0,0,0,0
236.897,111.231,6.711,5.846,50,135,0,0,0,0
243.607,117.078,6.711,5.846,50,135,0,0,0,0
250.318,122.924,6.711,5.846,50,140,0,1,0,0
257.028,128.77,6.711,5.846,50,145,0,1,0,0
263.739,134.616,6.711,5.846,50,150,0,1,0,0
270.45,140.462,6.711,5.846,50,155,0,1,0,0
277.16,146.309,6.711,5.846,50,160,0,1,0,0
283.871,152.155,6.711,5.846,50,165,0,1,0,0
290.581,158.001,6.711,5.846,50,170,0,1,0,0
297.292,163.847,6.711,5.846,50,175,0,1,0,0
304.003,169.693,6.711,5.846,50,180,0,1,0,0
310.713,175.539,6.711,5.846,50,185,0,1,0,0
317.424,181.386,6.711,5.846,50,190,0,1,0,0
324.134,187.232,6.711,5.846,50,195,0,1,0,0
330.845,193.078,6.711,5.846,50,200,0,1,0,0
337.556,198.924,6.711,5.846,50,205,0,1,0,0
344.266,204.77,6.711,5.846,50,210,0,1,0,0
350.977,210.617,6.711,5.846,50,215,0,1,0,0
357.687,216.463,6.711,5.846,50,220,0,1,0,0
364.398,222.309,6.711,5.846,50,225,0,1,0,0
371.109,228.155,6.711,5.846,50,230,0,1,0,0
377.819,234.001,6.711,5.846,50,235,0,1,0,0
384.53,239.848,6.711,5.846,50,240,0,1,0,0
391.24,245.694,6.711,5.846,50,245,0,1,0,0
397.951,251.54,6.711,5.846,50,250,0,1,0,0
404.662,257.386,6.711,5.846,50,255,0,1,0,0
411.372,263.232,6.711,5.846,50,260,0,1,0,0
418.083,269.078,6.711,5.846,50,265,0,1,0,0
424.793,274.925,6.711,5.846,50,270,0,1,0,0
431.504,280.771,6.711,5.846,50,275,0,1,0,0
438.215,286.617,6.711,5.846,50,280,0,1,0,0
444.925,292.463,6.711,5.846,50,285,0,1,0,0
451.636,298.309,6.711,5.846,50,290,0,1,0,0
458.346,304.156,6.711,5.846,50,295,0,1,0,0
465.057,310.002,6.711,5.846,50,300,0,1,0,0
471.767,315.848,6.711,5.846,50,305,0,1,0,0
478.478,321.694,6.711,5.846,50,310,0,1,0,0
485.189,327.54,6.711,5.846,50,315,0,1,0,0
491.899,333.387,6.711,5.846,50,320,0,1,0,0
498.61,339.233,6.711,5.846,50,325,0,1,0,0
505.32,345.079,6.711,5.846,50,330,0,1,0,0
512.031,350.925,6.711,5.846,50,335,0,1,0,0
518.742,356.771,6.711,5.846,50,340,0,1,0,0
525.452,362.617,6.711,5.846,50,345,0,1,0,0
532.163,368.464,6.711,5.846,50,350,0,1,0,0
538.873,374.31,6.711,5.846,50,355,0,1,0,0
545.584,380.156,6.711,5.846,50,360,0,1,0,0
552.295,386.002,6.711,5.846,50,365,0,1,0,0
559.005,391.848,6.711,5.846,50,370,0,1,0,0
565.716,397.695,6.711,5.846,50,375,0,1,0,0
572.426,403.541,6.711,5.846,50,380,0,1,0,0
579.137,409.387,6.711,5.846,50,385,0,1,0,0
585.848,415.233,6.711,5.846,50,390,0,1,0,0
592.558,421.079,6.711,5.846,50,395,0,1,0,0
599.269,426.926,6.711,5.846,50,400,0,1,0,0
605.979,432.772,6.711,5.846,50,405,0,1,0,0
612.69,438.618,6.711,5.846,50,410,0,1,0,0
619.401,444.464,6.711,5.846,50,415,0,1,0,0
626.111,450.31,6.711,5.846,50,420,0,1,0,0
632.822,456.156,6.711,5.846,50,425,0,1,0,0
639.532,462.003,6.711,5.846,50,430,0,1,0,0
646.243,467.849,6.711,5.846,50,435,0,1,0,0
652.954,473.695,6.711,5.846,50,440,0,1,0,0
659.664,479.541,6.711,5.846,50,445,0,1,0,0
666.375,485.387,6.711,5.846,50,450,0,1,0,0
673.085,491.234,6.711,5.846,50,455,0,1,0,0
679.796,497.08,6.711,5.846,50,460,0,1,0,0
686.507,502.926,6.711,5.846,50,465,0,1,0,0
693.217,508.772,6.711,5.846,50,470,0,1,0,0
699.928,514.618,6.711,5.846,50,475,0,1,0,0
706.638,520.465,6.711,5.846,50,480,0,1,0,0
713.349,526.311,6.711,5.846,50,485,0,1,0,0
720.06,532.157,6.711,5.846,50,490,0,1,0,0
726.77,538.003,6.711,5.846,50,495,0,1,0,0
733.481,543.849,6.711,5.846,50,500,0,1,0,0
740.191,549.695,6.711,5.846,50,505,0,1,0,0
746.902,555.542,6.711,5.846,50,510,0,1,0,0
751.0,561.388,-9.072,1.531,50,515,0,1,0,0
741.928,562.919,-9.072,1.531,50,520,0,1,0,0
732.857,564.451,-9.072,1.531,50,520,0,1,0,0
723.785,565.982,-9.072,1.531,50,520,0,1,0,0
714.713,567.513,-9.072,1.531,50,520,0,1,0,0
705.642,569.045,-9.072,1.531,50,520,0,1,0,0
696.57,570.576,-9.072,1.531,50,520,0,1,0,0
687.498,572.108,-9.072,1.531,50,520,0,1,0,0
678.427,573.639,-9.072,1.531,50,520,0,1,0,0
669.355,575.17,-9.072,1.531,50,520,0,1,0,0
660.283,576.702,-9.072,1.531,50,520,0,1,0,0
651.212,578.233,-9.072,1.531,50,520,0,1,0,0
642.14,579.764,-9.072,1.531,55,520,1,1,0,0
633.069,581.296,-9.072,1.531,60,520,1,1,0,0
623.997,582.827,-9.072,1.531,65,520,1,1,0,0
614.925,584.359,-9.072,1.531,70,520,1,1,0,0
605.854,585.89,-9.072,1.531,75,520,1,1,0,0
596.782,587.421,-9.072,1.531,80,520,1,0,0,0
587.71,588.953,-9.072,1.531,85,520,1,0,0,0
578.639,590.484,-9.072,1.531,90,520,1,0,0,0
569.567,592.016,-9.072,1.531,95,520,1,0,0,0
560.495,593.547,-9.072,1.531,100,520,1,0,0,0
551.424,594.0,-9.072,-1.531,105,520,1,0,0,0
542.352,592.469,-9.072,-1.531,110,520,1,0,0,0
533.28,590.937,-9.072,-1.531,115,520,1,0,0,0
524.209,589.406,-9.072,-1.531,120,520,1,0,0,0
515.137,587.874,-9.072,-1.531,125,520,1,0,0,0
506.065,586.343,-9.072,-1.531,130,520,1,0,0,0
496.994,584.812,-9.072,-1.531,135,520,1,0,0,0
487.922,583.28,-9.072,-1.531,140,520,1,0,0,0
478.85,581.749,-9.072,-1.531,145,520,1,0,0,0
469.779,580.218,-9.072,-1.531,150,520,1,0,0,0
460.707,578.686,-9.072,-1.531,155,520,1,0,0,0
451.636,577.155,-9.072,-1.531,160,520,1,0,0,0
442.564,575.623,-9.072,-1.531,165,520,1,0,0,0
433.492,574.092,-9.072,-1.531,170,520,1,0,0,0
424.421,572.561,-9.072,-1.531,175,520,1,0,0,0
415.349,571.029,-9.072,-1.531,180,520,1,0,0,0
406.277,569.498,-9.072,-1.531,185,520,1,0,0,0
397.206,567.966,-9.072,-1.531,190,520,1,0,0,0
388.134,566.435,-9.072,-1.531,195,520,1,0,0,0
379.062,564.904,-9.072,-1.531,200,520,1,0,0,0
369.991,563.372,-9.072,-1.531,205,520,1,0,0,0
360.919,561.841,-9.072,-1.531,210,520,1,0,0,0
351.847,560.31,-9.072,-1.531,215,520,1,0,0,0
342.776,558.778,-9.072,-1.531,220,520,1,0,0,0
333.704,557.247,-9.072,-1.531,225,520,1,0,0,0
324.632,555.715,-9.072,-1.531,230,520,1,0,0,0
315.561,554.184,-9.072,-1.531,235,520,1,0,0,0
306.489,552.653,-9.072,-1.531,240,520,1,0,0,0
297.417,551.121,-9.072,-1.531,245,520,1,0,0,0
288.346,549.59,-9.072,-1.531,250,520,1,0,0,0
279.274,548.058,-9.072,-1.531,255,520,1,0,0,0
270.202,546.527,-9.072,-1.531,260,520,1,0,0,0
261.131,544.996,-9.072,-1.531,265,520,1,0,0,0
252.059,543.464,-9.072,-1.531,270,520,1,0,0,0
242.988,541.933,-9.072,-1.531,275,520,1,0,0,0
233.916,540.401,-9.072,-1.531,280,520,1,0,0,0
224.844,538.87,-9.072,-1.531,285,520,1,0,0,0
215.773,537.339,-9.072,-1.531,290,520,1,0,0,0
206.701,535.807,-9.072,-1.531,295,520,1,0,0,0
197.629,534.276,-9.072,-1.531,300,520,1,0,0,0
188.558,532.745,-9.072,-1.531,305,520,1,0,0,0
179.486,531.213,-9.072,-1.531,310,520,1,0,0,0
170.414,529.682,-9.072,-1.531,315,520,1,0,0,0
161.343,528.15,-9.072,-1.531,320,520,1,0,0,0
152.271,526.619,-9.072,-1.531,325,520,1,0,0,0
143.199,525.088,-9.072,-1.531,330,520,1,0,0,0
134.128,523.556,-9.072,-1.531,335,520,1,0,0,0
125.056,522.025,-9.072,-1.531,340,520,1,0,0,0
115.984,520.493,-9.072,-1.531,345,520,1,0,0,0
106.913,518.962,-9.072,-1.531,350,520,1,0,0,0
97.841,517.431,-9.072,-1.531,355,520,1,0,0,0
88.769,515.899,-9.072,-1.531,360,520,1,0,0,0
79.698,514.368,-9.072,-1.531,365,520,1,0,0,0
70.626,512.837,-9.072,-1.531,370,520,1,0,0,0
61.555,511.305,-9.072,-1.531,375,520,1,0,0,0
52.483,509.774,-9.072,-1.531,380,520,1,0,0,0
43.411,508.242,-9.072,-1.531,385,520,1,0,0,0
34.34,506.711,-9.072,-1.531,390,520,1,0,0,0
25.268,505.18,-9.072,-1.531,395,520,1,0,0,0
16.196,503.648,-9.072,-1.531,400,520,1,0,0,0
7.125,502.117,-9.072,-1.531,405,520,1,0,0,0
-1.947,500.585,-9.072,-1.531,410,520,1,0,0,0
400.0,300.0,4.454,-2.272,415,520,1,0,0,1
404.454,297.728,4.454,-2.272,415,520,0,0,0,0
408.908,295.456,4.454,-2.272,415,520,0,0,0,0
413.362,293.184,4.454,-2.272,415,520,0,0,0,0
417.816,290.912,4.454,-2.272,415,520,0,0,0,0
422.27,288.64,4.454,-2.272,415,520,0,0,0,0
426.724,286.368,4.454,-2.272,415,520,0,0,0,0
431.178,284.096,4.454,-2.272,415,520,0,0,0,0
435.632,281.824,4.454,-2.272,415,520,0,0,0,0
440.086,279.552,4.454,-2.272,415,520,0,0,0,0
444.54,277.28,4.454,-2.272,415,520,0,0,0,0
448.994,275.008,4.454,-2.272,415,520,0,0,0,0
453.448,272.736,4.454,-2.272,415,520,0,0,0,0
457.902,270.464,4.454,-2.272,415,520,0,0,0,0
462.356,268.192,4.454,-2.272,415,520,0,0,0,0
466.81,265.92,4.454,-2.272,415,520,0,0,0,0
471.264,263.648,4.454,-2.272,415,520,0,0,0,0
475.718,261.376,4.454,-2.272,415,520,0,0,0,0
480.172,259.104,4.454,-2.272,415,520,0,0,0,0
484.626,256.832,4.454,-2.272,415,520,0,0,0,0
489.08,254.56,4.454,-2.272,415,520,0,0,0,0
493.534,252.288,4.454,-2.272,415,520,0,0,0,0
497.988,250.016,4.454,-2.272,415,520,0,0,0,0
502.442,247.744,4.454,-2.272,415,515,0,-1,0,0
506.896,245.472,4.454,-2.272,415,510,0,-1,0,0
511.35,243.2,4.454,-2.272,415,505,0,-1,0,0
515.804,240.928,4.454,-2.272,415,500,0,-1,0,0
520.258,238.656,4.454,-2.272,415,495,0,-1,0,0
524.712,236.384,4.454,-2.272,415,490,0,-1,0,0
529.166,234.112,4.454,-2.272,415,485,0,-1,0,0
533.62,231.84,4.454,-2.272,415,480,0,-1,0,0
538.074,229.568,4.454,-2.272,415,475,0,-1,0,0
542.528,227.296,4.454,-2.272,415,470,0,-1,0,0
546.982,225.024,4.454,-2.272,415,465,0,-1,0,0
551.436,222.752,4.454,-2.272,415,460,0,-1,0,0
555.89,220.481,4.454,-2.272,415,455,0,-1,0,0
560.344,218.209,4.454,-2.272,415,450,0,-1,0,0
564.798,215.937,4.454,-2.272,415,445,0,-1,0,0
569.252,213.665,4.454,-2.272,415,440,0,-1,0,0
573.706,211.393,4.454,-2.272,415,435,0,-1,0,0
578.16,209.121,4.454,-2.272,415,430,0,-1,0,0
582.614,206.849,4.454,-2.272,415,425,0,-1,0,0
587.068,204.577,4.454,-2.272,415,420,0,-1,0,0
591.522,202.305,4.454,-2.272,415,415,0,-1,0,0
595.976,200.033,4.454,-2.272,415,410,0,-1,0,0
600.43,197.761,4.454,-2.272,415,405,0,-1,0,0
604.884,195.489,4.454,-2.272,415,400,0,-1,0,0
609.338,193.217,4.454,-2.272,415,395,0,-1,0,0
613.792,190.945,4.454,-2.272,415,390,0,-1,0,0
618.246,188.673,4.454,-2.272,415,385,0,-1,0,0
622.7,186.401,4.454,-2.272,415,380,0,-1,0,0
627.154,184.129,4.454,-2.272,415,375,0,-1,0,0
631.608,181.857,4.454,-2.272,415,370,0,-1,0,0
636.062,179.585,4.454,-2.272,415,365,0,-1,0,0
640.516,177.313,4.454,-2.272,415,360,0,-1,0,0
644.97,175.041,4.454,-2.272,415,355,0,-1,0,0
649.424,172.769,4.454,-2.272,415,350,0,-1,0,0
653.878,170.497,4.454,-2.272,415,345,0,-1,0,0
658.332,168.225,4.454,-2.272,415,340,0,-1,0,0
662.786,165.953,4.454,-2.272,415,335,0,-1,0,0
667.24,163.681,4.454,-2.272,415,330,0,-1,0,0
671.694,161.409,4.454,-2.272,415,325,0,-1,0,0
676.148,159.137,4.454,-2.272,415,320,0,-1,0,0
680.602,156.865,4.454,-2.272,415,315,0,-1,0,0
685.056,154.593,4.454,-2.272,415,310,0,-1,0,0
689.51,152.321,4.454,-2.272,415,305,0,-1,0,0
693.964,150.049,4.454,-2.272,415,300,0,-1,0,0
698.418,147.777,4.454,-2.272,415,295,0,-1,0,0
702.872,145.505,4.454,-2.272,415,290,0,-1,0,0
707.326,143.233,4.454,-2.272,415,285,0,-1,0,0
711.78,140.961,4.454,-2.272,415,280,0,-1,0,0
716.234,138.689,4.454,-2.272,415,275,0,-1,0,0
720.688,136.417,4.454,-2.272,415,270,0,-1,0,0
725.142,134.145,4.454,-2.272,415,265,0,-1,0,0
729.596,131.873,4.454,-2.272,415,260,0,-1,0,0
734.05,129.601,4.454,-2.272,415,255,0,-1,0,0
738.504,127.329,4.454,-2.272,415,250,0,-1,0,0
742.958,125.057,4.454,-2.272,415,245,0,-1,0,0
747.412,122.785,4.454,-2.272,415,240,0,-1,0,0
751.866,120.513,4.454,-2.272,415,235,0,-1,0,0
756.32,118.241,4.454,-2.272,415,230,0,-1,0,0
760.774,115.969,4.454,-2.272,415,225,0,-1,0,0
765.228,113.697,4.454,-2.272,415,220,0,-1,0,0
769.682,111.425,4.454,-2.272,415,215,0,-1,0,0
774.136,109.153,4.454,-2.272,415,210,0,-1,0,0
778.59,106.881,4.454,-2.272,415,205,0,-1,0,0
783.044,104.609,4.454,-2.272,415,200,0,-1,0,0
787.498,102.337,4.454,-2.272,415,195,0,-1,0,0
791.952,100.065,4.454,-2.272,415,190,0,-1,0,0
796.406,97.793,4.454,-2.272,415,185,0,-1,0,0
800.86,95.521,4.454,-2.272,415,180,0,-1,0,0
805.314,93.249,4.454,-2.272,415,175,0,-1,0,0
400.0,300.0,-4.276,2.591,415,170,0,-1,1,0
404.538,297.901,4.538,-2.099,415,170,0,0,0,0
