ball_x,ball_y,ball_vx,ball_vy,left_y,right_y,left_action,right_action,left_scored,right_scored
404.689,301.736,4.689,1.736,260,260,0,0,0,0
409.378,303.472,4.689,1.736,260,260,0,0,0,0
414.067,305.207,4.689,1.736,260,260,0,0,0,0
418.756,306.943,4.689,1.736,260,260,0,0,0,0
423.445,308.679,4.689,1.736,260,260,0,0,0,0
428.134,310.415,4.689,1.736,260,260,0,0,0,0
432.823,312.151,4.689,1.736,260,260,0,0,0,0
437.512,313.887,4.689,1.736,260,260,0,0,0,0
442.201,315.622,4.689,1.736,260,260,0,0,0,0
446.89,317.358,4.689,1.736,260,260,0,0,0,0
451.579,319.094,4.689,1.736,260,260,0,0,0,0
456.268,320.83,4.689,1.736,260,260,0,0,0,0
460.957,322.566,4.689,1.736,260,260,0,0,0,0
465.646,324.302,4.689,1.736,260,260,0,0,0,0
470.335,326.037,4.689,1.736,260,260,0,0,0,0
475.024,327.773,4.689,1.736,260,260,0,0,0,0
479.713,329.509,4.689,1.736,260,260,0,0,0,0
484.402,331.245,4.689,1.736,260,260,0,0,0,0
489.091,332.981,4.689,1.736,260,260,0,0,0,0
493.78,334.716,4.689,1.736,260,260,0,0,0,0
498.469,336.452,4.689,1.736,260,260,0,0,0,0
503.158,338.188,4.689,1.736,260,260,0,0,0,0
507.847,339.924,4.689,1.736,260,260,0,0,0,0
512.537,341.66,4.689,1.736,260,260,0,0,0,0
517.226,343.396,4.689,1.736,260,260,0,0,0,0
521.915,345.131,4.689,1.736,260,260,0,0,0,0
526.604,346.867,4.689,1.736,260,260,0,0,0,0
531.293,348.603,4.689,1.736,260,260,0,0,0,0
535.982,350.339,4.689,1.736,260,260,0,0,0,0
540.671,352.075,4.689,1.736,260,260,0,0,0,0
545.36,353.81,4.689,1.736,260,260,0,0,0,0
550.049,355.546,4.689,1.736,260,260,0,0,0,0
554.738,357.282,4.689,1.736,260,260,0,0,0,0
559.427,359.018,4.689,1.736,260,260,0,0,0,0
564.116,360.754,4.689,1.736,260,260,0,0,0,0
568.805,362.49,4.689,1.736,260,260,0,0,0,0
573.494,364.225,4.689,1.736,260,260,0,0,0,0
578.183,365.961,4.689,1.736,260,260,0,0,0,0
582.872,367.697,4.689,1.736,260,260,0,0,0,0
587.561,369.433,4.689,1.736,260,265,0,1,0,0
592.25,371.169,4.689,1.736,260,270,0,1,0,0
596.939,372.905,4.689,1.736,260,275,0,1,0,0
601.628,374.64,4.689,1.736,260,280,0,1,0,0
606.317,376.376,4.689,1.736,260,285,0,1,0,0
611.006,378.112,4.689,1.736,260,290,0,1,0,0
615.695,379.848,4.689,1.736,260,295,0,1,0,0
620.384,381.584,4.689,1.736,260,300,0,1,0,0
625.073,383.319,4.689,1.736,260,305,0,1,0,0
629.762,385.055,4.689,1.736,260,310,0,1,0,0
634.451,386.791,4.689,1.736,260,315,0,1,0,0
639.14,388.527,4.689,1.736,260,320,0,1,0,0
643.829,390.263,4.689,1.736,260,325,0,1,0,0
648.518,391.999,4.689,1.736,260,330,0,1,0,0
653.207,393.734,4.689,1.736,260,335,0,1,0,0
657.896,395.47,4.689,1.736,260,340,0,1,0,0
662.585,397.206,4.689,1.736,260,345,0,1,0,0
667.274,398.942,4.689,1.736,260,350,0,1,0,0
671.963,400.678,4.689,1.736,260,355,0,1,0,0
676.652,402.413,4.689,1.736,260,360,0,1,0,0
681.341,404.149,4.689,1.736,260,365,0,1,0,0
686.03,405.885,4.689,1.736,260,370,0,1,0,0
690.719,407.621,4.689,1.736,260,375,0,1,0,0
695.408,409.357,4.689,1.736,260,380,0,1,0,0
700.097,411.093,4.689,1.736,260,385,0,1,0,0
704.786,412.828,4.689,1.736,260,390,0,1,0,0
709.475,414.564,4.689,1.736,260,395,0,1,0,0
714.164,416.3,4.689,1.736,260,400,0,1,0,0
718.853,418.036,4.689,1.736,260,405,0,1,0,0
723.542,419.772,4.689,1.736,260,410,0,1,0,0
728.232,421.508,4.689,1.736,260,415,0,1,0,0
732.921,423.243,4.689,1.736,260,420,0,1,0,0
737.61,424.979,4.689,1.736,260,420,0,0,0,0
742.299,426.715,4.689,1.736,260,420,0,0,0,0
746.988,428.451,4.689,1.736,260,420,0,0,0,0
751.677,430.187,4.689,1.736,260,420,0,0,0,0
751.0,431.922,-3.931,-3.554,260,420,0,0,0,0
747.069,428.368,-3.931,-3.554,260,420,0,0,0,0
743.137,424.814,-3.931,-3.554,260,420,0,0,0,0
739.206,421.259,-3.931,-3.554,260,420,0,0,0,0
735.274,417.705,-3.931,-3.554,260,420,0,0,0,0
731.343,414.151,-3.931,-3.554,260,420,0,0,0,0
727.411,410.596,-3.931,-3.554,260,420,0,0,0,0
723.48,407.042,-3.931,-3.554,260,420,0,0,0,0
719.548,403.487,-3.931,-3.554,260,420,0,0,0,0
715.617,399.933,-3.931,-3.554,260,420,0,0,0,0
711.685,396.379,-3.931,-3.554,260,420,0,0,0,0
707.754,392.824,-3.931,-3.554,260,420,0,0,0,0
703.822,389.27,-3.931,-3.554,260,420,0,0,0,0
699.891,385.716,-3.931,-3.554,260,420,0,0,0,0
695.96,382.161,-3.931,-3.554,260,420,0,0,0,0
692.028,378.607,-3.931,-3.554,260,420,0,0,0,0
688.097,375.052,-3.931,-3.554,260,420,0,0,0,0
684.165,371.498,-3.931,-3.554,260,420,0,0,0,0
680.234,367.944,-3.931,-3.554,260,420,0,0,0,0
676.302,364.389,-3.931,-3.554,260,420,0,0,0,0
672.371,360.835,-3.931,-3.554,260,420,0,0,0,0
668.439,357.28,-3.931,-3.554,260,420,0,0,0,0
664.508,353.726,-3.931,-3.554,260,420,0,0,0,0
660.576,350.172,-3.931,-3.554,260,415,0,-1,0,0
656.645,346.617,-3.931,-3.554,260,410,0,-1,0,0
652.713,343.063,-3.931,-3.554,260,405,0,-1,0,0
648.782,339.509,-3.931,-3.554,260,400,0,-1,0,0
644.851,335.954,-3.931,-3.554,260,395,0,-1,0,0
640.919,332.4,-3.931,-3.554,260,390,0,-1,0,0
636.988,328.845,-3.931,-3.554,260,385,0,-1,0,0
633.056,325.291,-3.931,-3.554,260,380,0,-1,0,0
629.125,321.737,-3.931,-3.554,260,375,0,-1,0,0
625.193,318.182,-3.931,-3.554,260,370,0,-1,0,0
621.262,314.628,-3.931,-3.554,260,365,0,-1,0,0
617.33,311.074,-3.931,-3.554,260,360,0,-1,0,0
613.399,307.519,-3.931,-3.554,260,355,0,-1,0,0
609.467,303.965,-3.931,-3.554,260,350,0,-1,0,0
605.536,300.41,-3.931,-3.554,260,345,0,-1,0,0
601.604,296.856,-3.931,-3.554,260,340,0,-1,0,0
597.673,293.302,-3.931,-3.554,260,335,0,-1,0,0
593.742,289.747,-3.931,-3.554,260,330,0,-1,0,0
589.81,286.193,-3.931,-3.554,260,325,0,-1,0,0
585.879,282.639,-3.931,-3.554,260,320,0,-1,0,0
581.947,279.084,-3.931,-3.554,260,315,0,-1,0,0
578.016,275.53,-3.931,-3.554,260,310,0,-1,0,0
574.084,271.975,-3.931,-3.554,260,305,0,-1,0,0
570.153,268.421,-3.931,-3.554,260,300,0,-1,0,0
566.221,264.867,-3.931,-3.554,260,295,0,-1,0,0
562.29,261.312,-3.931,-3.554,260,290,0,-1,0,0
558.358,257.758,-3.931,-3.554,260,290,0,0,0,0
554.427,254.203,-3.931,-3.554,260,290,0,0,0,0
550.495,250.649,-3.931,-3.554,260,290,0,0,0,0
546.564,247.095,-3.931,-3.554,260,290,0,0,0,0
542.633,243.54,-3.931,-3.554,260,290,0,0,0,0
538.701,239.986,-3.931,-3.554,260,290,0,0,0,0
534.77,236.432,-3.931,-3.554,260,290,0,0,0,0
530.838,232.877,-3.931,-3.554,260,290,0,0,0,0
526.907,229.323,-3.931,-3.554,260,290,0,0,0,0
522.975,225.768,-3.931,-3.554,260,290,0,0,0,0
519.044,222.214,-3.931,-3.554,260,290,0,0,0,0
515.112,218.66,-3.931,-3.554,260,290,0,0,0,0
511.181,215.105,-3.931,-3.554,265,290,1,0,0,0
507.249,211.551,-3.931,-3.554,270,290,1,0,0,0
503.318,207.997,-3.931,-3.554,275,290,1,0,0,0
499.386,204.442,-3.931,-3.554,280,290,1,0,0,0
495.455,200.888,-3.931,-3.554,285,290,1,0,0,0
491.524,197.333,-3.931,-3.554,290,290,1,0,0,0
487.592,193.779,-3.931,-3.554,295,290,1,0,0,0
483.661,190.225,-3.931,-3.554,300,290,1,0,0,0
479.729,186.67,-3.931,-3.554,305,290,1,0,0,0
475.798,183.116,-3.931,-3.554,310,290,1,0,0,0
471.866,179.562,-3.931,-3.554,315,290,1,0,0,0
467.935,176.007,-3.931,-3.554,320,290,1,0,0,0
464.003,172.453,-3.931,-3.554,325,290,1,0,0,0
460.072,168.898,-3.931,-3.554,320,290,-1,0,0,0
456.14,165.344,-3.931,-3.554,315,290,-1,0,0,0
452.209,161.79,-3.931,-3.554,310,290,-1,0,0,0
448.278,158.235,-3.931,-3.554,305,290,-1,0,0,0
444.346,154.681,-3.931,-3.554,300,290,-1,0,0,0
440.415,151.126,-3.931,-3.554,295,290,-1,0,0,0
436.483,147.572,-3.931,-3.554,290,290,-1,0,0,0
432.552,144.018,-3.931,-3.554,285,290,-1,0,0,0
428.62,140.463,-3.931,-3.554,280,290,-1,0,0,0
424.689,136.909,-3.931,-3.554,275,290,-1,0,0,0
420.757,133.355,-3.931,-3.554,270,290,-1,0,0,0
416.826,129.8,-3.931,-3.554,265,290,-1,0,0,0
412.894,126.246,-3.931,-3.554,260,290,-1,0,0,0
408.963,122.691,-3.931,-3.554,260,290,0,0,0,0
405.031,119.137,-3.931,-3.554,260,290,0,0,0,0
401.1,115.583,-3.931,-3.554,260,290,0,0,0,0
397.169,112.028,-3.931,-3.554,255,290,-1,0,0,0
393.237,108.474,-3.931,-3.554,250,290,-1,0,0,0
389.306,104.92,-3.931,-3.554,245,290,-1,0,0,0
385.374,101.365,-3.931,-3.554,240,290,-1,0,0,0
381.443,97.811,-3.931,-3.554,235,290,-1,0,0,0
377.511,94.256,-3.931,-3.554,230,290,-1,0,0,0
373.58,90.702,-3.931,-3.554,225,290,-1,0,0,0
369.648,87.148,-3.931,-3.554,220,290,-1,0,0,0
365.717,83.593,-3.931,-3.554,215,290,-1,0,0,0
361.785,80.039,-3.931,-3.554,210,290,-1,0,0,0
357.854,76.485,-3.931,-3.554,205,290,-1,0,0,0
353.922,72.93,-3.931,-3.554,200,290,-1,0,0,0
349.991,69.376,-3.931,-3.554,195,290,-1,0,0,0
346.06,65.821,-3.931,-3.554,190,290,-1,0,0,0
342.128,62.267,-3.931,-3.554,185,290,-1,0,0,0
338.197,58.713,-3.931,-3.554,180,290,-1,0,0,0
334.265,55.158,-3.931,-3.554,175,290,-1,0,0,0
330.334,51.604,-3.931,-3.554,170,290,-1,0,0,0
326.402,48.049,-3.931,-3.554,165,290,-1,0,0,0
322.471,44.495,-3.931,-3.554,160,290,-1,0,0,0
318.539,40.941,-3.931,-3.554,155,290,-1,0,0,0
314.608,37.386,-3.931,-3.554,150,290,-1,0,0,0
310.676,33.832,-3.931,-3.554,145,290,-1,0,0,0
306.745,30.278,-3.931,-3.554,140,290,-1,0,0,0
302.813,26.723,-3.931,-3.554,135,290,-1,0,0,0
298.882,23.169,-3.931,-3.554,135,290,0,0,0,0
294.951,19.614,-3.931,-3.554,135,290,0,0,0,0
291.019,16.06,-3.931,-3.554,135,290,0,0,0,0
287.088,12.506,-3.931,-3.554,135,290,0,0,0,0
283.156,8.951,-3.931,-3.554,135,290,0,0,0,0
279.225,6.0,-3.931,3.554,135,290,0,0,0,0
275.293,9.554,-3.931,3.554,135,290,0,0,0,0
271.362,13.109,-3.931,3.554,135,290,0,0,0,0
267.43,16.663,-3.931,3.554,135,290,0,0,0,0
263.499,20.218,-3.931,3.554,135,290,0,0,0,0
259.567,23.772,-3.931,3.554,135,290,0,0,0,0
255.636,27.326,-3.931,3.554,135,290,0,0,0,0
251.704,30.881,-3.931,3.554,135,290,0,0,0,0
247.773,34.435,-3.931,3.554,135,290,0,0,0,0
243.842,37.989,-3.931,3.554,135,290,0,0,0,0
239.91,41.544,-3.931,3.554,135,290,0,0,0,0
235.979,45.098,-3.931,3.554,135,290,0,0,0,0
232.047,48.653,-3.931,3.554,135,290,0,0,0,0
228.116,52.207,-3.931,3.554,135,290,0,0,0,0
224.184,55.761,-3.931,3.554,135,290,0,0,0,0
220.253,59.316,-3.931,3.554,140,290,1,0,0,0
216.321,62.87,-3.931,3.554,145,290,1,0,0,0
212.39,66.424,-3.931,3.554,150,290,1,0,0,0
208.458,69.979,-3.931,3.554,155,290,1,0,0,0
204.527,73.533,-3.931,3.554,160,290,1,0,0,0
200.595,77.088,-3.931,3.554,165,290,1,0,0,0
196.664,80.642,-3.931,3.554,170,290,1,0,0,0
192.733,84.196,-3.931,3.554,175,290,1,0,0,0
188.801,87.751,-3.931,3.554,175,290,0,0,0,0
184.87,91.305,-3.931,3.554,175,290,0,0,0,0
180.938,94.859,-3.931,3.554,175,290,0,0,0,0
177.007,98.414,-3.931,3.554,175,290,0,0,0,0
173.075,101.968,-3.931,3.554,175,290,0,0,0,0
169.144,105.523,-3.931,3.554,175,290,0,0,0,0
165.212,109.077,-3.931,3.554,175,290,0,0,0,0
161.281,112.631,-3.931,3.554,175,290,0,0,0,0
157.349,116.186,-3.931,3.554,175,290,0,0,0,0
153.418,119.74,-3.931,3.554,175,290,0,0,0,0
149.486,123.295,-3.931,3.554,175,290,0,0,0,0
145.555,126.849,-3.931,3.554,175,290,0,0,0,0
141.624,130.403,-3.931,3.554,175,290,0,0,0,0
137.692,133.958,-3.931,3.554,175,290,0,0,0,0
133.761,137.512,-3.931,3.554,175,290,0,0,0,0
129.829,141.066,-3.931,3.554,175,290,0,0,0,0
125.898,144.621,-3.931,3.554,175,290,0,0,0,0
121.966,148.175,-3.931,3.554,175,290,0,0,0,0
118.035,151.73,-3.931,3.554,175,290,0,0,0,0
114.103,155.284,-3.931,3.554,175,290,0,0,0,0
110.172,158.838,-3.931,3.554,175,290,0,0,0,0
106.24,162.393,-3.931,3.554,175,290,0,0,0,0
102.309,165.947,-3.931,3.554,175,290,0,0,0,0
98.377,169.501,-3.931,3.554,175,290,0,0,0,0
94.446,173.056,-3.931,3.554,175,290,0,0,0,0
90.515,176.61,-3.931,3.554,175,290,0,0,0,0
86.583,180.165,-3.931,3.554,175,290,0,0,0,0
82.652,183.719,-3.931,3.554,175,290,0,0,0,0
78.72,187.273,-3.931,3.554,175,290,0,0,0,0
74.789,190.828,-3.931,3.554,175,290,0,0,0,0
70.857,194.382,-3.931,3.554,175,290,0,0,0,0
66.926,197.937,-3.931,3.554,175,290,0,0,0,0
62.994,201.491,-3.931,3.554,175,290,0,0,0,0
59.063,205.045,-3.931,3.554,175,290,0,0,0,0
55.131,208.6,-3.931,3.554,175,290,0,0,0,0
51.2,212.154,-3.931,3.554,175,290,0,0,0,0
49.0,215.708,5.599,0.104,175,290,0,0,0,0
54.599,215.812,5.599,0.104,175,290,0,0,0,0
60.198,215.916,5.599,0.104,175,290,0,0,0,0
65.797,216.02,5.599,0.104,175,290,0,0,0,0
71.396,216.124,5.599,0.104,175,290,0,0,0,0
76.995,216.228,5.599,0.104,175,290,0,0,0,0
82.594,216.332,5.599,0.104,175,290,0,0,0,0
88.193,216.435,5.599,0.104,175,290,0,0,0,0
93.792,216.539,5.599,0.104,175,290,0,0,0,0
99.391,216.643,5.599,0.104,175,290,0,0,0,0
104.99,216.747,5.599,0.104,175,290,0,0,0,0
110.589,216.851,5.599,0.104,175,290,0,0,0,0
116.188,216.955,5.599,0.104,175,290,0,0,0,0
121.787,217.058,5.599,0.104,175,290,0,0,0,0
127.387,217.162,5.599,0.104,175,290,0,0,0,0
132.986,217.266,5.599,0.104,175,290,0,0,0,0
138.585,217.37,5.599,0.104,175,290,0,0,0,0
144.184,217.474,5.599,0.104,175,290,0,0,0,0
149.783,217.578,5.599,0.104,175,290,0,0,0,0
155.382,217.682,5.599,0.104,175,290,0,0,0,0
160.981,217.785,5.599,0.104,175,290,0,0,0,0
166.58,217.889,5.599,0.104,175,290,0,0,0,0
172.179,217.993,5.599,0.104,175,290,0,0,0,0
177.778,218.097,5.599,0.104,175,290,0,0,0,0
183.377,218.201,5.599,0.104,175,290,0,0,0,0
188.976,218.305,5.599,0.104,175,290,0,0,0,0
194.575,218.409,5.599,0.104,175,290,0,0,0,0
200.174,218.512,5.599,0.104,175,290,0,0,0,0
205.773,218.616,5.599,0.104,175,285,0,-1,0,0
211.372,218.72,5.599,0.104,175,280,0,-1,0,0
216.971,218.824,5.599,0.104,175,275,0,-1,0,0
222.57,218.928,5.599,0.104,175,270,0,-1,0,0
228.169,219.032,5.599,0.104,175,265,0,-1,0,0
233.768,219.135,5.599,0.104,175,260,0,-1,0,0
239.367,219.239,5.599,0.104,175,255,0,-1,0,0
244.966,219.343,5.599,0.104,175,250,0,-1,0,0
250.565,219.447,5.599,0.104,175,245,0,-1,0,0
256.164,219.551,5.599,0.104,175,240,0,-1,0,0
261.763,219.655,5.599,0.104,175,235,0,-1,0,0
267.362,219.759,5.599,0.104,175,230,0,-1,0,0
272.961,219.862,5.599,0.104,175,225,0,-1,0,0
278.561,219.966,5.599,0.104,175,220,0,-1,0,0
284.16,220.07,5.599,0.104,175,215,0,-1,0,0
289.759,220.174,5.599,0.104,175,210,0,-1,0,0
295.358,220.278,5.599,0.104,175,205,0,-1,0,0
300.957,220.382,5.599,0.104,175,200,0,-1,0,0
306.556,220.486,5.599,0.104,175,195,0,-1,0,0
312.155,220.589,5.599,0.104,175,190,0,-1,0,0
317.754,220.693,5.599,0.104,175,185,0,-1,0,0
323.353,220.797,5.599,0.104,175,180,0,-1,0,0
328.952,220.901,5.599,0.104,175,175,0,-1,0,0
334.551,221.005,5.599,0.104,175,170,0,-1,0,0
340.15,221.109,5.599,0.104,175,165,0,-1,0,0
345.749,221.212,5.599,0.104,175,160,0,-1,0,0
351.348,221.316,5.599,0.104,175,155,0,-1,0,0
356.947,221.42,5.599,0.104,175,155,0,0,0,0
362.546,221.524,5.599,0.104,175,155,0,0,0,0
368.145,221.628,5.599,0.104,175,155,0,0,0,0
373.744,221.732,5.599,0.104,175,155,0,0,0,0
379.343,221.836,5.599,0.104,175,155,0,0,0,0
384.942,221.939,5.599,0.104,175,155,0,0,0,0
390.541,222.043,5.599,0.104,175,155,0,0,0,0
396.14,222.147,5.599,0.104,175,155,0,0,0,0
401.739,222.251,5.599,0.104,175,155,0,0,0,0
407.338,222.355,5.599,0.104,175,155,0,0,0,0
412.937,222.459,5.599,0.104,175,155,0,0,0,0
418.536,222.563,5.599,0.104,175,155,0,0,0,0
424.135,222.666,5.599,0.104,175,155,0,0,0,0
429.735,222.77,5.599,0.104,175,155,0,0,0,0
435.334,222.874,5.599,0.104,175,155,0,0,0,0
440.933,222.978,5.599,0.104,175,155,0,0,0,0
446.532,223.082,5.599,0.104,175,155,0,0,0,0
452.131,223.186,5.599,0.104,175,155,0,0,0,0
457.73,223.29,5.599,0.104,175,155,0,0,0,0
463.329,223.393,5.599,0.104,180,155,1,0,0,0
468.928,223.497,5.599,0.104,185,155,1,0,0,0
474.527,223.601,5.599,0.104,190,155,1,0,0,0
480.126,223.705,5.599,0.104,195,155,1,0,0,0
485.725,223.809,5.599,0.104,200,155,1,0,0,0
491.324,223.913,5.599,0.104,205,155,1,0,0,0
496.923,224.016,5.599,0.104,210,155,1,0,0,0
502.522,224.12,5.599,0.104,215,160,1,1,0,0
508.121,224.224,5.599,0.104,220,165,1,1,0,0
513.72,224.328,5.599,0.104,225,170,1,1,0,0
519.319,224.432,5.599,0.104,230,175,1,1,0,0
524.918,224.536,5.599,0.104,235,180,1,1,0,0
530.517,224.64,5.599,0.104,240,180,1,0,0,0
536.116,224.743,5.599,0.104,245,180,1,0,0,0
541.715,224.847,5.599,0.104,245,180,0,0,0,0
547.314,224.951,5.599,0.104,245,180,0,0,0,0
552.913,225.055,5.599,0.104,245,180,0,0,0,0
558.512,225.159,5.599,0.104,245,180,0,0,0,0
564.111,225.263,5.599,0.104,245,180,0,0,0,0
569.71,225.367,5.599,0.104,245,180,0,0,0,0
575.309,225.47,5.599,0.104,245,180,0,0,0,0
580.909,225.574,5.599,0.104,245,180,0,0,0,0
586.508,225.678,5.599,0.104,245,180,0,0,0,0
592.107,225.782,5.599,0.104,245,180,0,0,0,0
597.706,225.886,5.599,0.104,245,180,0,0,0,0
603.305,225.99,5.599,0.104,245,180,0,0,0,0
608.904,226.093,5.599,0.104,245,180,0,0,0,0
614.503,226.197,5.599,0.104,245,180,0,0,0,0
620.102,226.301,5.599,0.104,245,180,0,0,0,0
625.701,226.405,5.599,0.104,245,180,0,0,0,0
631.3,226.509,5.599,0.104,245,180,0,0,0,0
636.899,226.613,5.599,0.104,245,180,0,0,0,0
642.498,226.717,5.599,0.104,245,180,0,0,0,0
648.097,226.82,5.599,0.104,245,180,0,0,0,0
653.696,226.924,5.599,0.104,245,180,0,0,0,0
659.295,227.028,5.599,0.104,245,180,0,0,0,0
664.894,227.132,5.599,0.104,245,180,0,0,0,0
670.493,227.236,5.599,0.104,245,180,0,0,0,0
676.092,227.34,5.599,0.104,245,180,0,0,0,0
681.691,227.444,5.599,0.104,245,180,0,0,0,0
687.29,227.547,5.599,0.104,245,180,0,0,0,0
692.889,227.651,5.599,0.104,245,180,0,0,0,0
698.488,227.755,5.599,0.104,245,180,0,0,0,0
704.087,227.859,5.599,0.104,245,180,0,0,0,0
709.686,227.963,5.599,0.104,245,180,0,0,0,0
715.285,228.067,5.599,0.104,245,180,0,0,0,0
720.884,228.171,5.599,0.104,245,180,0,0,0,0
726.483,228.274,5.599,0.104,245,180,0,0,0,0
732.083,228.378,5.599,0.104,245,180,0,0,0,0
737.682,228.482,5.599,0.104,245,180,0,0,0,0
743.281,228.586,5.599,0.104,245,180,0,0,0,0
748.88,228.69,5.599,0.104,245,180,0,0,0,0
751.0,228.794,-5.744,1.346,245,180,0,0,0,0
745.256,230.14,-5.744,1.346,245,180,0,0,0,0
739.511,231.486,-5.744,1.346,245,180,0,0,0,0
733.767,232.833,-5.744,1.346,245,180,0,0,0,0
728.023,234.179,-5.744,1.346,245,180,0,0,0,0
722.278,235.525,-5.744,1.346,245,180,0,0,0,0
716.534,236.871,-5.744,1.346,245,180,0,0,0,0
710.79,238.218,-5.744,1.346,245,180,0,0,0,0
705.045,239.564,-5.744,1.346,245,180,0,0,0,0
699.301,240.91,-5.744,1.346,245,180,0,0,0,0
693.557,242.257,-5.744,1.346,245,180,0,0,0,0
687.812,243.603,-5.744,1.346,245,180,0,0,0,0
682.068,244.949,-5.744,1.346,245,180,0,0,0,0
676.324,246.296,-5.744,1.346,245,180,0,0,0,0
670.579,247.642,-5.744,1.346,245,180,0,0,0,0
664.835,248.988,-5.744,1.346,245,180,0,0,0,0
659.091,250.335,-5.744,1.346,245,180,0,0,0,0
653.346,251.681,-5.744,1.346,245,180,0,0,0,0
647.602,253.027,-5.744,1.346,245,180,0,0,0,0
641.858,254.373,-5.744,1.346,245,180,0,0,0,0
636.113,255.72,-5.744,1.346,245,180,0,0,0,0
630.369,257.066,-5.744,1.346,245,180,0,0,0,0
624.625,258.412,-5.744,1.346,245,180,0,0,0,0
618.88,259.759,-5.744,1.346,245,180,0,0,0,0
613.136,261.105,-5.744,1.346,245,180,0,0,0,0
607.391,262.451,-5.744,1.346,245,180,0,0,0,0
601.647,263.798,-5.744,1.346,245,180,0,0,0,0
595.903,265.144,-5.744,1.346,245,185,0,1,0,0
590.158,266.49,-5.744,1.346,245,190,0,1,0,0
584.414,267.837,-5.744,1.346,245,195,0,1,0,0
578.67,269.183,-5.744,1.346,245,200,0,1,0,0
572.925,270.529,-5.744,1.346,245,205,0,1,0,0
567.181,271.876,-5.744,1.346,250,210,1,1,0,0
561.437,273.222,-5.744,1.346,255,215,1,1,0,0
555.692,274.568,-5.744,1.346,260,220,1,1,0,0
549.948,275.914,-5.744,1.346,265,225,1,1,0,0
544.204,277.261,-5.744,1.346,270,230,1,1,0,0
538.459,278.607,-5.744,1.346,275,230,1,0,0,0
532.715,279.953,-5.744,1.346,280,230,1,0,0,0
526.971,281.3,-5.744,1.346,285,230,1,0,0,0
521.226,282.646,-5.744,1.346,290,230,1,0,0,0
515.482,283.992,-5.744,1.346,295,230,1,0,0,0
509.738,285.339,-5.744,1.346,300,230,1,0,0,0
503.993,286.685,-5.744,1.346,305,230,1,0,0,0
498.249,288.031,-5.744,1.346,310,230,1,0,0,0
492.505,289.378,-5.744,1.346,315,230,1,0,0,0
486.76,290.724,-5.744,1.346,315,230,0,0,0,0
481.016,292.07,-5.744,1.346,315,230,0,0,0,0
475.272,293.416,-5.744,1.346,315,230,0,0,0,0
469.527,294.763,-5.744,1.346,315,230,0,0,0,0
463.783,296.109,-5.744,1.346,315,230,0,0,0,0
458.039,297.455,-5.744,1.346,315,230,0,0,0,0
452.294,298.802,-5.744,1.346,315,230,0,0,0,0
446.55,300.148,-5.744,1.346,315,230,0,0,0,0
440.806,301.494,-5.744,1.346,315,230,0,0,0,0
435.061,302.841,-5.744,1.346,315,230,0,0,0,0
429.317,304.187,-5.744,1.346,315,230,0,0,0,0
423.573,305.533,-5.744,1.346,315,230,0,0,0,0
417.828,306.88,-5.744,1.346,315,230,0,0,0,0
412.084,308.226,-5.744,1.346,320,230,1,0,0,0
406.34,309.572,-5.744,1.346,325,230,1,0,0,0
400.595,310.919,-5.744,1.346,330,230,1,0,0,0
394.851,312.265,-5.744,1.346,335,230,1,0,0,0
389.107,313.611,-5.744,1.346,340,230,1,0,0,0
383.362,314.957,-5.744,1.346,345,230,1,0,0,0
377.618,316.304,-5.744,1.346,350,230,1,0,0,0
371.874,317.65,-5.744,1.346,355,230,1,0,0,0
366.129,318.996,-5.744,1.346,360,230,1,0,0,0
360.385,320.343,-5.744,1.346,360,230,0,0,0,0
354.64,321.689,-5.744,1.346,360,230,0,0,0,0
348.896,323.035,-5.744,1.346,360,230,0,0,0,0
343.152,324.382,-5.744,1.346,360,230,0,0,0,0
337.407,325.728,-5.744,1.346,360,230,0,0,0,0
331.663,327.074,-5.744,1.346,360,230,0,0,0,0
325.919,328.421,-5.744,1.346,360,230,0,0,0,0
320.174,329.767,-5.744,1.346,360,230,0,0,0,0
314.43,331.113,-5.744,1.346,360,230,0,0,0,0
308.686,332.459,-5.744,1.346,360,230,0,0,0,0
302.941,333.806,-5.744,1.346,360,230,0,0,0,0
297.197,335.152,-5.744,1.346,360,230,0,0,0,0
291.453,336.498,-5.744,1.346,360,230,0,0,0,0
285.708,337.845,-5.744,1.346,360,230,0,0,0,0
279.964,339.191,-5.744,1.346,360,230,0,0,0,0
274.22,340.537,-5.744,1.346,360,230,0,0,0,0
268.475,341.884,-5.744,1.346,360,230,0,0,0,0
262.731,343.23,-5.744,1.346,360,230,0,0,0,0
256.987,344.576,-5.744,1.346,360,230,0,0,0,0
251.242,345.923,-5.744,1.346,360,230,0,0,0,0
245.498,347.269,-5.744,1.346,360,230,0,0,0,0
239.754,348.615,-5.744,1.346,360,230,0,0,0,0
234.009,349.961,-5.744,1.346,360,230,0,0,0,0
228.265,351.308,-5.744,1.346,360,230,0,0,0,0
222.521,352.654,-5.744,1.346,360,230,0,0,0,0
216.776,354.0,-5.744,1.346,360,230,0,0,0,0
211.032,355.347,-5.744,1.346,360,230,0,0,0,0
205.288,356.693,-5.744,1.346,360,230,0,0,0,0
199.543,358.039,-5.744,1.346,360,230,0,0,0,0
193.799,359.386,-5.744,1.346,360,230,0,0,0,0
188.055,360.732,-5.744,1.346,360,230,0,0,0,0
182.31,362.078,-5.744,1.346,360,230,0,0,0,0
176.566,363.425,-5.744,1.346,360,230,0,0,0,0
170.822,364.771,-5.744,1.346,360,230,0,0,0,0
165.077,366.117,-5.744,1.346,360,230,0,0,0,0
159.333,367.464,-5.744,1.346,360,230,0,0,0,0
153.589,368.81,-5.744,1.346,360,230,0,0,0,0
147.844,370.156,-5.744,1.346,360,230,0,0,0,0
142.1,371.502,-5.744,1.346,360,230,0,0,0,0
136.356,372.849,-5.744,1.346,360,230,0,0,0,0
130.611,374.195,-5.744,1.346,360,230,0,0,0,0
124.867,375.541,-5.744,1.346,360,230,0,0,0,0
119.123,376.888,-5.744,1.346,360,230,0,0,0,0
113.378,378.234,-5.744,1.346,360,230,0,0,0,0
107.634,379.58,-5.744,1.346,360,230,0,0,0,0
101.889,380.927,-5.744,1.346,360,230,0,0,0,0
96.145,382.273,-5.744,1.346,360,230,0,0,0,0
90.401,383.619,-5.744,1.346,360,230,0,0,0,0
84.656,384.966,-5.744,1.346,360,230,0,0,0,0
78.912,386.312,-5.744,1.346,360,230,0,0,0,0
73.168,387.658,-5.744,1.346,360,230,0,0,0,0
67.423,389.004,-5.744,1.346,360,230,0,0,0,0
61.679,390.351,-5.744,1.346,360,230,0,0,0,0
55.935,391.697,-5.744,1.346,360,230,0,0,0,0
50.19,393.043,-5.744,1.346,360,230,0,0,0,0
49.0,394.39,6.133,-0.907,360,230,0,0,0,0
55.133,393.482,6.133,-0.907,360,230,0,0,0,0
61.266,392.575,6.133,-0.907,360,235,0,1,0,0
67.4,391.668,6.133,-0.907,360,240,0,1,0,0
73.533,390.76,6.133,-0.907,360,245,0,1,0,0
79.666,389.853,6.133,-0.907,360,250,0,1,0,0
85.799,388.946,6.133,-0.907,360,255,0,1,0,0
91.933,388.038,6.133,-0.907,360,260,0,1,0,0
98.066,387.131,6.133,-0.907,360,265,0,1,0,0
104.199,386.223,6.133,-0.907,360,270,0,1,0,0
110.332,385.316,6.133,-0.907,360,275,0,1,0,0
116.466,384.409,6.133,-0.907,360,280,0,1,0,0
122.599,383.501,6.133,-0.907,360,285,0,1,0,0
128.732,382.594,6.133,-0.907,360,290,0,1,0,0
134.865,381.687,6.133,-0.907,360,295,0,1,0,0
140.999,380.779,6.133,-0.907,360,300,0,1,0,0
147.132,379.872,6.133,-0.907,360,305,0,1,0,0
153.265,378.964,6.133,-0.907,360,310,0,1,0,0
159.398,378.057,6.133,-0.907,360,315,0,1,0,0
165.532,377.15,6.133,-0.907,360,320,0,1,0,0
171.665,376.242,6.133,-0.907,360,325,0,1,0,0
177.798,375.335,6.133,-0.907,360,330,0,1,0,0
183.931,374.428,6.133,-0.907,360,335,0,1,0,0
190.065,373.52,6.133,-0.907,360,335,0,0,0,0
196.198,372.613,6.133,-0.907,360,335,0,0,0,0
202.331,371.706,6.133,-0.907,360,335,0,0,0,0
208.464,370.798,6.133,-0.907,360,335,0,0,0,0
214.598,369.891,6.133,-0.907,360,335,0,0,0,0
220.731,368.983,6.133,-0.907,360,335,0,0,0,0
226.864,368.076,6.133,-0.907,360,335,0,0,0,0
232.997,367.169,6.133,-0.907,360,335,0,0,0,0
239.131,366.261,6.133,-0.907,360,335,0,0,0,0
245.264,365.354,6.133,-0.907,360,335,0,0,0,0
251.397,364.447,6.133,-0.907,360,335,0,0,0,0
257.53,363.539,6.133,-0.907,360,335,0,0,0,0
263.664,362.632,6.133,-0.907,360,335,0,0,0,0
269.797,361.724,6.133,-0.907,360,335,0,0,0,0
275.93,360.817,6.133,-0.907,360,335,0,0,0,0
282.063,359.91,6.133,-0.907,360,335,0,0,0,0
288.197,359.002,6.133,-0.907,360,335,0,0,0,0
294.33,358.095,6.133,-0.907,360,335,0,0,0,0
300.463,357.188,6.133,-0.907,360,335,0,0,0,0
306.596,356.28,6.133,-0.907,360,335,0,0,0,0
312.729,355.373,6.133,-0.907,360,335,0,0,0,0
318.863,354.466,6.133,-0.907,360,335,0,0,0,0
324.996,353.558,6.133,-0.907,360,335,0,0,0,0
331.129,352.651,6.133,-0.907,360,335,0,0,0,0
337.262,351.743,6.133,-0.907,360,335,0,0,0,0
343.396,350.836,6.133,-0.907,360,330,0,-1,0,0
349.529,349.929,6.133,-0.907,360,325,0,-1,0,0
355.662,349.021,6.133,-0.907,360,320,0,-1,0,0
361.795,348.114,6.133,-0.907,360,315,0,-1,0,0
367.929,347.207,6.133,-0.907,360,310,0,-1,0,0
374.062,346.299,6.133,-0.907,360,305,0,-1,0,0
380.195,345.392,6.133,-0.907,360,300,0,-1,0,0
386.328,344.484,6.133,-0.907,360,295,0,-1,0,0
392.462,343.577,6.133,-0.907,360,290,0,-1,0,0
398.595,342.67,6.133,-0.907,355,290,-1,0,0,0
404.728,341.762,6.133,-0.907,350,290,-1,0,0,0
410.861,340.855,6.133,-0.907,345,290,-1,0,0,0
416.995,339.948,6.133,-0.907,340,290,-1,0,0,0
423.128,339.04,6.133,-0.907,335,290,-1,0,0,0
429.261,338.133,6.133,-0.907,330,290,-1,0,0,0
435.394,337.226,6.133,-0.907,325,290,-1,0,0,0
441.528,336.318,6.133,-0.907,320,290,-1,0,0,0
447.661,335.411,6.133,-0.907,315,290,-1,0,0,0
453.794,334.503,6.133,-0.907,310,290,-1,0,0,0
459.927,333.596,6.133,-0.907,305,290,-1,0,0,0
466.061,332.689,6.133,-0.907,300,290,-1,0,0,0
472.194,331.781,6.133,-0.907,295,290,-1,0,0,0
478.327,330.874,6.133,-0.907,295,290,0,0,0,0
484.46,329.967,6.133,-0.907,295,290,0,0,0,0
490.594,329.059,6.133,-0.907,295,290,0,0,0,0
496.727,328.152,6.133,-0.907,295,290,0,0,0,0
502.86,327.244,6.133,-0.907,295,290,0,0,0,0
508.993,326.337,6.133,-0.907,295,290,0,0,0,0
515.127,325.43,6.133,-0.907,295,290,0,0,0,0
521.26,324.522,6.133,-0.907,295,290,0,0,0,0
527.393,323.615,6.133,-0.907,295,290,0,0,0,0
533.526,322.708,6.133,-0.907,295,290,0,0,0,0
539.66,321.8,6.133,-0.907,295,290,0,0,0,0
545.793,320.893,6.133,-0.907,295,290,0,0,0,0
551.926,319.986,6.133,-0.907,295,290,0,0,0,0
558.059,319.078,6.133,-0.907,295,290,0,0,0,0
564.193,318.171,6.133,-0.907,295,290,0,0,0,0
570.326,317.263,6.133,-0.907,295,290,0,0,0,0
576.459,316.356,6.133,-0.907,295,290,0,0,0,0
582.592,315.449,6.133,-0.907,295,290,0,0,0,0
588.725,314.541,6.133,-0.907,295,290,0,0,0,0
594.859,313.634,6.133,-0.907,295,290,0,0,0,0
600.992,312.727,6.133,-0.907,295,290,0,0,0,0
607.125,311.819,6.133,-0.907,295,290,0,0,0,0
613.258,310.912,6.133,-0.907,295,290,0,0,0,0
619.392,310.005,6.133,-0.907,295,290,0,0,0,0
625.525,309.097,6.133,-0.907,295,290,0,0,0,0
631.658,308.19,6.133,-0.907,295,290,0,0,0,0
637.791,307.282,6.133,-0.907,295,290,0,0,0,0
643.925,306.375,6.133,-0.907,295,285,0,-1,0,0
650.058,305.468,6.133,-0.907,295,280,0,-1,0,0
656.191,304.56,6.133,-0.907,295,275,0,-1,0,0
662.324,303.653,6.133,-0.907,295,270,0,-1,0,0
668.458,302.746,6.133,-0.907,295,265,0,-1,0,0
674.591,301.838,6.133,-0.907,295,260,0,-1,0,0
680.724,300.931,6.133,-0.907,295,260,0,0,0,0
686.857,300.023,6.133,-0.907,295,260,0,0,0,0
692.991,299.116,6.133,-0.907,295,260,0,0,0,0
699.124,298.209,6.133,-0.907,295,260,0,0,0,0
705.257,297.301,6.133,-0.907,295,260,0,0,0,0
711.39,296.394,6.133,-0.907,295,260,0,0,0,0
717.524,295.487,6.133,-0.907,295,260,0,0,0,0
723.657,294.579,6.133,-0.907,295,260,0,0,0,0
729.79,293.672,6.133,-0.907,295,260,0,0,0,0
735.923,292.765,6.133,-0.907,295,260,0,0,0,0
742.057,291.857,6.133,-0.907,295,260,0,0,0,0
748.19,290.95,6.133,-0.907,295,260,0,0,0,0
751.0,290.042,-6.28,-1.675,295,260,0,0,0,0
744.72,288.367,-6.28,-1.675,295,260,0,0,0,0
738.439,286.692,-6.28,-1.675,295,260,0,0,0,0
732.159,285.016,-6.28,-1.675,295,260,0,0,0,0
725.878,283.341,-6.28,-1.675,295,260,0,0,0,0
719.598,281.666,-6.28,-1.675,295,260,0,0,0,0
713.318,279.99,-6.28,-1.675,295,260,0,0,0,0
707.037,278.315,-6.28,-1.675,295,260,0,0,0,0
700.757,276.64,-6.28,-1.675,295,260,0,0,0,0
694.477,274.964,-6.28,-1.675,295,260,0,0,0,0
688.196,273.289,-6.28,-1.675,295,260,0,0,0,0
681.916,271.614,-6.28,-1.675,295,260,0,0,0,0
675.635,269.938,-6.28,-1.675,295,260,0,0,0,0
669.355,268.263,-6.28,-1.675,295,260,0,0,0,0
663.075,266.588,-6.28,-1.675,295,260,0,0,0,0
656.794,264.912,-6.28,-1.675,295,260,0,0,0,0
650.514,263.237,-6.28,-1.675,295,260,0,0,0,0
644.233,261.561,-6.28,-1.675,295,260,0,0,0,0
637.953,259.886,-6.28,-1.675,295,260,0,0,0,0
631.673,258.211,-6.28,-1.675,295,260,0,0,0,0
625.392,256.535,-6.28,-1.675,295,260,0,0,0,0
619.112,254.86,-6.28,-1.675,295,260,0,0,0,0
612.832,253.185,-6.28,-1.675,295,260,0,0,0,0
606.551,251.509,-6.28,-1.675,295,260,0,0,0,0
600.271,249.834,-6.28,-1.675,295,260,0,0,0,0
593.99,248.159,-6.28,-1.675,295,260,0,0,0,0
587.71,246.483,-6.28,-1.675,295,260,0,0,0,0
581.43,244.808,-6.28,-1.675,295,260,0,0,0,0
575.149,243.133,-6.28,-1.675,295,260,0,0,0,0
568.869,241.457,-6.28,-1.675,290,260,-1,0,0,0
562.589,239.782,-6.28,-1.675,285,260,-1,0,0,0
556.308,238.107,-6.28,-1.675,280,260,-1,0,0,0
550.028,236.431,-6.28,-1.675,275,255,-1,-1,0,0
543.747,234.756,-6.28,-1.675,270,250,-1,-1,0,0
537.467,233.081,-6.28,-1.675,265,245,-1,-1,0,0
531.187,231.405,-6.28,-1.675,260,240,-1,-1,0,0
524.906,229.73,-6.28,-1.675,255,235,-1,-1,0,0
518.626,228.054,-6.28,-1.675,250,230,-1,-1,0,0
512.345,226.379,-6.28,-1.675,245,225,-1,-1,0,0
506.065,224.704,-6.28,-1.675,240,220,-1,-1,0,0
499.785,223.028,-6.28,-1.675,235,215,-1,-1,0,0
493.504,221.353,-6.28,-1.675,230,210,-1,-1,0,0
487.224,219.678,-6.28,-1.675,225,205,-1,-1,0,0
480.944,218.002,-6.28,-1.675,220,200,-1,-1,0,0
474.663,216.327,-6.28,-1.675,215,195,-1,-1,0,0
468.383,214.652,-6.28,-1.675,210,190,-1,-1,0,0
462.102,212.976,-6.28,-1.675,205,185,-1,-1,0,0
455.822,211.301,-6.28,-1.675,200,180,-1,-1,0,0
449.542,209.626,-6.28,-1.675,195,175,-1,-1,0,0
443.261,207.95,-6.28,-1.675,190,170,-1,-1,0,0
436.981,206.275,-6.28,-1.675,185,165,-1,-1,0,0
430.7,204.6,-6.28,-1.675,180,160,-1,-1,0,0
424.42,202.924,-6.28,-1.675,175,155,-1,-1,0,0
418.14,201.249,-6.28,-1.675,170,150,-1,-1,0,0
411.859,199.574,-6.28,-1.675,165,145,-1,-1,0,0
405.579,197.898,-6.28,-1.675,160,140,-1,-1,0,0
399.299,196.223,-6.28,-1.675,155,135,-1,-1,0,0
393.018,194.547,-6.28,-1.675,150,130,-1,-1,0,0
386.738,192.872,-6.28,-1.675,145,125,-1,-1,0,0
380.457,191.197,-6.28,-1.675,140,125,-1,0,0,0
374.177,189.521,-6.28,-1.675,135,125,-1,0,0,0
367.897,187.846,-6.28,-1.675,130,125,-1,0,0,0
361.616,186.171,-6.28,-1.675,125,125,-1,0,0,0
355.336,184.495,-6.28,-1.675,120,125,-1,0,0,0
349.056,182.82,-6.28,-1.675,115,125,-1,0,0,0
342.775,181.145,-6.28,-1.675,110,125,-1,0,0,0
336.495,179.469,-6.28,-1.675,105,125,-1,0,0,0
330.214,177.794,-6.28,-1.675,100,125,-1,0,0,0
323.934,176.119,-6.28,-1.675,95,125,-1,0,0,0
317.654,174.443,-6.28,-1.675,90,125,-1,0,0,0
311.373,172.768,-6.28,-1.675,85,125,-1,0,0,0
305.093,171.093,-6.28,-1.675,80,125,-1,0,0,0
298.812,169.417,-6.28,-1.675,75,125,-1,0,0,0
292.532,167.742,-6.28,-1.675,70,125,-1,0,0,0
286.252,166.067,-6.28,-1.675,65,125,-1,0,0,0
279.971,164.391,-6.28,-1.675,60,125,-1,0,0,0
273.691,162.716,-6.28,-1.675,60,125,0,0,0,0
267.411,161.041,-6.28,-1.675,60,125,0,0,0,0
261.13,159.365,-6.28,-1.675,60,125,0,0,0,0
254.85,157.69,-6.28,-1.675,60,125,0,0,0,0
248.569,156.014,-6.28,-1.675,60,125,0,0,0,0
242.289,154.339,-6.28,-1.675,60,125,0,0,0,0
236.009,152.664,-6.28,-1.675,60,125,0,0,0,0
229.728,150.988,-6.28,-1.675,60,125,0,0,0,0
223.448,149.313,-6.28,-1.675,60,125,0,0,0,0
217.167,147.638,-6.28,-1.675,60,125,0,0,0,0
210.887,145.962,-6.28,-1.675,60,125,0,0,0,0
204.607,144.287,-6.28,-1.675,60,125,0,0,0,0
198.326,142.612,-6.28,-1.675,60,125,0,0,0,0
192.046,140.936,-6.28,-1.675,60,125,0,0,0,0
185.766,139.261,-6.28,-1.675,60,125,0,0,0,0
179.485,137.586,-6.28,-1.675,60,125,0,0,0,0
173.205,135.91,-6.28,-1.675,60,125,0,0,0,0
166.924,134.235,-6.28,-1.675,60,125,0,0,0,0
160.644,132.56,-6.28,-1.675,60,125,0,0,0,0
154.364,130.884,-6.28,-1.675,60,125,0,0,0,0
148.083,129.209,-6.28,-1.675,60,125,0,0,0,0
141.803,127.534,-6.28,-1.675,60,125,0,0,0,0
135.523,125.858,-6.28,-1.675,60,125,0,0,0,0
129.242,124.183,-6.28,-1.675,60,125,0,0,0,0
122.962,122.507,-6.28,-1.675,60,125,0,0,0,0
116.681,120.832,-6.28,-1.675,60,125,0,0,0,0
110.401,119.157,-6.28,-1.675,60,125,0,0,0,0
104.121,117.481,-6.28,-1.675,60,125,0,0,0,0
97.84,115.806,-6.28,-1.675,60,125,0,0,0,0
91.56,114.131,-6.28,-1.675,60,125,0,0,0,0
85.279,112.455,-6.28,-1.675,60,125,0,0,0,0
78.999,110.78,-6.28,-1.675,60,125,0,0,0,0
72.719,109.105,-6.28,-1.675,60,125,0,0,0,0
66.438,107.429,-6.28,-1.675,60,125,0,0,0,0
60.158,105.754,-6.28,-1.675,60,125,0,0,0,0
53.878,104.079,-6.28,-1.675,60,125,0,0,0,0
49.0,102.403,6.787,0.428,60,125,0,0,0,0
55.787,102.831,6.787,0.428,60,125,0,0,0,0
62.573,103.258,6.787,0.428,60,125,0,0,0,0
69.36,103.686,6.787,0.428,60,125,0,0,0,0
76.146,104.113,6.787,0.428,60,125,0,0,0,0
82.933,104.541,6.787,0.428,60,125,0,0,0,0
89.719,104.969,6.787,0.428,60,125,0,0,0,0
96.506,105.396,6.787,0.428,60,125,0,0,0,0
103.292,105.824,6.787,0.428,60,125,0,0,0,0
110.079,106.251,6.787,0.428,60,125,0,0,0,0
116.865,106.679,6.787,0.428,60,125,0,0,0,0
123.652,107.106,6.787,0.428,60,125,0,0,0,0
130.439,107.534,6.787,0.428,60,125,0,0,0,0
137.225,107.961,6.787,0.428,60,130,0,1,0,0
144.012,108.389,6.787,0.428,60,135,0,1,0,0
150.798,108.817,6.787,0.428,60,140,0,1,0,0
157.585,109.244,6.787,0.428,60,145,0,1,0,0
164.371,109.672,6.787,0.428,60,150,0,1,0,0
171.158,110.099,6.787,0.428,60,155,0,1,0,0
177.944,110.527,6.787,0.428,60,160,0,1,0,0
184.731,110.954,6.787,0.428,60,165,0,1,0,0
191.517,111.382,6.787,0.428,60,170,0,1,0,0
198.304,111.809,6.787,0.428,60,170,0,0,0,0
205.091,112.237,6.787,0.428,60,170,0,0,0,0
211.877,112.665,6.787,0.428,60,170,0,0,0,0
218.664,113.092,6.787,0.428,60,170,0,0,0,0
225.45,113.52,6.787,0.428,65,170,1,0,0,0
232.237,113.947,6.787,0.428,70,170,1,0,0,0
239.023,114.375,6.787,0.428,75,170,1,0,0,0
245.81,114.802,6.787,0.428,80,170,1,0,0,0
252.596,115.23,6.787,0.428,85,170,1,0,0,0
259.383,115.657,6.787,0.428,90,170,1,0,0,0
266.169,116.085,6.787,0.428,95,165,1,-1,0,0
272.956,116.513,6.787,0.428,100,160,1,-1,0,0
279.743,116.94,6.787,0.428,105,155,1,-1,0,0
286.529,117.368,6.787,0.428,110,150,1,-1,0,0
293.316,117.795,6.787,0.428,115,145,1,-1,0,0
300.102,118.223,6.787,0.428,120,140,1,-1,0,0
306.889,118.65,6.787,0.428,125,135,1,-1,0,0
313.675,119.078,6.787,0.428,130,130,1,-1,0,0
320.462,119.506,6.787,0.428,130,125,0,-1,0,0
327.248,119.933,6.787,0.428,130,120,0,-1,0,0
334.035,120.361,6.787,0.428,130,115,0,-1,0,0
340.821,120.788,6.787,0.428,130,110,0,-1,0,0
347.608,121.216,6.787,0.428,130,105,0,-1,0,0
354.395,121.643,6.787,0.428,130,105,0,0,0,0
361.181,122.071,6.787,0.428,130,105,0,0,0,0
367.968,122.498,6.787,0.428,130,105,0,0,0,0
374.754,122.926,6.787,0.428,130,105,0,0,0,0
381.541,123.354,6.787,0.428,130,105,0,0,0,0
388.327,123.781,6.787,0.428,130,105,0,0,0,0
395.114,124.209,6.787,0.428,130,105,0,0,0,0
401.9,124.636,6.787,0.428,130,105,0,0,0,0
408.687,125.064,6.787,0.428,130,105,0,0,0,0
415.473,125.491,6.787,0.428,130,105,0,0,0,0
422.26,125.919,6.787,0.428,130,105,0,0,0,0
429.047,126.346,6.787,0.428,130,105,0,0,0,0
435.833,126.774,6.787,0.428,130,105,0,0,0,0
442.62,127.202,6.787,0.428,130,105,0,0,0,0
449.406,127.629,6.787,0.428,130,105,0,0,0,0
456.193,128.057,6.787,0.428,130,105,0,0,0,0
462.979,128.484,6.787,0.428,130,105,0,0,0,0
469.766,128.912,6.787,0.428,130,105,0,0,0,0
476.552,129.339,6.787,0.428,130,105,0,0,0,0
483.339,129.767,6.787,0.428,130,105,0,0,0,0
490.125,130.194,6.787,0.428,130,105,0,0,0,0
496.912,130.622,6.787,0.428,130,105,0,0,0,0
503.699,131.05,6.787,0.428,130,105,0,0,0,0
510.485,131.477,6.787,0.428,130,105,0,0,0,0
517.272,131.905,6.787,0.428,130,105,0,0,0,0
524.058,132.332,6.787,0.428,130,105,0,0,0,0
530.845,132.76,6.787,0.428,130,105,0,0,0,0
537.631,133.187,6.787,0.428,130,105,0,0,0,0
544.418,133.615,6.787,0.428,130,105,0,0,0,0
551.204,134.042,6.787,0.428,130,105,0,0,0,0
557.991,134.47,6.787,0.428,130,105,0,0,0,0
564.777,134.898,6.787,0.428,130,105,0,0,0,0
571.564,135.325,6.787,0.428,130,105,0,0,0,0
578.351,135.753,6.787,0.428,130,100,0,-1,0,0
585.137,136.18,6.787,0.428,130,95,0,-1,0,0
591.924,136.608,6.787,0.428,130,90,0,-1,0,0
598.71,137.035,6.787,0.428,130,85,0,-1,0,0
605.497,137.463,6.787,0.428,130,80,0,-1,0,0
612.283,137.89,6.787,0.428,130,80,0,0,0,0
619.07,138.318,6.787,0.428,130,80,0,0,0,0
625.856,138.746,6.787,0.428,130,80,0,0,0,0
632.643,139.173,6.787,0.428,130,80,0,0,0,0
639.429,139.601,6.787,0.428,130,80,0,0,0,0
646.216,140.028,6.787,0.428,130,80,0,0,0,0
653.003,140.456,6.787,0.428,130,80,0,0,0,0
659.789,140.883,6.787,0.428,130,80,0,0,0,0
666.576,141.311,6.787,0.428,130,80,0,0,0,0
673.362,141.738,6.787,0.428,130,80,0,0,0,0
680.149,142.166,6.787,0.428,130,80,0,0,0,0
686.935,142.594,6.787,0.428,130,80,0,0,0,0
693.722,143.021,6.787,0.428,130,80,0,0,0,0
700.508,143.449,6.787,0.428,130,80,0,0,0,0
707.295,143.876,6.787,0.428,130,80,0,0,0,0
714.081,144.304,6.787,0.428,130,80,0,0,0,0
720.868,144.731,6.787,0.428,130,80,0,0,0,0
727.655,145.159,6.787,0.428,130,80,0,0,0,0
734.441,145.586,6.787,0.428,130,80,0,0,0,0
741.228,146.014,6.787,0.428,130,80,0,0,0,0
748.014,146.442,6.787,0.428,130,85,0,1,0,0
751.0,146.869,-6.419,3.035,130,90,0,1,0,0
744.581,149.904,-6.419,3.035,130,95,0,1,0,0
738.162,152.938,-6.419,3.035,130,100,0,1,0,0
731.744,155.973,-6.419,3.035,130,105,0,1,0,0
725.325,159.008,-6.419,3.035,130,110,0,1,0,0
718.906,162.042,-6.419,3.035,130,115,0,1,0,0
712.487,165.077,-6.419,3.035,130,115,0,0,0,0
706.068,168.112,-6.419,3.035,130,115,0,0,0,0
699.65,171.146,-6.419,3.035,130,115,0,0,0,0
693.231,174.181,-6.419,3.035,130,115,0,0,0,0
686.812,177.216,-6.419,3.035,130,115,0,0,0,0
680.393,180.25,-6.419,3.035,130,115,0,0,0,0
673.974,183.285,-6.419,3.035,130,115,0,0,0,0
667.556,186.319,-6.419,3.035,130,115,0,0,0,0
661.137,189.354,-6.419,3.035,130,115,0,0,0,0
654.718,192.389,-6.419,3.035,130,115,0,0,0,0
648.299,195.423,-6.419,3.035,130,115,0,0,0,0
641.88,198.458,-6.419,3.035,130,115,0,0,0,0
635.462,201.493,-6.419,3.035,130,115,0,0,0,0
629.043,204.527,-6.419,3.035,130,115,0,0,0,0
622.624,207.562,-6.419,3.035,130,115,0,0,0,0
616.205,210.597,-6.419,3.035,130,115,0,0,0,0
609.787,213.631,-6.419,3.035,130,115,0,0,0,0
603.368,216.666,-6.419,3.035,130,115,0,0,0,0
596.949,219.701,-6.419,3.035,125,115,-1,0,0,0
590.53,222.735,-6.419,3.035,120,115,-1,0,0,0
584.111,225.77,-6.419,3.035,115,115,-1,0,0,0
577.693,228.805,-6.419,3.035,110,115,-1,0,0,0
571.274,231.839,-6.419,3.035,105,115,-1,0,0,0
564.855,234.874,-6.419,3.035,100,115,-1,0,0,0
558.436,237.908,-6.419,3.035,95,115,-1,0,0,0
552.017,240.943,-6.419,3.035,95,115,0,0,0,0
545.599,243.978,-6.419,3.035,95,115,0,0,0,0
539.18,247.012,-6.419,3.035,95,115,0,0,0,0
532.761,250.047,-6.419,3.035,95,115,0,0,0,0
526.342,253.082,-6.419,3.035,95,115,0,0,0,0
519.923,256.116,-6.419,3.035,95,115,0,0,0,0
513.505,259.151,-6.419,3.035,95,115,0,0,0,0
507.086,262.186,-6.419,3.035,100,120,1,1,0,0
500.667,265.22,-6.419,3.035,105,125,1,1,0,0
494.248,268.255,-6.419,3.035,110,130,1,1,0,0
487.829,271.29,-6.419,3.035,115,135,1,1,0,0
481.411,274.324,-6.419,3.035,120,140,1,1,0,0
474.992,277.359,-6.419,3.035,125,145,1,1,0,0
468.573,280.393,-6.419,3.035,130,150,1,1,0,0
462.154,283.428,-6.419,3.035,135,155,1,1,0,0
455.735,286.463,-6.419,3.035,140,160,1,1,0,0
449.317,289.497,-6.419,3.035,145,165,1,1,0,0
442.898,292.532,-6.419,3.035,150,170,1,1,0,0
436.479,295.567,-6.419,3.035,155,175,1,1,0,0
430.06,298.601,-6.419,3.035,160,180,1,1,0,0
423.641,301.636,-6.419,3.035,165,185,1,1,0,0
417.223,304.671,-6.419,3.035,170,190,1,1,0,0
410.804,307.705,-6.419,3.035,175,195,1,1,0,0
404.385,310.74,-6.419,3.035,180,200,1,1,0,0
397.966,313.775,-6.419,3.035,185,205,1,1,0,0
391.548,316.809,-6.419,3.035,190,210,1,1,0,0
385.129,319.844,-6.419,3.035,195,215,1,1,0,0
378.71,322.879,-6.419,3.035,200,220,1,1,0,0
372.291,325.913,-6.419,3.035,205,225,1,1,0,0
365.872,328.948,-6.419,3.035,210,230,1,1,0,0
359.454,331.982,-6.419,3.035,215,235,1,1,0,0
353.035,335.017,-6.419,3.035,220,240,1,1,0,0
346.616,338.052,-6.419,3.035,225,245,1,1,0,0
340.197,341.086,-6.419,3.035,230,250,1,1,0,0
333.778,344.121,-6.419,3.035,235,255,1,1,0,0
327.36,347.156,-6.419,3.035,240,260,1,1,0,0
320.941,350.19,-6.419,3.035,245,265,1,1,0,0
314.522,353.225,-6.419,3.035,250,270,1,1,0,0
308.103,356.26,-6.419,3.035,255,275,1,1,0,0
301.684,359.294,-6.419,3.035,260,280,1,1,0,0
295.266,362.329,-6.419,3.035,265,285,1,1,0,0
288.847,365.364,-6.419,3.035,270,290,1,1,0,0
282.428,368.398,-6.419,3.035,275,295,1,1,0,0
276.009,371.433,-6.419,3.035,280,300,1,1,0,0
269.59,374.468,-6.419,3.035,285,305,1,1,0,0
263.172,377.502,-6.419,3.035,290,310,1,1,0,0
256.753,380.537,-6.419,3.035,295,315,1,1,0,0
250.334,383.571,-6.419,3.035,300,320,1,1,0,0
243.915,386.606,-6.419,3.035,305,325,1,1,0,0
237.496,389.641,-6.419,3.035,310,330,1,1,0,0
231.078,392.675,-6.419,3.035,315,335,1,1,0,0
224.659,395.71,-6.419,3.035,320,340,1,1,0,0
218.24,398.745,-6.419,3.035,325,345,1,1,0,0
211.821,401.779,-6.419,3.035,330,350,1,1,0,0
205.402,404.814,-6.419,3.035,335,355,1,1,0,0
198.984,407.849,-6.419,3.035,340,360,1,1,0,0
192.565,410.883,-6.419,3.035,345,365,1,1,0,0
186.146,413.918,-6.419,3.035,350,370,1,1,0,0
179.727,416.953,-6.419,3.035,355,375,1,1,0,0
173.308,419.987,-6.419,3.035,360,380,1,1,0,0
166.89,423.022,-6.419,3.035,365,385,1,1,0,0
160.471,426.057,-6.419,3.035,370,390,1,1,0,0
154.052,429.091,-6.419,3.035,375,395,1,1,0,0
147.633,432.126,-6.419,3.035,380,400,1,1,0,0
141.215,435.16,-6.419,3.035,385,405,1,1,0,0
134.796,438.195,-6.419,3.035,390,410,1,1,0,0
128.377,441.23,-6.419,3.035,395,415,1,1,0,0
121.958,444.264,-6.419,3.035,400,420,1,1,0,0
115.539,447.299,-6.419,3.035,405,425,1,1,0,0
109.121,450.334,-6.419,3.035,410,430,1,1,0,0
102.702,453.368,-6.419,3.035,415,435,1,1,0,0
96.283,456.403,-6.419,3.035,420,440,1,1,0,0
89.864,459.438,-6.419,3.035,425,445,1,1,0,0
83.445,462.472,-6.419,3.035,430,450,1,1,0,0
77.027,465.507,-6.419,3.035,435,455,1,1,0,0
70.608,468.542,-6.419,3.035,440,460,1,1,0,0
64.189,471.576,-6.419,3.035,445,465,1,1,0,0
57.77,474.611,-6.419,3.035,450,470,1,1,0,0
51.351,477.645,-6.419,3.035,455,470,1,0,0,0
49.0,480.68,6.473,-3.585,460,470,1,0,0,0
55.473,477.095,6.473,-3.585,465,470,1,0,0,0
61.947,473.51,6.473,-3.585,470,470,1,0,0,0
68.42,469.924,6.473,-3.585,475,470,1,0,0,0
74.894,466.339,6.473,-3.585,480,470,1,0,0,0
81.367,462.754,6.473,-3.585,480,470,0,0,0,0
87.841,459.168,6.473,-3.585,480,470,0,0,0,0
94.314,455.583,6.473,-3.585,480,470,0,0,0,0
100.788,451.998,6.473,-3.585,480,470,0,0,0,0
107.261,448.412,6.473,-3.585,480,470,0,0,0,0
113.734,444.827,6.473,-3.585,480,470,0,0,0,0
120.208,441.242,6.473,-3.585,480,470,0,0,0,0
126.681,437.656,6.473,-3.585,480,470,0,0,0,0
133.155,434.071,6.473,-3.585,480,470,0,0,0,0
139.628,430.486,6.473,-3.585,480,470,0,0,0,0
146.102,426.9,6.473,-3.585,480,470,0,0,0,0
152.575,423.315,6.473,-3.585,480,470,0,0,0,0
159.049,419.73,6.473,-3.585,480,470,0,0,0,0
165.522,416.145,6.473,-3.585,480,465,0,-1,0,0
171.996,412.559,6.473,-3.585,480,460,0,-1,0,0
178.469,408.974,6.473,-3.585,480,455,0,-1,0,0
184.942,405.389,6.473,-3.585,480,450,0,-1,0,0
191.416,401.803,6.473,-3.585,480,445,0,-1,0,0
197.889,398.218,6.473,-3.585,480,440,0,-1,0,0
204.363,394.633,6.473,-3.585,480,435,0,-1,0,0
210.836,391.047,6.473,-3.585,480,430,0,-1,0,0
217.31,387.462,6.473,-3.585,480,425,0,-1,0,0
223.783,383.877,6.473,-3.585,480,420,0,-1,0,0
230.257,380.291,6.473,-3.585,480,415,0,-1,0,0
236.73,376.706,6.473,-3.585,480,410,0,-1,0,0
243.203,373.121,6.473,-3.585,480,405,0,-1,0,0
249.677,369.536,6.473,-3.585,480,400,0,-1,0,0
256.15,365.95,6.473,-3.585,480,395,0,-1,0,0
262.624,362.365,6.473,-3.585,475,390,-1,-1,0,0
269.097,358.78,6.473,-3.585,470,385,-1,-1,0,0
275.571,355.194,6.473,-3.585,465,380,-1,-1,0,0
282.044,351.609,6.473,-3.585,460,375,-1,-1,0,0
288.518,348.024,6.473,-3.585,455,370,-1,-1,0,0
294.991,344.438,6.473,-3.585,450,365,-1,-1,0,0
301.465,340.853,6.473,-3.585,445,360,-1,-1,0,0
307.938,337.268,6.473,-3.585,440,355,-1,-1,0,0
314.411,333.682,6.473,-3.585,435,350,-1,-1,0,0
320.885,330.097,6.473,-3.585,430,345,-1,-1,0,0
327.358,326.512,6.473,-3.585,425,340,-1,-1,0,0
333.832,322.926,6.473,-3.585,420,335,-1,-1,0,0
340.305,319.341,6.473,-3.585,415,330,-1,-1,0,0
346.779,315.756,6.473,-3.585,410,325,-1,-1,0,0
353.252,312.171,6.473,-3.585,405,320,-1,-1,0,0
359.726,308.585,6.473,-3.585,400,315,-1,-1,0,0
366.199,305.0,6.473,-3.585,395,310,-1,-1,0,0
372.672,301.415,6.473,-3.585,390,305,-1,-1,0,0
379.146,297.829,6.473,-3.585,385,300,-1,-1,0,0
385.619,294.244,6.473,-3.585,380,295,-1,-1,0,0
392.093,290.659,6.473,-3.585,375,290,-1,-1,0,0
398.566,287.073,6.473,-3.585,375,285,0,-1,0,0
405.04,283.488,6.473,-3.585,375,280,0,-1,0,0
411.513,279.903,6.473,-3.585,375,275,0,-1,0,0
417.987,276.317,6.473,-3.585,375,270,0,-1,0,0
424.46,272.732,6.473,-3.585,375,265,0,-1,0,0
430.934,269.147,6.473,-3.585,375,260,0,-1,0,0
437.407,265.562,6.473,-3.585,375,255,0,-1,0,0
443.88,261.976,6.473,-3.585,375,250,0,-1,0,0
450.354,258.391,6.473,-3.585,375,245,0,-1,0,0
456.827,254.806,6.473,-3.585,375,240,0,-1,0,0
463.301,251.22,6.473,-3.585,375,235,0,-1,0,0
469.774,247.635,6.473,-3.585,375,230,0,-1,0,0
476.248,244.05,6.473,-3.585,375,225,0,-1,0,0
482.721,240.464,6.473,-3.585,375,220,0,-1,0,0
489.195,236.879,6.473,-3.585,375,215,0,-1,0,0
495.668,233.294,6.473,-3.585,375,210,0,-1,0,0
502.141,229.708,6.473,-3.585,375,205,0,-1,0,0
508.615,226.123,6.473,-3.585,375,200,0,-1,0,0
515.088,222.538,6.473,-3.585,375,195,0,-1,0,0
521.562,218.953,6.473,-3.585,375,190,0,-1,0,0
528.035,215.367,6.473,-3.585,375,185,0,-1,0,0
534.509,211.782,6.473,-3.585,375,180,0,-1,0,0
540.982,208.197,6.473,-3.585,375,175,0,-1,0,0
547.456,204.611,6.473,-3.585,375,170,0,-1,0,0
553.929,201.026,6.473,-3.585,375,165,0,-1,0,0
560.403,197.441,6.473,-3.585,375,160,0,-1,0,0
566.876,193.855,6.473,-3.585,375,155,0,-1,0,0
573.349,190.27,6.473,-3.585,375,150,0,-1,0,0
579.823,186.685,6.473,-3.585,375,145,0,-1,0,0
586.296,183.099,6.473,-3.585,375,140,0,-1,0,0
592.77,179.514,6.473,-3.585,375,135,0,-1,0,0
599.243,175.929,6.473,-3.585,375,130,0,-1,0,0
605.717,172.343,6.473,-3.585,375,125,0,-1,0,0
612.19,168.758,6.473,-3.585,375,120,0,-1,0,0
618.664,165.173,6.473,-3.585,375,115,0,-1,0,0
625.137,161.588,6.473,-3.585,375,110,0,-1,0,0
631.61,158.002,6.473,-3.585,375,105,0,-1,0,0
638.084,154.417,6.473,-3.585,375,100,0,-1,0,0
644.557,150.832,6.473,-3.585,375,95,0,-1,0,0
651.031,147.246,6.473,-3.585,375,90,0,-1,0,0
657.504,143.661,6.473,-3.585,375,85,0,-1,0,0
663.978,140.076,6.473,-3.585,375,80,0,-1,0,0
670.451,136.49,6.473,-3.585,375,75,0,-1,0,0
676.925,132.905,6.473,-3.585,375,70,0,-1,0,0
683.398,129.32,6.473,-3.585,375,65,0,-1,0,0
689.872,125.734,6.473,-3.585,375,60,0,-1,0,0
696.345,122.149,6.473,-3.585,375,55,0,-1,0,0
702.818,118.564,6.473,-3.585,375,50,0,-1,0,0
709.292,114.979,6.473,-3.585,375,45,0,-1,0,0
715.765,111.393,6.473,-3.585,375,40,0,-1,0,0
722.239,107.808,6.473,-3.585,375,35,0,-1,0,0
728.712,104.223,6.473,-3.585,375,35,0,0,0,0
735.186,100.637,6.473,-3.585,375,35,0,0,0,0
741.659,97.052,6.473,-3.585,375,35,0,0,0,0
748.133,93.467,6.473,-3.585,375,35,0,0,0,0
751.0,89.881,-7.123,2.925,375,35,0,0,0,0
743.877,92.806,-7.123,2.925,375,35,0,0,0,0
736.754,95.73,-7.123,2.925,375,35,0,0,0,0
729.631,98.655,-7.123,2.925,375,35,0,0,0,0
722.508,101.58,-7.123,2.925,375,35,0,0,0,0
715.385,104.504,-7.123,2.925,375,35,0,0,0,0
708.262,107.429,-7.123,2.925,375,35,0,0,0,0
701.139,110.353,-7.123,2.925,375,35,0,0,0,0
694.016,113.278,-7.123,2.925,375,35,0,0,0,0
686.893,116.202,-7.123,2.925,375,35,0,0,0,0
679.77,119.127,-7.123,2.925,375,35,0,0,0,0
672.647,122.051,-7.123,2.925,375,35,0,0,0,0
665.524,124.976,-7.123,2.925,375,35,0,0,0,0
658.401,127.901,-7.123,2.925,375,35,0,0,0,0
651.278,130.825,-7.123,2.925,375,35,0,0,0,0
644.155,133.75,-7.123,2.925,375,35,0,0,0,0
637.032,136.674,-7.123,2.925,375,35,0,0,0,0
629.909,139.599,-7.123,2.925,375,35,0,0,0,0
622.786,142.523,-7.123,2.925,375,35,0,0,0,0
615.663,145.448,-7.123,2.925,375,35,0,0,0,0
608.54,148.372,-7.123,2.925,375,35,0,0,0,0
601.417,151.297,-7.123,2.925,375,35,0,0,0,0
594.294,154.222,-7.123,2.925,375,35,0,0,0,0
587.171,157.146,-7.123,2.925,375,35,0,0,0,0
580.048,160.071,-7.123,2.925,375,35,0,0,0,0
572.925,162.995,-7.123,2.925,375,35,0,0,0,0
565.802,165.92,-7.123,2.925,375,35,0,0,0,0
558.679,168.844,-7.123,2.925,375,35,0,0,0,0
551.556,171.769,-7.123,2.925,375,35,0,0,0,0
544.433,174.693,-7.123,2.925,375,35,0,0,0,0
537.31,177.618,-7.123,2.925,375,35,0,0,0,0
530.187,180.542,-7.123,2.925,375,35,0,0,0,0
523.064,183.467,-7.123,2.925,375,35,0,0,0,0
515.941,186.392,-7.123,2.925,375,35,0,0,0,0
508.818,189.316,-7.123,2.925,375,35,0,0,0,0
501.695,192.241,-7.123,2.925,375,35,0,0,0,0
494.572,195.165,-7.123,2.925,375,35,0,0,0,0
487.449,198.09,-7.123,2.925,375,40,0,1,0,0
480.326,201.014,-7.123,2.925,375,45,0,1,0,0
473.203,203.939,-7.123,2.925,375,50,0,1,0,0
466.08,206.863,-7.123,2.925,375,55,0,1,0,0
458.957,209.788,-7.123,2.925,375,60,0,1,0,0
451.834,212.713,-7.123,2.925,375,65,0,1,0,0
444.711,215.637,-7.123,2.925,375,70,0,1,0,0
437.588,218.562,-7.123,2.925,375,75,0,1,0,0
430.465,221.486,-7.123,2.925,375,80,0,1,0,0
423.342,224.411,-7.123,2.925,375,85,0,1,0,0
416.219,227.335,-7.123,2.925,375,90,0,1,0,0
409.096,230.26,-7.123,2.925,380,95,1,1,0,0
401.973,233.184,-7.123,2.925,385,100,1,1,0,0
394.85,236.109,-7.123,2.925,390,105,1,1,0,0
387.727,239.034,-7.123,2.925,395,110,1,1,0,0
380.604,241.958,-7.123,2.925,400,115,1,1,0,0
373.482,244.883,-7.123,2.925,405,120,1,1,0,0
366.359,247.807,-7.123,2.925,410,120,1,0,0,0
359.236,250.732,-7.123,2.925,415,120,1,0,0,0
352.113,253.656,-7.123,2.925,420,120,1,0,0,0
344.99,256.581,-7.123,2.925,425,120,1,0,0,0
337.867,259.505,-7.123,2.925,430,120,1,0,0,0
330.744,262.43,-7.123,2.925,435,120,1,0,0,0
323.621,265.354,-7.123,2.925,440,120,1,0,0,0
316.498,268.279,-7.123,2.925,445,120,1,0,0,0
309.375,271.204,-7.123,2.925,450,120,1,0,0,0
302.252,274.128,-7.123,2.925,455,120,1,0,0,0
295.129,277.053,-7.123,2.925,455,120,0,0,0,0
288.006,279.977,-7.123,2.925,455,120,0,0,0,0
280.883,282.902,-7.123,2.925,455,120,0,0,0,0
273.76,285.826,-7.123,2.925,455,120,0,0,0,0
266.637,288.751,-7.123,2.925,455,120,0,0,0,0
259.514,291.675,-7.123,2.925,455,120,0,0,0,0
252.391,294.6,-7.123,2.925,455,120,0,0,0,0
245.268,297.525,-7.123,2.925,455,115,0,-1,0,0
238.145,300.449,-7.123,2.925,455,110,0,-1,0,0
231.022,303.374,-7.123,2.925,455,105,0,-1,0,0
223.899,306.298,-7.123,2.925,455,100,0,-1,0,0
216.776,309.223,-7.123,2.925,455,95,0,-1,0,0
209.653,312.147,-7.123,2.925,450,90,-1,-1,0,0
202.53,315.072,-7.123,2.925,445,85,-1,-1,0,0
195.407,317.996,-7.123,2.925,440,80,-1,-1,0,0
188.284,320.921,-7.123,2.925,435,75,-1,-1,0,0
181.161,323.846,-7.123,2.925,430,70,-1,-1,0,0
174.038,326.77,-7.123,2.925,425,65,-1,-1,0,0
166.915,329.695,-7.123,2.925,420,60,-1,-1,0,0
159.792,332.619,-7.123,2.925,415,55,-1,-1,0,0
152.669,335.544,-7.123,2.925,410,50,-1,-1,0,0
145.546,338.468,-7.123,2.925,405,45,-1,-1,0,0
138.423,341.393,-7.123,2.925,400,40,-1,-1,0,0
131.3,344.317,-7.123,2.925,395,35,-1,-1,0,0
124.177,347.242,-7.123,2.925,390,30,-1,-1,0,0
117.054,350.167,-7.123,2.925,385,25,-1,-1,0,0
109.931,353.091,-7.123,2.925,380,20,-1,-1,0,0
102.808,356.016,-7.123,2.925,375,15,-1,-1,0,0
95.685,358.94,-7.123,2.925,370,10,-1,-1,0,0
88.562,361.865,-7.123,2.925,365,5,-1,-1,0,0
81.439,364.789,-7.123,2.925,360,0,-1,-1,0,0
74.316,367.714,-7.123,2.925,355,0,-1,-1,0,0
67.193,370.638,-7.123,2.925,350,0,-1,-1,0,0
60.07,373.563,-7.123,2.925,345,0,-1,-1,0,0
52.947,376.487,-7.123,2.925,340,0,-1,-1,0,0
49.0,379.412,7.947,0.922,335,0,-1,-1,0,0
56.947,380.334,7.947,0.922,330,0,-1,-1,0,0
64.893,381.256,7.947,0.922,325,0,-1,0,0,0
72.84,382.178,7.947,0.922,320,0,-1,0,0,0
80.787,383.1,7.947,0.922,315,0,-1,0,0,0
88.733,384.022,7.947,0.922,310,0,-1,0,0,0
96.68,384.944,7.947,0.922,305,0,-1,0,0,0
104.627,385.866,7.947,0.922,300,0,-1,0,0,0
112.574,386.788,7.947,0.922,295,5,-1,1,0,0
120.52,387.71,7.947,0.922,295,10,0,1,0,0
128.467,388.632,7.947,0.922,295,15,0,1,0,0
136.414,389.554,7.947,0.922,295,20,0,1,0,0
144.36,390.476,7.947,0.922,295,25,0,1,0,0
152.307,391.398,7.947,0.922,295,30,0,1,0,0
160.254,392.32,7.947,0.922,295,35,0,1,0,0
168.2,393.242,7.947,0.922,295,40,0,1,0,0
176.147,394.164,7.947,0.922,295,45,0,1,0,0
184.094,395.086,7.947,0.922,295,50,0,1,0,0
192.04,396.008,7.947,0.922,295,55,0,1,0,0
199.987,396.93,7.947,0.922,295,60,0,1,0,0
207.934,397.852,7.947,0.922,295,65,0,1,0,0
215.881,398.774,7.947,0.922,295,70,0,1,0,0
223.827,399.696,7.947,0.922,295,75,0,1,0,0
231.774,400.618,7.947,0.922,295,80,0,1,0,0
239.721,401.54,7.947,0.922,295,85,0,1,0,0
247.667,402.462,7.947,0.922,295,90,0,1,0,0
255.614,403.384,7.947,0.922,295,95,0,1,0,0
263.561,404.306,7.947,0.922,295,100,0,1,0,0
271.507,405.228,7.947,0.922,300,105,1,1,0,0
279.454,406.15,7.947,0.922,305,110,1,1,0,0
287.401,407.072,7.947,0.922,310,115,1,1,0,0
295.347,407.994,7.947,0.922,315,120,1,1,0,0
303.294,408.916,7.947,0.922,320,125,1,1,0,0
311.241,409.838,7.947,0.922,325,130,1,1,0,0
319.188,410.76,7.947,0.922,330,135,1,1,0,0
327.134,411.682,7.947,0.922,335,140,1,1,0,0
335.081,412.604,7.947,0.922,340,145,1,1,0,0
343.028,413.526,7.947,0.922,345,150,1,1,0,0
350.974,414.448,7.947,0.922,350,155,1,1,0,0
358.921,415.37,7.947,0.922,355,160,1,1,0,0
366.868,416.292,7.947,0.922,360,165,1,1,0,0
374.814,417.214,7.947,0.922,365,170,1,1,0,0
382.761,418.136,7.947,0.922,370,175,1,1,0,0
390.708,419.058,7.947,0.922,375,180,1,1,0,0
398.654,419.98,7.947,0.922,380,185,1,1,0,0
406.601,420.902,7.947,0.922,385,190,1,1,0,0
414.548,421.824,7.947,0.922,390,195,1,1,0,0
422.495,422.746,7.947,0.922,390,200,0,1,0,0
430.441,423.668,7.947,0.922,390,205,0,1,0,0
438.388,424.59,7.947,0.922,390,210,0,1,0,0
446.335,425.512,7.947,0.922,390,215,0,1,0,0
454.281,426.434,7.947,0.922,390,220,0,1,0,0
462.228,427.356,7.947,0.922,390,225,0,1,0,0
470.175,428.278,7.947,0.922,390,230,0,1,0,0
478.121,429.2,7.947,0.922,390,235,0,1,0,0
486.068,430.122,7.947,0.922,390,240,0,1,0,0
494.015,431.044,7.947,0.922,390,245,0,1,0,0
501.961,431.966,7.947,0.922,390,250,0,1,0,0
509.908,432.888,7.947,0.922,390,255,0,1,0,0
517.855,433.81,7.947,0.922,390,260,0,1,0,0
525.802,434.732,7.947,0.922,390,265,0,1,0,0
533.748,435.654,7.947,0.922,390,270,0,1,0,0
541.695,436.576,7.947,0.922,390,275,0,1,0,0
549.642,437.498,7.947,0.922,390,280,0,1,0,0
557.588,438.42,7.947,0.922,390,285,0,1,0,0
565.535,439.342,7.947,0.922,390,290,0,1,0,0
573.482,440.264,7.947,0.922,390,295,0,1,0,0
581.428,441.186,7.947,0.922,390,300,0,1,0,0
589.375,442.108,7.947,0.922,390,305,0,1,0,0
597.322,443.03,7.947,0.922,390,310,0,1,0,0
605.268,443.952,7.947,0.922,390,315,0,1,0,0
613.215,444.874,7.947,0.922,390,320,0,1,0,0
621.162,445.796,7.947,0.922,390,325,0,1,0,0
629.109,446.718,7.947,0.922,390,330,0,1,0,0
637.055,447.64,7.947,0.922,390,335,0,1,0,0
645.002,448.562,7.947,0.922,390,340,0,1,0,0
652.949,449.484,7.947,0.922,390,345,0,1,0,0
660.895,450.406,7.947,0.922,390,350,0,1,0,0
668.842,451.328,7.947,0.922,390,355,0,1,0,0
676.789,452.25,7.947,0.922,390,360,0,1,0,0
684.735,453.172,7.947,0.922,390,365,0,1,0,0
692.682,454.094,7.947,0.922,390,370,0,1,0,0
700.629,455.016,7.947,0.922,390,375,0,1,0,0
708.575,455.938,7.947,0.922,390,380,0,1,0,0
716.522,456.86,7.947,0.922,390,385,0,1,0,0
724.469,457.782,7.947,0.922,390,390,0,1,0,0
732.416,458.704,7.947,0.922,390,395,0,1,0,0
740.362,459.626,7.947,0.922,390,400,0,1,0,0
748.309,460.548,7.947,0.922,390,405,0,1,0,0
751.0,461.47,-7.929,2.455,390,410,0,1,0,0
743.071,463.925,-7.929,2.455,390,415,0,1,0,0
735.143,466.38,-7.929,2.455,390,420,0,1,0,0
727.214,468.835,-7.929,2.455,390,425,0,1,0,0
719.286,471.29,-7.929,2.455,390,430,0,1,0,0
711.357,473.745,-7.929,2.455,390,435,0,1,0,0
703.428,476.201,-7.929,2.455,390,440,0,1,0,0
695.5,478.656,-7.929,2.455,390,445,0,1,0,0
687.571,481.111,-7.929,2.455,390,450,0,1,0,0
679.643,483.566,-7.929,2.455,390,455,0,1,0,0
671.714,486.021,-7.929,2.455,390,460,0,1,0,0
663.785,488.476,-7.929,2.455,390,460,0,0,0,0
655.857,490.931,-7.929,2.455,390,460,0,0,0,0
647.928,493.386,-7.929,2.455,390,455,0,-1,0,0
640.0,495.841,-7.929,2.455,390,450,0,-1,0,0
632.071,498.296,-7.929,2.455,390,445,0,-1,0,0
624.143,500.751,-7.929,2.455,390,440,0,-1,0,0
616.214,503.206,-7.929,2.455,390,435,0,-1,0,0
608.285,505.661,-7.929,2.455,390,430,0,-1,0,0
600.357,508.117,-7.929,2.455,390,425,0,-1,0,0
592.428,510.572,-7.929,2.455,390,420,0,-1,0,0
584.5,513.027,-7.929,2.455,390,415,0,-1,0,0
576.571,515.482,-7.929,2.455,390,410,0,-1,0,0
568.642,517.937,-7.929,2.455,390,405,0,-1,0,0
560.714,520.392,-7.929,2.455,390,400,0,-1,0,0
552.785,522.847,-7.929,2.455,395,395,1,-1,0,0
544.857,525.302,-7.929,2.455,400,390,1,-1,0,0
536.928,527.757,-7.929,2.455,405,385,1,-1,0,0
528.999,530.212,-7.929,2.455,410,380,1,-1,0,0
521.071,532.667,-7.929,2.455,415,375,1,-1,0,0
513.142,535.122,-7.929,2.455,420,370,1,-1,0,0
505.214,537.578,-7.929,2.455,425,365,1,-1,0,0
497.285,540.033,-7.929,2.455,430,360,1,-1,0,0
489.356,542.488,-7.929,2.455,435,360,1,0,0,0
481.428,544.943,-7.929,2.455,440,360,1,0,0,0
473.499,547.398,-7.929,2.455,445,360,1,0,0,0
465.571,549.853,-7.929,2.455,450,360,1,0,0,0
457.642,552.308,-7.929,2.455,455,360,1,0,0,0
449.713,554.763,-7.929,2.455,460,360,1,0,0,0
441.785,557.218,-7.929,2.455,465,360,1,0,0,0
433.856,559.673,-7.929,2.455,470,360,1,0,0,0
425.928,562.128,-7.929,2.455,470,360,0,0,0,0
417.999,564.583,-7.929,2.455,470,360,0,0,0,0
410.071,567.038,-7.929,2.455,470,360,0,0,0,0
402.142,569.494,-7.929,2.455,470,360,0,0,0,0
394.213,571.949,-7.929,2.455,470,360,0,0,0,0
386.285,574.404,-7.929,2.455,470,360,0,0,0,0
378.356,576.859,-7.929,2.455,470,360,0,0,0,0
370.428,579.314,-7.929,2.455,470,360,0,0,0,0
362.499,581.769,-7.929,2.455,470,360,0,0,0,0
354.57,584.224,-7.929,2.455,470,360,0,0,0,0
346.642,586.679,-7.929,2.455,470,360,0,0,0,0
338.713,589.134,-7.929,2.455,470,360,0,0,0,0
330.785,591.589,-7.929,2.455,470,360,0,0,0,0
322.856,594.0,-7.929,-2.455,470,360,0,0,0,0
314.927,591.545,-7.929,-2.455,470,360,0,0,0,0
306.999,589.09,-7.929,-2.455,470,360,0,0,0,0
299.07,586.635,-7.929,-2.455,470,360,0,0,0,0
291.142,584.18,-7.929,-2.455,470,360,0,0,0,0
283.213,581.725,-7.929,-2.455,470,360,0,0,0,0
275.284,579.27,-7.929,-2.455,470,360,0,0,0,0
267.356,576.814,-7.929,-2.455,470,360,0,0,0,0
259.427,574.359,-7.929,-2.455,470,360,0,0,0,0
251.499,571.904,-7.929,-2.455,470,360,0,0,0,0
243.57,569.449,-7.929,-2.455,470,360,0,0,0,0
235.641,566.994,-7.929,-2.455,470,360,0,0,0,0
227.713,564.539,-7.929,-2.455,470,360,0,0,0,0
219.784,562.084,-7.929,-2.455,470,360,0,0,0,0
211.856,559.629,-7.929,-2.455,470,360,0,0,0,0
203.927,557.174,-7.929,-2.455,470,360,0,0,0,0
195.999,554.719,-7.929,-2.455,470,360,0,0,0,0
188.07,552.264,-7.929,-2.455,470,360,0,0,0,0
180.141,549.809,-7.929,-2.455,470,360,0,0,0,0
172.213,547.353,-7.929,-2.455,470,360,0,0,0,0
164.284,544.898,-7.929,-2.455,470,360,0,0,0,0
156.356,542.443,-7.929,-2.455,470,360,0,0,0,0
148.427,539.988,-7.929,-2.455,470,360,0,0,0,0
140.498,537.533,-7.929,-2.455,470,360,0,0,0,0
132.57,535.078,-7.929,-2.455,470,360,0,0,0,0
124.641,532.623,-7.929,-2.455,470,360,0,0,0,0
116.713,530.168,-7.929,-2.455,470,360,0,0,0,0
108.784,527.713,-7.929,-2.455,470,360,0,0,0,0
100.855,525.258,-7.929,-2.455,470,360,0,0,0,0
92.927,522.803,-7.929,-2.455,470,360,0,0,0,0
84.998,520.348,-7.929,-2.455,470,360,0,0,0,0
77.07,517.893,-7.929,-2.455,470,360,0,0,0,0
69.141,515.437,-7.929,-2.455,470,360,0,0,0,0
61.212,512.982,-7.929,-2.455,470,360,0,0,0,0
53.284,510.527,-7.929,-2.455,470,360,0,0,0,0
49.0,508.072,8.589,-0.434,470,360,0,0,0,0
57.589,507.638,8.589,-0.434,470,360,0,0,0,0
66.178,507.204,8.589,-0.434,470,360,0,0,0,0
74.767,506.771,8.589,-0.434,470,360,0,0,0,0
83.356,506.337,8.589,-0.434,470,355,0,-1,0,0
91.945,505.903,8.589,-0.434,470,350,0,-1,0,0
100.534,505.469,8.589,-0.434,470,345,0,-1,0,0
109.123,505.035,8.589,-0.434,470,340,0,-1,0,0
117.712,504.601,8.589,-0.434,470,335,0,-1,0,0
126.301,504.168,8.589,-0.434,470,330,0,-1,0,0
134.89,503.734,8.589,-0.434,470,325,0,-1,0,0
143.48,503.3,8.589,-0.434,470,325,0,0,0,0
152.069,502.866,8.589,-0.434,470,325,0,0,0,0
160.658,502.432,8.589,-0.434,470,325,0,0,0,0
169.247,501.998,8.589,-0.434,470,325,0,0,0,0
177.836,501.564,8.589,-0.434,470,325,0,0,0,0
186.425,501.131,8.589,-0.434,470,325,0,0,0,0
195.014,500.697,8.589,-0.434,470,325,0,0,0,0
203.603,500.263,8.589,-0.434,470,330,0,1,0,0
212.192,499.829,8.589,-0.434,470,335,0,1,0,0
220.781,499.395,8.589,-0.434,470,340,0,1,0,0
229.37,498.961,8.589,-0.434,470,345,0,1,0,0
237.959,498.527,8.589,-0.434,470,350,0,1,0,0
246.548,498.094,8.589,-0.434,470,355,0,1,0,0
255.137,497.66,8.589,-0.434,470,360,0,1,0,0
263.726,497.226,8.589,-0.434,470,365,0,1,0,0
272.315,496.792,8.589,-0.434,470,370,0,1,0,0
280.904,496.358,8.589,-0.434,470,375,0,1,0,0
289.493,495.924,8.589,-0.434,470,380,0,1,0,0
298.082,495.49,8.589,-0.434,470,385,0,1,0,0
306.671,495.057,8.589,-0.434,470,390,0,1,0,0
315.261,494.623,8.589,-0.434,470,395,0,1,0,0
323.85,494.189,8.589,-0.434,470,400,0,1,0,0
332.439,493.755,8.589,-0.434,470,405,0,1,0,0
341.028,493.321,8.589,-0.434,470,410,0,1,0,0
349.617,492.887,8.589,-0.434,470,415,0,1,0,0
358.206,492.453,8.589,-0.434,470,415,0,0,0,0
366.795,492.02,8.589,-0.434,470,415,0,0,0,0
375.384,491.586,8.589,-0.434,470,415,0,0,0,0
383.973,491.152,8.589,-0.434,470,415,0,0,0,0
392.562,490.718,8.589,-0.434,470,415,0,0,0,0
401.151,490.284,8.589,-0.434,470,415,0,0,0,0
409.74,489.85,8.589,-0.434,470,415,0,0,0,0
418.329,489.416,8.589,-0.434,470,415,0,0,0,0
426.918,488.983,8.589,-0.434,465,415,-1,0,0,0
435.507,488.549,8.589,-0.434,460,415,-1,0,0,0
444.096,488.115,8.589,-0.434,455,415,-1,0,0,0
452.685,487.681,8.589,-0.434,450,415,-1,0,0,0
461.274,487.247,8.589,-0.434,445,415,-1,0,0,0
469.863,486.813,8.589,-0.434,440,415,-1,0,0,0
478.452,486.379,8.589,-0.434,435,415,-1,0,0,0
487.042,485.946,8.589,-0.434,430,415,-1,0,0,0
495.631,485.512,8.589,-0.434,425,415,-1,0,0,0
504.22,485.078,8.589,-0.434,420,415,-1,0,0,0
512.809,484.644,8.589,-0.434,415,415,-1,0,0,0
521.398,484.21,8.589,-0.434,410,415,-1,0,0,0
529.987,483.776,8.589,-0.434,405,415,-1,0,0,0
538.576,483.342,8.589,-0.434,405,420,0,1,0,0
547.165,482.909,8.589,-0.434,405,425,0,1,0,0
555.754,482.475,8.589,-0.434,405,430,0,1,0,0
564.343,482.041,8.589,-0.434,405,435,0,1,0,0
572.932,481.607,8.589,-0.434,405,435,0,0,0,0
581.521,481.173,8.589,-0.434,405,435,0,0,0,0
590.11,480.739,8.589,-0.434,405,435,0,0,0,0
598.699,480.305,8.589,-0.434,405,435,0,0,0,0
607.288,479.872,8.589,-0.434,405,435,0,0,0,0
615.877,479.438,8.589,-0.434,405,435,0,0,0,0
624.466,479.004,8.589,-0.434,405,435,0,0,0,0
633.055,478.57,8.589,-0.434,405,435,0,0,0,0
641.644,478.136,8.589,-0.434,405,435,0,0,0,0
650.233,477.702,8.589,-0.434,405,435,0,0,0,0
658.823,477.268,8.589,-0.434,405,435,0,0,0,0
667.412,476.835,8.589,-0.434,405,435,0,0,0,0
676.001,476.401,8.589,-0.434,405,435,0,0,0,0
684.59,475.967,8.589,-0.434,405,435,0,0,0,0
693.179,475.533,8.589,-0.434,405,435,0,0,0,0
701.768,475.099,8.589,-0.434,405,435,0,0,0,0
710.357,474.665,8.589,-0.434,405,435,0,0,0,0
718.946,474.232,8.589,-0.434,405,435,0,0,0,0
727.535,473.798,8.589,-0.434,405,435,0,0,0,0
736.124,473.364,8.589,-0.434,405,435,0,0,0,0
744.713,472.93,8.589,-0.434,405,435,0,0,0,0
751.0,472.496,-8.881,-0.583,405,435,0,0,0,0
742.119,471.913,-8.881,-0.583,405,435,0,0,0,0
733.238,471.33,-8.881,-0.583,405,435,0,0,0,0
724.357,470.747,-8.881,-0.583,405,435,0,0,0,0
715.476,470.164,-8.881,-0.583,405,435,0,0,0,0
706.596,469.581,-8.881,-0.583,405,435,0,0,0,0
697.715,468.998,-8.881,-0.583,405,435,0,0,0,0
688.834,468.415,-8.881,-0.583,405,435,0,0,0,0
679.953,467.832,-8.881,-0.583,405,435,0,0,0,0
671.072,467.249,-8.881,-0.583,405,435,0,0,0,0
662.191,466.666,-8.881,-0.583,405,435,0,0,0,0
653.31,466.083,-8.881,-0.583,405,435,0,0,0,0
644.429,465.5,-8.881,-0.583,405,435,0,0,0,0
635.548,464.917,-8.881,-0.583,405,435,0,0,0,0
626.668,464.334,-8.881,-0.583,405,435,0,0,0,0
617.787,463.751,-8.881,-0.583,405,435,0,0,0,0
608.906,463.168,-8.881,-0.583,405,435,0,0,0,0
600.025,462.585,-8.881,-0.583,405,435,0,0,0,0
591.144,462.002,-8.881,-0.583,405,435,0,0,0,0
582.263,461.419,-8.881,-0.583,405,435,0,0,0,0
573.382,460.836,-8.881,-0.583,405,435,0,0,0,0
564.501,460.253,-8.881,-0.583,405,435,0,0,0,0
555.621,459.67,-8.881,-0.583,405,435,0,0,0,0
546.74,459.087,-8.881,-0.583,405,435,0,0,0,0
537.859,458.504,-8.881,-0.583,405,435,0,0,0,0
528.978,457.921,-8.881,-0.583,405,435,0,0,0,0
520.097,457.338,-8.881,-0.583,405,435,0,0,0,0
511.216,456.755,-8.881,-0.583,405,435,0,0,0,0
502.335,456.172,-8.881,-0.583,405,435,0,0,0,0
493.454,455.589,-8.881,-0.583,405,435,0,0,0,0
484.573,455.006,-8.881,-0.583,405,435,0,0,0,0
475.693,454.423,-8.881,-0.583,405,435,0,0,0,0
466.812,453.84,-8.881,-0.583,405,435,0,0,0,0
457.931,453.257,-8.881,-0.583,405,435,0,0,0,0
449.05,452.674,-8.881,-0.583,405,435,0,0,0,0
440.169,452.091,-8.881,-0.583,405,435,0,0,0,0
431.288,451.508,-8.881,-0.583,405,435,0,0,0,0
422.407,450.925,-8.881,-0.583,405,435,0,0,0,0
413.526,450.342,-8.881,-0.583,405,435,0,0,0,0
404.645,449.759,-8.881,-0.583,410,435,1,0,0,0
395.765,449.176,-8.881,-0.583,415,435,1,0,0,0
386.884,448.593,-8.881,-0.583,420,435,1,0,0,0
378.003,448.01,-8.881,-0.583,425,435,1,0,0,0
369.122,447.427,-8.881,-0.583,430,435,1,0,0,0
360.241,446.844,-8.881,-0.583,435,435,1,0,0,0
351.36,446.261,-8.881,-0.583,440,435,1,0,0,0
342.479,445.678,-8.881,-0.583,445,435,1,0,0,0
333.598,445.095,-8.881,-0.583,450,435,1,0,0,0
324.718,444.512,-8.881,-0.583,450,435,0,0,0,0
315.837,443.929,-8.881,-0.583,450,435,0,0,0,0
306.956,443.346,-8.881,-0.583,450,435,0,0,0,0
298.075,442.763,-8.881,-0.583,450,435,0,0,0,0
289.194,442.18,-8.881,-0.583,450,435,0,0,0,0
280.313,441.597,-8.881,-0.583,450,435,0,0,0,0
271.432,441.014,-8.881,-0.583,450,435,0,0,0,0
262.551,440.431,-8.881,-0.583,450,435,0,0,0,0
253.67,439.848,-8.881,-0.583,450,435,0,0,0,0
244.79,439.265,-8.881,-0.583,450,435,0,0,0,0
235.909,438.682,-8.881,-0.583,450,435,0,0,0,0
227.028,438.099,-8.881,-0.583,450,435,0,0,0,0
218.147,437.516,-8.881,-0.583,450,435,0,0,0,0
209.266,436.933,-8.881,-0.583,450,435,0,0,0,0
200.385,436.35,-8.881,-0.583,450,435,0,0,0,0
191.504,435.767,-8.881,-0.583,445,435,-1,0,0,0
182.623,435.184,-8.881,-0.583,440,435,-1,0,0,0
173.742,434.601,-8.881,-0.583,435,435,-1,0,0,0
164.862,434.018,-8.881,-0.583,430,435,-1,0,0,0
155.981,433.435,-8.881,-0.583,425,435,-1,0,0,0
147.1,432.852,-8.881,-0.583,420,435,-1,0,0,0
138.219,432.269,-8.881,-0.583,415,435,-1,0,0,0
129.338,431.686,-8.881,-0.583,410,435,-1,0,0,0
120.457,431.103,-8.881,-0.583,405,435,-1,0,0,0
111.576,430.52,-8.881,-0.583,400,435,-1,0,0,0
102.695,429.937,-8.881,-0.583,395,430,-1,-1,0,0
93.815,429.354,-8.881,-0.583,390,425,-1,-1,0,0
84.934,428.771,-8.881,-0.583,385,420,-1,-1,0,0
76.053,428.188,-8.881,-0.583,380,415,-1,-1,0,0
67.172,427.605,-8.881,-0.583,375,410,-1,-1,0,0
58.291,427.022,-8.881,-0.583,370,405,-1,-1,0,0
49.41,426.439,-8.881,-0.583,365,400,-1,-1,0,0
49.0,425.856,7.171,5.763,360,395,-1,-1,0,0
56.171,431.619,7.171,5.763,355,390,-1,-1,0,0
63.343,437.382,7.171,5.763,350,385,-1,-1,0,0
70.514,443.145,7.171,5.763,345,380,-1,-1,0,0
77.686,448.907,7.171,5.763,340,375,-1,-1,0,0
84.857,454.67,7.171,5.763,335,370,-1,-1,0,0
92.029,460.433,7.171,5.763,330,365,-1,-1,0,0
99.2,466.196,7.171,5.763,325,365,-1,0,0,0
106.372,471.959,7.171,5.763,320,365,-1,0,0,0
113.543,477.721,7.171,5.763,315,365,-1,0,0,0
120.715,483.484,7.171,5.763,310,365,-1,0,0,0
127.886,489.247,7.171,5.763,305,365,-1,0,0,0
135.058,495.01,7.171,5.763,300,365,-1,0,0,0
142.229,500.772,7.171,5.763,300,365,0,0,0,0
149.401,506.535,7.171,5.763,300,365,0,0,0,0
156.572,512.298,7.171,5.763,300,365,0,0,0,0
163.744,518.061,7.171,5.763,300,365,0,0,0,0
170.915,523.824,7.171,5.763,300,365,0,0,0,0
178.087,529.586,7.171,5.763,300,365,0,0,0,0
185.258,535.349,7.171,5.763,300,370,0,1,0,0
192.43,541.112,7.171,5.763,300,375,0,1,0,0
199.601,546.875,7.171,5.763,300,380,0,1,0,0
206.773,552.638,7.171,5.763,300,385,0,1,0,0
213.944,558.4,7.171,5.763,300,390,0,1,0,0
221.116,564.163,7.171,5.763,300,395,0,1,0,0
228.287,569.926,7.171,5.763,300,400,0,1,0,0
235.459,575.689,7.171,5.763,300,405,0,1,0,0
242.63,581.452,7.171,5.763,300,410,0,1,0,0
249.802,587.214,7.171,5.763,300,415,0,1,0,0
256.973,592.977,7.171,5.763,300,420,0,1,0,0
264.145,594.0,7.171,-5.763,300,425,0,1,0,0
271.316,588.237,7.171,-5.763,300,430,0,1,0,0
278.488,582.474,7.171,-5.763,305,430,1,0,0,0
285.659,576.712,7.171,-5.763,310,430,1,0,0,0
292.831,570.949,7.171,-5.763,315,430,1,0,0,0
300.002,565.186,7.171,-5.763,320,430,1,0,0,0
307.174,559.423,7.171,-5.763,325,430,1,0,0,0
314.345,553.66,7.171,-5.763,330,430,1,0,0,0
321.517,547.898,7.171,-5.763,335,425,1,-1,0,0
328.688,542.135,7.171,-5.763,340,420,1,-1,0,0
335.86,536.372,7.171,-5.763,345,415,1,-1,0,0
343.031,530.609,7.171,-5.763,350,410,1,-1,0,0
350.202,524.847,7.171,-5.763,355,405,1,-1,0,0
357.374,519.084,7.171,-5.763,360,400,1,-1,0,0
364.545,513.321,7.171,-5.763,365,395,1,-1,0,0
371.717,507.558,7.171,-5.763,370,390,1,-1,0,0
378.888,501.795,7.171,-5.763,375,385,1,-1,0,0
386.06,496.033,7.171,-5.763,380,380,1,-1,0,0
393.231,490.27,7.171,-5.763,380,375,0,-1,0,0
400.403,484.507,7.171,-5.763,380,370,0,-1,0,0
407.574,478.744,7.171,-5.763,380,365,0,-1,0,0
414.746,472.981,7.171,-5.763,380,360,0,-1,0,0
421.917,467.219,7.171,-5.763,380,355,0,-1,0,0
429.089,461.456,7.171,-5.763,380,350,0,-1,0,0
436.26,455.693,7.171,-5.763,380,345,0,-1,0,0
443.432,449.93,7.171,-5.763,380,340,0,-1,0,0
450.603,444.167,7.171,-5.763,380,335,0,-1,0,0
457.775,438.405,7.171,-5.763,380,330,0,-1,0,0
464.946,432.642,7.171,-5.763,380,325,0,-1,0,0
472.118,426.879,7.171,-5.763,380,320,0,-1,0,0
479.289,421.116,7.171,-5.763,380,315,0,-1,0,0
486.461,415.353,7.171,-5.763,380,310,0,-1,0,0
493.632,409.591,7.171,-5.763,380,305,0,-1,0,0
500.804,403.828,7.171,-5.763,380,300,0,-1,0,0
507.975,398.065,7.171,-5.763,380,295,0,-1,0,0
515.147,392.302,7.171,-5.763,380,290,0,-1,0,0
522.318,386.54,7.171,-5.763,380,285,0,-1,0,0
529.49,380.777,7.171,-5.763,380,280,0,-1,0,0
536.661,375.014,7.171,-5.763,380,275,0,-1,0,0
543.833,369.251,7.171,-5.763,380,270,0,-1,0,0
551.004,363.488,7.171,-5.763,380,265,0,-1,0,0
558.176,357.726,7.171,-5.763,380,260,0,-1,0,0
565.347,351.963,7.171,-5.763,380,255,0,-1,0,0
572.519,346.2,7.171,-5.763,380,250,0,-1,0,0
579.69,340.437,7.171,-5.763,380,245,0,-1,0,0
586.862,334.674,7.171,-5.763,380,240,0,-1,0,0
594.033,328.912,7.171,-5.763,380,235,0,-1,0,0
601.205,323.149,7.171,-5.763,380,230,0,-1,0,0
608.376,317.386,7.171,-5.763,380,225,0,-1,0,0
615.548,311.623,7.171,-5.763,380,220,0,-1,0,0
622.719,305.86,7.171,-5.763,380,215,0,-1,0,0
629.891,300.098,7.171,-5.763,380,210,0,-1,0,0
637.062,294.335,7.171,-5.763,380,205,0,-1,0,0
644.234,288.572,7.171,-5.763,380,200,0,-1,0,0
651.405,282.809,7.171,-5.763,380,195,0,-1,0,0
658.576,277.046,7.171,-5.763,380,190,0,-1,0,0
665.748,271.284,7.171,-5.763,380,185,0,-1,0,0
672.919,265.521,7.171,-5.763,380,180,0,-1,0,0
680.091,259.758,7.171,-5.763,380,175,0,-1,0,0
687.262,253.995,7.171,-5.763,380,170,0,-1,0,0
694.434,248.233,7.171,-5.763,380,165,0,-1,0,0
701.605,242.47,7.171,-5.763,380,160,0,-1,0,0
708.777,236.707,7.171,-5.763,380,155,0,-1,0,0
715.948,230.944,7.171,-5.763,380,150,0,-1,0,0
723.12,225.181,7.171,-5.763,380,145,0,-1,0,0
730.291,219.419,7.171,-5.763,380,140,0,-1,0,0
737.463,213.656,7.171,-5.763,380,135,0,-1,0,0
744.634,207.893,7.171,-5.763,380,135,0,0,0,0
751.806,202.13,7.171,-5.763,380,135,0,0,0,0
751.0,196.367,-8.052,5.041,380,135,0,0,0,0
742.948,201.409,-8.052,5.041,380,135,0,0,0,0
734.896,206.45,-8.052,5.041,380,135,0,0,0,0
726.844,211.492,-8.052,5.041,380,135,0,0,0,0
718.792,216.533,-8.052,5.041,380,135,0,0,0,0
710.74,221.575,-8.052,5.041,380,135,0,0,0,0
702.688,226.616,-8.052,5.041,380,135,0,0,0,0
694.636,231.657,-8.052,5.041,380,135,0,0,0,0
686.584,236.699,-8.052,5.041,380,135,0,0,0,0
678.532,241.74,-8.052,5.041,380,140,0,1,0,0
670.48,246.782,-8.052,5.041,380,145,0,1,0,0
662.428,251.823,-8.052,5.041,380,150,0,1,0,0
654.376,256.864,-8.052,5.041,380,155,0,1,0,0
646.325,261.906,-8.052,5.041,380,160,0,1,0,0
638.273,266.947,-8.052,5.041,380,165,0,1,0,0
630.221,271.989,-8.052,5.041,380,170,0,1,0,0
622.169,277.03,-8.052,5.041,380,175,0,1,0,0
614.117,282.072,-8.052,5.041,380,180,0,1,0,0
606.065,287.113,-8.052,5.041,380,185,0,1,0,0
598.013,292.154,-8.052,5.041,380,190,0,1,0,0
589.961,297.196,-8.052,5.041,380,195,0,1,0,0
581.909,302.237,-8.052,5.041,380,200,0,1,0,0
573.857,307.279,-8.052,5.041,380,205,0,1,0,0
565.805,312.32,-8.052,5.041,380,210,0,1,0,0
557.753,317.362,-8.052,5.041,380,215,0,1,0,0
549.701,322.403,-8.052,5.041,380,220,0,1,0,0
541.649,327.444,-8.052,5.041,385,225,1,1,0,0
533.597,332.486,-8.052,5.041,390,230,1,1,0,0
525.545,337.527,-8.052,5.041,395,235,1,1,0,0
517.493,342.569,-8.052,5.041,400,240,1,1,0,0
509.441,347.61,-8.052,5.041,405,245,1,1,0,0
501.389,352.651,-8.052,5.041,410,250,1,1,0,0
493.337,357.693,-8.052,5.041,415,255,1,1,0,0
485.285,362.734,-8.052,5.041,420,260,1,1,0,0
477.233,367.776,-8.052,5.041,425,265,1,1,0,0
469.181,372.817,-8.052,5.041,430,270,1,1,0,0
461.129,377.859,-8.052,5.041,435,275,1,1,0,0
453.077,382.9,-8.052,5.041,440,280,1,1,0,0
445.025,387.941,-8.052,5.041,445,285,1,1,0,0
436.974,392.983,-8.052,5.041,450,290,1,1,0,0
428.922,398.024,-8.052,5.041,455,295,1,1,0,0
420.87,403.066,-8.052,5.041,455,300,0,1,0,0
412.818,408.107,-8.052,5.041,455,305,0,1,0,0
404.766,413.149,-8.052,5.041,455,310,0,1,0,0
396.714,418.19,-8.052,5.041,455,315,0,1,0,0
388.662,423.231,-8.052,5.041,455,320,0,1,0,0
380.61,428.273,-8.052,5.041,455,325,0,1,0,0
372.558,433.314,-8.052,5.041,455,330,0,1,0,0
364.506,438.356,-8.052,5.041,455,335,0,1,0,0
356.454,443.397,-8.052,5.041,455,340,0,1,0,0
348.402,448.438,-8.052,5.041,455,345,0,1,0,0
340.35,453.48,-8.052,5.041,455,350,0,1,0,0
332.298,458.521,-8.052,5.041,455,355,0,1,0,0
324.246,463.563,-8.052,5.041,455,360,0,1,0,0
316.194,468.604,-8.052,5.041,455,365,0,1,0,0
308.142,473.646,-8.052,5.041,455,370,0,1,0,0
300.09,478.687,-8.052,5.041,455,375,0,1,0,0
292.038,483.728,-8.052,5.041,455,380,0,1,0,0
283.986,488.77,-8.052,5.041,455,385,0,1,0,0
275.934,493.811,-8.052,5.041,455,390,0,1,0,0
267.882,498.853,-8.052,5.041,455,395,0,1,0,0
259.83,503.894,-8.052,5.041,455,400,0,1,0,0
251.778,508.936,-8.052,5.041,455,405,0,1,0,0
243.726,513.977,-8.052,5.041,455,410,0,1,0,0
235.674,519.018,-8.052,5.041,455,415,0,1,0,0
227.623,524.06,-8.052,5.041,455,415,0,0,0,0
219.571,529.101,-8.052,5.041,455,415,0,0,0,0
211.519,534.143,-8.052,5.041,460,415,1,0,0,0
203.467,539.184,-8.052,5.041,465,415,1,0,0,0
195.415,544.225,-8.052,5.041,470,415,1,0,0,0
187.363,549.267,-8.052,5.041,475,415,1,0,0,0
179.311,554.308,-8.052,5.041,480,415,1,0,0,0
171.259,559.35,-8.052,5.041,485,415,1,0,0,0
163.207,564.391,-8.052,5.041,490,415,1,0,0,0
155.155,569.433,-8.052,5.041,495,415,1,0,0,0
147.103,574.474,-8.052,5.041,500,415,1,0,0,0
139.051,579.515,-8.052,5.041,505,415,1,0,0,0
130.999,584.557,-8.052,5.041,510,415,1,0,0,0
122.947,589.598,-8.052,5.041,515,415,1,0,0,0
114.895,594.0,-8.052,-5.041,520,415,1,0,0,0
106.843,588.959,-8.052,-5.041,520,415,1,0,0,0
98.791,583.917,-8.052,-5.041,520,415,1,0,0,0
90.739,578.876,-8.052,-5.041,520,415,1,0,0,0
82.687,573.834,-8.052,-5.041,520,415,1,0,0,0
74.635,568.793,-8.052,-5.041,520,415,1,0,0,0
66.583,563.751,-8.052,-5.041,520,415,1,0,0,0
58.531,558.71,-8.052,-5.041,520,415,1,0,0,0
50.479,553.669,-8.052,-5.041,520,415,1,0,0,0
49.0,548.627,9.369,-2.875,520,415,1,0,0,0
58.369,545.752,9.369,-2.875,520,415,1,0,0,0
67.738,542.877,9.369,-2.875,520,415,1,0,0,0
77.106,540.002,9.369,-2.875,520,415,1,0,0,0
86.475,537.128,9.369,-2.875,520,415,1,0,0,0
95.844,534.253,9.369,-2.875,520,415,1,0,0,0
105.213,531.378,9.369,-2.875,520,415,1,0,0,0
114.582,528.503,9.369,-2.875,520,415,1,0,0,0
123.951,525.628,9.369,-2.875,520,410,1,-1,0,0
133.319,522.753,9.369,-2.875,520,405,1,-1,0,0
142.688,519.878,9.369,-2.875,520,400,1,-1,0,0
152.057,517.003,9.369,-2.875,520,395,1,-1,0,0
161.426,514.128,9.369,-2.875,520,390,1,-1,0,0
170.795,511.253,9.369,-2.875,520,385,1,-1,0,0
180.164,508.378,9.369,-2.875,520,380,1,-1,0,0
189.532,505.503,9.369,-2.875,520,375,1,-1,0,0
198.901,502.628,9.369,-2.875,520,370,1,-1,0,0
208.27,499.754,9.369,-2.875,520,365,1,-1,0,0
217.639,496.879,9.369,-2.875,520,360,0,-1,0,0
227.008,494.004,9.369,-2.875,520,355,0,-1,0,0
236.376,491.129,9.369,-2.875,520,350,0,-1,0,0
245.745,488.254,9.369,-2.875,520,345,0,-1,0,0
255.114,485.379,9.369,-2.875,520,340,0,-1,0,0
264.483,482.504,9.369,-2.875,520,335,0,-1,0,0
273.852,479.629,9.369,-2.875,520,330,0,-1,0,0
283.221,476.754,9.369,-2.875,520,325,0,-1,0,0
292.589,473.879,9.369,-2.875,520,320,0,-1,0,0
301.958,471.004,9.369,-2.875,520,315,0,-1,0,0
311.327,468.129,9.369,-2.875,520,315,0,0,0,0
320.696,465.254,9.369,-2.875,520,315,0,0,0,0
330.065,462.38,9.369,-2.875,520,315,0,0,0,0
339.433,459.505,9.369,-2.875,520,315,0,0,0,0
348.802,456.63,9.369,-2.875,520,315,0,0,0,0
358.171,453.755,9.369,-2.875,520,315,0,0,0,0
367.54,450.88,9.369,-2.875,520,315,0,0,0,0
376.909,448.005,9.369,-2.875,515,315,-1,0,0,0
386.278,445.13,9.369,-2.875,510,315,-1,0,0,0
395.646,442.255,9.369,-2.875,505,315,-1,0,0,0
405.015,439.38,9.369,-2.875,500,315,-1,0,0,0
414.384,436.505,9.369,-2.875,495,315,-1,0,0,0
423.753,433.63,9.369,-2.875,490,315,-1,0,0,0
433.122,430.755,9.369,-2.875,485,315,-1,0,0,0
442.491,427.881,9.369,-2.875,480,315,-1,0,0,0
451.859,425.006,9.369,-2.875,475,315,-1,0,0,0
461.228,422.131,9.369,-2.875,470,315,-1,0,0,0
470.597,419.256,9.369,-2.875,465,315,-1,0,0,0
479.966,416.381,9.369,-2.875,460,315,-1,0,0,0
489.335,413.506,9.369,-2.875,455,315,-1,0,0,0
498.703,410.631,9.369,-2.875,450,315,-1,0,0,0
508.072,407.756,9.369,-2.875,450,315,0,0,0,0
517.441,404.881,9.369,-2.875,450,315,0,0,0,0
526.81,402.006,9.369,-2.875,450,315,0,0,0,0
536.179,399.131,9.369,-2.875,450,315,0,0,0,0
545.548,396.256,9.369,-2.875,450,315,0,0,0,0
554.916,393.381,9.369,-2.875,450,315,0,0,0,0
564.285,390.507,9.369,-2.875,450,315,0,0,0,0
573.654,387.632,9.369,-2.875,450,315,0,0,0,0
583.023,384.757,9.369,-2.875,450,315,0,0,0,0
592.392,381.882,9.369,-2.875,450,315,0,0,0,0
601.761,379.007,9.369,-2.875,450,315,0,0,0,0
611.129,376.132,9.369,-2.875,450,315,0,0,0,0
620.498,373.257,9.369,-2.875,450,315,0,0,0,0
629.867,370.382,9.369,-2.875,450,315,0,0,0,0
639.236,367.507,9.369,-2.875,450,315,0,0,0,0
648.605,364.632,9.369,-2.875,450,315,0,0,0,0
657.973,361.757,9.369,-2.875,450,315,0,0,0,0
667.342,358.882,9.369,-2.875,450,315,0,0,0,0
676.711,356.007,9.369,-2.875,450,315,0,0,0,0
686.08,353.133,9.369,-2.875,450,315,0,0,0,0
695.449,350.258,9.369,-2.875,450,315,0,0,0,0
704.818,347.383,9.369,-2.875,450,315,0,0,0,0
714.186,344.508,9.369,-2.875,450,315,0,0,0,0
723.555,341.633,9.369,-2.875,450,315,0,0,0,0
732.924,338.758,9.369,-2.875,450,315,0,0,0,0
742.293,335.883,9.369,-2.875,450,315,0,0,0,0
751.662,333.008,9.369,-2.875,450,315,0,0,0,0
751.0,330.133,-8.034,-6.121,450,315,0,0,0,0
742.966,324.013,-8.034,-6.121,450,315,0,0,0,0
734.931,317.892,-8.034,-6.121,450,315,0,0,0,0
726.897,311.772,-8.034,-6.121,450,315,0,0,0,0
718.863,305.651,-8.034,-6.121,450,310,0,-1,0,0
710.829,299.531,-8.034,-6.121,450,305,0,-1,0,0
702.794,293.41,-8.034,-6.121,450,300,0,-1,0,0
694.76,287.29,-8.034,-6.121,450,295,0,-1,0,0
686.726,281.169,-8.034,-6.121,450,290,0,-1,0,0
678.692,275.049,-8.034,-6.121,450,285,0,-1,0,0
670.657,268.928,-8.034,-6.121,450,280,0,-1,0,0
662.623,262.808,-8.034,-6.121,450,275,0,-1,0,0
654.589,256.687,-8.034,-6.121,450,270,0,-1,0,0
646.555,250.567,-8.034,-6.121,450,265,0,-1,0,0
638.52,244.446,-8.034,-6.121,450,260,0,-1,0,0
630.486,238.326,-8.034,-6.121,450,255,0,-1,0,0
622.452,232.205,-8.034,-6.121,450,250,0,-1,0,0
614.418,226.085,-8.034,-6.121,450,245,0,-1,0,0
606.383,219.964,-8.034,-6.121,450,240,0,-1,0,0
598.349,213.844,-8.034,-6.121,445,235,-1,-1,0,0
590.315,207.723,-8.034,-6.121,440,230,-1,-1,0,0
582.281,201.602,-8.034,-6.121,435,225,-1,-1,0,0
574.246,195.482,-8.034,-6.121,430,220,-1,-1,0,0
566.212,189.361,-8.034,-6.121,425,215,-1,-1,0,0
558.178,183.241,-8.034,-6.121,420,210,-1,-1,0,0
550.143,177.12,-8.034,-6.121,415,205,-1,-1,0,0
542.109,171.0,-8.034,-6.121,410,200,-1,-1,0,0
534.075,164.879,-8.034,-6.121,405,195,-1,-1,0,0
526.041,158.759,-8.034,-6.121,400,190,-1,-1,0,0
518.006,152.638,-8.034,-6.121,395,185,-1,-1,0,0
509.972,146.518,-8.034,-6.121,390,180,-1,-1,0,0
501.938,140.397,-8.034,-6.121,385,175,-1,-1,0,0
493.904,134.277,-8.034,-6.121,380,170,-1,-1,0,0
485.869,128.156,-8.034,-6.121,375,165,-1,-1,0,0
477.835,122.036,-8.034,-6.121,370,160,-1,-1,0,0
469.801,115.915,-8.034,-6.121,365,155,-1,-1,0,0
461.767,109.795,-8.034,-6.121,360,150,-1,-1,0,0
453.732,103.674,-8.034,-6.121,355,145,-1,-1,0,0
445.698,97.554,-8.034,-6.121,350,140,-1,-1,0,0
437.664,91.433,-8.034,-6.121,345,135,-1,-1,0,0
429.63,85.313,-8.034,-6.121,340,130,-1,-1,0,0
421.595,79.192,-8.034,-6.121,335,125,-1,-1,0,0
413.561,73.072,-8.034,-6.121,330,120,-1,-1,0,0
405.527,66.951,-8.034,-6.121,325,115,-1,-1,0,0
397.493,60.831,-8.034,-6.121,320,110,-1,-1,0,0
389.458,54.71,-8.034,-6.121,315,105,-1,-1,0,0
381.424,48.59,-8.034,-6.121,310,100,-1,-1,0,0
373.39,42.469,-8.034,-6.121,305,95,-1,-1,0,0
365.355,36.349,-8.034,-6.121,300,90,-1,-1,0,0
357.321,30.228,-8.034,-6.121,295,85,-1,-1,0,0
349.287,24.108,-8.034,-6.121,290,80,-1,-1,0,0
341.253,17.987,-8.034,-6.121,285,75,-1,-1,0,0
333.218,11.867,-8.034,-6.121,280,70,-1,-1,0,0
325.184,6.0,-8.034,6.121,275,65,-1,-1,0,0
317.15,12.121,-8.034,6.121,270,60,-1,-1,0,0
309.116,18.241,-8.034,6.121,265,55,-1,-1,0,0
301.081,24.362,-8.034,6.121,265,50,0,-1,0,0
293.047,30.482,-8.034,6.121,265,45,0,-1,0,0
285.013,36.603,-8.034,6.121,265,40,0,-1,0,0
276.979,42.723,-8.034,6.121,265,35,0,-1,0,0
268.944,48.844,-8.034,6.121,265,30,0,-1,0,0
260.91,54.964,-8.034,6.121,265,25,0,-1,0,0
252.876,61.085,-8.034,6.121,265,20,0,-1,0,0
244.842,67.205,-8.034,6.121,265,15,0,-1,0,0
236.807,73.326,-8.034,6.121,265,10,0,-1,0,0
228.773,79.446,-8.034,6.121,265,5,0,-1,0,0
220.739,85.567,-8.034,6.121,265,0,0,-1,0,0
212.705,91.687,-8.034,6.121,265,0,0,-1,0,0
204.67,97.808,-8.034,6.121,265,0,0,-1,0,0
196.636,103.928,-8.034,6.121,265,0,0,-1,0,0
188.602,110.049,-8.034,6.121,265,0,0,-1,0,0
180.567,116.169,-8.034,6.121,265,0,0,-1,0,0
172.533,122.29,-8.034,6.121,265,0,0,-1,0,0
164.499,128.41,-8.034,6.121,265,0,0,-1,0,0
156.465,134.531,-8.034,6.121,265,0,0,-1,0,0
148.43,140.651,-8.034,6.121,265,0,0,-1,0,0
140.396,146.772,-8.034,6.121,265,0,0,-1,0,0
132.362,152.892,-8.034,6.121,260,0,-1,-1,0,0
124.328,159.013,-8.034,6.121,255,0,-1,-1,0,0
116.293,165.133,-8.034,6.121,250,0,-1,-1,0,0
108.259,171.254,-8.034,6.121,245,0,-1,-1,0,0
100.225,177.374,-8.034,6.121,240,0,-1,-1,0,0
92.191,183.495,-8.034,6.121,235,0,-1,-1,0,0
84.156,189.615,-8.034,6.121,230,0,-1,-1,0,0
76.122,195.736,-8.034,6.121,225,0,-1,-1,0,0
68.088,201.856,-8.034,6.121,220,0,-1,-1,0,0
60.054,207.977,-8.034,6.121,215,0,-1,-1,0,0
52.019,214.097,-8.034,6.121,210,0,-1,-1,0,0
49.0,220.218,8.287,-6.284,205,0,-1,-1,0,0
57.287,213.934,8.287,-6.284,200,0,-1,-1,0,0
65.574,207.65,8.287,-6.284,195,0,-1,-1,0,0
73.861,201.366,8.287,-6.284,190,0,-1,-1,0,0
82.147,195.082,8.287,-6.284,185,0,-1,-1,0,0
90.434,188.798,8.287,-6.284,180,0,-1,-1,0,0
98.721,182.514,8.287,-6.284,175,0,-1,0,0,0
107.008,176.23,8.287,-6.284,170,0,-1,0,0,0
115.295,169.946,8.287,-6.284,165,0,-1,0,0,0
123.582,163.662,8.287,-6.284,160,0,-1,0,0,0
131.869,157.378,8.287,-6.284,155,0,-1,0,0,0
140.155,151.094,8.287,-6.284,150,0,-1,0,0,0
148.442,144.81,8.287,-6.284,145,0,-1,0,0,0
156.729,138.526,8.287,-6.284,140,5,-1,1,0,0
165.016,132.243,8.287,-6.284,135,10,-1,1,0,0
173.303,125.959,8.287,-6.284,135,15,0,1,0,0
181.59,119.675,8.287,-6.284,135,20,0,1,0,0
189.876,113.391,8.287,-6.284,135,25,0,1,0,0
198.163,107.107,8.287,-6.284,135,30,0,1,0,0
206.45,100.823,8.287,-6.284,135,35,0,1,0,0
214.737,94.539,8.287,-6.284,135,40,0,1,0,0
223.024,88.255,8.287,-6.284,135,45,0,1,0,0
231.311,81.971,8.287,-6.284,135,50,0,1,0,0
239.598,75.687,8.287,-6.284,135,55,0,1,0,0
247.884,69.403,8.287,-6.284,135,60,0,1,0,0
256.171,63.119,8.287,-6.284,135,65,0,1,0,0
264.458,56.835,8.287,-6.284,135,70,0,1,0,0
272.745,50.551,8.287,-6.284,135,70,0,0,0,0
281.032,44.267,8.287,-6.284,135,70,0,0,0,0
289.319,37.983,8.287,-6.284,135,70,0,0,0,0
297.606,31.699,8.287,-6.284,135,70,0,0,0,0
305.892,25.415,8.287,-6.284,135,70,0,0,0,0
314.179,19.131,8.287,-6.284,135,70,0,0,0,0
322.466,12.847,8.287,-6.284,135,70,0,0,0,0
330.753,6.563,8.287,-6.284,135,70,0,0,0,0
339.04,6.0,8.287,6.284,135,70,0,0,0,0
347.327,12.284,8.287,6.284,135,70,0,0,0,0
355.614,18.568,8.287,6.284,135,75,0,1,0,0
363.9,24.852,8.287,6.284,135,80,0,1,0,0
372.187,31.136,8.287,6.284,135,85,0,1,0,0
380.474,37.42,8.287,6.284,135,90,0,1,0,0
388.761,43.704,8.287,6.284,135,95,0,1,0,0
397.048,49.988,8.287,6.284,135,100,0,1,0,0
405.335,56.272,8.287,6.284,135,105,0,1,0,0
413.621,62.556,8.287,6.284,135,110,0,1,0,0
421.908,68.84,8.287,6.284,135,115,0,1,0,0
430.195,75.123,8.287,6.284,135,120,0,1,0,0
438.482,81.407,8.287,6.284,135,125,0,1,0,0
446.769,87.691,8.287,6.284,140,130,1,1,0,0
455.056,93.975,8.287,6.284,145,135,1,1,0,0
463.343,100.259,8.287,6.284,150,140,1,1,0,0
471.629,106.543,8.287,6.284,155,145,1,1,0,0
479.916,112.827,8.287,6.284,160,150,1,1,0,0
488.203,119.111,8.287,6.284,165,155,1,1,0,0
496.49,125.395,8.287,6.284,170,160,1,1,0,0
504.777,131.679,8.287,6.284,175,165,1,1,0,0
513.064,137.963,8.287,6.284,180,170,1,1,0,0
521.351,144.247,8.287,6.284,185,175,1,1,0,0
529.637,150.531,8.287,6.284,190,180,1,1,0,0
537.924,156.815,8.287,6.284,195,185,1,1,0,0
546.211,163.099,8.287,6.284,200,190,1,1,0,0
554.498,169.383,8.287,6.284,205,195,1,1,0,0
562.785,175.667,8.287,6.284,210,200,1,1,0,0
571.072,181.951,8.287,6.284,215,205,1,1,0,0
579.359,188.235,8.287,6.284,220,210,1,1,0,0
587.645,194.519,8.287,6.284,225,215,1,1,0,0
595.932,200.803,8.287,6.284,230,220,1,1,0,0
604.219,207.087,8.287,6.284,235,225,1,1,0,0
612.506,213.37,8.287,6.284,240,230,1,1,0,0
620.793,219.654,8.287,6.284,245,235,1,1,0,0
629.08,225.938,8.287,6.284,250,240,1,1,0,0
637.366,232.222,8.287,6.284,255,245,1,1,0,0
645.653,238.506,8.287,6.284,260,250,1,1,0,0
653.94,244.79,8.287,6.284,265,255,1,1,0,0
662.227,251.074,8.287,6.284,270,260,1,1,0,0
670.514,257.358,8.287,6.284,275,265,1,1,0,0
678.801,263.642,8.287,6.284,280,270,1,1,0,0
687.088,269.926,8.287,6.284,285,275,1,1,0,0
695.374,276.21,8.287,6.284,290,280,1,1,0,0
703.661,282.494,8.287,6.284,295,285,1,1,0,0
711.948,288.778,8.287,6.284,300,290,1,1,0,0
720.235,295.062,8.287,6.284,305,295,1,1,0,0
728.522,301.346,8.287,6.284,310,300,1,1,0,0
736.809,307.63,8.287,6.284,315,305,1,1,0,0
745.096,313.914,8.287,6.284,320,310,1,1,0,0
751.0,320.198,-6.558,-8.455,325,315,1,1,0,0
744.442,311.743,-6.558,-8.455,330,320,1,1,0,0
737.885,303.288,-6.558,-8.455,330,325,0,1,0,0
731.327,294.833,-6.558,-8.455,330,330,0,1,0,0
724.77,286.378,-6.558,-8.455,330,335,0,1,0,0
718.212,277.922,-6.558,-8.455,330,340,0,1,0,0
711.654,269.467,-6.558,-8.455,330,345,0,1,0,0
705.097,261.012,-6.558,-8.455,330,350,0,1,0,0
698.539,252.557,-6.558,-8.455,330,355,0,1,0,0
691.982,244.102,-6.558,-8.455,330,360,0,1,0,0
685.424,235.647,-6.558,-8.455,330,365,0,1,0,0
678.866,227.192,-6.558,-8.455,330,370,0,1,0,0
672.309,218.737,-6.558,-8.455,330,370,0,0,0,0
665.751,210.282,-6.558,-8.455,330,370,0,0,0,0
659.194,201.827,-6.558,-8.455,330,370,0,0,0,0
652.636,193.372,-6.558,-8.455,330,370,0,0,0,0
646.078,184.917,-6.558,-8.455,330,365,0,-1,0,0
639.521,176.462,-6.558,-8.455,330,360,0,-1,0,0
632.963,168.007,-6.558,-8.455,330,355,0,-1,0,0
626.406,159.552,-6.558,-8.455,330,350,0,-1,0,0
619.848,151.097,-6.558,-8.455,330,345,0,-1,0,0
613.29,142.642,-6.558,-8.455,330,340,0,-1,0,0
606.733,134.187,-6.558,-8.455,330,335,0,-1,0,0
600.175,125.732,-6.558,-8.455,330,330,0,-1,0,0
593.618,117.277,-6.558,-8.455,330,325,0,-1,0,0
587.06,108.821,-6.558,-8.455,330,320,0,-1,0,0
580.502,100.366,-6.558,-8.455,330,315,0,-1,0,0
573.945,91.911,-6.558,-8.455,330,310,0,-1,0,0
567.387,83.456,-6.558,-8.455,330,305,0,-1,0,0
560.83,75.001,-6.558,-8.455,330,300,0,-1,0,0
554.272,66.546,-6.558,-8.455,330,295,0,-1,0,0
547.714,58.091,-6.558,-8.455,330,290,0,-1,0,0
541.157,49.636,-6.558,-8.455,330,285,0,-1,0,0
534.599,41.181,-6.558,-8.455,330,280,0,-1,0,0
528.042,32.726,-6.558,-8.455,325,275,-1,-1,0,0
521.484,24.271,-6.558,-8.455,320,270,-1,-1,0,0
514.926,15.816,-6.558,-8.455,315,265,-1,-1,0,0
508.369,7.361,-6.558,-8.455,310,260,-1,-1,0,0
501.811,6.0,-6.558,8.455,305,255,-1,-1,0,0
495.254,14.455,-6.558,8.455,300,250,-1,-1,0,0
488.696,22.91,-6.558,8.455,295,245,-1,-1,0,0
482.138,31.365,-6.558,8.455,290,240,-1,-1,0,0
475.581,39.82,-6.558,8.455,285,235,-1,-1,0,0
469.023,48.275,-6.558,8.455,280,230,-1,-1,0,0
462.466,56.73,-6.558,8.455,275,225,-1,-1,0,0
455.908,65.185,-6.558,8.455,270,220,-1,-1,0,0
449.35,73.64,-6.558,8.455,265,215,-1,-1,0,0
442.793,82.095,-6.558,8.455,260,210,-1,-1,0,0
436.235,90.551,-6.558,8.455,260,205,0,-1,0,0
429.678,99.006,-6.558,8.455,260,200,0,-1,0,0
423.12,107.461,-6.558,8.455,260,200,0,0,0,0
416.562,115.916,-6.558,8.455,260,200,0,0,0,0
410.005,124.371,-6.558,8.455,260,200,0,0,0,0
403.447,132.826,-6.558,8.455,260,200,0,0,0,0
396.89,141.281,-6.558,8.455,260,200,0,0,0,0
390.332,149.736,-6.558,8.455,260,200,0,0,0,0
383.774,158.191,-6.558,8.455,260,200,0,0,0,0
377.217,166.646,-6.558,8.455,260,200,0,0,0,0
370.659,175.101,-6.558,8.455,260,200,0,0,0,0
364.102,183.556,-6.558,8.455,260,200,0,0,0,0
357.544,192.011,-6.558,8.455,260,200,0,0,0,0
350.986,200.466,-6.558,8.455,260,200,0,0,0,0
344.429,208.921,-6.558,8.455,260,200,0,0,0,0
337.871,217.376,-6.558,8.455,260,200,0,0,0,0
331.314,225.831,-6.558,8.455,260,200,0,0,0,0
324.756,234.286,-6.558,8.455,260,200,0,0,0,0
318.198,242.741,-6.558,8.455,260,205,0,1,0,0
311.641,251.196,-6.558,8.455,260,210,0,1,0,0
305.083,259.652,-6.558,8.455,260,215,0,1,0,0
298.526,268.107,-6.558,8.455,260,220,0,1,0,0
291.968,276.562,-6.558,8.455,260,225,0,1,0,0
285.41,285.017,-6.558,8.455,260,230,0,1,0,0
278.853,293.472,-6.558,8.455,260,235,0,1,0,0
272.295,301.927,-6.558,8.455,265,240,1,1,0,0
265.738,310.382,-6.558,8.455,270,245,1,1,0,0
259.18,318.837,-6.558,8.455,275,250,1,1,0,0
252.622,327.292,-6.558,8.455,280,255,1,1,0,0
246.065,335.747,-6.558,8.455,285,260,1,1,0,0
239.507,344.202,-6.558,8.455,290,265,1,1,0,0
232.95,352.657,-6.558,8.455,295,270,1,1,0,0
226.392,361.112,-6.558,8.455,300,275,1,1,0,0
219.834,369.567,-6.558,8.455,305,280,1,1,0,0
213.277,378.022,-6.558,8.455,310,285,1,1,0,0
206.719,386.477,-6.558,8.455,315,290,1,1,0,0
200.162,394.932,-6.558,8.455,320,295,1,1,0,0
193.604,403.387,-6.558,8.455,325,300,1,1,0,0
187.046,411.842,-6.558,8.455,330,305,1,1,0,0
180.489,420.297,-6.558,8.455,335,310,1,1,0,0
173.931,428.753,-6.558,8.455,340,315,1,1,0,0
167.374,437.208,-6.558,8.455,345,320,1,1,0,0
160.816,445.663,-6.558,8.455,350,325,1,1,0,0
154.258,454.118,-6.558,8.455,355,330,1,1,0,0
147.701,462.573,-6.558,8.455,360,335,1,1,0,0
141.143,471.028,-6.558,8.455,365,340,1,1,0,0
134.586,479.483,-6.558,8.455,370,345,1,1,0,0
128.028,487.938,-6.558,8.455,375,350,1,1,0,0
121.47,496.393,-6.558,8.455,380,355,1,1,0,0
114.913,504.848,-6.558,8.455,385,360,1,1,0,0
108.355,513.303,-6.558,8.455,390,365,1,1,0,0
101.798,521.758,-6.558,8.455,395,370,1,1,0,0
95.24,530.213,-6.558,8.455,400,375,1,1,0,0
88.682,538.668,-6.558,8.455,405,380,1,1,0,0
82.125,547.123,-6.558,8.455,410,385,1,1,0,0
75.567,555.578,-6.558,8.455,415,390,1,1,0,0
69.01,564.033,-6.558,8.455,420,395,1,1,0,0
62.452,572.488,-6.558,8.455,425,400,1,1,0,0
55.894,580.943,-6.558,8.455,430,405,1,1,0,0
49.337,589.398,-6.558,8.455,435,410,1,1,0,0
42.779,594.0,-6.558,-8.455,440,415,1,1,0,0
36.222,585.545,-6.558,-8.455,445,420,1,1,0,0
29.664,577.09,-6.558,-8.455,450,425,1,1,0,0
23.106,568.635,-6.558,-8.455,455,430,1,1,0,0
16.549,560.18,-6.558,-8.455,460,435,1,1,0,0
9.991,551.725,-6.558,-8.455,465,440,1,1,0,0
3.433,543.27,-6.558,-8.455,470,445,1,1,0,0
-3.124,534.815,-6.558,-8.455,475,450,1,1,0,0
400.0,300.0,4.017,2.977,480,455,1,1,0,1
404.017,302.977,4.017,2.977,480,450,0,-1,0,0
408.035,305.954,4.017,2.977,480,445,0,-1,0,0
412.052,308.93,4.017,2.977,480,440,0,-1,0,0
416.069,311.907,4.017,2.977,480,435,0,-1,0,0
420.087,314.884,4.017,2.977,480,430,0,-1,0,0
424.104,317.861,4.017,2.977,480,425,0,-1,0,0
428.121,320.837,4.017,2.977,480,420,0,-1,0,0
432.139,323.814,4.017,2.977,480,415,0,-1,0,0
436.156,326.791,4.017,2.977,480,410,0,-1,0,0
440.173,329.768,4.017,2.977,480,405,0,-1,0,0
444.191,332.744,4.017,2.977,480,400,0,-1,0,0
448.208,335.721,4.017,2.977,480,395,0,-1,0,0
452.225,338.698,4.017,2.977,480,390,0,-1,0,0
456.243,341.675,4.017,2.977,480,385,0,-1,0,0
460.26,344.651,4.017,2.977,480,380,0,-1,0,0
464.277,347.628,4.017,2.977,480,375,0,-1,0,0
468.295,350.605,4.017,2.977,480,370,0,-1,0,0
472.312,353.582,4.017,2.977,480,365,0,-1,0,0
476.329,356.558,4.017,2.977,480,360,0,-1,0,0
480.347,359.535,4.017,2.977,480,355,0,-1,0,0
484.364,362.512,4.017,2.977,480,350,0,-1,0,0
488.381,365.489,4.017,2.977,480,345,0,-1,0,0
492.399,368.465,4.017,2.977,480,340,0,-1,0,0
496.416,371.442,4.017,2.977,480,335,0,-1,0,0
500.433,374.419,4.017,2.977,480,335,0,0,0,0
504.451,377.396,4.017,2.977,480,335,0,0,0,0
508.468,380.372,4.017,2.977,480,335,0,0,0,0
512.485,383.349,4.017,2.977,480,335,0,0,0,0
516.503,386.326,4.017,2.977,480,335,0,0,0,0
520.52,389.303,4.017,2.977,480,340,0,1,0,0
524.537,392.279,4.017,2.977,480,345,0,1,0,0
528.555,395.256,4.017,2.977,480,350,0,1,0,0
532.572,398.233,4.017,2.977,480,355,0,1,0,0
536.589,401.21,4.017,2.977,480,360,0,1,0,0
540.606,404.186,4.017,2.977,480,365,0,1,0,0
544.624,407.163,4.017,2.977,480,370,0,1,0,0
548.641,410.14,4.017,2.977,480,375,0,1,0,0
552.658,413.117,4.017,2.977,480,380,0,1,0,0
556.676,416.093,4.017,2.977,480,385,0,1,0,0
560.693,419.07,4.017,2.977,480,390,0,1,0,0
564.71,422.047,4.017,2.977,480,395,0,1,0,0
568.728,425.024,4.017,2.977,480,400,0,1,0,0
572.745,428.0,4.017,2.977,480,405,0,1,0,0
576.762,430.977,4.017,2.977,480,410,0,1,0,0
580.78,433.954,4.017,2.977,480,415,0,1,0,0
584.797,436.931,4.017,2.977,480,420,0,1,0,0
588.814,439.908,4.017,2.977,480,425,0,1,0,0
592.832,442.884,4.017,2.977,480,430,0,1,0,0
596.849,445.861,4.017,2.977,480,435,0,1,0,0
600.866,448.838,4.017,2.977,480,440,0,1,0,0
604.884,451.815,4.017,2.977,480,445,0,1,0,0
608.901,454.791,4.017,2.977,480,450,0,1,0,0
612.918,457.768,4.017,2.977,480,455,0,1,0,0
616.936,460.745,4.017,2.977,485,460,1,1,0,0
620.953,463.722,4.017,2.977,490,465,1,1,0,0
624.97,466.698,4.017,2.977,495,470,1,1,0,0
628.988,469.675,4.017,2.977,500,475,1,1,0,0
633.005,472.652,4.017,2.977,505,480,1,1,0,0
637.022,475.629,4.017,2.977,510,485,1,1,0,0
641.04,478.605,4.017,2.977,515,490,1,1,0,0
645.057,481.582,4.017,2.977,520,495,1,1,0,0
649.074,484.559,4.017,2.977,520,500,1,1,0,0
653.092,487.536,4.017,2.977,520,505,1,1,0,0
657.109,490.512,4.017,2.977,520,510,1,1,0,0
661.126,493.489,4.017,2.977,520,515,0,1,0,0
665.144,496.466,4.017,2.977,520,520,0,1,0,0
669.161,499.443,4.017,2.977,520,520,0,1,0,0
673.178,502.419,4.017,2.977,520,520,0,1,0,0
677.196,505.396,4.017,2.977,520,520,0,1,0,0
681.213,508.373,4.017,2.977,520,520,0,1,0,0
685.23,511.35,4.017,2.977,520,520,0,1,0,0
689.248,514.326,4.017,2.977,520,520,0,0,0,0
693.265,517.303,4.017,2.977,520,520,0,0,0,0
697.282,520.28,4.017,2.977,520,520,0,0,0,0
701.3,523.257,4.017,2.977,515,520,-1,0,0,0
705.317,526.233,4.017,2.977,510,520,-1,0,0,0
709.334,529.21,4.017,2.977,505,520,-1,0,0,0
713.352,532.187,4.017,2.977,500,520,-1,0,0,0
717.369,535.164,4.017,2.977,495,520,-1,0,0,0
721.386,538.14,4.017,2.977,490,520,-1,0,0,0
725.404,541.117,4.017,2.977,485,520,-1,0,0,0
729.421,544.094,4.017,2.977,480,520,-1,0,0,0
733.438,547.071,4.017,2.977,475,520,-1,0,0,0
737.456,550.047,4.017,2.977,470,520,-1,0,0,0
741.473,553.024,4.017,2.977,465,520,-1,0,0,0
745.49,556.001,4.017,2.977,460,520,-1,0,0,0
749.508,558.978,4.017,2.977,455,520,-1,0,0,0
751.0,561.954,-5.293,0.271,450,520,-1,0,0,0
745.707,562.226,-5.293,0.271,445,520,-1,0,0,0
740.414,562.497,-5.293,0.271,440,520,-1,0,0,0
735.121,562.768,-5.293,0.271,435,520,-1,0,0,0
729.828,563.039,-5.293,0.271,430,520,-1,0,0,0
724.535,563.31,-5.293,0.271,425,520,-1,0,0,0
719.242,563.581,-5.293,0.271,420,520,-1,0,0,0
713.949,563.852,-5.293,0.271,415,520,-1,0,0,0
708.655,564.123,-5.293,0.271,410,520,-1,0,0,0
703.362,564.394,-5.293,0.271,405,520,-1,0,0,0
698.069,564.665,-5.293,0.271,400,520,-1,0,0,0
692.776,564.936,-5.293,0.271,395,520,-1,0,0,0
687.483,565.207,-5.293,0.271,390,520,-1,0,0,0
682.19,565.478,-5.293,0.271,385,520,-1,0,0,0
676.897,565.75,-5.293,0.271,380,520,-1,0,0,0
671.604,566.021,-5.293,0.271,375,520,-1,0,0,0
666.311,566.292,-5.293,0.271,370,520,-1,0,0,0
661.018,566.563,-5.293,0.271,365,520,-1,0,0,0
655.725,566.834,-5.293,0.271,360,520,-1,0,0,0
650.432,567.105,-5.293,0.271,355,520,-1,0,0,0
645.139,567.376,-5.293,0.271,350,520,-1,0,0,0
639.846,567.647,-5.293,0.271,345,520,-1,0,0,0
634.553,567.918,-5.293,0.271,340,520,-1,0,0,0
629.26,568.189,-5.293,0.271,335,520,-1,0,0,0
623.966,568.46,-5.293,0.271,330,520,-1,0,0,0
618.673,568.731,-5.293,0.271,325,520,-1,0,0,0
613.38,569.002,-5.293,0.271,320,520,-1,1,0,0
608.087,569.274,-5.293,0.271,315,520,-1,1,0,0
602.794,569.545,-5.293,0.271,310,520,-1,1,0,0
597.501,569.816,-5.293,0.271,305,520,-1,1,0,0
592.208,570.087,-5.293,0.271,300,520,-1,1,0,0
586.915,570.358,-5.293,0.271,295,520,-1,1,0,0
581.622,570.629,-5.293,0.271,290,520,-1,1,0,0
576.329,570.9,-5.293,0.271,285,520,-1,1,0,0
571.036,571.171,-5.293,0.271,280,520,-1,1,0,0
565.743,571.442,-5.293,0.271,275,520,-1,1,0,0
560.45,571.713,-5.293,0.271,270,520,-1,1,0,0
555.157,571.984,-5.293,0.271,265,520,-1,1,0,0
549.864,572.255,-5.293,0.271,260,520,-1,0,0,0
544.571,572.526,-5.293,0.271,255,520,-1,0,0,0
539.277,572.798,-5.293,0.271,250,520,-1,0,0,0
533.984,573.069,-5.293,0.271,245,520,-1,0,0,0
528.691,573.34,-5.293,0.271,245,520,0,0,0,0
523.398,573.611,-5.293,0.271,245,520,0,0,0,0
518.105,573.882,-5.293,0.271,250,520,1,0,0,0
512.812,574.153,-5.293,0.271,255,520,1,0,0,0
507.519,574.424,-5.293,0.271,260,520,1,0,0,0
502.226,574.695,-5.293,0.271,265,520,1,0,0,0
496.933,574.966,-5.293,0.271,270,520,1,0,0,0
491.64,575.237,-5.293,0.271,275,520,1,0,0,0
486.347,575.508,-5.293,0.271,280,520,1,0,0,0
481.054,575.779,-5.293,0.271,285,520,1,0,0,0
475.761,576.05,-5.293,0.271,290,520,1,0,0,0
470.468,576.321,-5.293,0.271,295,520,1,0,0,0
465.175,576.593,-5.293,0.271,300,520,1,0,0,0
459.882,576.864,-5.293,0.271,305,520,1,0,0,0
454.588,577.135,-5.293,0.271,310,520,1,0,0,0
449.295,577.406,-5.293,0.271,315,520,1,0,0,0
444.002,577.677,-5.293,0.271,320,520,1,0,0,0
438.709,577.948,-5.293,0.271,325,520,1,0,0,0
433.416,578.219,-5.293,0.271,330,520,1,0,0,0
428.123,578.49,-5.293,0.271,335,520,1,0,0,0
422.83,578.761,-5.293,0.271,340,520,1,0,0,0
417.537,579.032,-5.293,0.271,345,520,1,0,0,0
412.244,579.303,-5.293,0.271,350,520,1,0,0,0
406.951,579.574,-5.293,0.271,355,520,1,0,0,0
401.658,579.845,-5.293,0.271,360,520,1,0,0,0
396.365,580.117,-5.293,0.271,365,520,1,0,0,0
391.072,580.388,-5.293,0.271,370,520,1,0,0,0
385.779,580.659,-5.293,0.271,375,520,1,0,0,0
380.486,580.93,-5.293,0.271,380,520,1,0,0,0
375.193,581.201,-5.293,0.271,385,520,1,0,0,0
369.899,581.472,-5.293,0.271,390,520,1,0,0,0
364.606,581.743,-5.293,0.271,395,520,1,0,0,0
359.313,582.014,-5.293,0.271,400,520,1,0,0,0
354.02,582.285,-5.293,0.271,405,520,1,0,0,0
348.727,582.556,-5.293,0.271,410,520,1,0,0,0
343.434,582.827,-5.293,0.271,415,520,1,0,0,0
338.141,583.098,-5.293,0.271,420,520,1,0,0,0
332.848,583.369,-5.293,0.271,425,520,1,0,0,0
327.555,583.641,-5.293,0.271,430,520,1,0,0,0
322.262,583.912,-5.293,0.271,435,520,1,0,0,0
316.969,584.183,-5.293,0.271,440,520,1,0,0,0
311.676,584.454,-5.293,0.271,445,520,1,0,0,0
306.383,584.725,-5.293,0.271,450,520,1,0,0,0
301.09,584.996,-5.293,0.271,455,520,1,0,0,0
295.797,585.267,-5.293,0.271,460,520,1,0,0,0
290.504,585.538,-5.293,0.271,465,520,1,0,0,0
285.21,585.809,-5.293,0.271,470,520,1,0,0,0
279.917,586.08,-5.293,0.271,475,520,1,0,0,0
274.624,586.351,-5.293,0.271,480,520,1,0,0,0
269.331,586.622,-5.293,0.271,485,520,1,0,0,0
264.038,586.893,-5.293,0.271,490,520,1,0,0,0
258.745,587.165,-5.293,0.271,495,520,1,0,0,0
253.452,587.436,-5.293,0.271,500,520,1,0,0,0
248.159,587.707,-5.293,0.271,505,520,1,0,0,0
242.866,587.978,-5.293,0.271,510,520,1,0,0,0
237.573,588.249,-5.293,0.271,515,520,1,0,0,0
232.28,588.52,-5.293,0.271,520,520,1,0,0,0
226.987,588.791,-5.293,0.271,520,520,1,0,0,0
221.694,589.062,-5.293,0.271,520,520,1,0,0,0
216.401,589.333,-5.293,0.271,520,520,1,0,0,0
211.108,589.604,-5.293,0.271,520,520,1,0,0,0
205.814,589.875,-5.293,0.271,520,520,1,0,0,0
200.521,590.146,-5.293,0.271,520,520,1,0,0,0
195.228,590.417,-5.293,0.271,520,520,0,0,0,0
189.935,590.688,-5.293,0.271,520,520,0,0,0,0
184.642,590.96,-5.293,0.271,520,520,0,0,0,0
179.349,591.231,-5.293,0.271,520,520,0,0,0,0
174.056,591.502,-5.293,0.271,520,520,0,0,0,0
168.763,591.773,-5.293,0.271,520,520,0,0,0,0
163.47,592.044,-5.293,0.271,520,520,0,0,0,0
158.177,592.315,-5.293,0.271,520,520,0,0,0,0
152.884,592.586,-5.293,0.271,520,520,0,0,0,0
147.591,592.857,-5.293,0.271,520,520,0,0,0,0
142.298,593.128,-5.293,0.271,520,520,0,0,0,0
137.005,593.399,-5.293,0.271,520,520,0,0,0,0
131.712,593.67,-5.293,0.271,520,520,0,0,0,0
126.419,593.941,-5.293,0.271,520,520,0,0,0,0
121.125,594.0,-5.293,-0.271,520,520,0,0,0,0
115.832,593.729,-5.293,-0.271,520,520,0,0,0,0
110.539,593.458,-5.293,-0.271,520,520,0,0,0,0
105.246,593.187,-5.293,-0.271,520,520,0,0,0,0
99.953,592.916,-5.293,-0.271,520,520,0,0,0,0
94.66,592.645,-5.293,-0.271,520,520,0,0,0,0
89.367,592.374,-5.293,-0.271,520,520,0,0,0,0
84.074,592.102,-5.293,-0.271,520,520,0,0,0,0
78.781,591.831,-5.293,-0.271,520,520,0,0,0,0
73.488,591.56,-5.293,-0.271,520,520,0,0,0,0
68.195,591.289,-5.293,-0.271,520,520,0,0,0,0
62.902,591.018,-5.293,-0.271,520,520,0,0,0,0
57.609,590.747,-5.293,-0.271,520,520,0,0,0,0
52.316,590.476,-5.293,-0.271,520,520,0,0,0,0
49.0,590.205,3.938,3.981,520,520,0,0,0,0
52.938,594.0,3.938,-3.981,520,520,0,0,0,0
56.877,590.019,3.938,-3.981,520,520,0,0,0,0
60.815,586.038,3.938,-3.981,520,520,0,0,0,0
64.754,582.057,3.938,-3.981,520,520,0,0,0,0
68.692,578.076,3.938,-3.981,520,520,0,0,0,0
72.631,574.095,3.938,-3.981,520,520,0,0,0,0
76.569,570.114,3.938,-3.981,520,520,0,0,0,0
80.508,566.133,3.938,-3.981,520,520,0,0,0,0
84.446,562.152,3.938,-3.981,520,520,0,0,0,0
88.385,558.171,3.938,-3.981,520,520,0,0,0,0
92.323,554.19,3.938,-3.981,520,520,0,0,0,0
96.262,550.209,3.938,-3.981,520,520,0,0,0,0
100.2,546.228,3.938,-3.981,520,520,0,0,0,0
104.139,542.247,3.938,-3.981,520,520,0,0,0,0
108.077,538.266,3.938,-3.981,520,520,0,0,0,0
112.016,534.285,3.938,-3.981,520,520,0,0,0,0
115.954,530.304,3.938,-3.981,520,520,0,0,0,0
119.893,526.323,3.938,-3.981,520,520,0,0,0,0
123.831,522.342,3.938,-3.981,520,520,0,0,0,0
127.77,518.361,3.938,-3.981,520,520,0,0,0,0
131.708,514.38,3.938,-3.981,520,520,0,0,0,0
135.647,510.399,3.938,-3.981,520,520,0,0,0,0
139.585,506.418,3.938,-3.981,520,520,0,0,0,0
143.524,502.437,3.938,-3.981,520,520,0,0,0,0
147.462,498.456,3.938,-3.981,520,520,0,0,0,0
151.401,494.475,3.938,-3.981,520,520,0,0,0,0
155.339,490.494,3.938,-3.981,520,520,0,0,0,0
159.278,486.513,3.938,-3.981,520,520,0,0,0,0
163.216,482.532,3.938,-3.981,520,520,0,0,0,0
167.155,478.551,3.938,-3.981,520,520,0,0,0,0
171.093,474.57,3.938,-3.981,520,520,0,0,0,0
175.032,470.589,3.938,-3.981,520,515,0,-1,0,0
178.97,466.608,3.938,-3.981,520,510,0,-1,0,0
182.909,462.627,3.938,-3.981,520,505,0,-1,0,0
186.847,458.646,3.938,-3.981,520,500,0,-1,0,0
190.786,454.665,3.938,-3.981,515,495,-1,-1,0,0
194.724,450.684,3.938,-3.981,510,490,-1,-1,0,0
198.663,446.703,3.938,-3.981,505,485,-1,-1,0,0
202.601,442.722,3.938,-3.981,500,480,-1,-1,0,0
206.54,438.742,3.938,-3.981,495,475,-1,-1,0,0
210.478,434.761,3.938,-3.981,490,470,-1,-1,0,0
214.417,430.78,3.938,-3.981,485,465,-1,-1,0,0
218.355,426.799,3.938,-3.981,480,460,-1,-1,0,0
222.294,422.818,3.938,-3.981,475,455,-1,-1,0,0
226.232,418.837,3.938,-3.981,470,450,-1,-1,0,0
230.171,414.856,3.938,-3.981,465,445,-1,-1,0,0
234.109,410.875,3.938,-3.981,460,440,-1,-1,0,0
238.048,406.894,3.938,-3.981,455,435,-1,-1,0,0
241.986,402.913,3.938,-3.981,450,430,-1,-1,0,0
245.925,398.932,3.938,-3.981,445,425,-1,-1,0,0
249.863,394.951,3.938,-3.981,440,420,-1,-1,0,0
253.802,390.97,3.938,-3.981,435,415,-1,-1,0,0
257.74,386.989,3.938,-3.981,430,410,-1,-1,0,0
261.679,383.008,3.938,-3.981,425,405,-1,-1,0,0
265.617,379.027,3.938,-3.981,420,400,-1,-1,0,0
269.556,375.046,3.938,-3.981,415,395,-1,-1,0,0
273.494,371.065,3.938,-3.981,410,390,-1,-1,0,0
277.433,367.084,3.938,-3.981,405,385,-1,-1,0,0
281.371,363.103,3.938,-3.981,400,380,-1,-1,0,0
285.31,359.122,3.938,-3.981,395,375,-1,-1,0,0
289.248,355.141,3.938,-3.981,390,370,-1,-1,0,0
293.187,351.16,3.938,-3.981,385,365,-1,-1,0,0
297.125,347.179,3.938,-3.981,380,360,-1,-1,0,0
301.064,343.198,3.938,-3.981,375,355,-1,-1,0,0
305.002,339.217,3.938,-3.981,370,350,-1,-1,0,0
308.941,335.236,3.938,-3.981,365,345,-1,-1,0,0
312.879,331.255,3.938,-3.981,360,340,-1,-1,0,0
316.818,327.274,3.938,-3.981,355,335,-1,-1,0,0
320.756,323.293,3.938,-3.981,350,330,-1,-1,0,0
324.695,319.312,3.938,-3.981,345,325,-1,-1,0,0
328.633,315.331,3.938,-3.981,340,320,-1,-1,0,0
332.572,311.35,3.938,-3.981,335,315,-1,-1,0,0
336.51,307.369,3.938,-3.981,330,310,-1,-1,0,0
340.449,303.388,3.938,-3.981,325,305,-1,-1,0,0
344.387,299.407,3.938,-3.981,320,300,-1,-1,0,0
348.326,295.426,3.938,-3.981,315,295,-1,-1,0,0
352.264,291.445,3.938,-3.981,315,290,0,-1,0,0
356.203,287.464,3.938,-3.981,315,285,0,-1,0,0
360.141,283.483,3.938,-3.981,315,280,0,-1,0,0
364.08,279.502,3.938,-3.981,315,275,0,-1,0,0
368.018,275.521,3.938,-3.981,315,270,0,-1,0,0
371.957,271.54,3.938,-3.981,315,265,0,-1,0,0
375.895,267.559,3.938,-3.981,315,260,0,-1,0,0
379.834,263.578,3.938,-3.981,315,255,0,-1,0,0
383.772,259.597,3.938,-3.981,315,250,0,-1,0,0
387.711,255.616,3.938,-3.981,315,245,0,-1,0,0
391.649,251.635,3.938,-3.981,315,240,0,-1,0,0
395.588,247.654,3.938,-3.981,315,235,0,-1,0,0
399.526,243.673,3.938,-3.981,315,230,0,-1,0,0
403.465,239.692,3.938,-3.981,315,225,0,-1,0,0
407.403,235.711,3.938,-3.981,315,220,0,-1,0,0
411.342,231.73,3.938,-3.981,315,215,0,-1,0,0
415.28,227.749,3.938,-3.981,315,210,0,-1,0,0
419.219,223.768,3.938,-3.981,315,205,0,-1,0,0
423.157,219.787,3.938,-3.981,315,200,0,-1,0,0
427.096,215.806,3.938,-3.981,315,195,0,-1,0,0
431.034,211.825,3.938,-3.981,315,190,0,-1,0,0
434.973,207.844,3.938,-3.981,315,185,0,-1,0,0
438.911,203.863,3.938,-3.981,315,180,0,-1,0,0
442.849,199.882,3.938,-3.981,315,175,0,-1,0,0
446.788,195.901,3.938,-3.981,315,170,0,-1,0,0
450.726,191.92,3.938,-3.981,315,165,0,-1,0,0
454.665,187.939,3.938,-3.981,315,160,0,-1,0,0
458.603,183.958,3.938,-3.981,315,155,0,-1,0,0
462.542,179.977,3.938,-3.981,315,150,0,-1,0,0
466.48,175.996,3.938,-3.981,315,145,0,-1,0,0
470.419,172.015,3.938,-3.981,315,140,0,-1,0,0
474.357,168.034,3.938,-3.981,315,135,0,-1,0,0
478.296,164.053,3.938,-3.981,315,130,0,-1,0,0
482.234,160.072,3.938,-3.981,315,125,0,-1,0,0
486.173,156.091,3.938,-3.981,315,120,0,-1,0,0
490.111,152.11,3.938,-3.981,315,115,0,-1,0,0
494.05,148.129,3.938,-3.981,315,110,0,-1,0,0
497.988,144.148,3.938,-3.981,315,105,0,-1,0,0
501.927,140.167,3.938,-3.981,310,100,-1,-1,0,0
505.865,136.186,3.938,-3.981,305,95,-1,-1,0,0
509.804,132.206,3.938,-3.981,300,90,-1,-1,0,0
513.742,128.225,3.938,-3.981,295,85,-1,-1,0,0
517.681,124.244,3.938,-3.981,290,80,-1,-1,0,0
521.619,120.263,3.938,-3.981,285,75,-1,-1,0,0
525.558,116.282,3.938,-3.981,280,70,-1,-1,0,0
529.496,112.301,3.938,-3.981,275,65,-1,-1,0,0
533.435,108.32,3.938,-3.981,270,60,-1,-1,0,0
537.373,104.339,3.938,-3.981,265,55,-1,-1,0,0
541.312,100.358,3.938,-3.981,260,50,-1,-1,0,0
545.25,96.377,3.938,-3.981,255,45,-1,-1,0,0
549.189,92.396,3.938,-3.981,250,40,-1,-1,0,0
553.127,88.415,3.938,-3.981,250,35,0,-1,0,0
557.066,84.434,3.938,-3.981,250,35,0,0,0,0
561.004,80.453,3.938,-3.981,250,35,0,0,0,0
564.943,76.472,3.938,-3.981,250,35,0,0,0,0
568.881,72.491,3.938,-3.981,250,35,0,0,0,0
572.82,68.51,3.938,-3.981,250,35,0,0,0,0
576.758,64.529,3.938,-3.981,250,35,0,0,0,0
580.697,60.548,3.938,-3.981,250,35,0,0,0,0
584.635,56.567,3.938,-3.981,250,35,0,0,0,0
588.574,52.586,3.938,-3.981,250,35,0,0,0,0
592.512,48.605,3.938,-3.981,250,35,0,0,0,0
596.451,44.624,3.938,-3.981,250,35,0,0,0,0
600.389,40.643,3.938,-3.981,250,35,0,0,0,0
604.328,36.662,3.938,-3.981,250,35,0,0,0,0
608.266,32.681,3.938,-3.981,250,35,0,0,0,0
612.205,28.7,3.938,-3.981,250,35,0,0,0,0
616.143,24.719,3.938,-3.981,250,35,0,0,0,0
620.082,20.738,3.938,-3.981,250,35,0,0,0,0
624.02,16.757,3.938,-3.981,250,35,0,0,0,0
627.959,12.776,3.938,-3.981,250,35,0,0,0,0
631.897,8.795,3.938,-3.981,250,35,0,0,0,0
635.836,6.0,3.938,3.981,250,35,0,0,0,0
639.774,9.981,3.938,3.981,250,35,0,0,0,0
643.713,13.962,3.938,3.981,250,35,0,0,0,0
647.651,17.943,3.938,3.981,250,35,0,0,0,0
651.59,21.924,3.938,3.981,250,35,0,0,0,0
655.528,25.905,3.938,3.981,250,35,0,0,0,0
659.467,29.886,3.938,3.981,250,35,0,0,0,0
663.405,33.867,3.938,3.981,250,35,0,0,0,0
667.344,37.848,3.938,3.981,250,35,0,0,0,0
671.282,41.829,3.938,3.981,250,35,0,0,0,0
675.221,45.81,3.938,3.981,250,35,0,0,0,0
679.159,49.791,3.938,3.981,250,35,0,0,0,0
683.098,53.772,3.938,3.981,250,35,0,0,0,0
687.036,57.753,3.938,3.981,250,35,0,0,0,0
690.975,61.734,3.938,3.981,250,35,0,0,0,0
694.913,65.715,3.938,3.981,250,35,0,0,0,0
698.852,69.696,3.938,3.981,250,35,0,0,0,0
702.79,73.677,3.938,3.981,250,35,0,0,0,0
706.729,77.658,3.938,3.981,250,40,0,1,0,0
710.667,81.639,3.938,3.981,250,45,0,1,0,0
714.606,85.62,3.938,3.981,250,50,0,1,0,0
718.544,89.601,3.938,3.981,250,55,0,1,0,0
722.483,93.582,3.938,3.981,250,60,0,1,0,0
726.421,97.563,3.938,3.981,250,65,0,1,0,0
730.36,101.544,3.938,3.981,250,70,0,1,0,0
734.298,105.525,3.938,3.981,250,75,0,1,0,0
738.237,109.506,3.938,3.981,250,80,0,1,0,0
742.175,113.487,3.938,3.981,250,85,0,1,0,0
746.114,117.468,3.938,3.981,250,90,0,1,0,0
750.052,121.449,3.938,3.981,250,95,0,1,0,0
751.0,125.43,-5.476,-2.196,250,100,0,1,0,0
745.524,123.233,-5.476,-2.196,250,105,0,1,0,0
740.048,121.037,-5.476,-2.196,250,110,0,1,0,0
734.572,118.84,-5.476,-2.196,250,115,0,1,0,0
729.096,116.644,-5.476,-2.196,250,120,0,1,0,0
723.62,114.448,-5.476,-2.196,250,125,0,1,0,0
718.144,112.251,-5.476,-2.196,250,130,0,1,0,0
712.668,110.055,-5.476,-2.196,250,135,0,1,0,0
707.192,107.859,-5.476,-2.196,250,140,0,1,0,0
701.717,105.662,-5.476,-2.196,250,145,0,1,0,0
696.241,103.466,-5.476,-2.196,250,150,0,1,0,0
690.765,101.269,-5.476,-2.196,250,155,0,1,0,0
685.289,99.073,-5.476,-2.196,250,160,0,1,0,0
679.813,96.877,-5.476,-2.196,250,165,0,1,0,0
674.337,94.68,-5.476,-2.196,250,170,0,1,0,0
668.861,92.484,-5.476,-2.196,250,175,0,1,0,0
663.385,90.287,-5.476,-2.196,250,180,0,1,0,0
657.909,88.091,-5.476,-2.196,250,185,0,1,0,0
652.433,85.895,-5.476,-2.196,250,190,0,1,0,0
646.957,83.698,-5.476,-2.196,250,195,0,1,0,0
641.481,81.502,-5.476,-2.196,250,200,0,1,0,0
636.005,79.306,-5.476,-2.196,250,205,0,1,0,0
630.529,77.109,-5.476,-2.196,250,210,0,1,0,0
625.053,74.913,-5.476,-2.196,250,215,0,1,0,0
619.577,72.716,-5.476,-2.196,250,220,0,1,0,0
614.102,70.52,-5.476,-2.196,250,225,0,1,0,0
608.626,68.324,-5.476,-2.196,250,230,0,1,0,0
603.15,66.127,-5.476,-2.196,250,235,0,1,0,0
597.674,63.931,-5.476,-2.196,250,240,0,1,0,0
592.198,61.734,-5.476,-2.196,250,245,0,1,0,0
586.722,59.538,-5.476,-2.196,250,250,0,1,0,0
581.246,57.342,-5.476,-2.196,250,255,0,1,0,0
575.77,55.145,-5.476,-2.196,250,260,0,1,0,0
570.294,52.949,-5.476,-2.196,250,265,0,1,0,0
564.818,50.753,-5.476,-2.196,250,270,0,1,0,0
559.342,48.556,-5.476,-2.196,250,275,0,1,0,0
553.866,46.36,-5.476,-2.196,250,280,0,1,0,0
548.39,44.163,-5.476,-2.196,250,285,0,1,0,0
542.914,41.967,-5.476,-2.196,250,290,0,1,0,0
537.438,39.771,-5.476,-2.196,250,295,0,1,0,0
531.962,37.574,-5.476,-2.196,250,300,0,1,0,0
526.487,35.378,-5.476,-2.196,250,305,0,1,0,0
521.011,33.181,-5.476,-2.196,250,310,0,1,0,0
515.535,30.985,-5.476,-2.196,250,315,0,1,0,0
510.059,28.789,-5.476,-2.196,250,320,0,1,0,0
504.583,26.592,-5.476,-2.196,250,325,0,1,0,0
499.107,24.396,-5.476,-2.196,250,330,0,1,0,0
493.631,22.2,-5.476,-2.196,250,335,0,1,0,0
488.155,20.003,-5.476,-2.196,250,335,0,0,0,0
482.679,17.807,-5.476,-2.196,250,335,0,0,0,0
477.203,15.61,-5.476,-2.196,250,335,0,0,0,0
471.727,13.414,-5.476,-2.196,250,335,0,0,0,0
466.251,11.218,-5.476,-2.196,250,335,0,0,0,0
460.775,9.021,-5.476,-2.196,250,335,0,0,0,0
455.299,6.825,-5.476,-2.196,250,335,0,0,0,0
449.823,6.0,-5.476,2.196,250,335,0,0,0,0
444.347,8.196,-5.476,2.196,250,335,0,0,0,0
438.872,10.393,-5.476,2.196,250,335,0,0,0,0
433.396,12.589,-5.476,2.196,250,335,0,0,0,0
427.92,14.786,-5.476,2.196,250,335,0,0,0,0
422.444,16.982,-5.476,2.196,250,335,0,0,0,0
416.968,19.178,-5.476,2.196,250,335,0,0,0,0
411.492,21.375,-5.476,2.196,250,335,0,0,0,0
406.016,23.571,-5.476,2.196,250,335,0,0,0,0
400.54,25.767,-5.476,2.196,250,335,0,0,0,0
395.064,27.964,-5.476,2.196,250,335,0,0,0,0
389.588,30.16,-5.476,2.196,250,335,0,0,0,0
384.112,32.357,-5.476,2.196,250,335,0,0,0,0
378.636,34.553,-5.476,2.196,250,335,0,0,0,0
373.16,36.749,-5.476,2.196,250,335,0,0,0,0
367.684,38.946,-5.476,2.196,250,335,0,0,0,0
362.208,41.142,-5.476,2.196,250,335,0,0,0,0
356.732,43.339,-5.476,2.196,250,335,0,0,0,0
351.257,45.535,-5.476,2.196,250,335,0,0,0,0
345.781,47.731,-5.476,2.196,250,335,0,0,0,0
340.305,49.928,-5.476,2.196,250,335,0,0,0,0
334.829,52.124,-5.476,2.196,250,335,0,0,0,0
329.353,54.32,-5.476,2.196,250,335,0,0,0,0
323.877,56.517,-5.476,2.196,250,335,0,0,0,0
318.401,58.713,-5.476,2.196,250,335,0,0,0,0
312.925,60.91,-5.476,2.196,250,335,0,0,0,0
307.449,63.106,-5.476,2.196,250,335,0,0,0,0
301.973,65.302,-5.476,2.196,250,335,0,0,0,0
296.497,67.499,-5.476,2.196,250,335,0,0,0,0
291.021,69.695,-5.476,2.196,250,335,0,0,0,0
285.545,71.892,-5.476,2.196,250,335,0,0,0,0
280.069,74.088,-5.476,2.196,250,335,0,0,0,0
274.593,76.284,-5.476,2.196,250,335,0,0,0,0
269.117,78.481,-5.476,2.196,250,335,0,0,0,0
263.642,80.677,-5.476,2.196,250,335,0,0,0,0
258.166,82.873,-5.476,2.196,250,335,0,0,0,0
252.69,85.07,-5.476,2.196,250,335,0,0,0,0
247.214,87.266,-5.476,2.196,250,335,0,0,0,0
241.738,89.463,-5.476,2.196,250,335,0,0,0,0
236.262,91.659,-5.476,2.196,250,335,0,0,0,0
230.786,93.855,-5.476,2.196,250,335,0,0,0,0
225.31,96.052,-5.476,2.196,250,335,0,0,0,0
219.834,98.248,-5.476,2.196,250,335,0,0,0,0
214.358,100.445,-5.476,2.196,250,335,0,0,0,0
208.882,102.641,-5.476,2.196,250,335,0,0,0,0
203.406,104.837,-5.476,2.196,250,335,0,0,0,0
197.93,107.034,-5.476,2.196,245,335,-1,0,0,0
192.454,109.23,-5.476,2.196,240,335,-1,0,0,0
186.978,111.426,-5.476,2.196,235,335,-1,0,0,0
181.502,113.623,-5.476,2.196,230,335,-1,0,0,0
176.027,115.819,-5.476,2.196,225,335,-1,0,0,0
170.551,118.016,-5.476,2.196,220,335,-1,0,0,0
165.075,120.212,-5.476,2.196,215,335,-1,0,0,0
159.599,122.408,-5.476,2.196,210,335,-1,0,0,0
154.123,124.605,-5.476,2.196,205,335,-1,0,0,0
148.647,126.801,-5.476,2.196,200,335,-1,0,0,0
143.171,128.997,-5.476,2.196,195,335,-1,0,0,0
137.695,131.194,-5.476,2.196,190,335,-1,0,0,0
132.219,133.39,-5.476,2.196,185,335,-1,0,0,0
126.743,135.587,-5.476,2.196,180,335,-1,0,0,0
121.267,137.783,-5.476,2.196,175,335,-1,0,0,0
115.791,139.979,-5.476,2.196,170,335,-1,0,0,0
110.315,142.176,-5.476,2.196,165,335,-1,0,0,0
104.839,144.372,-5.476,2.196,160,335,-1,0,0,0
99.363,146.569,-5.476,2.196,155,335,-1,0,0,0
93.887,148.765,-5.476,2.196,150,335,-1,0,0,0
88.411,150.961,-5.476,2.196,145,335,-1,0,0,0
82.936,153.158,-5.476,2.196,140,335,-1,0,0,0
77.46,155.354,-5.476,2.196,135,335,-1,0,0,0
71.984,157.55,-5.476,2.196,130,335,-1,0,0,0
66.508,159.747,-5.476,2.196,125,335,-1,0,0,0
61.032,161.943,-5.476,2.196,120,335,-1,0,0,0
55.556,164.14,-5.476,2.196,115,335,-1,0,0,0
50.08,166.336,-5.476,2.196,110,335,-1,0,0,0
49.0,168.532,5.06,3.583,105,335,-1,0,0,0
54.06,172.115,5.06,3.583,100,335,-1,0,0,0
59.12,175.698,5.06,3.583,95,335,-1,0,0,0
64.18,179.28,5.06,3.583,90,335,-1,0,0,0
69.241,182.863,5.06,3.583,85,335,-1,0,0,0
74.301,186.445,5.06,3.583,80,335,-1,0,0,0
79.361,190.028,5.06,3.583,75,335,-1,0,0,0
84.421,193.611,5.06,3.583,70,335,-1,0,0,0
89.481,197.193,5.06,3.583,65,335,-1,0,0,0
94.541,200.776,5.06,3.583,60,340,-1,1,0,0
99.601,204.358,5.06,3.583,55,345,-1,1,0,0
104.662,207.941,5.06,3.583,50,350,-1,1,0,0
109.722,211.524,5.06,3.583,45,355,-1,1,0,0
114.782,215.106,5.06,3.583,45,360,0,1,0,0
119.842,218.689,5.06,3.583,45,365,0,1,0,0
124.902,222.271,5.06,3.583,45,365,0,0,0,0
129.962,225.854,5.06,3.583,45,365,0,0,0,0
135.022,229.437,5.06,3.583,45,365,0,0,0,0
140.083,233.019,5.06,3.583,45,360,0,-1,0,0
145.143,236.602,5.06,3.583,45,355,0,-1,0,0
150.203,240.184,5.06,3.583,45,350,0,-1,0,0
155.263,243.767,5.06,3.583,45,345,0,-1,0,0
160.323,247.349,5.06,3.583,45,340,0,-1,0,0
165.383,250.932,5.06,3.583,45,335,0,-1,0,0
170.443,254.515,5.06,3.583,45,330,0,-1,0,0
175.503,258.097,5.06,3.583,45,325,0,-1,0,0
180.564,261.68,5.06,3.583,45,320,0,-1,0,0
185.624,265.262,5.06,3.583,45,315,0,-1,0,0
190.684,268.845,5.06,3.583,45,310,0,-1,0,0
195.744,272.428,5.06,3.583,50,305,1,-1,0,0
200.804,276.01,5.06,3.583,55,300,1,-1,0,0
205.864,279.593,5.06,3.583,60,295,1,-1,0,0
210.924,283.175,5.06,3.583,65,295,1,0,0,0
215.985,286.758,5.06,3.583,70,295,1,0,0,0
221.045,290.341,5.06,3.583,75,295,1,0,0,0
226.105,293.923,5.06,3.583,80,300,1,1,0,0
231.165,297.506,5.06,3.583,85,305,1,1,0,0
236.225,301.088,5.06,3.583,90,310,1,1,0,0
241.285,304.671,5.06,3.583,95,315,1,1,0,0
246.345,308.254,5.06,3.583,100,320,1,1,0,0
251.406,311.836,5.06,3.583,105,325,1,1,0,0
256.466,315.419,5.06,3.583,110,330,1,1,0,0
261.526,319.001,5.06,3.583,115,335,1,1,0,0
266.586,322.584,5.06,3.583,120,340,1,1,0,0
271.646,326.167,5.06,3.583,125,345,1,1,0,0
276.706,329.749,5.06,3.583,130,350,1,1,0,0
281.766,333.332,5.06,3.583,135,355,1,1,0,0
286.827,336.914,5.06,3.583,140,360,1,1,0,0
291.887,340.497,5.06,3.583,145,365,1,1,0,0
296.947,344.08,5.06,3.583,150,370,1,1,0,0
302.007,347.662,5.06,3.583,155,375,1,1,0,0
307.067,351.245,5.06,3.583,160,380,1,1,0,0
312.127,354.827,5.06,3.583,165,385,1,1,0,0
317.187,358.41,5.06,3.583,170,390,1,1,0,0
322.248,361.993,5.06,3.583,175,395,1,1,0,0
327.308,365.575,5.06,3.583,180,400,1,1,0,0
332.368,369.158,5.06,3.583,185,405,1,1,0,0
337.428,372.74,5.06,3.583,190,410,1,1,0,0
342.488,376.323,5.06,3.583,195,415,1,1,0,0
347.548,379.905,5.06,3.583,200,420,1,1,0,0
352.608,383.488,5.06,3.583,205,425,1,1,0,0
357.669,387.071,5.06,3.583,210,430,1,1,0,0
362.729,390.653,5.06,3.583,215,435,1,1,0,0
367.789,394.236,5.06,3.583,220,440,1,1,0,0
372.849,397.818,5.06,3.583,225,445,1,1,0,0
377.909,401.401,5.06,3.583,230,450,1,1,0,0
382.969,404.984,5.06,3.583,235,455,1,1,0,0
388.029,408.566,5.06,3.583,240,460,1,1,0,0
393.09,412.149,5.06,3.583,245,465,1,1,0,0
398.15,415.731,5.06,3.583,250,470,1,1,0,0
403.21,419.314,5.06,3.583,255,475,1,1,0,0
408.27,422.897,5.06,3.583,260,480,1,1,0,0
413.33,426.479,5.06,3.583,265,485,1,1,0,0
418.39,430.062,5.06,3.583,270,490,1,1,0,0
423.45,433.644,5.06,3.583,275,495,1,1,0,0
428.51,437.227,5.06,3.583,280,500,1,1,0,0
433.571,440.81,5.06,3.583,285,505,1,1,0,0
438.631,444.392,5.06,3.583,290,510,1,1,0,0
443.691,447.975,5.06,3.583,295,515,1,1,0,0
448.751,451.557,5.06,3.583,300,520,1,1,0,0
453.811,455.14,5.06,3.583,305,520,1,1,0,0
458.871,458.723,5.06,3.583,310,520,1,1,0,0
463.931,462.305,5.06,3.583,315,520,1,1,0,0
468.992,465.888,5.06,3.583,320,520,1,1,0,0
474.052,469.47,5.06,3.583,325,520,1,1,0,0
479.112,473.053,5.06,3.583,330,520,1,1,0,0
484.172,476.636,5.06,3.583,335,520,1,1,0,0
489.232,480.218,5.06,3.583,340,520,1,1,0,0
494.292,483.801,5.06,3.583,345,520,1,1,0,0
499.352,487.383,5.06,3.583,350,520,1,0,0,0
504.413,490.966,5.06,3.583,355,520,1,0,0,0
509.473,494.549,5.06,3.583,360,520,1,0,0,0
514.533,498.131,5.06,3.583,365,520,1,0,0,0
519.593,501.714,5.06,3.583,370,520,1,0,0,0
524.653,505.296,5.06,3.583,375,520,1,0,0,0
529.713,508.879,5.06,3.583,380,520,1,0,0,0
534.773,512.461,5.06,3.583,385,520,1,0,0,0
539.834,516.044,5.06,3.583,390,520,1,0,0,0
544.894,519.627,5.06,3.583,395,520,1,0,0,0
549.954,523.209,5.06,3.583,400,520,1,0,0,0
555.014,526.792,5.06,3.583,405,520,1,0,0,0
560.074,530.374,5.06,3.583,410,520,1,0,0,0
565.134,533.957,5.06,3.583,415,520,1,0,0,0
570.194,537.54,5.06,3.583,420,520,1,0,0,0
575.255,541.122,5.06,3.583,425,520,1,0,0,0
580.315,544.705,5.06,3.583,430,520,1,0,0,0
585.375,548.287,5.06,3.583,430,520,0,0,0,0
590.435,551.87,5.06,3.583,430,520,0,0,0,0
595.495,555.453,5.06,3.583,430,520,0,0,0,0
600.555,559.035,5.06,3.583,430,520,0,0,0,0
605.615,562.618,5.06,3.583,430,515,0,-1,0,0
610.676,566.2,5.06,3.583,430,510,0,-1,0,0
615.736,569.783,5.06,3.583,430,505,0,-1,0,0
620.796,573.366,5.06,3.583,430,500,0,-1,0,0
625.856,576.948,5.06,3.583,430,495,0,-1,0,0
630.916,580.531,5.06,3.583,430,490,0,-1,0,0
635.976,584.113,5.06,3.583,430,485,0,-1,0,0
641.036,587.696,5.06,3.583,430,485,0,0,0,0
646.097,591.279,5.06,3.583,430,485,0,0,0,0
651.157,594.0,5.06,-3.583,430,485,0,0,0,0
656.217,590.417,5.06,-3.583,430,485,0,0,0,0
661.277,586.835,5.06,-3.583,430,485,0,0,0,0
666.337,583.252,5.06,-3.583,430,485,0,0,0,0
671.397,579.67,5.06,-3.583,430,485,0,0,0,0
676.457,576.087,5.06,-3.583,430,485,0,0,0,0
681.517,572.504,5.06,-3.583,430,485,0,0,0,0
686.578,568.922,5.06,-3.583,430,485,0,0,0,0
691.638,565.339,5.06,-3.583,430,485,0,0,0,0
696.698,561.757,5.06,-3.583,430,485,0,0,0,0
701.758,558.174,5.06,-3.583,430,485,0,0,0,0
706.818,554.591,5.06,-3.583,430,485,0,0,0,0
711.878,551.009,5.06,-3.583,430,485,0,0,0,0
716.938,547.426,5.06,-3.583,430,485,0,0,0,0
721.999,543.844,5.06,-3.583,430,485,0,0,0,0
727.059,540.261,5.06,-3.583,430,485,0,0,0,0
732.119,536.678,5.06,-3.583,430,485,0,0,0,0
737.179,533.096,5.06,-3.583,430,485,0,0,0,0
742.239,529.513,5.06,-3.583,430,485,0,0,0,0
747.299,525.931,5.06,-3.583,425,485,-1,0,0,0
752.359,522.348,5.06,-3.583,420,485,-1,0,0,0
751.0,518.766,-6.414,-1.056,415,485,-1,0,0,0
744.586,517.709,-6.414,-1.056,410,485,-1,0,0,0
738.173,516.653,-6.414,-1.056,405,485,-1,0,0,0
731.759,515.597,-6.414,-1.056,400,485,-1,0,0,0
725.346,514.541,-6.414,-1.056,395,485,-1,0,0,0
718.932,513.484,-6.414,-1.056,390,485,-1,0,0,0
712.518,512.428,-6.414,-1.056,385,485,-1,0,0,0
706.105,511.372,-6.414,-1.056,380,485,-1,0,0,0
699.691,510.316,-6.414,-1.056,375,485,-1,0,0,0
693.277,509.26,-6.414,-1.056,370,485,-1,0,0,0
686.864,508.203,-6.414,-1.056,365,485,-1,0,0,0
680.45,507.147,-6.414,-1.056,365,485,0,0,0,0
674.037,506.091,-6.414,-1.056,365,485,0,0,0,0
667.623,505.035,-6.414,-1.056,365,485,0,0,0,0
661.209,503.979,-6.414,-1.056,365,485,0,0,0,0
654.796,502.922,-6.414,-1.056,365,485,0,0,0,0
648.382,501.866,-6.414,-1.056,365,485,0,0,0,0
641.969,500.81,-6.414,-1.056,365,485,0,0,0,0
635.555,499.754,-6.414,-1.056,365,485,0,0,0,0
629.141,498.697,-6.414,-1.056,365,485,0,0,0,0
622.728,497.641,-6.414,-1.056,365,485,0,0,0,0
616.314,496.585,-6.414,-1.056,365,485,0,0,0,0
609.901,495.529,-6.414,-1.056,365,485,0,0,0,0
603.487,494.473,-6.414,-1.056,365,485,0,0,0,0
597.073,493.416,-6.414,-1.056,365,485,0,0,0,0
590.66,492.36,-6.414,-1.056,365,485,0,0,0,0
584.246,491.304,-6.414,-1.056,365,485,0,0,0,0
577.832,490.248,-6.414,-1.056,365,485,0,0,0,0
571.419,489.191,-6.414,-1.056,365,485,0,0,0,0
565.005,488.135,-6.414,-1.056,365,485,0,0,0,0
558.592,487.079,-6.414,-1.056,365,485,0,0,0,0
552.178,486.023,-6.414,-1.056,365,485,0,0,0,0
545.764,484.967,-6.414,-1.056,370,485,1,0,0,0
539.351,483.91,-6.414,-1.056,375,485,1,0,0,0
532.937,482.854,-6.414,-1.056,380,485,1,0,0,0
526.524,481.798,-6.414,-1.056,385,485,1,0,0,0
520.11,480.742,-6.414,-1.056,390,485,1,0,0,0
513.696,479.686,-6.414,-1.056,395,485,1,0,0,0
507.283,478.629,-6.414,-1.056,400,485,1,0,0,0
500.869,477.573,-6.414,-1.056,405,485,1,0,0,0
494.456,476.517,-6.414,-1.056,410,485,1,0,0,0
488.042,475.461,-6.414,-1.056,415,485,1,0,0,0
481.628,474.404,-6.414,-1.056,420,485,1,0,0,0
475.215,473.348,-6.414,-1.056,425,485,1,0,0,0
468.801,472.292,-6.414,-1.056,430,485,1,0,0,0
462.387,471.236,-6.414,-1.056,435,485,1,0,0,0
455.974,470.18,-6.414,-1.056,440,485,1,0,0,0
449.56,469.123,-6.414,-1.056,445,485,1,0,0,0
443.147,468.067,-6.414,-1.056,445,485,0,0,0,0
436.733,467.011,-6.414,-1.056,445,485,0,0,0,0
430.319,465.955,-6.414,-1.056,445,485,0,0,0,0
423.906,464.899,-6.414,-1.056,445,485,0,0,0,0
417.492,463.842,-6.414,-1.056,445,485,0,0,0,0
411.079,462.786,-6.414,-1.056,445,485,0,0,0,0
404.665,461.73,-6.414,-1.056,445,485,0,0,0,0
398.251,460.674,-6.414,-1.056,445,485,0,0,0,0
391.838,459.617,-6.414,-1.056,445,485,0,0,0,0
385.424,458.561,-6.414,-1.056,445,485,0,0,0,0
379.011,457.505,-6.414,-1.056,445,485,0,0,0,0
372.597,456.449,-6.414,-1.056,445,485,0,0,0,0
366.183,455.393,-6.414,-1.056,445,485,0,0,0,0
359.77,454.336,-6.414,-1.056,445,485,0,0,0,0
353.356,453.28,-6.414,-1.056,445,485,0,0,0,0
346.942,452.224,-6.414,-1.056,445,485,0,0,0,0
340.529,451.168,-6.414,-1.056,445,485,0,0,0,0
334.115,450.112,-6.414,-1.056,445,485,0,0,0,0
327.702,449.055,-6.414,-1.056,445,485,0,0,0,0
321.288,447.999,-6.414,-1.056,445,485,0,0,0,0
314.874,446.943,-6.414,-1.056,445,485,0,0,0,0
308.461,445.887,-6.414,-1.056,445,485,0,0,0,0
302.047,444.83,-6.414,-1.056,445,485,0,0,0,0
295.634,443.774,-6.414,-1.056,445,485,0,0,0,0
289.22,442.718,-6.414,-1.056,445,485,0,0,0,0
282.806,441.662,-6.414,-1.056,445,485,0,0,0,0
276.393,440.606,-6.414,-1.056,445,485,0,0,0,0
269.979,439.549,-6.414,-1.056,445,485,0,0,0,0
263.566,438.493,-6.414,-1.056,445,485,0,0,0,0
257.152,437.437,-6.414,-1.056,445,485,0,0,0,0
250.738,436.381,-6.414,-1.056,445,485,0,0,0,0
244.325,435.324,-6.414,-1.056,445,485,0,0,0,0
237.911,434.268,-6.414,-1.056,445,485,0,0,0,0
231.497,433.212,-6.414,-1.056,445,485,0,0,0,0
225.084,432.156,-6.414,-1.056,445,485,0,0,0,0
218.67,431.1,-6.414,-1.056,445,485,0,0,0,0
212.257,430.043,-6.414,-1.056,445,485,0,0,0,0
205.843,428.987,-6.414,-1.056,445,485,0,0,0,0
199.429,427.931,-6.414,-1.056,445,485,0,0,0,0
193.016,426.875,-6.414,-1.056,445,485,0,0,0,0
186.602,425.819,-6.414,-1.056,445,485,0,0,0,0
180.189,424.762,-6.414,-1.056,445,485,0,0,0,0
173.775,423.706,-6.414,-1.056,445,485,0,0,0,0
167.361,422.65,-6.414,-1.056,445,485,0,0,0,0
160.948,421.594,-6.414,-1.056,445,485,0,0,0,0
154.534,420.537,-6.414,-1.056,445,485,0,0,0,0
148.121,419.481,-6.414,-1.056,445,485,0,0,0,0
141.707,418.425,-6.414,-1.056,445,485,0,0,0,0
135.293,417.369,-6.414,-1.056,445,485,0,0,0,0
128.88,416.313,-6.414,-1.056,445,485,0,0,0,0
122.466,415.256,-6.414,-1.056,445,485,0,0,0,0
116.052,414.2,-6.414,-1.056,445,485,0,0,0,0
109.639,413.144,-6.414,-1.056,445,485,0,0,0,0
103.225,412.088,-6.414,-1.056,445,480,0,-1,0,0
96.812,411.032,-6.414,-1.056,440,475,-1,-1,0,0
90.398,409.975,-6.414,-1.056,435,470,-1,-1,0,0
83.984,408.919,-6.414,-1.056,430,465,-1,-1,0,0
77.571,407.863,-6.414,-1.056,425,460,-1,-1,0,0
71.157,406.807,-6.414,-1.056,420,455,-1,-1,0,0
64.744,405.75,-6.414,-1.056,415,450,-1,-1,0,0
58.33,404.694,-6.414,-1.056,410,445,-1,-1,0,0
51.916,403.638,-6.414,-1.056,405,440,-1,-1,0,0
49.0,402.582,3.79,-5.646,400,435,-1,-1,0,0
52.79,396.936,3.79,-5.646,395,430,-1,-1,0,0
56.58,391.29,3.79,-5.646,390,425,-1,-1,0,0
60.37,385.644,3.79,-5.646,385,420,-1,-1,0,0
64.16,379.998,3.79,-5.646,380,415,-1,-1,0,0
67.95,374.352,3.79,-5.646,375,410,-1,-1,0,0
71.74,368.706,3.79,-5.646,370,405,-1,-1,0,0
75.53,363.061,3.79,-5.646,365,400,-1,-1,0,0
79.32,357.415,3.79,-5.646,360,395,-1,-1,0,0
83.11,351.769,3.79,-5.646,355,390,-1,-1,0,0
86.9,346.123,3.79,-5.646,350,385,-1,-1,0,0
90.69,340.477,3.79,-5.646,345,380,-1,-1,0,0
94.48,334.831,3.79,-5.646,340,375,-1,-1,0,0
98.27,329.185,3.79,-5.646,335,370,-1,-1,0,0
102.06,323.539,3.79,-5.646,330,365,-1,-1,0,0
105.85,317.893,3.79,-5.646,325,360,-1,-1,0,0
109.64,312.248,3.79,-5.646,320,355,-1,-1,0,0
113.43,306.602,3.79,-5.646,315,350,-1,-1,0,0
117.22,300.956,3.79,-5.646,310,345,-1,-1,0,0
121.01,295.31,3.79,-5.646,305,340,-1,-1,0,0
124.8,289.664,3.79,-5.646,300,335,-1,-1,0,0
128.59,284.018,3.79,-5.646,300,330,0,-1,0,0
132.38,278.372,3.79,-5.646,300,325,0,-1,0,0
136.17,272.726,3.79,-5.646,300,320,0,-1,0,0
139.96,267.081,3.79,-5.646,300,315,0,-1,0,0
143.75,261.435,3.79,-5.646,300,310,0,-1,0,0
147.539,255.789,3.79,-5.646,300,305,0,-1,0,0
151.329,250.143,3.79,-5.646,300,300,0,-1,0,0
155.119,244.497,3.79,-5.646,300,295,0,-1,0,0
158.909,238.851,3.79,-5.646,300,290,0,-1,0,0
162.699,233.205,3.79,-5.646,300,285,0,-1,0,0
166.489,227.559,3.79,-5.646,300,280,0,-1,0,0
170.279,221.913,3.79,-5.646,300,275,0,-1,0,0
174.069,216.268,3.79,-5.646,300,270,0,-1,0,0
177.859,210.622,3.79,-5.646,300,265,0,-1,0,0
181.649,204.976,3.79,-5.646,300,260,0,-1,0,0
185.439,199.33,3.79,-5.646,300,255,0,-1,0,0
189.229,193.684,3.79,-5.646,300,250,0,-1,0,0
193.019,188.038,3.79,-5.646,300,245,0,-1,0,0
196.809,182.392,3.79,-5.646,300,240,0,-1,0,0
200.599,176.746,3.79,-5.646,300,235,0,-1,0,0
204.389,171.1,3.79,-5.646,300,230,0,-1,0,0
208.179,165.455,3.79,-5.646,300,225,0,-1,0,0
211.969,159.809,3.79,-5.646,300,220,0,-1,0,0
215.759,154.163,3.79,-5.646,300,215,0,-1,0,0
219.549,148.517,3.79,-5.646,300,210,0,-1,0,0
223.339,142.871,3.79,-5.646,300,205,0,-1,0,0
227.129,137.225,3.79,-5.646,300,200,0,-1,0,0
230.919,131.579,3.79,-5.646,300,195,0,-1,0,0
234.709,125.933,3.79,-5.646,300,190,0,-1,0,0
238.499,120.287,3.79,-5.646,300,185,0,-1,0,0
242.289,114.642,3.79,-5.646,300,180,0,-1,0,0
246.079,108.996,3.79,-5.646,300,175,0,-1,0,0
249.869,103.35,3.79,-5.646,300,170,0,-1,0,0
253.659,97.704,3.79,-5.646,300,165,0,-1,0,0
257.449,92.058,3.79,-5.646,300,160,0,-1,0,0
261.239,86.412,3.79,-5.646,300,155,0,-1,0,0
265.029,80.766,3.79,-5.646,300,150,0,-1,0,0
268.819,75.12,3.79,-5.646,300,150,0,0,0,0
272.609,69.474,3.79,-5.646,300,150,0,0,0,0
276.399,63.829,3.79,-5.646,300,150,0,0,0,0
280.189,58.183,3.79,-5.646,300,150,0,0,0,0
283.979,52.537,3.79,-5.646,300,150,0,0,0,0
287.769,46.891,3.79,-5.646,300,150,0,0,0,0
291.559,41.245,3.79,-5.646,300,150,0,0,0,0
295.349,35.599,3.79,-5.646,300,150,0,0,0,0
299.139,29.953,3.79,-5.646,300,150,0,0,0,0
302.929,24.307,3.79,-5.646,300,150,0,0,0,0
306.719,18.661,3.79,-5.646,300,155,0,1,0,0
310.509,13.016,3.79,-5.646,300,160,0,1,0,0
314.299,7.37,3.79,-5.646,300,165,0,1,0,0
318.089,6.0,3.79,5.646,300,170,0,1,0,0
321.879,11.646,3.79,5.646,300,175,0,1,0,0
325.669,17.292,3.79,5.646,300,180,0,1,0,0
329.459,22.938,3.79,5.646,300,185,0,1,0,0
333.249,28.584,3.79,5.646,300,190,0,1,0,0
337.038,34.229,3.79,5.646,300,195,0,1,0,0
340.828,39.875,3.79,5.646,300,200,0,1,0,0
344.618,45.521,3.79,5.646,300,205,0,1,0,0
348.408,51.167,3.79,5.646,300,210,0,1,0,0
352.198,56.813,3.79,5.646,300,215,0,1,0,0
355.988,62.459,3.79,5.646,300,220,0,1,0,0
359.778,68.105,3.79,5.646,300,225,0,1,0,0
363.568,73.751,3.79,5.646,300,230,0,1,0,0
367.358,79.397,3.79,5.646,300,235,0,1,0,0
371.148,85.042,3.79,5.646,300,240,0,1,0,0
374.938,90.688,3.79,5.646,300,245,0,1,0,0
378.728,96.334,3.79,5.646,300,250,0,1,0,0
382.518,101.98,3.79,5.646,300,255,0,1,0,0
386.308,107.626,3.79,5.646,300,260,0,1,0,0
390.098,113.272,3.79,5.646,300,265,0,1,0,0
393.888,118.918,3.79,5.646,300,270,0,1,0,0
397.678,124.564,3.79,5.646,300,275,0,1,0,0
401.468,130.21,3.79,5.646,300,280,0,1,0,0
405.258,135.855,3.79,5.646,300,285,0,1,0,0
409.048,141.501,3.79,5.646,300,290,0,1,0,0
412.838,147.147,3.79,5.646,300,295,0,1,0,0
416.628,152.793,3.79,5.646,300,300,0,1,0,0
420.418,158.439,3.79,5.646,300,305,0,1,0,0
424.208,164.085,3.79,5.646,300,310,0,1,0,0
427.998,169.731,3.79,5.646,300,315,0,1,0,0
431.788,175.377,3.79,5.646,300,320,0,1,0,0
435.578,181.023,3.79,5.646,300,325,0,1,0,0
439.368,186.668,3.79,5.646,300,330,0,1,0,0
443.158,192.314,3.79,5.646,300,335,0,1,0,0
446.948,197.96,3.79,5.646,300,340,0,1,0,0
450.738,203.606,3.79,5.646,300,345,0,1,0,0
454.528,209.252,3.79,5.646,300,350,0,1,0,0
458.318,214.898,3.79,5.646,300,355,0,1,0,0
462.108,220.544,3.79,5.646,300,360,0,1,0,0
465.898,226.19,3.79,5.646,300,365,0,1,0,0
469.688,231.836,3.79,5.646,305,370,1,1,0,0
473.478,237.481,3.79,5.646,310,375,1,1,0,0
477.268,243.127,3.79,5.646,315,380,1,1,0,0
481.058,248.773,3.79,5.646,320,385,1,1,0,0
484.848,254.419,3.79,5.646,325,390,1,1,0,0
488.638,260.065,3.79,5.646,330,395,1,1,0,0
492.428,265.711,3.79,5.646,335,400,1,1,0,0
496.218,271.357,3.79,5.646,340,405,1,1,0,0
500.008,277.003,3.79,5.646,345,410,1,1,0,0
503.798,282.649,3.79,5.646,350,415,1,1,0,0
507.588,288.294,3.79,5.646,355,420,1,1,0,0
511.378,293.94,3.79,5.646,360,425,1,1,0,0
515.168,299.586,3.79,5.646,365,430,1,1,0,0
518.958,305.232,3.79,5.646,365,435,0,1,0,0
522.748,310.878,3.79,5.646,365,440,0,1,0,0
526.537,316.524,3.79,5.646,365,445,0,1,0,0
530.327,322.17,3.79,5.646,365,450,0,1,0,0
534.117,327.816,3.79,5.646,365,455,0,1,0,0
537.907,333.462,3.79,5.646,365,460,0,1,0,0
541.697,339.107,3.79,5.646,365,465,0,1,0,0
545.487,344.753,3.79,5.646,365,470,0,1,0,0
549.277,350.399,3.79,5.646,365,475,0,1,0,0
553.067,356.045,3.79,5.646,365,480,0,1,0,0
556.857,361.691,3.79,5.646,365,485,0,1,0,0
560.647,367.337,3.79,5.646,365,490,0,1,0,0
564.437,372.983,3.79,5.646,365,495,0,1,0,0
568.227,378.629,3.79,5.646,365,500,0,1,0,0
572.017,384.274,3.79,5.646,365,505,0,1,0,0
575.807,389.92,3.79,5.646,365,510,0,1,0,0
579.597,395.566,3.79,5.646,365,515,0,1,0,0
583.387,401.212,3.79,5.646,365,520,0,1,0,0
587.177,406.858,3.79,5.646,365,520,0,1,0,0
590.967,412.504,3.79,5.646,365,520,0,1,0,0
594.757,418.15,3.79,5.646,365,520,0,1,0,0
598.547,423.796,3.79,5.646,365,520,0,1,0,0
602.337,429.442,3.79,5.646,365,520,0,1,0,0
606.127,435.087,3.79,5.646,365,520,0,1,0,0
609.917,440.733,3.79,5.646,365,520,0,0,0,0
613.707,446.379,3.79,5.646,365,520,0,0,0,0
617.497,452.025,3.79,5.646,365,520,0,0,0,0
621.287,457.671,3.79,5.646,365,520,0,0,0,0
625.077,463.317,3.79,5.646,365,520,0,0,0,0
628.867,468.963,3.79,5.646,365,520,0,0,0,0
632.657,474.609,3.79,5.646,365,520,0,0,0,0
636.447,480.255,3.79,5.646,365,520,0,0,0,0
640.237,485.9,3.79,5.646,365,520,0,0,0,0
644.027,491.546,3.79,5.646,365,520,0,0,0,0
647.817,497.192,3.79,5.646,365,520,0,0,0,0
651.607,502.838,3.79,5.646,365,520,0,0,0,0
655.397,508.484,3.79,5.646,365,520,0,0,0,0
659.187,514.13,3.79,5.646,365,520,0,0,0,0
662.977,519.776,3.79,5.646,365,520,0,0,0,0
666.767,525.422,3.79,5.646,365,520,0,0,0,0
670.557,531.068,3.79,5.646,365,520,0,0,0,0
674.347,536.713,3.79,5.646,365,520,0,0,0,0
678.137,542.359,3.79,5.646,365,520,0,0,0,0
681.927,548.005,3.79,5.646,365,520,0,0,0,0
685.717,553.651,3.79,5.646,365,520,0,0,0,0
689.507,559.297,3.79,5.646,365,520,0,0,0,0
693.297,564.943,3.79,5.646,365,520,0,0,0,0
697.087,570.589,3.79,5.646,365,520,0,0,0,0
700.877,576.235,3.79,5.646,365,520,0,0,0,0
704.667,581.881,3.79,5.646,365,520,0,0,0,0
708.457,587.526,3.79,5.646,365,520,0,0,0,0
712.247,593.172,3.79,5.646,365,515,0,-1,0,0
716.036,594.0,3.79,-5.646,365,510,0,-1,0,0
719.826,588.354,3.79,-5.646,365,505,0,-1,0,0
723.616,582.708,3.79,-5.646,365,500,0,-1,0,0
727.406,577.062,3.79,-5.646,365,495,0,-1,0,0
731.196,571.416,3.79,-5.646,365,490,0,-1,0,0
734.986,565.771,3.79,-5.646,365,485,0,-1,0,0
738.776,560.125,3.79,-5.646,365,480,0,-1,0,0
742.566,554.479,3.79,-5.646,365,480,0,0,0,0
746.356,548.833,3.79,-5.646,365,480,0,0,0,0
750.146,543.187,3.79,-5.646,365,480,0,0,0,0
751.0,537.541,-6.364,3.147,365,480,0,0,0,0
744.636,540.688,-6.364,3.147,365,480,0,0,0,0
738.271,543.835,-6.364,3.147,365,480,0,0,0,0
731.907,546.982,-6.364,3.147,365,480,0,0,0,0
725.542,550.13,-6.364,3.147,365,480,0,0,0,0
719.178,553.277,-6.364,3.147,365,480,0,0,0,0
712.814,556.424,-6.364,3.147,365,480,0,0,0,0
706.449,559.571,-6.364,3.147,365,480,0,0,0,0
700.085,562.718,-6.364,3.147,365,480,0,0,0,0
693.72,565.865,-6.364,3.147,365,480,0,0,0,0
687.356,569.012,-6.364,3.147,365,480,0,0,0,0
680.991,572.159,-6.364,3.147,365,480,0,0,0,0
674.627,575.306,-6.364,3.147,365,480,0,0,0,0
668.263,578.453,-6.364,3.147,365,480,0,0,0,0
661.898,581.601,-6.364,3.147,365,480,0,0,0,0
655.534,584.748,-6.364,3.147,365,480,0,0,0,0
649.169,587.895,-6.364,3.147,365,480,0,0,0,0
642.805,591.042,-6.364,3.147,365,480,0,0,0,0
636.441,594.0,-6.364,-3.147,365,480,0,0,0,0
630.076,590.853,-6.364,-3.147,365,480,0,0,0,0
623.712,587.706,-6.364,-3.147,365,480,0,0,0,0
617.347,584.559,-6.364,-3.147,365,480,0,0,0,0
610.983,581.412,-6.364,-3.147,365,480,0,0,0,0
604.619,578.264,-6.364,-3.147,365,480,0,0,0,0
598.254,575.117,-6.364,-3.147,365,480,0,0,0,0
591.89,571.97,-6.364,-3.147,365,485,0,1,0,0
585.525,568.823,-6.364,-3.147,365,490,0,1,0,0
579.161,565.676,-6.364,-3.147,360,495,-1,1,0,0
572.796,562.529,-6.364,-3.147,355,500,-1,1,0,0
566.432,559.382,-6.364,-3.147,350,505,-1,1,0,0
560.068,556.235,-6.364,-3.147,345,510,-1,1,0,0
553.703,553.088,-6.364,-3.147,340,515,-1,1,0,0
547.339,549.941,-6.364,-3.147,335,520,-1,1,0,0
540.974,546.793,-6.364,-3.147,330,520,-1,1,0,0
534.61,543.646,-6.364,-3.147,325,520,-1,1,0,0
528.246,540.499,-6.364,-3.147,320,520,-1,1,0,0
521.881,537.352,-6.364,-3.147,315,520,-1,1,0,0
515.517,534.205,-6.364,-3.147,310,520,-1,1,0,0
509.152,531.058,-6.364,-3.147,305,520,-1,1,0,0
502.788,527.911,-6.364,-3.147,305,520,0,1,0,0
496.424,524.764,-6.364,-3.147,305,520,0,1,0,0
490.059,521.617,-6.364,-3.147,305,520,0,1,0,0
483.695,518.47,-6.364,-3.147,305,520,0,1,0,0
477.33,515.322,-6.364,-3.147,305,520,0,1,0,0
470.966,512.175,-6.364,-3.147,305,520,0,1,0,0
464.601,509.028,-6.364,-3.147,305,520,0,1,0,0
458.237,505.881,-6.364,-3.147,305,520,0,1,0,0
451.873,502.734,-6.364,-3.147,305,520,0,0,0,0
445.508,499.587,-6.364,-3.147,305,520,0,0,0,0
439.144,496.44,-6.364,-3.147,305,520,0,0,0,0
432.779,493.293,-6.364,-3.147,305,515,0,-1,0,0
426.415,490.146,-6.364,-3.147,305,510,0,-1,0,0
420.051,486.999,-6.364,-3.147,305,505,0,-1,0,0
413.686,483.851,-6.364,-3.147,305,500,0,-1,0,0
407.322,480.704,-6.364,-3.147,305,495,0,-1,0,0
400.957,477.557,-6.364,-3.147,305,490,0,-1,0,0
394.593,474.41,-6.364,-3.147,305,485,0,-1,0,0
388.229,471.263,-6.364,-3.147,305,480,0,-1,0,0
381.864,468.116,-6.364,-3.147,305,475,0,-1,0,0
375.5,464.969,-6.364,-3.147,305,470,0,-1,0,0
369.135,461.822,-6.364,-3.147,305,465,0,-1,0,0
362.771,458.675,-6.364,-3.147,305,460,0,-1,0,0
356.406,455.527,-6.364,-3.147,305,455,0,-1,0,0
350.042,452.38,-6.364,-3.147,305,450,0,-1,0,0
343.678,449.233,-6.364,-3.147,305,445,0,-1,0,0
337.313,446.086,-6.364,-3.147,305,440,0,-1,0,0
330.949,442.939,-6.364,-3.147,305,440,0,0,0,0
324.584,439.792,-6.364,-3.147,305,440,0,0,0,0
318.22,436.645,-6.364,-3.147,305,440,0,0,0,0
311.856,433.498,-6.364,-3.147,305,440,0,0,0,0
305.491,430.351,-6.364,-3.147,305,440,0,0,0,0
299.127,427.204,-6.364,-3.147,305,440,0,0,0,0
292.762,424.056,-6.364,-3.147,305,440,0,0,0,0
286.398,420.909,-6.364,-3.147,305,440,0,0,0,0
280.033,417.762,-6.364,-3.147,305,440,0,0,0,0
273.669,414.615,-6.364,-3.147,305,440,0,0,0,0
267.305,411.468,-6.364,-3.147,305,445,0,1,0,0
260.94,408.321,-6.364,-3.147,305,450,0,1,0,0
254.576,405.174,-6.364,-3.147,305,455,0,1,0,0
248.211,402.027,-6.364,-3.147,305,460,0,1,0,0
241.847,398.88,-6.364,-3.147,305,465,0,1,0,0
235.483,395.733,-6.364,-3.147,305,470,0,1,0,0
229.118,392.585,-6.364,-3.147,305,475,0,1,0,0
222.754,389.438,-6.364,-3.147,305,480,0,1,0,0
216.389,386.291,-6.364,-3.147,305,485,0,1,0,0
210.025,383.144,-6.364,-3.147,305,490,0,1,0,0
203.661,379.997,-6.364,-3.147,305,495,0,1,0,0
197.296,376.85,-6.364,-3.147,305,500,0,1,0,0
190.932,373.703,-6.364,-3.147,305,505,0,1,0,0
184.567,370.556,-6.364,-3.147,305,510,0,1,0,0
178.203,367.409,-6.364,-3.147,305,515,0,1,0,0
171.838,364.261,-6.364,-3.147,305,520,0,1,0,0
165.474,361.114,-6.364,-3.147,305,520,0,1,0,0
159.11,357.967,-6.364,-3.147,305,520,0,1,0,0
152.745,354.82,-6.364,-3.147,305,520,0,0,0,0
146.381,351.673,-6.364,-3.147,305,520,0,0,0,0
140.016,348.526,-6.364,-3.147,305,520,0,0,0,0
133.652,345.379,-6.364,-3.147,305,520,0,0,0,0
127.288,342.232,-6.364,-3.147,305,515,0,-1,0,0
120.923,339.085,-6.364,-3.147,305,510,0,-1,0,0
114.559,335.938,-6.364,-3.147,305,505,0,-1,0,0
108.194,332.79,-6.364,-3.147,305,500,0,-1,0,0
101.83,329.643,-6.364,-3.147,305,495,0,-1,0,0
95.466,326.496,-6.364,-3.147,305,490,0,-1,0,0
89.101,323.349,-6.364,-3.147,305,485,0,-1,0,0
82.737,320.202,-6.364,-3.147,305,480,0,-1,0,0
76.372,317.055,-6.364,-3.147,305,475,0,-1,0,0
70.008,313.908,-6.364,-3.147,305,470,0,-1,0,0
63.643,310.761,-6.364,-3.147,305,465,0,-1,0,0
57.279,307.614,-6.364,-3.147,305,460,0,-1,0,0
50.915,304.467,-6.364,-3.147,305,455,0,-1,0,0
49.0,301.319,3.7,-6.409,305,450,0,-1,0,0
52.7,294.911,3.7,-6.409,305,445,0,-1,0,0
56.4,288.502,3.7,-6.409,300,440,-1,-1,0,0
60.1,282.094,3.7,-6.409,295,435,-1,-1,0,0
63.8,275.685,3.7,-6.409,290,430,-1,-1,0,0
67.5,269.276,3.7,-6.409,285,425,-1,-1,0,0
71.2,262.868,3.7,-6.409,280,420,-1,-1,0,0
74.9,256.459,3.7,-6.409,275,415,-1,-1,0,0
78.6,250.051,3.7,-6.409,270,410,-1,-1,0,0
82.3,243.642,3.7,-6.409,265,405,-1,-1,0,0
86.0,237.234,3.7,-6.409,260,400,-1,-1,0,0
89.7,230.825,3.7,-6.409,255,395,-1,-1,0,0
93.4,224.416,3.7,-6.409,250,390,-1,-1,0,0
97.1,218.008,3.7,-6.409,245,385,-1,-1,0,0
100.8,211.599,3.7,-6.409,240,380,-1,-1,0,0
104.5,205.191,3.7,-6.409,235,375,-1,-1,0,0
108.2,198.782,3.7,-6.409,230,370,-1,-1,0,0
111.9,192.373,3.7,-6.409,225,365,-1,-1,0,0
115.6,185.965,3.7,-6.409,220,360,-1,-1,0,0
119.3,179.556,3.7,-6.409,215,355,-1,-1,0,0
123.0,173.148,3.7,-6.409,210,350,-1,-1,0,0
126.7,166.739,3.7,-6.409,205,345,-1,-1,0,0
130.4,160.33,3.7,-6.409,200,340,-1,-1,0,0
134.1,153.922,3.7,-6.409,195,335,-1,-1,0,0
137.8,147.513,3.7,-6.409,190,330,-1,-1,0,0
141.5,141.105,3.7,-6.409,190,325,0,-1,0,0
145.2,134.696,3.7,-6.409,190,320,0,-1,0,0
148.9,128.288,3.7,-6.409,190,315,0,-1,0,0
152.6,121.879,3.7,-6.409,190,310,0,-1,0,0
156.3,115.47,3.7,-6.409,190,305,0,-1,0,0
160.0,109.062,3.7,-6.409,190,300,0,-1,0,0
163.7,102.653,3.7,-6.409,190,295,0,-1,0,0
167.4,96.245,3.7,-6.409,190,290,0,-1,0,0
171.1,89.836,3.7,-6.409,190,285,0,-1,0,0
174.8,83.427,3.7,-6.409,190,280,0,-1,0,0
178.5,77.019,3.7,-6.409,190,275,0,-1,0,0
182.2,70.61,3.7,-6.409,190,270,0,-1,0,0
185.9,64.202,3.7,-6.409,190,265,0,-1,0,0
189.6,57.793,3.7,-6.409,190,260,0,-1,0,0
193.3,51.384,3.7,-6.409,190,255,0,-1,0,0
197.0,44.976,3.7,-6.409,190,250,0,-1,0,0
200.7,38.567,3.7,-6.409,190,245,0,-1,0,0
204.4,32.159,3.7,-6.409,190,240,0,-1,0,0
208.1,25.75,3.7,-6.409,190,235,0,-1,0,0
211.8,19.342,3.7,-6.409,190,230,0,-1,0,0
215.5,12.933,3.7,-6.409,190,225,0,-1,0,0
219.2,6.524,3.7,-6.409,190,225,0,0,0,0
222.9,6.0,3.7,6.409,190,225,0,0,0,0
226.6,12.409,3.7,6.409,190,230,0,1,0,0
230.3,18.817,3.7,6.409,190,235,0,1,0,0
234.0,25.226,3.7,6.409,190,240,0,1,0,0
237.7,31.634,3.7,6.409,190,245,0,1,0,0
241.4,38.043,3.7,6.409,190,250,0,1,0,0
245.1,44.452,3.7,6.409,190,255,0,1,0,0
248.8,50.86,3.7,6.409,190,260,0,1,0,0
252.5,57.269,3.7,6.409,190,265,0,1,0,0
256.2,63.677,3.7,6.409,190,270,0,1,0,0
259.9,70.086,3.7,6.409,190,275,0,1,0,0
263.6,76.494,3.7,6.409,190,280,0,1,0,0
267.3,82.903,3.7,6.409,190,285,0,1,0,0
271.0,89.312,3.7,6.409,190,290,0,1,0,0
274.7,95.72,3.7,6.409,195,295,1,1,0,0
278.4,102.129,3.7,6.409,200,300,1,1,0,0
282.1,108.537,3.7,6.409,205,305,1,1,0,0
285.8,114.946,3.7,6.409,210,310,1,1,0,0
289.5,121.355,3.7,6.409,215,315,1,1,0,0
293.2,127.763,3.7,6.409,220,320,1,1,0,0
296.9,134.172,3.7,6.409,225,325,1,1,0,0
300.6,140.58,3.7,6.409,230,330,1,1,0,0
304.3,146.989,3.7,6.409,235,335,1,1,0,0
308.0,153.398,3.7,6.409,240,340,1,1,0,0
311.7,159.806,3.7,6.409,245,345,1,1,0,0
315.4,166.215,3.7,6.409,250,350,1,1,0,0
319.1,172.623,3.7,6.409,255,355,1,1,0,0
322.8,179.032,3.7,6.409,260,360,1,1,0,0
326.5,185.44,3.7,6.409,265,365,1,1,0,0
330.2,191.849,3.7,6.409,265,370,0,1,0,0
333.9,198.258,3.7,6.409,265,375,0,1,0,0
337.6,204.666,3.7,6.409,265,380,0,1,0,0
341.3,211.075,3.7,6.409,265,385,0,1,0,0
345.0,217.483,3.7,6.409,265,390,0,1,0,0
348.7,223.892,3.7,6.409,265,395,0,1,0,0
352.4,230.301,3.7,6.409,265,400,0,1,0,0
356.1,236.709,3.7,6.409,265,405,0,1,0,0
359.8,243.118,3.7,6.409,265,410,0,1,0,0
363.5,249.526,3.7,6.409,265,415,0,1,0,0
367.2,255.935,3.7,6.409,265,420,0,1,0,0
370.9,262.344,3.7,6.409,265,425,0,1,0,0
374.6,268.752,3.7,6.409,265,430,0,1,0,0
378.3,275.161,3.7,6.409,265,435,0,1,0,0
382.0,281.569,3.7,6.409,265,440,0,1,0,0
385.7,287.978,3.7,6.409,265,445,0,1,0,0
389.4,294.386,3.7,6.409,265,450,0,1,0,0
393.1,300.795,3.7,6.409,265,455,0,1,0,0
396.8,307.204,3.7,6.409,265,460,0,1,0,0
400.5,313.612,3.7,6.409,265,465,0,1,0,0
404.2,320.021,3.7,6.409,265,470,0,1,0,0
407.9,326.429,3.7,6.409,265,475,0,1,0,0
411.6,332.838,3.7,6.409,265,480,0,1,0,0
415.3,339.247,3.7,6.409,265,485,0,1,0,0
419.0,345.655,3.7,6.409,265,490,0,1,0,0
422.7,352.064,3.7,6.409,265,495,0,1,0,0
426.4,358.472,3.7,6.409,265,500,0,1,0,0
430.1,364.881,3.7,6.409,265,505,0,1,0,0
433.8,371.29,3.7,6.409,265,510,0,1,0,0
437.5,377.698,3.7,6.409,265,515,0,1,0,0
441.2,384.107,3.7,6.409,265,520,0,1,0,0
444.9,390.515,3.7,6.409,265,520,0,1,0,0
448.6,396.924,3.7,6.409,265,520,0,1,0,0
452.3,403.332,3.7,6.409,265,520,0,1,0,0
456.0,409.741,3.7,6.409,265,520,0,0,0,0
459.7,416.15,3.7,6.409,265,520,0,0,0,0
463.4,422.558,3.7,6.409,265,520,0,0,0,0
467.1,428.967,3.7,6.409,265,520,0,0,0,0
470.8,435.375,3.7,6.409,265,520,0,0,0,0
474.5,441.784,3.7,6.409,265,520,0,0,0,0
478.2,448.193,3.7,6.409,265,520,0,0,0,0
481.9,454.601,3.7,6.409,265,520,0,0,0,0
485.6,461.01,3.7,6.409,265,520,0,0,0,0
489.3,467.418,3.7,6.409,265,515,0,-1,0,0
493.0,473.827,3.7,6.409,265,510,0,-1,0,0
496.7,480.236,3.7,6.409,265,505,0,-1,0,0
500.4,486.644,3.7,6.409,260,500,-1,-1,0,0
504.1,493.053,3.7,6.409,255,495,-1,-1,0,0
507.8,499.461,3.7,6.409,250,490,-1,-1,0,0
511.5,505.87,3.7,6.409,245,485,-1,-1,0,0
515.2,512.278,3.7,6.409,240,480,-1,-1,0,0
518.9,518.687,3.7,6.409,235,475,-1,-1,0,0
522.6,525.096,3.7,6.409,230,470,-1,-1,0,0
526.3,531.504,3.7,6.409,225,465,-1,-1,0,0
530.0,537.913,3.7,6.409,220,460,-1,-1,0,0
533.7,544.321,3.7,6.409,215,455,-1,-1,0,0
537.4,550.73,3.7,6.409,210,450,-1,-1,0,0
541.1,557.139,3.7,6.409,205,445,-1,-1,0,0
544.8,563.547,3.7,6.409,200,440,-1,-1,0,0
548.5,569.956,3.7,6.409,195,435,-1,-1,0,0
552.2,576.364,3.7,6.409,195,430,0,-1,0,0
555.9,582.773,3.7,6.409,195,425,0,-1,0,0
559.6,589.182,3.7,6.409,195,420,0,-1,0,0
563.3,594.0,3.7,-6.409,195,420,0,0,0,0
567.0,587.591,3.7,-6.409,195,420,0,0,0,0
570.7,581.183,3.7,-6.409,195,420,0,0,0,0
574.4,574.774,3.7,-6.409,195,420,0,0,0,0
578.1,568.366,3.7,-6.409,195,420,0,0,0,0
581.8,561.957,3.7,-6.409,195,420,0,0,0,0
585.5,555.548,3.7,-6.409,195,420,0,0,0,0
589.2,549.14,3.7,-6.409,195,420,0,0,0,0
592.9,542.731,3.7,-6.409,195,420,0,0,0,0
596.6,536.323,3.7,-6.409,195,420,0,0,0,0
600.3,529.914,3.7,-6.409,195,420,0,0,0,0
604.0,523.506,3.7,-6.409,195,420,0,0,0,0
607.7,517.097,3.7,-6.409,195,420,0,0,0,0
611.4,510.688,3.7,-6.409,195,420,0,0,0,0
615.1,504.28,3.7,-6.409,195,415,0,-1,0,0
618.8,497.871,3.7,-6.409,195,410,0,-1,0,0
622.5,491.463,3.7,-6.409,195,405,0,-1,0,0
626.2,485.054,3.7,-6.409,195,400,0,-1,0,0
629.9,478.645,3.7,-6.409,195,395,0,-1,0,0
633.6,472.237,3.7,-6.409,195,390,0,-1,0,0
637.3,465.828,3.7,-6.409,195,385,0,-1,0,0
641.0,459.42,3.7,-6.409,195,380,0,-1,0,0
644.7,453.011,3.7,-6.409,195,375,0,-1,0,0
648.4,446.602,3.7,-6.409,195,370,0,-1,0,0
652.1,440.194,3.7,-6.409,195,365,0,-1,0,0
655.8,433.785,3.7,-6.409,195,360,0,-1,0,0
659.5,427.377,3.7,-6.409,195,360,0,0,0,0
663.2,420.968,3.7,-6.409,195,360,0,0,0,0
666.9,414.56,3.7,-6.409,195,360,0,0,0,0
670.6,408.151,3.7,-6.409,195,360,0,0,0,0
674.3,401.742,3.7,-6.409,195,360,0,0,0,0
678.0,395.334,3.7,-6.409,195,360,0,0,0,0
681.7,388.925,3.7,-6.409,195,360,0,0,0,0
685.4,382.517,3.7,-6.409,195,360,0,0,0,0
689.1,376.108,3.7,-6.409,195,355,0,-1,0,0
692.8,369.699,3.7,-6.409,195,350,0,-1,0,0
696.5,363.291,3.7,-6.409,195,345,0,-1,0,0
700.2,356.882,3.7,-6.409,195,340,0,-1,0,0
703.9,350.474,3.7,-6.409,195,335,0,-1,0,0
707.6,344.065,3.7,-6.409,195,330,0,-1,0,0
711.3,337.656,3.7,-6.409,195,325,0,-1,0,0
715.0,331.248,3.7,-6.409,195,320,0,-1,0,0
718.7,324.839,3.7,-6.409,195,315,0,-1,0,0
722.4,318.431,3.7,-6.409,195,310,0,-1,0,0
726.1,312.022,3.7,-6.409,195,305,0,-1,0,0
729.8,305.614,3.7,-6.409,195,300,0,-1,0,0
733.5,299.205,3.7,-6.409,195,295,0,-1,0,0
737.2,292.796,3.7,-6.409,195,290,0,-1,0,0
740.9,286.388,3.7,-6.409,195,285,0,-1,0,0
744.6,279.979,3.7,-6.409,195,280,0,-1,0,0
748.3,273.571,3.7,-6.409,195,275,0,-1,0,0
752.0,267.162,3.7,-6.409,195,270,0,-1,0,0
751.0,260.753,-3.85,-6.668,195,265,0,-1,0,0
747.15,254.085,-3.85,-6.668,195,260,0,-1,0,0
743.3,247.417,-3.85,-6.668,195,255,0,-1,0,0
739.45,240.748,-3.85,-6.668,195,250,0,-1,0,0
735.6,234.08,-3.85,-6.668,195,245,0,-1,0,0
731.75,227.411,-3.85,-6.668,195,240,0,-1,0,0
727.9,220.743,-3.85,-6.668,195,235,0,-1,0,0
724.05,214.075,-3.85,-6.668,195,230,0,-1,0,0
720.2,207.406,-3.85,-6.668,195,225,0,-1,0,0
716.35,200.738,-3.85,-6.668,195,220,0,-1,0,0
712.5,194.069,-3.85,-6.668,195,215,0,-1,0,0
708.65,187.401,-3.85,-6.668,195,210,0,-1,0,0
704.8,180.733,-3.85,-6.668,195,205,0,-1,0,0
700.95,174.064,-3.85,-6.668,195,200,0,-1,0,0
697.1,167.396,-3.85,-6.668,195,195,0,-1,0,0
693.25,160.727,-3.85,-6.668,195,190,0,-1,0,0
689.4,154.059,-3.85,-6.668,195,185,0,-1,0,0
685.55,147.391,-3.85,-6.668,195,180,0,-1,0,0
681.7,140.722,-3.85,-6.668,195,175,0,-1,0,0
677.85,134.054,-3.85,-6.668,195,170,0,-1,0,0
674.0,127.386,-3.85,-6.668,195,165,0,-1,0,0
670.15,120.717,-3.85,-6.668,195,160,0,-1,0,0
666.3,114.049,-3.85,-6.668,195,155,0,-1,0,0
662.45,107.38,-3.85,-6.668,195,150,0,-1,0,0
658.6,100.712,-3.85,-6.668,195,145,0,-1,0,0
654.75,94.044,-3.85,-6.668,195,145,0,0,0,0
650.9,87.375,-3.85,-6.668,195,145,0,0,0,0
647.05,80.707,-3.85,-6.668,195,145,0,0,0,0
643.2,74.038,-3.85,-6.668,195,145,0,0,0,0
639.35,67.37,-3.85,-6.668,195,145,0,0,0,0
635.5,60.702,-3.85,-6.668,195,145,0,0,0,0
631.65,54.033,-3.85,-6.668,195,145,0,0,0,0
627.8,47.365,-3.85,-6.668,195,145,0,0,0,0
623.95,40.696,-3.85,-6.668,195,145,0,0,0,0
620.1,34.028,-3.85,-6.668,195,150,0,1,0,0
616.25,27.36,-3.85,-6.668,195,155,0,1,0,0
612.4,20.691,-3.85,-6.668,195,160,0,1,0,0
608.55,14.023,-3.85,-6.668,195,165,0,1,0,0
604.7,7.354,-3.85,-6.668,195,170,0,1,0,0
600.85,6.0,-3.85,6.668,195,175,0,1,0,0
597.0,12.668,-3.85,6.668,195,180,0,1,0,0
593.15,19.337,-3.85,6.668,195,185,0,1,0,0
589.3,26.005,-3.85,6.668,195,190,0,1,0,0
585.45,32.674,-3.85,6.668,195,195,0,1,0,0
581.6,39.342,-3.85,6.668,195,200,0,1,0,0
577.75,46.01,-3.85,6.668,195,205,0,1,0,0
573.9,52.679,-3.85,6.668,195,210,0,1,0,0
570.05,59.347,-3.85,6.668,195,215,0,1,0,0
566.2,66.016,-3.85,6.668,195,220,0,1,0,0
562.35,72.684,-3.85,6.668,195,225,0,1,0,0
558.5,79.352,-3.85,6.668,195,230,0,1,0,0
554.65,86.021,-3.85,6.668,195,235,0,1,0,0
550.8,92.689,-3.85,6.668,195,240,0,1,0,0
546.95,99.358,-3.85,6.668,195,245,0,1,0,0
543.1,106.026,-3.85,6.668,195,250,0,1,0,0
539.25,112.694,-3.85,6.668,195,255,0,1,0,0
535.4,119.363,-3.85,6.668,195,260,0,1,0,0
531.55,126.031,-3.85,6.668,195,265,0,1,0,0
527.7,132.7,-3.85,6.668,195,270,0,1,0,0
523.85,139.368,-3.85,6.668,195,275,0,1,0,0
520.0,146.036,-3.85,6.668,195,280,0,1,0,0
516.15,152.705,-3.85,6.668,195,285,0,1,0,0
512.3,159.373,-3.85,6.668,195,290,0,1,0,0
508.45,166.041,-3.85,6.668,195,295,0,1,0,0
504.6,172.71,-3.85,6.668,200,295,1,0,0,0
500.75,179.378,-3.85,6.668,205,295,1,0,0,0
496.9,186.047,-3.85,6.668,210,295,1,0,0,0
493.05,192.715,-3.85,6.668,215,295,1,0,0,0
489.2,199.383,-3.85,6.668,220,295,1,0,0,0
485.35,206.052,-3.85,6.668,225,295,1,0,0,0
481.5,212.72,-3.85,6.668,230,295,1,0,0,0
477.65,219.389,-3.85,6.668,235,295,1,0,0,0
473.8,226.057,-3.85,6.668,240,300,1,1,0,0
469.95,232.725,-3.85,6.668,245,305,1,1,0,0
466.1,239.394,-3.85,6.668,250,310,1,1,0,0
462.25,246.062,-3.85,6.668,255,315,1,1,0,0
458.4,252.731,-3.85,6.668,260,320,1,1,0,0
454.55,259.399,-3.85,6.668,265,325,1,1,0,0
450.7,266.067,-3.85,6.668,270,330,1,1,0,0
446.85,272.736,-3.85,6.668,275,335,1,1,0,0
443.0,279.404,-3.85,6.668,280,340,1,1,0,0
439.15,286.073,-3.85,6.668,285,345,1,1,0,0
435.3,292.741,-3.85,6.668,290,350,1,1,0,0
431.45,299.409,-3.85,6.668,295,355,1,1,0,0
427.6,306.078,-3.85,6.668,300,360,1,1,0,0
423.75,312.746,-3.85,6.668,305,365,1,1,0,0
419.9,319.415,-3.85,6.668,310,370,1,1,0,0
416.05,326.083,-3.85,6.668,315,375,1,1,0,0
412.2,332.751,-3.85,6.668,320,380,1,1,0,0
408.35,339.42,-3.85,6.668,325,380,1,0,0,0
404.5,346.088,-3.85,6.668,330,380,1,0,0,0
400.65,352.757,-3.85,6.668,335,380,1,0,0,0
396.8,359.425,-3.85,6.668,340,380,1,0,0,0
392.95,366.093,-3.85,6.668,345,375,1,-1,0,0
389.1,372.762,-3.85,6.668,350,370,1,-1,0,0
385.25,379.43,-3.85,6.668,355,365,1,-1,0,0
381.4,386.099,-3.85,6.668,360,360,1,-1,0,0
377.55,392.767,-3.85,6.668,365,355,1,-1,0,0
373.7,399.435,-3.85,6.668,370,350,1,-1,0,0
369.85,406.104,-3.85,6.668,375,345,1,-1,0,0
366.0,412.772,-3.85,6.668,380,340,1,-1,0,0
362.15,419.441,-3.85,6.668,385,335,1,-1,0,0
358.3,426.109,-3.85,6.668,390,330,1,-1,0,0
354.45,432.777,-3.85,6.668,395,325,1,-1,0,0
350.6,439.446,-3.85,6.668,400,320,1,-1,0,0
346.75,446.114,-3.85,6.668,405,315,1,-1,0,0
342.9,452.783,-3.85,6.668,410,310,1,-1,0,0
339.05,459.451,-3.85,6.668,415,305,1,-1,0,0
335.2,466.119,-3.85,6.668,420,300,1,-1,0,0
331.35,472.788,-3.85,6.668,425,295,1,-1,0,0
327.5,479.456,-3.85,6.668,430,290,1,-1,0,0
323.65,486.124,-3.85,6.668,435,285,1,-1,0,0
319.8,492.793,-3.85,6.668,440,280,1,-1,0,0
315.95,499.461,-3.85,6.668,445,275,1,-1,0,0
312.1,506.13,-3.85,6.668,450,270,1,-1,0,0
308.25,512.798,-3.85,6.668,455,265,1,-1,0,0
304.4,519.466,-3.85,6.668,460,260,1,-1,0,0
300.55,526.135,-3.85,6.668,465,255,1,-1,0,0
296.7,532.803,-3.85,6.668,470,250,1,-1,0,0
292.85,539.472,-3.85,6.668,475,245,1,-1,0,0
289.0,546.14,-3.85,6.668,480,240,1,-1,0,0
285.15,552.808,-3.85,6.668,485,235,1,-1,0,0
281.3,559.477,-3.85,6.668,490,230,1,-1,0,0
277.45,566.145,-3.85,6.668,495,225,1,-1,0,0
273.6,572.814,-3.85,6.668,500,220,1,-1,0,0
269.75,579.482,-3.85,6.668,505,215,1,-1,0,0
265.9,586.15,-3.85,6.668,510,210,1,-1,0,0
262.05,592.819,-3.85,6.668,515,205,1,-1,0,0
258.2,594.0,-3.85,-6.668,520,200,1,-1,0,0
254.35,587.332,-3.85,-6.668,520,195,1,-1,0,0
250.5,580.663,-3.85,-6.668,520,190,1,-1,0,0
246.65,573.995,-3.85,-6.668,520,185,1,-1,0,0
242.8,567.326,-3.85,-6.668,520,180,1,-1,0,0
238.95,560.658,-3.85,-6.668,520,175,0,-1,0,0
235.1,553.99,-3.85,-6.668,520,170,0,-1,0,0
231.25,547.321,-3.85,-6.668,520,165,0,-1,0,0
227.4,540.653,-3.85,-6.668,520,160,0,-1,0,0
223.55,533.984,-3.85,-6.668,520,155,0,-1,0,0
219.7,527.316,-3.85,-6.668,515,150,-1,-1,0,0
215.85,520.648,-3.85,-6.668,510,145,-1,-1,0,0
212.0,513.979,-3.85,-6.668,505,140,-1,-1,0,0
208.15,507.311,-3.85,-6.668,500,135,-1,-1,0,0
204.3,500.642,-3.85,-6.668,495,130,-1,-1,0,0
200.45,493.974,-3.85,-6.668,490,125,-1,-1,0,0
196.6,487.306,-3.85,-6.668,485,120,-1,-1,0,0
192.75,480.637,-3.85,-6.668,480,115,-1,-1,0,0
188.9,473.969,-3.85,-6.668,475,110,-1,-1,0,0
185.05,467.3,-3.85,-6.668,470,105,-1,-1,0,0
181.2,460.632,-3.85,-6.668,465,100,-1,-1,0,0
177.35,453.964,-3.85,-6.668,460,95,-1,-1,0,0
173.5,447.295,-3.85,-6.668,455,90,-1,-1,0,0
169.65,440.627,-3.85,-6.668,450,85,-1,-1,0,0
165.8,433.959,-3.85,-6.668,445,80,-1,-1,0,0
161.95,427.29,-3.85,-6.668,440,75,-1,-1,0,0
158.1,420.622,-3.85,-6.668,435,70,-1,-1,0,0
154.25,413.953,-3.85,-6.668,430,65,-1,-1,0,0
150.4,407.285,-3.85,-6.668,425,60,-1,-1,0,0
146.55,400.617,-3.85,-6.668,420,55,-1,-1,0,0
142.7,393.948,-3.85,-6.668,415,50,-1,-1,0,0
138.85,387.28,-3.85,-6.668,410,45,-1,-1,0,0
135.0,380.611,-3.85,-6.668,405,40,-1,-1,0,0
131.15,373.943,-3.85,-6.668,400,35,-1,-1,0,0
127.3,367.275,-3.85,-6.668,395,30,-1,-1,0,0
123.45,360.606,-3.85,-6.668,390,25,-1,-1,0,0
119.6,353.938,-3.85,-6.668,385,20,-1,-1,0,0
115.75,347.269,-3.85,-6.668,380,15,-1,-1,0,0
111.9,340.601,-3.85,-6.668,375,10,-1,-1,0,0
108.05,333.933,-3.85,-6.668,370,5,-1,-1,0,0
104.2,327.264,-3.85,-6.668,365,0,-1,-1,0,0
100.35,320.596,-3.85,-6.668,360,0,-1,-1,0,0
96.5,313.927,-3.85,-6.668,355,0,-1,-1,0,0
92.65,307.259,-3.85,-6.668,350,0,-1,-1,0,0
88.8,300.591,-3.85,-6.668,345,0,-1,-1,0,0
84.95,293.922,-3.85,-6.668,340,0,-1,-1,0,0
81.1,287.254,-3.85,-6.668,335,0,-1,-1,0,0
77.25,280.585,-3.85,-6.668,330,0,-1,-1,0,0
73.4,273.917,-3.85,-6.668,325,0,-1,-1,0,0
69.55,267.249,-3.85,-6.668,320,0,-1,-1,0,0
65.7,260.58,-3.85,-6.668,315,0,-1,-1,0,0
61.85,253.912,-3.85,-6.668,310,0,-1,-1,0,0
58.0,247.243,-3.85,-6.668,305,0,-1,-1,0,0
54.15,240.575,-3.85,-6.668,300,0,-1,-1,0,0
50.3,233.907,-3.85,-6.668,295,0,-1,-1,0,0
46.45,227.238,-3.85,-6.668,290,0,-1,-1,0,0
42.6,220.57,-3.85,-6.668,285,0,-1,-1,0,0
38.75,213.901,-3.85,-6.668,280,0,-1,-1,0,0
34.9,207.233,-3.85,-6.668,275,0,-1,-1,0,0
31.05,200.565,-3.85,-6.668,270,0,-1,-1,0,0
27.2,193.896,-3.85,-6.668,265,0,-1,-1,0,0
23.35,187.228,-3.85,-6.668,260,0,-1,-1,0,0
19.5,180.559,-3.85,-6.668,255,0,-1,-1,0,0
15.65,173.891,-3.85,-6.668,250,0,-1,-1,0,0
11.8,167.223,-3.85,-6.668,245,0,-1,-1,0,0
7.95,160.554,-3.85,-6.668,240,0,-1,-1,0,0
4.1,153.886,-3.85,-6.668,235,0,-1,-1,0,0
0.25,147.217,-3.85,-6.668,230,0,-1,-1,0,0
-3.6,140.549,-3.85,-6.668,225,0,-1,-1,0,0
400.0,300.0,3.564,-3.507,220,0,-1,0,0,1
403.564,296.493,3.564,-3.507,220,5,0,1,0,0
407.127,292.986,3.564,-3.507,220,10,0,1,0,0
410.691,289.478,3.564,-3.507,220,15,0,1,0,0
414.255,285.971,3.564,-3.507,220,20,0,1,0,0
417.818,282.464,3.564,-3.507,220,25,0,1,0,0
421.382,278.957,3.564,-3.507,220,30,0,1,0,0
424.946,275.45,3.564,-3.507,220,35,0,1,0,0
428.509,271.943,3.564,-3.507,220,40,0,1,0,0
432.073,268.435,3.564,-3.507,220,45,0,1,0,0
435.637,264.928,3.564,-3.507,220,50,0,1,0,0
439.2,261.421,3.564,-3.507,220,55,0,1,0,0
442.764,257.914,3.564,-3.507,220,60,0,1,0,0
446.328,254.407,3.564,-3.507,220,65,0,1,0,0
449.891,250.9,3.564,-3.507,220,70,0,1,0,0
453.455,247.392,3.564,-3.507,220,75,0,1,0,0
457.019,243.885,3.564,-3.507,220,80,0,1,0,0
460.582,240.378,3.564,-3.507,220,85,0,1,0,0
464.146,236.871,3.564,-3.507,220,85,0,0,0,0
467.71,233.364,3.564,-3.507,220,85,0,0,0,0
471.273,229.857,3.564,-3.507,220,85,0,0,0,0
474.837,226.349,3.564,-3.507,220,85,0,0,0,0
478.401,222.842,3.564,-3.507,220,85,0,0,0,0
481.965,219.335,3.564,-3.507,220,85,0,0,0,0
485.528,215.828,3.564,-3.507,220,85,0,0,0,0
489.092,212.321,3.564,-3.507,220,85,0,0,0,0
492.656,208.814,3.564,-3.507,220,85,0,0,0,0
496.219,205.306,3.564,-3.507,220,85,0,0,0,0
499.783,201.799,3.564,-3.507,220,85,0,0,0,0
503.347,198.292,3.564,-3.507,220,90,0,1,0,0
506.91,194.785,3.564,-3.507,220,95,0,1,0,0
510.474,191.278,3.564,-3.507,220,100,0,1,0,0
514.038,187.771,3.564,-3.507,220,105,0,1,0,0
517.601,184.263,3.564,-3.507,220,110,0,1,0,0
521.165,180.756,3.564,-3.507,220,105,0,-1,0,0
524.729,177.249,3.564,-3.507,220,100,0,-1,0,0
528.292,173.742,3.564,-3.507,220,95,0,-1,0,0
531.856,170.235,3.564,-3.507,220,90,0,-1,0,0
535.42,166.728,3.564,-3.507,220,85,0,-1,0,0
538.983,163.22,3.564,-3.507,220,80,0,-1,0,0
542.547,159.713,3.564,-3.507,220,75,0,-1,0,0
546.111,156.206,3.564,-3.507,220,70,0,-1,0,0
549.674,152.699,3.564,-3.507,220,70,0,0,0,0
553.238,149.192,3.564,-3.507,220,70,0,0,0,0
556.802,145.685,3.564,-3.507,220,70,0,0,0,0
560.365,142.177,3.564,-3.507,220,70,0,0,0,0
563.929,138.67,3.564,-3.507,220,70,0,0,0,0
567.493,135.163,3.564,-3.507,220,70,0,0,0,0
571.056,131.656,3.564,-3.507,220,70,0,0,0,0
574.62,128.149,3.564,-3.507,220,70,0,0,0,0
578.184,124.642,3.564,-3.507,220,70,0,0,0,0
581.747,121.134,3.564,-3.507,220,70,0,0,0,0
585.311,117.627,3.564,-3.507,220,70,0,0,0,0
588.875,114.12,3.564,-3.507,215,65,-1,-1,0,0
592.438,110.613,3.564,-3.507,210,60,-1,-1,0,0
596.002,107.106,3.564,-3.507,205,55,-1,-1,0,0
599.566,103.599,3.564,-3.507,200,50,-1,-1,0,0
603.129,100.091,3.564,-3.507,195,45,-1,-1,0,0
606.693,96.584,3.564,-3.507,190,40,-1,-1,0,0
610.257,93.077,3.564,-3.507,185,35,-1,-1,0,0
613.82,89.57,3.564,-3.507,180,30,-1,-1,0,0
617.384,86.063,3.564,-3.507,175,25,-1,-1,0,0
620.948,82.556,3.564,-3.507,170,20,-1,-1,0,0
624.512,79.048,3.564,-3.507,165,15,-1,-1,0,0
628.075,75.541,3.564,-3.507,160,10,-1,-1,0,0
631.639,72.034,3.564,-3.507,155,5,-1,-1,0,0
635.203,68.527,3.564,-3.507,150,0,-1,-1,0,0
638.766,65.02,3.564,-3.507,150,0,0,-1,0,0
642.33,61.513,3.564,-3.507,150,0,0,-1,0,0
645.894,58.005,3.564,-3.507,150,0,0,-1,0,0
649.457,54.498,3.564,-3.507,150,0,0,-1,0,0
653.021,50.991,3.564,-3.507,150,0,0,-1,0,0
656.585,47.484,3.564,-3.507,150,0,0,-1,0,0
660.148,43.977,3.564,-3.507,150,0,0,-1,0,0
663.712,40.47,3.564,-3.507,150,0,0,-1,0,0
667.276,36.962,3.564,-3.507,150,0,0,-1,0,0
670.839,33.455,3.564,-3.507,150,0,0,-1,0,0
674.403,29.948,3.564,-3.507,150,0,0,-1,0,0
677.967,26.441,3.564,-3.507,150,0,0,0,0,0
681.53,22.934,3.564,-3.507,150,0,0,0,0,0
685.094,19.427,3.564,-3.507,150,0,0,0,0,0
688.658,15.919,3.564,-3.507,150,0,0,0,0,0
692.221,12.412,3.564,-3.507,150,0,0,0,0,0
695.785,8.905,3.564,-3.507,150,0,0,0,0,0
699.349,6.0,3.564,3.507,150,0,0,0,0,0
702.912,9.507,3.564,3.507,150,0,0,0,0,0
706.476,13.014,3.564,3.507,150,0,0,0,0,0
710.04,16.522,3.564,3.507,150,0,0,0,0,0
713.603,20.029,3.564,3.507,150,0,0,0,0,0
717.167,23.536,3.564,3.507,150,0,0,0,0,0
720.731,27.043,3.564,3.507,150,0,0,0,0,0
724.294,30.55,3.564,3.507,150,0,0,0,0,0
727.858,34.057,3.564,3.507,150,0,0,0,0,0
731.422,37.565,3.564,3.507,150,0,0,0,0,0
734.985,41.072,3.564,3.507,150,0,0,0,0,0
738.549,44.579,3.564,3.507,150,0,0,0,0,0
742.113,48.086,3.564,3.507,150,0,0,0,0,0
745.676,51.593,3.564,3.507,150,5,0,1,0,0
749.24,55.1,3.564,3.507,150,10,0,1,0,0
752.804,58.608,3.564,3.507,150,15,0,1,0,0
751.0,62.115,-5.292,0.293,150,20,0,1,0,0
745.708,62.408,-5.292,0.293,150,25,0,1,0,0
740.416,62.701,-5.292,0.293,150,30,0,1,0,0
735.124,62.994,-5.292,0.293,150,35,0,1,0,0
729.832,63.288,-5.292,0.293,150,40,0,1,0,0
724.541,63.581,-5.292,0.293,150,45,0,1,0,0
719.249,63.874,-5.292,0.293,150,50,0,1,0,0
713.957,64.168,-5.292,0.293,150,55,0,1,0,0
708.665,64.461,-5.292,0.293,150,60,0,1,0,0
703.373,64.754,-5.292,0.293,150,65,0,1,0,0
698.081,65.047,-5.292,0.293,150,70,0,1,0,0
692.789,65.341,-5.292,0.293,150,75,0,1,0,0
687.497,65.634,-5.292,0.293,150,80,0,1,0,0
682.206,65.927,-5.292,0.293,150,85,0,1,0,0
676.914,66.22,-5.292,0.293,150,90,0,1,0,0
671.622,66.514,-5.292,0.293,155,95,1,1,0,0
666.33,66.807,-5.292,0.293,160,100,1,1,0,0
661.038,67.1,-5.292,0.293,165,105,1,1,0,0
655.746,67.394,-5.292,0.293,170,110,1,1,0,0
650.454,67.687,-5.292,0.293,175,115,1,1,0,0
645.162,67.98,-5.292,0.293,180,120,1,1,0,0
639.871,68.273,-5.292,0.293,185,125,1,1,0,0
634.579,68.567,-5.292,0.293,190,130,1,1,0,0
629.287,68.86,-5.292,0.293,195,135,1,1,0,0
623.995,69.153,-5.292,0.293,200,135,1,0,0,0
618.703,69.446,-5.292,0.293,205,135,1,0,0,0
613.411,69.74,-5.292,0.293,210,135,1,0,0,0
608.119,70.033,-5.292,0.293,215,135,1,0,0,0
602.827,70.326,-5.292,0.293,220,135,1,0,0,0
597.535,70.619,-5.292,0.293,220,135,0,0,0,0
592.244,70.913,-5.292,0.293,220,135,0,0,0,0
586.952,71.206,-5.292,0.293,220,135,0,0,0,0
581.66,71.499,-5.292,0.293,220,135,0,0,0,0
576.368,71.793,-5.292,0.293,220,135,0,0,0,0
571.076,72.086,-5.292,0.293,220,135,0,0,0,0
565.784,72.379,-5.292,0.293,220,135,0,0,0,0
560.492,72.672,-5.292,0.293,220,130,0,-1,0,0
555.2,72.966,-5.292,0.293,220,125,0,-1,0,0
549.909,73.259,-5.292,0.293,220,120,0,-1,0,0
544.617,73.552,-5.292,0.293,220,115,0,-1,0,0
539.325,73.845,-5.292,0.293,220,110,0,-1,0,0
534.033,74.139,-5.292,0.293,220,105,0,-1,0,0
528.741,74.432,-5.292,0.293,220,100,0,-1,0,0
523.449,74.725,-5.292,0.293,220,95,0,-1,0,0
518.157,75.019,-5.292,0.293,215,90,-1,-1,0,0
512.865,75.312,-5.292,0.293,210,85,-1,-1,0,0
507.574,75.605,-5.292,0.293,205,80,-1,-1,0,0
502.282,75.898,-5.292,0.293,200,75,-1,-1,0,0
496.99,76.192,-5.292,0.293,195,70,-1,-1,0,0
491.698,76.485,-5.292,0.293,190,65,-1,-1,0,0
486.406,76.778,-5.292,0.293,185,60,-1,-1,0,0
481.114,77.071,-5.292,0.293,180,55,-1,-1,0,0
475.822,77.365,-5.292,0.293,175,50,-1,-1,0,0
470.53,77.658,-5.292,0.293,170,45,-1,-1,0,0
465.238,77.951,-5.292,0.293,165,40,-1,-1,0,0
459.947,78.244,-5.292,0.293,160,35,-1,-1,0,0
454.655,78.538,-5.292,0.293,155,30,-1,-1,0,0
449.363,78.831,-5.292,0.293,150,25,-1,-1,0,0
444.071,79.124,-5.292,0.293,150,20,0,-1,0,0
438.779,79.418,-5.292,0.293,150,20,0,0,0,0
433.487,79.711,-5.292,0.293,150,20,0,0,0,0
428.195,80.004,-5.292,0.293,150,20,0,0,0,0
422.903,80.297,-5.292,0.293,150,20,0,0,0,0
417.612,80.591,-5.292,0.293,150,20,0,0,0,0
412.32,80.884,-5.292,0.293,145,20,-1,0,0,0
407.028,81.177,-5.292,0.293,140,20,-1,0,0,0
401.736,81.47,-5.292,0.293,135,20,-1,0,0,0
396.444,81.764,-5.292,0.293,130,20,-1,0,0,0
391.152,82.057,-5.292,0.293,125,20,-1,0,0,0
385.86,82.35,-5.292,0.293,120,20,-1,0,0,0
380.568,82.644,-5.292,0.293,115,20,-1,0,0,0
375.277,82.937,-5.292,0.293,110,20,-1,0,0,0
369.985,83.23,-5.292,0.293,105,20,-1,0,0,0
364.693,83.523,-5.292,0.293,100,20,-1,0,0,0
359.401,83.817,-5.292,0.293,100,20,0,0,0,0
354.109,84.11,-5.292,0.293,100,20,0,0,0,0
348.817,84.403,-5.292,0.293,100,20,0,0,0,0
343.525,84.696,-5.292,0.293,100,20,0,0,0,0
338.233,84.99,-5.292,0.293,100,20,0,0,0,0
332.941,85.283,-5.292,0.293,100,20,0,0,0,0
327.65,85.576,-5.292,0.293,100,20,0,0,0,0
322.358,85.869,-5.292,0.293,100,20,0,0,0,0
317.066,86.163,-5.292,0.293,100,20,0,0,0,0
311.774,86.456,-5.292,0.293,100,20,0,0,0,0
306.482,86.749,-5.292,0.293,100,20,0,0,0,0
301.19,87.043,-5.292,0.293,100,20,0,0,0,0
295.898,87.336,-5.292,0.293,100,20,0,0,0,0
290.606,87.629,-5.292,0.293,100,20,0,0,0,0
285.315,87.922,-5.292,0.293,100,20,0,0,0,0
280.023,88.216,-5.292,0.293,100,20,0,0,0,0
274.731,88.509,-5.292,0.293,100,20,0,0,0,0
269.439,88.802,-5.292,0.293,100,20,0,0,0,0
264.147,89.095,-5.292,0.293,100,20,0,0,0,0
258.855,89.389,-5.292,0.293,100,20,0,0,0,0
253.563,89.682,-5.292,0.293,100,20,0,0,0,0
248.271,89.975,-5.292,0.293,95,20,-1,0,0,0
242.98,90.269,-5.292,0.293,90,20,-1,0,0,0
237.688,90.562,-5.292,0.293,85,20,-1,0,0,0
232.396,90.855,-5.292,0.293,80,20,-1,0,0,0
227.104,91.148,-5.292,0.293,75,20,-1,0,0,0
221.812,91.442,-5.292,0.293,70,20,-1,0,0,0
216.52,91.735,-5.292,0.293,65,20,-1,0,0,0
211.228,92.028,-5.292,0.293,60,20,-1,0,0,0
205.936,92.321,-5.292,0.293,55,20,-1,0,0,0
200.644,92.615,-5.292,0.293,50,20,-1,0,0,0
195.353,92.908,-5.292,0.293,45,20,-1,0,0,0
190.061,93.201,-5.292,0.293,40,20,-1,0,0,0
184.769,93.494,-5.292,0.293,35,20,-1,0,0,0
179.477,93.788,-5.292,0.293,30,20,-1,0,0,0
174.185,94.081,-5.292,0.293,30,20,0,0,0,0
168.893,94.374,-5.292,0.293,30,20,0,0,0,0
163.601,94.668,-5.292,0.293,30,20,0,0,0,0
158.309,94.961,-5.292,0.293,30,20,0,0,0,0
153.018,95.254,-5.292,0.293,30,20,0,0,0,0
147.726,95.547,-5.292,0.293,30,20,0,0,0,0
142.434,95.841,-5.292,0.293,30,20,0,0,0,0
137.142,96.134,-5.292,0.293,30,20,0,0,0,0
131.85,96.427,-5.292,0.293,30,20,0,0,0,0
126.558,96.72,-5.292,0.293,30,20,0,0,0,0
121.266,97.014,-5.292,0.293,30,20,0,0,0,0
115.974,97.307,-5.292,0.293,30,20,0,0,0,0
110.683,97.6,-5.292,0.293,30,20,0,0,0,0
105.391,97.894,-5.292,0.293,30,20,0,0,0,0
100.099,98.187,-5.292,0.293,30,20,0,0,0,0
94.807,98.48,-5.292,0.293,30,20,0,0,0,0
89.515,98.773,-5.292,0.293,30,20,0,0,0,0
84.223,99.067,-5.292,0.293,30,20,0,0,0,0
78.931,99.36,-5.292,0.293,30,20,0,0,0,0
73.639,99.653,-5.292,0.293,30,20,0,0,0,0
68.347,99.946,-5.292,0.293,30,20,0,0,0,0
63.056,100.24,-5.292,0.293,30,20,0,0,0,0
57.764,100.533,-5.292,0.293,30,20,0,0,0,0
52.472,100.826,-5.292,0.293,30,20,0,0,0,0
49.0,101.119,3.842,4.074,30,20,0,0,0,0
52.842,105.194,3.842,4.074,30,20,0,0,0,0
56.684,109.268,3.842,4.074,30,20,0,0,0,0
60.526,113.342,3.842,4.074,30,20,0,0,0,0
64.368,117.416,3.842,4.074,30,20,0,0,0,0
68.21,121.49,3.842,4.074,30,20,0,0,0,0
72.052,125.564,3.842,4.074,30,20,0,0,0,0
75.894,129.638,3.842,4.074,30,20,0,0,0,0
79.736,133.713,3.842,4.074,30,20,0,0,0,0
83.579,137.787,3.842,4.074,30,20,0,0,0,0
87.421,141.861,3.842,4.074,30,20,0,0,0,0
91.263,145.935,3.842,4.074,30,20,0,0,0,0
95.105,150.009,3.842,4.074,30,20,0,0,0,0
98.947,154.083,3.842,4.074,30,20,0,0,0,0
102.789,158.157,3.842,4.074,30,25,0,1,0,0
106.631,162.231,3.842,4.074,30,30,0,1,0,0
110.473,166.306,3.842,4.074,30,35,0,1,0,0
114.315,170.38,3.842,4.074,30,40,0,1,0,0
118.157,174.454,3.842,4.074,30,45,0,1,0,0
121.999,178.528,3.842,4.074,30,50,0,1,0,0
125.841,182.602,3.842,4.074,30,55,0,1,0,0
129.683,186.676,3.842,4.074,30,60,0,1,0,0
133.525,190.75,3.842,4.074,30,65,0,1,0,0
137.367,194.825,3.842,4.074,30,70,0,1,0,0
141.209,198.899,3.842,4.074,30,75,0,1,0,0
145.052,202.973,3.842,4.074,30,80,0,1,0,0
148.894,207.047,3.842,4.074,30,85,0,1,0,0
152.736,211.121,3.842,4.074,30,90,0,1,0,0
156.578,215.195,3.842,4.074,25,95,-1,1,0,0
160.42,219.269,3.842,4.074,20,100,-1,1,0,0
164.262,223.343,3.842,4.074,15,105,-1,1,0,0
168.104,227.418,3.842,4.074,10,110,-1,1,0,0
171.946,231.492,3.842,4.074,5,115,-1,1,0,0
175.788,235.566,3.842,4.074,0,120,-1,1,0,0
179.63,239.64,3.842,4.074,0,125,-1,1,0,0
183.472,243.714,3.842,4.074,0,130,-1,1,0,0
187.314,247.788,3.842,4.074,0,135,-1,1,0,0
191.156,251.862,3.842,4.074,0,140,-1,1,0,0
194.998,255.937,3.842,4.074,0,145,-1,1,0,0
198.84,260.011,3.842,4.074,0,150,-1,1,0,0
202.682,264.085,3.842,4.074,0,155,-1,1,0,0
206.525,268.159,3.842,4.074,0,160,-1,1,0,0
210.367,272.233,3.842,4.074,0,165,0,1,0,0
214.209,276.307,3.842,4.074,0,170,0,1,0,0
218.051,280.381,3.842,4.074,0,175,0,1,0,0
221.893,284.455,3.842,4.074,0,180,0,1,0,0
225.735,288.53,3.842,4.074,0,185,0,1,0,0
229.577,292.604,3.842,4.074,0,190,0,1,0,0
233.419,296.678,3.842,4.074,0,195,0,1,0,0
237.261,300.752,3.842,4.074,0,200,0,1,0,0
241.103,304.826,3.842,4.074,0,205,0,1,0,0
244.945,308.9,3.842,4.074,0,210,0,1,0,0
248.787,312.974,3.842,4.074,5,215,1,1,0,0
252.629,317.049,3.842,4.074,10,220,1,1,0,0
256.471,321.123,3.842,4.074,15,225,1,1,0,0
260.313,325.197,3.842,4.074,20,230,1,1,0,0
264.155,329.271,3.842,4.074,25,235,1,1,0,0
267.998,333.345,3.842,4.074,30,240,1,1,0,0
271.84,337.419,3.842,4.074,35,245,1,1,0,0
275.682,341.493,3.842,4.074,40,250,1,1,0,0
279.524,345.567,3.842,4.074,45,255,1,1,0,0
283.366,349.642,3.842,4.074,50,260,1,1,0,0
287.208,353.716,3.842,4.074,55,265,1,1,0,0
291.05,357.79,3.842,4.074,60,270,1,1,0,0
294.892,361.864,3.842,4.074,65,275,1,1,0,0
298.734,365.938,3.842,4.074,70,280,1,1,0,0
302.576,370.012,3.842,4.074,75,285,1,1,0,0
306.418,374.086,3.842,4.074,80,290,1,1,0,0
310.26,378.161,3.842,4.074,85,295,1,1,0,0
314.102,382.235,3.842,4.074,90,300,1,1,0,0
317.944,386.309,3.842,4.074,95,305,1,1,0,0
321.786,390.383,3.842,4.074,100,310,1,1,0,0
325.628,394.457,3.842,4.074,105,315,1,1,0,0
329.47,398.531,3.842,4.074,110,320,1,1,0,0
333.313,402.605,3.842,4.074,115,325,1,1,0,0
337.155,406.679,3.842,4.074,120,330,1,1,0,0
340.997,410.754,3.842,4.074,125,335,1,1,0,0
344.839,414.828,3.842,4.074,130,340,1,1,0,0
348.681,418.902,3.842,4.074,135,345,1,1,0,0
352.523,422.976,3.842,4.074,140,350,1,1,0,0
356.365,427.05,3.842,4.074,145,355,1,1,0,0
360.207,431.124,3.842,4.074,150,360,1,1,0,0
364.049,435.198,3.842,4.074,155,365,1,1,0,0
367.891,439.273,3.842,4.074,160,370,1,1,0,0
371.733,443.347,3.842,4.074,165,375,1,1,0,0
375.575,447.421,3.842,4.074,170,380,1,1,0,0
379.417,451.495,3.842,4.074,175,385,1,1,0,0
383.259,455.569,3.842,4.074,180,390,1,1,0,0
387.101,459.643,3.842,4.074,185,395,1,1,0,0
390.943,463.717,3.842,4.074,190,400,1,1,0,0
394.786,467.791,3.842,4.074,195,405,1,1,0,0
398.628,471.866,3.842,4.074,200,410,1,1,0,0
402.47,475.94,3.842,4.074,205,415,1,1,0,0
406.312,480.014,3.842,4.074,210,415,1,0,0,0
410.154,484.088,3.842,4.074,215,415,1,0,0,0
413.996,488.162,3.842,4.074,220,415,1,0,0,0
417.838,492.236,3.842,4.074,225,415,1,0,0,0
421.68,496.31,3.842,4.074,230,415,1,0,0,0
425.522,500.385,3.842,4.074,235,415,1,0,0,0
429.364,504.459,3.842,4.074,240,415,1,0,0,0
433.206,508.533,3.842,4.074,245,415,1,0,0,0
437.048,512.607,3.842,4.074,250,415,1,0,0,0
440.89,516.681,3.842,4.074,255,415,1,0,0,0
444.732,520.755,3.842,4.074,260,415,1,0,0,0
448.574,524.829,3.842,4.074,265,415,1,0,0,0
452.416,528.903,3.842,4.074,270,415,1,0,0,0
456.259,532.978,3.842,4.074,275,415,1,0,0,0
460.101,537.052,3.842,4.074,280,415,1,0,0,0
463.943,541.126,3.842,4.074,285,415,1,0,0,0
467.785,545.2,3.842,4.074,290,415,1,0,0,0
471.627,549.274,3.842,4.074,295,415,1,0,0,0
475.469,553.348,3.842,4.074,300,415,1,0,0,0
479.311,557.422,3.842,4.074,305,415,1,0,0,0
483.153,561.497,3.842,4.074,310,415,1,0,0,0
486.995,565.571,3.842,4.074,315,415,1,0,0,0
490.837,569.645,3.842,4.074,320,415,1,0,0,0
494.679,573.719,3.842,4.074,325,415,1,0,0,0
498.521,577.793,3.842,4.074,330,415,1,0,0,0
502.363,581.867,3.842,4.074,335,415,1,0,0,0
506.205,585.941,3.842,4.074,340,415,1,0,0,0
510.047,590.015,3.842,4.074,340,415,0,0,0,0
513.889,594.0,3.842,-4.074,340,415,0,0,0,0
517.732,589.926,3.842,-4.074,340,415,0,0,0,0
521.574,585.852,3.842,-4.074,340,415,0,0,0,0
525.416,581.778,3.842,-4.074,340,415,0,0,0,0
529.258,577.703,3.842,-4.074,340,415,0,0,0,0
533.1,573.629,3.842,-4.074,340,415,0,0,0,0
536.942,569.555,3.842,-4.074,340,415,0,0,0,0
540.784,565.481,3.842,-4.074,340,415,0,0,0,0
544.626,561.407,3.842,-4.074,340,415,0,0,0,0
548.468,557.333,3.842,-4.074,340,415,0,0,0,0
552.31,553.259,3.842,-4.074,340,415,0,0,0,0
556.152,549.185,3.842,-4.074,340,415,0,0,0,0
559.994,545.11,3.842,-4.074,340,415,0,0,0,0
563.836,541.036,3.842,-4.074,340,415,0,0,0,0
567.678,536.962,3.842,-4.074,340,415,0,0,0,0
571.52,532.888,3.842,-4.074,340,415,0,0,0,0
575.362,528.814,3.842,-4.074,340,415,0,0,0,0
579.204,524.74,3.842,-4.074,340,415,0,0,0,0
583.047,520.666,3.842,-4.074,340,415,0,0,0,0
586.889,516.591,3.842,-4.074,340,415,0,0,0,0
590.731,512.517,3.842,-4.074,340,415,0,0,0,0
594.573,508.443,3.842,-4.074,340,415,0,0,0,0
598.415,504.369,3.842,-4.074,340,415,0,0,0,0
602.257,500.295,3.842,-4.074,340,415,0,0,0,0
606.099,496.221,3.842,-4.074,340,415,0,0,0,0
609.941,492.147,3.842,-4.074,340,415,0,0,0,0
613.783,488.073,3.842,-4.074,340,415,0,0,0,0
617.625,483.998,3.842,-4.074,340,410,0,-1,0,0
621.467,479.924,3.842,-4.074,340,405,0,-1,0,0
625.309,475.85,3.842,-4.074,340,400,0,-1,0,0
629.151,471.776,3.842,-4.074,340,395,0,-1,0,0
632.993,467.702,3.842,-4.074,340,390,0,-1,0,0
636.835,463.628,3.842,-4.074,340,385,0,-1,0,0
640.677,459.554,3.842,-4.074,340,380,0,-1,0,0
644.52,455.479,3.842,-4.074,340,375,0,-1,0,0
648.362,451.405,3.842,-4.074,340,370,0,-1,0,0
652.204,447.331,3.842,-4.074,340,365,0,-1,0,0
656.046,443.257,3.842,-4.074,340,360,0,-1,0,0
659.888,439.183,3.842,-4.074,340,355,0,-1,0,0
663.73,435.109,3.842,-4.074,340,350,0,-1,0,0
667.572,431.035,3.842,-4.074,340,345,0,-1,0,0
671.414,426.961,3.842,-4.074,340,340,0,-1,0,0
675.256,422.886,3.842,-4.074,340,335,0,-1,0,0
679.098,418.812,3.842,-4.074,340,330,0,-1,0,0
682.94,414.738,3.842,-4.074,340,325,0,-1,0,0
686.782,410.664,3.842,-4.074,340,320,0,-1,0,0
690.624,406.59,3.842,-4.074,340,320,0,0,0,0
694.466,402.516,3.842,-4.074,340,320,0,0,0,0
698.308,398.442,3.842,-4.074,340,320,0,0,0,0
702.15,394.367,3.842,-4.074,340,320,0,0,0,0
705.993,390.293,3.842,-4.074,345,320,1,0,0,0
709.835,386.219,3.842,-4.074,350,320,1,0,0,0
713.677,382.145,3.842,-4.074,355,320,1,0,0,0
717.519,378.071,3.842,-4.074,360,320,1,0,0,0
721.361,373.997,3.842,-4.074,365,320,1,0,0,0
725.203,369.923,3.842,-4.074,370,320,1,0,0,0
729.045,365.849,3.842,-4.074,375,320,1,0,0,0
732.887,361.774,3.842,-4.074,375,320,0,0,0,0
736.729,357.7,3.842,-4.074,375,320,0,0,0,0
740.571,353.626,3.842,-4.074,375,320,0,0,0,0
744.413,349.552,3.842,-4.074,375,320,0,0,0,0
748.255,345.478,3.842,-4.074,375,320,0,0,0,0
752.097,341.404,3.842,-4.074,375,320,0,0,0,0
751.0,337.33,-4.891,-3.3,375,320,0,0,0,0
746.109,334.03,-4.891,-3.3,375,320,0,0,0,0
741.218,330.73,-4.891,-3.3,375,315,0,-1,0,0
736.327,327.43,-4.891,-3.3,375,310,0,-1,0,0
731.436,324.131,-4.891,-3.3,375,305,0,-1,0,0
726.545,320.831,-4.891,-3.3,375,300,0,-1,0,0
721.654,317.531,-4.891,-3.3,375,295,0,-1,0,0
716.763,314.232,-4.891,-3.3,375,290,0,-1,0,0
711.872,310.932,-4.891,-3.3,375,285,0,-1,0,0
706.981,307.632,-4.891,-3.3,375,280,0,-1,0,0
702.09,304.332,-4.891,-3.3,375,280,0,0,0,0
697.199,301.033,-4.891,-3.3,375,280,0,0,0,0
692.308,297.733,-4.891,-3.3,375,280,0,0,0,0
687.417,294.433,-4.891,-3.3,375,280,0,0,0,0
682.526,291.134,-4.891,-3.3,375,280,0,0,0,0
677.635,287.834,-4.891,-3.3,375,280,0,0,0,0
672.744,284.534,-4.891,-3.3,375,280,0,0,0,0
667.853,281.234,-4.891,-3.3,375,280,0,0,0,0
662.962,277.935,-4.891,-3.3,375,280,0,0,0,0
658.071,274.635,-4.891,-3.3,375,280,0,0,0,0
653.18,271.335,-4.891,-3.3,375,280,0,0,0,0
648.289,268.036,-4.891,-3.3,375,280,0,0,0,0
643.398,264.736,-4.891,-3.3,375,280,0,0,0,0
638.507,261.436,-4.891,-3.3,375,280,0,0,0,0
633.616,258.136,-4.891,-3.3,375,280,0,0,0,0
628.725,254.837,-4.891,-3.3,375,280,0,0,0,0
623.834,251.537,-4.891,-3.3,375,280,0,0,0,0
618.943,248.237,-4.891,-3.3,375,280,0,0,0,0
614.052,244.938,-4.891,-3.3,375,280,0,0,0,0
609.161,241.638,-4.891,-3.3,370,280,-1,0,0,0
604.27,238.338,-4.891,-3.3,365,280,-1,0,0,0
599.379,235.038,-4.891,-3.3,360,280,-1,0,0,0
594.488,231.739,-4.891,-3.3,355,280,-1,0,0,0
589.597,228.439,-4.891,-3.3,350,280,-1,0,0,0
584.706,225.139,-4.891,-3.3,345,280,-1,0,0,0
579.815,221.84,-4.891,-3.3,340,280,-1,0,0,0
574.924,218.54,-4.891,-3.3,335,280,-1,0,0,0
570.033,215.24,-4.891,-3.3,330,280,-1,0,0,0
565.142,211.94,-4.891,-3.3,325,280,-1,0,0,0
560.251,208.641,-4.891,-3.3,320,280,-1,0,0,0
555.36,205.341,-4.891,-3.3,315,280,-1,0,0,0
550.469,202.041,-4.891,-3.3,310,280,-1,0,0,0
545.578,198.741,-4.891,-3.3,305,285,-1,1,0,0
540.687,195.442,-4.891,-3.3,300,290,-1,1,0,0
535.796,192.142,-4.891,-3.3,295,295,-1,1,0,0
530.905,188.842,-4.891,-3.3,290,300,-1,1,0,0
526.014,185.543,-4.891,-3.3,285,305,-1,1,0,0
521.123,182.243,-4.891,-3.3,280,310,-1,1,0,0
516.232,178.943,-4.891,-3.3,275,310,-1,0,0,0
511.341,175.643,-4.891,-3.3,270,310,-1,0,0,0
506.45,172.344,-4.891,-3.3,265,310,-1,0,0,0
501.559,169.044,-4.891,-3.3,260,310,-1,0,0,0
496.668,165.744,-4.891,-3.3,255,310,-1,0,0,0
491.777,162.445,-4.891,-3.3,250,310,-1,0,0,0
486.886,159.145,-4.891,-3.3,245,310,-1,0,0,0
481.995,155.845,-4.891,-3.3,240,310,-1,0,0,0
477.104,152.545,-4.891,-3.3,235,310,-1,0,0,0
472.213,149.246,-4.891,-3.3,230,305,-1,-1,0,0
467.322,145.946,-4.891,-3.3,225,300,-1,-1,0,0
462.431,142.646,-4.891,-3.3,220,295,-1,-1,0,0
457.54,139.347,-4.891,-3.3,215,290,-1,-1,0,0
452.649,136.047,-4.891,-3.3,210,285,-1,-1,0,0
447.758,132.747,-4.891,-3.3,205,280,-1,-1,0,0
442.867,129.447,-4.891,-3.3,200,275,-1,-1,0,0
437.976,126.148,-4.891,-3.3,195,270,-1,-1,0,0
433.085,122.848,-4.891,-3.3,190,265,-1,-1,0,0
428.194,119.548,-4.891,-3.3,185,260,-1,-1,0,0
423.303,116.249,-4.891,-3.3,180,255,-1,-1,0,0
418.412,112.949,-4.891,-3.3,175,250,-1,-1,0,0
413.521,109.649,-4.891,-3.3,170,245,-1,-1,0,0
408.63,106.349,-4.891,-3.3,165,240,-1,-1,0,0
403.739,103.05,-4.891,-3.3,160,235,-1,-1,0,0
398.848,99.75,-4.891,-3.3,155,230,-1,-1,0,0
393.957,96.45,-4.891,-3.3,150,225,-1,-1,0,0
389.066,93.151,-4.891,-3.3,145,220,-1,-1,0,0
384.175,89.851,-4.891,-3.3,140,215,-1,-1,0,0
379.284,86.551,-4.891,-3.3,135,210,-1,-1,0,0
374.393,83.251,-4.891,-3.3,130,205,-1,-1,0,0
369.502,79.952,-4.891,-3.3,125,200,-1,-1,0,0
364.611,76.652,-4.891,-3.3,120,195,-1,-1,0,0
359.72,73.352,-4.891,-3.3,115,190,-1,-1,0,0
354.829,70.053,-4.891,-3.3,110,185,-1,-1,0,0
349.938,66.753,-4.891,-3.3,110,180,0,-1,0,0
345.047,63.453,-4.891,-3.3,110,175,0,-1,0,0
340.156,60.153,-4.891,-3.3,110,170,0,-1,0,0
335.265,56.854,-4.891,-3.3,110,165,0,-1,0,0
330.374,53.554,-4.891,-3.3,110,160,0,-1,0,0
325.483,50.254,-4.891,-3.3,110,155,0,-1,0,0
320.592,46.955,-4.891,-3.3,110,150,0,-1,0,0
315.701,43.655,-4.891,-3.3,110,145,0,-1,0,0
310.81,40.355,-4.891,-3.3,110,140,0,-1,0,0
305.919,37.055,-4.891,-3.3,110,135,0,-1,0,0
301.028,33.756,-4.891,-3.3,110,130,0,-1,0,0
296.137,30.456,-4.891,-3.3,110,125,0,-1,0,0
291.246,27.156,-4.891,-3.3,110,120,0,-1,0,0
286.355,23.857,-4.891,-3.3,110,115,0,-1,0,0
281.464,20.557,-4.891,-3.3,110,110,0,-1,0,0
276.573,17.257,-4.891,-3.3,105,105,-1,-1,0,0
271.682,13.957,-4.891,-3.3,100,100,-1,-1,0,0
266.791,10.658,-4.891,-3.3,95,95,-1,-1,0,0
261.9,7.358,-4.891,-3.3,90,90,-1,-1,0,0
257.009,6.0,-4.891,3.3,85,85,-1,-1,0,0
252.118,9.3,-4.891,3.3,80,80,-1,-1,0,0
247.227,12.599,-4.891,3.3,75,75,-1,-1,0,0
242.336,15.899,-4.891,3.3,70,75,-1,0,0,0
237.445,19.199,-4.891,3.3,65,75,-1,0,0,0
232.554,22.499,-4.891,3.3,60,75,-1,0,0,0
227.663,25.798,-4.891,3.3,55,75,-1,0,0,0
222.772,29.098,-4.891,3.3,50,75,-1,0,0,0
217.881,32.398,-4.891,3.3,45,75,-1,0,0,0
212.99,35.697,-4.891,3.3,40,75,-1,0,0,0
208.099,38.997,-4.891,3.3,35,75,-1,0,0,0
203.208,42.297,-4.891,3.3,30,75,-1,0,0,0
198.317,45.597,-4.891,3.3,25,75,-1,0,0,0
193.426,48.896,-4.891,3.3,20,75,-1,0,0,0
188.535,52.196,-4.891,3.3,15,75,-1,0,0,0
183.644,55.496,-4.891,3.3,10,75,-1,0,0,0
178.753,58.795,-4.891,3.3,5,75,-1,0,0,0
173.862,62.095,-4.891,3.3,0,75,-1,0,0,0
168.971,65.395,-4.891,3.3,0,75,-1,0,0,0
164.08,68.695,-4.891,3.3,0,75,-1,0,0,0
159.189,71.994,-4.891,3.3,0,75,-1,0,0,0
154.298,75.294,-4.891,3.3,0,75,0,0,0,0
149.407,78.594,-4.891,3.3,0,75,0,0,0,0
144.516,81.893,-4.891,3.3,0,80,0,1,0,0
139.625,85.193,-4.891,3.3,0,85,0,1,0,0
134.734,88.493,-4.891,3.3,0,90,0,1,0,0
129.843,91.793,-4.891,3.3,5,95,1,1,0,0
124.952,95.092,-4.891,3.3,10,100,1,1,0,0
120.061,98.392,-4.891,3.3,15,105,1,1,0,0
115.17,101.692,-4.891,3.3,20,110,1,1,0,0
110.279,104.992,-4.891,3.3,25,115,1,1,0,0
105.388,108.291,-4.891,3.3,30,120,1,1,0,0
100.497,111.591,-4.891,3.3,35,125,1,1,0,0
95.606,114.891,-4.891,3.3,40,130,1,1,0,0
90.715,118.19,-4.891,3.3,45,135,1,1,0,0
85.824,121.49,-4.891,3.3,50,140,1,1,0,0
80.933,124.79,-4.891,3.3,55,145,1,1,0,0
76.042,128.09,-4.891,3.3,60,150,1,1,0,0
71.151,131.389,-4.891,3.3,65,155,1,1,0,0
66.26,134.689,-4.891,3.3,70,160,1,1,0,0
61.369,137.989,-4.891,3.3,75,165,1,1,0,0
56.478,141.288,-4.891,3.3,80,170,1,1,0,0
51.587,144.588,-4.891,3.3,85,175,1,1,0,0
49.0,147.888,5.532,2.799,90,180,1,1,0,0
54.532,150.686,5.532,2.799,95,185,1,1,0,0
60.065,153.485,5.532,2.799,100,190,1,1,0,0
65.597,156.283,5.532,2.799,105,195,1,1,0,0
71.13,159.082,5.532,2.799,110,200,1,1,0,0
76.662,161.88,5.532,2.799,115,205,1,1,0,0
82.195,164.679,5.532,2.799,120,210,1,1,0,0
87.727,167.477,5.532,2.799,125,215,1,1,0,0
93.26,170.276,5.532,2.799,130,220,1,1,0,0
98.792,173.074,5.532,2.799,135,225,1,1,0,0
104.325,175.873,5.532,2.799,140,230,1,1,0,0
109.857,178.671,5.532,2.799,145,235,1,1,0,0
115.39,181.47,5.532,2.799,150,240,1,1,0,0
120.922,184.268,5.532,2.799,155,245,1,1,0,0
126.455,187.067,5.532,2.799,160,250,1,1,0,0
131.987,189.865,5.532,2.799,165,255,1,1,0,0
137.52,192.664,5.532,2.799,170,260,1,1,0,0
143.052,195.462,5.532,2.799,175,265,1,1,0,0
148.585,198.261,5.532,2.799,180,270,1,1,0,0
154.117,201.059,5.532,2.799,185,275,1,1,0,0
159.65,203.858,5.532,2.799,190,280,1,1,0,0
165.182,206.656,5.532,2.799,195,285,1,1,0,0
170.715,209.455,5.532,2.799,195,290,0,1,0,0
176.247,212.253,5.532,2.799,195,295,0,1,0,0
181.78,215.052,5.532,2.799,195,295,0,0,0,0
187.312,217.85,5.532,2.799,195,295,0,0,0,0
192.845,220.649,5.532,2.799,195,295,0,0,0,0
198.377,223.447,5.532,2.799,195,295,0,0,0,0
203.91,226.246,5.532,2.799,195,295,0,0,0,0
209.442,229.044,5.532,2.799,195,295,0,0,0,0
214.975,231.843,5.532,2.799,195,295,0,0,0,0
220.507,234.641,5.532,2.799,195,295,0,0,0,0
226.039,237.44,5.532,2.799,195,295,0,0,0,0
231.572,240.238,5.532,2.799,195,295,0,0,0,0
237.104,243.037,5.532,2.799,195,295,0,0,0,0
242.637,245.835,5.532,2.799,195,295,0,0,0,0
248.169,248.634,5.532,2.799,195,295,0,0,0,0
253.702,251.432,5.532,2.799,195,300,0,1,0,0
259.234,254.231,5.532,2.799,195,305,0,1,0,0
264.767,257.029,5.532,2.799,195,310,0,1,0,0
270.299,259.828,5.532,2.799,195,315,0,1,0,0
275.832,262.627,5.532,2.799,195,320,0,1,0,0
281.364,265.425,5.532,2.799,195,325,0,1,0,0
286.897,268.224,5.532,2.799,195,330,0,1,0,0
292.429,271.022,5.532,2.799,195,335,0,1,0,0
297.962,273.821,5.532,2.799,195,340,0,1,0,0
303.494,276.619,5.532,2.799,195,345,0,1,0,0
309.027,279.418,5.532,2.799,195,350,0,1,0,0
314.559,282.216,5.532,2.799,195,355,0,1,0,0
320.092,285.015,5.532,2.799,195,360,0,1,0,0
325.624,287.813,5.532,2.799,195,365,0,1,0,0
331.157,290.612,5.532,2.799,195,370,0,1,0,0
336.689,293.41,5.532,2.799,195,370,0,0,0,0
342.222,296.209,5.532,2.799,195,370,0,0,0,0
347.754,299.007,5.532,2.799,195,370,0,0,0,0
353.287,301.806,5.532,2.799,195,370,0,0,0,0
358.819,304.604,5.532,2.799,195,370,0,0,0,0
364.352,307.403,5.532,2.799,195,370,0,0,0,0
369.884,310.201,5.532,2.799,195,370,0,0,0,0
375.417,313.0,5.532,2.799,195,370,0,0,0,0
380.949,315.798,5.532,2.799,195,370,0,0,0,0
386.481,318.597,5.532,2.799,195,370,0,0,0,0
392.014,321.395,5.532,2.799,195,370,0,0,0,0
397.546,324.194,5.532,2.799,195,370,0,0,0,0
403.079,326.992,5.532,2.799,195,370,0,0,0,0
408.611,329.791,5.532,2.799,195,370,0,0,0,0
414.144,332.589,5.532,2.799,195,370,0,0,0,0
419.676,335.388,5.532,2.799,195,370,0,0,0,0
425.209,338.186,5.532,2.799,200,370,1,0,0,0
430.741,340.985,5.532,2.799,205,370,1,0,0,0
436.274,343.783,5.532,2.799,210,370,1,0,0,0
441.806,346.582,5.532,2.799,215,370,1,0,0,0
447.339,349.38,5.532,2.799,220,370,1,0,0,0
452.871,352.179,5.532,2.799,225,370,1,0,0,0
458.404,354.977,5.532,2.799,230,375,1,1,0,0
463.936,357.776,5.532,2.799,235,380,1,1,0,0
469.469,360.574,5.532,2.799,240,385,1,1,0,0
475.001,363.373,5.532,2.799,245,390,1,1,0,0
480.534,366.171,5.532,2.799,250,395,1,1,0,0
486.066,368.97,5.532,2.799,255,400,1,1,0,0
491.599,371.768,5.532,2.799,260,405,1,1,0,0
497.131,374.567,5.532,2.799,265,410,1,1,0,0
502.664,377.365,5.532,2.799,270,415,1,1,0,0
508.196,380.164,5.532,2.799,275,420,1,1,0,0
513.729,382.962,5.532,2.799,275,425,0,1,0,0
519.261,385.761,5.532,2.799,275,430,0,1,0,0
524.794,388.559,5.532,2.799,275,435,0,1,0,0
530.326,391.358,5.532,2.799,275,440,0,1,0,0
535.859,394.156,5.532,2.799,275,440,0,0,0,0
541.391,396.955,5.532,2.799,275,440,0,0,0,0
546.924,399.753,5.532,2.799,275,440,0,0,0,0
552.456,402.552,5.532,2.799,275,440,0,0,0,0
557.988,405.35,5.532,2.799,275,440,0,0,0,0
563.521,408.149,5.532,2.799,275,440,0,0,0,0
569.053,410.947,5.532,2.799,275,440,0,0,0,0
574.586,413.746,5.532,2.799,275,440,0,0,0,0
580.118,416.544,5.532,2.799,275,440,0,0,0,0
585.651,419.343,5.532,2.799,275,440,0,0,0,0
591.183,422.141,5.532,2.799,275,440,0,0,0,0
596.716,424.94,5.532,2.799,275,440,0,0,0,0
602.248,427.738,5.532,2.799,275,440,0,0,0,0
607.781,430.537,5.532,2.799,275,440,0,0,0,0
613.313,433.335,5.532,2.799,275,440,0,0,0,0
618.846,436.134,5.532,2.799,275,440,0,0,0,0
624.378,438.932,5.532,2.799,275,440,0,0,0,0
629.911,441.731,5.532,2.799,275,440,0,0,0,0
635.443,444.529,5.532,2.799,275,440,0,0,0,0
640.976,447.328,5.532,2.799,275,440,0,0,0,0
646.508,450.126,5.532,2.799,275,440,0,0,0,0
652.041,452.925,5.532,2.799,275,440,0,0,0,0
657.573,455.723,5.532,2.799,275,440,0,0,0,0
663.106,458.522,5.532,2.799,275,440,0,0,0,0
668.638,461.32,5.532,2.799,275,440,0,0,0,0
674.171,464.119,5.532,2.799,275,440,0,0,0,0
679.703,466.917,5.532,2.799,275,440,0,0,0,0
685.236,469.716,5.532,2.799,275,440,0,0,0,0
690.768,472.514,5.532,2.799,275,440,0,0,0,0
696.301,475.313,5.532,2.799,275,440,0,0,0,0
701.833,478.111,5.532,2.799,275,440,0,0,0,0
707.366,480.91,5.532,2.799,275,440,0,0,0,0
712.898,483.708,5.532,2.799,275,440,0,0,0,0
718.43,486.507,5.532,2.799,275,440,0,0,0,0
723.963,489.305,5.532,2.799,275,440,0,0,0,0
729.495,492.104,5.532,2.799,275,440,0,0,0,0
735.028,494.902,5.532,2.799,275,440,0,0,0,0
740.56,497.701,5.532,2.799,275,440,0,0,0,0
746.093,500.499,5.532,2.799,275,440,0,0,0,0
751.625,503.298,5.532,2.799,275,445,0,1,0,0
751.0,506.096,-5.931,2.659,275,450,0,1,0,0
745.069,508.755,-5.931,2.659,275,455,0,1,0,0
739.137,511.414,-5.931,2.659,275,460,0,1,0,0
733.206,514.073,-5.931,2.659,275,465,0,1,0,0
727.275,516.731,-5.931,2.659,275,470,0,1,0,0
721.343,519.39,-5.931,2.659,275,475,0,1,0,0
715.412,522.049,-5.931,2.659,275,480,0,1,0,0
709.481,524.708,-5.931,2.659,275,485,0,1,0,0
703.549,527.367,-5.931,2.659,275,490,0,1,0,0
697.618,530.025,-5.931,2.659,275,495,0,1,0,0
691.686,532.684,-5.931,2.659,275,500,0,1,0,0
685.755,535.343,-5.931,2.659,275,505,0,1,0,0
679.824,538.002,-5.931,2.659,275,510,0,1,0,0
673.892,540.66,-5.931,2.659,275,515,0,1,0,0
667.961,543.319,-5.931,2.659,275,520,0,1,0,0
662.03,545.978,-5.931,2.659,275,520,0,1,0,0
656.098,548.637,-5.931,2.659,275,520,0,1,0,0
650.167,551.295,-5.931,2.659,275,520,0,1,0,0
644.236,553.954,-5.931,2.659,275,520,0,0,0,0
638.304,556.613,-5.931,2.659,275,520,0,0,0,0
632.373,559.272,-5.931,2.659,275,520,0,0,0,0
626.442,561.931,-5.931,2.659,275,520,0,0,0,0
620.51,564.589,-5.931,2.659,280,520,1,0,0,0
614.579,567.248,-5.931,2.659,285,520,1,0,0,0
608.648,569.907,-5.931,2.659,290,520,1,0,0,0
602.716,572.566,-5.931,2.659,295,520,1,0,0,0
596.785,575.224,-5.931,2.659,300,520,1,0,0,0
590.853,577.883,-5.931,2.659,305,520,1,0,0,0
584.922,580.542,-5.931,2.659,310,520,1,0,0,0
578.991,583.201,-5.931,2.659,315,520,1,0,0,0
573.059,585.859,-5.931,2.659,320,520,1,0,0,0
567.128,588.518,-5.931,2.659,325,520,1,0,0,0
561.197,591.177,-5.931,2.659,330,520,1,0,0,0
555.265,593.836,-5.931,2.659,335,520,1,0,0,0
549.334,594.0,-5.931,-2.659,340,520,1,0,0,0
543.403,591.341,-5.931,-2.659,345,520,1,0,0,0
537.471,588.682,-5.931,-2.659,350,520,1,0,0,0
531.54,586.024,-5.931,-2.659,355,520,1,0,0,0
525.609,583.365,-5.931,-2.659,360,520,1,0,0,0
519.677,580.706,-5.931,-2.659,365,520,1,0,0,0
513.746,578.047,-5.931,-2.659,370,520,1,0,0,0
507.814,575.389,-5.931,-2.659,375,520,1,0,0,0
501.883,572.73,-5.931,-2.659,375,520,0,0,0,0
495.952,570.071,-5.931,-2.659,375,520,0,0,0,0
490.02,567.412,-5.931,-2.659,375,520,0,0,0,0
484.089,564.754,-5.931,-2.659,375,520,0,0,0,0
478.158,562.095,-5.931,-2.659,375,520,0,0,0,0
472.226,559.436,-5.931,-2.659,375,520,0,0,0,0
466.295,556.777,-5.931,-2.659,375,520,0,0,0,0
460.364,554.118,-5.931,-2.659,375,520,0,0,0,0
454.432,551.46,-5.931,-2.659,375,520,0,0,0,0
448.501,548.801,-5.931,-2.659,375,520,0,0,0,0
442.57,546.142,-5.931,-2.659,375,520,0,0,0,0
436.638,543.483,-5.931,-2.659,375,520,0,0,0,0
430.707,540.825,-5.931,-2.659,375,520,0,0,0,0
424.776,538.166,-5.931,-2.659,375,520,0,0,0,0
418.844,535.507,-5.931,-2.659,375,520,0,0,0,0
412.913,532.848,-5.931,-2.659,375,520,0,0,0,0
406.981,530.19,-5.931,-2.659,375,520,0,0,0,0
401.05,527.531,-5.931,-2.659,375,520,0,0,0,0
395.119,524.872,-5.931,-2.659,375,520,0,0,0,0
389.187,522.213,-5.931,-2.659,370,520,-1,0,0,0
383.256,519.555,-5.931,-2.659,365,520,-1,0,0,0
377.325,516.896,-5.931,-2.659,360,520,-1,0,0,0
371.393,514.237,-5.931,-2.659,355,520,-1,0,0,0
365.462,511.578,-5.931,-2.659,350,515,-1,-1,0,0
359.531,508.919,-5.931,-2.659,345,510,-1,-1,0,0
353.599,506.261,-5.931,-2.659,340,505,-1,-1,0,0
347.668,503.602,-5.931,-2.659,335,500,-1,-1,0,0
341.737,500.943,-5.931,-2.659,330,495,-1,-1,0,0
335.805,498.284,-5.931,-2.659,325,490,-1,-1,0,0
329.874,495.626,-5.931,-2.659,320,485,-1,-1,0,0
323.943,492.967,-5.931,-2.659,315,480,-1,-1,0,0
318.011,490.308,-5.931,-2.659,310,480,-1,0,0,0
312.08,487.649,-5.931,-2.659,305,480,-1,0,0,0
306.148,484.991,-5.931,-2.659,300,480,-1,0,0,0
300.217,482.332,-5.931,-2.659,295,480,-1,0,0,0
294.286,479.673,-5.931,-2.659,295,480,0,0,0,0
288.354,477.014,-5.931,-2.659,295,480,0,0,0,0
282.423,474.355,-5.931,-2.659,295,480,0,0,0,0
276.492,471.697,-5.931,-2.659,295,480,0,0,0,0
270.56,469.038,-5.931,-2.659,295,480,0,0,0,0
264.629,466.379,-5.931,-2.659,295,480,0,0,0,0
258.698,463.72,-5.931,-2.659,295,480,0,0,0,0
252.766,461.062,-5.931,-2.659,295,480,0,0,0,0
246.835,458.403,-5.931,-2.659,295,480,0,0,0,0
240.904,455.744,-5.931,-2.659,295,485,0,1,0,0
234.972,453.085,-5.931,-2.659,295,490,0,1,0,0
229.041,450.427,-5.931,-2.659,295,495,0,1,0,0
223.11,447.768,-5.931,-2.659,295,500,0,1,0,0
217.178,445.109,-5.931,-2.659,295,505,0,1,0,0
211.247,442.45,-5.931,-2.659,295,510,0,1,0,0
205.315,439.792,-5.931,-2.659,295,515,0,1,0,0
199.384,437.133,-5.931,-2.659,295,520,0,1,0,0
193.453,434.474,-5.931,-2.659,295,520,0,1,0,0
187.521,431.815,-5.931,-2.659,295,520,0,1,0,0
181.59,429.156,-5.931,-2.659,295,520,0,1,0,0
175.659,426.498,-5.931,-2.659,295,520,0,1,0,0
169.727,423.839,-5.931,-2.659,295,520,0,1,0,0
163.796,421.18,-5.931,-2.659,295,520,0,1,0,0
157.865,418.521,-5.931,-2.659,295,520,0,1,0,0
151.933,415.863,-5.931,-2.659,295,520,0,0,0,0
146.002,413.204,-5.931,-2.659,295,520,0,0,0,0
140.071,410.545,-5.931,-2.659,295,520,0,0,0,0
134.139,407.886,-5.931,-2.659,295,520,0,0,0,0
128.208,405.228,-5.931,-2.659,295,520,0,0,0,0
122.276,402.569,-5.931,-2.659,295,520,0,0,0,0
116.345,399.91,-5.931,-2.659,295,520,0,0,0,0
110.414,397.251,-5.931,-2.659,295,520,0,0,0,0
104.482,394.592,-5.931,-2.659,295,520,0,0,0,0
98.551,391.934,-5.931,-2.659,295,520,0,0,0,0
92.62,389.275,-5.931,-2.659,295,520,0,0,0,0
86.688,386.616,-5.931,-2.659,295,520,0,0,0,0
80.757,383.957,-5.931,-2.659,300,520,1,0,0,0
74.826,381.299,-5.931,-2.659,305,520,1,0,0,0
68.894,378.64,-5.931,-2.659,310,520,1,0,0,0
62.963,375.981,-5.931,-2.659,315,520,1,0,0,0
57.032,373.322,-5.931,-2.659,320,520,1,0,0,0
51.1,370.664,-5.931,-2.659,325,520,1,0,0,0
49.0,368.005,6.791,-0.355,330,520,1,0,0,0
55.791,367.65,6.791,-0.355,335,520,1,0,0,0
62.581,367.295,6.791,-0.355,340,520,1,0,0,0
69.372,366.94,6.791,-0.355,345,520,1,0,0,0
76.163,366.585,6.791,-0.355,350,520,1,0,0,0
82.954,366.23,6.791,-0.355,355,520,1,0,0,0
89.744,365.875,6.791,-0.355,360,520,1,0,0,0
96.535,365.52,6.791,-0.355,365,520,1,0,0,0
103.326,365.165,6.791,-0.355,370,520,1,0,0,0
110.117,364.81,6.791,-0.355,375,520,1,0,0,0
116.907,364.455,6.791,-0.355,380,520,1,0,0,0
123.698,364.1,6.791,-0.355,385,520,1,0,0,0
130.489,363.744,6.791,-0.355,390,520,1,0,0,0
137.279,363.389,6.791,-0.355,395,520,1,0,0,0
144.07,363.034,6.791,-0.355,395,520,0,0,0,0
150.861,362.679,6.791,-0.355,395,520,0,0,0,0
157.652,362.324,6.791,-0.355,395,520,0,0,0,0
164.442,361.969,6.791,-0.355,395,520,0,0,0,0
171.233,361.614,6.791,-0.355,395,520,0,0,0,0
178.024,361.259,6.791,-0.355,395,515,0,-1,0,0
184.815,360.904,6.791,-0.355,395,510,0,-1,0,0
191.605,360.549,6.791,-0.355,395,505,0,-1,0,0
198.396,360.194,6.791,-0.355,395,500,0,-1,0,0
205.187,359.839,6.791,-0.355,395,495,0,-1,0,0
211.977,359.484,6.791,-0.355,395,490,0,-1,0,0
218.768,359.129,6.791,-0.355,395,485,0,-1,0,0
225.559,358.774,6.791,-0.355,395,480,0,-1,0,0
232.35,358.419,6.791,-0.355,395,475,0,-1,0,0
239.14,358.064,6.791,-0.355,395,470,0,-1,0,0
245.931,357.709,6.791,-0.355,395,465,0,-1,0,0
252.722,357.354,6.791,-0.355,395,460,0,-1,0,0
259.512,356.999,6.791,-0.355,395,455,0,-1,0,0
266.303,356.644,6.791,-0.355,395,450,0,-1,0,0
273.094,356.289,6.791,-0.355,395,445,0,-1,0,0
279.885,355.934,6.791,-0.355,395,440,0,-1,0,0
286.675,355.579,6.791,-0.355,395,435,0,-1,0,0
293.466,355.224,6.791,-0.355,395,430,0,-1,0,0
300.257,354.869,6.791,-0.355,395,425,0,-1,0,0
307.048,354.514,6.791,-0.355,395,420,0,-1,0,0
313.838,354.159,6.791,-0.355,395,415,0,-1,0,0
320.629,353.804,6.791,-0.355,395,410,0,-1,0,0
327.42,353.449,6.791,-0.355,395,405,0,-1,0,0
334.21,353.094,6.791,-0.355,395,400,0,-1,0,0
341.001,352.739,6.791,-0.355,395,395,0,-1,0,0
347.792,352.384,6.791,-0.355,395,390,0,-1,0,0
354.583,352.029,6.791,-0.355,395,385,0,-1,0,0
361.373,351.674,6.791,-0.355,395,380,0,-1,0,0
368.164,351.319,6.791,-0.355,395,375,0,-1,0,0
374.955,350.963,6.791,-0.355,395,370,0,-1,0,0
381.746,350.608,6.791,-0.355,395,365,0,-1,0,0
388.536,350.253,6.791,-0.355,395,360,0,-1,0,0
395.327,349.898,6.791,-0.355,395,355,0,-1,0,0
402.118,349.543,6.791,-0.355,395,350,0,-1,0,0
408.908,349.188,6.791,-0.355,395,345,0,-1,0,0
415.699,348.833,6.791,-0.355,390,340,-1,-1,0,0
422.49,348.478,6.791,-0.355,385,335,-1,-1,0,0
429.281,348.123,6.791,-0.355,380,330,-1,-1,0,0
436.071,347.768,6.791,-0.355,375,325,-1,-1,0,0
442.862,347.413,6.791,-0.355,370,320,-1,-1,0,0
449.653,347.058,6.791,-0.355,365,315,-1,-1,0,0
456.444,346.703,6.791,-0.355,360,310,-1,-1,0,0
463.234,346.348,6.791,-0.355,355,305,-1,-1,0,0
470.025,345.993,6.791,-0.355,350,305,-1,0,0,0
476.816,345.638,6.791,-0.355,345,305,-1,0,0,0
483.606,345.283,6.791,-0.355,340,305,-1,0,0,0
490.397,344.928,6.791,-0.355,335,305,-1,0,0,0
497.188,344.573,6.791,-0.355,330,305,-1,0,0,0
503.979,344.218,6.791,-0.355,325,305,-1,0,0,0
510.769,343.863,6.791,-0.355,325,305,0,0,0,0
517.56,343.508,6.791,-0.355,325,305,0,0,0,0
524.351,343.153,6.791,-0.355,325,305,0,0,0,0
531.142,342.798,6.791,-0.355,325,305,0,0,0,0
537.932,342.443,6.791,-0.355,325,305,0,0,0,0
544.723,342.088,6.791,-0.355,325,305,0,0,0,0
551.514,341.733,6.791,-0.355,325,305,0,0,0,0
558.304,341.378,6.791,-0.355,325,305,0,0,0,0
565.095,341.023,6.791,-0.355,325,305,0,0,0,0
571.886,340.668,6.791,-0.355,325,305,0,0,0,0
578.677,340.313,6.791,-0.355,325,305,0,0,0,0
585.467,339.958,6.791,-0.355,325,305,0,0,0,0
592.258,339.603,6.791,-0.355,325,305,0,0,0,0
599.049,339.248,6.791,-0.355,325,305,0,0,0,0
605.84,338.893,6.791,-0.355,325,305,0,0,0,0
612.63,338.538,6.791,-0.355,325,305,0,0,0,0
619.421,338.183,6.791,-0.355,325,300,0,-1,0,0
626.212,337.827,6.791,-0.355,325,295,0,-1,0,0
633.002,337.472,6.791,-0.355,325,290,0,-1,0,0
639.793,337.117,6.791,-0.355,325,285,0,-1,0,0
646.584,336.762,6.791,-0.355,325,280,0,-1,0,0
653.375,336.407,6.791,-0.355,325,275,0,-1,0,0
660.165,336.052,6.791,-0.355,325,275,0,0,0,0
666.956,335.697,6.791,-0.355,325,275,0,0,0,0
673.747,335.342,6.791,-0.355,325,275,0,0,0,0
680.537,334.987,6.791,-0.355,325,275,0,0,0,0
687.328,334.632,6.791,-0.355,325,275,0,0,0,0
694.119,334.277,6.791,-0.355,325,275,0,0,0,0
700.91,333.922,6.791,-0.355,325,275,0,0,0,0
707.7,333.567,6.791,-0.355,325,275,0,0,0,0
714.491,333.212,6.791,-0.355,325,275,0,0,0,0
721.282,332.857,6.791,-0.355,325,275,0,0,0,0
728.073,332.502,6.791,-0.355,325,275,0,0,0,0
734.863,332.147,6.791,-0.355,325,275,0,0,0,0
741.654,331.792,6.791,-0.355,325,275,0,0,0,0
748.445,331.437,6.791,-0.355,325,275,0,0,0,0
751.0,331.082,-6.48,2.902,325,275,0,0,0,0
744.52,333.984,-6.48,2.902,325,275,0,0,0,0
738.04,336.885,-6.48,2.902,325,275,0,0,0,0
731.56,339.787,-6.48,2.902,325,275,0,0,0,0
725.08,342.689,-6.48,2.902,325,275,0,0,0,0
718.6,345.591,-6.48,2.902,325,275,0,0,0,0
712.12,348.492,-6.48,2.902,325,275,0,0,0,0
705.64,351.394,-6.48,2.902,325,275,0,0,0,0
699.16,354.296,-6.48,2.902,325,275,0,0,0,0
692.68,357.198,-6.48,2.902,325,275,0,0,0,0
686.2,360.099,-6.48,2.902,325,275,0,0,0,0
679.72,363.001,-6.48,2.902,325,275,0,0,0,0
673.24,365.903,-6.48,2.902,325,275,0,0,0,0
666.761,368.805,-6.48,2.902,325,275,0,0,0,0
660.281,371.706,-6.48,2.902,325,275,0,0,0,0
653.801,374.608,-6.48,2.902,325,275,0,0,0,0
647.321,377.51,-6.48,2.902,325,275,0,0,0,0
640.841,380.412,-6.48,2.902,325,275,0,0,0,0
634.361,383.313,-6.48,2.902,325,275,0,0,0,0
627.881,386.215,-6.48,2.902,325,275,0,0,0,0
621.401,389.117,-6.48,2.902,325,275,0,0,0,0
614.921,392.019,-6.48,2.902,325,275,0,0,0,0
608.441,394.92,-6.48,2.902,325,275,0,0,0,0
601.961,397.822,-6.48,2.902,330,275,1,0,0,0
595.481,400.724,-6.48,2.902,335,275,1,0,0,0
589.001,403.625,-6.48,2.902,340,275,1,0,0,0
582.521,406.527,-6.48,2.902,345,275,1,0,0,0
576.041,409.429,-6.48,2.902,350,275,1,0,0,0
569.561,412.331,-6.48,2.902,355,275,1,0,0,0
563.081,415.232,-6.48,2.902,360,275,1,0,0,0
556.601,418.134,-6.48,2.902,365,275,1,0,0,0
550.121,421.036,-6.48,2.902,370,275,1,0,0,0
543.641,423.938,-6.48,2.902,375,280,1,1,0,0
537.161,426.839,-6.48,2.902,380,285,1,1,0,0
530.681,429.741,-6.48,2.902,385,290,1,1,0,0
524.201,432.643,-6.48,2.902,390,295,1,1,0,0
517.721,435.545,-6.48,2.902,395,300,1,1,0,0
511.241,438.446,-6.48,2.902,400,305,1,1,0,0
504.761,441.348,-6.48,2.902,405,310,1,1,0,0
498.282,444.25,-6.48,2.902,410,315,1,1,0,0
491.802,447.152,-6.48,2.902,410,320,0,1,0,0
485.322,450.053,-6.48,2.902,410,325,0,1,0,0
478.842,452.955,-6.48,2.902,410,330,0,1,0,0
472.362,455.857,-6.48,2.902,410,335,0,1,0,0
465.882,458.759,-6.48,2.902,410,340,0,1,0,0
459.402,461.66,-6.48,2.902,410,345,0,1,0,0
452.922,464.562,-6.48,2.902,410,350,0,1,0,0
446.442,467.464,-6.48,2.902,410,355,0,1,0,0
439.962,470.366,-6.48,2.902,410,360,0,1,0,0
433.482,473.267,-6.48,2.902,410,365,0,1,0,0
427.002,476.169,-6.48,2.902,410,370,0,1,0,0
420.522,479.071,-6.48,2.902,410,375,0,1,0,0
414.042,481.972,-6.48,2.902,410,380,0,1,0,0
407.562,484.874,-6.48,2.902,410,385,0,1,0,0
401.082,487.776,-6.48,2.902,410,390,0,1,0,0
394.602,490.678,-6.48,2.902,410,395,0,1,0,0
388.122,493.579,-6.48,2.902,410,400,0,1,0,0
381.642,496.481,-6.48,2.902,410,405,0,1,0,0
375.162,499.383,-6.48,2.902,410,410,0,1,0,0
368.682,502.285,-6.48,2.902,410,415,0,1,0,0
362.202,505.186,-6.48,2.902,410,420,0,1,0,0
355.722,508.088,-6.48,2.902,410,425,0,1,0,0
349.242,510.99,-6.48,2.902,410,430,0,1,0,0
342.762,513.892,-6.48,2.902,410,435,0,1,0,0
336.282,516.793,-6.48,2.902,410,440,0,1,0,0
329.803,519.695,-6.48,2.902,410,445,0,1,0,0
323.323,522.597,-6.48,2.902,410,450,0,1,0,0
316.843,525.499,-6.48,2.902,410,455,0,1,0,0
310.363,528.4,-6.48,2.902,410,460,0,1,0,0
303.883,531.302,-6.48,2.902,410,465,0,1,0,0
297.403,534.204,-6.48,2.902,410,470,0,1,0,0
290.923,537.106,-6.48,2.902,410,475,0,1,0,0
284.443,540.007,-6.48,2.902,410,480,0,1,0,0
277.963,542.909,-6.48,2.902,405,485,-1,1,0,0
271.483,545.811,-6.48,2.902,400,490,-1,1,0,0
265.003,548.713,-6.48,2.902,395,495,-1,1,0,0
258.523,551.614,-6.48,2.902,390,500,-1,1,0,0
252.043,554.516,-6.48,2.902,385,505,-1,1,0,0
245.563,557.418,-6.48,2.902,380,510,-1,1,0,0
239.083,560.319,-6.48,2.902,375,515,-1,1,0,0
232.603,563.221,-6.48,2.902,370,520,-1,1,0,0
226.123,566.123,-6.48,2.902,365,520,-1,1,0,0
219.643,569.025,-6.48,2.902,360,520,-1,1,0,0
213.163,571.926,-6.48,2.902,355,520,-1,1,0,0
206.683,574.828,-6.48,2.902,350,520,-1,1,0,0
200.203,577.73,-6.48,2.902,345,520,-1,1,0,0
193.723,580.632,-6.48,2.902,340,520,-1,1,0,0
187.243,583.533,-6.48,2.902,335,520,-1,1,0,0
180.763,586.435,-6.48,2.902,330,520,-1,1,0,0
174.283,589.337,-6.48,2.902,325,520,-1,1,0,0
167.803,592.239,-6.48,2.902,320,520,-1,1,0,0
161.324,594.0,-6.48,-2.902,315,520,-1,1,0,0
154.844,591.098,-6.48,-2.902,310,520,-1,1,0,0
148.364,588.197,-6.48,-2.902,310,520,0,1,0,0
141.884,585.295,-6.48,-2.902,310,520,0,1,0,0
135.404,582.393,-6.48,-2.902,310,520,0,1,0,0
128.924,579.491,-6.48,-2.902,310,520,0,1,0,0
122.444,576.59,-6.48,-2.902,310,520,0,1,0,0
115.964,573.688,-6.48,-2.902,310,520,0,1,0,0
109.484,570.786,-6.48,-2.902,310,520,0,1,0,0
103.004,567.884,-6.48,-2.902,315,520,1,1,0,0
96.524,564.983,-6.48,-2.902,320,520,1,1,0,0
90.044,562.081,-6.48,-2.902,325,520,1,1,0,0
83.564,559.179,-6.48,-2.902,330,520,1,1,0,0
77.084,556.277,-6.48,-2.902,335,520,1,1,0,0
70.604,553.376,-6.48,-2.902,340,520,1,1,0,0
64.124,550.474,-6.48,-2.902,345,520,1,1,0,0
57.644,547.572,-6.48,-2.902,350,520,1,1,0,0
51.164,544.67,-6.48,-2.902,355,520,1,1,0,0
44.684,541.769,-6.48,-2.902,360,520,1,1,0,0
38.204,538.867,-6.48,-2.902,365,520,1,1,0,0
31.724,535.965,-6.48,-2.902,370,520,1,1,0,0
25.244,533.063,-6.48,-2.902,375,520,1,1,0,0
18.764,530.162,-6.48,-2.902,380,520,1,1,0,0
12.284,527.26,-6.48,-2.902,385,520,1,1,0,0
5.804,524.358,-6.48,-2.902,390,520,1,0,0,0
-0.676,521.456,-6.48,-2.902,395,520,1,0,0,0
400.0,300.0,4.965,0.589,400,520,1,0,0,1
404.965,300.589,4.965,0.589,400,520,0,0,0,0
409.93,301.178,4.965,0.589,400,520,0,0,0,0
414.896,301.767,4.965,0.589,400,520,0,0,0,0
419.861,302.356,4.965,0.589,400,520,0,0,0,0
424.826,302.945,4.965,0.589,400,520,0,0,0,0
429.791,303.534,4.965,0.589,400,520,0,0,0,0
434.756,304.122,4.965,0.589,400,515,0,-1,0,0
439.722,304.711,4.965,0.589,400,510,0,-1,0,0
444.687,305.3,4.965,0.589,400,505,0,-1,0,0
449.652,305.889,4.965,0.589,400,500,0,-1,0,0
454.617,306.478,4.965,0.589,400,495,0,-1,0,0
459.582,307.067,4.965,0.589,400,490,0,-1,0,0
464.548,307.656,4.965,0.589,400,485,0,-1,0,0
469.513,308.245,4.965,0.589,400,480,0,-1,0,0
474.478,308.834,4.965,0.589,400,475,0,-1,0,0
479.443,309.423,4.965,0.589,400,470,0,-1,0,0
484.408,310.012,4.965,0.589,400,465,0,-1,0,0
489.374,310.601,4.965,0.589,400,460,0,-1,0,0
494.339,311.19,4.965,0.589,400,455,0,-1,0,0
499.304,311.778,4.965,0.589,400,450,0,-1,0,0
504.269,312.367,4.965,0.589,400,445,0,-1,0,0
509.234,312.956,4.965,0.589,400,440,0,-1,0,0
514.2,313.545,4.965,0.589,400,435,0,-1,0,0
519.165,314.134,4.965,0.589,400,430,0,-1,0,0
524.13,314.723,4.965,0.589,400,425,0,-1,0,0
529.095,315.312,4.965,0.589,405,420,1,-1,0,0
534.06,315.901,4.965,0.589,410,415,1,-1,0,0
539.025,316.49,4.965,0.589,415,410,1,-1,0,0
543.991,317.079,4.965,0.589,420,405,1,-1,0,0
548.956,317.668,4.965,0.589,425,400,1,-1,0,0
553.921,318.257,4.965,0.589,430,395,1,-1,0,0
558.886,318.845,4.965,0.589,435,390,1,-1,0,0
563.851,319.434,4.965,0.589,440,385,1,-1,0,0
568.817,320.023,4.965,0.589,445,380,1,-1,0,0
573.782,320.612,4.965,0.589,450,375,1,-1,0,0
578.747,321.201,4.965,0.589,455,370,1,-1,0,0
583.712,321.79,4.965,0.589,460,365,1,-1,0,0
588.677,322.379,4.965,0.589,465,360,1,-1,0,0
593.643,322.968,4.965,0.589,470,355,1,-1,0,0
598.608,323.557,4.965,0.589,475,350,1,-1,0,0
603.573,324.146,4.965,0.589,475,345,0,-1,0,0
608.538,324.735,4.965,0.589,475,340,0,-1,0,0
613.503,325.324,4.965,0.589,475,335,0,-1,0,0
618.469,325.913,4.965,0.589,475,330,0,-1,0,0
623.434,326.501,4.965,0.589,475,325,0,-1,0,0
628.399,327.09,4.965,0.589,475,320,0,-1,0,0
633.364,327.679,4.965,0.589,475,315,0,-1,0,0
638.329,328.268,4.965,0.589,475,310,0,-1,0,0
643.295,328.857,4.965,0.589,475,305,0,-1,0,0
648.26,329.446,4.965,0.589,475,305,0,0,0,0
653.225,330.035,4.965,0.589,475,305,0,0,0,0
658.19,330.624,4.965,0.589,475,305,0,0,0,0
663.155,331.213,4.965,0.589,475,305,0,0,0,0
668.121,331.802,4.965,0.589,475,305,0,0,0,0
673.086,332.391,4.965,0.589,475,305,0,0,0,0
678.051,332.98,4.965,0.589,475,305,0,0,0,0
683.016,333.569,4.965,0.589,475,305,0,0,0,0
687.981,334.157,4.965,0.589,475,305,0,0,0,0
692.947,334.746,4.965,0.589,475,305,0,0,0,0
697.912,335.335,4.965,0.589,475,305,0,0,0,0
702.877,335.924,4.965,0.589,475,305,0,0,0,0
707.842,336.513,4.965,0.589,470,305,-1,0,0,0
712.807,337.102,4.965,0.589,465,305,-1,0,0,0
717.773,337.691,4.965,0.589,460,305,-1,0,0,0
722.738,338.28,4.965,0.589,455,305,-1,0,0,0
727.703,338.869,4.965,0.589,450,305,-1,0,0,0
732.668,339.458,4.965,0.589,445,305,-1,0,0,0
737.633,340.047,4.965,0.589,440,305,-1,0,0,0
742.599,340.636,4.965,0.589,435,305,-1,0,0,0
747.564,341.225,4.965,0.589,430,305,-1,0,0,0
752.529,341.813,4.965,0.589,425,305,-1,0,0,0
751.0,342.402,-5.288,-0.36,420,305,-1,0,0,0
745.712,342.042,-5.288,-0.36,415,305,-1,0,0,0
740.425,341.682,-5.288,-0.36,410,305,-1,0,0,0
735.137,341.322,-5.288,-0.36,405,305,-1,0,0,0
729.849,340.962,-5.288,-0.36,400,305,-1,0,0,0
724.561,340.602,-5.288,-0.36,395,305,-1,0,0,0
719.274,340.241,-5.288,-0.36,395,305,0,0,0,0
713.986,339.881,-5.288,-0.36,395,305,0,0,0,0
708.698,339.521,-5.288,-0.36,395,305,0,0,0,0
703.41,339.161,-5.288,-0.36,395,305,0,0,0,0
698.123,338.801,-5.288,-0.36,395,305,0,0,0,0
692.835,338.441,-5.288,-0.36,395,305,0,0,0,0
687.547,338.081,-5.288,-0.36,395,305,0,0,0,0
682.259,337.72,-5.288,-0.36,395,305,0,0,0,0
676.972,337.36,-5.288,-0.36,395,305,0,0,0,0
671.684,337.0,-5.288,-0.36,395,305,0,0,0,0
666.396,336.64,-5.288,-0.36,395,305,0,0,0,0
661.108,336.28,-5.288,-0.36,395,305,0,0,0,0
655.821,335.92,-5.288,-0.36,395,305,0,0,0,0
650.533,335.559,-5.288,-0.36,395,305,0,0,0,0
645.245,335.199,-5.288,-0.36,395,305,0,0,0,0
639.957,334.839,-5.288,-0.36,395,305,0,0,0,0
634.67,334.479,-5.288,-0.36,395,305,0,0,0,0
629.382,334.119,-5.288,-0.36,395,305,0,0,0,0
624.094,333.759,-5.288,-0.36,395,305,0,0,0,0
618.806,333.399,-5.288,-0.36,395,305,0,0,0,0
613.519,333.038,-5.288,-0.36,395,305,0,0,0,0
608.231,332.678,-5.288,-0.36,395,305,0,0,0,0
602.943,332.318,-5.288,-0.36,395,305,0,0,0,0
597.655,331.958,-5.288,-0.36,395,305,0,0,0,0
592.368,331.598,-5.288,-0.36,395,305,0,0,0,0
587.08,331.238,-5.288,-0.36,395,305,0,0,0,0
581.792,330.877,-5.288,-0.36,395,305,0,0,0,0
576.504,330.517,-5.288,-0.36,395,305,0,0,0,0
571.217,330.157,-5.288,-0.36,395,305,0,0,0,0
565.929,329.797,-5.288,-0.36,395,305,0,0,0,0
560.641,329.437,-5.288,-0.36,395,305,0,0,0,0
555.353,329.077,-5.288,-0.36,395,305,0,0,0,0
550.066,328.717,-5.288,-0.36,395,305,0,0,0,0
544.778,328.356,-5.288,-0.36,395,305,0,0,0,0
539.49,327.996,-5.288,-0.36,395,305,0,0,0,0
534.202,327.636,-5.288,-0.36,395,305,0,0,0,0
528.915,327.276,-5.288,-0.36,390,305,-1,0,0,0
523.627,326.916,-5.288,-0.36,385,305,-1,0,0,0
518.339,326.556,-5.288,-0.36,380,305,-1,0,0,0
513.051,326.196,-5.288,-0.36,375,305,-1,0,0,0
507.764,325.835,-5.288,-0.36,370,305,-1,0,0,0
502.476,325.475,-5.288,-0.36,365,305,-1,0,0,0
497.188,325.115,-5.288,-0.36,360,305,-1,0,0,0
491.9,324.755,-5.288,-0.36,355,305,-1,0,0,0
486.613,324.395,-5.288,-0.36,350,305,-1,0,0,0
481.325,324.035,-5.288,-0.36,345,305,-1,0,0,0
476.037,323.674,-5.288,-0.36,340,305,-1,0,0,0
470.749,323.314,-5.288,-0.36,335,305,-1,0,0,0
465.462,322.954,-5.288,-0.36,330,305,-1,0,0,0
460.174,322.594,-5.288,-0.36,325,305,-1,0,0,0
454.886,322.234,-5.288,-0.36,320,305,-1,0,0,0
449.598,321.874,-5.288,-0.36,320,305,0,0,0,0
444.311,321.514,-5.288,-0.36,320,305,0,0,0,0
439.023,321.153,-5.288,-0.36,320,305,0,0,0,0
433.735,320.793,-5.288,-0.36,320,305,0,0,0,0
428.447,320.433,-5.288,-0.36,320,305,0,0,0,0
423.16,320.073,-5.288,-0.36,320,305,0,0,0,0
417.872,319.713,-5.288,-0.36,320,305,0,0,0,0
412.584,319.353,-5.288,-0.36,320,305,0,0,0,0
407.296,318.992,-5.288,-0.36,320,305,0,0,0,0
402.009,318.632,-5.288,-0.36,320,305,0,0,0,0
396.721,318.272,-5.288,-0.36,320,305,0,0,0,0
391.433,317.912,-5.288,-0.36,320,305,0,0,0,0
386.145,317.552,-5.288,-0.36,320,305,0,0,0,0
380.858,317.192,-5.288,-0.36,320,305,0,0,0,0
375.57,316.832,-5.288,-0.36,320,305,0,0,0,0
370.282,316.471,-5.288,-0.36,320,305,0,0,0,0
364.994,316.111,-5.288,-0.36,320,305,0,0,0,0
359.707,315.751,-5.288,-0.36,320,305,0,0,0,0
354.419,315.391,-5.288,-0.36,320,305,0,0,0,0
349.131,315.031,-5.288,-0.36,320,305,0,0,0,0
343.843,314.671,-5.288,-0.36,320,305,0,0,0,0
338.556,314.31,-5.288,-0.36,320,305,0,0,0,0
333.268,313.95,-5.288,-0.36,320,305,0,0,0,0
327.98,313.59,-5.288,-0.36,320,305,0,0,0,0
322.692,313.23,-5.288,-0.36,320,305,0,0,0,0
317.405,312.87,-5.288,-0.36,320,305,0,0,0,0
312.117,312.51,-5.288,-0.36,315,305,-1,0,0,0
306.829,312.15,-5.288,-0.36,310,305,-1,0,0,0
301.541,311.789,-5.288,-0.36,305,305,-1,0,0,0
296.254,311.429,-5.288,-0.36,300,305,-1,0,0,0
290.966,311.069,-5.288,-0.36,295,305,-1,0,0,0
285.678,310.709,-5.288,-0.36,290,305,-1,0,0,0
280.39,310.349,-5.288,-0.36,285,305,-1,0,0,0
275.103,309.989,-5.288,-0.36,280,305,-1,0,0,0
269.815,309.629,-5.288,-0.36,275,305,-1,0,0,0
264.527,309.268,-5.288,-0.36,270,305,-1,0,0,0
259.239,308.908,-5.288,-0.36,265,305,-1,0,0,0
253.952,308.548,-5.288,-0.36,265,305,0,0,0,0
248.664,308.188,-5.288,-0.36,265,305,0,0,0,0
243.376,307.828,-5.288,-0.36,265,305,0,0,0,0
238.088,307.468,-5.288,-0.36,265,305,0,0,0,0
232.801,307.107,-5.288,-0.36,265,305,0,0,0,0
227.513,306.747,-5.288,-0.36,265,305,0,0,0,0
222.225,306.387,-5.288,-0.36,265,305,0,0,0,0
216.937,306.027,-5.288,-0.36,265,305,0,0,0,0
211.65,305.667,-5.288,-0.36,265,305,0,0,0,0
206.362,305.307,-5.288,-0.36,265,305,0,0,0,0
201.074,304.947,-5.288,-0.36,265,305,0,0,0,0
195.786,304.586,-5.288,-0.36,265,305,0,0,0,0
190.499,304.226,-5.288,-0.36,265,305,0,0,0,0
185.211,303.866,-5.288,-0.36,265,305,0,0,0,0
179.923,303.506,-5.288,-0.36,265,305,0,0,0,0
174.635,303.146,-5.288,-0.36,265,305,0,0,0,0
169.348,302.786,-5.288,-0.36,265,305,0,0,0,0
164.06,302.425,-5.288,-0.36,265,305,0,0,0,0
158.772,302.065,-5.288,-0.36,265,305,0,0,0,0
153.484,301.705,-5.288,-0.36,265,305,0,0,0,0
148.197,301.345,-5.288,-0.36,265,305,0,0,0,0
142.909,300.985,-5.288,-0.36,265,305,0,0,0,0
137.621,300.625,-5.288,-0.36,265,305,0,0,0,0
132.333,300.265,-5.288,-0.36,265,305,0,0,0,0
127.046,299.904,-5.288,-0.36,265,305,0,0,0,0
121.758,299.544,-5.288,-0.36,265,305,0,0,0,0
116.47,299.184,-5.288,-0.36,265,305,0,0,0,0
111.182,298.824,-5.288,-0.36,265,305,0,0,0,0
105.895,298.464,-5.288,-0.36,265,305,0,0,0,0
100.607,298.104,-5.288,-0.36,265,305,0,0,0,0
95.319,297.743,-5.288,-0.36,265,305,0,0,0,0
90.031,297.383,-5.288,-0.36,265,305,0,0,0,0
84.744,297.023,-5.288,-0.36,265,305,0,0,0,0
79.456,296.663,-5.288,-0.36,265,305,0,0,0,0
74.168,296.303,-5.288,-0.36,265,305,0,0,0,0
68.88,295.943,-5.288,-0.36,265,305,0,0,0,0
63.593,295.583,-5.288,-0.36,265,305,0,0,0,0
58.305,295.222,-5.288,-0.36,265,305,0,0,0,0
53.017,294.862,-5.288,-0.36,265,305,0,0,0,0
49.0,294.502,5.39,-1.52,265,305,0,0,0,0
54.39,292.982,5.39,-1.52,265,305,0,0,0,0
59.78,291.463,5.39,-1.52,265,305,0,0,0,0
65.169,289.943,5.39,-1.52,265,305,0,0,0,0
70.559,288.423,5.39,-1.52,265,305,0,0,0,0
75.949,286.903,5.39,-1.52,265,305,0,0,0,0
81.339,285.383,5.39,-1.52,265,305,0,0,0,0
86.729,283.864,5.39,-1.52,265,305,0,0,0,0
92.119,282.344,5.39,-1.52,265,305,0,0,0,0
97.508,280.824,5.39,-1.52,265,305,0,0,0,0
102.898,279.304,5.39,-1.52,265,305,0,0,0,0
108.288,277.785,5.39,-1.52,265,305,0,0,0,0
113.678,276.265,5.39,-1.52,265,305,0,0,0,0
119.068,274.745,5.39,-1.52,265,305,0,0,0,0
124.458,273.225,5.39,-1.52,265,305,0,0,0,0
129.847,271.706,5.39,-1.52,265,305,0,0,0,0
135.237,270.186,5.39,-1.52,265,305,0,0,0,0
140.627,268.666,5.39,-1.52,265,305,0,0,0,0
146.017,267.146,5.39,-1.52,265,305,0,0,0,0
151.407,265.626,5.39,-1.52,265,305,0,0,0,0
156.797,264.107,5.39,-1.52,265,305,0,0,0,0
162.186,262.587,5.39,-1.52,265,300,0,-1,0,0
167.576,261.067,5.39,-1.52,265,295,0,-1,0,0
172.966,259.547,5.39,-1.52,265,290,0,-1,0,0
178.356,258.028,5.39,-1.52,265,285,0,-1,0,0
183.746,256.508,5.39,-1.52,265,280,0,-1,0,0
189.136,254.988,5.39,-1.52,265,275,0,-1,0,0
194.525,253.468,5.39,-1.52,265,270,0,-1,0,0
199.915,251.949,5.39,-1.52,270,265,1,-1,0,0
205.305,250.429,5.39,-1.52,275,260,1,-1,0,0
210.695,248.909,5.39,-1.52,280,255,1,-1,0,0
216.085,247.389,5.39,-1.52,285,250,1,-1,0,0
221.475,245.869,5.39,-1.52,290,245,1,-1,0,0
226.864,244.35,5.39,-1.52,295,240,1,-1,0,0
232.254,242.83,5.39,-1.52,300,235,1,-1,0,0
237.644,241.31,5.39,-1.52,305,230,1,-1,0,0
243.034,239.79,5.39,-1.52,310,225,1,-1,0,0
248.424,238.271,5.39,-1.52,315,220,1,-1,0,0
253.814,236.751,5.39,-1.52,320,215,1,-1,0,0
259.203,235.231,5.39,-1.52,325,210,1,-1,0,0
264.593,233.711,5.39,-1.52,325,205,0,-1,0,0
269.983,232.192,5.39,-1.52,325,200,0,-1,0,0
275.373,230.672,5.39,-1.52,325,195,0,-1,0,0
280.763,229.152,5.39,-1.52,325,190,0,-1,0,0
286.153,227.632,5.39,-1.52,325,185,0,-1,0,0
291.542,226.112,5.39,-1.52,325,180,0,-1,0,0
296.932,224.593,5.39,-1.52,325,175,0,-1,0,0
302.322,223.073,5.39,-1.52,325,170,0,-1,0,0
307.712,221.553,5.39,-1.52,325,165,0,-1,0,0
313.102,220.033,5.39,-1.52,325,160,0,-1,0,0
318.492,218.514,5.39,-1.52,325,155,0,-1,0,0
323.881,216.994,5.39,-1.52,325,150,0,-1,0,0
329.271,215.474,5.39,-1.52,325,145,0,-1,0,0
334.661,213.954,5.39,-1.52,325,140,0,-1,0,0
340.051,212.435,5.39,-1.52,325,135,0,-1,0,0
345.441,210.915,5.39,-1.52,325,130,0,-1,0,0
350.831,209.395,5.39,-1.52,325,125,0,-1,0,0
356.22,207.875,5.39,-1.52,325,120,0,-1,0,0
361.61,206.355,5.39,-1.52,325,115,0,-1,0,0
367.0,204.836,5.39,-1.52,325,110,0,-1,0,0
372.39,203.316,5.39,-1.52,325,105,0,-1,0,0
377.78,201.796,5.39,-1.52,325,100,0,-1,0,0
383.17,200.276,5.39,-1.52,325,95,0,-1,0,0
388.559,198.757,5.39,-1.52,325,95,0,0,0,0
393.949,197.237,5.39,-1.52,325,95,0,0,0,0
399.339,195.717,5.39,-1.52,325,95,0,0,0,0
404.729,194.197,5.39,-1.52,325,95,0,0,0,0
410.119,192.678,5.39,-1.52,325,95,0,0,0,0
415.509,191.158,5.39,-1.52,325,95,0,0,0,0
420.898,189.638,5.39,-1.52,325,95,0,0,0,0
426.288,188.118,5.39,-1.52,325,95,0,0,0,0
431.678,186.598,5.39,-1.52,325,95,0,0,0,0
437.068,185.079,5.39,-1.52,325,95,0,0,0,0
442.458,183.559,5.39,-1.52,325,95,0,0,0,0
447.848,182.039,5.39,-1.52,325,95,0,0,0,0
453.237,180.519,5.39,-1.52,325,95,0,0,0,0
458.627,179.0,5.39,-1.52,325,95,0,0,0,0
464.017,177.48,5.39,-1.52,325,95,0,0,0,0
469.407,175.96,5.39,-1.52,325,95,0,0,0,0
474.797,174.44,5.39,-1.52,325,95,0,0,0,0
480.187,172.921,5.39,-1.52,325,95,0,0,0,0
485.576,171.401,5.39,-1.52,325,95,0,0,0,0
490.966,169.881,5.39,-1.52,325,95,0,0,0,0
496.356,168.361,5.39,-1.52,325,95,0,0,0,0
501.746,166.841,5.39,-1.52,325,95,0,0,0,0
507.136,165.322,5.39,-1.52,325,95,0,0,0,0
512.526,163.802,5.39,-1.52,325,95,0,0,0,0
517.915,162.282,5.39,-1.52,325,95,0,0,0,0
523.305,160.762,5.39,-1.52,325,95,0,0,0,0
528.695,159.243,5.39,-1.52,325,95,0,0,0,0
534.085,157.723,5.39,-1.52,325,95,0,0,0,0
539.475,156.203,5.39,-1.52,325,95,0,0,0,0
544.865,154.683,5.39,-1.52,325,95,0,0,0,0
550.254,153.164,5.39,-1.52,325,95,0,0,0,0
555.644,151.644,5.39,-1.52,325,95,0,0,0,0
561.034,150.124,5.39,-1.52,325,95,0,0,0,0
566.424,148.604,5.39,-1.52,325,95,0,0,0,0
571.814,147.084,5.39,-1.52,325,95,0,0,0,0
577.204,145.565,5.39,-1.52,325,95,0,0,0,0
582.593,144.045,5.39,-1.52,325,95,0,0,0,0
587.983,142.525,5.39,-1.52,325,95,0,0,0,0
593.373,141.005,5.39,-1.52,325,95,0,0,0,0
598.763,139.486,5.39,-1.52,325,95,0,0,0,0
604.153,137.966,5.39,-1.52,325,90,0,-1,0,0
609.543,136.446,5.39,-1.52,325,85,0,-1,0,0
614.932,134.926,5.39,-1.52,325,80,0,-1,0,0
620.322,133.407,5.39,-1.52,325,75,0,-1,0,0
625.712,131.887,5.39,-1.52,325,70,0,-1,0,0
631.102,130.367,5.39,-1.52,325,65,0,-1,0,0
636.492,128.847,5.39,-1.52,325,65,0,0,0,0
641.882,127.327,5.39,-1.52,325,65,0,0,0,0
647.271,125.808,5.39,-1.52,325,65,0,0,0,0
652.661,124.288,5.39,-1.52,325,65,0,0,0,0
658.051,122.768,5.39,-1.52,325,65,0,0,0,0
663.441,121.248,5.39,-1.52,325,65,0,0,0,0
668.831,119.729,5.39,-1.52,325,65,0,0,0,0
674.221,118.209,5.39,-1.52,325,65,0,0,0,0
679.61,116.689,5.39,-1.52,325,65,0,0,0,0
685.0,115.169,5.39,-1.52,325,65,0,0,0,0
690.39,113.649,5.39,-1.52,325,65,0,0,0,0
695.78,112.13,5.39,-1.52,325,65,0,0,0,0
701.17,110.61,5.39,-1.52,325,65,0,0,0,0
706.56,109.09,5.39,-1.52,325,65,0,0,0,0
711.949,107.57,5.39,-1.52,325,65,0,0,0,0
717.339,106.051,5.39,-1.52,325,65,0,0,0,0
722.729,104.531,5.39,-1.52,325,65,0,0,0,0
728.119,103.011,5.39,-1.52,325,65,0,0,0,0
733.509,101.491,5.39,-1.52,325,65,0,0,0,0
738.899,99.972,5.39,-1.52,325,65,0,0,0,0
744.288,98.452,5.39,-1.52,325,65,0,0,0,0
749.678,96.932,5.39,-1.52,325,65,0,0,0,0
751.0,95.412,-5.715,-1.465,325,65,0,0,0,0
745.285,93.947,-5.715,-1.465,325,65,0,0,0,0
739.57,92.481,-5.715,-1.465,325,65,0,0,0,0
733.855,91.016,-5.715,-1.465,325,65,0,0,0,0
728.14,89.551,-5.715,-1.465,325,65,0,0,0,0
722.424,88.085,-5.715,-1.465,325,65,0,0,0,0
716.709,86.62,-5.715,-1.465,325,65,0,0,0,0
710.994,85.154,-5.715,-1.465,325,65,0,0,0,0
705.279,83.689,-5.715,-1.465,325,65,0,0,0,0
699.564,82.223,-5.715,-1.465,325,65,0,0,0,0
693.849,80.758,-5.715,-1.465,325,65,0,0,0,0
688.134,79.292,-5.715,-1.465,325,65,0,0,0,0
682.419,77.827,-5.715,-1.465,325,65,0,0,0,0
676.704,76.362,-5.715,-1.465,325,65,0,0,0,0
670.988,74.896,-5.715,-1.465,325,65,0,0,0,0
665.273,73.431,-5.715,-1.465,325,65,0,0,0,0
659.558,71.965,-5.715,-1.465,325,65,0,0,0,0
653.843,70.5,-5.715,-1.465,325,65,0,0,0,0
648.128,69.034,-5.715,-1.465,325,65,0,0,0,0
642.413,67.569,-5.715,-1.465,325,65,0,0,0,0
636.698,66.104,-5.715,-1.465,325,65,0,0,0,0
630.983,64.638,-5.715,-1.465,325,65,0,0,0,0
625.268,63.173,-5.715,-1.465,320,65,-1,0,0,0
619.552,61.707,-5.715,-1.465,315,65,-1,0,0,0
613.837,60.242,-5.715,-1.465,310,65,-1,0,0,0
608.122,58.776,-5.715,-1.465,305,65,-1,0,0,0
602.407,57.311,-5.715,-1.465,300,65,-1,0,0,0
596.692,55.845,-5.715,-1.465,295,65,-1,0,0,0
590.977,54.38,-5.715,-1.465,290,65,-1,0,0,0
585.262,52.915,-5.715,-1.465,285,65,-1,0,0,0
579.547,51.449,-5.715,-1.465,280,65,-1,0,0,0
573.832,49.984,-5.715,-1.465,275,65,-1,0,0,0
568.116,48.518,-5.715,-1.465,270,65,-1,0,0,0
562.401,47.053,-5.715,-1.465,265,65,-1,0,0,0
556.686,45.587,-5.715,-1.465,260,65,-1,0,0,0
550.971,44.122,-5.715,-1.465,255,65,-1,0,0,0
545.256,42.657,-5.715,-1.465,250,65,-1,0,0,0
539.541,41.191,-5.715,-1.465,245,65,-1,0,0,0
533.826,39.726,-5.715,-1.465,240,65,-1,0,0,0
528.111,38.26,-5.715,-1.465,235,65,-1,0,0,0
522.396,36.795,-5.715,-1.465,230,65,-1,0,0,0
516.68,35.329,-5.715,-1.465,225,65,-1,0,0,0
510.965,33.864,-5.715,-1.465,220,65,-1,0,0,0
505.25,32.399,-5.715,-1.465,215,65,-1,0,0,0
499.535,30.933,-5.715,-1.465,210,65,-1,0,0,0
493.82,29.468,-5.715,-1.465,205,65,-1,0,0,0
488.105,28.002,-5.715,-1.465,200,65,-1,0,0,0
482.39,26.537,-5.715,-1.465,195,65,-1,0,0,0
476.675,25.071,-5.715,-1.465,190,65,-1,0,0,0
470.96,23.606,-5.715,-1.465,185,65,-1,0,0,0
465.244,22.14,-5.715,-1.465,180,65,-1,0,0,0
459.529,20.675,-5.715,-1.465,175,65,-1,0,0,0
453.814,19.21,-5.715,-1.465,170,65,-1,0,0,0
448.099,17.744,-5.715,-1.465,165,65,-1,0,0,0
442.384,16.279,-5.715,-1.465,160,65,-1,0,0,0
436.669,14.813,-5.715,-1.465,155,65,-1,0,0,0
430.954,13.348,-5.715,-1.465,150,65,-1,0,0,0
425.239,11.882,-5.715,-1.465,145,65,-1,0,0,0
419.524,10.417,-5.715,-1.465,140,65,-1,0,0,0
413.808,8.952,-5.715,-1.465,140,65,0,0,0,0
408.093,7.486,-5.715,-1.465,140,65,0,0,0,0
402.378,6.021,-5.715,-1.465,140,65,0,0,0,0
396.663,6.0,-5.715,1.465,140,65,0,0,0,0
390.948,7.465,-5.715,1.465,140,65,0,0,0,0
385.233,8.931,-5.715,1.465,140,65,0,0,0,0
379.518,10.396,-5.715,1.465,140,65,0,0,0,0
373.803,11.862,-5.715,1.465,140,65,0,0,0,0
368.088,13.327,-5.715,1.465,140,65,0,0,0,0
362.372,14.793,-5.715,1.465,140,65,0,0,0,0
356.657,16.258,-5.715,1.465,140,65,0,0,0,0
350.942,17.723,-5.715,1.465,140,65,0,0,0,0
345.227,19.189,-5.715,1.465,140,65,0,0,0,0
339.512,20.654,-5.715,1.465,140,65,0,0,0,0
333.797,22.12,-5.715,1.465,140,65,0,0,0,0
328.082,23.585,-5.715,1.465,140,65,0,0,0,0
322.367,25.051,-5.715,1.465,140,65,0,0,0,0
316.652,26.516,-5.715,1.465,140,65,0,0,0,0
310.936,27.982,-5.715,1.465,140,65,0,0,0,0
305.221,29.447,-5.715,1.465,140,65,0,0,0,0
299.506,30.912,-5.715,1.465,140,65,0,0,0,0
293.791,32.378,-5.715,1.465,140,65,0,0,0,0
288.076,33.843,-5.715,1.465,140,65,0,0,0,0
282.361,35.309,-5.715,1.465,140,65,0,0,0,0
276.646,36.774,-5.715,1.465,140,65,0,0,0,0
270.931,38.24,-5.715,1.465,140,65,0,0,0,0
265.216,39.705,-5.715,1.465,140,65,0,0,0,0
259.5,41.17,-5.715,1.465,140,65,0,0,0,0
253.785,42.636,-5.715,1.465,140,65,0,0,0,0
248.07,44.101,-5.715,1.465,140,65,0,0,0,0
242.355,45.567,-5.715,1.465,140,65,0,0,0,0
236.64,47.032,-5.715,1.465,140,65,0,0,0,0
230.925,48.498,-5.715,1.465,140,65,0,0,0,0
225.21,49.963,-5.715,1.465,140,65,0,0,0,0
219.495,51.429,-5.715,1.465,140,65,0,0,0,0
213.78,52.894,-5.715,1.465,140,65,0,0,0,0
208.064,54.359,-5.715,1.465,140,65,0,0,0,0
202.349,55.825,-5.715,1.465,140,65,0,0,0,0
196.634,57.29,-5.715,1.465,140,65,0,0,0,0
190.919,58.756,-5.715,1.465,140,65,0,0,0,0
185.204,60.221,-5.715,1.465,135,65,-1,0,0,0
179.489,61.687,-5.715,1.465,130,65,-1,0,0,0
173.774,63.152,-5.715,1.465,125,65,-1,0,0,0
168.059,64.617,-5.715,1.465,120,65,-1,0,0,0
162.344,66.083,-5.715,1.465,115,65,-1,0,0,0
156.628,67.548,-5.715,1.465,110,65,-1,0,0,0
150.913,69.014,-5.715,1.465,105,65,-1,0,0,0
145.198,70.479,-5.715,1.465,100,65,-1,0,0,0
139.483,71.945,-5.715,1.465,95,65,-1,0,0,0
133.768,73.41,-5.715,1.465,90,65,-1,0,0,0
128.053,74.875,-5.715,1.465,85,65,-1,0,0,0
122.338,76.341,-5.715,1.465,80,65,-1,0,0,0
116.623,77.806,-5.715,1.465,75,65,-1,0,0,0
110.908,79.272,-5.715,1.465,70,65,-1,0,0,0
105.192,80.737,-5.715,1.465,65,65,-1,0,0,0
99.477,82.203,-5.715,1.465,60,65,-1,0,0,0
93.762,83.668,-5.715,1.465,55,65,-1,0,0,0
88.047,85.134,-5.715,1.465,50,65,-1,0,0,0
82.332,86.599,-5.715,1.465,45,65,-1,0,0,0
76.617,88.064,-5.715,1.465,40,65,-1,0,0,0
70.902,89.53,-5.715,1.465,35,65,-1,0,0,0
65.187,90.995,-5.715,1.465,35,65,0,0,0,0
59.472,92.461,-5.715,1.465,35,65,0,0,0,0
53.756,93.926,-5.715,1.465,35,65,0,0,0,0
48.041,95.392,-5.715,1.465,35,65,0,0,0,0
49.0,96.857,5.212,3.357,35,65,0,0,0,0
54.212,100.214,5.212,3.357,35,65,0,0,0,0
59.425,103.572,5.212,3.357,35,65,0,0,0,0
64.637,106.929,5.212,3.357,35,65,0,0,0,0
69.849,110.286,5.212,3.357,35,65,0,0,0,0
75.062,113.643,5.212,3.357,35,65,0,0,0,0
80.274,117.001,5.212,3.357,35,65,0,0,0,0
85.487,120.358,5.212,3.357,35,65,0,0,0,0
90.699,123.715,5.212,3.357,35,65,0,0,0,0
95.911,127.072,5.212,3.357,35,65,0,0,0,0
101.124,130.43,5.212,3.357,35,65,0,0,0,0
106.336,133.787,5.212,3.357,35,65,0,0,0,0
111.548,137.144,5.212,3.357,35,65,0,0,0,0
116.761,140.502,5.212,3.357,35,65,0,0,0,0
121.973,143.859,5.212,3.357,35,65,0,0,0,0
127.185,147.216,5.212,3.357,35,65,0,0,0,0
132.398,150.573,5.212,3.357,35,65,0,0,0,0
137.61,153.931,5.212,3.357,35,65,0,0,0,0
142.822,157.288,5.212,3.357,35,65,0,0,0,0
148.035,160.645,5.212,3.357,35,65,0,0,0,0
153.247,164.003,5.212,3.357,35,65,0,0,0,0
158.46,167.36,5.212,3.357,35,65,0,0,0,0
163.672,170.717,5.212,3.357,35,70,0,1,0,0
168.884,174.074,5.212,3.357,35,75,0,1,0,0
174.097,177.432,5.212,3.357,35,80,0,1,0,0
179.309,180.789,5.212,3.357,35,85,0,1,0,0
184.521,184.146,5.212,3.357,35,90,0,1,0,0
189.734,187.503,5.212,3.357,35,95,0,1,0,0
194.946,190.861,5.212,3.357,35,100,0,1,0,0
200.158,194.218,5.212,3.357,40,105,1,1,0,0
205.371,197.575,5.212,3.357,45,110,1,1,0,0
210.583,200.933,5.212,3.357,50,115,1,1,0,0
215.796,204.29,5.212,3.357,55,120,1,1,0,0
221.008,207.647,5.212,3.357,60,125,1,1,0,0
226.22,211.004,5.212,3.357,65,130,1,1,0,0
231.433,214.362,5.212,3.357,70,135,1,1,0,0
236.645,217.719,5.212,3.357,75,140,1,1,0,0
241.857,221.076,5.212,3.357,80,145,1,1,0,0
247.07,224.433,5.212,3.357,85,150,1,1,0,0
252.282,227.791,5.212,3.357,90,155,1,1,0,0
257.494,231.148,5.212,3.357,95,160,1,1,0,0
262.707,234.505,5.212,3.357,100,165,1,1,0,0
267.919,237.863,5.212,3.357,105,170,1,1,0,0
273.132,241.22,5.212,3.357,110,175,1,1,0,0
278.344,244.577,5.212,3.357,115,180,1,1,0,0
283.556,247.934,5.212,3.357,120,185,1,1,0,0
288.769,251.292,5.212,3.357,125,190,1,1,0,0
293.981,254.649,5.212,3.357,130,195,1,1,0,0
299.193,258.006,5.212,3.357,135,200,1,1,0,0
304.406,261.363,5.212,3.357,140,205,1,1,0,0
309.618,264.721,5.212,3.357,145,210,1,1,0,0
314.83,268.078,5.212,3.357,150,215,1,1,0,0
320.043,271.435,5.212,3.357,155,220,1,1,0,0
325.255,274.793,5.212,3.357,160,225,1,1,0,0
330.467,278.15,5.212,3.357,165,230,1,1,0,0
335.68,281.507,5.212,3.357,170,235,1,1,0,0
340.892,284.864,5.212,3.357,175,240,1,1,0,0
346.105,288.222,5.212,3.357,180,245,1,1,0,0
351.317,291.579,5.212,3.357,185,250,1,1,0,0
356.529,294.936,5.212,3.357,190,255,1,1,0,0
361.742,298.293,5.212,3.357,195,260,1,1,0,0
366.954,301.651,5.212,3.357,200,265,1,1,0,0
372.166,305.008,5.212,3.357,205,270,1,1,0,0
377.379,308.365,5.212,3.357,210,275,1,1,0,0
382.591,311.723,5.212,3.357,215,280,1,1,0,0
387.803,315.08,5.212,3.357,220,285,1,1,0,0
393.016,318.437,5.212,3.357,225,290,1,1,0,0
398.228,321.794,5.212,3.357,230,295,1,1,0,0
403.441,325.152,5.212,3.357,235,300,1,1,0,0
408.653,328.509,5.212,3.357,240,305,1,1,0,0
413.865,331.866,5.212,3.357,245,310,1,1,0,0
419.078,335.224,5.212,3.357,250,315,1,1,0,0
424.29,338.581,5.212,3.357,255,320,1,1,0,0
429.502,341.938,5.212,3.357,260,325,1,1,0,0
434.715,345.295,5.212,3.357,260,330,0,1,0,0
439.927,348.653,5.212,3.357,260,335,0,1,0,0
445.139,352.01,5.212,3.357,260,340,0,1,0,0
450.352,355.367,5.212,3.357,260,345,0,1,0,0
455.564,358.724,5.212,3.357,260,350,0,1,0,0
460.777,362.082,5.212,3.357,260,355,0,1,0,0
465.989,365.439,5.212,3.357,260,360,0,1,0,0
471.201,368.796,5.212,3.357,260,365,0,1,0,0
476.414,372.154,5.212,3.357,260,370,0,1,0,0
481.626,375.511,5.212,3.357,260,375,0,1,0,0
486.838,378.868,5.212,3.357,260,380,0,1,0,0
492.051,382.225,5.212,3.357,260,385,0,1,0,0
497.263,385.583,5.212,3.357,260,390,0,1,0,0
502.475,388.94,5.212,3.357,260,395,0,1,0,0
507.688,392.297,5.212,3.357,260,400,0,1,0,0
512.9,395.654,5.212,3.357,260,405,0,1,0,0
518.112,399.012,5.212,3.357,260,410,0,1,0,0
523.325,402.369,5.212,3.357,260,415,0,1,0,0
528.537,405.726,5.212,3.357,260,420,0,1,0,0
533.75,409.084,5.212,3.357,260,425,0,1,0,0
538.962,412.441,5.212,3.357,260,430,0,1,0,0
544.174,415.798,5.212,3.357,260,435,0,1,0,0
549.387,419.155,5.212,3.357,260,440,0,1,0,0
554.599,422.513,5.212,3.357,260,445,0,1,0,0
559.811,425.87,5.212,3.357,260,450,0,1,0,0
565.024,429.227,5.212,3.357,260,455,0,1,0,0
570.236,432.584,5.212,3.357,260,460,0,1,0,0
575.448,435.942,5.212,3.357,260,465,0,1,0,0
580.661,439.299,5.212,3.357,260,470,0,1,0,0
585.873,442.656,5.212,3.357,260,475,0,1,0,0
591.086,446.014,5.212,3.357,260,480,0,1,0,0
596.298,449.371,5.212,3.357,260,485,0,1,0,0
601.51,452.728,5.212,3.357,260,490,0,1,0,0
606.723,456.085,5.212,3.357,260,495,0,1,0,0
611.935,459.443,5.212,3.357,260,500,0,1,0,0
617.147,462.8,5.212,3.357,260,505,0,1,0,0
622.36,466.157,5.212,3.357,260,510,0,1,0,0
627.572,469.514,5.212,3.357,260,510,0,0,0,0
632.784,472.872,5.212,3.357,260,510,0,0,0,0
637.997,476.229,5.212,3.357,260,510,0,0,0,0
643.209,479.586,5.212,3.357,260,510,0,0,0,0
648.422,482.944,5.212,3.357,260,510,0,0,0,0
653.634,486.301,5.212,3.357,260,510,0,0,0,0
658.846,489.658,5.212,3.357,260,510,0,0,0,0
664.059,493.015,5.212,3.357,260,510,0,0,0,0
669.271,496.373,5.212,3.357,260,510,0,0,0,0
674.483,499.73,5.212,3.357,260,510,0,0,0,0
679.696,503.087,5.212,3.357,260,510,0,0,0,0
684.908,506.445,5.212,3.357,260,510,0,0,0,0
690.12,509.802,5.212,3.357,260,510,0,0,0,0
695.333,513.159,5.212,3.357,260,510,0,0,0,0
700.545,516.516,5.212,3.357,260,510,0,0,0,0
705.757,519.874,5.212,3.357,260,510,0,0,0,0
710.97,523.231,5.212,3.357,260,510,0,0,0,0
716.182,526.588,5.212,3.357,260,510,0,0,0,0
721.395,529.945,5.212,3.357,260,510,0,0,0,0
726.607,533.303,5.212,3.357,260,510,0,0,0,0
731.819,536.66,5.212,3.357,260,510,0,0,0,0
737.032,540.017,5.212,3.357,260,510,0,0,0,0
742.244,543.375,5.212,3.357,260,510,0,0,0,0
747.456,546.732,5.212,3.357,260,510,0,0,0,0
752.669,550.089,5.212,3.357,260,510,0,0,0,0
751.0,553.446,-6.474,0.586,260,510,0,0,0,0
744.526,554.032,-6.474,0.586,260,510,0,0,0,0
738.053,554.618,-6.474,0.586,260,510,0,0,0,0
731.579,555.203,-6.474,0.586,260,510,0,0,0,0
725.106,555.789,-6.474,0.586,260,510,0,0,0,0
718.632,556.375,-6.474,0.586,260,510,0,0,0,0
712.159,556.96,-6.474,0.586,260,510,0,0,0,0
705.685,557.546,-6.474,0.586,260,510,0,0,0,0
699.212,558.132,-6.474,0.586,260,510,0,0,0,0
692.738,558.717,-6.474,0.586,260,510,0,0,0,0
686.264,559.303,-6.474,0.586,260,510,0,0,0,0
679.791,559.889,-6.474,0.586,260,510,0,0,0,0
673.317,560.474,-6.474,0.586,260,510,0,0,0,0
666.844,561.06,-6.474,0.586,265,510,1,0,0,0
660.37,561.646,-6.474,0.586,270,510,1,0,0,0
653.897,562.231,-6.474,0.586,275,510,1,0,0,0
647.423,562.817,-6.474,0.586,280,510,1,0,0,0
640.949,563.403,-6.474,0.586,285,510,1,0,0,0
634.476,563.988,-6.474,0.586,290,510,1,0,0,0
628.002,564.574,-6.474,0.586,295,510,1,0,0,0
621.529,565.16,-6.474,0.586,300,510,1,0,0,0
615.055,565.745,-6.474,0.586,305,510,1,0,0,0
608.582,566.331,-6.474,0.586,310,510,1,0,0,0
602.108,566.917,-6.474,0.586,315,510,1,0,0,0
595.635,567.502,-6.474,0.586,320,510,1,0,0,0
589.161,568.088,-6.474,0.586,325,510,1,0,0,0
582.687,568.674,-6.474,0.586,330,510,1,0,0,0
576.214,569.259,-6.474,0.586,335,510,1,0,0,0
569.74,569.845,-6.474,0.586,340,510,1,0,0,0
563.267,570.431,-6.474,0.586,345,510,1,0,0,0
556.793,571.016,-6.474,0.586,350,510,1,0,0,0
550.32,571.602,-6.474,0.586,355,510,1,0,0,0
543.846,572.188,-6.474,0.586,360,510,1,0,0,0
537.372,572.773,-6.474,0.586,365,510,1,0,0,0
530.899,573.359,-6.474,0.586,370,510,1,0,0,0
524.425,573.945,-6.474,0.586,375,510,1,0,0,0
517.952,574.53,-6.474,0.586,380,510,1,0,0,0
511.478,575.116,-6.474,0.586,385,510,1,0,0,0
505.005,575.702,-6.474,0.586,390,510,1,0,0,0
498.531,576.287,-6.474,0.586,395,510,1,0,0,0
492.058,576.873,-6.474,0.586,400,510,1,0,0,0
485.584,577.459,-6.474,0.586,405,510,1,0,0,0
479.11,578.044,-6.474,0.586,410,510,1,0,0,0
472.637,578.63,-6.474,0.586,415,510,1,0,0,0
466.163,579.216,-6.474,0.586,420,510,1,0,0,0
459.69,579.801,-6.474,0.586,425,510,1,0,0,0
453.216,580.387,-6.474,0.586,430,510,1,0,0,0
446.743,580.973,-6.474,0.586,435,510,1,0,0,0
440.269,581.558,-6.474,0.586,440,510,1,0,0,0
433.796,582.144,-6.474,0.586,445,510,1,0,0,0
427.322,582.73,-6.474,0.586,450,510,1,0,0,0
420.848,583.315,-6.474,0.586,455,510,1,0,0,0
414.375,583.901,-6.474,0.586,460,510,1,0,0,0
407.901,584.487,-6.474,0.586,465,510,1,0,0,0
401.428,585.072,-6.474,0.586,470,510,1,0,0,0
394.954,585.658,-6.474,0.586,475,510,1,0,0,0
388.481,586.244,-6.474,0.586,480,510,1,0,0,0
382.007,586.829,-6.474,0.586,485,510,1,0,0,0
375.533,587.415,-6.474,0.586,490,510,1,0,0,0
369.06,588.001,-6.474,0.586,495,510,1,0,0,0
362.586,588.587,-6.474,0.586,500,510,1,0,0,0
356.113,589.172,-6.474,0.586,505,510,1,0,0,0
349.639,589.758,-6.474,0.586,510,510,1,0,0,0
343.166,590.344,-6.474,0.586,515,510,1,0,0,0
336.692,590.929,-6.474,0.586,520,510,1,0,0,0
330.219,591.515,-6.474,0.586,520,510,1,0,0,0
323.745,592.101,-6.474,0.586,520,510,1,0,0,0
317.271,592.686,-6.474,0.586,520,510,1,0,0,0
310.798,593.272,-6.474,0.586,520,510,1,0,0,0
304.324,593.858,-6.474,0.586,520,510,1,0,0,0
297.851,594.0,-6.474,-0.586,520,510,1,0,0,0
291.377,593.414,-6.474,-0.586,520,510,1,0,0,0
284.904,592.829,-6.474,-0.586,520,510,1,0,0,0
278.43,592.243,-6.474,-0.586,520,510,1,0,0,0
271.956,591.657,-6.474,-0.586,520,510,1,0,0,0
265.483,591.072,-6.474,-0.586,520,510,0,0,0,0
259.009,590.486,-6.474,-0.586,520,510,0,0,0,0
252.536,589.9,-6.474,-0.586,520,510,0,0,0,0
246.062,589.315,-6.474,-0.586,520,510,0,0,0,0
239.589,588.729,-6.474,-0.586,520,510,0,0,0,0
233.115,588.143,-6.474,-0.586,520,510,0,0,0,0
226.642,587.558,-6.474,-0.586,520,510,0,0,0,0
220.168,586.972,-6.474,-0.586,520,510,0,0,0,0
213.694,586.386,-6.474,-0.586,520,510,0,0,0,0
207.221,585.801,-6.474,-0.586,520,510,0,0,0,0
200.747,585.215,-6.474,-0.586,520,510,0,0,0,0
194.274,584.629,-6.474,-0.586,520,510,0,0,0,0
187.8,584.044,-6.474,-0.586,520,510,0,0,0,0
181.327,583.458,-6.474,-0.586,520,510,0,0,0,0
174.853,582.872,-6.474,-0.586,520,510,0,0,0,0
168.38,582.287,-6.474,-0.586,520,510,0,0,0,0
161.906,581.701,-6.474,-0.586,520,510,0,0,0,0
155.432,581.115,-6.474,-0.586,520,510,0,0,0,0
148.959,580.53,-6.474,-0.586,520,510,0,0,0,0
142.485,579.944,-6.474,-0.586,520,510,0,0,0,0
136.012,579.358,-6.474,-0.586,520,510,0,0,0,0
129.538,578.773,-6.474,-0.586,520,510,0,0,0,0
123.065,578.187,-6.474,-0.586,520,510,0,0,0,0
116.591,577.601,-6.474,-0.586,520,510,0,0,0,0
110.117,577.016,-6.474,-0.586,520,510,0,0,0,0
103.644,576.43,-6.474,-0.586,520,510,0,0,0,0
97.17,575.844,-6.474,-0.586,520,510,0,0,0,0
90.697,575.259,-6.474,-0.586,520,510,0,0,0,0
84.223,574.673,-6.474,-0.586,520,510,0,0,0,0
77.75,574.087,-6.474,-0.586,520,510,0,0,0,0
71.276,573.502,-6.474,-0.586,520,510,0,0,0,0
64.803,572.916,-6.474,-0.586,520,510,0,0,0,0
58.329,572.33,-6.474,-0.586,520,510,0,0,0,0
51.855,571.745,-6.474,-0.586,520,510,0,0,0,0
49.0,571.159,6.512,1.958,520,510,0,0,0,0
55.512,573.117,6.512,1.958,520,510,0,0,0,0
62.024,575.076,6.512,1.958,520,505,0,-1,0,0
68.536,577.034,6.512,1.958,520,500,0,-1,0,0
75.048,578.993,6.512,1.958,520,495,0,-1,0,0
81.559,580.951,6.512,1.958,520,490,0,-1,0,0
88.071,582.909,6.512,1.958,520,485,0,-1,0,0
94.583,584.868,6.512,1.958,520,480,0,-1,0,0
101.095,586.826,6.512,1.958,520,475,0,-1,0,0
107.607,588.785,6.512,1.958,520,470,0,-1,0,0
114.119,590.743,6.512,1.958,520,465,0,-1,0,0
120.631,592.701,6.512,1.958,520,460,0,-1,0,0
127.143,594.0,6.512,-1.958,520,455,0,-1,0,0
133.654,592.042,6.512,-1.958,520,450,0,-1,0,0
140.166,590.083,6.512,-1.958,520,445,0,-1,0,0
146.678,588.125,6.512,-1.958,520,440,0,-1,0,0
153.19,586.166,6.512,-1.958,520,435,0,-1,0,0
159.702,584.208,6.512,-1.958,520,430,0,-1,0,0
166.214,582.25,6.512,-1.958,520,425,0,-1,0,0
172.726,580.291,6.512,-1.958,520,420,0,-1,0,0
179.238,578.333,6.512,-1.958,520,415,0,-1,0,0
185.75,576.374,6.512,-1.958,520,410,0,-1,0,0
192.261,574.416,6.512,-1.958,520,405,0,-1,0,0
198.773,572.457,6.512,-1.958,520,400,0,-1,0,0
205.285,570.499,6.512,-1.958,520,395,0,-1,0,0
211.797,568.541,6.512,-1.958,520,390,0,-1,0,0
218.309,566.582,6.512,-1.958,520,385,0,-1,0,0
224.821,564.624,6.512,-1.958,520,380,0,-1,0,0
231.333,562.665,6.512,-1.958,520,385,0,1,0,0
237.845,560.707,6.512,-1.958,520,390,0,1,0,0
244.357,558.749,6.512,-1.958,520,395,0,1,0,0
250.868,556.79,6.512,-1.958,515,400,-1,1,0,0
257.38,554.832,6.512,-1.958,510,405,-1,1,0,0
263.892,552.873,6.512,-1.958,505,410,-1,1,0,0
270.404,550.915,6.512,-1.958,500,415,-1,1,0,0
276.916,548.957,6.512,-1.958,495,420,-1,1,0,0
283.428,546.998,6.512,-1.958,490,425,-1,1,0,0
289.94,545.04,6.512,-1.958,485,430,-1,1,0,0
296.452,543.081,6.512,-1.958,480,435,-1,1,0,0
302.963,541.123,6.512,-1.958,475,440,-1,1,0,0
309.475,539.164,6.512,-1.958,470,445,-1,1,0,0
315.987,537.206,6.512,-1.958,465,445,-1,0,0,0
322.499,535.248,6.512,-1.958,460,445,-1,0,0,0
329.011,533.289,6.512,-1.958,455,445,-1,0,0,0
335.523,531.331,6.512,-1.958,450,445,-1,0,0,0
342.035,529.372,6.512,-1.958,445,445,-1,0,0,0
348.547,527.414,6.512,-1.958,445,445,0,0,0,0
355.059,525.456,6.512,-1.958,445,445,0,0,0,0
361.57,523.497,6.512,-1.958,445,445,0,0,0,0
368.082,521.539,6.512,-1.958,445,445,0,0,0,0
374.594,519.58,6.512,-1.958,445,445,0,0,0,0
381.106,517.622,6.512,-1.958,445,445,0,0,0,0
387.618,515.664,6.512,-1.958,445,440,0,-1,0,0
394.13,513.705,6.512,-1.958,445,435,0,-1,0,0
400.642,511.747,6.512,-1.958,445,430,0,-1,0,0
407.154,509.788,6.512,-1.958,445,425,0,-1,0,0
413.665,507.83,6.512,-1.958,445,420,0,-1,0,0
420.177,505.872,6.512,-1.958,445,415,0,-1,0,0
426.689,503.913,6.512,-1.958,445,410,0,-1,0,0
433.201,501.955,6.512,-1.958,445,405,0,-1,0,0
439.713,499.996,6.512,-1.958,445,400,0,-1,0,0
446.225,498.038,6.512,-1.958,445,395,0,-1,0,0
452.737,496.079,6.512,-1.958,445,390,0,-1,0,0
459.249,494.121,6.512,-1.958,445,385,0,-1,0,0
465.761,492.163,6.512,-1.958,445,380,0,-1,0,0
472.272,490.204,6.512,-1.958,445,380,0,0,0,0
478.784,488.246,6.512,-1.958,445,380,0,0,0,0
485.296,486.287,6.512,-1.958,445,380,0,0,0,0
491.808,484.329,6.512,-1.958,445,380,0,0,0,0
498.32,482.371,6.512,-1.958,445,380,0,0,0,0
504.832,480.412,6.512,-1.958,445,380,0,0,0,0
511.344,478.454,6.512,-1.958,445,380,0,0,0,0
517.856,476.495,6.512,-1.958,445,380,0,0,0,0
524.367,474.537,6.512,-1.958,445,380,0,0,0,0
530.879,472.579,6.512,-1.958,445,380,0,0,0,0
537.391,470.62,6.512,-1.958,445,380,0,0,0,0
543.903,468.662,6.512,-1.958,445,380,0,0,0,0
550.415,466.703,6.512,-1.958,445,380,0,0,0,0
556.927,464.745,6.512,-1.958,445,380,0,0,0,0
563.439,462.786,6.512,-1.958,445,380,0,0,0,0
569.951,460.828,6.512,-1.958,445,380,0,0,0,0
576.463,458.87,6.512,-1.958,445,380,0,0,0,0
582.974,456.911,6.512,-1.958,445,380,0,0,0,0
589.486,454.953,6.512,-1.958,445,380,0,0,0,0
595.998,452.994,6.512,-1.958,445,380,0,0,0,0
602.51,451.036,6.512,-1.958,445,380,0,0,0,0
609.022,449.078,6.512,-1.958,445,380,0,0,0,0
615.534,447.119,6.512,-1.958,445,380,0,0,0,0
622.046,445.161,6.512,-1.958,445,380,0,0,0,0
628.558,443.202,6.512,-1.958,445,380,0,0,0,0
635.07,441.244,6.512,-1.958,445,380,0,0,0,0
641.581,439.286,6.512,-1.958,445,380,0,0,0,0
648.093,437.327,6.512,-1.958,445,380,0,0,0,0
654.605,435.369,6.512,-1.958,445,380,0,0,0,0
661.117,433.41,6.512,-1.958,445,380,0,0,0,0
667.629,431.452,6.512,-1.958,445,380,0,0,0,0
674.141,429.493,6.512,-1.958,445,380,0,0,0,0
680.653,427.535,6.512,-1.958,445,380,0,0,0,0
687.165,425.577,6.512,-1.958,445,380,0,0,0,0
693.676,423.618,6.512,-1.958,445,380,0,0,0,0
700.188,421.66,6.512,-1.958,445,375,0,-1,0,0
706.7,419.701,6.512,-1.958,445,370,0,-1,0,0
713.212,417.743,6.512,-1.958,445,365,0,-1,0,0
719.724,415.785,6.512,-1.958,445,360,0,-1,0,0
726.236,413.826,6.512,-1.958,445,355,0,-1,0,0
732.748,411.868,6.512,-1.958,445,350,0,-1,0,0
739.26,409.909,6.512,-1.958,445,350,0,0,0,0
745.772,407.951,6.512,-1.958,445,350,0,0,0,0
752.283,405.993,6.512,-1.958,445,350,0,0,0,0
751.0,404.034,-6.626,2.55,450,350,1,0,0,0
744.374,406.584,-6.626,2.55,455,350,1,0,0,0
737.748,409.135,-6.626,2.55,460,350,1,0,0,0
731.122,411.685,-6.626,2.55,465,350,1,0,0,0
724.495,414.236,-6.626,2.55,470,350,1,0,0,0
717.869,416.786,-6.626,2.55,475,350,1,0,0,0
711.243,419.336,-6.626,2.55,480,350,1,0,0,0
704.617,421.887,-6.626,2.55,485,350,1,0,0,0
697.991,424.437,-6.626,2.55,490,350,1,0,0,0
691.365,426.987,-6.626,2.55,495,350,1,0,0,0
684.739,429.538,-6.626,2.55,500,350,1,0,0,0
678.112,432.088,-6.626,2.55,500,350,0,0,0,0
671.486,434.638,-6.626,2.55,500,350,0,0,0,0
664.86,437.189,-6.626,2.55,500,350,0,0,0,0
658.234,439.739,-6.626,2.55,500,350,0,0,0,0
651.608,442.289,-6.626,2.55,500,350,0,0,0,0
644.982,444.84,-6.626,2.55,500,350,0,0,0,0
638.356,447.39,-6.626,2.55,500,350,0,0,0,0
631.729,449.94,-6.626,2.55,500,350,0,0,0,0
625.103,452.491,-6.626,2.55,500,350,0,0,0,0
618.477,455.041,-6.626,2.55,500,350,0,0,0,0
611.851,457.591,-6.626,2.55,500,350,0,0,0,0
605.225,460.142,-6.626,2.55,500,350,0,0,0,0
598.599,462.692,-6.626,2.55,500,350,0,0,0,0
591.973,465.242,-6.626,2.55,500,355,0,1,0,0
585.346,467.793,-6.626,2.55,500,360,0,1,0,0
578.72,470.343,-6.626,2.55,500,365,0,1,0,0
572.094,472.893,-6.626,2.55,500,370,0,1,0,0
565.468,475.444,-6.626,2.55,500,375,0,1,0,0
558.842,477.994,-6.626,2.55,500,380,0,1,0,0
552.216,480.544,-6.626,2.55,500,385,0,1,0,0
545.59,483.095,-6.626,2.55,500,390,0,1,0,0
538.963,485.645,-6.626,2.55,500,395,0,1,0,0
532.337,488.195,-6.626,2.55,500,400,0,1,0,0
525.711,490.746,-6.626,2.55,500,405,0,1,0,0
519.085,493.296,-6.626,2.55,500,410,0,1,0,0
512.459,495.846,-6.626,2.55,500,415,0,1,0,0
505.833,498.397,-6.626,2.55,500,420,0,1,0,0
499.207,500.947,-6.626,2.55,500,425,0,1,0,0
492.58,503.497,-6.626,2.55,500,430,0,1,0,0
485.954,506.048,-6.626,2.55,500,435,0,1,0,0
479.328,508.598,-6.626,2.55,500,440,0,1,0,0
472.702,511.148,-6.626,2.55,500,445,0,1,0,0
466.076,513.699,-6.626,2.55,500,450,0,1,0,0
459.45,516.249,-6.626,2.55,500,455,0,1,0,0
452.824,518.799,-6.626,2.55,500,460,0,1,0,0
446.197,521.35,-6.626,2.55,500,465,0,1,0,0
439.571,523.9,-6.626,2.55,500,470,0,1,0,0
432.945,526.45,-6.626,2.55,500,470,0,0,0,0
426.319,529.001,-6.626,2.55,500,470,0,0,0,0
419.693,531.551,-6.626,2.55,500,470,0,0,0,0
413.067,534.101,-6.626,2.55,500,470,0,0,0,0
406.441,536.652,-6.626,2.55,500,470,0,0,0,0
399.814,539.202,-6.626,2.55,500,470,0,0,0,0
393.188,541.752,-6.626,2.55,500,470,0,0,0,0
386.562,544.303,-6.626,2.55,500,470,0,0,0,0
379.936,546.853,-6.626,2.55,500,470,0,0,0,0
373.31,549.403,-6.626,2.55,500,470,0,0,0,0
366.684,551.954,-6.626,2.55,500,470,0,0,0,0
360.058,554.504,-6.626,2.55,500,470,0,0,0,0
353.431,557.054,-6.626,2.55,500,470,0,0,0,0
346.805,559.605,-6.626,2.55,500,470,0,0,0,0
340.179,562.155,-6.626,2.55,500,470,0,0,0,0
333.553,564.705,-6.626,2.55,500,470,0,0,0,0
326.927,567.256,-6.626,2.55,500,470,0,0,0,0
320.301,569.806,-6.626,2.55,500,470,0,0,0,0
313.675,572.357,-6.626,2.55,500,470,0,0,0,0
307.048,574.907,-6.626,2.55,500,470,0,0,0,0
300.422,577.457,-6.626,2.55,500,470,0,0,0,0
293.796,580.008,-6.626,2.55,500,470,0,0,0,0
287.17,582.558,-6.626,2.55,500,470,0,0,0,0
280.544,585.108,-6.626,2.55,500,470,0,0,0,0
273.918,587.659,-6.626,2.55,500,470,0,0,0,0
267.292,590.209,-6.626,2.55,500,470,0,0,0,0
260.665,592.759,-6.626,2.55,500,470,0,0,0,0
254.039,594.0,-6.626,-2.55,500,470,0,0,0,0
247.413,591.45,-6.626,-2.55,500,470,0,0,0,0
240.787,588.899,-6.626,-2.55,500,470,0,0,0,0
234.161,586.349,-6.626,-2.55,500,470,0,0,0,0
227.535,583.799,-6.626,-2.55,500,470,0,0,0,0
220.909,581.248,-6.626,-2.55,500,470,0,0,0,0
214.282,578.698,-6.626,-2.55,500,470,0,0,0,0
207.656,576.148,-6.626,-2.55,500,470,0,0,0,0
201.03,573.597,-6.626,-2.55,500,470,0,0,0,0
194.404,571.047,-6.626,-2.55,500,470,0,0,0,0
187.778,568.497,-6.626,-2.55,500,470,0,0,0,0
181.152,565.946,-6.626,-2.55,500,470,0,0,0,0
174.526,563.396,-6.626,-2.55,500,470,0,0,0,0
167.899,560.846,-6.626,-2.55,500,470,0,0,0,0
161.273,558.295,-6.626,-2.55,500,470,0,0,0,0
154.647,555.745,-6.626,-2.55,500,470,0,0,0,0
148.021,553.195,-6.626,-2.55,500,470,0,0,0,0
141.395,550.644,-6.626,-2.55,500,470,0,0,0,0
134.769,548.094,-6.626,-2.55,500,470,0,0,0,0
128.143,545.544,-6.626,-2.55,500,470,0,0,0,0
121.516,542.993,-6.626,-2.55,500,470,0,0,0,0
114.89,540.443,-6.626,-2.55,500,470,0,0,0,0
108.264,537.893,-6.626,-2.55,500,470,0,0,0,0
101.638,535.342,-6.626,-2.55,500,470,0,0,0,0
95.012,532.792,-6.626,-2.55,500,470,0,0,0,0
88.386,530.242,-6.626,-2.55,495,470,-1,0,0,0
81.76,527.691,-6.626,-2.55,490,470,-1,0,0,0
75.133,525.141,-6.626,-2.55,485,470,-1,0,0,0
68.507,522.591,-6.626,-2.55,480,470,-1,0,0,0
61.881,520.04,-6.626,-2.55,475,470,-1,0,0,0
55.255,517.49,-6.626,-2.55,470,470,-1,0,0,0
48.629,514.94,-6.626,-2.55,465,470,-1,0,0,0
49.0,512.389,7.014,2.358,460,470,-1,0,0,0
56.014,514.747,7.014,2.358,455,470,-1,0,0,0
63.028,517.106,7.014,2.358,450,470,-1,0,0,0
70.042,519.464,7.014,2.358,445,470,-1,0,0,0
77.057,521.822,7.014,2.358,440,465,-1,-1,0,0
84.071,524.181,7.014,2.358,435,460,-1,-1,0,0
91.085,526.539,7.014,2.358,430,455,-1,-1,0,0
98.099,528.897,7.014,2.358,425,450,-1,-1,0,0
105.113,531.256,7.014,2.358,420,445,-1,-1,0,0
112.127,533.614,7.014,2.358,415,440,-1,-1,0,0
119.142,535.972,7.014,2.358,410,435,-1,-1,0,0
126.156,538.331,7.014,2.358,405,430,-1,-1,0,0
133.17,540.689,7.014,2.358,400,425,-1,-1,0,0
140.184,543.047,7.014,2.358,395,420,-1,-1,0,0
147.198,545.406,7.014,2.358,390,415,-1,-1,0,0
154.212,547.764,7.014,2.358,385,410,-1,-1,0,0
161.226,550.122,7.014,2.358,380,405,-1,-1,0,0
168.241,552.48,7.014,2.358,375,400,-1,-1,0,0
175.255,554.839,7.014,2.358,375,395,0,-1,0,0
182.269,557.197,7.014,2.358,375,390,0,-1,0,0
189.283,559.555,7.014,2.358,375,385,0,-1,0,0
196.297,561.914,7.014,2.358,375,380,0,-1,0,0
203.311,564.272,7.014,2.358,375,375,0,-1,0,0
210.326,566.63,7.014,2.358,375,370,0,-1,0,0
217.34,568.989,7.014,2.358,375,365,0,-1,0,0
224.354,571.347,7.014,2.358,375,360,0,-1,0,0
231.368,573.705,7.014,2.358,375,355,0,-1,0,0
238.382,576.064,7.014,2.358,375,350,0,-1,0,0
245.396,578.422,7.014,2.358,375,345,0,-1,0,0
252.411,580.78,7.014,2.358,375,345,0,0,0,0
259.425,583.138,7.014,2.358,375,345,0,0,0,0
266.439,585.497,7.014,2.358,375,350,0,1,0,0
273.453,587.855,7.014,2.358,375,355,0,1,0,0
280.467,590.213,7.014,2.358,375,360,0,1,0,0
287.481,592.572,7.014,2.358,375,365,0,1,0,0
294.495,594.0,7.014,-2.358,375,370,0,1,0,0
301.51,591.642,7.014,-2.358,375,375,0,1,0,0
308.524,589.283,7.014,-2.358,375,380,0,1,0,0
315.538,586.925,7.014,-2.358,375,385,0,1,0,0
322.552,584.567,7.014,-2.358,375,390,0,1,0,0
329.566,582.208,7.014,-2.358,375,395,0,1,0,0
336.58,579.85,7.014,-2.358,375,400,0,1,0,0
343.595,577.492,7.014,-2.358,375,405,0,1,0,0
350.609,575.134,7.014,-2.358,375,410,0,1,0,0
357.623,572.775,7.014,-2.358,375,415,0,1,0,0
364.637,570.417,7.014,-2.358,375,420,0,1,0,0
371.651,568.059,7.014,-2.358,380,425,1,1,0,0
378.665,565.7,7.014,-2.358,385,430,1,1,0,0
385.679,563.342,7.014,-2.358,390,435,1,1,0,0
392.694,560.984,7.014,-2.358,395,440,1,1,0,0
399.708,558.625,7.014,-2.358,400,445,1,1,0,0
406.722,556.267,7.014,-2.358,405,450,1,1,0,0
413.736,553.909,7.014,-2.358,410,455,1,1,0,0
420.75,551.55,7.014,-2.358,415,460,1,1,0,0
427.764,549.192,7.014,-2.358,420,465,1,1,0,0
434.779,546.834,7.014,-2.358,425,465,1,0,0,0
441.793,544.475,7.014,-2.358,430,465,1,0,0,0
448.807,542.117,7.014,-2.358,435,465,1,0,0,0
455.821,539.759,7.014,-2.358,440,465,1,0,0,0
462.835,537.401,7.014,-2.358,445,465,1,0,0,0
469.849,535.042,7.014,-2.358,450,460,1,-1,0,0
476.863,532.684,7.014,-2.358,450,455,0,-1,0,0
483.878,530.326,7.014,-2.358,450,450,0,-1,0,0
490.892,527.967,7.014,-2.358,450,445,0,-1,0,0
497.906,525.609,7.014,-2.358,450,440,0,-1,0,0
504.92,523.251,7.014,-2.358,450,435,0,-1,0,0
511.934,520.892,7.014,-2.358,450,430,0,-1,0,0
518.948,518.534,7.014,-2.358,450,425,0,-1,0,0
525.963,516.176,7.014,-2.358,450,425,0,0,0,0
532.977,513.817,7.014,-2.358,450,425,0,0,0,0
539.991,511.459,7.014,-2.358,450,425,0,0,0,0
547.005,509.101,7.014,-2.358,450,425,0,0,0,0
554.019,506.743,7.014,-2.358,450,425,0,0,0,0
561.033,504.384,7.014,-2.358,450,425,0,0,0,0
568.047,502.026,7.014,-2.358,450,425,0,0,0,0
575.062,499.668,7.014,-2.358,450,425,0,0,0,0
582.076,497.309,7.014,-2.358,450,425,0,0,0,0
589.09,494.951,7.014,-2.358,450,425,0,0,0,0
596.104,492.593,7.014,-2.358,450,425,0,0,0,0
603.118,490.234,7.014,-2.358,450,425,0,0,0,0
610.132,487.876,7.014,-2.358,450,425,0,0,0,0
617.147,485.518,7.014,-2.358,450,420,0,-1,0,0
624.161,483.159,7.014,-2.358,450,415,0,-1,0,0
631.175,480.801,7.014,-2.358,450,410,0,-1,0,0
638.189,478.443,7.014,-2.358,450,405,0,-1,0,0
645.203,476.085,7.014,-2.358,450,400,0,-1,0,0
652.217,473.726,7.014,-2.358,450,395,0,-1,0,0
659.232,471.368,7.014,-2.358,450,395,0,0,0,0
666.246,469.01,7.014,-2.358,450,395,0,0,0,0
673.26,466.651,7.014,-2.358,450,395,0,0,0,0
680.274,464.293,7.014,-2.358,450,395,0,0,0,0
687.288,461.935,7.014,-2.358,450,395,0,0,0,0
694.302,459.576,7.014,-2.358,450,395,0,0,0,0
701.316,457.218,7.014,-2.358,450,395,0,0,0,0
708.331,454.86,7.014,-2.358,450,395,0,0,0,0
715.345,452.501,7.014,-2.358,450,395,0,0,0,0
722.359,450.143,7.014,-2.358,450,395,0,0,0,0
729.373,447.785,7.014,-2.358,450,395,0,0,0,0
736.387,445.426,7.014,-2.358,450,395,0,0,0,0
743.401,443.068,7.014,-2.358,450,395,0,0,0,0
750.416,440.71,7.014,-2.358,450,395,0,0,0,0
751.0,438.352,-7.67,0.675,450,395,0,0,0,0
743.33,439.026,-7.67,0.675,450,395,0,0,0,0
735.659,439.701,-7.67,0.675,450,395,0,0,0,0
727.989,440.376,-7.67,0.675,450,395,0,0,0,0
720.318,441.051,-7.67,0.675,450,395,0,0,0,0
712.648,441.725,-7.67,0.675,450,395,0,0,0,0
704.978,442.4,-7.67,0.675,450,395,0,0,0,0
697.307,443.075,-7.67,0.675,450,395,0,0,0,0
689.637,443.75,-7.67,0.675,450,395,0,0,0,0
681.967,444.424,-7.67,0.675,450,395,0,0,0,0
674.296,445.099,-7.67,0.675,450,395,0,0,0,0
666.626,445.774,-7.67,0.675,445,395,-1,0,0,0
658.955,446.449,-7.67,0.675,440,395,-1,0,0,0
651.285,447.123,-7.67,0.675,435,395,-1,0,0,0
643.615,447.798,-7.67,0.675,430,395,-1,0,0,0
635.944,448.473,-7.67,0.675,425,395,-1,0,0,0
628.274,449.148,-7.67,0.675,420,395,-1,0,0,0
620.604,449.823,-7.67,0.675,415,395,-1,0,0,0
612.933,450.497,-7.67,0.675,410,395,-1,0,0,0
605.263,451.172,-7.67,0.675,405,395,-1,0,0,0
597.592,451.847,-7.67,0.675,400,395,-1,0,0,0
589.922,452.522,-7.67,0.675,395,395,-1,0,0,0
582.252,453.196,-7.67,0.675,390,395,-1,0,0,0
574.581,453.871,-7.67,0.675,385,395,-1,0,0,0
566.911,454.546,-7.67,0.675,380,395,-1,0,0,0
559.241,455.221,-7.67,0.675,375,395,-1,0,0,0
551.57,455.895,-7.67,0.675,375,395,0,0,0,0
543.9,456.57,-7.67,0.675,375,395,0,0,0,0
536.229,457.245,-7.67,0.675,375,395,0,0,0,0
528.559,457.92,-7.67,0.675,375,395,0,0,0,0
520.889,458.594,-7.67,0.675,375,395,0,0,0,0
513.218,459.269,-7.67,0.675,375,395,0,0,0,0
505.548,459.944,-7.67,0.675,375,395,0,0,0,0
497.878,460.619,-7.67,0.675,375,395,0,0,0,0
490.207,461.293,-7.67,0.675,375,395,0,0,0,0
482.537,461.968,-7.67,0.675,375,395,0,0,0,0
474.866,462.643,-7.67,0.675,375,395,0,0,0,0
467.196,463.318,-7.67,0.675,375,395,0,0,0,0
459.526,463.992,-7.67,0.675,375,395,0,0,0,0
451.855,464.667,-7.67,0.675,375,395,0,0,0,0
444.185,465.342,-7.67,0.675,375,395,0,0,0,0
436.515,466.017,-7.67,0.675,375,395,0,0,0,0
428.844,466.692,-7.67,0.675,375,395,0,0,0,0
421.174,467.366,-7.67,0.675,380,400,1,1,0,0
413.503,468.041,-7.67,0.675,385,405,1,1,0,0
405.833,468.716,-7.67,0.675,390,410,1,1,0,0
398.163,469.391,-7.67,0.675,395,415,1,1,0,0
390.492,470.065,-7.67,0.675,400,420,1,1,0,0
382.822,470.74,-7.67,0.675,405,425,1,1,0,0
375.151,471.415,-7.67,0.675,410,430,1,1,0,0
367.481,472.09,-7.67,0.675,415,435,1,1,0,0
359.811,472.764,-7.67,0.675,420,440,1,1,0,0
352.14,473.439,-7.67,0.675,425,445,1,1,0,0
344.47,474.114,-7.67,0.675,430,450,1,1,0,0
336.8,474.789,-7.67,0.675,435,450,1,0,0,0
329.129,475.463,-7.67,0.675,435,450,0,0,0,0
321.459,476.138,-7.67,0.675,435,450,0,0,0,0
313.788,476.813,-7.67,0.675,435,450,0,0,0,0
306.118,477.488,-7.67,0.675,435,450,0,0,0,0
298.448,478.162,-7.67,0.675,435,450,0,0,0,0
290.777,478.837,-7.67,0.675,435,450,0,0,0,0
283.107,479.512,-7.67,0.675,435,450,0,0,0,0
275.437,480.187,-7.67,0.675,435,450,0,0,0,0
267.766,480.862,-7.67,0.675,435,450,0,0,0,0
260.096,481.536,-7.67,0.675,435,450,0,0,0,0
252.425,482.211,-7.67,0.675,435,450,0,0,0,0
244.755,482.886,-7.67,0.675,435,450,0,0,0,0
237.085,483.561,-7.67,0.675,435,450,0,0,0,0
229.414,484.235,-7.67,0.675,435,450,0,0,0,0
221.744,484.91,-7.67,0.675,435,450,0,0,0,0
214.074,485.585,-7.67,0.675,435,450,0,0,0,0
206.403,486.26,-7.67,0.675,435,450,0,0,0,0
198.733,486.934,-7.67,0.675,435,450,0,0,0,0
191.062,487.609,-7.67,0.675,435,450,0,0,0,0
183.392,488.284,-7.67,0.675,435,450,0,0,0,0
175.722,488.959,-7.67,0.675,435,450,0,0,0,0
168.051,489.633,-7.67,0.675,435,450,0,0,0,0
160.381,490.308,-7.67,0.675,435,450,0,0,0,0
152.711,490.983,-7.67,0.675,435,450,0,0,0,0
145.04,491.658,-7.67,0.675,435,450,0,0,0,0
137.37,492.332,-7.67,0.675,435,450,0,0,0,0
129.699,493.007,-7.67,0.675,435,450,0,0,0,0
122.029,493.682,-7.67,0.675,435,450,0,0,0,0
114.359,494.357,-7.67,0.675,435,450,0,0,0,0
106.688,495.031,-7.67,0.675,435,450,0,0,0,0
99.018,495.706,-7.67,0.675,435,450,0,0,0,0
91.347,496.381,-7.67,0.675,435,450,0,0,0,0
83.677,497.056,-7.67,0.675,435,450,0,0,0,0
76.007,497.731,-7.67,0.675,435,450,0,0,0,0
68.336,498.405,-7.67,0.675,435,450,0,0,0,0
60.666,499.08,-7.67,0.675,435,450,0,0,0,0
52.996,499.755,-7.67,0.675,435,450,0,0,0,0
49.0,500.43,6.292,4.941,435,450,0,0,0,0
55.292,505.371,6.292,4.941,435,450,0,0,0,0
61.583,510.312,6.292,4.941,435,450,0,0,0,0
67.875,515.253,6.292,4.941,435,450,0,0,0,0
74.167,520.194,6.292,4.941,435,450,0,0,0,0
80.458,525.135,6.292,4.941,435,450,0,0,0,0
86.75,530.077,6.292,4.941,435,450,0,0,0,0
93.042,535.018,6.292,4.941,435,450,0,0,0,0
99.333,539.959,6.292,4.941,435,450,0,0,0,0
105.625,544.9,6.292,4.941,435,450,0,0,0,0
111.917,549.841,6.292,4.941,435,450,0,0,0,0
118.208,554.782,6.292,4.941,435,450,0,0,0,0
124.5,559.723,6.292,4.941,435,450,0,0,0,0
130.792,564.665,6.292,4.941,435,450,0,0,0,0
137.083,569.606,6.292,4.941,435,450,0,0,0,0
143.375,574.547,6.292,4.941,435,450,0,0,0,0
149.666,579.488,6.292,4.941,435,450,0,0,0,0
155.958,584.429,6.292,4.941,435,450,0,0,0,0
162.25,589.37,6.292,4.941,435,450,0,0,0,0
168.541,594.0,6.292,-4.941,435,450,0,0,0,0
174.833,589.059,6.292,-4.941,435,450,0,0,0,0
181.125,584.118,6.292,-4.941,435,450,0,0,0,0
187.416,579.177,6.292,-4.941,435,450,0,0,0,0
193.708,574.235,6.292,-4.941,435,450,0,0,0,0
200.0,569.294,6.292,-4.941,435,450,0,0,0,0
206.291,564.353,6.292,-4.941,435,450,0,0,0,0
212.583,559.412,6.292,-4.941,435,450,0,0,0,0
218.875,554.471,6.292,-4.941,435,450,0,0,0,0
225.166,549.53,6.292,-4.941,435,450,0,0,0,0
231.458,544.588,6.292,-4.941,435,455,0,1,0,0
237.75,539.647,6.292,-4.941,435,460,0,1,0,0
244.041,534.706,6.292,-4.941,435,465,0,1,0,0
250.333,529.765,6.292,-4.941,435,470,0,1,0,0
256.625,524.824,6.292,-4.941,435,475,0,1,0,0
262.916,519.883,6.292,-4.941,435,475,0,0,0,0
269.208,514.941,6.292,-4.941,435,475,0,0,0,0
275.5,510.0,6.292,-4.941,435,475,0,0,0,0
281.791,505.059,6.292,-4.941,435,475,0,0,0,0
288.083,500.118,6.292,-4.941,435,475,0,0,0,0
294.375,495.177,6.292,-4.941,435,470,0,-1,0,0
300.666,490.236,6.292,-4.941,435,465,0,-1,0,0
306.958,485.294,6.292,-4.941,435,460,0,-1,0,0
313.25,480.353,6.292,-4.941,435,455,0,-1,0,0
319.541,475.412,6.292,-4.941,435,450,0,-1,0,0
325.833,470.471,6.292,-4.941,435,445,0,-1,0,0
332.125,465.53,6.292,-4.941,435,440,0,-1,0,0
338.416,460.589,6.292,-4.941,435,435,0,-1,0,0
344.708,455.648,6.292,-4.941,435,430,0,-1,0,0
350.999,450.706,6.292,-4.941,435,425,0,-1,0,0
357.291,445.765,6.292,-4.941,435,420,0,-1,0,0
363.583,440.824,6.292,-4.941,435,415,0,-1,0,0
369.874,435.883,6.292,-4.941,435,410,0,-1,0,0
376.166,430.942,6.292,-4.941,435,405,0,-1,0,0
382.458,426.001,6.292,-4.941,435,400,0,-1,0,0
388.749,421.059,6.292,-4.941,435,395,0,-1,0,0
395.041,416.118,6.292,-4.941,435,390,0,-1,0,0
401.333,411.177,6.292,-4.941,435,385,0,-1,0,0
407.624,406.236,6.292,-4.941,435,380,0,-1,0,0
413.916,401.295,6.292,-4.941,435,375,0,-1,0,0
420.208,396.354,6.292,-4.941,435,370,0,-1,0,0
426.499,391.412,6.292,-4.941,435,365,0,-1,0,0
432.791,386.471,6.292,-4.941,435,360,0,-1,0,0
439.083,381.53,6.292,-4.941,435,355,0,-1,0,0
445.374,376.589,6.292,-4.941,435,350,0,-1,0,0
451.666,371.648,6.292,-4.941,435,345,0,-1,0,0
457.958,366.707,6.292,-4.941,435,340,0,-1,0,0
464.249,361.765,6.292,-4.941,435,335,0,-1,0,0
470.541,356.824,6.292,-4.941,435,330,0,-1,0,0
476.833,351.883,6.292,-4.941,435,325,0,-1,0,0
483.124,346.942,6.292,-4.941,435,320,0,-1,0,0
489.416,342.001,6.292,-4.941,435,315,0,-1,0,0
495.708,337.06,6.292,-4.941,435,310,0,-1,0,0
501.999,332.119,6.292,-4.941,435,305,0,-1,0,0
508.291,327.177,6.292,-4.941,435,300,0,-1,0,0
514.583,322.236,6.292,-4.941,435,295,0,-1,0,0
520.874,317.295,6.292,-4.941,435,290,0,-1,0,0
527.166,312.354,6.292,-4.941,435,285,0,-1,0,0
533.458,307.413,6.292,-4.941,435,280,0,-1,0,0
539.749,302.472,6.292,-4.941,435,275,0,-1,0,0
546.041,297.53,6.292,-4.941,435,270,0,-1,0,0
552.332,292.589,6.292,-4.941,435,265,0,-1,0,0
558.624,287.648,6.292,-4.941,435,260,0,-1,0,0
564.916,282.707,6.292,-4.941,430,255,-1,-1,0,0
571.207,277.766,6.292,-4.941,425,250,-1,-1,0,0
577.499,272.825,6.292,-4.941,420,245,-1,-1,0,0
583.791,267.883,6.292,-4.941,415,240,-1,-1,0,0
590.082,262.942,6.292,-4.941,410,235,-1,-1,0,0
596.374,258.001,6.292,-4.941,405,230,-1,-1,0,0
602.666,253.06,6.292,-4.941,400,225,-1,-1,0,0
608.957,248.119,6.292,-4.941,395,220,-1,-1,0,0
615.249,243.178,6.292,-4.941,390,215,-1,-1,0,0
621.541,238.236,6.292,-4.941,385,210,-1,-1,0,0
627.832,233.295,6.292,-4.941,380,205,-1,-1,0,0
634.124,228.354,6.292,-4.941,375,200,-1,-1,0,0
640.416,223.413,6.292,-4.941,370,195,-1,-1,0,0
646.707,218.472,6.292,-4.941,365,190,-1,-1,0,0
652.999,213.531,6.292,-4.941,360,185,-1,-1,0,0
659.291,208.59,6.292,-4.941,355,180,-1,-1,0,0
665.582,203.648,6.292,-4.941,350,175,-1,-1,0,0
671.874,198.707,6.292,-4.941,345,170,-1,-1,0,0
678.166,193.766,6.292,-4.941,340,165,-1,-1,0,0
684.457,188.825,6.292,-4.941,335,160,-1,-1,0,0
690.749,183.884,6.292,-4.941,330,155,-1,-1,0,0
697.041,178.943,6.292,-4.941,325,150,-1,-1,0,0
703.332,174.001,6.292,-4.941,320,145,-1,-1,0,0
709.624,169.06,6.292,-4.941,315,140,-1,-1,0,0
715.916,164.119,6.292,-4.941,310,135,-1,-1,0,0
722.207,159.178,6.292,-4.941,305,130,-1,-1,0,0
728.499,154.237,6.292,-4.941,300,125,-1,-1,0,0
734.791,149.296,6.292,-4.941,295,120,-1,-1,0,0
741.082,144.354,6.292,-4.941,290,115,-1,-1,0,0
747.374,139.413,6.292,-4.941,285,110,-1,-1,0,0
751.0,134.472,-7.987,-2.259,280,105,-1,-1,0,0
743.013,132.213,-7.987,-2.259,275,100,-1,-1,0,0
735.027,129.955,-7.987,-2.259,270,95,-1,-1,0,0
727.04,127.696,-7.987,-2.259,265,90,-1,-1,0,0
719.053,125.437,-7.987,-2.259,260,85,-1,-1,0,0
711.066,123.178,-7.987,-2.259,255,80,-1,-1,0,0
703.08,120.919,-7.987,-2.259,250,75,-1,-1,0,0
695.093,118.661,-7.987,-2.259,250,70,0,-1,0,0
687.106,116.402,-7.987,-2.259,250,65,0,-1,0,0
679.119,114.143,-7.987,-2.259,250,60,0,-1,0,0
671.133,111.884,-7.987,-2.259,250,55,0,-1,0,0
663.146,109.625,-7.987,-2.259,250,50,0,-1,0,0
655.159,107.367,-7.987,-2.259,250,45,0,-1,0,0
647.173,105.108,-7.987,-2.259,250,45,0,0,0,0
639.186,102.849,-7.987,-2.259,250,45,0,0,0,0
631.199,100.59,-7.987,-2.259,250,45,0,0,0,0
623.212,98.331,-7.987,-2.259,250,45,0,0,0,0
615.226,96.073,-7.987,-2.259,250,45,0,0,0,0
607.239,93.814,-7.987,-2.259,250,45,0,0,0,0
599.252,91.555,-7.987,-2.259,250,45,0,0,0,0
591.265,89.296,-7.987,-2.259,250,45,0,0,0,0
583.279,87.037,-7.987,-2.259,250,45,0,0,0,0
575.292,84.779,-7.987,-2.259,250,45,0,0,0,0
567.305,82.52,-7.987,-2.259,250,45,0,0,0,0
559.318,80.261,-7.987,-2.259,250,45,0,0,0,0
551.332,78.002,-7.987,-2.259,250,45,0,0,0,0
543.345,75.744,-7.987,-2.259,250,45,0,0,0,0
535.358,73.485,-7.987,-2.259,250,45,0,0,0,0
527.372,71.226,-7.987,-2.259,250,45,0,0,0,0
519.385,68.967,-7.987,-2.259,250,45,0,0,0,0
511.398,66.708,-7.987,-2.259,250,45,0,0,0,0
503.411,64.45,-7.987,-2.259,245,45,-1,0,0,0
495.425,62.191,-7.987,-2.259,240,45,-1,0,0,0
487.438,59.932,-7.987,-2.259,235,45,-1,0,0,0
479.451,57.673,-7.987,-2.259,230,45,-1,0,0,0
471.464,55.414,-7.987,-2.259,225,45,-1,0,0,0
463.478,53.156,-7.987,-2.259,220,45,-1,0,0,0
455.491,50.897,-7.987,-2.259,215,45,-1,0,0,0
447.504,48.638,-7.987,-2.259,210,45,-1,0,0,0
439.518,46.379,-7.987,-2.259,205,45,-1,0,0,0
431.531,44.12,-7.987,-2.259,200,45,-1,0,0,0
423.544,41.862,-7.987,-2.259,195,45,-1,0,0,0
415.557,39.603,-7.987,-2.259,190,45,-1,0,0,0
407.571,37.344,-7.987,-2.259,185,45,-1,0,0,0
399.584,35.085,-7.987,-2.259,180,45,-1,0,0,0
391.597,32.827,-7.987,-2.259,175,45,-1,0,0,0
383.61,30.568,-7.987,-2.259,170,45,-1,0,0,0
375.624,28.309,-7.987,-2.259,165,45,-1,0,0,0
367.637,26.05,-7.987,-2.259,160,45,-1,0,0,0
359.65,23.791,-7.987,-2.259,155,45,-1,0,0,0
351.663,21.533,-7.987,-2.259,150,45,-1,0,0,0
343.677,19.274,-7.987,-2.259,145,45,-1,0,0,0
335.69,17.015,-7.987,-2.259,140,45,-1,0,0,0
327.703,14.756,-7.987,-2.259,135,45,-1,0,0,0
319.717,12.497,-7.987,-2.259,130,45,-1,0,0,0
311.73,10.239,-7.987,-2.259,125,45,-1,0,0,0
303.743,7.98,-7.987,-2.259,120,45,-1,0,0,0
295.756,6.0,-7.987,2.259,115,45,-1,0,0,0
287.77,8.259,-7.987,2.259,110,45,-1,0,0,0
279.783,10.518,-7.987,2.259,105,45,-1,0,0,0
271.796,12.776,-7.987,2.259,100,45,-1,0,0,0
263.809,15.035,-7.987,2.259,95,45,-1,0,0,0
255.823,17.294,-7.987,2.259,90,45,-1,0,0,0
247.836,19.553,-7.987,2.259,90,45,0,0,0,0
239.849,21.812,-7.987,2.259,90,45,0,0,0,0
231.863,24.07,-7.987,2.259,90,45,0,0,0,0
223.876,26.329,-7.987,2.259,90,45,0,0,0,0
215.889,28.588,-7.987,2.259,90,45,0,0,0,0
207.902,30.847,-7.987,2.259,90,45,0,0,0,0
199.916,33.105,-7.987,2.259,90,45,0,0,0,0
191.929,35.364,-7.987,2.259,90,45,0,0,0,0
183.942,37.623,-7.987,2.259,90,45,0,0,0,0
175.955,39.882,-7.987,2.259,90,45,0,0,0,0
167.969,42.141,-7.987,2.259,90,45,0,0,0,0
159.982,44.399,-7.987,2.259,90,45,0,0,0,0
151.995,46.658,-7.987,2.259,90,45,0,0,0,0
144.008,48.917,-7.987,2.259,90,45,0,0,0,0
136.022,51.176,-7.987,2.259,90,45,0,0,0,0
128.035,53.435,-7.987,2.259,90,45,0,0,0,0
120.048,55.693,-7.987,2.259,90,45,0,0,0,0
112.062,57.952,-7.987,2.259,90,45,0,0,0,0
104.075,60.211,-7.987,2.259,90,45,0,0,0,0
96.088,62.47,-7.987,2.259,85,45,-1,0,0,0
88.101,64.729,-7.987,2.259,80,45,-1,0,0,0
80.115,66.987,-7.987,2.259,75,45,-1,0,0,0
72.128,69.246,-7.987,2.259,70,45,-1,0,0,0
64.141,71.505,-7.987,2.259,65,45,-1,0,0,0
56.154,73.764,-7.987,2.259,60,45,-1,0,0,0
48.168,76.023,-7.987,2.259,55,45,-1,0,0,0
49.0,78.281,8.198,-2.597,50,45,-1,0,0,0
57.198,75.684,8.198,-2.597,45,45,-1,0,0,0
65.397,73.087,8.198,-2.597,40,45,-1,0,0,0
73.595,70.49,8.198,-2.597,35,45,-1,0,0,0
81.794,67.892,8.198,-2.597,30,45,-1,0,0,0
89.992,65.295,8.198,-2.597,25,45,-1,0,0,0
98.191,62.698,8.198,-2.597,20,45,-1,0,0,0
106.389,60.101,8.198,-2.597,15,45,-1,0,0,0
114.587,57.503,8.198,-2.597,10,45,-1,0,0,0
122.786,54.906,8.198,-2.597,5,45,-1,0,0,0
130.984,52.309,8.198,-2.597,0,45,-1,0,0,0
139.183,49.712,8.198,-2.597,0,45,-1,0,0,0
147.381,47.114,8.198,-2.597,0,45,-1,0,0,0
155.58,44.517,8.198,-2.597,0,45,-1,0,0,0
163.778,41.92,8.198,-2.597,0,45,-1,0,0,0
171.977,39.323,8.198,-2.597,0,45,-1,0,0,0
180.175,36.725,8.198,-2.597,0,45,-1,0,0,0
188.373,34.128,8.198,-2.597,0,45,-1,0,0,0
196.572,31.531,8.198,-2.597,0,45,-1,0,0,0
204.77,28.934,8.198,-2.597,0,50,-1,1,0,0
212.969,26.336,8.198,-2.597,0,55,0,1,0,0
221.167,23.739,8.198,-2.597,0,60,0,1,0,0
229.366,21.142,8.198,-2.597,0,65,0,1,0,0
237.564,18.545,8.198,-2.597,0,70,0,1,0,0
245.762,15.947,8.198,-2.597,0,75,0,1,0,0
253.961,13.35,8.198,-2.597,0,80,0,1,0,0
262.159,10.753,8.198,-2.597,0,85,0,1,0,0
270.358,8.156,8.198,-2.597,0,90,0,1,0,0
278.556,6.0,8.198,2.597,0,95,0,1,0,0
286.755,8.597,8.198,2.597,0,100,0,1,0,0
294.953,11.194,8.198,2.597,0,105,0,1,0,0
303.151,13.792,8.198,2.597,0,110,0,1,0,0
311.35,16.389,8.198,2.597,0,115,0,1,0,0
319.548,18.986,8.198,2.597,0,120,0,1,0,0
327.747,21.583,8.198,2.597,0,125,0,1,0,0
335.945,24.181,8.198,2.597,0,125,0,0,0,0
344.144,26.778,8.198,2.597,0,125,0,0,0,0
352.342,29.375,8.198,2.597,5,125,1,0,0,0
360.541,31.972,8.198,2.597,10,125,1,0,0,0
368.739,34.57,8.198,2.597,15,125,1,0,0,0
376.937,37.167,8.198,2.597,20,125,1,0,0,0
385.136,39.764,8.198,2.597,25,125,1,0,0,0
393.334,42.361,8.198,2.597,30,125,1,0,0,0
401.533,44.959,8.198,2.597,35,125,1,0,0,0
409.731,47.556,8.198,2.597,40,125,1,0,0,0
417.93,50.153,8.198,2.597,45,125,1,0,0,0
426.128,52.75,8.198,2.597,50,125,1,0,0,0
434.326,55.348,8.198,2.597,55,125,1,0,0,0
442.525,57.945,8.198,2.597,60,125,1,0,0,0
450.723,60.542,8.198,2.597,65,125,1,0,0,0
458.922,63.139,8.198,2.597,70,125,1,0,0,0
467.12,65.737,8.198,2.597,75,125,1,0,0,0
475.319,68.334,8.198,2.597,80,125,1,0,0,0
483.517,70.931,8.198,2.597,85,125,1,0,0,0
491.715,73.528,8.198,2.597,90,125,1,0,0,0
499.914,76.126,8.198,2.597,95,125,1,0,0,0
508.112,78.723,8.198,2.597,95,125,0,0,0,0
516.311,81.32,8.198,2.597,95,125,0,0,0,0
524.509,83.917,8.198,2.597,95,125,0,0,0,0
532.708,86.514,8.198,2.597,95,125,0,0,0,0
540.906,89.112,8.198,2.597,95,125,0,0,0,0
549.105,91.709,8.198,2.597,95,125,0,0,0,0
557.303,94.306,8.198,2.597,95,125,0,0,0,0
565.501,96.903,8.198,2.597,95,125,0,0,0,0
573.7,99.501,8.198,2.597,95,125,0,0,0,0
581.898,102.098,8.198,2.597,95,125,0,0,0,0
590.097,104.695,8.198,2.597,95,125,0,0,0,0
598.295,107.292,8.198,2.597,95,125,0,0,0,0
606.494,109.89,8.198,2.597,95,125,0,0,0,0
614.692,112.487,8.198,2.597,95,125,0,0,0,0
622.89,115.084,8.198,2.597,95,125,0,0,0,0
631.089,117.681,8.198,2.597,95,125,0,0,0,0
639.287,120.279,8.198,2.597,95,125,0,0,0,0
647.486,122.876,8.198,2.597,100,125,1,0,0,0
655.684,125.473,8.198,2.597,105,125,1,0,0,0
663.883,128.07,8.198,2.597,110,125,1,0,0,0
672.081,130.668,8.198,2.597,115,125,1,0,0,0
680.279,133.265,8.198,2.597,120,125,1,0,0,0
688.478,135.862,8.198,2.597,125,125,1,0,0,0
696.676,138.459,8.198,2.597,130,125,1,0,0,0
704.875,141.057,8.198,2.597,135,125,1,0,0,0
713.073,143.654,8.198,2.597,140,125,1,0,0,0
721.272,146.251,8.198,2.597,145,125,1,0,0,0
729.47,148.848,8.198,2.597,150,125,1,0,0,0
737.669,151.446,8.198,2.597,155,125,1,0,0,0
745.867,154.043,8.198,2.597,160,125,1,0,0,0
751.0,156.64,-8.688,-1.932,165,125,1,0,0,0
742.312,154.708,-8.688,-1.932,170,125,1,0,0,0
733.625,152.775,-8.688,-1.932,175,125,1,0,0,0
724.937,150.843,-8.688,-1.932,175,125,0,0,0,0
716.249,148.911,-8.688,-1.932,175,125,0,0,0,0
707.562,146.978,-8.688,-1.932,175,125,0,0,0,0
698.874,145.046,-8.688,-1.932,175,125,0,0,0,0
690.186,143.113,-8.688,-1.932,175,125,0,0,0,0
681.498,141.181,-8.688,-1.932,175,125,0,0,0,0
672.811,139.249,-8.688,-1.932,175,125,0,0,0,0
664.123,137.316,-8.688,-1.932,175,125,0,0,0,0
655.435,135.384,-8.688,-1.932,175,125,0,0,0,0
646.748,133.452,-8.688,-1.932,175,125,0,0,0,0
638.06,131.519,-8.688,-1.932,175,125,0,0,0,0
629.372,129.587,-8.688,-1.932,175,125,0,0,0,0
620.685,127.654,-8.688,-1.932,175,125,0,0,0,0
611.997,125.722,-8.688,-1.932,175,125,0,0,0,0
603.309,123.79,-8.688,-1.932,175,125,0,0,0,0
594.622,121.857,-8.688,-1.932,175,125,0,0,0,0
585.934,119.925,-8.688,-1.932,175,125,0,0,0,0
577.246,117.993,-8.688,-1.932,175,125,0,0,0,0
568.559,116.06,-8.688,-1.932,175,125,0,0,0,0
559.871,114.128,-8.688,-1.932,175,125,0,0,0,0
551.183,112.195,-8.688,-1.932,175,125,0,0,0,0
542.495,110.263,-8.688,-1.932,175,125,0,0,0,0
533.808,108.331,-8.688,-1.932,175,125,0,0,0,0
525.12,106.398,-8.688,-1.932,170,125,-1,0,0,0
516.432,104.466,-8.688,-1.932,165,125,-1,0,0,0
507.745,102.534,-8.688,-1.932,160,125,-1,0,0,0
499.057,100.601,-8.688,-1.932,155,125,-1,0,0,0
490.369,98.669,-8.688,-1.932,150,125,-1,0,0,0
481.682,96.736,-8.688,-1.932,145,125,-1,0,0,0
472.994,94.804,-8.688,-1.932,140,125,-1,0,0,0
464.306,92.872,-8.688,-1.932,135,125,-1,0,0,0
455.619,90.939,-8.688,-1.932,130,125,-1,0,0,0
446.931,89.007,-8.688,-1.932,125,125,-1,0,0,0
438.243,87.075,-8.688,-1.932,120,125,-1,0,0,0
429.556,85.142,-8.688,-1.932,115,125,-1,0,0,0
420.868,83.21,-8.688,-1.932,110,125,-1,0,0,0
412.18,81.277,-8.688,-1.932,105,125,-1,0,0,0
403.492,79.345,-8.688,-1.932,100,125,-1,0,0,0
394.805,77.413,-8.688,-1.932,95,125,-1,0,0,0
386.117,75.48,-8.688,-1.932,90,125,-1,0,0,0
377.429,73.548,-8.688,-1.932,85,125,-1,0,0,0
368.742,71.616,-8.688,-1.932,80,125,-1,0,0,0
360.054,69.683,-8.688,-1.932,75,125,-1,0,0,0
351.366,67.751,-8.688,-1.932,70,125,-1,0,0,0
342.679,65.819,-8.688,-1.932,65,125,-1,0,0,0
333.991,63.886,-8.688,-1.932,60,125,-1,0,0,0
325.303,61.954,-8.688,-1.932,55,125,-1,0,0,0
316.616,60.021,-8.688,-1.932,50,125,-1,0,0,0
307.928,58.089,-8.688,-1.932,45,125,-1,0,0,0
299.24,56.157,-8.688,-1.932,40,125,-1,0,0,0
290.552,54.224,-8.688,-1.932,35,125,-1,0,0,0
281.865,52.292,-8.688,-1.932,30,125,-1,0,0,0
273.177,50.36,-8.688,-1.932,25,125,-1,0,0,0
264.489,48.427,-8.688,-1.932,20,125,-1,0,0,0
255.802,46.495,-8.688,-1.932,20,125,0,0,0,0
247.114,44.562,-8.688,-1.932,20,125,0,0,0,0
238.426,42.63,-8.688,-1.932,20,125,0,0,0,0
229.739,40.698,-8.688,-1.932,20,125,0,0,0,0
221.051,38.765,-8.688,-1.932,20,125,0,0,0,0
212.363,36.833,-8.688,-1.932,20,125,0,0,0,0
203.676,34.901,-8.688,-1.932,20,125,0,0,0,0
194.988,32.968,-8.688,-1.932,20,125,0,0,0,0
186.3,31.036,-8.688,-1.932,20,125,0,0,0,0
177.613,29.103,-8.688,-1.932,20,125,0,0,0,0
168.925,27.171,-8.688,-1.932,20,125,0,0,0,0
160.237,25.239,-8.688,-1.932,20,125,0,0,0,0
151.549,23.306,-8.688,-1.932,20,125,0,0,0,0
142.862,21.374,-8.688,-1.932,20,125,0,0,0,0
134.174,19.442,-8.688,-1.932,20,125,0,0,0,0
125.486,17.509,-8.688,-1.932,20,125,0,0,0,0
116.799,15.577,-8.688,-1.932,20,125,0,0,0,0
108.111,13.644,-8.688,-1.932,20,125,0,0,0,0
99.423,11.712,-8.688,-1.932,20,125,0,0,0,0
90.736,9.78,-8.688,-1.932,20,125,0,0,0,0
82.048,7.847,-8.688,-1.932,20,125,0,0,0,0
73.36,6.0,-8.688,1.932,20,125,0,0,0,0
64.673,7.932,-8.688,1.932,20,125,0,0,0,0
55.985,9.865,-8.688,1.932,20,125,0,0,0,0
47.297,11.797,-8.688,1.932,20,125,0,0,0,0
38.61,13.729,-8.688,1.932,20,125,0,0,0,0
49.0,15.662,4.6,-7.967,20,125,0,0,0,0
53.6,7.694,4.6,-7.967,20,125,0,0,0,0
58.2,6.0,4.6,7.967,20,125,0,0,0,0
62.8,13.967,4.6,7.967,20,125,0,0,0,0
67.4,21.935,4.6,7.967,20,125,0,0,0,0
72.0,29.902,4.6,7.967,20,125,0,0,0,0
76.6,37.87,4.6,7.967,20,125,0,0,0,0
81.2,45.837,4.6,7.967,20,125,0,0,0,0
85.8,53.805,4.6,7.967,20,125,0,0,0,0
90.4,61.772,4.6,7.967,20,125,0,0,0,0
95.0,69.739,4.6,7.967,20,125,0,0,0,0
99.6,77.707,4.6,7.967,20,125,0,0,0,0
104.2,85.674,4.6,7.967,20,125,0,0,0,0
108.8,93.642,4.6,7.967,20,125,0,0,0,0
113.4,101.609,4.6,7.967,20,125,0,0,0,0
118.0,109.577,4.6,7.967,20,125,0,0,0,0
122.6,117.544,4.6,7.967,20,125,0,0,0,0
127.2,125.512,4.6,7.967,20,125,0,0,0,0
131.8,133.479,4.6,7.967,20,125,0,0,0,0
136.4,141.446,4.6,7.967,20,125,0,0,0,0
141.0,149.414,4.6,7.967,20,125,0,0,0,0
145.6,157.381,4.6,7.967,20,125,0,0,0,0
150.2,165.349,4.6,7.967,20,125,0,0,0,0
154.8,173.316,4.6,7.967,20,125,0,0,0,0
159.4,181.284,4.6,7.967,20,125,0,0,0,0
164.0,189.251,4.6,7.967,20,125,0,0,0,0
168.6,197.218,4.6,7.967,20,130,0,1,0,0
173.2,205.186,4.6,7.967,20,135,0,1,0,0
177.8,213.153,4.6,7.967,20,140,0,1,0,0
182.4,221.121,4.6,7.967,20,145,0,1,0,0
187.0,229.088,4.6,7.967,25,150,1,1,0,0
191.6,237.056,4.6,7.967,30,155,1,1,0,0
196.2,245.023,4.6,7.967,35,160,1,1,0,0
200.8,252.99,4.6,7.967,40,165,1,1,0,0
205.4,260.958,4.6,7.967,45,170,1,1,0,0
210.0,268.925,4.6,7.967,50,175,1,1,0,0
214.6,276.893,4.6,7.967,55,180,1,1,0,0
219.2,284.86,4.6,7.967,60,185,1,1,0,0
223.8,292.828,4.6,7.967,65,190,1,1,0,0
228.4,300.795,4.6,7.967,70,195,1,1,0,0
233.0,308.762,4.6,7.967,75,200,1,1,0,0
237.6,316.73,4.6,7.967,80,205,1,1,0,0
242.2,324.697,4.6,7.967,85,210,1,1,0,0
246.8,332.665,4.6,7.967,90,215,1,1,0,0
251.4,340.632,4.6,7.967,95,220,1,1,0,0
256.0,348.6,4.6,7.967,100,225,1,1,0,0
260.6,356.567,4.6,7.967,105,230,1,1,0,0
265.2,364.535,4.6,7.967,110,235,1,1,0,0
269.8,372.502,4.6,7.967,115,240,1,1,0,0
274.4,380.469,4.6,7.967,120,245,1,1,0,0
279.0,388.437,4.6,7.967,125,250,1,1,0,0
283.6,396.404,4.6,7.967,130,255,1,1,0,0
288.2,404.372,4.6,7.967,135,260,1,1,0,0
292.8,412.339,4.6,7.967,140,265,1,1,0,0
297.4,420.307,4.6,7.967,145,270,1,1,0,0
302.0,428.274,4.6,7.967,150,275,1,1,0,0
306.6,436.241,4.6,7.967,155,280,1,1,0,0
311.2,444.209,4.6,7.967,160,285,1,1,0,0
315.8,452.176,4.6,7.967,165,290,1,1,0,0
320.4,460.144,4.6,7.967,170,295,1,1,0,0
325.0,468.111,4.6,7.967,175,300,1,1,0,0
329.6,476.079,4.6,7.967,180,300,1,0,0,0
334.2,484.046,4.6,7.967,185,295,1,-1,0,0
338.8,492.013,4.6,7.967,190,290,1,-1,0,0
343.4,499.981,4.6,7.967,195,285,1,-1,0,0
348.0,507.948,4.6,7.967,200,280,1,-1,0,0
352.6,515.916,4.6,7.967,205,275,1,-1,0,0
357.2,523.883,4.6,7.967,210,270,1,-1,0,0
361.8,531.851,4.6,7.967,215,265,1,-1,0,0
366.4,539.818,4.6,7.967,220,260,1,-1,0,0
371.0,547.785,4.6,7.967,225,255,1,-1,0,0
375.6,555.753,4.6,7.967,230,250,1,-1,0,0
380.2,563.72,4.6,7.967,235,245,1,-1,0,0
384.8,571.688,4.6,7.967,240,240,1,-1,0,0
389.4,579.655,4.6,7.967,245,235,1,-1,0,0
394.0,587.623,4.6,7.967,250,230,1,-1,0,0
398.6,594.0,4.6,-7.967,255,225,1,-1,0,0
403.2,586.033,4.6,-7.967,260,220,1,-1,0,0
407.8,578.065,4.6,-7.967,265,215,1,-1,0,0
412.4,570.098,4.6,-7.967,270,210,1,-1,0,0
417.0,562.13,4.6,-7.967,275,205,1,-1,0,0
421.6,554.163,4.6,-7.967,280,200,1,-1,0,0
426.2,546.195,4.6,-7.967,285,195,1,-1,0,0
430.8,538.228,4.6,-7.967,290,190,1,-1,0,0
435.4,530.261,4.6,-7.967,295,185,1,-1,0,0
440.0,522.293,4.6,-7.967,300,180,1,-1,0,0
444.6,514.326,4.6,-7.967,305,175,1,-1,0,0
449.2,506.358,4.6,-7.967,310,170,1,-1,0,0
453.8,498.391,4.6,-7.967,315,165,1,-1,0,0
458.4,490.423,4.6,-7.967,320,160,1,-1,0,0
463.0,482.456,4.6,-7.967,320,155,0,-1,0,0
467.6,474.488,4.6,-7.967,320,150,0,-1,0,0
472.2,466.521,4.6,-7.967,320,145,0,-1,0,0
476.8,458.554,4.6,-7.967,320,140,0,-1,0,0
481.4,450.586,4.6,-7.967,320,135,0,-1,0,0
486.0,442.619,4.6,-7.967,320,130,0,-1,0,0
490.6,434.651,4.6,-7.967,320,125,0,-1,0,0
495.2,426.684,4.6,-7.967,320,125,0,0,0,0
499.8,418.716,4.6,-7.967,320,125,0,0,0,0
504.4,410.749,4.6,-7.967,320,125,0,0,0,0
509.0,402.782,4.6,-7.967,320,125,0,0,0,0
513.6,394.814,4.6,-7.967,320,125,0,0,0,0
518.2,386.847,4.6,-7.967,320,125,0,0,0,0
522.8,378.879,4.6,-7.967,320,125,0,0,0,0
527.4,370.912,4.6,-7.967,320,125,0,0,0,0
532.0,362.944,4.6,-7.967,320,125,0,0,0,0
536.6,354.977,4.6,-7.967,320,125,0,0,0,0
541.2,347.01,4.6,-7.967,315,125,-1,0,0,0
545.8,339.042,4.6,-7.967,310,125,-1,0,0,0
550.4,331.075,4.6,-7.967,305,125,-1,0,0,0
555.0,323.107,4.6,-7.967,300,120,-1,-1,0,0
559.6,315.14,4.6,-7.967,295,115,-1,-1,0,0
564.2,307.172,4.6,-7.967,290,110,-1,-1,0,0
568.8,299.205,4.6,-7.967,285,105,-1,-1,0,0
573.4,291.238,4.6,-7.967,280,100,-1,-1,0,0
578.0,283.27,4.6,-7.967,275,95,-1,-1,0,0
582.6,275.303,4.6,-7.967,270,90,-1,-1,0,0
587.2,267.335,4.6,-7.967,265,85,-1,-1,0,0
591.8,259.368,4.6,-7.967,260,80,-1,-1,0,0
596.4,251.4,4.6,-7.967,255,75,-1,-1,0,0
601.0,243.433,4.6,-7.967,250,70,-1,-1,0,0
605.6,235.465,4.6,-7.967,245,65,-1,-1,0,0
610.2,227.498,4.6,-7.967,240,60,-1,-1,0,0
614.8,219.531,4.6,-7.967,235,55,-1,-1,0,0
619.4,211.563,4.6,-7.967,230,50,-1,-1,0,0
624.0,203.596,4.6,-7.967,225,45,-1,-1,0,0
628.6,195.628,4.6,-7.967,220,40,-1,-1,0,0
633.2,187.661,4.6,-7.967,220,35,0,-1,0,0
637.8,179.693,4.6,-7.967,220,30,0,-1,0,0
642.4,171.726,4.6,-7.967,220,25,0,-1,0,0
647.0,163.759,4.6,-7.967,220,20,0,-1,0,0
651.6,155.791,4.6,-7.967,220,20,0,0,0,0
656.2,147.824,4.6,-7.967,220,20,0,0,0,0
660.8,139.856,4.6,-7.967,220,20,0,0,0,0
665.4,131.889,4.6,-7.967,220,20,0,0,0,0
670.0,123.921,4.6,-7.967,220,20,0,0,0,0
674.6,115.954,4.6,-7.967,220,20,0,0,0,0
679.2,107.987,4.6,-7.967,220,20,0,0,0,0
683.8,100.019,4.6,-7.967,220,20,0,0,0,0
688.4,92.052,4.6,-7.967,220,20,0,0,0,0
693.0,84.084,4.6,-7.967,220,20,0,0,0,0
697.6,76.117,4.6,-7.967,220,20,0,0,0,0
702.2,68.149,4.6,-7.967,220,20,0,0,0,0
706.8,60.182,4.6,-7.967,220,20,0,0,0,0
711.4,52.215,4.6,-7.967,220,20,0,0,0,0
716.0,44.247,4.6,-7.967,220,20,0,0,0,0
720.6,36.28,4.6,-7.967,220,20,0,0,0,0
725.2,28.312,4.6,-7.967,220,20,0,0,0,0
729.8,20.345,4.6,-7.967,220,20,0,0,0,0
734.4,12.377,4.6,-7.967,220,20,0,0,0,0
739.0,6.0,4.6,7.967,220,20,0,0,0,0
743.6,13.967,4.6,7.967,220,20,0,0,0,0
748.2,21.935,4.6,7.967,220,20,0,0,0,0
752.8,29.902,4.6,7.967,220,20,0,0,0,0
751.0,37.87,-7.95,-5.201,220,20,0,0,0,0
743.05,32.669,-7.95,-5.201,215,15,-1,-1,0,0
735.101,27.467,-7.95,-5.201,210,10,-1,-1,0,0
727.151,22.266,-7.95,-5.201,205,5,-1,-1,0,0
719.201,17.065,-7.95,-5.201,200,0,-1,-1,0,0
711.252,11.864,-7.95,-5.201,195,0,-1,-1,0,0
703.302,6.662,-7.95,-5.201,190,0,-1,-1,0,0
695.352,6.0,-7.95,5.201,185,0,-1,-1,0,0
687.403,11.201,-7.95,5.201,180,0,-1,-1,0,0
679.453,16.402,-7.95,5.201,175,0,-1,-1,0,0
671.503,21.604,-7.95,5.201,170,0,-1,-1,0,0
663.554,26.805,-7.95,5.201,165,0,-1,-1,0,0
655.604,32.006,-7.95,5.201,160,0,-1,-1,0,0
647.654,37.207,-7.95,5.201,155,0,-1,-1,0,0
639.704,42.408,-7.95,5.201,150,0,-1,0,0,0
631.755,47.61,-7.95,5.201,145,0,-1,0,0,0
623.805,52.811,-7.95,5.201,145,0,0,0,0,0
615.855,58.012,-7.95,5.201,145,5,0,1,0,0
607.906,63.213,-7.95,5.201,145,10,0,1,0,0
599.956,68.415,-7.95,5.201,145,15,0,1,0,0
592.006,73.616,-7.95,5.201,145,20,0,1,0,0
584.057,78.817,-7.95,5.201,145,25,0,1,0,0
576.107,84.018,-7.95,5.201,145,30,0,1,0,0
568.157,89.219,-7.95,5.201,145,35,0,1,0,0
560.208,94.421,-7.95,5.201,145,40,0,1,0,0
552.258,99.622,-7.95,5.201,145,45,0,1,0,0
544.308,104.823,-7.95,5.201,145,50,0,1,0,0
536.359,110.024,-7.95,5.201,150,55,1,1,0,0
528.409,115.225,-7.95,5.201,155,60,1,1,0,0
520.459,120.427,-7.95,5.201,160,65,1,1,0,0
512.51,125.628,-7.95,5.201,165,70,1,1,0,0
504.56,130.829,-7.95,5.201,170,75,1,1,0,0
496.61,136.03,-7.95,5.201,175,80,1,1,0,0
488.661,141.232,-7.95,5.201,180,85,1,1,0,0
480.711,146.433,-7.95,5.201,185,90,1,1,0,0
472.761,151.634,-7.95,5.201,190,95,1,1,0,0
464.812,156.835,-7.95,5.201,195,100,1,1,0,0
456.862,162.036,-7.95,5.201,200,105,1,1,0,0
448.912,167.238,-7.95,5.201,205,110,1,1,0,0
440.963,172.439,-7.95,5.201,210,115,1,1,0,0
433.013,177.64,-7.95,5.201,215,120,1,1,0,0
425.063,182.841,-7.95,5.201,220,125,1,1,0,0
417.113,188.042,-7.95,5.201,225,130,1,1,0,0
409.164,193.244,-7.95,5.201,230,135,1,1,0,0
401.214,198.445,-7.95,5.201,235,140,1,1,0,0
393.264,203.646,-7.95,5.201,240,145,1,1,0,0
385.315,208.847,-7.95,5.201,245,150,1,1,0,0
377.365,214.048,-7.95,5.201,250,155,1,1,0,0
369.415,219.25,-7.95,5.201,255,160,1,1,0,0
361.466,224.451,-7.95,5.201,260,165,1,1,0,0
353.516,229.652,-7.95,5.201,265,170,1,1,0,0
345.566,234.853,-7.95,5.201,270,175,1,1,0,0
337.617,240.055,-7.95,5.201,275,180,1,1,0,0
329.667,245.256,-7.95,5.201,280,185,1,1,0,0
321.717,250.457,-7.95,5.201,285,190,1,1,0,0
313.768,255.658,-7.95,5.201,290,195,1,1,0,0
305.818,260.859,-7.95,5.201,295,200,1,1,0,0
297.868,266.061,-7.95,5.201,295,205,0,1,0,0
289.919,271.262,-7.95,5.201,295,210,0,1,0,0
281.969,276.463,-7.95,5.201,295,215,0,1,0,0
274.019,281.664,-7.95,5.201,295,220,0,1,0,0
266.07,286.865,-7.95,5.201,295,225,0,1,0,0
258.12,292.067,-7.95,5.201,295,230,0,1,0,0
250.17,297.268,-7.95,5.201,295,235,0,1,0,0
242.221,302.469,-7.95,5.201,295,240,0,1,0,0
234.271,307.67,-7.95,5.201,295,245,0,1,0,0
226.321,312.872,-7.95,5.201,300,250,1,1,0,0
218.372,318.073,-7.95,5.201,305,255,1,1,0,0
210.422,323.274,-7.95,5.201,310,260,1,1,0,0
202.472,328.475,-7.95,5.201,315,265,1,1,0,0
194.522,333.676,-7.95,5.201,320,270,1,1,0,0
186.573,338.878,-7.95,5.201,325,275,1,1,0,0
178.623,344.079,-7.95,5.201,330,280,1,1,0,0
170.673,349.28,-7.95,5.201,335,285,1,1,0,0
162.724,354.481,-7.95,5.201,340,290,1,1,0,0
154.774,359.682,-7.95,5.201,345,295,1,1,0,0
146.824,364.884,-7.95,5.201,350,300,1,1,0,0
138.875,370.085,-7.95,5.201,355,305,1,1,0,0
130.925,375.286,-7.95,5.201,360,310,1,1,0,0
122.975,380.487,-7.95,5.201,365,315,1,1,0,0
115.026,385.688,-7.95,5.201,365,320,0,1,0,0
107.076,390.89,-7.95,5.201,365,325,0,1,0,0
99.126,396.091,-7.95,5.201,365,330,0,1,0,0
91.177,401.292,-7.95,5.201,370,335,1,1,0,0
83.227,406.493,-7.95,5.201,375,340,1,1,0,0
75.277,411.695,-7.95,5.201,380,345,1,1,0,0
67.328,416.896,-7.95,5.201,385,350,1,1,0,0
59.378,422.097,-7.95,5.201,390,355,1,1,0,0
51.428,427.298,-7.95,5.201,395,360,1,1,0,0
49.0,432.499,9.612,-1.912,400,365,1,1,0,0
58.612,430.587,9.612,-1.912,405,370,1,1,0,0
68.223,428.675,9.612,-1.912,410,375,1,1,0,0
77.835,426.763,9.612,-1.912,415,380,1,1,0,0
87.447,424.851,9.612,-1.912,420,385,1,1,0,0
97.058,422.939,9.612,-1.912,425,390,1,1,0,0
106.67,421.027,9.612,-1.912,430,395,1,1,0,0
116.282,419.115,9.612,-1.912,435,400,1,1,0,0
125.893,417.203,9.612,-1.912,440,405,1,1,0,0
135.505,415.291,9.612,-1.912,440,410,0,1,0,0
145.117,413.379,9.612,-1.912,440,415,0,1,0,0
154.728,411.467,9.612,-1.912,440,420,0,1,0,0
164.34,409.555,9.612,-1.912,440,420,0,0,0,0
173.952,407.643,9.612,-1.912,440,420,0,0,0,0
183.563,405.731,9.612,-1.912,440,420,0,0,0,0
193.175,403.819,9.612,-1.912,440,420,0,0,0,0
202.787,401.907,9.612,-1.912,440,420,0,0,0,0
212.398,399.995,9.612,-1.912,440,420,0,0,0,0
222.01,398.083,9.612,-1.912,440,420,0,0,0,0
231.622,396.171,9.612,-1.912,440,415,0,-1,0,0
241.233,394.259,9.612,-1.912,440,410,0,-1,0,0
250.845,392.347,9.612,-1.912,440,405,0,-1,0,0
260.457,390.435,9.612,-1.912,440,400,0,-1,0,0
270.068,388.523,9.612,-1.912,440,395,0,-1,0,0
279.68,386.61,9.612,-1.912,440,390,0,-1,0,0
289.292,384.698,9.612,-1.912,440,385,0,-1,0,0
298.903,382.786,9.612,-1.912,440,380,0,-1,0,0
308.515,380.874,9.612,-1.912,440,375,0,-1,0,0
318.127,378.962,9.612,-1.912,440,370,0,-1,0,0
327.738,377.05,9.612,-1.912,440,365,0,-1,0,0
337.35,375.138,9.612,-1.912,440,360,0,-1,0,0
346.962,373.226,9.612,-1.912,435,355,-1,-1,0,0
356.573,371.314,9.612,-1.912,430,350,-1,-1,0,0
366.185,369.402,9.612,-1.912,425,345,-1,-1,0,0
375.797,367.49,9.612,-1.912,420,340,-1,-1,0,0
385.408,365.578,9.612,-1.912,415,335,-1,-1,0,0
395.02,363.666,9.612,-1.912,410,330,-1,-1,0,0
404.632,361.754,9.612,-1.912,405,325,-1,-1,0,0
414.243,359.842,9.612,-1.912,400,320,-1,-1,0,0
423.855,357.93,9.612,-1.912,395,315,-1,-1,0,0
433.467,356.018,9.612,-1.912,390,310,-1,-1,0,0
443.078,354.106,9.612,-1.912,385,305,-1,-1,0,0
452.69,352.194,9.612,-1.912,380,300,-1,-1,0,0
462.302,350.282,9.612,-1.912,375,295,-1,-1,0,0
471.913,348.37,9.612,-1.912,370,290,-1,-1,0,0
481.525,346.458,9.612,-1.912,365,285,-1,-1,0,0
491.137,344.546,9.612,-1.912,360,280,-1,-1,0,0
500.748,342.634,9.612,-1.912,360,275,0,-1,0,0
510.36,340.722,9.612,-1.912,360,270,0,-1,0,0
519.972,338.81,9.612,-1.912,360,265,0,-1,0,0
529.583,336.897,9.612,-1.912,360,260,0,-1,0,0
539.195,334.985,9.612,-1.912,360,255,0,-1,0,0
548.807,333.073,9.612,-1.912,360,250,0,-1,0,0
558.418,331.161,9.612,-1.912,360,250,0,0,0,0
568.03,329.249,9.612,-1.912,360,250,0,0,0,0
577.642,327.337,9.612,-1.912,360,250,0,0,0,0
587.253,325.425,9.612,-1.912,360,250,0,0,0,0
596.865,323.513,9.612,-1.912,360,250,0,0,0,0
606.477,321.601,9.612,-1.912,360,250,0,0,0,0
616.088,319.689,9.612,-1.912,360,250,0,0,0,0
625.7,317.777,9.612,-1.912,360,250,0,0,0,0
635.312,315.865,9.612,-1.912,360,250,0,0,0,0
644.923,313.953,9.612,-1.912,360,250,0,0,0,0
654.535,312.041,9.612,-1.912,360,250,0,0,0,0
664.147,310.129,9.612,-1.912,360,250,0,0,0,0
673.758,308.217,9.612,-1.912,360,250,0,0,0,0
683.37,306.305,9.612,-1.912,360,250,0,0,0,0
692.982,304.393,9.612,-1.912,360,250,0,0,0,0
702.593,302.481,9.612,-1.912,360,250,0,0,0,0
712.205,300.569,9.612,-1.912,360,250,0,0,0,0
721.817,298.657,9.612,-1.912,360,250,0,0,0,0
731.428,296.745,9.612,-1.912,360,250,0,0,0,0
741.04,294.833,9.612,-1.912,360,250,0,0,0,0
750.652,292.921,9.612,-1.912,360,250,0,0,0,0
751.0,291.009,-10.096,0.267,360,250,0,0,0,0
740.904,291.275,-10.096,0.267,360,255,0,1,0,0
730.807,291.542,-10.096,0.267,360,260,0,1,0,0
720.711,291.808,-10.096,0.267,360,265,0,1,0,0
710.614,292.075,-10.096,0.267,360,270,0,1,0,0
700.518,292.342,-10.096,0.267,360,275,0,1,0,0
690.421,292.608,-10.096,0.267,360,280,0,1,0,0
680.325,292.875,-10.096,0.267,360,285,0,1,0,0
670.228,293.142,-10.096,0.267,360,290,0,1,0,0
660.132,293.408,-10.096,0.267,360,295,0,1,0,0
650.035,293.675,-10.096,0.267,360,300,0,1,0,0
639.939,293.942,-10.096,0.267,360,305,0,1,0,0
629.842,294.208,-10.096,0.267,360,310,0,1,0,0
619.746,294.475,-10.096,0.267,360,315,0,1,0,0
609.649,294.742,-10.096,0.267,360,320,0,1,0,0
599.553,295.008,-10.096,0.267,360,325,0,1,0,0
589.456,295.275,-10.096,0.267,360,330,0,1,0,0
579.36,295.542,-10.096,0.267,360,335,0,1,0,0
569.263,295.808,-10.096,0.267,355,340,-1,1,0,0
559.167,296.075,-10.096,0.267,350,345,-1,1,0,0
549.07,296.341,-10.096,0.267,345,350,-1,1,0,0
538.974,296.608,-10.096,0.267,340,355,-1,1,0,0
528.877,296.875,-10.096,0.267,335,360,-1,1,0,0
518.781,297.141,-10.096,0.267,330,365,-1,1,0,0
508.684,297.408,-10.096,0.267,325,370,-1,1,0,0
498.588,297.675,-10.096,0.267,320,370,-1,0,0,0
488.492,297.941,-10.096,0.267,315,370,-1,0,0,0
478.395,298.208,-10.096,0.267,310,365,-1,-1,0,0
468.299,298.475,-10.096,0.267,305,360,-1,-1,0,0
458.202,298.741,-10.096,0.267,300,355,-1,-1,0,0
448.106,299.008,-10.096,0.267,300,350,0,-1,0,0
438.009,299.275,-10.096,0.267,300,345,0,-1,0,0
427.913,299.541,-10.096,0.267,300,340,0,-1,0,0
417.816,299.808,-10.096,0.267,300,335,0,-1,0,0
407.72,300.074,-10.096,0.267,300,330,0,-1,0,0
397.623,300.341,-10.096,0.267,300,325,0,-1,0,0
387.527,300.608,-10.096,0.267,300,320,0,-1,0,0
377.43,300.874,-10.096,0.267,300,315,0,-1,0,0
367.334,301.141,-10.096,0.267,300,310,0,-1,0,0
357.237,301.408,-10.096,0.267,300,305,0,-1,0,0
347.141,301.674,-10.096,0.267,300,305,0,0,0,0
337.044,301.941,-10.096,0.267,300,305,0,0,0,0
326.948,302.208,-10.096,0.267,300,305,0,0,0,0
316.851,302.474,-10.096,0.267,300,305,0,0,0,0
306.755,302.741,-10.096,0.267,300,305,0,0,0,0
296.658,303.008,-10.096,0.267,300,305,0,0,0,0
286.562,303.274,-10.096,0.267,300,305,0,0,0,0
276.465,303.541,-10.096,0.267,300,305,0,0,0,0
266.369,303.808,-10.096,0.267,300,305,0,0,0,0
256.272,304.074,-10.096,0.267,300,305,0,0,0,0
246.176,304.341,-10.096,0.267,300,305,0,0,0,0
236.08,304.607,-10.096,0.267,300,305,0,0,0,0
225.983,304.874,-10.096,0.267,300,305,0,0,0,0
215.887,305.141,-10.096,0.267,300,305,0,0,0,0
205.79,305.407,-10.096,0.267,300,305,0,0,0,0
195.694,305.674,-10.096,0.267,300,305,0,0,0,0
185.597,305.941,-10.096,0.267,300,305,0,0,0,0
175.501,306.207,-10.096,0.267,300,305,0,0,0,0
165.404,306.474,-10.096,0.267,300,305,0,0,0,0
155.308,306.741,-10.096,0.267,300,305,0,0,0,0
145.211,307.007,-10.096,0.267,300,305,0,0,0,0
135.115,307.274,-10.096,0.267,300,305,0,0,0,0
125.018,307.541,-10.096,0.267,300,305,0,0,0,0
114.922,307.807,-10.096,0.267,300,305,0,0,0,0
104.825,308.074,-10.096,0.267,300,305,0,0,0,0
94.729,308.34,-10.096,0.267,300,305,0,0,0,0
84.632,308.607,-10.096,0.267,300,305,0,0,0,0
74.536,308.874,-10.096,0.267,300,305,0,0,0,0
64.439,309.14,-10.096,0.267,300,305,0,0,0,0
54.343,309.407,-10.096,0.267,300,305,0,0,0,0
49.0,309.674,7.291,-7.416,300,305,0,0,0,0
56.291,302.257,7.291,-7.416,300,300,0,-1,0,0
63.582,294.841,7.291,-7.416,300,295,0,-1,0,0
70.872,287.424,7.291,-7.416,300,290,0,-1,0,0
78.163,280.008,7.291,-7.416,300,285,0,-1,0,0
85.454,272.591,7.291,-7.416,300,280,0,-1,0,0
92.745,265.175,7.291,-7.416,300,275,0,-1,0,0
100.036,257.758,7.291,-7.416,300,270,0,-1,0,0
107.327,250.342,7.291,-7.416,300,265,0,-1,0,0
114.617,242.926,7.291,-7.416,300,260,0,-1,0,0
121.908,235.509,7.291,-7.416,300,255,0,-1,0,0
129.199,228.093,7.291,-7.416,300,250,0,-1,0,0
136.49,220.676,7.291,-7.416,300,245,0,-1,0,0
143.781,213.26,7.291,-7.416,300,240,0,-1,0,0
151.072,205.843,7.291,-7.416,300,235,0,-1,0,0
158.362,198.427,7.291,-7.416,300,230,0,-1,0,0
165.653,191.01,7.291,-7.416,300,225,0,-1,0,0
172.944,183.594,7.291,-7.416,300,220,0,-1,0,0
180.235,176.177,7.291,-7.416,300,215,0,-1,0,0
187.526,168.761,7.291,-7.416,300,210,0,-1,0,0
194.816,161.345,7.291,-7.416,300,205,0,-1,0,0
202.107,153.928,7.291,-7.416,300,200,0,-1,0,0
209.398,146.512,7.291,-7.416,300,195,0,-1,0,0
216.689,139.095,7.291,-7.416,300,190,0,-1,0,0
223.98,131.679,7.291,-7.416,300,185,0,-1,0,0
231.271,124.262,7.291,-7.416,300,180,0,-1,0,0
238.561,116.846,7.291,-7.416,300,175,0,-1,0,0
245.852,109.429,7.291,-7.416,300,170,0,-1,0,0
253.143,102.013,7.291,-7.416,305,165,1,-1,0,0
260.434,94.596,7.291,-7.416,310,160,1,-1,0,0
267.725,87.18,7.291,-7.416,315,155,1,-1,0,0
275.016,79.763,7.291,-7.416,320,150,1,-1,0,0
282.306,72.347,7.291,-7.416,325,145,1,-1,0,0
289.597,64.931,7.291,-7.416,330,140,1,-1,0,0
296.888,57.514,7.291,-7.416,335,135,1,-1,0,0
304.179,50.098,7.291,-7.416,340,130,1,-1,0,0
311.47,42.681,7.291,-7.416,345,125,1,-1,0,0
318.76,35.265,7.291,-7.416,350,120,1,-1,0,0
326.051,27.848,7.291,-7.416,355,115,1,-1,0,0
333.342,20.432,7.291,-7.416,360,120,1,1,0,0
340.633,13.015,7.291,-7.416,365,125,1,1,0,0
347.924,6.0,7.291,7.416,370,130,1,1,0,0
355.215,13.416,7.291,7.416,370,135,0,1,0,0
362.505,20.833,7.291,7.416,370,140,0,1,0,0
369.796,28.249,7.291,7.416,370,145,0,1,0,0
377.087,35.666,7.291,7.416,370,150,0,1,0,0
384.378,43.082,7.291,7.416,370,155,0,1,0,0
391.669,50.499,7.291,7.416,370,160,0,1,0,0
398.96,57.915,7.291,7.416,370,165,0,1,0,0
406.25,65.332,7.291,7.416,370,170,0,1,0,0
413.541,72.748,7.291,7.416,370,175,0,1,0,0
420.832,80.165,7.291,7.416,370,180,0,1,0,0
428.123,87.581,7.291,7.416,370,185,0,1,0,0
435.414,94.998,7.291,7.416,370,190,0,1,0,0
442.705,102.414,7.291,7.416,370,195,0,1,0,0
449.995,109.83,7.291,7.416,370,200,0,1,0,0
457.286,117.247,7.291,7.416,370,205,0,1,0,0
464.577,124.663,7.291,7.416,370,210,0,1,0,0
471.868,132.08,7.291,7.416,370,215,0,1,0,0
479.159,139.496,7.291,7.416,370,220,0,1,0,0
486.449,146.913,7.291,7.416,370,225,0,1,0,0
493.74,154.329,7.291,7.416,370,230,0,1,0,0
501.031,161.746,7.291,7.416,370,235,0,1,0,0
508.322,169.162,7.291,7.416,370,240,0,1,0,0
515.613,176.579,7.291,7.416,370,245,0,1,0,0
522.904,183.995,7.291,7.416,370,250,0,1,0,0
530.194,191.412,7.291,7.416,370,255,0,1,0,0
537.485,198.828,7.291,7.416,370,260,0,1,0,0
544.776,206.244,7.291,7.416,370,265,0,1,0,0
552.067,213.661,7.291,7.416,370,270,0,1,0,0
559.358,221.077,7.291,7.416,370,275,0,1,0,0
566.649,228.494,7.291,7.416,370,280,0,1,0,0
573.939,235.91,7.291,7.416,370,285,0,1,0,0
581.23,243.327,7.291,7.416,375,290,1,1,0,0
588.521,250.743,7.291,7.416,380,295,1,1,0,0
595.812,258.16,7.291,7.416,385,300,1,1,0,0
603.103,265.576,7.291,7.416,390,305,1,1,0,0
610.393,272.993,7.291,7.416,395,310,1,1,0,0
617.684,280.409,7.291,7.416,400,315,1,1,0,0
624.975,287.825,7.291,7.416,405,320,1,1,0,0
632.266,295.242,7.291,7.416,410,325,1,1,0,0
639.557,302.658,7.291,7.416,415,330,1,1,0,0
646.848,310.075,7.291,7.416,415,335,0,1,0,0
654.138,317.491,7.291,7.416,415,340,0,1,0,0
661.429,324.908,7.291,7.416,415,345,0,1,0,0
668.72,332.324,7.291,7.416,415,350,0,1,0,0
676.011,339.741,7.291,7.416,415,355,0,1,0,0
683.302,347.157,7.291,7.416,415,360,0,1,0,0
690.593,354.574,7.291,7.416,415,365,0,1,0,0
697.883,361.99,7.291,7.416,415,370,0,1,0,0
705.174,369.407,7.291,7.416,415,375,0,1,0,0
712.465,376.823,7.291,7.416,415,380,0,1,0,0
719.756,384.239,7.291,7.416,415,385,0,1,0,0
727.047,391.656,7.291,7.416,415,390,0,1,0,0
734.337,399.072,7.291,7.416,415,395,0,1,0,0
741.628,406.489,7.291,7.416,415,400,0,1,0,0
748.919,413.905,7.291,7.416,415,405,0,1,0,0
751.0,421.322,-7.823,-7.3,415,410,0,1,0,0
743.177,414.022,-7.823,-7.3,415,415,0,1,0,0
735.353,406.722,-7.823,-7.3,415,415,0,0,0,0
727.53,399.423,-7.823,-7.3,415,415,0,0,0,0
719.707,392.123,-7.823,-7.3,415,415,0,0,0,0
711.884,384.823,-7.823,-7.3,415,415,0,0,0,0
704.06,377.523,-7.823,-7.3,415,415,0,0,0,0
696.237,370.224,-7.823,-7.3,410,415,-1,0,0,0
688.414,362.924,-7.823,-7.3,405,415,-1,0,0,0
680.591,355.624,-7.823,-7.3,400,410,-1,-1,0,0
672.767,348.324,-7.823,-7.3,395,405,-1,-1,0,0
664.944,341.025,-7.823,-7.3,390,400,-1,-1,0,0
657.121,333.725,-7.823,-7.3,385,395,-1,-1,0,0
649.297,326.425,-7.823,-7.3,380,390,-1,-1,0,0
641.474,319.125,-7.823,-7.3,375,385,-1,-1,0,0
633.651,311.826,-7.823,-7.3,370,380,-1,-1,0,0
625.828,304.526,-7.823,-7.3,365,375,-1,-1,0,0
618.004,297.226,-7.823,-7.3,360,370,-1,-1,0,0
610.181,289.926,-7.823,-7.3,355,365,-1,-1,0,0
602.358,282.627,-7.823,-7.3,350,360,-1,-1,0,0
594.534,275.327,-7.823,-7.3,345,355,-1,-1,0,0
586.711,268.027,-7.823,-7.3,340,350,-1,-1,0,0
578.888,260.727,-7.823,-7.3,335,345,-1,-1,0,0
571.065,253.428,-7.823,-7.3,330,340,-1,-1,0,0
563.241,246.128,-7.823,-7.3,325,335,-1,-1,0,0
555.418,238.828,-7.823,-7.3,320,330,-1,-1,0,0
547.595,231.528,-7.823,-7.3,315,325,-1,-1,0,0
539.772,224.229,-7.823,-7.3,310,320,-1,-1,0,0
531.948,216.929,-7.823,-7.3,305,315,-1,-1,0,0
524.125,209.629,-7.823,-7.3,300,310,-1,-1,0,0
516.302,202.329,-7.823,-7.3,295,305,-1,-1,0,0
508.478,195.03,-7.823,-7.3,290,300,-1,-1,0,0
500.655,187.73,-7.823,-7.3,285,295,-1,-1,0,0
492.832,180.43,-7.823,-7.3,280,290,-1,-1,0,0
485.009,173.13,-7.823,-7.3,275,285,-1,-1,0,0
477.185,165.831,-7.823,-7.3,270,280,-1,-1,0,0
469.362,158.531,-7.823,-7.3,265,275,-1,-1,0,0
461.539,151.231,-7.823,-7.3,260,270,-1,-1,0,0
453.715,143.931,-7.823,-7.3,255,265,-1,-1,0,0
445.892,136.632,-7.823,-7.3,250,260,-1,-1,0,0
438.069,129.332,-7.823,-7.3,245,255,-1,-1,0,0
430.246,122.032,-7.823,-7.3,240,250,-1,-1,0,0
422.422,114.732,-7.823,-7.3,235,245,-1,-1,0,0
414.599,107.433,-7.823,-7.3,230,240,-1,-1,0,0
406.776,100.133,-7.823,-7.3,230,235,0,-1,0,0
398.953,92.833,-7.823,-7.3,230,230,0,-1,0,0
391.129,85.533,-7.823,-7.3,225,225,-1,-1,0,0
383.306,78.234,-7.823,-7.3,220,220,-1,-1,0,0
375.483,70.934,-7.823,-7.3,215,215,-1,-1,0,0
367.659,63.634,-7.823,-7.3,210,210,-1,-1,0,0
359.836,56.334,-7.823,-7.3,205,205,-1,-1,0,0
352.013,49.035,-7.823,-7.3,200,200,-1,-1,0,0
344.19,41.735,-7.823,-7.3,195,195,-1,-1,0,0
336.366,34.435,-7.823,-7.3,190,190,-1,-1,0,0
328.543,27.135,-7.823,-7.3,185,185,-1,-1,0,0
320.72,19.836,-7.823,-7.3,180,180,-1,-1,0,0
312.897,12.536,-7.823,-7.3,175,175,-1,-1,0,0
305.073,6.0,-7.823,7.3,170,170,-1,-1,0,0
297.25,13.3,-7.823,7.3,165,165,-1,-1,0,0
289.427,20.599,-7.823,7.3,160,160,-1,-1,0,0
281.603,27.899,-7.823,7.3,155,155,-1,-1,0,0
273.78,35.199,-7.823,7.3,150,150,-1,-1,0,0
265.957,42.499,-7.823,7.3,145,145,-1,-1,0,0
258.134,49.798,-7.823,7.3,140,140,-1,-1,0,0
250.31,57.098,-7.823,7.3,135,135,-1,-1,0,0
242.487,64.398,-7.823,7.3,135,130,0,-1,0,0
234.664,71.698,-7.823,7.3,135,125,0,-1,0,0
226.84,78.997,-7.823,7.3,135,120,0,-1,0,0
219.017,86.297,-7.823,7.3,135,115,0,-1,0,0
211.194,93.597,-7.823,7.3,135,110,0,-1,0,0
203.371,100.897,-7.823,7.3,135,105,0,-1,0,0
195.547,108.196,-7.823,7.3,135,100,0,-1,0,0
187.724,115.496,-7.823,7.3,135,95,0,-1,0,0
179.901,122.796,-7.823,7.3,135,90,0,-1,0,0
172.078,130.096,-7.823,7.3,135,85,0,-1,0,0
164.254,137.395,-7.823,7.3,135,90,0,1,0,0
156.431,144.695,-7.823,7.3,135,95,0,1,0,0
148.608,151.995,-7.823,7.3,135,100,0,1,0,0
140.784,159.295,-7.823,7.3,130,105,-1,1,0,0
132.961,166.594,-7.823,7.3,125,110,-1,1,0,0
125.138,173.894,-7.823,7.3,120,115,-1,1,0,0
117.315,181.194,-7.823,7.3,115,120,-1,1,0,0
109.491,188.494,-7.823,7.3,110,125,-1,1,0,0
101.668,195.793,-7.823,7.3,105,130,-1,1,0,0
93.845,203.093,-7.823,7.3,100,135,-1,1,0,0
86.021,210.393,-7.823,7.3,100,140,0,1,0,0
78.198,217.693,-7.823,7.3,100,145,0,1,0,0
70.375,224.992,-7.823,7.3,100,150,0,1,0,0
62.552,232.292,-7.823,7.3,100,155,0,1,0,0
54.728,239.592,-7.823,7.3,100,160,0,1,0,0
46.905,246.892,-7.823,7.3,105,165,1,1,0,0
39.082,254.191,-7.823,7.3,110,170,1,1,0,0
31.259,261.491,-7.823,7.3,115,175,1,1,0,0
23.435,268.791,-7.823,7.3,120,180,1,1,0,0
15.612,276.091,-7.823,7.3,125,185,1,1,0,0
7.789,283.39,-7.823,7.3,130,190,1,1,0,0
-0.035,290.69,-7.823,7.3,135,195,1,1,0,0
400.0,300.0,4.984,-0.395,140,200,1,1,0,1
404.984,299.605,4.984,-0.395,140,200,0,0,0,0
409.969,299.209,4.984,-0.395,140,200,0,0,0,0
414.953,298.814,4.984,-0.395,140,200,0,0,0,0
419.937,298.419,4.984,-0.395,140,200,0,0,0,0
424.922,298.023,4.984,-0.395,140,200,0,0,0,0
429.906,297.628,4.984,-0.395,140,200,0,0,0,0
434.89,297.233,4.984,-0.395,140,200,0,0,0,0
439.875,296.837,4.984,-0.395,140,205,0,1,0,0
444.859,296.442,4.984,-0.395,140,210,0,1,0,0
449.843,296.047,4.984,-0.395,140,215,0,1,0,0
454.828,295.651,4.984,-0.395,140,220,0,1,0,0
459.812,295.256,4.984,-0.395,140,225,0,1,0,0
464.797,294.861,4.984,-0.395,140,230,0,1,0,0
469.781,294.465,4.984,-0.395,140,235,0,1,0,0
474.765,294.07,4.984,-0.395,140,240,0,1,0,0
479.75,293.675,4.984,-0.395,140,245,0,1,0,0
484.734,293.279,4.984,-0.395,140,250,0,1,0,0
489.718,292.884,4.984,-0.395,140,255,0,1,0,0
494.703,292.489,4.984,-0.395,140,255,0,0,0,0
499.687,292.093,4.984,-0.395,140,255,0,0,0,0
504.671,291.698,4.984,-0.395,140,255,0,0,0,0
509.656,291.303,4.984,-0.395,140,255,0,0,0,0
514.64,290.907,4.984,-0.395,140,255,0,0,0,0
519.624,290.512,4.984,-0.395,140,255,0,0,0,0
524.609,290.117,4.984,-0.395,140,250,0,-1,0,0
529.593,289.721,4.984,-0.395,140,245,0,-1,0,0
534.577,289.326,4.984,-0.395,140,240,0,-1,0,0
539.562,288.931,4.984,-0.395,140,235,0,-1,0,0
544.546,288.535,4.984,-0.395,140,230,0,-1,0,0
549.53,288.14,4.984,-0.395,140,225,0,-1,0,0
554.515,287.745,4.984,-0.395,140,220,0,-1,0,0
559.499,287.349,4.984,-0.395,145,215,1,-1,0,0
564.483,286.954,4.984,-0.395,150,210,1,-1,0,0
569.468,286.559,4.984,-0.395,155,205,1,-1,0,0
574.452,286.163,4.984,-0.395,160,200,1,-1,0,0
579.436,285.768,4.984,-0.395,165,195,1,-1,0,0
584.421,285.373,4.984,-0.395,170,190,1,-1,0,0
589.405,284.977,4.984,-0.395,175,190,1,0,0,0
594.39,284.582,4.984,-0.395,180,190,1,0,0,0
599.374,284.187,4.984,-0.395,185,190,1,0,0,0
604.358,283.791,4.984,-0.395,190,190,1,0,0,0
609.343,283.396,4.984,-0.395,195,190,1,0,0,0
614.327,283.001,4.984,-0.395,200,190,1,0,0,0
619.311,282.605,4.984,-0.395,205,190,1,0,0,0
624.296,282.21,4.984,-0.395,210,190,1,0,0,0
629.28,281.815,4.984,-0.395,215,190,1,0,0,0
634.264,281.419,4.984,-0.395,220,190,1,0,0,0
639.249,281.024,4.984,-0.395,225,190,1,0,0,0
644.233,280.629,4.984,-0.395,225,190,0,0,0,0
649.217,280.233,4.984,-0.395,225,195,0,1,0,0
654.202,279.838,4.984,-0.395,225,200,0,1,0,0
659.186,279.443,4.984,-0.395,225,205,0,1,0,0
664.17,279.047,4.984,-0.395,225,210,0,1,0,0
669.155,278.652,4.984,-0.395,225,215,0,1,0,0
674.139,278.257,4.984,-0.395,225,220,0,1,0,0
679.123,277.861,4.984,-0.395,225,220,0,0,0,0
684.108,277.466,4.984,-0.395,225,220,0,0,0,0
689.092,277.071,4.984,-0.395,225,220,0,0,0,0
694.076,276.675,4.984,-0.395,225,220,0,0,0,0
699.061,276.28,4.984,-0.395,225,220,0,0,0,0
704.045,275.885,4.984,-0.395,225,220,0,0,0,0
709.03,275.489,4.984,-0.395,225,220,0,0,0,0
714.014,275.094,4.984,-0.395,225,220,0,0,0,0
718.998,274.699,4.984,-0.395,225,220,0,0,0,0
723.983,274.303,4.984,-0.395,225,220,0,0,0,0
728.967,273.908,4.984,-0.395,225,220,0,0,0,0
733.951,273.513,4.984,-0.395,225,220,0,0,0,0
738.936,273.117,4.984,-0.395,225,220,0,0,0,0
743.92,272.722,4.984,-0.395,225,220,0,0,0,0
748.904,272.327,4.984,-0.395,225,220,0,0,0,0
751.0,271.931,-5.044,1.629,225,220,0,0,0,0
745.956,273.56,-5.044,1.629,225,225,0,1,0,0
740.913,275.189,-5.044,1.629,225,230,0,1,0,0
735.869,276.818,-5.044,1.629,225,235,0,1,0,0
730.826,278.446,-5.044,1.629,225,240,0,1,0,0
725.782,280.075,-5.044,1.629,225,245,0,1,0,0
720.739,281.704,-5.044,1.629,225,250,0,1,0,0
715.695,283.333,-5.044,1.629,225,255,0,1,0,0
710.652,284.961,-5.044,1.629,225,260,0,1,0,0
705.608,286.59,-5.044,1.629,225,260,0,0,0,0
700.565,288.219,-5.044,1.629,225,260,0,0,0,0
695.521,289.848,-5.044,1.629,225,260,0,0,0,0
690.478,291.476,-5.044,1.629,225,260,0,0,0,0
685.434,293.105,-5.044,1.629,225,260,0,0,0,0
680.391,294.734,-5.044,1.629,225,260,0,0,0,0
675.347,296.363,-5.044,1.629,225,255,0,-1,0,0
670.304,297.991,-5.044,1.629,225,250,0,-1,0,0
665.26,299.62,-5.044,1.629,225,245,0,-1,0,0
660.216,301.249,-5.044,1.629,225,240,0,-1,0,0
655.173,302.878,-5.044,1.629,225,235,0,-1,0,0
650.129,304.506,-5.044,1.629,225,230,0,-1,0,0
645.086,306.135,-5.044,1.629,225,225,0,-1,0,0
640.042,307.764,-5.044,1.629,225,220,0,-1,0,0
634.999,309.393,-5.044,1.629,225,215,0,-1,0,0
629.955,311.021,-5.044,1.629,225,210,0,-1,0,0
624.912,312.65,-5.044,1.629,225,205,0,-1,0,0
619.868,314.279,-5.044,1.629,225,200,0,-1,0,0
614.825,315.908,-5.044,1.629,230,195,1,-1,0,0
609.781,317.536,-5.044,1.629,235,190,1,-1,0,0
604.738,319.165,-5.044,1.629,240,185,1,-1,0,0
599.694,320.794,-5.044,1.629,245,180,1,-1,0,0
594.651,322.423,-5.044,1.629,250,185,1,1,0,0
589.607,324.051,-5.044,1.629,255,190,1,1,0,0
584.564,325.68,-5.044,1.629,260,195,1,1,0,0
579.52,327.309,-5.044,1.629,265,200,1,1,0,0
574.476,328.938,-5.044,1.629,270,205,1,1,0,0
569.433,330.566,-5.044,1.629,275,210,1,1,0,0
564.389,332.195,-5.044,1.629,280,215,1,1,0,0
559.346,333.824,-5.044,1.629,285,220,1,1,0,0
554.302,335.453,-5.044,1.629,290,225,1,1,0,0
549.259,337.081,-5.044,1.629,295,230,1,1,0,0
544.215,338.71,-5.044,1.629,295,235,0,1,0,0
539.172,340.339,-5.044,1.629,295,240,0,1,0,0
534.128,341.967,-5.044,1.629,295,245,0,1,0,0
529.085,343.596,-5.044,1.629,295,250,0,1,0,0
524.041,345.225,-5.044,1.629,295,255,0,1,0,0
518.998,346.854,-5.044,1.629,295,260,0,1,0,0
513.954,348.482,-5.044,1.629,295,265,0,1,0,0
508.911,350.111,-5.044,1.629,295,270,0,1,0,0
503.867,351.74,-5.044,1.629,295,275,0,1,0,0
498.824,353.369,-5.044,1.629,295,280,0,1,0,0
493.78,354.997,-5.044,1.629,300,285,1,1,0,0
488.736,356.626,-5.044,1.629,305,290,1,1,0,0
483.693,358.255,-5.044,1.629,310,295,1,1,0,0
478.649,359.884,-5.044,1.629,315,300,1,1,0,0
473.606,361.512,-5.044,1.629,320,305,1,1,0,0
468.562,363.141,-5.044,1.629,325,310,1,1,0,0
463.519,364.77,-5.044,1.629,330,315,1,1,0,0
458.475,366.399,-5.044,1.629,335,320,1,1,0,0
453.432,368.027,-5.044,1.629,340,325,1,1,0,0
448.388,369.656,-5.044,1.629,345,330,1,1,0,0
443.345,371.285,-5.044,1.629,350,335,1,1,0,0
438.301,372.914,-5.044,1.629,355,340,1,1,0,0
433.258,374.542,-5.044,1.629,360,345,1,1,0,0
428.214,376.171,-5.044,1.629,365,350,1,1,0,0
423.171,377.8,-5.044,1.629,370,355,1,1,0,0
418.127,379.429,-5.044,1.629,375,360,1,1,0,0
413.084,381.057,-5.044,1.629,375,365,0,1,0,0
408.04,382.686,-5.044,1.629,375,370,0,1,0,0
402.996,384.315,-5.044,1.629,375,375,0,1,0,0
397.953,385.944,-5.044,1.629,375,380,0,1,0,0
392.909,387.572,-5.044,1.629,375,385,0,1,0,0
387.866,389.201,-5.044,1.629,375,390,0,1,0,0
382.822,390.83,-5.044,1.629,380,395,1,1,0,0
377.779,392.459,-5.044,1.629,385,400,1,1,0,0
372.735,394.087,-5.044,1.629,390,405,1,1,0,0
367.692,395.716,-5.044,1.629,395,410,1,1,0,0
362.648,397.345,-5.044,1.629,400,415,1,1,0,0
357.605,398.974,-5.044,1.629,405,420,1,1,0,0
352.561,400.602,-5.044,1.629,410,425,1,1,0,0
347.518,402.231,-5.044,1.629,415,430,1,1,0,0
342.474,403.86,-5.044,1.629,420,435,1,1,0,0
337.431,405.489,-5.044,1.629,425,440,1,1,0,0
332.387,407.117,-5.044,1.629,430,445,1,1,0,0
327.344,408.746,-5.044,1.629,435,450,1,1,0,0
322.3,410.375,-5.044,1.629,435,455,0,1,0,0
317.256,412.004,-5.044,1.629,435,460,0,1,0,0
312.213,413.632,-5.044,1.629,435,460,0,0,0,0
307.169,415.261,-5.044,1.629,435,460,0,0,0,0
302.126,416.89,-5.044,1.629,435,460,0,0,0,0
297.082,418.518,-5.044,1.629,435,460,0,0,0,0
292.039,420.147,-5.044,1.629,435,460,0,0,0,0
286.995,421.776,-5.044,1.629,435,460,0,0,0,0
281.952,423.405,-5.044,1.629,435,460,0,0,0,0
276.908,425.033,-5.044,1.629,435,460,0,0,0,0
271.865,426.662,-5.044,1.629,435,460,0,0,0,0
266.821,428.291,-5.044,1.629,435,460,0,0,0,0
261.778,429.92,-5.044,1.629,435,460,0,0,0,0
256.734,431.548,-5.044,1.629,435,460,0,0,0,0
251.691,433.177,-5.044,1.629,435,460,0,0,0,0
246.647,434.806,-5.044,1.629,435,460,0,0,0,0
241.604,436.435,-5.044,1.629,435,460,0,0,0,0
236.56,438.063,-5.044,1.629,435,460,0,0,0,0
231.516,439.692,-5.044,1.629,435,460,0,0,0,0
226.473,441.321,-5.044,1.629,435,460,0,0,0,0
221.429,442.95,-5.044,1.629,435,460,0,0,0,0
216.386,444.578,-5.044,1.629,435,460,0,0,0,0
211.342,446.207,-5.044,1.629,435,460,0,0,0,0
206.299,447.836,-5.044,1.629,435,460,0,0,0,0
201.255,449.465,-5.044,1.629,435,460,0,0,0,0
196.212,451.093,-5.044,1.629,435,460,0,0,0,0
191.168,452.722,-5.044,1.629,435,460,0,0,0,0
186.125,454.351,-5.044,1.629,435,460,0,0,0,0
181.081,455.98,-5.044,1.629,435,460,0,0,0,0
176.038,457.608,-5.044,1.629,435,460,0,0,0,0
170.994,459.237,-5.044,1.629,435,460,0,0,0,0
165.951,460.866,-5.044,1.629,435,460,0,0,0,0
160.907,462.495,-5.044,1.629,435,460,0,0,0,0
155.864,464.123,-5.044,1.629,435,460,0,0,0,0
150.82,465.752,-5.044,1.629,435,460,0,0,0,0
145.776,467.381,-5.044,1.629,435,460,0,0,0,0
140.733,469.01,-5.044,1.629,435,460,0,0,0,0
135.689,470.638,-5.044,1.629,435,460,0,0,0,0
130.646,472.267,-5.044,1.629,435,460,0,0,0,0
125.602,473.896,-5.044,1.629,435,460,0,0,0,0
120.559,475.525,-5.044,1.629,435,460,0,0,0,0
115.515,477.153,-5.044,1.629,435,460,0,0,0,0
110.472,478.782,-5.044,1.629,435,460,0,0,0,0
105.428,480.411,-5.044,1.629,435,460,0,0,0,0
100.385,482.04,-5.044,1.629,435,460,0,0,0,0
95.341,483.668,-5.044,1.629,435,460,0,0,0,0
90.298,485.297,-5.044,1.629,435,460,0,0,0,0
85.254,486.926,-5.044,1.629,435,460,0,0,0,0
80.211,488.554,-5.044,1.629,435,460,0,0,0,0
75.167,490.183,-5.044,1.629,435,460,0,0,0,0
70.123,491.812,-5.044,1.629,435,460,0,0,0,0
65.08,493.441,-5.044,1.629,435,460,0,0,0,0
60.036,495.069,-5.044,1.629,440,460,1,0,0,0
54.993,496.698,-5.044,1.629,445,460,1,0,0,0
49.949,498.327,-5.044,1.629,450,460,1,0,0,0
49.0,499.956,5.553,0.725,455,460,1,0,0,0
54.553,500.68,5.553,0.725,460,460,1,0,0,0
60.106,501.405,5.553,0.725,465,460,1,0,0,0
65.659,502.129,5.553,0.725,470,460,1,0,0,0
71.212,502.854,5.553,0.725,475,465,1,1,0,0
76.765,503.578,5.553,0.725,480,470,1,1,0,0
82.318,504.303,5.553,0.725,485,475,1,1,0,0
87.871,505.027,5.553,0.725,490,480,1,1,0,0
93.423,505.752,5.553,0.725,495,485,1,1,0,0
98.976,506.476,5.553,0.725,500,490,1,1,0,0
104.529,507.201,5.553,0.725,505,495,1,1,0,0
110.082,507.925,5.553,0.725,510,500,1,1,0,0
115.635,508.65,5.553,0.725,515,505,1,1,0,0
121.188,509.374,5.553,0.725,520,510,1,1,0,0
126.741,510.099,5.553,0.725,520,515,1,1,0,0
132.294,510.823,5.553,0.725,520,515,0,0,0,0
137.847,511.548,5.553,0.725,520,515,0,0,0,0
143.4,512.272,5.553,0.725,520,515,0,0,0,0
148.953,512.997,5.553,0.725,520,515,0,0,0,0
154.506,513.721,5.553,0.725,520,515,0,0,0,0
160.059,514.446,5.553,0.725,520,515,0,0,0,0
165.612,515.17,5.553,0.725,520,515,0,0,0,0
171.165,515.895,5.553,0.725,520,510,0,-1,0,0
176.718,516.619,5.553,0.725,520,505,0,-1,0,0
182.27,517.344,5.553,0.725,520,500,0,-1,0,0
187.823,518.068,5.553,0.725,520,495,0,-1,0,0
193.376,518.793,5.553,0.725,520,490,0,-1,0,0
198.929,519.517,5.553,0.725,520,485,0,-1,0,0
204.482,520.242,5.553,0.725,520,480,0,-1,0,0
210.035,520.966,5.553,0.725,520,475,0,-1,0,0
215.588,521.691,5.553,0.725,520,470,0,-1,0,0
221.141,522.415,5.553,0.725,520,465,0,-1,0,0
226.694,523.14,5.553,0.725,520,460,0,-1,0,0
232.247,523.864,5.553,0.725,520,455,0,-1,0,0
237.8,524.589,5.553,0.725,520,450,0,-1,0,0
243.353,525.313,5.553,0.725,520,445,0,-1,0,0
248.906,526.038,5.553,0.725,520,440,0,-1,0,0
254.459,526.763,5.553,0.725,520,440,0,0,0,0
260.012,527.487,5.553,0.725,520,440,0,0,0,0
265.564,528.212,5.553,0.725,520,440,0,0,0,0
271.117,528.936,5.553,0.725,520,440,0,0,0,0
276.67,529.661,5.553,0.725,520,440,0,0,0,0
282.223,530.385,5.553,0.725,520,440,0,0,0,0
287.776,531.11,5.553,0.725,520,440,0,0,0,0
293.329,531.834,5.553,0.725,520,440,0,0,0,0
298.882,532.559,5.553,0.725,520,440,0,0,0,0
304.435,533.283,5.553,0.725,520,440,0,0,0,0
309.988,534.008,5.553,0.725,520,440,0,0,0,0
315.541,534.732,5.553,0.725,520,440,0,0,0,0
321.094,535.457,5.553,0.725,520,445,0,1,0,0
326.647,536.181,5.553,0.725,520,450,0,1,0,0
332.2,536.906,5.553,0.725,520,455,0,1,0,0
337.753,537.63,5.553,0.725,520,460,0,1,0,0
343.306,538.355,5.553,0.725,520,465,0,1,0,0
348.858,539.079,5.553,0.725,520,470,0,1,0,0
354.411,539.804,5.553,0.725,520,475,0,1,0,0
359.964,540.528,5.553,0.725,520,480,0,1,0,0
365.517,541.253,5.553,0.725,520,485,0,1,0,0
371.07,541.977,5.553,0.725,520,490,0,1,0,0
376.623,542.702,5.553,0.725,520,495,0,1,0,0
382.176,543.426,5.553,0.725,520,500,0,1,0,0
387.729,544.151,5.553,0.725,520,505,0,1,0,0
393.282,544.875,5.553,0.725,520,510,0,1,0,0
398.835,545.6,5.553,0.725,520,515,0,1,0,0
404.388,546.324,5.553,0.725,520,520,0,1,0,0
409.941,547.049,5.553,0.725,520,520,0,1,0,0
415.494,547.773,5.553,0.725,520,520,0,1,0,0
421.047,548.498,5.553,0.725,520,520,0,1,0,0
426.6,549.222,5.553,0.725,520,520,0,0,0,0
432.153,549.947,5.553,0.725,520,520,0,0,0,0
437.705,550.671,5.553,0.725,520,520,0,0,0,0
443.258,551.396,5.553,0.725,520,520,0,0,0,0
448.811,552.12,5.553,0.725,520,520,0,0,0,0
454.364,552.845,5.553,0.725,520,520,0,0,0,0
459.917,553.569,5.553,0.725,520,520,0,0,0,0
465.47,554.294,5.553,0.725,520,520,0,0,0,0
471.023,555.018,5.553,0.725,520,520,0,0,0,0
476.576,555.743,5.553,0.725,520,520,0,0,0,0
482.129,556.467,5.553,0.725,520,520,0,0,0,0
487.682,557.192,5.553,0.725,520,520,0,0,0,0
493.235,557.916,5.553,0.725,520,520,0,0,0,0
498.788,558.641,5.553,0.725,520,520,0,0,0,0
504.341,559.365,5.553,0.725,520,520,0,0,0,0
509.894,560.09,5.553,0.725,520,520,0,0,0,0
515.447,560.814,5.553,0.725,520,520,0,0,0,0
520.999,561.539,5.553,0.725,520,520,0,0,0,0
526.552,562.263,5.553,0.725,520,520,0,0,0,0
532.105,562.988,5.553,0.725,520,520,0,0,0,0
537.658,563.712,5.553,0.725,520,520,0,0,0,0
543.211,564.437,5.553,0.725,520,520,0,0,0,0
548.764,565.161,5.553,0.725,520,520,0,0,0,0
554.317,565.886,5.553,0.725,520,520,0,0,0,0
559.87,566.61,5.553,0.725,520,520,0,0,0,0
565.423,567.335,5.553,0.725,520,520,0,0,0,0
570.976,568.059,5.553,0.725,520,520,0,0,0,0
576.529,568.784,5.553,0.725,520,520,0,0,0,0
582.082,569.509,5.553,0.725,520,520,0,0,0,0
587.635,570.233,5.553,0.725,520,520,0,0,0,0
593.188,570.958,5.553,0.725,520,520,0,0,0,0
598.741,571.682,5.553,0.725,520,520,0,0,0,0
604.294,572.407,5.553,0.725,520,520,0,0,0,0
609.846,573.131,5.553,0.725,520,520,0,0,0,0
615.399,573.856,5.553,0.725,520,520,0,0,0,0
620.952,574.58,5.553,0.725,520,520,0,0,0,0
626.505,575.305,5.553,0.725,520,520,0,0,0,0
632.058,576.029,5.553,0.725,520,520,0,0,0,0
637.611,576.754,5.553,0.725,520,520,0,0,0,0
643.164,577.478,5.553,0.725,520,520,0,0,0,0
648.717,578.203,5.553,0.725,520,520,0,0,0,0
654.27,578.927,5.553,0.725,520,520,0,0,0,0
659.823,579.652,5.553,0.725,520,520,0,0,0,0
665.376,580.376,5.553,0.725,515,520,-1,0,0,0
670.929,581.101,5.553,0.725,510,520,-1,0,0,0
676.482,581.825,5.553,0.725,505,520,-1,0,0,0
682.035,582.55,5.553,0.725,500,520,-1,0,0,0
687.588,583.274,5.553,0.725,495,520,-1,0,0,0
693.14,583.999,5.553,0.725,490,520,-1,0,0,0
698.693,584.723,5.553,0.725,485,520,-1,0,0,0
704.246,585.448,5.553,0.725,480,520,-1,0,0,0
709.799,586.172,5.553,0.725,475,520,-1,0,0,0
715.352,586.897,5.553,0.725,470,520,-1,0,0,0
720.905,587.621,5.553,0.725,465,520,-1,0,0,0
726.458,588.346,5.553,0.725,460,520,-1,0,0,0
732.011,589.07,5.553,0.725,455,520,-1,0,0,0
737.564,589.795,5.553,0.725,450,520,-1,0,0,0
743.117,590.519,5.553,0.725,445,520,-1,0,0,0
748.67,591.244,5.553,0.725,440,520,-1,0,0,0
751.0,591.968,-3.952,4.381,440,520,0,0,0,0
747.048,594.0,-3.952,-4.381,440,520,0,0,0,0
743.097,589.619,-3.952,-4.381,440,520,0,0,0,0
739.145,585.237,-3.952,-4.381,440,520,0,0,0,0
735.194,580.856,-3.952,-4.381,440,520,0,0,0,0
731.242,576.475,-3.952,-4.381,440,520,0,0,0,0
727.291,572.094,-3.952,-4.381,440,520,0,0,0,0
723.339,567.712,-3.952,-4.381,440,520,0,0,0,0
719.388,563.331,-3.952,-4.381,440,520,0,0,0,0
715.436,558.95,-3.952,-4.381,440,520,0,0,0,0
711.485,554.569,-3.952,-4.381,440,520,0,0,0,0
707.533,550.187,-3.952,-4.381,440,520,0,0,0,0
703.582,545.806,-3.952,-4.381,440,520,0,0,0,0
699.63,541.425,-3.952,-4.381,440,520,0,0,0,0
695.679,537.043,-3.952,-4.381,440,520,0,0,0,0
691.727,532.662,-3.952,-4.381,440,520,0,0,0,0
687.776,528.281,-3.952,-4.381,440,520,0,0,0,0
683.824,523.9,-3.952,-4.381,440,520,0,0,0,0
679.873,519.518,-3.952,-4.381,440,520,0,0,0,0
675.921,515.137,-3.952,-4.381,440,520,0,0,0,0
671.97,510.756,-3.952,-4.381,440,520,0,0,0,0
668.018,506.375,-3.952,-4.381,440,520,0,0,0,0
664.067,501.993,-3.952,-4.381,440,520,0,0,0,0
660.115,497.612,-3.952,-4.381,440,520,0,0,0,0
656.164,493.231,-3.952,-4.381,440,520,0,0,0,0
652.212,488.849,-3.952,-4.381,440,520,0,0,0,0
648.261,484.468,-3.952,-4.381,440,520,0,0,0,0
644.309,480.087,-3.952,-4.381,440,520,0,0,0,0
640.358,475.706,-3.952,-4.381,440,520,0,0,0,0
636.406,471.324,-3.952,-4.381,440,520,0,0,0,0
632.455,466.943,-3.952,-4.381,440,520,0,0,0,0
628.503,462.562,-3.952,-4.381,440,520,0,0,0,0
624.552,458.181,-3.952,-4.381,440,520,0,0,0,0
620.6,453.799,-3.952,-4.381,440,520,0,0,0,0
616.649,449.418,-3.952,-4.381,440,520,0,0,0,0
612.697,445.037,-3.952,-4.381,440,520,0,0,0,0
608.746,440.655,-3.952,-4.381,440,520,0,0,0,0
604.794,436.274,-3.952,-4.381,440,520,0,0,0,0
600.843,431.893,-3.952,-4.381,435,520,-1,0,0,0
596.891,427.512,-3.952,-4.381,430,520,-1,0,0,0
592.939,423.13,-3.952,-4.381,425,520,-1,0,0,0
588.988,418.749,-3.952,-4.381,420,520,-1,0,0,0
585.036,414.368,-3.952,-4.381,415,520,-1,0,0,0
581.085,409.987,-3.952,-4.381,410,520,-1,0,0,0
577.133,405.605,-3.952,-4.381,405,520,-1,0,0,0
573.182,401.224,-3.952,-4.381,400,520,-1,0,0,0
569.23,396.843,-3.952,-4.381,395,520,-1,0,0,0
565.279,392.461,-3.952,-4.381,390,520,-1,0,0,0
561.327,388.08,-3.952,-4.381,385,520,-1,0,0,0
557.376,383.699,-3.952,-4.381,380,520,-1,0,0,0
553.424,379.318,-3.952,-4.381,375,520,-1,0,0,0
549.473,374.936,-3.952,-4.381,370,520,-1,0,0,0
545.521,370.555,-3.952,-4.381,365,520,-1,0,0,0
541.57,366.174,-3.952,-4.381,360,520,-1,0,0,0
537.618,361.793,-3.952,-4.381,355,520,-1,0,0,0
533.667,357.411,-3.952,-4.381,350,520,-1,0,0,0
529.715,353.03,-3.952,-4.381,345,520,-1,0,0,0
525.764,348.649,-3.952,-4.381,340,520,-1,0,0,0
521.812,344.267,-3.952,-4.381,335,520,-1,0,0,0
517.861,339.886,-3.952,-4.381,330,520,-1,0,0,0
513.909,335.505,-3.952,-4.381,325,520,-1,0,0,0
509.958,331.124,-3.952,-4.381,320,520,-1,0,0,0
506.006,326.742,-3.952,-4.381,315,520,-1,0,0,0
502.055,322.361,-3.952,-4.381,310,520,-1,0,0,0
498.103,317.98,-3.952,-4.381,305,520,-1,0,0,0
494.152,313.599,-3.952,-4.381,300,520,-1,0,0,0
490.2,309.217,-3.952,-4.381,295,520,-1,0,0,0
486.249,304.836,-3.952,-4.381,290,520,-1,0,0,0
482.297,300.455,-3.952,-4.381,285,520,-1,0,0,0
478.346,296.073,-3.952,-4.381,280,520,-1,0,0,0
474.394,291.692,-3.952,-4.381,275,520,-1,0,0,0
470.443,287.311,-3.952,-4.381,270,520,-1,0,0,0
466.491,282.93,-3.952,-4.381,265,520,-1,0,0,0
462.54,278.548,-3.952,-4.381,260,520,-1,0,0,0
458.588,274.167,-3.952,-4.381,255,520,-1,0,0,0
454.637,269.786,-3.952,-4.381,250,520,-1,0,0,0
450.685,265.405,-3.952,-4.381,245,520,-1,0,0,0
446.734,261.023,-3.952,-4.381,240,520,-1,0,0,0
442.782,256.642,-3.952,-4.381,235,520,-1,0,0,0
438.83,252.261,-3.952,-4.381,230,520,-1,0,0,0
434.879,247.879,-3.952,-4.381,225,520,-1,0,0,0
430.927,243.498,-3.952,-4.381,220,520,-1,0,0,0
426.976,239.117,-3.952,-4.381,215,520,-1,0,0,0
423.024,234.736,-3.952,-4.381,210,520,-1,0,0,0
419.073,230.354,-3.952,-4.381,205,520,-1,0,0,0
415.121,225.973,-3.952,-4.381,200,520,-1,0,0,0
411.17,221.592,-3.952,-4.381,195,520,-1,0,0,0
407.218,217.211,-3.952,-4.381,190,520,-1,0,0,0
403.267,212.829,-3.952,-4.381,185,520,-1,0,0,0
399.315,208.448,-3.952,-4.381,180,520,-1,0,0,0
395.364,204.067,-3.952,-4.381,175,520,-1,0,0,0
391.412,199.685,-3.952,-4.381,170,520,-1,0,0,0
387.461,195.304,-3.952,-4.381,165,520,-1,0,0,0
383.509,190.923,-3.952,-4.381,160,520,-1,0,0,0
379.558,186.542,-3.952,-4.381,155,520,-1,0,0,0
375.606,182.16,-3.952,-4.381,150,520,-1,0,0,0
371.655,177.779,-3.952,-4.381,145,520,-1,0,0,0
367.703,173.398,-3.952,-4.381,140,520,-1,0,0,0
363.752,169.017,-3.952,-4.381,135,520,-1,0,0,0
359.8,164.635,-3.952,-4.381,130,520,-1,0,0,0
355.849,160.254,-3.952,-4.381,125,520,-1,0,0,0
351.897,155.873,-3.952,-4.381,120,520,-1,0,0,0
347.946,151.491,-3.952,-4.381,115,520,-1,0,0,0
343.994,147.11,-3.952,-4.381,110,520,-1,0,0,0
340.043,142.729,-3.952,-4.381,105,520,-1,0,0,0
336.091,138.348,-3.952,-4.381,100,520,-1,0,0,0
332.14,133.966,-3.952,-4.381,95,520,-1,0,0,0
328.188,129.585,-3.952,-4.381,95,520,0,0,0,0
324.237,125.204,-3.952,-4.381,95,520,0,0,0,0
320.285,120.823,-3.952,-4.381,95,515,0,-1,0,0
316.334,116.441,-3.952,-4.381,95,510,0,-1,0,0
312.382,112.06,-3.952,-4.381,95,505,0,-1,0,0
308.431,107.679,-3.952,-4.381,95,500,0,-1,0,0
304.479,103.298,-3.952,-4.381,95,495,0,-1,0,0
300.528,98.916,-3.952,-4.381,95,490,0,-1,0,0
296.576,94.535,-3.952,-4.381,95,485,0,-1,0,0
292.625,90.154,-3.952,-4.381,95,480,0,-1,0,0
288.673,85.772,-3.952,-4.381,95,475,0,-1,0,0
284.721,81.391,-3.952,-4.381,95,470,0,-1,0,0
280.77,77.01,-3.952,-4.381,95,465,0,-1,0,0
276.818,72.629,-3.952,-4.381,95,460,0,-1,0,0
272.867,68.247,-3.952,-4.381,95,455,0,-1,0,0
268.915,63.866,-3.952,-4.381,95,450,0,-1,0,0
264.964,59.485,-3.952,-4.381,95,445,0,-1,0,0
261.012,55.104,-3.952,-4.381,95,440,0,-1,0,0
257.061,50.722,-3.952,-4.381,95,435,0,-1,0,0
253.109,46.341,-3.952,-4.381,95,430,0,-1,0,0
249.158,41.96,-3.952,-4.381,95,425,0,-1,0,0
245.206,37.578,-3.952,-4.381,95,420,0,-1,0,0
241.255,33.197,-3.952,-4.381,95,415,0,-1,0,0
237.303,28.816,-3.952,-4.381,95,410,0,-1,0,0
233.352,24.435,-3.952,-4.381,95,405,0,-1,0,0
229.4,20.053,-3.952,-4.381,95,400,0,-1,0,0
225.449,15.672,-3.952,-4.381,95,395,0,-1,0,0
221.497,11.291,-3.952,-4.381,95,390,0,-1,0,0
217.546,6.91,-3.952,-4.381,95,385,0,-1,0,0
213.594,6.0,-3.952,4.381,95,380,0,-1,0,0
209.643,10.381,-3.952,4.381,95,375,0,-1,0,0
205.691,14.763,-3.952,4.381,100,370,1,-1,0,0
201.74,19.144,-3.952,4.381,105,365,1,-1,0,0
197.788,23.525,-3.952,4.381,110,360,1,-1,0,0
193.837,27.906,-3.952,4.381,115,355,1,-1,0,0
189.885,32.288,-3.952,4.381,120,350,1,-1,0,0
185.934,36.669,-3.952,4.381,125,345,1,-1,0,0
181.982,41.05,-3.952,4.381,125,340,0,-1,0,0
178.031,45.431,-3.952,4.381,125,335,0,-1,0,0
174.079,49.813,-3.952,4.381,125,330,0,-1,0,0
170.128,54.194,-3.952,4.381,125,325,0,-1,0,0
166.176,58.575,-3.952,4.381,125,320,0,-1,0,0
162.225,62.957,-3.952,4.381,125,315,0,-1,0,0
158.273,67.338,-3.952,4.381,125,310,0,-1,0,0
154.322,71.719,-3.952,4.381,125,310,0,0,0,0
150.37,76.1,-3.952,4.381,125,310,0,0,0,0
146.419,80.482,-3.952,4.381,125,310,0,0,0,0
142.467,84.863,-3.952,4.381,125,310,0,0,0,0
138.516,89.244,-3.952,4.381,125,310,0,0,0,0
134.564,93.625,-3.952,4.381,125,310,0,0,0,0
130.613,98.007,-3.952,4.381,125,310,0,0,0,0
126.661,102.388,-3.952,4.381,125,310,0,0,0,0
122.709,106.769,-3.952,4.381,125,310,0,0,0,0
118.758,111.151,-3.952,4.381,125,310,0,0,0,0
114.806,115.532,-3.952,4.381,125,310,0,0,0,0
110.855,119.913,-3.952,4.381,125,310,0,0,0,0
106.903,124.294,-3.952,4.381,125,310,0,0,0,0
102.952,128.676,-3.952,4.381,125,310,0,0,0,0
99.0,133.057,-3.952,4.381,125,310,0,0,0,0
95.049,137.438,-3.952,4.381,125,310,0,0,0,0
91.097,141.819,-3.952,4.381,125,310,0,0,0,0
87.146,146.201,-3.952,4.381,125,310,0,0,0,0
83.194,150.582,-3.952,4.381,125,310,0,0,0,0
79.243,154.963,-3.952,4.381,125,310,0,0,0,0
75.291,159.345,-3.952,4.381,125,310,0,0,0,0
71.34,163.726,-3.952,4.381,125,310,0,0,0,0
67.388,168.107,-3.952,4.381,125,310,0,0,0,0
63.437,172.488,-3.952,4.381,125,310,0,0,0,0
59.485,176.87,-3.952,4.381,125,310,0,0,0,0
55.534,181.251,-3.952,4.381,125,310,0,0,0,0
51.582,185.632,-3.952,4.381,125,310,0,0,0,0
49.0,190.013,4.917,3.776,125,310,0,0,0,0
53.917,193.789,4.917,3.776,125,310,0,0,0,0
58.835,197.566,4.917,3.776,125,310,0,0,0,0
63.752,201.342,4.917,3.776,125,310,0,0,0,0
68.67,205.118,4.917,3.776,125,310,0,0,0,0
73.587,208.894,4.917,3.776,125,310,0,0,0,0
78.505,212.67,4.917,3.776,125,310,0,0,0,0
83.422,216.446,4.917,3.776,125,310,0,0,0,0
88.34,220.222,4.917,3.776,125,310,0,0,0,0
93.257,223.998,4.917,3.776,125,310,0,0,0,0
98.175,227.774,4.917,3.776,125,310,0,0,0,0
103.092,231.55,4.917,3.776,125,310,0,0,0,0
108.01,235.326,4.917,3.776,125,310,0,0,0,0
112.927,239.102,4.917,3.776,125,310,0,0,0,0
117.844,242.878,4.917,3.776,125,310,0,0,0,0
122.762,246.654,4.917,3.776,125,310,0,0,0,0
127.679,250.43,4.917,3.776,125,310,0,0,0,0
132.597,254.206,4.917,3.776,125,310,0,0,0,0
137.514,257.982,4.917,3.776,125,310,0,0,0,0
142.432,261.758,4.917,3.776,125,310,0,0,0,0
147.349,265.534,4.917,3.776,125,310,0,0,0,0
152.267,269.311,4.917,3.776,125,310,0,0,0,0
157.184,273.087,4.917,3.776,125,310,0,0,0,0
162.102,276.863,4.917,3.776,125,310,0,0,0,0
167.019,280.639,4.917,3.776,125,315,0,1,0,0
171.937,284.415,4.917,3.776,125,320,0,1,0,0
176.854,288.191,4.917,3.776,125,325,0,1,0,0
181.771,291.967,4.917,3.776,125,330,0,1,0,0
186.689,295.743,4.917,3.776,125,335,0,1,0,0
191.606,299.519,4.917,3.776,125,340,0,1,0,0
196.524,303.295,4.917,3.776,125,345,0,1,0,0
201.441,307.071,4.917,3.776,125,350,0,1,0,0
206.359,310.847,4.917,3.776,125,355,0,1,0,0
211.276,314.623,4.917,3.776,125,360,0,1,0,0
216.194,318.399,4.917,3.776,125,365,0,1,0,0
221.111,322.175,4.917,3.776,125,370,0,1,0,0
226.029,325.951,4.917,3.776,125,375,0,1,0,0
230.946,329.727,4.917,3.776,125,380,0,1,0,0
235.864,333.503,4.917,3.776,125,385,0,1,0,0
240.781,337.279,4.917,3.776,125,390,0,1,0,0
245.699,341.055,4.917,3.776,125,395,0,1,0,0
250.616,344.832,4.917,3.776,125,400,0,1,0,0
255.533,348.608,4.917,3.776,125,405,0,1,0,0
260.451,352.384,4.917,3.776,125,410,0,1,0,0
265.368,356.16,4.917,3.776,125,415,0,1,0,0
270.286,359.936,4.917,3.776,130,420,1,1,0,0
275.203,363.712,4.917,3.776,135,425,1,1,0,0
280.121,367.488,4.917,3.776,140,430,1,1,0,0
285.038,371.264,4.917,3.776,145,435,1,1,0,0
289.956,375.04,4.917,3.776,150,440,1,1,0,0
294.873,378.816,4.917,3.776,155,445,1,1,0,0
299.791,382.592,4.917,3.776,160,450,1,1,0,0
304.708,386.368,4.917,3.776,165,455,1,1,0,0
309.626,390.144,4.917,3.776,170,460,1,1,0,0
314.543,393.92,4.917,3.776,175,465,1,1,0,0
319.46,397.696,4.917,3.776,180,470,1,1,0,0
324.378,401.472,4.917,3.776,185,475,1,1,0,0
329.295,405.248,4.917,3.776,190,480,1,1,0,0
334.213,409.024,4.917,3.776,195,485,1,1,0,0
339.13,412.8,4.917,3.776,200,490,1,1,0,0
344.048,416.576,4.917,3.776,205,495,1,1,0,0
348.965,420.353,4.917,3.776,210,500,1,1,0,0
353.883,424.129,4.917,3.776,215,505,1,1,0,0
358.8,427.905,4.917,3.776,220,510,1,1,0,0
363.718,431.681,4.917,3.776,225,515,1,1,0,0
368.635,435.457,4.917,3.776,230,520,1,1,0,0
373.553,439.233,4.917,3.776,235,520,1,1,0,0
378.47,443.009,4.917,3.776,240,520,1,1,0,0
383.387,446.785,4.917,3.776,245,520,1,1,0,0
388.305,450.561,4.917,3.776,250,520,1,0,0,0
393.222,454.337,4.917,3.776,255,520,1,0,0,0
398.14,458.113,4.917,3.776,260,520,1,0,0,0
403.057,461.889,4.917,3.776,265,520,1,0,0,0
407.975,465.665,4.917,3.776,270,520,1,0,0,0
412.892,469.441,4.917,3.776,275,520,1,0,0,0
417.81,473.217,4.917,3.776,280,520,1,0,0,0
422.727,476.993,4.917,3.776,285,520,1,0,0,0
427.645,480.769,4.917,3.776,290,520,1,0,0,0
432.562,484.545,4.917,3.776,295,520,1,0,0,0
437.48,488.321,4.917,3.776,300,520,1,0,0,0
442.397,492.098,4.917,3.776,305,520,1,0,0,0
447.314,495.874,4.917,3.776,310,520,1,0,0,0
452.232,499.65,4.917,3.776,310,520,0,0,0,0
457.149,503.426,4.917,3.776,310,520,0,0,0,0
462.067,507.202,4.917,3.776,310,520,0,0,0,0
466.984,510.978,4.917,3.776,310,520,0,0,0,0
471.902,514.754,4.917,3.776,310,520,0,0,0,0
476.819,518.53,4.917,3.776,310,520,0,0,0,0
481.737,522.306,4.917,3.776,310,520,0,0,0,0
486.654,526.082,4.917,3.776,310,520,0,0,0,0
491.572,529.858,4.917,3.776,310,520,0,0,0,0
496.489,533.634,4.917,3.776,310,520,0,0,0,0
501.407,537.41,4.917,3.776,310,520,0,0,0,0
506.324,541.186,4.917,3.776,310,520,0,0,0,0
511.241,544.962,4.917,3.776,310,520,0,0,0,0
516.159,548.738,4.917,3.776,310,520,0,0,0,0
521.076,552.514,4.917,3.776,310,520,0,0,0,0
525.994,556.29,4.917,3.776,310,520,0,0,0,0
530.911,560.066,4.917,3.776,310,520,0,0,0,0
535.829,563.842,4.917,3.776,310,520,0,0,0,0
540.746,567.619,4.917,3.776,310,520,0,0,0,0
545.664,571.395,4.917,3.776,310,520,0,0,0,0
550.581,575.171,4.917,3.776,310,520,0,0,0,0
555.499,578.947,4.917,3.776,310,520,0,0,0,0
560.416,582.723,4.917,3.776,310,520,0,0,0,0
565.334,586.499,4.917,3.776,310,520,0,0,0,0
570.251,590.275,4.917,3.776,310,515,0,-1,0,0
575.169,594.0,4.917,-3.776,310,510,0,-1,0,0
580.086,590.224,4.917,-3.776,310,505,0,-1,0,0
585.003,586.448,4.917,-3.776,310,500,0,-1,0,0
589.921,582.672,4.917,-3.776,310,495,0,-1,0,0
594.838,578.896,4.917,-3.776,310,490,0,-1,0,0
599.756,575.12,4.917,-3.776,310,485,0,-1,0,0
604.673,571.344,4.917,-3.776,310,480,0,-1,0,0
609.591,567.568,4.917,-3.776,310,480,0,0,0,0
614.508,563.792,4.917,-3.776,310,480,0,0,0,0
619.426,560.016,4.917,-3.776,310,480,0,0,0,0
624.343,556.239,4.917,-3.776,310,480,0,0,0,0
629.261,552.463,4.917,-3.776,310,480,0,0,0,0
634.178,548.687,4.917,-3.776,310,480,0,0,0,0
639.096,544.911,4.917,-3.776,310,480,0,0,0,0
644.013,541.135,4.917,-3.776,310,480,0,0,0,0
648.93,537.359,4.917,-3.776,310,480,0,0,0,0
653.848,533.583,4.917,-3.776,310,480,0,0,0,0
658.765,529.807,4.917,-3.776,310,480,0,0,0,0
663.683,526.031,4.917,-3.776,310,480,0,0,0,0
668.6,522.255,4.917,-3.776,310,480,0,0,0,0
673.518,518.479,4.917,-3.776,310,480,0,0,0,0
678.435,514.703,4.917,-3.776,310,480,0,0,0,0
683.353,510.927,4.917,-3.776,310,475,0,-1,0,0
688.27,507.151,4.917,-3.776,310,470,0,-1,0,0
693.188,503.375,4.917,-3.776,310,465,0,-1,0,0
698.105,499.599,4.917,-3.776,310,460,0,-1,0,0
703.023,495.823,4.917,-3.776,310,455,0,-1,0,0
707.94,492.047,4.917,-3.776,310,450,0,-1,0,0
712.857,488.271,4.917,-3.776,310,445,0,-1,0,0
717.775,484.495,4.917,-3.776,310,440,0,-1,0,0
722.692,480.718,4.917,-3.776,310,435,0,-1,0,0
727.61,476.942,4.917,-3.776,310,430,0,-1,0,0
732.527,473.166,4.917,-3.776,310,425,0,-1,0,0
737.445,469.39,4.917,-3.776,310,420,0,-1,0,0
742.362,465.614,4.917,-3.776,310,415,0,-1,0,0
747.28,461.838,4.917,-3.776,310,410,0,-1,0,0
752.197,458.062,4.917,-3.776,310,405,0,-1,0,0
751.0,454.286,-6.051,2.375,310,400,0,-1,0,0
744.949,456.661,-6.051,2.375,310,395,0,-1,0,0
738.899,459.036,-6.051,2.375,310,390,0,-1,0,0
732.848,461.41,-6.051,2.375,310,385,0,-1,0,0
726.797,463.785,-6.051,2.375,310,380,0,-1,0,0
720.747,466.16,-6.051,2.375,310,375,0,-1,0,0
714.696,468.535,-6.051,2.375,315,370,1,-1,0,0
708.645,470.91,-6.051,2.375,320,365,1,-1,0,0
702.595,473.284,-6.051,2.375,325,360,1,-1,0,0
696.544,475.659,-6.051,2.375,330,355,1,-1,0,0
690.493,478.034,-6.051,2.375,335,350,1,-1,0,0
684.443,480.409,-6.051,2.375,340,345,1,-1,0,0
678.392,482.783,-6.051,2.375,345,340,1,-1,0,0
672.341,485.158,-6.051,2.375,350,345,1,1,0,0
666.291,487.533,-6.051,2.375,355,350,1,1,0,0
660.24,489.908,-6.051,2.375,360,355,1,1,0,0
654.19,492.283,-6.051,2.375,365,360,1,1,0,0
648.139,494.657,-6.051,2.375,370,365,1,1,0,0
642.088,497.032,-6.051,2.375,375,370,1,1,0,0
636.038,499.407,-6.051,2.375,380,370,1,0,0,0
629.987,501.782,-6.051,2.375,380,370,0,0,0,0
623.936,504.156,-6.051,2.375,380,370,0,0,0,0
617.886,506.531,-6.051,2.375,380,365,0,-1,0,0
611.835,508.906,-6.051,2.375,380,360,0,-1,0,0
605.784,511.281,-6.051,2.375,380,355,0,-1,0,0
599.734,513.656,-6.051,2.375,380,350,0,-1,0,0
593.683,516.03,-6.051,2.375,380,345,0,-1,0,0
587.632,518.405,-6.051,2.375,380,340,0,-1,0,0
581.582,520.78,-6.051,2.375,380,335,0,-1,0,0
575.531,523.155,-6.051,2.375,380,330,0,-1,0,0
569.48,525.53,-6.051,2.375,385,325,1,-1,0,0
563.43,527.904,-6.051,2.375,390,320,1,-1,0,0
557.379,530.279,-6.051,2.375,395,315,1,-1,0,0
551.328,532.654,-6.051,2.375,400,310,1,-1,0,0
545.278,535.029,-6.051,2.375,405,305,1,-1,0,0
539.227,537.403,-6.051,2.375,410,300,1,-1,0,0
533.176,539.778,-6.051,2.375,415,295,1,-1,0,0
527.126,542.153,-6.051,2.375,420,290,1,-1,0,0
521.075,544.528,-6.051,2.375,425,285,1,-1,0,0
515.024,546.903,-6.051,2.375,430,280,1,-1,0,0
508.974,549.277,-6.051,2.375,435,275,1,-1,0,0
502.923,551.652,-6.051,2.375,440,270,1,-1,0,0
496.873,554.027,-6.051,2.375,445,265,1,-1,0,0
490.822,556.402,-6.051,2.375,450,260,1,-1,0,0
484.771,558.776,-6.051,2.375,450,255,0,-1,0,0
478.721,561.151,-6.051,2.375,450,250,0,-1,0,0
472.67,563.526,-6.051,2.375,450,245,0,-1,0,0
466.619,565.901,-6.051,2.375,450,240,0,-1,0,0
460.569,568.276,-6.051,2.375,450,235,0,-1,0,0
454.518,570.65,-6.051,2.375,450,230,0,-1,0,0
448.467,573.025,-6.051,2.375,450,225,0,-1,0,0
442.417,575.4,-6.051,2.375,450,225,0,0,0,0
436.366,577.775,-6.051,2.375,450,225,0,0,0,0
430.315,580.149,-6.051,2.375,450,225,0,0,0,0
424.265,582.524,-6.051,2.375,450,225,0,0,0,0
418.214,584.899,-6.051,2.375,450,225,0,0,0,0
412.163,587.274,-6.051,2.375,450,225,0,0,0,0
406.113,589.649,-6.051,2.375,450,225,0,0,0,0
400.062,592.023,-6.051,2.375,450,225,0,0,0,0
394.011,594.0,-6.051,-2.375,450,225,0,0,0,0
387.961,591.625,-6.051,-2.375,450,225,0,0,0,0
381.91,589.25,-6.051,-2.375,450,225,0,0,0,0
375.859,586.876,-6.051,-2.375,450,225,0,0,0,0
369.809,584.501,-6.051,-2.375,450,225,0,0,0,0
363.758,582.126,-6.051,-2.375,450,225,0,0,0,0
357.707,579.751,-6.051,-2.375,450,225,0,0,0,0
351.657,577.377,-6.051,-2.375,450,225,0,0,0,0
345.606,575.002,-6.051,-2.375,450,225,0,0,0,0
339.555,572.627,-6.051,-2.375,450,225,0,0,0,0
333.505,570.252,-6.051,-2.375,450,225,0,0,0,0
327.454,567.877,-6.051,-2.375,450,225,0,0,0,0
321.404,565.503,-6.051,-2.375,450,225,0,0,0,0
315.353,563.128,-6.051,-2.375,450,225,0,0,0,0
309.302,560.753,-6.051,-2.375,450,225,0,0,0,0
303.252,558.378,-6.051,-2.375,450,225,0,0,0,0
297.201,556.004,-6.051,-2.375,450,225,0,0,0,0
291.15,553.629,-6.051,-2.375,450,225,0,0,0,0
285.1,551.254,-6.051,-2.375,450,225,0,0,0,0
279.049,548.879,-6.051,-2.375,450,225,0,0,0,0
272.998,546.504,-6.051,-2.375,450,225,0,0,0,0
266.948,544.13,-6.051,-2.375,450,225,0,0,0,0
260.897,541.755,-6.051,-2.375,450,225,0,0,0,0
254.846,539.38,-6.051,-2.375,450,225,0,0,0,0
248.796,537.005,-6.051,-2.375,445,225,-1,0,0,0
242.745,534.631,-6.051,-2.375,440,225,-1,0,0,0
236.694,532.256,-6.051,-2.375,435,225,-1,0,0,0
230.644,529.881,-6.051,-2.375,430,225,-1,0,0,0
224.593,527.506,-6.051,-2.375,425,225,-1,0,0,0
218.542,525.131,-6.051,-2.375,420,225,-1,0,0,0
212.492,522.757,-6.051,-2.375,415,225,-1,0,0,0
206.441,520.382,-6.051,-2.375,410,225,-1,0,0,0
200.39,518.007,-6.051,-2.375,405,225,-1,0,0,0
194.34,515.632,-6.051,-2.375,400,225,-1,0,0,0
188.289,513.257,-6.051,-2.375,400,225,0,0,0,0
182.238,510.883,-6.051,-2.375,400,225,0,0,0,0
176.188,508.508,-6.051,-2.375,400,225,0,0,0,0
170.137,506.133,-6.051,-2.375,400,225,0,0,0,0
164.087,503.758,-6.051,-2.375,400,225,0,0,0,0
158.036,501.384,-6.051,-2.375,400,225,0,0,0,0
151.985,499.009,-6.051,-2.375,400,225,0,0,0,0
145.935,496.634,-6.051,-2.375,400,225,0,0,0,0
139.884,494.259,-6.051,-2.375,400,225,0,0,0,0
133.833,491.884,-6.051,-2.375,400,225,0,0,0,0
127.783,489.51,-6.051,-2.375,400,225,0,0,0,0
121.732,487.135,-6.051,-2.375,400,225,0,0,0,0
115.681,484.76,-6.051,-2.375,400,225,0,0,0,0
109.631,482.385,-6.051,-2.375,400,225,0,0,0,0
103.58,480.011,-6.051,-2.375,400,225,0,0,0,0
97.529,477.636,-6.051,-2.375,400,225,0,0,0,0
91.479,475.261,-6.051,-2.375,400,225,0,0,0,0
85.428,472.886,-6.051,-2.375,400,225,0,0,0,0
79.377,470.511,-6.051,-2.375,400,225,0,0,0,0
73.327,468.137,-6.051,-2.375,400,225,0,0,0,0
67.276,465.762,-6.051,-2.375,400,225,0,0,0,0
61.225,463.387,-6.051,-2.375,400,225,0,0,0,0
55.175,461.012,-6.051,-2.375,400,225,0,0,0,0
49.124,458.638,-6.051,-2.375,400,225,0,0,0,0
49.0,456.263,6.193,2.808,400,225,0,0,0,0
55.193,459.071,6.193,2.808,400,225,0,0,0,0
61.386,461.88,6.193,2.808,400,225,0,0,0,0
67.579,464.688,6.193,2.808,400,225,0,0,0,0
73.772,467.497,6.193,2.808,405,225,1,0,0,0
79.965,470.305,6.193,2.808,410,225,1,0,0,0
86.158,473.114,6.193,2.808,415,225,1,0,0,0
92.351,475.922,6.193,2.808,420,225,1,0,0,0
98.543,478.731,6.193,2.808,425,225,1,0,0,0
104.736,481.539,6.193,2.808,430,225,1,0,0,0
110.929,484.348,6.193,2.808,435,225,1,0,0,0
117.122,487.156,6.193,2.808,440,225,1,0,0,0
123.315,489.965,6.193,2.808,445,225,1,0,0,0
129.508,492.773,6.193,2.808,450,225,1,0,0,0
135.701,495.581,6.193,2.808,455,225,1,0,0,0
141.894,498.39,6.193,2.808,460,225,1,0,0,0
148.087,501.198,6.193,2.808,465,230,1,1,0,0
154.28,504.007,6.193,2.808,465,235,0,1,0,0
160.473,506.815,6.193,2.808,465,240,0,1,0,0
166.666,509.624,6.193,2.808,465,245,0,1,0,0
172.859,512.432,6.193,2.808,465,250,0,1,0,0
179.052,515.241,6.193,2.808,465,255,0,1,0,0
185.245,518.049,6.193,2.808,465,260,0,1,0,0
191.438,520.858,6.193,2.808,465,265,0,1,0,0
197.63,523.666,6.193,2.808,465,270,0,1,0,0
203.823,526.475,6.193,2.808,465,275,0,1,0,0
210.016,529.283,6.193,2.808,465,280,0,1,0,0
216.209,532.092,6.193,2.808,465,285,0,1,0,0
222.402,534.9,6.193,2.808,465,290,0,1,0,0
228.595,537.709,6.193,2.808,465,295,0,1,0,0
234.788,540.517,6.193,2.808,465,300,0,1,0,0
240.981,543.326,6.193,2.808,465,305,0,1,0,0
247.174,546.134,6.193,2.808,465,310,0,1,0,0
253.367,548.943,6.193,2.808,465,315,0,1,0,0
259.56,551.751,6.193,2.808,465,320,0,1,0,0
265.753,554.56,6.193,2.808,465,325,0,1,0,0
271.946,557.368,6.193,2.808,465,330,0,1,0,0
278.139,560.176,6.193,2.808,465,335,0,1,0,0
284.332,562.985,6.193,2.808,465,340,0,1,0,0
290.524,565.793,6.193,2.808,465,345,0,1,0,0
296.717,568.602,6.193,2.808,465,350,0,1,0,0
302.91,571.41,6.193,2.808,465,355,0,1,0,0
309.103,574.219,6.193,2.808,465,360,0,1,0,0
315.296,577.027,6.193,2.808,465,365,0,1,0,0
321.489,579.836,6.193,2.808,465,370,0,1,0,0
327.682,582.644,6.193,2.808,465,375,0,1,0,0
333.875,585.453,6.193,2.808,465,380,0,1,0,0
340.068,588.261,6.193,2.808,465,385,0,1,0,0
346.261,591.07,6.193,2.808,465,390,0,1,0,0
352.454,593.878,6.193,2.808,465,395,0,1,0,0
358.647,594.0,6.193,-2.808,465,400,0,1,0,0
364.84,591.192,6.193,-2.808,465,405,0,1,0,0
371.033,588.383,6.193,-2.808,465,410,0,1,0,0
377.226,585.575,6.193,-2.808,465,415,0,1,0,0
383.418,582.766,6.193,-2.808,465,420,0,1,0,0
389.611,579.958,6.193,-2.808,465,425,0,1,0,0
395.804,577.149,6.193,-2.808,465,430,0,1,0,0
401.997,574.341,6.193,-2.808,465,435,0,1,0,0
408.19,571.532,6.193,-2.808,465,440,0,1,0,0
414.383,568.724,6.193,-2.808,465,445,0,1,0,0
420.576,565.915,6.193,-2.808,465,450,0,1,0,0
426.769,563.107,6.193,-2.808,465,455,0,1,0,0
432.962,560.298,6.193,-2.808,465,460,0,1,0,0
439.155,557.49,6.193,-2.808,465,465,0,1,0,0
445.348,554.681,6.193,-2.808,465,470,0,1,0,0
451.541,551.873,6.193,-2.808,465,475,0,1,0,0
457.734,549.064,6.193,-2.808,465,480,0,1,0,0
463.927,546.256,6.193,-2.808,465,485,0,1,0,0
470.12,543.447,6.193,-2.808,465,490,0,1,0,0
476.313,540.639,6.193,-2.808,465,490,0,0,0,0
482.505,537.83,6.193,-2.808,465,490,0,0,0,0
488.698,535.022,6.193,-2.808,465,490,0,0,0,0
494.891,532.213,6.193,-2.808,465,490,0,0,0,0
501.084,529.405,6.193,-2.808,465,490,0,0,0,0
507.277,526.597,6.193,-2.808,465,485,0,-1,0,0
513.47,523.788,6.193,-2.808,465,480,0,-1,0,0
519.663,520.98,6.193,-2.808,465,475,0,-1,0,0
525.856,518.171,6.193,-2.808,465,470,0,-1,0,0
532.049,515.363,6.193,-2.808,465,465,0,-1,0,0
538.242,512.554,6.193,-2.808,465,460,0,-1,0,0
544.435,509.746,6.193,-2.808,465,455,0,-1,0,0
550.628,506.937,6.193,-2.808,465,450,0,-1,0,0
556.821,504.129,6.193,-2.808,465,445,0,-1,0,0
563.014,501.32,6.193,-2.808,465,440,0,-1,0,0
569.207,498.512,6.193,-2.808,465,435,0,-1,0,0
575.399,495.703,6.193,-2.808,465,430,0,-1,0,0
581.592,492.895,6.193,-2.808,465,425,0,-1,0,0
587.785,490.086,6.193,-2.808,465,420,0,-1,0,0
593.978,487.278,6.193,-2.808,460,415,-1,-1,0,0
600.171,484.469,6.193,-2.808,455,410,-1,-1,0,0
606.364,481.661,6.193,-2.808,450,405,-1,-1,0,0
612.557,478.852,6.193,-2.808,445,400,-1,-1,0,0
618.75,476.044,6.193,-2.808,440,395,-1,-1,0,0
624.943,473.235,6.193,-2.808,435,390,-1,-1,0,0
631.136,470.427,6.193,-2.808,430,385,-1,-1,0,0
637.329,467.618,6.193,-2.808,425,380,-1,-1,0,0
643.522,464.81,6.193,-2.808,420,375,-1,-1,0,0
649.715,462.001,6.193,-2.808,415,370,-1,-1,0,0
655.908,459.193,6.193,-2.808,410,370,-1,0,0,0
662.101,456.385,6.193,-2.808,405,370,-1,0,0,0
668.294,453.576,6.193,-2.808,400,370,-1,0,0,0
674.486,450.768,6.193,-2.808,400,370,0,0,0,0
680.679,447.959,6.193,-2.808,400,370,0,0,0,0
686.872,445.151,6.193,-2.808,400,370,0,0,0,0
693.065,442.342,6.193,-2.808,400,370,0,0,0,0
699.258,439.534,6.193,-2.808,400,370,0,0,0,0
705.451,436.725,6.193,-2.808,400,370,0,0,0,0
711.644,433.917,6.193,-2.808,400,370,0,0,0,0
717.837,431.108,6.193,-2.808,400,370,0,0,0,0
724.03,428.3,6.193,-2.808,400,370,0,0,0,0
730.223,425.491,6.193,-2.808,400,370,0,0,0,0
736.416,422.683,6.193,-2.808,400,370,0,0,0,0
742.609,419.874,6.193,-2.808,400,370,0,0,0,0
748.802,417.066,6.193,-2.808,400,370,0,0,0,0
751.0,414.257,-7.056,0.79,400,370,0,0,0,0
743.944,415.047,-7.056,0.79,400,370,0,0,0,0
736.888,415.837,-7.056,0.79,400,370,0,0,0,0
729.832,416.626,-7.056,0.79,400,370,0,0,0,0
722.776,417.416,-7.056,0.79,400,370,0,0,0,0
715.72,418.206,-7.056,0.79,400,365,0,-1,0,0
708.664,418.996,-7.056,0.79,400,360,0,-1,0,0
701.608,419.785,-7.056,0.79,400,355,0,-1,0,0
694.552,420.575,-7.056,0.79,400,350,0,-1,0,0
687.496,421.365,-7.056,0.79,400,345,0,-1,0,0
680.441,422.154,-7.056,0.79,400,340,0,-1,0,0
673.385,422.944,-7.056,0.79,400,335,0,-1,0,0
666.329,423.734,-7.056,0.79,400,330,0,-1,0,0
659.273,424.524,-7.056,0.79,400,325,0,-1,0,0
652.217,425.313,-7.056,0.79,400,320,0,-1,0,0
645.161,426.103,-7.056,0.79,400,315,0,-1,0,0
638.105,426.893,-7.056,0.79,400,310,0,-1,0,0
631.049,427.682,-7.056,0.79,400,305,0,-1,0,0
623.993,428.472,-7.056,0.79,400,300,0,-1,0,0
616.937,429.262,-7.056,0.79,400,295,0,-1,0,0
609.881,430.051,-7.056,0.79,400,290,0,-1,0,0
602.825,430.841,-7.056,0.79,400,285,0,-1,0,0
595.769,431.631,-7.056,0.79,400,280,0,-1,0,0
588.713,432.421,-7.056,0.79,400,275,0,-1,0,0
581.657,433.21,-7.056,0.79,400,270,0,-1,0,0
574.601,434.0,-7.056,0.79,400,265,0,-1,0,0
567.545,434.79,-7.056,0.79,400,260,0,-1,0,0
560.489,435.579,-7.056,0.79,400,260,0,0,0,0
553.434,436.369,-7.056,0.79,400,260,0,0,0,0
546.378,437.159,-7.056,0.79,405,260,1,0,0,0
539.322,437.949,-7.056,0.79,410,260,1,0,0,0
532.266,438.738,-7.056,0.79,415,260,1,0,0,0
525.21,439.528,-7.056,0.79,420,260,1,0,0,0
518.154,440.318,-7.056,0.79,425,260,1,0,0,0
511.098,441.107,-7.056,0.79,430,260,1,0,0,0
504.042,441.897,-7.056,0.79,435,260,1,0,0,0
496.986,442.687,-7.056,0.79,440,260,1,0,0,0
489.93,443.477,-7.056,0.79,445,260,1,0,0,0
482.874,444.266,-7.056,0.79,450,260,1,0,0,0
475.818,445.056,-7.056,0.79,455,260,1,0,0,0
468.762,445.846,-7.056,0.79,460,260,1,0,0,0
461.706,446.635,-7.056,0.79,465,260,1,0,0,0
454.65,447.425,-7.056,0.79,470,260,1,0,0,0
447.594,448.215,-7.056,0.79,475,260,1,0,0,0
440.538,449.004,-7.056,0.79,480,260,1,0,0,0
433.482,449.794,-7.056,0.79,485,260,1,0,0,0
426.427,450.584,-7.056,0.79,485,260,0,0,0,0
419.371,451.374,-7.056,0.79,485,260,0,0,0,0
412.315,452.163,-7.056,0.79,485,260,0,0,0,0
405.259,452.953,-7.056,0.79,485,260,0,0,0,0
398.203,453.743,-7.056,0.79,485,260,0,0,0,0
391.147,454.532,-7.056,0.79,485,260,0,0,0,0
384.091,455.322,-7.056,0.79,485,260,0,0,0,0
377.035,456.112,-7.056,0.79,485,260,0,0,0,0
369.979,456.902,-7.056,0.79,485,260,0,0,0,0
362.923,457.691,-7.056,0.79,485,260,0,0,0,0
355.867,458.481,-7.056,0.79,485,260,0,0,0,0
348.811,459.271,-7.056,0.79,485,260,0,0,0,0
341.755,460.06,-7.056,0.79,485,260,0,0,0,0
334.699,460.85,-7.056,0.79,485,260,0,0,0,0
327.643,461.64,-7.056,0.79,485,260,0,0,0,0
320.587,462.429,-7.056,0.79,485,260,0,0,0,0
313.531,463.219,-7.056,0.79,485,260,0,0,0,0
306.475,464.009,-7.056,0.79,485,260,0,0,0,0
299.42,464.799,-7.056,0.79,485,260,0,0,0,0
292.364,465.588,-7.056,0.79,485,260,0,0,0,0
285.308,466.378,-7.056,0.79,485,260,0,0,0,0
278.252,467.168,-7.056,0.79,485,260,0,0,0,0
271.196,467.957,-7.056,0.79,485,260,0,0,0,0
264.14,468.747,-7.056,0.79,485,260,0,0,0,0
257.084,469.537,-7.056,0.79,485,260,0,0,0,0
250.028,470.327,-7.056,0.79,485,260,0,0,0,0
242.972,471.116,-7.056,0.79,485,260,0,0,0,0
235.916,471.906,-7.056,0.79,485,260,0,0,0,0
228.86,472.696,-7.056,0.79,485,260,0,0,0,0
221.804,473.485,-7.056,0.79,485,260,0,0,0,0
214.748,474.275,-7.056,0.79,485,260,0,0,0,0
207.692,475.065,-7.056,0.79,485,260,0,0,0,0
200.636,475.854,-7.056,0.79,485,260,0,0,0,0
193.58,476.644,-7.056,0.79,485,260,0,0,0,0
186.524,477.434,-7.056,0.79,485,260,0,0,0,0
179.468,478.224,-7.056,0.79,485,260,0,0,0,0
172.412,479.013,-7.056,0.79,485,260,0,0,0,0
165.357,479.803,-7.056,0.79,485,260,0,0,0,0
158.301,480.593,-7.056,0.79,485,260,0,0,0,0
151.245,481.382,-7.056,0.79,485,260,0,0,0,0
144.189,482.172,-7.056,0.79,485,260,0,0,0,0
137.133,482.962,-7.056,0.79,485,260,0,0,0,0
130.077,483.752,-7.056,0.79,485,260,0,0,0,0
123.021,484.541,-7.056,0.79,485,260,0,0,0,0
115.965,485.331,-7.056,0.79,485,260,0,0,0,0
108.909,486.121,-7.056,0.79,485,260,0,0,0,0
101.853,486.91,-7.056,0.79,485,260,0,0,0,0
94.797,487.7,-7.056,0.79,485,260,0,0,0,0
87.741,488.49,-7.056,0.79,485,260,0,0,0,0
80.685,489.28,-7.056,0.79,485,260,0,0,0,0
73.629,490.069,-7.056,0.79,485,260,0,0,0,0
66.573,490.859,-7.056,0.79,485,260,0,0,0,0
59.517,491.649,-7.056,0.79,485,260,0,0,0,0
52.461,492.438,-7.056,0.79,485,260,0,0,0,0
49.0,493.228,4.984,-5.47,485,260,0,0,0,0
53.984,487.758,4.984,-5.47,485,260,0,0,0,0
58.969,482.289,4.984,-5.47,480,260,-1,0,0,0
63.953,476.819,4.984,-5.47,475,260,-1,0,0,0
68.937,471.35,4.984,-5.47,470,260,-1,0,0,0
73.922,465.88,4.984,-5.47,465,260,-1,0,0,0
78.906,460.41,4.984,-5.47,460,260,-1,0,0,0
83.89,454.941,4.984,-5.47,455,260,-1,0,0,0
88.874,449.471,4.984,-5.47,450,260,-1,0,0,0
93.859,444.002,4.984,-5.47,445,260,-1,0,0,0
98.843,438.532,4.984,-5.47,440,260,-1,0,0,0
103.827,433.062,4.984,-5.47,435,260,-1,0,0,0
108.812,427.593,4.984,-5.47,430,260,-1,0,0,0
113.796,422.123,4.984,-5.47,425,260,-1,0,0,0
118.78,416.654,4.984,-5.47,420,260,-1,0,0,0
123.765,411.184,4.984,-5.47,415,260,-1,0,0,0
128.749,405.714,4.984,-5.47,410,260,-1,0,0,0
133.733,400.245,4.984,-5.47,405,260,-1,0,0,0
138.718,394.775,4.984,-5.47,400,260,-1,0,0,0
143.702,389.305,4.984,-5.47,400,260,0,0,0,0
148.686,383.836,4.984,-5.47,400,260,0,0,0,0
153.671,378.366,4.984,-5.47,400,260,0,0,0,0
158.655,372.897,4.984,-5.47,400,260,0,0,0,0
163.639,367.427,4.984,-5.47,400,255,0,-1,0,0
168.623,361.957,4.984,-5.47,400,250,0,-1,0,0
173.608,356.488,4.984,-5.47,400,245,0,-1,0,0
178.592,351.018,4.984,-5.47,400,240,0,-1,0,0
183.576,345.549,4.984,-5.47,400,235,0,-1,0,0
188.561,340.079,4.984,-5.47,400,230,0,-1,0,0
193.545,334.609,4.984,-5.47,400,225,0,-1,0,0
198.529,329.14,4.984,-5.47,400,220,0,-1,0,0
203.514,323.67,4.984,-5.47,400,215,0,-1,0,0
208.498,318.201,4.984,-5.47,400,210,0,-1,0,0
213.482,312.731,4.984,-5.47,400,205,0,-1,0,0
218.467,307.261,4.984,-5.47,400,200,0,-1,0,0
223.451,301.792,4.984,-5.47,400,195,0,-1,0,0
228.435,296.322,4.984,-5.47,400,190,0,-1,0,0
233.42,290.852,4.984,-5.47,400,185,0,-1,0,0
238.404,285.383,4.984,-5.47,400,180,0,-1,0,0
243.388,279.913,4.984,-5.47,400,175,0,-1,0,0
248.372,274.444,4.984,-5.47,400,170,0,-1,0,0
253.357,268.974,4.984,-5.47,400,165,0,-1,0,0
258.341,263.504,4.984,-5.47,400,160,0,-1,0,0
263.325,258.035,4.984,-5.47,400,155,0,-1,0,0
268.31,252.565,4.984,-5.47,400,150,0,-1,0,0
273.294,247.096,4.984,-5.47,400,145,0,-1,0,0
278.278,241.626,4.984,-5.47,400,140,0,-1,0,0
283.263,236.156,4.984,-5.47,395,135,-1,-1,0,0
288.247,230.687,4.984,-5.47,390,130,-1,-1,0,0
293.231,225.217,4.984,-5.47,385,125,-1,-1,0,0
298.216,219.748,4.984,-5.47,380,120,-1,-1,0,0
303.2,214.278,4.984,-5.47,375,115,-1,-1,0,0
308.184,208.808,4.984,-5.47,370,110,-1,-1,0,0
313.168,203.339,4.984,-5.47,365,105,-1,-1,0,0
318.153,197.869,4.984,-5.47,360,100,-1,-1,0,0
323.137,192.399,4.984,-5.47,355,95,-1,-1,0,0
328.121,186.93,4.984,-5.47,350,90,-1,-1,0,0
333.106,181.46,4.984,-5.47,345,85,-1,-1,0,0
338.09,175.991,4.984,-5.47,340,80,-1,-1,0,0
343.074,170.521,4.984,-5.47,335,75,-1,-1,0,0
348.059,165.051,4.984,-5.47,330,70,-1,-1,0,0
353.043,159.582,4.984,-5.47,325,65,-1,-1,0,0
358.027,154.112,4.984,-5.47,320,60,-1,-1,0,0
363.012,148.643,4.984,-5.47,315,55,-1,-1,0,0
367.996,143.173,4.984,-5.47,310,50,-1,-1,0,0
372.98,137.703,4.984,-5.47,305,45,-1,-1,0,0
377.965,132.234,4.984,-5.47,300,45,-1,0,0,0
382.949,126.764,4.984,-5.47,295,45,-1,0,0,0
387.933,121.295,4.984,-5.47,290,45,-1,0,0,0
392.917,115.825,4.984,-5.47,285,45,-1,0,0,0
397.902,110.355,4.984,-5.47,280,45,-1,0,0,0
402.886,104.886,4.984,-5.47,275,45,-1,0,0,0
407.87,99.416,4.984,-5.47,270,45,-1,0,0,0
412.855,93.946,4.984,-5.47,265,45,-1,0,0,0
417.839,88.477,4.984,-5.47,260,50,-1,1,0,0
422.823,83.007,4.984,-5.47,255,55,-1,1,0,0
427.808,77.538,4.984,-5.47,255,60,0,1,0,0
432.792,72.068,4.984,-5.47,255,65,0,1,0,0
437.776,66.598,4.984,-5.47,255,70,0,1,0,0
442.761,61.129,4.984,-5.47,255,75,0,1,0,0
447.745,55.659,4.984,-5.47,255,80,0,1,0,0
452.729,50.19,4.984,-5.47,255,85,0,1,0,0
457.714,44.72,4.984,-5.47,255,90,0,1,0,0
462.698,39.25,4.984,-5.47,255,95,0,1,0,0
467.682,33.781,4.984,-5.47,255,100,0,1,0,0
472.666,28.311,4.984,-5.47,255,105,0,1,0,0
477.651,22.842,4.984,-5.47,255,110,0,1,0,0
482.635,17.372,4.984,-5.47,255,115,0,1,0,0
487.619,11.902,4.984,-5.47,255,120,0,1,0,0
492.604,6.433,4.984,-5.47,255,125,0,1,0,0
497.588,6.0,4.984,5.47,255,130,0,1,0,0
502.572,11.47,4.984,5.47,255,135,0,1,0,0
507.557,16.939,4.984,5.47,255,140,0,1,0,0
512.541,22.409,4.984,5.47,255,145,0,1,0,0
517.525,27.878,4.984,5.47,255,150,0,1,0,0
522.51,33.348,4.984,5.47,255,155,0,1,0,0
527.494,38.818,4.984,5.47,255,160,0,1,0,0
532.478,44.287,4.984,5.47,255,165,0,1,0,0
537.463,49.757,4.984,5.47,255,170,0,1,0,0
542.447,55.226,4.984,5.47,255,175,0,1,0,0
547.431,60.696,4.984,5.47,255,175,0,0,0,0
552.415,66.166,4.984,5.47,255,175,0,0,0,0
557.4,71.635,4.984,5.47,255,175,0,0,0,0
562.384,77.105,4.984,5.47,255,175,0,0,0,0
567.368,82.575,4.984,5.47,255,175,0,0,0,0
572.353,88.044,4.984,5.47,255,175,0,0,0,0
577.337,93.514,4.984,5.47,255,175,0,0,0,0
582.321,98.983,4.984,5.47,255,175,0,0,0,0
587.306,104.453,4.984,5.47,255,175,0,0,0,0
592.29,109.923,4.984,5.47,255,175,0,0,0,0
597.274,115.392,4.984,5.47,255,175,0,0,0,0
602.259,120.862,4.984,5.47,255,175,0,0,0,0
607.243,126.331,4.984,5.47,255,175,0,0,0,0
612.227,131.801,4.984,5.47,255,175,0,0,0,0
617.211,137.271,4.984,5.47,255,175,0,0,0,0
622.196,142.74,4.984,5.47,255,175,0,0,0,0
627.18,148.21,4.984,5.47,255,175,0,0,0,0
632.164,153.679,4.984,5.47,255,175,0,0,0,0
637.149,159.149,4.984,5.47,255,180,0,1,0,0
642.133,164.619,4.984,5.47,255,185,0,1,0,0
647.117,170.088,4.984,5.47,255,190,0,1,0,0
652.102,175.558,4.984,5.47,255,195,0,1,0,0
657.086,181.028,4.984,5.47,255,200,0,1,0,0
662.07,186.497,4.984,5.47,255,205,0,1,0,0
667.055,191.967,4.984,5.47,255,210,0,1,0,0
672.039,197.436,4.984,5.47,255,215,0,1,0,0
677.023,202.906,4.984,5.47,255,220,0,1,0,0
682.008,208.376,4.984,5.47,255,220,0,0,0,0
686.992,213.845,4.984,5.47,255,220,0,0,0,0
691.976,219.315,4.984,5.47,255,220,0,0,0,0
696.96,224.784,4.984,5.47,255,220,0,0,0,0
701.945,230.254,4.984,5.47,255,220,0,0,0,0
706.929,235.724,4.984,5.47,255,220,0,0,0,0
711.913,241.193,4.984,5.47,255,220,0,0,0,0
716.898,246.663,4.984,5.47,255,220,0,0,0,0
721.882,252.132,4.984,5.47,255,220,0,0,0,0
726.866,257.602,4.984,5.47,255,220,0,0,0,0
731.851,263.072,4.984,5.47,255,220,0,0,0,0
736.835,268.541,4.984,5.47,255,225,0,1,0,0
741.819,274.011,4.984,5.47,255,230,0,1,0,0
746.804,279.481,4.984,5.47,255,235,0,1,0,0
751.788,284.95,4.984,5.47,255,240,0,1,0,0
751.0,290.42,-7.623,1.089,255,245,0,1,0,0
743.377,291.509,-7.623,1.089,255,250,0,1,0,0
735.755,292.598,-7.623,1.089,255,255,0,1,0,0
728.132,293.686,-7.623,1.089,255,260,0,1,0,0
720.51,294.775,-7.623,1.089,255,260,0,0,0,0
712.887,295.864,-7.623,1.089,255,260,0,0,0,0
705.264,296.953,-7.623,1.089,255,260,0,0,0,0
697.642,298.042,-7.623,1.089,255,260,0,0,0,0
690.019,299.131,-7.623,1.089,255,260,0,0,0,0
682.396,300.22,-7.623,1.089,255,260,0,0,0,0
674.774,301.309,-7.623,1.089,255,260,0,0,0,0
667.151,302.397,-7.623,1.089,255,260,0,0,0,0
659.529,303.486,-7.623,1.089,255,260,0,0,0,0
651.906,304.575,-7.623,1.089,255,260,0,0,0,0
644.283,305.664,-7.623,1.089,255,260,0,0,0,0
636.661,306.753,-7.623,1.089,255,260,0,0,0,0
629.038,307.842,-7.623,1.089,255,260,0,0,0,0
621.415,308.931,-7.623,1.089,255,260,0,0,0,0
613.793,310.02,-7.623,1.089,255,260,0,0,0,0
606.17,311.109,-7.623,1.089,260,260,1,0,0,0
598.548,312.197,-7.623,1.089,265,260,1,0,0,0
590.925,313.286,-7.623,1.089,270,260,1,0,0,0
583.302,314.375,-7.623,1.089,275,260,1,0,0,0
575.68,315.464,-7.623,1.089,280,260,1,0,0,0
568.057,316.553,-7.623,1.089,285,260,1,0,0,0
560.435,317.642,-7.623,1.089,290,260,1,0,0,0
552.812,318.731,-7.623,1.089,295,260,1,0,0,0
545.189,319.82,-7.623,1.089,300,260,1,0,0,0
537.567,320.908,-7.623,1.089,305,260,1,0,0,0
529.944,321.997,-7.623,1.089,310,260,1,0,0,0
522.321,323.086,-7.623,1.089,315,260,1,0,0,0
514.699,324.175,-7.623,1.089,320,260,1,0,0,0
507.076,325.264,-7.623,1.089,325,260,1,0,0,0
499.454,326.353,-7.623,1.089,330,260,1,0,0,0
491.831,327.442,-7.623,1.089,335,260,1,0,0,0
484.208,328.531,-7.623,1.089,335,260,0,0,0,0
476.586,329.62,-7.623,1.089,335,260,0,0,0,0
468.963,330.708,-7.623,1.089,335,260,0,0,0,0
461.34,331.797,-7.623,1.089,335,260,0,0,0,0
453.718,332.886,-7.623,1.089,335,260,0,0,0,0
446.095,333.975,-7.623,1.089,335,260,0,0,0,0
438.473,335.064,-7.623,1.089,335,260,0,0,0,0
430.85,336.153,-7.623,1.089,335,260,0,0,0,0
423.227,337.242,-7.623,1.089,335,260,0,0,0,0
415.605,338.331,-7.623,1.089,335,260,0,0,0,0
407.982,339.419,-7.623,1.089,335,260,0,0,0,0
400.359,340.508,-7.623,1.089,335,260,0,0,0,0
392.737,341.597,-7.623,1.089,335,260,0,0,0,0
385.114,342.686,-7.623,1.089,335,260,0,0,0,0
377.492,343.775,-7.623,1.089,335,260,0,0,0,0
369.869,344.864,-7.623,1.089,335,260,0,0,0,0
362.246,345.953,-7.623,1.089,335,260,0,0,0,0
354.624,347.042,-7.623,1.089,335,260,0,0,0,0
347.001,348.131,-7.623,1.089,335,260,0,0,0,0
339.379,349.219,-7.623,1.089,335,260,0,0,0,0
331.756,350.308,-7.623,1.089,335,260,0,0,0,0
324.133,351.397,-7.623,1.089,335,260,0,0,0,0
316.511,352.486,-7.623,1.089,335,260,0,0,0,0
308.888,353.575,-7.623,1.089,335,260,0,0,0,0
301.265,354.664,-7.623,1.089,335,260,0,0,0,0
293.643,355.753,-7.623,1.089,335,260,0,0,0,0
286.02,356.842,-7.623,1.089,335,260,0,0,0,0
278.398,357.93,-7.623,1.089,335,260,0,0,0,0
270.775,359.019,-7.623,1.089,335,260,0,0,0,0
263.152,360.108,-7.623,1.089,335,260,0,0,0,0
255.53,361.197,-7.623,1.089,335,260,0,0,0,0
247.907,362.286,-7.623,1.089,335,260,0,0,0,0
240.284,363.375,-7.623,1.089,335,260,0,0,0,0
232.662,364.464,-7.623,1.089,335,260,0,0,0,0
225.039,365.553,-7.623,1.089,335,260,0,0,0,0
217.417,366.642,-7.623,1.089,335,260,0,0,0,0
209.794,367.73,-7.623,1.089,335,260,0,0,0,0
202.171,368.819,-7.623,1.089,335,260,0,0,0,0
194.549,369.908,-7.623,1.089,335,260,0,0,0,0
186.926,370.997,-7.623,1.089,335,260,0,0,0,0
179.304,372.086,-7.623,1.089,335,260,0,0,0,0
171.681,373.175,-7.623,1.089,335,260,0,0,0,0
164.058,374.264,-7.623,1.089,335,260,0,0,0,0
156.436,375.353,-7.623,1.089,335,260,0,0,0,0
148.813,376.441,-7.623,1.089,335,260,0,0,0,0
141.19,377.53,-7.623,1.089,335,260,0,0,0,0
133.568,378.619,-7.623,1.089,335,260,0,0,0,0
125.945,379.708,-7.623,1.089,335,260,0,0,0,0
118.323,380.797,-7.623,1.089,335,260,0,0,0,0
110.7,381.886,-7.623,1.089,335,260,0,0,0,0
103.077,382.975,-7.623,1.089,335,260,0,0,0,0
95.455,384.064,-7.623,1.089,335,260,0,0,0,0
87.832,385.153,-7.623,1.089,335,260,0,0,0,0
80.209,386.241,-7.623,1.089,335,260,0,0,0,0
72.587,387.33,-7.623,1.089,335,260,0,0,0,0
64.964,388.419,-7.623,1.089,335,260,0,0,0,0
57.342,389.508,-7.623,1.089,335,260,0,0,0,0
49.719,390.597,-7.623,1.089,335,260,0,0,0,0
49.0,391.686,7.249,3.385,335,260,0,0,0,0
56.249,395.07,7.249,3.385,335,260,0,0,0,0
63.498,398.455,7.249,3.385,335,260,0,0,0,0
70.746,401.84,7.249,3.385,335,260,0,0,0,0
77.995,405.224,7.249,3.385,335,260,0,0,0,0
85.244,408.609,7.249,3.385,335,260,0,0,0,0
92.493,411.993,7.249,3.385,335,260,0,0,0,0
99.741,415.378,7.249,3.385,335,260,0,0,0,0
106.99,418.763,7.249,3.385,335,260,0,0,0,0
114.239,422.147,7.249,3.385,335,260,0,0,0,0
121.488,425.532,7.249,3.385,335,260,0,0,0,0
128.736,428.916,7.249,3.385,335,260,0,0,0,0
135.985,432.301,7.249,3.385,335,260,0,0,0,0
143.234,435.685,7.249,3.385,335,260,0,0,0,0
150.483,439.07,7.249,3.385,335,265,0,1,0,0
157.731,442.455,7.249,3.385,335,270,0,1,0,0
164.98,445.839,7.249,3.385,335,275,0,1,0,0
172.229,449.224,7.249,3.385,335,280,0,1,0,0
179.478,452.608,7.249,3.385,335,285,0,1,0,0
186.727,455.993,7.249,3.385,335,290,0,1,0,0
193.975,459.378,7.249,3.385,335,295,0,1,0,0
201.224,462.762,7.249,3.385,335,300,0,1,0,0
208.473,466.147,7.249,3.385,335,305,0,1,0,0
215.722,469.531,7.249,3.385,335,310,0,1,0,0
222.97,472.916,7.249,3.385,335,315,0,1,0,0
230.219,476.3,7.249,3.385,335,320,0,1,0,0
237.468,479.685,7.249,3.385,335,325,0,1,0,0
244.717,483.07,7.249,3.385,335,330,0,1,0,0
251.965,486.454,7.249,3.385,335,335,0,1,0,0
259.214,489.839,7.249,3.385,335,340,0,1,0,0
266.463,493.223,7.249,3.385,335,345,0,1,0,0
273.712,496.608,7.249,3.385,335,350,0,1,0,0
280.96,499.993,7.249,3.385,335,355,0,1,0,0
288.209,503.377,7.249,3.385,335,360,0,1,0,0
295.458,506.762,7.249,3.385,335,365,0,1,0,0
302.707,510.146,7.249,3.385,335,370,0,1,0,0
309.956,513.531,7.249,3.385,335,375,0,1,0,0
317.204,516.915,7.249,3.385,335,380,0,1,0,0
324.453,520.3,7.249,3.385,335,385,0,1,0,0
331.702,523.685,7.249,3.385,335,390,0,1,0,0
338.951,527.069,7.249,3.385,335,395,0,1,0,0
346.199,530.454,7.249,3.385,335,400,0,1,0,0
353.448,533.838,7.249,3.385,335,405,0,1,0,0
360.697,537.223,7.249,3.385,335,410,0,1,0,0
367.946,540.608,7.249,3.385,335,415,0,1,0,0
375.194,543.992,7.249,3.385,335,420,0,1,0,0
382.443,547.377,7.249,3.385,335,425,0,1,0,0
389.692,550.761,7.249,3.385,335,430,0,1,0,0
396.941,554.146,7.249,3.385,335,435,0,1,0,0
404.189,557.53,7.249,3.385,335,440,0,1,0,0
411.438,560.915,7.249,3.385,335,445,0,1,0,0
418.687,564.3,7.249,3.385,335,450,0,1,0,0
425.936,567.684,7.249,3.385,335,455,0,1,0,0
433.185,571.069,7.249,3.385,335,460,0,1,0,0
440.433,574.453,7.249,3.385,335,465,0,1,0,0
447.682,577.838,7.249,3.385,335,470,0,1,0,0
454.931,581.223,7.249,3.385,335,475,0,1,0,0
462.18,584.607,7.249,3.385,335,480,0,1,0,0
469.428,587.992,7.249,3.385,335,485,0,1,0,0
476.677,591.376,7.249,3.385,335,490,0,1,0,0
483.926,594.0,7.249,-3.385,335,495,0,1,0,0
491.175,590.615,7.249,-3.385,335,500,0,1,0,0
498.423,587.231,7.249,-3.385,330,505,-1,1,0,0
505.672,583.846,7.249,-3.385,325,510,-1,1,0,0
512.921,580.462,7.249,-3.385,320,510,-1,0,0,0
520.17,577.077,7.249,-3.385,315,510,-1,0,0,0
527.418,573.692,7.249,-3.385,310,510,-1,0,0,0
534.667,570.308,7.249,-3.385,305,510,-1,0,0,0
541.916,566.923,7.249,-3.385,300,510,-1,0,0,0
549.165,563.539,7.249,-3.385,295,510,-1,0,0,0
556.414,560.154,7.249,-3.385,290,510,-1,0,0,0
563.662,556.77,7.249,-3.385,285,510,-1,0,0,0
570.911,553.385,7.249,-3.385,280,510,-1,0,0,0
578.16,550.0,7.249,-3.385,275,510,-1,0,0,0
585.409,546.616,7.249,-3.385,270,510,-1,0,0,0
592.657,543.231,7.249,-3.385,265,510,-1,0,0,0
599.906,539.847,7.249,-3.385,260,510,-1,0,0,0
607.155,536.462,7.249,-3.385,255,510,-1,0,0,0
614.404,533.077,7.249,-3.385,250,505,-1,-1,0,0
621.652,529.693,7.249,-3.385,245,500,-1,-1,0,0
628.901,526.308,7.249,-3.385,245,495,0,-1,0,0
636.15,522.924,7.249,-3.385,245,490,0,-1,0,0
643.399,519.539,7.249,-3.385,245,485,0,-1,0,0
650.647,516.155,7.249,-3.385,245,480,0,-1,0,0
657.896,512.77,7.249,-3.385,245,475,0,-1,0,0
665.145,509.385,7.249,-3.385,245,470,0,-1,0,0
672.394,506.001,7.249,-3.385,245,465,0,-1,0,0
679.643,502.616,7.249,-3.385,245,460,0,-1,0,0
686.891,499.232,7.249,-3.385,245,455,0,-1,0,0
694.14,495.847,7.249,-3.385,245,450,0,-1,0,0
701.389,492.462,7.249,-3.385,245,445,0,-1,0,0
708.638,489.078,7.249,-3.385,245,440,0,-1,0,0
715.886,485.693,7.249,-3.385,245,435,0,-1,0,0
723.135,482.309,7.249,-3.385,245,430,0,-1,0,0
730.384,478.924,7.249,-3.385,245,425,0,-1,0,0
737.633,475.54,7.249,-3.385,245,420,0,-1,0,0
744.881,472.155,7.249,-3.385,245,415,0,-1,0,0
752.13,468.77,7.249,-3.385,245,410,0,-1,0,0
751.0,465.386,-7.146,4.222,245,405,0,-1,0,0
743.854,469.608,-7.146,4.222,245,400,0,-1,0,0
736.709,473.831,-7.146,4.222,245,395,0,-1,0,0
729.563,478.053,-7.146,4.222,245,390,0,-1,0,0
722.417,482.275,-7.146,4.222,245,390,0,0,0,0
715.271,486.498,-7.146,4.222,245,390,0,0,0,0
708.126,490.72,-7.146,4.222,245,390,0,0,0,0
700.98,494.942,-7.146,4.222,245,390,0,0,0,0
693.834,499.165,-7.146,4.222,245,390,0,0,0,0
686.688,503.387,-7.146,4.222,245,390,0,0,0,0
679.543,507.61,-7.146,4.222,245,390,0,0,0,0
672.397,511.832,-7.146,4.222,245,390,0,0,0,0
665.251,516.054,-7.146,4.222,245,390,0,0,0,0
658.106,520.277,-7.146,4.222,245,390,0,0,0,0
650.96,524.499,-7.146,4.222,245,390,0,0,0,0
643.814,528.722,-7.146,4.222,245,390,0,0,0,0
636.668,532.944,-7.146,4.222,245,395,0,1,0,0
629.523,537.166,-7.146,4.222,245,400,0,1,0,0
622.377,541.389,-7.146,4.222,245,405,0,1,0,0
615.231,545.611,-7.146,4.222,245,410,0,1,0,0
608.085,549.833,-7.146,4.222,245,415,0,1,0,0
600.94,554.056,-7.146,4.222,245,420,0,1,0,0
593.794,558.278,-7.146,4.222,245,425,0,1,0,0
586.648,562.501,-7.146,4.222,250,430,1,1,0,0
579.502,566.723,-7.146,4.222,255,435,1,1,0,0
572.357,570.945,-7.146,4.222,260,440,1,1,0,0
565.211,575.168,-7.146,4.222,265,445,1,1,0,0
558.065,579.39,-7.146,4.222,270,450,1,1,0,0
550.92,583.613,-7.146,4.222,275,455,1,1,0,0
543.774,587.835,-7.146,4.222,280,460,1,1,0,0
536.628,592.057,-7.146,4.222,285,465,1,1,0,0
529.482,594.0,-7.146,-4.222,290,470,1,1,0,0
522.337,589.778,-7.146,-4.222,295,475,1,1,0,0
515.191,585.555,-7.146,-4.222,300,480,1,1,0,0
508.045,581.333,-7.146,-4.222,305,485,1,1,0,0
500.899,577.11,-7.146,-4.222,310,490,1,1,0,0
493.754,572.888,-7.146,-4.222,315,490,1,0,0,0
486.608,568.666,-7.146,-4.222,320,490,1,0,0,0
479.462,564.443,-7.146,-4.222,325,490,1,0,0,0
472.317,560.221,-7.146,-4.222,330,490,1,0,0,0
465.171,555.999,-7.146,-4.222,335,490,1,0,0,0
458.025,551.776,-7.146,-4.222,340,490,1,0,0,0
450.879,547.554,-7.146,-4.222,345,490,1,0,0,0
443.734,543.331,-7.146,-4.222,345,490,0,0,0,0
436.588,539.109,-7.146,-4.222,345,490,0,0,0,0
429.442,534.887,-7.146,-4.222,345,490,0,0,0,0
422.296,530.664,-7.146,-4.222,345,490,0,0,0,0
415.151,526.442,-7.146,-4.222,345,490,0,0,0,0
408.005,522.219,-7.146,-4.222,345,490,0,0,0,0
400.859,517.997,-7.146,-4.222,345,490,0,0,0,0
393.713,513.775,-7.146,-4.222,345,490,0,0,0,0
386.568,509.552,-7.146,-4.222,345,490,0,0,0,0
379.422,505.33,-7.146,-4.222,345,490,0,0,0,0
372.276,501.108,-7.146,-4.222,345,490,0,0,0,0
365.131,496.885,-7.146,-4.222,345,490,0,0,0,0
357.985,492.663,-7.146,-4.222,345,490,0,0,0,0
350.839,488.44,-7.146,-4.222,345,490,0,0,0,0
343.693,484.218,-7.146,-4.222,345,490,0,0,0,0
336.548,479.996,-7.146,-4.222,345,490,0,0,0,0
329.402,475.773,-7.146,-4.222,345,490,0,0,0,0
322.256,471.551,-7.146,-4.222,345,485,0,-1,0,0
315.11,467.328,-7.146,-4.222,345,480,0,-1,0,0
307.965,463.106,-7.146,-4.222,345,475,0,-1,0,0
300.819,458.884,-7.146,-4.222,345,470,0,-1,0,0
293.673,454.661,-7.146,-4.222,345,465,0,-1,0,0
286.528,450.439,-7.146,-4.222,345,460,0,-1,0,0
279.382,446.217,-7.146,-4.222,345,455,0,-1,0,0
272.236,441.994,-7.146,-4.222,345,450,0,-1,0,0
265.09,437.772,-7.146,-4.222,345,445,0,-1,0,0
257.945,433.549,-7.146,-4.222,345,440,0,-1,0,0
250.799,429.327,-7.146,-4.222,345,435,0,-1,0,0
243.653,425.105,-7.146,-4.222,345,430,0,-1,0,0
236.507,420.882,-7.146,-4.222,345,425,0,-1,0,0
229.362,416.66,-7.146,-4.222,345,420,0,-1,0,0
222.216,412.437,-7.146,-4.222,345,415,0,-1,0,0
215.07,408.215,-7.146,-4.222,345,410,0,-1,0,0
207.924,403.993,-7.146,-4.222,345,405,0,-1,0,0
200.779,399.77,-7.146,-4.222,345,400,0,-1,0,0
193.633,395.548,-7.146,-4.222,345,395,0,-1,0,0
186.487,391.326,-7.146,-4.222,345,390,0,-1,0,0
179.342,387.103,-7.146,-4.222,345,385,0,-1,0,0
172.196,382.881,-7.146,-4.222,345,380,0,-1,0,0
165.05,378.658,-7.146,-4.222,345,375,0,-1,0,0
157.904,374.436,-7.146,-4.222,345,370,0,-1,0,0
150.759,370.214,-7.146,-4.222,345,365,0,-1,0,0
143.613,365.991,-7.146,-4.222,340,360,-1,-1,0,0
136.467,361.769,-7.146,-4.222,335,355,-1,-1,0,0
129.321,357.546,-7.146,-4.222,330,350,-1,-1,0,0
122.176,353.324,-7.146,-4.222,325,345,-1,-1,0,0
115.03,349.102,-7.146,-4.222,320,340,-1,-1,0,0
107.884,344.879,-7.146,-4.222,315,335,-1,-1,0,0
100.739,340.657,-7.146,-4.222,310,330,-1,-1,0,0
93.593,336.435,-7.146,-4.222,305,325,-1,-1,0,0
86.447,332.212,-7.146,-4.222,300,320,-1,-1,0,0
79.301,327.99,-7.146,-4.222,295,315,-1,-1,0,0
72.156,323.767,-7.146,-4.222,290,310,-1,-1,0,0
65.01,319.545,-7.146,-4.222,285,305,-1,-1,0,0
57.864,315.323,-7.146,-4.222,280,300,-1,-1,0,0
50.718,311.1,-7.146,-4.222,275,295,-1,-1,0,0
49.0,306.878,8.571,-0.702,270,290,-1,-1,0,0
57.571,306.176,8.571,-0.702,265,285,-1,-1,0,0
66.143,305.473,8.571,-0.702,260,280,-1,-1,0,0
74.714,304.771,8.571,-0.702,255,275,-1,-1,0,0
83.285,304.069,8.571,-0.702,250,270,-1,-1,0,0
91.856,303.367,8.571,-0.702,245,265,-1,-1,0,0
100.428,302.665,8.571,-0.702,240,260,-1,-1,0,0
108.999,301.963,8.571,-0.702,235,255,-1,-1,0,0
117.57,301.26,8.571,-0.702,230,250,-1,-1,0,0
126.142,300.558,8.571,-0.702,225,245,-1,-1,0,0
134.713,299.856,8.571,-0.702,220,240,-1,-1,0,0
143.284,299.154,8.571,-0.702,215,235,-1,-1,0,0
151.855,298.452,8.571,-0.702,210,230,-1,-1,0,0
160.427,297.75,8.571,-0.702,205,225,-1,-1,0,0
168.998,297.047,8.571,-0.702,200,220,-1,-1,0,0
177.569,296.345,8.571,-0.702,195,215,-1,-1,0,0
186.141,295.643,8.571,-0.702,190,210,-1,-1,0,0
194.712,294.941,8.571,-0.702,190,205,0,-1,0,0
203.283,294.239,8.571,-0.702,190,200,0,-1,0,0
211.854,293.537,8.571,-0.702,190,195,0,-1,0,0
220.426,292.834,8.571,-0.702,190,190,0,-1,0,0
228.997,292.132,8.571,-0.702,190,185,0,-1,0,0
237.568,291.43,8.571,-0.702,190,180,0,-1,0,0
246.14,290.728,8.571,-0.702,190,175,0,-1,0,0
254.711,290.026,8.571,-0.702,190,170,0,-1,0,0
263.282,289.324,8.571,-0.702,190,170,0,0,0,0
271.853,288.621,8.571,-0.702,190,170,0,0,0,0
280.425,287.919,8.571,-0.702,190,170,0,0,0,0
288.996,287.217,8.571,-0.702,190,170,0,0,0,0
297.567,286.515,8.571,-0.702,190,175,0,1,0,0
306.139,285.813,8.571,-0.702,190,180,0,1,0,0
314.71,285.111,8.571,-0.702,190,185,0,1,0,0
323.281,284.408,8.571,-0.702,190,190,0,1,0,0
331.852,283.706,8.571,-0.702,190,195,0,1,0,0
340.424,283.004,8.571,-0.702,190,200,0,1,0,0
348.995,282.302,8.571,-0.702,190,205,0,1,0,0
357.566,281.6,8.571,-0.702,190,205,0,0,0,0
366.138,280.898,8.571,-0.702,190,205,0,0,0,0
374.709,280.195,8.571,-0.702,190,205,0,0,0,0
383.28,279.493,8.571,-0.702,190,205,0,0,0,0
391.851,278.791,8.571,-0.702,190,205,0,0,0,0
400.423,278.089,8.571,-0.702,195,205,1,0,0,0
408.994,277.387,8.571,-0.702,200,205,1,0,0,0
417.565,276.685,8.571,-0.702,205,205,1,0,0,0
426.137,275.982,8.571,-0.702,210,205,1,0,0,0
434.708,275.28,8.571,-0.702,215,205,1,0,0,0
443.279,274.578,8.571,-0.702,220,205,1,0,0,0
451.85,273.876,8.571,-0.702,225,205,1,0,0,0
460.422,273.174,8.571,-0.702,230,205,1,0,0,0
468.993,272.472,8.571,-0.702,235,205,1,0,0,0
477.564,271.769,8.571,-0.702,240,205,1,0,0,0
486.136,271.067,8.571,-0.702,245,205,1,0,0,0
494.707,270.365,8.571,-0.702,250,205,1,0,0,0
503.278,269.663,8.571,-0.702,255,205,1,0,0,0
511.849,268.961,8.571,-0.702,260,205,1,0,0,0
520.421,268.259,8.571,-0.702,265,205,1,0,0,0
528.992,267.556,8.571,-0.702,270,205,1,0,0,0
537.563,266.854,8.571,-0.702,275,205,1,0,0,0
546.135,266.152,8.571,-0.702,275,205,0,0,0,0
554.706,265.45,8.571,-0.702,275,205,0,0,0,0
563.277,264.748,8.571,-0.702,275,205,0,0,0,0
571.849,264.046,8.571,-0.702,275,210,0,1,0,0
580.42,263.343,8.571,-0.702,275,215,0,1,0,0
588.991,262.641,8.571,-0.702,275,220,0,1,0,0
597.562,261.939,8.571,-0.702,275,225,0,1,0,0
606.134,261.237,8.571,-0.702,275,230,0,1,0,0
614.705,260.535,8.571,-0.702,275,230,0,0,0,0
623.276,259.833,8.571,-0.702,275,230,0,0,0,0
631.848,259.13,8.571,-0.702,275,230,0,0,0,0
640.419,258.428,8.571,-0.702,275,230,0,0,0,0
648.99,257.726,8.571,-0.702,275,230,0,0,0,0
657.561,257.024,8.571,-0.702,275,230,0,0,0,0
666.133,256.322,8.571,-0.702,275,230,0,0,0,0
674.704,255.62,8.571,-0.702,275,230,0,0,0,0
683.275,254.917,8.571,-0.702,275,230,0,0,0,0
691.847,254.215,8.571,-0.702,275,230,0,0,0,0
700.418,253.513,8.571,-0.702,275,230,0,0,0,0
708.989,252.811,8.571,-0.702,275,230,0,0,0,0
717.56,252.109,8.571,-0.702,275,230,0,0,0,0
726.132,251.407,8.571,-0.702,275,230,0,0,0,0
734.703,250.704,8.571,-0.702,275,230,0,0,0,0
743.274,250.002,8.571,-0.702,275,230,0,0,0,0
751.846,249.3,8.571,-0.702,275,230,0,0,0,0
751.0,248.598,-7.539,-4.73,275,230,0,0,0,0
743.461,243.868,-7.539,-4.73,275,225,0,-1,0,0
735.922,239.138,-7.539,-4.73,275,220,0,-1,0,0
728.383,234.408,-7.539,-4.73,275,215,0,-1,0,0
720.843,229.679,-7.539,-4.73,275,210,0,-1,0,0
713.304,224.949,-7.539,-4.73,275,205,0,-1,0,0
705.765,220.219,-7.539,-4.73,275,200,0,-1,0,0
698.226,215.489,-7.539,-4.73,275,195,0,-1,0,0
690.687,210.759,-7.539,-4.73,275,190,0,-1,0,0
683.148,206.029,-7.539,-4.73,275,185,0,-1,0,0
675.609,201.299,-7.539,-4.73,275,180,0,-1,0,0
668.07,196.57,-7.539,-4.73,275,175,0,-1,0,0
660.53,191.84,-7.539,-4.73,275,170,0,-1,0,0
652.991,187.11,-7.539,-4.73,275,170,0,0,0,0
645.452,182.38,-7.539,-4.73,275,170,0,0,0,0
637.913,177.65,-7.539,-4.73,275,170,0,0,0,0
630.374,172.92,-7.539,-4.73,275,170,0,0,0,0
622.835,168.19,-7.539,-4.73,275,170,0,0,0,0
615.296,163.461,-7.539,-4.73,275,170,0,0,0,0
607.757,158.731,-7.539,-4.73,275,170,0,0,0,0
600.217,154.001,-7.539,-4.73,270,170,-1,0,0,0
592.678,149.271,-7.539,-4.73,265,170,-1,0,0,0
585.139,144.541,-7.539,-4.73,260,170,-1,0,0,0
577.6,139.811,-7.539,-4.73,255,170,-1,0,0,0
570.061,135.081,-7.539,-4.73,250,170,-1,0,0,0
562.522,130.352,-7.539,-4.73,245,170,-1,0,0,0
554.983,125.622,-7.539,-4.73,240,170,-1,0,0,0
547.443,120.892,-7.539,-4.73,235,170,-1,0,0,0
539.904,116.162,-7.539,-4.73,230,170,-1,0,0,0
532.365,111.432,-7.539,-4.73,225,170,-1,0,0,0
524.826,106.702,-7.539,-4.73,220,170,-1,0,0,0
517.287,101.972,-7.539,-4.73,215,170,-1,0,0,0
509.748,97.243,-7.539,-4.73,210,170,-1,0,0,0
502.209,92.513,-7.539,-4.73,205,170,-1,0,0,0
494.67,87.783,-7.539,-4.73,200,170,-1,0,0,0
487.13,83.053,-7.539,-4.73,195,170,-1,0,0,0
479.591,78.323,-7.539,-4.73,190,170,-1,0,0,0
472.052,73.593,-7.539,-4.73,185,170,-1,0,0,0
464.513,68.864,-7.539,-4.73,180,170,-1,0,0,0
456.974,64.134,-7.539,-4.73,175,170,-1,0,0,0
449.435,59.404,-7.539,-4.73,170,170,-1,0,0,0
441.896,54.674,-7.539,-4.73,165,170,-1,0,0,0
434.357,49.944,-7.539,-4.73,160,170,-1,0,0,0
426.817,45.214,-7.539,-4.73,155,170,-1,0,0,0
419.278,40.484,-7.539,-4.73,155,170,0,0,0,0
411.739,35.755,-7.539,-4.73,155,170,0,0,0,0
404.2,31.025,-7.539,-4.73,155,170,0,0,0,0
396.661,26.295,-7.539,-4.73,155,170,0,0,0,0
389.122,21.565,-7.539,-4.73,155,170,0,0,0,0
381.583,16.835,-7.539,-4.73,155,170,0,0,0,0
374.043,12.105,-7.539,-4.73,155,170,0,0,0,0
366.504,7.375,-7.539,-4.73,155,170,0,0,0,0
358.965,6.0,-7.539,4.73,155,170,0,0,0,0
351.426,10.73,-7.539,4.73,155,170,0,0,0,0
343.887,15.46,-7.539,4.73,155,170,0,0,0,0
336.348,20.19,-7.539,4.73,155,170,0,0,0,0
328.809,24.919,-7.539,4.73,155,170,0,0,0,0
321.27,29.649,-7.539,4.73,155,170,0,0,0,0
313.73,34.379,-7.539,4.73,155,170,0,0,0,0
306.191,39.109,-7.539,4.73,155,170,0,0,0,0
298.652,43.839,-7.539,4.73,155,170,0,0,0,0
291.113,48.569,-7.539,4.73,155,170,0,0,0,0
283.574,53.299,-7.539,4.73,155,170,0,0,0,0
276.035,58.028,-7.539,4.73,155,170,0,0,0,0
268.496,62.758,-7.539,4.73,155,170,0,0,0,0
260.957,67.488,-7.539,4.73,155,170,0,0,0,0
253.417,72.218,-7.539,4.73,155,170,0,0,0,0
245.878,76.948,-7.539,4.73,155,170,0,0,0,0
238.339,81.678,-7.539,4.73,155,170,0,0,0,0
230.8,86.408,-7.539,4.73,155,170,0,0,0,0
223.261,91.137,-7.539,4.73,155,170,0,0,0,0
215.722,95.867,-7.539,4.73,155,170,0,0,0,0
208.183,100.597,-7.539,4.73,155,170,0,0,0,0
200.643,105.327,-7.539,4.73,155,170,0,0,0,0
193.104,110.057,-7.539,4.73,155,170,0,0,0,0
185.565,114.787,-7.539,4.73,155,170,0,0,0,0
178.026,119.516,-7.539,4.73,155,170,0,0,0,0
170.487,124.246,-7.539,4.73,155,170,0,0,0,0
162.948,128.976,-7.539,4.73,155,170,0,0,0,0
155.409,133.706,-7.539,4.73,160,170,1,0,0,0
147.87,138.436,-7.539,4.73,165,170,1,0,0,0
140.33,143.166,-7.539,4.73,170,170,1,0,0,0
132.791,147.896,-7.539,4.73,175,170,1,0,0,0
125.252,152.625,-7.539,4.73,180,170,1,0,0,0
117.713,157.355,-7.539,4.73,180,170,0,0,0,0
110.174,162.085,-7.539,4.73,180,170,0,0,0,0
102.635,166.815,-7.539,4.73,180,175,0,1,0,0
95.096,171.545,-7.539,4.73,180,180,0,1,0,0
87.557,176.275,-7.539,4.73,180,185,0,1,0,0
80.017,181.005,-7.539,4.73,180,190,0,1,0,0
72.478,185.734,-7.539,4.73,180,195,0,1,0,0
64.939,190.464,-7.539,4.73,180,200,0,1,0,0
57.4,195.194,-7.539,4.73,180,205,0,1,0,0
49.861,199.924,-7.539,4.73,180,210,0,1,0,0
49.0,204.654,8.467,-3.598,180,215,0,1,0,0
57.467,201.056,8.467,-3.598,180,215,0,0,0,0
65.935,197.459,8.467,-3.598,180,215,0,0,0,0
74.402,193.861,8.467,-3.598,180,215,0,0,0,0
82.87,190.264,8.467,-3.598,180,215,0,0,0,0
91.337,186.666,8.467,-3.598,180,215,0,0,0,0
99.805,183.068,8.467,-3.598,180,215,0,0,0,0
108.272,179.471,8.467,-3.598,180,215,0,0,0,0
116.739,175.873,8.467,-3.598,180,215,0,0,0,0
125.207,172.276,8.467,-3.598,180,215,0,0,0,0
133.674,168.678,8.467,-3.598,180,215,0,0,0,0
142.142,165.081,8.467,-3.598,180,215,0,0,0,0
150.609,161.483,8.467,-3.598,180,215,0,0,0,0
159.077,157.885,8.467,-3.598,180,215,0,0,0,0
167.544,154.288,8.467,-3.598,180,215,0,0,0,0
176.012,150.69,8.467,-3.598,180,215,0,0,0,0
184.479,147.093,8.467,-3.598,180,215,0,0,0,0
192.946,143.495,8.467,-3.598,180,210,0,-1,0,0
201.414,139.898,8.467,-3.598,180,205,0,-1,0,0
209.881,136.3,8.467,-3.598,180,200,0,-1,0,0
218.349,132.702,8.467,-3.598,180,195,0,-1,0,0
226.816,129.105,8.467,-3.598,180,190,0,-1,0,0
235.284,125.507,8.467,-3.598,180,185,0,-1,0,0
243.751,121.91,8.467,-3.598,180,180,0,-1,0,0
252.218,118.312,8.467,-3.598,180,175,0,-1,0,0
260.686,114.715,8.467,-3.598,180,170,0,-1,0,0
269.153,111.117,8.467,-3.598,180,165,0,-1,0,0
277.621,107.519,8.467,-3.598,180,160,0,-1,0,0
286.088,103.922,8.467,-3.598,180,155,0,-1,0,0
294.556,100.324,8.467,-3.598,180,150,0,-1,0,0
303.023,96.727,8.467,-3.598,180,145,0,-1,0,0
311.491,93.129,8.467,-3.598,180,140,0,-1,0,0
319.958,89.532,8.467,-3.598,180,135,0,-1,0,0
328.425,85.934,8.467,-3.598,180,130,0,-1,0,0
336.893,82.336,8.467,-3.598,180,125,0,-1,0,0
345.36,78.739,8.467,-3.598,175,120,-1,-1,0,0
353.828,75.141,8.467,-3.598,170,115,-1,-1,0,0
362.295,71.544,8.467,-3.598,165,110,-1,-1,0,0
370.763,67.946,8.467,-3.598,160,105,-1,-1,0,0
379.23,64.349,8.467,-3.598,155,100,-1,-1,0,0
387.697,60.751,8.467,-3.598,150,95,-1,-1,0,0
396.165,57.153,8.467,-3.598,145,90,-1,-1,0,0
404.632,53.556,8.467,-3.598,140,85,-1,-1,0,0
413.1,49.958,8.467,-3.598,135,80,-1,-1,0,0
421.567,46.361,8.467,-3.598,130,75,-1,-1,0,0
430.035,42.763,8.467,-3.598,125,70,-1,-1,0,0
438.502,39.166,8.467,-3.598,120,65,-1,-1,0,0
446.97,35.568,8.467,-3.598,115,60,-1,-1,0,0
455.437,31.97,8.467,-3.598,115,55,0,-1,0,0
463.904,28.373,8.467,-3.598,115,50,0,-1,0,0
472.372,24.775,8.467,-3.598,115,45,0,-1,0,0
480.839,21.178,8.467,-3.598,115,40,0,-1,0,0
489.307,17.58,8.467,-3.598,115,40,0,0,0,0
497.774,13.983,8.467,-3.598,115,40,0,0,0,0
506.242,10.385,8.467,-3.598,115,40,0,0,0,0
514.709,6.788,8.467,-3.598,115,40,0,0,0,0
523.176,6.0,8.467,3.598,115,40,0,0,0,0
531.644,9.598,8.467,3.598,120,40,1,0,0,0
540.111,13.195,8.467,3.598,125,40,1,0,0,0
548.579,16.793,8.467,3.598,130,40,1,0,0,0
557.046,20.39,8.467,3.598,135,40,1,0,0,0
565.514,23.988,8.467,3.598,140,40,1,0,0,0
573.981,27.585,8.467,3.598,145,40,1,0,0,0
582.449,31.183,8.467,3.598,150,40,1,0,0,0
590.916,34.781,8.467,3.598,155,40,1,0,0,0
599.383,38.378,8.467,3.598,160,40,1,0,0,0
607.851,41.976,8.467,3.598,165,40,1,0,0,0
616.318,45.573,8.467,3.598,170,40,1,0,0,0
624.786,49.171,8.467,3.598,175,40,1,0,0,0
633.253,52.768,8.467,3.598,180,40,1,0,0,0
641.721,56.366,8.467,3.598,185,40,1,0,0,0
650.188,59.964,8.467,3.598,185,40,0,0,0,0
658.655,63.561,8.467,3.598,185,40,0,0,0,0
667.123,67.159,8.467,3.598,185,40,0,0,0,0
675.59,70.756,8.467,3.598,185,40,0,0,0,0
684.058,74.354,8.467,3.598,185,40,0,0,0,0
692.525,77.951,8.467,3.598,185,40,0,0,0,0
700.993,81.549,8.467,3.598,185,40,0,0,0,0
709.46,85.147,8.467,3.598,185,40,0,0,0,0
717.928,88.744,8.467,3.598,190,40,1,0,0,0
726.395,92.342,8.467,3.598,195,40,1,0,0,0
734.862,95.939,8.467,3.598,200,45,1,1,0,0
743.33,99.537,8.467,3.598,205,50,1,1,0,0
751.797,103.134,8.467,3.598,210,55,1,1,0,0
751.0,106.732,-9.353,1.666,215,60,1,1,0,0
741.647,108.398,-9.353,1.666,220,65,1,1,0,0
732.294,110.063,-9.353,1.666,225,70,1,1,0,0
722.941,111.729,-9.353,1.666,230,75,1,1,0,0
713.589,113.395,-9.353,1.666,235,80,1,1,0,0
704.236,115.06,-9.353,1.666,240,85,1,1,0,0
694.883,116.726,-9.353,1.666,245,90,1,1,0,0
685.53,118.391,-9.353,1.666,245,95,0,1,0,0
676.177,120.057,-9.353,1.666,245,100,0,1,0,0
666.824,121.723,-9.353,1.666,245,105,0,1,0,0
657.472,123.388,-9.353,1.666,245,110,0,1,0,0
648.119,125.054,-9.353,1.666,245,115,0,1,0,0
638.766,126.72,-9.353,1.666,245,120,0,1,0,0
629.413,128.385,-9.353,1.666,245,125,0,1,0,0
620.06,130.051,-9.353,1.666,245,130,0,1,0,0
610.707,131.717,-9.353,1.666,245,135,0,1,0,0
601.355,133.382,-9.353,1.666,245,140,0,1,0,0
592.002,135.048,-9.353,1.666,245,145,0,1,0,0
582.649,136.714,-9.353,1.666,245,150,0,1,0,0
573.296,138.379,-9.353,1.666,245,155,0,1,0,0
563.943,140.045,-9.353,1.666,245,160,0,1,0,0
554.59,141.711,-9.353,1.666,245,165,0,1,0,0
545.238,143.376,-9.353,1.666,245,170,0,1,0,0
535.885,145.042,-9.353,1.666,245,175,0,1,0,0
526.532,146.707,-9.353,1.666,245,180,0,1,0,0
517.179,148.373,-9.353,1.666,245,185,0,1,0,0
507.826,150.039,-9.353,1.666,245,190,0,1,0,0
498.473,151.704,-9.353,1.666,245,195,0,1,0,0
489.12,153.37,-9.353,1.666,245,200,0,1,0,0
479.768,155.036,-9.353,1.666,245,200,0,0,0,0
470.415,156.701,-9.353,1.666,245,200,0,0,0,0
461.062,158.367,-9.353,1.666,245,200,0,0,0,0
451.709,160.033,-9.353,1.666,245,200,0,0,0,0
442.356,161.698,-9.353,1.666,240,200,-1,0,0,0
433.003,163.364,-9.353,1.666,235,200,-1,0,0,0
423.651,165.03,-9.353,1.666,230,200,-1,0,0,0
414.298,166.695,-9.353,1.666,225,200,-1,0,0,0
404.945,168.361,-9.353,1.666,220,200,-1,0,0,0
395.592,170.026,-9.353,1.666,215,200,-1,0,0,0
386.239,171.692,-9.353,1.666,210,200,-1,0,0,0
376.886,173.358,-9.353,1.666,205,200,-1,0,0,0
367.534,175.023,-9.353,1.666,200,200,-1,0,0,0
358.181,176.689,-9.353,1.666,195,200,-1,0,0,0
348.828,178.355,-9.353,1.666,190,200,-1,0,0,0
339.475,180.02,-9.353,1.666,185,200,-1,0,0,0
330.122,181.686,-9.353,1.666,180,200,-1,0,0,0
320.769,183.352,-9.353,1.666,175,200,-1,0,0,0
311.417,185.017,-9.353,1.666,175,200,0,0,0,0
302.064,186.683,-9.353,1.666,175,200,0,0,0,0
292.711,188.349,-9.353,1.666,175,195,0,-1,0,0
283.358,190.014,-9.353,1.666,175,190,0,-1,0,0
274.005,191.68,-9.353,1.666,175,185,0,-1,0,0
264.652,193.346,-9.353,1.666,175,180,0,-1,0,0
255.299,195.011,-9.353,1.666,175,175,0,-1,0,0
245.947,196.677,-9.353,1.666,175,170,0,-1,0,0
236.594,198.342,-9.353,1.666,175,165,0,-1,0,0
227.241,200.008,-9.353,1.666,175,160,0,-1,0,0
217.888,201.674,-9.353,1.666,175,155,0,-1,0,0
208.535,203.339,-9.353,1.666,175,150,0,-1,0,0
199.182,205.005,-9.353,1.666,175,145,0,-1,0,0
189.83,206.671,-9.353,1.666,175,140,0,-1,0,0
180.477,208.336,-9.353,1.666,175,135,0,-1,0,0
171.124,210.002,-9.353,1.666,175,135,0,0,0,0
161.771,211.668,-9.353,1.666,175,135,0,0,0,0
152.418,213.333,-9.353,1.666,175,135,0,0,0,0
143.065,214.999,-9.353,1.666,175,135,0,0,0,0
133.713,216.665,-9.353,1.666,175,135,0,0,0,0
124.36,218.33,-9.353,1.666,175,135,0,0,0,0
115.007,219.996,-9.353,1.666,175,135,0,0,0,0
105.654,221.662,-9.353,1.666,175,135,0,0,0,0
96.301,223.327,-9.353,1.666,175,135,0,0,0,0
86.948,224.993,-9.353,1.666,175,135,0,0,0,0
77.595,226.658,-9.353,1.666,175,135,0,0,0,0
68.243,228.324,-9.353,1.666,175,135,0,0,0,0
58.89,229.99,-9.353,1.666,175,135,0,0,0,0
49.537,231.655,-9.353,1.666,175,135,0,0,0,0
49.0,233.321,8.694,4.522,175,135,0,0,0,0
57.694,237.843,8.694,4.522,175,135,0,0,0,0
66.388,242.366,8.694,4.522,175,135,0,0,0,0
75.082,246.888,8.694,4.522,175,135,0,0,0,0
83.777,251.41,8.694,4.522,175,135,0,0,0,0
92.471,255.933,8.694,4.522,175,135,0,0,0,0
101.165,260.455,8.694,4.522,175,140,0,1,0,0
109.859,264.977,8.694,4.522,175,145,0,1,0,0
118.553,269.5,8.694,4.522,175,150,0,1,0,0
127.247,274.022,8.694,4.522,175,155,0,1,0,0
135.942,278.544,8.694,4.522,175,160,0,1,0,0
144.636,283.067,8.694,4.522,175,165,0,1,0,0
153.33,287.589,8.694,4.522,175,170,0,1,0,0
162.024,292.111,8.694,4.522,175,175,0,1,0,0
170.718,296.634,8.694,4.522,175,180,0,1,0,0
179.412,301.156,8.694,4.522,175,185,0,1,0,0
188.107,305.678,8.694,4.522,175,190,0,1,0,0
196.801,310.201,8.694,4.522,175,195,0,1,0,0
205.495,314.723,8.694,4.522,175,200,0,1,0,0
214.189,319.245,8.694,4.522,175,205,0,1,0,0
222.883,323.768,8.694,4.522,175,210,0,1,0,0
231.577,328.29,8.694,4.522,175,215,0,1,0,0
240.272,332.813,8.694,4.522,180,220,1,1,0,0
248.966,337.335,8.694,4.522,185,225,1,1,0,0
257.66,341.857,8.694,4.522,190,230,1,1,0,0
266.354,346.38,8.694,4.522,195,235,1,1,0,0
275.048,350.902,8.694,4.522,200,240,1,1,0,0
283.742,355.424,8.694,4.522,205,245,1,1,0,0
292.437,359.947,8.694,4.522,210,250,1,1,0,0
301.131,364.469,8.694,4.522,215,255,1,1,0,0
309.825,368.991,8.694,4.522,220,260,1,1,0,0
318.519,373.514,8.694,4.522,225,265,1,1,0,0
327.213,378.036,8.694,4.522,230,270,1,1,0,0
335.907,382.558,8.694,4.522,235,275,1,1,0,0
344.601,387.081,8.694,4.522,240,280,1,1,0,0
353.296,391.603,8.694,4.522,245,285,1,1,0,0
361.99,396.125,8.694,4.522,250,290,1,1,0,0
370.684,400.648,8.694,4.522,255,295,1,1,0,0
379.378,405.17,8.694,4.522,255,300,0,1,0,0
388.072,409.692,8.694,4.522,255,305,0,1,0,0
396.766,414.215,8.694,4.522,255,310,0,1,0,0
405.461,418.737,8.694,4.522,255,315,0,1,0,0
414.155,423.259,8.694,4.522,255,320,0,1,0,0
422.849,427.782,8.694,4.522,255,325,0,1,0,0
431.543,432.304,8.694,4.522,255,330,0,1,0,0
440.237,436.826,8.694,4.522,255,335,0,1,0,0
448.931,441.349,8.694,4.522,255,340,0,1,0,0
457.626,445.871,8.694,4.522,255,345,0,1,0,0
466.32,450.393,8.694,4.522,255,350,0,1,0,0
475.014,454.916,8.694,4.522,255,355,0,1,0,0
483.708,459.438,8.694,4.522,255,360,0,1,0,0
492.402,463.96,8.694,4.522,255,365,0,1,0,0
501.096,468.483,8.694,4.522,255,370,0,1,0,0
509.791,473.005,8.694,4.522,260,375,1,1,0,0
518.485,477.527,8.694,4.522,265,380,1,1,0,0
527.179,482.05,8.694,4.522,270,385,1,1,0,0
535.873,486.572,8.694,4.522,275,390,1,1,0,0
544.567,491.094,8.694,4.522,275,395,0,1,0,0
553.261,495.617,8.694,4.522,275,400,0,1,0,0
561.956,500.139,8.694,4.522,275,405,0,1,0,0
570.65,504.661,8.694,4.522,275,410,0,1,0,0
579.344,509.184,8.694,4.522,275,415,0,1,0,0
588.038,513.706,8.694,4.522,275,420,0,1,0,0
596.732,518.228,8.694,4.522,275,425,0,1,0,0
605.426,522.751,8.694,4.522,275,430,0,1,0,0
614.12,527.273,8.694,4.522,275,435,0,1,0,0
622.815,531.795,8.694,4.522,275,440,0,1,0,0
631.509,536.318,8.694,4.522,275,445,0,1,0,0
640.203,540.84,8.694,4.522,275,450,0,1,0,0
648.897,545.362,8.694,4.522,275,455,0,1,0,0
657.591,549.885,8.694,4.522,275,460,0,1,0,0
666.285,554.407,8.694,4.522,275,465,0,1,0,0
674.98,558.93,8.694,4.522,275,470,0,1,0,0
683.674,563.452,8.694,4.522,275,475,0,1,0,0
692.368,567.974,8.694,4.522,275,480,0,1,0,0
701.062,572.497,8.694,4.522,275,485,0,1,0,0
709.756,577.019,8.694,4.522,275,490,0,1,0,0
718.45,581.541,8.694,4.522,275,495,0,1,0,0
727.145,586.064,8.694,4.522,275,500,0,1,0,0
735.839,590.586,8.694,4.522,275,505,0,1,0,0
744.533,594.0,8.694,-4.522,275,510,0,1,0,0
751.0,589.478,-6.257,7.928,275,515,0,1,0,0
744.743,594.0,-6.257,-7.928,275,520,0,1,0,0
738.485,586.072,-6.257,-7.928,275,520,0,1,0,0
732.228,578.144,-6.257,-7.928,275,520,0,1,0,0
725.97,570.216,-6.257,-7.928,275,520,0,1,0,0
719.713,562.288,-6.257,-7.928,275,520,0,1,0,0
713.455,554.36,-6.257,-7.928,275,520,0,1,0,0
707.198,546.432,-6.257,-7.928,275,520,0,1,0,0
700.94,538.504,-6.257,-7.928,275,520,0,1,0,0
694.683,530.576,-6.257,-7.928,275,520,0,1,0,0
688.425,522.648,-6.257,-7.928,275,520,0,1,0,0
682.168,514.72,-6.257,-7.928,275,520,0,1,0,0
675.91,506.792,-6.257,-7.928,275,520,0,1,0,0
669.653,498.863,-6.257,-7.928,275,520,0,1,0,0
663.395,490.935,-6.257,-7.928,275,520,0,1,0,0
657.138,483.007,-6.257,-7.928,275,520,0,1,0,0
650.88,475.079,-6.257,-7.928,275,520,0,0,0,0
644.623,467.151,-6.257,-7.928,275,520,0,0,0,0
638.365,459.223,-6.257,-7.928,275,520,0,0,0,0
632.108,451.295,-6.257,-7.928,275,520,0,0,0,0
625.85,443.367,-6.257,-7.928,275,515,0,-1,0,0
619.593,435.439,-6.257,-7.928,275,510,0,-1,0,0
613.335,427.511,-6.257,-7.928,275,505,0,-1,0,0
607.078,419.583,-6.257,-7.928,275,500,0,-1,0,0
600.82,411.655,-6.257,-7.928,275,495,0,-1,0,0
594.563,403.727,-6.257,-7.928,275,490,0,-1,0,0
588.305,395.799,-6.257,-7.928,275,485,0,-1,0,0
582.048,387.871,-6.257,-7.928,275,480,0,-1,0,0
575.79,379.943,-6.257,-7.928,275,475,0,-1,0,0
569.533,372.015,-6.257,-7.928,275,470,0,-1,0,0
563.275,364.087,-6.257,-7.928,275,465,0,-1,0,0
557.018,356.159,-6.257,-7.928,275,460,0,-1,0,0
550.76,348.231,-6.257,-7.928,275,455,0,-1,0,0
544.503,340.303,-6.257,-7.928,275,450,0,-1,0,0
538.245,332.375,-6.257,-7.928,275,445,0,-1,0,0
531.988,324.447,-6.257,-7.928,275,440,0,-1,0,0
525.73,316.519,-6.257,-7.928,275,435,0,-1,0,0
519.473,308.59,-6.257,-7.928,275,430,0,-1,0,0
513.216,300.662,-6.257,-7.928,275,425,0,-1,0,0
506.958,292.734,-6.257,-7.928,275,420,0,-1,0,0
500.701,284.806,-6.257,-7.928,275,415,0,-1,0,0
494.443,276.878,-6.257,-7.928,275,410,0,-1,0,0
488.186,268.95,-6.257,-7.928,275,405,0,-1,0,0
481.928,261.022,-6.257,-7.928,275,400,0,-1,0,0
475.671,253.094,-6.257,-7.928,275,395,0,-1,0,0
469.413,245.166,-6.257,-7.928,270,390,-1,-1,0,0
463.156,237.238,-6.257,-7.928,265,385,-1,-1,0,0
456.898,229.31,-6.257,-7.928,260,380,-1,-1,0,0
450.641,221.382,-6.257,-7.928,255,375,-1,-1,0,0
444.383,213.454,-6.257,-7.928,250,370,-1,-1,0,0
438.126,205.526,-6.257,-7.928,245,365,-1,-1,0,0
431.868,197.598,-6.257,-7.928,240,360,-1,-1,0,0
425.611,189.67,-6.257,-7.928,235,355,-1,-1,0,0
419.353,181.742,-6.257,-7.928,230,350,-1,-1,0,0
413.096,173.814,-6.257,-7.928,225,345,-1,-1,0,0
406.838,165.886,-6.257,-7.928,220,340,-1,-1,0,0
400.581,157.958,-6.257,-7.928,215,335,-1,-1,0,0
394.323,150.03,-6.257,-7.928,210,330,-1,-1,0,0
388.066,142.102,-6.257,-7.928,205,325,-1,-1,0,0
381.808,134.174,-6.257,-7.928,200,320,-1,-1,0,0
375.551,126.245,-6.257,-7.928,195,315,-1,-1,0,0
369.293,118.317,-6.257,-7.928,190,310,-1,-1,0,0
363.036,110.389,-6.257,-7.928,185,305,-1,-1,0,0
356.778,102.461,-6.257,-7.928,180,300,-1,-1,0,0
350.521,94.533,-6.257,-7.928,175,295,-1,-1,0,0
344.263,86.605,-6.257,-7.928,170,290,-1,-1,0,0
338.006,78.677,-6.257,-7.928,165,285,-1,-1,0,0
331.748,70.749,-6.257,-7.928,160,280,-1,-1,0,0
325.491,62.821,-6.257,-7.928,155,275,-1,-1,0,0
319.233,54.893,-6.257,-7.928,150,270,-1,-1,0,0
312.976,46.965,-6.257,-7.928,145,265,-1,-1,0,0
306.718,39.037,-6.257,-7.928,140,260,-1,-1,0,0
300.461,31.109,-6.257,-7.928,135,255,-1,-1,0,0
294.203,23.181,-6.257,-7.928,135,250,0,-1,0,0
287.946,15.253,-6.257,-7.928,135,245,0,-1,0,0
281.688,7.325,-6.257,-7.928,135,240,0,-1,0,0
275.431,6.0,-6.257,7.928,135,235,0,-1,0,0
269.174,13.928,-6.257,7.928,135,230,0,-1,0,0
262.916,21.856,-6.257,7.928,135,225,0,-1,0,0
256.659,29.784,-6.257,7.928,135,220,0,-1,0,0
250.401,37.712,-6.257,7.928,135,215,0,-1,0,0
244.144,45.64,-6.257,7.928,135,210,0,-1,0,0
237.886,53.568,-6.257,7.928,135,205,0,-1,0,0
231.629,61.496,-6.257,7.928,135,200,0,-1,0,0
225.371,69.424,-6.257,7.928,135,195,0,-1,0,0
219.114,77.352,-6.257,7.928,135,190,0,-1,0,0
212.856,85.28,-6.257,7.928,135,185,0,-1,0,0
206.599,93.208,-6.257,7.928,135,180,0,-1,0,0
200.341,101.137,-6.257,7.928,135,175,0,-1,0,0
194.084,109.065,-6.257,7.928,135,170,0,-1,0,0
187.826,116.993,-6.257,7.928,135,165,0,-1,0,0
181.569,124.921,-6.257,7.928,135,160,0,-1,0,0
175.311,132.849,-6.257,7.928,135,155,0,-1,0,0
169.054,140.777,-6.257,7.928,135,150,0,-1,0,0
162.796,148.705,-6.257,7.928,135,145,0,-1,0,0
156.539,156.633,-6.257,7.928,135,145,0,0,0,0
150.281,164.561,-6.257,7.928,135,145,0,0,0,0
144.024,172.489,-6.257,7.928,135,145,0,0,0,0
137.766,180.417,-6.257,7.928,140,150,1,1,0,0
131.509,188.345,-6.257,7.928,145,155,1,1,0,0
125.251,196.273,-6.257,7.928,150,160,1,1,0,0
118.994,204.201,-6.257,7.928,155,165,1,1,0,0
112.736,212.129,-6.257,7.928,160,170,1,1,0,0
106.479,220.057,-6.257,7.928,165,175,1,1,0,0
100.221,227.985,-6.257,7.928,170,180,1,1,0,0
93.964,235.913,-6.257,7.928,175,185,1,1,0,0
87.706,243.841,-6.257,7.928,180,190,1,1,0,0
81.449,251.769,-6.257,7.928,185,195,1,1,0,0
75.191,259.697,-6.257,7.928,190,200,1,1,0,0
68.934,267.625,-6.257,7.928,195,205,1,1,0,0
62.676,275.553,-6.257,7.928,200,210,1,1,0,0
56.419,283.481,-6.257,7.928,205,215,1,1,0,0
50.161,291.41,-6.257,7.928,210,220,1,1,0,0
49.0,299.338,5.2,9.007,215,225,1,1,0,0
54.2,308.344,5.2,9.007,220,230,1,1,0,0
59.4,317.351,5.2,9.007,225,235,1,1,0,0
64.6,326.358,5.2,9.007,230,240,1,1,0,0
69.8,335.364,5.2,9.007,235,245,1,1,0,0
75.0,344.371,5.2,9.007,240,250,1,1,0,0
80.2,353.378,5.2,9.007,245,255,1,1,0,0
85.4,362.384,5.2,9.007,250,260,1,1,0,0
90.6,371.391,5.2,9.007,255,265,1,1,0,0
95.8,380.398,5.2,9.007,260,270,1,1,0,0
101.0,389.404,5.2,9.007,265,275,1,1,0,0
106.2,398.411,5.2,9.007,270,280,1,1,0,0
111.4,407.418,5.2,9.007,275,285,1,1,0,0
116.6,416.424,5.2,9.007,280,290,1,1,0,0
121.8,425.431,5.2,9.007,285,295,1,1,0,0
127.0,434.438,5.2,9.007,290,300,1,1,0,0
132.2,443.444,5.2,9.007,295,305,1,1,0,0
137.4,452.451,5.2,9.007,300,310,1,1,0,0
142.6,461.458,5.2,9.007,305,315,1,1,0,0
147.8,470.464,5.2,9.007,310,320,1,1,0,0
153.0,479.471,5.2,9.007,315,325,1,1,0,0
158.2,488.478,5.2,9.007,320,330,1,1,0,0
163.4,497.484,5.2,9.007,320,335,0,1,0,0
168.6,506.491,5.2,9.007,320,340,0,1,0,0
173.8,515.498,5.2,9.007,320,345,0,1,0,0
179.0,524.504,5.2,9.007,320,350,0,1,0,0
184.2,533.511,5.2,9.007,320,355,0,1,0,0
189.4,542.518,5.2,9.007,320,360,0,1,0,0
194.6,551.524,5.2,9.007,320,365,0,1,0,0
199.8,560.531,5.2,9.007,320,370,0,1,0,0
205.0,569.538,5.2,9.007,320,370,0,0,0,0
210.2,578.544,5.2,9.007,320,370,0,0,0,0
215.4,587.551,5.2,9.007,320,370,0,0,0,0
220.6,594.0,5.2,-9.007,320,370,0,0,0,0
225.8,584.993,5.2,-9.007,320,365,0,-1,0,0
231.0,575.987,5.2,-9.007,320,360,0,-1,0,0
236.2,566.98,5.2,-9.007,320,355,0,-1,0,0
241.4,557.973,5.2,-9.007,320,350,0,-1,0,0
246.6,548.967,5.2,-9.007,320,345,0,-1,0,0
251.8,539.96,5.2,-9.007,320,340,0,-1,0,0
257.0,530.953,5.2,-9.007,320,335,0,-1,0,0
262.2,521.947,5.2,-9.007,320,330,0,-1,0,0
267.4,512.94,5.2,-9.007,320,325,0,-1,0,0
272.6,503.933,5.2,-9.007,320,320,0,-1,0,0
277.8,494.927,5.2,-9.007,320,315,0,-1,0,0
283.0,485.92,5.2,-9.007,320,310,0,-1,0,0
288.2,476.913,5.2,-9.007,320,305,0,-1,0,0
293.4,467.907,5.2,-9.007,320,300,0,-1,0,0
298.6,458.9,5.2,-9.007,320,295,0,-1,0,0
303.8,449.893,5.2,-9.007,320,290,0,-1,0,0
309.0,440.887,5.2,-9.007,320,285,0,-1,0,0
314.2,431.88,5.2,-9.007,320,280,0,-1,0,0
319.4,422.873,5.2,-9.007,320,275,0,-1,0,0
324.6,413.867,5.2,-9.007,320,270,0,-1,0,0
329.8,404.86,5.2,-9.007,320,265,0,-1,0,0
335.0,395.853,5.2,-9.007,320,260,0,-1,0,0
340.2,386.847,5.2,-9.007,320,255,0,-1,0,0
345.4,377.84,5.2,-9.007,320,250,0,-1,0,0
350.6,368.833,5.2,-9.007,320,245,0,-1,0,0
355.8,359.827,5.2,-9.007,320,240,0,-1,0,0
361.0,350.82,5.2,-9.007,320,235,0,-1,0,0
366.2,341.813,5.2,-9.007,320,230,0,-1,0,0
371.4,332.807,5.2,-9.007,320,225,0,-1,0,0
376.6,323.8,5.2,-9.007,320,220,0,-1,0,0
381.8,314.793,5.2,-9.007,320,215,0,-1,0,0
387.0,305.787,5.2,-9.007,320,210,0,-1,0,0
392.2,296.78,5.2,-9.007,320,205,0,-1,0,0
397.4,287.773,5.2,-9.007,320,200,0,-1,0,0
402.6,278.767,5.2,-9.007,320,195,0,-1,0,0
407.8,269.76,5.2,-9.007,320,190,0,-1,0,0
413.0,260.753,5.2,-9.007,320,185,0,-1,0,0
418.2,251.747,5.2,-9.007,320,180,0,-1,0,0
423.4,242.74,5.2,-9.007,320,175,0,-1,0,0
428.6,233.733,5.2,-9.007,320,170,0,-1,0,0
433.8,224.727,5.2,-9.007,320,165,0,-1,0,0
439.0,215.72,5.2,-9.007,320,160,0,-1,0,0
444.2,206.713,5.2,-9.007,320,155,0,-1,0,0
449.4,197.707,5.2,-9.007,320,150,0,-1,0,0
454.6,188.7,5.2,-9.007,320,145,0,-1,0,0
459.8,179.693,5.2,-9.007,320,140,0,-1,0,0
465.0,170.687,5.2,-9.007,320,135,0,-1,0,0
470.2,161.68,5.2,-9.007,320,130,0,-1,0,0
475.4,152.673,5.2,-9.007,320,125,0,-1,0,0
480.6,143.667,5.2,-9.007,320,120,0,-1,0,0
485.8,134.66,5.2,-9.007,320,115,0,-1,0,0
491.0,125.653,5.2,-9.007,320,110,0,-1,0,0
496.2,116.647,5.2,-9.007,320,105,0,-1,0,0
501.4,107.64,5.2,-9.007,320,100,0,-1,0,0
506.6,98.633,5.2,-9.007,320,95,0,-1,0,0
511.8,89.627,5.2,-9.007,320,90,0,-1,0,0
517.0,80.62,5.2,-9.007,320,85,0,-1,0,0
522.2,71.613,5.2,-9.007,320,80,0,-1,0,0
527.4,62.607,5.2,-9.007,320,80,0,0,0,0
532.6,53.6,5.2,-9.007,320,80,0,0,0,0
537.8,44.593,5.2,-9.007,320,80,0,0,0,0
543.0,35.587,5.2,-9.007,320,80,0,0,0,0
548.2,26.58,5.2,-9.007,320,80,0,0,0,0
553.4,17.573,5.2,-9.007,320,80,0,0,0,0
558.6,8.567,5.2,-9.007,320,80,0,0,0,0
563.8,6.0,5.2,9.007,320,80,0,0,0,0
569.0,15.007,5.2,9.007,320,80,0,0,0,0
574.2,24.013,5.2,9.007,320,80,0,0,0,0
579.4,33.02,5.2,9.007,320,80,0,0,0,0
584.6,42.027,5.2,9.007,320,80,0,0,0,0
589.8,51.033,5.2,9.007,320,85,0,1,0,0
595.0,60.04,5.2,9.007,320,90,0,1,0,0
600.2,69.047,5.2,9.007,320,95,0,1,0,0
605.4,78.053,5.2,9.007,320,100,0,1,0,0
610.6,87.06,5.2,9.007,320,105,0,1,0,0
615.8,96.067,5.2,9.007,320,110,0,1,0,0
621.0,105.073,5.2,9.007,320,115,0,1,0,0
626.2,114.08,5.2,9.007,320,120,0,1,0,0
631.4,123.087,5.2,9.007,320,125,0,1,0,0
636.6,132.093,5.2,9.007,320,130,0,1,0,0
641.8,141.1,5.2,9.007,320,135,0,1,0,0
647.0,150.107,5.2,9.007,320,140,0,1,0,0
652.2,159.113,5.2,9.007,320,145,0,1,0,0
657.4,168.12,5.2,9.007,320,150,0,1,0,0
662.6,177.127,5.2,9.007,320,155,0,1,0,0
667.8,186.133,5.2,9.007,320,160,0,1,0,0
673.0,195.14,5.2,9.007,320,165,0,1,0,0
678.2,204.147,5.2,9.007,320,170,0,1,0,0
683.4,213.153,5.2,9.007,320,175,0,1,0,0
688.6,222.16,5.2,9.007,320,180,0,1,0,0
693.8,231.167,5.2,9.007,320,185,0,1,0,0
699.0,240.173,5.2,9.007,320,190,0,1,0,0
704.2,249.18,5.2,9.007,320,195,0,1,0,0
709.4,258.187,5.2,9.007,320,200,0,1,0,0
714.6,267.193,5.2,9.007,320,205,0,1,0,0
719.8,276.2,5.2,9.007,320,210,0,1,0,0
725.0,285.207,5.2,9.007,320,215,0,1,0,0
730.2,294.213,5.2,9.007,320,220,0,1,0,0
735.4,303.22,5.2,9.007,320,225,0,1,0,0
740.6,312.227,5.2,9.007,320,230,0,1,0,0
745.8,321.233,5.2,9.007,320,235,0,1,0,0
751.0,330.24,5.2,9.007,320,240,0,1,0,0
756.2,339.247,5.2,9.007,320,245,0,1,0,0
761.4,348.253,5.2,9.007,320,250,0,1,0,0
766.6,357.26,5.2,9.007,325,255,1,1,0,0
771.8,366.267,5.2,9.007,330,260,1,1,0,0
777.0,375.273,5.2,9.007,335,265,1,1,0,0
782.2,384.28,5.2,9.007,340,270,1,1,0,0
787.4,393.287,5.2,9.007,345,275,1,1,0,0
792.6,402.293,5.2,9.007,350,280,1,1,0,0
797.8,411.3,5.2,9.007,355,285,1,1,0,0
803.0,420.307,5.2,9.007,360,290,1,1,0,0
400.0,300.0,-4.806,1.379,365,295,1,1,1,0
395.194,301.379,-4.806,1.379,365,295,0,0,0,0
390.388,302.757,-4.806,1.379,365,295,0,0,0,0
385.581,304.136,-4.806,1.379,365,295,0,0,0,0
380.775,305.515,-4.806,1.379,365,295,0,0,0,0
375.969,306.893,-4.806,1.379,365,295,0,0,0,0
371.163,308.272,-4.806,1.379,365,295,0,0,0,0
366.357,309.65,-4.806,1.379,365,295,0,0,0,0
361.551,311.029,-4.806,1.379,365,295,0,0,0,0
356.744,312.408,-4.806,1.379,365,295,0,0,0,0
351.938,313.786,-4.806,1.379,365,295,0,0,0,0
347.132,315.165,-4.806,1.379,365,295,0,0,0,0
342.326,316.544,-4.806,1.379,365,295,0,0,0,0
337.52,317.922,-4.806,1.379,365,295,0,0,0,0
332.713,319.301,-4.806,1.379,365,295,0,0,0,0
327.907,320.679,-4.806,1.379,365,295,0,0,0,0
323.101,322.058,-4.806,1.379,365,295,0,0,0,0
318.295,323.437,-4.806,1.379,365,295,0,0,0,0
313.489,324.815,-4.806,1.379,365,295,0,0,0,0
308.683,326.194,-4.806,1.379,365,295,0,0,0,0
303.876,327.573,-4.806,1.379,365,295,0,0,0,0
299.07,328.951,-4.806,1.379,365,295,0,0,0,0
294.264,330.33,-4.806,1.379,365,295,0,0,0,0
289.458,331.708,-4.806,1.379,365,295,0,0,0,0
284.652,333.087,-4.806,1.379,365,295,0,0,0,0
279.845,334.466,-4.806,1.379,360,290,-1,-1,0,0
275.039,335.844,-4.806,1.379,355,285,-1,-1,0,0
270.233,337.223,-4.806,1.379,350,280,-1,-1,0,0
265.427,338.602,-4.806,1.379,345,275,-1,-1,0,0
260.621,339.98,-4.806,1.379,340,270,-1,-1,0,0
255.815,341.359,-4.806,1.379,335,265,-1,-1,0,0
251.008,342.738,-4.806,1.379,330,260,-1,-1,0,0
246.202,344.116,-4.806,1.379,325,255,-1,-1,0,0
241.396,345.495,-4.806,1.379,320,255,-1,0,0,0
236.59,346.873,-4.806,1.379,315,255,-1,0,0,0
231.784,348.252,-4.806,1.379,315,255,0,0,0,0
226.977,349.631,-4.806,1.379,315,255,0,0,0,0
222.171,351.009,-4.806,1.379,315,255,0,0,0,0
217.365,352.388,-4.806,1.379,315,255,0,0,0,0
212.559,353.767,-4.806,1.379,315,255,0,0,0,0
207.753,355.145,-4.806,1.379,315,255,0,0,0,0
202.947,356.524,-4.806,1.379,315,255,0,0,0,0
198.14,357.902,-4.806,1.379,315,255,0,0,0,0
193.334,359.281,-4.806,1.379,315,255,0,0,0,0
188.528,360.66,-4.806,1.379,315,255,0,0,0,0
183.722,362.038,-4.806,1.379,315,255,0,0,0,0
178.916,363.417,-4.806,1.379,315,255,0,0,0,0
174.109,364.796,-4.806,1.379,315,255,0,0,0,0
169.303,366.174,-4.806,1.379,315,255,0,0,0,0
164.497,367.553,-4.806,1.379,320,255,1,0,0,0
159.691,368.932,-4.806,1.379,325,255,1,0,0,0
154.885,370.31,-4.806,1.379,330,255,1,0,0,0
150.079,371.689,-4.806,1.379,335,260,1,1,0,0
145.272,373.067,-4.806,1.379,340,265,1,1,0,0
140.466,374.446,-4.806,1.379,345,270,1,1,0,0
135.66,375.825,-4.806,1.379,350,275,1,1,0,0
130.854,377.203,-4.806,1.379,355,280,1,1,0,0
126.048,378.582,-4.806,1.379,360,285,1,1,0,0
121.241,379.961,-4.806,1.379,365,290,1,1,0,0
116.435,381.339,-4.806,1.379,370,295,1,1,0,0
111.629,382.718,-4.806,1.379,375,300,1,1,0,0
106.823,384.096,-4.806,1.379,380,305,1,1,0,0
102.017,385.475,-4.806,1.379,385,310,1,1,0,0
97.211,386.854,-4.806,1.379,385,315,0,1,0,0
92.404,388.232,-4.806,1.379,385,315,0,0,0,0
87.598,389.611,-4.806,1.379,385,315,0,0,0,0
82.792,390.99,-4.806,1.379,385,315,0,0,0,0
77.986,392.368,-4.806,1.379,385,315,0,0,0,0
73.18,393.747,-4.806,1.379,385,315,0,0,0,0
68.373,395.125,-4.806,1.379,385,315,0,0,0,0
63.567,396.504,-4.806,1.379,385,315,0,0,0,0
58.761,397.883,-4.806,1.379,385,315,0,0,0,0
53.955,399.261,-4.806,1.379,385,315,0,0,0,0
49.149,400.64,-4.806,1.379,385,315,0,0,0,0
49.0,402.019,4.369,-3.0,385,315,0,0,0,0
53.369,399.019,4.369,-3.0,385,315,0,0,0,0
57.739,396.019,4.369,-3.0,385,315,0,0,0,0
62.108,393.019,4.369,-3.0,380,315,-1,0,0,0
66.477,390.019,4.369,-3.0,375,315,-1,0,0,0
70.847,387.02,4.369,-3.0,370,310,-1,-1,0,0
75.216,384.02,4.369,-3.0,365,305,-1,-1,0,0
79.585,381.02,4.369,-3.0,360,300,-1,-1,0,0
83.955,378.02,4.369,-3.0,355,295,-1,-1,0,0
88.324,375.02,4.369,-3.0,350,290,-1,-1,0,0
92.693,372.02,4.369,-3.0,345,285,-1,-1,0,0
97.063,369.021,4.369,-3.0,340,280,-1,-1,0,0
101.432,366.021,4.369,-3.0,335,275,-1,-1,0,0
105.801,363.021,4.369,-3.0,330,270,-1,-1,0,0
110.171,360.021,4.369,-3.0,325,265,-1,-1,0,0
114.54,357.021,4.369,-3.0,320,260,-1,-1,0,0
118.909,354.022,4.369,-3.0,315,255,-1,-1,0,0
123.279,351.022,4.369,-3.0,310,250,-1,-1,0,0
127.648,348.022,4.369,-3.0,305,245,-1,-1,0,0
132.017,345.022,4.369,-3.0,300,240,-1,-1,0,0
136.387,342.022,4.369,-3.0,295,235,-1,-1,0,0
140.756,339.022,4.369,-3.0,290,230,-1,-1,0,0
145.125,336.023,4.369,-3.0,290,225,0,-1,0,0
149.495,333.023,4.369,-3.0,290,220,0,-1,0,0
153.864,330.023,4.369,-3.0,290,215,0,-1,0,0
158.233,327.023,4.369,-3.0,290,210,0,-1,0,0
162.603,324.023,4.369,-3.0,290,205,0,-1,0,0
166.972,321.024,4.369,-3.0,290,200,0,-1,0,0
171.341,318.024,4.369,-3.0,290,195,0,-1,0,0
175.711,315.024,4.369,-3.0,290,190,0,-1,0,0
180.08,312.024,4.369,-3.0,290,185,0,-1,0,0
184.449,309.024,4.369,-3.0,290,180,0,-1,0,0
188.819,306.024,4.369,-3.0,290,175,0,-1,0,0
193.188,303.025,4.369,-3.0,290,170,0,-1,0,0
197.557,300.025,4.369,-3.0,290,165,0,-1,0,0
201.927,297.025,4.369,-3.0,290,160,0,-1,0,0
206.296,294.025,4.369,-3.0,290,155,0,-1,0,0
210.665,291.025,4.369,-3.0,290,150,0,-1,0,0
215.035,288.025,4.369,-3.0,290,145,0,-1,0,0
219.404,285.026,4.369,-3.0,290,140,0,-1,0,0
223.773,282.026,4.369,-3.0,290,135,0,-1,0,0
228.143,279.026,4.369,-3.0,290,130,0,-1,0,0
232.512,276.026,4.369,-3.0,290,125,0,-1,0,0
236.881,273.026,4.369,-3.0,290,120,0,-1,0,0
241.251,270.027,4.369,-3.0,290,115,0,-1,0,0
245.62,267.027,4.369,-3.0,290,110,0,-1,0,0
249.989,264.027,4.369,-3.0,290,105,0,-1,0,0
254.359,261.027,4.369,-3.0,290,100,0,-1,0,0
258.728,258.027,4.369,-3.0,290,95,0,-1,0,0
263.097,255.027,4.369,-3.0,290,90,0,-1,0,0
267.467,252.028,4.369,-3.0,290,85,0,-1,0,0
271.836,249.028,4.369,-3.0,290,80,0,-1,0,0
276.205,246.028,4.369,-3.0,290,75,0,-1,0,0
280.575,243.028,4.369,-3.0,290,75,0,0,0,0
284.944,240.028,4.369,-3.0,290,75,0,0,0,0
289.313,237.029,4.369,-3.0,290,75,0,0,0,0
293.683,234.029,4.369,-3.0,290,75,0,0,0,0
298.052,231.029,4.369,-3.0,290,75,0,0,0,0
302.421,228.029,4.369,-3.0,290,75,0,0,0,0
306.791,225.029,4.369,-3.0,290,75,0,0,0,0
311.16,222.029,4.369,-3.0,290,75,0,0,0,0
315.529,219.03,4.369,-3.0,290,75,0,0,0,0
319.899,216.03,4.369,-3.0,290,75,0,0,0,0
324.268,213.03,4.369,-3.0,290,75,0,0,0,0
328.637,210.03,4.369,-3.0,290,75,0,0,0,0
333.007,207.03,4.369,-3.0,290,75,0,0,0,0
337.376,204.031,4.369,-3.0,290,75,0,0,0,0
341.745,201.031,4.369,-3.0,290,75,0,0,0,0
346.115,198.031,4.369,-3.0,290,75,0,0,0,0
350.484,195.031,4.369,-3.0,290,75,0,0,0,0
354.853,192.031,4.369,-3.0,290,75,0,0,0,0
359.223,189.031,4.369,-3.0,290,75,0,0,0,0
363.592,186.032,4.369,-3.0,290,75,0,0,0,0
367.961,183.032,4.369,-3.0,290,75,0,0,0,0
372.331,180.032,4.369,-3.0,290,75,0,0,0,0
376.7,177.032,4.369,-3.0,290,75,0,0,0,0
381.069,174.032,4.369,-3.0,290,75,0,0,0,0
385.439,171.032,4.369,-3.0,290,75,0,0,0,0
389.808,168.033,4.369,-3.0,290,75,0,0,0,0
394.177,165.033,4.369,-3.0,290,70,0,-1,0,0
398.547,162.033,4.369,-3.0,290,65,0,-1,0,0
402.916,159.033,4.369,-3.0,290,60,0,-1,0,0
407.285,156.033,4.369,-3.0,290,55,0,-1,0,0
411.655,153.034,4.369,-3.0,290,50,0,-1,0,0
416.024,150.034,4.369,-3.0,290,45,0,-1,0,0
420.393,147.034,4.369,-3.0,290,40,0,-1,0,0
424.763,144.034,4.369,-3.0,290,35,0,-1,0,0
429.132,141.034,4.369,-3.0,290,30,0,-1,0,0
433.501,138.034,4.369,-3.0,290,25,0,-1,0,0
437.871,135.035,4.369,-3.0,290,25,0,0,0,0
442.24,132.035,4.369,-3.0,290,25,0,0,0,0
446.609,129.035,4.369,-3.0,290,25,0,0,0,0
450.979,126.035,4.369,-3.0,290,25,0,0,0,0
455.348,123.035,4.369,-3.0,290,25,0,0,0,0
459.717,120.036,4.369,-3.0,290,25,0,0,0,0
464.087,117.036,4.369,-3.0,290,25,0,0,0,0
468.456,114.036,4.369,-3.0,290,25,0,0,0,0
472.825,111.036,4.369,-3.0,295,25,1,0,0,0
477.195,108.036,4.369,-3.0,300,25,1,0,0,0
481.564,105.036,4.369,-3.0,305,25,1,0,0,0
485.933,102.037,4.369,-3.0,310,25,1,0,0,0
490.303,99.037,4.369,-3.0,315,25,1,0,0,0
494.672,96.037,4.369,-3.0,320,25,1,0,0,0
499.041,93.037,4.369,-3.0,325,25,1,0,0,0
503.411,90.037,4.369,-3.0,330,25,1,0,0,0
507.78,87.038,4.369,-3.0,330,25,0,0,0,0
512.149,84.038,4.369,-3.0,330,25,0,0,0,0
516.519,81.038,4.369,-3.0,330,25,0,0,0,0
520.888,78.038,4.369,-3.0,330,25,0,0,0,0
525.257,75.038,4.369,-3.0,330,25,0,0,0,0
529.627,72.038,4.369,-3.0,330,25,0,0,0,0
533.996,69.039,4.369,-3.0,330,25,0,0,0,0
538.365,66.039,4.369,-3.0,330,25,0,0,0,0
542.735,63.039,4.369,-3.0,330,25,0,0,0,0
547.104,60.039,4.369,-3.0,330,20,0,-1,0,0
551.473,57.039,4.369,-3.0,330,15,0,-1,0,0
555.843,54.04,4.369,-3.0,330,10,0,-1,0,0
560.212,51.04,4.369,-3.0,330,5,0,-1,0,0
564.581,48.04,4.369,-3.0,330,0,0,-1,0,0
568.951,45.04,4.369,-3.0,330,0,0,-1,0,0
573.32,42.04,4.369,-3.0,330,0,0,-1,0,0
577.689,39.04,4.369,-3.0,330,0,0,-1,0,0
582.059,36.041,4.369,-3.0,330,0,0,0,0,0
586.428,33.041,4.369,-3.0,330,0,0,0,0,0
590.797,30.041,4.369,-3.0,330,0,0,0,0,0
595.167,27.041,4.369,-3.0,325,0,-1,0,0,0
599.536,24.041,4.369,-3.0,320,5,-1,1,0,0
603.905,21.041,4.369,-3.0,315,10,-1,1,0,0
608.275,18.042,4.369,-3.0,310,15,-1,1,0,0
612.644,15.042,4.369,-3.0,305,20,-1,1,0,0
617.013,12.042,4.369,-3.0,300,25,-1,1,0,0
621.383,9.042,4.369,-3.0,295,30,-1,1,0,0
625.752,6.042,4.369,-3.0,290,35,-1,1,0,0
630.121,6.0,4.369,3.0,285,40,-1,1,0,0
634.491,9.0,4.369,3.0,280,45,-1,1,0,0
638.86,12.0,4.369,3.0,275,45,-1,0,0,0
643.229,14.999,4.369,3.0,275,45,0,0,0,0
647.599,17.999,4.369,3.0,275,45,0,0,0,0
651.968,20.999,4.369,3.0,275,45,0,0,0,0
656.337,23.999,4.369,3.0,275,45,0,0,0,0
660.707,26.999,4.369,3.0,275,45,0,0,0,0
665.076,29.999,4.369,3.0,275,45,0,0,0,0
669.445,32.998,4.369,3.0,275,45,0,0,0,0
673.815,35.998,4.369,3.0,275,45,0,0,0,0
678.184,38.998,4.369,3.0,275,45,0,0,0,0
682.553,41.998,4.369,3.0,275,45,0,0,0,0
686.923,44.998,4.369,3.0,275,45,0,0,0,0
691.292,47.997,4.369,3.0,275,45,0,0,0,0
695.661,50.997,4.369,3.0,275,45,0,0,0,0
700.031,53.997,4.369,3.0,275,45,0,0,0,0
704.4,56.997,4.369,3.0,275,45,0,0,0,0
708.769,59.997,4.369,3.0,275,45,0,0,0,0
713.139,62.997,4.369,3.0,275,45,0,0,0,0
717.508,65.996,4.369,3.0,275,45,0,0,0,0
721.877,68.996,4.369,3.0,275,45,0,0,0,0
726.247,71.996,4.369,3.0,275,45,0,0,0,0
730.616,74.996,4.369,3.0,275,45,0,0,0,0
734.985,77.996,4.369,3.0,275,50,0,1,0,0
739.355,80.996,4.369,3.0,275,55,0,1,0,0
743.724,83.995,4.369,3.0,275,60,0,1,0,0
748.093,86.995,4.369,3.0,275,65,0,1,0,0
752.463,89.995,4.369,3.0,275,70,0,1,0,0
751.0,92.995,-4.696,-3.051,275,75,0,1,0,0
746.304,89.944,-4.696,-3.051,275,80,0,1,0,0
741.608,86.894,-4.696,-3.051,275,85,0,1,0,0
736.912,83.843,-4.696,-3.051,275,90,0,1,0,0
732.215,80.792,-4.696,-3.051,275,90,0,0,0,0
727.519,77.742,-4.696,-3.051,275,90,0,0,0,0
722.823,74.691,-4.696,-3.051,275,90,0,0,0,0
718.127,71.64,-4.696,-3.051,275,90,0,0,0,0
713.431,68.59,-4.696,-3.051,275,90,0,0,0,0
708.735,65.539,-4.696,-3.051,275,90,0,0,0,0
704.039,62.489,-4.696,-3.051,275,90,0,0,0,0
699.342,59.438,-4.696,-3.051,275,90,0,0,0,0
694.646,56.387,-4.696,-3.051,275,90,0,0,0,0
689.95,53.337,-4.696,-3.051,275,90,0,0,0,0
685.254,50.286,-4.696,-3.051,275,90,0,0,0,0
680.558,47.235,-4.696,-3.051,275,85,0,-1,0,0
675.862,44.185,-4.696,-3.051,275,80,0,-1,0,0
671.166,41.134,-4.696,-3.051,275,75,0,-1,0,0
666.47,38.084,-4.696,-3.051,275,70,0,-1,0,0
661.773,35.033,-4.696,-3.051,275,65,0,-1,0,0
657.077,31.982,-4.696,-3.051,275,60,0,-1,0,0
652.381,28.932,-4.696,-3.051,275,55,0,-1,0,0
647.685,25.881,-4.696,-3.051,275,50,0,-1,0,0
642.989,22.831,-4.696,-3.051,275,45,0,-1,0,0
638.293,19.78,-4.696,-3.051,275,40,0,-1,0,0
633.597,16.729,-4.696,-3.051,275,35,0,-1,0,0
628.9,13.679,-4.696,-3.051,275,30,0,-1,0,0
624.204,10.628,-4.696,-3.051,275,25,0,-1,0,0
619.508,7.577,-4.696,-3.051,275,20,0,-1,0,0
614.812,6.0,-4.696,3.051,275,15,0,-1,0,0
610.116,9.051,-4.696,3.051,275,10,0,-1,0,0
605.42,12.101,-4.696,3.051,275,5,0,-1,0,0
600.724,15.152,-4.696,3.051,270,0,-1,-1,0,0
596.027,18.202,-4.696,3.051,265,0,-1,-1,0,0
591.331,21.253,-4.696,3.051,260,0,-1,-1,0,0
586.635,24.304,-4.696,3.051,255,0,-1,-1,0,0
581.939,27.354,-4.696,3.051,250,0,-1,-1,0,0
577.243,30.405,-4.696,3.051,245,0,-1,-1,0,0
572.547,33.456,-4.696,3.051,240,0,-1,-1,0,0
567.851,36.506,-4.696,3.051,235,0,-1,-1,0,0
563.154,39.557,-4.696,3.051,230,0,-1,-1,0,0
558.458,42.607,-4.696,3.051,225,0,-1,-1,0,0
553.762,45.658,-4.696,3.051,220,0,-1,-1,0,0
549.066,48.709,-4.696,3.051,215,0,-1,0,0,0
544.37,51.759,-4.696,3.051,210,0,-1,0,0,0
539.674,54.81,-4.696,3.051,210,0,0,0,0,0
534.978,57.861,-4.696,3.051,210,0,0,0,0,0
530.281,60.911,-4.696,3.051,210,0,0,0,0,0
525.585,63.962,-4.696,3.051,210,0,0,0,0,0
520.889,67.012,-4.696,3.051,210,5,0,1,0,0
516.193,70.063,-4.696,3.051,210,10,0,1,0,0
511.497,73.114,-4.696,3.051,210,15,0,1,0,0
506.801,76.164,-4.696,3.051,210,20,0,1,0,0
502.105,79.215,-4.696,3.051,210,25,0,1,0,0
497.409,82.265,-4.696,3.051,210,30,0,1,0,0
492.712,85.316,-4.696,3.051,210,35,0,1,0,0
488.016,88.367,-4.696,3.051,210,40,0,1,0,0
483.32,91.417,-4.696,3.051,210,45,0,1,0,0
478.624,94.468,-4.696,3.051,210,50,0,1,0,0
473.928,97.519,-4.696,3.051,210,55,0,1,0,0
469.232,100.569,-4.696,3.051,210,60,0,1,0,0
464.536,103.62,-4.696,3.051,210,65,0,1,0,0
459.839,106.67,-4.696,3.051,210,70,0,1,0,0
455.143,109.721,-4.696,3.051,210,75,0,1,0,0
450.447,112.772,-4.696,3.051,210,80,0,1,0,0
445.751,115.822,-4.696,3.051,210,85,0,1,0,0
441.055,118.873,-4.696,3.051,210,90,0,1,0,0
436.359,121.924,-4.696,3.051,210,95,0,1,0,0
431.663,124.974,-4.696,3.051,210,100,0,1,0,0
426.966,128.025,-4.696,3.051,210,105,0,1,0,0
422.27,131.075,-4.696,3.051,210,110,0,1,0,0
417.574,134.126,-4.696,3.051,210,115,0,1,0,0
412.878,137.177,-4.696,3.051,210,120,0,1,0,0
408.182,140.227,-4.696,3.051,210,125,0,1,0,0
403.486,143.278,-4.696,3.051,210,130,0,1,0,0
398.79,146.329,-4.696,3.051,210,135,0,1,0,0
394.093,149.379,-4.696,3.051,210,140,0,1,0,0
389.397,152.43,-4.696,3.051,210,145,0,1,0,0
384.701,155.48,-4.696,3.051,210,150,0,1,0,0
380.005,158.531,-4.696,3.051,210,155,0,1,0,0
375.309,161.582,-4.696,3.051,210,160,0,1,0,0
370.613,164.632,-4.696,3.051,210,165,0,1,0,0
365.917,167.683,-4.696,3.051,210,170,0,1,0,0
361.22,170.733,-4.696,3.051,210,175,0,1,0,0
356.524,173.784,-4.696,3.051,210,180,0,1,0,0
351.828,176.835,-4.696,3.051,210,185,0,1,0,0
347.132,179.885,-4.696,3.051,210,190,0,1,0,0
342.436,182.936,-4.696,3.051,210,195,0,1,0,0
337.74,185.987,-4.696,3.051,210,200,0,1,0,0
333.044,189.037,-4.696,3.051,210,205,0,1,0,0
328.348,192.088,-4.696,3.051,210,210,0,1,0,0
323.651,195.138,-4.696,3.051,210,215,0,1,0,0
318.955,198.189,-4.696,3.051,210,220,0,1,0,0
314.259,201.24,-4.696,3.051,210,225,0,1,0,0
309.563,204.29,-4.696,3.051,210,230,0,1,0,0
304.867,207.341,-4.696,3.051,210,235,0,1,0,0
300.171,210.392,-4.696,3.051,210,240,0,1,0,0
295.475,213.442,-4.696,3.051,210,245,0,1,0,0
290.778,216.493,-4.696,3.051,210,250,0,1,0,0
286.082,219.543,-4.696,3.051,210,255,0,1,0,0
281.386,222.594,-4.696,3.051,210,260,0,1,0,0
276.69,225.645,-4.696,3.051,210,260,0,0,0,0
271.994,228.695,-4.696,3.051,210,260,0,0,0,0
267.298,231.746,-4.696,3.051,215,260,1,0,0,0
262.602,234.796,-4.696,3.051,220,260,1,0,0,0
257.905,237.847,-4.696,3.051,225,260,1,0,0,0
253.209,240.898,-4.696,3.051,230,260,1,0,0,0
248.513,243.948,-4.696,3.051,235,260,1,0,0,0
243.817,246.999,-4.696,3.051,240,260,1,0,0,0
239.121,250.05,-4.696,3.051,245,260,1,0,0,0
234.425,253.1,-4.696,3.051,250,260,1,0,0,0
229.729,256.151,-4.696,3.051,255,260,1,0,0,0
225.032,259.201,-4.696,3.051,260,260,1,0,0,0
220.336,262.252,-4.696,3.051,265,260,1,0,0,0
215.64,265.303,-4.696,3.051,270,260,1,0,0,0
210.944,268.353,-4.696,3.051,275,260,1,0,0,0
206.248,271.404,-4.696,3.051,280,260,1,0,0,0
201.552,274.455,-4.696,3.051,285,260,1,0,0,0
196.856,277.505,-4.696,3.051,290,260,1,0,0,0
192.159,280.556,-4.696,3.051,295,260,1,0,0,0
187.463,283.606,-4.696,3.051,295,260,0,0,0,0
182.767,286.657,-4.696,3.051,295,260,0,0,0,0
178.071,289.708,-4.696,3.051,295,260,0,0,0,0
173.375,292.758,-4.696,3.051,295,260,0,0,0,0
168.679,295.809,-4.696,3.051,295,260,0,0,0,0
163.983,298.859,-4.696,3.051,295,260,0,0,0,0
159.287,301.91,-4.696,3.051,295,260,0,0,0,0
154.59,304.961,-4.696,3.051,295,260,0,0,0,0
149.894,308.011,-4.696,3.051,295,260,0,0,0,0
145.198,311.062,-4.696,3.051,295,260,0,0,0,0
140.502,314.113,-4.696,3.051,295,260,0,0,0,0
135.806,317.163,-4.696,3.051,295,260,0,0,0,0
131.11,320.214,-4.696,3.051,295,260,0,0,0,0
126.414,323.264,-4.696,3.051,295,260,0,0,0,0
121.717,326.315,-4.696,3.051,295,260,0,0,0,0
117.021,329.366,-4.696,3.051,295,260,0,0,0,0
112.325,332.416,-4.696,3.051,295,260,0,0,0,0
107.629,335.467,-4.696,3.051,295,260,0,0,0,0
102.933,338.518,-4.696,3.051,295,260,0,0,0,0
98.237,341.568,-4.696,3.051,295,260,0,0,0,0
93.541,344.619,-4.696,3.051,295,260,0,0,0,0
88.844,347.669,-4.696,3.051,295,260,0,0,0,0
84.148,350.72,-4.696,3.051,295,260,0,0,0,0
79.452,353.771,-4.696,3.051,295,260,0,0,0,0
74.756,356.821,-4.696,3.051,295,260,0,0,0,0
70.06,359.872,-4.696,3.051,300,260,1,0,0,0
65.364,362.923,-4.696,3.051,305,260,1,0,0,0
60.668,365.973,-4.696,3.051,310,260,1,0,0,0
55.971,369.024,-4.696,3.051,315,265,1,1,0,0
51.275,372.074,-4.696,3.051,320,270,1,1,0,0
49.0,375.125,5.694,1.546,325,275,1,1,0,0
54.694,376.671,5.694,1.546,330,280,1,1,0,0
60.388,378.216,5.694,1.546,335,285,1,1,0,0
66.082,379.762,5.694,1.546,340,290,1,1,0,0
71.776,381.308,5.694,1.546,345,295,1,1,0,0
77.47,382.853,5.694,1.546,350,300,1,1,0,0
83.164,384.399,5.694,1.546,355,305,1,1,0,0
88.858,385.945,5.694,1.546,360,310,1,1,0,0
94.551,387.49,5.694,1.546,365,315,1,1,0,0
100.245,389.036,5.694,1.546,370,320,1,1,0,0
105.939,390.582,5.694,1.546,375,320,1,0,0,0
111.633,392.127,5.694,1.546,380,320,1,0,0,0
117.327,393.673,5.694,1.546,380,320,0,0,0,0
123.021,395.219,5.694,1.546,380,320,0,0,0,0
128.715,396.764,5.694,1.546,380,320,0,0,0,0
134.409,398.31,5.694,1.546,380,320,0,0,0,0
140.103,399.856,5.694,1.546,380,320,0,0,0,0
145.797,401.401,5.694,1.546,380,320,0,0,0,0
151.491,402.947,5.694,1.546,380,320,0,0,0,0
157.185,404.493,5.694,1.546,380,320,0,0,0,0
162.879,406.038,5.694,1.546,380,320,0,0,0,0
168.573,407.584,5.694,1.546,380,320,0,0,0,0
174.267,409.13,5.694,1.546,380,320,0,0,0,0
179.961,410.675,5.694,1.546,380,320,0,0,0,0
185.654,412.221,5.694,1.546,380,320,0,0,0,0
191.348,413.767,5.694,1.546,380,320,0,0,0,0
197.042,415.312,5.694,1.546,380,320,0,0,0,0
202.736,416.858,5.694,1.546,380,320,0,0,0,0
208.43,418.404,5.694,1.546,380,320,0,0,0,0
214.124,419.95,5.694,1.546,380,320,0,0,0,0
219.818,421.495,5.694,1.546,380,320,0,0,0,0
225.512,423.041,5.694,1.546,380,320,0,0,0,0
231.206,424.587,5.694,1.546,380,320,0,0,0,0
236.9,426.132,5.694,1.546,380,320,0,0,0,0
242.594,427.678,5.694,1.546,380,325,0,1,0,0
248.288,429.224,5.694,1.546,380,330,0,1,0,0
253.982,430.769,5.694,1.546,380,335,0,1,0,0
259.676,432.315,5.694,1.546,380,340,0,1,0,0
265.37,433.861,5.694,1.546,380,345,0,1,0,0
271.063,435.406,5.694,1.546,380,350,0,1,0,0
276.757,436.952,5.694,1.546,380,355,0,1,0,0
282.451,438.498,5.694,1.546,380,360,0,1,0,0
288.145,440.043,5.694,1.546,380,365,0,1,0,0
293.839,441.589,5.694,1.546,380,370,0,1,0,0
299.533,443.135,5.694,1.546,380,375,0,1,0,0
305.227,444.68,5.694,1.546,380,380,0,1,0,0
310.921,446.226,5.694,1.546,380,385,0,1,0,0
316.615,447.772,5.694,1.546,380,390,0,1,0,0
322.309,449.317,5.694,1.546,380,395,0,1,0,0
328.003,450.863,5.694,1.546,380,400,0,1,0,0
333.697,452.409,5.694,1.546,380,405,0,1,0,0
339.391,453.954,5.694,1.546,380,410,0,1,0,0
345.085,455.5,5.694,1.546,380,415,0,1,0,0
350.779,457.046,5.694,1.546,380,420,0,1,0,0
356.472,458.591,5.694,1.546,380,425,0,1,0,0
362.166,460.137,5.694,1.546,380,430,0,1,0,0
367.86,461.683,5.694,1.546,380,435,0,1,0,0
373.554,463.228,5.694,1.546,380,440,0,1,0,0
379.248,464.774,5.694,1.546,380,445,0,1,0,0
384.942,466.32,5.694,1.546,375,450,-1,1,0,0
390.636,467.865,5.694,1.546,370,455,-1,1,0,0
396.33,469.411,5.694,1.546,365,460,-1,1,0,0
402.024,470.957,5.694,1.546,360,465,-1,1,0,0
407.718,472.502,5.694,1.546,355,470,-1,1,0,0
413.412,474.048,5.694,1.546,350,475,-1,1,0,0
419.106,475.594,5.694,1.546,345,480,-1,1,0,0
424.8,477.139,5.694,1.546,340,485,-1,1,0,0
430.494,478.685,5.694,1.546,335,490,-1,1,0,0
436.188,480.231,5.694,1.546,330,495,-1,1,0,0
441.882,481.776,5.694,1.546,325,500,-1,1,0,0
447.575,483.322,5.694,1.546,320,505,-1,1,0,0
453.269,484.868,5.694,1.546,320,510,0,1,0,0
458.963,486.413,5.694,1.546,320,515,0,1,0,0
464.657,487.959,5.694,1.546,320,520,0,1,0,0
470.351,489.505,5.694,1.546,320,520,0,1,0,0
476.045,491.05,5.694,1.546,320,520,0,1,0,0
481.739,492.596,5.694,1.546,320,520,0,0,0,0
487.433,494.142,5.694,1.546,320,520,0,0,0,0
493.127,495.687,5.694,1.546,320,520,0,0,0,0
498.821,497.233,5.694,1.546,320,520,0,0,0,0
504.515,498.779,5.694,1.546,320,520,0,0,0,0
510.209,500.325,5.694,1.546,320,520,0,0,0,0
515.903,501.87,5.694,1.546,320,520,0,0,0,0
521.597,503.416,5.694,1.546,320,520,0,0,0,0
527.291,504.962,5.694,1.546,320,520,0,0,0,0
532.984,506.507,5.694,1.546,320,520,0,0,0,0
538.678,508.053,5.694,1.546,315,520,-1,0,0,0
544.372,509.599,5.694,1.546,310,520,-1,0,0,0
550.066,511.144,5.694,1.546,305,520,-1,0,0,0
555.76,512.69,5.694,1.546,300,520,-1,0,0,0
561.454,514.236,5.694,1.546,295,520,-1,0,0,0
567.148,515.781,5.694,1.546,290,520,-1,0,0,0
572.842,517.327,5.694,1.546,285,520,-1,0,0,0
578.536,518.873,5.694,1.546,280,520,-1,0,0,0
584.23,520.418,5.694,1.546,275,520,-1,0,0,0
589.924,521.964,5.694,1.546,270,520,-1,0,0,0
595.618,523.51,5.694,1.546,270,520,0,0,0,0
601.312,525.055,5.694,1.546,270,520,0,0,0,0
607.006,526.601,5.694,1.546,270,520,0,0,0,0
612.7,528.147,5.694,1.546,270,520,0,0,0,0
618.393,529.692,5.694,1.546,270,520,0,0,0,0
624.087,531.238,5.694,1.546,270,520,0,0,0,0
629.781,532.784,5.694,1.546,270,520,0,0,0,0
635.475,534.329,5.694,1.546,270,520,0,0,0,0
641.169,535.875,5.694,1.546,270,520,0,0,0,0
646.863,537.421,5.694,1.546,270,520,0,0,0,0
652.557,538.966,5.694,1.546,270,520,0,0,0,0
658.251,540.512,5.694,1.546,270,520,0,0,0,0
663.945,542.058,5.694,1.546,270,520,0,0,0,0
669.639,543.603,5.694,1.546,270,520,0,0,0,0
675.333,545.149,5.694,1.546,270,520,0,0,0,0
681.027,546.695,5.694,1.546,270,520,0,0,0,0
686.721,548.24,5.694,1.546,270,520,0,0,0,0
692.415,549.786,5.694,1.546,270,520,0,0,0,0
698.109,551.332,5.694,1.546,270,520,0,0,0,0
703.803,552.877,5.694,1.546,270,520,0,0,0,0
709.496,554.423,5.694,1.546,270,520,0,0,0,0
715.19,555.969,5.694,1.546,270,520,0,0,0,0
720.884,557.514,5.694,1.546,270,520,0,0,0,0
726.578,559.06,5.694,1.546,270,520,0,0,0,0
732.272,560.606,5.694,1.546,270,520,0,0,0,0
737.966,562.151,5.694,1.546,270,520,0,0,0,0
743.66,563.697,5.694,1.546,270,520,0,0,0,0
749.354,565.243,5.694,1.546,270,520,0,0,0,0
751.0,566.788,-6.102,1.096,270,520,0,0,0,0
744.898,567.885,-6.102,1.096,270,520,0,0,0,0
738.795,568.981,-6.102,1.096,270,520,0,0,0,0
732.693,570.077,-6.102,1.096,270,520,0,0,0,0
726.591,571.173,-6.102,1.096,270,520,0,0,0,0
720.488,572.269,-6.102,1.096,270,520,0,0,0,0
714.386,573.365,-6.102,1.096,270,520,0,0,0,0
708.284,574.461,-6.102,1.096,270,520,0,0,0,0
702.181,575.557,-6.102,1.096,270,520,0,0,0,0
696.079,576.653,-6.102,1.096,270,520,0,0,0,0
689.977,577.749,-6.102,1.096,270,520,0,0,0,0
683.874,578.845,-6.102,1.096,270,520,0,0,0,0
677.772,579.941,-6.102,1.096,270,520,0,0,0,0
671.67,581.038,-6.102,1.096,270,520,0,0,0,0
665.567,582.134,-6.102,1.096,270,520,0,0,0,0
659.465,583.23,-6.102,1.096,270,520,0,0,0,0
653.362,584.326,-6.102,1.096,270,520,0,0,0,0
647.26,585.422,-6.102,1.096,270,520,0,0,0,0
641.158,586.518,-6.102,1.096,270,520,0,0,0,0
635.055,587.614,-6.102,1.096,270,520,0,0,0,0
628.953,588.71,-6.102,1.096,270,520,0,0,0,0
622.851,589.806,-6.102,1.096,275,520,1,0,0,0
616.748,590.902,-6.102,1.096,280,520,1,0,0,0
610.646,591.998,-6.102,1.096,285,520,1,0,0,0
604.544,593.094,-6.102,1.096,290,520,1,0,0,0
598.441,594.0,-6.102,-1.096,295,520,1,0,0,0
592.339,592.904,-6.102,-1.096,300,520,1,0,0,0
586.237,591.808,-6.102,-1.096,305,520,1,0,0,0
580.134,590.712,-6.102,-1.096,310,520,1,0,0,0
574.032,589.616,-6.102,-1.096,315,520,1,0,0,0
567.93,588.52,-6.102,-1.096,320,520,1,0,0,0
561.827,587.424,-6.102,-1.096,325,520,1,0,0,0
555.725,586.327,-6.102,-1.096,330,520,1,0,0,0
549.623,585.231,-6.102,-1.096,335,520,1,0,0,0
543.52,584.135,-6.102,-1.096,340,520,1,0,0,0
537.418,583.039,-6.102,-1.096,345,520,1,0,0,0
531.316,581.943,-6.102,-1.096,350,520,1,0,0,0
525.213,580.847,-6.102,-1.096,355,520,1,0,0,0
519.111,579.751,-6.102,-1.096,360,520,1,0,0,0
513.009,578.655,-6.102,-1.096,365,520,1,0,0,0
506.906,577.559,-6.102,-1.096,370,520,1,0,0,0
500.804,576.463,-6.102,-1.096,375,520,1,0,0,0
494.702,575.367,-6.102,-1.096,380,520,1,0,0,0
488.599,574.271,-6.102,-1.096,385,520,1,0,0,0
482.497,573.174,-6.102,-1.096,390,520,1,0,0,0
476.395,572.078,-6.102,-1.096,395,520,1,0,0,0
470.292,570.982,-6.102,-1.096,400,520,1,0,0,0
464.19,569.886,-6.102,-1.096,405,520,1,0,0,0
458.087,568.79,-6.102,-1.096,410,520,1,0,0,0
451.985,567.694,-6.102,-1.096,415,520,1,0,0,0
445.883,566.598,-6.102,-1.096,420,520,1,0,0,0
439.78,565.502,-6.102,-1.096,425,520,1,0,0,0
433.678,564.406,-6.102,-1.096,430,520,1,0,0,0
427.576,563.31,-6.102,-1.096,435,520,1,0,0,0
421.473,562.214,-6.102,-1.096,440,520,1,0,0,0
415.371,561.118,-6.102,-1.096,445,520,1,0,0,0
409.269,560.021,-6.102,-1.096,450,520,1,0,0,0
403.166,558.925,-6.102,-1.096,455,520,1,0,0,0
397.064,557.829,-6.102,-1.096,460,520,1,0,0,0
390.962,556.733,-6.102,-1.096,460,520,0,0,0,0
384.859,555.637,-6.102,-1.096,460,520,0,0,0,0
378.757,554.541,-6.102,-1.096,460,520,0,0,0,0
372.655,553.445,-6.102,-1.096,460,520,0,0,0,0
366.552,552.349,-6.102,-1.096,460,520,0,0,0,0
360.45,551.253,-6.102,-1.096,460,520,0,0,0,0
354.348,550.157,-6.102,-1.096,460,520,0,0,0,0
348.245,549.061,-6.102,-1.096,460,520,0,0,0,0
342.143,547.965,-6.102,-1.096,460,520,0,0,0,0
336.041,546.868,-6.102,-1.096,460,520,0,0,0,0
329.938,545.772,-6.102,-1.096,460,520,0,0,0,0
323.836,544.676,-6.102,-1.096,460,520,0,0,0,0
317.734,543.58,-6.102,-1.096,460,520,0,0,0,0
311.631,542.484,-6.102,-1.096,460,520,0,0,0,0
305.529,541.388,-6.102,-1.096,460,520,0,0,0,0
299.427,540.292,-6.102,-1.096,460,515,0,-1,0,0
293.324,539.196,-6.102,-1.096,460,510,0,-1,0,0
287.222,538.1,-6.102,-1.096,460,505,0,-1,0,0
281.12,537.004,-6.102,-1.096,460,500,0,-1,0,0
275.017,535.908,-6.102,-1.096,460,495,0,-1,0,0
268.915,534.812,-6.102,-1.096,460,490,0,-1,0,0
262.812,533.715,-6.102,-1.096,460,485,0,-1,0,0
256.71,532.619,-6.102,-1.096,460,480,0,-1,0,0
250.608,531.523,-6.102,-1.096,460,475,0,-1,0,0
244.505,530.427,-6.102,-1.096,460,470,0,-1,0,0
238.403,529.331,-6.102,-1.096,460,465,0,-1,0,0
232.301,528.235,-6.102,-1.096,460,460,0,-1,0,0
226.198,527.139,-6.102,-1.096,460,455,0,-1,0,0
220.096,526.043,-6.102,-1.096,460,450,0,-1,0,0
213.994,524.947,-6.102,-1.096,460,445,0,-1,0,0
207.891,523.851,-6.102,-1.096,460,440,0,-1,0,0
201.789,522.755,-6.102,-1.096,460,435,0,-1,0,0
195.687,521.659,-6.102,-1.096,460,430,0,-1,0,0
189.584,520.562,-6.102,-1.096,460,425,0,-1,0,0
183.482,519.466,-6.102,-1.096,460,420,0,-1,0,0
177.38,518.37,-6.102,-1.096,460,415,0,-1,0,0
171.277,517.274,-6.102,-1.096,460,410,0,-1,0,0
165.175,516.178,-6.102,-1.096,460,405,0,-1,0,0
159.073,515.082,-6.102,-1.096,460,400,0,-1,0,0
152.97,513.986,-6.102,-1.096,460,395,0,-1,0,0
146.868,512.89,-6.102,-1.096,460,390,0,-1,0,0
140.766,511.794,-6.102,-1.096,460,385,0,-1,0,0
134.663,510.698,-6.102,-1.096,460,380,0,-1,0,0
128.561,509.602,-6.102,-1.096,460,375,0,-1,0,0
122.459,508.506,-6.102,-1.096,460,370,0,-1,0,0
116.356,507.409,-6.102,-1.096,460,365,0,-1,0,0
110.254,506.313,-6.102,-1.096,460,360,0,-1,0,0
104.152,505.217,-6.102,-1.096,460,355,0,-1,0,0
98.049,504.121,-6.102,-1.096,460,350,0,-1,0,0
91.947,503.025,-6.102,-1.096,460,345,0,-1,0,0
85.844,501.929,-6.102,-1.096,460,340,0,-1,0,0
79.742,500.833,-6.102,-1.096,460,335,0,-1,0,0
73.64,499.737,-6.102,-1.096,460,330,0,-1,0,0
67.537,498.641,-6.102,-1.096,460,325,0,-1,0,0
61.435,497.545,-6.102,-1.096,460,320,0,-1,0,0
55.333,496.449,-6.102,-1.096,460,315,0,-1,0,0
49.23,495.353,-6.102,-1.096,460,310,0,-1,0,0
49.0,494.257,6.427,-0.974,460,305,0,-1,0,0
55.427,493.283,6.427,-0.974,460,300,0,-1,0,0
61.853,492.309,6.427,-0.974,460,295,0,-1,0,0
68.28,491.335,6.427,-0.974,460,290,0,-1,0,0
74.707,490.362,6.427,-0.974,460,285,0,-1,0,0
81.133,489.388,6.427,-0.974,460,280,0,-1,0,0
87.56,488.414,6.427,-0.974,460,275,0,-1,0,0
93.987,487.441,6.427,-0.974,460,270,0,-1,0,0
100.413,486.467,6.427,-0.974,460,265,0,-1,0,0
106.84,485.493,6.427,-0.974,460,260,0,-1,0,0
113.267,484.52,6.427,-0.974,460,255,0,-1,0,0
119.693,483.546,6.427,-0.974,460,250,0,-1,0,0
126.12,482.572,6.427,-0.974,460,245,0,-1,0,0
132.547,481.599,6.427,-0.974,460,240,0,-1,0,0
138.973,480.625,6.427,-0.974,460,240,0,0,0,0
145.4,479.651,6.427,-0.974,460,240,0,0,0,0
151.827,478.677,6.427,-0.974,460,240,0,0,0,0
158.253,477.704,6.427,-0.974,460,240,0,0,0,0
164.68,476.73,6.427,-0.974,460,240,0,0,0,0
171.106,475.756,6.427,-0.974,460,240,0,0,0,0
177.533,474.783,6.427,-0.974,460,240,0,0,0,0
183.96,473.809,6.427,-0.974,460,240,0,0,0,0
190.386,472.835,6.427,-0.974,460,240,0,0,0,0
196.813,471.862,6.427,-0.974,460,240,0,0,0,0
203.24,470.888,6.427,-0.974,460,240,0,0,0,0
209.666,469.914,6.427,-0.974,460,240,0,0,0,0
216.093,468.941,6.427,-0.974,460,240,0,0,0,0
222.52,467.967,6.427,-0.974,460,240,0,0,0,0
228.946,466.993,6.427,-0.974,455,240,-1,0,0,0
235.373,466.02,6.427,-0.974,450,240,-1,0,0,0
241.8,465.046,6.427,-0.974,445,240,-1,0,0,0
248.226,464.072,6.427,-0.974,440,240,-1,0,0,0
254.653,463.098,6.427,-0.974,435,240,-1,0,0,0
261.08,462.125,6.427,-0.974,430,240,-1,0,0,0
267.506,461.151,6.427,-0.974,425,240,-1,0,0,0
273.933,460.177,6.427,-0.974,420,240,-1,0,0,0
280.36,459.204,6.427,-0.974,415,240,-1,0,0,0
286.786,458.23,6.427,-0.974,410,240,-1,0,0,0
293.213,457.256,6.427,-0.974,405,240,-1,0,0,0
299.64,456.283,6.427,-0.974,400,240,-1,0,0,0
306.066,455.309,6.427,-0.974,395,240,-1,0,0,0
312.493,454.335,6.427,-0.974,390,240,-1,0,0,0
318.92,453.362,6.427,-0.974,390,240,0,0,0,0
325.346,452.388,6.427,-0.974,390,240,0,0,0,0
331.773,451.414,6.427,-0.974,390,240,0,0,0,0
338.2,450.44,6.427,-0.974,390,240,0,0,0,0
344.626,449.467,6.427,-0.974,390,240,0,0,0,0
351.053,448.493,6.427,-0.974,390,240,0,0,0,0
357.48,447.519,6.427,-0.974,390,240,0,0,0,0
363.906,446.546,6.427,-0.974,390,245,0,1,0,0
370.333,445.572,6.427,-0.974,390,250,0,1,0,0
376.76,444.598,6.427,-0.974,390,255,0,1,0,0
383.186,443.625,6.427,-0.974,390,260,0,1,0,0
389.613,442.651,6.427,-0.974,390,265,0,1,0,0
396.04,441.677,6.427,-0.974,390,270,0,1,0,0
402.466,440.704,6.427,-0.974,390,275,0,1,0,0
408.893,439.73,6.427,-0.974,390,280,0,1,0,0
415.319,438.756,6.427,-0.974,390,285,0,1,0,0
421.746,437.783,6.427,-0.974,390,290,0,1,0,0
428.173,436.809,6.427,-0.974,390,295,0,1,0,0
434.599,435.835,6.427,-0.974,390,300,0,1,0,0
441.026,434.861,6.427,-0.974,390,305,0,1,0,0
447.453,433.888,6.427,-0.974,390,310,0,1,0,0
453.879,432.914,6.427,-0.974,390,315,0,1,0,0
460.306,431.94,6.427,-0.974,390,320,0,1,0,0
466.733,430.967,6.427,-0.974,390,325,0,1,0,0
473.159,429.993,6.427,-0.974,390,330,0,1,0,0
479.586,429.019,6.427,-0.974,390,335,0,1,0,0
486.013,428.046,6.427,-0.974,390,340,0,1,0,0
492.439,427.072,6.427,-0.974,390,345,0,1,0,0
498.866,426.098,6.427,-0.974,390,350,0,1,0,0
505.293,425.125,6.427,-0.974,390,355,0,1,0,0
511.719,424.151,6.427,-0.974,390,355,0,0,0,0
518.146,423.177,6.427,-0.974,390,355,0,0,0,0
524.573,422.204,6.427,-0.974,390,355,0,0,0,0
530.999,421.23,6.427,-0.974,390,355,0,0,0,0
537.426,420.256,6.427,-0.974,390,355,0,0,0,0
543.853,419.282,6.427,-0.974,390,355,0,0,0,0
550.279,418.309,6.427,-0.974,390,355,0,0,0,0
556.706,417.335,6.427,-0.974,390,355,0,0,0,0
563.133,416.361,6.427,-0.974,390,355,0,0,0,0
569.559,415.388,6.427,-0.974,390,355,0,0,0,0
575.986,414.414,6.427,-0.974,390,355,0,0,0,0
582.413,413.44,6.427,-0.974,390,355,0,0,0,0
588.839,412.467,6.427,-0.974,390,355,0,0,0,0
595.266,411.493,6.427,-0.974,390,355,0,0,0,0
601.693,410.519,6.427,-0.974,390,355,0,0,0,0
608.119,409.546,6.427,-0.974,390,355,0,0,0,0
614.546,408.572,6.427,-0.974,390,355,0,0,0,0
620.973,407.598,6.427,-0.974,390,355,0,0,0,0
627.399,406.624,6.427,-0.974,390,355,0,0,0,0
633.826,405.651,6.427,-0.974,390,355,0,0,0,0
640.253,404.677,6.427,-0.974,390,355,0,0,0,0
646.679,403.703,6.427,-0.974,390,355,0,0,0,0
653.106,402.73,6.427,-0.974,390,355,0,0,0,0
659.532,401.756,6.427,-0.974,390,355,0,0,0,0
665.959,400.782,6.427,-0.974,390,355,0,0,0,0
672.386,399.809,6.427,-0.974,390,355,0,0,0,0
678.812,398.835,6.427,-0.974,390,355,0,0,0,0
685.239,397.861,6.427,-0.974,390,355,0,0,0,0
691.666,396.888,6.427,-0.974,390,355,0,0,0,0
698.092,395.914,6.427,-0.974,390,355,0,0,0,0
704.519,394.94,6.427,-0.974,390,355,0,0,0,0
710.946,393.967,6.427,-0.974,390,355,0,0,0,0
717.372,392.993,6.427,-0.974,390,355,0,0,0,0
723.799,392.019,6.427,-0.974,390,355,0,0,0,0
730.226,391.045,6.427,-0.974,390,355,0,0,0,0
736.652,390.072,6.427,-0.974,390,355,0,0,0,0
743.079,389.098,6.427,-0.974,390,355,0,0,0,0
749.506,388.124,6.427,-0.974,390,355,0,0,0,0
751.0,387.151,-6.657,-1.388,390,355,0,0,0,0
744.343,385.763,-6.657,-1.388,390,355,0,0,0,0
737.686,384.376,-6.657,-1.388,390,355,0,0,0,0
731.029,382.988,-6.657,-1.388,390,355,0,0,0,0
724.372,381.601,-6.657,-1.388,390,355,0,0,0,0
717.715,380.213,-6.657,-1.388,390,355,0,0,0,0
711.058,378.825,-6.657,-1.388,390,355,0,0,0,0
704.401,377.438,-6.657,-1.388,390,355,0,0,0,0
697.745,376.05,-6.657,-1.388,390,355,0,0,0,0
691.088,374.663,-6.657,-1.388,390,355,0,0,0,0
684.431,373.275,-6.657,-1.388,390,355,0,0,0,0
677.774,371.888,-6.657,-1.388,390,355,0,0,0,0
671.117,370.5,-6.657,-1.388,390,355,0,0,0,0
664.46,369.113,-6.657,-1.388,390,355,0,0,0,0
657.803,367.725,-6.657,-1.388,390,355,0,0,0,0
651.146,366.337,-6.657,-1.388,390,355,0,0,0,0
644.489,364.95,-6.657,-1.388,390,355,0,0,0,0
637.832,363.562,-6.657,-1.388,390,355,0,0,0,0
631.175,362.175,-6.657,-1.388,390,355,0,0,0,0
624.518,360.787,-6.657,-1.388,390,355,0,0,0,0
617.861,359.4,-6.657,-1.388,390,355,0,0,0,0
611.204,358.012,-6.657,-1.388,390,355,0,0,0,0
604.548,356.625,-6.657,-1.388,390,355,0,0,0,0
597.891,355.237,-6.657,-1.388,390,355,0,0,0,0
591.234,353.85,-6.657,-1.388,390,355,0,0,0,0
584.577,352.462,-6.657,-1.388,390,355,0,0,0,0
577.92,351.074,-6.657,-1.388,390,355,0,0,0,0
571.263,349.687,-6.657,-1.388,390,355,0,0,0,0
564.606,348.299,-6.657,-1.388,390,355,0,0,0,0
557.949,346.912,-6.657,-1.388,390,355,0,0,0,0
551.292,345.524,-6.657,-1.388,385,355,-1,0,0,0
544.635,344.137,-6.657,-1.388,380,355,-1,0,0,0
537.978,342.749,-6.657,-1.388,375,355,-1,0,0,0
531.321,341.362,-6.657,-1.388,370,355,-1,0,0,0
524.664,339.974,-6.657,-1.388,365,355,-1,0,0,0
518.007,338.587,-6.657,-1.388,360,355,-1,0,0,0
511.351,337.199,-6.657,-1.388,355,355,-1,0,0,0
504.694,335.811,-6.657,-1.388,350,355,-1,0,0,0
498.037,334.424,-6.657,-1.388,345,355,-1,0,0,0
491.38,333.036,-6.657,-1.388,340,355,-1,0,0,0
484.723,331.649,-6.657,-1.388,335,355,-1,0,0,0
478.066,330.261,-6.657,-1.388,330,355,-1,0,0,0
471.409,328.874,-6.657,-1.388,325,355,-1,0,0,0
464.752,327.486,-6.657,-1.388,320,355,-1,0,0,0
458.095,326.099,-6.657,-1.388,315,355,-1,0,0,0
451.438,324.711,-6.657,-1.388,310,355,-1,0,0,0
444.781,323.323,-6.657,-1.388,305,355,-1,0,0,0
438.124,321.936,-6.657,-1.388,300,355,-1,0,0,0
431.467,320.548,-6.657,-1.388,295,350,-1,-1,0,0
424.81,319.161,-6.657,-1.388,290,345,-1,-1,0,0
418.154,317.773,-6.657,-1.388,285,340,-1,-1,0,0
411.497,316.386,-6.657,-1.388,280,335,-1,-1,0,0
404.84,314.998,-6.657,-1.388,275,330,-1,-1,0,0
398.183,313.611,-6.657,-1.388,270,325,-1,-1,0,0
391.526,312.223,-6.657,-1.388,265,320,-1,-1,0,0
384.869,310.836,-6.657,-1.388,260,315,-1,-1,0,0
378.212,309.448,-6.657,-1.388,255,310,-1,-1,0,0
371.555,308.06,-6.657,-1.388,250,305,-1,-1,0,0
364.898,306.673,-6.657,-1.388,245,300,-1,-1,0,0
358.241,305.285,-6.657,-1.388,240,295,-1,-1,0,0
351.584,303.898,-6.657,-1.388,235,290,-1,-1,0,0
344.927,302.51,-6.657,-1.388,230,285,-1,-1,0,0
338.27,301.123,-6.657,-1.388,230,280,0,-1,0,0
331.613,299.735,-6.657,-1.388,230,275,0,-1,0,0
324.957,298.348,-6.657,-1.388,230,270,0,-1,0,0
318.3,296.96,-6.657,-1.388,230,265,0,-1,0,0
311.643,295.573,-6.657,-1.388,230,260,0,-1,0,0
304.986,294.185,-6.657,-1.388,230,255,0,-1,0,0
298.329,292.797,-6.657,-1.388,230,250,0,-1,0,0
291.672,291.41,-6.657,-1.388,230,245,0,-1,0,0
285.015,290.022,-6.657,-1.388,230,240,0,-1,0,0
278.358,288.635,-6.657,-1.388,230,235,0,-1,0,0
271.701,287.247,-6.657,-1.388,230,230,0,-1,0,0
265.044,285.86,-6.657,-1.388,230,225,0,-1,0,0
258.387,284.472,-6.657,-1.388,230,220,0,-1,0,0
251.73,283.085,-6.657,-1.388,230,215,0,-1,0,0
245.073,281.697,-6.657,-1.388,230,210,0,-1,0,0
238.416,280.31,-6.657,-1.388,230,205,0,-1,0,0
231.759,278.922,-6.657,-1.388,230,200,0,-1,0,0
225.103,277.534,-6.657,-1.388,230,195,0,-1,0,0
218.446,276.147,-6.657,-1.388,230,190,0,-1,0,0
211.789,274.759,-6.657,-1.388,230,185,0,-1,0,0
205.132,273.372,-6.657,-1.388,230,180,0,-1,0,0
198.475,271.984,-6.657,-1.388,230,175,0,-1,0,0
191.818,270.597,-6.657,-1.388,230,170,0,-1,0,0
185.161,269.209,-6.657,-1.388,230,165,0,-1,0,0
178.504,267.822,-6.657,-1.388,230,160,0,-1,0,0
171.847,266.434,-6.657,-1.388,230,160,0,0,0,0
165.19,265.046,-6.657,-1.388,230,160,0,0,0,0
158.533,263.659,-6.657,-1.388,230,160,0,0,0,0
151.876,262.271,-6.657,-1.388,230,160,0,0,0,0
145.219,260.884,-6.657,-1.388,230,160,0,0,0,0
138.562,259.496,-6.657,-1.388,230,160,0,0,0,0
131.906,258.109,-6.657,-1.388,230,160,0,0,0,0
125.249,256.721,-6.657,-1.388,230,160,0,0,0,0
118.592,255.334,-6.657,-1.388,230,160,0,0,0,0
111.935,253.946,-6.657,-1.388,230,160,0,0,0,0
105.278,252.559,-6.657,-1.388,230,160,0,0,0,0
98.621,251.171,-6.657,-1.388,230,160,0,0,0,0
91.964,249.783,-6.657,-1.388,230,160,0,0,0,0
85.307,248.396,-6.657,-1.388,230,160,0,0,0,0
78.65,247.008,-6.657,-1.388,230,160,0,0,0,0
71.993,245.621,-6.657,-1.388,230,160,0,0,0,0
65.336,244.233,-6.657,-1.388,230,160,0,0,0,0
58.679,242.846,-6.657,-1.388,230,160,0,0,0,0
52.022,241.458,-6.657,-1.388,230,160,0,0,0,0
49.0,240.071,5.03,-5.011,230,160,0,0,0,0
54.03,235.059,5.03,-5.011,230,160,0,0,0,0
59.059,230.048,5.03,-5.011,230,160,0,0,0,0
64.089,225.037,5.03,-5.011,230,160,0,0,0,0
69.119,220.026,5.03,-5.011,230,160,0,0,0,0
74.149,215.015,5.03,-5.011,230,160,0,0,0,0
79.178,210.004,5.03,-5.011,230,160,0,0,0,0
84.208,204.992,5.03,-5.011,230,160,0,0,0,0
89.238,199.981,5.03,-5.011,230,160,0,0,0,0
94.268,194.97,5.03,-5.011,230,160,0,0,0,0
99.297,189.959,5.03,-5.011,230,160,0,0,0,0
104.327,184.948,5.03,-5.011,230,160,0,0,0,0
109.357,179.937,5.03,-5.011,230,160,0,0,0,0
114.387,174.925,5.03,-5.011,230,160,0,0,0,0
119.416,169.914,5.03,-5.011,230,160,0,0,0,0
124.446,164.903,5.03,-5.011,230,160,0,0,0,0
129.476,159.892,5.03,-5.011,230,160,0,0,0,0
134.505,154.881,5.03,-5.011,230,160,0,0,0,0
139.535,149.87,5.03,-5.011,230,160,0,0,0,0
144.565,144.858,5.03,-5.011,230,160,0,0,0,0
149.595,139.847,5.03,-5.011,230,160,0,0,0,0
154.624,134.836,5.03,-5.011,230,160,0,0,0,0
159.654,129.825,5.03,-5.011,230,160,0,0,0,0
164.684,124.814,5.03,-5.011,230,160,0,0,0,0
169.714,119.803,5.03,-5.011,230,160,0,0,0,0
174.743,114.791,5.03,-5.011,230,160,0,0,0,0
179.773,109.78,5.03,-5.011,230,160,0,0,0,0
184.803,104.769,5.03,-5.011,230,160,0,0,0,0
189.833,99.758,5.03,-5.011,230,160,0,0,0,0
194.862,94.747,5.03,-5.011,230,160,0,0,0,0
199.892,89.736,5.03,-5.011,230,160,0,0,0,0
204.922,84.724,5.03,-5.011,230,160,0,0,0,0
209.951,79.713,5.03,-5.011,230,160,0,0,0,0
214.981,74.702,5.03,-5.011,230,160,0,0,0,0
220.011,69.691,5.03,-5.011,230,160,0,0,0,0
225.041,64.68,5.03,-5.011,230,160,0,0,0,0
230.07,59.669,5.03,-5.011,230,160,0,0,0,0
235.1,54.657,5.03,-5.011,230,160,0,0,0,0
240.13,49.646,5.03,-5.011,230,160,0,0,0,0
245.16,44.635,5.03,-5.011,230,160,0,0,0,0
250.189,39.624,5.03,-5.011,230,160,0,0,0,0
255.219,34.613,5.03,-5.011,230,160,0,0,0,0
260.249,29.602,5.03,-5.011,230,160,0,0,0,0
265.278,24.59,5.03,-5.011,230,160,0,0,0,0
270.308,19.579,5.03,-5.011,230,160,0,0,0,0
275.338,14.568,5.03,-5.011,230,160,0,0,0,0
280.368,9.557,5.03,-5.011,230,160,0,0,0,0
285.397,6.0,5.03,5.011,230,160,0,0,0,0
290.427,11.011,5.03,5.011,230,160,0,0,0,0
295.457,16.022,5.03,5.011,230,160,0,0,0,0
300.487,21.034,5.03,5.011,230,160,0,0,0,0
305.516,26.045,5.03,5.011,230,160,0,0,0,0
310.546,31.056,5.03,5.011,230,165,0,1,0,0
315.576,36.067,5.03,5.011,230,170,0,1,0,0
320.606,41.078,5.03,5.011,230,175,0,1,0,0
325.635,46.089,5.03,5.011,230,180,0,1,0,0
330.665,51.101,5.03,5.011,225,185,-1,1,0,0
335.695,56.112,5.03,5.011,220,190,-1,1,0,0
340.724,61.123,5.03,5.011,215,195,-1,1,0,0
345.754,66.134,5.03,5.011,210,200,-1,1,0,0
350.784,71.145,5.03,5.011,205,205,-1,1,0,0
355.814,76.156,5.03,5.011,200,210,-1,1,0,0
360.843,81.168,5.03,5.011,195,215,-1,1,0,0
365.873,86.179,5.03,5.011,190,220,-1,1,0,0
370.903,91.19,5.03,5.011,185,225,-1,1,0,0
375.933,96.201,5.03,5.011,180,230,-1,1,0,0
380.962,101.212,5.03,5.011,180,235,0,1,0,0
385.992,106.223,5.03,5.011,180,240,0,1,0,0
391.022,111.235,5.03,5.011,180,245,0,1,0,0
396.052,116.246,5.03,5.011,180,250,0,1,0,0
401.081,121.257,5.03,5.011,180,255,0,1,0,0
406.111,126.268,5.03,5.011,180,260,0,1,0,0
411.141,131.279,5.03,5.011,180,265,0,1,0,0
416.17,136.29,5.03,5.011,180,270,0,1,0,0
421.2,141.302,5.03,5.011,180,275,0,1,0,0
426.23,146.313,5.03,5.011,180,280,0,1,0,0
431.26,151.324,5.03,5.011,180,285,0,1,0,0
436.289,156.335,5.03,5.011,180,290,0,1,0,0
441.319,161.346,5.03,5.011,185,295,1,1,0,0
446.349,166.357,5.03,5.011,190,300,1,1,0,0
451.379,171.369,5.03,5.011,195,305,1,1,0,0
456.408,176.38,5.03,5.011,200,310,1,1,0,0
461.438,181.391,5.03,5.011,205,315,1,1,0,0
466.468,186.402,5.03,5.011,210,320,1,1,0,0
471.498,191.413,5.03,5.011,215,325,1,1,0,0
476.527,196.424,5.03,5.011,220,330,1,1,0,0
481.557,201.436,5.03,5.011,225,335,1,1,0,0
486.587,206.447,5.03,5.011,230,340,1,1,0,0
491.616,211.458,5.03,5.011,235,345,1,1,0,0
496.646,216.469,5.03,5.011,240,350,1,1,0,0
501.676,221.48,5.03,5.011,245,355,1,1,0,0
506.706,226.491,5.03,5.011,250,360,1,1,0,0
511.735,231.503,5.03,5.011,255,365,1,1,0,0
516.765,236.514,5.03,5.011,260,365,1,0,0,0
521.795,241.525,5.03,5.011,265,365,1,0,0,0
526.825,246.536,5.03,5.011,270,365,1,0,0,0
531.854,251.547,5.03,5.011,275,365,1,0,0,0
536.884,256.558,5.03,5.011,275,365,0,0,0,0
541.914,261.57,5.03,5.011,275,365,0,0,0,0
546.944,266.581,5.03,5.011,275,365,0,0,0,0
551.973,271.592,5.03,5.011,275,365,0,0,0,0
557.003,276.603,5.03,5.011,275,365,0,0,0,0
562.033,281.614,5.03,5.011,275,365,0,0,0,0
567.062,286.625,5.03,5.011,275,365,0,0,0,0
572.092,291.637,5.03,5.011,275,365,0,0,0,0
577.122,296.648,5.03,5.011,275,365,0,0,0,0
582.152,301.659,5.03,5.011,275,365,0,0,0,0
587.181,306.67,5.03,5.011,275,365,0,0,0,0
592.211,311.681,5.03,5.011,275,365,0,0,0,0
597.241,316.692,5.03,5.011,275,365,0,0,0,0
602.271,321.704,5.03,5.011,275,365,0,0,0,0
607.3,326.715,5.03,5.011,275,365,0,0,0,0
612.33,331.726,5.03,5.011,275,365,0,0,0,0
617.36,336.737,5.03,5.011,275,365,0,0,0,0
622.389,341.748,5.03,5.011,275,365,0,0,0,0
627.419,346.759,5.03,5.011,275,365,0,0,0,0
632.449,351.771,5.03,5.011,275,365,0,0,0,0
637.479,356.782,5.03,5.011,275,370,0,1,0,0
642.508,361.793,5.03,5.011,275,375,0,1,0,0
647.538,366.804,5.03,5.011,275,380,0,1,0,0
652.568,371.815,5.03,5.011,275,385,0,1,0,0
657.598,376.826,5.03,5.011,275,390,0,1,0,0
662.627,381.838,5.03,5.011,275,395,0,1,0,0
667.657,386.849,5.03,5.011,275,400,0,1,0,0
672.687,391.86,5.03,5.011,275,405,0,1,0,0
677.717,396.871,5.03,5.011,275,410,0,1,0,0
682.746,401.882,5.03,5.011,275,415,0,1,0,0
687.776,406.893,5.03,5.011,275,420,0,1,0,0
692.806,411.905,5.03,5.011,275,425,0,1,0,0
697.835,416.916,5.03,5.011,275,430,0,1,0,0
702.865,421.927,5.03,5.011,275,435,0,1,0,0
707.895,426.938,5.03,5.011,275,440,0,1,0,0
712.925,431.949,5.03,5.011,275,445,0,1,0,0
717.954,436.96,5.03,5.011,275,450,0,1,0,0
722.984,441.972,5.03,5.011,275,450,0,0,0,0
728.014,446.983,5.03,5.011,275,450,0,0,0,0
733.044,451.994,5.03,5.011,275,450,0,0,0,0
738.073,457.005,5.03,5.011,275,450,0,0,0,0
743.103,462.016,5.03,5.011,275,450,0,0,0,0
748.133,467.027,5.03,5.011,275,450,0,0,0,0
751.0,472.039,-6.597,-3.353,275,450,0,0,0,0
744.403,468.686,-6.597,-3.353,275,450,0,0,0,0
737.806,465.333,-6.597,-3.353,275,450,0,0,0,0
731.21,461.98,-6.597,-3.353,275,450,0,0,0,0
724.613,458.627,-6.597,-3.353,275,450,0,0,0,0
718.016,455.274,-6.597,-3.353,275,450,0,0,0,0
711.419,451.921,-6.597,-3.353,275,450,0,0,0,0
704.822,448.568,-6.597,-3.353,275,450,0,0,0,0
698.225,445.215,-6.597,-3.353,275,450,0,0,0,0
691.629,441.863,-6.597,-3.353,275,450,0,0,0,0
685.032,438.51,-6.597,-3.353,275,450,0,0,0,0
678.435,435.157,-6.597,-3.353,275,450,0,0,0,0
671.838,431.804,-6.597,-3.353,275,450,0,0,0,0
665.241,428.451,-6.597,-3.353,275,450,0,0,0,0
658.644,425.098,-6.597,-3.353,275,450,0,0,0,0
652.048,421.745,-6.597,-3.353,275,445,0,-1,0,0
645.451,418.392,-6.597,-3.353,275,440,0,-1,0,0
638.854,415.04,-6.597,-3.353,275,435,0,-1,0,0
632.257,411.687,-6.597,-3.353,275,430,0,-1,0,0
625.66,408.334,-6.597,-3.353,275,425,0,-1,0,0
619.063,404.981,-6.597,-3.353,275,420,0,-1,0,0
612.467,401.628,-6.597,-3.353,275,415,0,-1,0,0
605.87,398.275,-6.597,-3.353,270,410,-1,-1,0,0
599.273,394.922,-6.597,-3.353,265,405,-1,-1,0,0
592.676,391.569,-6.597,-3.353,260,400,-1,-1,0,0
586.079,388.216,-6.597,-3.353,255,395,-1,-1,0,0
579.482,384.864,-6.597,-3.353,250,390,-1,-1,0,0
572.886,381.511,-6.597,-3.353,245,385,-1,-1,0,0
566.289,378.158,-6.597,-3.353,240,380,-1,-1,0,0
559.692,374.805,-6.597,-3.353,235,375,-1,-1,0,0
553.095,371.452,-6.597,-3.353,230,370,-1,-1,0,0
546.498,368.099,-6.597,-3.353,225,365,-1,-1,0,0
539.901,364.746,-6.597,-3.353,220,360,-1,-1,0,0
533.305,361.393,-6.597,-3.353,215,355,-1,-1,0,0
526.708,358.041,-6.597,-3.353,215,350,0,-1,0,0
520.111,354.688,-6.597,-3.353,215,345,0,-1,0,0
513.514,351.335,-6.597,-3.353,215,340,0,-1,0,0
506.917,347.982,-6.597,-3.353,215,335,0,-1,0,0
500.32,344.629,-6.597,-3.353,215,330,0,-1,0,0
493.724,341.276,-6.597,-3.353,215,325,0,-1,0,0
487.127,337.923,-6.597,-3.353,215,320,0,-1,0,0
480.53,334.57,-6.597,-3.353,215,315,0,-1,0,0
473.933,331.217,-6.597,-3.353,215,310,0,-1,0,0
467.336,327.865,-6.597,-3.353,210,305,-1,-1,0,0
460.739,324.512,-6.597,-3.353,205,300,-1,-1,0,0
454.143,321.159,-6.597,-3.353,200,295,-1,-1,0,0
447.546,317.806,-6.597,-3.353,195,290,-1,-1,0,0
440.949,314.453,-6.597,-3.353,190,285,-1,-1,0,0
434.352,311.1,-6.597,-3.353,185,280,-1,-1,0,0
427.755,307.747,-6.597,-3.353,180,275,-1,-1,0,0
421.158,304.394,-6.597,-3.353,175,270,-1,-1,0,0
414.562,301.042,-6.597,-3.353,170,265,-1,-1,0,0
407.965,297.689,-6.597,-3.353,165,260,-1,-1,0,0
401.368,294.336,-6.597,-3.353,165,255,0,-1,0,0
394.771,290.983,-6.597,-3.353,165,250,0,-1,0,0
388.174,287.63,-6.597,-3.353,165,245,0,-1,0,0
381.577,284.277,-6.597,-3.353,165,240,0,-1,0,0
374.981,280.924,-6.597,-3.353,165,235,0,-1,0,0
368.384,277.571,-6.597,-3.353,165,230,0,-1,0,0
361.787,274.219,-6.597,-3.353,165,225,0,-1,0,0
355.19,270.866,-6.597,-3.353,165,220,0,-1,0,0
348.593,267.513,-6.597,-3.353,165,215,0,-1,0,0
341.996,264.16,-6.597,-3.353,165,210,0,-1,0,0
335.4,260.807,-6.597,-3.353,165,205,0,-1,0,0
328.803,257.454,-6.597,-3.353,160,200,-1,-1,0,0
322.206,254.101,-6.597,-3.353,155,195,-1,-1,0,0
315.609,250.748,-6.597,-3.353,150,190,-1,-1,0,0
309.012,247.395,-6.597,-3.353,145,185,-1,-1,0,0
302.415,244.043,-6.597,-3.353,140,185,-1,0,0,0
295.819,240.69,-6.597,-3.353,135,185,-1,0,0,0
289.222,237.337,-6.597,-3.353,130,185,-1,0,0,0
282.625,233.984,-6.597,-3.353,125,185,-1,0,0,0
276.028,230.631,-6.597,-3.353,120,185,-1,0,0,0
269.431,227.278,-6.597,-3.353,115,185,-1,0,0,0
262.834,223.925,-6.597,-3.353,110,185,-1,0,0,0
256.238,220.572,-6.597,-3.353,110,185,0,0,0,0
249.641,217.22,-6.597,-3.353,110,185,0,0,0,0
243.044,213.867,-6.597,-3.353,110,185,0,0,0,0
236.447,210.514,-6.597,-3.353,110,185,0,0,0,0
229.85,207.161,-6.597,-3.353,110,185,0,0,0,0
223.253,203.808,-6.597,-3.353,110,185,0,0,0,0
216.657,200.455,-6.597,-3.353,110,185,0,0,0,0
210.06,197.102,-6.597,-3.353,110,185,0,0,0,0
203.463,193.749,-6.597,-3.353,110,185,0,0,0,0
196.866,190.396,-6.597,-3.353,110,185,0,0,0,0
190.269,187.044,-6.597,-3.353,110,185,0,0,0,0
183.672,183.691,-6.597,-3.353,110,185,0,0,0,0
177.076,180.338,-6.597,-3.353,110,185,0,0,0,0
170.479,176.985,-6.597,-3.353,110,185,0,0,0,0
163.882,173.632,-6.597,-3.353,105,185,-1,0,0,0
157.285,170.279,-6.597,-3.353,100,185,-1,0,0,0
150.688,166.926,-6.597,-3.353,95,185,-1,0,0,0
144.091,163.573,-6.597,-3.353,90,185,-1,0,0,0
137.495,160.221,-6.597,-3.353,85,185,-1,0,0,0
130.898,156.868,-6.597,-3.353,80,185,-1,0,0,0
124.301,153.515,-6.597,-3.353,75,185,-1,0,0,0
117.704,150.162,-6.597,-3.353,70,185,-1,0,0,0
111.107,146.809,-6.597,-3.353,65,185,-1,0,0,0
104.511,143.456,-6.597,-3.353,60,185,-1,0,0,0
97.914,140.103,-6.597,-3.353,55,185,-1,0,0,0
91.317,136.75,-6.597,-3.353,55,185,0,0,0,0
84.72,133.397,-6.597,-3.353,55,185,0,0,0,0
78.123,130.045,-6.597,-3.353,55,185,0,0,0,0
71.526,126.692,-6.597,-3.353,55,185,0,0,0,0
64.93,123.339,-6.597,-3.353,55,185,0,0,0,0
58.333,119.986,-6.597,-3.353,50,185,-1,0,0,0
51.736,116.633,-6.597,-3.353,45,185,-1,0,0,0
49.0,113.28,4.958,5.892,40,185,-1,0,0,0
53.958,119.172,4.958,5.892,35,185,-1,0,0,0
58.915,125.064,4.958,5.892,30,185,-1,0,0,0
63.873,130.955,4.958,5.892,25,185,-1,0,0,0
68.831,136.847,4.958,5.892,20,185,-1,0,0,0
73.788,142.738,4.958,5.892,15,185,-1,0,0,0
78.746,148.63,4.958,5.892,10,185,-1,0,0,0
83.704,154.522,4.958,5.892,5,185,-1,0,0,0
88.661,160.413,4.958,5.892,0,185,-1,0,0,0
93.619,166.305,4.958,5.892,0,185,-1,0,0,0
98.577,172.197,4.958,5.892,0,185,-1,0,0,0
103.534,178.088,4.958,5.892,0,185,0,0,0,0
108.492,183.98,4.958,5.892,0,185,0,0,0,0
113.45,189.872,4.958,5.892,0,185,0,0,0,0
118.407,195.763,4.958,5.892,0,185,0,0,0,0
123.365,201.655,4.958,5.892,0,185,0,0,0,0
128.323,207.547,4.958,5.892,0,185,0,0,0,0
133.28,213.438,4.958,5.892,0,185,0,0,0,0
138.238,219.33,4.958,5.892,0,185,0,0,0,0
143.196,225.222,4.958,5.892,0,185,0,0,0,0
148.153,231.113,4.958,5.892,0,190,0,1,0,0
153.111,237.005,4.958,5.892,0,195,0,1,0,0
158.069,242.897,4.958,5.892,0,200,0,1,0,0
163.026,248.788,4.958,5.892,0,205,0,1,0,0
167.984,254.68,4.958,5.892,0,210,0,1,0,0
172.942,260.572,4.958,5.892,0,215,0,1,0,0
177.899,266.463,4.958,5.892,0,220,0,1,0,0
182.857,272.355,4.958,5.892,0,225,0,1,0,0
187.815,278.246,4.958,5.892,0,230,0,1,0,0
192.772,284.138,4.958,5.892,0,235,0,1,0,0
197.73,290.03,4.958,5.892,0,240,0,1,0,0
202.688,295.921,4.958,5.892,0,245,0,1,0,0
207.645,301.813,4.958,5.892,0,250,0,1,0,0
212.603,307.705,4.958,5.892,0,255,0,1,0,0
217.561,313.596,4.958,5.892,0,260,0,1,0,0
222.518,319.488,4.958,5.892,0,265,0,1,0,0
227.476,325.38,4.958,5.892,0,270,0,1,0,0
232.434,331.271,4.958,5.892,0,275,0,1,0,0
237.391,337.163,4.958,5.892,0,280,0,1,0,0
242.349,343.055,4.958,5.892,0,285,0,1,0,0
247.307,348.946,4.958,5.892,0,290,0,1,0,0
252.264,354.838,4.958,5.892,0,295,0,1,0,0
257.222,360.73,4.958,5.892,0,300,0,1,0,0
262.18,366.621,4.958,5.892,0,305,0,1,0,0
267.137,372.513,4.958,5.892,0,310,0,1,0,0
272.095,378.405,4.958,5.892,0,315,0,1,0,0
277.053,384.296,4.958,5.892,0,320,0,1,0,0
282.01,390.188,4.958,5.892,5,325,1,1,0,0
286.968,396.079,4.958,5.892,10,330,1,1,0,0
291.926,401.971,4.958,5.892,15,335,1,1,0,0
296.883,407.863,4.958,5.892,20,340,1,1,0,0
301.841,413.754,4.958,5.892,25,345,1,1,0,0
306.799,419.646,4.958,5.892,30,350,1,1,0,0
311.756,425.538,4.958,5.892,35,355,1,1,0,0
316.714,431.429,4.958,5.892,40,360,1,1,0,0
321.672,437.321,4.958,5.892,45,365,1,1,0,0
326.629,443.213,4.958,5.892,50,370,1,1,0,0
331.587,449.104,4.958,5.892,55,375,1,1,0,0
336.545,454.996,4.958,5.892,60,380,1,1,0,0
341.502,460.888,4.958,5.892,65,385,1,1,0,0
346.46,466.779,4.958,5.892,70,390,1,1,0,0
351.418,472.671,4.958,5.892,75,395,1,1,0,0
356.375,478.563,4.958,5.892,80,400,1,1,0,0
361.333,484.454,4.958,5.892,85,405,1,1,0,0
366.291,490.346,4.958,5.892,90,410,1,1,0,0
371.248,496.238,4.958,5.892,95,415,1,1,0,0
376.206,502.129,4.958,5.892,100,420,1,1,0,0
381.164,508.021,4.958,5.892,105,425,1,1,0,0
386.121,513.913,4.958,5.892,110,430,1,1,0,0
391.079,519.804,4.958,5.892,115,435,1,1,0,0
396.037,525.696,4.958,5.892,120,435,1,0,0,0
400.994,531.587,4.958,5.892,125,435,1,0,0,0
405.952,537.479,4.958,5.892,130,435,1,0,0,0
410.91,543.371,4.958,5.892,135,435,1,0,0,0
415.867,549.262,4.958,5.892,140,435,1,0,0,0
420.825,555.154,4.958,5.892,145,430,1,-1,0,0
425.782,561.046,4.958,5.892,150,425,1,-1,0,0
430.74,566.937,4.958,5.892,155,420,1,-1,0,0
435.698,572.829,4.958,5.892,160,415,1,-1,0,0
440.655,578.721,4.958,5.892,165,410,1,-1,0,0
445.613,584.612,4.958,5.892,170,405,1,-1,0,0
450.571,590.504,4.958,5.892,175,400,1,-1,0,0
455.528,594.0,4.958,-5.892,180,395,1,-1,0,0
460.486,588.108,4.958,-5.892,185,390,1,-1,0,0
465.444,582.217,4.958,-5.892,190,385,1,-1,0,0
470.401,576.325,4.958,-5.892,195,380,1,-1,0,0
475.359,570.433,4.958,-5.892,200,375,1,-1,0,0
480.317,564.542,4.958,-5.892,205,370,1,-1,0,0
485.274,558.65,4.958,-5.892,210,365,1,-1,0,0
490.232,552.758,4.958,-5.892,215,360,1,-1,0,0
495.19,546.867,4.958,-5.892,220,355,1,-1,0,0
500.147,540.975,4.958,-5.892,225,350,1,-1,0,0
505.105,535.083,4.958,-5.892,230,345,1,-1,0,0
510.063,529.192,4.958,-5.892,235,340,1,-1,0,0
515.02,523.3,4.958,-5.892,240,335,1,-1,0,0
519.978,517.409,4.958,-5.892,245,330,1,-1,0,0
524.936,511.517,4.958,-5.892,250,325,1,-1,0,0
529.893,505.625,4.958,-5.892,255,320,1,-1,0,0
534.851,499.734,4.958,-5.892,260,315,1,-1,0,0
539.809,493.842,4.958,-5.892,265,310,1,-1,0,0
544.766,487.95,4.958,-5.892,270,305,1,-1,0,0
549.724,482.059,4.958,-5.892,275,300,1,-1,0,0
554.682,476.167,4.958,-5.892,275,295,0,-1,0,0
559.639,470.275,4.958,-5.892,275,290,0,-1,0,0
564.597,464.384,4.958,-5.892,275,285,0,-1,0,0
569.555,458.492,4.958,-5.892,275,280,0,-1,0,0
574.512,452.6,4.958,-5.892,275,275,0,-1,0,0
579.47,446.709,4.958,-5.892,275,275,0,0,0,0
584.428,440.817,4.958,-5.892,275,275,0,0,0,0
589.385,434.925,4.958,-5.892,275,275,0,0,0,0
594.343,429.034,4.958,-5.892,275,275,0,0,0,0
599.301,423.142,4.958,-5.892,275,275,0,0,0,0
604.258,417.25,4.958,-5.892,275,275,0,0,0,0
609.216,411.359,4.958,-5.892,275,275,0,0,0,0
614.174,405.467,4.958,-5.892,275,275,0,0,0,0
619.131,399.575,4.958,-5.892,275,275,0,0,0,0
624.089,393.684,4.958,-5.892,275,275,0,0,0,0
629.047,387.792,4.958,-5.892,275,275,0,0,0,0
634.004,381.901,4.958,-5.892,275,275,0,0,0,0
638.962,376.009,4.958,-5.892,275,275,0,0,0,0
643.92,370.117,4.958,-5.892,275,275,0,0,0,0
648.877,364.226,4.958,-5.892,275,275,0,0,0,0
653.835,358.334,4.958,-5.892,275,275,0,0,0,0
658.793,352.442,4.958,-5.892,275,270,0,-1,0,0
663.75,346.551,4.958,-5.892,275,265,0,-1,0,0
668.708,340.659,4.958,-5.892,275,260,0,-1,0,0
673.666,334.767,4.958,-5.892,275,255,0,-1,0,0
678.623,328.876,4.958,-5.892,275,250,0,-1,0,0
683.581,322.984,4.958,-5.892,275,245,0,-1,0,0
688.539,317.092,4.958,-5.892,275,240,0,-1,0,0
693.496,311.201,4.958,-5.892,275,235,0,-1,0,0
698.454,305.309,4.958,-5.892,275,235,0,0,0,0
703.412,299.417,4.958,-5.892,275,235,0,0,0,0
708.369,293.526,4.958,-5.892,275,235,0,0,0,0
713.327,287.634,4.958,-5.892,275,235,0,0,0,0
718.285,281.742,4.958,-5.892,275,235,0,0,0,0
723.242,275.851,4.958,-5.892,275,235,0,0,0,0
728.2,269.959,4.958,-5.892,275,230,0,-1,0,0
733.158,264.067,4.958,-5.892,275,225,0,-1,0,0
738.115,258.176,4.958,-5.892,275,220,0,-1,0,0
743.073,252.284,4.958,-5.892,275,215,0,-1,0,0
748.031,246.393,4.958,-5.892,275,210,0,-1,0,0
752.988,240.501,4.958,-5.892,275,205,0,-1,0,0
751.0,234.609,-7.92,-1.125,275,200,0,-1,0,0
743.08,233.484,-7.92,-1.125,275,195,0,-1,0,0
735.159,232.359,-7.92,-1.125,275,190,0,-1,0,0
727.239,231.233,-7.92,-1.125,275,185,0,-1,0,0
719.318,230.108,-7.92,-1.125,275,180,0,-1,0,0
711.398,228.983,-7.92,-1.125,275,175,0,-1,0,0
703.477,227.857,-7.92,-1.125,275,170,0,-1,0,0
695.557,226.732,-7.92,-1.125,275,165,0,-1,0,0
687.636,225.607,-7.92,-1.125,275,160,0,-1,0,0
679.716,224.482,-7.92,-1.125,280,155,1,-1,0,0
671.795,223.356,-7.92,-1.125,285,150,1,-1,0,0
663.875,222.231,-7.92,-1.125,290,145,1,-1,0,0
655.954,221.106,-7.92,-1.125,295,140,1,-1,0,0
648.034,219.98,-7.92,-1.125,300,135,1,-1,0,0
640.114,218.855,-7.92,-1.125,305,130,1,-1,0,0
632.193,217.73,-7.92,-1.125,310,125,1,-1,0,0
624.273,216.604,-7.92,-1.125,315,120,1,-1,0,0
616.352,215.479,-7.92,-1.125,320,115,1,-1,0,0
608.432,214.354,-7.92,-1.125,325,110,1,-1,0,0
600.511,213.229,-7.92,-1.125,330,105,1,-1,0,0
592.591,212.103,-7.92,-1.125,335,100,1,-1,0,0
584.67,210.978,-7.92,-1.125,340,100,1,0,0,0
576.75,209.853,-7.92,-1.125,345,100,1,0,0,0
568.829,208.727,-7.92,-1.125,350,100,1,0,0,0
560.909,207.602,-7.92,-1.125,355,100,1,0,0,0
552.988,206.477,-7.92,-1.125,360,100,1,0,0,0
545.068,205.352,-7.92,-1.125,360,100,0,0,0,0
537.148,204.226,-7.92,-1.125,360,100,0,0,0,0
529.227,203.101,-7.92,-1.125,360,100,0,0,0,0
521.307,201.976,-7.92,-1.125,360,100,0,0,0,0
513.386,200.85,-7.92,-1.125,360,100,0,0,0,0
505.466,199.725,-7.92,-1.125,360,100,0,0,0,0
497.545,198.6,-7.92,-1.125,360,100,0,0,0,0
489.625,197.474,-7.92,-1.125,360,100,0,0,0,0
481.704,196.349,-7.92,-1.125,360,100,0,0,0,0
473.784,195.224,-7.92,-1.125,360,100,0,0,0,0
465.863,194.099,-7.92,-1.125,360,100,0,0,0,0
457.943,192.973,-7.92,-1.125,355,100,-1,0,0,0
450.022,191.848,-7.92,-1.125,350,100,-1,0,0,0
442.102,190.723,-7.92,-1.125,345,100,-1,0,0,0
434.182,189.597,-7.92,-1.125,340,100,-1,0,0,0
426.261,188.472,-7.92,-1.125,335,100,-1,0,0,0
418.341,187.347,-7.92,-1.125,330,95,-1,-1,0,0
410.42,186.221,-7.92,-1.125,325,90,-1,-1,0,0
402.5,185.096,-7.92,-1.125,320,85,-1,-1,0,0
394.579,183.971,-7.92,-1.125,315,80,-1,-1,0,0
386.659,182.846,-7.92,-1.125,310,75,-1,-1,0,0
378.738,181.72,-7.92,-1.125,305,70,-1,-1,0,0
370.818,180.595,-7.92,-1.125,300,65,-1,-1,0,0
362.897,179.47,-7.92,-1.125,295,60,-1,-1,0,0
354.977,178.344,-7.92,-1.125,290,55,-1,-1,0,0
347.056,177.219,-7.92,-1.125,285,50,-1,-1,0,0
339.136,176.094,-7.92,-1.125,285,45,0,-1,0,0
331.216,174.969,-7.92,-1.125,285,40,0,-1,0,0
323.295,173.843,-7.92,-1.125,285,35,0,-1,0,0
315.375,172.718,-7.92,-1.125,285,30,0,-1,0,0
307.454,171.593,-7.92,-1.125,285,25,0,-1,0,0
299.534,170.467,-7.92,-1.125,285,20,0,-1,0,0
291.613,169.342,-7.92,-1.125,285,15,0,-1,0,0
283.693,168.217,-7.92,-1.125,280,10,-1,-1,0,0
275.772,167.091,-7.92,-1.125,275,5,-1,-1,0,0
267.852,165.966,-7.92,-1.125,270,0,-1,-1,0,0
259.931,164.841,-7.92,-1.125,265,0,-1,-1,0,0
252.011,163.716,-7.92,-1.125,260,0,-1,-1,0,0
244.09,162.59,-7.92,-1.125,255,0,-1,-1,0,0
236.17,161.465,-7.92,-1.125,250,0,-1,-1,0,0
228.25,160.34,-7.92,-1.125,245,0,-1,-1,0,0
220.329,159.214,-7.92,-1.125,240,0,-1,-1,0,0
212.409,158.089,-7.92,-1.125,235,0,-1,-1,0,0
204.488,156.964,-7.92,-1.125,230,0,-1,-1,0,0
196.568,155.838,-7.92,-1.125,225,0,-1,-1,0,0
188.647,154.713,-7.92,-1.125,220,0,-1,-1,0,0
180.727,153.588,-7.92,-1.125,215,0,-1,-1,0,0
172.806,152.463,-7.92,-1.125,210,0,-1,-1,0,0
164.886,151.337,-7.92,-1.125,205,0,-1,-1,0,0
156.965,150.212,-7.92,-1.125,200,0,-1,-1,0,0
149.045,149.087,-7.92,-1.125,195,0,-1,-1,0,0
141.124,147.961,-7.92,-1.125,190,0,-1,-1,0,0
133.204,146.836,-7.92,-1.125,185,0,-1,-1,0,0
125.284,145.711,-7.92,-1.125,180,0,-1,-1,0,0
117.363,144.586,-7.92,-1.125,175,0,-1,-1,0,0
109.443,143.46,-7.92,-1.125,170,0,-1,-1,0,0
101.522,142.335,-7.92,-1.125,165,0,-1,-1,0,0
93.602,141.21,-7.92,-1.125,160,0,-1,-1,0,0
85.681,140.084,-7.92,-1.125,155,0,-1,-1,0,0
77.761,138.959,-7.92,-1.125,150,0,-1,-1,0,0
69.84,137.834,-7.92,-1.125,145,0,-1,-1,0,0
61.92,136.708,-7.92,-1.125,140,0,-1,-1,0,0
53.999,135.583,-7.92,-1.125,135,0,-1,-1,0,0
49.0,134.458,4.959,-6.656,130,0,-1,-1,0,0
53.959,127.802,4.959,-6.656,125,0,-1,-1,0,0
58.918,121.146,4.959,-6.656,120,0,-1,-1,0,0
63.876,114.49,4.959,-6.656,115,0,-1,-1,0,0
68.835,107.834,4.959,-6.656,110,0,-1,-1,0,0
73.794,101.178,4.959,-6.656,105,0,-1,-1,0,0
78.753,94.523,4.959,-6.656,100,0,-1,-1,0,0
83.711,87.867,4.959,-6.656,95,0,-1,-1,0,0
88.67,81.211,4.959,-6.656,90,0,-1,-1,0,0
93.629,74.555,4.959,-6.656,85,0,-1,-1,0,0
98.588,67.899,4.959,-6.656,80,0,-1,-1,0,0
103.546,61.243,4.959,-6.656,75,0,-1,-1,0,0
108.505,54.587,4.959,-6.656,70,0,-1,-1,0,0
113.464,47.931,4.959,-6.656,65,0,-1,-1,0,0
118.423,41.275,4.959,-6.656,60,0,-1,-1,0,0
123.381,34.62,4.959,-6.656,55,0,-1,-1,0,0
128.34,27.964,4.959,-6.656,50,0,-1,-1,0,0
133.299,21.308,4.959,-6.656,45,0,-1,0,0,0
138.258,14.652,4.959,-6.656,40,5,-1,1,0,0
143.216,7.996,4.959,-6.656,35,10,-1,1,0,0
148.175,6.0,4.959,6.656,30,15,-1,1,0,0
153.134,12.656,4.959,6.656,30,20,0,1,0,0
158.093,19.312,4.959,6.656,30,25,0,1,0,0
163.051,25.968,4.959,6.656,30,30,0,1,0,0
168.01,32.624,4.959,6.656,30,35,0,1,0,0
172.969,39.279,4.959,6.656,30,40,0,1,0,0
177.928,45.935,4.959,6.656,30,45,0,1,0,0
182.886,52.591,4.959,6.656,30,50,0,1,0,0
187.845,59.247,4.959,6.656,30,55,0,1,0,0
192.804,65.903,4.959,6.656,30,60,0,1,0,0
197.763,72.559,4.959,6.656,30,65,0,1,0,0
202.721,79.215,4.959,6.656,30,70,0,1,0,0
207.68,85.871,4.959,6.656,35,75,1,1,0,0
212.639,92.526,4.959,6.656,40,80,1,1,0,0
217.598,99.182,4.959,6.656,45,85,1,1,0,0
222.556,105.838,4.959,6.656,50,90,1,1,0,0
227.515,112.494,4.959,6.656,55,95,1,1,0,0
232.474,119.15,4.959,6.656,60,100,1,1,0,0
237.433,125.806,4.959,6.656,65,105,1,1,0,0
242.391,132.462,4.959,6.656,70,110,1,1,0,0
247.35,139.118,4.959,6.656,75,115,1,1,0,0
252.309,145.774,4.959,6.656,80,120,1,1,0,0
257.268,152.429,4.959,6.656,85,125,1,1,0,0
262.226,159.085,4.959,6.656,90,130,1,1,0,0
267.185,165.741,4.959,6.656,95,135,1,1,0,0
272.144,172.397,4.959,6.656,100,140,1,1,0,0
277.103,179.053,4.959,6.656,105,145,1,1,0,0
282.061,185.709,4.959,6.656,110,150,1,1,0,0
287.02,192.365,4.959,6.656,110,155,0,1,0,0
291.979,199.021,4.959,6.656,110,160,0,1,0,0
296.938,205.676,4.959,6.656,110,165,0,1,0,0
301.896,212.332,4.959,6.656,110,170,0,1,0,0
306.855,218.988,4.959,6.656,110,175,0,1,0,0
311.814,225.644,4.959,6.656,110,180,0,1,0,0
316.773,232.3,4.959,6.656,110,185,0,1,0,0
321.731,238.956,4.959,6.656,110,190,0,1,0,0
326.69,245.612,4.959,6.656,110,195,0,1,0,0
331.649,252.268,4.959,6.656,110,200,0,1,0,0
336.608,258.924,4.959,6.656,115,205,1,1,0,0
341.566,265.579,4.959,6.656,120,210,1,1,0,0
346.525,272.235,4.959,6.656,125,215,1,1,0,0
351.484,278.891,4.959,6.656,130,220,1,1,0,0
356.443,285.547,4.959,6.656,135,225,1,1,0,0
361.401,292.203,4.959,6.656,140,230,1,1,0,0
366.36,298.859,4.959,6.656,145,235,1,1,0,0
371.319,305.515,4.959,6.656,150,240,1,1,0,0
376.278,312.171,4.959,6.656,155,245,1,1,0,0
381.236,318.826,4.959,6.656,160,250,1,1,0,0
386.195,325.482,4.959,6.656,165,255,1,1,0,0
391.154,332.138,4.959,6.656,170,260,1,1,0,0
396.113,338.794,4.959,6.656,175,265,1,1,0,0
401.071,345.45,4.959,6.656,180,270,1,1,0,0
406.03,352.106,4.959,6.656,185,275,1,1,0,0
410.989,358.762,4.959,6.656,190,280,1,1,0,0
415.948,365.418,4.959,6.656,195,285,1,1,0,0
420.906,372.074,4.959,6.656,200,290,1,1,0,0
425.865,378.729,4.959,6.656,205,295,1,1,0,0
430.824,385.385,4.959,6.656,210,300,1,1,0,0
435.783,392.041,4.959,6.656,215,305,1,1,0,0
440.741,398.697,4.959,6.656,220,310,1,1,0,0
445.7,405.353,4.959,6.656,225,315,1,1,0,0
450.659,412.009,4.959,6.656,230,320,1,1,0,0
455.618,418.665,4.959,6.656,235,325,1,1,0,0
460.576,425.321,4.959,6.656,240,330,1,1,0,0
465.535,431.977,4.959,6.656,245,335,1,1,0,0
470.494,438.632,4.959,6.656,250,340,1,1,0,0
475.453,445.288,4.959,6.656,255,345,1,1,0,0
480.411,451.944,4.959,6.656,260,350,1,1,0,0
485.37,458.6,4.959,6.656,265,355,1,1,0,0
490.329,465.256,4.959,6.656,270,360,1,1,0,0
495.288,471.912,4.959,6.656,275,365,1,1,0,0
500.246,478.568,4.959,6.656,280,370,1,1,0,0
505.205,485.224,4.959,6.656,285,375,1,1,0,0
510.164,491.879,4.959,6.656,290,380,1,1,0,0
515.123,498.535,4.959,6.656,295,385,1,1,0,0
520.081,505.191,4.959,6.656,300,390,1,1,0,0
525.04,511.847,4.959,6.656,305,395,1,1,0,0
529.999,518.503,4.959,6.656,310,400,1,1,0,0
534.958,525.159,4.959,6.656,315,405,1,1,0,0
539.916,531.815,4.959,6.656,315,410,0,1,0,0
544.875,538.471,4.959,6.656,315,415,0,1,0,0
549.834,545.127,4.959,6.656,315,420,0,1,0,0
554.793,551.782,4.959,6.656,315,420,0,0,0,0
559.751,558.438,4.959,6.656,315,420,0,0,0,0
564.71,565.094,4.959,6.656,315,420,0,0,0,0
569.669,571.75,4.959,6.656,315,420,0,0,0,0
574.628,578.406,4.959,6.656,315,420,0,0,0,0
579.586,585.062,4.959,6.656,315,420,0,0,0,0
584.545,591.718,4.959,6.656,315,420,0,0,0,0
589.504,594.0,4.959,-6.656,315,420,0,0,0,0
594.463,587.344,4.959,-6.656,315,420,0,0,0,0
599.421,580.688,4.959,-6.656,315,420,0,0,0,0
604.38,574.032,4.959,-6.656,315,420,0,0,0,0
609.339,567.376,4.959,-6.656,315,420,0,0,0,0
614.298,560.721,4.959,-6.656,315,420,0,0,0,0
619.256,554.065,4.959,-6.656,315,420,0,0,0,0
624.215,547.409,4.959,-6.656,315,420,0,0,0,0
629.174,540.753,4.959,-6.656,315,420,0,0,0,0
634.133,534.097,4.959,-6.656,315,420,0,0,0,0
639.091,527.441,4.959,-6.656,315,420,0,0,0,0
644.05,520.785,4.959,-6.656,315,415,0,-1,0,0
649.009,514.129,4.959,-6.656,315,410,0,-1,0,0
653.968,507.474,4.959,-6.656,315,405,0,-1,0,0
658.927,500.818,4.959,-6.656,315,400,0,-1,0,0
663.885,494.162,4.959,-6.656,315,395,0,-1,0,0
668.844,487.506,4.959,-6.656,315,390,0,-1,0,0
673.803,480.85,4.959,-6.656,315,385,0,-1,0,0
678.762,474.194,4.959,-6.656,315,380,0,-1,0,0
683.72,467.538,4.959,-6.656,315,375,0,-1,0,0
688.679,460.882,4.959,-6.656,315,370,0,-1,0,0
693.638,454.226,4.959,-6.656,315,365,0,-1,0,0
698.597,447.571,4.959,-6.656,315,360,0,-1,0,0
703.555,440.915,4.959,-6.656,315,355,0,-1,0,0
708.514,434.259,4.959,-6.656,315,350,0,-1,0,0
713.473,427.603,4.959,-6.656,315,345,0,-1,0,0
718.432,420.947,4.959,-6.656,315,340,0,-1,0,0
723.39,414.291,4.959,-6.656,315,335,0,-1,0,0
728.349,407.635,4.959,-6.656,315,330,0,-1,0,0
733.308,400.979,4.959,-6.656,315,325,0,-1,0,0
738.267,394.324,4.959,-6.656,315,320,0,-1,0,0
743.225,387.668,4.959,-6.656,315,315,0,-1,0,0
748.184,381.012,4.959,-6.656,315,310,0,-1,0,0
751.0,374.356,-6.183,5.978,315,305,0,-1,0,0
744.817,380.334,-6.183,5.978,315,300,0,-1,0,0
738.634,386.311,-6.183,5.978,310,295,-1,-1,0,0
732.452,392.289,-6.183,5.978,305,290,-1,-1,0,0
726.269,398.267,-6.183,5.978,300,285,-1,-1,0,0
720.086,404.244,-6.183,5.978,295,280,-1,-1,0,0
713.903,410.222,-6.183,5.978,290,275,-1,-1,0,0
707.72,416.2,-6.183,5.978,285,270,-1,-1,0,0
701.538,422.178,-6.183,5.978,280,265,-1,-1,0,0
695.355,428.155,-6.183,5.978,275,260,-1,-1,0,0
689.172,434.133,-6.183,5.978,270,255,-1,-1,0,0
682.989,440.111,-6.183,5.978,265,250,-1,-1,0,0
676.806,446.088,-6.183,5.978,260,245,-1,-1,0,0
670.624,452.066,-6.183,5.978,255,240,-1,-1,0,0
664.441,458.044,-6.183,5.978,250,240,-1,0,0,0
658.258,464.022,-6.183,5.978,245,240,-1,0,0,0
652.075,469.999,-6.183,5.978,240,240,-1,0,0,0
645.892,475.977,-6.183,5.978,235,240,-1,0,0,0
639.71,481.955,-6.183,5.978,235,240,0,0,0,0
633.527,487.932,-6.183,5.978,235,240,0,0,0,0
627.344,493.91,-6.183,5.978,235,240,0,0,0,0
621.161,499.888,-6.183,5.978,235,240,0,0,0,0
614.978,505.865,-6.183,5.978,235,240,0,0,0,0
608.796,511.843,-6.183,5.978,240,240,1,0,0,0
602.613,517.821,-6.183,5.978,245,240,1,0,0,0
596.43,523.799,-6.183,5.978,250,240,1,0,0,0
590.247,529.776,-6.183,5.978,255,240,1,0,0,0
584.064,535.754,-6.183,5.978,260,240,1,0,0,0
577.882,541.732,-6.183,5.978,265,245,1,1,0,0
571.699,547.709,-6.183,5.978,270,250,1,1,0,0
565.516,553.687,-6.183,5.978,275,255,1,1,0,0
559.333,559.665,-6.183,5.978,280,260,1,1,0,0
553.15,565.643,-6.183,5.978,285,265,1,1,0,0
546.968,571.62,-6.183,5.978,290,270,1,1,0,0
540.785,577.598,-6.183,5.978,295,275,1,1,0,0
534.602,583.576,-6.183,5.978,300,280,1,1,0,0
528.419,589.553,-6.183,5.978,305,285,1,1,0,0
522.236,594.0,-6.183,-5.978,310,290,1,1,0,0
516.054,588.022,-6.183,-5.978,315,295,1,1,0,0
509.871,582.045,-6.183,-5.978,320,300,1,1,0,0
503.688,576.067,-6.183,-5.978,325,305,1,1,0,0
497.505,570.089,-6.183,-5.978,330,310,1,1,0,0
491.323,564.111,-6.183,-5.978,335,315,1,1,0,0
485.14,558.134,-6.183,-5.978,335,320,0,1,0,0
478.957,552.156,-6.183,-5.978,335,325,0,1,0,0
472.774,546.178,-6.183,-5.978,335,330,0,1,0,0
466.591,540.201,-6.183,-5.978,335,335,0,1,0,0
460.409,534.223,-6.183,-5.978,335,340,0,1,0,0
454.226,528.245,-6.183,-5.978,335,345,0,1,0,0
448.043,522.267,-6.183,-5.978,335,350,0,1,0,0
441.86,516.29,-6.183,-5.978,335,355,0,1,0,0
435.677,510.312,-6.183,-5.978,335,355,0,0,0,0
429.495,504.334,-6.183,-5.978,335,355,0,0,0,0
423.312,498.357,-6.183,-5.978,335,355,0,0,0,0
417.129,492.379,-6.183,-5.978,335,355,0,0,0,0
410.946,486.401,-6.183,-5.978,335,355,0,0,0,0
404.763,480.424,-6.183,-5.978,335,355,0,0,0,0
398.581,474.446,-6.183,-5.978,335,355,0,0,0,0
392.398,468.468,-6.183,-5.978,335,355,0,0,0,0
386.215,462.49,-6.183,-5.978,335,355,0,0,0,0
380.032,456.513,-6.183,-5.978,335,355,0,0,0,0
373.849,450.535,-6.183,-5.978,335,355,0,0,0,0
367.667,444.557,-6.183,-5.978,330,350,-1,-1,0,0
361.484,438.58,-6.183,-5.978,325,345,-1,-1,0,0
355.301,432.602,-6.183,-5.978,320,340,-1,-1,0,0
349.118,426.624,-6.183,-5.978,315,335,-1,-1,0,0
342.935,420.646,-6.183,-5.978,310,330,-1,-1,0,0
336.753,414.669,-6.183,-5.978,305,325,-1,-1,0,0
330.57,408.691,-6.183,-5.978,300,320,-1,-1,0,0
324.387,402.713,-6.183,-5.978,295,315,-1,-1,0,0
318.204,396.736,-6.183,-5.978,290,310,-1,-1,0,0
312.021,390.758,-6.183,-5.978,285,305,-1,-1,0,0
305.839,384.78,-6.183,-5.978,280,300,-1,-1,0,0
299.656,378.802,-6.183,-5.978,275,295,-1,-1,0,0
293.473,372.825,-6.183,-5.978,270,290,-1,-1,0,0
287.29,366.847,-6.183,-5.978,265,285,-1,-1,0,0
281.107,360.869,-6.183,-5.978,260,280,-1,-1,0,0
274.925,354.892,-6.183,-5.978,255,275,-1,-1,0,0
268.742,348.914,-6.183,-5.978,250,270,-1,-1,0,0
262.559,342.936,-6.183,-5.978,245,265,-1,-1,0,0
256.376,336.958,-6.183,-5.978,240,260,-1,-1,0,0
250.193,330.981,-6.183,-5.978,235,255,-1,-1,0,0
244.011,325.003,-6.183,-5.978,230,250,-1,-1,0,0
237.828,319.025,-6.183,-5.978,225,245,-1,-1,0,0
231.645,313.048,-6.183,-5.978,220,240,-1,-1,0,0
225.462,307.07,-6.183,-5.978,215,235,-1,-1,0,0
219.279,301.092,-6.183,-5.978,210,230,-1,-1,0,0
213.097,295.115,-6.183,-5.978,205,225,-1,-1,0,0
206.914,289.137,-6.183,-5.978,200,220,-1,-1,0,0
200.731,283.159,-6.183,-5.978,195,215,-1,-1,0,0
194.548,277.181,-6.183,-5.978,190,210,-1,-1,0,0
188.365,271.204,-6.183,-5.978,185,205,-1,-1,0,0
182.183,265.226,-6.183,-5.978,180,200,-1,-1,0,0
176.0,259.248,-6.183,-5.978,175,195,-1,-1,0,0
169.817,253.271,-6.183,-5.978,170,190,-1,-1,0,0
163.634,247.293,-6.183,-5.978,165,185,-1,-1,0,0
157.451,241.315,-6.183,-5.978,160,180,-1,-1,0,0
151.269,235.337,-6.183,-5.978,155,175,-1,-1,0,0
145.086,229.36,-6.183,-5.978,150,170,-1,-1,0,0
138.903,223.382,-6.183,-5.978,145,165,-1,-1,0,0
132.72,217.404,-6.183,-5.978,140,160,-1,-1,0,0
126.537,211.427,-6.183,-5.978,135,155,-1,-1,0,0
120.355,205.449,-6.183,-5.978,130,150,-1,-1,0,0
114.172,199.471,-6.183,-5.978,125,145,-1,-1,0,0
107.989,193.493,-6.183,-5.978,120,140,-1,-1,0,0
101.806,187.516,-6.183,-5.978,115,135,-1,-1,0,0
95.623,181.538,-6.183,-5.978,110,130,-1,-1,0,0
89.441,175.56,-6.183,-5.978,105,125,-1,-1,0,0
83.258,169.583,-6.183,-5.978,100,120,-1,-1,0,0
77.075,163.605,-6.183,-5.978,95,115,-1,-1,0,0
70.892,157.627,-6.183,-5.978,90,110,-1,-1,0,0
64.709,151.649,-6.183,-5.978,85,105,-1,-1,0,0
58.527,145.672,-6.183,-5.978,80,100,-1,-1,0,0
52.344,139.694,-6.183,-5.978,75,95,-1,-1,0,0
49.0,133.716,7.239,5.178,70,90,-1,-1,0,0
56.239,138.894,7.239,5.178,65,90,-1,0,0,0
63.478,144.072,7.239,5.178,60,90,-1,0,0,0
70.717,149.249,7.239,5.178,55,90,-1,0,0,0
77.956,154.427,7.239,5.178,50,90,-1,0,0,0
85.194,159.605,7.239,5.178,45,90,-1,0,0,0
92.433,164.782,7.239,5.178,40,90,-1,0,0,0
99.672,169.96,7.239,5.178,35,90,-1,0,0,0
106.911,175.138,7.239,5.178,30,90,-1,0,0,0
114.15,180.315,7.239,5.178,25,90,-1,0,0,0
121.389,185.493,7.239,5.178,20,90,-1,0,0,0
128.628,190.671,7.239,5.178,15,90,-1,0,0,0
135.867,195.848,7.239,5.178,10,95,-1,1,0,0
143.106,201.026,7.239,5.178,5,100,-1,1,0,0
150.345,206.204,7.239,5.178,0,105,-1,1,0,0
157.583,211.381,7.239,5.178,0,110,-1,1,0,0
164.822,216.559,7.239,5.178,0,115,-1,1,0,0
172.061,221.737,7.239,5.178,0,120,-1,1,0,0
179.3,226.915,7.239,5.178,0,125,-1,1,0,0
186.539,232.092,7.239,5.178,0,130,0,1,0,0
193.778,237.27,7.239,5.178,0,135,0,1,0,0
201.017,242.448,7.239,5.178,0,140,0,1,0,0
208.256,247.625,7.239,5.178,0,145,0,1,0,0
215.495,252.803,7.239,5.178,5,150,1,1,0,0
222.734,257.981,7.239,5.178,10,155,1,1,0,0
229.972,263.158,7.239,5.178,15,160,1,1,0,0
237.211,268.336,7.239,5.178,20,165,1,1,0,0
244.45,273.514,7.239,5.178,25,170,1,1,0,0
251.689,278.691,7.239,5.178,30,175,1,1,0,0
258.928,283.869,7.239,5.178,35,180,1,1,0,0
266.167,289.047,7.239,5.178,40,185,1,1,0,0
273.406,294.224,7.239,5.178,45,190,1,1,0,0
280.645,299.402,7.239,5.178,50,195,1,1,0,0
287.884,304.58,7.239,5.178,55,200,1,1,0,0
295.123,309.757,7.239,5.178,60,205,1,1,0,0
302.361,314.935,7.239,5.178,65,210,1,1,0,0
309.6,320.113,7.239,5.178,70,215,1,1,0,0
316.839,325.29,7.239,5.178,75,220,1,1,0,0
324.078,330.468,7.239,5.178,80,225,1,1,0,0
331.317,335.646,7.239,5.178,85,230,1,1,0,0
338.556,340.823,7.239,5.178,90,235,1,1,0,0
345.795,346.001,7.239,5.178,95,240,1,1,0,0
353.034,351.179,7.239,5.178,100,245,1,1,0,0
360.273,356.356,7.239,5.178,105,250,1,1,0,0
367.512,361.534,7.239,5.178,110,255,1,1,0,0
374.75,366.712,7.239,5.178,115,260,1,1,0,0
381.989,371.889,7.239,5.178,120,265,1,1,0,0
389.228,377.067,7.239,5.178,125,270,1,1,0,0
396.467,382.245,7.239,5.178,130,275,1,1,0,0
403.706,387.422,7.239,5.178,135,280,1,1,0,0
410.945,392.6,7.239,5.178,140,285,1,1,0,0
418.184,397.778,7.239,5.178,145,290,1,1,0,0
425.423,402.956,7.239,5.178,150,295,1,1,0,0
432.662,408.133,7.239,5.178,155,300,1,1,0,0
439.901,413.311,7.239,5.178,160,305,1,1,0,0
447.139,418.489,7.239,5.178,165,310,1,1,0,0
454.378,423.666,7.239,5.178,170,315,1,1,0,0
461.617,428.844,7.239,5.178,175,320,1,1,0,0
468.856,434.022,7.239,5.178,180,325,1,1,0,0
476.095,439.199,7.239,5.178,185,330,1,1,0,0
483.334,444.377,7.239,5.178,190,335,1,1,0,0
490.573,449.555,7.239,5.178,195,340,1,1,0,0
497.812,454.732,7.239,5.178,200,345,1,1,0,0
505.051,459.91,7.239,5.178,205,350,1,1,0,0
512.29,465.088,7.239,5.178,210,355,1,1,0,0
519.528,470.265,7.239,5.178,215,360,1,1,0,0
526.767,475.443,7.239,5.178,220,365,1,1,0,0
534.006,480.621,7.239,5.178,225,370,1,1,0,0
541.245,485.798,7.239,5.178,230,375,1,1,0,0
548.484,490.976,7.239,5.178,235,380,1,1,0,0
555.723,496.154,7.239,5.178,240,385,1,1,0,0
562.962,501.331,7.239,5.178,240,390,0,1,0,0
570.201,506.509,7.239,5.178,240,395,0,1,0,0
577.44,511.687,7.239,5.178,240,400,0,1,0,0
584.679,516.864,7.239,5.178,240,405,0,1,0,0
591.917,522.042,7.239,5.178,240,410,0,1,0,0
599.156,527.22,7.239,5.178,240,415,0,1,0,0
606.395,532.397,7.239,5.178,240,420,0,1,0,0
613.634,537.575,7.239,5.178,240,425,0,1,0,0
620.873,542.753,7.239,5.178,240,430,0,1,0,0
628.112,547.93,7.239,5.178,240,435,0,1,0,0
635.351,553.108,7.239,5.178,240,440,0,1,0,0
642.59,558.286,7.239,5.178,240,445,0,1,0,0
649.829,563.463,7.239,5.178,240,450,0,1,0,0
657.068,568.641,7.239,5.178,240,455,0,1,0,0
664.306,573.819,7.239,5.178,240,460,0,1,0,0
671.545,578.997,7.239,5.178,240,465,0,1,0,0
678.784,584.174,7.239,5.178,240,470,0,1,0,0
686.023,589.352,7.239,5.178,240,475,0,1,0,0
693.262,594.0,7.239,-5.178,240,480,0,1,0,0
700.501,588.822,7.239,-5.178,240,485,0,1,0,0
707.74,583.645,7.239,-5.178,240,490,0,1,0,0
714.979,578.467,7.239,-5.178,240,495,0,1,0,0
722.218,573.289,7.239,-5.178,240,500,0,1,0,0
729.457,568.112,7.239,-5.178,240,505,0,1,0,0
736.695,562.934,7.239,-5.178,240,510,0,1,0,0
743.934,557.756,7.239,-5.178,240,515,0,1,0,0
751.173,552.579,7.239,-5.178,240,520,0,1,0,0
751.0,547.401,-8.704,-2.98,240,520,0,1,0,0
742.296,544.421,-8.704,-2.98,240,520,0,1,0,0
733.592,541.441,-8.704,-2.98,240,520,0,1,0,0
724.888,538.461,-8.704,-2.98,240,520,0,1,0,0
716.184,535.482,-8.704,-2.98,240,520,0,1,0,0
707.48,532.502,-8.704,-2.98,240,520,0,1,0,0
698.776,529.522,-8.704,-2.98,240,520,0,1,0,0
690.072,526.542,-8.704,-2.98,240,520,0,1,0,0
681.368,523.562,-8.704,-2.98,240,520,0,1,0,0
672.663,520.582,-8.704,-2.98,240,520,0,1,0,0
663.959,517.603,-8.704,-2.98,240,520,0,1,0,0
655.255,514.623,-8.704,-2.98,240,520,0,0,0,0
646.551,511.643,-8.704,-2.98,240,515,0,-1,0,0
637.847,508.663,-8.704,-2.98,240,510,0,-1,0,0
629.143,505.683,-8.704,-2.98,240,505,0,-1,0,0
620.439,502.703,-8.704,-2.98,240,500,0,-1,0,0
611.735,499.724,-8.704,-2.98,240,495,0,-1,0,0
603.031,496.744,-8.704,-2.98,240,490,0,-1,0,0
594.327,493.764,-8.704,-2.98,240,485,0,-1,0,0
585.623,490.784,-8.704,-2.98,240,480,0,-1,0,0
576.919,487.804,-8.704,-2.98,240,475,0,-1,0,0
568.215,484.824,-8.704,-2.98,240,470,0,-1,0,0
559.511,481.845,-8.704,-2.98,240,465,0,-1,0,0
550.807,478.865,-8.704,-2.98,240,460,0,-1,0,0
542.103,475.885,-8.704,-2.98,240,455,0,-1,0,0
533.399,472.905,-8.704,-2.98,240,450,0,-1,0,0
524.695,469.925,-8.704,-2.98,240,445,0,-1,0,0
515.99,466.945,-8.704,-2.98,240,440,0,-1,0,0
507.286,463.966,-8.704,-2.98,235,435,-1,-1,0,0
498.582,460.986,-8.704,-2.98,230,430,-1,-1,0,0
489.878,458.006,-8.704,-2.98,225,425,-1,-1,0,0
481.174,455.026,-8.704,-2.98,220,420,-1,-1,0,0
472.47,452.046,-8.704,-2.98,215,415,-1,-1,0,0
463.766,449.066,-8.704,-2.98,210,410,-1,-1,0,0
455.062,446.087,-8.704,-2.98,205,405,-1,-1,0,0
446.358,443.107,-8.704,-2.98,200,400,-1,-1,0,0
437.654,440.127,-8.704,-2.98,205,395,1,-1,0,0
428.95,437.147,-8.704,-2.98,210,390,1,-1,0,0
420.246,434.167,-8.704,-2.98,215,385,1,-1,0,0
411.542,431.187,-8.704,-2.98,220,380,1,-1,0,0
402.838,428.208,-8.704,-2.98,225,375,1,-1,0,0
394.134,425.228,-8.704,-2.98,230,370,1,-1,0,0
385.43,422.248,-8.704,-2.98,235,365,1,-1,0,0
376.726,419.268,-8.704,-2.98,240,360,1,-1,0,0
368.022,416.288,-8.704,-2.98,245,355,1,-1,0,0
359.317,413.308,-8.704,-2.98,250,350,1,-1,0,0
350.613,410.329,-8.704,-2.98,255,345,1,-1,0,0
341.909,407.349,-8.704,-2.98,260,340,1,-1,0,0
333.205,404.369,-8.704,-2.98,265,335,1,-1,0,0
324.501,401.389,-8.704,-2.98,270,330,1,-1,0,0
315.797,398.409,-8.704,-2.98,275,325,1,-1,0,0
307.093,395.429,-8.704,-2.98,280,320,1,-1,0,0
298.389,392.45,-8.704,-2.98,285,315,1,-1,0,0
289.685,389.47,-8.704,-2.98,290,310,1,-1,0,0
280.981,386.49,-8.704,-2.98,295,305,1,-1,0,0
272.277,383.51,-8.704,-2.98,300,300,1,-1,0,0
263.573,380.53,-8.704,-2.98,300,295,0,-1,0,0
254.869,377.55,-8.704,-2.98,300,290,0,-1,0,0
246.165,374.571,-8.704,-2.98,300,290,0,0,0,0
237.461,371.591,-8.704,-2.98,300,290,0,0,0,0
228.757,368.611,-8.704,-2.98,300,290,0,0,0,0
220.053,365.631,-8.704,-2.98,300,290,0,0,0,0
211.348,362.651,-8.704,-2.98,300,290,0,0,0,0
202.644,359.671,-8.704,-2.98,300,290,0,0,0,0
193.94,356.692,-8.704,-2.98,300,290,0,0,0,0
185.236,353.712,-8.704,-2.98,300,290,0,0,0,0
176.532,350.732,-8.704,-2.98,300,290,0,0,0,0
167.828,347.752,-8.704,-2.98,300,290,0,0,0,0
159.124,344.772,-8.704,-2.98,300,290,0,0,0,0
150.42,341.793,-8.704,-2.98,300,290,0,0,0,0
141.716,338.813,-8.704,-2.98,300,290,0,0,0,0
133.012,335.833,-8.704,-2.98,300,290,0,0,0,0
124.308,332.853,-8.704,-2.98,300,290,0,0,0,0
115.604,329.873,-8.704,-2.98,300,290,0,0,0,0
106.9,326.893,-8.704,-2.98,300,290,0,0,0,0
98.196,323.914,-8.704,-2.98,300,290,0,0,0,0
89.492,320.934,-8.704,-2.98,300,290,0,0,0,0
80.788,317.954,-8.704,-2.98,300,290,0,0,0,0
72.084,314.974,-8.704,-2.98,300,290,0,0,0,0
63.38,311.994,-8.704,-2.98,300,290,0,0,0,0
54.675,309.014,-8.704,-2.98,300,290,0,0,0,0
49.0,306.035,5.985,-7.377,300,290,0,0,0,0
54.985,298.657,5.985,-7.377,300,290,0,0,0,0
60.97,291.28,5.985,-7.377,300,290,0,0,0,0
66.956,283.902,5.985,-7.377,300,290,0,0,0,0
72.941,276.525,5.985,-7.377,300,290,0,0,0,0
78.926,269.147,5.985,-7.377,300,290,0,0,0,0
84.911,261.77,5.985,-7.377,300,285,0,-1,0,0
90.896,254.392,5.985,-7.377,300,280,0,-1,0,0
96.882,247.015,5.985,-7.377,300,275,0,-1,0,0
102.867,239.637,5.985,-7.377,300,270,0,-1,0,0
108.852,232.26,5.985,-7.377,300,265,0,-1,0,0
114.837,224.882,5.985,-7.377,300,260,0,-1,0,0
120.823,217.505,5.985,-7.377,300,255,0,-1,0,0
126.808,210.127,5.985,-7.377,300,250,0,-1,0,0
132.793,202.75,5.985,-7.377,300,245,0,-1,0,0
138.778,195.372,5.985,-7.377,300,240,0,-1,0,0
144.763,187.995,5.985,-7.377,300,235,0,-1,0,0
150.749,180.617,5.985,-7.377,300,230,0,-1,0,0
156.734,173.24,5.985,-7.377,300,225,0,-1,0,0
162.719,165.862,5.985,-7.377,300,220,0,-1,0,0
168.704,158.485,5.985,-7.377,300,215,0,-1,0,0
174.689,151.107,5.985,-7.377,300,210,0,-1,0,0
180.675,143.73,5.985,-7.377,300,205,0,-1,0,0
186.66,136.352,5.985,-7.377,300,200,0,-1,0,0
192.645,128.975,5.985,-7.377,300,195,0,-1,0,0
198.63,121.598,5.985,-7.377,300,190,0,-1,0,0
204.616,114.22,5.985,-7.377,300,185,0,-1,0,0
210.601,106.843,5.985,-7.377,300,180,0,-1,0,0
216.586,99.465,5.985,-7.377,300,175,0,-1,0,0
222.571,92.088,5.985,-7.377,300,170,0,-1,0,0
228.556,84.71,5.985,-7.377,300,165,0,-1,0,0
234.542,77.333,5.985,-7.377,300,160,0,-1,0,0
240.527,69.955,5.985,-7.377,300,155,0,-1,0,0
246.512,62.578,5.985,-7.377,300,150,0,-1,0,0
252.497,55.2,5.985,-7.377,295,155,-1,1,0,0
258.482,47.823,5.985,-7.377,290,160,-1,1,0,0
264.468,40.445,5.985,-7.377,285,165,-1,1,0,0
270.453,33.068,5.985,-7.377,280,170,-1,1,0,0
276.438,25.69,5.985,-7.377,275,175,-1,1,0,0
282.423,18.313,5.985,-7.377,270,180,-1,1,0,0
288.409,10.935,5.985,-7.377,265,185,-1,1,0,0
294.394,6.0,5.985,7.377,260,190,-1,1,0,0
300.379,13.377,5.985,7.377,255,195,-1,1,0,0
306.364,20.755,5.985,7.377,250,200,-1,1,0,0
312.349,28.132,5.985,7.377,245,205,-1,1,0,0
318.335,35.51,5.985,7.377,240,210,-1,1,0,0
324.32,42.887,5.985,7.377,235,215,-1,1,0,0
330.305,50.265,5.985,7.377,230,220,-1,1,0,0
336.29,57.642,5.985,7.377,230,225,0,1,0,0
342.275,65.02,5.985,7.377,230,230,0,1,0,0
348.261,72.397,5.985,7.377,230,235,0,1,0,0
354.246,79.775,5.985,7.377,230,240,0,1,0,0
360.231,87.152,5.985,7.377,230,245,0,1,0,0
366.216,94.53,5.985,7.377,230,250,0,1,0,0
372.202,101.907,5.985,7.377,230,255,0,1,0,0
378.187,109.285,5.985,7.377,230,260,0,1,0,0
384.172,116.662,5.985,7.377,230,265,0,1,0,0
390.157,124.04,5.985,7.377,230,270,0,1,0,0
396.142,131.417,5.985,7.377,230,275,0,1,0,0
402.128,138.795,5.985,7.377,230,280,0,1,0,0
408.113,146.172,5.985,7.377,230,285,0,1,0,0
414.098,153.55,5.985,7.377,230,290,0,1,0,0
420.083,160.927,5.985,7.377,230,295,0,1,0,0
426.068,168.305,5.985,7.377,230,300,0,1,0,0
432.054,175.682,5.985,7.377,230,305,0,1,0,0
438.039,183.06,5.985,7.377,230,310,0,1,0,0
444.024,190.437,5.985,7.377,230,315,0,1,0,0
450.009,197.814,5.985,7.377,230,320,0,1,0,0
455.995,205.192,5.985,7.377,230,325,0,1,0,0
461.98,212.569,5.985,7.377,230,330,0,1,0,0
467.965,219.947,5.985,7.377,230,335,0,1,0,0
473.95,227.324,5.985,7.377,230,340,0,1,0,0
479.935,234.702,5.985,7.377,230,345,0,1,0,0
485.921,242.079,5.985,7.377,230,350,0,1,0,0
491.906,249.457,5.985,7.377,230,355,0,1,0,0
497.891,256.834,5.985,7.377,230,360,0,1,0,0
503.876,264.212,5.985,7.377,230,365,0,1,0,0
509.861,271.589,5.985,7.377,230,370,0,1,0,0
515.847,278.967,5.985,7.377,230,375,0,1,0,0
521.832,286.344,5.985,7.377,230,380,0,1,0,0
527.817,293.722,5.985,7.377,230,385,0,1,0,0
533.802,301.099,5.985,7.377,230,390,0,1,0,0
539.788,308.477,5.985,7.377,230,395,0,1,0,0
545.773,315.854,5.985,7.377,230,400,0,1,0,0
551.758,323.232,5.985,7.377,230,405,0,1,0,0
557.743,330.609,5.985,7.377,230,410,0,1,0,0
563.728,337.987,5.985,7.377,230,415,0,1,0,0
569.714,345.364,5.985,7.377,230,420,0,1,0,0
575.699,352.742,5.985,7.377,230,425,0,1,0,0
581.684,360.119,5.985,7.377,230,430,0,1,0,0
587.669,367.497,5.985,7.377,230,435,0,1,0,0
593.654,374.874,5.985,7.377,230,440,0,1,0,0
599.64,382.251,5.985,7.377,230,445,0,1,0,0
605.625,389.629,5.985,7.377,230,450,0,1,0,0
611.61,397.006,5.985,7.377,230,455,0,1,0,0
617.595,404.384,5.985,7.377,230,460,0,1,0,0
623.581,411.761,5.985,7.377,230,465,0,1,0,0
629.566,419.139,5.985,7.377,230,470,0,1,0,0
635.551,426.516,5.985,7.377,230,475,0,1,0,0
641.536,433.894,5.985,7.377,230,480,0,1,0,0
647.521,441.271,5.985,7.377,230,485,0,1,0,0
653.507,448.649,5.985,7.377,230,490,0,1,0,0
659.492,456.026,5.985,7.377,230,495,0,1,0,0
665.477,463.404,5.985,7.377,230,500,0,1,0,0
671.462,470.781,5.985,7.377,230,505,0,1,0,0
677.447,478.159,5.985,7.377,230,510,0,1,0,0
683.433,485.536,5.985,7.377,230,515,0,1,0,0
689.418,492.914,5.985,7.377,230,520,0,1,0,0
695.403,500.291,5.985,7.377,230,520,0,1,0,0
701.388,507.669,5.985,7.377,230,520,0,1,0,0
707.374,515.046,5.985,7.377,230,520,0,0,0,0
713.359,522.424,5.985,7.377,230,520,0,0,0,0
719.344,529.801,5.985,7.377,230,520,0,0,0,0
725.329,537.179,5.985,7.377,230,520,0,0,0,0
731.314,544.556,5.985,7.377,230,520,0,0,0,0
737.3,551.934,5.985,7.377,230,520,0,0,0,0
743.285,559.311,5.985,7.377,230,520,0,0,0,0
749.27,566.689,5.985,7.377,230,515,0,-1,0,0
751.0,574.066,-7.918,5.774,230,510,0,-1,0,0
743.082,579.84,-7.918,5.774,230,505,0,-1,0,0
735.163,585.614,-7.918,5.774,230,500,0,-1,0,0
727.245,591.388,-7.918,5.774,230,495,0,-1,0,0
719.326,594.0,-7.918,-5.774,230,490,0,-1,0,0
711.408,588.226,-7.918,-5.774,230,485,0,-1,0,0
703.49,582.452,-7.918,-5.774,230,480,0,-1,0,0
695.571,576.678,-7.918,-5.774,230,475,0,-1,0,0
687.653,570.904,-7.918,-5.774,230,470,0,-1,0,0
679.734,565.13,-7.918,-5.774,230,465,0,-1,0,0
671.816,559.356,-7.918,-5.774,230,460,0,-1,0,0
663.898,553.582,-7.918,-5.774,230,455,0,-1,0,0
655.979,547.808,-7.918,-5.774,230,450,0,-1,0,0
648.061,542.034,-7.918,-5.774,230,445,0,-1,0,0
640.142,536.26,-7.918,-5.774,230,440,0,-1,0,0
632.224,530.486,-7.918,-5.774,230,435,0,-1,0,0
624.306,524.712,-7.918,-5.774,230,430,0,-1,0,0
616.387,518.938,-7.918,-5.774,230,425,0,-1,0,0
608.469,513.164,-7.918,-5.774,230,420,0,-1,0,0
600.55,507.39,-7.918,-5.774,230,415,0,-1,0,0
592.632,501.616,-7.918,-5.774,230,410,0,-1,0,0
584.714,495.842,-7.918,-5.774,230,405,0,-1,0,0
576.795,490.068,-7.918,-5.774,230,400,0,-1,0,0
568.877,484.294,-7.918,-5.774,230,395,0,-1,0,0
560.958,478.52,-7.918,-5.774,230,390,0,-1,0,0
553.04,472.746,-7.918,-5.774,230,385,0,-1,0,0
545.121,466.972,-7.918,-5.774,230,380,0,-1,0,0
537.203,461.198,-7.918,-5.774,230,375,0,-1,0,0
529.285,455.424,-7.918,-5.774,230,370,0,-1,0,0
521.366,449.65,-7.918,-5.774,230,365,0,-1,0,0
513.448,443.876,-7.918,-5.774,230,360,0,-1,0,0
505.529,438.102,-7.918,-5.774,230,355,0,-1,0,0
497.611,432.328,-7.918,-5.774,230,350,0,-1,0,0
489.693,426.555,-7.918,-5.774,230,345,0,-1,0,0
481.774,420.781,-7.918,-5.774,230,340,0,-1,0,0
473.856,415.007,-7.918,-5.774,230,335,0,-1,0,0
465.937,409.233,-7.918,-5.774,230,330,0,-1,0,0
458.019,403.459,-7.918,-5.774,230,325,0,-1,0,0
450.101,397.685,-7.918,-5.774,230,320,0,-1,0,0
442.182,391.911,-7.918,-5.774,230,315,0,-1,0,0
434.264,386.137,-7.918,-5.774,230,310,0,-1,0,0
426.345,380.363,-7.918,-5.774,225,305,-1,-1,0,0
418.427,374.589,-7.918,-5.774,220,300,-1,-1,0,0
410.509,368.815,-7.918,-5.774,215,295,-1,-1,0,0
402.59,363.041,-7.918,-5.774,210,290,-1,-1,0,0
394.672,357.267,-7.918,-5.774,205,285,-1,-1,0,0
386.753,351.493,-7.918,-5.774,200,280,-1,-1,0,0
378.835,345.719,-7.918,-5.774,195,275,-1,-1,0,0
370.917,339.945,-7.918,-5.774,190,270,-1,-1,0,0
362.998,334.171,-7.918,-5.774,185,265,-1,-1,0,0
355.08,328.397,-7.918,-5.774,180,260,-1,-1,0,0
347.161,322.623,-7.918,-5.774,175,255,-1,-1,0,0
339.243,316.849,-7.918,-5.774,170,250,-1,-1,0,0
331.325,311.075,-7.918,-5.774,165,245,-1,-1,0,0
323.406,305.301,-7.918,-5.774,160,240,-1,-1,0,0
315.488,299.527,-7.918,-5.774,155,235,-1,-1,0,0
307.569,293.753,-7.918,-5.774,150,235,-1,0,0,0
299.651,287.979,-7.918,-5.774,145,235,-1,0,0,0
291.733,282.205,-7.918,-5.774,140,235,-1,0,0,0
283.814,276.431,-7.918,-5.774,135,235,-1,0,0,0
275.896,270.657,-7.918,-5.774,130,235,-1,0,0,0
267.977,264.883,-7.918,-5.774,125,235,-1,0,0,0
260.059,259.109,-7.918,-5.774,120,235,-1,0,0,0
252.141,253.335,-7.918,-5.774,115,235,-1,0,0,0
244.222,247.561,-7.918,-5.774,110,235,-1,0,0,0
236.304,241.787,-7.918,-5.774,105,235,-1,0,0,0
228.385,236.013,-7.918,-5.774,100,235,-1,0,0,0
220.467,230.239,-7.918,-5.774,95,235,-1,0,0,0
212.549,224.465,-7.918,-5.774,90,235,-1,0,0,0
204.63,218.691,-7.918,-5.774,85,235,-1,0,0,0
196.712,212.917,-7.918,-5.774,80,235,-1,0,0,0
188.793,207.143,-7.918,-5.774,75,235,-1,0,0,0
180.875,201.369,-7.918,-5.774,70,235,-1,0,0,0
172.957,195.595,-7.918,-5.774,65,235,-1,0,0,0
165.038,189.821,-7.918,-5.774,60,235,-1,0,0,0
157.12,184.047,-7.918,-5.774,55,235,-1,0,0,0
149.201,178.273,-7.918,-5.774,50,235,-1,0,0,0
141.283,172.499,-7.918,-5.774,45,235,-1,0,0,0
133.364,166.725,-7.918,-5.774,40,235,-1,0,0,0
125.446,160.951,-7.918,-5.774,35,235,-1,0,0,0
117.528,155.177,-7.918,-5.774,30,235,-1,0,0,0
109.609,149.403,-7.918,-5.774,25,235,-1,0,0,0
101.691,143.629,-7.918,-5.774,20,235,-1,0,0,0
93.772,137.855,-7.918,-5.774,15,235,-1,0,0,0
85.854,132.081,-7.918,-5.774,10,235,-1,0,0,0
77.936,126.307,-7.918,-5.774,5,235,-1,0,0,0
70.017,120.533,-7.918,-5.774,0,235,-1,0,0,0
62.099,114.759,-7.918,-5.774,0,235,-1,0,0,0
54.18,108.985,-7.918,-5.774,0,235,-1,0,0,0
46.262,103.211,-7.918,-5.774,0,235,-1,0,0,0
38.344,97.437,-7.918,-5.774,0,235,-1,0,0,0
30.425,91.664,-7.918,-5.774,0,235,-1,0,0,0
22.507,85.89,-7.918,-5.774,0,235,-1,0,0,0
14.588,80.116,-7.918,-5.774,0,235,-1,0,0,0
6.67,74.342,-7.918,-5.774,0,235,-1,0,0,0
-1.248,68.568,-7.918,-5.774,0,235,-1,0,0,0
400.0,300.0,4.998,0.142,0,240,-1,1,0,1
403.889,296.857,3.889,-3.143,0,240,0,0,0,0
