ball_x,ball_y,ball_vx,ball_vy,left_y,right_y,left_action,right_action,left_scored,right_scored
403.964,296.953,3.964,-3.047,260,260,0,0,0,0
407.929,293.906,3.964,-3.047,260,260,0,0,0,0
411.893,290.86,3.964,-3.047,260,260,0,0,0,0
415.858,287.813,3.964,-3.047,260,260,0,0,0,0
419.822,284.766,3.964,-3.047,260,260,0,0,0,0
423.787,281.719,3.964,-3.047,260,260,0,0,0,0
427.751,278.673,3.964,-3.047,260,260,0,0,0,0
431.716,275.626,3.964,-3.047,260,260,0,0,0,0
435.68,272.579,3.964,-3.047,260,260,0,0,0,0
439.645,269.532,3.964,-3.047,260,260,0,0,0,0
443.609,266.486,3.964,-3.047,260,260,0,0,0,0
447.574,263.439,3.964,-3.047,260,260,0,0,0,0
451.538,260.392,3.964,-3.047,260,260,0,0,0,0
455.503,257.345,3.964,-3.047,260,260,0,0,0,0
459.467,254.299,3.964,-3.047,260,260,0,0,0,0
463.432,251.252,3.964,-3.047,260,260,0,0,0,0
467.396,248.205,3.964,-3.047,260,260,0,0,0,0
471.361,245.158,3.964,-3.047,260,260,0,0,0,0
475.325,242.112,3.964,-3.047,260,260,0,0,0,0
479.29,239.065,3.964,-3.047,260,260,0,0,0,0
483.254,236.018,3.964,-3.047,260,260,0,0,0,0
487.219,232.971,3.964,-3.047,260,260,0,0,0,0
491.183,229.925,3.964,-3.047,260,260,0,0,0,0
495.148,226.878,3.964,-3.047,260,260,0,0,0,0
499.112,223.831,3.964,-3.047,260,260,0,0,0,0
503.077,220.784,3.964,-3.047,260,260,0,0,0,0
507.041,217.737,3.964,-3.047,260,260,0,0,0,0
511.006,214.691,3.964,-3.047,260,260,0,0,0,0
514.97,211.644,3.964,-3.047,260,255,0,-1,0,0
518.935,208.597,3.964,-3.047,260,250,0,-1,0,0
522.899,205.55,3.964,-3.047,260,245,0,-1,0,0
526.864,202.504,3.964,-3.047,260,240,0,-1,0,0
530.828,199.457,3.964,-3.047,260,235,0,-1,0,0
534.793,196.41,3.964,-3.047,260,230,0,-1,0,0
538.757,193.363,3.964,-3.047,260,225,0,-1,0,0
542.722,190.317,3.964,-3.047,260,220,0,-1,0,0
546.686,187.27,3.964,-3.047,260,215,0,-1,0,0
550.651,184.223,3.964,-3.047,260,210,0,-1,0,0
554.615,181.176,3.964,-3.047,260,205,0,-1,0,0
558.58,178.13,3.964,-3.047,260,200,0,-1,0,0
562.544,175.083,3.964,-3.047,260,195,0,-1,0,0
566.509,172.036,3.964,-3.047,260,190,0,-1,0,0
570.473,168.989,3.964,-3.047,260,185,0,-1,0,0
574.438,165.943,3.964,-3.047,260,180,0,-1,0,0
578.402,162.896,3.964,-3.047,260,175,0,-1,0,0
582.367,159.849,3.964,-3.047,260,170,0,-1,0,0
586.331,156.802,3.964,-3.047,260,165,0,-1,0,0
590.296,153.756,3.964,-3.047,260,160,0,-1,0,0
594.26,150.709,3.964,-3.047,260,155,0,-1,0,0
598.225,147.662,3.964,-3.047,260,150,0,-1,0,0
602.189,144.615,3.964,-3.047,260,145,0,-1,0,0
606.154,141.569,3.964,-3.047,260,140,0,-1,0,0
610.118,138.522,3.964,-3.047,260,135,0,-1,0,0
614.083,135.475,3.964,-3.047,260,130,0,-1,0,0
618.047,132.428,3.964,-3.047,260,125,0,-1,0,0
622.012,129.381,3.964,-3.047,260,120,0,-1,0,0
625.976,126.335,3.964,-3.047,260,115,0,-1,0,0
629.941,123.288,3.964,-3.047,260,110,0,-1,0,0
633.905,120.241,3.964,-3.047,260,105,0,-1,0,0
637.87,117.194,3.964,-3.047,260,100,0,-1,0,0
641.834,114.148,3.964,-3.047,260,95,0,-1,0,0
645.799,111.101,3.964,-3.047,255,90,-1,-1,0,0
649.763,108.054,3.964,-3.047,250,85,-1,-1,0,0
653.728,105.007,3.964,-3.047,245,80,-1,-1,0,0
657.692,101.961,3.964,-3.047,240,75,-1,-1,0,0
661.657,98.914,3.964,-3.047,240,70,0,-1,0,0
665.621,95.867,3.964,-3.047,240,65,0,-1,0,0
669.586,92.82,3.964,-3.047,240,60,0,-1,0,0
673.55,89.774,3.964,-3.047,240,55,0,-1,0,0
677.515,86.727,3.964,-3.047,240,50,0,-1,0,0
681.479,83.68,3.964,-3.047,240,45,0,-1,0,0
685.444,80.633,3.964,-3.047,240,40,0,-1,0,0
689.408,77.587,3.964,-3.047,240,35,0,-1,0,0
693.373,74.54,3.964,-3.047,240,30,0,-1,0,0
697.337,71.493,3.964,-3.047,240,25,0,-1,0,0
701.302,68.446,3.964,-3.047,240,20,0,-1,0,0
705.266,65.4,3.964,-3.047,240,15,0,-1,0,0
709.231,62.353,3.964,-3.047,240,10,0,-1,0,0
713.195,59.306,3.964,-3.047,240,5,0,-1,0,0
717.16,56.259,3.964,-3.047,240,0,0,-1,0,0
721.124,53.212,3.964,-3.047,240,0,0,-1,0,0
725.089,50.166,3.964,-3.047,240,0,0,-1,0,0
729.053,47.119,3.964,-3.047,240,0,0,-1,0,0
733.018,44.072,3.964,-3.047,240,0,0,-1,0,0
736.982,41.025,3.964,-3.047,240,0,0,-1,0,0
740.947,37.979,3.964,-3.047,240,0,0,-1,0,0
744.911,34.932,3.964,-3.047,240,0,0,-1,0,0
748.876,31.885,3.964,-3.047,240,0,0,-1,0,0
752.84,28.838,3.964,-3.047,240,0,0,-1,0,0
751.0,25.792,-4.938,-1.926,240,0,0,0,0,0
746.062,23.865,-4.938,-1.926,240,0,0,0,0,0
741.125,21.939,-4.938,-1.926,240,0,0,0,0,0
736.187,20.013,-4.938,-1.926,240,0,0,0,0,0
731.25,18.086,-4.938,-1.926,240,0,0,0,0,0
726.312,16.16,-4.938,-1.926,240,0,0,0,0,0
721.375,14.234,-4.938,-1.926,240,0,0,0,0,0
716.437,12.308,-4.938,-1.926,240,0,0,0,0,0
711.5,10.381,-4.938,-1.926,240,0,0,0,0,0
706.562,8.455,-4.938,-1.926,240,0,0,0,0,0
701.625,6.529,-4.938,-1.926,240,0,0,0,0,0
696.687,6.0,-4.938,1.926,240,0,0,0,0,0
691.749,7.926,-4.938,1.926,240,0,0,0,0,0
686.812,9.853,-4.938,1.926,240,0,0,0,0,0
681.874,11.779,-4.938,1.926,240,5,0,1,0,0
676.937,13.705,-4.938,1.926,240,10,0,1,0,0
671.999,15.632,-4.938,1.926,240,15,0,1,0,0
667.062,17.558,-4.938,1.926,240,20,0,1,0,0
662.124,19.484,-4.938,1.926,240,25,0,1,0,0
657.187,21.41,-4.938,1.926,240,30,0,1,0,0
652.249,23.337,-4.938,1.926,240,35,0,1,0,0
647.312,25.263,-4.938,1.926,240,40,0,1,0,0
642.374,27.189,-4.938,1.926,240,45,0,1,0,0
637.437,29.116,-4.938,1.926,240,50,0,1,0,0
632.499,31.042,-4.938,1.926,240,55,0,1,0,0
627.561,32.968,-4.938,1.926,240,60,0,1,0,0
622.624,34.895,-4.938,1.926,240,65,0,1,0,0
617.686,36.821,-4.938,1.926,240,70,0,1,0,0
612.749,38.747,-4.938,1.926,240,75,0,1,0,0
607.811,40.674,-4.938,1.926,240,80,0,1,0,0
602.874,42.6,-4.938,1.926,240,85,0,1,0,0
597.936,44.526,-4.938,1.926,240,90,0,1,0,0
592.999,46.452,-4.938,1.926,240,95,0,1,0,0
588.061,48.379,-4.938,1.926,240,100,0,1,0,0
583.124,50.305,-4.938,1.926,240,105,0,1,0,0
578.186,52.231,-4.938,1.926,240,110,0,1,0,0
573.248,54.158,-4.938,1.926,240,115,0,1,0,0
568.311,56.084,-4.938,1.926,240,120,0,1,0,0
563.373,58.01,-4.938,1.926,240,125,0,1,0,0
558.436,59.937,-4.938,1.926,240,130,0,1,0,0
553.498,61.863,-4.938,1.926,240,135,0,1,0,0
548.561,63.789,-4.938,1.926,240,140,0,1,0,0
543.623,65.716,-4.938,1.926,240,145,0,1,0,0
538.686,67.642,-4.938,1.926,240,150,0,1,0,0
533.748,69.568,-4.938,1.926,240,155,0,1,0,0
528.811,71.495,-4.938,1.926,240,160,0,1,0,0
523.873,73.421,-4.938,1.926,240,165,0,1,0,0
518.935,75.347,-4.938,1.926,240,170,0,1,0,0
513.998,77.273,-4.938,1.926,240,175,0,1,0,0
509.06,79.2,-4.938,1.926,240,175,0,0,0,0
504.123,81.126,-4.938,1.926,240,175,0,0,0,0
499.185,83.052,-4.938,1.926,240,175,0,0,0,0
494.248,84.979,-4.938,1.926,240,175,0,0,0,0
489.31,86.905,-4.938,1.926,240,170,0,-1,0,0
484.373,88.831,-4.938,1.926,240,165,0,-1,0,0
479.435,90.758,-4.938,1.926,240,160,0,-1,0,0
474.498,92.684,-4.938,1.926,240,155,0,-1,0,0
469.56,94.61,-4.938,1.926,240,150,0,-1,0,0
464.622,96.537,-4.938,1.926,240,145,0,-1,0,0
459.685,98.463,-4.938,1.926,240,140,0,-1,0,0
454.747,100.389,-4.938,1.926,240,135,0,-1,0,0
449.81,102.315,-4.938,1.926,240,130,0,-1,0,0
444.872,104.242,-4.938,1.926,240,125,0,-1,0,0
439.935,106.168,-4.938,1.926,240,120,0,-1,0,0
434.997,108.094,-4.938,1.926,240,115,0,-1,0,0
430.06,110.021,-4.938,1.926,240,110,0,-1,0,0
425.122,111.947,-4.938,1.926,240,105,0,-1,0,0
420.185,113.873,-4.938,1.926,240,100,0,-1,0,0
415.247,115.8,-4.938,1.926,240,95,0,-1,0,0
410.31,117.726,-4.938,1.926,240,90,0,-1,0,0
405.372,119.652,-4.938,1.926,240,85,0,-1,0,0
400.434,121.579,-4.938,1.926,240,85,0,0,0,0
395.497,123.505,-4.938,1.926,240,85,0,0,0,0
390.559,125.431,-4.938,1.926,240,85,0,0,0,0
385.622,127.357,-4.938,1.926,240,85,0,0,0,0
380.684,129.284,-4.938,1.926,240,85,0,0,0,0
375.747,131.21,-4.938,1.926,240,85,0,0,0,0
370.809,133.136,-4.938,1.926,240,85,0,0,0,0
365.872,135.063,-4.938,1.926,240,85,0,0,0,0
360.934,136.989,-4.938,1.926,240,85,0,0,0,0
355.997,138.915,-4.938,1.926,240,85,0,0,0,0
351.059,140.842,-4.938,1.926,240,85,0,0,0,0
346.121,142.768,-4.938,1.926,240,85,0,0,0,0
341.184,144.694,-4.938,1.926,240,85,0,0,0,0
336.246,146.621,-4.938,1.926,240,85,0,0,0,0
331.309,148.547,-4.938,1.926,240,85,0,0,0,0
326.371,150.473,-4.938,1.926,240,85,0,0,0,0
321.434,152.399,-4.938,1.926,240,85,0,0,0,0
316.496,154.326,-4.938,1.926,240,85,0,0,0,0
311.559,156.252,-4.938,1.926,240,85,0,0,0,0
306.621,158.178,-4.938,1.926,240,85,0,0,0,0
301.684,160.105,-4.938,1.926,240,85,0,0,0,0
296.746,162.031,-4.938,1.926,240,85,0,0,0,0
291.808,163.957,-4.938,1.926,240,85,0,0,0,0
286.871,165.884,-4.938,1.926,240,85,0,0,0,0
281.933,167.81,-4.938,1.926,240,85,0,0,0,0
276.996,169.736,-4.938,1.926,240,85,0,0,0,0
272.058,171.663,-4.938,1.926,240,85,0,0,0,0
267.121,173.589,-4.938,1.926,240,85,0,0,0,0
262.183,175.515,-4.938,1.926,240,85,0,0,0,0
257.246,177.441,-4.938,1.926,240,85,0,0,0,0
252.308,179.368,-4.938,1.926,240,85,0,0,0,0
247.371,181.294,-4.938,1.926,240,85,0,0,0,0
242.433,183.22,-4.938,1.926,240,85,0,0,0,0
237.495,185.147,-4.938,1.926,240,85,0,0,0,0
232.558,187.073,-4.938,1.926,240,85,0,0,0,0
227.62,188.999,-4.938,1.926,240,85,0,0,0,0
222.683,190.926,-4.938,1.926,240,85,0,0,0,0
217.745,192.852,-4.938,1.926,240,85,0,0,0,0
212.808,194.778,-4.938,1.926,240,85,0,0,0,0
207.87,196.705,-4.938,1.926,240,85,0,0,0,0
202.933,198.631,-4.938,1.926,240,85,0,0,0,0
197.995,200.557,-4.938,1.926,240,85,0,0,0,0
193.058,202.484,-4.938,1.926,240,85,0,0,0,0
188.12,204.41,-4.938,1.926,240,80,0,-1,0,0
183.183,206.336,-4.938,1.926,240,75,0,-1,0,0
178.245,208.262,-4.938,1.926,240,70,0,-1,0,0
173.307,210.189,-4.938,1.926,240,65,0,-1,0,0
168.37,212.115,-4.938,1.926,240,60,0,-1,0,0
163.432,214.041,-4.938,1.926,240,55,0,-1,0,0
158.495,215.968,-4.938,1.926,240,50,0,-1,0,0
153.557,217.894,-4.938,1.926,240,50,0,0,0,0
148.62,219.82,-4.938,1.926,240,50,0,0,0,0
143.682,221.747,-4.938,1.926,240,50,0,0,0,0
138.745,223.673,-4.938,1.926,240,50,0,0,0,0
133.807,225.599,-4.938,1.926,240,50,0,0,0,0
128.87,227.526,-4.938,1.926,240,50,0,0,0,0
123.932,229.452,-4.938,1.926,240,50,0,0,0,0
118.994,231.378,-4.938,1.926,240,50,0,0,0,0
114.057,233.304,-4.938,1.926,240,50,0,0,0,0
109.119,235.231,-4.938,1.926,240,50,0,0,0,0
104.182,237.157,-4.938,1.926,240,50,0,0,0,0
99.244,239.083,-4.938,1.926,240,50,0,0,0,0
94.307,241.01,-4.938,1.926,240,50,0,0,0,0
89.369,242.936,-4.938,1.926,240,50,0,0,0,0
84.432,244.862,-4.938,1.926,240,50,0,0,0,0
79.494,246.789,-4.938,1.926,240,50,0,0,0,0
74.557,248.715,-4.938,1.926,240,50,0,0,0,0
69.619,250.641,-4.938,1.926,240,50,0,0,0,0
64.681,252.568,-4.938,1.926,235,50,-1,0,0,0
59.744,254.494,-4.938,1.926,230,50,-1,0,0,0
54.806,256.42,-4.938,1.926,225,50,-1,0,0,0
49.869,258.346,-4.938,1.926,220,50,-1,0,0,0
49.0,260.273,5.547,0.771,215,50,-1,0,0,0
54.547,261.043,5.547,0.771,210,50,-1,0,0,0
60.093,261.814,5.547,0.771,205,50,-1,0,0,0
65.64,262.585,5.547,0.771,205,50,0,0,0,0
71.187,263.355,5.547,0.771,205,50,0,0,0,0
76.734,264.126,5.547,0.771,205,50,0,0,0,0
82.28,264.896,5.547,0.771,205,50,0,0,0,0
87.827,265.667,5.547,0.771,205,55,0,1,0,0
93.374,266.437,5.547,0.771,205,60,0,1,0,0
98.921,267.208,5.547,0.771,205,65,0,1,0,0
104.467,267.979,5.547,0.771,205,70,0,1,0,0
110.014,268.749,5.547,0.771,205,75,0,1,0,0
115.561,269.52,5.547,0.771,205,80,0,1,0,0
121.107,270.29,5.547,0.771,205,85,0,1,0,0
126.654,271.061,5.547,0.771,205,90,0,1,0,0
132.201,271.831,5.547,0.771,205,95,0,1,0,0
137.748,272.602,5.547,0.771,205,100,0,1,0,0
143.294,273.373,5.547,0.771,205,105,0,1,0,0
148.841,274.143,5.547,0.771,205,110,0,1,0,0
154.388,274.914,5.547,0.771,205,115,0,1,0,0
159.935,275.684,5.547,0.771,205,120,0,1,0,0
165.481,276.455,5.547,0.771,205,125,0,1,0,0
171.028,277.225,5.547,0.771,205,130,0,1,0,0
176.575,277.996,5.547,0.771,205,135,0,1,0,0
182.122,278.767,5.547,0.771,205,140,0,1,0,0
187.668,279.537,5.547,0.771,205,145,0,1,0,0
193.215,280.308,5.547,0.771,205,150,0,1,0,0
198.762,281.078,5.547,0.771,205,155,0,1,0,0
204.308,281.849,5.547,0.771,205,160,0,1,0,0
209.855,282.62,5.547,0.771,205,165,0,1,0,0
215.402,283.39,5.547,0.771,205,170,0,1,0,0
220.949,284.161,5.547,0.771,205,175,0,1,0,0
226.495,284.931,5.547,0.771,205,180,0,1,0,0
232.042,285.702,5.547,0.771,205,185,0,1,0,0
237.589,286.472,5.547,0.771,205,190,0,1,0,0
243.136,287.243,5.547,0.771,205,195,0,1,0,0
248.682,288.014,5.547,0.771,205,200,0,1,0,0
254.229,288.784,5.547,0.771,205,205,0,1,0,0
259.776,289.555,5.547,0.771,205,210,0,1,0,0
265.322,290.325,5.547,0.771,210,215,1,1,0,0
270.869,291.096,5.547,0.771,215,220,1,1,0,0
276.416,291.866,5.547,0.771,220,225,1,1,0,0
281.963,292.637,5.547,0.771,225,230,1,1,0,0
287.509,293.408,5.547,0.771,230,235,1,1,0,0
293.056,294.178,5.547,0.771,235,240,1,1,0,0
298.603,294.949,5.547,0.771,240,245,1,1,0,0
304.15,295.719,5.547,0.771,245,250,1,1,0,0
309.696,296.49,5.547,0.771,250,255,1,1,0,0
315.243,297.26,5.547,0.771,255,260,1,1,0,0
320.79,298.031,5.547,0.771,260,265,1,1,0,0
326.336,298.802,5.547,0.771,260,270,0,1,0,0
331.883,299.572,5.547,0.771,260,275,0,1,0,0
337.43,300.343,5.547,0.771,260,280,0,1,0,0
342.977,301.113,5.547,0.771,260,285,0,1,0,0
348.523,301.884,5.547,0.771,260,290,0,1,0,0
354.07,302.655,5.547,0.771,260,295,0,1,0,0
359.617,303.425,5.547,0.771,265,300,1,1,0,0
365.164,304.196,5.547,0.771,270,305,1,1,0,0
370.71,304.966,5.547,0.771,275,310,1,1,0,0
376.257,305.737,5.547,0.771,280,315,1,1,0,0
381.804,306.507,5.547,0.771,285,320,1,1,0,0
387.351,307.278,5.547,0.771,290,325,1,1,0,0
392.897,308.049,5.547,0.771,295,330,1,1,0,0
398.444,308.819,5.547,0.771,300,330,1,0,0,0
403.991,309.59,5.547,0.771,300,330,0,0,0,0
409.537,310.36,5.547,0.771,300,330,0,0,0,0
415.084,311.131,5.547,0.771,300,330,0,0,0,0
420.631,311.901,5.547,0.771,300,330,0,0,0,0
426.178,312.672,5.547,0.771,300,330,0,0,0,0
431.724,313.443,5.547,0.771,300,330,0,0,0,0
437.271,314.213,5.547,0.771,300,330,0,0,0,0
442.818,314.984,5.547,0.771,300,330,0,0,0,0
448.365,315.754,5.547,0.771,300,330,0,0,0,0
453.911,316.525,5.547,0.771,300,330,0,0,0,0
459.458,317.295,5.547,0.771,305,325,1,-1,0,0
465.005,318.066,5.547,0.771,310,320,1,-1,0,0
470.551,318.837,5.547,0.771,315,315,1,-1,0,0
476.098,319.607,5.547,0.771,320,310,1,-1,0,0
481.645,320.378,5.547,0.771,325,305,1,-1,0,0
487.192,321.148,5.547,0.771,330,305,1,0,0,0
492.738,321.919,5.547,0.771,330,305,0,0,0,0
498.285,322.69,5.547,0.771,330,305,0,0,0,0
503.832,323.46,5.547,0.771,330,305,0,0,0,0
509.379,324.231,5.547,0.771,330,305,0,0,0,0
514.925,325.001,5.547,0.771,330,305,0,0,0,0
520.472,325.772,5.547,0.771,330,305,0,0,0,0
526.019,326.542,5.547,0.771,330,305,0,0,0,0
531.565,327.313,5.547,0.771,330,305,0,0,0,0
537.112,328.084,5.547,0.771,330,305,0,0,0,0
542.659,328.854,5.547,0.771,330,305,0,0,0,0
548.206,329.625,5.547,0.771,330,305,0,0,0,0
553.752,330.395,5.547,0.771,330,305,0,0,0,0
559.299,331.166,5.547,0.771,330,305,0,0,0,0
564.846,331.936,5.547,0.771,330,305,0,0,0,0
570.393,332.707,5.547,0.771,330,305,0,0,0,0
575.939,333.478,5.547,0.771,330,305,0,0,0,0
581.486,334.248,5.547,0.771,330,305,0,0,0,0
587.033,335.019,5.547,0.771,330,305,0,0,0,0
592.58,335.789,5.547,0.771,325,305,-1,0,0,0
598.126,336.56,5.547,0.771,320,305,-1,0,0,0
603.673,337.33,5.547,0.771,315,305,-1,0,0,0
609.22,338.101,5.547,0.771,310,305,-1,0,0,0
614.766,338.872,5.547,0.771,305,305,-1,0,0,0
620.313,339.642,5.547,0.771,300,310,-1,1,0,0
625.86,340.413,5.547,0.771,295,315,-1,1,0,0
631.407,341.183,5.547,0.771,290,320,-1,1,0,0
636.953,341.954,5.547,0.771,285,325,-1,1,0,0
642.5,342.725,5.547,0.771,280,330,-1,1,0,0
648.047,343.495,5.547,0.771,280,335,0,1,0,0
653.594,344.266,5.547,0.771,280,335,0,0,0,0
659.14,345.036,5.547,0.771,280,335,0,0,0,0
664.687,345.807,5.547,0.771,280,335,0,0,0,0
670.234,346.577,5.547,0.771,280,335,0,0,0,0
675.78,347.348,5.547,0.771,280,335,0,0,0,0
681.327,348.119,5.547,0.771,280,335,0,0,0,0
686.874,348.889,5.547,0.771,280,335,0,0,0,0
692.421,349.66,5.547,0.771,280,335,0,0,0,0
697.967,350.43,5.547,0.771,280,335,0,0,0,0
703.514,351.201,5.547,0.771,280,335,0,0,0,0
709.061,351.971,5.547,0.771,280,335,0,0,0,0
714.608,352.742,5.547,0.771,280,335,0,0,0,0
720.154,353.513,5.547,0.771,280,335,0,0,0,0
725.701,354.283,5.547,0.771,280,335,0,0,0,0
731.248,355.054,5.547,0.771,280,335,0,0,0,0
736.794,355.824,5.547,0.771,280,335,0,0,0,0
742.341,356.595,5.547,0.771,280,335,0,0,0,0
747.888,357.365,5.547,0.771,280,335,0,0,0,0
751.0,358.136,-5.334,-2.521,280,335,0,0,0,0
745.666,355.615,-5.334,-2.521,280,335,0,0,0,0
740.331,353.094,-5.334,-2.521,280,335,0,0,0,0
734.997,350.573,-5.334,-2.521,280,335,0,0,0,0
729.663,348.052,-5.334,-2.521,280,335,0,0,0,0
724.329,345.531,-5.334,-2.521,280,335,0,0,0,0
718.994,343.01,-5.334,-2.521,280,330,0,-1,0,0
713.66,340.489,-5.334,-2.521,280,325,0,-1,0,0
708.326,337.968,-5.334,-2.521,280,320,0,-1,0,0
702.992,335.447,-5.334,-2.521,280,315,0,-1,0,0
697.657,332.926,-5.334,-2.521,280,310,0,-1,0,0
692.323,330.405,-5.334,-2.521,280,305,0,-1,0,0
686.989,327.884,-5.334,-2.521,280,300,0,-1,0,0
681.655,325.363,-5.334,-2.521,280,295,0,-1,0,0
676.32,322.842,-5.334,-2.521,280,290,0,-1,0,0
670.986,320.321,-5.334,-2.521,280,285,0,-1,0,0
665.652,317.8,-5.334,-2.521,280,280,0,-1,0,0
660.317,315.278,-5.334,-2.521,280,275,0,-1,0,0
654.983,312.757,-5.334,-2.521,280,270,0,-1,0,0
649.649,310.236,-5.334,-2.521,280,265,0,-1,0,0
644.315,307.715,-5.334,-2.521,280,260,0,-1,0,0
638.98,305.194,-5.334,-2.521,280,255,0,-1,0,0
633.646,302.673,-5.334,-2.521,280,250,0,-1,0,0
628.312,300.152,-5.334,-2.521,280,245,0,-1,0,0
622.978,297.631,-5.334,-2.521,280,240,0,-1,0,0
617.643,295.11,-5.334,-2.521,280,235,0,-1,0,0
612.309,292.589,-5.334,-2.521,280,230,0,-1,0,0
606.975,290.068,-5.334,-2.521,280,225,0,-1,0,0
601.641,287.547,-5.334,-2.521,280,220,0,-1,0,0
596.306,285.026,-5.334,-2.521,280,215,0,-1,0,0
590.972,282.505,-5.334,-2.521,280,210,0,-1,0,0
585.638,279.984,-5.334,-2.521,280,205,0,-1,0,0
580.303,277.463,-5.334,-2.521,280,200,0,-1,0,0
574.969,274.942,-5.334,-2.521,280,195,0,-1,0,0
569.635,272.421,-5.334,-2.521,280,190,0,-1,0,0
564.301,269.9,-5.334,-2.521,280,185,0,-1,0,0
558.966,267.379,-5.334,-2.521,280,180,0,-1,0,0
553.632,264.858,-5.334,-2.521,275,175,-1,-1,0,0
548.298,262.337,-5.334,-2.521,270,170,-1,-1,0,0
542.964,259.816,-5.334,-2.521,265,165,-1,-1,0,0
537.629,257.295,-5.334,-2.521,260,160,-1,-1,0,0
532.295,254.774,-5.334,-2.521,255,155,-1,-1,0,0
526.961,252.253,-5.334,-2.521,250,150,-1,-1,0,0
521.627,249.732,-5.334,-2.521,245,145,-1,-1,0,0
516.292,247.211,-5.334,-2.521,240,140,-1,-1,0,0
510.958,244.69,-5.334,-2.521,235,135,-1,-1,0,0
505.624,242.169,-5.334,-2.521,230,130,-1,-1,0,0
500.29,239.647,-5.334,-2.521,230,125,0,-1,0,0
494.955,237.126,-5.334,-2.521,230,120,0,-1,0,0
489.621,234.605,-5.334,-2.521,230,115,0,-1,0,0
484.287,232.084,-5.334,-2.521,230,110,0,-1,0,0
478.952,229.563,-5.334,-2.521,225,105,-1,-1,0,0
473.618,227.042,-5.334,-2.521,220,100,-1,-1,0,0
468.284,224.521,-5.334,-2.521,215,95,-1,-1,0,0
462.95,222.0,-5.334,-2.521,210,90,-1,-1,0,0
457.615,219.479,-5.334,-2.521,205,85,-1,-1,0,0
452.281,216.958,-5.334,-2.521,200,80,-1,-1,0,0
446.947,214.437,-5.334,-2.521,195,75,-1,-1,0,0
441.613,211.916,-5.334,-2.521,190,70,-1,-1,0,0
436.278,209.395,-5.334,-2.521,185,65,-1,-1,0,0
430.944,206.874,-5.334,-2.521,180,60,-1,-1,0,0
425.61,204.353,-5.334,-2.521,175,55,-1,-1,0,0
420.276,201.832,-5.334,-2.521,170,55,-1,0,0,0
414.941,199.311,-5.334,-2.521,165,55,-1,0,0,0
409.607,196.79,-5.334,-2.521,160,55,-1,0,0,0
404.273,194.269,-5.334,-2.521,155,55,-1,0,0,0
398.938,191.748,-5.334,-2.521,150,55,-1,0,0,0
393.604,189.227,-5.334,-2.521,145,55,-1,0,0,0
388.27,186.706,-5.334,-2.521,140,55,-1,0,0,0
382.936,184.185,-5.334,-2.521,135,60,-1,1,0,0
377.601,181.664,-5.334,-2.521,130,65,-1,1,0,0
372.267,179.143,-5.334,-2.521,125,70,-1,1,0,0
366.933,176.622,-5.334,-2.521,120,75,-1,1,0,0
361.599,174.101,-5.334,-2.521,115,80,-1,1,0,0
356.264,171.58,-5.334,-2.521,110,85,-1,1,0,0
350.93,169.059,-5.334,-2.521,105,90,-1,1,0,0
345.596,166.538,-5.334,-2.521,100,95,-1,1,0,0
340.262,164.016,-5.334,-2.521,95,95,-1,0,0,0
334.927,161.495,-5.334,-2.521,90,95,-1,0,0,0
329.593,158.974,-5.334,-2.521,85,95,-1,0,0,0
324.259,156.453,-5.334,-2.521,80,95,-1,0,0,0
318.924,153.932,-5.334,-2.521,75,95,-1,0,0,0
313.59,151.411,-5.334,-2.521,70,95,-1,0,0,0
308.256,148.89,-5.334,-2.521,65,95,-1,0,0,0
302.922,146.369,-5.334,-2.521,60,95,-1,0,0,0
297.587,143.848,-5.334,-2.521,55,95,-1,0,0,0
292.253,141.327,-5.334,-2.521,50,95,-1,0,0,0
286.919,138.806,-5.334,-2.521,45,95,-1,0,0,0
281.585,136.285,-5.334,-2.521,40,95,-1,0,0,0
276.25,133.764,-5.334,-2.521,35,95,-1,0,0,0
270.916,131.243,-5.334,-2.521,35,95,0,0,0,0
265.582,128.722,-5.334,-2.521,35,95,0,0,0,0
260.248,126.201,-5.334,-2.521,35,95,0,0,0,0
254.913,123.68,-5.334,-2.521,35,95,0,0,0,0
249.579,121.159,-5.334,-2.521,35,95,0,0,0,0
244.245,118.638,-5.334,-2.521,35,95,0,0,0,0
238.91,116.117,-5.334,-2.521,35,95,0,0,0,0
233.576,113.596,-5.334,-2.521,35,95,0,0,0,0
228.242,111.075,-5.334,-2.521,35,95,0,0,0,0
222.908,108.554,-5.334,-2.521,35,95,0,0,0,0
217.573,106.033,-5.334,-2.521,35,95,0,0,0,0
212.239,103.512,-5.334,-2.521,35,95,0,0,0,0
206.905,100.991,-5.334,-2.521,30,95,-1,0,0,0
201.571,98.47,-5.334,-2.521,25,95,-1,0,0,0
196.236,95.949,-5.334,-2.521,20,95,-1,0,0,0
190.902,93.428,-5.334,-2.521,15,95,-1,0,0,0
185.568,90.907,-5.334,-2.521,10,95,-1,0,0,0
180.234,88.385,-5.334,-2.521,5,95,-1,0,0,0
174.899,85.864,-5.334,-2.521,0,95,-1,0,0,0
169.565,83.343,-5.334,-2.521,0,95,0,0,0,0
164.231,80.822,-5.334,-2.521,0,95,0,0,0,0
158.896,78.301,-5.334,-2.521,0,95,0,0,0,0
153.562,75.78,-5.334,-2.521,0,95,0,0,0,0
148.228,73.259,-5.334,-2.521,0,95,0,0,0,0
142.894,70.738,-5.334,-2.521,0,95,0,0,0,0
137.559,68.217,-5.334,-2.521,0,95,0,0,0,0
132.225,65.696,-5.334,-2.521,0,95,0,0,0,0
126.891,63.175,-5.334,-2.521,0,95,0,0,0,0
121.557,60.654,-5.334,-2.521,0,95,0,0,0,0
116.222,58.133,-5.334,-2.521,0,95,0,0,0,0
110.888,55.612,-5.334,-2.521,0,95,0,0,0,0
105.554,53.091,-5.334,-2.521,0,95,0,0,0,0
100.22,50.57,-5.334,-2.521,0,95,0,0,0,0
94.885,48.049,-5.334,-2.521,0,95,0,0,0,0
89.551,45.528,-5.334,-2.521,0,95,0,0,0,0
84.217,43.007,-5.334,-2.521,5,95,1,0,0,0
78.883,40.486,-5.334,-2.521,10,95,1,0,0,0
73.548,37.965,-5.334,-2.521,15,95,1,0,0,0
68.214,35.444,-5.334,-2.521,20,95,1,0,0,0
62.88,32.923,-5.334,-2.521,25,95,1,0,0,0
57.545,30.402,-5.334,-2.521,30,95,1,0,0,0
52.211,27.881,-5.334,-2.521,35,95,1,0,0,0
46.877,25.36,-5.334,-2.521,40,95,1,0,0,0
41.543,22.839,-5.334,-2.521,45,95,1,0,0,0
36.208,20.318,-5.334,-2.521,50,100,1,1,0,0
30.874,17.797,-5.334,-2.521,55,105,1,1,0,0
25.54,15.276,-5.334,-2.521,60,110,1,1,0,0
20.206,12.754,-5.334,-2.521,65,115,1,1,0,0
14.871,10.233,-5.334,-2.521,70,120,1,1,0,0
9.537,7.712,-5.334,-2.521,75,125,1,1,0,0
4.203,6.0,-5.334,2.521,80,130,1,1,0,0
-1.131,8.521,-5.334,2.521,85,135,1,1,0,0
400.0,300.0,3.588,-3.482,85,140,0,1,0,1
403.588,296.518,3.588,-3.482,85,140,0,0,0,0
407.176,293.035,3.588,-3.482,85,140,0,0,0,0
410.764,289.553,3.588,-3.482,85,140,0,0,0,0
414.351,286.07,3.588,-3.482,85,140,0,0,0,0
417.939,282.588,3.588,-3.482,85,140,0,0,0,0
421.527,279.106,3.588,-3.482,85,140,0,0,0,0
425.115,275.623,3.588,-3.482,85,140,0,0,0,0
428.703,272.141,3.588,-3.482,85,140,0,0,0,0
432.291,268.658,3.588,-3.482,85,140,0,0,0,0
435.879,265.176,3.588,-3.482,85,140,0,0,0,0
439.467,261.694,3.588,-3.482,85,140,0,0,0,0
443.054,258.211,3.588,-3.482,85,140,0,0,0,0
446.642,254.729,3.588,-3.482,85,140,0,0,0,0
450.23,251.246,3.588,-3.482,85,140,0,0,0,0
453.818,247.764,3.588,-3.482,85,140,0,0,0,0
457.406,244.281,3.588,-3.482,85,140,0,0,0,0
460.994,240.799,3.588,-3.482,85,140,0,0,0,0
464.582,237.317,3.588,-3.482,85,140,0,0,0,0
468.17,233.834,3.588,-3.482,85,140,0,0,0,0
471.757,230.352,3.588,-3.482,85,140,0,0,0,0
475.345,226.869,3.588,-3.482,85,140,0,0,0,0
478.933,223.387,3.588,-3.482,85,140,0,0,0,0
482.521,219.905,3.588,-3.482,85,140,0,0,0,0
486.109,216.422,3.588,-3.482,85,140,0,0,0,0
489.697,212.94,3.588,-3.482,85,140,0,0,0,0
493.285,209.457,3.588,-3.482,85,140,0,0,0,0
496.873,205.975,3.588,-3.482,85,140,0,0,0,0
500.46,202.493,3.588,-3.482,85,140,0,0,0,0
504.048,199.01,3.588,-3.482,85,140,0,0,0,0
507.636,195.528,3.588,-3.482,85,140,0,0,0,0
511.224,192.045,3.588,-3.482,85,140,0,0,0,0
514.812,188.563,3.588,-3.482,85,140,0,0,0,0
518.4,185.081,3.588,-3.482,85,140,0,0,0,0
521.988,181.598,3.588,-3.482,85,135,0,-1,0,0
525.576,178.116,3.588,-3.482,85,130,0,-1,0,0
529.163,174.633,3.588,-3.482,85,125,0,-1,0,0
532.751,171.151,3.588,-3.482,85,120,0,-1,0,0
536.339,167.668,3.588,-3.482,85,115,0,-1,0,0
539.927,164.186,3.588,-3.482,85,110,0,-1,0,0
543.515,160.704,3.588,-3.482,85,105,0,-1,0,0
547.103,157.221,3.588,-3.482,85,100,0,-1,0,0
550.691,153.739,3.588,-3.482,85,95,0,-1,0,0
554.279,150.256,3.588,-3.482,85,90,0,-1,0,0
557.866,146.774,3.588,-3.482,85,85,0,-1,0,0
561.454,143.292,3.588,-3.482,85,80,0,-1,0,0
565.042,139.809,3.588,-3.482,85,75,0,-1,0,0
568.63,136.327,3.588,-3.482,85,70,0,-1,0,0
572.218,132.844,3.588,-3.482,85,65,0,-1,0,0
575.806,129.362,3.588,-3.482,85,60,0,-1,0,0
579.394,125.88,3.588,-3.482,85,55,0,-1,0,0
582.982,122.397,3.588,-3.482,85,50,0,-1,0,0
586.569,118.915,3.588,-3.482,85,45,0,-1,0,0
590.157,115.432,3.588,-3.482,85,40,0,-1,0,0
593.745,111.95,3.588,-3.482,85,35,0,-1,0,0
597.333,108.468,3.588,-3.482,85,30,0,-1,0,0
600.921,104.985,3.588,-3.482,85,25,0,-1,0,0
604.509,101.503,3.588,-3.482,85,20,0,-1,0,0
608.097,98.02,3.588,-3.482,85,15,0,-1,0,0
611.685,94.538,3.588,-3.482,85,10,0,-1,0,0
615.272,91.056,3.588,-3.482,85,5,0,-1,0,0
618.86,87.573,3.588,-3.482,85,0,0,-1,0,0
622.448,84.091,3.588,-3.482,85,0,0,-1,0,0
626.036,80.608,3.588,-3.482,85,0,0,-1,0,0
629.624,77.126,3.588,-3.482,85,0,0,-1,0,0
633.212,73.643,3.588,-3.482,85,0,0,-1,0,0
636.8,70.161,3.588,-3.482,85,0,0,0,0,0
640.387,66.679,3.588,-3.482,85,0,0,0,0,0
643.975,63.196,3.588,-3.482,85,0,0,0,0,0
647.563,59.714,3.588,-3.482,85,0,0,0,0,0
651.151,56.231,3.588,-3.482,85,0,0,0,0,0
654.739,52.749,3.588,-3.482,85,0,0,0,0,0
658.327,49.267,3.588,-3.482,85,0,0,0,0,0
661.915,45.784,3.588,-3.482,85,0,0,0,0,0
665.503,42.302,3.588,-3.482,85,0,0,0,0,0
669.09,38.819,3.588,-3.482,85,0,0,0,0,0
672.678,35.337,3.588,-3.482,85,0,0,0,0,0
676.266,31.855,3.588,-3.482,85,0,0,0,0,0
679.854,28.372,3.588,-3.482,85,0,0,0,0,0
683.442,24.89,3.588,-3.482,85,0,0,0,0,0
687.03,21.407,3.588,-3.482,85,0,0,0,0,0
690.618,17.925,3.588,-3.482,85,0,0,0,0,0
694.206,14.443,3.588,-3.482,85,0,0,0,0,0
697.793,10.96,3.588,-3.482,85,0,0,0,0,0
701.381,7.478,3.588,-3.482,85,0,0,0,0,0
704.969,6.0,3.588,3.482,85,0,0,0,0,0
708.557,9.482,3.588,3.482,85,0,0,0,0,0
712.145,12.965,3.588,3.482,85,0,0,0,0,0
715.733,16.447,3.588,3.482,85,0,0,0,0,0
719.321,19.93,3.588,3.482,85,0,0,0,0,0
722.909,23.412,3.588,3.482,85,0,0,0,0,0
726.496,26.894,3.588,3.482,85,0,0,0,0,0
730.084,30.377,3.588,3.482,85,0,0,0,0,0
733.672,33.859,3.588,3.482,85,5,0,1,0,0
737.26,37.342,3.588,3.482,85,10,0,1,0,0
740.848,40.824,3.588,3.482,85,15,0,1,0,0
744.436,44.306,3.588,3.482,85,20,0,1,0,0
748.024,47.789,3.588,3.482,85,25,0,1,0,0
751.612,51.271,3.588,3.482,85,30,0,1,0,0
751.0,54.754,-4.883,-2.06,85,30,0,0,0,0
746.117,52.694,-4.883,-2.06,85,30,0,0,0,0
741.233,50.634,-4.883,-2.06,85,30,0,0,0,0
736.35,48.574,-4.883,-2.06,85,30,0,0,0,0
731.466,46.515,-4.883,-2.06,85,30,0,0,0,0
726.583,44.455,-4.883,-2.06,85,30,0,0,0,0
721.7,42.395,-4.883,-2.06,85,30,0,0,0,0
716.816,40.335,-4.883,-2.06,85,35,0,1,0,0
711.933,38.276,-4.883,-2.06,85,40,0,1,0,0
707.05,36.216,-4.883,-2.06,85,45,0,1,0,0
702.166,34.156,-4.883,-2.06,85,50,0,1,0,0
697.283,32.096,-4.883,-2.06,85,55,0,1,0,0
692.399,30.037,-4.883,-2.06,85,60,0,1,0,0
687.516,27.977,-4.883,-2.06,85,65,0,1,0,0
682.633,25.917,-4.883,-2.06,85,70,0,1,0,0
677.749,23.857,-4.883,-2.06,85,75,0,1,0,0
672.866,21.798,-4.883,-2.06,85,80,0,1,0,0
667.982,19.738,-4.883,-2.06,85,85,0,1,0,0
663.099,17.678,-4.883,-2.06,85,85,0,0,0,0
658.216,15.618,-4.883,-2.06,85,85,0,0,0,0
653.332,13.559,-4.883,-2.06,85,85,0,0,0,0
648.449,11.499,-4.883,-2.06,85,85,0,0,0,0
643.566,9.439,-4.883,-2.06,85,85,0,0,0,0
638.682,7.379,-4.883,-2.06,85,85,0,0,0,0
633.799,6.0,-4.883,2.06,85,85,0,0,0,0
628.915,8.06,-4.883,2.06,85,85,0,0,0,0
624.032,10.12,-4.883,2.06,85,85,0,0,0,0
619.149,12.179,-4.883,2.06,85,85,0,0,0,0
614.265,14.239,-4.883,2.06,85,85,0,0,0,0
609.382,16.299,-4.883,2.06,85,85,0,0,0,0
604.499,18.359,-4.883,2.06,85,85,0,0,0,0
599.615,20.418,-4.883,2.06,85,85,0,0,0,0
594.732,22.478,-4.883,2.06,85,85,0,0,0,0
589.848,24.538,-4.883,2.06,85,85,0,0,0,0
584.965,26.598,-4.883,2.06,85,85,0,0,0,0
580.082,28.657,-4.883,2.06,85,85,0,0,0,0
575.198,30.717,-4.883,2.06,85,85,0,0,0,0
570.315,32.777,-4.883,2.06,85,85,0,0,0,0
565.431,34.837,-4.883,2.06,85,85,0,0,0,0
560.548,36.896,-4.883,2.06,85,85,0,0,0,0
555.665,38.956,-4.883,2.06,85,85,0,0,0,0
550.781,41.016,-4.883,2.06,85,85,0,0,0,0
545.898,43.076,-4.883,2.06,85,85,0,0,0,0
541.015,45.135,-4.883,2.06,85,85,0,0,0,0
536.131,47.195,-4.883,2.06,85,85,0,0,0,0
531.248,49.255,-4.883,2.06,85,85,0,0,0,0
526.364,51.315,-4.883,2.06,85,85,0,0,0,0
521.481,53.374,-4.883,2.06,85,85,0,0,0,0
516.598,55.434,-4.883,2.06,85,85,0,0,0,0
511.714,57.494,-4.883,2.06,85,85,0,0,0,0
506.831,59.554,-4.883,2.06,85,85,0,0,0,0
501.947,61.613,-4.883,2.06,85,85,0,0,0,0
497.064,63.673,-4.883,2.06,90,90,1,1,0,0
492.181,65.733,-4.883,2.06,95,95,1,1,0,0
487.297,67.793,-4.883,2.06,100,100,1,1,0,0
482.414,69.852,-4.883,2.06,105,105,1,1,0,0
477.531,71.912,-4.883,2.06,110,110,1,1,0,0
472.647,73.972,-4.883,2.06,115,115,1,1,0,0
467.764,76.032,-4.883,2.06,120,120,1,1,0,0
462.88,78.091,-4.883,2.06,125,125,1,1,0,0
457.997,80.151,-4.883,2.06,125,130,0,1,0,0
453.114,82.211,-4.883,2.06,125,135,0,1,0,0
448.23,84.271,-4.883,2.06,125,140,0,1,0,0
443.347,86.33,-4.883,2.06,125,145,0,1,0,0
438.464,88.39,-4.883,2.06,125,150,0,1,0,0
433.58,90.45,-4.883,2.06,125,155,0,1,0,0
428.697,92.51,-4.883,2.06,125,160,0,1,0,0
423.813,94.569,-4.883,2.06,125,165,0,1,0,0
418.93,96.629,-4.883,2.06,130,170,1,1,0,0
414.047,98.689,-4.883,2.06,135,175,1,1,0,0
409.163,100.749,-4.883,2.06,140,180,1,1,0,0
404.28,102.808,-4.883,2.06,145,185,1,1,0,0
399.396,104.868,-4.883,2.06,150,190,1,1,0,0
394.513,106.928,-4.883,2.06,155,195,1,1,0,0
389.63,108.988,-4.883,2.06,160,200,1,1,0,0
384.746,111.047,-4.883,2.06,165,205,1,1,0,0
379.863,113.107,-4.883,2.06,170,210,1,1,0,0
374.98,115.167,-4.883,2.06,170,210,0,0,0,0
370.096,117.227,-4.883,2.06,170,210,0,0,0,0
365.213,119.286,-4.883,2.06,170,210,0,0,0,0
360.329,121.346,-4.883,2.06,170,210,0,0,0,0
355.446,123.406,-4.883,2.06,170,210,0,0,0,0
350.563,125.466,-4.883,2.06,170,210,0,0,0,0
345.679,127.525,-4.883,2.06,170,210,0,0,0,0
340.796,129.585,-4.883,2.06,175,210,1,0,0,0
335.912,131.645,-4.883,2.06,180,210,1,0,0,0
331.029,133.705,-4.883,2.06,185,210,1,0,0,0
326.146,135.764,-4.883,2.06,190,205,1,-1,0,0
321.262,137.824,-4.883,2.06,195,200,1,-1,0,0
316.379,139.884,-4.883,2.06,200,195,1,-1,0,0
311.496,141.944,-4.883,2.06,200,190,0,-1,0,0
306.612,144.003,-4.883,2.06,200,185,0,-1,0,0
301.729,146.063,-4.883,2.06,200,180,0,-1,0,0
296.845,148.123,-4.883,2.06,200,175,0,-1,0,0
291.962,150.183,-4.883,2.06,200,170,0,-1,0,0
287.079,152.242,-4.883,2.06,200,165,0,-1,0,0
282.195,154.302,-4.883,2.06,200,160,0,-1,0,0
277.312,156.362,-4.883,2.06,200,155,0,-1,0,0
272.429,158.422,-4.883,2.06,200,155,0,0,0,0
267.545,160.481,-4.883,2.06,200,155,0,0,0,0
262.662,162.541,-4.883,2.06,200,155,0,0,0,0
257.778,164.601,-4.883,2.06,200,155,0,0,0,0
252.895,166.661,-4.883,2.06,200,155,0,0,0,0
248.012,168.72,-4.883,2.06,200,155,0,0,0,0
243.128,170.78,-4.883,2.06,200,155,0,0,0,0
238.245,172.84,-4.883,2.06,200,155,0,0,0,0
233.361,174.9,-4.883,2.06,200,155,0,0,0,0
228.478,176.959,-4.883,2.06,200,155,0,0,0,0
223.595,179.019,-4.883,2.06,200,155,0,0,0,0
218.711,181.079,-4.883,2.06,200,155,0,0,0,0
213.828,183.139,-4.883,2.06,200,155,0,0,0,0
208.945,185.198,-4.883,2.06,200,155,0,0,0,0
204.061,187.258,-4.883,2.06,200,155,0,0,0,0
199.178,189.318,-4.883,2.06,200,155,0,0,0,0
194.294,191.378,-4.883,2.06,200,155,0,0,0,0
189.411,193.437,-4.883,2.06,200,155,0,0,0,0
184.528,195.497,-4.883,2.06,200,155,0,0,0,0
179.644,197.557,-4.883,2.06,200,155,0,0,0,0
174.761,199.617,-4.883,2.06,200,155,0,0,0,0
169.877,201.676,-4.883,2.06,200,155,0,0,0,0
164.994,203.736,-4.883,2.06,200,155,0,0,0,0
160.111,205.796,-4.883,2.06,200,155,0,0,0,0
155.227,207.856,-4.883,2.06,200,155,0,0,0,0
150.344,209.915,-4.883,2.06,200,155,0,0,0,0
145.461,211.975,-4.883,2.06,200,155,0,0,0,0
140.577,214.035,-4.883,2.06,200,155,0,0,0,0
135.694,216.095,-4.883,2.06,200,155,0,0,0,0
130.81,218.154,-4.883,2.06,200,155,0,0,0,0
125.927,220.214,-4.883,2.06,200,155,0,0,0,0
121.044,222.274,-4.883,2.06,200,155,0,0,0,0
116.16,224.334,-4.883,2.06,200,155,0,0,0,0
111.277,226.393,-4.883,2.06,200,155,0,0,0,0
106.394,228.453,-4.883,2.06,200,155,0,0,0,0
101.51,230.513,-4.883,2.06,200,155,0,0,0,0
96.627,232.573,-4.883,2.06,200,155,0,0,0,0
91.743,234.632,-4.883,2.06,200,155,0,0,0,0
86.86,236.692,-4.883,2.06,200,155,0,0,0,0
81.977,238.752,-4.883,2.06,200,155,0,0,0,0
77.093,240.812,-4.883,2.06,200,155,0,0,0,0
72.21,242.871,-4.883,2.06,200,155,0,0,0,0
67.326,244.931,-4.883,2.06,200,155,0,0,0,0
62.443,246.991,-4.883,2.06,200,155,0,0,0,0
57.56,249.051,-4.883,2.06,200,155,0,0,0,0
52.676,251.11,-4.883,2.06,200,155,0,0,0,0
49.0,253.17,5.27,1.893,200,155,0,0,0,0
54.27,255.063,5.27,1.893,200,160,0,1,0,0
59.541,256.956,5.27,1.893,200,165,0,1,0,0
64.811,258.849,5.27,1.893,200,170,0,1,0,0
70.082,260.741,5.27,1.893,200,175,0,1,0,0
75.352,262.634,5.27,1.893,200,180,0,1,0,0
80.622,264.527,5.27,1.893,200,185,0,1,0,0
85.893,266.42,5.27,1.893,200,190,0,1,0,0
91.163,268.313,5.27,1.893,200,195,0,1,0,0
96.434,270.206,5.27,1.893,200,200,0,1,0,0
101.704,272.098,5.27,1.893,200,205,0,1,0,0
106.975,273.991,5.27,1.893,200,210,0,1,0,0
112.245,275.884,5.27,1.893,200,215,0,1,0,0
117.515,277.777,5.27,1.893,200,220,0,1,0,0
122.786,279.67,5.27,1.893,200,225,0,1,0,0
128.056,281.562,5.27,1.893,200,230,0,1,0,0
133.327,283.455,5.27,1.893,200,235,0,1,0,0
138.597,285.348,5.27,1.893,200,240,0,1,0,0
143.867,287.241,5.27,1.893,200,245,0,1,0,0
149.138,289.134,5.27,1.893,200,250,0,1,0,0
154.408,291.027,5.27,1.893,200,255,0,1,0,0
159.679,292.919,5.27,1.893,200,260,0,1,0,0
164.949,294.812,5.27,1.893,200,265,0,1,0,0
170.219,296.705,5.27,1.893,200,270,0,1,0,0
175.49,298.598,5.27,1.893,200,275,0,1,0,0
180.76,300.491,5.27,1.893,200,280,0,1,0,0
186.031,302.383,5.27,1.893,200,285,0,1,0,0
191.301,304.276,5.27,1.893,200,290,0,1,0,0
196.572,306.169,5.27,1.893,200,295,0,1,0,0
201.842,308.062,5.27,1.893,200,300,0,1,0,0
207.112,309.955,5.27,1.893,200,305,0,1,0,0
212.383,311.847,5.27,1.893,200,310,0,1,0,0
217.653,313.74,5.27,1.893,200,315,0,1,0,0
222.924,315.633,5.27,1.893,200,320,0,1,0,0
228.194,317.526,5.27,1.893,200,325,0,1,0,0
233.464,319.419,5.27,1.893,200,330,0,1,0,0
238.735,321.312,5.27,1.893,200,335,0,1,0,0
244.005,323.204,5.27,1.893,200,340,0,1,0,0
249.276,325.097,5.27,1.893,200,345,0,1,0,0
254.546,326.99,5.27,1.893,200,350,0,1,0,0
259.816,328.883,5.27,1.893,200,355,0,1,0,0
265.087,330.776,5.27,1.893,200,360,0,1,0,0
270.357,332.668,5.27,1.893,200,365,0,1,0,0
275.628,334.561,5.27,1.893,200,370,0,1,0,0
280.898,336.454,5.27,1.893,205,375,1,1,0,0
286.169,338.347,5.27,1.893,210,380,1,1,0,0
291.439,340.24,5.27,1.893,215,385,1,1,0,0
296.709,342.133,5.27,1.893,220,390,1,1,0,0
301.98,344.025,5.27,1.893,225,395,1,1,0,0
307.25,345.918,5.27,1.893,230,400,1,1,0,0
312.521,347.811,5.27,1.893,235,405,1,1,0,0
317.791,349.704,5.27,1.893,240,410,1,1,0,0
323.061,351.597,5.27,1.893,245,415,1,1,0,0
328.332,353.489,5.27,1.893,250,420,1,1,0,0
333.602,355.382,5.27,1.893,255,425,1,1,0,0
338.873,357.275,5.27,1.893,255,430,0,1,0,0
344.143,359.168,5.27,1.893,255,435,0,1,0,0
349.413,361.061,5.27,1.893,255,440,0,1,0,0
354.684,362.954,5.27,1.893,255,445,0,1,0,0
359.954,364.846,5.27,1.893,255,450,0,1,0,0
365.225,366.739,5.27,1.893,255,455,0,1,0,0
370.495,368.632,5.27,1.893,255,460,0,1,0,0
375.766,370.525,5.27,1.893,260,465,1,1,0,0
381.036,372.418,5.27,1.893,265,470,1,1,0,0
386.306,374.31,5.27,1.893,270,475,1,1,0,0
391.577,376.203,5.27,1.893,275,480,1,1,0,0
396.847,378.096,5.27,1.893,280,480,1,0,0,0
402.118,379.989,5.27,1.893,285,480,1,0,0,0
407.388,381.882,5.27,1.893,285,480,0,0,0,0
412.658,383.775,5.27,1.893,285,480,0,0,0,0
417.929,385.667,5.27,1.893,285,480,0,0,0,0
423.199,387.56,5.27,1.893,285,480,0,0,0,0
428.47,389.453,5.27,1.893,285,480,0,0,0,0
433.74,391.346,5.27,1.893,285,480,0,0,0,0
439.01,393.239,5.27,1.893,285,480,0,0,0,0
444.281,395.131,5.27,1.893,285,480,0,0,0,0
449.551,397.024,5.27,1.893,285,475,0,-1,0,0
454.822,398.917,5.27,1.893,285,470,0,-1,0,0
460.092,400.81,5.27,1.893,290,465,1,-1,0,0
465.363,402.703,5.27,1.893,295,460,1,-1,0,0
470.633,404.596,5.27,1.893,300,455,1,-1,0,0
475.903,406.488,5.27,1.893,305,450,1,-1,0,0
481.174,408.381,5.27,1.893,310,445,1,-1,0,0
486.444,410.274,5.27,1.893,315,440,1,-1,0,0
491.715,412.167,5.27,1.893,320,435,1,-1,0,0
496.985,414.06,5.27,1.893,325,430,1,-1,0,0
502.255,415.952,5.27,1.893,330,425,1,-1,0,0
507.526,417.845,5.27,1.893,335,420,1,-1,0,0
512.796,419.738,5.27,1.893,340,415,1,-1,0,0
518.067,421.631,5.27,1.893,340,415,0,0,0,0
523.337,423.524,5.27,1.893,340,415,0,0,0,0
528.608,425.417,5.27,1.893,340,415,0,0,0,0
533.878,427.309,5.27,1.893,340,415,0,0,0,0
539.148,429.202,5.27,1.893,340,415,0,0,0,0
544.419,431.095,5.27,1.893,340,415,0,0,0,0
549.689,432.988,5.27,1.893,340,415,0,0,0,0
554.96,434.881,5.27,1.893,340,415,0,0,0,0
560.23,436.773,5.27,1.893,340,415,0,0,0,0
565.5,438.666,5.27,1.893,340,415,0,0,0,0
570.771,440.559,5.27,1.893,340,415,0,0,0,0
576.041,442.452,5.27,1.893,340,415,0,0,0,0
581.312,444.345,5.27,1.893,340,415,0,0,0,0
586.582,446.237,5.27,1.893,335,415,-1,0,0,0
591.852,448.13,5.27,1.893,330,420,-1,1,0,0
597.123,450.023,5.27,1.893,325,425,-1,1,0,0
602.393,451.916,5.27,1.893,320,430,-1,1,0,0
607.664,453.809,5.27,1.893,315,435,-1,1,0,0
612.934,455.702,5.27,1.893,310,440,-1,1,0,0
618.205,457.594,5.27,1.893,305,445,-1,1,0,0
623.475,459.487,5.27,1.893,300,450,-1,1,0,0
628.745,461.38,5.27,1.893,295,455,-1,1,0,0
634.016,463.273,5.27,1.893,290,460,-1,1,0,0
639.286,465.166,5.27,1.893,285,460,-1,0,0,0
644.557,467.058,5.27,1.893,280,460,-1,0,0,0
649.827,468.951,5.27,1.893,280,460,0,0,0,0
655.097,470.844,5.27,1.893,280,460,0,0,0,0
660.368,472.737,5.27,1.893,280,460,0,0,0,0
665.638,474.63,5.27,1.893,280,460,0,0,0,0
670.909,476.523,5.27,1.893,280,460,0,0,0,0
676.179,478.415,5.27,1.893,280,460,0,0,0,0
681.449,480.308,5.27,1.893,280,460,0,0,0,0
686.72,482.201,5.27,1.893,280,460,0,0,0,0
691.99,484.094,5.27,1.893,280,460,0,0,0,0
697.261,485.987,5.27,1.893,280,460,0,0,0,0
702.531,487.879,5.27,1.893,280,465,0,1,0,0
707.802,489.772,5.27,1.893,280,470,0,1,0,0
713.072,491.665,5.27,1.893,280,475,0,1,0,0
718.342,493.558,5.27,1.893,280,480,0,1,0,0
723.613,495.451,5.27,1.893,280,485,0,1,0,0
728.883,497.344,5.27,1.893,280,490,0,1,0,0
734.154,499.236,5.27,1.893,280,495,0,1,0,0
739.424,501.129,5.27,1.893,280,495,0,0,0,0
744.694,503.022,5.27,1.893,280,495,0,0,0,0
749.965,504.915,5.27,1.893,280,495,0,0,0,0
751.0,506.808,-4.365,-3.97,280,495,0,0,0,0
746.635,502.838,-4.365,-3.97,280,495,0,0,0,0
742.271,498.868,-4.365,-3.97,280,495,0,0,0,0
737.906,494.898,-4.365,-3.97,280,495,0,0,0,0
733.542,490.928,-4.365,-3.97,280,495,0,0,0,0
729.177,486.958,-4.365,-3.97,280,495,0,0,0,0
724.812,482.988,-4.365,-3.97,280,495,0,0,0,0
720.448,479.018,-4.365,-3.97,280,495,0,0,0,0
716.083,475.048,-4.365,-3.97,280,495,0,0,0,0
711.718,471.079,-4.365,-3.97,280,495,0,0,0,0
707.354,467.109,-4.365,-3.97,280,495,0,0,0,0
702.989,463.139,-4.365,-3.97,280,495,0,0,0,0
698.625,459.169,-4.365,-3.97,280,495,0,0,0,0
694.26,455.199,-4.365,-3.97,280,495,0,0,0,0
689.895,451.229,-4.365,-3.97,280,495,0,0,0,0
685.531,447.259,-4.365,-3.97,280,495,0,0,0,0
681.166,443.289,-4.365,-3.97,280,495,0,0,0,0
676.802,439.319,-4.365,-3.97,280,495,0,0,0,0
672.437,435.349,-4.365,-3.97,280,495,0,0,0,0
668.072,431.38,-4.365,-3.97,280,490,0,-1,0,0
663.708,427.41,-4.365,-3.97,280,485,0,-1,0,0
659.343,423.44,-4.365,-3.97,275,480,-1,-1,0,0
654.978,419.47,-4.365,-3.97,270,475,-1,-1,0,0
650.614,415.5,-4.365,-3.97,265,470,-1,-1,0,0
646.249,411.53,-4.365,-3.97,260,465,-1,-1,0,0
641.885,407.56,-4.365,-3.97,255,460,-1,-1,0,0
637.52,403.59,-4.365,-3.97,250,455,-1,-1,0,0
633.155,399.62,-4.365,-3.97,245,450,-1,-1,0,0
628.791,395.65,-4.365,-3.97,240,445,-1,-1,0,0
624.426,391.681,-4.365,-3.97,235,440,-1,-1,0,0
620.061,387.711,-4.365,-3.97,230,435,-1,-1,0,0
615.697,383.741,-4.365,-3.97,230,430,0,-1,0,0
611.332,379.771,-4.365,-3.97,230,425,0,-1,0,0
606.968,375.801,-4.365,-3.97,230,420,0,-1,0,0
602.603,371.831,-4.365,-3.97,230,415,0,-1,0,0
598.238,367.861,-4.365,-3.97,230,410,0,-1,0,0
593.874,363.891,-4.365,-3.97,230,405,0,-1,0,0
589.509,359.921,-4.365,-3.97,225,400,-1,-1,0,0
585.145,355.951,-4.365,-3.97,220,395,-1,-1,0,0
580.78,351.982,-4.365,-3.97,215,390,-1,-1,0,0
576.415,348.012,-4.365,-3.97,210,385,-1,-1,0,0
572.051,344.042,-4.365,-3.97,205,380,-1,-1,0,0
567.686,340.072,-4.365,-3.97,200,375,-1,-1,0,0
563.321,336.102,-4.365,-3.97,195,370,-1,-1,0,0
558.957,332.132,-4.365,-3.97,190,365,-1,-1,0,0
554.592,328.162,-4.365,-3.97,190,360,0,-1,0,0
550.228,324.192,-4.365,-3.97,190,355,0,-1,0,0
545.863,320.222,-4.365,-3.97,190,350,0,-1,0,0
541.498,316.252,-4.365,-3.97,190,345,0,-1,0,0
537.134,312.282,-4.365,-3.97,190,340,0,-1,0,0
532.769,308.313,-4.365,-3.97,190,335,0,-1,0,0
528.405,304.343,-4.365,-3.97,190,330,0,-1,0,0
524.04,300.373,-4.365,-3.97,190,325,0,-1,0,0
519.675,296.403,-4.365,-3.97,190,320,0,-1,0,0
515.311,292.433,-4.365,-3.97,190,315,0,-1,0,0
510.946,288.463,-4.365,-3.97,190,310,0,-1,0,0
506.581,284.493,-4.365,-3.97,190,305,0,-1,0,0
502.217,280.523,-4.365,-3.97,190,300,0,-1,0,0
497.852,276.553,-4.365,-3.97,190,295,0,-1,0,0
493.488,272.583,-4.365,-3.97,190,290,0,-1,0,0
489.123,268.614,-4.365,-3.97,190,285,0,-1,0,0
484.758,264.644,-4.365,-3.97,190,280,0,-1,0,0
480.394,260.674,-4.365,-3.97,190,275,0,-1,0,0
476.029,256.704,-4.365,-3.97,190,270,0,-1,0,0
471.664,252.734,-4.365,-3.97,190,265,0,-1,0,0
467.3,248.764,-4.365,-3.97,190,260,0,-1,0,0
462.935,244.794,-4.365,-3.97,195,255,1,-1,0,0
458.571,240.824,-4.365,-3.97,200,250,1,-1,0,0
454.206,236.854,-4.365,-3.97,205,245,1,-1,0,0
449.841,232.884,-4.365,-3.97,210,240,1,-1,0,0
445.477,228.915,-4.365,-3.97,215,235,1,-1,0,0
441.112,224.945,-4.365,-3.97,220,230,1,-1,0,0
436.748,220.975,-4.365,-3.97,225,225,1,-1,0,0
432.383,217.005,-4.365,-3.97,230,220,1,-1,0,0
428.018,213.035,-4.365,-3.97,235,215,1,-1,0,0
423.654,209.065,-4.365,-3.97,240,210,1,-1,0,0
419.289,205.095,-4.365,-3.97,245,205,1,-1,0,0
414.924,201.125,-4.365,-3.97,245,200,0,-1,0,0
410.56,197.155,-4.365,-3.97,245,195,0,-1,0,0
406.195,193.185,-4.365,-3.97,245,190,0,-1,0,0
401.831,189.216,-4.365,-3.97,245,185,0,-1,0,0
397.466,185.246,-4.365,-3.97,245,180,0,-1,0,0
393.101,181.276,-4.365,-3.97,245,175,0,-1,0,0
388.737,177.306,-4.365,-3.97,245,170,0,-1,0,0
384.372,173.336,-4.365,-3.97,245,165,0,-1,0,0
380.008,169.366,-4.365,-3.97,245,160,0,-1,0,0
375.643,165.396,-4.365,-3.97,245,155,0,-1,0,0
371.278,161.426,-4.365,-3.97,245,150,0,-1,0,0
366.914,157.456,-4.365,-3.97,245,145,0,-1,0,0
362.549,153.486,-4.365,-3.97,245,140,0,-1,0,0
358.184,149.517,-4.365,-3.97,245,140,0,0,0,0
353.82,145.547,-4.365,-3.97,245,140,0,0,0,0
349.455,141.577,-4.365,-3.97,245,140,0,0,0,0
345.091,137.607,-4.365,-3.97,245,140,0,0,0,0
340.726,133.637,-4.365,-3.97,245,140,0,0,0,0
336.361,129.667,-4.365,-3.97,245,140,0,0,0,0
331.997,125.697,-4.365,-3.97,245,140,0,0,0,0
327.632,121.727,-4.365,-3.97,245,135,0,-1,0,0
323.267,117.757,-4.365,-3.97,245,130,0,-1,0,0
318.903,113.787,-4.365,-3.97,245,125,0,-1,0,0
314.538,109.818,-4.365,-3.97,245,120,0,-1,0,0
310.174,105.848,-4.365,-3.97,245,115,0,-1,0,0
305.809,101.878,-4.365,-3.97,245,110,0,-1,0,0
301.444,97.908,-4.365,-3.97,245,105,0,-1,0,0
297.08,93.938,-4.365,-3.97,245,100,0,-1,0,0
292.715,89.968,-4.365,-3.97,245,95,0,-1,0,0
288.351,85.998,-4.365,-3.97,245,90,0,-1,0,0
283.986,82.028,-4.365,-3.97,245,85,0,-1,0,0
279.621,78.058,-4.365,-3.97,245,80,0,-1,0,0
275.257,74.088,-4.365,-3.97,245,75,0,-1,0,0
270.892,70.119,-4.365,-3.97,245,70,0,-1,0,0
266.527,66.149,-4.365,-3.97,245,65,0,-1,0,0
262.163,62.179,-4.365,-3.97,245,60,0,-1,0,0
257.798,58.209,-4.365,-3.97,245,55,0,-1,0,0
253.434,54.239,-4.365,-3.97,245,50,0,-1,0,0
249.069,50.269,-4.365,-3.97,245,45,0,-1,0,0
244.704,46.299,-4.365,-3.97,245,40,0,-1,0,0
240.34,42.329,-4.365,-3.97,245,35,0,-1,0,0
235.975,38.359,-4.365,-3.97,245,30,0,-1,0,0
231.611,34.389,-4.365,-3.97,245,25,0,-1,0,0
227.246,30.42,-4.365,-3.97,245,20,0,-1,0,0
222.881,26.45,-4.365,-3.97,245,15,0,-1,0,0
218.517,22.48,-4.365,-3.97,245,10,0,-1,0,0
214.152,18.51,-4.365,-3.97,245,5,0,-1,0,0
209.787,14.54,-4.365,-3.97,245,0,0,-1,0,0
205.423,10.57,-4.365,-3.97,245,0,0,-1,0,0
201.058,6.6,-4.365,-3.97,245,0,0,-1,0,0
196.694,6.0,-4.365,3.97,245,0,0,-1,0,0
192.329,9.97,-4.365,3.97,245,0,0,-1,0,0
187.964,13.94,-4.365,3.97,245,0,0,-1,0,0
183.6,17.91,-4.365,3.97,245,0,0,-1,0,0
179.235,21.88,-4.365,3.97,245,0,0,-1,0,0
174.87,25.85,-4.365,3.97,245,0,0,-1,0,0
170.506,29.819,-4.365,3.97,245,0,0,0,0,0
166.141,33.789,-4.365,3.97,245,0,0,0,0,0
161.777,37.759,-4.365,3.97,245,0,0,0,0,0
157.412,41.729,-4.365,3.97,245,0,0,0,0,0
153.047,45.699,-4.365,3.97,245,0,0,0,0,0
148.683,49.669,-4.365,3.97,245,0,0,0,0,0
144.318,53.639,-4.365,3.97,245,0,0,0,0,0
139.954,57.609,-4.365,3.97,245,0,0,0,0,0
135.589,61.579,-4.365,3.97,245,0,0,0,0,0
131.224,65.549,-4.365,3.97,245,0,0,0,0,0
126.86,69.518,-4.365,3.97,245,0,0,0,0,0
122.495,73.488,-4.365,3.97,245,0,0,0,0,0
118.13,77.458,-4.365,3.97,245,0,0,0,0,0
113.766,81.428,-4.365,3.97,245,0,0,0,0,0
109.401,85.398,-4.365,3.97,245,0,0,0,0,0
105.037,89.368,-4.365,3.97,240,0,-1,0,0,0
100.672,93.338,-4.365,3.97,235,0,-1,0,0,0
96.307,97.308,-4.365,3.97,230,0,-1,0,0,0
91.943,101.278,-4.365,3.97,225,0,-1,0,0,0
87.578,105.248,-4.365,3.97,220,0,-1,0,0,0
83.214,109.217,-4.365,3.97,215,0,-1,0,0,0
78.849,113.187,-4.365,3.97,210,0,-1,0,0,0
74.484,117.157,-4.365,3.97,205,0,-1,0,0,0
70.12,121.127,-4.365,3.97,200,0,-1,0,0,0
65.755,125.097,-4.365,3.97,195,0,-1,0,0,0
61.39,129.067,-4.365,3.97,190,0,-1,0,0,0
57.026,133.037,-4.365,3.97,185,0,-1,0,0,0
52.661,137.007,-4.365,3.97,180,0,-1,0,0,0
48.297,140.977,-4.365,3.97,175,0,-1,0,0,0
43.932,144.947,-4.365,3.97,170,0,-1,0,0,0
39.567,148.916,-4.365,3.97,165,0,-1,0,0,0
35.203,152.886,-4.365,3.97,160,0,-1,0,0,0
49.0,156.856,3.357,-5.212,155,0,-1,0,0,0
52.357,151.644,3.357,-5.212,150,0,-1,0,0,0
55.714,146.431,3.357,-5.212,145,0,-1,0,0,0
59.072,141.219,3.357,-5.212,140,0,-1,0,0,0
62.429,136.007,3.357,-5.212,135,0,-1,0,0,0
65.786,130.794,3.357,-5.212,130,0,-1,0,0,0
69.143,125.582,3.357,-5.212,125,0,-1,0,0,0
72.5,120.369,3.357,-5.212,120,0,-1,0,0,0
75.857,115.157,3.357,-5.212,115,0,-1,0,0,0
79.215,109.944,3.357,-5.212,110,0,-1,0,0,0
82.572,104.732,3.357,-5.212,105,0,-1,0,0,0
85.929,99.52,3.357,-5.212,100,0,-1,0,0,0
89.286,94.307,3.357,-5.212,95,0,-1,0,0,0
92.643,89.095,3.357,-5.212,90,0,-1,0,0,0
96.0,83.882,3.357,-5.212,85,0,-1,0,0,0
99.358,78.67,3.357,-5.212,80,0,-1,0,0,0
102.715,73.457,3.357,-5.212,75,0,-1,0,0,0
106.072,68.245,3.357,-5.212,70,0,-1,0,0,0
109.429,63.033,3.357,-5.212,65,0,-1,0,0,0
112.786,57.82,3.357,-5.212,60,0,-1,0,0,0
116.143,52.608,3.357,-5.212,55,0,-1,0,0,0
119.501,47.395,3.357,-5.212,50,0,-1,0,0,0
122.858,42.183,3.357,-5.212,45,0,-1,0,0,0
126.215,36.97,3.357,-5.212,40,5,-1,1,0,0
129.572,31.758,3.357,-5.212,35,10,-1,1,0,0
132.929,26.545,3.357,-5.212,30,15,-1,1,0,0
136.286,21.333,3.357,-5.212,30,20,0,1,0,0
139.644,16.121,3.357,-5.212,30,25,0,1,0,0
143.001,10.908,3.357,-5.212,30,30,0,1,0,0
146.358,6.0,3.357,5.212,30,35,0,1,0,0
149.715,11.212,3.357,5.212,30,40,0,1,0,0
153.072,16.425,3.357,5.212,30,45,0,1,0,0
156.429,21.637,3.357,5.212,30,50,0,1,0,0
159.787,26.85,3.357,5.212,30,55,0,1,0,0
163.144,32.062,3.357,5.212,30,60,0,1,0,0
166.501,37.275,3.357,5.212,30,65,0,1,0,0
169.858,42.487,3.357,5.212,30,70,0,1,0,0
173.215,47.699,3.357,5.212,30,75,0,1,0,0
176.572,52.912,3.357,5.212,30,80,0,1,0,0
179.93,58.124,3.357,5.212,30,85,0,1,0,0
183.287,63.337,3.357,5.212,30,90,0,1,0,0
186.644,68.549,3.357,5.212,30,95,0,1,0,0
190.001,73.762,3.357,5.212,30,100,0,1,0,0
193.358,78.974,3.357,5.212,30,105,0,1,0,0
196.715,84.186,3.357,5.212,30,110,0,1,0,0
200.073,89.399,3.357,5.212,35,115,1,1,0,0
203.43,94.611,3.357,5.212,40,120,1,1,0,0
206.787,99.824,3.357,5.212,45,125,1,1,0,0
210.144,105.036,3.357,5.212,50,130,1,1,0,0
213.501,110.249,3.357,5.212,55,135,1,1,0,0
216.858,115.461,3.357,5.212,60,140,1,1,0,0
220.216,120.673,3.357,5.212,65,145,1,1,0,0
223.573,125.886,3.357,5.212,70,150,1,1,0,0
226.93,131.098,3.357,5.212,75,155,1,1,0,0
230.287,136.311,3.357,5.212,80,160,1,1,0,0
233.644,141.523,3.357,5.212,85,165,1,1,0,0
237.001,146.736,3.357,5.212,90,170,1,1,0,0
240.359,151.948,3.357,5.212,95,175,1,1,0,0
243.716,157.16,3.357,5.212,100,180,1,1,0,0
247.073,162.373,3.357,5.212,105,185,1,1,0,0
250.43,167.585,3.357,5.212,110,190,1,1,0,0
253.787,172.798,3.357,5.212,115,195,1,1,0,0
257.144,178.01,3.357,5.212,120,200,1,1,0,0
260.502,183.223,3.357,5.212,125,205,1,1,0,0
263.859,188.435,3.357,5.212,130,210,1,1,0,0
267.216,193.647,3.357,5.212,135,215,1,1,0,0
270.573,198.86,3.357,5.212,140,220,1,1,0,0
273.93,204.072,3.357,5.212,145,225,1,1,0,0
277.287,209.285,3.357,5.212,150,230,1,1,0,0
280.645,214.497,3.357,5.212,155,235,1,1,0,0
284.002,219.71,3.357,5.212,160,240,1,1,0,0
287.359,224.922,3.357,5.212,165,245,1,1,0,0
290.716,230.134,3.357,5.212,170,250,1,1,0,0
294.073,235.347,3.357,5.212,175,255,1,1,0,0
297.43,240.559,3.357,5.212,180,260,1,1,0,0
300.788,245.772,3.357,5.212,185,265,1,1,0,0
304.145,250.984,3.357,5.212,190,270,1,1,0,0
307.502,256.197,3.357,5.212,195,275,1,1,0,0
310.859,261.409,3.357,5.212,200,280,1,1,0,0
314.216,266.621,3.357,5.212,205,285,1,1,0,0
317.573,271.834,3.357,5.212,210,290,1,1,0,0
320.931,277.046,3.357,5.212,215,295,1,1,0,0
324.288,282.259,3.357,5.212,220,300,1,1,0,0
327.645,287.471,3.357,5.212,225,305,1,1,0,0
331.002,292.684,3.357,5.212,230,310,1,1,0,0
334.359,297.896,3.357,5.212,235,315,1,1,0,0
337.716,303.108,3.357,5.212,235,320,0,1,0,0
341.074,308.321,3.357,5.212,235,325,0,1,0,0
344.431,313.533,3.357,5.212,235,330,0,1,0,0
347.788,318.746,3.357,5.212,235,335,0,1,0,0
351.145,323.958,3.357,5.212,235,340,0,1,0,0
354.502,329.171,3.357,5.212,235,345,0,1,0,0
357.859,334.383,3.357,5.212,235,350,0,1,0,0
361.217,339.596,3.357,5.212,235,355,0,1,0,0
364.574,344.808,3.357,5.212,235,360,0,1,0,0
367.931,350.02,3.357,5.212,235,365,0,1,0,0
371.288,355.233,3.357,5.212,235,370,0,1,0,0
374.645,360.445,3.357,5.212,235,375,0,1,0,0
378.002,365.658,3.357,5.212,235,380,0,1,0,0
381.36,370.87,3.357,5.212,235,385,0,1,0,0
384.717,376.083,3.357,5.212,235,390,0,1,0,0
388.074,381.295,3.357,5.212,230,395,-1,1,0,0
391.431,386.507,3.357,5.212,225,400,-1,1,0,0
394.788,391.72,3.357,5.212,220,405,-1,1,0,0
398.145,396.932,3.357,5.212,215,405,-1,0,0,0
401.503,402.145,3.357,5.212,210,400,-1,-1,0,0
404.86,407.357,3.357,5.212,205,395,-1,-1,0,0
408.217,412.57,3.357,5.212,200,390,-1,-1,0,0
411.574,417.782,3.357,5.212,195,385,-1,-1,0,0
414.931,422.994,3.357,5.212,190,380,-1,-1,0,0
418.288,428.207,3.357,5.212,185,375,-1,-1,0,0
421.646,433.419,3.357,5.212,180,370,-1,-1,0,0
425.003,438.632,3.357,5.212,180,365,0,-1,0,0
428.36,443.844,3.357,5.212,180,360,0,-1,0,0
431.717,449.057,3.357,5.212,180,355,0,-1,0,0
435.074,454.269,3.357,5.212,180,350,0,-1,0,0
438.431,459.481,3.357,5.212,180,345,0,-1,0,0
441.789,464.694,3.357,5.212,180,340,0,-1,0,0
445.146,469.906,3.357,5.212,180,335,0,-1,0,0
448.503,475.119,3.357,5.212,180,330,0,-1,0,0
451.86,480.331,3.357,5.212,185,325,1,-1,0,0
455.217,485.544,3.357,5.212,190,320,1,-1,0,0
458.574,490.756,3.357,5.212,195,315,1,-1,0,0
461.932,495.968,3.357,5.212,200,310,1,-1,0,0
465.289,501.181,3.357,5.212,205,310,1,0,0,0
468.646,506.393,3.357,5.212,210,310,1,0,0,0
472.003,511.606,3.357,5.212,215,310,1,0,0,0
475.36,516.818,3.357,5.212,220,310,1,0,0,0
478.717,522.031,3.357,5.212,225,310,1,0,0,0
482.075,527.243,3.357,5.212,230,310,1,0,0,0
485.432,532.455,3.357,5.212,235,310,1,0,0,0
488.789,537.668,3.357,5.212,240,310,1,0,0,0
492.146,542.88,3.357,5.212,245,310,1,0,0,0
495.503,548.093,3.357,5.212,250,310,1,0,0,0
498.86,553.305,3.357,5.212,245,310,-1,0,0,0
502.218,558.518,3.357,5.212,240,310,-1,0,0,0
505.575,563.73,3.357,5.212,235,310,-1,0,0,0
508.932,568.942,3.357,5.212,230,310,-1,0,0,0
512.289,574.155,3.357,5.212,225,310,-1,0,0,0
515.646,579.367,3.357,5.212,220,310,-1,0,0,0
519.003,584.58,3.357,5.212,215,310,-1,0,0,0
522.361,589.792,3.357,5.212,210,310,-1,0,0,0
525.718,594.0,3.357,-5.212,205,315,-1,1,0,0
529.075,588.788,3.357,-5.212,200,320,-1,1,0,0
532.432,583.575,3.357,-5.212,195,325,-1,1,0,0
535.789,578.363,3.357,-5.212,190,330,-1,1,0,0
539.147,573.15,3.357,-5.212,185,335,-1,1,0,0
542.504,567.938,3.357,-5.212,180,340,-1,1,0,0
545.861,562.725,3.357,-5.212,175,345,-1,1,0,0
549.218,557.513,3.357,-5.212,170,350,-1,1,0,0
552.575,552.301,3.357,-5.212,165,355,-1,1,0,0
555.932,547.088,3.357,-5.212,160,360,-1,1,0,0
559.29,541.876,3.357,-5.212,155,365,-1,1,0,0
562.647,536.663,3.357,-5.212,150,370,-1,1,0,0
566.004,531.451,3.357,-5.212,145,375,-1,1,0,0
569.361,526.238,3.357,-5.212,140,380,-1,1,0,0
572.718,521.026,3.357,-5.212,135,385,-1,1,0,0
576.075,515.814,3.357,-5.212,135,390,0,1,0,0
579.433,510.601,3.357,-5.212,135,390,0,0,0,0
582.79,505.389,3.357,-5.212,135,390,0,0,0,0
586.147,500.176,3.357,-5.212,135,390,0,0,0,0
589.504,494.964,3.357,-5.212,135,390,0,0,0,0
592.861,489.751,3.357,-5.212,135,390,0,0,0,0
596.218,484.539,3.357,-5.212,135,390,0,0,0,0
599.576,479.327,3.357,-5.212,135,390,0,0,0,0
602.933,474.114,3.357,-5.212,140,385,1,-1,0,0
606.29,468.902,3.357,-5.212,145,380,1,-1,0,0
609.647,463.689,3.357,-5.212,150,375,1,-1,0,0
613.004,458.477,3.357,-5.212,155,370,1,-1,0,0
616.361,453.264,3.357,-5.212,160,365,1,-1,0,0
619.719,448.052,3.357,-5.212,165,360,1,-1,0,0
623.076,442.84,3.357,-5.212,170,355,1,-1,0,0
626.433,437.627,3.357,-5.212,175,350,1,-1,0,0
629.79,432.415,3.357,-5.212,170,345,-1,-1,0,0
633.147,427.202,3.357,-5.212,165,340,-1,-1,0,0
636.504,421.99,3.357,-5.212,160,335,-1,-1,0,0
639.862,416.777,3.357,-5.212,155,330,-1,-1,0,0
643.219,411.565,3.357,-5.212,150,325,-1,-1,0,0
646.576,406.353,3.357,-5.212,145,320,-1,-1,0,0
649.933,401.14,3.357,-5.212,140,315,-1,-1,0,0
653.29,395.928,3.357,-5.212,135,310,-1,-1,0,0
656.647,390.715,3.357,-5.212,130,305,-1,-1,0,0
660.005,385.503,3.357,-5.212,125,300,-1,-1,0,0
663.362,380.29,3.357,-5.212,120,295,-1,-1,0,0
666.719,375.078,3.357,-5.212,115,290,-1,-1,0,0
670.076,369.866,3.357,-5.212,110,285,-1,-1,0,0
673.433,364.653,3.357,-5.212,105,280,-1,-1,0,0
676.79,359.441,3.357,-5.212,100,275,-1,-1,0,0
680.148,354.228,3.357,-5.212,95,270,-1,-1,0,0
683.505,349.016,3.357,-5.212,90,265,-1,-1,0,0
686.862,343.803,3.357,-5.212,85,260,-1,-1,0,0
690.219,338.591,3.357,-5.212,80,255,-1,-1,0,0
693.576,333.379,3.357,-5.212,75,250,-1,-1,0,0
696.933,328.166,3.357,-5.212,75,245,0,-1,0,0
700.291,322.954,3.357,-5.212,75,240,0,-1,0,0
703.648,317.741,3.357,-5.212,75,235,0,-1,0,0
707.005,312.529,3.357,-5.212,75,230,0,-1,0,0
710.362,307.316,3.357,-5.212,75,225,0,-1,0,0
713.719,302.104,3.357,-5.212,75,220,0,-1,0,0
717.076,296.892,3.357,-5.212,75,215,0,-1,0,0
720.434,291.679,3.357,-5.212,75,210,0,-1,0,0
723.791,286.467,3.357,-5.212,75,205,0,-1,0,0
727.148,281.254,3.357,-5.212,75,205,0,0,0,0
730.505,276.042,3.357,-5.212,75,205,0,0,0,0
733.862,270.829,3.357,-5.212,70,205,-1,0,0,0
737.219,265.617,3.357,-5.212,65,205,-1,0,0,0
740.577,260.404,3.357,-5.212,60,205,-1,0,0,0
743.934,255.192,3.357,-5.212,55,205,-1,0,0,0
747.291,249.98,3.357,-5.212,50,205,-1,0,0,0
750.648,244.767,3.357,-5.212,45,205,-1,0,0,0
751.0,239.555,-6.434,-0.923,40,205,-1,0,0,0
744.566,238.631,-6.434,-0.923,35,205,-1,0,0,0
738.132,237.708,-6.434,-0.923,30,200,-1,-1,0,0
731.698,236.784,-6.434,-0.923,25,195,-1,-1,0,0
725.264,235.861,-6.434,-0.923,20,190,-1,-1,0,0
718.83,234.937,-6.434,-0.923,15,185,-1,-1,0,0
712.396,234.014,-6.434,-0.923,10,180,-1,-1,0,0
705.962,233.09,-6.434,-0.923,5,175,-1,-1,0,0
699.527,232.167,-6.434,-0.923,0,170,-1,-1,0,0
693.093,231.243,-6.434,-0.923,0,165,0,-1,0,0
686.659,230.32,-6.434,-0.923,0,160,0,-1,0,0
680.225,229.397,-6.434,-0.923,0,155,0,-1,0,0
673.791,228.473,-6.434,-0.923,0,150,0,-1,0,0
667.357,227.55,-6.434,-0.923,0,150,0,0,0,0
660.923,226.626,-6.434,-0.923,0,150,0,0,0,0
654.489,225.703,-6.434,-0.923,0,150,0,0,0,0
648.055,224.779,-6.434,-0.923,0,150,0,0,0,0
641.621,223.856,-6.434,-0.923,0,150,0,0,0,0
635.187,222.932,-6.434,-0.923,0,150,0,0,0,0
628.753,222.009,-6.434,-0.923,0,150,0,0,0,0
622.319,221.085,-6.434,-0.923,0,150,0,0,0,0
615.885,220.162,-6.434,-0.923,0,150,0,0,0,0
609.451,219.238,-6.434,-0.923,0,150,0,0,0,0
603.017,218.315,-6.434,-0.923,0,150,0,0,0,0
596.582,217.391,-6.434,-0.923,5,155,1,1,0,0
590.148,216.468,-6.434,-0.923,10,160,1,1,0,0
583.714,215.544,-6.434,-0.923,15,165,1,1,0,0
577.28,214.621,-6.434,-0.923,20,170,1,1,0,0
570.846,213.697,-6.434,-0.923,25,175,1,1,0,0
564.412,212.774,-6.434,-0.923,30,180,1,1,0,0
557.978,211.85,-6.434,-0.923,35,185,1,1,0,0
551.544,210.927,-6.434,-0.923,40,190,1,1,0,0
545.11,210.004,-6.434,-0.923,45,195,1,1,0,0
538.676,209.08,-6.434,-0.923,50,200,1,1,0,0
532.242,208.157,-6.434,-0.923,55,205,1,1,0,0
525.808,207.233,-6.434,-0.923,60,210,1,1,0,0
519.374,206.31,-6.434,-0.923,65,215,1,1,0,0
512.94,205.386,-6.434,-0.923,70,220,1,1,0,0
506.506,204.463,-6.434,-0.923,75,225,1,1,0,0
500.071,203.539,-6.434,-0.923,80,230,1,1,0,0
493.637,202.616,-6.434,-0.923,85,235,1,1,0,0
487.203,201.692,-6.434,-0.923,90,240,1,1,0,0
480.769,200.769,-6.434,-0.923,95,245,1,1,0,0
474.335,199.845,-6.434,-0.923,100,250,1,1,0,0
467.901,198.922,-6.434,-0.923,105,255,1,1,0,0
461.467,197.998,-6.434,-0.923,110,260,1,1,0,0
455.033,197.075,-6.434,-0.923,115,265,1,1,0,0
448.599,196.151,-6.434,-0.923,120,270,1,1,0,0
442.165,195.228,-6.434,-0.923,125,275,1,1,0,0
435.731,194.304,-6.434,-0.923,130,280,1,1,0,0
429.297,193.381,-6.434,-0.923,130,285,0,1,0,0
422.863,192.457,-6.434,-0.923,130,290,0,1,0,0
416.429,191.534,-6.434,-0.923,130,295,0,1,0,0
409.995,190.611,-6.434,-0.923,130,295,0,0,0,0
403.56,189.687,-6.434,-0.923,130,295,0,0,0,0
397.126,188.764,-6.434,-0.923,130,295,0,0,0,0
390.692,187.84,-6.434,-0.923,130,295,0,0,0,0
384.258,186.917,-6.434,-0.923,130,295,0,0,0,0
377.824,185.993,-6.434,-0.923,130,295,0,0,0,0
371.39,185.07,-6.434,-0.923,130,295,0,0,0,0
364.956,184.146,-6.434,-0.923,130,295,0,0,0,0
358.522,183.223,-6.434,-0.923,130,295,0,0,0,0
352.088,182.299,-6.434,-0.923,130,295,0,0,0,0
345.654,181.376,-6.434,-0.923,130,295,0,0,0,0
339.22,180.452,-6.434,-0.923,130,295,0,0,0,0
332.786,179.529,-6.434,-0.923,130,295,0,0,0,0
326.352,178.605,-6.434,-0.923,130,295,0,0,0,0
319.918,177.682,-6.434,-0.923,125,295,-1,0,0,0
313.484,176.758,-6.434,-0.923,120,295,-1,0,0,0
307.05,175.835,-6.434,-0.923,115,295,-1,0,0,0
300.615,174.911,-6.434,-0.923,110,295,-1,0,0,0
294.181,173.988,-6.434,-0.923,105,290,-1,-1,0,0
287.747,173.064,-6.434,-0.923,100,285,-1,-1,0,0
281.313,172.141,-6.434,-0.923,95,280,-1,-1,0,0
274.879,171.218,-6.434,-0.923,90,275,-1,-1,0,0
268.445,170.294,-6.434,-0.923,85,270,-1,-1,0,0
262.011,169.371,-6.434,-0.923,80,265,-1,-1,0,0
255.577,168.447,-6.434,-0.923,80,260,0,-1,0,0
249.143,167.524,-6.434,-0.923,80,255,0,-1,0,0
242.709,166.6,-6.434,-0.923,80,250,0,-1,0,0
236.275,165.677,-6.434,-0.923,80,250,0,0,0,0
229.841,164.753,-6.434,-0.923,80,250,0,0,0,0
223.407,163.83,-6.434,-0.923,80,250,0,0,0,0
216.973,162.906,-6.434,-0.923,80,250,0,0,0,0
210.539,161.983,-6.434,-0.923,80,250,0,0,0,0
204.104,161.059,-6.434,-0.923,80,250,0,0,0,0
197.67,160.136,-6.434,-0.923,80,250,0,0,0,0
191.236,159.212,-6.434,-0.923,80,250,0,0,0,0
184.802,158.289,-6.434,-0.923,80,250,0,0,0,0
178.368,157.365,-6.434,-0.923,80,250,0,0,0,0
171.934,156.442,-6.434,-0.923,80,250,0,0,0,0
165.5,155.518,-6.434,-0.923,85,250,1,0,0,0
159.066,154.595,-6.434,-0.923,90,250,1,0,0,0
152.632,153.671,-6.434,-0.923,95,250,1,0,0,0
146.198,152.748,-6.434,-0.923,100,250,1,0,0,0
139.764,151.825,-6.434,-0.923,105,250,1,0,0,0
133.33,150.901,-6.434,-0.923,110,250,1,0,0,0
126.896,149.978,-6.434,-0.923,115,250,1,0,0,0
120.462,149.054,-6.434,-0.923,120,250,1,0,0,0
114.028,148.131,-6.434,-0.923,125,250,1,0,0,0
107.594,147.207,-6.434,-0.923,130,250,1,0,0,0
101.159,146.284,-6.434,-0.923,135,250,1,0,0,0
94.725,145.36,-6.434,-0.923,140,250,1,0,0,0
88.291,144.437,-6.434,-0.923,145,250,1,0,0,0
81.857,143.513,-6.434,-0.923,150,250,1,0,0,0
75.423,142.59,-6.434,-0.923,155,250,1,0,0,0
68.989,141.666,-6.434,-0.923,155,250,0,0,0,0
62.555,140.743,-6.434,-0.923,155,250,0,0,0,0
56.121,139.819,-6.434,-0.923,155,250,0,0,0,0
49.687,138.896,-6.434,-0.923,155,250,0,0,0,0
43.253,137.972,-6.434,-0.923,155,250,0,0,0,0
36.819,137.049,-6.434,-0.923,155,250,0,0,0,0
30.385,136.125,-6.434,-0.923,155,250,0,0,0,0
23.951,135.202,-6.434,-0.923,155,250,0,0,0,0
17.517,134.278,-6.434,-0.923,155,250,0,0,0,0
11.083,133.355,-6.434,-0.923,155,250,0,0,0,0
4.648,132.431,-6.434,-0.923,155,250,0,0,0,0
-1.786,131.508,-6.434,-0.923,155,250,0,0,0,0
400.0,300.0,4.995,0.22,155,250,0,0,0,1
404.995,300.22,4.995,0.22,155,250,0,0,0,0
409.99,300.439,4.995,0.22,155,250,0,0,0,0
414.986,300.659,4.995,0.22,155,250,0,0,0,0
419.981,300.878,4.995,0.22,155,250,0,0,0,0
424.976,301.098,4.995,0.22,155,250,0,0,0,0
429.971,301.317,4.995,0.22,155,250,0,0,0,0
434.966,301.537,4.995,0.22,155,250,0,0,0,0
439.961,301.756,4.995,0.22,155,250,0,0,0,0
444.957,301.976,4.995,0.22,155,250,0,0,0,0
449.952,302.196,4.995,0.22,155,250,0,0,0,0
454.947,302.415,4.995,0.22,155,250,0,0,0,0
459.942,302.635,4.995,0.22,155,250,0,0,0,0
464.937,302.854,4.995,0.22,155,250,0,0,0,0
469.932,303.074,4.995,0.22,155,250,0,0,0,0
474.928,303.293,4.995,0.22,155,250,0,0,0,0
479.923,303.513,4.995,0.22,155,250,0,0,0,0
484.918,303.732,4.995,0.22,155,250,0,0,0,0
489.913,303.952,4.995,0.22,155,250,0,0,0,0
494.908,304.172,4.995,0.22,155,250,0,0,0,0
499.904,304.391,4.995,0.22,155,250,0,0,0,0
504.899,304.611,4.995,0.22,155,245,0,-1,0,0
509.894,304.83,4.995,0.22,155,240,0,-1,0,0
514.889,305.05,4.995,0.22,155,235,0,-1,0,0
519.884,305.269,4.995,0.22,155,230,0,-1,0,0
524.879,305.489,4.995,0.22,155,225,0,-1,0,0
529.875,305.708,4.995,0.22,155,220,0,-1,0,0
534.87,305.928,4.995,0.22,155,215,0,-1,0,0
539.865,306.148,4.995,0.22,155,210,0,-1,0,0
544.86,306.367,4.995,0.22,155,210,0,0,0,0
549.855,306.587,4.995,0.22,155,210,0,0,0,0
554.85,306.806,4.995,0.22,155,210,0,0,0,0
559.846,307.026,4.995,0.22,155,210,0,0,0,0
564.841,307.245,4.995,0.22,155,210,0,0,0,0
569.836,307.465,4.995,0.22,155,210,0,0,0,0
574.831,307.684,4.995,0.22,155,215,0,1,0,0
579.826,307.904,4.995,0.22,155,220,0,1,0,0
584.822,308.123,4.995,0.22,155,225,0,1,0,0
589.817,308.343,4.995,0.22,155,230,0,1,0,0
594.812,308.563,4.995,0.22,155,235,0,1,0,0
599.807,308.782,4.995,0.22,155,240,0,1,0,0
604.802,309.002,4.995,0.22,155,245,0,1,0,0
609.797,309.221,4.995,0.22,155,250,0,1,0,0
614.793,309.441,4.995,0.22,155,255,0,1,0,0
619.788,309.66,4.995,0.22,155,260,0,1,0,0
624.783,309.88,4.995,0.22,155,265,0,1,0,0
629.778,310.099,4.995,0.22,155,270,0,1,0,0
634.773,310.319,4.995,0.22,155,275,0,1,0,0
639.769,310.539,4.995,0.22,155,280,0,1,0,0
644.764,310.758,4.995,0.22,155,285,0,1,0,0
649.759,310.978,4.995,0.22,155,290,0,1,0,0
654.754,311.197,4.995,0.22,155,295,0,1,0,0
659.749,311.417,4.995,0.22,155,295,0,0,0,0
664.744,311.636,4.995,0.22,155,295,0,0,0,0
669.74,311.856,4.995,0.22,155,295,0,0,0,0
674.735,312.075,4.995,0.22,155,295,0,0,0,0
679.73,312.295,4.995,0.22,155,295,0,0,0,0
684.725,312.515,4.995,0.22,155,295,0,0,0,0
689.72,312.734,4.995,0.22,155,295,0,0,0,0
694.715,312.954,4.995,0.22,155,295,0,0,0,0
699.711,313.173,4.995,0.22,155,295,0,0,0,0
704.706,313.393,4.995,0.22,155,295,0,0,0,0
709.701,313.612,4.995,0.22,155,295,0,0,0,0
714.696,313.832,4.995,0.22,155,295,0,0,0,0
719.691,314.051,4.995,0.22,150,295,-1,0,0,0
724.687,314.271,4.995,0.22,145,295,-1,0,0,0
729.682,314.491,4.995,0.22,140,295,-1,0,0,0
734.677,314.71,4.995,0.22,135,295,-1,0,0,0
739.672,314.93,4.995,0.22,135,295,0,0,0,0
744.667,315.149,4.995,0.22,135,295,0,0,0,0
749.662,315.369,4.995,0.22,135,295,0,0,0,0
751.0,315.588,-4.63,-2.579,135,295,0,0,0,0
746.37,313.009,-4.63,-2.579,135,295,0,0,0,0
741.74,310.43,-4.63,-2.579,135,295,0,0,0,0
737.109,307.851,-4.63,-2.579,135,295,0,0,0,0
732.479,305.272,-4.63,-2.579,135,290,0,-1,0,0
727.849,302.693,-4.63,-2.579,135,285,0,-1,0,0
723.219,300.114,-4.63,-2.579,135,280,0,-1,0,0
718.589,297.535,-4.63,-2.579,135,275,0,-1,0,0
713.958,294.956,-4.63,-2.579,135,270,0,-1,0,0
709.328,292.377,-4.63,-2.579,135,265,0,-1,0,0
704.698,289.798,-4.63,-2.579,135,260,0,-1,0,0
700.068,287.219,-4.63,-2.579,135,255,0,-1,0,0
695.438,284.64,-4.63,-2.579,135,255,0,0,0,0
690.807,282.061,-4.63,-2.579,135,255,0,0,0,0
686.177,279.482,-4.63,-2.579,135,255,0,0,0,0
681.547,276.903,-4.63,-2.579,135,255,0,0,0,0
676.917,274.324,-4.63,-2.579,135,255,0,0,0,0
672.287,271.745,-4.63,-2.579,135,255,0,0,0,0
667.656,269.166,-4.63,-2.579,135,255,0,0,0,0
663.026,266.587,-4.63,-2.579,135,255,0,0,0,0
658.396,264.008,-4.63,-2.579,135,255,0,0,0,0
653.766,261.429,-4.63,-2.579,135,255,0,0,0,0
649.136,258.85,-4.63,-2.579,135,260,0,1,0,0
644.505,256.271,-4.63,-2.579,135,265,0,1,0,0
639.875,253.692,-4.63,-2.579,135,270,0,1,0,0
635.245,251.113,-4.63,-2.579,135,275,0,1,0,0
630.615,248.534,-4.63,-2.579,135,280,0,1,0,0
625.984,245.955,-4.63,-2.579,135,285,0,1,0,0
621.354,243.376,-4.63,-2.579,140,290,1,1,0,0
616.724,240.797,-4.63,-2.579,145,295,1,1,0,0
612.094,238.218,-4.63,-2.579,150,300,1,1,0,0
607.464,235.639,-4.63,-2.579,155,305,1,1,0,0
602.833,233.06,-4.63,-2.579,160,310,1,1,0,0
598.203,230.482,-4.63,-2.579,165,315,1,1,0,0
593.573,227.903,-4.63,-2.579,170,320,1,1,0,0
588.943,225.324,-4.63,-2.579,175,325,1,1,0,0
584.313,222.745,-4.63,-2.579,180,330,1,1,0,0
579.682,220.166,-4.63,-2.579,185,335,1,1,0,0
575.052,217.587,-4.63,-2.579,190,340,1,1,0,0
570.422,215.008,-4.63,-2.579,195,345,1,1,0,0
565.792,212.429,-4.63,-2.579,200,345,1,0,0,0
561.162,209.85,-4.63,-2.579,205,345,1,0,0,0
556.531,207.271,-4.63,-2.579,210,345,1,0,0,0
551.901,204.692,-4.63,-2.579,215,345,1,0,0,0
547.271,202.113,-4.63,-2.579,220,345,1,0,0,0
542.641,199.534,-4.63,-2.579,220,340,0,-1,0,0
538.011,196.955,-4.63,-2.579,220,335,0,-1,0,0
533.38,194.376,-4.63,-2.579,220,330,0,-1,0,0
528.75,191.797,-4.63,-2.579,220,325,0,-1,0,0
524.12,189.218,-4.63,-2.579,220,320,0,-1,0,0
519.49,186.639,-4.63,-2.579,220,315,0,-1,0,0
514.86,184.06,-4.63,-2.579,220,310,0,-1,0,0
510.229,181.481,-4.63,-2.579,220,305,0,-1,0,0
505.599,178.902,-4.63,-2.579,220,300,0,-1,0,0
500.969,176.323,-4.63,-2.579,220,295,0,-1,0,0
496.339,173.744,-4.63,-2.579,220,290,0,-1,0,0
491.709,171.165,-4.63,-2.579,220,285,0,-1,0,0
487.078,168.586,-4.63,-2.579,220,280,0,-1,0,0
482.448,166.007,-4.63,-2.579,220,275,0,-1,0,0
477.818,163.428,-4.63,-2.579,220,270,0,-1,0,0
473.188,160.849,-4.63,-2.579,220,265,0,-1,0,0
468.558,158.27,-4.63,-2.579,220,260,0,-1,0,0
463.927,155.691,-4.63,-2.579,215,255,-1,-1,0,0
459.297,153.112,-4.63,-2.579,210,250,-1,-1,0,0
454.667,150.533,-4.63,-2.579,205,245,-1,-1,0,0
450.037,147.954,-4.63,-2.579,200,240,-1,-1,0,0
445.407,145.375,-4.63,-2.579,195,235,-1,-1,0,0
440.776,142.796,-4.63,-2.579,190,230,-1,-1,0,0
436.146,140.217,-4.63,-2.579,185,225,-1,-1,0,0
431.516,137.638,-4.63,-2.579,180,220,-1,-1,0,0
426.886,135.059,-4.63,-2.579,175,215,-1,-1,0,0
422.256,132.48,-4.63,-2.579,170,210,-1,-1,0,0
417.625,129.901,-4.63,-2.579,165,205,-1,-1,0,0
412.995,127.322,-4.63,-2.579,160,200,-1,-1,0,0
408.365,124.743,-4.63,-2.579,155,195,-1,-1,0,0
403.735,122.164,-4.63,-2.579,150,190,-1,-1,0,0
399.105,119.585,-4.63,-2.579,145,185,-1,-1,0,0
394.474,117.006,-4.63,-2.579,140,180,-1,-1,0,0
389.844,114.427,-4.63,-2.579,135,175,-1,-1,0,0
385.214,111.848,-4.63,-2.579,130,170,-1,-1,0,0
380.584,109.269,-4.63,-2.579,125,165,-1,-1,0,0
375.953,106.69,-4.63,-2.579,120,160,-1,-1,0,0
371.323,104.111,-4.63,-2.579,115,155,-1,-1,0,0
366.693,101.532,-4.63,-2.579,110,150,-1,-1,0,0
362.063,98.953,-4.63,-2.579,105,145,-1,-1,0,0
357.433,96.374,-4.63,-2.579,100,140,-1,-1,0,0
352.802,93.795,-4.63,-2.579,95,135,-1,-1,0,0
348.172,91.216,-4.63,-2.579,90,130,-1,-1,0,0
343.542,88.637,-4.63,-2.579,85,125,-1,-1,0,0
338.912,86.058,-4.63,-2.579,80,120,-1,-1,0,0
334.282,83.479,-4.63,-2.579,75,115,-1,-1,0,0
329.651,80.9,-4.63,-2.579,75,110,0,-1,0,0
325.021,78.321,-4.63,-2.579,75,105,0,-1,0,0
320.391,75.742,-4.63,-2.579,75,100,0,-1,0,0
315.761,73.163,-4.63,-2.579,75,95,0,-1,0,0
311.131,70.584,-4.63,-2.579,75,90,0,-1,0,0
306.5,68.005,-4.63,-2.579,75,85,0,-1,0,0
301.87,65.426,-4.63,-2.579,75,80,0,-1,0,0
297.24,62.847,-4.63,-2.579,75,75,0,-1,0,0
292.61,60.268,-4.63,-2.579,75,70,0,-1,0,0
287.98,57.689,-4.63,-2.579,75,65,0,-1,0,0
283.349,55.11,-4.63,-2.579,75,60,0,-1,0,0
278.719,52.531,-4.63,-2.579,75,55,0,-1,0,0
274.089,49.952,-4.63,-2.579,75,50,0,-1,0,0
269.459,47.373,-4.63,-2.579,75,45,0,-1,0,0
264.829,44.794,-4.63,-2.579,75,40,0,-1,0,0
260.198,42.215,-4.63,-2.579,75,35,0,-1,0,0
255.568,39.636,-4.63,-2.579,75,30,0,-1,0,0
250.938,37.057,-4.63,-2.579,75,25,0,-1,0,0
246.308,34.478,-4.63,-2.579,75,25,0,0,0,0
241.678,31.899,-4.63,-2.579,75,25,0,0,0,0
237.047,29.32,-4.63,-2.579,75,25,0,0,0,0
232.417,26.741,-4.63,-2.579,75,25,0,0,0,0
227.787,24.162,-4.63,-2.579,75,25,0,0,0,0
223.157,21.583,-4.63,-2.579,75,25,0,0,0,0
218.527,19.004,-4.63,-2.579,75,25,0,0,0,0
213.896,16.425,-4.63,-2.579,75,25,0,0,0,0
209.266,13.846,-4.63,-2.579,75,25,0,0,0,0
204.636,11.267,-4.63,-2.579,75,25,0,0,0,0
200.006,8.688,-4.63,-2.579,75,25,0,0,0,0
195.376,6.109,-4.63,-2.579,75,25,0,0,0,0
190.745,6.0,-4.63,2.579,75,25,0,0,0,0
186.115,8.579,-4.63,2.579,75,20,0,-1,0,0
181.485,11.158,-4.63,2.579,75,15,0,-1,0,0
176.855,13.737,-4.63,2.579,75,10,0,-1,0,0
172.225,16.316,-4.63,2.579,75,5,0,-1,0,0
167.594,18.895,-4.63,2.579,75,0,0,-1,0,0
162.964,21.474,-4.63,2.579,75,0,0,-1,0,0
158.334,24.053,-4.63,2.579,75,0,0,-1,0,0
153.704,26.632,-4.63,2.579,75,0,0,-1,0,0
149.073,29.211,-4.63,2.579,75,0,0,-1,0,0
144.443,31.79,-4.63,2.579,75,0,0,-1,0,0
139.813,34.369,-4.63,2.579,75,0,0,-1,0,0
135.183,36.948,-4.63,2.579,75,0,0,-1,0,0
130.553,39.527,-4.63,2.579,75,0,0,0,0,0
125.922,42.106,-4.63,2.579,75,0,0,0,0,0
121.292,44.685,-4.63,2.579,75,0,0,0,0,0
116.662,47.264,-4.63,2.579,75,0,0,0,0,0
112.032,49.843,-4.63,2.579,75,0,0,0,0,0
107.402,52.422,-4.63,2.579,75,0,0,0,0,0
102.771,55.001,-4.63,2.579,75,0,0,0,0,0
98.141,57.58,-4.63,2.579,80,0,1,0,0,0
93.511,60.159,-4.63,2.579,85,0,1,0,0,0
88.881,62.738,-4.63,2.579,90,0,1,0,0,0
84.251,65.317,-4.63,2.579,95,0,1,0,0,0
79.62,67.896,-4.63,2.579,100,0,1,0,0,0
74.99,70.475,-4.63,2.579,105,0,1,0,0,0
70.36,73.054,-4.63,2.579,110,0,1,0,0,0
65.73,75.633,-4.63,2.579,115,0,1,0,0,0
61.1,78.212,-4.63,2.579,120,0,1,0,0,0
56.469,80.791,-4.63,2.579,125,0,1,0,0,0
51.839,83.37,-4.63,2.579,130,0,1,0,0,0
47.209,85.949,-4.63,2.579,135,5,1,1,0,0
42.579,88.528,-4.63,2.579,140,10,1,1,0,0
37.949,91.107,-4.63,2.579,145,15,1,1,0,0
33.318,93.686,-4.63,2.579,145,20,0,1,0,0
28.688,96.265,-4.63,2.579,145,25,0,1,0,0
24.058,98.844,-4.63,2.579,140,30,-1,1,0,0
19.428,101.423,-4.63,2.579,135,35,-1,1,0,0
14.798,104.002,-4.63,2.579,130,40,-1,1,0,0
10.167,106.581,-4.63,2.579,125,45,-1,1,0,0
5.537,109.16,-4.63,2.579,120,50,-1,1,0,0
0.907,111.739,-4.63,2.579,115,50,-1,0,0,0
-3.723,114.318,-4.63,2.579,110,50,-1,0,0,0
400.0,300.0,4.668,-1.791,105,50,-1,0,0,1
404.668,298.209,4.668,-1.791,105,50,0,0,0,0
409.337,296.418,4.668,-1.791,105,50,0,0,0,0
414.005,294.627,4.668,-1.791,105,50,0,0,0,0
418.673,292.837,4.668,-1.791,105,50,0,0,0,0
423.341,291.046,4.668,-1.791,105,50,0,0,0,0
428.01,289.255,4.668,-1.791,105,50,0,0,0,0
432.678,287.464,4.668,-1.791,105,50,0,0,0,0
437.346,285.673,4.668,-1.791,105,50,0,0,0,0
442.015,283.882,4.668,-1.791,105,50,0,0,0,0
446.683,282.091,4.668,-1.791,105,50,0,0,0,0
451.351,280.301,4.668,-1.791,105,50,0,0,0,0
456.019,278.51,4.668,-1.791,105,50,0,0,0,0
460.688,276.719,4.668,-1.791,105,50,0,0,0,0
465.356,274.928,4.668,-1.791,105,50,0,0,0,0
470.024,273.137,4.668,-1.791,105,50,0,0,0,0
474.692,271.346,4.668,-1.791,105,50,0,0,0,0
479.361,269.556,4.668,-1.791,105,50,0,0,0,0
484.029,267.765,4.668,-1.791,105,50,0,0,0,0
488.697,265.974,4.668,-1.791,105,50,0,0,0,0
493.366,264.183,4.668,-1.791,105,50,0,0,0,0
498.034,262.392,4.668,-1.791,105,50,0,0,0,0
502.702,260.601,4.668,-1.791,105,50,0,0,0,0
507.37,258.81,4.668,-1.791,105,50,0,0,0,0
512.039,257.02,4.668,-1.791,105,50,0,0,0,0
516.707,255.229,4.668,-1.791,105,50,0,0,0,0
521.375,253.438,4.668,-1.791,105,50,0,0,0,0
526.044,251.647,4.668,-1.791,105,50,0,0,0,0
530.712,249.856,4.668,-1.791,105,50,0,0,0,0
535.38,248.065,4.668,-1.791,105,50,0,0,0,0
540.048,246.274,4.668,-1.791,105,50,0,0,0,0
544.717,244.484,4.668,-1.791,105,50,0,0,0,0
549.385,242.693,4.668,-1.791,105,50,0,0,0,0
554.053,240.902,4.668,-1.791,105,50,0,0,0,0
558.722,239.111,4.668,-1.791,105,50,0,0,0,0
563.39,237.32,4.668,-1.791,105,50,0,0,0,0
568.058,235.529,4.668,-1.791,105,50,0,0,0,0
572.726,233.738,4.668,-1.791,105,50,0,0,0,0
577.395,231.948,4.668,-1.791,105,55,0,1,0,0
582.063,230.157,4.668,-1.791,105,60,0,1,0,0
586.731,228.366,4.668,-1.791,105,65,0,1,0,0
591.4,226.575,4.668,-1.791,105,70,0,1,0,0
596.068,224.784,4.668,-1.791,105,75,0,1,0,0
600.736,222.993,4.668,-1.791,105,80,0,1,0,0
605.404,221.202,4.668,-1.791,105,85,0,1,0,0
610.073,219.412,4.668,-1.791,105,90,0,1,0,0
614.741,217.621,4.668,-1.791,105,95,0,1,0,0
619.409,215.83,4.668,-1.791,105,100,0,1,0,0
624.077,214.039,4.668,-1.791,105,105,0,1,0,0
628.746,212.248,4.668,-1.791,105,105,0,0,0,0
633.414,210.457,4.668,-1.791,105,105,0,0,0,0
638.082,208.667,4.668,-1.791,105,105,0,0,0,0
642.751,206.876,4.668,-1.791,105,105,0,0,0,0
647.419,205.085,4.668,-1.791,105,105,0,0,0,0
652.087,203.294,4.668,-1.791,105,105,0,0,0,0
656.755,201.503,4.668,-1.791,105,105,0,0,0,0
661.424,199.712,4.668,-1.791,105,105,0,0,0,0
666.092,197.921,4.668,-1.791,105,105,0,0,0,0
670.76,196.131,4.668,-1.791,105,105,0,0,0,0
675.429,194.34,4.668,-1.791,105,105,0,0,0,0
680.097,192.549,4.668,-1.791,105,105,0,0,0,0
684.765,190.758,4.668,-1.791,105,105,0,0,0,0
689.433,188.967,4.668,-1.791,105,105,0,0,0,0
694.102,187.176,4.668,-1.791,105,105,0,0,0,0
698.77,185.385,4.668,-1.791,105,105,0,0,0,0
703.438,183.595,4.668,-1.791,105,105,0,0,0,0
708.107,181.804,4.668,-1.791,105,105,0,0,0,0
712.775,180.013,4.668,-1.791,105,105,0,0,0,0
717.443,178.222,4.668,-1.791,105,110,0,1,0,0
722.111,176.431,4.668,-1.791,105,115,0,1,0,0
726.78,174.64,4.668,-1.791,105,120,0,1,0,0
731.448,172.849,4.668,-1.791,105,125,0,1,0,0
736.116,171.059,4.668,-1.791,105,125,0,0,0,0
740.785,169.268,4.668,-1.791,105,125,0,0,0,0
745.453,167.477,4.668,-1.791,105,125,0,0,0,0
750.121,165.686,4.668,-1.791,105,125,0,0,0,0
751.0,163.895,-5.298,-0.153,105,125,0,0,0,0
745.702,163.742,-5.298,-0.153,105,125,0,0,0,0
740.404,163.589,-5.298,-0.153,105,125,0,0,0,0
735.107,163.435,-5.298,-0.153,105,125,0,0,0,0
729.809,163.282,-5.298,-0.153,105,125,0,0,0,0
724.511,163.129,-5.298,-0.153,105,125,0,0,0,0
719.213,162.976,-5.298,-0.153,105,125,0,0,0,0
713.916,162.822,-5.298,-0.153,105,125,0,0,0,0
708.618,162.669,-5.298,-0.153,105,125,0,0,0,0
703.32,162.516,-5.298,-0.153,105,125,0,0,0,0
698.022,162.362,-5.298,-0.153,105,125,0,0,0,0
692.724,162.209,-5.298,-0.153,105,125,0,0,0,0
687.427,162.056,-5.298,-0.153,105,125,0,0,0,0
682.129,161.903,-5.298,-0.153,105,125,0,0,0,0
676.831,161.749,-5.298,-0.153,105,125,0,0,0,0
671.533,161.596,-5.298,-0.153,105,125,0,0,0,0
666.235,161.443,-5.298,-0.153,105,125,0,0,0,0
660.938,161.29,-5.298,-0.153,105,125,0,0,0,0
655.64,161.136,-5.298,-0.153,105,125,0,0,0,0
650.342,160.983,-5.298,-0.153,105,125,0,0,0,0
645.044,160.83,-5.298,-0.153,105,125,0,0,0,0
639.747,160.677,-5.298,-0.153,105,125,0,0,0,0
634.449,160.523,-5.298,-0.153,105,125,0,0,0,0
629.151,160.37,-5.298,-0.153,105,125,0,0,0,0
623.853,160.217,-5.298,-0.153,105,125,0,0,0,0
618.555,160.063,-5.298,-0.153,105,125,0,0,0,0
613.258,159.91,-5.298,-0.153,105,125,0,0,0,0
607.96,159.757,-5.298,-0.153,105,125,0,0,0,0
602.662,159.604,-5.298,-0.153,105,125,0,0,0,0
597.364,159.45,-5.298,-0.153,105,125,0,0,0,0
592.067,159.297,-5.298,-0.153,105,125,0,0,0,0
586.769,159.144,-5.298,-0.153,105,125,0,0,0,0
581.471,158.991,-5.298,-0.153,105,125,0,0,0,0
576.173,158.837,-5.298,-0.153,105,125,0,0,0,0
570.875,158.684,-5.298,-0.153,105,125,0,0,0,0
565.578,158.531,-5.298,-0.153,105,125,0,0,0,0
560.28,158.377,-5.298,-0.153,105,125,0,0,0,0
554.982,158.224,-5.298,-0.153,105,125,0,0,0,0
549.684,158.071,-5.298,-0.153,105,125,0,0,0,0
544.386,157.918,-5.298,-0.153,105,125,0,0,0,0
539.089,157.764,-5.298,-0.153,100,125,-1,0,0,0
533.791,157.611,-5.298,-0.153,95,125,-1,0,0,0
528.493,157.458,-5.298,-0.153,90,125,-1,0,0,0
523.195,157.305,-5.298,-0.153,85,125,-1,0,0,0
517.898,157.151,-5.298,-0.153,80,125,-1,0,0,0
512.6,156.998,-5.298,-0.153,75,125,-1,0,0,0
507.302,156.845,-5.298,-0.153,70,125,-1,0,0,0
502.004,156.691,-5.298,-0.153,65,125,-1,0,0,0
496.706,156.538,-5.298,-0.153,60,125,-1,0,0,0
491.409,156.385,-5.298,-0.153,55,125,-1,0,0,0
486.111,156.232,-5.298,-0.153,50,125,-1,0,0,0
480.813,156.078,-5.298,-0.153,45,125,-1,0,0,0
475.515,155.925,-5.298,-0.153,45,125,0,0,0,0
470.217,155.772,-5.298,-0.153,45,125,0,0,0,0
464.92,155.619,-5.298,-0.153,45,125,0,0,0,0
459.622,155.465,-5.298,-0.153,45,125,0,0,0,0
454.324,155.312,-5.298,-0.153,45,125,0,0,0,0
449.026,155.159,-5.298,-0.153,45,125,0,0,0,0
443.729,155.005,-5.298,-0.153,45,125,0,0,0,0
438.431,154.852,-5.298,-0.153,45,125,0,0,0,0
433.133,154.699,-5.298,-0.153,45,125,0,0,0,0
427.835,154.546,-5.298,-0.153,45,125,0,0,0,0
422.537,154.392,-5.298,-0.153,45,125,0,0,0,0
417.24,154.239,-5.298,-0.153,45,125,0,0,0,0
411.942,154.086,-5.298,-0.153,45,125,0,0,0,0
406.644,153.933,-5.298,-0.153,45,125,0,0,0,0
401.346,153.779,-5.298,-0.153,45,125,0,0,0,0
396.049,153.626,-5.298,-0.153,45,125,0,0,0,0
390.751,153.473,-5.298,-0.153,45,125,0,0,0,0
385.453,153.319,-5.298,-0.153,50,125,1,0,0,0
380.155,153.166,-5.298,-0.153,55,125,1,0,0,0
374.857,153.013,-5.298,-0.153,60,125,1,0,0,0
369.56,152.86,-5.298,-0.153,65,125,1,0,0,0
364.262,152.706,-5.298,-0.153,70,125,1,0,0,0
358.964,152.553,-5.298,-0.153,75,125,1,0,0,0
353.666,152.4,-5.298,-0.153,80,125,1,0,0,0
348.368,152.247,-5.298,-0.153,85,125,1,0,0,0
343.071,152.093,-5.298,-0.153,90,125,1,0,0,0
337.773,151.94,-5.298,-0.153,95,125,1,0,0,0
332.475,151.787,-5.298,-0.153,100,125,1,0,0,0
327.177,151.633,-5.298,-0.153,105,125,1,0,0,0
321.88,151.48,-5.298,-0.153,110,125,1,0,0,0
316.582,151.327,-5.298,-0.153,115,125,1,0,0,0
311.284,151.174,-5.298,-0.153,115,125,0,0,0,0
305.986,151.02,-5.298,-0.153,115,125,0,0,0,0
300.688,150.867,-5.298,-0.153,115,125,0,0,0,0
295.391,150.714,-5.298,-0.153,115,125,0,0,0,0
290.093,150.561,-5.298,-0.153,115,125,0,0,0,0
284.795,150.407,-5.298,-0.153,115,125,0,0,0,0
279.497,150.254,-5.298,-0.153,115,125,0,0,0,0
274.2,150.101,-5.298,-0.153,115,125,0,0,0,0
268.902,149.947,-5.298,-0.153,115,125,0,0,0,0
263.604,149.794,-5.298,-0.153,115,125,0,0,0,0
258.306,149.641,-5.298,-0.153,115,125,0,0,0,0
253.008,149.488,-5.298,-0.153,115,125,0,0,0,0
247.711,149.334,-5.298,-0.153,115,125,0,0,0,0
242.413,149.181,-5.298,-0.153,115,125,0,0,0,0
237.115,149.028,-5.298,-0.153,115,125,0,0,0,0
231.817,148.875,-5.298,-0.153,115,125,0,0,0,0
226.519,148.721,-5.298,-0.153,115,125,0,0,0,0
221.222,148.568,-5.298,-0.153,115,125,0,0,0,0
215.924,148.415,-5.298,-0.153,115,125,0,0,0,0
210.626,148.261,-5.298,-0.153,115,125,0,0,0,0
205.328,148.108,-5.298,-0.153,115,125,0,0,0,0
200.031,147.955,-5.298,-0.153,115,125,0,0,0,0
194.733,147.802,-5.298,-0.153,115,125,0,0,0,0
189.435,147.648,-5.298,-0.153,115,125,0,0,0,0
184.137,147.495,-5.298,-0.153,115,125,0,0,0,0
178.839,147.342,-5.298,-0.153,115,125,0,0,0,0
173.542,147.189,-5.298,-0.153,115,125,0,0,0,0
168.244,147.035,-5.298,-0.153,115,125,0,0,0,0
162.946,146.882,-5.298,-0.153,115,125,0,0,0,0
157.648,146.729,-5.298,-0.153,115,125,0,0,0,0
152.35,146.576,-5.298,-0.153,115,125,0,0,0,0
147.053,146.422,-5.298,-0.153,115,125,0,0,0,0
141.755,146.269,-5.298,-0.153,115,125,0,0,0,0
136.457,146.116,-5.298,-0.153,115,125,0,0,0,0
131.159,145.962,-5.298,-0.153,115,125,0,0,0,0
125.862,145.809,-5.298,-0.153,115,125,0,0,0,0
120.564,145.656,-5.298,-0.153,115,125,0,0,0,0
115.266,145.503,-5.298,-0.153,115,125,0,0,0,0
109.968,145.349,-5.298,-0.153,115,125,0,0,0,0
104.67,145.196,-5.298,-0.153,115,125,0,0,0,0
99.373,145.043,-5.298,-0.153,115,125,0,0,0,0
94.075,144.89,-5.298,-0.153,115,125,0,0,0,0
88.777,144.736,-5.298,-0.153,115,125,0,0,0,0
83.479,144.583,-5.298,-0.153,115,125,0,0,0,0
78.182,144.43,-5.298,-0.153,115,125,0,0,0,0
72.884,144.276,-5.298,-0.153,115,125,0,0,0,0
67.586,144.123,-5.298,-0.153,115,125,0,0,0,0
62.288,143.97,-5.298,-0.153,115,125,0,0,0,0
56.99,143.817,-5.298,-0.153,115,125,0,0,0,0
51.693,143.663,-5.298,-0.153,115,125,0,0,0,0
49.0,143.51,5.349,-1.659,115,125,0,0,0,0
54.349,141.851,5.349,-1.659,115,125,0,0,0,0
59.697,140.192,5.349,-1.659,115,125,0,0,0,0
65.046,138.532,5.349,-1.659,115,125,0,0,0,0
70.394,136.873,5.349,-1.659,115,125,0,0,0,0
75.743,135.214,5.349,-1.659,115,125,0,0,0,0
81.091,133.555,5.349,-1.659,115,125,0,0,0,0
86.44,131.896,5.349,-1.659,115,125,0,0,0,0
91.788,130.236,5.349,-1.659,115,125,0,0,0,0
97.137,128.577,5.349,-1.659,115,125,0,0,0,0
102.485,126.918,5.349,-1.659,115,125,0,0,0,0
107.834,125.259,5.349,-1.659,115,125,0,0,0,0
113.183,123.599,5.349,-1.659,115,125,0,0,0,0
118.531,121.94,5.349,-1.659,115,125,0,0,0,0
123.88,120.281,5.349,-1.659,115,130,0,1,0,0
129.228,118.622,5.349,-1.659,115,135,0,1,0,0
134.577,116.962,5.349,-1.659,115,140,0,1,0,0
139.925,115.303,5.349,-1.659,115,145,0,1,0,0
145.274,113.644,5.349,-1.659,115,150,0,1,0,0
150.622,111.985,5.349,-1.659,115,150,0,0,0,0
155.971,110.326,5.349,-1.659,115,150,0,0,0,0
161.32,108.666,5.349,-1.659,115,150,0,0,0,0
166.668,107.007,5.349,-1.659,115,150,0,0,0,0
172.017,105.348,5.349,-1.659,115,150,0,0,0,0
177.365,103.689,5.349,-1.659,115,145,0,-1,0,0
182.714,102.029,5.349,-1.659,115,140,0,-1,0,0
188.062,100.37,5.349,-1.659,115,135,0,-1,0,0
193.411,98.711,5.349,-1.659,115,130,0,-1,0,0
198.759,97.052,5.349,-1.659,115,125,0,-1,0,0
204.108,95.393,5.349,-1.659,115,120,0,-1,0,0
209.456,93.733,5.349,-1.659,115,115,0,-1,0,0
214.805,92.074,5.349,-1.659,115,110,0,-1,0,0
220.154,90.415,5.349,-1.659,115,105,0,-1,0,0
225.502,88.756,5.349,-1.659,115,100,0,-1,0,0
230.851,87.096,5.349,-1.659,115,95,0,-1,0,0
236.199,85.437,5.349,-1.659,115,90,0,-1,0,0
241.548,83.778,5.349,-1.659,115,85,0,-1,0,0
246.896,82.119,5.349,-1.659,115,80,0,-1,0,0
252.245,80.46,5.349,-1.659,115,75,0,-1,0,0
257.593,78.8,5.349,-1.659,115,70,0,-1,0,0
262.942,77.141,5.349,-1.659,115,65,0,-1,0,0
268.291,75.482,5.349,-1.659,115,60,0,-1,0,0
273.639,73.823,5.349,-1.659,115,55,0,-1,0,0
278.988,72.163,5.349,-1.659,115,50,0,-1,0,0
284.336,70.504,5.349,-1.659,115,45,0,-1,0,0
289.685,68.845,5.349,-1.659,115,40,0,-1,0,0
295.033,67.186,5.349,-1.659,115,35,0,-1,0,0
300.382,65.527,5.349,-1.659,115,30,0,-1,0,0
305.73,63.867,5.349,-1.659,115,25,0,-1,0,0
311.079,62.208,5.349,-1.659,115,20,0,-1,0,0
316.427,60.549,5.349,-1.659,115,15,0,-1,0,0
321.776,58.89,5.349,-1.659,115,10,0,-1,0,0
327.125,57.23,5.349,-1.659,115,5,0,-1,0,0
332.473,55.571,5.349,-1.659,115,0,0,-1,0,0
337.822,53.912,5.349,-1.659,115,0,0,-1,0,0
343.17,52.253,5.349,-1.659,115,0,0,-1,0,0
348.519,50.594,5.349,-1.659,115,0,0,0,0,0
353.867,48.934,5.349,-1.659,115,0,0,0,0,0
359.216,47.275,5.349,-1.659,115,0,0,0,0,0
364.564,45.616,5.349,-1.659,115,0,0,0,0,0
369.913,43.957,5.349,-1.659,115,0,0,0,0,0
375.261,42.297,5.349,-1.659,115,0,0,0,0,0
380.61,40.638,5.349,-1.659,115,0,0,0,0,0
385.959,38.979,5.349,-1.659,115,0,0,0,0,0
391.307,37.32,5.349,-1.659,115,0,0,0,0,0
396.656,35.661,5.349,-1.659,115,0,0,0,0,0
402.004,34.001,5.349,-1.659,115,0,0,0,0,0
407.353,32.342,5.349,-1.659,115,0,0,0,0,0
412.701,30.683,5.349,-1.659,115,0,0,0,0,0
418.05,29.024,5.349,-1.659,115,0,0,0,0,0
423.398,27.364,5.349,-1.659,115,0,0,0,0,0
428.747,25.705,5.349,-1.659,115,0,0,0,0,0
434.096,24.046,5.349,-1.659,115,0,0,0,0,0
439.444,22.387,5.349,-1.659,115,0,0,0,0,0
444.793,20.728,5.349,-1.659,115,0,0,0,0,0
450.141,19.068,5.349,-1.659,115,0,0,0,0,0
455.49,17.409,5.349,-1.659,115,0,0,0,0,0
460.838,15.75,5.349,-1.659,115,0,0,0,0,0
466.187,14.091,5.349,-1.659,115,0,0,0,0,0
471.535,12.431,5.349,-1.659,115,0,0,0,0,0
476.884,10.772,5.349,-1.659,115,0,0,0,0,0
482.232,9.113,5.349,-1.659,115,5,0,1,0,0
487.581,7.454,5.349,-1.659,115,10,0,1,0,0
492.93,6.0,5.349,1.659,115,15,0,1,0,0
498.278,7.659,5.349,1.659,115,20,0,1,0,0
503.627,9.318,5.349,1.659,115,25,0,1,0,0
508.975,10.978,5.349,1.659,115,30,0,1,0,0
514.324,12.637,5.349,1.659,115,35,0,1,0,0
519.672,14.296,5.349,1.659,115,40,0,1,0,0
525.021,15.955,5.349,1.659,115,45,0,1,0,0
530.369,17.615,5.349,1.659,115,50,0,1,0,0
535.718,19.274,5.349,1.659,115,55,0,1,0,0
541.067,20.933,5.349,1.659,115,60,0,1,0,0
546.415,22.592,5.349,1.659,115,60,0,0,0,0
551.764,24.251,5.349,1.659,115,60,0,0,0,0
557.112,25.911,5.349,1.659,115,60,0,0,0,0
562.461,27.57,5.349,1.659,115,60,0,0,0,0
567.809,29.229,5.349,1.659,115,60,0,0,0,0
573.158,30.888,5.349,1.659,115,60,0,0,0,0
578.506,32.548,5.349,1.659,115,60,0,0,0,0
583.855,34.207,5.349,1.659,115,60,0,0,0,0
589.203,35.866,5.349,1.659,115,60,0,0,0,0
594.552,37.525,5.349,1.659,115,60,0,0,0,0
599.901,39.184,5.349,1.659,115,60,0,0,0,0
605.249,40.844,5.349,1.659,115,60,0,0,0,0
610.598,42.503,5.349,1.659,115,60,0,0,0,0
615.946,44.162,5.349,1.659,115,60,0,0,0,0
621.295,45.821,5.349,1.659,115,60,0,0,0,0
626.643,47.481,5.349,1.659,115,60,0,0,0,0
631.992,49.14,5.349,1.659,115,60,0,0,0,0
637.34,50.799,5.349,1.659,115,60,0,0,0,0
642.689,52.458,5.349,1.659,115,60,0,0,0,0
648.038,54.117,5.349,1.659,115,60,0,0,0,0
653.386,55.777,5.349,1.659,115,60,0,0,0,0
658.735,57.436,5.349,1.659,115,60,0,0,0,0
664.083,59.095,5.349,1.659,115,60,0,0,0,0
669.432,60.754,5.349,1.659,115,60,0,0,0,0
674.78,62.414,5.349,1.659,115,60,0,0,0,0
680.129,64.073,5.349,1.659,115,60,0,0,0,0
685.477,65.732,5.349,1.659,115,60,0,0,0,0
690.826,67.391,5.349,1.659,115,60,0,0,0,0
696.174,69.05,5.349,1.659,115,60,0,0,0,0
701.523,70.71,5.349,1.659,115,60,0,0,0,0
706.872,72.369,5.349,1.659,115,60,0,0,0,0
712.22,74.028,5.349,1.659,115,60,0,0,0,0
717.569,75.687,5.349,1.659,115,60,0,0,0,0
722.917,77.347,5.349,1.659,115,60,0,0,0,0
728.266,79.006,5.349,1.659,115,60,0,0,0,0
733.614,80.665,5.349,1.659,115,60,0,0,0,0
738.963,82.324,5.349,1.659,115,60,0,0,0,0
744.311,83.983,5.349,1.659,115,60,0,0,0,0
749.66,85.643,5.349,1.659,115,60,0,0,0,0
751.0,87.302,-5.577,-1.925,115,60,0,0,0,0
745.423,85.377,-5.577,-1.925,115,60,0,0,0,0
739.846,83.451,-5.577,-1.925,115,60,0,0,0,0
734.269,81.526,-5.577,-1.925,115,65,0,1,0,0
728.692,79.6,-5.577,-1.925,115,70,0,1,0,0
723.115,77.675,-5.577,-1.925,115,75,0,1,0,0
717.538,75.749,-5.577,-1.925,115,80,0,1,0,0
711.961,73.824,-5.577,-1.925,115,85,0,1,0,0
706.384,71.898,-5.577,-1.925,115,85,0,0,0,0
700.807,69.973,-5.577,-1.925,115,85,0,0,0,0
695.23,68.048,-5.577,-1.925,115,85,0,0,0,0
689.653,66.122,-5.577,-1.925,115,85,0,0,0,0
684.076,64.197,-5.577,-1.925,115,85,0,0,0,0
678.499,62.271,-5.577,-1.925,115,85,0,0,0,0
672.922,60.346,-5.577,-1.925,115,85,0,0,0,0
667.345,58.42,-5.577,-1.925,115,85,0,0,0,0
661.768,56.495,-5.577,-1.925,115,85,0,0,0,0
656.191,54.57,-5.577,-1.925,115,85,0,0,0,0
650.614,52.644,-5.577,-1.925,115,85,0,0,0,0
645.037,50.719,-5.577,-1.925,115,85,0,0,0,0
639.46,48.793,-5.577,-1.925,115,80,0,-1,0,0
633.883,46.868,-5.577,-1.925,115,75,0,-1,0,0
628.306,44.942,-5.577,-1.925,115,70,0,-1,0,0
622.729,43.017,-5.577,-1.925,115,65,0,-1,0,0
617.153,41.091,-5.577,-1.925,115,60,0,-1,0,0
611.576,39.166,-5.577,-1.925,115,55,0,-1,0,0
605.999,37.241,-5.577,-1.925,115,50,0,-1,0,0
600.422,35.315,-5.577,-1.925,115,45,0,-1,0,0
594.845,33.39,-5.577,-1.925,115,40,0,-1,0,0
589.268,31.464,-5.577,-1.925,115,35,0,-1,0,0
583.691,29.539,-5.577,-1.925,115,30,0,-1,0,0
578.114,27.613,-5.577,-1.925,115,25,0,-1,0,0
572.537,25.688,-5.577,-1.925,115,20,0,-1,0,0
566.96,23.763,-5.577,-1.925,115,15,0,-1,0,0
561.383,21.837,-5.577,-1.925,115,10,0,-1,0,0
555.806,19.912,-5.577,-1.925,115,5,0,-1,0,0
550.229,17.986,-5.577,-1.925,115,0,0,-1,0,0
544.652,16.061,-5.577,-1.925,115,0,0,-1,0,0
539.075,14.135,-5.577,-1.925,115,0,0,-1,0,0
533.498,12.21,-5.577,-1.925,115,0,0,-1,0,0
527.921,10.284,-5.577,-1.925,115,0,0,-1,0,0
522.344,8.359,-5.577,-1.925,115,0,0,-1,0,0
516.767,6.434,-5.577,-1.925,115,0,0,-1,0,0
511.19,6.0,-5.577,1.925,115,0,0,-1,0,0
505.613,7.925,-5.577,1.925,115,0,0,-1,0,0
500.036,9.851,-5.577,1.925,115,0,0,-1,0,0
494.459,11.776,-5.577,1.925,115,0,0,-1,0,0
488.882,13.702,-5.577,1.925,115,0,0,-1,0,0
483.305,15.627,-5.577,1.925,115,0,0,-1,0,0
477.728,17.553,-5.577,1.925,115,0,0,-1,0,0
472.151,19.478,-5.577,1.925,115,0,0,-1,0,0
466.574,21.403,-5.577,1.925,115,0,0,-1,0,0
460.997,23.329,-5.577,1.925,115,0,0,-1,0,0
455.42,25.254,-5.577,1.925,115,0,0,0,0,0
449.843,27.18,-5.577,1.925,115,0,0,0,0,0
444.266,29.105,-5.577,1.925,115,0,0,0,0,0
438.689,31.031,-5.577,1.925,115,0,0,0,0,0
433.112,32.956,-5.577,1.925,115,0,0,0,0,0
427.535,34.882,-5.577,1.925,115,0,0,0,0,0
421.958,36.807,-5.577,1.925,115,0,0,0,0,0
416.381,38.732,-5.577,1.925,115,0,0,0,0,0
410.804,40.658,-5.577,1.925,115,0,0,0,0,0
405.227,42.583,-5.577,1.925,115,0,0,0,0,0
399.65,44.509,-5.577,1.925,115,0,0,0,0,0
394.073,46.434,-5.577,1.925,115,0,0,0,0,0
388.496,48.36,-5.577,1.925,115,0,0,0,0,0
382.919,50.285,-5.577,1.925,115,0,0,0,0,0
377.342,52.21,-5.577,1.925,115,0,0,0,0,0
371.765,54.136,-5.577,1.925,115,0,0,0,0,0
366.188,56.061,-5.577,1.925,115,0,0,0,0,0
360.611,57.987,-5.577,1.925,115,0,0,0,0,0
355.034,59.912,-5.577,1.925,115,0,0,0,0,0
349.458,61.838,-5.577,1.925,115,0,0,0,0,0
343.881,63.763,-5.577,1.925,115,0,0,0,0,0
338.304,65.689,-5.577,1.925,115,0,0,0,0,0
332.727,67.614,-5.577,1.925,115,0,0,0,0,0
327.15,69.539,-5.577,1.925,115,0,0,0,0,0
321.573,71.465,-5.577,1.925,115,0,0,0,0,0
315.996,73.39,-5.577,1.925,115,0,0,0,0,0
310.419,75.316,-5.577,1.925,115,0,0,0,0,0
304.842,77.241,-5.577,1.925,115,0,0,0,0,0
299.265,79.167,-5.577,1.925,115,0,0,0,0,0
293.688,81.092,-5.577,1.925,115,0,0,0,0,0
288.111,83.017,-5.577,1.925,115,0,0,0,0,0
282.534,84.943,-5.577,1.925,115,0,0,0,0,0
276.957,86.868,-5.577,1.925,115,0,0,0,0,0
271.38,88.794,-5.577,1.925,115,0,0,0,0,0
265.803,90.719,-5.577,1.925,120,0,1,0,0,0
260.226,92.645,-5.577,1.925,125,0,1,0,0,0
254.649,94.57,-5.577,1.925,130,0,1,0,0,0
249.072,96.496,-5.577,1.925,135,0,1,0,0,0
243.495,98.421,-5.577,1.925,140,0,1,0,0,0
237.918,100.346,-5.577,1.925,145,0,1,0,0,0
232.341,102.272,-5.577,1.925,150,0,1,0,0,0
226.764,104.197,-5.577,1.925,155,0,1,0,0,0
221.187,106.123,-5.577,1.925,160,0,1,0,0,0
215.61,108.048,-5.577,1.925,165,0,1,0,0,0
210.033,109.974,-5.577,1.925,170,0,1,0,0,0
204.456,111.899,-5.577,1.925,170,0,0,0,0,0
198.879,113.824,-5.577,1.925,170,0,0,0,0,0
193.302,115.75,-5.577,1.925,170,0,0,0,0,0
187.725,117.675,-5.577,1.925,170,0,0,0,0,0
182.148,119.601,-5.577,1.925,170,0,0,0,0,0
176.571,121.526,-5.577,1.925,170,0,0,0,0,0
170.994,123.452,-5.577,1.925,170,0,0,0,0,0
165.417,125.377,-5.577,1.925,170,0,0,0,0,0
159.84,127.302,-5.577,1.925,170,0,0,0,0,0
154.263,129.228,-5.577,1.925,170,0,0,0,0,0
148.686,131.153,-5.577,1.925,170,0,0,0,0,0
143.109,133.079,-5.577,1.925,170,0,0,0,0,0
137.532,135.004,-5.577,1.925,170,0,0,0,0,0
131.955,136.93,-5.577,1.925,170,0,0,0,0,0
126.378,138.855,-5.577,1.925,170,0,0,0,0,0
120.801,140.781,-5.577,1.925,170,0,0,0,0,0
115.224,142.706,-5.577,1.925,170,0,0,0,0,0
109.647,144.631,-5.577,1.925,170,0,0,0,0,0
104.07,146.557,-5.577,1.925,170,0,0,0,0,0
98.493,148.482,-5.577,1.925,170,0,0,0,0,0
92.916,150.408,-5.577,1.925,170,0,0,0,0,0
87.339,152.333,-5.577,1.925,165,0,-1,0,0,0
81.763,154.259,-5.577,1.925,160,0,-1,0,0,0
76.186,156.184,-5.577,1.925,155,0,-1,0,0,0
70.609,158.109,-5.577,1.925,150,0,-1,0,0,0
65.032,160.035,-5.577,1.925,145,0,-1,0,0,0
59.455,161.96,-5.577,1.925,140,0,-1,0,0,0
53.878,163.886,-5.577,1.925,135,0,-1,0,0,0
48.301,165.811,-5.577,1.925,130,0,-1,0,0,0
49.0,167.737,6.184,0.444,125,0,-1,0,0,0
55.184,168.18,6.184,0.444,120,0,-1,0,0,0
61.368,168.624,6.184,0.444,115,0,-1,0,0,0
67.552,169.068,6.184,0.444,110,0,-1,0,0,0
73.736,169.512,6.184,0.444,105,0,-1,0,0,0
79.92,169.956,6.184,0.444,100,0,-1,0,0,0
86.105,170.4,6.184,0.444,95,0,-1,0,0,0
92.289,170.843,6.184,0.444,95,0,0,0,0,0
98.473,171.287,6.184,0.444,95,0,0,0,0,0
104.657,171.731,6.184,0.444,95,0,0,0,0,0
110.841,172.175,6.184,0.444,95,0,0,0,0,0
117.025,172.619,6.184,0.444,95,0,0,0,0,0
123.209,173.062,6.184,0.444,95,0,0,0,0,0
129.393,173.506,6.184,0.444,95,0,0,0,0,0
135.577,173.95,6.184,0.444,95,0,0,0,0,0
141.761,174.394,6.184,0.444,95,0,0,0,0,0
147.946,174.838,6.184,0.444,95,0,0,0,0,0
154.13,175.282,6.184,0.444,95,5,0,1,0,0
160.314,175.725,6.184,0.444,95,10,0,1,0,0
166.498,176.169,6.184,0.444,95,15,0,1,0,0
172.682,176.613,6.184,0.444,95,20,0,1,0,0
178.866,177.057,6.184,0.444,95,25,0,1,0,0
185.05,177.501,6.184,0.444,95,30,0,1,0,0
191.234,177.945,6.184,0.444,95,35,0,1,0,0
197.418,178.388,6.184,0.444,95,40,0,1,0,0
203.602,178.832,6.184,0.444,95,45,0,1,0,0
209.786,179.276,6.184,0.444,95,50,0,1,0,0
215.971,179.72,6.184,0.444,95,55,0,1,0,0
222.155,180.164,6.184,0.444,95,60,0,1,0,0
228.339,180.607,6.184,0.444,95,65,0,1,0,0
234.523,181.051,6.184,0.444,95,70,0,1,0,0
240.707,181.495,6.184,0.444,95,75,0,1,0,0
246.891,181.939,6.184,0.444,95,80,0,1,0,0
253.075,182.383,6.184,0.444,95,85,0,1,0,0
259.259,182.827,6.184,0.444,95,90,0,1,0,0
265.443,183.27,6.184,0.444,95,95,0,1,0,0
271.627,183.714,6.184,0.444,95,100,0,1,0,0
277.811,184.158,6.184,0.444,95,105,0,1,0,0
283.996,184.602,6.184,0.444,95,110,0,1,0,0
290.18,185.046,6.184,0.444,95,115,0,1,0,0
296.364,185.489,6.184,0.444,95,120,0,1,0,0
302.548,185.933,6.184,0.444,95,125,0,1,0,0
308.732,186.377,6.184,0.444,95,130,0,1,0,0
314.916,186.821,6.184,0.444,95,135,0,1,0,0
321.1,187.265,6.184,0.444,95,140,0,1,0,0
327.284,187.709,6.184,0.444,95,145,0,1,0,0
333.468,188.152,6.184,0.444,95,150,0,1,0,0
339.652,188.596,6.184,0.444,95,155,0,1,0,0
345.837,189.04,6.184,0.444,95,155,0,0,0,0
352.021,189.484,6.184,0.444,95,155,0,0,0,0
358.205,189.928,6.184,0.444,95,155,0,0,0,0
364.389,190.371,6.184,0.444,95,155,0,0,0,0
370.573,190.815,6.184,0.444,95,155,0,0,0,0
376.757,191.259,6.184,0.444,95,155,0,0,0,0
382.941,191.703,6.184,0.444,95,155,0,0,0,0
389.125,192.147,6.184,0.444,95,155,0,0,0,0
395.309,192.591,6.184,0.444,95,155,0,0,0,0
401.493,193.034,6.184,0.444,95,155,0,0,0,0
407.677,193.478,6.184,0.444,95,155,0,0,0,0
413.862,193.922,6.184,0.444,95,155,0,0,0,0
420.046,194.366,6.184,0.444,95,155,0,0,0,0
426.23,194.81,6.184,0.444,95,155,0,0,0,0
432.414,195.253,6.184,0.444,100,155,1,0,0,0
438.598,195.697,6.184,0.444,105,155,1,0,0,0
444.782,196.141,6.184,0.444,110,155,1,0,0,0
450.966,196.585,6.184,0.444,115,155,1,0,0,0
457.15,197.029,6.184,0.444,120,155,1,0,0,0
463.334,197.473,6.184,0.444,125,155,1,0,0,0
469.518,197.916,6.184,0.444,130,155,1,0,0,0
475.703,198.36,6.184,0.444,135,155,1,0,0,0
481.887,198.804,6.184,0.444,140,155,1,0,0,0
488.071,199.248,6.184,0.444,145,155,1,0,0,0
494.255,199.692,6.184,0.444,150,155,1,0,0,0
500.439,200.135,6.184,0.444,155,155,1,0,0,0
506.623,200.579,6.184,0.444,160,155,1,0,0,0
512.807,201.023,6.184,0.444,165,155,1,0,0,0
518.991,201.467,6.184,0.444,170,155,1,0,0,0
525.175,201.911,6.184,0.444,175,160,1,1,0,0
531.359,202.355,6.184,0.444,180,165,1,1,0,0
537.543,202.798,6.184,0.444,185,170,1,1,0,0
543.728,203.242,6.184,0.444,185,175,0,1,0,0
549.912,203.686,6.184,0.444,185,180,0,1,0,0
556.096,204.13,6.184,0.444,185,185,0,1,0,0
562.28,204.574,6.184,0.444,185,190,0,1,0,0
568.464,205.018,6.184,0.444,185,190,0,0,0,0
574.648,205.461,6.184,0.444,185,190,0,0,0,0
580.832,205.905,6.184,0.444,185,190,0,0,0,0
587.016,206.349,6.184,0.444,185,190,0,0,0,0
593.2,206.793,6.184,0.444,185,190,0,0,0,0
599.384,207.237,6.184,0.444,185,190,0,0,0,0
605.568,207.68,6.184,0.444,185,190,0,0,0,0
611.753,208.124,6.184,0.444,185,190,0,0,0,0
617.937,208.568,6.184,0.444,185,190,0,0,0,0
624.121,209.012,6.184,0.444,185,190,0,0,0,0
630.305,209.456,6.184,0.444,185,190,0,0,0,0
636.489,209.9,6.184,0.444,185,190,0,0,0,0
642.673,210.343,6.184,0.444,185,190,0,0,0,0
648.857,210.787,6.184,0.444,185,190,0,0,0,0
655.041,211.231,6.184,0.444,185,190,0,0,0,0
661.225,211.675,6.184,0.444,185,190,0,0,0,0
667.409,212.119,6.184,0.444,185,190,0,0,0,0
673.594,212.562,6.184,0.444,185,190,0,0,0,0
679.778,213.006,6.184,0.444,185,190,0,0,0,0
685.962,213.45,6.184,0.444,185,190,0,0,0,0
692.146,213.894,6.184,0.444,185,190,0,0,0,0
698.33,214.338,6.184,0.444,185,190,0,0,0,0
704.514,214.782,6.184,0.444,185,190,0,0,0,0
710.698,215.225,6.184,0.444,185,190,0,0,0,0
716.882,215.669,6.184,0.444,185,190,0,0,0,0
723.066,216.113,6.184,0.444,185,190,0,0,0,0
729.25,216.557,6.184,0.444,185,190,0,0,0,0
735.434,217.001,6.184,0.444,185,190,0,0,0,0
741.619,217.444,6.184,0.444,185,190,0,0,0,0
747.803,217.888,6.184,0.444,185,190,0,0,0,0
751.0,218.332,-6.199,-1.955,185,190,0,0,0,0
744.801,216.377,-6.199,-1.955,185,190,0,0,0,0
738.602,214.423,-6.199,-1.955,185,190,0,0,0,0
732.403,212.468,-6.199,-1.955,185,190,0,0,0,0
726.204,210.513,-6.199,-1.955,185,190,0,0,0,0
720.005,208.558,-6.199,-1.955,185,190,0,0,0,0
713.805,206.603,-6.199,-1.955,185,190,0,0,0,0
707.606,204.649,-6.199,-1.955,185,190,0,0,0,0
701.407,202.694,-6.199,-1.955,185,190,0,0,0,0
695.208,200.739,-6.199,-1.955,185,190,0,0,0,0
689.009,198.784,-6.199,-1.955,185,190,0,0,0,0
682.81,196.829,-6.199,-1.955,185,190,0,0,0,0
676.611,194.875,-6.199,-1.955,185,190,0,0,0,0
670.412,192.92,-6.199,-1.955,185,190,0,0,0,0
664.213,190.965,-6.199,-1.955,185,190,0,0,0,0
658.014,189.01,-6.199,-1.955,185,190,0,0,0,0
651.814,187.056,-6.199,-1.955,185,190,0,0,0,0
645.615,185.101,-6.199,-1.955,185,190,0,0,0,0
639.416,183.146,-6.199,-1.955,185,190,0,0,0,0
633.217,181.191,-6.199,-1.955,185,190,0,0,0,0
627.018,179.236,-6.199,-1.955,185,190,0,0,0,0
620.819,177.282,-6.199,-1.955,180,190,-1,0,0,0
614.62,175.327,-6.199,-1.955,175,190,-1,0,0,0
608.421,173.372,-6.199,-1.955,170,190,-1,0,0,0
602.222,171.417,-6.199,-1.955,165,190,-1,0,0,0
596.023,169.462,-6.199,-1.955,160,190,-1,0,0,0
589.823,167.508,-6.199,-1.955,155,190,-1,0,0,0
583.624,165.553,-6.199,-1.955,150,190,-1,0,0,0
577.425,163.598,-6.199,-1.955,145,190,-1,0,0,0
571.226,161.643,-6.199,-1.955,140,190,-1,0,0,0
565.027,159.689,-6.199,-1.955,135,190,-1,0,0,0
558.828,157.734,-6.199,-1.955,130,190,-1,0,0,0
552.629,155.779,-6.199,-1.955,125,190,-1,0,0,0
546.43,153.824,-6.199,-1.955,125,190,0,0,0,0
540.231,151.869,-6.199,-1.955,125,190,0,0,0,0
534.032,149.915,-6.199,-1.955,125,190,0,0,0,0
527.832,147.96,-6.199,-1.955,125,190,0,0,0,0
521.633,146.005,-6.199,-1.955,125,190,0,0,0,0
515.434,144.05,-6.199,-1.955,125,190,0,0,0,0
509.235,142.095,-6.199,-1.955,125,190,0,0,0,0
503.036,140.141,-6.199,-1.955,125,190,0,0,0,0
496.837,138.186,-6.199,-1.955,125,190,0,0,0,0
490.638,136.231,-6.199,-1.955,125,190,0,0,0,0
484.439,134.276,-6.199,-1.955,125,190,0,0,0,0
478.24,132.322,-6.199,-1.955,120,190,-1,0,0,0
472.041,130.367,-6.199,-1.955,115,190,-1,0,0,0
465.842,128.412,-6.199,-1.955,110,190,-1,0,0,0
459.642,126.457,-6.199,-1.955,105,190,-1,0,0,0
453.443,124.502,-6.199,-1.955,100,190,-1,0,0,0
447.244,122.548,-6.199,-1.955,95,190,-1,0,0,0
441.045,120.593,-6.199,-1.955,90,190,-1,0,0,0
434.846,118.638,-6.199,-1.955,85,190,-1,0,0,0
428.647,116.683,-6.199,-1.955,80,190,-1,0,0,0
422.448,114.728,-6.199,-1.955,75,190,-1,0,0,0
416.249,112.774,-6.199,-1.955,70,190,-1,0,0,0
410.05,110.819,-6.199,-1.955,65,190,-1,0,0,0
403.851,108.864,-6.199,-1.955,65,190,0,0,0,0
397.651,106.909,-6.199,-1.955,65,190,0,0,0,0
391.452,104.955,-6.199,-1.955,65,190,0,0,0,0
385.253,103.0,-6.199,-1.955,65,190,0,0,0,0
379.054,101.045,-6.199,-1.955,65,190,0,0,0,0
372.855,99.09,-6.199,-1.955,65,190,0,0,0,0
366.656,97.135,-6.199,-1.955,65,190,0,0,0,0
360.457,95.181,-6.199,-1.955,65,190,0,0,0,0
354.258,93.226,-6.199,-1.955,65,190,0,0,0,0
348.059,91.271,-6.199,-1.955,65,190,0,0,0,0
341.86,89.316,-6.199,-1.955,65,190,0,0,0,0
335.66,87.361,-6.199,-1.955,65,190,0,0,0,0
329.461,85.407,-6.199,-1.955,65,190,0,0,0,0
323.262,83.452,-6.199,-1.955,65,190,0,0,0,0
317.063,81.497,-6.199,-1.955,65,190,0,0,0,0
310.864,79.542,-6.199,-1.955,65,190,0,0,0,0
304.665,77.588,-6.199,-1.955,65,190,0,0,0,0
298.466,75.633,-6.199,-1.955,65,190,0,0,0,0
292.267,73.678,-6.199,-1.955,65,190,0,0,0,0
286.068,71.723,-6.199,-1.955,65,190,0,0,0,0
279.869,69.768,-6.199,-1.955,65,190,0,0,0,0
273.669,67.814,-6.199,-1.955,65,190,0,0,0,0
267.47,65.859,-6.199,-1.955,65,190,0,0,0,0
261.271,63.904,-6.199,-1.955,65,190,0,0,0,0
255.072,61.949,-6.199,-1.955,65,190,0,0,0,0
248.873,59.994,-6.199,-1.955,65,190,0,0,0,0
242.674,58.04,-6.199,-1.955,65,190,0,0,0,0
236.475,56.085,-6.199,-1.955,65,190,0,0,0,0
230.276,54.13,-6.199,-1.955,65,190,0,0,0,0
224.077,52.175,-6.199,-1.955,65,190,0,0,0,0
217.878,50.221,-6.199,-1.955,65,190,0,0,0,0
211.678,48.266,-6.199,-1.955,65,190,0,0,0,0
205.479,46.311,-6.199,-1.955,65,190,0,0,0,0
199.28,44.356,-6.199,-1.955,65,190,0,0,0,0
193.081,42.401,-6.199,-1.955,65,190,0,0,0,0
186.882,40.447,-6.199,-1.955,65,190,0,0,0,0
180.683,38.492,-6.199,-1.955,65,190,0,0,0,0
174.484,36.537,-6.199,-1.955,65,190,0,0,0,0
168.285,34.582,-6.199,-1.955,65,190,0,0,0,0
162.086,32.627,-6.199,-1.955,65,190,0,0,0,0
155.887,30.673,-6.199,-1.955,65,190,0,0,0,0
149.688,28.718,-6.199,-1.955,65,190,0,0,0,0
143.488,26.763,-6.199,-1.955,65,190,0,0,0,0
137.289,24.808,-6.199,-1.955,65,190,0,0,0,0
131.09,22.854,-6.199,-1.955,65,190,0,0,0,0
124.891,20.899,-6.199,-1.955,65,190,0,0,0,0
118.692,18.944,-6.199,-1.955,65,190,0,0,0,0
112.493,16.989,-6.199,-1.955,65,190,0,0,0,0
106.294,15.034,-6.199,-1.955,65,190,0,0,0,0
100.095,13.08,-6.199,-1.955,65,190,0,0,0,0
93.896,11.125,-6.199,-1.955,65,190,0,0,0,0
87.697,9.17,-6.199,-1.955,65,190,0,0,0,0
81.497,7.215,-6.199,-1.955,65,190,0,0,0,0
75.298,6.0,-6.199,1.955,65,190,0,0,0,0
69.099,7.955,-6.199,1.955,65,190,0,0,0,0
62.9,9.91,-6.199,1.955,65,190,0,0,0,0
56.701,11.864,-6.199,1.955,65,190,0,0,0,0
50.502,13.819,-6.199,1.955,65,190,0,0,0,0
44.303,15.774,-6.199,1.955,65,190,0,0,0,0
38.104,17.729,-6.199,1.955,65,190,0,0,0,0
31.905,19.684,-6.199,1.955,65,190,0,0,0,0
25.706,21.638,-6.199,1.955,65,190,0,0,0,0
19.506,23.593,-6.199,1.955,65,190,0,0,0,0
13.307,25.548,-6.199,1.955,65,190,0,0,0,0
7.108,27.503,-6.199,1.955,65,190,0,0,0,0
0.909,29.457,-6.199,1.955,65,190,0,0,0,0
-5.29,31.412,-6.199,1.955,65,190,0,0,0,0
400.0,300.0,4.566,2.037,65,190,0,0,0,1
404.566,302.037,4.566,2.037,65,190,0,0,0,0
409.132,304.075,4.566,2.037,65,190,0,0,0,0
413.698,306.112,4.566,2.037,65,190,0,0,0,0
418.264,308.15,4.566,2.037,65,190,0,0,0,0
422.83,310.187,4.566,2.037,65,190,0,0,0,0
427.396,312.224,4.566,2.037,65,190,0,0,0,0
431.962,314.262,4.566,2.037,65,190,0,0,0,0
436.529,316.299,4.566,2.037,65,190,0,0,0,0
441.095,318.337,4.566,2.037,65,190,0,0,0,0
445.661,320.374,4.566,2.037,65,190,0,0,0,0
450.227,322.411,4.566,2.037,65,190,0,0,0,0
454.793,324.449,4.566,2.037,65,190,0,0,0,0
459.359,326.486,4.566,2.037,65,190,0,0,0,0
463.925,328.524,4.566,2.037,65,190,0,0,0,0
468.491,330.561,4.566,2.037,65,190,0,0,0,0
473.057,332.598,4.566,2.037,65,190,0,0,0,0
477.623,334.636,4.566,2.037,65,190,0,0,0,0
482.189,336.673,4.566,2.037,65,190,0,0,0,0
486.755,338.711,4.566,2.037,65,190,0,0,0,0
491.321,340.748,4.566,2.037,65,190,0,0,0,0
495.887,342.785,4.566,2.037,65,190,0,0,0,0
500.454,344.823,4.566,2.037,65,190,0,0,0,0
505.02,346.86,4.566,2.037,65,190,0,0,0,0
509.586,348.898,4.566,2.037,65,190,0,0,0,0
514.152,350.935,4.566,2.037,65,190,0,0,0,0
518.718,352.972,4.566,2.037,65,190,0,0,0,0
523.284,355.01,4.566,2.037,65,185,0,-1,0,0
527.85,357.047,4.566,2.037,65,180,0,-1,0,0
532.416,359.085,4.566,2.037,65,175,0,-1,0,0
536.982,361.122,4.566,2.037,65,170,0,-1,0,0
541.548,363.159,4.566,2.037,65,165,0,-1,0,0
546.114,365.197,4.566,2.037,65,165,0,0,0,0
550.68,367.234,4.566,2.037,65,170,0,1,0,0
555.246,369.272,4.566,2.037,65,175,0,1,0,0
559.812,371.309,4.566,2.037,65,180,0,1,0,0
564.379,373.346,4.566,2.037,65,185,0,1,0,0
568.945,375.384,4.566,2.037,65,190,0,1,0,0
573.511,377.421,4.566,2.037,65,195,0,1,0,0
578.077,379.459,4.566,2.037,65,200,0,1,0,0
582.643,381.496,4.566,2.037,65,205,0,1,0,0
587.209,383.533,4.566,2.037,65,210,0,1,0,0
591.775,385.571,4.566,2.037,65,215,0,1,0,0
596.341,387.608,4.566,2.037,65,220,0,1,0,0
600.907,389.646,4.566,2.037,65,225,0,1,0,0
605.473,391.683,4.566,2.037,65,230,0,1,0,0
610.039,393.72,4.566,2.037,65,235,0,1,0,0
614.605,395.758,4.566,2.037,65,240,0,1,0,0
619.171,397.795,4.566,2.037,70,245,1,1,0,0
623.737,399.833,4.566,2.037,75,250,1,1,0,0
628.304,401.87,4.566,2.037,80,255,1,1,0,0
632.87,403.907,4.566,2.037,85,260,1,1,0,0
637.436,405.945,4.566,2.037,90,265,1,1,0,0
642.002,407.982,4.566,2.037,95,270,1,1,0,0
646.568,410.02,4.566,2.037,100,275,1,1,0,0
651.134,412.057,4.566,2.037,105,280,1,1,0,0
655.7,414.094,4.566,2.037,110,285,1,1,0,0
660.266,416.132,4.566,2.037,115,290,1,1,0,0
664.832,418.169,4.566,2.037,120,295,1,1,0,0
669.398,420.207,4.566,2.037,125,300,1,1,0,0
673.964,422.244,4.566,2.037,130,305,1,1,0,0
678.53,424.281,4.566,2.037,135,310,1,1,0,0
683.096,426.319,4.566,2.037,140,315,1,1,0,0
687.662,428.356,4.566,2.037,145,320,1,1,0,0
692.229,430.393,4.566,2.037,150,325,1,1,0,0
696.795,432.431,4.566,2.037,155,330,1,1,0,0
701.361,434.468,4.566,2.037,155,335,0,1,0,0
705.927,436.506,4.566,2.037,155,340,0,1,0,0
710.493,438.543,4.566,2.037,155,345,0,1,0,0
715.059,440.58,4.566,2.037,155,350,0,1,0,0
719.625,442.618,4.566,2.037,155,355,0,1,0,0
724.191,444.655,4.566,2.037,155,360,0,1,0,0
728.757,446.693,4.566,2.037,155,365,0,1,0,0
733.323,448.73,4.566,2.037,155,370,0,1,0,0
737.889,450.767,4.566,2.037,155,375,0,1,0,0
742.455,452.805,4.566,2.037,155,380,0,1,0,0
747.021,454.842,4.566,2.037,155,385,0,1,0,0
751.587,456.88,4.566,2.037,155,390,0,1,0,0
751.0,458.917,-4.295,3.106,155,395,0,1,0,0
746.705,462.023,-4.295,3.106,155,400,0,1,0,0
742.411,465.129,-4.295,3.106,155,405,0,1,0,0
738.116,468.235,-4.295,3.106,155,410,0,1,0,0
733.822,471.341,-4.295,3.106,150,415,-1,1,0,0
729.527,474.447,-4.295,3.106,145,420,-1,1,0,0
725.233,477.553,-4.295,3.106,140,425,-1,1,0,0
720.938,480.659,-4.295,3.106,135,430,-1,1,0,0
716.644,483.765,-4.295,3.106,130,435,-1,1,0,0
712.349,486.871,-4.295,3.106,125,440,-1,1,0,0
708.055,489.977,-4.295,3.106,120,445,-1,1,0,0
703.76,493.082,-4.295,3.106,115,450,-1,1,0,0
699.465,496.188,-4.295,3.106,110,455,-1,1,0,0
695.171,499.294,-4.295,3.106,105,460,-1,1,0,0
690.876,502.4,-4.295,3.106,100,465,-1,1,0,0
686.582,505.506,-4.295,3.106,100,470,0,1,0,0
682.287,508.612,-4.295,3.106,100,475,0,1,0,0
677.993,511.718,-4.295,3.106,100,480,0,1,0,0
673.698,514.824,-4.295,3.106,100,485,0,1,0,0
669.404,517.93,-4.295,3.106,100,490,0,1,0,0
665.109,521.036,-4.295,3.106,100,495,0,1,0,0
660.815,524.142,-4.295,3.106,100,500,0,1,0,0
656.52,527.248,-4.295,3.106,100,505,0,1,0,0
652.226,530.354,-4.295,3.106,100,510,0,1,0,0
647.931,533.46,-4.295,3.106,100,515,0,1,0,0
643.636,536.566,-4.295,3.106,100,520,0,1,0,0
639.342,539.672,-4.295,3.106,100,520,0,1,0,0
635.047,542.778,-4.295,3.106,100,520,0,1,0,0
630.753,545.884,-4.295,3.106,100,520,0,1,0,0
626.458,548.99,-4.295,3.106,105,520,1,1,0,0
622.164,552.095,-4.295,3.106,110,520,1,1,0,0
617.869,555.201,-4.295,3.106,115,520,1,1,0,0
613.575,558.307,-4.295,3.106,120,520,1,1,0,0
609.28,561.413,-4.295,3.106,125,520,1,1,0,0
604.986,564.519,-4.295,3.106,130,520,1,1,0,0
600.691,567.625,-4.295,3.106,135,520,1,1,0,0
596.396,570.731,-4.295,3.106,140,520,1,1,0,0
592.102,573.837,-4.295,3.106,145,520,1,1,0,0
587.807,576.943,-4.295,3.106,150,520,1,1,0,0
583.513,580.049,-4.295,3.106,155,520,1,1,0,0
579.218,583.155,-4.295,3.106,160,520,1,1,0,0
574.924,586.261,-4.295,3.106,165,520,1,1,0,0
570.629,589.367,-4.295,3.106,170,520,1,1,0,0
566.335,592.473,-4.295,3.106,175,520,1,1,0,0
562.04,594.0,-4.295,-3.106,180,520,1,1,0,0
557.746,590.894,-4.295,-3.106,185,520,1,1,0,0
553.451,587.788,-4.295,-3.106,190,520,1,1,0,0
549.156,584.682,-4.295,-3.106,195,520,1,0,0,0
544.862,581.576,-4.295,-3.106,200,520,1,0,0,0
540.567,578.47,-4.295,-3.106,205,520,1,0,0,0
536.273,575.364,-4.295,-3.106,210,520,1,0,0,0
531.978,572.258,-4.295,-3.106,215,520,1,0,0,0
527.684,569.152,-4.295,-3.106,220,520,1,0,0,0
523.389,566.046,-4.295,-3.106,225,520,1,0,0,0
519.095,562.941,-4.295,-3.106,230,520,1,0,0,0
514.8,559.835,-4.295,-3.106,235,520,1,0,0,0
510.506,556.729,-4.295,-3.106,235,520,0,0,0,0
506.211,553.623,-4.295,-3.106,235,520,0,0,0,0
501.917,550.517,-4.295,-3.106,235,520,0,0,0,0
497.622,547.411,-4.295,-3.106,235,520,0,0,0,0
493.327,544.305,-4.295,-3.106,235,520,0,0,0,0
489.033,541.199,-4.295,-3.106,235,520,0,1,0,0
484.738,538.093,-4.295,-3.106,235,520,0,1,0,0
480.444,534.987,-4.295,-3.106,235,520,0,1,0,0
476.149,531.881,-4.295,-3.106,235,520,0,1,0,0
471.855,528.775,-4.295,-3.106,235,520,0,1,0,0
467.56,525.669,-4.295,-3.106,235,520,0,1,0,0
463.266,522.563,-4.295,-3.106,235,520,0,1,0,0
458.971,519.457,-4.295,-3.106,235,520,0,1,0,0
454.677,516.351,-4.295,-3.106,235,520,0,1,0,0
450.382,513.245,-4.295,-3.106,235,520,0,1,0,0
446.087,510.139,-4.295,-3.106,235,520,0,1,0,0
441.793,507.034,-4.295,-3.106,235,520,0,1,0,0
437.498,503.928,-4.295,-3.106,235,520,0,1,0,0
433.204,500.822,-4.295,-3.106,235,520,0,1,0,0
428.909,497.716,-4.295,-3.106,235,520,0,1,0,0
424.615,494.61,-4.295,-3.106,235,520,0,1,0,0
420.32,491.504,-4.295,-3.106,235,520,0,0,0,0
416.026,488.398,-4.295,-3.106,235,520,0,0,0,0
411.731,485.292,-4.295,-3.106,235,520,0,0,0,0
407.437,482.186,-4.295,-3.106,235,520,0,0,0,0
403.142,479.08,-4.295,-3.106,235,520,0,0,0,0
398.847,475.974,-4.295,-3.106,235,520,0,0,0,0
394.553,472.868,-4.295,-3.106,235,520,0,0,0,0
390.258,469.762,-4.295,-3.106,235,520,0,0,0,0
385.964,466.656,-4.295,-3.106,235,520,0,0,0,0
381.669,463.55,-4.295,-3.106,235,520,0,0,0,0
377.375,460.444,-4.295,-3.106,235,520,0,0,0,0
373.08,457.338,-4.295,-3.106,235,520,0,0,0,0
368.786,454.232,-4.295,-3.106,235,520,0,0,0,0
364.491,451.126,-4.295,-3.106,235,520,0,0,0,0
360.197,448.021,-4.295,-3.106,235,520,0,0,0,0
355.902,444.915,-4.295,-3.106,235,520,0,0,0,0
351.608,441.809,-4.295,-3.106,235,520,0,0,0,0
347.313,438.703,-4.295,-3.106,235,520,0,0,0,0
343.018,435.597,-4.295,-3.106,235,520,0,0,0,0
338.724,432.491,-4.295,-3.106,235,520,0,0,0,0
334.429,429.385,-4.295,-3.106,235,520,0,0,0,0
330.135,426.279,-4.295,-3.106,235,520,0,0,0,0
325.84,423.173,-4.295,-3.106,235,520,0,0,0,0
321.546,420.067,-4.295,-3.106,235,520,0,0,0,0
317.251,416.961,-4.295,-3.106,235,520,0,0,0,0
312.957,413.855,-4.295,-3.106,235,520,0,0,0,0
308.662,410.749,-4.295,-3.106,235,520,0,0,0,0
304.368,407.643,-4.295,-3.106,235,520,0,0,0,0
300.073,404.537,-4.295,-3.106,235,520,0,0,0,0
295.778,401.431,-4.295,-3.106,235,520,0,0,0,0
291.484,398.325,-4.295,-3.106,235,520,0,0,0,0
287.189,395.219,-4.295,-3.106,235,520,0,0,0,0
282.895,392.114,-4.295,-3.106,235,520,0,0,0,0
278.6,389.008,-4.295,-3.106,235,520,0,0,0,0
274.306,385.902,-4.295,-3.106,235,520,0,0,0,0
270.011,382.796,-4.295,-3.106,235,520,0,0,0,0
265.717,379.69,-4.295,-3.106,235,520,0,0,0,0
261.422,376.584,-4.295,-3.106,235,520,0,0,0,0
257.128,373.478,-4.295,-3.106,235,520,0,0,0,0
252.833,370.372,-4.295,-3.106,235,520,0,0,0,0
248.538,367.266,-4.295,-3.106,235,520,0,0,0,0
244.244,364.16,-4.295,-3.106,235,520,0,0,0,0
239.949,361.054,-4.295,-3.106,235,520,0,0,0,0
235.655,357.948,-4.295,-3.106,235,520,0,0,0,0
231.36,354.842,-4.295,-3.106,235,520,0,0,0,0
227.066,351.736,-4.295,-3.106,235,520,0,0,0,0
222.771,348.63,-4.295,-3.106,235,520,0,0,0,0
218.477,345.524,-4.295,-3.106,235,520,0,0,0,0
214.182,342.418,-4.295,-3.106,235,520,0,0,0,0
209.888,339.312,-4.295,-3.106,235,520,0,0,0,0
205.593,336.206,-4.295,-3.106,235,520,0,0,0,0
201.299,333.101,-4.295,-3.106,235,520,0,0,0,0
197.004,329.995,-4.295,-3.106,235,520,0,0,0,0
192.709,326.889,-4.295,-3.106,235,520,0,0,0,0
188.415,323.783,-4.295,-3.106,235,520,0,0,0,0
184.12,320.677,-4.295,-3.106,235,520,0,0,0,0
179.826,317.571,-4.295,-3.106,235,520,0,0,0,0
175.531,314.465,-4.295,-3.106,235,520,0,0,0,0
171.237,311.359,-4.295,-3.106,235,520,0,0,0,0
166.942,308.253,-4.295,-3.106,235,520,0,0,0,0
162.648,305.147,-4.295,-3.106,235,520,0,0,0,0
158.353,302.041,-4.295,-3.106,235,520,0,0,0,0
154.059,298.935,-4.295,-3.106,235,520,0,0,0,0
149.764,295.829,-4.295,-3.106,235,520,0,0,0,0
145.469,292.723,-4.295,-3.106,235,520,0,0,0,0
141.175,289.617,-4.295,-3.106,235,520,0,0,0,0
136.88,286.511,-4.295,-3.106,235,520,0,0,0,0
132.586,283.405,-4.295,-3.106,235,520,0,0,0,0
128.291,280.299,-4.295,-3.106,235,520,0,0,0,0
123.997,277.193,-4.295,-3.106,235,520,0,0,0,0
119.702,274.088,-4.295,-3.106,235,520,0,0,0,0
115.408,270.982,-4.295,-3.106,230,520,-1,0,0,0
111.113,267.876,-4.295,-3.106,225,520,-1,0,0,0
106.819,264.77,-4.295,-3.106,220,520,-1,0,0,0
102.524,261.664,-4.295,-3.106,215,515,-1,-1,0,0
98.229,258.558,-4.295,-3.106,210,510,-1,-1,0,0
93.935,255.452,-4.295,-3.106,205,505,-1,-1,0,0
89.64,252.346,-4.295,-3.106,200,500,-1,-1,0,0
85.346,249.24,-4.295,-3.106,195,495,-1,-1,0,0
81.051,246.134,-4.295,-3.106,190,490,-1,-1,0,0
76.757,243.028,-4.295,-3.106,185,485,-1,-1,0,0
72.462,239.922,-4.295,-3.106,180,480,-1,-1,0,0
68.168,236.816,-4.295,-3.106,175,475,-1,-1,0,0
63.873,233.71,-4.295,-3.106,170,470,-1,-1,0,0
59.579,230.604,-4.295,-3.106,165,465,-1,-1,0,0
55.284,227.498,-4.295,-3.106,160,460,-1,-1,0,0
50.99,224.392,-4.295,-3.106,155,455,-1,-1,0,0
49.0,221.286,3.824,4.091,150,450,-1,-1,0,0
52.824,225.377,3.824,4.091,145,445,-1,-1,0,0
56.648,229.468,3.824,4.091,140,440,-1,-1,0,0
60.473,233.559,3.824,4.091,135,435,-1,-1,0,0
64.297,237.65,3.824,4.091,130,430,-1,-1,0,0
68.121,241.741,3.824,4.091,125,425,-1,-1,0,0
71.945,245.832,3.824,4.091,120,420,-1,-1,0,0
75.769,249.923,3.824,4.091,115,415,-1,-1,0,0
79.594,254.014,3.824,4.091,110,410,-1,-1,0,0
83.418,258.104,3.824,4.091,105,405,-1,-1,0,0
87.242,262.195,3.824,4.091,105,400,0,-1,0,0
91.066,266.286,3.824,4.091,105,400,0,0,0,0
94.891,270.377,3.824,4.091,105,400,0,0,0,0
98.715,274.468,3.824,4.091,105,395,0,-1,0,0
102.539,278.559,3.824,4.091,105,390,0,-1,0,0
106.363,282.65,3.824,4.091,105,385,0,-1,0,0
110.187,286.741,3.824,4.091,105,380,0,-1,0,0
114.012,290.832,3.824,4.091,105,375,0,-1,0,0
117.836,294.923,3.824,4.091,105,370,0,-1,0,0
121.66,299.013,3.824,4.091,105,365,0,-1,0,0
125.484,303.104,3.824,4.091,105,360,0,-1,0,0
129.308,307.195,3.824,4.091,105,355,0,-1,0,0
133.133,311.286,3.824,4.091,105,350,0,-1,0,0
136.957,315.377,3.824,4.091,105,345,0,-1,0,0
140.781,319.468,3.824,4.091,105,340,0,-1,0,0
144.605,323.559,3.824,4.091,105,335,0,-1,0,0
148.43,327.65,3.824,4.091,105,330,0,-1,0,0
152.254,331.741,3.824,4.091,105,325,0,-1,0,0
156.078,335.831,3.824,4.091,105,325,0,0,0,0
159.902,339.922,3.824,4.091,105,325,0,0,0,0
163.726,344.013,3.824,4.091,105,330,0,1,0,0
167.551,348.104,3.824,4.091,105,335,0,1,0,0
171.375,352.195,3.824,4.091,105,340,0,1,0,0
175.199,356.286,3.824,4.091,105,345,0,1,0,0
179.023,360.377,3.824,4.091,105,350,0,1,0,0
182.847,364.468,3.824,4.091,105,355,0,1,0,0
186.672,368.559,3.824,4.091,105,360,0,1,0,0
190.496,372.649,3.824,4.091,105,365,0,1,0,0
194.32,376.74,3.824,4.091,105,370,0,1,0,0
198.144,380.831,3.824,4.091,105,375,0,1,0,0
201.969,384.922,3.824,4.091,105,380,0,1,0,0
205.793,389.013,3.824,4.091,105,385,0,1,0,0
209.617,393.104,3.824,4.091,105,390,0,1,0,0
213.441,397.195,3.824,4.091,105,395,0,1,0,0
217.265,401.286,3.824,4.091,105,400,0,1,0,0
221.09,405.377,3.824,4.091,105,405,0,1,0,0
224.914,409.467,3.824,4.091,105,410,0,1,0,0
228.738,413.558,3.824,4.091,105,415,0,1,0,0
232.562,417.649,3.824,4.091,105,420,0,1,0,0
236.386,421.74,3.824,4.091,110,425,1,1,0,0
240.211,425.831,3.824,4.091,115,430,1,1,0,0
244.035,429.922,3.824,4.091,120,435,1,1,0,0
247.859,434.013,3.824,4.091,125,440,1,1,0,0
251.683,438.104,3.824,4.091,130,445,1,1,0,0
255.508,442.195,3.824,4.091,135,450,1,1,0,0
259.332,446.285,3.824,4.091,140,455,1,1,0,0
263.156,450.376,3.824,4.091,145,460,1,1,0,0
266.98,454.467,3.824,4.091,150,465,1,1,0,0
270.804,458.558,3.824,4.091,155,470,1,1,0,0
274.629,462.649,3.824,4.091,160,475,1,1,0,0
278.453,466.74,3.824,4.091,165,480,1,1,0,0
282.277,470.831,3.824,4.091,170,485,1,1,0,0
286.101,474.922,3.824,4.091,175,490,1,1,0,0
289.925,479.013,3.824,4.091,180,495,1,1,0,0
293.75,483.104,3.824,4.091,185,500,1,1,0,0
297.574,487.194,3.824,4.091,185,500,0,0,0,0
301.398,491.285,3.824,4.091,185,500,0,0,0,0
305.222,495.376,3.824,4.091,185,500,0,0,0,0
309.047,499.467,3.824,4.091,185,500,0,0,0,0
312.871,503.558,3.824,4.091,185,495,0,-1,0,0
316.695,507.649,3.824,4.091,185,490,0,-1,0,0
320.519,511.74,3.824,4.091,185,485,0,-1,0,0
324.343,515.831,3.824,4.091,185,480,0,-1,0,0
328.168,519.922,3.824,4.091,185,475,0,-1,0,0
331.992,524.012,3.824,4.091,185,470,0,-1,0,0
335.816,528.103,3.824,4.091,185,465,0,-1,0,0
339.64,532.194,3.824,4.091,185,460,0,-1,0,0
343.464,536.285,3.824,4.091,185,455,0,-1,0,0
347.289,540.376,3.824,4.091,185,450,0,-1,0,0
351.113,544.467,3.824,4.091,185,445,0,-1,0,0
354.937,548.558,3.824,4.091,185,440,0,-1,0,0
358.761,552.649,3.824,4.091,185,435,0,-1,0,0
362.586,556.74,3.824,4.091,185,430,0,-1,0,0
366.41,560.83,3.824,4.091,185,425,0,-1,0,0
370.234,564.921,3.824,4.091,185,420,0,-1,0,0
374.058,569.012,3.824,4.091,185,415,0,-1,0,0
377.882,573.103,3.824,4.091,185,410,0,-1,0,0
381.707,577.194,3.824,4.091,185,405,0,-1,0,0
385.531,581.285,3.824,4.091,185,400,0,-1,0,0
389.355,585.376,3.824,4.091,185,395,0,-1,0,0
393.179,589.467,3.824,4.091,185,390,0,-1,0,0
397.003,593.558,3.824,4.091,185,385,0,-1,0,0
400.828,594.0,3.824,-4.091,185,380,0,-1,0,0
404.652,589.909,3.824,-4.091,185,375,0,-1,0,0
408.476,585.818,3.824,-4.091,185,370,0,-1,0,0
412.3,581.727,3.824,-4.091,185,365,0,-1,0,0
416.124,577.636,3.824,-4.091,185,360,0,-1,0,0
419.949,573.546,3.824,-4.091,185,355,0,-1,0,0
423.773,569.455,3.824,-4.091,185,350,0,-1,0,0
427.597,565.364,3.824,-4.091,185,345,0,-1,0,0
431.421,561.273,3.824,-4.091,185,340,0,-1,0,0
435.246,557.182,3.824,-4.091,185,335,0,-1,0,0
439.07,553.091,3.824,-4.091,185,330,0,-1,0,0
442.894,549.0,3.824,-4.091,185,325,0,-1,0,0
446.718,544.909,3.824,-4.091,185,320,0,-1,0,0
450.542,540.818,3.824,-4.091,185,315,0,-1,0,0
454.367,536.728,3.824,-4.091,185,310,0,-1,0,0
458.191,532.637,3.824,-4.091,185,305,0,-1,0,0
462.015,528.546,3.824,-4.091,185,300,0,-1,0,0
465.839,524.455,3.824,-4.091,185,295,0,-1,0,0
469.663,520.364,3.824,-4.091,185,290,0,-1,0,0
473.488,516.273,3.824,-4.091,185,285,0,-1,0,0
477.312,512.182,3.824,-4.091,185,280,0,-1,0,0
481.136,508.091,3.824,-4.091,185,275,0,-1,0,0
484.96,504.0,3.824,-4.091,185,270,0,-1,0,0
488.785,499.91,3.824,-4.091,185,265,0,-1,0,0
492.609,495.819,3.824,-4.091,185,260,0,-1,0,0
496.433,491.728,3.824,-4.091,185,255,0,-1,0,0
500.257,487.637,3.824,-4.091,185,250,0,-1,0,0
504.081,483.546,3.824,-4.091,185,245,0,-1,0,0
507.906,479.455,3.824,-4.091,185,240,0,-1,0,0
511.73,475.364,3.824,-4.091,185,235,0,-1,0,0
515.554,471.273,3.824,-4.091,185,230,0,-1,0,0
519.378,467.182,3.824,-4.091,185,230,0,0,0,0
523.202,463.091,3.824,-4.091,185,230,0,0,0,0
527.027,459.001,3.824,-4.091,185,230,0,0,0,0
530.851,454.91,3.824,-4.091,185,230,0,0,0,0
534.675,450.819,3.824,-4.091,185,230,0,0,0,0
538.499,446.728,3.824,-4.091,185,230,0,0,0,0
542.324,442.637,3.824,-4.091,185,230,0,0,0,0
546.148,438.546,3.824,-4.091,185,230,0,0,0,0
549.972,434.455,3.824,-4.091,185,230,0,0,0,0
553.796,430.364,3.824,-4.091,185,230,0,0,0,0
557.62,426.273,3.824,-4.091,185,230,0,0,0,0
561.445,422.183,3.824,-4.091,185,230,0,0,0,0
565.269,418.092,3.824,-4.091,185,230,0,0,0,0
569.093,414.001,3.824,-4.091,185,230,0,0,0,0
572.917,409.91,3.824,-4.091,185,230,0,0,0,0
576.741,405.819,3.824,-4.091,185,230,0,0,0,0
580.566,401.728,3.824,-4.091,185,230,0,0,0,0
584.39,397.637,3.824,-4.091,185,230,0,0,0,0
588.214,393.546,3.824,-4.091,185,230,0,0,0,0
592.038,389.455,3.824,-4.091,185,230,0,0,0,0
595.863,385.365,3.824,-4.091,185,230,0,0,0,0
599.687,381.274,3.824,-4.091,185,230,0,0,0,0
603.511,377.183,3.824,-4.091,185,230,0,0,0,0
607.335,373.092,3.824,-4.091,185,230,0,0,0,0
611.159,369.001,3.824,-4.091,185,230,0,0,0,0
614.984,364.91,3.824,-4.091,185,230,0,0,0,0
618.808,360.819,3.824,-4.091,185,230,0,0,0,0
622.632,356.728,3.824,-4.091,185,230,0,0,0,0
626.456,352.637,3.824,-4.091,185,230,0,0,0,0
630.28,348.547,3.824,-4.091,185,230,0,0,0,0
634.105,344.456,3.824,-4.091,185,230,0,0,0,0
637.929,340.365,3.824,-4.091,185,230,0,0,0,0
641.753,336.274,3.824,-4.091,185,230,0,0,0,0
645.577,332.183,3.824,-4.091,185,225,0,-1,0,0
649.402,328.092,3.824,-4.091,185,220,0,-1,0,0
653.226,324.001,3.824,-4.091,185,215,0,-1,0,0
657.05,319.91,3.824,-4.091,185,210,0,-1,0,0
660.874,315.819,3.824,-4.091,185,205,0,-1,0,0
664.698,311.729,3.824,-4.091,185,200,0,-1,0,0
668.523,307.638,3.824,-4.091,185,195,0,-1,0,0
672.347,303.547,3.824,-4.091,185,190,0,-1,0,0
676.171,299.456,3.824,-4.091,185,185,0,-1,0,0
679.995,295.365,3.824,-4.091,185,180,0,-1,0,0
683.819,291.274,3.824,-4.091,185,180,0,0,0,0
687.644,287.183,3.824,-4.091,185,180,0,0,0,0
691.468,283.092,3.824,-4.091,185,180,0,0,0,0
695.292,279.001,3.824,-4.091,185,180,0,0,0,0
699.116,274.91,3.824,-4.091,185,180,0,0,0,0
702.941,270.82,3.824,-4.091,185,180,0,0,0,0
706.765,266.729,3.824,-4.091,185,180,0,0,0,0
710.589,262.638,3.824,-4.091,185,180,0,0,0,0
714.413,258.547,3.824,-4.091,185,180,0,0,0,0
718.237,254.456,3.824,-4.091,185,180,0,0,0,0
722.062,250.365,3.824,-4.091,185,180,0,0,0,0
725.886,246.274,3.824,-4.091,185,180,0,0,0,0
729.71,242.183,3.824,-4.091,185,180,0,0,0,0
733.534,238.092,3.824,-4.091,185,180,0,0,0,0
737.358,234.002,3.824,-4.091,185,180,0,0,0,0
741.183,229.911,3.824,-4.091,185,180,0,0,0,0
745.007,225.82,3.824,-4.091,185,180,0,0,0,0
748.831,221.729,3.824,-4.091,185,180,0,0,0,0
752.655,217.638,3.824,-4.091,185,180,0,0,0,0
751.0,213.547,-5.816,-0.992,185,180,0,0,0,0
745.184,212.555,-5.816,-0.992,185,180,0,0,0,0
739.368,211.563,-5.816,-0.992,185,180,0,0,0,0
733.552,210.571,-5.816,-0.992,185,180,0,0,0,0
727.736,209.579,-5.816,-0.992,185,180,0,0,0,0
721.92,208.587,-5.816,-0.992,185,180,0,0,0,0
716.104,207.595,-5.816,-0.992,185,180,0,0,0,0
710.288,206.603,-5.816,-0.992,185,180,0,0,0,0
704.472,205.611,-5.816,-0.992,185,180,0,0,0,0
698.656,204.619,-5.816,-0.992,185,180,0,0,0,0
692.84,203.627,-5.816,-0.992,185,180,0,0,0,0
687.024,202.635,-5.816,-0.992,185,180,0,0,0,0
681.208,201.643,-5.816,-0.992,185,180,0,0,0,0
675.392,200.651,-5.816,-0.992,185,180,0,0,0,0
669.576,199.659,-5.816,-0.992,185,180,0,0,0,0
663.76,198.667,-5.816,-0.992,185,180,0,0,0,0
657.944,197.675,-5.816,-0.992,185,180,0,0,0,0
652.128,196.683,-5.816,-0.992,185,180,0,0,0,0
646.312,195.691,-5.816,-0.992,185,180,0,0,0,0
640.496,194.699,-5.816,-0.992,185,180,0,0,0,0
634.68,193.707,-5.816,-0.992,185,180,0,0,0,0
628.864,192.715,-5.816,-0.992,185,180,0,0,0,0
623.048,191.723,-5.816,-0.992,185,180,0,0,0,0
617.232,190.731,-5.816,-0.992,185,180,0,0,0,0
611.416,189.739,-5.816,-0.992,185,180,0,0,0,0
605.6,188.747,-5.816,-0.992,185,180,0,0,0,0
599.784,187.755,-5.816,-0.992,185,180,0,0,0,0
593.968,186.763,-5.816,-0.992,185,180,0,0,0,0
588.152,185.771,-5.816,-0.992,185,180,0,0,0,0
582.336,184.779,-5.816,-0.992,185,180,0,0,0,0
576.52,183.787,-5.816,-0.992,185,180,0,0,0,0
570.704,182.795,-5.816,-0.992,180,180,-1,0,0,0
564.888,181.803,-5.816,-0.992,175,180,-1,0,0,0
559.072,180.811,-5.816,-0.992,170,180,-1,0,0,0
553.256,179.819,-5.816,-0.992,165,180,-1,0,0,0
547.44,178.827,-5.816,-0.992,160,180,-1,0,0,0
541.624,177.836,-5.816,-0.992,155,180,-1,0,0,0
535.808,176.844,-5.816,-0.992,150,180,-1,0,0,0
529.992,175.852,-5.816,-0.992,145,180,-1,0,0,0
524.176,174.86,-5.816,-0.992,140,180,-1,0,0,0
518.36,173.868,-5.816,-0.992,135,180,-1,0,0,0
512.544,172.876,-5.816,-0.992,130,180,-1,0,0,0
506.728,171.884,-5.816,-0.992,125,180,-1,0,0,0
500.912,170.892,-5.816,-0.992,120,180,-1,0,0,0
495.096,169.9,-5.816,-0.992,115,180,-1,0,0,0
489.28,168.908,-5.816,-0.992,110,180,-1,0,0,0
483.464,167.916,-5.816,-0.992,105,180,-1,0,0,0
477.648,166.924,-5.816,-0.992,100,180,-1,0,0,0
471.832,165.932,-5.816,-0.992,100,180,0,0,0,0
466.016,164.94,-5.816,-0.992,100,180,0,0,0,0
460.2,163.948,-5.816,-0.992,100,180,0,0,0,0
454.384,162.956,-5.816,-0.992,100,180,0,0,0,0
448.568,161.964,-5.816,-0.992,100,180,0,0,0,0
442.752,160.972,-5.816,-0.992,100,180,0,0,0,0
436.936,159.98,-5.816,-0.992,100,180,0,0,0,0
431.12,158.988,-5.816,-0.992,100,180,0,0,0,0
425.304,157.996,-5.816,-0.992,100,180,0,0,0,0
419.488,157.004,-5.816,-0.992,100,180,0,0,0,0
413.671,156.012,-5.816,-0.992,100,180,0,0,0,0
407.855,155.02,-5.816,-0.992,100,180,0,0,0,0
402.039,154.028,-5.816,-0.992,100,180,0,0,0,0
396.223,153.036,-5.816,-0.992,100,180,0,0,0,0
390.407,152.044,-5.816,-0.992,100,180,0,0,0,0
384.591,151.052,-5.816,-0.992,100,180,0,0,0,0
378.775,150.06,-5.816,-0.992,100,180,0,0,0,0
372.959,149.068,-5.816,-0.992,100,180,0,0,0,0
367.143,148.076,-5.816,-0.992,100,180,0,0,0,0
361.327,147.084,-5.816,-0.992,100,180,0,0,0,0
355.511,146.092,-5.816,-0.992,100,180,0,0,0,0
349.695,145.1,-5.816,-0.992,100,180,0,0,0,0
343.879,144.108,-5.816,-0.992,100,180,0,0,0,0
338.063,143.116,-5.816,-0.992,100,180,0,0,0,0
332.247,142.124,-5.816,-0.992,100,180,0,0,0,0
326.431,141.132,-5.816,-0.992,100,180,0,0,0,0
320.615,140.14,-5.816,-0.992,100,180,0,0,0,0
314.799,139.148,-5.816,-0.992,100,180,0,0,0,0
308.983,138.156,-5.816,-0.992,100,180,0,0,0,0
303.167,137.164,-5.816,-0.992,100,180,0,0,0,0
297.351,136.172,-5.816,-0.992,100,180,0,0,0,0
291.535,135.18,-5.816,-0.992,100,180,0,0,0,0
285.719,134.188,-5.816,-0.992,100,180,0,0,0,0
279.903,133.196,-5.816,-0.992,100,180,0,0,0,0
274.087,132.204,-5.816,-0.992,100,180,0,0,0,0
268.271,131.212,-5.816,-0.992,95,180,-1,0,0,0
262.455,130.22,-5.816,-0.992,90,180,-1,0,0,0
256.639,129.228,-5.816,-0.992,85,180,-1,0,0,0
250.823,128.236,-5.816,-0.992,80,180,-1,0,0,0
245.007,127.244,-5.816,-0.992,75,180,-1,0,0,0
239.191,126.252,-5.816,-0.992,70,180,-1,0,0,0
233.375,125.26,-5.816,-0.992,65,180,-1,0,0,0
227.559,124.268,-5.816,-0.992,60,180,-1,0,0,0
221.743,123.276,-5.816,-0.992,55,180,-1,0,0,0
215.927,122.284,-5.816,-0.992,50,180,-1,0,0,0
210.111,121.292,-5.816,-0.992,45,180,-1,0,0,0
204.295,120.3,-5.816,-0.992,40,180,-1,0,0,0
198.479,119.308,-5.816,-0.992,35,180,-1,0,0,0
192.663,118.316,-5.816,-0.992,30,180,-1,0,0,0
186.847,117.324,-5.816,-0.992,25,180,-1,0,0,0
181.031,116.332,-5.816,-0.992,20,180,-1,0,0,0
175.215,115.34,-5.816,-0.992,20,180,0,0,0,0
169.399,114.348,-5.816,-0.992,20,180,0,0,0,0
163.583,113.356,-5.816,-0.992,20,180,0,0,0,0
157.767,112.364,-5.816,-0.992,20,180,0,0,0,0
151.951,111.372,-5.816,-0.992,20,180,0,0,0,0
146.135,110.38,-5.816,-0.992,20,180,0,0,0,0
140.319,109.388,-5.816,-0.992,20,180,0,0,0,0
134.503,108.396,-5.816,-0.992,20,180,0,0,0,0
128.687,107.404,-5.816,-0.992,20,180,0,0,0,0
122.871,106.412,-5.816,-0.992,20,180,0,0,0,0
117.055,105.42,-5.816,-0.992,20,180,0,0,0,0
111.239,104.428,-5.816,-0.992,20,180,0,0,0,0
105.423,103.436,-5.816,-0.992,20,180,0,0,0,0
99.607,102.444,-5.816,-0.992,20,180,0,0,0,0
93.791,101.452,-5.816,-0.992,25,180,1,0,0,0
87.975,100.46,-5.816,-0.992,30,180,1,0,0,0
82.159,99.468,-5.816,-0.992,35,180,1,0,0,0
76.343,98.476,-5.816,-0.992,40,180,1,0,0,0
70.527,97.484,-5.816,-0.992,45,180,1,0,0,0
64.711,96.492,-5.816,-0.992,50,180,1,0,0,0
58.895,95.5,-5.816,-0.992,55,180,1,0,0,0
53.079,94.508,-5.816,-0.992,60,180,1,0,0,0
49.0,93.516,5.922,-1.836,65,180,1,0,0,0
54.922,91.68,5.922,-1.836,70,180,1,0,0,0
60.844,89.844,5.922,-1.836,75,180,1,0,0,0
66.766,88.008,5.922,-1.836,80,180,1,0,0,0
72.688,86.172,5.922,-1.836,85,180,1,0,0,0
78.61,84.336,5.922,-1.836,90,180,1,0,0,0
84.531,82.5,5.922,-1.836,95,180,1,0,0,0
90.453,80.664,5.922,-1.836,100,180,1,0,0,0
96.375,78.828,5.922,-1.836,100,180,0,0,0,0
102.297,76.992,5.922,-1.836,100,180,0,0,0,0
108.219,75.156,5.922,-1.836,100,180,0,0,0,0
114.141,73.32,5.922,-1.836,100,180,0,0,0,0
120.063,71.484,5.922,-1.836,100,180,0,0,0,0
125.985,69.648,5.922,-1.836,100,180,0,0,0,0
131.907,67.812,5.922,-1.836,100,180,0,0,0,0
137.829,65.976,5.922,-1.836,100,180,0,0,0,0
143.751,64.14,5.922,-1.836,100,180,0,0,0,0
149.673,62.304,5.922,-1.836,100,180,0,0,0,0
155.594,60.468,5.922,-1.836,100,180,0,0,0,0
161.516,58.632,5.922,-1.836,100,180,0,0,0,0
167.438,56.796,5.922,-1.836,100,180,0,0,0,0
173.36,54.96,5.922,-1.836,100,180,0,0,0,0
179.282,53.124,5.922,-1.836,100,180,0,0,0,0
185.204,51.288,5.922,-1.836,100,180,0,0,0,0
191.126,49.452,5.922,-1.836,100,180,0,0,0,0
197.048,47.616,5.922,-1.836,100,180,0,0,0,0
202.97,45.78,5.922,-1.836,100,180,0,0,0,0
208.892,43.944,5.922,-1.836,100,180,0,0,0,0
214.814,42.108,5.922,-1.836,100,180,0,0,0,0
220.735,40.272,5.922,-1.836,100,180,0,0,0,0
226.657,38.436,5.922,-1.836,100,180,0,0,0,0
232.579,36.6,5.922,-1.836,100,180,0,0,0,0
238.501,34.764,5.922,-1.836,100,180,0,0,0,0
244.423,32.928,5.922,-1.836,100,175,0,-1,0,0
250.345,31.092,5.922,-1.836,100,170,0,-1,0,0
256.267,29.256,5.922,-1.836,100,165,0,-1,0,0
262.189,27.42,5.922,-1.836,100,160,0,-1,0,0
268.111,25.584,5.922,-1.836,100,155,0,-1,0,0
274.033,23.748,5.922,-1.836,100,150,0,-1,0,0
279.955,21.912,5.922,-1.836,100,145,0,-1,0,0
285.877,20.076,5.922,-1.836,100,140,0,-1,0,0
291.798,18.24,5.922,-1.836,100,135,0,-1,0,0
297.72,16.404,5.922,-1.836,100,130,0,-1,0,0
303.642,14.568,5.922,-1.836,100,125,0,-1,0,0
309.564,12.732,5.922,-1.836,100,120,0,-1,0,0
315.486,10.896,5.922,-1.836,100,115,0,-1,0,0
321.408,9.06,5.922,-1.836,100,110,0,-1,0,0
327.33,7.224,5.922,-1.836,100,105,0,-1,0,0
333.252,6.0,5.922,1.836,100,100,0,-1,0,0
339.174,7.836,5.922,1.836,100,95,0,-1,0,0
345.096,9.672,5.922,1.836,100,90,0,-1,0,0
351.018,11.508,5.922,1.836,100,85,0,-1,0,0
356.94,13.344,5.922,1.836,100,80,0,-1,0,0
362.861,15.18,5.922,1.836,100,75,0,-1,0,0
368.783,17.016,5.922,1.836,100,70,0,-1,0,0
374.705,18.852,5.922,1.836,100,65,0,-1,0,0
380.627,20.688,5.922,1.836,100,60,0,-1,0,0
386.549,22.524,5.922,1.836,100,55,0,-1,0,0
392.471,24.36,5.922,1.836,100,50,0,-1,0,0
398.393,26.196,5.922,1.836,100,45,0,-1,0,0
404.315,28.032,5.922,1.836,100,40,0,-1,0,0
410.237,29.868,5.922,1.836,100,35,0,-1,0,0
416.159,31.704,5.922,1.836,100,30,0,-1,0,0
422.081,33.54,5.922,1.836,100,25,0,-1,0,0
428.002,35.376,5.922,1.836,100,20,0,-1,0,0
433.924,37.212,5.922,1.836,100,20,0,0,0,0
439.846,39.048,5.922,1.836,100,20,0,0,0,0
445.768,40.884,5.922,1.836,100,20,0,0,0,0
451.69,42.72,5.922,1.836,100,20,0,0,0,0
457.612,44.556,5.922,1.836,100,20,0,0,0,0
463.534,46.392,5.922,1.836,100,20,0,0,0,0
469.456,48.228,5.922,1.836,100,20,0,0,0,0
475.378,50.064,5.922,1.836,100,20,0,0,0,0
481.3,51.9,5.922,1.836,100,20,0,0,0,0
487.222,53.736,5.922,1.836,100,20,0,0,0,0
493.144,55.572,5.922,1.836,100,20,0,0,0,0
499.065,57.408,5.922,1.836,100,20,0,0,0,0
504.987,59.244,5.922,1.836,100,20,0,0,0,0
510.909,61.08,5.922,1.836,100,20,0,0,0,0
516.831,62.916,5.922,1.836,100,20,0,0,0,0
522.753,64.752,5.922,1.836,100,20,0,0,0,0
528.675,66.588,5.922,1.836,100,20,0,0,0,0
534.597,68.424,5.922,1.836,100,20,0,0,0,0
540.519,70.26,5.922,1.836,95,20,-1,0,0,0
546.441,72.096,5.922,1.836,90,20,-1,0,0,0
552.363,73.932,5.922,1.836,85,20,-1,0,0,0
558.285,75.768,5.922,1.836,80,20,-1,0,0,0
564.206,77.604,5.922,1.836,75,20,-1,0,0,0
570.128,79.44,5.922,1.836,70,20,-1,0,0,0
576.05,81.276,5.922,1.836,65,20,-1,0,0,0
581.972,83.112,5.922,1.836,60,20,-1,0,0,0
587.894,84.948,5.922,1.836,55,20,-1,0,0,0
593.816,86.784,5.922,1.836,50,20,-1,0,0,0
599.738,88.621,5.922,1.836,45,20,-1,0,0,0
605.66,90.457,5.922,1.836,40,20,-1,0,0,0
611.582,92.293,5.922,1.836,35,20,-1,0,0,0
617.504,94.129,5.922,1.836,35,20,0,0,0,0
623.426,95.965,5.922,1.836,35,20,0,0,0,0
629.348,97.801,5.922,1.836,35,20,0,0,0,0
635.269,99.637,5.922,1.836,35,20,0,0,0,0
641.191,101.473,5.922,1.836,35,20,0,0,0,0
647.113,103.309,5.922,1.836,35,20,0,0,0,0
653.035,105.145,5.922,1.836,35,20,0,0,0,0
658.957,106.981,5.922,1.836,35,20,0,0,0,0
664.879,108.817,5.922,1.836,35,20,0,0,0,0
670.801,110.653,5.922,1.836,35,20,0,0,0,0
676.723,112.489,5.922,1.836,35,20,0,0,0,0
682.645,114.325,5.922,1.836,35,20,0,0,0,0
688.567,116.161,5.922,1.836,35,20,0,0,0,0
694.489,117.997,5.922,1.836,35,20,0,0,0,0
700.411,119.833,5.922,1.836,35,20,0,0,0,0
706.332,121.669,5.922,1.836,35,20,0,0,0,0
712.254,123.505,5.922,1.836,40,25,1,1,0,0
718.176,125.341,5.922,1.836,45,30,1,1,0,0
724.098,127.177,5.922,1.836,50,35,1,1,0,0
730.02,129.013,5.922,1.836,55,40,1,1,0,0
735.942,130.849,5.922,1.836,60,45,1,1,0,0
741.864,132.685,5.922,1.836,65,50,1,1,0,0
747.786,134.521,5.922,1.836,70,55,1,1,0,0
751.0,136.357,-3.771,5.294,75,60,1,1,0,0
747.229,141.651,-3.771,5.294,80,65,1,1,0,0
743.457,146.945,-3.771,5.294,85,70,1,1,0,0
739.686,152.239,-3.771,5.294,90,75,1,1,0,0
735.915,157.533,-3.771,5.294,95,80,1,1,0,0
732.143,162.827,-3.771,5.294,100,85,1,1,0,0
728.372,168.121,-3.771,5.294,105,90,1,1,0,0
724.601,173.415,-3.771,5.294,110,95,1,1,0,0
720.829,178.709,-3.771,5.294,115,100,1,1,0,0
717.058,184.003,-3.771,5.294,120,105,1,1,0,0
713.287,189.297,-3.771,5.294,125,110,1,1,0,0
709.515,194.592,-3.771,5.294,125,115,0,1,0,0
705.744,199.886,-3.771,5.294,125,120,0,1,0,0
701.973,205.18,-3.771,5.294,125,125,0,1,0,0
698.202,210.474,-3.771,5.294,125,130,0,1,0,0
694.43,215.768,-3.771,5.294,125,135,0,1,0,0
690.659,221.062,-3.771,5.294,125,140,0,1,0,0
686.888,226.356,-3.771,5.294,125,145,0,1,0,0
683.116,231.65,-3.771,5.294,125,150,0,1,0,0
679.345,236.944,-3.771,5.294,125,155,0,1,0,0
675.574,242.238,-3.771,5.294,125,160,0,1,0,0
671.802,247.532,-3.771,5.294,125,165,0,1,0,0
668.031,252.826,-3.771,5.294,125,170,0,1,0,0
664.26,258.12,-3.771,5.294,125,175,0,1,0,0
660.488,263.414,-3.771,5.294,125,180,0,1,0,0
656.717,268.708,-3.771,5.294,125,185,0,1,0,0
652.946,274.003,-3.771,5.294,125,190,0,1,0,0
649.174,279.297,-3.771,5.294,130,195,1,1,0,0
645.403,284.591,-3.771,5.294,135,200,1,1,0,0
641.632,289.885,-3.771,5.294,140,205,1,1,0,0
637.86,295.179,-3.771,5.294,145,210,1,1,0,0
634.089,300.473,-3.771,5.294,150,215,1,1,0,0
630.318,305.767,-3.771,5.294,155,220,1,1,0,0
626.546,311.061,-3.771,5.294,160,225,1,1,0,0
622.775,316.355,-3.771,5.294,165,230,1,1,0,0
619.004,321.649,-3.771,5.294,170,235,1,1,0,0
615.233,326.943,-3.771,5.294,175,240,1,1,0,0
611.461,332.237,-3.771,5.294,180,245,1,1,0,0
607.69,337.531,-3.771,5.294,185,250,1,1,0,0
603.919,342.825,-3.771,5.294,190,255,1,1,0,0
600.147,348.12,-3.771,5.294,195,260,1,1,0,0
596.376,353.414,-3.771,5.294,200,265,1,1,0,0
592.605,358.708,-3.771,5.294,205,270,1,1,0,0
588.833,364.002,-3.771,5.294,210,275,1,1,0,0
585.062,369.296,-3.771,5.294,215,280,1,1,0,0
581.291,374.59,-3.771,5.294,220,285,1,1,0,0
577.519,379.884,-3.771,5.294,225,290,1,1,0,0
573.748,385.178,-3.771,5.294,230,295,1,1,0,0
569.977,390.472,-3.771,5.294,235,300,1,1,0,0
566.205,395.766,-3.771,5.294,240,305,1,1,0,0
562.434,401.06,-3.771,5.294,245,310,1,1,0,0
558.663,406.354,-3.771,5.294,250,315,1,1,0,0
554.891,411.648,-3.771,5.294,255,320,1,1,0,0
551.12,416.942,-3.771,5.294,260,325,1,1,0,0
547.349,422.236,-3.771,5.294,260,330,0,1,0,0
543.577,427.531,-3.771,5.294,260,335,0,1,0,0
539.806,432.825,-3.771,5.294,260,340,0,1,0,0
536.035,438.119,-3.771,5.294,260,345,0,1,0,0
532.264,443.413,-3.771,5.294,260,350,0,1,0,0
528.492,448.707,-3.771,5.294,260,355,0,1,0,0
524.721,454.001,-3.771,5.294,260,360,0,1,0,0
520.95,459.295,-3.771,5.294,260,365,0,1,0,0
517.178,464.589,-3.771,5.294,260,370,0,1,0,0
513.407,469.883,-3.771,5.294,260,375,0,1,0,0
509.636,475.177,-3.771,5.294,260,380,0,1,0,0
505.864,480.471,-3.771,5.294,260,385,0,1,0,0
502.093,485.765,-3.771,5.294,260,390,0,1,0,0
498.322,491.059,-3.771,5.294,260,390,0,0,0,0
494.55,496.353,-3.771,5.294,260,390,0,0,0,0
490.779,501.647,-3.771,5.294,260,390,0,0,0,0
487.008,506.942,-3.771,5.294,260,390,0,0,0,0
483.236,512.236,-3.771,5.294,260,390,0,0,0,0
479.465,517.53,-3.771,5.294,260,390,0,0,0,0
475.694,522.824,-3.771,5.294,260,390,0,0,0,0
471.922,528.118,-3.771,5.294,260,390,0,0,0,0
468.151,533.412,-3.771,5.294,260,390,0,0,0,0
464.38,538.706,-3.771,5.294,260,390,0,0,0,0
460.608,544.0,-3.771,5.294,260,390,0,0,0,0
456.837,549.294,-3.771,5.294,260,385,0,-1,0,0
453.066,554.588,-3.771,5.294,260,380,0,-1,0,0
449.295,559.882,-3.771,5.294,260,375,0,-1,0,0
445.523,565.176,-3.771,5.294,260,370,0,-1,0,0
441.752,570.47,-3.771,5.294,260,365,0,-1,0,0
437.981,575.764,-3.771,5.294,260,360,0,-1,0,0
434.209,581.059,-3.771,5.294,260,355,0,-1,0,0
430.438,586.353,-3.771,5.294,260,350,0,-1,0,0
426.667,591.647,-3.771,5.294,260,345,0,-1,0,0
422.895,594.0,-3.771,-5.294,260,340,0,-1,0,0
419.124,588.706,-3.771,-5.294,260,335,0,-1,0,0
415.353,583.412,-3.771,-5.294,260,330,0,-1,0,0
411.581,578.118,-3.771,-5.294,265,325,1,-1,0,0
407.81,572.824,-3.771,-5.294,270,320,1,-1,0,0
404.039,567.53,-3.771,-5.294,275,315,1,-1,0,0
400.267,562.236,-3.771,-5.294,280,310,1,-1,0,0
396.496,556.942,-3.771,-5.294,285,305,1,-1,0,0
392.725,551.647,-3.771,-5.294,290,300,1,-1,0,0
388.953,546.353,-3.771,-5.294,295,295,1,-1,0,0
385.182,541.059,-3.771,-5.294,300,290,1,-1,0,0
381.411,535.765,-3.771,-5.294,305,285,1,-1,0,0
377.639,530.471,-3.771,-5.294,310,280,1,-1,0,0
373.868,525.177,-3.771,-5.294,315,275,1,-1,0,0
370.097,519.883,-3.771,-5.294,320,270,1,-1,0,0
366.326,514.589,-3.771,-5.294,325,265,1,-1,0,0
362.554,509.295,-3.771,-5.294,330,260,1,-1,0,0
358.783,504.001,-3.771,-5.294,335,255,1,-1,0,0
355.012,498.707,-3.771,-5.294,340,250,1,-1,0,0
351.24,493.413,-3.771,-5.294,345,245,1,-1,0,0
347.469,488.119,-3.771,-5.294,350,240,1,-1,0,0
343.698,482.825,-3.771,-5.294,355,235,1,-1,0,0
339.926,477.531,-3.771,-5.294,360,230,1,-1,0,0
336.155,472.236,-3.771,-5.294,365,230,1,0,0,0
332.384,466.942,-3.771,-5.294,370,230,1,0,0,0
328.612,461.648,-3.771,-5.294,375,230,1,0,0,0
324.841,456.354,-3.771,-5.294,380,230,1,0,0,0
321.07,451.06,-3.771,-5.294,380,230,0,0,0,0
317.298,445.766,-3.771,-5.294,380,230,0,0,0,0
313.527,440.472,-3.771,-5.294,380,230,0,0,0,0
309.756,435.178,-3.771,-5.294,380,230,0,0,0,0
305.984,429.884,-3.771,-5.294,380,230,0,0,0,0
302.213,424.59,-3.771,-5.294,380,230,0,0,0,0
298.442,419.296,-3.771,-5.294,380,230,0,0,0,0
294.67,414.002,-3.771,-5.294,375,230,-1,0,0,0
290.899,408.708,-3.771,-5.294,370,230,-1,0,0,0
287.128,403.414,-3.771,-5.294,365,230,-1,0,0,0
283.357,398.119,-3.771,-5.294,360,230,-1,0,0,0
279.585,392.825,-3.771,-5.294,355,230,-1,0,0,0
275.814,387.531,-3.771,-5.294,350,230,-1,0,0,0
272.043,382.237,-3.771,-5.294,345,230,-1,0,0,0
268.271,376.943,-3.771,-5.294,340,230,-1,0,0,0
264.5,371.649,-3.771,-5.294,335,230,-1,0,0,0
260.729,366.355,-3.771,-5.294,330,230,-1,0,0,0
256.957,361.061,-3.771,-5.294,325,230,-1,0,0,0
253.186,355.767,-3.771,-5.294,320,230,-1,0,0,0
249.415,350.473,-3.771,-5.294,315,230,-1,0,0,0
245.643,345.179,-3.771,-5.294,315,230,0,0,0,0
241.872,339.885,-3.771,-5.294,315,230,0,0,0,0
238.101,334.591,-3.771,-5.294,315,230,0,0,0,0
234.329,329.297,-3.771,-5.294,315,230,0,0,0,0
230.558,324.003,-3.771,-5.294,315,230,0,0,0,0
226.787,318.708,-3.771,-5.294,315,230,0,0,0,0
223.015,313.414,-3.771,-5.294,310,230,-1,0,0,0
219.244,308.12,-3.771,-5.294,305,230,-1,0,0,0
215.473,302.826,-3.771,-5.294,300,230,-1,0,0,0
211.701,297.532,-3.771,-5.294,295,230,-1,0,0,0
207.93,292.238,-3.771,-5.294,290,230,-1,0,0,0
204.159,286.944,-3.771,-5.294,285,230,-1,0,0,0
200.388,281.65,-3.771,-5.294,280,230,-1,0,0,0
196.616,276.356,-3.771,-5.294,280,230,0,0,0,0
192.845,271.062,-3.771,-5.294,280,230,0,0,0,0
189.074,265.768,-3.771,-5.294,280,230,0,0,0,0
185.302,260.474,-3.771,-5.294,280,230,0,0,0,0
181.531,255.18,-3.771,-5.294,280,230,0,0,0,0
177.76,249.886,-3.771,-5.294,275,230,-1,0,0,0
173.988,244.592,-3.771,-5.294,270,230,-1,0,0,0
170.217,239.297,-3.771,-5.294,265,230,-1,0,0,0
166.446,234.003,-3.771,-5.294,260,230,-1,0,0,0
162.674,228.709,-3.771,-5.294,255,230,-1,0,0,0
158.903,223.415,-3.771,-5.294,250,230,-1,0,0,0
155.132,218.121,-3.771,-5.294,245,230,-1,0,0,0
151.36,212.827,-3.771,-5.294,240,230,-1,0,0,0
147.589,207.533,-3.771,-5.294,235,230,-1,0,0,0
143.818,202.239,-3.771,-5.294,230,230,-1,0,0,0
140.046,196.945,-3.771,-5.294,225,230,-1,0,0,0
136.275,191.651,-3.771,-5.294,220,230,-1,0,0,0
132.504,186.357,-3.771,-5.294,215,230,-1,0,0,0
128.732,181.063,-3.771,-5.294,210,230,-1,0,0,0
124.961,175.769,-3.771,-5.294,205,230,-1,0,0,0
121.19,170.475,-3.771,-5.294,200,230,-1,0,0,0
117.419,165.18,-3.771,-5.294,195,230,-1,0,0,0
113.647,159.886,-3.771,-5.294,190,230,-1,0,0,0
109.876,154.592,-3.771,-5.294,185,230,-1,0,0,0
106.105,149.298,-3.771,-5.294,180,230,-1,0,0,0
102.333,144.004,-3.771,-5.294,175,230,-1,0,0,0
98.562,138.71,-3.771,-5.294,170,230,-1,0,0,0
94.791,133.416,-3.771,-5.294,165,230,-1,0,0,0
91.019,128.122,-3.771,-5.294,160,230,-1,0,0,0
87.248,122.828,-3.771,-5.294,155,230,-1,0,0,0
83.477,117.534,-3.771,-5.294,150,230,-1,0,0,0
79.705,112.24,-3.771,-5.294,145,230,-1,0,0,0
75.934,106.946,-3.771,-5.294,140,230,-1,0,0,0
72.163,101.652,-3.771,-5.294,135,230,-1,0,0,0
68.391,96.358,-3.771,-5.294,130,230,-1,0,0,0
64.62,91.064,-3.771,-5.294,125,230,-1,0,0,0
60.849,85.769,-3.771,-5.294,120,230,-1,0,0,0
57.077,80.475,-3.771,-5.294,115,230,-1,0,0,0
53.306,75.181,-3.771,-5.294,110,230,-1,0,0,0
49.535,69.887,-3.771,-5.294,105,230,-1,0,0,0
45.763,64.593,-3.771,-5.294,100,230,-1,0,0,0
41.992,59.299,-3.771,-5.294,95,230,-1,0,0,0
38.221,54.005,-3.771,-5.294,90,230,-1,0,0,0
34.45,48.711,-3.771,-5.294,85,230,-1,0,0,0
30.678,43.417,-3.771,-5.294,80,230,-1,0,0,0
26.907,38.123,-3.771,-5.294,75,230,-1,0,0,0
23.136,32.829,-3.771,-5.294,70,230,-1,0,0,0
19.364,27.535,-3.771,-5.294,65,230,-1,0,0,0
15.593,22.241,-3.771,-5.294,60,230,-1,0,0,0
11.822,16.947,-3.771,-5.294,55,230,-1,0,0,0
8.05,11.653,-3.771,-5.294,50,230,-1,0,0,0
4.279,6.358,-3.771,-5.294,45,230,-1,0,0,0
0.508,6.0,-3.771,5.294,40,230,-1,0,0,0
-3.264,11.294,-3.771,5.294,35,230,-1,0,0,0
400.0,300.0,4.301,-2.549,30,230,-1,0,0,1
404.853,298.797,4.853,-1.203,30,230,0,0,0,0
409.706,297.593,4.853,-1.203,30,230,0,0,0,0
414.559,296.39,4.853,-1.203,30,230,0,0,0,0
419.412,295.186,4.853,-1.203,30,230,0,0,0,0
424.265,293.983,4.853,-1.203,30,230,0,0,0,0
429.118,292.779,4.853,-1.203,30,230,0,0,0,0
433.971,291.576,4.853,-1.203,30,230,0,0,0,0
438.824,290.373,4.853,-1.203,30,230,0,0,0,0
443.677,289.169,4.853,-1.203,30,230,0,0,0,0
448.53,287.966,4.853,-1.203,30,230,0,0,0,0
453.383,286.762,4.853,-1.203,30,230,0,0,0,0
458.236,285.559,4.853,-1.203,30,230,0,0,0,0
463.089,284.355,4.853,-1.203,30,230,0,0,0,0
467.942,283.152,4.853,-1.203,30,230,0,0,0,0
472.795,281.949,4.853,-1.203,30,230,0,0,0,0
477.648,280.745,4.853,-1.203,30,230,0,0,0,0
482.501,279.542,4.853,-1.203,30,230,0,0,0,0
487.354,278.338,4.853,-1.203,30,230,0,0,0,0
492.207,277.135,4.853,-1.203,30,230,0,0,0,0
497.06,275.931,4.853,-1.203,30,230,0,0,0,0
501.913,274.728,4.853,-1.203,30,230,0,0,0,0
506.766,273.525,4.853,-1.203,30,230,0,0,0,0
511.619,272.321,4.853,-1.203,30,230,0,0,0,0
516.472,271.118,4.853,-1.203,30,230,0,0,0,0
521.325,269.914,4.853,-1.203,30,230,0,0,0,0
526.178,268.711,4.853,-1.203,30,230,0,0,0,0
531.031,267.507,4.853,-1.203,30,230,0,0,0,0
535.884,266.304,4.853,-1.203,30,230,0,0,0,0
540.737,265.101,4.853,-1.203,30,230,0,0,0,0
545.59,263.897,4.853,-1.203,30,230,0,0,0,0
550.443,262.694,4.853,-1.203,30,230,0,0,0,0
555.297,261.49,4.853,-1.203,30,230,0,0,0,0
560.15,260.287,4.853,-1.203,30,230,0,0,0,0
565.003,259.083,4.853,-1.203,30,230,0,0,0,0
569.856,257.88,4.853,-1.203,30,230,0,0,0,0
574.709,256.677,4.853,-1.203,30,230,0,0,0,0
579.562,255.473,4.853,-1.203,30,225,0,-1,0,0
584.415,254.27,4.853,-1.203,30,220,0,-1,0,0
589.268,253.066,4.853,-1.203,30,215,0,-1,0,0
594.121,251.863,4.853,-1.203,30,210,0,-1,0,0
598.974,250.659,4.853,-1.203,30,205,0,-1,0,0
603.827,249.456,4.853,-1.203,30,200,0,-1,0,0
608.68,248.253,4.853,-1.203,30,200,0,0,0,0
613.533,247.049,4.853,-1.203,30,200,0,0,0,0
618.386,245.846,4.853,-1.203,30,200,0,0,0,0
623.239,244.642,4.853,-1.203,30,200,0,0,0,0
628.092,243.439,4.853,-1.203,30,200,0,0,0,0
632.945,242.235,4.853,-1.203,30,200,0,0,0,0
637.798,241.032,4.853,-1.203,30,200,0,0,0,0
642.651,239.829,4.853,-1.203,30,200,0,0,0,0
647.504,238.625,4.853,-1.203,30,200,0,0,0,0
652.357,237.422,4.853,-1.203,30,200,0,0,0,0
657.21,236.218,4.853,-1.203,30,200,0,0,0,0
662.063,235.015,4.853,-1.203,30,200,0,0,0,0
666.916,233.811,4.853,-1.203,30,200,0,0,0,0
671.769,232.608,4.853,-1.203,30,195,0,-1,0,0
676.622,231.405,4.853,-1.203,30,190,0,-1,0,0
681.475,230.201,4.853,-1.203,30,185,0,-1,0,0
686.328,228.998,4.853,-1.203,30,180,0,-1,0,0
691.181,227.794,4.853,-1.203,30,175,0,-1,0,0
696.034,226.591,4.853,-1.203,30,170,0,-1,0,0
700.887,225.387,4.853,-1.203,30,165,0,-1,0,0
705.74,224.184,4.853,-1.203,30,160,0,-1,0,0
710.593,222.981,4.853,-1.203,30,160,0,0,0,0
715.446,221.777,4.853,-1.203,30,160,0,0,0,0
720.299,220.574,4.853,-1.203,30,160,0,0,0,0
725.152,219.37,4.853,-1.203,30,160,0,0,0,0
730.005,218.167,4.853,-1.203,30,160,0,0,0,0
734.858,216.963,4.853,-1.203,30,160,0,0,0,0
739.711,215.76,4.853,-1.203,30,160,0,0,0,0
744.564,214.557,4.853,-1.203,30,160,0,0,0,0
749.417,213.353,4.853,-1.203,30,160,0,0,0,0
751.0,212.15,-5.034,1.658,30,160,0,0,0,0
745.966,213.807,-5.034,1.658,35,160,1,0,0,0
740.932,215.465,-5.034,1.658,40,160,1,0,0,0
735.898,217.122,-5.034,1.658,45,160,1,0,0,0
730.863,218.78,-5.034,1.658,50,160,1,0,0,0
725.829,220.438,-5.034,1.658,55,160,1,0,0,0
720.795,222.095,-5.034,1.658,60,160,1,0,0,0
715.761,223.753,-5.034,1.658,65,160,1,0,0,0
710.727,225.41,-5.034,1.658,70,160,1,0,0,0
705.693,227.068,-5.034,1.658,75,160,1,0,0,0
700.659,228.725,-5.034,1.658,80,160,1,0,0,0
695.624,230.383,-5.034,1.658,85,160,1,0,0,0
690.59,232.04,-5.034,1.658,85,160,0,0,0,0
685.556,233.698,-5.034,1.658,85,160,0,0,0,0
680.522,235.355,-5.034,1.658,85,160,0,0,0,0
675.488,237.013,-5.034,1.658,85,160,0,0,0,0
670.454,238.67,-5.034,1.658,85,160,0,0,0,0
665.42,240.328,-5.034,1.658,85,165,0,1,0,0
660.386,241.986,-5.034,1.658,85,170,0,1,0,0
655.351,243.643,-5.034,1.658,85,175,0,1,0,0
650.317,245.301,-5.034,1.658,85,180,0,1,0,0
645.283,246.958,-5.034,1.658,85,185,0,1,0,0
640.249,248.616,-5.034,1.658,85,190,0,1,0,0
635.215,250.273,-5.034,1.658,85,195,0,1,0,0
630.181,251.931,-5.034,1.658,85,200,0,1,0,0
625.147,253.588,-5.034,1.658,85,205,0,1,0,0
620.112,255.246,-5.034,1.658,85,210,0,1,0,0
615.078,256.903,-5.034,1.658,85,215,0,1,0,0
610.044,258.561,-5.034,1.658,85,215,0,0,0,0
605.01,260.219,-5.034,1.658,85,215,0,0,0,0
599.976,261.876,-5.034,1.658,85,215,0,0,0,0
594.942,263.534,-5.034,1.658,85,215,0,0,0,0
589.908,265.191,-5.034,1.658,85,215,0,0,0,0
584.873,266.849,-5.034,1.658,85,215,0,0,0,0
579.839,268.506,-5.034,1.658,85,215,0,0,0,0
574.805,270.164,-5.034,1.658,90,215,1,0,0,0
569.771,271.821,-5.034,1.658,95,215,1,0,0,0
564.737,273.479,-5.034,1.658,100,215,1,0,0,0
559.703,275.136,-5.034,1.658,105,215,1,0,0,0
554.669,276.794,-5.034,1.658,110,215,1,0,0,0
549.634,278.452,-5.034,1.658,115,215,1,0,0,0
544.6,280.109,-5.034,1.658,120,215,1,0,0,0
539.566,281.767,-5.034,1.658,125,220,1,1,0,0
534.532,283.424,-5.034,1.658,130,225,1,1,0,0
529.498,285.082,-5.034,1.658,135,230,1,1,0,0
524.464,286.739,-5.034,1.658,140,235,1,1,0,0
519.43,288.397,-5.034,1.658,145,240,1,1,0,0
514.395,290.054,-5.034,1.658,150,245,1,1,0,0
509.361,291.712,-5.034,1.658,155,245,1,0,0,0
504.327,293.369,-5.034,1.658,160,245,1,0,0,0
499.293,295.027,-5.034,1.658,165,245,1,0,0,0
494.259,296.685,-5.034,1.658,170,245,1,0,0,0
489.225,298.342,-5.034,1.658,175,245,1,0,0,0
484.191,300.0,-5.034,1.658,180,245,1,0,0,0
479.157,301.657,-5.034,1.658,185,245,1,0,0,0
474.122,303.315,-5.034,1.658,190,245,1,0,0,0
469.088,304.972,-5.034,1.658,195,245,1,0,0,0
464.054,306.63,-5.034,1.658,200,245,1,0,0,0
459.02,308.287,-5.034,1.658,205,245,1,0,0,0
453.986,309.945,-5.034,1.658,210,245,1,0,0,0
448.952,311.602,-5.034,1.658,215,245,1,0,0,0
443.918,313.26,-5.034,1.658,220,245,1,0,0,0
438.883,314.917,-5.034,1.658,225,245,1,0,0,0
433.849,316.575,-5.034,1.658,230,245,1,0,0,0
428.815,318.233,-5.034,1.658,235,245,1,0,0,0
423.781,319.89,-5.034,1.658,240,245,1,0,0,0
418.747,321.548,-5.034,1.658,245,245,1,0,0,0
413.713,323.205,-5.034,1.658,250,245,1,0,0,0
408.679,324.863,-5.034,1.658,255,245,1,0,0,0
403.644,326.52,-5.034,1.658,255,245,0,0,0,0
398.61,328.178,-5.034,1.658,255,245,0,0,0,0
393.576,329.835,-5.034,1.658,255,245,0,0,0,0
388.542,331.493,-5.034,1.658,255,245,0,0,0,0
383.508,333.15,-5.034,1.658,255,245,0,0,0,0
378.474,334.808,-5.034,1.658,255,245,0,0,0,0
373.44,336.466,-5.034,1.658,255,245,0,0,0,0
368.405,338.123,-5.034,1.658,255,245,0,0,0,0
363.371,339.781,-5.034,1.658,255,245,0,0,0,0
358.337,341.438,-5.034,1.658,260,245,1,0,0,0
353.303,343.096,-5.034,1.658,265,245,1,0,0,0
348.269,344.753,-5.034,1.658,270,245,1,0,0,0
343.235,346.411,-5.034,1.658,275,245,1,0,0,0
338.201,348.068,-5.034,1.658,280,245,1,0,0,0
333.167,349.726,-5.034,1.658,285,245,1,0,0,0
328.132,351.383,-5.034,1.658,290,245,1,0,0,0
323.098,353.041,-5.034,1.658,295,245,1,0,0,0
318.064,354.699,-5.034,1.658,300,245,1,0,0,0
313.03,356.356,-5.034,1.658,305,245,1,0,0,0
307.996,358.014,-5.034,1.658,310,245,1,0,0,0
302.962,359.671,-5.034,1.658,310,245,0,0,0,0
297.928,361.329,-5.034,1.658,310,245,0,0,0,0
292.893,362.986,-5.034,1.658,310,245,0,0,0,0
287.859,364.644,-5.034,1.658,310,245,0,0,0,0
282.825,366.301,-5.034,1.658,315,245,1,0,0,0
277.791,367.959,-5.034,1.658,320,250,1,1,0,0
272.757,369.616,-5.034,1.658,325,255,1,1,0,0
267.723,371.274,-5.034,1.658,330,260,1,1,0,0
262.689,372.931,-5.034,1.658,335,265,1,1,0,0
257.654,374.589,-5.034,1.658,340,270,1,1,0,0
252.62,376.247,-5.034,1.658,345,275,1,1,0,0
247.586,377.904,-5.034,1.658,350,280,1,1,0,0
242.552,379.562,-5.034,1.658,355,285,1,1,0,0
237.518,381.219,-5.034,1.658,355,290,0,1,0,0
232.484,382.877,-5.034,1.658,355,295,0,1,0,0
227.45,384.534,-5.034,1.658,355,300,0,1,0,0
222.415,386.192,-5.034,1.658,355,300,0,0,0,0
217.381,387.849,-5.034,1.658,355,300,0,0,0,0
212.347,389.507,-5.034,1.658,355,300,0,0,0,0
207.313,391.164,-5.034,1.658,355,300,0,0,0,0
202.279,392.822,-5.034,1.658,355,300,0,0,0,0
197.245,394.48,-5.034,1.658,355,300,0,0,0,0
192.211,396.137,-5.034,1.658,355,300,0,0,0,0
187.176,397.795,-5.034,1.658,355,300,0,0,0,0
182.142,399.452,-5.034,1.658,355,300,0,0,0,0
177.108,401.11,-5.034,1.658,355,305,0,1,0,0
172.074,402.767,-5.034,1.658,355,310,0,1,0,0
167.04,404.425,-5.034,1.658,355,315,0,1,0,0
162.006,406.082,-5.034,1.658,355,320,0,1,0,0
156.972,407.74,-5.034,1.658,355,325,0,1,0,0
151.938,409.397,-5.034,1.658,355,330,0,1,0,0
146.903,411.055,-5.034,1.658,355,335,0,1,0,0
141.869,412.713,-5.034,1.658,355,340,0,1,0,0
136.835,414.37,-5.034,1.658,355,345,0,1,0,0
131.801,416.028,-5.034,1.658,355,350,0,1,0,0
126.767,417.685,-5.034,1.658,355,350,0,0,0,0
121.733,419.343,-5.034,1.658,355,350,0,0,0,0
116.699,421.0,-5.034,1.658,355,350,0,0,0,0
111.664,422.658,-5.034,1.658,355,350,0,0,0,0
106.63,424.315,-5.034,1.658,355,350,0,0,0,0
101.596,425.973,-5.034,1.658,355,350,0,0,0,0
96.562,427.63,-5.034,1.658,355,350,0,0,0,0
91.528,429.288,-5.034,1.658,355,350,0,0,0,0
86.494,430.946,-5.034,1.658,355,350,0,0,0,0
81.46,432.603,-5.034,1.658,360,350,1,0,0,0
76.425,434.261,-5.034,1.658,365,350,1,0,0,0
71.391,435.918,-5.034,1.658,370,350,1,0,0,0
66.357,437.576,-5.034,1.658,375,350,1,0,0,0
61.323,439.233,-5.034,1.658,380,355,1,1,0,0
56.289,440.891,-5.034,1.658,385,360,1,1,0,0
51.255,442.548,-5.034,1.658,390,365,1,1,0,0
49.0,444.206,5.438,1.337,395,370,1,1,0,0
54.438,445.542,5.438,1.337,400,375,1,1,0,0
59.876,446.879,5.438,1.337,405,380,1,1,0,0
65.314,448.216,5.438,1.337,410,385,1,1,0,0
70.753,449.552,5.438,1.337,415,390,1,1,0,0
76.191,450.889,5.438,1.337,420,395,1,1,0,0
81.629,452.226,5.438,1.337,425,400,1,1,0,0
87.067,453.562,5.438,1.337,430,405,1,1,0,0
92.505,454.899,5.438,1.337,435,410,1,1,0,0
97.943,456.235,5.438,1.337,440,415,1,1,0,0
103.381,457.572,5.438,1.337,445,420,1,1,0,0
108.82,458.909,5.438,1.337,445,425,0,1,0,0
114.258,460.245,5.438,1.337,445,430,0,1,0,0
119.696,461.582,5.438,1.337,445,435,0,1,0,0
125.134,462.919,5.438,1.337,445,440,0,1,0,0
130.572,464.255,5.438,1.337,445,445,0,1,0,0
136.01,465.592,5.438,1.337,445,445,0,0,0,0
141.448,466.928,5.438,1.337,445,445,0,0,0,0
146.887,468.265,5.438,1.337,445,445,0,0,0,0
152.325,469.602,5.438,1.337,445,445,0,0,0,0
157.763,470.938,5.438,1.337,445,445,0,0,0,0
163.201,472.275,5.438,1.337,445,445,0,0,0,0
168.639,473.612,5.438,1.337,445,445,0,0,0,0
174.077,474.948,5.438,1.337,445,445,0,0,0,0
179.516,476.285,5.438,1.337,445,445,0,0,0,0
184.954,477.621,5.438,1.337,445,445,0,0,0,0
190.392,478.958,5.438,1.337,445,445,0,0,0,0
195.83,480.295,5.438,1.337,445,445,0,0,0,0
201.268,481.631,5.438,1.337,445,445,0,0,0,0
206.706,482.968,5.438,1.337,445,445,0,0,0,0
212.144,484.305,5.438,1.337,445,445,0,0,0,0
217.583,485.641,5.438,1.337,445,445,0,0,0,0
223.021,486.978,5.438,1.337,445,445,0,0,0,0
228.459,488.314,5.438,1.337,445,445,0,0,0,0
233.897,489.651,5.438,1.337,445,445,0,0,0,0
239.335,490.988,5.438,1.337,445,445,0,0,0,0
244.773,492.324,5.438,1.337,445,445,0,0,0,0
250.211,493.661,5.438,1.337,445,445,0,0,0,0
255.65,494.998,5.438,1.337,445,445,0,0,0,0
261.088,496.334,5.438,1.337,445,445,0,0,0,0
266.526,497.671,5.438,1.337,445,445,0,0,0,0
271.964,499.007,5.438,1.337,445,445,0,0,0,0
277.402,500.344,5.438,1.337,445,445,0,0,0,0
282.84,501.681,5.438,1.337,445,445,0,0,0,0
288.278,503.017,5.438,1.337,445,445,0,0,0,0
293.717,504.354,5.438,1.337,445,445,0,0,0,0
299.155,505.691,5.438,1.337,445,445,0,0,0,0
304.593,507.027,5.438,1.337,445,445,0,0,0,0
310.031,508.364,5.438,1.337,445,445,0,0,0,0
315.469,509.7,5.438,1.337,445,445,0,0,0,0
320.907,511.037,5.438,1.337,445,450,0,1,0,0
326.345,512.374,5.438,1.337,445,455,0,1,0,0
331.784,513.71,5.438,1.337,445,460,0,1,0,0
337.222,515.047,5.438,1.337,445,465,0,1,0,0
342.66,516.383,5.438,1.337,445,470,0,1,0,0
348.098,517.72,5.438,1.337,445,475,0,1,0,0
353.536,519.057,5.438,1.337,445,480,0,1,0,0
358.974,520.393,5.438,1.337,445,485,0,1,0,0
364.413,521.73,5.438,1.337,445,490,0,1,0,0
369.851,523.067,5.438,1.337,445,495,0,1,0,0
375.289,524.403,5.438,1.337,445,500,0,1,0,0
380.727,525.74,5.438,1.337,445,505,0,1,0,0
386.165,527.076,5.438,1.337,445,510,0,1,0,0
391.603,528.413,5.438,1.337,445,515,0,1,0,0
397.041,529.75,5.438,1.337,445,520,0,1,0,0
402.48,531.086,5.438,1.337,445,520,0,0,0,0
407.918,532.423,5.438,1.337,445,520,0,0,0,0
413.356,533.76,5.438,1.337,445,520,0,0,0,0
418.794,535.096,5.438,1.337,445,520,0,0,0,0
424.232,536.433,5.438,1.337,445,520,0,0,0,0
429.67,537.769,5.438,1.337,445,520,0,0,0,0
435.108,539.106,5.438,1.337,445,520,0,0,0,0
440.547,540.443,5.438,1.337,445,520,0,0,0,0
445.985,541.779,5.438,1.337,445,520,0,0,0,0
451.423,543.116,5.438,1.337,445,520,0,0,0,0
456.861,544.453,5.438,1.337,445,520,0,0,0,0
462.299,545.789,5.438,1.337,445,520,0,0,0,0
467.737,547.126,5.438,1.337,445,520,0,0,0,0
473.175,548.462,5.438,1.337,445,520,0,0,0,0
478.614,549.799,5.438,1.337,445,520,0,0,0,0
484.052,551.136,5.438,1.337,445,520,0,0,0,0
489.49,552.472,5.438,1.337,445,520,0,0,0,0
494.928,553.809,5.438,1.337,445,520,0,0,0,0
500.366,555.146,5.438,1.337,445,520,0,0,0,0
505.804,556.482,5.438,1.337,445,520,0,0,0,0
511.242,557.819,5.438,1.337,445,520,0,0,0,0
516.681,559.155,5.438,1.337,445,520,0,0,0,0
522.119,560.492,5.438,1.337,445,520,0,0,0,0
527.557,561.829,5.438,1.337,445,520,0,0,0,0
532.995,563.165,5.438,1.337,445,520,0,0,0,0
538.433,564.502,5.438,1.337,445,520,0,0,0,0
543.871,565.839,5.438,1.337,445,520,0,0,0,0
549.309,567.175,5.438,1.337,445,515,0,-1,0,0
554.748,568.512,5.438,1.337,445,510,0,-1,0,0
560.186,569.848,5.438,1.337,445,505,0,-1,0,0
565.624,571.185,5.438,1.337,445,500,0,-1,0,0
571.062,572.522,5.438,1.337,445,495,0,-1,0,0
576.5,573.858,5.438,1.337,445,490,0,-1,0,0
581.938,575.195,5.438,1.337,445,485,0,-1,0,0
587.377,576.532,5.438,1.337,445,485,0,0,0,0
592.815,577.868,5.438,1.337,445,485,0,0,0,0
598.253,579.205,5.438,1.337,445,485,0,0,0,0
603.691,580.541,5.438,1.337,445,485,0,0,0,0
609.129,581.878,5.438,1.337,445,485,0,0,0,0
614.567,583.215,5.438,1.337,445,485,0,0,0,0
620.005,584.551,5.438,1.337,445,485,0,0,0,0
625.444,585.888,5.438,1.337,445,485,0,0,0,0
630.882,587.225,5.438,1.337,445,485,0,0,0,0
636.32,588.561,5.438,1.337,445,485,0,0,0,0
641.758,589.898,5.438,1.337,445,485,0,0,0,0
647.196,591.234,5.438,1.337,445,485,0,0,0,0
652.634,592.571,5.438,1.337,445,490,0,1,0,0
658.072,593.908,5.438,1.337,445,495,0,1,0,0
663.511,594.0,5.438,-1.337,445,500,0,1,0,0
668.949,592.663,5.438,-1.337,445,505,0,1,0,0
674.387,591.327,5.438,-1.337,445,510,0,1,0,0
679.825,589.99,5.438,-1.337,445,515,0,1,0,0
685.263,588.654,5.438,-1.337,445,520,0,1,0,0
690.701,587.317,5.438,-1.337,445,520,0,1,0,0
696.139,585.98,5.438,-1.337,445,520,0,1,0,0
701.578,584.644,5.438,-1.337,445,520,0,0,0,0
707.016,583.307,5.438,-1.337,445,520,0,0,0,0
712.454,581.97,5.438,-1.337,445,520,0,0,0,0
717.892,580.634,5.438,-1.337,445,520,0,0,0,0
723.33,579.297,5.438,-1.337,445,520,0,0,0,0
728.768,577.961,5.438,-1.337,445,520,0,0,0,0
734.206,576.624,5.438,-1.337,445,520,0,0,0,0
739.645,575.287,5.438,-1.337,445,520,0,0,0,0
745.083,573.951,5.438,-1.337,445,520,0,0,0,0
750.521,572.614,5.438,-1.337,445,520,0,0,0,0
751.0,571.277,-5.645,1.717,445,520,0,0,0,0
745.355,572.994,-5.645,1.717,445,520,0,0,0,0
739.711,574.711,-5.645,1.717,445,520,0,0,0,0
734.066,576.428,-5.645,1.717,445,520,0,0,0,0
728.421,578.144,-5.645,1.717,445,520,0,0,0,0
722.776,579.861,-5.645,1.717,445,520,0,0,0,0
717.132,581.578,-5.645,1.717,445,520,0,0,0,0
711.487,583.295,-5.645,1.717,445,520,0,0,0,0
705.842,585.011,-5.645,1.717,445,515,0,-1,0,0
700.198,586.728,-5.645,1.717,445,510,0,-1,0,0
694.553,588.445,-5.645,1.717,445,505,0,-1,0,0
688.908,590.161,-5.645,1.717,445,500,0,-1,0,0
683.263,591.878,-5.645,1.717,445,495,0,-1,0,0
677.619,593.595,-5.645,1.717,445,490,0,-1,0,0
671.974,594.0,-5.645,-1.717,445,485,0,-1,0,0
666.329,592.283,-5.645,-1.717,445,480,0,-1,0,0
660.685,590.567,-5.645,-1.717,445,475,0,-1,0,0
655.04,588.85,-5.645,-1.717,445,470,0,-1,0,0
649.395,587.133,-5.645,-1.717,445,465,0,-1,0,0
643.75,585.416,-5.645,-1.717,445,460,0,-1,0,0
638.106,583.7,-5.645,-1.717,445,455,0,-1,0,0
632.461,581.983,-5.645,-1.717,445,450,0,-1,0,0
626.816,580.266,-5.645,-1.717,440,445,-1,-1,0,0
621.171,578.549,-5.645,-1.717,435,440,-1,-1,0,0
615.527,576.833,-5.645,-1.717,430,435,-1,-1,0,0
609.882,575.116,-5.645,-1.717,425,430,-1,-1,0,0
604.237,573.399,-5.645,-1.717,420,425,-1,-1,0,0
598.593,571.682,-5.645,-1.717,415,420,-1,-1,0,0
592.948,569.966,-5.645,-1.717,410,415,-1,-1,0,0
587.303,568.249,-5.645,-1.717,405,410,-1,-1,0,0
581.658,566.532,-5.645,-1.717,400,410,-1,0,0,0
576.014,564.816,-5.645,-1.717,395,410,-1,0,0,0
570.369,563.099,-5.645,-1.717,390,410,-1,0,0,0
564.724,561.382,-5.645,-1.717,385,410,-1,0,0,0
559.08,559.665,-5.645,-1.717,385,410,0,0,0,0
553.435,557.949,-5.645,-1.717,385,410,0,0,0,0
547.79,556.232,-5.645,-1.717,385,410,0,0,0,0
542.145,554.515,-5.645,-1.717,385,410,0,0,0,0
536.501,552.798,-5.645,-1.717,385,410,0,0,0,0
530.856,551.082,-5.645,-1.717,385,410,0,0,0,0
525.211,549.365,-5.645,-1.717,385,410,0,0,0,0
519.567,547.648,-5.645,-1.717,385,410,0,0,0,0
513.922,545.932,-5.645,-1.717,385,410,0,0,0,0
508.277,544.215,-5.645,-1.717,385,410,0,0,0,0
502.632,542.498,-5.645,-1.717,385,410,0,0,0,0
496.988,540.781,-5.645,-1.717,385,410,0,0,0,0
491.343,539.065,-5.645,-1.717,385,410,0,0,0,0
485.698,537.348,-5.645,-1.717,385,410,0,0,0,0
480.054,535.631,-5.645,-1.717,385,410,0,0,0,0
474.409,533.914,-5.645,-1.717,385,410,0,0,0,0
468.764,532.198,-5.645,-1.717,385,410,0,0,0,0
463.119,530.481,-5.645,-1.717,385,410,0,0,0,0
457.475,528.764,-5.645,-1.717,385,415,0,1,0,0
451.83,527.047,-5.645,-1.717,385,420,0,1,0,0
446.185,525.331,-5.645,-1.717,385,425,0,1,0,0
440.541,523.614,-5.645,-1.717,385,430,0,1,0,0
434.896,521.897,-5.645,-1.717,385,435,0,1,0,0
429.251,520.181,-5.645,-1.717,385,440,0,1,0,0
423.606,518.464,-5.645,-1.717,385,445,0,1,0,0
417.962,516.747,-5.645,-1.717,385,450,0,1,0,0
412.317,515.03,-5.645,-1.717,385,455,0,1,0,0
406.672,513.314,-5.645,-1.717,385,460,0,1,0,0
401.028,511.597,-5.645,-1.717,385,465,0,1,0,0
395.383,509.88,-5.645,-1.717,385,470,0,1,0,0
389.738,508.163,-5.645,-1.717,385,475,0,1,0,0
384.093,506.447,-5.645,-1.717,385,480,0,1,0,0
378.449,504.73,-5.645,-1.717,385,485,0,1,0,0
372.804,503.013,-5.645,-1.717,385,490,0,1,0,0
367.159,501.297,-5.645,-1.717,385,495,0,1,0,0
361.514,499.58,-5.645,-1.717,385,500,0,1,0,0
355.87,497.863,-5.645,-1.717,385,505,0,1,0,0
350.225,496.146,-5.645,-1.717,385,510,0,1,0,0
344.58,494.43,-5.645,-1.717,385,515,0,1,0,0
338.936,492.713,-5.645,-1.717,385,520,0,1,0,0
333.291,490.996,-5.645,-1.717,385,520,0,1,0,0
327.646,489.279,-5.645,-1.717,385,520,0,1,0,0
322.001,487.563,-5.645,-1.717,385,520,0,1,0,0
316.357,485.846,-5.645,-1.717,385,520,0,1,0,0
310.712,484.129,-5.645,-1.717,385,520,0,0,0,0
305.067,482.412,-5.645,-1.717,385,520,0,0,0,0
299.423,480.696,-5.645,-1.717,385,520,0,0,0,0
293.778,478.979,-5.645,-1.717,385,520,0,0,0,0
288.133,477.262,-5.645,-1.717,385,520,0,0,0,0
282.488,475.546,-5.645,-1.717,385,520,0,0,0,0
276.844,473.829,-5.645,-1.717,385,520,0,0,0,0
271.199,472.112,-5.645,-1.717,385,520,0,0,0,0
265.554,470.395,-5.645,-1.717,385,520,0,0,0,0
259.91,468.679,-5.645,-1.717,385,520,0,0,0,0
254.265,466.962,-5.645,-1.717,385,520,0,0,0,0
248.62,465.245,-5.645,-1.717,385,520,0,0,0,0
242.975,463.528,-5.645,-1.717,385,520,0,0,0,0
237.331,461.812,-5.645,-1.717,385,520,0,0,0,0
231.686,460.095,-5.645,-1.717,380,520,-1,0,0,0
226.041,458.378,-5.645,-1.717,375,520,-1,0,0,0
220.397,456.662,-5.645,-1.717,370,520,-1,0,0,0
214.752,454.945,-5.645,-1.717,365,520,-1,0,0,0
209.107,453.228,-5.645,-1.717,360,520,-1,0,0,0
203.462,451.511,-5.645,-1.717,355,520,-1,0,0,0
197.818,449.795,-5.645,-1.717,355,520,0,0,0,0
192.173,448.078,-5.645,-1.717,355,520,0,0,0,0
186.528,446.361,-5.645,-1.717,355,520,0,0,0,0
180.884,444.644,-5.645,-1.717,355,520,0,0,0,0
175.239,442.928,-5.645,-1.717,355,520,0,0,0,0
169.594,441.211,-5.645,-1.717,355,520,0,0,0,0
163.949,439.494,-5.645,-1.717,355,520,0,0,0,0
158.305,437.777,-5.645,-1.717,355,520,0,0,0,0
152.66,436.061,-5.645,-1.717,355,520,0,0,0,0
147.015,434.344,-5.645,-1.717,355,520,0,0,0,0
141.371,432.627,-5.645,-1.717,355,520,0,0,0,0
135.726,430.911,-5.645,-1.717,355,520,0,0,0,0
130.081,429.194,-5.645,-1.717,355,520,0,0,0,0
124.436,427.477,-5.645,-1.717,355,520,0,0,0,0
118.792,425.76,-5.645,-1.717,355,520,0,0,0,0
113.147,424.044,-5.645,-1.717,355,520,0,0,0,0
107.502,422.327,-5.645,-1.717,355,520,0,0,0,0
101.857,420.61,-5.645,-1.717,355,520,0,0,0,0
96.213,418.893,-5.645,-1.717,355,520,0,0,0,0
90.568,417.177,-5.645,-1.717,355,520,0,0,0,0
84.923,415.46,-5.645,-1.717,360,520,1,0,0,0
79.279,413.743,-5.645,-1.717,365,520,1,0,0,0
73.634,412.027,-5.645,-1.717,370,520,1,0,0,0
67.989,410.31,-5.645,-1.717,375,520,1,0,0,0
62.344,408.593,-5.645,-1.717,380,520,1,0,0,0
56.7,406.876,-5.645,-1.717,385,520,1,0,0,0
51.055,405.16,-5.645,-1.717,390,520,1,0,0,0
49.0,403.443,4.202,-4.559,395,520,1,0,0,0
53.202,398.884,4.202,-4.559,400,520,1,0,0,0
57.403,394.325,4.202,-4.559,405,520,1,0,0,0
61.605,389.766,4.202,-4.559,410,520,1,0,0,0
65.807,385.206,4.202,-4.559,410,520,0,0,0,0
70.009,380.647,4.202,-4.559,410,520,0,0,0,0
74.21,376.088,4.202,-4.559,410,520,0,0,0,0
78.412,371.529,4.202,-4.559,410,520,0,0,0,0
82.614,366.97,4.202,-4.559,410,520,0,0,0,0
86.816,362.411,4.202,-4.559,410,520,0,0,0,0
91.017,357.852,4.202,-4.559,410,520,0,0,0,0
95.219,353.293,4.202,-4.559,410,520,0,0,0,0
99.421,348.734,4.202,-4.559,410,520,0,0,0,0
103.623,344.175,4.202,-4.559,410,520,0,0,0,0
107.824,339.616,4.202,-4.559,410,515,0,-1,0,0
112.026,335.057,4.202,-4.559,410,510,0,-1,0,0
116.228,330.497,4.202,-4.559,410,505,0,-1,0,0
120.43,325.938,4.202,-4.559,410,500,0,-1,0,0
124.631,321.379,4.202,-4.559,410,495,0,-1,0,0
128.833,316.82,4.202,-4.559,410,490,0,-1,0,0
133.035,312.261,4.202,-4.559,410,485,0,-1,0,0
137.237,307.702,4.202,-4.559,410,480,0,-1,0,0
141.438,303.143,4.202,-4.559,410,475,0,-1,0,0
145.64,298.584,4.202,-4.559,410,470,0,-1,0,0
149.842,294.025,4.202,-4.559,410,465,0,-1,0,0
154.044,289.466,4.202,-4.559,410,460,0,-1,0,0
158.245,284.907,4.202,-4.559,410,455,0,-1,0,0
162.447,280.347,4.202,-4.559,410,450,0,-1,0,0
166.649,275.788,4.202,-4.559,410,445,0,-1,0,0
170.851,271.229,4.202,-4.559,410,440,0,-1,0,0
175.052,266.67,4.202,-4.559,410,435,0,-1,0,0
179.254,262.111,4.202,-4.559,410,430,0,-1,0,0
183.456,257.552,4.202,-4.559,410,425,0,-1,0,0
187.658,252.993,4.202,-4.559,410,420,0,-1,0,0
191.859,248.434,4.202,-4.559,410,415,0,-1,0,0
196.061,243.875,4.202,-4.559,410,410,0,-1,0,0
200.263,239.316,4.202,-4.559,410,405,0,-1,0,0
204.465,234.757,4.202,-4.559,410,400,0,-1,0,0
208.666,230.197,4.202,-4.559,410,395,0,-1,0,0
212.868,225.638,4.202,-4.559,410,390,0,-1,0,0
217.07,221.079,4.202,-4.559,410,385,0,-1,0,0
221.272,216.52,4.202,-4.559,410,380,0,-1,0,0
225.473,211.961,4.202,-4.559,410,375,0,-1,0,0
229.675,207.402,4.202,-4.559,410,370,0,-1,0,0
233.877,202.843,4.202,-4.559,410,365,0,-1,0,0
238.079,198.284,4.202,-4.559,410,360,0,-1,0,0
242.28,193.725,4.202,-4.559,405,355,-1,-1,0,0
246.482,189.166,4.202,-4.559,400,350,-1,-1,0,0
250.684,184.607,4.202,-4.559,395,345,-1,-1,0,0
254.886,180.047,4.202,-4.559,390,340,-1,-1,0,0
259.087,175.488,4.202,-4.559,385,335,-1,-1,0,0
263.289,170.929,4.202,-4.559,380,330,-1,-1,0,0
267.491,166.37,4.202,-4.559,375,325,-1,-1,0,0
271.693,161.811,4.202,-4.559,370,320,-1,-1,0,0
275.894,157.252,4.202,-4.559,365,315,-1,-1,0,0
280.096,152.693,4.202,-4.559,360,310,-1,-1,0,0
284.298,148.134,4.202,-4.559,355,305,-1,-1,0,0
288.5,143.575,4.202,-4.559,350,300,-1,-1,0,0
292.701,139.016,4.202,-4.559,345,295,-1,-1,0,0
296.903,134.457,4.202,-4.559,340,290,-1,-1,0,0
301.105,129.897,4.202,-4.559,335,285,-1,-1,0,0
305.307,125.338,4.202,-4.559,335,280,0,-1,0,0
309.508,120.779,4.202,-4.559,335,275,0,-1,0,0
313.71,116.22,4.202,-4.559,335,270,0,-1,0,0
317.912,111.661,4.202,-4.559,335,265,0,-1,0,0
322.114,107.102,4.202,-4.559,335,260,0,-1,0,0
326.315,102.543,4.202,-4.559,335,255,0,-1,0,0
330.517,97.984,4.202,-4.559,335,250,0,-1,0,0
334.719,93.425,4.202,-4.559,335,245,0,-1,0,0
338.921,88.866,4.202,-4.559,335,240,0,-1,0,0
343.122,84.307,4.202,-4.559,335,235,0,-1,0,0
347.324,79.747,4.202,-4.559,335,230,0,-1,0,0
351.526,75.188,4.202,-4.559,335,225,0,-1,0,0
355.728,70.629,4.202,-4.559,335,220,0,-1,0,0
359.929,66.07,4.202,-4.559,335,215,0,-1,0,0
364.131,61.511,4.202,-4.559,335,210,0,-1,0,0
368.333,56.952,4.202,-4.559,335,205,0,-1,0,0
372.535,52.393,4.202,-4.559,335,200,0,-1,0,0
376.736,47.834,4.202,-4.559,335,195,0,-1,0,0
380.938,43.275,4.202,-4.559,335,190,0,-1,0,0
385.14,38.716,4.202,-4.559,335,185,0,-1,0,0
389.342,34.157,4.202,-4.559,335,180,0,-1,0,0
393.543,29.597,4.202,-4.559,335,175,0,-1,0,0
397.745,25.038,4.202,-4.559,335,170,0,-1,0,0
401.947,20.479,4.202,-4.559,335,165,0,-1,0,0
406.149,15.92,4.202,-4.559,335,160,0,-1,0,0
410.35,11.361,4.202,-4.559,335,155,0,-1,0,0
414.552,6.802,4.202,-4.559,335,150,0,-1,0,0
418.754,6.0,4.202,4.559,335,145,0,-1,0,0
422.956,10.559,4.202,4.559,335,140,0,-1,0,0
427.157,15.118,4.202,4.559,335,135,0,-1,0,0
431.359,19.677,4.202,4.559,335,130,0,-1,0,0
435.561,24.236,4.202,4.559,335,125,0,-1,0,0
439.763,28.795,4.202,4.559,335,120,0,-1,0,0
443.964,33.355,4.202,4.559,335,115,0,-1,0,0
448.166,37.914,4.202,4.559,335,110,0,-1,0,0
452.368,42.473,4.202,4.559,335,105,0,-1,0,0
456.57,47.032,4.202,4.559,335,100,0,-1,0,0
460.771,51.591,4.202,4.559,335,95,0,-1,0,0
464.973,56.15,4.202,4.559,335,100,0,1,0,0
469.175,60.709,4.202,4.559,335,105,0,1,0,0
473.377,65.268,4.202,4.559,335,110,0,1,0,0
477.578,69.827,4.202,4.559,335,115,0,1,0,0
481.78,74.386,4.202,4.559,335,120,0,1,0,0
485.982,78.945,4.202,4.559,335,125,0,1,0,0
490.184,83.505,4.202,4.559,335,130,0,1,0,0
494.385,88.064,4.202,4.559,335,135,0,1,0,0
498.587,92.623,4.202,4.559,335,140,0,1,0,0
502.789,97.182,4.202,4.559,335,145,0,1,0,0
506.991,101.741,4.202,4.559,335,150,0,1,0,0
511.192,106.3,4.202,4.559,335,155,0,1,0,0
515.394,110.859,4.202,4.559,335,160,0,1,0,0
519.596,115.418,4.202,4.559,335,165,0,1,0,0
523.798,119.977,4.202,4.559,335,170,0,1,0,0
527.999,124.536,4.202,4.559,335,175,0,1,0,0
532.201,129.095,4.202,4.559,335,180,0,1,0,0
536.403,133.655,4.202,4.559,335,185,0,1,0,0
540.605,138.214,4.202,4.559,335,190,0,1,0,0
544.806,142.773,4.202,4.559,335,195,0,1,0,0
549.008,147.332,4.202,4.559,335,200,0,1,0,0
553.21,151.891,4.202,4.559,340,205,1,1,0,0
557.412,156.45,4.202,4.559,345,210,1,1,0,0
561.613,161.009,4.202,4.559,350,215,1,1,0,0
565.815,165.568,4.202,4.559,355,220,1,1,0,0
570.017,170.127,4.202,4.559,360,225,1,1,0,0
574.219,174.686,4.202,4.559,365,230,1,1,0,0
578.42,179.245,4.202,4.559,370,235,1,1,0,0
582.622,183.805,4.202,4.559,375,240,1,1,0,0
586.824,188.364,4.202,4.559,380,245,1,1,0,0
591.026,192.923,4.202,4.559,385,250,1,1,0,0
595.227,197.482,4.202,4.559,390,255,1,1,0,0
599.429,202.041,4.202,4.559,395,260,1,1,0,0
603.631,206.6,4.202,4.559,400,265,1,1,0,0
607.833,211.159,4.202,4.559,405,270,1,1,0,0
612.034,215.718,4.202,4.559,405,275,0,1,0,0
616.236,220.277,4.202,4.559,405,280,0,1,0,0
620.438,224.836,4.202,4.559,405,285,0,1,0,0
624.64,229.395,4.202,4.559,405,290,0,1,0,0
628.841,233.955,4.202,4.559,405,295,0,1,0,0
633.043,238.514,4.202,4.559,405,300,0,1,0,0
637.245,243.073,4.202,4.559,405,305,0,1,0,0
641.447,247.632,4.202,4.559,405,310,0,1,0,0
645.648,252.191,4.202,4.559,405,315,0,1,0,0
649.85,256.75,4.202,4.559,405,315,0,0,0,0
654.052,261.309,4.202,4.559,405,315,0,0,0,0
658.254,265.868,4.202,4.559,405,315,0,0,0,0
662.455,270.427,4.202,4.559,405,315,0,0,0,0
666.657,274.986,4.202,4.559,410,315,1,0,0,0
670.859,279.545,4.202,4.559,415,315,1,0,0,0
675.061,284.105,4.202,4.559,420,315,1,0,0,0
679.262,288.664,4.202,4.559,425,315,1,0,0,0
683.464,293.223,4.202,4.559,430,315,1,0,0,0
687.666,297.782,4.202,4.559,435,315,1,0,0,0
691.868,302.341,4.202,4.559,440,315,1,0,0,0
696.069,306.9,4.202,4.559,445,315,1,0,0,0
700.271,311.459,4.202,4.559,450,315,1,0,0,0
704.473,316.018,4.202,4.559,455,315,1,0,0,0
708.675,320.577,4.202,4.559,455,315,0,0,0,0
712.876,325.136,4.202,4.559,455,315,0,0,0,0
717.078,329.695,4.202,4.559,455,315,0,0,0,0
721.28,334.254,4.202,4.559,455,315,0,0,0,0
725.482,338.814,4.202,4.559,455,320,0,1,0,0
729.683,343.373,4.202,4.559,455,325,0,1,0,0
733.885,347.932,4.202,4.559,455,330,0,1,0,0
738.087,352.491,4.202,4.559,455,335,0,1,0,0
742.289,357.05,4.202,4.559,455,340,0,1,0,0
746.49,361.609,4.202,4.559,450,345,-1,1,0,0
750.692,366.168,4.202,4.559,445,350,-1,1,0,0
751.0,370.727,-5.231,-3.858,440,355,-1,1,0,0
745.769,366.869,-5.231,-3.858,435,360,-1,1,0,0
740.538,363.011,-5.231,-3.858,430,365,-1,1,0,0
735.306,359.153,-5.231,-3.858,425,370,-1,1,0,0
730.075,355.295,-5.231,-3.858,420,375,-1,1,0,0
724.844,351.437,-5.231,-3.858,415,380,-1,1,0,0
719.613,347.579,-5.231,-3.858,410,385,-1,1,0,0
714.382,343.721,-5.231,-3.858,405,390,-1,1,0,0
709.15,339.863,-5.231,-3.858,400,395,-1,1,0,0
703.919,336.005,-5.231,-3.858,395,400,-1,1,0,0
698.688,332.147,-5.231,-3.858,390,405,-1,1,0,0
693.457,328.289,-5.231,-3.858,390,410,0,1,0,0
688.226,324.43,-5.231,-3.858,390,415,0,1,0,0
682.995,320.572,-5.231,-3.858,390,420,0,1,0,0
677.763,316.714,-5.231,-3.858,390,425,0,1,0,0
672.532,312.856,-5.231,-3.858,390,430,0,1,0,0
667.301,308.998,-5.231,-3.858,390,435,0,1,0,0
662.07,305.14,-5.231,-3.858,390,440,0,1,0,0
656.839,301.282,-5.231,-3.858,390,445,0,1,0,0
651.607,297.424,-5.231,-3.858,390,450,0,1,0,0
646.376,293.566,-5.231,-3.858,385,455,-1,1,0,0
641.145,289.708,-5.231,-3.858,380,460,-1,1,0,0
635.914,285.85,-5.231,-3.858,375,460,-1,0,0,0
630.683,281.992,-5.231,-3.858,370,460,-1,0,0,0
625.451,278.134,-5.231,-3.858,365,460,-1,0,0,0
620.22,274.276,-5.231,-3.858,360,460,-1,0,0,0
614.989,270.418,-5.231,-3.858,355,460,-1,0,0,0
609.758,266.56,-5.231,-3.858,350,460,-1,0,0,0
604.527,262.702,-5.231,-3.858,345,455,-1,-1,0,0
599.295,258.843,-5.231,-3.858,340,450,-1,-1,0,0
594.064,254.985,-5.231,-3.858,335,445,-1,-1,0,0
588.833,251.127,-5.231,-3.858,330,440,-1,-1,0,0
583.602,247.269,-5.231,-3.858,330,435,0,-1,0,0
578.371,243.411,-5.231,-3.858,330,430,0,-1,0,0
573.139,239.553,-5.231,-3.858,330,425,0,-1,0,0
567.908,235.695,-5.231,-3.858,330,420,0,-1,0,0
562.677,231.837,-5.231,-3.858,330,415,0,-1,0,0
557.446,227.979,-5.231,-3.858,325,410,-1,-1,0,0
552.215,224.121,-5.231,-3.858,320,405,-1,-1,0,0
546.984,220.263,-5.231,-3.858,315,400,-1,-1,0,0
541.752,216.405,-5.231,-3.858,310,395,-1,-1,0,0
536.521,212.547,-5.231,-3.858,305,390,-1,-1,0,0
531.29,208.689,-5.231,-3.858,300,385,-1,-1,0,0
526.059,204.831,-5.231,-3.858,295,380,-1,-1,0,0
520.828,200.973,-5.231,-3.858,290,375,-1,-1,0,0
515.596,197.115,-5.231,-3.858,285,370,-1,-1,0,0
510.365,193.256,-5.231,-3.858,280,365,-1,-1,0,0
505.134,189.398,-5.231,-3.858,275,360,-1,-1,0,0
499.903,185.54,-5.231,-3.858,270,355,-1,-1,0,0
494.672,181.682,-5.231,-3.858,265,350,-1,-1,0,0
489.44,177.824,-5.231,-3.858,260,345,-1,-1,0,0
484.209,173.966,-5.231,-3.858,255,340,-1,-1,0,0
478.978,170.108,-5.231,-3.858,250,335,-1,-1,0,0
473.747,166.25,-5.231,-3.858,245,330,-1,-1,0,0
468.516,162.392,-5.231,-3.858,240,325,-1,-1,0,0
463.284,158.534,-5.231,-3.858,235,320,-1,-1,0,0
458.053,154.676,-5.231,-3.858,230,315,-1,-1,0,0
452.822,150.818,-5.231,-3.858,225,310,-1,-1,0,0
447.591,146.96,-5.231,-3.858,220,305,-1,-1,0,0
442.36,143.102,-5.231,-3.858,215,300,-1,-1,0,0
437.128,139.244,-5.231,-3.858,210,295,-1,-1,0,0
431.897,135.386,-5.231,-3.858,205,290,-1,-1,0,0
426.666,131.527,-5.231,-3.858,200,285,-1,-1,0,0
421.435,127.669,-5.231,-3.858,195,280,-1,-1,0,0
416.204,123.811,-5.231,-3.858,190,275,-1,-1,0,0
410.973,119.953,-5.231,-3.858,185,270,-1,-1,0,0
405.741,116.095,-5.231,-3.858,180,265,-1,-1,0,0
400.51,112.237,-5.231,-3.858,175,260,-1,-1,0,0
395.279,108.379,-5.231,-3.858,170,255,-1,-1,0,0
390.048,104.521,-5.231,-3.858,165,250,-1,-1,0,0
384.817,100.663,-5.231,-3.858,160,245,-1,-1,0,0
379.585,96.805,-5.231,-3.858,155,240,-1,-1,0,0
374.354,92.947,-5.231,-3.858,150,235,-1,-1,0,0
369.123,89.089,-5.231,-3.858,145,230,-1,-1,0,0
363.892,85.231,-5.231,-3.858,140,225,-1,-1,0,0
358.661,81.373,-5.231,-3.858,140,220,0,-1,0,0
353.429,77.515,-5.231,-3.858,140,215,0,-1,0,0
348.198,73.657,-5.231,-3.858,140,210,0,-1,0,0
342.967,69.799,-5.231,-3.858,140,205,0,-1,0,0
337.736,65.94,-5.231,-3.858,140,200,0,-1,0,0
332.505,62.082,-5.231,-3.858,140,195,0,-1,0,0
327.273,58.224,-5.231,-3.858,140,190,0,-1,0,0
322.042,54.366,-5.231,-3.858,140,185,0,-1,0,0
316.811,50.508,-5.231,-3.858,140,180,0,-1,0,0
311.58,46.65,-5.231,-3.858,140,175,0,-1,0,0
306.349,42.792,-5.231,-3.858,140,170,0,-1,0,0
301.117,38.934,-5.231,-3.858,140,165,0,-1,0,0
295.886,35.076,-5.231,-3.858,140,160,0,-1,0,0
290.655,31.218,-5.231,-3.858,140,155,0,-1,0,0
285.424,27.36,-5.231,-3.858,140,150,0,-1,0,0
280.193,23.502,-5.231,-3.858,140,145,0,-1,0,0
274.962,19.644,-5.231,-3.858,140,140,0,-1,0,0
269.73,15.786,-5.231,-3.858,140,135,0,-1,0,0
264.499,11.928,-5.231,-3.858,140,130,0,-1,0,0
259.268,8.07,-5.231,-3.858,140,125,0,-1,0,0
254.037,6.0,-5.231,3.858,140,120,0,-1,0,0
248.806,9.858,-5.231,3.858,140,115,0,-1,0,0
243.574,13.716,-5.231,3.858,140,110,0,-1,0,0
238.343,17.574,-5.231,3.858,140,105,0,-1,0,0
233.112,21.432,-5.231,3.858,140,100,0,-1,0,0
227.881,25.29,-5.231,3.858,140,95,0,-1,0,0
222.65,29.148,-5.231,3.858,140,90,0,-1,0,0
217.418,33.006,-5.231,3.858,140,85,0,-1,0,0
212.187,36.864,-5.231,3.858,140,80,0,-1,0,0
206.956,40.723,-5.231,3.858,140,75,0,-1,0,0
201.725,44.581,-5.231,3.858,140,70,0,-1,0,0
196.494,48.439,-5.231,3.858,140,70,0,0,0,0
191.262,52.297,-5.231,3.858,140,70,0,0,0,0
186.031,56.155,-5.231,3.858,140,70,0,0,0,0
180.8,60.013,-5.231,3.858,140,70,0,0,0,0
175.569,63.871,-5.231,3.858,140,70,0,0,0,0
170.338,67.729,-5.231,3.858,140,70,0,0,0,0
165.106,71.587,-5.231,3.858,140,70,0,0,0,0
159.875,75.445,-5.231,3.858,140,70,0,0,0,0
154.644,79.303,-5.231,3.858,140,70,0,0,0,0
149.413,83.161,-5.231,3.858,140,70,0,0,0,0
144.182,87.019,-5.231,3.858,140,70,0,0,0,0
138.951,90.877,-5.231,3.858,140,70,0,0,0,0
133.719,94.735,-5.231,3.858,140,70,0,0,0,0
128.488,98.593,-5.231,3.858,140,70,0,0,0,0
123.257,102.452,-5.231,3.858,140,70,0,0,0,0
118.026,106.31,-5.231,3.858,140,70,0,0,0,0
112.795,110.168,-5.231,3.858,140,70,0,0,0,0
107.563,114.026,-5.231,3.858,140,70,0,0,0,0
102.332,117.884,-5.231,3.858,140,70,0,0,0,0
97.101,121.742,-5.231,3.858,140,70,0,0,0,0
91.87,125.6,-5.231,3.858,140,70,0,0,0,0
86.639,129.458,-5.231,3.858,140,70,0,0,0,0
81.407,133.316,-5.231,3.858,140,70,0,0,0,0
76.176,137.174,-5.231,3.858,140,70,0,0,0,0
70.945,141.032,-5.231,3.858,140,70,0,0,0,0
65.714,144.89,-5.231,3.858,140,70,0,0,0,0
60.483,148.748,-5.231,3.858,140,70,0,0,0,0
55.251,152.606,-5.231,3.858,140,70,0,0,0,0
50.02,156.464,-5.231,3.858,140,70,0,0,0,0
49.0,160.322,5.917,-3.35,140,70,0,0,0,0
54.917,156.972,5.917,-3.35,140,70,0,0,0,0
60.835,153.622,5.917,-3.35,140,70,0,0,0,0
66.752,150.272,5.917,-3.35,140,70,0,0,0,0
72.67,146.922,5.917,-3.35,140,70,0,0,0,0
78.587,143.572,5.917,-3.35,140,70,0,0,0,0
84.505,140.221,5.917,-3.35,140,70,0,0,0,0
90.422,136.871,5.917,-3.35,140,70,0,0,0,0
96.34,133.521,5.917,-3.35,140,70,0,0,0,0
102.257,130.171,5.917,-3.35,140,70,0,0,0,0
108.175,126.821,5.917,-3.35,140,70,0,0,0,0
114.092,123.471,5.917,-3.35,140,75,0,1,0,0
120.01,120.12,5.917,-3.35,140,80,0,1,0,0
125.927,116.77,5.917,-3.35,140,85,0,1,0,0
131.844,113.42,5.917,-3.35,140,90,0,1,0,0
137.762,110.07,5.917,-3.35,140,95,0,1,0,0
143.679,106.72,5.917,-3.35,140,100,0,1,0,0
149.597,103.369,5.917,-3.35,140,105,0,1,0,0
155.514,100.019,5.917,-3.35,140,110,0,1,0,0
161.432,96.669,5.917,-3.35,140,115,0,1,0,0
167.349,93.319,5.917,-3.35,140,120,0,1,0,0
173.267,89.969,5.917,-3.35,140,125,0,1,0,0
179.184,86.619,5.917,-3.35,140,130,0,1,0,0
185.102,83.268,5.917,-3.35,140,135,0,1,0,0
191.019,79.918,5.917,-3.35,140,140,0,1,0,0
196.937,76.568,5.917,-3.35,140,145,0,1,0,0
202.854,73.218,5.917,-3.35,140,150,0,1,0,0
208.771,69.868,5.917,-3.35,140,150,0,0,0,0
214.689,66.518,5.917,-3.35,140,150,0,0,0,0
220.606,63.167,5.917,-3.35,140,145,0,-1,0,0
226.524,59.817,5.917,-3.35,140,140,0,-1,0,0
232.441,56.467,5.917,-3.35,140,135,0,-1,0,0
238.359,53.117,5.917,-3.35,140,130,0,-1,0,0
244.276,49.767,5.917,-3.35,140,125,0,-1,0,0
250.194,46.417,5.917,-3.35,140,120,0,-1,0,0
256.111,43.066,5.917,-3.35,140,115,0,-1,0,0
262.029,39.716,5.917,-3.35,140,110,0,-1,0,0
267.946,36.366,5.917,-3.35,140,105,0,-1,0,0
273.864,33.016,5.917,-3.35,140,100,0,-1,0,0
279.781,29.666,5.917,-3.35,140,95,0,-1,0,0
285.698,26.316,5.917,-3.35,140,90,0,-1,0,0
291.616,22.965,5.917,-3.35,140,85,0,-1,0,0
297.533,19.615,5.917,-3.35,140,80,0,-1,0,0
303.451,16.265,5.917,-3.35,140,75,0,-1,0,0
309.368,12.915,5.917,-3.35,140,70,0,-1,0,0
315.286,9.565,5.917,-3.35,140,65,0,-1,0,0
321.203,6.214,5.917,-3.35,140,60,0,-1,0,0
327.121,6.0,5.917,3.35,140,55,0,-1,0,0
333.038,9.35,5.917,3.35,140,50,0,-1,0,0
338.956,12.7,5.917,3.35,140,45,0,-1,0,0
344.873,16.051,5.917,3.35,140,40,0,-1,0,0
350.791,19.401,5.917,3.35,140,35,0,-1,0,0
356.708,22.751,5.917,3.35,140,35,0,0,0,0
362.625,26.101,5.917,3.35,140,35,0,0,0,0
368.543,29.451,5.917,3.35,140,35,0,0,0,0
374.46,32.801,5.917,3.35,140,35,0,0,0,0
380.378,36.152,5.917,3.35,140,35,0,0,0,0
386.295,39.502,5.917,3.35,140,35,0,0,0,0
392.213,42.852,5.917,3.35,140,35,0,0,0,0
398.13,46.202,5.917,3.35,140,40,0,1,0,0
404.048,49.552,5.917,3.35,140,45,0,1,0,0
409.965,52.902,5.917,3.35,140,50,0,1,0,0
415.883,56.253,5.917,3.35,140,55,0,1,0,0
421.8,59.603,5.917,3.35,140,60,0,1,0,0
427.718,62.953,5.917,3.35,140,65,0,1,0,0
433.635,66.303,5.917,3.35,140,70,0,1,0,0
439.552,69.653,5.917,3.35,140,75,0,1,0,0
445.47,73.003,5.917,3.35,140,80,0,1,0,0
451.387,76.354,5.917,3.35,140,85,0,1,0,0
457.305,79.704,5.917,3.35,140,90,0,1,0,0
463.222,83.054,5.917,3.35,140,95,0,1,0,0
469.14,86.404,5.917,3.35,145,100,1,1,0,0
475.057,89.754,5.917,3.35,150,105,1,1,0,0
480.975,93.104,5.917,3.35,155,110,1,1,0,0
486.892,96.455,5.917,3.35,160,115,1,1,0,0
492.81,99.805,5.917,3.35,165,120,1,1,0,0
498.727,103.155,5.917,3.35,170,125,1,1,0,0
504.644,106.505,5.917,3.35,175,130,1,1,0,0
510.562,109.855,5.917,3.35,180,135,1,1,0,0
516.479,113.206,5.917,3.35,185,140,1,1,0,0
522.397,116.556,5.917,3.35,190,140,1,0,0,0
528.314,119.906,5.917,3.35,195,140,1,0,0,0
534.232,123.256,5.917,3.35,200,140,1,0,0,0
540.149,126.606,5.917,3.35,205,140,1,0,0,0
546.067,129.956,5.917,3.35,210,140,1,0,0,0
551.984,133.307,5.917,3.35,215,140,1,0,0,0
557.902,136.657,5.917,3.35,215,140,0,0,0,0
563.819,140.007,5.917,3.35,215,140,0,0,0,0
569.737,143.357,5.917,3.35,215,140,0,0,0,0
575.654,146.707,5.917,3.35,215,140,0,0,0,0
581.571,150.057,5.917,3.35,215,140,0,0,0,0
587.489,153.408,5.917,3.35,215,140,0,0,0,0
593.406,156.758,5.917,3.35,215,140,0,0,0,0
599.324,160.108,5.917,3.35,215,145,0,1,0,0
605.241,163.458,5.917,3.35,215,150,0,1,0,0
611.159,166.808,5.917,3.35,215,155,0,1,0,0
617.076,170.158,5.917,3.35,215,160,0,1,0,0
622.994,173.509,5.917,3.35,215,165,0,1,0,0
628.911,176.859,5.917,3.35,215,170,0,1,0,0
634.829,180.209,5.917,3.35,215,175,0,1,0,0
640.746,183.559,5.917,3.35,215,175,0,0,0,0
646.664,186.909,5.917,3.35,215,175,0,0,0,0
652.581,190.259,5.917,3.35,215,175,0,0,0,0
658.498,193.61,5.917,3.35,215,175,0,0,0,0
664.416,196.96,5.917,3.35,215,175,0,0,0,0
670.333,200.31,5.917,3.35,215,175,0,0,0,0
676.251,203.66,5.917,3.35,215,175,0,0,0,0
682.168,207.01,5.917,3.35,215,175,0,0,0,0
688.086,210.361,5.917,3.35,215,175,0,0,0,0
694.003,213.711,5.917,3.35,215,175,0,0,0,0
699.921,217.061,5.917,3.35,215,175,0,0,0,0
705.838,220.411,5.917,3.35,215,175,0,0,0,0
711.756,223.761,5.917,3.35,215,175,0,0,0,0
717.673,227.111,5.917,3.35,215,175,0,0,0,0
723.591,230.462,5.917,3.35,215,175,0,0,0,0
729.508,233.812,5.917,3.35,215,175,0,0,0,0
735.425,237.162,5.917,3.35,215,175,0,0,0,0
741.343,240.512,5.917,3.35,215,175,0,0,0,0
747.26,243.862,5.917,3.35,215,175,0,0,0,0
751.0,247.212,-5.373,4.641,215,180,0,1,0,0
745.627,251.853,-5.373,4.641,215,185,0,1,0,0
740.254,256.494,-5.373,4.641,215,190,0,1,0,0
734.881,261.136,-5.373,4.641,215,195,0,1,0,0
729.507,265.777,-5.373,4.641,215,200,0,1,0,0
724.134,270.418,-5.373,4.641,215,205,0,1,0,0
718.761,275.059,-5.373,4.641,215,210,0,1,0,0
713.388,279.7,-5.373,4.641,215,215,0,1,0,0
708.015,284.341,-5.373,4.641,215,220,0,1,0,0
702.642,288.982,-5.373,4.641,215,225,0,1,0,0
697.268,293.623,-5.373,4.641,215,230,0,1,0,0
691.895,298.264,-5.373,4.641,215,235,0,1,0,0
686.522,302.905,-5.373,4.641,215,240,0,1,0,0
681.149,307.546,-5.373,4.641,215,245,0,1,0,0
675.776,312.187,-5.373,4.641,215,250,0,1,0,0
670.403,316.828,-5.373,4.641,215,255,0,1,0,0
665.03,321.469,-5.373,4.641,215,260,0,1,0,0
659.656,326.11,-5.373,4.641,215,265,0,1,0,0
654.283,330.751,-5.373,4.641,215,270,0,1,0,0
648.91,335.392,-5.373,4.641,215,275,0,1,0,0
643.537,340.033,-5.373,4.641,215,280,0,1,0,0
638.164,344.674,-5.373,4.641,215,285,0,1,0,0
632.791,349.315,-5.373,4.641,215,290,0,1,0,0
627.417,353.956,-5.373,4.641,220,295,1,1,0,0
622.044,358.597,-5.373,4.641,225,300,1,1,0,0
616.671,363.238,-5.373,4.641,230,305,1,1,0,0
611.298,367.879,-5.373,4.641,235,310,1,1,0,0
605.925,372.52,-5.373,4.641,240,315,1,1,0,0
600.552,377.161,-5.373,4.641,245,320,1,1,0,0
595.178,381.802,-5.373,4.641,250,325,1,1,0,0
589.805,386.443,-5.373,4.641,255,330,1,1,0,0
584.432,391.084,-5.373,4.641,260,335,1,1,0,0
579.059,395.725,-5.373,4.641,265,340,1,1,0,0
573.686,400.367,-5.373,4.641,270,345,1,1,0,0
568.313,405.008,-5.373,4.641,275,350,1,1,0,0
562.94,409.649,-5.373,4.641,280,355,1,1,0,0
557.566,414.29,-5.373,4.641,285,360,1,1,0,0
552.193,418.931,-5.373,4.641,290,365,1,1,0,0
546.82,423.572,-5.373,4.641,295,370,1,1,0,0
541.447,428.213,-5.373,4.641,300,375,1,1,0,0
536.074,432.854,-5.373,4.641,305,380,1,1,0,0
530.701,437.495,-5.373,4.641,310,385,1,1,0,0
525.327,442.136,-5.373,4.641,315,390,1,1,0,0
519.954,446.777,-5.373,4.641,320,395,1,1,0,0
514.581,451.418,-5.373,4.641,325,400,1,1,0,0
509.208,456.059,-5.373,4.641,330,405,1,1,0,0
503.835,460.7,-5.373,4.641,330,410,0,1,0,0
498.462,465.341,-5.373,4.641,330,415,0,1,0,0
493.089,469.982,-5.373,4.641,330,420,0,1,0,0
487.715,474.623,-5.373,4.641,330,425,0,1,0,0
482.342,479.264,-5.373,4.641,330,430,0,1,0,0
476.969,483.905,-5.373,4.641,330,435,0,1,0,0
471.596,488.546,-5.373,4.641,330,440,0,1,0,0
466.223,493.187,-5.373,4.641,330,445,0,1,0,0
460.85,497.828,-5.373,4.641,330,450,0,1,0,0
455.476,502.469,-5.373,4.641,330,455,0,1,0,0
450.103,507.11,-5.373,4.641,330,460,0,1,0,0
444.73,511.751,-5.373,4.641,330,465,0,1,0,0
439.357,516.392,-5.373,4.641,330,470,0,1,0,0
433.984,521.033,-5.373,4.641,330,475,0,1,0,0
428.611,525.674,-5.373,4.641,330,480,0,1,0,0
423.237,530.315,-5.373,4.641,330,485,0,1,0,0
417.864,534.956,-5.373,4.641,330,490,0,1,0,0
412.491,539.598,-5.373,4.641,330,495,0,1,0,0
407.118,544.239,-5.373,4.641,330,500,0,1,0,0
401.745,548.88,-5.373,4.641,330,505,0,1,0,0
396.372,553.521,-5.373,4.641,330,510,0,1,0,0
390.999,558.162,-5.373,4.641,330,515,0,1,0,0
385.625,562.803,-5.373,4.641,330,520,0,1,0,0
380.252,567.444,-5.373,4.641,330,520,0,0,0,0
374.879,572.085,-5.373,4.641,330,520,0,0,0,0
369.506,576.726,-5.373,4.641,330,520,0,0,0,0
364.133,581.367,-5.373,4.641,330,520,0,0,0,0
358.76,586.008,-5.373,4.641,330,520,0,0,0,0
353.386,590.649,-5.373,4.641,330,520,0,0,0,0
348.013,594.0,-5.373,-4.641,330,520,0,0,0,0
342.64,589.359,-5.373,-4.641,330,520,0,0,0,0
337.267,584.718,-5.373,-4.641,330,520,0,0,0,0
331.894,580.077,-5.373,-4.641,335,520,1,0,0,0
326.521,575.436,-5.373,-4.641,340,520,1,0,0,0
321.148,570.795,-5.373,-4.641,345,520,1,0,0,0
315.774,566.154,-5.373,-4.641,350,520,1,0,0,0
310.401,561.513,-5.373,-4.641,355,520,1,0,0,0
305.028,556.872,-5.373,-4.641,360,520,1,0,0,0
299.655,552.231,-5.373,-4.641,365,520,1,0,0,0
294.282,547.59,-5.373,-4.641,365,520,0,0,0,0
288.909,542.949,-5.373,-4.641,365,520,0,0,0,0
283.535,538.308,-5.373,-4.641,365,520,0,0,0,0
278.162,533.667,-5.373,-4.641,365,520,0,0,0,0
272.789,529.026,-5.373,-4.641,365,520,0,0,0,0
267.416,524.384,-5.373,-4.641,365,520,0,0,0,0
262.043,519.743,-5.373,-4.641,365,520,0,0,0,0
256.67,515.102,-5.373,-4.641,365,520,0,0,0,0
251.296,510.461,-5.373,-4.641,365,520,0,0,0,0
245.923,505.82,-5.373,-4.641,365,520,0,0,0,0
240.55,501.179,-5.373,-4.641,365,520,0,0,0,0
235.177,496.538,-5.373,-4.641,365,520,0,0,0,0
229.804,491.897,-5.373,-4.641,365,520,0,0,0,0
224.431,487.256,-5.373,-4.641,365,520,0,0,0,0
219.058,482.615,-5.373,-4.641,365,520,0,0,0,0
213.684,477.974,-5.373,-4.641,365,520,0,0,0,0
208.311,473.333,-5.373,-4.641,365,515,0,-1,0,0
202.938,468.692,-5.373,-4.641,365,510,0,-1,0,0
197.565,464.051,-5.373,-4.641,360,505,-1,-1,0,0
192.192,459.41,-5.373,-4.641,355,500,-1,-1,0,0
186.819,454.769,-5.373,-4.641,350,495,-1,-1,0,0
181.445,450.128,-5.373,-4.641,345,490,-1,-1,0,0
176.072,445.487,-5.373,-4.641,340,485,-1,-1,0,0
170.699,440.846,-5.373,-4.641,335,480,-1,-1,0,0
165.326,436.205,-5.373,-4.641,330,475,-1,-1,0,0
159.953,431.564,-5.373,-4.641,325,470,-1,-1,0,0
154.58,426.923,-5.373,-4.641,320,465,-1,-1,0,0
149.207,422.282,-5.373,-4.641,315,460,-1,-1,0,0
143.833,417.641,-5.373,-4.641,315,460,0,0,0,0
138.46,413.0,-5.373,-4.641,315,460,0,0,0,0
133.087,408.359,-5.373,-4.641,315,460,0,0,0,0
127.714,403.718,-5.373,-4.641,315,460,0,0,0,0
122.341,399.077,-5.373,-4.641,315,460,0,0,0,0
116.968,394.436,-5.373,-4.641,315,460,0,0,0,0
111.594,389.795,-5.373,-4.641,315,460,0,0,0,0
106.221,385.153,-5.373,-4.641,315,455,0,-1,0,0
100.848,380.512,-5.373,-4.641,315,450,0,-1,0,0
95.475,375.871,-5.373,-4.641,315,445,0,-1,0,0
90.102,371.23,-5.373,-4.641,315,440,0,-1,0,0
84.729,366.589,-5.373,-4.641,315,435,0,-1,0,0
79.355,361.948,-5.373,-4.641,315,430,0,-1,0,0
73.982,357.307,-5.373,-4.641,315,425,0,-1,0,0
68.609,352.666,-5.373,-4.641,315,420,0,-1,0,0
63.236,348.025,-5.373,-4.641,315,415,0,-1,0,0
57.863,343.384,-5.373,-4.641,315,410,0,-1,0,0
52.49,338.743,-5.373,-4.641,315,405,0,-1,0,0
49.0,334.102,6.32,-3.85,315,400,0,-1,0,0
55.32,330.253,6.32,-3.85,320,400,1,0,0,0
61.64,326.403,6.32,-3.85,325,400,1,0,0,0
67.96,322.553,6.32,-3.85,330,400,1,0,0,0
74.279,318.704,6.32,-3.85,335,400,1,0,0,0
80.599,314.854,6.32,-3.85,340,400,1,0,0,0
86.919,311.004,6.32,-3.85,345,400,1,0,0,0
93.239,307.155,6.32,-3.85,350,400,1,0,0,0
99.559,303.305,6.32,-3.85,355,395,1,-1,0,0
105.879,299.456,6.32,-3.85,360,390,1,-1,0,0
112.199,295.606,6.32,-3.85,360,385,0,-1,0,0
118.518,291.756,6.32,-3.85,360,380,0,-1,0,0
124.838,287.907,6.32,-3.85,360,375,0,-1,0,0
131.158,284.057,6.32,-3.85,360,370,0,-1,0,0
137.478,280.208,6.32,-3.85,360,365,0,-1,0,0
143.798,276.358,6.32,-3.85,360,360,0,-1,0,0
150.118,272.508,6.32,-3.85,360,355,0,-1,0,0
156.437,268.659,6.32,-3.85,360,350,0,-1,0,0
162.757,264.809,6.32,-3.85,360,345,0,-1,0,0
169.077,260.96,6.32,-3.85,360,340,0,-1,0,0
175.397,257.11,6.32,-3.85,360,335,0,-1,0,0
181.717,253.26,6.32,-3.85,360,330,0,-1,0,0
188.037,249.411,6.32,-3.85,360,325,0,-1,0,0
194.357,245.561,6.32,-3.85,360,320,0,-1,0,0
200.676,241.712,6.32,-3.85,360,315,0,-1,0,0
206.996,237.862,6.32,-3.85,360,310,0,-1,0,0
213.316,234.012,6.32,-3.85,360,305,0,-1,0,0
219.636,230.163,6.32,-3.85,360,300,0,-1,0,0
225.956,226.313,6.32,-3.85,360,295,0,-1,0,0
232.276,222.464,6.32,-3.85,360,290,0,-1,0,0
238.596,218.614,6.32,-3.85,360,285,0,-1,0,0
244.915,214.764,6.32,-3.85,360,280,0,-1,0,0
251.235,210.915,6.32,-3.85,360,275,0,-1,0,0
257.555,207.065,6.32,-3.85,360,270,0,-1,0,0
263.875,203.216,6.32,-3.85,360,265,0,-1,0,0
270.195,199.366,6.32,-3.85,360,260,0,-1,0,0
276.515,195.516,6.32,-3.85,360,255,0,-1,0,0
282.835,191.667,6.32,-3.85,360,250,0,-1,0,0
289.154,187.817,6.32,-3.85,360,245,0,-1,0,0
295.474,183.967,6.32,-3.85,355,240,-1,-1,0,0
301.794,180.118,6.32,-3.85,350,235,-1,-1,0,0
308.114,176.268,6.32,-3.85,345,230,-1,-1,0,0
314.434,172.419,6.32,-3.85,340,225,-1,-1,0,0
320.754,168.569,6.32,-3.85,335,220,-1,-1,0,0
327.073,164.719,6.32,-3.85,330,215,-1,-1,0,0
333.393,160.87,6.32,-3.85,325,210,-1,-1,0,0
339.713,157.02,6.32,-3.85,320,205,-1,-1,0,0
346.033,153.171,6.32,-3.85,315,200,-1,-1,0,0
352.353,149.321,6.32,-3.85,310,195,-1,-1,0,0
358.673,145.471,6.32,-3.85,305,190,-1,-1,0,0
364.993,141.622,6.32,-3.85,300,185,-1,-1,0,0
371.312,137.772,6.32,-3.85,300,180,0,-1,0,0
377.632,133.923,6.32,-3.85,300,175,0,-1,0,0
383.952,130.073,6.32,-3.85,300,170,0,-1,0,0
390.272,126.223,6.32,-3.85,300,165,0,-1,0,0
396.592,122.374,6.32,-3.85,300,160,0,-1,0,0
402.912,118.524,6.32,-3.85,300,155,0,-1,0,0
409.232,114.675,6.32,-3.85,300,150,0,-1,0,0
415.551,110.825,6.32,-3.85,300,145,0,-1,0,0
421.871,106.975,6.32,-3.85,300,140,0,-1,0,0
428.191,103.126,6.32,-3.85,300,135,0,-1,0,0
434.511,99.276,6.32,-3.85,300,130,0,-1,0,0
440.831,95.427,6.32,-3.85,300,125,0,-1,0,0
447.151,91.577,6.32,-3.85,300,120,0,-1,0,0
453.471,87.727,6.32,-3.85,300,115,0,-1,0,0
459.79,83.878,6.32,-3.85,300,110,0,-1,0,0
466.11,80.028,6.32,-3.85,300,105,0,-1,0,0
472.43,76.178,6.32,-3.85,300,100,0,-1,0,0
478.75,72.329,6.32,-3.85,300,95,0,-1,0,0
485.07,68.479,6.32,-3.85,300,90,0,-1,0,0
491.39,64.63,6.32,-3.85,295,85,-1,-1,0,0
497.709,60.78,6.32,-3.85,290,80,-1,-1,0,0
504.029,56.93,6.32,-3.85,285,75,-1,-1,0,0
510.349,53.081,6.32,-3.85,280,70,-1,-1,0,0
516.669,49.231,6.32,-3.85,275,70,-1,0,0,0
522.989,45.382,6.32,-3.85,270,70,-1,0,0,0
529.309,41.532,6.32,-3.85,265,70,-1,0,0,0
535.629,37.682,6.32,-3.85,260,70,-1,0,0,0
541.948,33.833,6.32,-3.85,255,70,-1,0,0,0
548.268,29.983,6.32,-3.85,250,70,-1,0,0,0
554.588,26.134,6.32,-3.85,245,70,-1,0,0,0
560.908,22.284,6.32,-3.85,240,70,-1,0,0,0
567.228,18.434,6.32,-3.85,240,70,0,0,0,0
573.548,14.585,6.32,-3.85,240,70,0,0,0,0
579.868,10.735,6.32,-3.85,240,70,0,0,0,0
586.187,6.886,6.32,-3.85,240,70,0,0,0,0
592.507,6.0,6.32,3.85,240,70,0,0,0,0
598.827,9.85,6.32,3.85,240,70,0,0,0,0
605.147,13.699,6.32,3.85,240,70,0,0,0,0
611.467,17.549,6.32,3.85,240,70,0,0,0,0
617.787,21.398,6.32,3.85,240,70,0,0,0,0
624.107,25.248,6.32,3.85,240,70,0,0,0,0
630.426,29.098,6.32,3.85,240,70,0,0,0,0
636.746,32.947,6.32,3.85,240,70,0,0,0,0
643.066,36.797,6.32,3.85,240,65,0,-1,0,0
649.386,40.646,6.32,3.85,240,60,0,-1,0,0
655.706,44.496,6.32,3.85,240,55,0,-1,0,0
662.026,48.346,6.32,3.85,240,50,0,-1,0,0
668.346,52.195,6.32,3.85,240,45,0,-1,0,0
674.665,56.045,6.32,3.85,240,40,0,-1,0,0
680.985,59.894,6.32,3.85,240,35,0,-1,0,0
687.305,63.744,6.32,3.85,240,30,0,-1,0,0
693.625,67.594,6.32,3.85,240,25,0,-1,0,0
699.945,71.443,6.32,3.85,240,25,0,0,0,0
706.265,75.293,6.32,3.85,240,25,0,0,0,0
712.584,79.143,6.32,3.85,240,25,0,0,0,0
718.904,82.992,6.32,3.85,240,25,0,0,0,0
725.224,86.842,6.32,3.85,240,30,0,1,0,0
731.544,90.691,6.32,3.85,240,35,0,1,0,0
737.864,94.541,6.32,3.85,240,40,0,1,0,0
744.184,98.391,6.32,3.85,240,45,0,1,0,0
750.504,102.24,6.32,3.85,240,50,0,1,0,0
751.0,106.09,-7.378,2.204,240,55,0,1,0,0
743.622,108.294,-7.378,2.204,240,60,0,1,0,0
736.244,110.498,-7.378,2.204,240,65,0,1,0,0
728.867,112.703,-7.378,2.204,240,70,0,1,0,0
721.489,114.907,-7.378,2.204,240,75,0,1,0,0
714.111,117.111,-7.378,2.204,240,80,0,1,0,0
706.733,119.315,-7.378,2.204,240,85,0,1,0,0
699.356,121.52,-7.378,2.204,240,90,0,1,0,0
691.978,123.724,-7.378,2.204,240,95,0,1,0,0
684.6,125.928,-7.378,2.204,240,100,0,1,0,0
677.222,128.132,-7.378,2.204,240,105,0,1,0,0
669.845,130.337,-7.378,2.204,240,110,0,1,0,0
662.467,132.541,-7.378,2.204,240,115,0,1,0,0
655.089,134.745,-7.378,2.204,240,120,0,1,0,0
647.711,136.949,-7.378,2.204,240,125,0,1,0,0
640.334,139.154,-7.378,2.204,240,130,0,1,0,0
632.956,141.358,-7.378,2.204,240,135,0,1,0,0
625.578,143.562,-7.378,2.204,240,140,0,1,0,0
618.2,145.766,-7.378,2.204,240,145,0,1,0,0
610.823,147.971,-7.378,2.204,240,150,0,1,0,0
603.445,150.175,-7.378,2.204,245,155,1,1,0,0
596.067,152.379,-7.378,2.204,250,160,1,1,0,0
588.689,154.584,-7.378,2.204,255,165,1,1,0,0
581.312,156.788,-7.378,2.204,260,170,1,1,0,0
573.934,158.992,-7.378,2.204,265,175,1,1,0,0
566.556,161.196,-7.378,2.204,270,180,1,1,0,0
559.178,163.401,-7.378,2.204,275,185,1,1,0,0
551.801,165.605,-7.378,2.204,280,190,1,1,0,0
544.423,167.809,-7.378,2.204,285,195,1,1,0,0
537.045,170.013,-7.378,2.204,290,200,1,1,0,0
529.667,172.218,-7.378,2.204,295,205,1,1,0,0
522.29,174.422,-7.378,2.204,300,210,1,1,0,0
514.912,176.626,-7.378,2.204,300,215,0,1,0,0
507.534,178.83,-7.378,2.204,300,220,0,1,0,0
500.156,181.035,-7.378,2.204,300,225,0,1,0,0
492.779,183.239,-7.378,2.204,300,230,0,1,0,0
485.401,185.443,-7.378,2.204,300,235,0,1,0,0
478.023,187.647,-7.378,2.204,300,240,0,1,0,0
470.645,189.852,-7.378,2.204,300,245,0,1,0,0
463.268,192.056,-7.378,2.204,300,250,0,1,0,0
455.89,194.26,-7.378,2.204,300,255,0,1,0,0
448.512,196.465,-7.378,2.204,300,260,0,1,0,0
441.134,198.669,-7.378,2.204,300,265,0,1,0,0
433.757,200.873,-7.378,2.204,300,270,0,1,0,0
426.379,203.077,-7.378,2.204,300,275,0,1,0,0
419.001,205.282,-7.378,2.204,300,280,0,1,0,0
411.623,207.486,-7.378,2.204,300,280,0,0,0,0
404.246,209.69,-7.378,2.204,300,280,0,0,0,0
396.868,211.894,-7.378,2.204,295,275,-1,-1,0,0
389.49,214.099,-7.378,2.204,290,270,-1,-1,0,0
382.112,216.303,-7.378,2.204,285,265,-1,-1,0,0
374.735,218.507,-7.378,2.204,280,260,-1,-1,0,0
367.357,220.711,-7.378,2.204,275,255,-1,-1,0,0
359.979,222.916,-7.378,2.204,270,250,-1,-1,0,0
352.601,225.12,-7.378,2.204,265,245,-1,-1,0,0
345.224,227.324,-7.378,2.204,260,240,-1,-1,0,0
337.846,229.528,-7.378,2.204,255,235,-1,-1,0,0
330.468,231.733,-7.378,2.204,250,230,-1,-1,0,0
323.09,233.937,-7.378,2.204,245,225,-1,-1,0,0
315.713,236.141,-7.378,2.204,245,220,0,-1,0,0
308.335,238.346,-7.378,2.204,245,215,0,-1,0,0
300.957,240.55,-7.378,2.204,245,210,0,-1,0,0
293.579,242.754,-7.378,2.204,245,205,0,-1,0,0
286.202,244.958,-7.378,2.204,245,200,0,-1,0,0
278.824,247.163,-7.378,2.204,245,195,0,-1,0,0
271.446,249.367,-7.378,2.204,245,190,0,-1,0,0
264.068,251.571,-7.378,2.204,240,185,-1,-1,0,0
256.691,253.775,-7.378,2.204,235,180,-1,-1,0,0
249.313,255.98,-7.378,2.204,230,175,-1,-1,0,0
241.935,258.184,-7.378,2.204,230,170,0,-1,0,0
234.557,260.388,-7.378,2.204,230,165,0,-1,0,0
227.18,262.592,-7.378,2.204,230,160,0,-1,0,0
219.802,264.797,-7.378,2.204,230,155,0,-1,0,0
212.424,267.001,-7.378,2.204,230,155,0,0,0,0
205.046,269.205,-7.378,2.204,230,155,0,0,0,0
197.669,271.409,-7.378,2.204,230,155,0,0,0,0
190.291,273.614,-7.378,2.204,230,155,0,0,0,0
182.913,275.818,-7.378,2.204,230,155,0,0,0,0
175.535,278.022,-7.378,2.204,230,155,0,0,0,0
168.158,280.227,-7.378,2.204,230,155,0,0,0,0
160.78,282.431,-7.378,2.204,230,155,0,0,0,0
153.402,284.635,-7.378,2.204,230,155,0,0,0,0
146.024,286.839,-7.378,2.204,230,155,0,0,0,0
138.647,289.044,-7.378,2.204,230,155,0,0,0,0
131.269,291.248,-7.378,2.204,230,155,0,0,0,0
123.891,293.452,-7.378,2.204,235,155,1,0,0,0
116.513,295.656,-7.378,2.204,240,155,1,0,0,0
109.136,297.861,-7.378,2.204,245,155,1,0,0,0
101.758,300.065,-7.378,2.204,250,155,1,0,0,0
94.38,302.269,-7.378,2.204,255,155,1,0,0,0
87.002,304.473,-7.378,2.204,260,155,1,0,0,0
79.625,306.678,-7.378,2.204,265,155,1,0,0,0
72.247,308.882,-7.378,2.204,270,155,1,0,0,0
64.869,311.086,-7.378,2.204,275,155,1,0,0,0
57.491,313.29,-7.378,2.204,280,155,1,0,0,0
50.114,315.495,-7.378,2.204,285,155,1,0,0,0
49.0,317.699,7.854,-1.52,285,160,0,1,0,0
56.854,316.179,7.854,-1.52,285,165,0,1,0,0
64.709,314.659,7.854,-1.52,285,170,0,1,0,0
72.563,313.139,7.854,-1.52,285,175,0,1,0,0
80.417,311.62,7.854,-1.52,285,180,0,1,0,0
88.272,310.1,7.854,-1.52,285,185,0,1,0,0
96.126,308.58,7.854,-1.52,285,190,0,1,0,0
103.98,307.06,7.854,-1.52,285,195,0,1,0,0
111.834,305.54,7.854,-1.52,285,200,0,1,0,0
119.689,304.021,7.854,-1.52,285,205,0,1,0,0
127.543,302.501,7.854,-1.52,285,205,0,0,0,0
135.397,300.981,7.854,-1.52,285,205,0,0,0,0
143.252,299.461,7.854,-1.52,285,205,0,0,0,0
151.106,297.941,7.854,-1.52,285,205,0,0,0,0
158.96,296.421,7.854,-1.52,285,205,0,0,0,0
166.815,294.902,7.854,-1.52,285,205,0,0,0,0
174.669,293.382,7.854,-1.52,285,205,0,0,0,0
182.523,291.862,7.854,-1.52,285,205,0,0,0,0
190.378,290.342,7.854,-1.52,285,205,0,0,0,0
198.232,288.822,7.854,-1.52,285,205,0,0,0,0
206.086,287.302,7.854,-1.52,285,210,0,1,0,0
213.94,285.783,7.854,-1.52,285,215,0,1,0,0
221.795,284.263,7.854,-1.52,285,220,0,1,0,0
229.649,282.743,7.854,-1.52,285,225,0,1,0,0
237.503,281.223,7.854,-1.52,285,230,0,1,0,0
245.358,279.703,7.854,-1.52,285,235,0,1,0,0
253.212,278.183,7.854,-1.52,285,240,0,1,0,0
261.066,276.664,7.854,-1.52,285,245,0,1,0,0
268.921,275.144,7.854,-1.52,285,250,0,1,0,0
276.775,273.624,7.854,-1.52,285,245,0,-1,0,0
284.629,272.104,7.854,-1.52,285,240,0,-1,0,0
292.483,270.584,7.854,-1.52,285,235,0,-1,0,0
300.338,269.064,7.854,-1.52,285,230,0,-1,0,0
308.192,267.545,7.854,-1.52,285,225,0,-1,0,0
316.046,266.025,7.854,-1.52,285,220,0,-1,0,0
323.901,264.505,7.854,-1.52,285,215,0,-1,0,0
331.755,262.985,7.854,-1.52,285,210,0,-1,0,0
339.609,261.465,7.854,-1.52,285,205,0,-1,0,0
347.464,259.946,7.854,-1.52,285,200,0,-1,0,0
355.318,258.426,7.854,-1.52,285,195,0,-1,0,0
363.172,256.906,7.854,-1.52,285,190,0,-1,0,0
371.027,255.386,7.854,-1.52,285,190,0,0,0,0
378.881,253.866,7.854,-1.52,285,190,0,0,0,0
386.735,252.346,7.854,-1.52,285,190,0,0,0,0
394.589,250.827,7.854,-1.52,285,190,0,0,0,0
402.444,249.307,7.854,-1.52,285,190,0,0,0,0
410.298,247.787,7.854,-1.52,285,190,0,0,0,0
418.152,246.267,7.854,-1.52,285,190,0,0,0,0
426.007,244.747,7.854,-1.52,285,190,0,0,0,0
433.861,243.227,7.854,-1.52,285,190,0,0,0,0
441.715,241.708,7.854,-1.52,285,190,0,0,0,0
449.57,240.188,7.854,-1.52,285,190,0,0,0,0
457.424,238.668,7.854,-1.52,285,190,0,0,0,0
465.278,237.148,7.854,-1.52,285,190,0,0,0,0
473.133,235.628,7.854,-1.52,285,190,0,0,0,0
480.987,234.108,7.854,-1.52,285,190,0,0,0,0
488.841,232.589,7.854,-1.52,285,190,0,0,0,0
496.695,231.069,7.854,-1.52,285,190,0,0,0,0
504.55,229.549,7.854,-1.52,285,190,0,0,0,0
512.404,228.029,7.854,-1.52,285,190,0,0,0,0
520.258,226.509,7.854,-1.52,285,190,0,0,0,0
528.113,224.989,7.854,-1.52,285,190,0,0,0,0
535.967,223.47,7.854,-1.52,285,190,0,0,0,0
543.821,221.95,7.854,-1.52,285,185,0,-1,0,0
551.676,220.43,7.854,-1.52,285,180,0,-1,0,0
559.53,218.91,7.854,-1.52,285,175,0,-1,0,0
567.384,217.39,7.854,-1.52,285,170,0,-1,0,0
575.239,215.871,7.854,-1.52,285,165,0,-1,0,0
583.093,214.351,7.854,-1.52,285,160,0,-1,0,0
590.947,212.831,7.854,-1.52,285,160,0,0,0,0
598.801,211.311,7.854,-1.52,285,160,0,0,0,0
606.656,209.791,7.854,-1.52,285,160,0,0,0,0
614.51,208.271,7.854,-1.52,285,160,0,0,0,0
622.364,206.752,7.854,-1.52,285,160,0,0,0,0
630.219,205.232,7.854,-1.52,285,160,0,0,0,0
638.073,203.712,7.854,-1.52,285,160,0,0,0,0
645.927,202.192,7.854,-1.52,285,160,0,0,0,0
653.782,200.672,7.854,-1.52,285,160,0,0,0,0
661.636,199.152,7.854,-1.52,285,160,0,0,0,0
669.49,197.633,7.854,-1.52,285,160,0,0,0,0
677.344,196.113,7.854,-1.52,285,160,0,0,0,0
685.199,194.593,7.854,-1.52,285,160,0,0,0,0
693.053,193.073,7.854,-1.52,285,160,0,0,0,0
700.907,191.553,7.854,-1.52,285,160,0,0,0,0
708.762,190.033,7.854,-1.52,285,160,0,0,0,0
716.616,188.514,7.854,-1.52,285,160,0,0,0,0
724.47,186.994,7.854,-1.52,285,155,0,-1,0,0
732.325,185.474,7.854,-1.52,285,150,0,-1,0,0
740.179,183.954,7.854,-1.52,285,145,0,-1,0,0
748.033,182.434,7.854,-1.52,285,140,0,-1,0,0
751.0,180.914,-8.201,1.28,285,135,0,-1,0,0
742.799,182.195,-8.201,1.28,285,130,0,-1,0,0
734.599,183.475,-8.201,1.28,285,125,0,-1,0,0
726.398,184.755,-8.201,1.28,285,120,0,-1,0,0
718.197,186.035,-8.201,1.28,285,115,0,-1,0,0
709.996,187.315,-8.201,1.28,285,110,0,-1,0,0
701.796,188.595,-8.201,1.28,285,110,0,0,0,0
693.595,189.875,-8.201,1.28,285,110,0,0,0,0
685.394,191.155,-8.201,1.28,285,110,0,0,0,0
677.194,192.435,-8.201,1.28,285,110,0,0,0,0
668.993,193.715,-8.201,1.28,285,110,0,0,0,0
660.792,194.995,-8.201,1.28,285,115,0,1,0,0
652.592,196.275,-8.201,1.28,285,120,0,1,0,0
644.391,197.555,-8.201,1.28,285,125,0,1,0,0
636.19,198.835,-8.201,1.28,285,130,0,1,0,0
627.989,200.115,-8.201,1.28,285,135,0,1,0,0
619.789,201.395,-8.201,1.28,285,140,0,1,0,0
611.588,202.675,-8.201,1.28,285,145,0,1,0,0
603.387,203.955,-8.201,1.28,285,150,0,1,0,0
595.187,205.235,-8.201,1.28,280,155,-1,1,0,0
586.986,206.515,-8.201,1.28,275,160,-1,1,0,0
578.785,207.795,-8.201,1.28,270,165,-1,1,0,0
570.585,209.075,-8.201,1.28,265,170,-1,1,0,0
562.384,210.355,-8.201,1.28,260,175,-1,1,0,0
554.183,211.636,-8.201,1.28,255,180,-1,1,0,0
545.982,212.916,-8.201,1.28,250,180,-1,0,0,0
537.782,214.196,-8.201,1.28,245,180,-1,0,0,0
529.581,215.476,-8.201,1.28,240,175,-1,-1,0,0
521.38,216.756,-8.201,1.28,235,170,-1,-1,0,0
513.18,218.036,-8.201,1.28,230,165,-1,-1,0,0
504.979,219.316,-8.201,1.28,225,160,-1,-1,0,0
496.778,220.596,-8.201,1.28,220,155,-1,-1,0,0
488.578,221.876,-8.201,1.28,215,150,-1,-1,0,0
480.377,223.156,-8.201,1.28,210,145,-1,-1,0,0
472.176,224.436,-8.201,1.28,210,140,0,-1,0,0
463.975,225.716,-8.201,1.28,210,135,0,-1,0,0
455.775,226.996,-8.201,1.28,210,130,0,-1,0,0
447.574,228.276,-8.201,1.28,210,125,0,-1,0,0
439.373,229.556,-8.201,1.28,210,120,0,-1,0,0
431.173,230.836,-8.201,1.28,210,115,0,-1,0,0
422.972,232.116,-8.201,1.28,210,110,0,-1,0,0
414.771,233.396,-8.201,1.28,210,105,0,-1,0,0
406.571,234.676,-8.201,1.28,210,100,0,-1,0,0
398.37,235.956,-8.201,1.28,210,95,0,-1,0,0
390.169,237.236,-8.201,1.28,210,95,0,0,0,0
381.968,238.516,-8.201,1.28,210,95,0,0,0,0
373.768,239.797,-8.201,1.28,210,95,0,0,0,0
365.567,241.077,-8.201,1.28,210,95,0,0,0,0
357.366,242.357,-8.201,1.28,210,95,0,0,0,0
349.166,243.637,-8.201,1.28,210,95,0,0,0,0
340.965,244.917,-8.201,1.28,210,95,0,0,0,0
332.764,246.197,-8.201,1.28,210,95,0,0,0,0
324.564,247.477,-8.201,1.28,210,95,0,0,0,0
316.363,248.757,-8.201,1.28,210,95,0,0,0,0
308.162,250.037,-8.201,1.28,210,95,0,0,0,0
299.961,251.317,-8.201,1.28,210,95,0,0,0,0
291.761,252.597,-8.201,1.28,210,95,0,0,0,0
283.56,253.877,-8.201,1.28,210,95,0,0,0,0
275.359,255.157,-8.201,1.28,210,95,0,0,0,0
267.159,256.437,-8.201,1.28,210,95,0,0,0,0
258.958,257.717,-8.201,1.28,210,95,0,0,0,0
250.757,258.997,-8.201,1.28,210,95,0,0,0,0
242.557,260.277,-8.201,1.28,210,95,0,0,0,0
234.356,261.557,-8.201,1.28,210,95,0,0,0,0
226.155,262.837,-8.201,1.28,210,95,0,0,0,0
217.954,264.117,-8.201,1.28,210,95,0,0,0,0
209.754,265.397,-8.201,1.28,210,95,0,0,0,0
201.553,266.677,-8.201,1.28,210,95,0,0,0,0
193.352,267.957,-8.201,1.28,210,95,0,0,0,0
185.152,269.238,-8.201,1.28,210,95,0,0,0,0
176.951,270.518,-8.201,1.28,210,95,0,0,0,0
168.75,271.798,-8.201,1.28,210,95,0,0,0,0
160.55,273.078,-8.201,1.28,210,95,0,0,0,0
152.349,274.358,-8.201,1.28,210,95,0,0,0,0
144.148,275.638,-8.201,1.28,210,95,0,0,0,0
135.947,276.918,-8.201,1.28,210,95,0,0,0,0
127.747,278.198,-8.201,1.28,210,95,0,0,0,0
119.546,279.478,-8.201,1.28,210,95,0,0,0,0
111.345,280.758,-8.201,1.28,210,95,0,0,0,0
103.145,282.038,-8.201,1.28,210,95,0,0,0,0
94.944,283.318,-8.201,1.28,210,95,0,0,0,0
86.743,284.598,-8.201,1.28,210,95,0,0,0,0
78.543,285.878,-8.201,1.28,210,95,0,0,0,0
70.342,287.158,-8.201,1.28,210,95,0,0,0,0
62.141,288.438,-8.201,1.28,210,95,0,0,0,0
53.94,289.718,-8.201,1.28,210,95,0,0,0,0
49.0,290.998,5.055,6.957,215,95,1,0,0,0
54.055,297.956,5.055,6.957,220,95,1,0,0,0
59.111,304.913,5.055,6.957,225,95,1,0,0,0
64.166,311.87,5.055,6.957,230,95,1,0,0,0
69.221,318.828,5.055,6.957,235,100,1,1,0,0
74.276,325.785,5.055,6.957,240,105,1,1,0,0
79.332,332.742,5.055,6.957,245,110,1,1,0,0
84.387,339.7,5.055,6.957,250,115,1,1,0,0
89.442,346.657,5.055,6.957,255,120,1,1,0,0
94.497,353.614,5.055,6.957,260,125,1,1,0,0
99.553,360.571,5.055,6.957,265,130,1,1,0,0
104.608,367.529,5.055,6.957,270,135,1,1,0,0
109.663,374.486,5.055,6.957,275,140,1,1,0,0
114.718,381.443,5.055,6.957,280,145,1,1,0,0
119.774,388.401,5.055,6.957,285,150,1,1,0,0
124.829,395.358,5.055,6.957,290,155,1,1,0,0
129.884,402.315,5.055,6.957,295,160,1,1,0,0
134.94,409.273,5.055,6.957,300,165,1,1,0,0
139.995,416.23,5.055,6.957,305,170,1,1,0,0
145.05,423.187,5.055,6.957,310,175,1,1,0,0
150.105,430.145,5.055,6.957,315,180,1,1,0,0
155.161,437.102,5.055,6.957,315,185,0,1,0,0
160.216,444.059,5.055,6.957,315,190,0,1,0,0
165.271,451.017,5.055,6.957,315,195,0,1,0,0
170.326,457.974,5.055,6.957,315,200,0,1,0,0
175.382,464.931,5.055,6.957,315,205,0,1,0,0
180.437,471.889,5.055,6.957,315,210,0,1,0,0
185.492,478.846,5.055,6.957,315,215,0,1,0,0
190.547,485.803,5.055,6.957,315,220,0,1,0,0
195.603,492.761,5.055,6.957,315,225,0,1,0,0
200.658,499.718,5.055,6.957,315,230,0,1,0,0
205.713,506.675,5.055,6.957,315,235,0,1,0,0
210.769,513.632,5.055,6.957,315,240,0,1,0,0
215.824,520.59,5.055,6.957,315,245,0,1,0,0
220.879,527.547,5.055,6.957,315,250,0,1,0,0
225.934,534.504,5.055,6.957,315,255,0,1,0,0
230.99,541.462,5.055,6.957,315,260,0,1,0,0
236.045,548.419,5.055,6.957,315,260,0,0,0,0
241.1,555.376,5.055,6.957,315,260,0,0,0,0
246.155,562.334,5.055,6.957,315,260,0,0,0,0
251.211,569.291,5.055,6.957,315,255,0,-1,0,0
256.266,576.248,5.055,6.957,315,250,0,-1,0,0
261.321,583.206,5.055,6.957,315,245,0,-1,0,0
266.376,590.163,5.055,6.957,315,240,0,-1,0,0
271.432,594.0,5.055,-6.957,315,235,0,-1,0,0
276.487,587.043,5.055,-6.957,315,230,0,-1,0,0
281.542,580.085,5.055,-6.957,315,225,0,-1,0,0
286.598,573.128,5.055,-6.957,315,220,0,-1,0,0
291.653,566.171,5.055,-6.957,315,215,0,-1,0,0
296.708,559.213,5.055,-6.957,315,210,0,-1,0,0
301.763,552.256,5.055,-6.957,315,205,0,-1,0,0
306.819,545.299,5.055,-6.957,315,205,0,0,0,0
311.874,538.341,5.055,-6.957,315,205,0,0,0,0
316.929,531.384,5.055,-6.957,315,205,0,0,0,0
321.984,524.427,5.055,-6.957,315,205,0,0,0,0
327.04,517.469,5.055,-6.957,315,205,0,0,0,0
332.095,510.512,5.055,-6.957,315,205,0,0,0,0
337.15,503.555,5.055,-6.957,315,205,0,0,0,0
342.205,496.598,5.055,-6.957,315,205,0,0,0,0
347.261,489.64,5.055,-6.957,315,200,0,-1,0,0
352.316,482.683,5.055,-6.957,315,195,0,-1,0,0
357.371,475.726,5.055,-6.957,315,190,0,-1,0,0
362.427,468.768,5.055,-6.957,315,185,0,-1,0,0
367.482,461.811,5.055,-6.957,315,180,0,-1,0,0
372.537,454.854,5.055,-6.957,315,175,0,-1,0,0
377.592,447.896,5.055,-6.957,315,170,0,-1,0,0
382.648,440.939,5.055,-6.957,315,165,0,-1,0,0
387.703,433.982,5.055,-6.957,315,160,0,-1,0,0
392.758,427.024,5.055,-6.957,315,155,0,-1,0,0
397.813,420.067,5.055,-6.957,315,150,0,-1,0,0
402.869,413.11,5.055,-6.957,315,145,0,-1,0,0
407.924,406.152,5.055,-6.957,315,140,0,-1,0,0
412.979,399.195,5.055,-6.957,315,135,0,-1,0,0
418.034,392.238,5.055,-6.957,315,130,0,-1,0,0
423.09,385.28,5.055,-6.957,315,125,0,-1,0,0
428.145,378.323,5.055,-6.957,315,120,0,-1,0,0
433.2,371.366,5.055,-6.957,315,115,0,-1,0,0
438.256,364.408,5.055,-6.957,315,110,0,-1,0,0
443.311,357.451,5.055,-6.957,315,105,0,-1,0,0
448.366,350.494,5.055,-6.957,315,100,0,-1,0,0
453.421,343.537,5.055,-6.957,315,95,0,-1,0,0
458.477,336.579,5.055,-6.957,315,90,0,-1,0,0
463.532,329.622,5.055,-6.957,315,85,0,-1,0,0
468.587,322.665,5.055,-6.957,315,80,0,-1,0,0
473.642,315.707,5.055,-6.957,315,75,0,-1,0,0
478.698,308.75,5.055,-6.957,315,70,0,-1,0,0
483.753,301.793,5.055,-6.957,315,65,0,-1,0,0
488.808,294.835,5.055,-6.957,315,60,0,-1,0,0
493.863,287.878,5.055,-6.957,315,55,0,-1,0,0
498.919,280.921,5.055,-6.957,315,50,0,-1,0,0
503.974,273.963,5.055,-6.957,315,45,0,-1,0,0
509.029,267.006,5.055,-6.957,315,40,0,-1,0,0
514.084,260.049,5.055,-6.957,315,35,0,-1,0,0
519.14,253.091,5.055,-6.957,315,30,0,-1,0,0
524.195,246.134,5.055,-6.957,315,25,0,-1,0,0
529.25,239.177,5.055,-6.957,315,20,0,-1,0,0
534.306,232.219,5.055,-6.957,315,15,0,-1,0,0
539.361,225.262,5.055,-6.957,315,10,0,-1,0,0
544.416,218.305,5.055,-6.957,315,5,0,-1,0,0
549.471,211.347,5.055,-6.957,315,0,0,-1,0,0
554.527,204.39,5.055,-6.957,315,0,0,-1,0,0
559.582,197.433,5.055,-6.957,315,0,0,-1,0,0
564.637,190.476,5.055,-6.957,315,0,0,-1,0,0
569.692,183.518,5.055,-6.957,315,0,0,0,0,0
574.748,176.561,5.055,-6.957,315,0,0,0,0,0
579.803,169.604,5.055,-6.957,315,0,0,0,0,0
584.858,162.646,5.055,-6.957,315,0,0,0,0,0
589.913,155.689,5.055,-6.957,315,0,0,0,0,0
594.969,148.732,5.055,-6.957,315,0,0,0,0,0
600.024,141.774,5.055,-6.957,315,0,0,0,0,0
605.079,134.817,5.055,-6.957,315,0,0,0,0,0
610.135,127.86,5.055,-6.957,315,0,0,0,0,0
615.19,120.902,5.055,-6.957,315,0,0,0,0,0
620.245,113.945,5.055,-6.957,315,0,0,0,0,0
625.3,106.988,5.055,-6.957,315,0,0,0,0,0
630.356,100.03,5.055,-6.957,315,0,0,0,0,0
635.411,93.073,5.055,-6.957,315,0,0,0,0,0
640.466,86.116,5.055,-6.957,315,0,0,0,0,0
645.521,79.158,5.055,-6.957,315,0,0,0,0,0
650.577,72.201,5.055,-6.957,315,0,0,0,0,0
655.632,65.244,5.055,-6.957,315,0,0,0,0,0
660.687,58.286,5.055,-6.957,315,0,0,0,0,0
665.742,51.329,5.055,-6.957,315,0,0,0,0,0
670.798,44.372,5.055,-6.957,315,0,0,0,0,0
675.853,37.415,5.055,-6.957,315,0,0,0,0,0
680.908,30.457,5.055,-6.957,315,0,0,0,0,0
685.964,23.5,5.055,-6.957,315,0,0,0,0,0
691.019,16.543,5.055,-6.957,315,0,0,0,0,0
696.074,9.585,5.055,-6.957,315,0,0,0,0,0
701.129,6.0,5.055,6.957,315,0,0,0,0,0
706.185,12.957,5.055,6.957,315,0,0,0,0,0
711.24,19.915,5.055,6.957,315,0,0,0,0,0
716.295,26.872,5.055,6.957,315,0,0,0,0,0
721.35,33.829,5.055,6.957,315,0,0,0,0,0
726.406,40.787,5.055,6.957,315,0,0,0,0,0
731.461,47.744,5.055,6.957,315,0,0,0,0,0
736.516,54.701,5.055,6.957,315,5,0,1,0,0
741.571,61.659,5.055,6.957,315,10,0,1,0,0
746.627,68.616,5.055,6.957,315,15,0,1,0,0
751.682,75.573,5.055,6.957,315,20,0,1,0,0
751.0,82.531,-7.979,3.943,315,25,0,1,0,0
743.021,86.473,-7.979,3.943,315,30,0,1,0,0
735.042,90.416,-7.979,3.943,315,35,0,1,0,0
727.063,94.359,-7.979,3.943,315,40,0,1,0,0
719.084,98.301,-7.979,3.943,315,45,0,1,0,0
711.105,102.244,-7.979,3.943,315,50,0,1,0,0
703.126,106.187,-7.979,3.943,315,55,0,1,0,0
695.147,110.13,-7.979,3.943,315,60,0,1,0,0
687.168,114.072,-7.979,3.943,315,65,0,1,0,0
679.189,118.015,-7.979,3.943,315,70,0,1,0,0
671.21,121.958,-7.979,3.943,315,75,0,1,0,0
663.231,125.901,-7.979,3.943,315,80,0,1,0,0
655.252,129.843,-7.979,3.943,315,85,0,1,0,0
647.273,133.786,-7.979,3.943,315,90,0,1,0,0
639.294,137.729,-7.979,3.943,315,95,0,1,0,0
631.315,141.672,-7.979,3.943,315,100,0,1,0,0
623.336,145.614,-7.979,3.943,315,105,0,1,0,0
615.357,149.557,-7.979,3.943,315,110,0,1,0,0
607.378,153.5,-7.979,3.943,315,115,0,1,0,0
599.399,157.443,-7.979,3.943,315,120,0,1,0,0
591.42,161.385,-7.979,3.943,315,125,0,1,0,0
583.441,165.328,-7.979,3.943,315,130,0,1,0,0
575.462,169.271,-7.979,3.943,315,135,0,1,0,0
567.483,173.214,-7.979,3.943,315,140,0,1,0,0
559.503,177.156,-7.979,3.943,315,145,0,1,0,0
551.524,181.099,-7.979,3.943,315,150,0,1,0,0
543.545,185.042,-7.979,3.943,315,155,0,1,0,0
535.566,188.985,-7.979,3.943,315,160,0,1,0,0
527.587,192.927,-7.979,3.943,315,165,0,1,0,0
519.608,196.87,-7.979,3.943,310,170,-1,1,0,0
511.629,200.813,-7.979,3.943,305,175,-1,1,0,0
503.65,204.756,-7.979,3.943,300,180,-1,1,0,0
495.671,208.698,-7.979,3.943,295,185,-1,1,0,0
487.692,212.641,-7.979,3.943,295,190,0,1,0,0
479.713,216.584,-7.979,3.943,295,195,0,1,0,0
471.734,220.527,-7.979,3.943,295,200,0,1,0,0
463.755,224.469,-7.979,3.943,295,205,0,1,0,0
455.776,228.412,-7.979,3.943,295,210,0,1,0,0
447.797,232.355,-7.979,3.943,295,215,0,1,0,0
439.818,236.297,-7.979,3.943,295,220,0,1,0,0
431.839,240.24,-7.979,3.943,295,225,0,1,0,0
423.86,244.183,-7.979,3.943,295,230,0,1,0,0
415.881,248.126,-7.979,3.943,295,235,0,1,0,0
407.902,252.068,-7.979,3.943,295,235,0,0,0,0
399.923,256.011,-7.979,3.943,295,235,0,0,0,0
391.944,259.954,-7.979,3.943,295,235,0,0,0,0
383.965,263.897,-7.979,3.943,295,235,0,0,0,0
375.986,267.839,-7.979,3.943,295,235,0,0,0,0
368.007,271.782,-7.979,3.943,295,235,0,0,0,0
360.028,275.725,-7.979,3.943,295,235,0,0,0,0
352.049,279.668,-7.979,3.943,295,235,0,0,0,0
344.07,283.61,-7.979,3.943,295,235,0,0,0,0
336.091,287.553,-7.979,3.943,295,235,0,0,0,0
328.112,291.496,-7.979,3.943,295,235,0,0,0,0
320.133,295.439,-7.979,3.943,295,235,0,0,0,0
312.154,299.381,-7.979,3.943,295,235,0,0,0,0
304.175,303.324,-7.979,3.943,295,235,0,0,0,0
296.196,307.267,-7.979,3.943,295,235,0,0,0,0
288.217,311.21,-7.979,3.943,295,235,0,0,0,0
280.238,315.152,-7.979,3.943,295,235,0,0,0,0
272.259,319.095,-7.979,3.943,295,235,0,0,0,0
264.28,323.038,-7.979,3.943,295,235,0,0,0,0
256.301,326.981,-7.979,3.943,295,235,0,0,0,0
248.322,330.923,-7.979,3.943,300,235,1,0,0,0
240.343,334.866,-7.979,3.943,305,235,1,0,0,0
232.364,338.809,-7.979,3.943,310,235,1,0,0,0
224.385,342.752,-7.979,3.943,315,235,1,0,0,0
216.406,346.694,-7.979,3.943,320,235,1,0,0,0
208.427,350.637,-7.979,3.943,325,235,1,0,0,0
200.448,354.58,-7.979,3.943,330,235,1,0,0,0
192.469,358.523,-7.979,3.943,335,240,1,1,0,0
184.489,362.465,-7.979,3.943,335,245,0,1,0,0
176.51,366.408,-7.979,3.943,335,250,0,1,0,0
168.531,370.351,-7.979,3.943,335,255,0,1,0,0
160.552,374.293,-7.979,3.943,335,260,0,1,0,0
152.573,378.236,-7.979,3.943,335,265,0,1,0,0
144.594,382.179,-7.979,3.943,335,270,0,1,0,0
136.615,386.122,-7.979,3.943,335,275,0,1,0,0
128.636,390.064,-7.979,3.943,335,280,0,1,0,0
120.657,394.007,-7.979,3.943,335,285,0,1,0,0
112.678,397.95,-7.979,3.943,335,290,0,1,0,0
104.699,401.893,-7.979,3.943,335,295,0,1,0,0
96.72,405.835,-7.979,3.943,335,300,0,1,0,0
88.741,409.778,-7.979,3.943,335,305,0,1,0,0
80.762,413.721,-7.979,3.943,335,310,0,1,0,0
72.783,417.664,-7.979,3.943,335,315,0,1,0,0
64.804,421.606,-7.979,3.943,340,320,1,1,0,0
56.825,425.549,-7.979,3.943,345,325,1,1,0,0
48.846,429.492,-7.979,3.943,350,325,1,0,0,0
49.0,433.435,4.923,7.772,355,325,1,0,0,0
53.923,441.207,4.923,7.772,360,325,1,0,0,0
58.845,448.979,4.923,7.772,365,325,1,0,0,0
63.768,456.751,4.923,7.772,370,325,1,0,0,0
68.69,464.524,4.923,7.772,375,325,1,0,0,0
73.613,472.296,4.923,7.772,380,325,1,0,0,0
78.535,480.068,4.923,7.772,385,330,1,1,0,0
83.458,487.841,4.923,7.772,390,335,1,1,0,0
88.381,495.613,4.923,7.772,395,340,1,1,0,0
93.303,503.385,4.923,7.772,400,345,1,1,0,0
98.226,511.157,4.923,7.772,405,350,1,1,0,0
103.148,518.93,4.923,7.772,410,355,1,1,0,0
108.071,526.702,4.923,7.772,415,360,1,1,0,0
112.993,534.474,4.923,7.772,420,365,1,1,0,0
117.916,542.247,4.923,7.772,425,370,1,1,0,0
122.838,550.019,4.923,7.772,425,375,0,1,0,0
127.761,557.791,4.923,7.772,425,380,0,1,0,0
132.684,565.563,4.923,7.772,425,385,0,1,0,0
137.606,573.336,4.923,7.772,425,390,0,1,0,0
142.529,581.108,4.923,7.772,425,395,0,1,0,0
147.451,588.88,4.923,7.772,425,400,0,1,0,0
152.374,594.0,4.923,-7.772,425,405,0,1,0,0
157.296,586.228,4.923,-7.772,425,410,0,1,0,0
162.219,578.455,4.923,-7.772,425,415,0,1,0,0
167.142,570.683,4.923,-7.772,425,420,0,1,0,0
172.064,562.911,4.923,-7.772,425,425,0,1,0,0
176.987,555.139,4.923,-7.772,425,430,0,1,0,0
181.909,547.366,4.923,-7.772,425,435,0,1,0,0
186.832,539.594,4.923,-7.772,425,435,0,0,0,0
191.754,531.822,4.923,-7.772,425,435,0,0,0,0
196.677,524.049,4.923,-7.772,425,430,0,-1,0,0
201.6,516.277,4.923,-7.772,425,425,0,-1,0,0
206.522,508.505,4.923,-7.772,425,420,0,-1,0,0
211.445,500.733,4.923,-7.772,425,415,0,-1,0,0
216.367,492.96,4.923,-7.772,425,410,0,-1,0,0
221.29,485.188,4.923,-7.772,425,405,0,-1,0,0
226.212,477.416,4.923,-7.772,425,400,0,-1,0,0
231.135,469.644,4.923,-7.772,425,395,0,-1,0,0
236.057,461.871,4.923,-7.772,425,390,0,-1,0,0
240.98,454.099,4.923,-7.772,425,385,0,-1,0,0
245.903,446.327,4.923,-7.772,425,380,0,-1,0,0
250.825,438.554,4.923,-7.772,425,375,0,-1,0,0
255.748,430.782,4.923,-7.772,425,370,0,-1,0,0
260.67,423.01,4.923,-7.772,425,365,0,-1,0,0
265.593,415.238,4.923,-7.772,425,360,0,-1,0,0
270.515,407.465,4.923,-7.772,425,355,0,-1,0,0
275.438,399.693,4.923,-7.772,425,350,0,-1,0,0
280.361,391.921,4.923,-7.772,425,345,0,-1,0,0
285.283,384.148,4.923,-7.772,425,340,0,-1,0,0
290.206,376.376,4.923,-7.772,425,335,0,-1,0,0
295.128,368.604,4.923,-7.772,425,330,0,-1,0,0
300.051,360.832,4.923,-7.772,425,325,0,-1,0,0
304.973,353.059,4.923,-7.772,425,320,0,-1,0,0
309.896,345.287,4.923,-7.772,425,315,0,-1,0,0
314.819,337.515,4.923,-7.772,425,310,0,-1,0,0
319.741,329.742,4.923,-7.772,425,305,0,-1,0,0
324.664,321.97,4.923,-7.772,425,300,0,-1,0,0
329.586,314.198,4.923,-7.772,425,295,0,-1,0,0
334.509,306.426,4.923,-7.772,425,290,0,-1,0,0
339.431,298.653,4.923,-7.772,425,285,0,-1,0,0
344.354,290.881,4.923,-7.772,425,280,0,-1,0,0
349.276,283.109,4.923,-7.772,425,275,0,-1,0,0
354.199,275.336,4.923,-7.772,425,270,0,-1,0,0
359.122,267.564,4.923,-7.772,425,265,0,-1,0,0
364.044,259.792,4.923,-7.772,425,260,0,-1,0,0
368.967,252.02,4.923,-7.772,425,255,0,-1,0,0
373.889,244.247,4.923,-7.772,425,250,0,-1,0,0
378.812,236.475,4.923,-7.772,425,245,0,-1,0,0
383.734,228.703,4.923,-7.772,425,240,0,-1,0,0
388.657,220.931,4.923,-7.772,425,235,0,-1,0,0
393.58,213.158,4.923,-7.772,425,230,0,-1,0,0
398.502,205.386,4.923,-7.772,425,225,0,-1,0,0
403.425,197.614,4.923,-7.772,425,220,0,-1,0,0
408.347,189.841,4.923,-7.772,425,215,0,-1,0,0
413.27,182.069,4.923,-7.772,425,210,0,-1,0,0
418.192,174.297,4.923,-7.772,425,205,0,-1,0,0
423.115,166.525,4.923,-7.772,425,200,0,-1,0,0
428.037,158.752,4.923,-7.772,425,195,0,-1,0,0
432.96,150.98,4.923,-7.772,425,190,0,-1,0,0
437.883,143.208,4.923,-7.772,425,185,0,-1,0,0
442.805,135.435,4.923,-7.772,425,180,0,-1,0,0
447.728,127.663,4.923,-7.772,425,175,0,-1,0,0
452.65,119.891,4.923,-7.772,425,170,0,-1,0,0
457.573,112.119,4.923,-7.772,425,165,0,-1,0,0
462.495,104.346,4.923,-7.772,425,160,0,-1,0,0
467.418,96.574,4.923,-7.772,425,155,0,-1,0,0
472.341,88.802,4.923,-7.772,425,150,0,-1,0,0
477.263,81.029,4.923,-7.772,425,145,0,-1,0,0
482.186,73.257,4.923,-7.772,425,150,0,1,0,0
487.108,65.485,4.923,-7.772,425,155,0,1,0,0
492.031,57.713,4.923,-7.772,425,160,0,1,0,0
496.953,49.94,4.923,-7.772,425,165,0,1,0,0
501.876,42.168,4.923,-7.772,425,170,0,1,0,0
506.799,34.396,4.923,-7.772,425,175,0,1,0,0
511.721,26.623,4.923,-7.772,425,180,0,1,0,0
516.644,18.851,4.923,-7.772,425,185,0,1,0,0
521.566,11.079,4.923,-7.772,425,190,0,1,0,0
526.489,6.0,4.923,7.772,425,195,0,1,0,0
531.411,13.772,4.923,7.772,425,200,0,1,0,0
536.334,21.545,4.923,7.772,425,200,0,0,0,0
541.256,29.317,4.923,7.772,425,200,0,0,0,0
546.179,37.089,4.923,7.772,425,200,0,0,0,0
551.102,44.861,4.923,7.772,425,200,0,0,0,0
556.024,52.634,4.923,7.772,425,200,0,0,0,0
560.947,60.406,4.923,7.772,425,200,0,0,0,0
565.869,68.178,4.923,7.772,425,200,0,0,0,0
570.792,75.951,4.923,7.772,425,200,0,0,0,0
575.714,83.723,4.923,7.772,425,200,0,0,0,0
580.637,91.495,4.923,7.772,425,200,0,0,0,0
585.56,99.267,4.923,7.772,425,200,0,0,0,0
590.482,107.04,4.923,7.772,425,200,0,0,0,0
595.405,114.812,4.923,7.772,425,200,0,0,0,0
600.327,122.584,4.923,7.772,425,205,0,1,0,0
605.25,130.356,4.923,7.772,425,210,0,1,0,0
610.172,138.129,4.923,7.772,425,215,0,1,0,0
615.095,145.901,4.923,7.772,425,220,0,1,0,0
620.018,153.673,4.923,7.772,425,225,0,1,0,0
624.94,161.446,4.923,7.772,425,230,0,1,0,0
629.863,169.218,4.923,7.772,425,235,0,1,0,0
634.785,176.99,4.923,7.772,425,235,0,0,0,0
639.708,184.762,4.923,7.772,425,235,0,0,0,0
644.63,192.535,4.923,7.772,425,235,0,0,0,0
649.553,200.307,4.923,7.772,425,235,0,0,0,0
654.475,208.079,4.923,7.772,425,235,0,0,0,0
659.398,215.852,4.923,7.772,425,235,0,0,0,0
664.321,223.624,4.923,7.772,425,240,0,1,0,0
669.243,231.396,4.923,7.772,425,245,0,1,0,0
674.166,239.168,4.923,7.772,425,250,0,1,0,0
679.088,246.941,4.923,7.772,425,255,0,1,0,0
684.011,254.713,4.923,7.772,425,260,0,1,0,0
688.933,262.485,4.923,7.772,425,265,0,1,0,0
693.856,270.258,4.923,7.772,425,270,0,1,0,0
698.779,278.03,4.923,7.772,425,275,0,1,0,0
703.701,285.802,4.923,7.772,425,280,0,1,0,0
708.624,293.574,4.923,7.772,425,285,0,1,0,0
713.546,301.347,4.923,7.772,425,290,0,1,0,0
718.469,309.119,4.923,7.772,425,295,0,1,0,0
723.391,316.891,4.923,7.772,425,300,0,1,0,0
728.314,324.664,4.923,7.772,425,305,0,1,0,0
733.237,332.436,4.923,7.772,425,310,0,1,0,0
738.159,340.208,4.923,7.772,425,315,0,1,0,0
743.082,347.98,4.923,7.772,425,320,0,1,0,0
748.004,355.753,4.923,7.772,425,325,0,1,0,0
752.927,363.525,4.923,7.772,425,330,0,1,0,0
751.0,371.297,-9.455,-0.919,425,335,0,1,0,0
741.545,370.378,-9.455,-0.919,425,340,0,1,0,0
732.089,369.458,-9.455,-0.919,425,345,0,1,0,0
722.634,368.539,-9.455,-0.919,425,350,0,1,0,0
713.178,367.619,-9.455,-0.919,425,355,0,1,0,0
703.723,366.7,-9.455,-0.919,425,360,0,1,0,0
694.268,365.78,-9.455,-0.919,425,365,0,1,0,0
684.812,364.861,-9.455,-0.919,425,370,0,1,0,0
675.357,363.941,-9.455,-0.919,425,375,0,1,0,0
665.901,363.022,-9.455,-0.919,425,380,0,1,0,0
656.446,362.102,-9.455,-0.919,425,385,0,1,0,0
646.991,361.183,-9.455,-0.919,425,390,0,1,0,0
637.535,360.264,-9.455,-0.919,425,395,0,1,0,0
628.08,359.344,-9.455,-0.919,425,400,0,1,0,0
618.624,358.425,-9.455,-0.919,425,405,0,1,0,0
609.169,357.505,-9.455,-0.919,425,410,0,1,0,0
599.714,356.586,-9.455,-0.919,425,415,0,1,0,0
590.258,355.666,-9.455,-0.919,425,420,0,1,0,0
580.803,354.747,-9.455,-0.919,425,420,0,0,0,0
571.347,353.827,-9.455,-0.919,420,420,-1,0,0,0
561.892,352.908,-9.455,-0.919,415,420,-1,0,0,0
552.437,351.988,-9.455,-0.919,410,420,-1,0,0,0
542.981,351.069,-9.455,-0.919,405,420,-1,0,0,0
533.526,350.149,-9.455,-0.919,400,420,-1,0,0,0
524.07,349.23,-9.455,-0.919,395,420,-1,0,0,0
514.615,348.31,-9.455,-0.919,390,415,-1,-1,0,0
505.16,347.391,-9.455,-0.919,385,410,-1,-1,0,0
495.704,346.471,-9.455,-0.919,380,405,-1,-1,0,0
486.249,345.552,-9.455,-0.919,375,400,-1,-1,0,0
476.793,344.632,-9.455,-0.919,370,395,-1,-1,0,0
467.338,343.713,-9.455,-0.919,365,390,-1,-1,0,0
457.883,342.793,-9.455,-0.919,360,385,-1,-1,0,0
448.427,341.874,-9.455,-0.919,360,380,0,-1,0,0
438.972,340.955,-9.455,-0.919,360,375,0,-1,0,0
429.516,340.035,-9.455,-0.919,360,370,0,-1,0,0
420.061,339.116,-9.455,-0.919,360,365,0,-1,0,0
410.606,338.196,-9.455,-0.919,355,360,-1,-1,0,0
401.15,337.277,-9.455,-0.919,350,355,-1,-1,0,0
391.695,336.357,-9.455,-0.919,345,350,-1,-1,0,0
382.239,335.438,-9.455,-0.919,340,345,-1,-1,0,0
372.784,334.518,-9.455,-0.919,335,340,-1,-1,0,0
363.329,333.599,-9.455,-0.919,330,335,-1,-1,0,0
353.873,332.679,-9.455,-0.919,325,330,-1,-1,0,0
344.418,331.76,-9.455,-0.919,320,325,-1,-1,0,0
334.962,330.84,-9.455,-0.919,315,320,-1,-1,0,0
325.507,329.921,-9.455,-0.919,310,315,-1,-1,0,0
316.052,329.001,-9.455,-0.919,305,310,-1,-1,0,0
306.596,328.082,-9.455,-0.919,300,305,-1,-1,0,0
297.141,327.162,-9.455,-0.919,300,300,0,-1,0,0
287.685,326.243,-9.455,-0.919,300,295,0,-1,0,0
278.23,325.323,-9.455,-0.919,300,290,0,-1,0,0
268.775,324.404,-9.455,-0.919,300,285,0,-1,0,0
259.319,323.484,-9.455,-0.919,300,280,0,-1,0,0
249.864,322.565,-9.455,-0.919,300,275,0,-1,0,0
240.408,321.646,-9.455,-0.919,295,270,-1,-1,0,0
230.953,320.726,-9.455,-0.919,290,265,-1,-1,0,0
221.498,319.807,-9.455,-0.919,285,260,-1,-1,0,0
212.042,318.887,-9.455,-0.919,280,255,-1,-1,0,0
202.587,317.968,-9.455,-0.919,275,250,-1,-1,0,0
193.131,317.048,-9.455,-0.919,270,245,-1,-1,0,0
183.676,316.129,-9.455,-0.919,265,240,-1,-1,0,0
174.221,315.209,-9.455,-0.919,260,235,-1,-1,0,0
164.765,314.29,-9.455,-0.919,255,230,-1,-1,0,0
155.31,313.37,-9.455,-0.919,250,225,-1,-1,0,0
145.854,312.451,-9.455,-0.919,250,225,0,0,0,0
136.399,311.531,-9.455,-0.919,250,225,0,0,0,0
126.944,310.612,-9.455,-0.919,250,225,0,0,0,0
117.488,309.692,-9.455,-0.919,250,225,0,0,0,0
108.033,308.773,-9.455,-0.919,250,225,0,0,0,0
98.577,307.853,-9.455,-0.919,250,225,0,0,0,0
89.122,306.934,-9.455,-0.919,250,225,0,0,0,0
79.667,306.014,-9.455,-0.919,250,225,0,0,0,0
70.211,305.095,-9.455,-0.919,250,225,0,0,0,0
60.756,304.175,-9.455,-0.919,250,225,0,0,0,0
51.3,303.256,-9.455,-0.919,250,225,0,0,0,0
49.0,302.337,9.293,3.11,250,225,0,0,0,0
58.293,305.447,9.293,3.11,250,225,0,0,0,0
67.587,308.557,9.293,3.11,250,225,0,0,0,0
76.88,311.668,9.293,3.11,250,225,0,0,0,0
86.173,314.778,9.293,3.11,250,225,0,0,0,0
95.467,317.888,9.293,3.11,250,225,0,0,0,0
104.76,320.999,9.293,3.11,250,225,0,0,0,0
114.053,324.109,9.293,3.11,250,225,0,0,0,0
123.346,327.219,9.293,3.11,250,225,0,0,0,0
132.64,330.33,9.293,3.11,250,225,0,0,0,0
141.933,333.44,9.293,3.11,250,225,0,0,0,0
151.226,336.551,9.293,3.11,250,230,0,1,0,0
160.52,339.661,9.293,3.11,250,235,0,1,0,0
169.813,342.771,9.293,3.11,250,240,0,1,0,0
179.106,345.882,9.293,3.11,250,245,0,1,0,0
188.4,348.992,9.293,3.11,250,250,0,1,0,0
197.693,352.102,9.293,3.11,250,255,0,1,0,0
206.986,355.213,9.293,3.11,250,260,0,1,0,0
216.28,358.323,9.293,3.11,250,265,0,1,0,0
225.573,361.433,9.293,3.11,250,270,0,1,0,0
234.866,364.544,9.293,3.11,250,275,0,1,0,0
244.16,367.654,9.293,3.11,250,280,0,1,0,0
253.453,370.765,9.293,3.11,250,285,0,1,0,0
262.746,373.875,9.293,3.11,250,290,0,1,0,0
272.039,376.985,9.293,3.11,250,295,0,1,0,0
281.333,380.096,9.293,3.11,250,300,0,1,0,0
290.626,383.206,9.293,3.11,250,305,0,1,0,0
299.919,386.316,9.293,3.11,250,310,0,1,0,0
309.213,389.427,9.293,3.11,250,315,0,1,0,0
318.506,392.537,9.293,3.11,250,320,0,1,0,0
327.799,395.647,9.293,3.11,250,325,0,1,0,0
337.093,398.758,9.293,3.11,250,330,0,1,0,0
346.386,401.868,9.293,3.11,250,335,0,1,0,0
355.679,404.979,9.293,3.11,250,340,0,1,0,0
364.973,408.089,9.293,3.11,250,345,0,1,0,0
374.266,411.199,9.293,3.11,250,350,0,1,0,0
383.559,414.31,9.293,3.11,250,355,0,1,0,0
392.853,417.42,9.293,3.11,250,360,0,1,0,0
402.146,420.53,9.293,3.11,250,365,0,1,0,0
411.439,423.641,9.293,3.11,250,370,0,1,0,0
420.732,426.751,9.293,3.11,250,375,0,1,0,0
430.026,429.861,9.293,3.11,250,380,0,1,0,0
439.319,432.972,9.293,3.11,250,385,0,1,0,0
448.612,436.082,9.293,3.11,250,390,0,1,0,0
457.906,439.193,9.293,3.11,250,395,0,1,0,0
467.199,442.303,9.293,3.11,250,400,0,1,0,0
476.492,445.413,9.293,3.11,250,405,0,1,0,0
485.786,448.524,9.293,3.11,250,410,0,1,0,0
495.079,451.634,9.293,3.11,250,415,0,1,0,0
504.372,454.744,9.293,3.11,250,420,0,1,0,0
513.666,457.855,9.293,3.11,250,425,0,1,0,0
522.959,460.965,9.293,3.11,250,430,0,1,0,0
532.252,464.075,9.293,3.11,250,435,0,1,0,0
541.546,467.186,9.293,3.11,250,440,0,1,0,0
550.839,470.296,9.293,3.11,250,445,0,1,0,0
560.132,473.406,9.293,3.11,250,450,0,1,0,0
569.425,476.517,9.293,3.11,250,455,0,1,0,0
578.719,479.627,9.293,3.11,250,460,0,1,0,0
588.012,482.738,9.293,3.11,250,465,0,1,0,0
597.305,485.848,9.293,3.11,250,470,0,1,0,0
606.599,488.958,9.293,3.11,250,475,0,1,0,0
615.892,492.069,9.293,3.11,250,480,0,1,0,0
625.185,495.179,9.293,3.11,250,485,0,1,0,0
634.479,498.289,9.293,3.11,250,490,0,1,0,0
643.772,501.4,9.293,3.11,250,495,0,1,0,0
653.065,504.51,9.293,3.11,250,500,0,1,0,0
662.359,507.62,9.293,3.11,250,505,0,1,0,0
671.652,510.731,9.293,3.11,250,510,0,1,0,0
680.945,513.841,9.293,3.11,250,515,0,1,0,0
690.239,516.952,9.293,3.11,250,515,0,0,0,0
699.532,520.062,9.293,3.11,250,515,0,0,0,0
708.825,523.172,9.293,3.11,250,515,0,0,0,0
718.118,526.283,9.293,3.11,250,515,0,0,0,0
727.412,529.393,9.293,3.11,250,515,0,0,0,0
736.705,532.503,9.293,3.11,250,515,0,0,0,0
745.998,535.614,9.293,3.11,250,515,0,0,0,0
751.0,538.724,-9.197,-4.175,250,515,0,0,0,0
741.803,534.55,-9.197,-4.175,250,515,0,0,0,0
732.606,530.375,-9.197,-4.175,250,515,0,0,0,0
723.409,526.2,-9.197,-4.175,250,515,0,0,0,0
714.212,522.026,-9.197,-4.175,250,515,0,0,0,0
705.016,517.851,-9.197,-4.175,250,515,0,0,0,0
695.819,513.677,-9.197,-4.175,250,515,0,0,0,0
686.622,509.502,-9.197,-4.175,250,515,0,0,0,0
677.425,505.328,-9.197,-4.175,250,515,0,0,0,0
668.228,501.153,-9.197,-4.175,250,515,0,0,0,0
659.031,496.978,-9.197,-4.175,250,515,0,0,0,0
649.834,492.804,-9.197,-4.175,250,515,0,0,0,0
640.637,488.629,-9.197,-4.175,250,515,0,0,0,0
631.44,484.455,-9.197,-4.175,250,510,0,-1,0,0
622.243,480.28,-9.197,-4.175,250,505,0,-1,0,0
613.047,476.106,-9.197,-4.175,255,500,1,-1,0,0
603.85,471.931,-9.197,-4.175,260,495,1,-1,0,0
594.653,467.756,-9.197,-4.175,265,490,1,-1,0,0
585.456,463.582,-9.197,-4.175,270,485,1,-1,0,0
576.259,459.407,-9.197,-4.175,275,480,1,-1,0,0
567.062,455.233,-9.197,-4.175,280,475,1,-1,0,0
557.865,451.058,-9.197,-4.175,285,470,1,-1,0,0
548.668,446.884,-9.197,-4.175,290,465,1,-1,0,0
539.471,442.709,-9.197,-4.175,295,460,1,-1,0,0
530.274,438.534,-9.197,-4.175,300,455,1,-1,0,0
521.078,434.36,-9.197,-4.175,305,450,1,-1,0,0
511.881,430.185,-9.197,-4.175,310,445,1,-1,0,0
502.684,426.011,-9.197,-4.175,315,440,1,-1,0,0
493.487,421.836,-9.197,-4.175,315,435,0,-1,0,0
484.29,417.662,-9.197,-4.175,315,430,0,-1,0,0
475.093,413.487,-9.197,-4.175,315,425,0,-1,0,0
465.896,409.312,-9.197,-4.175,315,420,0,-1,0,0
456.699,405.138,-9.197,-4.175,315,415,0,-1,0,0
447.502,400.963,-9.197,-4.175,315,410,0,-1,0,0
438.305,396.789,-9.197,-4.175,315,405,0,-1,0,0
429.109,392.614,-9.197,-4.175,315,400,0,-1,0,0
419.912,388.44,-9.197,-4.175,315,395,0,-1,0,0
410.715,384.265,-9.197,-4.175,315,390,0,-1,0,0
401.518,380.09,-9.197,-4.175,315,385,0,-1,0,0
392.321,375.916,-9.197,-4.175,315,380,0,-1,0,0
383.124,371.741,-9.197,-4.175,315,375,0,-1,0,0
373.927,367.567,-9.197,-4.175,315,370,0,-1,0,0
364.73,363.392,-9.197,-4.175,315,365,0,-1,0,0
355.533,359.217,-9.197,-4.175,315,360,0,-1,0,0
346.336,355.043,-9.197,-4.175,315,355,0,-1,0,0
337.14,350.868,-9.197,-4.175,315,350,0,-1,0,0
327.943,346.694,-9.197,-4.175,315,345,0,-1,0,0
318.746,342.519,-9.197,-4.175,315,340,0,-1,0,0
309.549,338.345,-9.197,-4.175,315,335,0,-1,0,0
300.352,334.17,-9.197,-4.175,315,330,0,-1,0,0
291.155,329.995,-9.197,-4.175,315,325,0,-1,0,0
281.958,325.821,-9.197,-4.175,315,320,0,-1,0,0
272.761,321.646,-9.197,-4.175,315,315,0,-1,0,0
263.564,317.472,-9.197,-4.175,315,310,0,-1,0,0
254.367,313.297,-9.197,-4.175,320,305,1,-1,0,0
245.171,309.123,-9.197,-4.175,325,300,1,-1,0,0
235.974,304.948,-9.197,-4.175,330,295,1,-1,0,0
226.777,300.773,-9.197,-4.175,335,290,1,-1,0,0
217.58,296.599,-9.197,-4.175,340,285,1,-1,0,0
208.383,292.424,-9.197,-4.175,345,280,1,-1,0,0
199.186,288.25,-9.197,-4.175,345,275,0,-1,0,0
189.989,284.075,-9.197,-4.175,345,270,0,-1,0,0
180.792,279.901,-9.197,-4.175,345,265,0,-1,0,0
171.595,275.726,-9.197,-4.175,345,260,0,-1,0,0
162.398,271.551,-9.197,-4.175,345,255,0,-1,0,0
153.202,267.377,-9.197,-4.175,340,250,-1,-1,0,0
144.005,263.202,-9.197,-4.175,335,245,-1,-1,0,0
134.808,259.028,-9.197,-4.175,330,240,-1,-1,0,0
125.611,254.853,-9.197,-4.175,325,235,-1,-1,0,0
116.414,250.679,-9.197,-4.175,320,230,-1,-1,0,0
107.217,246.504,-9.197,-4.175,315,225,-1,-1,0,0
98.02,242.329,-9.197,-4.175,310,220,-1,-1,0,0
88.823,238.155,-9.197,-4.175,305,215,-1,-1,0,0
79.626,233.98,-9.197,-4.175,300,210,-1,-1,0,0
70.43,229.806,-9.197,-4.175,295,205,-1,-1,0,0
61.233,225.631,-9.197,-4.175,290,200,-1,-1,0,0
52.036,221.457,-9.197,-4.175,285,195,-1,-1,0,0
42.839,217.282,-9.197,-4.175,280,190,-1,-1,0,0
33.642,213.107,-9.197,-4.175,275,185,-1,-1,0,0
24.445,208.933,-9.197,-4.175,270,180,-1,-1,0,0
15.248,204.758,-9.197,-4.175,265,175,-1,-1,0,0
6.051,200.584,-9.197,-4.175,260,170,-1,-1,0,0
-3.146,196.409,-9.197,-4.175,255,165,-1,-1,0,0
400.0,300.0,4.877,-1.104,250,160,-1,-1,0,1
404.877,298.896,4.877,-1.104,250,160,0,0,0,0
409.753,297.792,4.877,-1.104,250,160,0,0,0,0
414.63,296.689,4.877,-1.104,250,160,0,0,0,0
419.507,295.585,4.877,-1.104,250,160,0,0,0,0
424.383,294.481,4.877,-1.104,250,160,0,0,0,0
429.26,293.377,4.877,-1.104,250,160,0,0,0,0
434.137,292.273,4.877,-1.104,250,160,0,0,0,0
439.013,291.17,4.877,-1.104,250,160,0,0,0,0
443.89,290.066,4.877,-1.104,250,160,0,0,0,0
448.766,288.962,4.877,-1.104,250,160,0,0,0,0
453.643,287.858,4.877,-1.104,250,165,0,1,0,0
458.52,286.755,4.877,-1.104,250,170,0,1,0,0
463.396,285.651,4.877,-1.104,250,175,0,1,0,0
468.273,284.547,4.877,-1.104,250,180,0,1,0,0
473.15,283.443,4.877,-1.104,250,185,0,1,0,0
478.026,282.339,4.877,-1.104,250,190,0,1,0,0
482.903,281.236,4.877,-1.104,250,195,0,1,0,0
487.78,280.132,4.877,-1.104,250,200,0,1,0,0
492.656,279.028,4.877,-1.104,250,205,0,1,0,0
497.533,277.924,4.877,-1.104,250,210,0,1,0,0
502.41,276.82,4.877,-1.104,250,215,0,1,0,0
507.286,275.717,4.877,-1.104,250,220,0,1,0,0
512.163,274.613,4.877,-1.104,250,225,0,1,0,0
517.039,273.509,4.877,-1.104,250,230,0,1,0,0
521.916,272.405,4.877,-1.104,250,235,0,1,0,0
526.793,271.301,4.877,-1.104,250,240,0,1,0,0
531.669,270.198,4.877,-1.104,250,240,0,0,0,0
536.546,269.094,4.877,-1.104,250,240,0,0,0,0
541.423,267.99,4.877,-1.104,250,240,0,0,0,0
546.299,266.886,4.877,-1.104,250,240,0,0,0,0
551.176,265.783,4.877,-1.104,250,240,0,0,0,0
556.053,264.679,4.877,-1.104,250,240,0,0,0,0
560.929,263.575,4.877,-1.104,250,240,0,0,0,0
565.806,262.471,4.877,-1.104,250,240,0,0,0,0
570.683,261.367,4.877,-1.104,250,240,0,0,0,0
575.559,260.264,4.877,-1.104,250,240,0,0,0,0
580.436,259.16,4.877,-1.104,250,240,0,0,0,0
585.312,258.056,4.877,-1.104,250,235,0,-1,0,0
590.189,256.952,4.877,-1.104,250,230,0,-1,0,0
595.066,255.848,4.877,-1.104,250,225,0,-1,0,0
599.942,254.745,4.877,-1.104,250,220,0,-1,0,0
604.819,253.641,4.877,-1.104,250,215,0,-1,0,0
609.696,252.537,4.877,-1.104,250,210,0,-1,0,0
614.572,251.433,4.877,-1.104,250,205,0,-1,0,0
619.449,250.33,4.877,-1.104,250,200,0,-1,0,0
624.326,249.226,4.877,-1.104,250,195,0,-1,0,0
629.202,248.122,4.877,-1.104,250,190,0,-1,0,0
634.079,247.018,4.877,-1.104,250,185,0,-1,0,0
638.956,245.914,4.877,-1.104,250,180,0,-1,0,0
643.832,244.811,4.877,-1.104,245,180,-1,0,0,0
648.709,243.707,4.877,-1.104,240,180,-1,0,0,0
653.585,242.603,4.877,-1.104,235,180,-1,0,0,0
658.462,241.499,4.877,-1.104,230,180,-1,0,0,0
663.339,240.395,4.877,-1.104,225,180,-1,0,0,0
668.215,239.292,4.877,-1.104,220,180,-1,0,0,0
673.092,238.188,4.877,-1.104,215,180,-1,0,0,0
677.969,237.084,4.877,-1.104,210,180,-1,0,0,0
682.845,235.98,4.877,-1.104,205,180,-1,0,0,0
687.722,234.876,4.877,-1.104,200,180,-1,0,0,0
692.599,233.773,4.877,-1.104,195,180,-1,0,0,0
697.475,232.669,4.877,-1.104,190,180,-1,0,0,0
702.352,231.565,4.877,-1.104,185,180,-1,0,0,0
707.229,230.461,4.877,-1.104,180,180,-1,0,0,0
712.105,229.358,4.877,-1.104,180,180,0,0,0,0
716.982,228.254,4.877,-1.104,180,180,0,0,0,0
721.858,227.15,4.877,-1.104,180,180,0,0,0,0
726.735,226.046,4.877,-1.104,180,180,0,0,0,0
731.612,224.942,4.877,-1.104,180,180,0,0,0,0
736.488,223.839,4.877,-1.104,180,180,0,0,0,0
741.365,222.735,4.877,-1.104,180,180,0,0,0,0
746.242,221.631,4.877,-1.104,185,180,1,0,0,0
751.118,220.527,4.877,-1.104,190,180,1,0,0,0
751.0,219.423,-5.299,-0.08,195,180,1,0,0,0
745.701,219.343,-5.299,-0.08,200,180,1,0,0,0
740.401,219.263,-5.299,-0.08,205,180,1,0,0,0
735.102,219.183,-5.299,-0.08,210,180,1,0,0,0
729.802,219.103,-5.299,-0.08,215,180,1,0,0,0
724.503,219.023,-5.299,-0.08,215,180,0,0,0,0
719.204,218.943,-5.299,-0.08,215,185,0,1,0,0
713.904,218.863,-5.299,-0.08,215,190,0,1,0,0
708.605,218.783,-5.299,-0.08,215,195,0,1,0,0
703.305,218.703,-5.299,-0.08,215,200,0,1,0,0
698.006,218.623,-5.299,-0.08,215,205,0,1,0,0
692.707,218.543,-5.299,-0.08,215,210,0,1,0,0
687.407,218.463,-5.299,-0.08,215,215,0,1,0,0
682.108,218.383,-5.299,-0.08,215,220,0,1,0,0
676.808,218.303,-5.299,-0.08,215,225,0,1,0,0
671.509,218.223,-5.299,-0.08,215,230,0,1,0,0
666.21,218.143,-5.299,-0.08,215,235,0,1,0,0
660.91,218.063,-5.299,-0.08,215,240,0,1,0,0
655.611,217.983,-5.299,-0.08,215,245,0,1,0,0
650.311,217.903,-5.299,-0.08,215,250,0,1,0,0
645.012,217.823,-5.299,-0.08,215,255,0,1,0,0
639.713,217.743,-5.299,-0.08,215,260,0,1,0,0
634.413,217.663,-5.299,-0.08,215,265,0,1,0,0
629.114,217.583,-5.299,-0.08,215,270,0,1,0,0
623.814,217.503,-5.299,-0.08,215,275,0,1,0,0
618.515,217.423,-5.299,-0.08,215,280,0,1,0,0
613.216,217.343,-5.299,-0.08,215,285,0,1,0,0
607.916,217.263,-5.299,-0.08,215,290,0,1,0,0
602.617,217.183,-5.299,-0.08,210,295,-1,1,0,0
597.318,217.103,-5.299,-0.08,205,300,-1,1,0,0
592.018,217.023,-5.299,-0.08,200,305,-1,1,0,0
586.719,216.943,-5.299,-0.08,195,310,-1,1,0,0
581.419,216.863,-5.299,-0.08,190,310,-1,0,0,0
576.12,216.783,-5.299,-0.08,185,310,-1,0,0,0
570.821,216.703,-5.299,-0.08,180,310,-1,0,0,0
565.521,216.623,-5.299,-0.08,175,310,-1,0,0,0
560.222,216.543,-5.299,-0.08,170,310,-1,0,0,0
554.922,216.463,-5.299,-0.08,165,310,-1,0,0,0
549.623,216.383,-5.299,-0.08,160,310,-1,0,0,0
544.324,216.303,-5.299,-0.08,155,310,-1,0,0,0
539.024,216.223,-5.299,-0.08,150,310,-1,0,0,0
533.725,216.143,-5.299,-0.08,145,310,-1,0,0,0
528.425,216.063,-5.299,-0.08,140,310,-1,0,0,0
523.126,215.983,-5.299,-0.08,135,310,-1,0,0,0
517.827,215.903,-5.299,-0.08,130,310,-1,0,0,0
512.527,215.823,-5.299,-0.08,125,310,-1,0,0,0
507.228,215.743,-5.299,-0.08,120,310,-1,0,0,0
501.928,215.663,-5.299,-0.08,115,310,-1,0,0,0
496.629,215.583,-5.299,-0.08,110,310,-1,0,0,0
491.33,215.503,-5.299,-0.08,105,310,-1,0,0,0
486.03,215.423,-5.299,-0.08,100,310,-1,0,0,0
480.731,215.343,-5.299,-0.08,95,310,-1,0,0,0
475.431,215.263,-5.299,-0.08,95,310,0,0,0,0
470.132,215.183,-5.299,-0.08,95,310,0,0,0,0
464.833,215.103,-5.299,-0.08,95,310,0,0,0,0
459.533,215.023,-5.299,-0.08,95,310,0,0,0,0
454.234,214.943,-5.299,-0.08,95,310,0,0,0,0
448.934,214.863,-5.299,-0.08,95,310,0,0,0,0
443.635,214.783,-5.299,-0.08,95,310,0,0,0,0
438.336,214.703,-5.299,-0.08,95,310,0,0,0,0
433.036,214.623,-5.299,-0.08,95,310,0,0,0,0
427.737,214.543,-5.299,-0.08,95,310,0,0,0,0
422.437,214.463,-5.299,-0.08,95,310,0,0,0,0
417.138,214.383,-5.299,-0.08,95,310,0,0,0,0
411.839,214.303,-5.299,-0.08,95,310,0,0,0,0
406.539,214.223,-5.299,-0.08,95,310,0,0,0,0
401.24,214.143,-5.299,-0.08,95,310,0,0,0,0
395.94,214.063,-5.299,-0.08,95,310,0,0,0,0
390.641,213.983,-5.299,-0.08,100,310,1,0,0,0
385.342,213.903,-5.299,-0.08,105,310,1,0,0,0
380.042,213.823,-5.299,-0.08,110,310,1,0,0,0
374.743,213.743,-5.299,-0.08,115,310,1,0,0,0
369.443,213.663,-5.299,-0.08,120,310,1,0,0,0
364.144,213.583,-5.299,-0.08,125,310,1,0,0,0
358.845,213.503,-5.299,-0.08,130,310,1,0,0,0
353.545,213.423,-5.299,-0.08,135,310,1,0,0,0
348.246,213.343,-5.299,-0.08,140,310,1,0,0,0
342.946,213.263,-5.299,-0.08,145,310,1,0,0,0
337.647,213.183,-5.299,-0.08,150,310,1,0,0,0
332.348,213.103,-5.299,-0.08,155,310,1,0,0,0
327.048,213.023,-5.299,-0.08,160,310,1,0,0,0
321.749,212.943,-5.299,-0.08,165,310,1,0,0,0
316.45,212.863,-5.299,-0.08,170,310,1,0,0,0
311.15,212.783,-5.299,-0.08,175,310,1,0,0,0
305.851,212.703,-5.299,-0.08,175,310,0,0,0,0
300.551,212.623,-5.299,-0.08,175,310,0,0,0,0
295.252,212.543,-5.299,-0.08,175,310,0,0,0,0
289.953,212.463,-5.299,-0.08,175,310,0,0,0,0
284.653,212.383,-5.299,-0.08,175,310,0,0,0,0
279.354,212.303,-5.299,-0.08,175,310,0,0,0,0
274.054,212.223,-5.299,-0.08,175,310,0,0,0,0
268.755,212.143,-5.299,-0.08,175,310,0,0,0,0
263.456,212.063,-5.299,-0.08,175,310,0,0,0,0
258.156,211.983,-5.299,-0.08,175,310,0,0,0,0
252.857,211.903,-5.299,-0.08,175,310,0,0,0,0
247.557,211.823,-5.299,-0.08,175,310,0,0,0,0
242.258,211.743,-5.299,-0.08,175,310,0,0,0,0
236.959,211.663,-5.299,-0.08,175,310,0,0,0,0
231.659,211.583,-5.299,-0.08,175,310,0,0,0,0
226.36,211.503,-5.299,-0.08,175,310,0,0,0,0
221.06,211.423,-5.299,-0.08,175,310,0,0,0,0
215.761,211.343,-5.299,-0.08,175,310,0,0,0,0
210.462,211.263,-5.299,-0.08,175,310,0,0,0,0
205.162,211.183,-5.299,-0.08,175,310,0,0,0,0
199.863,211.103,-5.299,-0.08,175,310,0,0,0,0
194.563,211.023,-5.299,-0.08,175,310,0,0,0,0
189.264,210.943,-5.299,-0.08,175,310,0,0,0,0
183.965,210.863,-5.299,-0.08,175,310,0,0,0,0
178.665,210.783,-5.299,-0.08,175,310,0,0,0,0
173.366,210.703,-5.299,-0.08,175,310,0,0,0,0
168.066,210.623,-5.299,-0.08,175,310,0,0,0,0
162.767,210.543,-5.299,-0.08,175,310,0,0,0,0
157.468,210.463,-5.299,-0.08,175,310,0,0,0,0
152.168,210.383,-5.299,-0.08,175,310,0,0,0,0
146.869,210.303,-5.299,-0.08,175,310,0,0,0,0
141.569,210.223,-5.299,-0.08,175,310,0,0,0,0
136.27,210.143,-5.299,-0.08,175,310,0,0,0,0
130.971,210.063,-5.299,-0.08,175,310,0,0,0,0
125.671,209.983,-5.299,-0.08,175,310,0,0,0,0
120.372,209.903,-5.299,-0.08,175,310,0,0,0,0
115.072,209.823,-5.299,-0.08,175,310,0,0,0,0
109.773,209.743,-5.299,-0.08,175,310,0,0,0,0
104.474,209.663,-5.299,-0.08,175,310,0,0,0,0
99.174,209.583,-5.299,-0.08,175,310,0,0,0,0
93.875,209.503,-5.299,-0.08,175,310,0,0,0,0
88.575,209.423,-5.299,-0.08,175,310,0,0,0,0
83.276,209.343,-5.299,-0.08,175,310,0,0,0,0
77.977,209.263,-5.299,-0.08,175,310,0,0,0,0
72.677,209.183,-5.299,-0.08,175,310,0,0,0,0
67.378,209.103,-5.299,-0.08,175,310,0,0,0,0
62.078,209.023,-5.299,-0.08,175,310,0,0,0,0
56.779,208.943,-5.299,-0.08,175,310,0,0,0,0
51.48,208.863,-5.299,-0.08,175,310,0,0,0,0
49.0,208.783,5.526,-0.907,175,310,0,0,0,0
54.526,207.876,5.526,-0.907,175,310,0,0,0,0
60.052,206.969,5.526,-0.907,175,310,0,0,0,0
65.578,206.061,5.526,-0.907,175,310,0,0,0,0
71.104,205.154,5.526,-0.907,175,310,0,0,0,0
76.63,204.246,5.526,-0.907,175,310,0,0,0,0
82.156,203.339,5.526,-0.907,175,310,0,0,0,0
87.682,202.432,5.526,-0.907,175,310,0,0,0,0
93.208,201.524,5.526,-0.907,175,310,0,0,0,0
98.734,200.617,5.526,-0.907,175,310,0,0,0,0
104.26,199.71,5.526,-0.907,175,310,0,0,0,0
109.786,198.802,5.526,-0.907,175,310,0,0,0,0
115.312,197.895,5.526,-0.907,175,310,0,0,0,0
120.838,196.987,5.526,-0.907,175,310,0,0,0,0
126.364,196.08,5.526,-0.907,175,310,0,0,0,0
131.89,195.173,5.526,-0.907,175,310,0,0,0,0
137.416,194.265,5.526,-0.907,175,310,0,0,0,0
142.942,193.358,5.526,-0.907,175,310,0,0,0,0
148.468,192.45,5.526,-0.907,175,310,0,0,0,0
153.994,191.543,5.526,-0.907,175,310,0,0,0,0
159.52,190.636,5.526,-0.907,175,310,0,0,0,0
165.046,189.728,5.526,-0.907,175,310,0,0,0,0
170.572,188.821,5.526,-0.907,175,310,0,0,0,0
176.098,187.914,5.526,-0.907,175,310,0,0,0,0
181.624,187.006,5.526,-0.907,175,310,0,0,0,0
187.15,186.099,5.526,-0.907,175,310,0,0,0,0
192.676,185.191,5.526,-0.907,175,310,0,0,0,0
198.202,184.284,5.526,-0.907,175,310,0,0,0,0
203.728,183.377,5.526,-0.907,175,310,0,0,0,0
209.254,182.469,5.526,-0.907,175,310,0,0,0,0
214.78,181.562,5.526,-0.907,175,310,0,0,0,0
220.306,180.654,5.526,-0.907,175,310,0,0,0,0
225.832,179.747,5.526,-0.907,175,305,0,-1,0,0
231.358,178.84,5.526,-0.907,175,300,0,-1,0,0
236.884,177.932,5.526,-0.907,175,295,0,-1,0,0
242.41,177.025,5.526,-0.907,175,290,0,-1,0,0
247.936,176.118,5.526,-0.907,175,285,0,-1,0,0
253.462,175.21,5.526,-0.907,175,280,0,-1,0,0
258.988,174.303,5.526,-0.907,175,275,0,-1,0,0
264.514,173.395,5.526,-0.907,175,270,0,-1,0,0
270.04,172.488,5.526,-0.907,175,265,0,-1,0,0
275.566,171.581,5.526,-0.907,175,260,0,-1,0,0
281.092,170.673,5.526,-0.907,175,255,0,-1,0,0
286.618,169.766,5.526,-0.907,175,250,0,-1,0,0
292.144,168.858,5.526,-0.907,175,245,0,-1,0,0
297.67,167.951,5.526,-0.907,175,240,0,-1,0,0
303.196,167.044,5.526,-0.907,175,235,0,-1,0,0
308.722,166.136,5.526,-0.907,175,230,0,-1,0,0
314.248,165.229,5.526,-0.907,175,225,0,-1,0,0
319.774,164.321,5.526,-0.907,175,220,0,-1,0,0
325.3,163.414,5.526,-0.907,175,215,0,-1,0,0
330.826,162.507,5.526,-0.907,175,210,0,-1,0,0
336.352,161.599,5.526,-0.907,175,205,0,-1,0,0
341.878,160.692,5.526,-0.907,175,200,0,-1,0,0
347.404,159.785,5.526,-0.907,175,195,0,-1,0,0
352.93,158.877,5.526,-0.907,175,190,0,-1,0,0
358.456,157.97,5.526,-0.907,175,185,0,-1,0,0
363.982,157.062,5.526,-0.907,175,180,0,-1,0,0
369.508,156.155,5.526,-0.907,175,175,0,-1,0,0
375.034,155.248,5.526,-0.907,175,170,0,-1,0,0
380.56,154.34,5.526,-0.907,175,165,0,-1,0,0
386.086,153.433,5.526,-0.907,175,160,0,-1,0,0
391.612,152.525,5.526,-0.907,175,155,0,-1,0,0
397.138,151.618,5.526,-0.907,175,150,0,-1,0,0
402.664,150.711,5.526,-0.907,175,145,0,-1,0,0
408.19,149.803,5.526,-0.907,175,140,0,-1,0,0
413.716,148.896,5.526,-0.907,175,135,0,-1,0,0
419.242,147.989,5.526,-0.907,175,130,0,-1,0,0
424.768,147.081,5.526,-0.907,175,125,0,-1,0,0
430.294,146.174,5.526,-0.907,175,120,0,-1,0,0
435.82,145.266,5.526,-0.907,175,115,0,-1,0,0
441.346,144.359,5.526,-0.907,175,110,0,-1,0,0
446.872,143.452,5.526,-0.907,175,105,0,-1,0,0
452.398,142.544,5.526,-0.907,175,100,0,-1,0,0
457.924,141.637,5.526,-0.907,175,95,0,-1,0,0
463.45,140.729,5.526,-0.907,175,90,0,-1,0,0
468.976,139.822,5.526,-0.907,175,85,0,-1,0,0
474.502,138.915,5.526,-0.907,175,80,0,-1,0,0
480.028,138.007,5.526,-0.907,175,75,0,-1,0,0
485.554,137.1,5.526,-0.907,175,70,0,-1,0,0
491.08,136.193,5.526,-0.907,175,65,0,-1,0,0
496.606,135.285,5.526,-0.907,175,60,0,-1,0,0
502.132,134.378,5.526,-0.907,175,55,0,-1,0,0
507.658,133.47,5.526,-0.907,175,55,0,0,0,0
513.184,132.563,5.526,-0.907,175,55,0,0,0,0
518.71,131.656,5.526,-0.907,175,55,0,0,0,0
524.236,130.748,5.526,-0.907,175,55,0,0,0,0
529.762,129.841,5.526,-0.907,175,55,0,0,0,0
535.288,128.933,5.526,-0.907,175,55,0,0,0,0
540.814,128.026,5.526,-0.907,175,55,0,0,0,0
546.34,127.119,5.526,-0.907,175,55,0,0,0,0
551.866,126.211,5.526,-0.907,175,55,0,0,0,0
557.392,125.304,5.526,-0.907,175,55,0,0,0,0
562.918,124.397,5.526,-0.907,175,55,0,0,0,0
568.444,123.489,5.526,-0.907,175,55,0,0,0,0
573.97,122.582,5.526,-0.907,175,55,0,0,0,0
579.496,121.674,5.526,-0.907,175,55,0,0,0,0
585.022,120.767,5.526,-0.907,175,55,0,0,0,0
590.548,119.86,5.526,-0.907,175,55,0,0,0,0
596.074,118.952,5.526,-0.907,175,55,0,0,0,0
601.6,118.045,5.526,-0.907,175,55,0,0,0,0
607.126,117.137,5.526,-0.907,175,55,0,0,0,0
612.652,116.23,5.526,-0.907,175,55,0,0,0,0
618.178,115.323,5.526,-0.907,175,55,0,0,0,0
623.704,114.415,5.526,-0.907,175,55,0,0,0,0
629.23,113.508,5.526,-0.907,175,55,0,0,0,0
634.756,112.601,5.526,-0.907,175,55,0,0,0,0
640.282,111.693,5.526,-0.907,175,55,0,0,0,0
645.808,110.786,5.526,-0.907,175,55,0,0,0,0
651.334,109.878,5.526,-0.907,175,55,0,0,0,0
656.86,108.971,5.526,-0.907,175,55,0,0,0,0
662.386,108.064,5.526,-0.907,175,55,0,0,0,0
667.912,107.156,5.526,-0.907,175,55,0,0,0,0
673.438,106.249,5.526,-0.907,175,55,0,0,0,0
678.964,105.341,5.526,-0.907,175,55,0,0,0,0
684.49,104.434,5.526,-0.907,175,55,0,0,0,0
690.016,103.527,5.526,-0.907,175,55,0,0,0,0
695.542,102.619,5.526,-0.907,175,55,0,0,0,0
701.068,101.712,5.526,-0.907,175,55,0,0,0,0
706.594,100.805,5.526,-0.907,175,55,0,0,0,0
712.12,99.897,5.526,-0.907,175,55,0,0,0,0
717.646,98.99,5.526,-0.907,175,55,0,0,0,0
723.172,98.082,5.526,-0.907,175,55,0,0,0,0
728.698,97.175,5.526,-0.907,175,55,0,0,0,0
734.224,96.268,5.526,-0.907,175,55,0,0,0,0
739.75,95.36,5.526,-0.907,175,55,0,0,0,0
745.276,94.453,5.526,-0.907,175,55,0,0,0,0
750.802,93.545,5.526,-0.907,175,55,0,0,0,0
751.0,92.638,-5.889,-0.365,175,55,0,0,0,0
745.111,92.273,-5.889,-0.365,175,55,0,0,0,0
739.223,91.909,-5.889,-0.365,175,50,0,-1,0,0
733.334,91.544,-5.889,-0.365,175,45,0,-1,0,0
727.445,91.18,-5.889,-0.365,175,40,0,-1,0,0
721.556,90.815,-5.889,-0.365,175,35,0,-1,0,0
715.668,90.45,-5.889,-0.365,175,30,0,-1,0,0
709.779,90.086,-5.889,-0.365,175,25,0,-1,0,0
703.89,89.721,-5.889,-0.365,175,20,0,-1,0,0
698.001,89.357,-5.889,-0.365,175,20,0,0,0,0
692.113,88.992,-5.889,-0.365,175,20,0,0,0,0
686.224,88.627,-5.889,-0.365,175,20,0,0,0,0
680.335,88.263,-5.889,-0.365,175,20,0,0,0,0
674.447,87.898,-5.889,-0.365,175,20,0,0,0,0
668.558,87.534,-5.889,-0.365,175,20,0,0,0,0
662.669,87.169,-5.889,-0.365,175,20,0,0,0,0
656.78,86.804,-5.889,-0.365,175,20,0,0,0,0
650.892,86.44,-5.889,-0.365,175,20,0,0,0,0
645.003,86.075,-5.889,-0.365,175,20,0,0,0,0
639.114,85.711,-5.889,-0.365,175,20,0,0,0,0
633.226,85.346,-5.889,-0.365,175,20,0,0,0,0
627.337,84.981,-5.889,-0.365,175,20,0,0,0,0
621.448,84.617,-5.889,-0.365,175,20,0,0,0,0
615.559,84.252,-5.889,-0.365,170,20,-1,0,0,0
609.671,83.888,-5.889,-0.365,165,20,-1,0,0,0
603.782,83.523,-5.889,-0.365,160,20,-1,0,0,0
597.893,83.158,-5.889,-0.365,155,20,-1,0,0,0
592.004,82.794,-5.889,-0.365,150,20,-1,0,0,0
586.116,82.429,-5.889,-0.365,145,20,-1,0,0,0
580.227,82.065,-5.889,-0.365,140,20,-1,0,0,0
574.338,81.7,-5.889,-0.365,135,20,-1,0,0,0
568.45,81.335,-5.889,-0.365,130,20,-1,0,0,0
562.561,80.971,-5.889,-0.365,125,20,-1,0,0,0
556.672,80.606,-5.889,-0.365,120,20,-1,0,0,0
550.783,80.242,-5.889,-0.365,115,20,-1,0,0,0
544.895,79.877,-5.889,-0.365,110,20,-1,0,0,0
539.006,79.512,-5.889,-0.365,105,20,-1,0,0,0
533.117,79.148,-5.889,-0.365,100,20,-1,0,0,0
527.228,78.783,-5.889,-0.365,100,20,0,0,0,0
521.34,78.419,-5.889,-0.365,100,20,0,0,0,0
515.451,78.054,-5.889,-0.365,100,20,0,0,0,0
509.562,77.689,-5.889,-0.365,100,20,0,0,0,0
503.674,77.325,-5.889,-0.365,100,20,0,0,0,0
497.785,76.96,-5.889,-0.365,100,20,0,0,0,0
491.896,76.596,-5.889,-0.365,100,20,0,0,0,0
486.007,76.231,-5.889,-0.365,100,20,0,0,0,0
480.119,75.866,-5.889,-0.365,100,20,0,0,0,0
474.23,75.502,-5.889,-0.365,100,20,0,0,0,0
468.341,75.137,-5.889,-0.365,100,20,0,0,0,0
462.453,74.773,-5.889,-0.365,100,20,0,0,0,0
456.564,74.408,-5.889,-0.365,100,20,0,0,0,0
450.675,74.043,-5.889,-0.365,100,20,0,0,0,0
444.786,73.679,-5.889,-0.365,100,20,0,0,0,0
438.898,73.314,-5.889,-0.365,100,20,0,0,0,0
433.009,72.95,-5.889,-0.365,100,20,0,0,0,0
427.12,72.585,-5.889,-0.365,100,20,0,0,0,0
421.231,72.221,-5.889,-0.365,100,20,0,0,0,0
415.343,71.856,-5.889,-0.365,100,20,0,0,0,0
409.454,71.491,-5.889,-0.365,105,20,1,0,0,0
403.565,71.127,-5.889,-0.365,110,20,1,0,0,0
397.677,70.762,-5.889,-0.365,115,20,1,0,0,0
391.788,70.398,-5.889,-0.365,120,20,1,0,0,0
385.899,70.033,-5.889,-0.365,125,20,1,0,0,0
380.01,69.668,-5.889,-0.365,130,20,1,0,0,0
374.122,69.304,-5.889,-0.365,135,20,1,0,0,0
368.233,68.939,-5.889,-0.365,140,20,1,0,0,0
362.344,68.575,-5.889,-0.365,145,20,1,0,0,0
356.456,68.21,-5.889,-0.365,150,20,1,0,0,0
350.567,67.845,-5.889,-0.365,155,20,1,0,0,0
344.678,67.481,-5.889,-0.365,160,20,1,0,0,0
338.789,67.116,-5.889,-0.365,165,20,1,0,0,0
332.901,66.752,-5.889,-0.365,170,20,1,0,0,0
327.012,66.387,-5.889,-0.365,170,20,0,0,0,0
321.123,66.022,-5.889,-0.365,170,20,0,0,0,0
315.234,65.658,-5.889,-0.365,170,20,0,0,0,0
309.346,65.293,-5.889,-0.365,170,20,0,0,0,0
303.457,64.929,-5.889,-0.365,170,20,0,0,0,0
297.568,64.564,-5.889,-0.365,170,20,0,0,0,0
291.68,64.199,-5.889,-0.365,170,20,0,0,0,0
285.791,63.835,-5.889,-0.365,165,20,-1,0,0,0
279.902,63.47,-5.889,-0.365,160,20,-1,0,0,0
274.013,63.106,-5.889,-0.365,155,20,-1,0,0,0
268.125,62.741,-5.889,-0.365,150,20,-1,0,0,0
262.236,62.376,-5.889,-0.365,145,20,-1,0,0,0
256.347,62.012,-5.889,-0.365,140,20,-1,0,0,0
250.458,61.647,-5.889,-0.365,135,20,-1,0,0,0
244.57,61.283,-5.889,-0.365,130,20,-1,0,0,0
238.681,60.918,-5.889,-0.365,125,20,-1,0,0,0
232.792,60.553,-5.889,-0.365,120,20,-1,0,0,0
226.904,60.189,-5.889,-0.365,115,20,-1,0,0,0
221.015,59.824,-5.889,-0.365,110,20,-1,0,0,0
215.126,59.46,-5.889,-0.365,105,20,-1,0,0,0
209.237,59.095,-5.889,-0.365,100,20,-1,0,0,0
203.349,58.73,-5.889,-0.365,95,20,-1,0,0,0
197.46,58.366,-5.889,-0.365,90,20,-1,0,0,0
191.571,58.001,-5.889,-0.365,85,20,-1,0,0,0
185.683,57.637,-5.889,-0.365,80,20,-1,0,0,0
179.794,57.272,-5.889,-0.365,75,20,-1,0,0,0
173.905,56.907,-5.889,-0.365,70,20,-1,0,0,0
168.016,56.543,-5.889,-0.365,65,20,-1,0,0,0
162.128,56.178,-5.889,-0.365,60,20,-1,0,0,0
156.239,55.814,-5.889,-0.365,55,20,-1,0,0,0
150.35,55.449,-5.889,-0.365,50,20,-1,0,0,0
144.461,55.084,-5.889,-0.365,45,20,-1,0,0,0
138.573,54.72,-5.889,-0.365,40,20,-1,0,0,0
132.684,54.355,-5.889,-0.365,35,20,-1,0,0,0
126.795,53.991,-5.889,-0.365,30,20,-1,0,0,0
120.907,53.626,-5.889,-0.365,25,20,-1,0,0,0
115.018,53.261,-5.889,-0.365,20,20,-1,0,0,0
109.129,52.897,-5.889,-0.365,15,20,-1,0,0,0
103.24,52.532,-5.889,-0.365,10,20,-1,0,0,0
97.352,52.168,-5.889,-0.365,5,20,-1,0,0,0
91.463,51.803,-5.889,-0.365,0,20,-1,0,0,0
85.574,51.438,-5.889,-0.365,0,20,-1,0,0,0
79.685,51.074,-5.889,-0.365,0,20,-1,0,0,0
73.797,50.709,-5.889,-0.365,0,20,-1,0,0,0
67.908,50.345,-5.889,-0.365,0,20,-1,0,0,0
62.019,49.98,-5.889,-0.365,0,20,-1,0,0,0
56.131,49.615,-5.889,-0.365,0,20,0,0,0,0
50.242,49.251,-5.889,-0.365,0,20,0,0,0,0
49.0,48.886,6.033,1.429,0,20,0,0,0,0
55.033,50.316,6.033,1.429,0,20,0,0,0,0
61.066,51.745,6.033,1.429,0,20,0,0,0,0
67.099,53.174,6.033,1.429,0,20,0,0,0,0
73.132,54.604,6.033,1.429,0,20,0,0,0,0
79.165,56.033,6.033,1.429,0,20,0,0,0,0
85.198,57.462,6.033,1.429,0,20,0,0,0,0
91.231,58.892,6.033,1.429,0,20,0,0,0,0
97.264,60.321,6.033,1.429,0,20,0,0,0,0
103.297,61.751,6.033,1.429,0,20,0,0,0,0
109.33,63.18,6.033,1.429,0,20,0,0,0,0
115.363,64.609,6.033,1.429,0,20,0,0,0,0
121.396,66.039,6.033,1.429,0,25,0,1,0,0
127.429,67.468,6.033,1.429,0,30,0,1,0,0
133.462,68.898,6.033,1.429,0,35,0,1,0,0
139.495,70.327,6.033,1.429,0,40,0,1,0,0
145.528,71.756,6.033,1.429,0,45,0,1,0,0
151.561,73.186,6.033,1.429,0,50,0,1,0,0
157.594,74.615,6.033,1.429,0,55,0,1,0,0
163.627,76.045,6.033,1.429,0,60,0,1,0,0
169.66,77.474,6.033,1.429,0,65,0,1,0,0
175.693,78.903,6.033,1.429,0,70,0,1,0,0
181.726,80.333,6.033,1.429,0,75,0,1,0,0
187.759,81.762,6.033,1.429,0,80,0,1,0,0
193.792,83.191,6.033,1.429,0,85,0,1,0,0
199.825,84.621,6.033,1.429,0,90,0,1,0,0
205.857,86.05,6.033,1.429,0,95,0,1,0,0
211.89,87.48,6.033,1.429,0,100,0,1,0,0
217.923,88.909,6.033,1.429,0,105,0,1,0,0
223.956,90.338,6.033,1.429,0,110,0,1,0,0
229.989,91.768,6.033,1.429,0,115,0,1,0,0
236.022,93.197,6.033,1.429,0,120,0,1,0,0
242.055,94.627,6.033,1.429,0,125,0,1,0,0
248.088,96.056,6.033,1.429,0,130,0,1,0,0
254.121,97.485,6.033,1.429,0,135,-1,1,0,0
260.154,98.915,6.033,1.429,0,140,-1,1,0,0
266.187,100.344,6.033,1.429,0,145,-1,1,0,0
272.22,101.774,6.033,1.429,0,150,-1,1,0,0
278.253,103.203,6.033,1.429,0,155,-1,1,0,0
284.286,104.632,6.033,1.429,0,160,-1,1,0,0
290.319,106.062,6.033,1.429,0,165,-1,1,0,0
296.352,107.491,6.033,1.429,0,170,-1,1,0,0
302.385,108.92,6.033,1.429,0,175,-1,1,0,0
308.418,110.35,6.033,1.429,0,180,-1,1,0,0
314.451,111.779,6.033,1.429,0,185,-1,1,0,0
320.484,113.209,6.033,1.429,0,190,-1,1,0,0
326.517,114.638,6.033,1.429,0,195,-1,1,0,0
332.55,116.067,6.033,1.429,0,200,-1,1,0,0
338.583,117.497,6.033,1.429,0,205,-1,1,0,0
344.616,118.926,6.033,1.429,0,210,-1,1,0,0
350.649,120.356,6.033,1.429,0,215,0,1,0,0
356.682,121.785,6.033,1.429,0,215,0,0,0,0
362.715,123.214,6.033,1.429,0,215,0,0,0,0
368.748,124.644,6.033,1.429,0,215,0,0,0,0
374.781,126.073,6.033,1.429,0,215,0,0,0,0
380.814,127.503,6.033,1.429,0,215,0,0,0,0
386.847,128.932,6.033,1.429,0,215,0,0,0,0
392.88,130.361,6.033,1.429,0,215,0,0,0,0
398.913,131.791,6.033,1.429,0,215,0,0,0,0
404.946,133.22,6.033,1.429,0,215,0,0,0,0
410.979,134.649,6.033,1.429,5,215,1,0,0,0
417.012,136.079,6.033,1.429,10,215,1,0,0,0
423.045,137.508,6.033,1.429,15,215,1,0,0,0
429.078,138.938,6.033,1.429,20,215,1,0,0,0
435.111,140.367,6.033,1.429,25,215,1,0,0,0
441.144,141.796,6.033,1.429,30,215,1,0,0,0
447.177,143.226,6.033,1.429,35,215,1,0,0,0
453.21,144.655,6.033,1.429,40,215,1,0,0,0
459.243,146.085,6.033,1.429,45,215,1,0,0,0
465.276,147.514,6.033,1.429,50,215,1,0,0,0
471.309,148.943,6.033,1.429,55,215,1,0,0,0
477.342,150.373,6.033,1.429,60,215,1,0,0,0
483.375,151.802,6.033,1.429,65,215,1,0,0,0
489.408,153.232,6.033,1.429,70,215,1,0,0,0
495.441,154.661,6.033,1.429,75,215,1,0,0,0
501.474,156.09,6.033,1.429,80,215,1,0,0,0
507.506,157.52,6.033,1.429,80,215,0,0,0,0
513.539,158.949,6.033,1.429,80,215,0,0,0,0
519.572,160.378,6.033,1.429,80,215,0,0,0,0
525.605,161.808,6.033,1.429,80,215,0,0,0,0
531.638,163.237,6.033,1.429,85,215,1,0,0,0
537.671,164.667,6.033,1.429,90,215,1,0,0,0
543.704,166.096,6.033,1.429,95,215,1,0,0,0
549.737,167.525,6.033,1.429,100,215,1,0,0,0
555.77,168.955,6.033,1.429,105,215,1,0,0,0
561.803,170.384,6.033,1.429,110,215,1,0,0,0
567.836,171.814,6.033,1.429,115,215,1,0,0,0
573.869,173.243,6.033,1.429,120,215,1,0,0,0
579.902,174.672,6.033,1.429,125,215,1,0,0,0
585.935,176.102,6.033,1.429,130,215,1,0,0,0
591.968,177.531,6.033,1.429,135,210,1,-1,0,0
598.001,178.96,6.033,1.429,135,205,0,-1,0,0
604.034,180.39,6.033,1.429,135,200,0,-1,0,0
610.067,181.819,6.033,1.429,135,195,0,-1,0,0
616.1,183.249,6.033,1.429,135,190,0,-1,0,0
622.133,184.678,6.033,1.429,135,185,0,-1,0,0
628.166,186.107,6.033,1.429,135,180,0,-1,0,0
634.199,187.537,6.033,1.429,135,175,0,-1,0,0
640.232,188.966,6.033,1.429,140,170,1,-1,0,0
646.265,190.396,6.033,1.429,145,165,1,-1,0,0
652.298,191.825,6.033,1.429,150,165,1,0,0,0
658.331,193.254,6.033,1.429,155,165,1,0,0,0
664.364,194.684,6.033,1.429,160,165,1,0,0,0
670.397,196.113,6.033,1.429,165,165,1,0,0,0
676.43,197.543,6.033,1.429,170,165,1,0,0,0
682.463,198.972,6.033,1.429,175,165,1,0,0,0
688.496,200.401,6.033,1.429,180,165,1,0,0,0
694.529,201.831,6.033,1.429,185,165,1,0,0,0
700.562,203.26,6.033,1.429,190,165,1,0,0,0
706.595,204.689,6.033,1.429,190,165,0,0,0,0
712.628,206.119,6.033,1.429,190,165,0,0,0,0
718.661,207.548,6.033,1.429,190,165,0,0,0,0
724.694,208.978,6.033,1.429,190,165,0,0,0,0
730.727,210.407,6.033,1.429,190,165,0,0,0,0
736.76,211.836,6.033,1.429,190,165,0,0,0,0
742.793,213.266,6.033,1.429,190,165,0,0,0,0
748.826,214.695,6.033,1.429,190,170,0,1,0,0
751.0,216.125,-6.497,0.191,190,175,0,1,0,0
744.503,216.316,-6.497,0.191,190,180,0,1,0,0
738.006,216.507,-6.497,0.191,190,185,0,1,0,0
731.508,216.699,-6.497,0.191,190,190,0,1,0,0
725.011,216.89,-6.497,0.191,190,195,0,1,0,0
718.514,217.081,-6.497,0.191,190,200,0,1,0,0
712.017,217.273,-6.497,0.191,190,205,0,1,0,0
705.52,217.464,-6.497,0.191,190,210,0,1,0,0
699.023,217.655,-6.497,0.191,190,215,0,1,0,0
692.525,217.847,-6.497,0.191,190,220,0,1,0,0
686.028,218.038,-6.497,0.191,190,225,0,1,0,0
679.531,218.229,-6.497,0.191,190,230,0,1,0,0
673.034,218.421,-6.497,0.191,190,235,0,1,0,0
666.537,218.612,-6.497,0.191,190,240,0,1,0,0
660.039,218.803,-6.497,0.191,190,245,0,1,0,0
653.542,218.995,-6.497,0.191,190,250,0,1,0,0
647.045,219.186,-6.497,0.191,190,255,0,1,0,0
640.548,219.377,-6.497,0.191,190,260,0,1,0,0
634.051,219.569,-6.497,0.191,190,265,0,1,0,0
627.554,219.76,-6.497,0.191,190,270,0,1,0,0
621.056,219.951,-6.497,0.191,190,275,0,1,0,0
614.559,220.143,-6.497,0.191,190,280,0,1,0,0
608.062,220.334,-6.497,0.191,190,285,0,1,0,0
601.565,220.525,-6.497,0.191,190,290,0,1,0,0
595.068,220.717,-6.497,0.191,190,295,0,1,0,0
588.57,220.908,-6.497,0.191,190,300,0,1,0,0
582.073,221.099,-6.497,0.191,190,305,0,1,0,0
575.576,221.291,-6.497,0.191,190,310,0,1,0,0
569.079,221.482,-6.497,0.191,190,315,0,1,0,0
562.582,221.674,-6.497,0.191,190,320,0,1,0,0
556.085,221.865,-6.497,0.191,190,325,0,1,0,0
549.587,222.056,-6.497,0.191,190,325,0,0,0,0
543.09,222.248,-6.497,0.191,190,325,0,0,0,0
536.593,222.439,-6.497,0.191,190,325,0,0,0,0
530.096,222.63,-6.497,0.191,185,325,-1,0,0,0
523.599,222.822,-6.497,0.191,180,325,-1,0,0,0
517.101,223.013,-6.497,0.191,175,325,-1,0,0,0
510.604,223.204,-6.497,0.191,170,325,-1,0,0,0
504.107,223.396,-6.497,0.191,165,325,-1,0,0,0
497.61,223.587,-6.497,0.191,165,325,0,0,0,0
491.113,223.778,-6.497,0.191,165,325,0,0,0,0
484.615,223.97,-6.497,0.191,165,325,0,0,0,0
478.118,224.161,-6.497,0.191,165,325,0,0,0,0
471.621,224.352,-6.497,0.191,165,325,0,0,0,0
465.124,224.544,-6.497,0.191,165,325,0,0,0,0
458.627,224.735,-6.497,0.191,165,325,0,0,0,0
452.13,224.926,-6.497,0.191,165,325,0,0,0,0
445.632,225.118,-6.497,0.191,165,325,0,0,0,0
439.135,225.309,-6.497,0.191,165,325,0,0,0,0
432.638,225.5,-6.497,0.191,165,325,0,0,0,0
426.141,225.692,-6.497,0.191,165,325,0,0,0,0
419.644,225.883,-6.497,0.191,165,325,0,0,0,0
413.146,226.074,-6.497,0.191,165,325,0,0,0,0
406.649,226.266,-6.497,0.191,165,325,0,0,0,0
400.152,226.457,-6.497,0.191,165,325,0,0,0,0
393.655,226.648,-6.497,0.191,165,325,0,0,0,0
387.158,226.84,-6.497,0.191,165,325,0,0,0,0
380.661,227.031,-6.497,0.191,165,325,0,0,0,0
374.163,227.222,-6.497,0.191,165,325,0,0,0,0
367.666,227.414,-6.497,0.191,165,325,0,0,0,0
361.169,227.605,-6.497,0.191,165,325,0,0,0,0
354.672,227.796,-6.497,0.191,165,325,0,0,0,0
348.175,227.988,-6.497,0.191,165,325,0,0,0,0
341.677,228.179,-6.497,0.191,165,325,0,0,0,0
335.18,228.37,-6.497,0.191,165,325,0,0,0,0
328.683,228.562,-6.497,0.191,165,325,0,0,0,0
322.186,228.753,-6.497,0.191,165,325,0,0,0,0
315.689,228.944,-6.497,0.191,165,325,0,0,0,0
309.192,229.136,-6.497,0.191,165,325,0,0,0,0
302.694,229.327,-6.497,0.191,170,325,1,0,0,0
296.197,229.519,-6.497,0.191,175,325,1,0,0,0
289.7,229.71,-6.497,0.191,180,320,1,-1,0,0
283.203,229.901,-6.497,0.191,185,315,1,-1,0,0
276.706,230.093,-6.497,0.191,190,310,1,-1,0,0
270.208,230.284,-6.497,0.191,195,305,1,-1,0,0
263.711,230.475,-6.497,0.191,200,300,1,-1,0,0
257.214,230.667,-6.497,0.191,205,295,1,-1,0,0
250.717,230.858,-6.497,0.191,210,290,1,-1,0,0
244.22,231.049,-6.497,0.191,215,285,1,-1,0,0
237.723,231.241,-6.497,0.191,220,280,1,-1,0,0
231.225,231.432,-6.497,0.191,225,275,1,-1,0,0
224.728,231.623,-6.497,0.191,230,270,1,-1,0,0
218.231,231.815,-6.497,0.191,235,265,1,-1,0,0
211.734,232.006,-6.497,0.191,240,260,1,-1,0,0
205.237,232.197,-6.497,0.191,245,260,1,0,0,0
198.739,232.389,-6.497,0.191,250,260,1,0,0,0
192.242,232.58,-6.497,0.191,255,260,1,0,0,0
185.745,232.771,-6.497,0.191,255,260,0,0,0,0
179.248,232.963,-6.497,0.191,255,260,0,0,0,0
172.751,233.154,-6.497,0.191,255,260,0,0,0,0
166.254,233.345,-6.497,0.191,255,260,0,0,0,0
159.756,233.537,-6.497,0.191,255,260,0,0,0,0
153.259,233.728,-6.497,0.191,255,260,0,0,0,0
146.762,233.919,-6.497,0.191,255,260,0,0,0,0
140.265,234.111,-6.497,0.191,255,265,0,1,0,0
133.768,234.302,-6.497,0.191,255,270,0,1,0,0
127.27,234.493,-6.497,0.191,255,275,0,1,0,0
120.773,234.685,-6.497,0.191,255,280,0,1,0,0
114.276,234.876,-6.497,0.191,255,285,0,1,0,0
107.779,235.067,-6.497,0.191,255,290,0,1,0,0
101.282,235.259,-6.497,0.191,255,295,0,1,0,0
94.785,235.45,-6.497,0.191,255,300,0,1,0,0
88.287,235.641,-6.497,0.191,255,305,0,1,0,0
81.79,235.833,-6.497,0.191,260,310,1,1,0,0
75.293,236.024,-6.497,0.191,265,315,1,1,0,0
68.796,236.215,-6.497,0.191,270,320,1,1,0,0
62.299,236.407,-6.497,0.191,275,315,1,-1,0,0
55.801,236.598,-6.497,0.191,270,310,-1,-1,0,0
49.304,236.79,-6.497,0.191,265,305,-1,-1,0,0
42.807,236.981,-6.497,0.191,260,300,-1,-1,0,0
36.31,237.172,-6.497,0.191,255,295,-1,-1,0,0
29.813,237.364,-6.497,0.191,250,290,-1,-1,0,0
23.315,237.555,-6.497,0.191,245,285,-1,-1,0,0
16.818,237.746,-6.497,0.191,240,280,-1,-1,0,0
10.321,237.938,-6.497,0.191,235,275,-1,-1,0,0
3.824,238.129,-6.497,0.191,230,270,-1,-1,0,0
-2.673,238.32,-6.497,0.191,225,265,-1,-1,0,0
400.0,300.0,4.383,-2.405,220,260,-1,-1,0,1
404.383,297.595,4.383,-2.405,220,260,0,0,0,0
408.767,295.189,4.383,-2.405,220,260,0,0,0,0
413.15,292.784,4.383,-2.405,220,260,0,0,0,0
417.534,290.379,4.383,-2.405,220,260,0,0,0,0
421.917,287.973,4.383,-2.405,220,260,0,0,0,0
426.3,285.568,4.383,-2.405,220,260,0,0,0,0
430.684,283.163,4.383,-2.405,220,260,0,0,0,0
435.067,280.757,4.383,-2.405,220,260,0,0,0,0
439.451,278.352,4.383,-2.405,220,260,0,0,0,0
443.834,275.947,4.383,-2.405,220,260,0,0,0,0
448.218,273.541,4.383,-2.405,220,260,0,0,0,0
452.601,271.136,4.383,-2.405,220,260,0,0,0,0
456.984,268.731,4.383,-2.405,220,260,0,0,0,0
461.368,266.325,4.383,-2.405,220,260,0,0,0,0
465.751,263.92,4.383,-2.405,220,260,0,0,0,0
470.135,261.515,4.383,-2.405,220,260,0,0,0,0
474.518,259.109,4.383,-2.405,220,260,0,0,0,0
478.901,256.704,4.383,-2.405,220,260,0,0,0,0
483.285,254.299,4.383,-2.405,220,260,0,0,0,0
487.668,251.893,4.383,-2.405,220,260,0,0,0,0
492.052,249.488,4.383,-2.405,220,260,0,0,0,0
496.435,247.083,4.383,-2.405,220,260,0,0,0,0
500.819,244.677,4.383,-2.405,220,260,0,0,0,0
505.202,242.272,4.383,-2.405,220,260,0,0,0,0
509.585,239.866,4.383,-2.405,220,255,0,-1,0,0
513.969,237.461,4.383,-2.405,220,250,0,-1,0,0
518.352,235.056,4.383,-2.405,220,245,0,-1,0,0
522.736,232.65,4.383,-2.405,220,240,0,-1,0,0
527.119,230.245,4.383,-2.405,220,235,0,-1,0,0
531.502,227.84,4.383,-2.405,220,230,0,-1,0,0
535.886,225.434,4.383,-2.405,220,225,0,-1,0,0
540.269,223.029,4.383,-2.405,220,220,0,-1,0,0
544.653,220.624,4.383,-2.405,220,215,0,-1,0,0
549.036,218.218,4.383,-2.405,220,210,0,-1,0,0
553.42,215.813,4.383,-2.405,220,205,0,-1,0,0
557.803,213.408,4.383,-2.405,220,200,0,-1,0,0
562.186,211.002,4.383,-2.405,220,195,0,-1,0,0
566.57,208.597,4.383,-2.405,220,190,0,-1,0,0
570.953,206.192,4.383,-2.405,220,185,0,-1,0,0
575.337,203.786,4.383,-2.405,220,180,0,-1,0,0
579.72,201.381,4.383,-2.405,220,175,0,-1,0,0
584.103,198.976,4.383,-2.405,220,170,0,-1,0,0
588.487,196.57,4.383,-2.405,220,165,0,-1,0,0
592.87,194.165,4.383,-2.405,220,160,0,-1,0,0
597.254,191.76,4.383,-2.405,220,155,0,-1,0,0
601.637,189.354,4.383,-2.405,220,150,0,-1,0,0
606.021,186.949,4.383,-2.405,220,145,0,-1,0,0
610.404,184.544,4.383,-2.405,220,140,0,-1,0,0
614.787,182.138,4.383,-2.405,220,135,0,-1,0,0
619.171,179.733,4.383,-2.405,220,130,0,-1,0,0
623.554,177.328,4.383,-2.405,220,125,0,-1,0,0
627.938,174.922,4.383,-2.405,220,120,0,-1,0,0
632.321,172.517,4.383,-2.405,220,115,0,-1,0,0
636.704,170.112,4.383,-2.405,220,110,0,-1,0,0
641.088,167.706,4.383,-2.405,220,105,0,-1,0,0
645.471,165.301,4.383,-2.405,220,100,0,-1,0,0
649.855,162.896,4.383,-2.405,220,95,0,-1,0,0
654.238,160.49,4.383,-2.405,215,95,-1,0,0,0
658.622,158.085,4.383,-2.405,210,95,-1,0,0,0
663.005,155.68,4.383,-2.405,205,95,-1,0,0,0
667.388,153.274,4.383,-2.405,200,95,-1,0,0,0
671.772,150.869,4.383,-2.405,195,95,-1,0,0,0
676.155,148.464,4.383,-2.405,190,95,-1,0,0,0
680.539,146.058,4.383,-2.405,185,95,-1,0,0,0
684.922,143.653,4.383,-2.405,180,95,-1,0,0,0
689.305,141.248,4.383,-2.405,175,95,-1,0,0,0
693.689,138.842,4.383,-2.405,170,95,-1,0,0,0
698.072,136.437,4.383,-2.405,165,95,-1,0,0,0
702.456,134.031,4.383,-2.405,160,95,-1,0,0,0
706.839,131.626,4.383,-2.405,155,95,-1,0,0,0
711.223,129.221,4.383,-2.405,150,95,-1,0,0,0
715.606,126.815,4.383,-2.405,150,90,0,-1,0,0
719.989,124.41,4.383,-2.405,150,85,0,-1,0,0
724.373,122.005,4.383,-2.405,150,80,0,-1,0,0
728.756,119.599,4.383,-2.405,150,75,0,-1,0,0
733.14,117.194,4.383,-2.405,150,70,0,-1,0,0
737.523,114.789,4.383,-2.405,150,65,0,-1,0,0
741.906,112.383,4.383,-2.405,150,60,0,-1,0,0
746.29,109.978,4.383,-2.405,150,55,0,-1,0,0
750.673,107.573,4.383,-2.405,150,50,0,-1,0,0
751.0,105.167,-4.578,2.67,150,45,0,-1,0,0
746.422,107.837,-4.578,2.67,150,40,0,-1,0,0
741.843,110.508,-4.578,2.67,150,35,0,-1,0,0
737.265,113.178,-4.578,2.67,150,30,0,-1,0,0
732.687,115.848,-4.578,2.67,150,30,0,0,0,0
728.109,118.518,-4.578,2.67,150,30,0,0,0,0
723.53,121.188,-4.578,2.67,150,30,0,0,0,0
718.952,123.858,-4.578,2.67,150,30,0,0,0,0
714.374,126.528,-4.578,2.67,150,30,0,0,0,0
709.796,129.198,-4.578,2.67,150,30,0,0,0,0
705.217,131.868,-4.578,2.67,150,30,0,0,0,0
700.639,134.538,-4.578,2.67,150,30,0,0,0,0
696.061,137.208,-4.578,2.67,150,30,0,0,0,0
691.482,139.879,-4.578,2.67,150,30,0,0,0,0
686.904,142.549,-4.578,2.67,150,30,0,0,0,0
682.326,145.219,-4.578,2.67,150,30,0,0,0,0
677.748,147.889,-4.578,2.67,150,30,0,0,0,0
673.169,150.559,-4.578,2.67,150,30,0,0,0,0
668.591,153.229,-4.578,2.67,150,30,0,0,0,0
664.013,155.899,-4.578,2.67,150,30,0,0,0,0
659.434,158.569,-4.578,2.67,150,30,0,0,0,0
654.856,161.239,-4.578,2.67,150,30,0,0,0,0
650.278,163.909,-4.578,2.67,150,30,0,0,0,0
645.7,166.579,-4.578,2.67,150,30,0,0,0,0
641.121,169.25,-4.578,2.67,150,30,0,0,0,0
636.543,171.92,-4.578,2.67,150,30,0,0,0,0
631.965,174.59,-4.578,2.67,155,30,1,0,0,0
627.387,177.26,-4.578,2.67,160,30,1,0,0,0
622.808,179.93,-4.578,2.67,165,30,1,0,0,0
618.23,182.6,-4.578,2.67,170,30,1,0,0,0
613.652,185.27,-4.578,2.67,175,30,1,0,0,0
609.073,187.94,-4.578,2.67,180,30,1,0,0,0
604.495,190.61,-4.578,2.67,185,30,1,0,0,0
599.917,193.28,-4.578,2.67,190,30,1,0,0,0
595.339,195.95,-4.578,2.67,195,30,1,0,0,0
590.76,198.621,-4.578,2.67,200,30,1,0,0,0
586.182,201.291,-4.578,2.67,205,30,1,0,0,0
581.604,203.961,-4.578,2.67,210,30,1,0,0,0
577.025,206.631,-4.578,2.67,215,30,1,0,0,0
572.447,209.301,-4.578,2.67,220,30,1,0,0,0
567.869,211.971,-4.578,2.67,225,30,1,0,0,0
563.291,214.641,-4.578,2.67,230,30,1,0,0,0
558.712,217.311,-4.578,2.67,235,30,1,0,0,0
554.134,219.981,-4.578,2.67,240,30,1,0,0,0
549.556,222.651,-4.578,2.67,245,30,1,0,0,0
544.978,225.321,-4.578,2.67,250,30,1,0,0,0
540.399,227.992,-4.578,2.67,255,35,1,1,0,0
535.821,230.662,-4.578,2.67,260,40,1,1,0,0
531.243,233.332,-4.578,2.67,265,45,1,1,0,0
526.664,236.002,-4.578,2.67,270,50,1,1,0,0
522.086,238.672,-4.578,2.67,275,55,1,1,0,0
517.508,241.342,-4.578,2.67,280,60,1,1,0,0
512.93,244.012,-4.578,2.67,285,65,1,1,0,0
508.351,246.682,-4.578,2.67,290,70,1,1,0,0
503.773,249.352,-4.578,2.67,295,75,1,1,0,0
499.195,252.022,-4.578,2.67,300,80,1,1,0,0
494.616,254.692,-4.578,2.67,305,85,1,1,0,0
490.038,257.362,-4.578,2.67,310,90,1,1,0,0
485.46,260.033,-4.578,2.67,315,95,1,1,0,0
480.882,262.703,-4.578,2.67,320,100,1,1,0,0
476.303,265.373,-4.578,2.67,325,105,1,1,0,0
471.725,268.043,-4.578,2.67,330,110,1,1,0,0
467.147,270.713,-4.578,2.67,335,110,1,0,0,0
462.569,273.383,-4.578,2.67,340,110,1,0,0,0
457.99,276.053,-4.578,2.67,345,110,1,0,0,0
453.412,278.723,-4.578,2.67,350,110,1,0,0,0
448.834,281.393,-4.578,2.67,355,110,1,0,0,0
444.255,284.063,-4.578,2.67,360,110,1,0,0,0
439.677,286.733,-4.578,2.67,365,110,1,0,0,0
435.099,289.404,-4.578,2.67,370,110,1,0,0,0
430.521,292.074,-4.578,2.67,375,110,1,0,0,0
425.942,294.744,-4.578,2.67,380,110,1,0,0,0
421.364,297.414,-4.578,2.67,385,110,1,0,0,0
416.786,300.084,-4.578,2.67,390,110,1,0,0,0
412.207,302.754,-4.578,2.67,390,110,0,0,0,0
407.629,305.424,-4.578,2.67,390,115,0,1,0,0
403.051,308.094,-4.578,2.67,390,120,0,1,0,0
398.473,310.764,-4.578,2.67,390,125,0,1,0,0
393.894,313.434,-4.578,2.67,390,130,0,1,0,0
389.316,316.104,-4.578,2.67,390,135,0,1,0,0
384.738,318.775,-4.578,2.67,390,140,0,1,0,0
380.16,321.445,-4.578,2.67,390,145,0,1,0,0
375.581,324.115,-4.578,2.67,395,150,1,1,0,0
371.003,326.785,-4.578,2.67,400,155,1,1,0,0
366.425,329.455,-4.578,2.67,405,160,1,1,0,0
361.846,332.125,-4.578,2.67,410,165,1,1,0,0
357.268,334.795,-4.578,2.67,415,170,1,1,0,0
352.69,337.465,-4.578,2.67,420,175,1,1,0,0
348.112,340.135,-4.578,2.67,425,180,1,1,0,0
343.533,342.805,-4.578,2.67,430,180,1,0,0,0
338.955,345.475,-4.578,2.67,435,180,1,0,0,0
334.377,348.146,-4.578,2.67,440,180,1,0,0,0
329.798,350.816,-4.578,2.67,445,180,1,0,0,0
325.22,353.486,-4.578,2.67,445,180,0,0,0,0
320.642,356.156,-4.578,2.67,445,180,0,0,0,0
316.064,358.826,-4.578,2.67,445,180,0,0,0,0
311.485,361.496,-4.578,2.67,445,180,0,0,0,0
306.907,364.166,-4.578,2.67,445,180,0,0,0,0
302.329,366.836,-4.578,2.67,445,180,0,0,0,0
297.751,369.506,-4.578,2.67,450,180,1,0,0,0
293.172,372.176,-4.578,2.67,455,180,1,0,0,0
288.594,374.846,-4.578,2.67,460,180,1,0,0,0
284.016,377.517,-4.578,2.67,465,180,1,0,0,0
279.437,380.187,-4.578,2.67,470,180,1,0,0,0
274.859,382.857,-4.578,2.67,475,180,1,0,0,0
270.281,385.527,-4.578,2.67,480,180,1,0,0,0
265.703,388.197,-4.578,2.67,485,180,1,0,0,0
261.124,390.867,-4.578,2.67,490,180,1,0,0,0
256.546,393.537,-4.578,2.67,495,180,1,0,0,0
251.968,396.207,-4.578,2.67,500,180,1,0,0,0
247.39,398.877,-4.578,2.67,500,180,0,0,0,0
242.811,401.547,-4.578,2.67,500,180,0,0,0,0
238.233,404.217,-4.578,2.67,500,180,0,0,0,0
233.655,406.888,-4.578,2.67,500,180,0,0,0,0
229.076,409.558,-4.578,2.67,500,180,0,0,0,0
224.498,412.228,-4.578,2.67,500,180,0,0,0,0
219.92,414.898,-4.578,2.67,500,180,0,0,0,0
215.342,417.568,-4.578,2.67,500,180,0,0,0,0
210.763,420.238,-4.578,2.67,500,180,0,0,0,0
206.185,422.908,-4.578,2.67,500,180,0,0,0,0
201.607,425.578,-4.578,2.67,500,180,0,0,0,0
197.028,428.248,-4.578,2.67,500,180,0,0,0,0
192.45,430.918,-4.578,2.67,500,180,0,0,0,0
187.872,433.588,-4.578,2.67,500,180,0,0,0,0
183.294,436.258,-4.578,2.67,500,180,0,0,0,0
178.715,438.929,-4.578,2.67,500,180,0,0,0,0
174.137,441.599,-4.578,2.67,500,180,0,0,0,0
169.559,444.269,-4.578,2.67,500,180,0,0,0,0
164.981,446.939,-4.578,2.67,500,180,0,0,0,0
160.402,449.609,-4.578,2.67,500,180,0,0,0,0
155.824,452.279,-4.578,2.67,500,180,0,0,0,0
151.246,454.949,-4.578,2.67,500,180,0,0,0,0
146.667,457.619,-4.578,2.67,500,180,0,0,0,0
142.089,460.289,-4.578,2.67,500,180,0,0,0,0
137.511,462.959,-4.578,2.67,500,180,0,0,0,0
132.933,465.629,-4.578,2.67,500,180,0,0,0,0
128.354,468.3,-4.578,2.67,500,180,0,0,0,0
123.776,470.97,-4.578,2.67,500,180,0,0,0,0
119.198,473.64,-4.578,2.67,500,180,0,0,0,0
114.619,476.31,-4.578,2.67,500,180,0,0,0,0
110.041,478.98,-4.578,2.67,500,180,0,0,0,0
105.463,481.65,-4.578,2.67,500,180,0,0,0,0
100.885,484.32,-4.578,2.67,500,180,0,0,0,0
96.306,486.99,-4.578,2.67,500,180,0,0,0,0
91.728,489.66,-4.578,2.67,500,180,0,0,0,0
87.15,492.33,-4.578,2.67,500,180,0,0,0,0
82.572,495.0,-4.578,2.67,500,180,0,0,0,0
77.993,497.671,-4.578,2.67,500,180,0,0,0,0
73.415,500.341,-4.578,2.67,500,180,0,0,0,0
68.837,503.011,-4.578,2.67,500,180,0,0,0,0
64.258,505.681,-4.578,2.67,505,180,1,0,0,0
59.68,508.351,-4.578,2.67,510,180,1,0,0,0
55.102,511.021,-4.578,2.67,515,180,1,0,0,0
50.524,513.691,-4.578,2.67,520,180,1,0,0,0
49.0,516.361,2.8,-4.85,520,180,1,0,0,0
51.8,511.511,2.8,-4.85,515,180,-1,0,0,0
54.6,506.662,2.8,-4.85,510,180,-1,0,0,0
57.4,501.812,2.8,-4.85,505,180,-1,0,0,0
60.2,496.962,2.8,-4.85,500,180,-1,0,0,0
63.0,492.112,2.8,-4.85,495,180,-1,0,0,0
65.8,487.263,2.8,-4.85,490,180,-1,0,0,0
68.6,482.413,2.8,-4.85,485,180,-1,0,0,0
71.4,477.563,2.8,-4.85,480,180,-1,0,0,0
74.2,472.713,2.8,-4.85,475,180,-1,0,0,0
77.0,467.864,2.8,-4.85,475,180,0,0,0,0
79.8,463.014,2.8,-4.85,475,180,0,0,0,0
82.6,458.164,2.8,-4.85,475,185,0,1,0,0
85.4,453.315,2.8,-4.85,475,190,0,1,0,0
88.2,448.465,2.8,-4.85,475,195,0,1,0,0
91.0,443.615,2.8,-4.85,475,200,0,1,0,0
93.8,438.765,2.8,-4.85,475,205,0,1,0,0
96.6,433.916,2.8,-4.85,475,210,0,1,0,0
99.4,429.066,2.8,-4.85,475,215,0,1,0,0
102.2,424.216,2.8,-4.85,475,220,0,1,0,0
105.0,419.366,2.8,-4.85,475,225,0,1,0,0
107.8,414.517,2.8,-4.85,475,230,0,1,0,0
110.6,409.667,2.8,-4.85,475,235,0,1,0,0
113.4,404.817,2.8,-4.85,475,240,0,1,0,0
116.2,399.967,2.8,-4.85,475,245,0,1,0,0
119.0,395.118,2.8,-4.85,475,250,0,1,0,0
121.8,390.268,2.8,-4.85,475,255,0,1,0,0
124.6,385.418,2.8,-4.85,475,260,0,1,0,0
127.4,380.568,2.8,-4.85,475,265,0,1,0,0
130.2,375.719,2.8,-4.85,475,270,0,1,0,0
133.0,370.869,2.8,-4.85,475,275,0,1,0,0
135.8,366.019,2.8,-4.85,475,280,0,1,0,0
138.6,361.169,2.8,-4.85,475,285,0,1,0,0
141.4,356.32,2.8,-4.85,475,290,0,1,0,0
144.2,351.47,2.8,-4.85,475,295,0,1,0,0
147.0,346.62,2.8,-4.85,475,300,0,1,0,0
149.8,341.77,2.8,-4.85,475,305,0,1,0,0
152.6,336.921,2.8,-4.85,475,310,0,1,0,0
155.4,332.071,2.8,-4.85,475,315,0,1,0,0
158.2,327.221,2.8,-4.85,475,320,0,1,0,0
161.0,322.371,2.8,-4.85,475,325,0,1,0,0
163.8,317.522,2.8,-4.85,475,330,0,1,0,0
166.6,312.672,2.8,-4.85,475,335,0,1,0,0
169.4,307.822,2.8,-4.85,480,340,1,1,0,0
172.2,302.973,2.8,-4.85,485,345,1,1,0,0
175.0,298.123,2.8,-4.85,490,350,1,1,0,0
177.8,293.273,2.8,-4.85,490,355,0,1,0,0
180.6,288.423,2.8,-4.85,490,360,0,1,0,0
183.4,283.574,2.8,-4.85,490,365,0,1,0,0
186.2,278.724,2.8,-4.85,490,370,0,1,0,0
189.0,273.874,2.8,-4.85,485,375,-1,1,0,0
191.8,269.024,2.8,-4.85,480,380,-1,1,0,0
194.6,264.175,2.8,-4.85,475,385,-1,1,0,0
197.4,259.325,2.8,-4.85,470,390,-1,1,0,0
200.2,254.475,2.8,-4.85,465,395,-1,1,0,0
203.0,249.625,2.8,-4.85,460,400,-1,1,0,0
205.8,244.776,2.8,-4.85,455,405,-1,1,0,0
208.6,239.926,2.8,-4.85,450,410,-1,1,0,0
211.4,235.076,2.8,-4.85,445,415,-1,1,0,0
214.2,230.226,2.8,-4.85,440,420,-1,1,0,0
217.0,225.377,2.8,-4.85,435,425,-1,1,0,0
219.8,220.527,2.8,-4.85,430,430,-1,1,0,0
222.6,215.677,2.8,-4.85,425,435,-1,1,0,0
225.4,210.827,2.8,-4.85,420,440,-1,1,0,0
228.2,205.978,2.8,-4.85,415,445,-1,1,0,0
231.0,201.128,2.8,-4.85,410,450,-1,1,0,0
233.8,196.278,2.8,-4.85,405,455,-1,1,0,0
236.6,191.428,2.8,-4.85,400,460,-1,1,0,0
239.4,186.579,2.8,-4.85,400,465,0,1,0,0
242.2,181.729,2.8,-4.85,400,470,0,1,0,0
245.0,176.879,2.8,-4.85,400,475,0,1,0,0
247.8,172.029,2.8,-4.85,400,480,0,1,0,0
250.6,167.18,2.8,-4.85,400,485,0,1,0,0
253.4,162.33,2.8,-4.85,400,490,0,1,0,0
256.2,157.48,2.8,-4.85,400,495,0,1,0,0
259.0,152.63,2.8,-4.85,400,500,0,1,0,0
261.8,147.781,2.8,-4.85,400,505,0,1,0,0
264.6,142.931,2.8,-4.85,400,510,0,1,0,0
267.4,138.081,2.8,-4.85,400,515,0,1,0,0
270.2,133.232,2.8,-4.85,400,520,0,1,0,0
273.0,128.382,2.8,-4.85,395,520,-1,1,0,0
275.8,123.532,2.8,-4.85,390,520,-1,1,0,0
278.6,118.682,2.8,-4.85,385,520,-1,1,0,0
281.4,113.833,2.8,-4.85,380,520,-1,1,0,0
284.2,108.983,2.8,-4.85,375,520,-1,1,0,0
287.0,104.133,2.8,-4.85,370,520,-1,1,0,0
289.8,99.283,2.8,-4.85,365,520,-1,1,0,0
292.6,94.434,2.8,-4.85,360,520,-1,1,0,0
295.4,89.584,2.8,-4.85,355,520,-1,1,0,0
298.2,84.734,2.8,-4.85,350,520,-1,1,0,0
301.0,79.884,2.8,-4.85,345,520,-1,1,0,0
303.8,75.035,2.8,-4.85,340,520,-1,1,0,0
306.6,70.185,2.8,-4.85,345,520,1,1,0,0
309.4,65.335,2.8,-4.85,350,520,1,1,0,0
312.2,60.485,2.8,-4.85,355,520,1,1,0,0
315.0,55.636,2.8,-4.85,360,520,1,1,0,0
317.8,50.786,2.8,-4.85,365,520,1,1,0,0
320.6,45.936,2.8,-4.85,370,520,1,1,0,0
323.4,41.086,2.8,-4.85,375,520,1,1,0,0
326.2,36.237,2.8,-4.85,380,520,1,1,0,0
329.0,31.387,2.8,-4.85,385,520,1,1,0,0
331.8,26.537,2.8,-4.85,390,520,1,1,0,0
334.6,21.687,2.8,-4.85,395,520,1,1,0,0
337.4,16.838,2.8,-4.85,390,520,-1,1,0,0
340.2,11.988,2.8,-4.85,385,520,-1,0,0,0
343.0,7.138,2.8,-4.85,380,520,-1,0,0,0
345.8,6.0,2.8,4.85,375,520,-1,0,0,0
348.6,10.85,2.8,4.85,370,520,-1,0,0,0
351.4,15.699,2.8,4.85,365,520,-1,0,0,0
354.2,20.549,2.8,4.85,360,520,-1,0,0,0
357.0,25.399,2.8,4.85,355,520,-1,0,0,0
359.8,30.249,2.8,4.85,350,520,-1,0,0,0
362.6,35.098,2.8,4.85,345,520,-1,0,0,0
365.4,39.948,2.8,4.85,340,520,-1,0,0,0
368.2,44.798,2.8,4.85,335,520,-1,0,0,0
371.0,49.648,2.8,4.85,330,520,-1,0,0,0
373.8,54.497,2.8,4.85,335,520,1,0,0,0
376.6,59.347,2.8,4.85,340,520,1,0,0,0
379.4,64.197,2.8,4.85,345,520,1,0,0,0
382.2,69.047,2.8,4.85,350,520,1,0,0,0
385.0,73.896,2.8,4.85,355,520,1,0,0,0
387.8,78.746,2.8,4.85,360,520,1,0,0,0
390.6,83.596,2.8,4.85,365,520,1,0,0,0
393.4,88.446,2.8,4.85,370,520,1,0,0,0
396.2,93.295,2.8,4.85,365,520,-1,0,0,0
399.0,98.145,2.8,4.85,360,520,-1,0,0,0
401.8,102.995,2.8,4.85,355,520,-1,0,0,0
404.6,107.845,2.8,4.85,350,520,-1,0,0,0
407.4,112.694,2.8,4.85,345,520,-1,0,0,0
410.2,117.544,2.8,4.85,340,520,-1,0,0,0
413.0,122.394,2.8,4.85,335,520,-1,0,0,0
415.8,127.244,2.8,4.85,330,520,-1,0,0,0
418.6,132.093,2.8,4.85,325,520,-1,0,0,0
421.4,136.943,2.8,4.85,320,520,-1,0,0,0
424.2,141.793,2.8,4.85,315,520,-1,0,0,0
427.0,146.643,2.8,4.85,310,520,-1,0,0,0
429.8,151.492,2.8,4.85,305,520,-1,0,0,0
432.6,156.342,2.8,4.85,300,520,-1,0,0,0
435.4,161.192,2.8,4.85,305,520,1,0,0,0
438.2,166.041,2.8,4.85,310,520,1,0,0,0
441.0,170.891,2.8,4.85,315,520,1,0,0,0
443.8,175.741,2.8,4.85,320,520,1,0,0,0
446.6,180.591,2.8,4.85,325,520,1,0,0,0
449.4,185.44,2.8,4.85,330,520,1,0,0,0
452.2,190.29,2.8,4.85,335,520,1,0,0,0
455.0,195.14,2.8,4.85,340,520,1,0,0,0
457.8,199.99,2.8,4.85,345,520,1,0,0,0
460.6,204.839,2.8,4.85,340,520,-1,0,0,0
463.4,209.689,2.8,4.85,335,520,-1,0,0,0
466.2,214.539,2.8,4.85,330,520,-1,0,0,0
469.0,219.389,2.8,4.85,325,520,-1,0,0,0
471.8,224.238,2.8,4.85,320,520,-1,0,0,0
474.6,229.088,2.8,4.85,315,520,-1,0,0,0
477.4,233.938,2.8,4.85,310,520,-1,0,0,0
480.2,238.788,2.8,4.85,305,520,-1,0,0,0
483.0,243.637,2.8,4.85,300,520,-1,0,0,0
485.8,248.487,2.8,4.85,295,520,-1,0,0,0
488.6,253.337,2.8,4.85,290,520,-1,0,0,0
491.4,258.187,2.8,4.85,285,520,-1,0,0,0
494.2,263.036,2.8,4.85,290,520,1,0,0,0
497.0,267.886,2.8,4.85,295,520,1,0,0,0
499.8,272.736,2.8,4.85,300,520,1,0,0,0
502.6,277.586,2.8,4.85,305,520,1,0,0,0
505.4,282.435,2.8,4.85,310,520,1,0,0,0
508.2,287.285,2.8,4.85,315,520,1,0,0,0
511.0,292.135,2.8,4.85,320,520,1,0,0,0
513.8,296.985,2.8,4.85,320,520,0,0,0,0
516.6,301.834,2.8,4.85,320,520,0,0,0,0
519.4,306.684,2.8,4.85,320,520,0,0,0,0
522.2,311.534,2.8,4.85,320,520,0,0,0,0
525.0,316.384,2.8,4.85,320,520,0,0,0,0
527.8,321.233,2.8,4.85,320,520,0,0,0,0
530.6,326.083,2.8,4.85,315,520,-1,0,0,0
533.4,330.933,2.8,4.85,310,520,-1,0,0,0
536.2,335.782,2.8,4.85,305,520,-1,0,0,0
539.0,340.632,2.8,4.85,300,520,-1,0,0,0
541.8,345.482,2.8,4.85,295,520,-1,0,0,0
544.6,350.332,2.8,4.85,290,520,-1,0,0,0
547.4,355.181,2.8,4.85,285,520,-1,0,0,0
550.2,360.031,2.8,4.85,280,520,-1,0,0,0
553.0,364.881,2.8,4.85,275,520,-1,0,0,0
555.8,369.731,2.8,4.85,270,520,-1,0,0,0
558.6,374.58,2.8,4.85,265,520,-1,0,0,0
561.4,379.43,2.8,4.85,260,520,-1,0,0,0
564.2,384.28,2.8,4.85,255,520,-1,0,0,0
567.0,389.13,2.8,4.85,250,520,-1,0,0,0
569.8,393.979,2.8,4.85,245,520,-1,0,0,0
572.6,398.829,2.8,4.85,240,520,-1,0,0,0
575.4,403.679,2.8,4.85,235,520,-1,0,0,0
578.2,408.529,2.8,4.85,230,520,-1,0,0,0
581.0,413.378,2.8,4.85,235,520,1,0,0,0
583.8,418.228,2.8,4.85,240,520,1,0,0,0
586.6,423.078,2.8,4.85,245,520,1,0,0,0
589.4,427.928,2.8,4.85,250,520,1,0,0,0
592.2,432.777,2.8,4.85,255,520,1,0,0,0
595.0,437.627,2.8,4.85,260,520,1,0,0,0
597.8,442.477,2.8,4.85,265,520,1,0,0,0
600.6,447.327,2.8,4.85,270,520,1,0,0,0
603.4,452.176,2.8,4.85,275,520,1,0,0,0
606.2,457.026,2.8,4.85,280,520,1,0,0,0
609.0,461.876,2.8,4.85,280,520,0,0,0,0
611.8,466.726,2.8,4.85,275,520,-1,0,0,0
614.6,471.575,2.8,4.85,270,520,-1,0,0,0
617.4,476.425,2.8,4.85,265,520,-1,0,0,0
620.2,481.275,2.8,4.85,260,520,-1,0,0,0
623.0,486.124,2.8,4.85,255,520,-1,0,0,0
625.8,490.974,2.8,4.85,250,520,-1,0,0,0
628.6,495.824,2.8,4.85,245,520,-1,0,0,0
631.4,500.674,2.8,4.85,240,520,-1,0,0,0
634.2,505.523,2.8,4.85,235,520,-1,0,0,0
637.0,510.373,2.8,4.85,230,520,-1,0,0,0
639.8,515.223,2.8,4.85,230,520,0,0,0,0
642.6,520.073,2.8,4.85,230,520,0,0,0,0
645.4,524.922,2.8,4.85,230,520,0,0,0,0
648.2,529.772,2.8,4.85,230,520,0,0,0,0
651.0,534.622,2.8,4.85,230,520,0,0,0,0
653.8,539.472,2.8,4.85,230,520,0,0,0,0
656.6,544.321,2.8,4.85,230,520,0,0,0,0
659.4,549.171,2.8,4.85,230,520,0,0,0,0
662.2,554.021,2.8,4.85,230,520,0,0,0,0
665.0,558.871,2.8,4.85,230,520,0,0,0,0
667.8,563.72,2.8,4.85,230,515,0,-1,0,0
670.6,568.57,2.8,4.85,230,510,0,-1,0,0
673.4,573.42,2.8,4.85,230,505,0,-1,0,0
676.2,578.27,2.8,4.85,230,500,0,-1,0,0
679.0,583.119,2.8,4.85,230,495,0,-1,0,0
681.8,587.969,2.8,4.85,230,490,0,-1,0,0
684.6,592.819,2.8,4.85,230,485,0,-1,0,0
687.4,594.0,2.8,-4.85,230,480,0,-1,0,0
690.2,589.15,2.8,-4.85,230,475,0,-1,0,0
693.0,584.301,2.8,-4.85,230,470,0,-1,0,0
695.8,579.451,2.8,-4.85,230,465,0,-1,0,0
698.6,574.601,2.8,-4.85,230,460,0,-1,0,0
701.4,569.751,2.8,-4.85,230,455,0,-1,0,0
704.2,564.902,2.8,-4.85,230,450,0,-1,0,0
707.0,560.052,2.8,-4.85,230,445,0,-1,0,0
709.8,555.202,2.8,-4.85,230,445,0,0,0,0
712.6,550.352,2.8,-4.85,230,445,0,0,0,0
715.4,545.503,2.8,-4.85,230,445,0,0,0,0
718.2,540.653,2.8,-4.85,230,445,0,0,0,0
721.0,535.803,2.8,-4.85,230,445,0,0,0,0
723.8,530.953,2.8,-4.85,230,445,0,0,0,0
726.6,526.104,2.8,-4.85,230,445,0,0,0,0
729.4,521.254,2.8,-4.85,230,445,0,0,0,0
732.2,516.404,2.8,-4.85,230,445,0,0,0,0
735.0,511.554,2.8,-4.85,230,445,0,0,0,0
737.8,506.705,2.8,-4.85,230,445,0,0,0,0
740.6,501.855,2.8,-4.85,230,445,0,0,0,0
743.4,497.005,2.8,-4.85,230,445,0,0,0,0
746.2,492.155,2.8,-4.85,230,445,0,0,0,0
749.0,487.306,2.8,-4.85,230,445,0,0,0,0
751.8,482.456,2.8,-4.85,230,445,0,0,0,0
751.0,477.606,-5.79,-1.135,230,445,0,0,0,0
745.21,476.471,-5.79,-1.135,230,445,0,0,0,0
739.42,475.336,-5.79,-1.135,230,445,0,0,0,0
733.631,474.201,-5.79,-1.135,230,445,0,0,0,0
727.841,473.066,-5.79,-1.135,230,445,0,0,0,0
722.051,471.931,-5.79,-1.135,230,445,0,0,0,0
716.261,470.797,-5.79,-1.135,230,445,0,0,0,0
710.471,469.662,-5.79,-1.135,230,445,0,0,0,0
704.682,468.527,-5.79,-1.135,230,445,0,0,0,0
698.892,467.392,-5.79,-1.135,230,445,0,0,0,0
693.102,466.257,-5.79,-1.135,230,445,0,0,0,0
687.312,465.122,-5.79,-1.135,230,445,0,0,0,0
681.522,463.987,-5.79,-1.135,230,445,0,0,0,0
675.732,462.852,-5.79,-1.135,230,445,0,0,0,0
669.943,461.717,-5.79,-1.135,230,445,0,0,0,0
664.153,460.582,-5.79,-1.135,230,445,0,0,0,0
658.363,459.447,-5.79,-1.135,230,445,0,0,0,0
652.573,458.312,-5.79,-1.135,230,445,0,0,0,0
646.783,457.177,-5.79,-1.135,230,445,0,0,0,0
640.994,456.042,-5.79,-1.135,230,445,0,0,0,0
635.204,454.907,-5.79,-1.135,230,445,0,0,0,0
629.414,453.772,-5.79,-1.135,230,445,0,0,0,0
623.624,452.637,-5.79,-1.135,230,445,0,0,0,0
617.834,451.503,-5.79,-1.135,235,445,1,0,0,0
612.045,450.368,-5.79,-1.135,240,445,1,0,0,0
606.255,449.233,-5.79,-1.135,245,445,1,0,0,0
600.465,448.098,-5.79,-1.135,250,445,1,0,0,0
594.675,446.963,-5.79,-1.135,255,445,1,0,0,0
588.885,445.828,-5.79,-1.135,260,445,1,0,0,0
583.095,444.693,-5.79,-1.135,265,445,1,0,0,0
577.306,443.558,-5.79,-1.135,270,445,1,0,0,0
571.516,442.423,-5.79,-1.135,275,445,1,0,0,0
565.726,441.288,-5.79,-1.135,280,445,1,0,0,0
559.936,440.153,-5.79,-1.135,285,445,1,0,0,0
554.146,439.018,-5.79,-1.135,290,445,1,0,0,0
548.357,437.883,-5.79,-1.135,295,445,1,0,0,0
542.567,436.748,-5.79,-1.135,300,445,1,0,0,0
536.777,435.613,-5.79,-1.135,305,445,1,0,0,0
530.987,434.478,-5.79,-1.135,310,445,1,0,0,0
525.197,433.343,-5.79,-1.135,315,445,1,0,0,0
519.408,432.209,-5.79,-1.135,320,445,1,0,0,0
513.618,431.074,-5.79,-1.135,325,445,1,0,0,0
507.828,429.939,-5.79,-1.135,330,445,1,0,0,0
502.038,428.804,-5.79,-1.135,335,445,1,0,0,0
496.248,427.669,-5.79,-1.135,340,445,1,0,0,0
490.459,426.534,-5.79,-1.135,345,445,1,0,0,0
484.669,425.399,-5.79,-1.135,350,445,1,0,0,0
478.879,424.264,-5.79,-1.135,355,445,1,0,0,0
473.089,423.129,-5.79,-1.135,355,445,0,0,0,0
467.299,421.994,-5.79,-1.135,355,445,0,0,0,0
461.509,420.859,-5.79,-1.135,355,445,0,0,0,0
455.72,419.724,-5.79,-1.135,355,445,0,0,0,0
449.93,418.589,-5.79,-1.135,355,445,0,0,0,0
444.14,417.454,-5.79,-1.135,355,445,0,0,0,0
438.35,416.319,-5.79,-1.135,355,445,0,0,0,0
432.56,415.184,-5.79,-1.135,355,445,0,0,0,0
426.771,414.049,-5.79,-1.135,355,445,0,0,0,0
420.981,412.914,-5.79,-1.135,355,445,0,0,0,0
415.191,411.78,-5.79,-1.135,355,445,0,0,0,0
409.401,410.645,-5.79,-1.135,355,445,0,0,0,0
403.611,409.51,-5.79,-1.135,355,445,0,0,0,0
397.822,408.375,-5.79,-1.135,355,445,0,0,0,0
392.032,407.24,-5.79,-1.135,355,445,0,0,0,0
386.242,406.105,-5.79,-1.135,355,445,0,0,0,0
380.452,404.97,-5.79,-1.135,355,445,0,0,0,0
374.662,403.835,-5.79,-1.135,355,445,0,0,0,0
368.873,402.7,-5.79,-1.135,355,445,0,0,0,0
363.083,401.565,-5.79,-1.135,355,445,0,0,0,0
357.293,400.43,-5.79,-1.135,355,445,0,0,0,0
351.503,399.295,-5.79,-1.135,355,445,0,0,0,0
345.713,398.16,-5.79,-1.135,355,445,0,0,0,0
339.923,397.025,-5.79,-1.135,355,445,0,0,0,0
334.134,395.89,-5.79,-1.135,355,445,0,0,0,0
328.344,394.755,-5.79,-1.135,355,445,0,0,0,0
322.554,393.62,-5.79,-1.135,355,445,0,0,0,0
316.764,392.486,-5.79,-1.135,355,445,0,0,0,0
310.974,391.351,-5.79,-1.135,355,445,0,0,0,0
305.185,390.216,-5.79,-1.135,355,445,0,0,0,0
299.395,389.081,-5.79,-1.135,355,445,0,0,0,0
293.605,387.946,-5.79,-1.135,355,445,0,0,0,0
287.815,386.811,-5.79,-1.135,355,445,0,0,0,0
282.025,385.676,-5.79,-1.135,355,445,0,0,0,0
276.236,384.541,-5.79,-1.135,355,445,0,0,0,0
270.446,383.406,-5.79,-1.135,355,445,0,0,0,0
264.656,382.271,-5.79,-1.135,355,440,0,-1,0,0
258.866,381.136,-5.79,-1.135,355,435,0,-1,0,0
253.076,380.001,-5.79,-1.135,355,430,0,-1,0,0
247.286,378.866,-5.79,-1.135,355,425,0,-1,0,0
241.497,377.731,-5.79,-1.135,355,420,0,-1,0,0
235.707,376.596,-5.79,-1.135,355,415,0,-1,0,0
229.917,375.461,-5.79,-1.135,355,410,0,-1,0,0
224.127,374.326,-5.79,-1.135,355,405,0,-1,0,0
218.337,373.192,-5.79,-1.135,355,400,0,-1,0,0
212.548,372.057,-5.79,-1.135,355,395,0,-1,0,0
206.758,370.922,-5.79,-1.135,355,390,0,-1,0,0
200.968,369.787,-5.79,-1.135,355,385,0,-1,0,0
195.178,368.652,-5.79,-1.135,355,380,0,-1,0,0
189.388,367.517,-5.79,-1.135,355,375,0,-1,0,0
183.599,366.382,-5.79,-1.135,355,370,0,-1,0,0
177.809,365.247,-5.79,-1.135,355,365,0,-1,0,0
172.019,364.112,-5.79,-1.135,355,360,0,-1,0,0
166.229,362.977,-5.79,-1.135,355,355,0,-1,0,0
160.439,361.842,-5.79,-1.135,355,350,0,-1,0,0
154.65,360.707,-5.79,-1.135,355,345,0,-1,0,0
148.86,359.572,-5.79,-1.135,355,340,0,-1,0,0
143.07,358.437,-5.79,-1.135,355,335,0,-1,0,0
137.28,357.302,-5.79,-1.135,355,330,0,-1,0,0
131.49,356.167,-5.79,-1.135,355,325,0,-1,0,0
125.7,355.032,-5.79,-1.135,355,320,0,-1,0,0
119.911,353.898,-5.79,-1.135,355,315,0,-1,0,0
114.121,352.763,-5.79,-1.135,355,310,0,-1,0,0
108.331,351.628,-5.79,-1.135,355,305,0,-1,0,0
102.541,350.493,-5.79,-1.135,355,300,0,-1,0,0
96.751,349.358,-5.79,-1.135,355,295,0,-1,0,0
90.962,348.223,-5.79,-1.135,355,290,0,-1,0,0
85.172,347.088,-5.79,-1.135,355,285,0,-1,0,0
79.382,345.953,-5.79,-1.135,355,280,0,-1,0,0
73.592,344.818,-5.79,-1.135,355,275,0,-1,0,0
67.802,343.683,-5.79,-1.135,355,270,0,-1,0,0
62.013,342.548,-5.79,-1.135,355,265,0,-1,0,0
56.223,341.413,-5.79,-1.135,350,260,-1,-1,0,0
50.433,340.278,-5.79,-1.135,345,255,-1,-1,0,0
49.0,339.143,3.1,-5.369,340,250,-1,-1,0,0
52.1,333.774,3.1,-5.369,335,245,-1,-1,0,0
55.2,328.405,3.1,-5.369,330,240,-1,-1,0,0
58.3,323.035,3.1,-5.369,325,235,-1,-1,0,0
61.4,317.666,3.1,-5.369,320,230,-1,-1,0,0
64.5,312.296,3.1,-5.369,315,225,-1,-1,0,0
67.6,306.927,3.1,-5.369,310,220,-1,-1,0,0
70.7,301.558,3.1,-5.369,305,215,-1,-1,0,0
73.8,296.188,3.1,-5.369,300,210,-1,-1,0,0
76.9,290.819,3.1,-5.369,295,205,-1,-1,0,0
80.0,285.45,3.1,-5.369,290,200,-1,-1,0,0
83.1,280.08,3.1,-5.369,285,195,-1,-1,0,0
86.2,274.711,3.1,-5.369,280,190,-1,-1,0,0
89.3,269.342,3.1,-5.369,275,185,-1,-1,0,0
92.4,263.972,3.1,-5.369,270,180,-1,-1,0,0
95.5,258.603,3.1,-5.369,265,175,-1,-1,0,0
98.6,253.234,3.1,-5.369,260,170,-1,-1,0,0
101.7,247.864,3.1,-5.369,260,165,0,-1,0,0
104.8,242.495,3.1,-5.369,260,160,0,-1,0,0
107.9,237.125,3.1,-5.369,260,160,0,0,0,0
111.0,231.756,3.1,-5.369,260,160,0,0,0,0
114.1,226.387,3.1,-5.369,260,160,0,0,0,0
117.2,221.017,3.1,-5.369,260,160,0,0,0,0
120.3,215.648,3.1,-5.369,260,160,0,0,0,0
123.4,210.279,3.1,-5.369,260,160,0,0,0,0
126.5,204.909,3.1,-5.369,260,160,0,0,0,0
129.6,199.54,3.1,-5.369,260,160,0,0,0,0
132.7,194.171,3.1,-5.369,260,160,0,0,0,0
135.8,188.801,3.1,-5.369,260,160,0,0,0,0
138.9,183.432,3.1,-5.369,260,160,0,0,0,0
142.0,178.063,3.1,-5.369,260,160,0,0,0,0
145.1,172.693,3.1,-5.369,260,160,0,0,0,0
148.2,167.324,3.1,-5.369,260,160,0,0,0,0
151.3,161.954,3.1,-5.369,260,160,0,0,0,0
154.4,156.585,3.1,-5.369,260,160,0,0,0,0
157.5,151.216,3.1,-5.369,260,160,0,0,0,0
160.6,145.846,3.1,-5.369,260,160,0,0,0,0
163.7,140.477,3.1,-5.369,260,160,0,0,0,0
166.8,135.108,3.1,-5.369,260,160,0,0,0,0
169.9,129.738,3.1,-5.369,260,160,0,0,0,0
173.0,124.369,3.1,-5.369,260,160,0,0,0,0
176.1,119.0,3.1,-5.369,260,160,0,0,0,0
179.2,113.63,3.1,-5.369,260,160,0,0,0,0
182.3,108.261,3.1,-5.369,260,160,0,0,0,0
185.4,102.892,3.1,-5.369,260,160,0,0,0,0
188.5,97.522,3.1,-5.369,260,160,0,0,0,0
191.6,92.153,3.1,-5.369,260,165,0,1,0,0
194.7,86.783,3.1,-5.369,260,170,0,1,0,0
197.8,81.414,3.1,-5.369,260,175,0,1,0,0
200.9,76.045,3.1,-5.369,260,180,0,1,0,0
204.0,70.675,3.1,-5.369,260,185,0,1,0,0
207.1,65.306,3.1,-5.369,260,190,0,1,0,0
210.2,59.937,3.1,-5.369,260,195,0,1,0,0
213.3,54.567,3.1,-5.369,260,200,0,1,0,0
216.4,49.198,3.1,-5.369,260,205,0,1,0,0
219.5,43.829,3.1,-5.369,260,210,0,1,0,0
222.6,38.459,3.1,-5.369,260,215,0,1,0,0
225.7,33.09,3.1,-5.369,260,220,0,1,0,0
228.8,27.721,3.1,-5.369,260,225,0,1,0,0
231.9,22.351,3.1,-5.369,260,230,0,1,0,0
235.0,16.982,3.1,-5.369,260,235,0,1,0,0
238.1,11.612,3.1,-5.369,260,240,0,1,0,0
241.2,6.243,3.1,-5.369,260,245,0,1,0,0
244.3,6.0,3.1,5.369,260,250,0,1,0,0
247.4,11.369,3.1,5.369,260,255,0,1,0,0
250.5,16.739,3.1,5.369,260,260,0,1,0,0
253.6,22.108,3.1,5.369,260,265,0,1,0,0
256.7,27.477,3.1,5.369,260,270,0,1,0,0
259.8,32.847,3.1,5.369,260,275,0,1,0,0
262.9,38.216,3.1,5.369,260,280,0,1,0,0
266.0,43.586,3.1,5.369,260,285,0,1,0,0
269.1,48.955,3.1,5.369,260,290,0,1,0,0
272.2,54.324,3.1,5.369,260,295,0,1,0,0
275.3,59.694,3.1,5.369,260,300,0,1,0,0
278.4,65.063,3.1,5.369,260,305,0,1,0,0
281.5,70.432,3.1,5.369,260,310,0,1,0,0
284.6,75.802,3.1,5.369,260,315,0,1,0,0
287.7,81.171,3.1,5.369,260,320,0,1,0,0
290.8,86.54,3.1,5.369,260,325,0,1,0,0
293.9,91.91,3.1,5.369,260,330,0,1,0,0
297.0,97.279,3.1,5.369,260,335,0,1,0,0
300.1,102.648,3.1,5.369,260,340,0,1,0,0
303.2,108.018,3.1,5.369,260,345,0,1,0,0
306.3,113.387,3.1,5.369,260,350,0,1,0,0
309.4,118.757,3.1,5.369,260,355,0,1,0,0
312.5,124.126,3.1,5.369,260,360,0,1,0,0
315.6,129.495,3.1,5.369,260,365,0,1,0,0
318.7,134.865,3.1,5.369,260,370,0,1,0,0
321.8,140.234,3.1,5.369,260,375,0,1,0,0
324.9,145.603,3.1,5.369,260,380,0,1,0,0
328.0,150.973,3.1,5.369,260,385,0,1,0,0
331.1,156.342,3.1,5.369,260,390,0,1,0,0
334.2,161.711,3.1,5.369,260,395,0,1,0,0
337.3,167.081,3.1,5.369,260,400,0,1,0,0
340.4,172.45,3.1,5.369,260,405,0,1,0,0
343.5,177.819,3.1,5.369,260,410,0,1,0,0
346.6,183.189,3.1,5.369,260,415,0,1,0,0
349.7,188.558,3.1,5.369,260,420,0,1,0,0
352.8,193.928,3.1,5.369,265,425,1,1,0,0
355.9,199.297,3.1,5.369,270,430,1,1,0,0
359.0,204.666,3.1,5.369,275,435,1,1,0,0
362.1,210.036,3.1,5.369,280,440,1,1,0,0
365.2,215.405,3.1,5.369,285,445,1,1,0,0
368.3,220.774,3.1,5.369,290,450,1,1,0,0
371.4,226.144,3.1,5.369,295,455,1,1,0,0
374.5,231.513,3.1,5.369,300,460,1,1,0,0
377.6,236.882,3.1,5.369,305,465,1,1,0,0
380.7,242.252,3.1,5.369,310,470,1,1,0,0
383.8,247.621,3.1,5.369,315,475,1,1,0,0
386.9,252.99,3.1,5.369,320,480,1,1,0,0
390.0,258.36,3.1,5.369,325,485,1,1,0,0
393.1,263.729,3.1,5.369,330,490,1,1,0,0
396.2,269.099,3.1,5.369,335,495,1,1,0,0
399.3,274.468,3.1,5.369,340,500,1,1,0,0
402.4,279.837,3.1,5.369,340,505,0,1,0,0
405.5,285.207,3.1,5.369,340,510,0,1,0,0
408.6,290.576,3.1,5.369,340,515,0,1,0,0
411.7,295.945,3.1,5.369,340,520,0,1,0,0
414.8,301.315,3.1,5.369,340,520,0,1,0,0
417.9,306.684,3.1,5.369,340,520,0,1,0,0
421.0,312.053,3.1,5.369,340,520,0,1,0,0
424.1,317.423,3.1,5.369,345,520,1,1,0,0
427.2,322.792,3.1,5.369,350,520,1,1,0,0
430.3,328.161,3.1,5.369,355,520,1,1,0,0
433.4,333.531,3.1,5.369,360,520,1,1,0,0
436.5,338.9,3.1,5.369,365,520,1,0,0,0
439.6,344.27,3.1,5.369,370,520,1,0,0,0
442.7,349.639,3.1,5.369,375,520,1,0,0,0
445.8,355.008,3.1,5.369,380,520,1,0,0,0
448.9,360.378,3.1,5.369,385,515,1,-1,0,0
452.0,365.747,3.1,5.369,390,510,1,-1,0,0
455.1,371.116,3.1,5.369,395,505,1,-1,0,0
458.2,376.486,3.1,5.369,395,500,0,-1,0,0
461.3,381.855,3.1,5.369,395,495,0,-1,0,0
464.4,387.224,3.1,5.369,395,490,0,-1,0,0
467.5,392.594,3.1,5.369,395,485,0,-1,0,0
470.6,397.963,3.1,5.369,395,480,0,-1,0,0
473.7,403.332,3.1,5.369,395,475,0,-1,0,0
476.8,408.702,3.1,5.369,395,470,0,-1,0,0
479.9,414.071,3.1,5.369,395,465,0,-1,0,0
483.0,419.441,3.1,5.369,395,460,0,-1,0,0
486.1,424.81,3.1,5.369,395,455,0,-1,0,0
489.2,430.179,3.1,5.369,395,450,0,-1,0,0
492.3,435.549,3.1,5.369,395,445,0,-1,0,0
495.4,440.918,3.1,5.369,395,440,0,-1,0,0
498.5,446.287,3.1,5.369,395,435,0,-1,0,0
501.6,451.657,3.1,5.369,395,430,0,-1,0,0
504.7,457.026,3.1,5.369,395,425,0,-1,0,0
507.8,462.395,3.1,5.369,390,420,-1,-1,0,0
510.9,467.765,3.1,5.369,385,415,-1,-1,0,0
514.0,473.134,3.1,5.369,380,410,-1,-1,0,0
517.1,478.503,3.1,5.369,375,405,-1,-1,0,0
520.2,483.873,3.1,5.369,370,400,-1,-1,0,0
523.3,489.242,3.1,5.369,365,395,-1,-1,0,0
526.4,494.612,3.1,5.369,360,390,-1,-1,0,0
529.5,499.981,3.1,5.369,355,385,-1,-1,0,0
532.6,505.35,3.1,5.369,350,380,-1,-1,0,0
535.7,510.72,3.1,5.369,345,375,-1,-1,0,0
538.8,516.089,3.1,5.369,340,370,-1,-1,0,0
541.9,521.458,3.1,5.369,335,365,-1,-1,0,0
545.0,526.828,3.1,5.369,330,360,-1,-1,0,0
548.1,532.197,3.1,5.369,325,355,-1,-1,0,0
551.2,537.566,3.1,5.369,325,350,0,-1,0,0
554.3,542.936,3.1,5.369,325,345,0,-1,0,0
557.4,548.305,3.1,5.369,325,340,0,-1,0,0
560.5,553.674,3.1,5.369,325,335,0,-1,0,0
563.6,559.044,3.1,5.369,325,330,0,-1,0,0
566.7,564.413,3.1,5.369,320,325,-1,-1,0,0
569.8,569.783,3.1,5.369,315,320,-1,-1,0,0
572.9,575.152,3.1,5.369,310,315,-1,-1,0,0
576.0,580.521,3.1,5.369,305,310,-1,-1,0,0
579.1,585.891,3.1,5.369,300,310,-1,0,0,0
582.2,591.26,3.1,5.369,295,310,-1,0,0,0
585.3,594.0,3.1,-5.369,290,310,-1,0,0,0
588.4,588.631,3.1,-5.369,285,310,-1,0,0,0
591.5,583.261,3.1,-5.369,280,310,-1,0,0,0
594.6,577.892,3.1,-5.369,275,310,-1,0,0,0
597.7,572.523,3.1,-5.369,270,310,-1,0,0,0
600.8,567.153,3.1,-5.369,265,310,-1,0,0,0
603.9,561.784,3.1,-5.369,265,310,0,0,0,0
607.0,556.414,3.1,-5.369,265,310,0,0,0,0
610.1,551.045,3.1,-5.369,265,310,0,0,0,0
613.2,545.676,3.1,-5.369,265,310,0,0,0,0
616.3,540.306,3.1,-5.369,265,310,0,0,0,0
619.4,534.937,3.1,-5.369,265,310,0,0,0,0
622.5,529.568,3.1,-5.369,265,310,0,0,0,0
625.6,524.198,3.1,-5.369,265,310,0,0,0,0
628.7,518.829,3.1,-5.369,265,310,0,0,0,0
631.8,513.46,3.1,-5.369,265,310,0,0,0,0
634.9,508.09,3.1,-5.369,265,310,0,0,0,0
638.0,502.721,3.1,-5.369,265,310,0,0,0,0
641.1,497.352,3.1,-5.369,260,310,-1,0,0,0
644.2,491.982,3.1,-5.369,255,310,-1,0,0,0
647.3,486.613,3.1,-5.369,250,310,-1,0,0,0
650.4,481.243,3.1,-5.369,245,310,-1,0,0,0
653.5,475.874,3.1,-5.369,240,310,-1,0,0,0
656.6,470.505,3.1,-5.369,235,310,-1,0,0,0
659.7,465.135,3.1,-5.369,230,310,-1,0,0,0
662.8,459.766,3.1,-5.369,225,310,-1,0,0,0
665.9,454.397,3.1,-5.369,220,310,-1,0,0,0
669.0,449.027,3.1,-5.369,215,310,-1,0,0,0
672.1,443.658,3.1,-5.369,210,310,-1,0,0,0
675.2,438.289,3.1,-5.369,205,310,-1,0,0,0
678.3,432.919,3.1,-5.369,200,310,-1,0,0,0
681.4,427.55,3.1,-5.369,195,310,-1,0,0,0
684.5,422.181,3.1,-5.369,195,310,0,0,0,0
687.6,416.811,3.1,-5.369,195,310,0,0,0,0
690.7,411.442,3.1,-5.369,195,310,0,0,0,0
693.8,406.072,3.1,-5.369,195,310,0,0,0,0
696.9,400.703,3.1,-5.369,195,310,0,0,0,0
700.0,395.334,3.1,-5.369,195,310,0,0,0,0
703.1,389.964,3.1,-5.369,195,305,0,-1,0,0
706.2,384.595,3.1,-5.369,200,300,1,-1,0,0
709.3,379.226,3.1,-5.369,205,295,1,-1,0,0
712.4,373.856,3.1,-5.369,210,290,1,-1,0,0
715.5,368.487,3.1,-5.369,215,290,1,0,0,0
718.6,363.118,3.1,-5.369,220,290,1,0,0,0
721.7,357.748,3.1,-5.369,225,290,1,0,0,0
724.8,352.379,3.1,-5.369,230,290,1,0,0,0
727.9,347.01,3.1,-5.369,235,290,1,0,0,0
731.0,341.64,3.1,-5.369,240,290,1,0,0,0
734.1,336.271,3.1,-5.369,245,290,1,0,0,0
737.2,330.901,3.1,-5.369,250,290,1,0,0,0
740.3,325.532,3.1,-5.369,255,290,1,0,0,0
743.4,320.163,3.1,-5.369,260,290,1,0,0,0
746.5,314.793,3.1,-5.369,265,290,1,0,0,0
749.6,309.424,3.1,-5.369,270,290,1,0,0,0
752.7,304.055,3.1,-5.369,275,285,1,-1,0,0
751.0,298.685,-5.514,-3.442,275,280,0,-1,0,0
745.486,295.244,-5.514,-3.442,275,275,0,-1,0,0
739.972,291.802,-5.514,-3.442,275,270,0,-1,0,0
734.458,288.36,-5.514,-3.442,275,265,0,-1,0,0
728.944,284.918,-5.514,-3.442,275,260,0,-1,0,0
723.43,281.476,-5.514,-3.442,275,255,0,-1,0,0
717.916,278.035,-5.514,-3.442,275,250,0,-1,0,0
712.402,274.593,-5.514,-3.442,275,245,0,-1,0,0
706.888,271.151,-5.514,-3.442,275,240,0,-1,0,0
701.374,267.709,-5.514,-3.442,275,235,0,-1,0,0
695.86,264.268,-5.514,-3.442,275,230,0,-1,0,0
690.346,260.826,-5.514,-3.442,275,225,0,-1,0,0
684.832,257.384,-5.514,-3.442,275,220,0,-1,0,0
679.318,253.942,-5.514,-3.442,275,215,0,-1,0,0
673.804,250.5,-5.514,-3.442,275,210,0,-1,0,0
668.29,247.059,-5.514,-3.442,275,205,0,-1,0,0
662.776,243.617,-5.514,-3.442,275,200,0,-1,0,0
657.262,240.175,-5.514,-3.442,275,195,0,-1,0,0
651.748,236.733,-5.514,-3.442,275,195,0,0,0,0
646.234,233.292,-5.514,-3.442,275,195,0,0,0,0
640.72,229.85,-5.514,-3.442,275,195,0,0,0,0
635.206,226.408,-5.514,-3.442,275,195,0,0,0,0
629.692,222.966,-5.514,-3.442,275,195,0,0,0,0
624.178,219.524,-5.514,-3.442,270,195,-1,0,0,0
618.664,216.083,-5.514,-3.442,265,195,-1,0,0,0
613.15,212.641,-5.514,-3.442,260,190,-1,-1,0,0
607.636,209.199,-5.514,-3.442,255,185,-1,-1,0,0
602.122,205.757,-5.514,-3.442,250,180,-1,-1,0,0
596.608,202.315,-5.514,-3.442,245,175,-1,-1,0,0
591.094,198.874,-5.514,-3.442,240,170,-1,-1,0,0
585.58,195.432,-5.514,-3.442,235,165,-1,-1,0,0
580.066,191.99,-5.514,-3.442,230,160,-1,-1,0,0
574.552,188.548,-5.514,-3.442,225,155,-1,-1,0,0
569.038,185.107,-5.514,-3.442,220,150,-1,-1,0,0
563.524,181.665,-5.514,-3.442,215,145,-1,-1,0,0
558.01,178.223,-5.514,-3.442,210,140,-1,-1,0,0
552.496,174.781,-5.514,-3.442,205,135,-1,-1,0,0
546.982,171.339,-5.514,-3.442,200,130,-1,-1,0,0
541.468,167.898,-5.514,-3.442,195,125,-1,-1,0,0
535.954,164.456,-5.514,-3.442,190,120,-1,-1,0,0
530.44,161.014,-5.514,-3.442,185,115,-1,-1,0,0
524.926,157.572,-5.514,-3.442,180,110,-1,-1,0,0
519.412,154.131,-5.514,-3.442,175,105,-1,-1,0,0
513.898,150.689,-5.514,-3.442,170,100,-1,-1,0,0
508.384,147.247,-5.514,-3.442,165,95,-1,-1,0,0
502.87,143.805,-5.514,-3.442,160,90,-1,-1,0,0
497.356,140.363,-5.514,-3.442,155,85,-1,-1,0,0
491.842,136.922,-5.514,-3.442,150,80,-1,-1,0,0
486.328,133.48,-5.514,-3.442,145,75,-1,-1,0,0
480.814,130.038,-5.514,-3.442,140,70,-1,-1,0,0
475.3,126.596,-5.514,-3.442,135,65,-1,-1,0,0
469.786,123.155,-5.514,-3.442,130,60,-1,-1,0,0
464.272,119.713,-5.514,-3.442,125,55,-1,-1,0,0
458.758,116.271,-5.514,-3.442,120,50,-1,-1,0,0
453.244,112.829,-5.514,-3.442,120,45,0,-1,0,0
447.73,109.387,-5.514,-3.442,120,40,0,-1,0,0
442.216,105.946,-5.514,-3.442,120,35,0,-1,0,0
436.702,102.504,-5.514,-3.442,120,30,0,-1,0,0
431.188,99.062,-5.514,-3.442,120,25,0,-1,0,0
425.674,95.62,-5.514,-3.442,120,20,0,-1,0,0
420.16,92.179,-5.514,-3.442,120,15,0,-1,0,0
414.646,88.737,-5.514,-3.442,120,10,0,-1,0,0
409.132,85.295,-5.514,-3.442,120,5,0,-1,0,0
403.618,81.853,-5.514,-3.442,120,0,0,-1,0,0
398.104,78.411,-5.514,-3.442,120,0,0,-1,0,0
392.59,74.97,-5.514,-3.442,120,0,0,-1,0,0
387.076,71.528,-5.514,-3.442,120,0,0,-1,0,0
381.562,68.086,-5.514,-3.442,120,0,0,-1,0,0
376.048,64.644,-5.514,-3.442,120,0,0,-1,0,0
370.534,61.202,-5.514,-3.442,120,0,0,-1,0,0
365.02,57.761,-5.514,-3.442,120,0,0,-1,0,0
359.506,54.319,-5.514,-3.442,120,0,0,-1,0,0
353.992,50.877,-5.514,-3.442,120,0,0,-1,0,0
348.478,47.435,-5.514,-3.442,120,0,0,-1,0,0
342.964,43.994,-5.514,-3.442,120,0,0,-1,0,0
337.45,40.552,-5.514,-3.442,120,0,0,-1,0,0
331.936,37.11,-5.514,-3.442,120,0,0,-1,0,0
326.422,33.668,-5.514,-3.442,120,0,0,-1,0,0
320.908,30.226,-5.514,-3.442,120,0,0,-1,0,0
315.394,26.785,-5.514,-3.442,120,0,0,-1,0,0
309.88,23.343,-5.514,-3.442,120,0,0,-1,0,0
304.366,19.901,-5.514,-3.442,120,0,0,-1,0,0
298.852,16.459,-5.514,-3.442,120,0,0,-1,0,0
293.338,13.018,-5.514,-3.442,120,0,0,-1,0,0
287.824,9.576,-5.514,-3.442,120,0,0,-1,0,0
282.31,6.134,-5.514,-3.442,120,0,0,-1,0,0
276.796,6.0,-5.514,3.442,125,0,1,-1,0,0
271.282,9.442,-5.514,3.442,130,0,1,-1,0,0
265.768,12.884,-5.514,3.442,135,0,1,-1,0,0
260.254,16.325,-5.514,3.442,140,0,1,-1,0,0
254.74,19.767,-5.514,3.442,145,0,1,-1,0,0
249.226,23.209,-5.514,3.442,150,0,1,-1,0,0
243.712,26.651,-5.514,3.442,155,0,1,-1,0,0
238.198,30.092,-5.514,3.442,160,0,1,-1,0,0
232.684,33.534,-5.514,3.442,165,0,1,-1,0,0
227.17,36.976,-5.514,3.442,170,0,1,0,0,0
221.656,40.418,-5.514,3.442,175,0,1,0,0,0
216.142,43.86,-5.514,3.442,180,0,1,0,0,0
210.628,47.301,-5.514,3.442,185,0,1,0,0,0
205.114,50.743,-5.514,3.442,190,0,1,0,0,0
199.6,54.185,-5.514,3.442,195,0,1,0,0,0
194.086,57.627,-5.514,3.442,195,0,0,0,0,0
188.572,61.068,-5.514,3.442,195,0,0,0,0,0
183.058,64.51,-5.514,3.442,195,0,0,0,0,0
177.544,67.952,-5.514,3.442,195,0,0,0,0,0
172.03,71.394,-5.514,3.442,195,0,0,0,0,0
166.516,74.836,-5.514,3.442,195,0,0,0,0,0
161.002,78.277,-5.514,3.442,195,0,0,0,0,0
155.488,81.719,-5.514,3.442,195,0,0,0,0,0
149.974,85.161,-5.514,3.442,195,0,0,0,0,0
144.46,88.603,-5.514,3.442,195,0,0,0,0,0
138.946,92.045,-5.514,3.442,195,0,0,0,0,0
133.432,95.486,-5.514,3.442,195,0,0,0,0,0
127.918,98.928,-5.514,3.442,190,0,-1,0,0,0
122.405,102.37,-5.514,3.442,185,0,-1,0,0,0
116.891,105.812,-5.514,3.442,180,0,-1,0,0,0
111.377,109.253,-5.514,3.442,175,0,-1,0,0,0
105.863,112.695,-5.514,3.442,170,0,-1,0,0,0
100.349,116.137,-5.514,3.442,165,0,-1,0,0,0
94.835,119.579,-5.514,3.442,160,0,-1,0,0,0
89.321,123.021,-5.514,3.442,155,0,-1,0,0,0
83.807,126.462,-5.514,3.442,150,0,-1,0,0,0
78.293,129.904,-5.514,3.442,145,0,-1,0,0,0
72.779,133.346,-5.514,3.442,140,0,-1,0,0,0
67.265,136.788,-5.514,3.442,135,0,-1,0,0,0
61.751,140.229,-5.514,3.442,130,0,-1,0,0,0
56.237,143.671,-5.514,3.442,125,0,-1,0,0,0
50.723,147.113,-5.514,3.442,120,0,-1,0,0,0
49.0,150.555,6.754,-0.79,115,0,-1,0,0,0
55.754,149.765,6.754,-0.79,110,0,-1,0,0,0
62.508,148.976,6.754,-0.79,105,0,-1,0,0,0
69.262,148.186,6.754,-0.79,100,0,-1,0,0,0
76.016,147.396,6.754,-0.79,95,0,-1,0,0,0
82.77,146.607,6.754,-0.79,90,0,-1,0,0,0
89.524,145.817,6.754,-0.79,85,0,-1,0,0,0
96.278,145.028,6.754,-0.79,80,0,-1,0,0,0
103.032,144.238,6.754,-0.79,75,0,-1,0,0,0
109.786,143.449,6.754,-0.79,70,0,-1,0,0,0
116.54,142.659,6.754,-0.79,65,0,-1,0,0,0
123.294,141.87,6.754,-0.79,60,0,-1,0,0,0
130.048,141.08,6.754,-0.79,55,0,-1,0,0,0
136.802,140.29,6.754,-0.79,50,0,-1,0,0,0
143.556,139.501,6.754,-0.79,50,5,0,1,0,0
150.31,138.711,6.754,-0.79,50,10,0,1,0,0
157.064,137.922,6.754,-0.79,50,15,0,1,0,0
163.818,137.132,6.754,-0.79,50,20,0,1,0,0
170.572,136.343,6.754,-0.79,50,25,0,1,0,0
177.326,135.553,6.754,-0.79,50,30,0,1,0,0
184.08,134.763,6.754,-0.79,50,35,0,1,0,0
190.834,133.974,6.754,-0.79,50,40,0,1,0,0
197.588,133.184,6.754,-0.79,50,45,0,1,0,0
204.342,132.395,6.754,-0.79,50,50,0,1,0,0
211.096,131.605,6.754,-0.79,50,55,0,1,0,0
217.85,130.816,6.754,-0.79,50,60,0,1,0,0
224.604,130.026,6.754,-0.79,50,65,0,1,0,0
231.358,129.236,6.754,-0.79,50,70,0,1,0,0
238.112,128.447,6.754,-0.79,50,75,0,1,0,0
244.866,127.657,6.754,-0.79,55,80,1,1,0,0
251.62,126.868,6.754,-0.79,60,85,1,1,0,0
258.374,126.078,6.754,-0.79,65,90,1,1,0,0
265.128,125.289,6.754,-0.79,70,95,1,1,0,0
271.882,124.499,6.754,-0.79,75,100,1,1,0,0
278.636,123.709,6.754,-0.79,80,105,1,1,0,0
285.39,122.92,6.754,-0.79,85,105,1,0,0,0
292.144,122.13,6.754,-0.79,90,105,1,0,0,0
298.898,121.341,6.754,-0.79,95,105,1,0,0,0
305.652,120.551,6.754,-0.79,100,105,1,0,0,0
312.406,119.762,6.754,-0.79,105,105,1,0,0,0
319.16,118.972,6.754,-0.79,110,105,1,0,0,0
325.914,118.182,6.754,-0.79,115,105,1,0,0,0
332.668,117.393,6.754,-0.79,120,105,1,0,0,0
339.422,116.603,6.754,-0.79,125,105,1,0,0,0
346.176,115.814,6.754,-0.79,130,105,1,0,0,0
352.93,115.024,6.754,-0.79,135,105,1,0,0,0
359.684,114.235,6.754,-0.79,140,105,1,0,0,0
366.438,113.445,6.754,-0.79,145,105,1,0,0,0
373.192,112.655,6.754,-0.79,150,105,1,0,0,0
379.946,111.866,6.754,-0.79,155,105,1,0,0,0
386.7,111.076,6.754,-0.79,160,100,1,-1,0,0
393.454,110.287,6.754,-0.79,165,95,1,-1,0,0
400.208,109.497,6.754,-0.79,170,90,1,-1,0,0
406.962,108.708,6.754,-0.79,175,85,1,-1,0,0
413.716,107.918,6.754,-0.79,175,80,0,-1,0,0
420.47,107.128,6.754,-0.79,175,75,0,-1,0,0
427.224,106.339,6.754,-0.79,170,70,-1,-1,0,0
433.978,105.549,6.754,-0.79,165,65,-1,-1,0,0
440.732,104.76,6.754,-0.79,160,60,-1,-1,0,0
447.486,103.97,6.754,-0.79,155,55,-1,-1,0,0
454.24,103.181,6.754,-0.79,150,50,-1,-1,0,0
460.994,102.391,6.754,-0.79,145,50,-1,0,0,0
467.748,101.601,6.754,-0.79,140,50,-1,0,0,0
474.502,100.812,6.754,-0.79,135,50,-1,0,0,0
481.256,100.022,6.754,-0.79,130,50,-1,0,0,0
488.01,99.233,6.754,-0.79,125,50,-1,0,0,0
494.764,98.443,6.754,-0.79,125,50,0,0,0,0
501.518,97.654,6.754,-0.79,125,50,0,0,0,0
508.272,96.864,6.754,-0.79,125,50,0,0,0,0
515.026,96.074,6.754,-0.79,125,50,0,0,0,0
521.78,95.285,6.754,-0.79,125,50,0,0,0,0
528.534,94.495,6.754,-0.79,125,50,0,0,0,0
535.288,93.706,6.754,-0.79,125,50,0,0,0,0
542.042,92.916,6.754,-0.79,125,50,0,0,0,0
548.796,92.127,6.754,-0.79,125,50,0,0,0,0
555.55,91.337,6.754,-0.79,125,50,0,0,0,0
562.304,90.547,6.754,-0.79,125,50,0,0,0,0
569.058,89.758,6.754,-0.79,125,50,0,0,0,0
575.812,88.968,6.754,-0.79,125,50,0,0,0,0
582.566,88.179,6.754,-0.79,125,50,0,0,0,0
589.32,87.389,6.754,-0.79,125,50,0,0,0,0
596.074,86.6,6.754,-0.79,125,50,0,0,0,0
602.828,85.81,6.754,-0.79,125,50,0,0,0,0
609.582,85.021,6.754,-0.79,125,50,0,0,0,0
616.336,84.231,6.754,-0.79,125,50,0,0,0,0
623.09,83.441,6.754,-0.79,125,45,0,-1,0,0
629.844,82.652,6.754,-0.79,125,40,0,-1,0,0
636.598,81.862,6.754,-0.79,125,35,0,-1,0,0
643.352,81.073,6.754,-0.79,125,30,0,-1,0,0
650.106,80.283,6.754,-0.79,125,25,0,-1,0,0
656.86,79.494,6.754,-0.79,125,25,0,0,0,0
663.614,78.704,6.754,-0.79,125,25,0,0,0,0
670.368,77.914,6.754,-0.79,125,25,0,0,0,0
677.122,77.125,6.754,-0.79,125,25,0,0,0,0
683.876,76.335,6.754,-0.79,130,25,1,0,0,0
690.63,75.546,6.754,-0.79,135,25,1,0,0,0
697.384,74.756,6.754,-0.79,140,25,1,0,0,0
704.138,73.967,6.754,-0.79,145,25,1,0,0,0
710.892,73.177,6.754,-0.79,150,25,1,0,0,0
717.646,72.387,6.754,-0.79,155,25,1,0,0,0
724.4,71.598,6.754,-0.79,160,25,1,0,0,0
731.154,70.808,6.754,-0.79,165,25,1,0,0,0
737.908,70.019,6.754,-0.79,170,25,1,0,0,0
744.662,69.229,6.754,-0.79,175,25,1,0,0,0
751.416,68.44,6.754,-0.79,180,20,1,-1,0,0
751.0,67.65,-6.714,2.309,185,15,1,-1,0,0
744.286,69.959,-6.714,2.309,190,10,1,-1,0,0
737.572,72.267,-6.714,2.309,195,5,1,-1,0,0
730.857,74.576,-6.714,2.309,200,0,1,-1,0,0
724.143,76.884,-6.714,2.309,205,0,1,-1,0,0
717.429,79.193,-6.714,2.309,205,0,0,0,0,0
710.715,81.502,-6.714,2.309,205,0,0,0,0,0
704.001,83.81,-6.714,2.309,205,0,0,0,0,0
697.286,86.119,-6.714,2.309,205,0,0,0,0,0
690.572,88.427,-6.714,2.309,205,0,0,0,0,0
683.858,90.736,-6.714,2.309,205,0,0,0,0,0
677.144,93.045,-6.714,2.309,205,0,0,0,0,0
670.43,95.353,-6.714,2.309,205,0,0,0,0,0
663.716,97.662,-6.714,2.309,205,0,0,0,0,0
657.001,99.97,-6.714,2.309,205,0,0,0,0,0
650.287,102.279,-6.714,2.309,205,0,0,0,0,0
643.573,104.588,-6.714,2.309,205,0,0,0,0,0
636.859,106.896,-6.714,2.309,205,0,0,0,0,0
630.145,109.205,-6.714,2.309,205,0,0,0,0,0
623.43,111.513,-6.714,2.309,200,0,-1,0,0,0
616.716,113.822,-6.714,2.309,195,0,-1,0,0,0
610.002,116.131,-6.714,2.309,190,0,-1,0,0,0
603.288,118.439,-6.714,2.309,185,0,-1,0,0,0
596.574,120.748,-6.714,2.309,180,0,-1,0,0,0
589.859,123.056,-6.714,2.309,175,0,-1,0,0,0
583.145,125.365,-6.714,2.309,170,0,-1,0,0,0
576.431,127.674,-6.714,2.309,165,0,-1,0,0,0
569.717,129.982,-6.714,2.309,160,0,-1,0,0,0
563.003,132.291,-6.714,2.309,155,0,-1,0,0,0
556.288,134.599,-6.714,2.309,150,0,-1,0,0,0
549.574,136.908,-6.714,2.309,145,0,-1,0,0,0
542.86,139.217,-6.714,2.309,140,0,-1,0,0,0
536.146,141.525,-6.714,2.309,135,0,-1,0,0,0
529.432,143.834,-6.714,2.309,130,0,-1,0,0,0
522.718,146.142,-6.714,2.309,125,0,-1,0,0,0
516.003,148.451,-6.714,2.309,120,0,-1,0,0,0
509.289,150.76,-6.714,2.309,120,0,0,0,0,0
502.575,153.068,-6.714,2.309,120,0,0,0,0,0
495.861,155.377,-6.714,2.309,120,0,0,0,0,0
489.147,157.685,-6.714,2.309,120,0,0,0,0,0
482.432,159.994,-6.714,2.309,120,0,0,0,0,0
475.718,162.303,-6.714,2.309,120,0,0,0,0,0
469.004,164.611,-6.714,2.309,120,0,0,0,0,0
462.29,166.92,-6.714,2.309,120,0,0,0,0,0
455.576,169.228,-6.714,2.309,120,0,0,0,0,0
448.861,171.537,-6.714,2.309,120,0,0,0,0,0
442.147,173.846,-6.714,2.309,120,0,0,0,0,0
435.433,176.154,-6.714,2.309,120,0,0,0,0,0
428.719,178.463,-6.714,2.309,120,0,0,0,0,0
422.005,180.771,-6.714,2.309,120,0,0,0,0,0
415.29,183.08,-6.714,2.309,120,0,0,0,0,0
408.576,185.389,-6.714,2.309,120,0,0,0,0,0
401.862,187.697,-6.714,2.309,120,0,0,0,0,0
395.148,190.006,-6.714,2.309,120,0,0,0,0,0
388.434,192.314,-6.714,2.309,120,0,0,0,0,0
381.72,194.623,-6.714,2.309,120,0,0,0,0,0
375.005,196.932,-6.714,2.309,120,0,0,0,0,0
368.291,199.24,-6.714,2.309,120,0,0,0,0,0
361.577,201.549,-6.714,2.309,125,0,1,0,0,0
354.863,203.857,-6.714,2.309,130,0,1,0,0,0
348.149,206.166,-6.714,2.309,135,0,1,0,0,0
341.434,208.475,-6.714,2.309,140,0,1,0,0,0
334.72,210.783,-6.714,2.309,145,0,1,0,0,0
328.006,213.092,-6.714,2.309,150,0,1,0,0,0
321.292,215.4,-6.714,2.309,155,0,1,0,0,0
314.578,217.709,-6.714,2.309,160,0,1,0,0,0
307.863,220.018,-6.714,2.309,165,0,1,0,0,0
301.149,222.326,-6.714,2.309,170,0,1,0,0,0
294.435,224.635,-6.714,2.309,175,0,1,0,0,0
287.721,226.944,-6.714,2.309,180,0,1,0,0,0
281.007,229.252,-6.714,2.309,185,0,1,0,0,0
274.292,231.561,-6.714,2.309,190,0,1,0,0,0
267.578,233.869,-6.714,2.309,190,0,0,0,0,0
260.864,236.178,-6.714,2.309,190,0,0,0,0,0
254.15,238.487,-6.714,2.309,190,0,0,0,0,0
247.436,240.795,-6.714,2.309,190,0,0,0,0,0
240.722,243.104,-6.714,2.309,195,0,1,0,0,0
234.007,245.412,-6.714,2.309,200,0,1,0,0,0
227.293,247.721,-6.714,2.309,205,0,1,0,0,0
220.579,250.03,-6.714,2.309,210,0,1,0,0,0
213.865,252.338,-6.714,2.309,215,0,1,0,0,0
207.151,254.647,-6.714,2.309,220,0,1,0,0,0
200.436,256.955,-6.714,2.309,225,0,1,0,0,0
193.722,259.264,-6.714,2.309,230,0,1,0,0,0
187.008,261.573,-6.714,2.309,230,0,0,0,0,0
180.294,263.881,-6.714,2.309,230,0,0,0,0,0
173.58,266.19,-6.714,2.309,230,0,0,0,0,0
166.865,268.498,-6.714,2.309,230,0,0,0,0,0
160.151,270.807,-6.714,2.309,230,0,0,0,0,0
153.437,273.116,-6.714,2.309,230,0,0,0,0,0
146.723,275.424,-6.714,2.309,230,0,0,0,0,0
140.009,277.733,-6.714,2.309,235,0,1,0,0,0
133.294,280.041,-6.714,2.309,240,0,1,0,0,0
126.58,282.35,-6.714,2.309,245,0,1,0,0,0
119.866,284.659,-6.714,2.309,250,0,1,0,0,0
113.152,286.967,-6.714,2.309,255,0,1,0,0,0
106.438,289.276,-6.714,2.309,260,0,1,0,0,0
99.723,291.584,-6.714,2.309,265,0,1,0,0,0
93.009,293.893,-6.714,2.309,270,0,1,0,0,0
86.295,296.202,-6.714,2.309,275,0,1,0,0,0
79.581,298.51,-6.714,2.309,280,0,1,0,0,0
72.867,300.819,-6.714,2.309,285,0,1,0,0,0
66.153,303.127,-6.714,2.309,290,0,1,0,0,0
59.438,305.436,-6.714,2.309,290,0,0,0,0,0
52.724,307.745,-6.714,2.309,290,0,0,0,0,0
49.0,310.053,6.414,-3.691,290,0,0,0,0,0
55.414,306.362,6.414,-3.691,290,0,0,0,0,0
61.827,302.671,6.414,-3.691,290,0,0,0,0,0
68.241,298.98,6.414,-3.691,290,0,0,0,0,0
74.655,295.289,6.414,-3.691,290,5,0,1,0,0
81.069,291.598,6.414,-3.691,290,10,0,1,0,0
87.482,287.907,6.414,-3.691,290,15,0,1,0,0
93.896,284.216,6.414,-3.691,290,20,0,1,0,0
100.31,280.525,6.414,-3.691,290,25,0,1,0,0
106.724,276.833,6.414,-3.691,290,30,0,1,0,0
113.137,273.142,6.414,-3.691,290,35,0,1,0,0
119.551,269.451,6.414,-3.691,290,40,0,1,0,0
125.965,265.76,6.414,-3.691,290,45,0,1,0,0
132.379,262.069,6.414,-3.691,290,50,0,1,0,0
138.792,258.378,6.414,-3.691,290,55,0,1,0,0
145.206,254.687,6.414,-3.691,290,60,0,1,0,0
151.62,250.996,6.414,-3.691,290,65,0,1,0,0
158.033,247.305,6.414,-3.691,290,70,0,1,0,0
164.447,243.614,6.414,-3.691,290,75,0,1,0,0
170.861,239.923,6.414,-3.691,290,80,0,1,0,0
177.275,236.232,6.414,-3.691,290,85,0,1,0,0
183.688,232.541,6.414,-3.691,290,90,0,1,0,0
190.102,228.85,6.414,-3.691,290,95,0,1,0,0
196.516,225.158,6.414,-3.691,290,100,0,1,0,0
202.93,221.467,6.414,-3.691,290,105,0,1,0,0
209.343,217.776,6.414,-3.691,290,110,0,1,0,0
215.757,214.085,6.414,-3.691,290,115,0,1,0,0
222.171,210.394,6.414,-3.691,290,120,0,1,0,0
228.584,206.703,6.414,-3.691,290,125,0,1,0,0
234.998,203.012,6.414,-3.691,290,130,0,1,0,0
241.412,199.321,6.414,-3.691,290,135,0,1,0,0
247.826,195.63,6.414,-3.691,290,140,0,1,0,0
254.239,191.939,6.414,-3.691,290,145,0,1,0,0
260.653,188.248,6.414,-3.691,290,150,0,1,0,0
267.067,184.557,6.414,-3.691,290,155,0,1,0,0
273.481,180.866,6.414,-3.691,290,160,0,1,0,0
279.894,177.174,6.414,-3.691,290,165,0,1,0,0
286.308,173.483,6.414,-3.691,290,170,0,1,0,0
292.722,169.792,6.414,-3.691,290,175,0,1,0,0
299.136,166.101,6.414,-3.691,290,180,0,1,0,0
305.549,162.41,6.414,-3.691,290,185,0,1,0,0
311.963,158.719,6.414,-3.691,290,190,0,1,0,0
318.377,155.028,6.414,-3.691,290,195,0,1,0,0
324.79,151.337,6.414,-3.691,290,195,0,0,0,0
331.204,147.646,6.414,-3.691,290,190,0,-1,0,0
337.618,143.955,6.414,-3.691,290,185,0,-1,0,0
344.032,140.264,6.414,-3.691,290,180,0,-1,0,0
350.445,136.573,6.414,-3.691,290,175,0,-1,0,0
356.859,132.882,6.414,-3.691,290,170,0,-1,0,0
363.273,129.19,6.414,-3.691,290,165,0,-1,0,0
369.687,125.499,6.414,-3.691,290,160,0,-1,0,0
376.1,121.808,6.414,-3.691,290,155,0,-1,0,0
382.514,118.117,6.414,-3.691,290,150,0,-1,0,0
388.928,114.426,6.414,-3.691,290,145,0,-1,0,0
395.342,110.735,6.414,-3.691,290,145,0,0,0,0
401.755,107.044,6.414,-3.691,290,145,0,0,0,0
408.169,103.353,6.414,-3.691,290,145,0,0,0,0
414.583,99.662,6.414,-3.691,290,145,0,0,0,0
420.996,95.971,6.414,-3.691,290,145,0,0,0,0
427.41,92.28,6.414,-3.691,290,145,0,0,0,0
433.824,88.589,6.414,-3.691,290,145,0,0,0,0
440.238,84.898,6.414,-3.691,290,145,0,0,0,0
446.651,81.206,6.414,-3.691,290,145,0,0,0,0
453.065,77.515,6.414,-3.691,290,140,0,-1,0,0
459.479,73.824,6.414,-3.691,290,135,0,-1,0,0
465.893,70.133,6.414,-3.691,290,130,0,-1,0,0
472.306,66.442,6.414,-3.691,290,125,0,-1,0,0
478.72,62.751,6.414,-3.691,290,120,0,-1,0,0
485.134,59.06,6.414,-3.691,290,115,0,-1,0,0
491.548,55.369,6.414,-3.691,290,110,0,-1,0,0
497.961,51.678,6.414,-3.691,290,105,0,-1,0,0
504.375,47.987,6.414,-3.691,290,100,0,-1,0,0
510.789,44.296,6.414,-3.691,290,95,0,-1,0,0
517.202,40.605,6.414,-3.691,290,90,0,-1,0,0
523.616,36.914,6.414,-3.691,290,85,0,-1,0,0
530.03,33.222,6.414,-3.691,290,80,0,-1,0,0
536.444,29.531,6.414,-3.691,290,75,0,-1,0,0
542.857,25.84,6.414,-3.691,290,70,0,-1,0,0
549.271,22.149,6.414,-3.691,290,65,0,-1,0,0
555.685,18.458,6.414,-3.691,290,60,0,-1,0,0
562.099,14.767,6.414,-3.691,290,55,0,-1,0,0
568.512,11.076,6.414,-3.691,290,50,0,-1,0,0
574.926,7.385,6.414,-3.691,290,45,0,-1,0,0
581.34,6.0,6.414,3.691,290,40,0,-1,0,0
587.753,9.691,6.414,3.691,290,35,0,-1,0,0
594.167,13.382,6.414,3.691,290,30,0,-1,0,0
600.581,17.073,6.414,3.691,290,30,0,0,0,0
606.995,20.764,6.414,3.691,290,30,0,0,0,0
613.408,24.455,6.414,3.691,290,30,0,0,0,0
619.822,28.146,6.414,3.691,290,30,0,0,0,0
626.236,31.838,6.414,3.691,290,30,0,0,0,0
632.65,35.529,6.414,3.691,290,30,0,0,0,0
639.063,39.22,6.414,3.691,290,30,0,0,0,0
645.477,42.911,6.414,3.691,290,30,0,0,0,0
651.891,46.602,6.414,3.691,290,30,0,0,0,0
658.305,50.293,6.414,3.691,290,30,0,0,0,0
664.718,53.984,6.414,3.691,290,30,0,0,0,0
671.132,57.675,6.414,3.691,290,30,0,0,0,0
677.546,61.366,6.414,3.691,290,35,0,1,0,0
683.959,65.057,6.414,3.691,290,40,0,1,0,0
690.373,68.748,6.414,3.691,290,45,0,1,0,0
696.787,72.439,6.414,3.691,290,50,0,1,0,0
703.201,76.13,6.414,3.691,290,55,0,1,0,0
709.614,79.822,6.414,3.691,290,60,0,1,0,0
716.028,83.513,6.414,3.691,290,65,0,1,0,0
722.442,87.204,6.414,3.691,290,70,0,1,0,0
728.856,90.895,6.414,3.691,290,75,0,1,0,0
735.269,94.586,6.414,3.691,290,80,0,1,0,0
741.683,98.277,6.414,3.691,290,85,0,1,0,0
748.097,101.968,6.414,3.691,290,90,0,1,0,0
751.0,105.659,-5.538,-5.35,290,95,0,1,0,0
745.462,100.309,-5.538,-5.35,290,100,0,1,0,0
739.924,94.959,-5.538,-5.35,290,105,0,1,0,0
734.386,89.609,-5.538,-5.35,290,110,0,1,0,0
728.849,84.259,-5.538,-5.35,290,115,0,1,0,0
723.311,78.909,-5.538,-5.35,290,120,0,1,0,0
717.773,73.559,-5.538,-5.35,290,125,0,1,0,0
712.235,68.209,-5.538,-5.35,290,130,0,1,0,0
706.697,62.859,-5.538,-5.35,290,135,0,1,0,0
701.159,57.509,-5.538,-5.35,290,140,0,1,0,0
695.622,52.159,-5.538,-5.35,290,145,0,1,0,0
690.084,46.809,-5.538,-5.35,290,145,0,0,0,0
684.546,41.459,-5.538,-5.35,290,145,0,0,0,0
679.008,36.109,-5.538,-5.35,290,145,0,0,0,0
673.47,30.759,-5.538,-5.35,290,145,0,0,0,0
667.932,25.409,-5.538,-5.35,290,140,0,-1,0,0
662.394,20.059,-5.538,-5.35,290,135,0,-1,0,0
656.857,14.709,-5.538,-5.35,290,130,0,-1,0,0
651.319,9.36,-5.538,-5.35,290,125,0,-1,0,0
645.781,6.0,-5.538,5.35,290,120,0,-1,0,0
640.243,11.35,-5.538,5.35,290,115,0,-1,0,0
634.705,16.7,-5.538,5.35,290,110,0,-1,0,0
629.167,22.05,-5.538,5.35,290,105,0,-1,0,0
623.629,27.4,-5.538,5.35,285,100,-1,-1,0,0
618.092,32.75,-5.538,5.35,280,95,-1,-1,0,0
612.554,38.1,-5.538,5.35,275,90,-1,-1,0,0
607.016,43.45,-5.538,5.35,270,85,-1,-1,0,0
601.478,48.8,-5.538,5.35,265,80,-1,-1,0,0
595.94,54.15,-5.538,5.35,260,75,-1,-1,0,0
590.402,59.5,-5.538,5.35,255,70,-1,-1,0,0
584.865,64.85,-5.538,5.35,250,65,-1,-1,0,0
579.327,70.2,-5.538,5.35,245,60,-1,-1,0,0
573.789,75.55,-5.538,5.35,240,55,-1,-1,0,0
568.251,80.9,-5.538,5.35,235,50,-1,-1,0,0
562.713,86.25,-5.538,5.35,230,45,-1,-1,0,0
557.175,91.6,-5.538,5.35,230,40,0,-1,0,0
551.637,96.95,-5.538,5.35,230,35,0,-1,0,0
546.1,102.3,-5.538,5.35,230,30,0,-1,0,0
540.562,107.65,-5.538,5.35,230,25,0,-1,0,0
535.024,112.999,-5.538,5.35,230,20,0,-1,0,0
529.486,118.349,-5.538,5.35,230,15,0,-1,0,0
523.948,123.699,-5.538,5.35,230,10,0,-1,0,0
518.41,129.049,-5.538,5.35,230,5,0,-1,0,0
512.872,134.399,-5.538,5.35,230,0,0,-1,0,0
507.335,139.749,-5.538,5.35,230,0,0,-1,0,0
501.797,145.099,-5.538,5.35,230,0,0,-1,0,0
496.259,150.449,-5.538,5.35,230,0,0,-1,0,0
490.721,155.799,-5.538,5.35,230,0,0,-1,0,0
485.183,161.149,-5.538,5.35,230,0,0,-1,0,0
479.645,166.499,-5.538,5.35,230,0,0,-1,0,0
474.108,171.849,-5.538,5.35,230,0,0,-1,0,0
468.57,177.199,-5.538,5.35,230,0,0,-1,0,0
463.032,182.549,-5.538,5.35,230,0,0,-1,0,0
457.494,187.899,-5.538,5.35,230,0,0,-1,0,0
451.956,193.249,-5.538,5.35,230,0,0,-1,0,0
446.418,198.599,-5.538,5.35,230,0,0,-1,0,0
440.88,203.949,-5.538,5.35,230,0,0,-1,0,0
435.343,209.299,-5.538,5.35,230,0,0,-1,0,0
429.805,214.649,-5.538,5.35,230,0,0,-1,0,0
424.267,219.999,-5.538,5.35,230,0,0,-1,0,0
418.729,225.349,-5.538,5.35,235,0,1,0,0,0
413.191,230.699,-5.538,5.35,240,0,1,0,0,0
407.653,236.049,-5.538,5.35,245,0,1,0,0,0
402.115,241.399,-5.538,5.35,250,5,1,1,0,0
396.578,246.749,-5.538,5.35,255,10,1,1,0,0
391.04,252.099,-5.538,5.35,260,15,1,1,0,0
385.502,257.449,-5.538,5.35,265,20,1,1,0,0
379.964,262.799,-5.538,5.35,270,25,1,1,0,0
374.426,268.149,-5.538,5.35,275,30,1,1,0,0
368.888,273.499,-5.538,5.35,280,35,1,1,0,0
363.351,278.849,-5.538,5.35,285,40,1,1,0,0
357.813,284.199,-5.538,5.35,290,45,1,1,0,0
352.275,289.549,-5.538,5.35,295,50,1,1,0,0
346.737,294.899,-5.538,5.35,295,55,0,1,0,0
341.199,300.249,-5.538,5.35,295,60,0,1,0,0
335.661,305.599,-5.538,5.35,295,65,0,1,0,0
330.123,310.949,-5.538,5.35,295,70,0,1,0,0
324.586,316.299,-5.538,5.35,295,75,0,1,0,0
319.048,321.648,-5.538,5.35,300,80,1,1,0,0
313.51,326.998,-5.538,5.35,305,85,1,1,0,0
307.972,332.348,-5.538,5.35,310,90,1,1,0,0
302.434,337.698,-5.538,5.35,315,95,1,1,0,0
296.896,343.048,-5.538,5.35,320,100,1,1,0,0
291.358,348.398,-5.538,5.35,325,105,1,1,0,0
285.821,353.748,-5.538,5.35,330,110,1,1,0,0
280.283,359.098,-5.538,5.35,335,115,1,1,0,0
274.745,364.448,-5.538,5.35,335,120,0,1,0,0
269.207,369.798,-5.538,5.35,335,125,0,1,0,0
263.669,375.148,-5.538,5.35,335,130,0,1,0,0
258.131,380.498,-5.538,5.35,335,135,0,1,0,0
252.594,385.848,-5.538,5.35,335,140,0,1,0,0
247.056,391.198,-5.538,5.35,340,145,1,1,0,0
241.518,396.548,-5.538,5.35,345,150,1,1,0,0
235.98,401.898,-5.538,5.35,350,155,1,1,0,0
230.442,407.248,-5.538,5.35,355,160,1,1,0,0
224.904,412.598,-5.538,5.35,360,165,1,1,0,0
219.366,417.948,-5.538,5.35,365,170,1,1,0,0
213.829,423.298,-5.538,5.35,370,175,1,1,0,0
208.291,428.648,-5.538,5.35,370,180,0,1,0,0
202.753,433.998,-5.538,5.35,370,185,0,1,0,0
197.215,439.348,-5.538,5.35,370,190,0,1,0,0
191.677,444.698,-5.538,5.35,375,195,1,1,0,0
186.139,450.048,-5.538,5.35,380,200,1,1,0,0
180.602,455.398,-5.538,5.35,385,205,1,1,0,0
175.064,460.748,-5.538,5.35,390,210,1,1,0,0
169.526,466.098,-5.538,5.35,395,215,1,1,0,0
163.988,471.448,-5.538,5.35,400,220,1,1,0,0
158.45,476.798,-5.538,5.35,405,225,1,1,0,0
152.912,482.148,-5.538,5.35,410,230,1,1,0,0
147.374,487.498,-5.538,5.35,415,235,1,1,0,0
141.837,492.848,-5.538,5.35,420,240,1,1,0,0
136.299,498.198,-5.538,5.35,425,245,1,1,0,0
130.761,503.548,-5.538,5.35,430,250,1,1,0,0
125.223,508.898,-5.538,5.35,435,255,1,1,0,0
119.685,514.248,-5.538,5.35,440,260,1,1,0,0
114.147,519.598,-5.538,5.35,445,265,1,1,0,0
108.609,524.947,-5.538,5.35,450,270,1,1,0,0
103.072,530.297,-5.538,5.35,455,275,1,1,0,0
97.534,535.647,-5.538,5.35,460,280,1,1,0,0
91.996,540.997,-5.538,5.35,465,285,1,1,0,0
86.458,546.347,-5.538,5.35,470,290,1,1,0,0
80.92,551.697,-5.538,5.35,475,295,1,1,0,0
75.382,557.047,-5.538,5.35,480,300,1,1,0,0
69.845,562.397,-5.538,5.35,485,305,1,1,0,0
64.307,567.747,-5.538,5.35,490,310,1,1,0,0
58.769,573.097,-5.538,5.35,495,315,1,1,0,0
53.231,578.447,-5.538,5.35,500,320,1,1,0,0
49.0,583.797,4.216,6.799,505,325,1,1,0,0
53.216,590.596,4.216,6.799,510,330,1,1,0,0
57.432,594.0,4.216,-6.799,515,335,1,1,0,0
61.648,587.201,4.216,-6.799,520,340,1,1,0,0
65.865,580.402,4.216,-6.799,520,345,1,1,0,0
70.081,573.603,4.216,-6.799,520,350,1,1,0,0
74.297,566.805,4.216,-6.799,520,355,1,1,0,0
78.513,560.006,4.216,-6.799,520,360,1,1,0,0
82.729,553.207,4.216,-6.799,520,365,1,1,0,0
86.945,546.408,4.216,-6.799,520,370,1,1,0,0
91.161,539.609,4.216,-6.799,520,375,1,1,0,0
95.378,532.81,4.216,-6.799,520,380,1,1,0,0
99.594,526.012,4.216,-6.799,520,385,1,1,0,0
103.81,519.213,4.216,-6.799,520,385,1,0,0,0
108.026,512.414,4.216,-6.799,520,385,1,0,0,0
112.242,505.615,4.216,-6.799,520,385,1,0,0,0
116.458,498.816,4.216,-6.799,520,385,1,0,0,0
120.674,492.017,4.216,-6.799,520,385,1,0,0,0
124.891,485.219,4.216,-6.799,520,385,1,0,0,0
129.107,478.42,4.216,-6.799,520,385,1,0,0,0
133.323,471.621,4.216,-6.799,520,385,1,0,0,0
137.539,464.822,4.216,-6.799,520,380,1,-1,0,0
141.755,458.023,4.216,-6.799,520,375,1,-1,0,0
145.971,451.224,4.216,-6.799,520,370,1,-1,0,0
150.187,444.426,4.216,-6.799,520,365,1,-1,0,0
154.404,437.627,4.216,-6.799,520,360,0,-1,0,0
158.62,430.828,4.216,-6.799,520,355,0,-1,0,0
162.836,424.029,4.216,-6.799,520,350,0,-1,0,0
167.052,417.23,4.216,-6.799,520,345,0,-1,0,0
171.268,410.431,4.216,-6.799,520,340,0,-1,0,0
175.484,403.633,4.216,-6.799,520,335,0,-1,0,0
179.7,396.834,4.216,-6.799,520,330,0,-1,0,0
183.917,390.035,4.216,-6.799,520,325,0,-1,0,0
188.133,383.236,4.216,-6.799,520,320,0,-1,0,0
192.349,376.437,4.216,-6.799,520,315,0,-1,0,0
196.565,369.638,4.216,-6.799,520,310,0,-1,0,0
200.781,362.84,4.216,-6.799,520,305,0,-1,0,0
204.997,356.041,4.216,-6.799,520,300,0,-1,0,0
209.213,349.242,4.216,-6.799,520,295,0,-1,0,0
213.43,342.443,4.216,-6.799,520,290,0,-1,0,0
217.646,335.644,4.216,-6.799,520,285,0,-1,0,0
221.862,328.845,4.216,-6.799,515,280,-1,-1,0,0
226.078,322.047,4.216,-6.799,510,275,-1,-1,0,0
230.294,315.248,4.216,-6.799,505,270,-1,-1,0,0
234.51,308.449,4.216,-6.799,500,265,-1,-1,0,0
238.726,301.65,4.216,-6.799,495,260,-1,-1,0,0
242.943,294.851,4.216,-6.799,490,255,-1,-1,0,0
247.159,288.052,4.216,-6.799,485,250,-1,-1,0,0
251.375,281.254,4.216,-6.799,480,245,-1,-1,0,0
255.591,274.455,4.216,-6.799,475,240,-1,-1,0,0
259.807,267.656,4.216,-6.799,470,235,-1,-1,0,0
264.023,260.857,4.216,-6.799,465,230,-1,-1,0,0
268.239,254.058,4.216,-6.799,460,225,-1,-1,0,0
272.456,247.259,4.216,-6.799,455,220,-1,-1,0,0
276.672,240.461,4.216,-6.799,450,215,-1,-1,0,0
280.888,233.662,4.216,-6.799,445,210,-1,-1,0,0
285.104,226.863,4.216,-6.799,440,205,-1,-1,0,0
289.32,220.064,4.216,-6.799,435,200,-1,-1,0,0
293.536,213.265,4.216,-6.799,430,195,-1,-1,0,0
297.752,206.466,4.216,-6.799,425,190,-1,-1,0,0
301.969,199.668,4.216,-6.799,420,185,-1,-1,0,0
306.185,192.869,4.216,-6.799,415,180,-1,-1,0,0
310.401,186.07,4.216,-6.799,410,175,-1,-1,0,0
314.617,179.271,4.216,-6.799,405,170,-1,-1,0,0
318.833,172.472,4.216,-6.799,400,165,-1,-1,0,0
323.049,165.673,4.216,-6.799,395,160,-1,-1,0,0
327.265,158.875,4.216,-6.799,390,155,-1,-1,0,0
331.482,152.076,4.216,-6.799,385,150,-1,-1,0,0
335.698,145.277,4.216,-6.799,380,145,-1,-1,0,0
339.914,138.478,4.216,-6.799,375,140,-1,-1,0,0
344.13,131.679,4.216,-6.799,370,135,-1,-1,0,0
348.346,124.88,4.216,-6.799,365,130,-1,-1,0,0
352.562,118.082,4.216,-6.799,360,125,-1,-1,0,0
356.778,111.283,4.216,-6.799,355,120,-1,-1,0,0
360.995,104.484,4.216,-6.799,350,115,-1,-1,0,0
365.211,97.685,4.216,-6.799,345,110,-1,-1,0,0
369.427,90.886,4.216,-6.799,340,105,-1,-1,0,0
373.643,84.087,4.216,-6.799,335,100,-1,-1,0,0
377.859,77.289,4.216,-6.799,330,95,-1,-1,0,0
382.075,70.49,4.216,-6.799,325,90,-1,-1,0,0
386.291,63.691,4.216,-6.799,320,85,-1,-1,0,0
390.508,56.892,4.216,-6.799,315,80,-1,-1,0,0
394.724,50.093,4.216,-6.799,310,75,-1,-1,0,0
398.94,43.294,4.216,-6.799,305,70,-1,-1,0,0
403.156,36.496,4.216,-6.799,300,65,-1,-1,0,0
407.372,29.697,4.216,-6.799,295,60,-1,-1,0,0
411.588,22.898,4.216,-6.799,295,55,0,-1,0,0
415.804,16.099,4.216,-6.799,295,50,0,-1,0,0
420.021,9.3,4.216,-6.799,295,45,0,-1,0,0
424.237,6.0,4.216,6.799,295,40,0,-1,0,0
428.453,12.799,4.216,6.799,295,35,0,-1,0,0
432.669,19.598,4.216,6.799,295,30,0,-1,0,0
436.885,26.397,4.216,6.799,295,25,0,-1,0,0
441.101,33.195,4.216,6.799,295,20,0,-1,0,0
445.317,39.994,4.216,6.799,295,15,0,-1,0,0
449.534,46.793,4.216,6.799,295,20,0,1,0,0
453.75,53.592,4.216,6.799,295,25,0,1,0,0
457.966,60.391,4.216,6.799,295,30,0,1,0,0
462.182,67.19,4.216,6.799,295,35,0,1,0,0
466.398,73.988,4.216,6.799,295,40,0,1,0,0
470.614,80.787,4.216,6.799,295,45,0,1,0,0
474.83,87.586,4.216,6.799,295,50,0,1,0,0
479.047,94.385,4.216,6.799,295,55,0,1,0,0
483.263,101.184,4.216,6.799,295,60,0,1,0,0
487.479,107.983,4.216,6.799,295,65,0,1,0,0
491.695,114.781,4.216,6.799,295,70,0,1,0,0
495.911,121.58,4.216,6.799,295,75,0,1,0,0
500.127,128.379,4.216,6.799,295,80,0,1,0,0
504.343,135.178,4.216,6.799,295,85,0,1,0,0
508.56,141.977,4.216,6.799,295,90,0,1,0,0
512.776,148.776,4.216,6.799,295,95,0,1,0,0
516.992,155.574,4.216,6.799,295,100,0,1,0,0
521.208,162.373,4.216,6.799,295,105,0,1,0,0
525.424,169.172,4.216,6.799,295,110,0,1,0,0
529.64,175.971,4.216,6.799,295,115,0,1,0,0
533.856,182.77,4.216,6.799,295,120,0,1,0,0
538.073,189.569,4.216,6.799,300,125,1,1,0,0
542.289,196.367,4.216,6.799,305,130,1,1,0,0
546.505,203.166,4.216,6.799,310,135,1,1,0,0
550.721,209.965,4.216,6.799,315,140,1,1,0,0
554.937,216.764,4.216,6.799,320,145,1,1,0,0
559.153,223.563,4.216,6.799,325,150,1,1,0,0
563.369,230.362,4.216,6.799,330,155,1,1,0,0
567.586,237.16,4.216,6.799,335,160,1,1,0,0
571.802,243.959,4.216,6.799,340,165,1,1,0,0
576.018,250.758,4.216,6.799,345,170,1,1,0,0
580.234,257.557,4.216,6.799,350,175,1,1,0,0
584.45,264.356,4.216,6.799,355,180,1,1,0,0
588.666,271.155,4.216,6.799,360,185,1,1,0,0
592.882,277.953,4.216,6.799,365,190,1,1,0,0
597.099,284.752,4.216,6.799,370,195,1,1,0,0
601.315,291.551,4.216,6.799,375,200,1,1,0,0
605.531,298.35,4.216,6.799,380,205,1,1,0,0
609.747,305.149,4.216,6.799,385,210,1,1,0,0
613.963,311.948,4.216,6.799,385,215,0,1,0,0
618.179,318.746,4.216,6.799,385,220,0,1,0,0
622.395,325.545,4.216,6.799,385,225,0,1,0,0
626.612,332.344,4.216,6.799,385,230,0,1,0,0
630.828,339.143,4.216,6.799,385,235,0,1,0,0
635.044,345.942,4.216,6.799,385,240,0,1,0,0
639.26,352.741,4.216,6.799,385,245,0,1,0,0
643.476,359.539,4.216,6.799,385,250,0,1,0,0
647.692,366.338,4.216,6.799,385,255,0,1,0,0
651.908,373.137,4.216,6.799,385,260,0,1,0,0
656.125,379.936,4.216,6.799,385,265,0,1,0,0
660.341,386.735,4.216,6.799,385,270,0,1,0,0
664.557,393.534,4.216,6.799,385,275,0,1,0,0
668.773,400.332,4.216,6.799,385,280,0,1,0,0
672.989,407.131,4.216,6.799,385,285,0,1,0,0
677.205,413.93,4.216,6.799,385,290,0,1,0,0
681.421,420.729,4.216,6.799,385,295,0,1,0,0
685.638,427.528,4.216,6.799,385,300,0,1,0,0
689.854,434.327,4.216,6.799,385,305,0,1,0,0
694.07,441.125,4.216,6.799,385,310,0,1,0,0
698.286,447.924,4.216,6.799,385,315,0,1,0,0
702.502,454.723,4.216,6.799,385,320,0,1,0,0
706.718,461.522,4.216,6.799,385,325,0,1,0,0
710.934,468.321,4.216,6.799,385,330,0,1,0,0
715.151,475.12,4.216,6.799,385,335,0,1,0,0
719.367,481.918,4.216,6.799,385,340,0,1,0,0
723.583,488.717,4.216,6.799,385,345,0,1,0,0
727.799,495.516,4.216,6.799,385,350,0,1,0,0
732.015,502.315,4.216,6.799,385,355,0,1,0,0
736.231,509.114,4.216,6.799,385,360,0,1,0,0
740.448,515.913,4.216,6.799,385,365,0,1,0,0
744.664,522.711,4.216,6.799,385,370,0,1,0,0
748.88,529.51,4.216,6.799,385,375,0,1,0,0
753.096,536.309,4.216,6.799,385,380,0,1,0,0
757.312,543.108,4.216,6.799,385,385,0,1,0,0
761.528,549.907,4.216,6.799,385,390,0,1,0,0
765.744,556.706,4.216,6.799,385,395,0,1,0,0
769.961,563.504,4.216,6.799,385,400,0,1,0,0
774.177,570.303,4.216,6.799,385,405,0,1,0,0
778.393,577.102,4.216,6.799,385,410,0,1,0,0
782.609,583.901,4.216,6.799,385,415,0,1,0,0
786.825,590.7,4.216,6.799,385,420,0,1,0,0
791.041,594.0,4.216,-6.799,385,425,0,1,0,0
795.257,587.201,4.216,-6.799,385,430,0,1,0,0
799.474,580.402,4.216,-6.799,385,435,0,1,0,0
803.69,573.603,4.216,-6.799,385,440,0,1,0,0
400.0,300.0,-4.004,-2.994,385,445,0,1,1,0
395.996,297.006,-4.004,-2.994,385,445,0,0,0,0
391.992,294.011,-4.004,-2.994,385,445,0,0,0,0
387.987,291.017,-4.004,-2.994,385,445,0,0,0,0
383.983,288.022,-4.004,-2.994,385,445,0,0,0,0
379.979,285.028,-4.004,-2.994,385,445,0,0,0,0
375.975,282.034,-4.004,-2.994,385,445,0,0,0,0
371.971,279.039,-4.004,-2.994,385,445,0,0,0,0
367.966,276.045,-4.004,-2.994,385,445,0,0,0,0
363.962,273.05,-4.004,-2.994,385,445,0,0,0,0
359.958,270.056,-4.004,-2.994,385,445,0,0,0,0
355.954,267.062,-4.004,-2.994,385,445,0,0,0,0
351.95,264.067,-4.004,-2.994,385,445,0,0,0,0
347.945,261.073,-4.004,-2.994,385,445,0,0,0,0
343.941,258.078,-4.004,-2.994,385,445,0,0,0,0
339.937,255.084,-4.004,-2.994,385,445,0,0,0,0
335.933,252.09,-4.004,-2.994,385,445,0,0,0,0
331.929,249.095,-4.004,-2.994,385,445,0,0,0,0
327.924,246.101,-4.004,-2.994,385,445,0,0,0,0
323.92,243.106,-4.004,-2.994,385,445,0,0,0,0
319.916,240.112,-4.004,-2.994,385,445,0,0,0,0
315.912,237.118,-4.004,-2.994,385,445,0,0,0,0
311.908,234.123,-4.004,-2.994,385,445,0,0,0,0
307.904,231.129,-4.004,-2.994,385,445,0,0,0,0
303.899,228.134,-4.004,-2.994,385,445,0,0,0,0
299.895,225.14,-4.004,-2.994,385,445,0,0,0,0
295.891,222.146,-4.004,-2.994,385,445,0,0,0,0
291.887,219.151,-4.004,-2.994,385,445,0,0,0,0
287.883,216.157,-4.004,-2.994,385,445,0,0,0,0
283.878,213.162,-4.004,-2.994,385,445,0,0,0,0
279.874,210.168,-4.004,-2.994,385,445,0,0,0,0
275.87,207.174,-4.004,-2.994,385,445,0,0,0,0
271.866,204.179,-4.004,-2.994,385,445,0,0,0,0
267.862,201.185,-4.004,-2.994,385,445,0,0,0,0
263.857,198.19,-4.004,-2.994,385,445,0,0,0,0
259.853,195.196,-4.004,-2.994,385,445,0,0,0,0
255.849,192.202,-4.004,-2.994,385,445,0,0,0,0
251.845,189.207,-4.004,-2.994,385,440,0,-1,0,0
247.841,186.213,-4.004,-2.994,385,435,0,-1,0,0
243.836,183.218,-4.004,-2.994,385,430,0,-1,0,0
239.832,180.224,-4.004,-2.994,385,425,0,-1,0,0
235.828,177.23,-4.004,-2.994,385,420,0,-1,0,0
231.824,174.235,-4.004,-2.994,385,415,0,-1,0,0
227.82,171.241,-4.004,-2.994,385,410,0,-1,0,0
223.815,168.246,-4.004,-2.994,385,405,0,-1,0,0
219.811,165.252,-4.004,-2.994,385,400,0,-1,0,0
215.807,162.258,-4.004,-2.994,385,395,0,-1,0,0
211.803,159.263,-4.004,-2.994,385,390,0,-1,0,0
207.799,156.269,-4.004,-2.994,385,385,0,-1,0,0
203.794,153.274,-4.004,-2.994,385,380,0,-1,0,0
199.79,150.28,-4.004,-2.994,385,375,0,-1,0,0
195.786,147.286,-4.004,-2.994,385,370,0,-1,0,0
191.782,144.291,-4.004,-2.994,385,365,0,-1,0,0
187.778,141.297,-4.004,-2.994,385,360,0,-1,0,0
183.773,138.302,-4.004,-2.994,385,355,0,-1,0,0
179.769,135.308,-4.004,-2.994,385,350,0,-1,0,0
175.765,132.314,-4.004,-2.994,385,345,0,-1,0,0
171.761,129.319,-4.004,-2.994,385,340,0,-1,0,0
167.757,126.325,-4.004,-2.994,385,335,0,-1,0,0
163.752,123.331,-4.004,-2.994,385,330,0,-1,0,0
159.748,120.336,-4.004,-2.994,385,325,0,-1,0,0
155.744,117.342,-4.004,-2.994,385,320,0,-1,0,0
151.74,114.347,-4.004,-2.994,380,315,-1,-1,0,0
147.736,111.353,-4.004,-2.994,375,310,-1,-1,0,0
143.732,108.359,-4.004,-2.994,370,305,-1,-1,0,0
139.727,105.364,-4.004,-2.994,365,300,-1,-1,0,0
135.723,102.37,-4.004,-2.994,360,295,-1,-1,0,0
131.719,99.375,-4.004,-2.994,355,290,-1,-1,0,0
127.715,96.381,-4.004,-2.994,350,285,-1,-1,0,0
123.711,93.387,-4.004,-2.994,345,280,-1,-1,0,0
119.706,90.392,-4.004,-2.994,340,275,-1,-1,0,0
115.702,87.398,-4.004,-2.994,335,270,-1,-1,0,0
111.698,84.403,-4.004,-2.994,330,265,-1,-1,0,0
107.694,81.409,-4.004,-2.994,325,260,-1,-1,0,0
103.69,78.415,-4.004,-2.994,320,255,-1,-1,0,0
99.685,75.42,-4.004,-2.994,315,250,-1,-1,0,0
95.681,72.426,-4.004,-2.994,310,245,-1,-1,0,0
91.677,69.431,-4.004,-2.994,305,240,-1,-1,0,0
87.673,66.437,-4.004,-2.994,300,235,-1,-1,0,0
83.669,63.443,-4.004,-2.994,295,230,-1,-1,0,0
79.664,60.448,-4.004,-2.994,290,225,-1,-1,0,0
75.66,57.454,-4.004,-2.994,285,220,-1,-1,0,0
71.656,54.459,-4.004,-2.994,280,215,-1,-1,0,0
67.652,51.465,-4.004,-2.994,275,210,-1,-1,0,0
63.648,48.471,-4.004,-2.994,270,205,-1,-1,0,0
59.643,45.476,-4.004,-2.994,265,200,-1,-1,0,0
55.639,42.482,-4.004,-2.994,260,195,-1,-1,0,0
51.635,39.487,-4.004,-2.994,255,190,-1,-1,0,0
47.631,36.493,-4.004,-2.994,250,185,-1,-1,0,0
43.627,33.499,-4.004,-2.994,245,180,-1,-1,0,0
39.622,30.504,-4.004,-2.994,240,175,-1,-1,0,0
35.618,27.51,-4.004,-2.994,235,170,-1,-1,0,0
31.614,24.515,-4.004,-2.994,230,165,-1,-1,0,0
27.61,21.521,-4.004,-2.994,225,160,-1,-1,0,0
23.606,18.527,-4.004,-2.994,220,155,-1,-1,0,0
19.601,15.532,-4.004,-2.994,215,150,-1,-1,0,0
15.597,12.538,-4.004,-2.994,210,145,-1,-1,0,0
11.593,9.543,-4.004,-2.994,205,140,-1,-1,0,0
7.589,6.549,-4.004,-2.994,200,135,-1,-1,0,0
3.585,6.0,-4.004,2.994,195,130,-1,-1,0,0
-0.42,8.994,-4.004,2.994,190,125,-1,-1,0,0
-4.424,11.989,-4.004,2.994,185,120,-1,-1,0,0
400.0,300.0,4.621,1.909,180,115,-1,-1,0,1
404.621,301.909,4.621,1.909,180,115,0,0,0,0
409.243,303.817,4.621,1.909,180,115,0,0,0,0
413.864,305.726,4.621,1.909,180,115,0,0,0,0
418.486,307.634,4.621,1.909,180,115,0,0,0,0
423.107,309.543,4.621,1.909,180,115,0,0,0,0
427.728,311.451,4.621,1.909,180,115,0,0,0,0
432.35,313.36,4.621,1.909,180,115,0,0,0,0
436.971,315.268,4.621,1.909,180,115,0,0,0,0
441.593,317.177,4.621,1.909,180,115,0,0,0,0
446.214,319.086,4.621,1.909,180,115,0,0,0,0
450.836,320.994,4.621,1.909,180,115,0,0,0,0
455.457,322.903,4.621,1.909,180,115,0,0,0,0
460.078,324.811,4.621,1.909,180,120,0,1,0,0
464.7,326.72,4.621,1.909,180,125,0,1,0,0
469.321,328.628,4.621,1.909,180,130,0,1,0,0
473.943,330.537,4.621,1.909,180,135,0,1,0,0
478.564,332.445,4.621,1.909,180,140,0,1,0,0
483.185,334.354,4.621,1.909,180,145,0,1,0,0
487.807,336.262,4.621,1.909,180,150,0,1,0,0
492.428,338.171,4.621,1.909,180,155,0,1,0,0
497.05,340.08,4.621,1.909,180,160,0,1,0,0
501.671,341.988,4.621,1.909,180,165,0,1,0,0
506.292,343.897,4.621,1.909,180,170,0,1,0,0
510.914,345.805,4.621,1.909,180,175,0,1,0,0
515.535,347.714,4.621,1.909,180,180,0,1,0,0
520.157,349.622,4.621,1.909,180,185,0,1,0,0
524.778,351.531,4.621,1.909,180,190,0,1,0,0
529.399,353.439,4.621,1.909,180,195,0,1,0,0
534.021,355.348,4.621,1.909,180,200,0,1,0,0
538.642,357.257,4.621,1.909,180,205,0,1,0,0
543.264,359.165,4.621,1.909,180,210,0,1,0,0
547.885,361.074,4.621,1.909,180,215,0,1,0,0
552.507,362.982,4.621,1.909,180,220,0,1,0,0
557.128,364.891,4.621,1.909,180,225,0,1,0,0
561.749,366.799,4.621,1.909,180,230,0,1,0,0
566.371,368.708,4.621,1.909,180,235,0,1,0,0
570.992,370.616,4.621,1.909,180,240,0,1,0,0
575.614,372.525,4.621,1.909,180,245,0,1,0,0
580.235,374.433,4.621,1.909,180,250,0,1,0,0
584.856,376.342,4.621,1.909,180,255,0,1,0,0
589.478,378.251,4.621,1.909,180,260,0,1,0,0
594.099,380.159,4.621,1.909,180,265,0,1,0,0
598.721,382.068,4.621,1.909,185,270,1,1,0,0
603.342,383.976,4.621,1.909,190,275,1,1,0,0
607.963,385.885,4.621,1.909,195,280,1,1,0,0
612.585,387.793,4.621,1.909,200,285,1,1,0,0
617.206,389.702,4.621,1.909,205,290,1,1,0,0
621.828,391.61,4.621,1.909,210,295,1,1,0,0
626.449,393.519,4.621,1.909,215,300,1,1,0,0
631.071,395.428,4.621,1.909,220,305,1,1,0,0
635.692,397.336,4.621,1.909,225,310,1,1,0,0
640.313,399.245,4.621,1.909,230,315,1,1,0,0
644.935,401.153,4.621,1.909,235,320,1,1,0,0
649.556,403.062,4.621,1.909,240,325,1,1,0,0
654.178,404.97,4.621,1.909,245,330,1,1,0,0
658.799,406.879,4.621,1.909,250,335,1,1,0,0
663.42,408.787,4.621,1.909,255,340,1,1,0,0
668.042,410.696,4.621,1.909,260,345,1,1,0,0
672.663,412.604,4.621,1.909,265,350,1,1,0,0
677.285,414.513,4.621,1.909,270,355,1,1,0,0
681.906,416.422,4.621,1.909,270,360,0,1,0,0
686.527,418.33,4.621,1.909,270,365,0,1,0,0
691.149,420.239,4.621,1.909,270,370,0,1,0,0
695.77,422.147,4.621,1.909,270,375,0,1,0,0
700.392,424.056,4.621,1.909,270,380,0,1,0,0
705.013,425.964,4.621,1.909,270,385,0,1,0,0
709.634,427.873,4.621,1.909,270,390,0,1,0,0
714.256,429.781,4.621,1.909,270,395,0,1,0,0
718.877,431.69,4.621,1.909,270,400,0,1,0,0
723.499,433.599,4.621,1.909,270,405,0,1,0,0
728.12,435.507,4.621,1.909,270,410,0,1,0,0
732.742,437.416,4.621,1.909,270,415,0,1,0,0
737.363,439.324,4.621,1.909,270,420,0,1,0,0
741.984,441.233,4.621,1.909,270,425,0,1,0,0
746.606,443.141,4.621,1.909,270,425,0,0,0,0
751.227,445.05,4.621,1.909,270,425,0,0,0,0
751.0,446.958,-4.72,-2.411,270,425,0,0,0,0
746.28,444.547,-4.72,-2.411,270,425,0,0,0,0
741.561,442.136,-4.72,-2.411,270,425,0,0,0,0
736.841,439.725,-4.72,-2.411,270,425,0,0,0,0
732.121,437.313,-4.72,-2.411,270,425,0,0,0,0
727.401,434.902,-4.72,-2.411,270,425,0,0,0,0
722.682,432.491,-4.72,-2.411,270,425,0,0,0,0
717.962,430.079,-4.72,-2.411,270,425,0,0,0,0
713.242,427.668,-4.72,-2.411,270,425,0,0,0,0
708.523,425.257,-4.72,-2.411,270,420,0,-1,0,0
703.803,422.846,-4.72,-2.411,270,415,0,-1,0,0
699.083,420.434,-4.72,-2.411,270,410,0,-1,0,0
694.363,418.023,-4.72,-2.411,270,405,0,-1,0,0
689.644,415.612,-4.72,-2.411,270,400,0,-1,0,0
684.924,413.2,-4.72,-2.411,270,395,0,-1,0,0
680.204,410.789,-4.72,-2.411,270,390,0,-1,0,0
675.485,408.378,-4.72,-2.411,270,385,0,-1,0,0
670.765,405.966,-4.72,-2.411,270,380,0,-1,0,0
666.045,403.555,-4.72,-2.411,270,375,0,-1,0,0
661.325,401.144,-4.72,-2.411,265,370,-1,-1,0,0
656.606,398.733,-4.72,-2.411,260,365,-1,-1,0,0
651.886,396.321,-4.72,-2.411,255,360,-1,-1,0,0
647.166,393.91,-4.72,-2.411,250,355,-1,-1,0,0
642.447,391.499,-4.72,-2.411,245,350,-1,-1,0,0
637.727,389.087,-4.72,-2.411,240,345,-1,-1,0,0
633.007,386.676,-4.72,-2.411,235,340,-1,-1,0,0
628.287,384.265,-4.72,-2.411,230,335,-1,-1,0,0
623.568,381.854,-4.72,-2.411,225,330,-1,-1,0,0
618.848,379.442,-4.72,-2.411,220,325,-1,-1,0,0
614.128,377.031,-4.72,-2.411,215,320,-1,-1,0,0
609.409,374.62,-4.72,-2.411,210,315,-1,-1,0,0
604.689,372.208,-4.72,-2.411,205,310,-1,-1,0,0
599.969,369.797,-4.72,-2.411,200,305,-1,-1,0,0
595.25,367.386,-4.72,-2.411,195,300,-1,-1,0,0
590.53,364.975,-4.72,-2.411,190,295,-1,-1,0,0
585.81,362.563,-4.72,-2.411,185,290,-1,-1,0,0
581.09,360.152,-4.72,-2.411,180,285,-1,-1,0,0
576.371,357.741,-4.72,-2.411,175,280,-1,-1,0,0
571.651,355.329,-4.72,-2.411,170,275,-1,-1,0,0
566.931,352.918,-4.72,-2.411,165,270,-1,-1,0,0
562.212,350.507,-4.72,-2.411,160,265,-1,-1,0,0
557.492,348.095,-4.72,-2.411,155,260,-1,-1,0,0
552.772,345.684,-4.72,-2.411,150,255,-1,-1,0,0
548.052,343.273,-4.72,-2.411,145,250,-1,-1,0,0
543.333,340.862,-4.72,-2.411,140,245,-1,-1,0,0
538.613,338.45,-4.72,-2.411,135,240,-1,-1,0,0
533.893,336.039,-4.72,-2.411,135,235,0,-1,0,0
529.174,333.628,-4.72,-2.411,135,230,0,-1,0,0
524.454,331.216,-4.72,-2.411,135,225,0,-1,0,0
519.734,328.805,-4.72,-2.411,135,220,0,-1,0,0
515.014,326.394,-4.72,-2.411,135,215,0,-1,0,0
510.295,323.983,-4.72,-2.411,135,210,0,-1,0,0
505.575,321.571,-4.72,-2.411,135,205,0,-1,0,0
500.855,319.16,-4.72,-2.411,135,205,0,0,0,0
496.136,316.749,-4.72,-2.411,135,205,0,0,0,0
491.416,314.337,-4.72,-2.411,135,205,0,0,0,0
486.696,311.926,-4.72,-2.411,135,205,0,0,0,0
481.976,309.515,-4.72,-2.411,135,205,0,0,0,0
477.257,307.104,-4.72,-2.411,135,205,0,0,0,0
472.537,304.692,-4.72,-2.411,135,205,0,0,0,0
467.817,302.281,-4.72,-2.411,135,205,0,0,0,0
463.098,299.87,-4.72,-2.411,135,205,0,0,0,0
458.378,297.458,-4.72,-2.411,135,205,0,0,0,0
453.658,295.047,-4.72,-2.411,135,205,0,0,0,0
448.938,292.636,-4.72,-2.411,135,205,0,0,0,0
444.219,290.225,-4.72,-2.411,135,205,0,0,0,0
439.499,287.813,-4.72,-2.411,135,200,0,-1,0,0
434.779,285.402,-4.72,-2.411,135,195,0,-1,0,0
430.06,282.991,-4.72,-2.411,135,190,0,-1,0,0
425.34,280.579,-4.72,-2.411,135,185,0,-1,0,0
420.62,278.168,-4.72,-2.411,135,180,0,-1,0,0
415.9,275.757,-4.72,-2.411,135,175,0,-1,0,0
411.181,273.345,-4.72,-2.411,135,170,0,-1,0,0
406.461,270.934,-4.72,-2.411,135,165,0,-1,0,0
401.741,268.523,-4.72,-2.411,135,160,0,-1,0,0
397.022,266.112,-4.72,-2.411,135,155,0,-1,0,0
392.302,263.7,-4.72,-2.411,135,150,0,-1,0,0
387.582,261.289,-4.72,-2.411,135,145,0,-1,0,0
382.862,258.878,-4.72,-2.411,135,140,0,-1,0,0
378.143,256.466,-4.72,-2.411,135,135,0,-1,0,0
373.423,254.055,-4.72,-2.411,135,135,0,0,0,0
368.703,251.644,-4.72,-2.411,135,135,0,0,0,0
363.984,249.233,-4.72,-2.411,135,135,0,0,0,0
359.264,246.821,-4.72,-2.411,130,135,-1,0,0,0
354.544,244.41,-4.72,-2.411,125,135,-1,0,0,0
349.825,241.999,-4.72,-2.411,120,135,-1,0,0,0
345.105,239.587,-4.72,-2.411,115,135,-1,0,0,0
340.385,237.176,-4.72,-2.411,110,135,-1,0,0,0
335.665,234.765,-4.72,-2.411,105,135,-1,0,0,0
330.946,232.354,-4.72,-2.411,100,135,-1,0,0,0
326.226,229.942,-4.72,-2.411,95,135,-1,0,0,0
321.506,227.531,-4.72,-2.411,90,135,-1,0,0,0
316.787,225.12,-4.72,-2.411,85,135,-1,0,0,0
312.067,222.708,-4.72,-2.411,80,135,-1,0,0,0
307.347,220.297,-4.72,-2.411,75,135,-1,0,0,0
302.627,217.886,-4.72,-2.411,70,135,-1,0,0,0
297.908,215.475,-4.72,-2.411,65,135,-1,0,0,0
293.188,213.063,-4.72,-2.411,60,135,-1,0,0,0
288.468,210.652,-4.72,-2.411,55,135,-1,0,0,0
283.749,208.241,-4.72,-2.411,50,135,-1,0,0,0
279.029,205.829,-4.72,-2.411,45,135,-1,0,0,0
274.309,203.418,-4.72,-2.411,40,135,-1,0,0,0
269.589,201.007,-4.72,-2.411,40,135,0,0,0,0
264.87,198.595,-4.72,-2.411,40,135,0,0,0,0
260.15,196.184,-4.72,-2.411,40,135,0,0,0,0
255.43,193.773,-4.72,-2.411,40,135,0,0,0,0
250.711,191.362,-4.72,-2.411,40,135,0,0,0,0
245.991,188.95,-4.72,-2.411,40,135,0,0,0,0
241.271,186.539,-4.72,-2.411,40,135,0,0,0,0
236.551,184.128,-4.72,-2.411,40,135,0,0,0,0
231.832,181.716,-4.72,-2.411,40,135,0,0,0,0
227.112,179.305,-4.72,-2.411,40,135,0,0,0,0
222.392,176.894,-4.72,-2.411,45,135,1,0,0,0
217.673,174.483,-4.72,-2.411,50,135,1,0,0,0
212.953,172.071,-4.72,-2.411,55,135,1,0,0,0
208.233,169.66,-4.72,-2.411,60,135,1,0,0,0
203.513,167.249,-4.72,-2.411,65,135,1,0,0,0
198.794,164.837,-4.72,-2.411,70,135,1,0,0,0
194.074,162.426,-4.72,-2.411,75,140,1,1,0,0
189.354,160.015,-4.72,-2.411,80,145,1,1,0,0
184.635,157.604,-4.72,-2.411,85,150,1,1,0,0
179.915,155.192,-4.72,-2.411,90,155,1,1,0,0
175.195,152.781,-4.72,-2.411,95,160,1,1,0,0
170.475,150.37,-4.72,-2.411,100,165,1,1,0,0
165.756,147.958,-4.72,-2.411,105,170,1,1,0,0
161.036,145.547,-4.72,-2.411,110,175,1,1,0,0
156.316,143.136,-4.72,-2.411,115,180,1,1,0,0
151.597,140.725,-4.72,-2.411,120,185,1,1,0,0
146.877,138.313,-4.72,-2.411,125,185,1,0,0,0
142.157,135.902,-4.72,-2.411,130,185,1,0,0,0
137.437,133.491,-4.72,-2.411,135,185,1,0,0,0
132.718,131.079,-4.72,-2.411,135,185,0,0,0,0
127.998,128.668,-4.72,-2.411,135,185,0,0,0,0
123.278,126.257,-4.72,-2.411,135,185,0,0,0,0
118.559,123.845,-4.72,-2.411,135,185,0,0,0,0
113.839,121.434,-4.72,-2.411,135,185,0,0,0,0
109.119,119.023,-4.72,-2.411,135,185,0,0,0,0
104.399,116.612,-4.72,-2.411,135,185,0,0,0,0
99.68,114.2,-4.72,-2.411,135,185,0,0,0,0
94.96,111.789,-4.72,-2.411,135,185,0,0,0,0
90.24,109.378,-4.72,-2.411,135,185,0,0,0,0
85.521,106.966,-4.72,-2.411,135,185,0,0,0,0
80.801,104.555,-4.72,-2.411,135,185,0,0,0,0
76.081,102.144,-4.72,-2.411,130,180,-1,-1,0,0
71.362,99.733,-4.72,-2.411,125,175,-1,-1,0,0
66.642,97.321,-4.72,-2.411,120,170,-1,-1,0,0
61.922,94.91,-4.72,-2.411,115,165,-1,-1,0,0
57.202,92.499,-4.72,-2.411,110,160,-1,-1,0,0
52.483,90.087,-4.72,-2.411,105,155,-1,-1,0,0
47.763,87.676,-4.72,-2.411,100,150,-1,-1,0,0
43.043,85.265,-4.72,-2.411,95,145,-1,-1,0,0
38.324,82.854,-4.72,-2.411,90,140,-1,-1,0,0
49.0,80.442,2.8,-4.85,85,135,-1,-1,0,0
51.8,75.593,2.8,-4.85,80,130,-1,-1,0,0
54.6,70.743,2.8,-4.85,75,125,-1,-1,0,0
57.4,65.893,2.8,-4.85,70,120,-1,-1,0,0
60.2,61.043,2.8,-4.85,65,115,-1,-1,0,0
63.0,56.194,2.8,-4.85,60,110,-1,-1,0,0
65.8,51.344,2.8,-4.85,55,105,-1,-1,0,0
68.6,46.494,2.8,-4.85,50,100,-1,-1,0,0
71.4,41.644,2.8,-4.85,45,95,-1,-1,0,0
74.2,36.795,2.8,-4.85,40,90,-1,-1,0,0
77.0,31.945,2.8,-4.85,35,85,-1,-1,0,0
79.8,27.095,2.8,-4.85,30,80,-1,-1,0,0
82.6,22.245,2.8,-4.85,25,75,-1,-1,0,0
85.4,17.396,2.8,-4.85,20,70,-1,-1,0,0
88.2,12.546,2.8,-4.85,15,65,-1,-1,0,0
91.0,7.696,2.8,-4.85,10,60,-1,-1,0,0
93.8,6.0,2.8,4.85,5,55,-1,-1,0,0
96.6,10.85,2.8,4.85,0,50,-1,-1,0,0
99.4,15.699,2.8,4.85,0,45,0,-1,0,0
102.2,20.549,2.8,4.85,0,40,0,-1,0,0
105.0,25.399,2.8,4.85,0,35,0,-1,0,0
107.8,30.249,2.8,4.85,0,35,0,0,0,0
110.6,35.098,2.8,4.85,0,35,0,0,0,0
113.4,39.948,2.8,4.85,0,35,0,0,0,0
116.2,44.798,2.8,4.85,0,35,0,0,0,0
119.0,49.648,2.8,4.85,0,35,0,0,0,0
121.8,54.497,2.8,4.85,0,35,0,0,0,0
124.6,59.347,2.8,4.85,0,35,0,0,0,0
127.4,64.197,2.8,4.85,0,40,0,1,0,0
130.2,69.047,2.8,4.85,0,45,0,1,0,0
133.0,73.896,2.8,4.85,0,50,0,1,0,0
135.8,78.746,2.8,4.85,0,55,0,1,0,0
138.6,83.596,2.8,4.85,0,60,0,1,0,0
141.4,88.446,2.8,4.85,0,65,0,1,0,0
144.2,93.295,2.8,4.85,0,70,0,1,0,0
147.0,98.145,2.8,4.85,0,75,0,1,0,0
149.8,102.995,2.8,4.85,0,80,0,1,0,0
152.6,107.845,2.8,4.85,0,85,0,1,0,0
155.4,112.694,2.8,4.85,0,90,0,1,0,0
158.2,117.544,2.8,4.85,0,95,0,1,0,0
161.0,122.394,2.8,4.85,0,100,0,1,0,0
163.8,127.244,2.8,4.85,0,105,0,1,0,0
166.6,132.093,2.8,4.85,0,110,0,1,0,0
169.4,136.943,2.8,4.85,0,115,0,1,0,0
172.2,141.793,2.8,4.85,0,120,0,1,0,0
175.0,146.643,2.8,4.85,0,125,0,1,0,0
177.8,151.492,2.8,4.85,0,130,0,1,0,0
180.6,156.342,2.8,4.85,5,135,1,1,0,0
183.4,161.192,2.8,4.85,10,140,1,1,0,0
186.2,166.041,2.8,4.85,15,145,1,1,0,0
189.0,170.891,2.8,4.85,20,150,1,1,0,0
191.8,175.741,2.8,4.85,25,155,1,1,0,0
194.6,180.591,2.8,4.85,30,160,1,1,0,0
197.4,185.44,2.8,4.85,35,165,1,1,0,0
200.2,190.29,2.8,4.85,40,170,1,1,0,0
203.0,195.14,2.8,4.85,45,175,1,1,0,0
205.8,199.99,2.8,4.85,50,180,1,1,0,0
208.6,204.839,2.8,4.85,55,185,1,1,0,0
211.4,209.689,2.8,4.85,60,190,1,1,0,0
214.2,214.539,2.8,4.85,65,195,1,1,0,0
217.0,219.389,2.8,4.85,70,200,1,1,0,0
219.8,224.238,2.8,4.85,75,205,1,1,0,0
222.6,229.088,2.8,4.85,80,210,1,1,0,0
225.4,233.938,2.8,4.85,85,215,1,1,0,0
228.2,238.788,2.8,4.85,90,220,1,1,0,0
231.0,243.637,2.8,4.85,95,225,1,1,0,0
233.8,248.487,2.8,4.85,100,230,1,1,0,0
236.6,253.337,2.8,4.85,105,235,1,1,0,0
239.4,258.187,2.8,4.85,110,240,1,1,0,0
242.2,263.036,2.8,4.85,115,245,1,1,0,0
245.0,267.886,2.8,4.85,120,250,1,1,0,0
247.8,272.736,2.8,4.85,125,255,1,1,0,0
250.6,277.586,2.8,4.85,130,260,1,1,0,0
253.4,282.435,2.8,4.85,135,265,1,1,0,0
256.2,287.285,2.8,4.85,140,270,1,1,0,0
259.0,292.135,2.8,4.85,145,275,1,1,0,0
261.8,296.985,2.8,4.85,150,280,1,1,0,0
264.6,301.834,2.8,4.85,155,285,1,1,0,0
267.4,306.684,2.8,4.85,160,290,1,1,0,0
270.2,311.534,2.8,4.85,165,295,1,1,0,0
273.0,316.384,2.8,4.85,170,300,1,1,0,0
275.8,321.233,2.8,4.85,175,305,1,1,0,0
278.6,326.083,2.8,4.85,180,310,1,1,0,0
281.4,330.933,2.8,4.85,185,315,1,1,0,0
284.2,335.782,2.8,4.85,190,320,1,1,0,0
287.0,340.632,2.8,4.85,195,325,1,1,0,0
289.8,345.482,2.8,4.85,200,330,1,1,0,0
292.6,350.332,2.8,4.85,205,335,1,1,0,0
295.4,355.181,2.8,4.85,210,340,1,1,0,0
298.2,360.031,2.8,4.85,215,345,1,1,0,0
301.0,364.881,2.8,4.85,220,350,1,1,0,0
303.8,369.731,2.8,4.85,225,355,1,1,0,0
306.6,374.58,2.8,4.85,230,360,1,1,0,0
309.4,379.43,2.8,4.85,235,365,1,1,0,0
312.2,384.28,2.8,4.85,240,370,1,1,0,0
315.0,389.13,2.8,4.85,240,375,0,1,0,0
317.8,393.979,2.8,4.85,240,380,0,1,0,0
320.6,398.829,2.8,4.85,240,385,0,1,0,0
323.4,403.679,2.8,4.85,240,390,0,1,0,0
326.2,408.529,2.8,4.85,240,395,0,1,0,0
329.0,413.378,2.8,4.85,240,400,0,1,0,0
331.8,418.228,2.8,4.85,240,405,0,1,0,0
334.6,423.078,2.8,4.85,240,410,0,1,0,0
337.4,427.928,2.8,4.85,240,415,0,1,0,0
340.2,432.777,2.8,4.85,240,420,0,1,0,0
343.0,437.627,2.8,4.85,240,425,0,1,0,0
345.8,442.477,2.8,4.85,240,430,0,1,0,0
348.6,447.327,2.8,4.85,240,435,0,1,0,0
351.4,452.176,2.8,4.85,240,440,0,1,0,0
354.2,457.026,2.8,4.85,240,445,0,1,0,0
357.0,461.876,2.8,4.85,240,440,0,-1,0,0
359.8,466.726,2.8,4.85,240,435,0,-1,0,0
362.6,471.575,2.8,4.85,240,430,0,-1,0,0
365.4,476.425,2.8,4.85,240,425,0,-1,0,0
368.2,481.275,2.8,4.85,240,420,0,-1,0,0
371.0,486.124,2.8,4.85,240,415,0,-1,0,0
373.8,490.974,2.8,4.85,240,410,0,-1,0,0
376.6,495.824,2.8,4.85,240,405,0,-1,0,0
379.4,500.674,2.8,4.85,240,400,0,-1,0,0
382.2,505.523,2.8,4.85,240,395,0,-1,0,0
385.0,510.373,2.8,4.85,240,390,0,-1,0,0
387.8,515.223,2.8,4.85,245,385,1,-1,0,0
390.6,520.073,2.8,4.85,250,380,1,-1,0,0
393.4,524.922,2.8,4.85,255,375,1,-1,0,0
396.2,529.772,2.8,4.85,260,370,1,-1,0,0
399.0,534.622,2.8,4.85,265,365,1,-1,0,0
401.8,539.472,2.8,4.85,270,360,1,-1,0,0
404.6,544.321,2.8,4.85,275,355,1,-1,0,0
407.4,549.171,2.8,4.85,280,350,1,-1,0,0
410.2,554.021,2.8,4.85,285,345,1,-1,0,0
413.0,558.871,2.8,4.85,290,340,1,-1,0,0
415.8,563.72,2.8,4.85,295,335,1,-1,0,0
418.6,568.57,2.8,4.85,300,330,1,-1,0,0
421.4,573.42,2.8,4.85,305,325,1,-1,0,0
424.2,578.27,2.8,4.85,310,320,1,-1,0,0
427.0,583.119,2.8,4.85,315,315,1,-1,0,0
429.8,587.969,2.8,4.85,320,310,1,-1,0,0
432.6,592.819,2.8,4.85,320,305,0,-1,0,0
435.4,594.0,2.8,-4.85,320,300,0,-1,0,0
438.2,589.15,2.8,-4.85,320,295,0,-1,0,0
441.0,584.301,2.8,-4.85,320,290,0,-1,0,0
443.8,579.451,2.8,-4.85,320,285,0,-1,0,0
446.6,574.601,2.8,-4.85,320,280,0,-1,0,0
449.4,569.751,2.8,-4.85,320,275,0,-1,0,0
452.2,564.902,2.8,-4.85,320,270,0,-1,0,0
455.0,560.052,2.8,-4.85,320,265,0,-1,0,0
457.8,555.202,2.8,-4.85,320,260,0,-1,0,0
460.6,550.352,2.8,-4.85,320,255,0,-1,0,0
463.4,545.503,2.8,-4.85,320,250,0,-1,0,0
466.2,540.653,2.8,-4.85,320,245,0,-1,0,0
469.0,535.803,2.8,-4.85,320,240,0,-1,0,0
471.8,530.953,2.8,-4.85,320,235,0,-1,0,0
474.6,526.104,2.8,-4.85,320,230,0,-1,0,0
477.4,521.254,2.8,-4.85,320,225,0,-1,0,0
480.2,516.404,2.8,-4.85,320,220,0,-1,0,0
483.0,511.554,2.8,-4.85,325,215,1,-1,0,0
485.8,506.705,2.8,-4.85,330,210,1,-1,0,0
488.6,501.855,2.8,-4.85,335,205,1,-1,0,0
491.4,497.005,2.8,-4.85,340,200,1,-1,0,0
494.2,492.155,2.8,-4.85,345,195,1,-1,0,0
497.0,487.306,2.8,-4.85,350,190,1,-1,0,0
499.8,482.456,2.8,-4.85,350,185,0,-1,0,0
502.6,477.606,2.8,-4.85,350,180,0,-1,0,0
505.4,472.756,2.8,-4.85,350,175,0,-1,0,0
508.2,467.907,2.8,-4.85,350,170,0,-1,0,0
511.0,463.057,2.8,-4.85,350,165,0,-1,0,0
513.8,458.207,2.8,-4.85,350,160,0,-1,0,0
516.6,453.357,2.8,-4.85,350,155,0,-1,0,0
519.4,448.508,2.8,-4.85,350,150,0,-1,0,0
522.2,443.658,2.8,-4.85,345,145,-1,-1,0,0
525.0,438.808,2.8,-4.85,340,140,-1,-1,0,0
527.8,433.959,2.8,-4.85,335,135,-1,-1,0,0
530.6,429.109,2.8,-4.85,330,130,-1,-1,0,0
533.4,424.259,2.8,-4.85,325,125,-1,-1,0,0
536.2,419.409,2.8,-4.85,320,120,-1,-1,0,0
539.0,414.56,2.8,-4.85,315,115,-1,-1,0,0
541.8,409.71,2.8,-4.85,310,110,-1,-1,0,0
544.6,404.86,2.8,-4.85,305,105,-1,-1,0,0
547.4,400.01,2.8,-4.85,300,100,-1,-1,0,0
550.2,395.161,2.8,-4.85,295,95,-1,-1,0,0
553.0,390.311,2.8,-4.85,290,90,-1,-1,0,0
555.8,385.461,2.8,-4.85,285,85,-1,-1,0,0
558.6,380.611,2.8,-4.85,280,85,-1,0,0,0
561.4,375.762,2.8,-4.85,275,85,-1,0,0,0
564.2,370.912,2.8,-4.85,275,85,0,0,0,0
567.0,366.062,2.8,-4.85,275,85,0,0,0,0
569.8,361.212,2.8,-4.85,275,85,0,0,0,0
572.6,356.363,2.8,-4.85,275,85,0,0,0,0
575.4,351.513,2.8,-4.85,275,85,0,0,0,0
578.2,346.663,2.8,-4.85,275,85,0,0,0,0
581.0,341.813,2.8,-4.85,275,85,0,0,0,0
583.8,336.964,2.8,-4.85,275,85,0,0,0,0
586.6,332.114,2.8,-4.85,275,85,0,0,0,0
589.4,327.264,2.8,-4.85,275,85,0,0,0,0
592.2,322.414,2.8,-4.85,275,85,0,0,0,0
595.0,317.565,2.8,-4.85,275,85,0,0,0,0
597.8,312.715,2.8,-4.85,275,85,0,0,0,0
600.6,307.865,2.8,-4.85,275,85,0,0,0,0
603.4,303.015,2.8,-4.85,275,85,0,0,0,0
606.2,298.166,2.8,-4.85,275,85,0,0,0,0
609.0,293.316,2.8,-4.85,275,85,0,0,0,0
611.8,288.466,2.8,-4.85,270,85,-1,0,0,0
614.6,283.616,2.8,-4.85,265,85,-1,0,0,0
617.4,278.767,2.8,-4.85,260,85,-1,0,0,0
620.2,273.917,2.8,-4.85,255,85,-1,0,0,0
623.0,269.067,2.8,-4.85,250,85,-1,0,0,0
625.8,264.218,2.8,-4.85,245,85,-1,0,0,0
628.6,259.368,2.8,-4.85,240,85,-1,0,0,0
631.4,254.518,2.8,-4.85,235,85,-1,0,0,0
634.2,249.668,2.8,-4.85,230,85,-1,0,0,0
637.0,244.819,2.8,-4.85,225,85,-1,0,0,0
639.8,239.969,2.8,-4.85,220,85,-1,0,0,0
642.6,235.119,2.8,-4.85,215,85,-1,0,0,0
645.4,230.269,2.8,-4.85,215,80,0,-1,0,0
648.2,225.42,2.8,-4.85,215,75,0,-1,0,0
651.0,220.57,2.8,-4.85,215,70,0,-1,0,0
653.8,215.72,2.8,-4.85,215,65,0,-1,0,0
656.6,210.87,2.8,-4.85,215,60,0,-1,0,0
659.4,206.021,2.8,-4.85,215,55,0,-1,0,0
662.2,201.171,2.8,-4.85,215,50,0,-1,0,0
665.0,196.321,2.8,-4.85,215,50,0,0,0,0
667.8,191.471,2.8,-4.85,215,50,0,0,0,0
670.6,186.622,2.8,-4.85,215,50,0,0,0,0
673.4,181.772,2.8,-4.85,215,50,0,0,0,0
676.2,176.922,2.8,-4.85,215,50,0,0,0,0
679.0,172.072,2.8,-4.85,215,50,0,0,0,0
681.8,167.223,2.8,-4.85,215,50,0,0,0,0
684.6,162.373,2.8,-4.85,220,50,1,0,0,0
687.4,157.523,2.8,-4.85,225,50,1,0,0,0
690.2,152.673,2.8,-4.85,230,50,1,0,0,0
693.0,147.824,2.8,-4.85,235,50,1,0,0,0
695.8,142.974,2.8,-4.85,240,50,1,0,0,0
698.6,138.124,2.8,-4.85,245,50,1,0,0,0
701.4,133.274,2.8,-4.85,250,50,1,0,0,0
704.2,128.425,2.8,-4.85,255,50,1,0,0,0
707.0,123.575,2.8,-4.85,260,50,1,0,0,0
709.8,118.725,2.8,-4.85,265,50,1,0,0,0
712.6,113.876,2.8,-4.85,270,50,1,0,0,0
715.4,109.026,2.8,-4.85,275,50,1,0,0,0
718.2,104.176,2.8,-4.85,275,45,0,-1,0,0
721.0,99.326,2.8,-4.85,275,40,0,-1,0,0
723.8,94.477,2.8,-4.85,275,35,0,-1,0,0
726.6,89.627,2.8,-4.85,275,30,0,-1,0,0
729.4,84.777,2.8,-4.85,275,25,0,-1,0,0
732.2,79.927,2.8,-4.85,275,20,0,-1,0,0
735.0,75.078,2.8,-4.85,275,15,0,-1,0,0
737.8,70.228,2.8,-4.85,275,10,0,-1,0,0
740.6,65.378,2.8,-4.85,275,5,0,-1,0,0
743.4,60.528,2.8,-4.85,275,0,0,-1,0,0
746.2,55.679,2.8,-4.85,275,0,0,-1,0,0
749.0,50.829,2.8,-4.85,275,0,0,-1,0,0
751.8,45.979,2.8,-4.85,275,0,0,-1,0,0
751.0,41.129,-5.897,0.174,275,0,0,-1,0,0
745.103,41.304,-5.897,0.174,275,0,0,-1,0,0
739.205,41.478,-5.897,0.174,275,5,0,1,0,0
733.308,41.653,-5.897,0.174,275,10,0,1,0,0
727.41,41.827,-5.897,0.174,275,15,0,1,0,0
721.513,42.001,-5.897,0.174,275,20,0,1,0,0
715.615,42.176,-5.897,0.174,275,25,0,1,0,0
709.718,42.35,-5.897,0.174,275,30,0,1,0,0
703.821,42.525,-5.897,0.174,275,35,0,1,0,0
697.923,42.699,-5.897,0.174,275,40,0,1,0,0
692.026,42.874,-5.897,0.174,275,45,0,1,0,0
686.128,43.048,-5.897,0.174,275,50,0,1,0,0
680.231,43.222,-5.897,0.174,275,55,0,1,0,0
674.334,43.397,-5.897,0.174,275,60,0,1,0,0
668.436,43.571,-5.897,0.174,275,65,0,1,0,0
662.539,43.746,-5.897,0.174,275,70,0,1,0,0
656.641,43.92,-5.897,0.174,275,75,0,1,0,0
650.744,44.095,-5.897,0.174,270,80,-1,1,0,0
644.846,44.269,-5.897,0.174,265,85,-1,1,0,0
638.949,44.443,-5.897,0.174,260,90,-1,1,0,0
633.052,44.618,-5.897,0.174,255,95,-1,1,0,0
627.154,44.792,-5.897,0.174,250,100,-1,1,0,0
621.257,44.967,-5.897,0.174,245,105,-1,1,0,0
615.359,45.141,-5.897,0.174,240,110,-1,1,0,0
609.462,45.315,-5.897,0.174,235,115,-1,1,0,0
603.564,45.49,-5.897,0.174,230,120,-1,1,0,0
597.667,45.664,-5.897,0.174,225,125,-1,1,0,0
591.77,45.839,-5.897,0.174,220,130,-1,1,0,0
585.872,46.013,-5.897,0.174,215,135,-1,1,0,0
579.975,46.188,-5.897,0.174,210,140,-1,1,0,0
574.077,46.362,-5.897,0.174,210,145,0,1,0,0
568.18,46.536,-5.897,0.174,210,150,0,1,0,0
562.283,46.711,-5.897,0.174,210,155,0,1,0,0
556.385,46.885,-5.897,0.174,210,160,0,1,0,0
550.488,47.06,-5.897,0.174,205,165,-1,1,0,0
544.59,47.234,-5.897,0.174,200,170,-1,1,0,0
538.693,47.409,-5.897,0.174,195,175,-1,1,0,0
532.795,47.583,-5.897,0.174,190,180,-1,1,0,0
526.898,47.757,-5.897,0.174,185,185,-1,1,0,0
521.001,47.932,-5.897,0.174,180,190,-1,1,0,0
515.103,48.106,-5.897,0.174,175,195,-1,1,0,0
509.206,48.281,-5.897,0.174,170,200,-1,1,0,0
503.308,48.455,-5.897,0.174,165,205,-1,1,0,0
497.411,48.629,-5.897,0.174,160,210,-1,1,0,0
491.513,48.804,-5.897,0.174,155,215,-1,1,0,0
485.616,48.978,-5.897,0.174,150,220,-1,1,0,0
479.719,49.153,-5.897,0.174,145,225,-1,1,0,0
473.821,49.327,-5.897,0.174,140,230,-1,1,0,0
467.924,49.502,-5.897,0.174,135,235,-1,1,0,0
462.026,49.676,-5.897,0.174,130,240,-1,1,0,0
456.129,49.85,-5.897,0.174,125,245,-1,1,0,0
450.232,50.025,-5.897,0.174,120,250,-1,1,0,0
444.334,50.199,-5.897,0.174,115,255,-1,1,0,0
438.437,50.374,-5.897,0.174,110,260,-1,1,0,0
432.539,50.548,-5.897,0.174,105,265,-1,1,0,0
426.642,50.723,-5.897,0.174,100,270,-1,1,0,0
420.744,50.897,-5.897,0.174,95,275,-1,1,0,0
414.847,51.071,-5.897,0.174,90,280,-1,1,0,0
408.95,51.246,-5.897,0.174,85,285,-1,1,0,0
403.052,51.42,-5.897,0.174,80,290,-1,1,0,0
397.155,51.595,-5.897,0.174,75,295,-1,1,0,0
391.257,51.769,-5.897,0.174,70,300,-1,1,0,0
385.36,51.943,-5.897,0.174,65,305,-1,1,0,0
379.462,52.118,-5.897,0.174,60,310,-1,1,0,0
373.565,52.292,-5.897,0.174,55,315,-1,1,0,0
367.668,52.467,-5.897,0.174,50,320,-1,1,0,0
361.77,52.641,-5.897,0.174,45,325,-1,1,0,0
355.873,52.816,-5.897,0.174,40,330,-1,1,0,0
349.975,52.99,-5.897,0.174,35,335,-1,1,0,0
344.078,53.164,-5.897,0.174,30,340,-1,1,0,0
338.181,53.339,-5.897,0.174,25,345,-1,1,0,0
332.283,53.513,-5.897,0.174,20,350,-1,1,0,0
326.386,53.688,-5.897,0.174,15,355,-1,1,0,0
320.488,53.862,-5.897,0.174,15,360,0,1,0,0
314.591,54.037,-5.897,0.174,15,365,0,1,0,0
308.693,54.211,-5.897,0.174,15,370,0,1,0,0
302.796,54.385,-5.897,0.174,15,370,0,0,0,0
296.899,54.56,-5.897,0.174,15,370,0,0,0,0
291.001,54.734,-5.897,0.174,15,370,0,0,0,0
285.104,54.909,-5.897,0.174,15,370,0,0,0,0
279.206,55.083,-5.897,0.174,15,370,0,0,0,0
273.309,55.257,-5.897,0.174,15,370,0,0,0,0
267.411,55.432,-5.897,0.174,15,370,0,0,0,0
261.514,55.606,-5.897,0.174,15,370,0,0,0,0
255.617,55.781,-5.897,0.174,15,370,0,0,0,0
249.719,55.955,-5.897,0.174,15,370,0,0,0,0
243.822,56.13,-5.897,0.174,15,370,0,0,0,0
237.924,56.304,-5.897,0.174,15,370,0,0,0,0
232.027,56.478,-5.897,0.174,15,370,0,0,0,0
226.13,56.653,-5.897,0.174,15,370,0,0,0,0
220.232,56.827,-5.897,0.174,15,370,0,0,0,0
214.335,57.002,-5.897,0.174,15,370,0,0,0,0
208.437,57.176,-5.897,0.174,15,370,0,0,0,0
202.54,57.351,-5.897,0.174,15,370,0,0,0,0
196.642,57.525,-5.897,0.174,15,370,0,0,0,0
190.745,57.699,-5.897,0.174,15,370,0,0,0,0
184.848,57.874,-5.897,0.174,15,370,0,0,0,0
178.95,58.048,-5.897,0.174,15,370,0,0,0,0
173.053,58.223,-5.897,0.174,15,370,0,0,0,0
167.155,58.397,-5.897,0.174,15,370,0,0,0,0
161.258,58.571,-5.897,0.174,15,370,0,0,0,0
155.36,58.746,-5.897,0.174,15,370,0,0,0,0
149.463,58.92,-5.897,0.174,15,370,0,0,0,0
143.566,59.095,-5.897,0.174,15,370,0,0,0,0
137.668,59.269,-5.897,0.174,15,370,0,0,0,0
131.771,59.444,-5.897,0.174,15,370,0,0,0,0
125.873,59.618,-5.897,0.174,15,370,0,0,0,0
119.976,59.792,-5.897,0.174,15,370,0,0,0,0
114.079,59.967,-5.897,0.174,15,370,0,0,0,0
108.181,60.141,-5.897,0.174,15,370,0,0,0,0
102.284,60.316,-5.897,0.174,15,370,0,0,0,0
96.386,60.49,-5.897,0.174,15,370,0,0,0,0
90.489,60.665,-5.897,0.174,15,370,0,0,0,0
84.591,60.839,-5.897,0.174,15,370,0,0,0,0
78.694,61.013,-5.897,0.174,15,370,0,0,0,0
72.797,61.188,-5.897,0.174,15,370,0,0,0,0
66.899,61.362,-5.897,0.174,15,370,0,0,0,0
61.002,61.537,-5.897,0.174,15,370,0,0,0,0
55.104,61.711,-5.897,0.174,15,370,0,0,0,0
49.207,61.885,-5.897,0.174,15,370,0,0,0,0
49.0,62.06,6.094,1.139,15,370,0,0,0,0
55.094,63.199,6.094,1.139,15,370,0,0,0,0
61.189,64.339,6.094,1.139,15,370,0,0,0,0
67.283,65.478,6.094,1.139,15,370,0,0,0,0
73.378,66.618,6.094,1.139,15,370,0,0,0,0
79.472,67.757,6.094,1.139,15,370,0,0,0,0
85.566,68.896,6.094,1.139,15,370,0,0,0,0
91.661,70.036,6.094,1.139,15,370,0,0,0,0
97.755,71.175,6.094,1.139,15,370,0,0,0,0
103.85,72.315,6.094,1.139,15,370,0,0,0,0
109.944,73.454,6.094,1.139,15,370,0,0,0,0
116.038,74.593,6.094,1.139,15,370,0,0,0,0
122.133,75.733,6.094,1.139,15,370,0,0,0,0
128.227,76.872,6.094,1.139,15,370,0,0,0,0
134.322,78.012,6.094,1.139,15,370,0,0,0,0
140.416,79.151,6.094,1.139,15,370,0,0,0,0
146.51,80.291,6.094,1.139,15,370,0,0,0,0
152.605,81.43,6.094,1.139,15,370,0,0,0,0
158.699,82.569,6.094,1.139,15,370,0,0,0,0
164.794,83.709,6.094,1.139,15,370,0,0,0,0
170.888,84.848,6.094,1.139,15,370,0,0,0,0
176.982,85.988,6.094,1.139,15,370,0,0,0,0
183.077,87.127,6.094,1.139,15,370,0,0,0,0
189.171,88.266,6.094,1.139,15,370,0,0,0,0
195.266,89.406,6.094,1.139,15,375,0,1,0,0
201.36,90.545,6.094,1.139,15,380,0,1,0,0
207.454,91.685,6.094,1.139,15,385,0,1,0,0
213.549,92.824,6.094,1.139,20,390,1,1,0,0
219.643,93.964,6.094,1.139,25,395,1,1,0,0
225.738,95.103,6.094,1.139,30,400,1,1,0,0
231.832,96.242,6.094,1.139,35,405,1,1,0,0
237.926,97.382,6.094,1.139,40,410,1,1,0,0
244.021,98.521,6.094,1.139,45,415,1,1,0,0
250.115,99.661,6.094,1.139,50,420,1,1,0,0
256.21,100.8,6.094,1.139,55,425,1,1,0,0
262.304,101.939,6.094,1.139,60,420,1,-1,0,0
268.398,103.079,6.094,1.139,65,415,1,-1,0,0
274.493,104.218,6.094,1.139,70,410,1,-1,0,0
280.587,105.358,6.094,1.139,75,405,1,-1,0,0
286.682,106.497,6.094,1.139,80,400,1,-1,0,0
292.776,107.637,6.094,1.139,85,395,1,-1,0,0
298.87,108.776,6.094,1.139,90,390,1,-1,0,0
304.965,109.915,6.094,1.139,95,385,1,-1,0,0
311.059,111.055,6.094,1.139,100,380,1,-1,0,0
317.154,112.194,6.094,1.139,105,375,1,-1,0,0
323.248,113.334,6.094,1.139,110,370,1,-1,0,0
329.342,114.473,6.094,1.139,115,365,1,-1,0,0
335.437,115.612,6.094,1.139,120,360,1,-1,0,0
341.531,116.752,6.094,1.139,125,355,1,-1,0,0
347.626,117.891,6.094,1.139,130,350,1,-1,0,0
353.72,119.031,6.094,1.139,135,345,1,-1,0,0
359.814,120.17,6.094,1.139,140,340,1,-1,0,0
365.909,121.309,6.094,1.139,145,335,1,-1,0,0
372.003,122.449,6.094,1.139,150,330,1,-1,0,0
378.098,123.588,6.094,1.139,155,325,1,-1,0,0
384.192,124.728,6.094,1.139,160,320,1,-1,0,0
390.286,125.867,6.094,1.139,160,315,0,-1,0,0
396.381,127.007,6.094,1.139,160,310,0,-1,0,0
402.475,128.146,6.094,1.139,160,305,0,-1,0,0
408.57,129.285,6.094,1.139,160,300,0,-1,0,0
414.664,130.425,6.094,1.139,160,295,0,-1,0,0
420.759,131.564,6.094,1.139,160,290,0,-1,0,0
426.853,132.704,6.094,1.139,160,285,0,-1,0,0
432.947,133.843,6.094,1.139,160,280,0,-1,0,0
439.042,134.982,6.094,1.139,160,275,0,-1,0,0
445.136,136.122,6.094,1.139,160,270,0,-1,0,0
451.231,137.261,6.094,1.139,160,265,0,-1,0,0
457.325,138.401,6.094,1.139,160,260,0,-1,0,0
463.419,139.54,6.094,1.139,160,255,0,-1,0,0
469.514,140.68,6.094,1.139,160,250,0,-1,0,0
475.608,141.819,6.094,1.139,160,245,0,-1,0,0
481.703,142.958,6.094,1.139,160,240,0,-1,0,0
487.797,144.098,6.094,1.139,160,235,0,-1,0,0
493.891,145.237,6.094,1.139,160,230,0,-1,0,0
499.986,146.377,6.094,1.139,160,225,0,-1,0,0
506.08,147.516,6.094,1.139,160,220,0,-1,0,0
512.175,148.655,6.094,1.139,160,215,0,-1,0,0
518.269,149.795,6.094,1.139,160,210,0,-1,0,0
524.363,150.934,6.094,1.139,160,205,0,-1,0,0
530.458,152.074,6.094,1.139,160,200,0,-1,0,0
536.552,153.213,6.094,1.139,160,195,0,-1,0,0
542.647,154.353,6.094,1.139,160,190,0,-1,0,0
548.741,155.492,6.094,1.139,160,185,0,-1,0,0
554.835,156.631,6.094,1.139,160,180,0,-1,0,0
560.93,157.771,6.094,1.139,160,180,0,0,0,0
567.024,158.91,6.094,1.139,160,180,0,0,0,0
573.119,160.05,6.094,1.139,160,180,0,0,0,0
579.213,161.189,6.094,1.139,160,180,0,0,0,0
585.307,162.328,6.094,1.139,160,180,0,0,0,0
591.402,163.468,6.094,1.139,160,180,0,0,0,0
597.496,164.607,6.094,1.139,160,180,0,0,0,0
603.591,165.747,6.094,1.139,160,180,0,0,0,0
609.685,166.886,6.094,1.139,160,180,0,0,0,0
615.779,168.026,6.094,1.139,160,180,0,0,0,0
621.874,169.165,6.094,1.139,160,180,0,0,0,0
627.968,170.304,6.094,1.139,160,180,0,0,0,0
634.063,171.444,6.094,1.139,160,180,0,0,0,0
640.157,172.583,6.094,1.139,160,180,0,0,0,0
646.251,173.723,6.094,1.139,160,180,0,0,0,0
652.346,174.862,6.094,1.139,160,180,0,0,0,0
658.44,176.001,6.094,1.139,160,175,0,-1,0,0
664.535,177.141,6.094,1.139,160,170,0,-1,0,0
670.629,178.28,6.094,1.139,160,165,0,-1,0,0
676.723,179.42,6.094,1.139,160,160,0,-1,0,0
682.818,180.559,6.094,1.139,160,155,0,-1,0,0
688.912,181.699,6.094,1.139,160,150,0,-1,0,0
695.007,182.838,6.094,1.139,160,145,0,-1,0,0
701.101,183.977,6.094,1.139,160,140,0,-1,0,0
707.195,185.117,6.094,1.139,160,135,0,-1,0,0
713.29,186.256,6.094,1.139,160,135,0,0,0,0
719.384,187.396,6.094,1.139,160,135,0,0,0,0
725.479,188.535,6.094,1.139,160,135,0,0,0,0
731.573,189.674,6.094,1.139,160,135,0,0,0,0
737.667,190.814,6.094,1.139,160,135,0,0,0,0
743.762,191.953,6.094,1.139,160,135,0,0,0,0
749.856,193.093,6.094,1.139,160,135,0,0,0,0
751.0,194.232,-5.693,3.136,160,135,0,0,0,0
745.307,197.368,-5.693,3.136,160,135,0,0,0,0
739.613,200.504,-5.693,3.136,160,135,0,0,0,0
733.92,203.641,-5.693,3.136,160,135,0,0,0,0
728.227,206.777,-5.693,3.136,160,135,0,0,0,0
722.533,209.913,-5.693,3.136,160,135,0,0,0,0
716.84,213.049,-5.693,3.136,160,135,0,0,0,0
711.146,216.185,-5.693,3.136,160,135,0,0,0,0
705.453,219.322,-5.693,3.136,160,135,0,0,0,0
699.76,222.458,-5.693,3.136,160,135,0,0,0,0
694.066,225.594,-5.693,3.136,160,135,0,0,0,0
688.373,228.73,-5.693,3.136,160,135,0,0,0,0
682.68,231.866,-5.693,3.136,160,135,0,0,0,0
676.986,235.002,-5.693,3.136,160,135,0,0,0,0
671.293,238.139,-5.693,3.136,160,135,0,0,0,0
665.6,241.275,-5.693,3.136,160,135,0,0,0,0
659.906,244.411,-5.693,3.136,160,135,0,0,0,0
654.213,247.547,-5.693,3.136,160,135,0,0,0,0
648.519,250.683,-5.693,3.136,160,135,0,0,0,0
642.826,253.82,-5.693,3.136,160,135,0,0,0,0
637.133,256.956,-5.693,3.136,160,135,0,0,0,0
631.439,260.092,-5.693,3.136,155,135,-1,0,0,0
625.746,263.228,-5.693,3.136,150,135,-1,0,0,0
620.053,266.364,-5.693,3.136,145,135,-1,0,0,0
614.359,269.5,-5.693,3.136,140,135,-1,0,0,0
608.666,272.637,-5.693,3.136,135,135,-1,0,0,0
602.973,275.773,-5.693,3.136,130,135,-1,0,0,0
597.279,278.909,-5.693,3.136,125,135,-1,0,0,0
591.586,282.045,-5.693,3.136,120,135,-1,0,0,0
585.893,285.181,-5.693,3.136,115,135,-1,0,0,0
580.199,288.318,-5.693,3.136,110,135,-1,0,0,0
574.506,291.454,-5.693,3.136,105,135,-1,0,0,0
568.812,294.59,-5.693,3.136,100,135,-1,0,0,0
563.119,297.726,-5.693,3.136,95,135,-1,0,0,0
557.426,300.862,-5.693,3.136,90,135,-1,0,0,0
551.732,303.998,-5.693,3.136,85,140,-1,1,0,0
546.039,307.135,-5.693,3.136,80,145,-1,1,0,0
540.346,310.271,-5.693,3.136,75,150,-1,1,0,0
534.652,313.407,-5.693,3.136,70,155,-1,1,0,0
528.959,316.543,-5.693,3.136,65,160,-1,1,0,0
523.266,319.679,-5.693,3.136,60,165,-1,1,0,0
517.572,322.816,-5.693,3.136,55,170,-1,1,0,0
511.879,325.952,-5.693,3.136,50,175,-1,1,0,0
506.185,329.088,-5.693,3.136,45,180,-1,1,0,0
500.492,332.224,-5.693,3.136,40,185,-1,1,0,0
494.799,335.36,-5.693,3.136,35,190,-1,1,0,0
489.105,338.496,-5.693,3.136,30,195,-1,1,0,0
483.412,341.633,-5.693,3.136,25,200,-1,1,0,0
477.719,344.769,-5.693,3.136,20,205,-1,1,0,0
472.025,347.905,-5.693,3.136,15,210,-1,1,0,0
466.332,351.041,-5.693,3.136,10,215,-1,1,0,0
460.639,354.177,-5.693,3.136,5,220,-1,1,0,0
454.945,357.314,-5.693,3.136,0,225,-1,1,0,0
449.252,360.45,-5.693,3.136,0,230,-1,1,0,0
443.558,363.586,-5.693,3.136,0,235,-1,1,0,0
437.865,366.722,-5.693,3.136,0,240,-1,1,0,0
432.172,369.858,-5.693,3.136,0,245,-1,1,0,0
426.478,372.994,-5.693,3.136,0,250,-1,1,0,0
420.785,376.131,-5.693,3.136,0,255,-1,1,0,0
415.092,379.267,-5.693,3.136,0,260,-1,1,0,0
409.398,382.403,-5.693,3.136,0,265,-1,1,0,0
403.705,385.539,-5.693,3.136,0,270,-1,1,0,0
398.012,388.675,-5.693,3.136,0,275,-1,1,0,0
392.318,391.812,-5.693,3.136,0,280,-1,1,0,0
386.625,394.948,-5.693,3.136,0,285,0,1,0,0
380.932,398.084,-5.693,3.136,0,290,0,1,0,0
375.238,401.22,-5.693,3.136,0,295,0,1,0,0
369.545,404.356,-5.693,3.136,5,300,1,1,0,0
363.851,407.492,-5.693,3.136,10,305,1,1,0,0
358.158,410.629,-5.693,3.136,15,310,1,1,0,0
352.465,413.765,-5.693,3.136,20,315,1,1,0,0
346.771,416.901,-5.693,3.136,25,320,1,1,0,0
341.078,420.037,-5.693,3.136,30,325,1,1,0,0
335.385,423.173,-5.693,3.136,35,330,1,1,0,0
329.691,426.31,-5.693,3.136,40,335,1,1,0,0
323.998,429.446,-5.693,3.136,45,340,1,1,0,0
318.305,432.582,-5.693,3.136,50,345,1,1,0,0
312.611,435.718,-5.693,3.136,55,350,1,1,0,0
306.918,438.854,-5.693,3.136,60,355,1,1,0,0
301.224,441.99,-5.693,3.136,65,360,1,1,0,0
295.531,445.127,-5.693,3.136,70,365,1,1,0,0
289.838,448.263,-5.693,3.136,75,370,1,1,0,0
284.144,451.399,-5.693,3.136,80,375,1,1,0,0
278.451,454.535,-5.693,3.136,85,380,1,1,0,0
272.758,457.671,-5.693,3.136,90,385,1,1,0,0
267.064,460.808,-5.693,3.136,95,390,1,1,0,0
261.371,463.944,-5.693,3.136,100,395,1,1,0,0
255.678,467.08,-5.693,3.136,105,400,1,1,0,0
249.984,470.216,-5.693,3.136,110,405,1,1,0,0
244.291,473.352,-5.693,3.136,115,410,1,1,0,0
238.597,476.488,-5.693,3.136,120,415,1,1,0,0
232.904,479.625,-5.693,3.136,125,420,1,1,0,0
227.211,482.761,-5.693,3.136,130,425,1,1,0,0
221.517,485.897,-5.693,3.136,135,430,1,1,0,0
215.824,489.033,-5.693,3.136,140,435,1,1,0,0
210.131,492.169,-5.693,3.136,145,440,1,1,0,0
204.437,495.306,-5.693,3.136,150,445,1,1,0,0
198.744,498.442,-5.693,3.136,155,450,1,1,0,0
193.051,501.578,-5.693,3.136,160,455,1,1,0,0
187.357,504.714,-5.693,3.136,165,460,1,1,0,0
181.664,507.85,-5.693,3.136,170,465,1,1,0,0
175.971,510.986,-5.693,3.136,175,470,1,1,0,0
170.277,514.123,-5.693,3.136,180,475,1,1,0,0
164.584,517.259,-5.693,3.136,185,480,1,1,0,0
158.89,520.395,-5.693,3.136,190,485,1,1,0,0
153.197,523.531,-5.693,3.136,195,490,1,1,0,0
147.504,526.667,-5.693,3.136,200,495,1,1,0,0
141.81,529.804,-5.693,3.136,205,500,1,1,0,0
136.117,532.94,-5.693,3.136,210,505,1,1,0,0
130.424,536.076,-5.693,3.136,215,510,1,1,0,0
124.73,539.212,-5.693,3.136,220,515,1,1,0,0
119.037,542.348,-5.693,3.136,225,520,1,1,0,0
113.344,545.484,-5.693,3.136,230,520,1,1,0,0
107.65,548.621,-5.693,3.136,235,520,1,1,0,0
101.957,551.757,-5.693,3.136,240,520,1,1,0,0
96.263,554.893,-5.693,3.136,245,520,1,1,0,0
90.57,558.029,-5.693,3.136,250,520,1,1,0,0
84.877,561.165,-5.693,3.136,255,520,1,1,0,0
79.183,564.302,-5.693,3.136,260,520,1,1,0,0
73.49,567.438,-5.693,3.136,265,520,1,1,0,0
67.797,570.574,-5.693,3.136,270,520,1,1,0,0
62.103,573.71,-5.693,3.136,275,520,1,1,0,0
56.41,576.846,-5.693,3.136,280,520,1,1,0,0
50.717,579.982,-5.693,3.136,285,520,1,1,0,0
45.023,583.119,-5.693,3.136,290,520,1,1,0,0
39.33,586.255,-5.693,3.136,295,520,1,1,0,0
33.636,589.391,-5.693,3.136,300,520,1,1,0,0
27.943,592.527,-5.693,3.136,305,520,1,1,0,0
22.25,594.0,-5.693,-3.136,310,520,1,1,0,0
16.556,590.864,-5.693,-3.136,315,520,1,1,0,0
10.863,587.728,-5.693,-3.136,320,520,1,1,0,0
5.17,584.591,-5.693,-3.136,325,520,1,1,0,0
-0.524,581.455,-5.693,-3.136,330,520,1,1,0,0
400.0,300.0,4.881,-1.086,335,520,1,1,0,1
404.881,298.914,4.881,-1.086,340,520,1,0,0,0
409.761,297.828,4.881,-1.086,345,520,1,0,0,0
414.642,296.743,4.881,-1.086,350,520,1,0,0,0
419.523,295.657,4.881,-1.086,350,520,0,0,0,0
424.403,294.571,4.881,-1.086,350,520,0,0,0,0
429.284,293.485,4.881,-1.086,350,520,0,0,0,0
434.165,292.399,4.881,-1.086,350,520,0,0,0,0
439.045,291.314,4.881,-1.086,350,520,0,0,0,0
443.926,290.228,4.881,-1.086,350,520,0,0,0,0
448.807,289.142,4.881,-1.086,350,520,0,0,0,0
453.687,288.056,4.881,-1.086,350,520,0,0,0,0
458.568,286.97,4.881,-1.086,350,520,0,0,0,0
463.449,285.885,4.881,-1.086,350,520,0,0,0,0
468.33,284.799,4.881,-1.086,350,520,0,0,0,0
473.21,283.713,4.881,-1.086,350,520,0,0,0,0
478.091,282.627,4.881,-1.086,350,520,0,0,0,0
482.972,281.541,4.881,-1.086,350,520,0,0,0,0
487.852,280.456,4.881,-1.086,350,520,0,0,0,0
492.733,279.37,4.881,-1.086,350,520,0,0,0,0
497.614,278.284,4.881,-1.086,350,520,0,0,0,0
502.494,277.198,4.881,-1.086,350,520,0,0,0,0
507.375,276.112,4.881,-1.086,350,520,0,0,0,0
512.256,275.027,4.881,-1.086,350,520,0,0,0,0
517.136,273.941,4.881,-1.086,350,520,0,0,0,0
522.017,272.855,4.881,-1.086,350,520,0,0,0,0
526.898,271.769,4.881,-1.086,350,515,0,-1,0,0
531.778,270.683,4.881,-1.086,350,510,0,-1,0,0
536.659,269.597,4.881,-1.086,350,505,0,-1,0,0
541.54,268.512,4.881,-1.086,350,500,0,-1,0,0
546.42,267.426,4.881,-1.086,350,495,0,-1,0,0
551.301,266.34,4.881,-1.086,350,490,0,-1,0,0
556.182,265.254,4.881,-1.086,350,485,0,-1,0,0
561.062,264.168,4.881,-1.086,350,480,0,-1,0,0
565.943,263.083,4.881,-1.086,350,475,0,-1,0,0
570.824,261.997,4.881,-1.086,350,470,0,-1,0,0
575.704,260.911,4.881,-1.086,350,465,0,-1,0,0
580.585,259.825,4.881,-1.086,350,460,0,-1,0,0
585.466,258.739,4.881,-1.086,350,455,0,-1,0,0
590.346,257.654,4.881,-1.086,350,450,0,-1,0,0
595.227,256.568,4.881,-1.086,350,445,0,-1,0,0
600.108,255.482,4.881,-1.086,350,440,0,-1,0,0
604.989,254.396,4.881,-1.086,350,435,0,-1,0,0
609.869,253.31,4.881,-1.086,350,430,0,-1,0,0
614.75,252.225,4.881,-1.086,350,425,0,-1,0,0
619.631,251.139,4.881,-1.086,350,420,0,-1,0,0
624.511,250.053,4.881,-1.086,350,415,0,-1,0,0
629.392,248.967,4.881,-1.086,350,410,0,-1,0,0
634.273,247.881,4.881,-1.086,350,405,0,-1,0,0
639.153,246.796,4.881,-1.086,350,400,0,-1,0,0
644.034,245.71,4.881,-1.086,350,395,0,-1,0,0
648.915,244.624,4.881,-1.086,350,390,0,-1,0,0
653.795,243.538,4.881,-1.086,350,385,0,-1,0,0
658.676,242.452,4.881,-1.086,350,380,0,-1,0,0
663.557,241.367,4.881,-1.086,350,375,0,-1,0,0
668.437,240.281,4.881,-1.086,350,370,0,-1,0,0
673.318,239.195,4.881,-1.086,350,365,0,-1,0,0
678.199,238.109,4.881,-1.086,350,360,0,-1,0,0
683.079,237.023,4.881,-1.086,350,355,0,-1,0,0
687.96,235.938,4.881,-1.086,350,350,0,-1,0,0
692.841,234.852,4.881,-1.086,350,345,0,-1,0,0
697.721,233.766,4.881,-1.086,350,340,0,-1,0,0
702.602,232.68,4.881,-1.086,350,335,0,-1,0,0
707.483,231.594,4.881,-1.086,350,330,0,-1,0,0
712.363,230.509,4.881,-1.086,350,325,0,-1,0,0
717.244,229.423,4.881,-1.086,350,320,0,-1,0,0
722.125,228.337,4.881,-1.086,350,315,0,-1,0,0
727.006,227.251,4.881,-1.086,350,310,0,-1,0,0
731.886,226.165,4.881,-1.086,350,305,0,-1,0,0
736.767,225.08,4.881,-1.086,350,300,0,-1,0,0
741.648,223.994,4.881,-1.086,350,295,0,-1,0,0
746.528,222.908,4.881,-1.086,350,290,0,-1,0,0
751.409,221.822,4.881,-1.086,350,285,0,-1,0,0
756.29,220.736,4.881,-1.086,350,280,0,-1,0,0
761.17,219.65,4.881,-1.086,350,275,0,-1,0,0
766.051,218.565,4.881,-1.086,350,270,0,-1,0,0
770.932,217.479,4.881,-1.086,350,265,0,-1,0,0
775.812,216.393,4.881,-1.086,350,260,0,-1,0,0
780.693,215.307,4.881,-1.086,350,255,0,-1,0,0
785.574,214.221,4.881,-1.086,350,250,0,-1,0,0
790.454,213.136,4.881,-1.086,350,245,0,-1,0,0
795.335,212.05,4.881,-1.086,350,240,0,-1,0,0
800.216,210.964,4.881,-1.086,350,235,0,-1,0,0
805.096,209.878,4.881,-1.086,350,230,0,-1,0,0
400.0,300.0,-4.904,0.973,350,225,0,-1,1,0
395.096,300.973,-4.904,0.973,350,225,0,0,0,0
390.191,301.946,-4.904,0.973,350,225,0,0,0,0
385.287,302.919,-4.904,0.973,350,225,0,0,0,0
380.382,303.892,-4.904,0.973,350,225,0,0,0,0
375.478,304.866,-4.904,0.973,350,225,0,0,0,0
370.574,305.839,-4.904,0.973,350,225,0,0,0,0
365.669,306.812,-4.904,0.973,350,225,0,0,0,0
360.765,307.785,-4.904,0.973,350,225,0,0,0,0
355.86,308.758,-4.904,0.973,350,225,0,0,0,0
350.956,309.731,-4.904,0.973,350,225,0,0,0,0
346.052,310.704,-4.904,0.973,350,225,0,0,0,0
341.147,311.677,-4.904,0.973,350,225,0,0,0,0
336.243,312.65,-4.904,0.973,350,225,0,0,0,0
331.339,313.624,-4.904,0.973,350,220,0,-1,0,0
326.434,314.597,-4.904,0.973,350,215,0,-1,0,0
321.53,315.57,-4.904,0.973,350,210,0,-1,0,0
316.625,316.543,-4.904,0.973,350,205,0,-1,0,0
311.721,317.516,-4.904,0.973,350,200,0,-1,0,0
306.817,318.489,-4.904,0.973,350,195,0,-1,0,0
301.912,319.462,-4.904,0.973,350,190,0,-1,0,0
297.008,320.435,-4.904,0.973,350,185,0,-1,0,0
292.103,321.408,-4.904,0.973,350,180,0,-1,0,0
287.199,322.382,-4.904,0.973,350,175,0,-1,0,0
282.295,323.355,-4.904,0.973,350,170,0,-1,0,0
277.39,324.328,-4.904,0.973,350,170,0,0,0,0
272.486,325.301,-4.904,0.973,350,170,0,0,0,0
267.581,326.274,-4.904,0.973,350,170,0,0,0,0
262.677,327.247,-4.904,0.973,350,170,0,0,0,0
257.773,328.22,-4.904,0.973,350,170,0,0,0,0
252.868,329.193,-4.904,0.973,350,170,0,0,0,0
247.964,330.166,-4.904,0.973,350,175,0,1,0,0
243.059,331.14,-4.904,0.973,350,180,0,1,0,0
238.155,332.113,-4.904,0.973,350,185,0,1,0,0
233.251,333.086,-4.904,0.973,350,190,0,1,0,0
228.346,334.059,-4.904,0.973,350,195,0,1,0,0
223.442,335.032,-4.904,0.973,350,200,0,1,0,0
218.538,336.005,-4.904,0.973,350,205,0,1,0,0
213.633,336.978,-4.904,0.973,350,210,0,1,0,0
208.729,337.951,-4.904,0.973,350,215,0,1,0,0
203.824,338.924,-4.904,0.973,350,220,0,1,0,0
198.92,339.898,-4.904,0.973,350,220,0,0,0,0
194.016,340.871,-4.904,0.973,350,220,0,0,0,0
189.111,341.844,-4.904,0.973,350,220,0,0,0,0
184.207,342.817,-4.904,0.973,350,220,0,0,0,0
179.302,343.79,-4.904,0.973,350,220,0,0,0,0
174.398,344.763,-4.904,0.973,350,220,0,0,0,0
169.494,345.736,-4.904,0.973,350,220,0,0,0,0
164.589,346.709,-4.904,0.973,350,220,0,0,0,0
159.685,347.682,-4.904,0.973,350,220,0,0,0,0
154.78,348.656,-4.904,0.973,350,220,0,0,0,0
149.876,349.629,-4.904,0.973,350,220,0,0,0,0
144.972,350.602,-4.904,0.973,350,220,0,0,0,0
140.067,351.575,-4.904,0.973,350,220,0,0,0,0
135.163,352.548,-4.904,0.973,350,220,0,0,0,0
130.258,353.521,-4.904,0.973,350,220,0,0,0,0
125.354,354.494,-4.904,0.973,350,220,0,0,0,0
120.45,355.467,-4.904,0.973,350,220,0,0,0,0
115.545,356.44,-4.904,0.973,345,220,-1,0,0,0
110.641,357.414,-4.904,0.973,340,220,-1,0,0,0
105.737,358.387,-4.904,0.973,335,220,-1,0,0,0
100.832,359.36,-4.904,0.973,330,220,-1,0,0,0
95.928,360.333,-4.904,0.973,325,220,-1,0,0,0
91.023,361.306,-4.904,0.973,320,220,-1,0,0,0
86.119,362.279,-4.904,0.973,315,220,-1,0,0,0
81.215,363.252,-4.904,0.973,310,220,-1,0,0,0
76.31,364.225,-4.904,0.973,305,220,-1,0,0,0
71.406,365.198,-4.904,0.973,300,220,-1,0,0,0
66.501,366.172,-4.904,0.973,295,220,-1,0,0,0
61.597,367.145,-4.904,0.973,290,220,-1,0,0,0
56.693,368.118,-4.904,0.973,290,220,0,0,0,0
51.788,369.091,-4.904,0.973,290,220,0,0,0,0
49.0,370.064,2.65,4.59,290,220,0,0,0,0
51.65,374.654,2.65,4.59,290,220,0,0,0,0
54.3,379.244,2.65,4.59,290,220,0,0,0,0
56.95,383.834,2.65,4.59,290,220,0,0,0,0
59.6,388.424,2.65,4.59,290,220,0,0,0,0
62.25,393.014,2.65,4.59,290,220,0,0,0,0
64.9,397.604,2.65,4.59,290,220,0,0,0,0
67.55,402.194,2.65,4.59,290,220,0,0,0,0
70.2,406.783,2.65,4.59,290,220,0,0,0,0
72.85,411.373,2.65,4.59,290,220,0,0,0,0
75.5,415.963,2.65,4.59,290,220,0,0,0,0
78.15,420.553,2.65,4.59,290,220,0,0,0,0
80.8,425.143,2.65,4.59,290,220,0,0,0,0
83.45,429.733,2.65,4.59,290,220,0,0,0,0
86.1,434.323,2.65,4.59,290,220,0,0,0,0
88.75,438.913,2.65,4.59,290,220,0,0,0,0
91.4,443.503,2.65,4.59,290,220,0,0,0,0
94.05,448.093,2.65,4.59,290,225,0,1,0,0
96.7,452.683,2.65,4.59,290,230,0,1,0,0
99.35,457.273,2.65,4.59,290,235,0,1,0,0
102.0,461.863,2.65,4.59,290,240,0,1,0,0
104.65,466.453,2.65,4.59,290,245,0,1,0,0
107.3,471.043,2.65,4.59,290,250,0,1,0,0
109.95,475.633,2.65,4.59,290,255,0,1,0,0
112.6,480.222,2.65,4.59,290,260,0,1,0,0
115.25,484.812,2.65,4.59,290,265,0,1,0,0
117.9,489.402,2.65,4.59,290,270,0,1,0,0
120.55,493.992,2.65,4.59,290,275,0,1,0,0
123.2,498.582,2.65,4.59,290,280,0,1,0,0
125.85,503.172,2.65,4.59,295,285,1,1,0,0
128.5,507.762,2.65,4.59,300,290,1,1,0,0
131.15,512.352,2.65,4.59,305,295,1,1,0,0
133.8,516.942,2.65,4.59,310,300,1,1,0,0
136.45,521.532,2.65,4.59,315,305,1,1,0,0
139.1,526.122,2.65,4.59,320,310,1,1,0,0
141.75,530.712,2.65,4.59,325,315,1,1,0,0
144.4,535.302,2.65,4.59,330,320,1,1,0,0
147.05,539.892,2.65,4.59,335,325,1,1,0,0
149.7,544.482,2.65,4.59,340,330,1,1,0,0
152.35,549.071,2.65,4.59,345,335,1,1,0,0
155.0,553.661,2.65,4.59,350,340,1,1,0,0
157.65,558.251,2.65,4.59,355,345,1,1,0,0
160.3,562.841,2.65,4.59,360,350,1,1,0,0
162.95,567.431,2.65,4.59,365,355,1,1,0,0
165.6,572.021,2.65,4.59,370,360,1,1,0,0
168.25,576.611,2.65,4.59,375,365,1,1,0,0
170.9,581.201,2.65,4.59,380,370,1,1,0,0
173.55,585.791,2.65,4.59,385,365,1,-1,0,0
176.2,590.381,2.65,4.59,390,360,1,-1,0,0
178.85,594.0,2.65,-4.59,395,355,1,-1,0,0
181.5,589.41,2.65,-4.59,400,350,1,-1,0,0
184.15,584.82,2.65,-4.59,405,345,1,-1,0,0
186.8,580.23,2.65,-4.59,410,340,1,-1,0,0
189.45,575.64,2.65,-4.59,410,335,0,-1,0,0
192.1,571.05,2.65,-4.59,410,330,0,-1,0,0
194.75,566.46,2.65,-4.59,410,325,0,-1,0,0
197.4,561.87,2.65,-4.59,410,320,0,-1,0,0
200.05,557.281,2.65,-4.59,410,320,0,0,0,0
202.7,552.691,2.65,-4.59,410,320,0,0,0,0
205.35,548.101,2.65,-4.59,410,320,0,0,0,0
208.0,543.511,2.65,-4.59,410,320,0,0,0,0
210.65,538.921,2.65,-4.59,410,320,0,0,0,0
213.3,534.331,2.65,-4.59,410,320,0,0,0,0
215.95,529.741,2.65,-4.59,410,320,0,0,0,0
218.6,525.151,2.65,-4.59,410,320,0,0,0,0
221.25,520.561,2.65,-4.59,410,320,0,0,0,0
223.9,515.971,2.65,-4.59,410,320,0,0,0,0
226.55,511.381,2.65,-4.59,410,320,0,0,0,0
229.2,506.791,2.65,-4.59,410,320,0,0,0,0
231.85,502.201,2.65,-4.59,410,320,0,0,0,0
234.5,497.611,2.65,-4.59,410,320,0,0,0,0
237.15,493.021,2.65,-4.59,410,320,0,0,0,0
239.8,488.432,2.65,-4.59,410,320,0,0,0,0
242.45,483.842,2.65,-4.59,410,320,0,0,0,0
245.1,479.252,2.65,-4.59,410,320,0,0,0,0
247.75,474.662,2.65,-4.59,410,320,0,0,0,0
250.4,470.072,2.65,-4.59,410,320,0,0,0,0
253.05,465.482,2.65,-4.59,410,320,0,0,0,0
255.7,460.892,2.65,-4.59,410,320,0,0,0,0
258.35,456.302,2.65,-4.59,410,320,0,0,0,0
261.0,451.712,2.65,-4.59,410,320,0,0,0,0
263.65,447.122,2.65,-4.59,410,320,0,0,0,0
266.3,442.532,2.65,-4.59,410,320,0,0,0,0
268.95,437.942,2.65,-4.59,410,320,0,0,0,0
271.6,433.352,2.65,-4.59,410,320,0,0,0,0
274.25,428.762,2.65,-4.59,410,320,0,0,0,0
276.9,424.172,2.65,-4.59,410,320,0,0,0,0
279.55,419.582,2.65,-4.59,410,320,0,0,0,0
282.2,414.993,2.65,-4.59,410,320,0,0,0,0
284.85,410.403,2.65,-4.59,410,320,0,0,0,0
287.5,405.813,2.65,-4.59,410,320,0,0,0,0
290.15,401.223,2.65,-4.59,410,320,0,0,0,0
292.8,396.633,2.65,-4.59,410,320,0,0,0,0
295.45,392.043,2.65,-4.59,410,320,0,0,0,0
298.1,387.453,2.65,-4.59,410,320,0,0,0,0
300.75,382.863,2.65,-4.59,410,320,0,0,0,0
303.4,378.273,2.65,-4.59,410,315,0,-1,0,0
306.05,373.683,2.65,-4.59,410,310,0,-1,0,0
308.7,369.093,2.65,-4.59,410,305,0,-1,0,0
311.35,364.503,2.65,-4.59,410,300,0,-1,0,0
314.0,359.913,2.65,-4.59,410,295,0,-1,0,0
316.65,355.323,2.65,-4.59,410,290,0,-1,0,0
319.3,350.733,2.65,-4.59,410,285,0,-1,0,0
321.95,346.144,2.65,-4.59,410,280,0,-1,0,0
324.6,341.554,2.65,-4.59,410,275,0,-1,0,0
327.25,336.964,2.65,-4.59,410,270,0,-1,0,0
329.9,332.374,2.65,-4.59,410,265,0,-1,0,0
332.55,327.784,2.65,-4.59,410,260,0,-1,0,0
335.2,323.194,2.65,-4.59,410,255,0,-1,0,0
337.85,318.604,2.65,-4.59,410,250,0,-1,0,0
340.5,314.014,2.65,-4.59,410,245,0,-1,0,0
343.15,309.424,2.65,-4.59,410,240,0,-1,0,0
345.8,304.834,2.65,-4.59,410,235,0,-1,0,0
348.45,300.244,2.65,-4.59,410,230,0,-1,0,0
351.1,295.654,2.65,-4.59,410,225,0,-1,0,0
353.75,291.064,2.65,-4.59,410,220,0,-1,0,0
356.4,286.474,2.65,-4.59,410,215,0,-1,0,0
359.05,281.884,2.65,-4.59,410,210,0,-1,0,0
361.7,277.295,2.65,-4.59,410,205,0,-1,0,0
364.35,272.705,2.65,-4.59,410,200,0,-1,0,0
367.0,268.115,2.65,-4.59,410,195,0,-1,0,0
369.65,263.525,2.65,-4.59,410,190,0,-1,0,0
372.3,258.935,2.65,-4.59,410,185,0,-1,0,0
374.95,254.345,2.65,-4.59,410,180,0,-1,0,0
377.6,249.755,2.65,-4.59,410,180,0,0,0,0
380.25,245.165,2.65,-4.59,410,180,0,0,0,0
382.9,240.575,2.65,-4.59,410,180,0,0,0,0
385.55,235.985,2.65,-4.59,410,185,0,1,0,0
388.2,231.395,2.65,-4.59,410,190,0,1,0,0
390.85,226.805,2.65,-4.59,410,195,0,1,0,0
393.5,222.215,2.65,-4.59,410,200,0,1,0,0
396.15,217.625,2.65,-4.59,410,205,0,1,0,0
398.8,213.035,2.65,-4.59,410,210,0,1,0,0
401.45,208.445,2.65,-4.59,410,215,0,1,0,0
404.1,203.856,2.65,-4.59,410,220,0,1,0,0
406.75,199.266,2.65,-4.59,410,225,0,1,0,0
409.4,194.676,2.65,-4.59,410,230,0,1,0,0
412.05,190.086,2.65,-4.59,410,235,0,1,0,0
414.7,185.496,2.65,-4.59,410,235,0,0,0,0
417.35,180.906,2.65,-4.59,410,235,0,0,0,0
420.0,176.316,2.65,-4.59,410,235,0,0,0,0
422.65,171.726,2.65,-4.59,410,235,0,0,0,0
425.3,167.136,2.65,-4.59,410,235,0,0,0,0
427.95,162.546,2.65,-4.59,410,235,0,0,0,0
430.6,157.956,2.65,-4.59,410,235,0,0,0,0
433.25,153.366,2.65,-4.59,410,235,0,0,0,0
435.9,148.776,2.65,-4.59,410,235,0,0,0,0
438.55,144.186,2.65,-4.59,410,235,0,0,0,0
441.2,139.596,2.65,-4.59,410,235,0,0,0,0
443.85,135.007,2.65,-4.59,410,235,0,0,0,0
446.5,130.417,2.65,-4.59,410,235,0,0,0,0
449.15,125.827,2.65,-4.59,410,235,0,0,0,0
451.8,121.237,2.65,-4.59,410,235,0,0,0,0
454.45,116.647,2.65,-4.59,410,235,0,0,0,0
457.1,112.057,2.65,-4.59,410,235,0,0,0,0
459.75,107.467,2.65,-4.59,410,235,0,0,0,0
462.4,102.877,2.65,-4.59,410,235,0,0,0,0
465.05,98.287,2.65,-4.59,410,235,0,0,0,0
467.7,93.697,2.65,-4.59,410,235,0,0,0,0
470.35,89.107,2.65,-4.59,410,235,0,0,0,0
473.0,84.517,2.65,-4.59,410,235,0,0,0,0
475.65,79.927,2.65,-4.59,410,235,0,0,0,0
478.3,75.337,2.65,-4.59,410,235,0,0,0,0
480.95,70.747,2.65,-4.59,410,235,0,0,0,0
483.6,66.158,2.65,-4.59,410,235,0,0,0,0
486.25,61.568,2.65,-4.59,410,230,0,-1,0,0
488.9,56.978,2.65,-4.59,410,225,0,-1,0,0
491.55,52.388,2.65,-4.59,410,220,0,-1,0,0
494.2,47.798,2.65,-4.59,410,215,0,-1,0,0
496.85,43.208,2.65,-4.59,410,210,0,-1,0,0
499.5,38.618,2.65,-4.59,410,205,0,-1,0,0
502.15,34.028,2.65,-4.59,410,200,0,-1,0,0
504.8,29.438,2.65,-4.59,410,195,0,-1,0,0
507.45,24.848,2.65,-4.59,410,190,0,-1,0,0
510.1,20.258,2.65,-4.59,410,185,0,-1,0,0
512.75,15.668,2.65,-4.59,410,180,0,-1,0,0
515.4,11.078,2.65,-4.59,410,175,0,-1,0,0
518.05,6.488,2.65,-4.59,410,175,0,0,0,0
520.7,6.0,2.65,4.59,410,175,0,0,0,0
523.35,10.59,2.65,4.59,410,175,0,0,0,0
526.0,15.18,2.65,4.59,410,175,0,0,0,0
528.65,19.77,2.65,4.59,410,175,0,0,0,0
531.3,24.36,2.65,4.59,410,175,0,0,0,0
533.95,28.95,2.65,4.59,410,175,0,0,0,0
536.6,33.54,2.65,4.59,410,175,0,0,0,0
539.25,38.13,2.65,4.59,410,175,0,0,0,0
541.9,42.719,2.65,4.59,410,175,0,0,0,0
544.55,47.309,2.65,4.59,410,175,0,0,0,0
547.2,51.899,2.65,4.59,410,175,0,0,0,0
549.85,56.489,2.65,4.59,410,175,0,0,0,0
552.5,61.079,2.65,4.59,410,175,0,0,0,0
555.15,65.669,2.65,4.59,410,175,0,0,0,0
557.8,70.259,2.65,4.59,410,180,0,1,0,0
560.45,74.849,2.65,4.59,410,185,0,1,0,0
563.1,79.439,2.65,4.59,410,190,0,1,0,0
565.75,84.029,2.65,4.59,410,195,0,1,0,0
568.4,88.619,2.65,4.59,410,200,0,1,0,0
571.05,93.209,2.65,4.59,410,205,0,1,0,0
573.7,97.799,2.65,4.59,410,210,0,1,0,0
576.35,102.389,2.65,4.59,410,215,0,1,0,0
579.0,106.979,2.65,4.59,410,215,0,0,0,0
581.65,111.568,2.65,4.59,410,215,0,0,0,0
584.3,116.158,2.65,4.59,410,215,0,0,0,0
586.95,120.748,2.65,4.59,410,215,0,0,0,0
589.6,125.338,2.65,4.59,410,215,0,0,0,0
592.25,129.928,2.65,4.59,410,215,0,0,0,0
594.9,134.518,2.65,4.59,410,215,0,0,0,0
597.55,139.108,2.65,4.59,410,215,0,0,0,0
600.2,143.698,2.65,4.59,410,215,0,0,0,0
602.85,148.288,2.65,4.59,410,215,0,0,0,0
605.5,152.878,2.65,4.59,410,215,0,0,0,0
608.15,157.468,2.65,4.59,410,215,0,0,0,0
610.8,162.058,2.65,4.59,410,220,0,1,0,0
613.45,166.648,2.65,4.59,410,225,0,1,0,0
616.1,171.238,2.65,4.59,410,230,0,1,0,0
618.75,175.828,2.65,4.59,410,235,0,1,0,0
621.4,180.418,2.65,4.59,410,240,0,1,0,0
624.05,185.007,2.65,4.59,410,245,0,1,0,0
626.7,189.597,2.65,4.59,410,250,0,1,0,0
629.35,194.187,2.65,4.59,410,255,0,1,0,0
632.0,198.777,2.65,4.59,410,260,0,1,0,0
634.65,203.367,2.65,4.59,410,265,0,1,0,0
637.3,207.957,2.65,4.59,410,270,0,1,0,0
639.95,212.547,2.65,4.59,405,275,-1,1,0,0
642.6,217.137,2.65,4.59,400,280,-1,1,0,0
645.25,221.727,2.65,4.59,395,285,-1,1,0,0
647.9,226.317,2.65,4.59,390,290,-1,1,0,0
650.55,230.907,2.65,4.59,385,295,-1,1,0,0
653.2,235.497,2.65,4.59,380,300,-1,1,0,0
655.85,240.087,2.65,4.59,375,305,-1,1,0,0
658.5,244.677,2.65,4.59,370,310,-1,1,0,0
661.15,249.267,2.65,4.59,365,315,-1,1,0,0
663.8,253.856,2.65,4.59,360,320,-1,1,0,0
666.45,258.446,2.65,4.59,355,325,-1,1,0,0
669.1,263.036,2.65,4.59,350,330,-1,1,0,0
671.75,267.626,2.65,4.59,345,335,-1,1,0,0
674.4,272.216,2.65,4.59,345,335,0,0,0,0
677.05,276.806,2.65,4.59,345,335,0,0,0,0
679.7,281.396,2.65,4.59,345,335,0,0,0,0
682.35,285.986,2.65,4.59,345,335,0,0,0,0
685.0,290.576,2.65,4.59,345,335,0,0,0,0
687.65,295.166,2.65,4.59,345,335,0,0,0,0
690.3,299.756,2.65,4.59,345,335,0,0,0,0
692.95,304.346,2.65,4.59,345,335,0,0,0,0
695.6,308.936,2.65,4.59,345,335,0,0,0,0
698.25,313.526,2.65,4.59,345,335,0,0,0,0
700.9,318.116,2.65,4.59,345,335,0,0,0,0
703.55,322.705,2.65,4.59,345,335,0,0,0,0
706.2,327.295,2.65,4.59,345,335,0,0,0,0
708.85,331.885,2.65,4.59,345,335,0,0,0,0
711.5,336.475,2.65,4.59,345,335,0,0,0,0
714.15,341.065,2.65,4.59,345,335,0,0,0,0
716.8,345.655,2.65,4.59,345,335,0,0,0,0
719.45,350.245,2.65,4.59,345,335,0,0,0,0
722.1,354.835,2.65,4.59,345,335,0,0,0,0
724.75,359.425,2.65,4.59,345,335,0,0,0,0
727.4,364.015,2.65,4.59,345,335,0,0,0,0
730.05,368.605,2.65,4.59,345,340,0,1,0,0
732.7,373.195,2.65,4.59,345,345,0,1,0,0
735.35,377.785,2.65,4.59,345,350,0,1,0,0
738.0,382.375,2.65,4.59,345,355,0,1,0,0
740.65,386.965,2.65,4.59,345,360,0,1,0,0
743.3,391.555,2.65,4.59,345,365,0,1,0,0
745.95,396.144,2.65,4.59,345,370,0,1,0,0
748.6,400.734,2.65,4.59,345,375,0,1,0,0
751.25,405.324,2.65,4.59,345,380,0,1,0,0
751.0,409.914,-5.169,-2.155,345,385,0,1,0,0
745.831,407.76,-5.169,-2.155,345,390,0,1,0,0
740.662,405.605,-5.169,-2.155,345,395,0,1,0,0
735.493,403.45,-5.169,-2.155,345,400,0,1,0,0
730.324,401.296,-5.169,-2.155,345,405,0,1,0,0
725.155,399.141,-5.169,-2.155,345,410,0,1,0,0
719.987,396.986,-5.169,-2.155,345,415,0,1,0,0
714.818,394.832,-5.169,-2.155,345,420,0,1,0,0
709.649,392.677,-5.169,-2.155,345,425,0,1,0,0
704.48,390.523,-5.169,-2.155,345,430,0,1,0,0
699.311,388.368,-5.169,-2.155,345,435,0,1,0,0
694.142,386.213,-5.169,-2.155,345,440,0,1,0,0
688.973,384.059,-5.169,-2.155,345,445,0,1,0,0
683.804,381.904,-5.169,-2.155,345,450,0,1,0,0
678.635,379.749,-5.169,-2.155,345,455,0,1,0,0
673.466,377.595,-5.169,-2.155,345,460,0,1,0,0
668.298,375.44,-5.169,-2.155,345,460,0,0,0,0
663.129,373.285,-5.169,-2.155,345,460,0,0,0,0
657.96,371.131,-5.169,-2.155,345,460,0,0,0,0
652.791,368.976,-5.169,-2.155,345,460,0,0,0,0
647.622,366.822,-5.169,-2.155,345,460,0,0,0,0
642.453,364.667,-5.169,-2.155,350,460,1,0,0,0
637.284,362.512,-5.169,-2.155,355,460,1,0,0,0
632.115,360.358,-5.169,-2.155,360,460,1,0,0,0
626.946,358.203,-5.169,-2.155,365,460,1,0,0,0
621.777,356.048,-5.169,-2.155,370,460,1,0,0,0
616.609,353.894,-5.169,-2.155,375,460,1,0,0,0
611.44,351.739,-5.169,-2.155,380,460,1,0,0,0
606.271,349.584,-5.169,-2.155,380,460,0,0,0,0
601.102,347.43,-5.169,-2.155,380,460,0,0,0,0
595.933,345.275,-5.169,-2.155,380,460,0,0,0,0
590.764,343.121,-5.169,-2.155,380,460,0,0,0,0
585.595,340.966,-5.169,-2.155,380,455,0,-1,0,0
580.426,338.811,-5.169,-2.155,375,450,-1,-1,0,0
575.257,336.657,-5.169,-2.155,370,445,-1,-1,0,0
570.088,334.502,-5.169,-2.155,365,440,-1,-1,0,0
564.92,332.347,-5.169,-2.155,360,435,-1,-1,0,0
559.751,330.193,-5.169,-2.155,355,430,-1,-1,0,0
554.582,328.038,-5.169,-2.155,350,425,-1,-1,0,0
549.413,325.883,-5.169,-2.155,345,420,-1,-1,0,0
544.244,323.729,-5.169,-2.155,340,415,-1,-1,0,0
539.075,321.574,-5.169,-2.155,335,410,-1,-1,0,0
533.906,319.42,-5.169,-2.155,330,405,-1,-1,0,0
528.737,317.265,-5.169,-2.155,325,400,-1,-1,0,0
523.568,315.11,-5.169,-2.155,320,395,-1,-1,0,0
518.399,312.956,-5.169,-2.155,315,390,-1,-1,0,0
513.231,310.801,-5.169,-2.155,310,385,-1,-1,0,0
508.062,308.646,-5.169,-2.155,305,380,-1,-1,0,0
502.893,306.492,-5.169,-2.155,300,375,-1,-1,0,0
497.724,304.337,-5.169,-2.155,295,370,-1,-1,0,0
492.555,302.182,-5.169,-2.155,290,365,-1,-1,0,0
487.386,300.028,-5.169,-2.155,285,360,-1,-1,0,0
482.217,297.873,-5.169,-2.155,280,355,-1,-1,0,0
477.048,295.719,-5.169,-2.155,275,350,-1,-1,0,0
471.879,293.564,-5.169,-2.155,270,345,-1,-1,0,0
466.71,291.409,-5.169,-2.155,265,340,-1,-1,0,0
461.542,289.255,-5.169,-2.155,260,335,-1,-1,0,0
456.373,287.1,-5.169,-2.155,255,330,-1,-1,0,0
451.204,284.945,-5.169,-2.155,250,325,-1,-1,0,0
446.035,282.791,-5.169,-2.155,245,320,-1,-1,0,0
440.866,280.636,-5.169,-2.155,240,315,-1,-1,0,0
435.697,278.481,-5.169,-2.155,235,310,-1,-1,0,0
430.528,276.327,-5.169,-2.155,230,305,-1,-1,0,0
425.359,274.172,-5.169,-2.155,225,300,-1,-1,0,0
420.19,272.018,-5.169,-2.155,220,295,-1,-1,0,0
415.021,269.863,-5.169,-2.155,215,290,-1,-1,0,0
409.853,267.708,-5.169,-2.155,210,285,-1,-1,0,0
404.684,265.554,-5.169,-2.155,205,280,-1,-1,0,0
399.515,263.399,-5.169,-2.155,200,280,-1,0,0,0
394.346,261.244,-5.169,-2.155,195,280,-1,0,0,0
389.177,259.09,-5.169,-2.155,190,280,-1,0,0,0
384.008,256.935,-5.169,-2.155,185,280,-1,0,0,0
378.839,254.78,-5.169,-2.155,180,280,-1,0,0,0
373.67,252.626,-5.169,-2.155,175,280,-1,0,0,0
368.501,250.471,-5.169,-2.155,170,280,-1,0,0,0
363.332,248.316,-5.169,-2.155,170,280,0,0,0,0
358.164,246.162,-5.169,-2.155,170,280,0,0,0,0
352.995,244.007,-5.169,-2.155,170,280,0,0,0,0
347.826,241.853,-5.169,-2.155,170,280,0,0,0,0
342.657,239.698,-5.169,-2.155,170,280,0,0,0,0
337.488,237.543,-5.169,-2.155,170,280,0,0,0,0
332.319,235.389,-5.169,-2.155,170,280,0,0,0,0
327.15,233.234,-5.169,-2.155,170,280,0,0,0,0
321.981,231.079,-5.169,-2.155,170,280,0,0,0,0
316.812,228.925,-5.169,-2.155,165,280,-1,0,0,0
311.643,226.77,-5.169,-2.155,160,275,-1,-1,0,0
306.474,224.615,-5.169,-2.155,155,270,-1,-1,0,0
301.306,222.461,-5.169,-2.155,150,265,-1,-1,0,0
296.137,220.306,-5.169,-2.155,145,260,-1,-1,0,0
290.968,218.152,-5.169,-2.155,140,255,-1,-1,0,0
285.799,215.997,-5.169,-2.155,135,250,-1,-1,0,0
280.63,213.842,-5.169,-2.155,130,245,-1,-1,0,0
275.461,211.688,-5.169,-2.155,125,240,-1,-1,0,0
270.292,209.533,-5.169,-2.155,120,235,-1,-1,0,0
265.123,207.378,-5.169,-2.155,115,235,-1,0,0,0
259.954,205.224,-5.169,-2.155,115,235,0,0,0,0
254.785,203.069,-5.169,-2.155,115,235,0,0,0,0
249.617,200.914,-5.169,-2.155,115,235,0,0,0,0
244.448,198.76,-5.169,-2.155,115,235,0,0,0,0
239.279,196.605,-5.169,-2.155,115,235,0,0,0,0
234.11,194.451,-5.169,-2.155,110,235,-1,0,0,0
228.941,192.296,-5.169,-2.155,105,235,-1,0,0,0
223.772,190.141,-5.169,-2.155,100,235,-1,0,0,0
218.603,187.987,-5.169,-2.155,95,235,-1,0,0,0
213.434,185.832,-5.169,-2.155,90,235,-1,0,0,0
208.265,183.677,-5.169,-2.155,85,235,-1,0,0,0
203.096,181.523,-5.169,-2.155,80,235,-1,0,0,0
197.928,179.368,-5.169,-2.155,75,235,-1,0,0,0
192.759,177.213,-5.169,-2.155,70,235,-1,0,0,0
187.59,175.059,-5.169,-2.155,65,235,-1,0,0,0
182.421,172.904,-5.169,-2.155,60,235,-1,0,0,0
177.252,170.75,-5.169,-2.155,55,235,-1,0,0,0
172.083,168.595,-5.169,-2.155,50,235,-1,0,0,0
166.914,166.44,-5.169,-2.155,50,235,0,0,0,0
161.745,164.286,-5.169,-2.155,50,235,0,0,0,0
156.576,162.131,-5.169,-2.155,50,235,0,0,0,0
151.407,159.976,-5.169,-2.155,50,235,0,0,0,0
146.239,157.822,-5.169,-2.155,50,235,0,0,0,0
141.07,155.667,-5.169,-2.155,50,235,0,0,0,0
135.901,153.512,-5.169,-2.155,50,235,0,0,0,0
130.732,151.358,-5.169,-2.155,50,235,0,0,0,0
125.563,149.203,-5.169,-2.155,50,235,0,0,0,0
120.394,147.049,-5.169,-2.155,50,235,0,0,0,0
115.225,144.894,-5.169,-2.155,50,235,0,0,0,0
110.056,142.739,-5.169,-2.155,50,235,0,0,0,0
104.887,140.585,-5.169,-2.155,50,235,0,0,0,0
99.718,138.43,-5.169,-2.155,50,235,0,0,0,0
94.55,136.275,-5.169,-2.155,50,235,0,0,0,0
89.381,134.121,-5.169,-2.155,50,235,0,0,0,0
84.212,131.966,-5.169,-2.155,50,235,0,0,0,0
79.043,129.811,-5.169,-2.155,50,235,0,0,0,0
73.874,127.657,-5.169,-2.155,50,235,0,0,0,0
68.705,125.502,-5.169,-2.155,50,235,0,0,0,0
63.536,123.348,-5.169,-2.155,50,235,0,0,0,0
58.367,121.193,-5.169,-2.155,50,235,0,0,0,0
53.198,119.038,-5.169,-2.155,50,235,0,0,0,0
48.029,116.884,-5.169,-2.155,50,235,0,0,0,0
49.0,114.729,4.706,3.558,50,235,0,0,0,0
53.706,118.287,4.706,3.558,50,235,0,0,0,0
58.412,121.846,4.706,3.558,50,235,0,0,0,0
63.118,125.404,4.706,3.558,50,235,0,0,0,0
67.825,128.963,4.706,3.558,50,235,0,0,0,0
72.531,132.521,4.706,3.558,50,235,0,0,0,0
77.237,136.079,4.706,3.558,50,235,0,0,0,0
81.943,139.638,4.706,3.558,50,235,0,0,0,0
86.649,143.196,4.706,3.558,50,235,0,0,0,0
91.355,146.755,4.706,3.558,50,235,0,0,0,0
96.061,150.313,4.706,3.558,50,235,0,0,0,0
100.768,153.871,4.706,3.558,50,235,0,0,0,0
105.474,157.43,4.706,3.558,50,235,0,0,0,0
110.18,160.988,4.706,3.558,50,235,0,0,0,0
114.886,164.547,4.706,3.558,50,235,0,0,0,0
119.592,168.105,4.706,3.558,50,235,0,0,0,0
124.298,171.663,4.706,3.558,50,235,0,0,0,0
129.004,175.222,4.706,3.558,50,235,0,0,0,0
133.711,178.78,4.706,3.558,50,240,0,1,0,0
138.417,182.339,4.706,3.558,50,245,0,1,0,0
143.123,185.897,4.706,3.558,50,250,0,1,0,0
147.829,189.455,4.706,3.558,50,255,0,1,0,0
152.535,193.014,4.706,3.558,50,260,0,1,0,0
157.241,196.572,4.706,3.558,50,265,0,1,0,0
161.948,200.131,4.706,3.558,50,270,0,1,0,0
166.654,203.689,4.706,3.558,50,275,0,1,0,0
171.36,207.247,4.706,3.558,50,280,0,1,0,0
176.066,210.806,4.706,3.558,50,285,0,1,0,0
180.772,214.364,4.706,3.558,50,290,0,1,0,0
185.478,217.923,4.706,3.558,50,295,0,1,0,0
190.184,221.481,4.706,3.558,50,300,0,1,0,0
194.891,225.039,4.706,3.558,50,305,0,1,0,0
199.597,228.598,4.706,3.558,50,310,0,1,0,0
204.303,232.156,4.706,3.558,50,315,0,1,0,0
209.009,235.714,4.706,3.558,50,320,0,1,0,0
213.715,239.273,4.706,3.558,50,325,0,1,0,0
218.421,242.831,4.706,3.558,50,330,0,1,0,0
223.127,246.39,4.706,3.558,50,335,0,1,0,0
227.834,249.948,4.706,3.558,50,340,0,1,0,0
232.54,253.506,4.706,3.558,45,345,-1,1,0,0
237.246,257.065,4.706,3.558,40,350,-1,1,0,0
241.952,260.623,4.706,3.558,35,355,-1,1,0,0
246.658,264.182,4.706,3.558,30,360,-1,1,0,0
251.364,267.74,4.706,3.558,25,365,-1,1,0,0
256.07,271.298,4.706,3.558,20,370,-1,1,0,0
260.777,274.857,4.706,3.558,15,375,-1,1,0,0
265.483,278.415,4.706,3.558,10,380,-1,1,0,0
270.189,281.974,4.706,3.558,5,385,-1,1,0,0
274.895,285.532,4.706,3.558,0,390,-1,1,0,0
279.601,289.09,4.706,3.558,0,395,-1,1,0,0
284.307,292.649,4.706,3.558,0,400,-1,1,0,0
289.013,296.207,4.706,3.558,0,405,-1,1,0,0
293.72,299.766,4.706,3.558,0,410,0,1,0,0
298.426,303.324,4.706,3.558,0,415,0,1,0,0
303.132,306.882,4.706,3.558,0,420,0,1,0,0
307.838,310.441,4.706,3.558,0,425,0,1,0,0
312.544,313.999,4.706,3.558,0,430,0,1,0,0
317.25,317.558,4.706,3.558,0,435,0,1,0,0
321.957,321.116,4.706,3.558,0,440,0,1,0,0
326.663,324.674,4.706,3.558,0,445,0,1,0,0
331.369,328.233,4.706,3.558,0,450,0,1,0,0
336.075,331.791,4.706,3.558,0,455,0,1,0,0
340.781,335.35,4.706,3.558,0,460,0,1,0,0
345.487,338.908,4.706,3.558,0,465,0,1,0,0
350.193,342.466,4.706,3.558,0,470,0,1,0,0
354.9,346.025,4.706,3.558,0,475,0,1,0,0
359.606,349.583,4.706,3.558,0,480,0,1,0,0
364.312,353.142,4.706,3.558,0,485,0,1,0,0
369.018,356.7,4.706,3.558,5,490,1,1,0,0
373.724,360.258,4.706,3.558,10,495,1,1,0,0
378.43,363.817,4.706,3.558,15,500,1,1,0,0
383.136,367.375,4.706,3.558,20,505,1,1,0,0
387.843,370.934,4.706,3.558,25,510,1,1,0,0
392.549,374.492,4.706,3.558,30,515,1,1,0,0
397.255,378.05,4.706,3.558,35,520,1,1,0,0
401.961,381.609,4.706,3.558,40,520,1,1,0,0
406.667,385.167,4.706,3.558,45,520,1,1,0,0
411.373,388.726,4.706,3.558,50,520,1,0,0,0
416.079,392.284,4.706,3.558,55,520,1,0,0,0
420.786,395.842,4.706,3.558,60,520,1,0,0,0
425.492,399.401,4.706,3.558,65,520,1,0,0,0
430.198,402.959,4.706,3.558,70,520,1,0,0,0
434.904,406.517,4.706,3.558,75,515,1,-1,0,0
439.61,410.076,4.706,3.558,80,510,1,-1,0,0
444.316,413.634,4.706,3.558,85,505,1,-1,0,0
449.022,417.193,4.706,3.558,90,500,1,-1,0,0
453.729,420.751,4.706,3.558,95,495,1,-1,0,0
458.435,424.309,4.706,3.558,100,495,1,0,0,0
463.141,427.868,4.706,3.558,105,495,1,0,0,0
467.847,431.426,4.706,3.558,110,495,1,0,0,0
472.553,434.985,4.706,3.558,115,495,1,0,0,0
477.259,438.543,4.706,3.558,120,495,1,0,0,0
481.966,442.101,4.706,3.558,125,495,1,0,0,0
486.672,445.66,4.706,3.558,130,495,1,0,0,0
491.378,449.218,4.706,3.558,135,495,1,0,0,0
496.084,452.777,4.706,3.558,140,495,1,0,0,0
500.79,456.335,4.706,3.558,145,495,1,0,0,0
505.496,459.893,4.706,3.558,150,495,1,0,0,0
510.202,463.452,4.706,3.558,155,495,1,0,0,0
514.909,467.01,4.706,3.558,160,495,1,0,0,0
519.615,470.569,4.706,3.558,165,495,1,0,0,0
524.321,474.127,4.706,3.558,170,495,1,0,0,0
529.027,477.685,4.706,3.558,175,495,1,0,0,0
533.733,481.244,4.706,3.558,180,495,1,0,0,0
538.439,484.802,4.706,3.558,185,495,1,0,0,0
543.145,488.361,4.706,3.558,190,495,1,0,0,0
547.852,491.919,4.706,3.558,195,495,1,0,0,0
552.558,495.477,4.706,3.558,200,500,1,1,0,0
557.264,499.036,4.706,3.558,205,505,1,1,0,0
561.97,502.594,4.706,3.558,210,510,1,1,0,0
566.676,506.153,4.706,3.558,215,515,1,1,0,0
571.382,509.711,4.706,3.558,220,520,1,1,0,0
576.088,513.269,4.706,3.558,225,520,1,1,0,0
580.795,516.828,4.706,3.558,230,520,1,0,0,0
585.501,520.386,4.706,3.558,230,520,0,0,0,0
590.207,523.945,4.706,3.558,230,520,0,0,0,0
594.913,527.503,4.706,3.558,230,520,0,0,0,0
599.619,531.061,4.706,3.558,230,520,0,0,0,0
604.325,534.62,4.706,3.558,230,520,0,0,0,0
609.031,538.178,4.706,3.558,230,520,0,0,0,0
613.738,541.737,4.706,3.558,230,520,0,0,0,0
618.444,545.295,4.706,3.558,230,520,0,0,0,0
623.15,548.853,4.706,3.558,230,520,0,0,0,0
627.856,552.412,4.706,3.558,230,520,0,0,0,0
632.562,555.97,4.706,3.558,230,520,0,0,0,0
637.268,559.529,4.706,3.558,230,520,0,0,0,0
641.975,563.087,4.706,3.558,230,520,0,0,0,0
646.681,566.645,4.706,3.558,230,520,0,0,0,0
651.387,570.204,4.706,3.558,230,520,0,0,0,0
656.093,573.762,4.706,3.558,230,520,0,0,0,0
660.799,577.32,4.706,3.558,235,520,1,0,0,0
665.505,580.879,4.706,3.558,240,520,1,0,0,0
670.211,584.437,4.706,3.558,245,520,1,0,0,0
674.918,587.996,4.706,3.558,250,515,1,-1,0,0
679.624,591.554,4.706,3.558,255,510,1,-1,0,0
684.33,594.0,4.706,-3.558,260,505,1,-1,0,0
689.036,590.442,4.706,-3.558,265,500,1,-1,0,0
693.742,586.883,4.706,-3.558,270,495,1,-1,0,0
698.448,583.325,4.706,-3.558,275,495,1,0,0,0
703.154,579.766,4.706,-3.558,280,495,1,0,0,0
707.861,576.208,4.706,-3.558,285,495,1,0,0,0
712.567,572.65,4.706,-3.558,290,495,1,0,0,0
717.273,569.091,4.706,-3.558,290,495,0,0,0,0
721.979,565.533,4.706,-3.558,290,495,0,0,0,0
726.685,561.974,4.706,-3.558,290,495,0,0,0,0
731.391,558.416,4.706,-3.558,290,495,0,0,0,0
736.097,554.858,4.706,-3.558,290,495,0,0,0,0
740.804,551.299,4.706,-3.558,290,495,0,0,0,0
745.51,547.741,4.706,-3.558,290,495,0,0,0,0
750.216,544.182,4.706,-3.558,290,495,0,0,0,0
751.0,540.624,-6.133,0.91,290,495,0,0,0,0
744.867,541.534,-6.133,0.91,290,495,0,0,0,0
738.734,542.443,-6.133,0.91,290,495,0,0,0,0
732.601,543.353,-6.133,0.91,290,495,0,0,0,0
726.468,544.262,-6.133,0.91,290,490,0,-1,0,0
720.335,545.172,-6.133,0.91,290,485,0,-1,0,0
714.202,546.082,-6.133,0.91,290,480,0,-1,0,0
708.07,546.991,-6.133,0.91,290,475,0,-1,0,0
701.937,547.901,-6.133,0.91,290,470,0,-1,0,0
695.804,548.81,-6.133,0.91,290,465,0,-1,0,0
689.671,549.72,-6.133,0.91,290,460,0,-1,0,0
683.538,550.629,-6.133,0.91,290,455,0,-1,0,0
677.405,551.539,-6.133,0.91,290,450,0,-1,0,0
671.272,552.449,-6.133,0.91,290,450,0,0,0,0
665.139,553.358,-6.133,0.91,290,450,0,0,0,0
659.006,554.268,-6.133,0.91,290,450,0,0,0,0
652.873,555.177,-6.133,0.91,290,450,0,0,0,0
646.74,556.087,-6.133,0.91,290,450,0,0,0,0
640.607,556.996,-6.133,0.91,290,450,0,0,0,0
634.475,557.906,-6.133,0.91,290,450,0,0,0,0
628.342,558.816,-6.133,0.91,290,450,0,0,0,0
622.209,559.725,-6.133,0.91,290,450,0,0,0,0
616.076,560.635,-6.133,0.91,290,455,0,1,0,0
609.943,561.544,-6.133,0.91,290,460,0,1,0,0
603.81,562.454,-6.133,0.91,295,465,1,1,0,0
597.677,563.364,-6.133,0.91,300,470,1,1,0,0
591.544,564.273,-6.133,0.91,305,475,1,1,0,0
585.411,565.183,-6.133,0.91,310,480,1,1,0,0
579.278,566.092,-6.133,0.91,315,485,1,1,0,0
573.145,567.002,-6.133,0.91,320,490,1,1,0,0
567.012,567.911,-6.133,0.91,325,495,1,1,0,0
560.88,568.821,-6.133,0.91,330,500,1,1,0,0
554.747,569.731,-6.133,0.91,335,505,1,1,0,0
548.614,570.64,-6.133,0.91,340,510,1,1,0,0
542.481,571.55,-6.133,0.91,345,515,1,1,0,0
536.348,572.459,-6.133,0.91,350,520,1,1,0,0
530.215,573.369,-6.133,0.91,355,520,1,1,0,0
524.082,574.278,-6.133,0.91,360,520,1,1,0,0
517.949,575.188,-6.133,0.91,365,520,1,1,0,0
511.816,576.098,-6.133,0.91,370,520,1,1,0,0
505.683,577.007,-6.133,0.91,375,520,1,1,0,0
499.55,577.917,-6.133,0.91,380,520,1,1,0,0
493.417,578.826,-6.133,0.91,385,520,1,1,0,0
487.285,579.736,-6.133,0.91,390,520,1,1,0,0
481.152,580.645,-6.133,0.91,395,520,1,1,0,0
475.019,581.555,-6.133,0.91,400,520,1,1,0,0
468.886,582.465,-6.133,0.91,405,520,1,1,0,0
462.753,583.374,-6.133,0.91,410,520,1,1,0,0
456.62,584.284,-6.133,0.91,415,520,1,1,0,0
450.487,585.193,-6.133,0.91,420,520,1,1,0,0
444.354,586.103,-6.133,0.91,425,520,1,1,0,0
438.221,587.013,-6.133,0.91,430,520,1,0,0,0
432.088,587.922,-6.133,0.91,435,520,1,0,0,0
425.955,588.832,-6.133,0.91,440,520,1,0,0,0
419.822,589.741,-6.133,0.91,445,520,1,0,0,0
413.69,590.651,-6.133,0.91,450,520,1,0,0,0
407.557,591.56,-6.133,0.91,455,520,1,0,0,0
401.424,592.47,-6.133,0.91,460,520,1,0,0,0
395.291,593.38,-6.133,0.91,460,520,0,0,0,0
389.158,594.0,-6.133,-0.91,460,520,0,0,0,0
383.025,593.09,-6.133,-0.91,460,520,0,0,0,0
376.892,592.181,-6.133,-0.91,460,520,0,0,0,0
370.759,591.271,-6.133,-0.91,460,520,0,0,0,0
364.626,590.362,-6.133,-0.91,460,520,0,0,0,0
358.493,589.452,-6.133,-0.91,460,520,0,0,0,0
352.36,588.543,-6.133,-0.91,460,520,0,0,0,0
346.227,587.633,-6.133,-0.91,460,520,0,0,0,0
340.095,586.723,-6.133,-0.91,460,520,0,0,0,0
333.962,585.814,-6.133,-0.91,460,520,0,0,0,0
327.829,584.904,-6.133,-0.91,460,520,0,0,0,0
321.696,583.995,-6.133,-0.91,460,520,0,0,0,0
315.563,583.085,-6.133,-0.91,460,520,0,0,0,0
309.43,582.175,-6.133,-0.91,460,520,0,0,0,0
303.297,581.266,-6.133,-0.91,460,520,0,0,0,0
297.164,580.356,-6.133,-0.91,460,520,0,0,0,0
291.031,579.447,-6.133,-0.91,460,520,0,0,0,0
284.898,578.537,-6.133,-0.91,460,520,0,0,0,0
278.765,577.628,-6.133,-0.91,460,520,0,0,0,0
272.632,576.718,-6.133,-0.91,460,520,0,0,0,0
266.5,575.808,-6.133,-0.91,460,520,0,0,0,0
260.367,574.899,-6.133,-0.91,460,520,0,0,0,0
254.234,573.989,-6.133,-0.91,465,520,1,0,0,0
248.101,573.08,-6.133,-0.91,470,520,1,0,0,0
241.968,572.17,-6.133,-0.91,475,520,1,0,0,0
235.835,571.261,-6.133,-0.91,480,520,1,0,0,0
229.702,570.351,-6.133,-0.91,485,520,1,0,0,0
223.569,569.441,-6.133,-0.91,490,520,1,0,0,0
217.436,568.532,-6.133,-0.91,495,520,1,0,0,0
211.303,567.622,-6.133,-0.91,500,520,1,0,0,0
205.17,566.713,-6.133,-0.91,505,520,1,0,0,0
199.037,565.803,-6.133,-0.91,510,520,1,0,0,0
192.905,564.894,-6.133,-0.91,515,520,1,0,0,0
186.772,563.984,-6.133,-0.91,520,520,1,0,0,0
180.639,563.074,-6.133,-0.91,520,520,1,0,0,0
174.506,562.165,-6.133,-0.91,520,520,1,0,0,0
168.373,561.255,-6.133,-0.91,520,520,1,0,0,0
162.24,560.346,-6.133,-0.91,520,520,1,0,0,0
156.107,559.436,-6.133,-0.91,520,520,1,0,0,0
149.974,558.526,-6.133,-0.91,520,520,1,0,0,0
143.841,557.617,-6.133,-0.91,520,520,1,0,0,0
137.708,556.707,-6.133,-0.91,520,520,1,0,0,0
131.575,555.798,-6.133,-0.91,520,520,1,0,0,0
125.442,554.888,-6.133,-0.91,520,520,1,0,0,0
119.31,553.979,-6.133,-0.91,520,520,1,0,0,0
113.177,553.069,-6.133,-0.91,520,520,1,0,0,0
107.044,552.159,-6.133,-0.91,520,520,0,0,0,0
100.911,551.25,-6.133,-0.91,520,520,0,0,0,0
94.778,550.34,-6.133,-0.91,520,520,0,0,0,0
88.645,549.431,-6.133,-0.91,520,520,0,0,0,0
82.512,548.521,-6.133,-0.91,520,520,0,0,0,0
76.379,547.612,-6.133,-0.91,520,520,0,0,0,0
70.246,546.702,-6.133,-0.91,520,520,0,0,0,0
64.113,545.792,-6.133,-0.91,520,520,0,0,0,0
57.98,544.883,-6.133,-0.91,520,520,0,0,0,0
51.847,543.973,-6.133,-0.91,520,520,0,0,0,0
49.0,543.064,5.871,-2.789,520,520,0,0,0,0
54.871,540.275,5.871,-2.789,520,520,0,0,0,0
60.743,537.487,5.871,-2.789,520,520,0,0,0,0
66.614,534.698,5.871,-2.789,520,520,0,0,0,0
72.486,531.909,5.871,-2.789,520,520,0,0,0,0
78.357,529.121,5.871,-2.789,520,520,0,0,0,0
84.229,526.332,5.871,-2.789,520,520,0,0,0,0
90.1,523.544,5.871,-2.789,520,515,0,-1,0,0
95.972,520.755,5.871,-2.789,520,510,0,-1,0,0
101.843,517.967,5.871,-2.789,520,505,0,-1,0,0
107.715,515.178,5.871,-2.789,520,500,0,-1,0,0
113.586,512.39,5.871,-2.789,520,495,0,-1,0,0
119.457,509.601,5.871,-2.789,520,490,0,-1,0,0
125.329,506.813,5.871,-2.789,520,485,0,-1,0,0
131.2,504.024,5.871,-2.789,520,480,0,-1,0,0
137.072,501.235,5.871,-2.789,520,475,0,-1,0,0
142.943,498.447,5.871,-2.789,520,470,0,-1,0,0
148.815,495.658,5.871,-2.789,520,465,0,-1,0,0
154.686,492.87,5.871,-2.789,520,460,0,-1,0,0
160.558,490.081,5.871,-2.789,520,455,0,-1,0,0
166.429,487.293,5.871,-2.789,520,450,0,-1,0,0
172.301,484.504,5.871,-2.789,520,445,0,-1,0,0
178.172,481.716,5.871,-2.789,520,440,0,-1,0,0
184.044,478.927,5.871,-2.789,520,435,0,-1,0,0
189.915,476.139,5.871,-2.789,520,430,0,-1,0,0
195.786,473.35,5.871,-2.789,520,425,0,-1,0,0
201.658,470.561,5.871,-2.789,520,420,0,-1,0,0
207.529,467.773,5.871,-2.789,520,415,0,-1,0,0
213.401,464.984,5.871,-2.789,520,410,0,-1,0,0
219.272,462.196,5.871,-2.789,520,405,0,-1,0,0
225.144,459.407,5.871,-2.789,520,400,0,-1,0,0
231.015,456.619,5.871,-2.789,520,395,0,-1,0,0
236.887,453.83,5.871,-2.789,520,390,0,-1,0,0
242.758,451.042,5.871,-2.789,520,385,0,-1,0,0
248.63,448.253,5.871,-2.789,520,380,0,-1,0,0
254.501,445.465,5.871,-2.789,520,375,0,-1,0,0
260.372,442.676,5.871,-2.789,520,370,0,-1,0,0
266.244,439.887,5.871,-2.789,520,365,0,-1,0,0
272.115,437.099,5.871,-2.789,515,360,-1,-1,0,0
277.987,434.31,5.871,-2.789,510,355,-1,-1,0,0
283.858,431.522,5.871,-2.789,505,350,-1,-1,0,0
289.73,428.733,5.871,-2.789,500,345,-1,-1,0,0
295.601,425.945,5.871,-2.789,495,340,-1,-1,0,0
301.473,423.156,5.871,-2.789,490,335,-1,-1,0,0
307.344,420.368,5.871,-2.789,485,330,-1,-1,0,0
313.216,417.579,5.871,-2.789,480,325,-1,-1,0,0
319.087,414.791,5.871,-2.789,475,320,-1,-1,0,0
324.959,412.002,5.871,-2.789,470,315,-1,-1,0,0
330.83,409.213,5.871,-2.789,465,310,-1,-1,0,0
336.701,406.425,5.871,-2.789,460,305,-1,-1,0,0
342.573,403.636,5.871,-2.789,455,300,-1,-1,0,0
348.444,400.848,5.871,-2.789,455,295,0,-1,0,0
354.316,398.059,5.871,-2.789,455,290,0,-1,0,0
360.187,395.271,5.871,-2.789,455,285,0,-1,0,0
366.059,392.482,5.871,-2.789,455,280,0,-1,0,0
371.93,389.694,5.871,-2.789,455,280,0,0,0,0
377.802,386.905,5.871,-2.789,455,280,0,0,0,0
383.673,384.117,5.871,-2.789,455,280,0,0,0,0
389.545,381.328,5.871,-2.789,455,280,0,0,0,0
395.416,378.539,5.871,-2.789,455,280,0,0,0,0
401.287,375.751,5.871,-2.789,455,280,0,0,0,0
407.159,372.962,5.871,-2.789,455,280,0,0,0,0
413.03,370.174,5.871,-2.789,455,280,0,0,0,0
418.902,367.385,5.871,-2.789,455,280,0,0,0,0
424.773,364.597,5.871,-2.789,455,280,0,0,0,0
430.645,361.808,5.871,-2.789,455,280,0,0,0,0
436.516,359.02,5.871,-2.789,455,280,0,0,0,0
442.388,356.231,5.871,-2.789,455,280,0,0,0,0
448.259,353.443,5.871,-2.789,455,280,0,0,0,0
454.131,350.654,5.871,-2.789,455,280,0,0,0,0
460.002,347.865,5.871,-2.789,455,280,0,0,0,0
465.873,345.077,5.871,-2.789,455,280,0,0,0,0
471.745,342.288,5.871,-2.789,455,280,0,0,0,0
477.616,339.5,5.871,-2.789,455,280,0,0,0,0
483.488,336.711,5.871,-2.789,455,280,0,0,0,0
489.359,333.923,5.871,-2.789,455,280,0,0,0,0
495.231,331.134,5.871,-2.789,455,280,0,0,0,0
501.102,328.346,5.871,-2.789,455,280,0,0,0,0
506.974,325.557,5.871,-2.789,455,275,0,-1,0,0
512.845,322.769,5.871,-2.789,455,270,0,-1,0,0
518.717,319.98,5.871,-2.789,455,265,0,-1,0,0
524.588,317.191,5.871,-2.789,455,260,0,-1,0,0
530.46,314.403,5.871,-2.789,455,255,0,-1,0,0
536.331,311.614,5.871,-2.789,455,250,0,-1,0,0
542.202,308.826,5.871,-2.789,455,245,0,-1,0,0
548.074,306.037,5.871,-2.789,455,240,0,-1,0,0
553.945,303.249,5.871,-2.789,455,235,0,-1,0,0
559.817,300.46,5.871,-2.789,455,230,0,-1,0,0
565.688,297.672,5.871,-2.789,455,225,0,-1,0,0
571.56,294.883,5.871,-2.789,455,220,0,-1,0,0
577.431,292.095,5.871,-2.789,455,215,0,-1,0,0
583.303,289.306,5.871,-2.789,455,210,0,-1,0,0
589.174,286.517,5.871,-2.789,455,210,0,0,0,0
595.046,283.729,5.871,-2.789,455,210,0,0,0,0
600.917,280.94,5.871,-2.789,455,210,0,0,0,0
606.788,278.152,5.871,-2.789,455,210,0,0,0,0
612.66,275.363,5.871,-2.789,455,210,0,0,0,0
618.531,272.575,5.871,-2.789,455,210,0,0,0,0
624.403,269.786,5.871,-2.789,455,210,0,0,0,0
630.274,266.998,5.871,-2.789,455,210,0,0,0,0
636.146,264.209,5.871,-2.789,455,210,0,0,0,0
642.017,261.421,5.871,-2.789,455,210,0,0,0,0
647.889,258.632,5.871,-2.789,455,210,0,0,0,0
653.76,255.843,5.871,-2.789,455,210,0,0,0,0
659.632,253.055,5.871,-2.789,455,210,0,0,0,0
665.503,250.266,5.871,-2.789,455,210,0,0,0,0
671.375,247.478,5.871,-2.789,455,210,0,0,0,0
677.246,244.689,5.871,-2.789,455,205,0,-1,0,0
683.117,241.901,5.871,-2.789,455,200,0,-1,0,0
688.989,239.112,5.871,-2.789,455,195,0,-1,0,0
694.86,236.324,5.871,-2.789,455,190,0,-1,0,0
700.732,233.535,5.871,-2.789,455,185,0,-1,0,0
706.603,230.747,5.871,-2.789,455,180,0,-1,0,0
712.475,227.958,5.871,-2.789,455,175,0,-1,0,0
718.346,225.169,5.871,-2.789,455,170,0,-1,0,0
724.218,222.381,5.871,-2.789,455,165,0,-1,0,0
730.089,219.592,5.871,-2.789,455,160,0,-1,0,0
735.961,216.804,5.871,-2.789,455,155,0,-1,0,0
741.832,214.015,5.871,-2.789,455,150,0,-1,0,0
747.703,211.227,5.871,-2.789,455,145,0,-1,0,0
751.0,208.438,-5.56,3.916,455,145,0,0,0,0
745.44,212.354,-5.56,3.916,455,145,0,0,0,0
739.881,216.269,-5.56,3.916,455,145,0,0,0,0
734.321,220.185,-5.56,3.916,455,145,0,0,0,0
728.762,224.101,-5.56,3.916,455,145,0,0,0,0
723.202,228.016,-5.56,3.916,455,145,0,0,0,0
717.643,231.932,-5.56,3.916,455,145,0,0,0,0
712.083,235.847,-5.56,3.916,450,150,-1,1,0,0
706.524,239.763,-5.56,3.916,445,155,-1,1,0,0
700.964,243.678,-5.56,3.916,440,160,-1,1,0,0
695.405,247.594,-5.56,3.916,435,165,-1,1,0,0
689.845,251.51,-5.56,3.916,430,170,-1,1,0,0
684.286,255.425,-5.56,3.916,425,175,-1,1,0,0
678.726,259.341,-5.56,3.916,420,180,-1,1,0,0
673.167,263.256,-5.56,3.916,415,185,-1,1,0,0
667.607,267.172,-5.56,3.916,410,190,-1,1,0,0
662.048,271.088,-5.56,3.916,405,195,-1,1,0,0
656.488,275.003,-5.56,3.916,400,200,-1,1,0,0
650.929,278.919,-5.56,3.916,395,205,-1,1,0,0
645.369,282.834,-5.56,3.916,390,210,-1,1,0,0
639.81,286.75,-5.56,3.916,385,215,-1,1,0,0
634.25,290.666,-5.56,3.916,380,220,-1,1,0,0
628.691,294.581,-5.56,3.916,375,225,-1,1,0,0
623.131,298.497,-5.56,3.916,370,230,-1,1,0,0
617.572,302.412,-5.56,3.916,365,235,-1,1,0,0
612.012,306.328,-5.56,3.916,360,240,-1,1,0,0
606.453,310.244,-5.56,3.916,355,245,-1,1,0,0
600.893,314.159,-5.56,3.916,350,250,-1,1,0,0
595.334,318.075,-5.56,3.916,345,255,-1,1,0,0
589.774,321.99,-5.56,3.916,340,260,-1,1,0,0
584.215,325.906,-5.56,3.916,335,265,-1,1,0,0
578.655,329.822,-5.56,3.916,330,270,-1,1,0,0
573.096,333.737,-5.56,3.916,325,275,-1,1,0,0
567.536,337.653,-5.56,3.916,320,280,-1,1,0,0
561.977,341.568,-5.56,3.916,320,285,0,1,0,0
556.417,345.484,-5.56,3.916,320,290,0,1,0,0
550.858,349.399,-5.56,3.916,320,295,0,1,0,0
545.298,353.315,-5.56,3.916,320,300,0,1,0,0
539.739,357.231,-5.56,3.916,320,305,0,1,0,0
534.179,361.146,-5.56,3.916,320,310,0,1,0,0
528.62,365.062,-5.56,3.916,320,315,0,1,0,0
523.06,368.977,-5.56,3.916,320,320,0,1,0,0
517.501,372.893,-5.56,3.916,325,325,1,1,0,0
511.941,376.809,-5.56,3.916,330,330,1,1,0,0
506.382,380.724,-5.56,3.916,335,335,1,1,0,0
500.822,384.64,-5.56,3.916,340,340,1,1,0,0
495.263,388.555,-5.56,3.916,345,345,1,1,0,0
489.703,392.471,-5.56,3.916,350,350,1,1,0,0
484.144,396.387,-5.56,3.916,355,355,1,1,0,0
478.584,400.302,-5.56,3.916,360,360,1,1,0,0
473.025,404.218,-5.56,3.916,365,365,1,1,0,0
467.465,408.133,-5.56,3.916,370,370,1,1,0,0
461.906,412.049,-5.56,3.916,375,375,1,1,0,0
456.346,415.965,-5.56,3.916,380,380,1,1,0,0
450.787,419.88,-5.56,3.916,385,385,1,1,0,0
445.227,423.796,-5.56,3.916,390,390,1,1,0,0
439.668,427.711,-5.56,3.916,395,395,1,1,0,0
434.108,431.627,-5.56,3.916,400,400,1,1,0,0
428.548,435.543,-5.56,3.916,405,405,1,1,0,0
422.989,439.458,-5.56,3.916,410,410,1,1,0,0
417.429,443.374,-5.56,3.916,415,415,1,1,0,0
411.87,447.289,-5.56,3.916,420,420,1,1,0,0
406.31,451.205,-5.56,3.916,425,425,1,1,0,0
400.751,455.12,-5.56,3.916,430,430,1,1,0,0
395.191,459.036,-5.56,3.916,435,435,1,1,0,0
389.632,462.952,-5.56,3.916,435,440,0,1,0,0
384.072,466.867,-5.56,3.916,435,445,0,1,0,0
378.513,470.783,-5.56,3.916,435,450,0,1,0,0
372.953,474.698,-5.56,3.916,435,455,0,1,0,0
367.394,478.614,-5.56,3.916,435,460,0,1,0,0
361.834,482.53,-5.56,3.916,435,465,0,1,0,0
356.275,486.445,-5.56,3.916,435,470,0,1,0,0
350.715,490.361,-5.56,3.916,435,475,0,1,0,0
345.156,494.276,-5.56,3.916,435,480,0,1,0,0
339.596,498.192,-5.56,3.916,435,485,0,1,0,0
334.037,502.108,-5.56,3.916,435,485,0,0,0,0
328.477,506.023,-5.56,3.916,435,485,0,0,0,0
322.918,509.939,-5.56,3.916,435,485,0,0,0,0
317.358,513.854,-5.56,3.916,435,485,0,0,0,0
311.799,517.77,-5.56,3.916,435,485,0,0,0,0
306.239,521.686,-5.56,3.916,435,485,0,0,0,0
300.68,525.601,-5.56,3.916,435,485,0,0,0,0
295.12,529.517,-5.56,3.916,435,485,0,0,0,0
289.561,533.432,-5.56,3.916,435,480,0,-1,0,0
284.001,537.348,-5.56,3.916,440,475,1,-1,0,0
278.442,541.263,-5.56,3.916,445,470,1,-1,0,0
272.882,545.179,-5.56,3.916,450,465,1,-1,0,0
267.323,549.095,-5.56,3.916,455,460,1,-1,0,0
261.763,553.01,-5.56,3.916,460,455,1,-1,0,0
256.204,556.926,-5.56,3.916,465,455,1,0,0,0
250.644,560.841,-5.56,3.916,470,455,1,0,0,0
245.085,564.757,-5.56,3.916,475,455,1,0,0,0
239.525,568.673,-5.56,3.916,480,455,1,0,0,0
233.966,572.588,-5.56,3.916,485,455,1,0,0,0
228.406,576.504,-5.56,3.916,490,455,1,0,0,0
222.847,580.419,-5.56,3.916,495,455,1,0,0,0
217.287,584.335,-5.56,3.916,500,455,1,0,0,0
211.728,588.251,-5.56,3.916,505,455,1,0,0,0
206.168,592.166,-5.56,3.916,510,455,1,0,0,0
200.609,594.0,-5.56,-3.916,515,455,1,0,0,0
195.049,590.084,-5.56,-3.916,520,455,1,0,0,0
189.49,586.169,-5.56,-3.916,520,455,1,0,0,0
183.93,582.253,-5.56,-3.916,520,455,1,0,0,0
178.371,578.338,-5.56,-3.916,520,455,1,0,0,0
172.811,574.422,-5.56,-3.916,520,455,1,0,0,0
167.252,570.506,-5.56,-3.916,520,455,1,0,0,0
161.692,566.591,-5.56,-3.916,520,455,1,0,0,0
156.133,562.675,-5.56,-3.916,520,455,1,0,0,0
150.573,558.76,-5.56,-3.916,520,455,1,0,0,0
145.014,554.844,-5.56,-3.916,520,455,1,0,0,0
139.454,550.928,-5.56,-3.916,520,455,1,0,0,0
133.895,547.013,-5.56,-3.916,520,455,1,0,0,0
128.335,543.097,-5.56,-3.916,520,455,0,0,0,0
122.775,539.182,-5.56,-3.916,520,455,0,0,0,0
117.216,535.266,-5.56,-3.916,520,455,0,0,0,0
111.656,531.351,-5.56,-3.916,520,455,0,0,0,0
106.097,527.435,-5.56,-3.916,520,455,0,0,0,0
100.537,523.519,-5.56,-3.916,520,455,0,0,0,0
94.978,519.604,-5.56,-3.916,520,455,0,0,0,0
89.418,515.688,-5.56,-3.916,520,455,0,0,0,0
83.859,511.773,-5.56,-3.916,520,455,0,0,0,0
78.299,507.857,-5.56,-3.916,520,455,0,0,0,0
72.74,503.941,-5.56,-3.916,520,455,0,0,0,0
67.18,500.026,-5.56,-3.916,520,455,0,0,0,0
61.621,496.11,-5.56,-3.916,515,450,-1,-1,0,0
56.061,492.195,-5.56,-3.916,510,445,-1,-1,0,0
50.502,488.279,-5.56,-3.916,505,440,-1,-1,0,0
44.942,484.363,-5.56,-3.916,500,435,-1,-1,0,0
39.383,480.448,-5.56,-3.916,495,430,-1,-1,0,0
33.823,476.532,-5.56,-3.916,490,425,-1,-1,0,0
28.264,472.617,-5.56,-3.916,485,420,-1,-1,0,0
22.704,468.701,-5.56,-3.916,480,415,-1,-1,0,0
17.145,464.785,-5.56,-3.916,475,410,-1,-1,0,0
11.585,460.87,-5.56,-3.916,470,405,-1,-1,0,0
6.026,456.954,-5.56,-3.916,465,400,-1,-1,0,0
0.466,453.039,-5.56,-3.916,460,395,-1,-1,0,0
-5.093,449.123,-5.56,-3.916,455,390,-1,-1,0,0
400.0,300.0,4.613,1.928,450,385,-1,-1,0,1
403.776,303.277,3.776,3.277,450,385,0,0,0,0
