ball_x,ball_y,ball_vx,ball_vy,left_y,right_y,left_action,right_action,left_scored,right_scored
404.229,302.668,4.229,2.668,260,260,0,0,0,0
408.458,305.336,4.229,2.668,260,260,0,0,0,0
412.686,308.004,4.229,2.668,260,260,0,0,0,0
416.915,310.672,4.229,2.668,260,260,0,0,0,0
421.144,313.339,4.229,2.668,260,260,0,0,0,0
425.373,316.007,4.229,2.668,260,260,0,0,0,0
429.601,318.675,4.229,2.668,260,260,0,0,0,0
433.83,321.343,4.229,2.668,260,260,0,0,0,0
438.059,324.011,4.229,2.668,260,260,0,0,0,0
442.288,326.679,4.229,2.668,260,260,0,0,0,0
446.516,329.347,4.229,2.668,260,260,0,0,0,0
450.745,332.015,4.229,2.668,260,260,0,0,0,0
454.974,334.683,4.229,2.668,260,260,0,0,0,0
459.203,337.35,4.229,2.668,260,260,0,0,0,0
463.431,340.018,4.229,2.668,260,260,0,0,0,0
467.66,342.686,4.229,2.668,260,260,0,0,0,0
471.889,345.354,4.229,2.668,260,260,0,0,0,0
476.118,348.022,4.229,2.668,260,260,0,0,0,0
480.346,350.69,4.229,2.668,260,260,0,0,0,0
484.575,353.358,4.229,2.668,260,260,0,0,0,0
488.804,356.026,4.229,2.668,260,260,0,0,0,0
493.033,358.694,4.229,2.668,260,260,0,0,0,0
497.261,361.361,4.229,2.668,260,260,0,0,0,0
501.49,364.029,4.229,2.668,260,260,0,0,0,0
505.719,366.697,4.229,2.668,260,260,0,0,0,0
509.948,369.365,4.229,2.668,260,260,0,0,0,0
514.176,372.033,4.229,2.668,260,260,0,0,0,0
518.405,374.701,4.229,2.668,260,260,0,0,0,0
522.634,377.369,4.229,2.668,260,260,0,0,0,0
526.863,380.037,4.229,2.668,260,255,0,-1,0,0
531.091,382.705,4.229,2.668,260,250,0,-1,0,0
535.32,385.372,4.229,2.668,260,245,0,-1,0,0
539.549,388.04,4.229,2.668,260,240,0,-1,0,0
543.778,390.708,4.229,2.668,260,235,0,-1,0,0
548.006,393.376,4.229,2.668,260,230,0,-1,0,0
552.235,396.044,4.229,2.668,260,225,0,-1,0,0
556.464,398.712,4.229,2.668,260,220,0,-1,0,0
560.693,401.38,4.229,2.668,260,220,0,0,0,0
564.921,404.048,4.229,2.668,260,220,0,0,0,0
569.15,406.716,4.229,2.668,260,225,0,1,0,0
573.379,409.383,4.229,2.668,260,230,0,1,0,0
577.608,412.051,4.229,2.668,260,235,0,1,0,0
581.836,414.719,4.229,2.668,260,240,0,1,0,0
586.065,417.387,4.229,2.668,260,245,0,1,0,0
590.294,420.055,4.229,2.668,260,250,0,1,0,0
594.523,422.723,4.229,2.668,260,255,0,1,0,0
598.752,425.391,4.229,2.668,260,260,0,1,0,0
602.98,428.059,4.229,2.668,260,265,0,1,0,0
607.209,430.726,4.229,2.668,260,270,0,1,0,0
611.438,433.394,4.229,2.668,260,275,0,1,0,0
615.667,436.062,4.229,2.668,260,280,0,1,0,0
619.895,438.73,4.229,2.668,260,285,0,1,0,0
624.124,441.398,4.229,2.668,260,290,0,1,0,0
628.353,444.066,4.229,2.668,260,295,0,1,0,0
632.582,446.734,4.229,2.668,260,300,0,1,0,0
636.81,449.402,4.229,2.668,260,305,0,1,0,0
641.039,452.07,4.229,2.668,260,310,0,1,0,0
645.268,454.737,4.229,2.668,260,315,0,1,0,0
649.497,457.405,4.229,2.668,260,320,0,1,0,0
653.725,460.073,4.229,2.668,260,325,0,1,0,0
657.954,462.741,4.229,2.668,260,330,0,1,0,0
662.183,465.409,4.229,2.668,260,335,0,1,0,0
666.412,468.077,4.229,2.668,260,340,0,1,0,0
670.64,470.745,4.229,2.668,260,345,0,1,0,0
674.869,473.413,4.229,2.668,260,350,0,1,0,0
679.098,476.081,4.229,2.668,260,355,0,1,0,0
683.327,478.748,4.229,2.668,260,360,0,1,0,0
687.555,481.416,4.229,2.668,260,365,0,1,0,0
691.784,484.084,4.229,2.668,260,370,0,1,0,0
696.013,486.752,4.229,2.668,260,375,0,1,0,0
700.242,489.42,4.229,2.668,260,380,0,1,0,0
704.47,492.088,4.229,2.668,260,385,0,1,0,0
708.699,494.756,4.229,2.668,260,390,0,1,0,0
712.928,497.424,4.229,2.668,260,395,0,1,0,0
717.157,500.092,4.229,2.668,260,400,0,1,0,0
721.385,502.759,4.229,2.668,260,405,0,1,0,0
725.614,505.427,4.229,2.668,260,410,0,1,0,0
729.843,508.095,4.229,2.668,260,415,0,1,0,0
734.072,510.763,4.229,2.668,260,420,0,1,0,0
738.3,513.431,4.229,2.668,260,425,0,1,0,0
742.529,516.099,4.229,2.668,260,430,0,1,0,0
746.758,518.767,4.229,2.668,260,435,0,1,0,0
750.987,521.435,4.229,2.668,260,440,0,1,0,0
751.0,524.103,-2.757,4.526,260,445,0,1,0,0
748.243,528.629,-2.757,4.526,260,450,0,1,0,0
745.486,533.155,-2.757,4.526,260,455,0,1,0,0
742.729,537.682,-2.757,4.526,260,460,0,1,0,0
739.972,542.208,-2.757,4.526,260,465,0,1,0,0
737.215,546.735,-2.757,4.526,260,470,0,1,0,0
734.457,551.261,-2.757,4.526,260,475,0,1,0,0
731.7,555.787,-2.757,4.526,260,480,0,1,0,0
728.943,560.314,-2.757,4.526,260,485,0,1,0,0
726.186,564.84,-2.757,4.526,260,490,0,1,0,0
723.429,569.367,-2.757,4.526,260,495,0,1,0,0
720.672,573.893,-2.757,4.526,260,500,0,1,0,0
717.915,578.42,-2.757,4.526,260,505,0,1,0,0
715.158,582.946,-2.757,4.526,260,510,0,1,0,0
712.401,587.472,-2.757,4.526,260,515,0,1,0,0
709.644,591.999,-2.757,4.526,260,520,0,1,0,0
706.886,594.0,-2.757,-4.526,260,520,0,1,0,0
704.129,589.474,-2.757,-4.526,260,520,0,1,0,0
701.372,584.947,-2.757,-4.526,260,520,0,1,0,0
698.615,580.421,-2.757,-4.526,260,520,0,1,0,0
695.858,575.894,-2.757,-4.526,255,520,-1,0,0,0
693.101,571.368,-2.757,-4.526,250,520,-1,0,0,0
690.344,566.842,-2.757,-4.526,245,520,-1,0,0,0
687.587,562.315,-2.757,-4.526,240,520,-1,0,0,0
684.83,557.789,-2.757,-4.526,235,520,-1,0,0,0
682.073,553.262,-2.757,-4.526,230,520,-1,0,0,0
679.315,548.736,-2.757,-4.526,225,520,-1,0,0,0
676.558,544.209,-2.757,-4.526,220,520,-1,0,0,0
673.801,539.683,-2.757,-4.526,215,520,-1,0,0,0
671.044,535.157,-2.757,-4.526,210,520,-1,0,0,0
668.287,530.63,-2.757,-4.526,205,520,-1,0,0,0
665.53,526.104,-2.757,-4.526,200,520,-1,0,0,0
662.773,521.577,-2.757,-4.526,200,520,0,0,0,0
660.016,517.051,-2.757,-4.526,200,520,0,0,0,0
657.259,512.525,-2.757,-4.526,200,520,0,0,0,0
654.502,507.998,-2.757,-4.526,200,520,0,0,0,0
651.744,503.472,-2.757,-4.526,200,520,0,0,0,0
648.987,498.945,-2.757,-4.526,200,520,0,0,0,0
646.23,494.419,-2.757,-4.526,200,520,0,0,0,0
643.473,489.893,-2.757,-4.526,200,520,0,0,0,0
640.716,485.366,-2.757,-4.526,200,520,0,0,0,0
637.959,480.84,-2.757,-4.526,200,520,0,0,0,0
635.202,476.313,-2.757,-4.526,200,520,0,0,0,0
632.445,471.787,-2.757,-4.526,200,520,0,0,0,0
629.688,467.26,-2.757,-4.526,200,520,0,0,0,0
626.931,462.734,-2.757,-4.526,200,520,0,0,0,0
624.173,458.208,-2.757,-4.526,200,520,0,0,0,0
621.416,453.681,-2.757,-4.526,200,520,0,0,0,0
618.659,449.155,-2.757,-4.526,200,520,0,0,0,0
615.902,444.628,-2.757,-4.526,200,520,0,0,0,0
613.145,440.102,-2.757,-4.526,200,520,0,0,0,0
610.388,435.576,-2.757,-4.526,200,520,0,0,0,0
607.631,431.049,-2.757,-4.526,200,520,0,0,0,0
604.874,426.523,-2.757,-4.526,200,520,0,0,0,0
602.117,421.996,-2.757,-4.526,200,520,0,0,0,0
599.36,417.47,-2.757,-4.526,200,520,0,0,0,0
596.602,412.944,-2.757,-4.526,200,520,0,0,0,0
593.845,408.417,-2.757,-4.526,200,515,0,-1,0,0
591.088,403.891,-2.757,-4.526,200,510,0,-1,0,0
588.331,399.364,-2.757,-4.526,195,505,-1,-1,0,0
585.574,394.838,-2.757,-4.526,190,500,-1,-1,0,0
582.817,390.311,-2.757,-4.526,185,495,-1,-1,0,0
580.06,385.785,-2.757,-4.526,180,490,-1,-1,0,0
577.303,381.259,-2.757,-4.526,175,485,-1,-1,0,0
574.546,376.732,-2.757,-4.526,170,480,-1,-1,0,0
571.789,372.206,-2.757,-4.526,165,475,-1,-1,0,0
569.031,367.679,-2.757,-4.526,160,470,-1,-1,0,0
566.274,363.153,-2.757,-4.526,160,465,0,-1,0,0
563.517,358.627,-2.757,-4.526,160,460,0,-1,0,0
560.76,354.1,-2.757,-4.526,160,455,0,-1,0,0
558.003,349.574,-2.757,-4.526,160,450,0,-1,0,0
555.246,345.047,-2.757,-4.526,160,445,0,-1,0,0
552.489,340.521,-2.757,-4.526,160,440,0,-1,0,0
549.732,335.995,-2.757,-4.526,160,435,0,-1,0,0
546.975,331.468,-2.757,-4.526,160,430,0,-1,0,0
544.218,326.942,-2.757,-4.526,160,425,0,-1,0,0
541.46,322.415,-2.757,-4.526,160,420,0,-1,0,0
538.703,317.889,-2.757,-4.526,160,415,0,-1,0,0
535.946,313.362,-2.757,-4.526,160,410,0,-1,0,0
533.189,308.836,-2.757,-4.526,155,405,-1,-1,0,0
530.432,304.31,-2.757,-4.526,150,400,-1,-1,0,0
527.675,299.783,-2.757,-4.526,145,395,-1,-1,0,0
524.918,295.257,-2.757,-4.526,140,390,-1,-1,0,0
522.161,290.73,-2.757,-4.526,135,385,-1,-1,0,0
519.404,286.204,-2.757,-4.526,130,380,-1,-1,0,0
516.647,281.678,-2.757,-4.526,125,375,-1,-1,0,0
513.889,277.151,-2.757,-4.526,120,370,-1,-1,0,0
511.132,272.625,-2.757,-4.526,120,365,0,-1,0,0
508.375,268.098,-2.757,-4.526,120,360,0,-1,0,0
505.618,263.572,-2.757,-4.526,120,355,0,-1,0,0
502.861,259.046,-2.757,-4.526,120,350,0,-1,0,0
500.104,254.519,-2.757,-4.526,120,345,0,-1,0,0
497.347,249.993,-2.757,-4.526,120,340,0,-1,0,0
494.59,245.466,-2.757,-4.526,120,335,0,-1,0,0
491.833,240.94,-2.757,-4.526,120,330,0,-1,0,0
489.076,236.413,-2.757,-4.526,120,325,0,-1,0,0
486.319,231.887,-2.757,-4.526,120,320,0,-1,0,0
483.561,227.361,-2.757,-4.526,120,315,0,-1,0,0
480.804,222.834,-2.757,-4.526,120,310,0,-1,0,0
478.047,218.308,-2.757,-4.526,120,305,0,-1,0,0
475.29,213.781,-2.757,-4.526,120,300,0,-1,0,0
472.533,209.255,-2.757,-4.526,120,295,0,-1,0,0
469.776,204.729,-2.757,-4.526,120,290,0,-1,0,0
467.019,200.202,-2.757,-4.526,120,285,0,-1,0,0
464.262,195.676,-2.757,-4.526,120,280,0,-1,0,0
461.505,191.149,-2.757,-4.526,120,275,0,-1,0,0
458.748,186.623,-2.757,-4.526,120,270,0,-1,0,0
455.99,182.097,-2.757,-4.526,120,265,0,-1,0,0
453.233,177.57,-2.757,-4.526,120,260,0,-1,0,0
450.476,173.044,-2.757,-4.526,120,255,0,-1,0,0
447.719,168.517,-2.757,-4.526,120,250,0,-1,0,0
444.962,163.991,-2.757,-4.526,120,245,0,-1,0,0
442.205,159.464,-2.757,-4.526,120,240,0,-1,0,0
439.448,154.938,-2.757,-4.526,120,235,0,-1,0,0
436.691,150.412,-2.757,-4.526,125,230,1,-1,0,0
433.934,145.885,-2.757,-4.526,130,225,1,-1,0,0
431.177,141.359,-2.757,-4.526,135,220,1,-1,0,0
428.419,136.832,-2.757,-4.526,140,215,1,-1,0,0
425.662,132.306,-2.757,-4.526,145,210,1,-1,0,0
422.905,127.78,-2.757,-4.526,150,205,1,-1,0,0
420.148,123.253,-2.757,-4.526,155,200,1,-1,0,0
417.391,118.727,-2.757,-4.526,160,195,1,-1,0,0
414.634,114.2,-2.757,-4.526,165,190,1,-1,0,0
411.877,109.674,-2.757,-4.526,165,185,0,-1,0,0
409.12,105.148,-2.757,-4.526,165,180,0,-1,0,0
406.363,100.621,-2.757,-4.526,165,175,0,-1,0,0
403.606,96.095,-2.757,-4.526,165,170,0,-1,0,0
400.848,91.568,-2.757,-4.526,165,165,0,-1,0,0
398.091,87.042,-2.757,-4.526,165,160,0,-1,0,0
395.334,82.515,-2.757,-4.526,165,155,0,-1,0,0
392.577,77.989,-2.757,-4.526,165,150,0,-1,0,0
389.82,73.463,-2.757,-4.526,165,145,0,-1,0,0
387.063,68.936,-2.757,-4.526,165,140,0,-1,0,0
384.306,64.41,-2.757,-4.526,165,135,0,-1,0,0
381.549,59.883,-2.757,-4.526,165,130,0,-1,0,0
378.792,55.357,-2.757,-4.526,165,125,0,-1,0,0
376.035,50.831,-2.757,-4.526,165,120,0,-1,0,0
373.277,46.304,-2.757,-4.526,165,115,0,-1,0,0
370.52,41.778,-2.757,-4.526,165,110,0,-1,0,0
367.763,37.251,-2.757,-4.526,165,105,0,-1,0,0
365.006,32.725,-2.757,-4.526,165,105,0,0,0,0
362.249,28.199,-2.757,-4.526,165,105,0,0,0,0
359.492,23.672,-2.757,-4.526,165,105,0,0,0,0
356.735,19.146,-2.757,-4.526,165,105,0,0,0,0
353.978,14.619,-2.757,-4.526,165,105,0,0,0,0
351.221,10.093,-2.757,-4.526,165,105,0,0,0,0
348.464,6.0,-2.757,4.526,165,105,0,0,0,0
345.706,10.526,-2.757,4.526,165,105,0,0,0,0
342.949,15.053,-2.757,4.526,165,105,0,0,0,0
340.192,19.579,-2.757,4.526,165,105,0,0,0,0
337.435,24.106,-2.757,4.526,165,105,0,0,0,0
334.678,28.632,-2.757,4.526,165,105,0,0,0,0
331.921,33.158,-2.757,4.526,165,105,0,0,0,0
329.164,37.685,-2.757,4.526,165,105,0,0,0,0
326.407,42.211,-2.757,4.526,165,105,0,0,0,0
323.65,46.738,-2.757,4.526,165,105,0,0,0,0
320.893,51.264,-2.757,4.526,165,105,0,0,0,0
318.135,55.791,-2.757,4.526,165,105,0,0,0,0
315.378,60.317,-2.757,4.526,165,105,0,0,0,0
312.621,64.843,-2.757,4.526,165,105,0,0,0,0
309.864,69.37,-2.757,4.526,165,105,0,0,0,0
307.107,73.896,-2.757,4.526,165,105,0,0,0,0
304.35,78.423,-2.757,4.526,165,105,0,0,0,0
301.593,82.949,-2.757,4.526,165,105,0,0,0,0
298.836,87.475,-2.757,4.526,165,105,0,0,0,0
296.079,92.002,-2.757,4.526,165,105,0,0,0,0
293.322,96.528,-2.757,4.526,165,105,0,0,0,0
290.564,101.055,-2.757,4.526,165,105,0,0,0,0
287.807,105.581,-2.757,4.526,165,105,0,0,0,0
285.05,110.107,-2.757,4.526,165,105,0,0,0,0
282.293,114.634,-2.757,4.526,165,105,0,0,0,0
279.536,119.16,-2.757,4.526,165,105,0,0,0,0
276.779,123.687,-2.757,4.526,165,105,0,0,0,0
274.022,128.213,-2.757,4.526,170,105,1,0,0,0
271.265,132.74,-2.757,4.526,175,105,1,0,0,0
268.508,137.266,-2.757,4.526,180,105,1,0,0,0
265.751,141.792,-2.757,4.526,185,105,1,0,0,0
262.993,146.319,-2.757,4.526,190,105,1,0,0,0
260.236,150.845,-2.757,4.526,195,105,1,0,0,0
257.479,155.372,-2.757,4.526,200,105,1,0,0,0
254.722,159.898,-2.757,4.526,205,105,1,0,0,0
251.965,164.424,-2.757,4.526,210,105,1,0,0,0
249.208,168.951,-2.757,4.526,210,105,0,0,0,0
246.451,173.477,-2.757,4.526,210,105,0,0,0,0
243.694,178.004,-2.757,4.526,210,105,0,0,0,0
240.937,182.53,-2.757,4.526,210,105,0,0,0,0
238.18,187.056,-2.757,4.526,210,105,0,0,0,0
235.422,191.583,-2.757,4.526,210,105,0,0,0,0
232.665,196.109,-2.757,4.526,210,105,0,0,0,0
229.908,200.636,-2.757,4.526,215,105,1,0,0,0
227.151,205.162,-2.757,4.526,220,105,1,0,0,0
224.394,209.689,-2.757,4.526,225,105,1,0,0,0
221.637,214.215,-2.757,4.526,230,110,1,1,0,0
218.88,218.741,-2.757,4.526,235,115,1,1,0,0
216.123,223.268,-2.757,4.526,240,120,1,1,0,0
213.366,227.794,-2.757,4.526,245,125,1,1,0,0
210.609,232.321,-2.757,4.526,250,130,1,1,0,0
207.852,236.847,-2.757,4.526,255,135,1,1,0,0
205.094,241.373,-2.757,4.526,260,140,1,1,0,0
202.337,245.9,-2.757,4.526,265,145,1,1,0,0
199.58,250.426,-2.757,4.526,270,150,1,1,0,0
196.823,254.953,-2.757,4.526,275,155,1,1,0,0
194.066,259.479,-2.757,4.526,280,160,1,1,0,0
191.309,264.005,-2.757,4.526,285,165,1,1,0,0
188.552,268.532,-2.757,4.526,290,170,1,1,0,0
185.795,273.058,-2.757,4.526,295,175,1,1,0,0
183.038,277.585,-2.757,4.526,300,180,1,1,0,0
180.281,282.111,-2.757,4.526,305,185,1,1,0,0
177.523,286.638,-2.757,4.526,305,190,0,1,0,0
174.766,291.164,-2.757,4.526,305,195,0,1,0,0
172.009,295.69,-2.757,4.526,305,200,0,1,0,0
169.252,300.217,-2.757,4.526,305,205,0,1,0,0
166.495,304.743,-2.757,4.526,305,210,0,1,0,0
163.738,309.27,-2.757,4.526,305,215,0,1,0,0
160.981,313.796,-2.757,4.526,305,220,0,1,0,0
158.224,318.322,-2.757,4.526,310,225,1,1,0,0
155.467,322.849,-2.757,4.526,315,230,1,1,0,0
152.71,327.375,-2.757,4.526,320,235,1,1,0,0
149.952,331.902,-2.757,4.526,325,240,1,1,0,0
147.195,336.428,-2.757,4.526,330,245,1,1,0,0
144.438,340.954,-2.757,4.526,335,250,1,1,0,0
141.681,345.481,-2.757,4.526,340,255,1,1,0,0
138.924,350.007,-2.757,4.526,345,260,1,1,0,0
136.167,354.534,-2.757,4.526,350,265,1,1,0,0
133.41,359.06,-2.757,4.526,355,270,1,1,0,0
130.653,363.587,-2.757,4.526,360,275,1,1,0,0
127.896,368.113,-2.757,4.526,365,280,1,1,0,0
125.139,372.639,-2.757,4.526,365,285,0,1,0,0
122.381,377.166,-2.757,4.526,365,290,0,1,0,0
119.624,381.692,-2.757,4.526,365,295,0,1,0,0
116.867,386.219,-2.757,4.526,365,300,0,1,0,0
114.11,390.745,-2.757,4.526,370,305,1,1,0,0
111.353,395.271,-2.757,4.526,375,310,1,1,0,0
108.596,399.798,-2.757,4.526,380,315,1,1,0,0
105.839,404.324,-2.757,4.526,385,320,1,1,0,0
103.082,408.851,-2.757,4.526,390,325,1,1,0,0
100.325,413.377,-2.757,4.526,395,330,1,1,0,0
97.568,417.903,-2.757,4.526,400,335,1,1,0,0
94.81,422.43,-2.757,4.526,405,340,1,1,0,0
92.053,426.956,-2.757,4.526,410,345,1,1,0,0
89.296,431.483,-2.757,4.526,415,350,1,1,0,0
86.539,436.009,-2.757,4.526,420,355,1,1,0,0
83.782,440.536,-2.757,4.526,425,360,1,1,0,0
81.025,445.062,-2.757,4.526,425,365,0,1,0,0
78.268,449.588,-2.757,4.526,425,370,0,1,0,0
75.511,454.115,-2.757,4.526,425,375,0,1,0,0
72.754,458.641,-2.757,4.526,425,380,0,1,0,0
69.997,463.168,-2.757,4.526,425,385,0,1,0,0
67.239,467.694,-2.757,4.526,425,390,0,1,0,0
64.482,472.22,-2.757,4.526,430,395,1,1,0,0
61.725,476.747,-2.757,4.526,435,400,1,1,0,0
58.968,481.273,-2.757,4.526,440,405,1,1,0,0
56.211,485.8,-2.757,4.526,445,410,1,1,0,0
53.454,490.326,-2.757,4.526,450,415,1,1,0,0
50.697,494.852,-2.757,4.526,455,420,1,1,0,0
49.0,499.379,5.599,-0.091,460,425,1,1,0,0
54.599,499.288,5.599,-0.091,465,430,1,1,0,0
60.199,499.197,5.599,-0.091,470,435,1,1,0,0
65.798,499.106,5.599,-0.091,475,440,1,1,0,0
71.397,499.015,5.599,-0.091,480,445,1,1,0,0
76.996,498.924,5.599,-0.091,485,450,1,1,0,0
82.596,498.833,5.599,-0.091,490,450,1,0,0,0
88.195,498.742,5.599,-0.091,495,450,1,0,0,0
93.794,498.65,5.599,-0.091,500,450,1,0,0,0
99.393,498.559,5.599,-0.091,505,450,1,0,0,0
104.993,498.468,5.599,-0.091,505,450,0,0,0,0
110.592,498.377,5.599,-0.091,505,450,0,0,0,0
116.191,498.286,5.599,-0.091,505,450,0,0,0,0
121.79,498.195,5.599,-0.091,505,450,0,0,0,0
127.39,498.104,5.599,-0.091,505,450,0,0,0,0
132.989,498.013,5.599,-0.091,505,450,0,0,0,0
138.588,497.922,5.599,-0.091,505,450,0,0,0,0
144.187,497.831,5.599,-0.091,505,450,0,0,0,0
149.787,497.74,5.599,-0.091,505,450,0,0,0,0
155.386,497.649,5.599,-0.091,505,450,0,0,0,0
160.985,497.558,5.599,-0.091,505,450,0,0,0,0
166.584,497.467,5.599,-0.091,505,450,0,0,0,0
172.184,497.376,5.599,-0.091,505,450,0,0,0,0
177.783,497.285,5.599,-0.091,505,450,0,0,0,0
183.382,497.194,5.599,-0.091,505,450,0,0,0,0
188.981,497.103,5.599,-0.091,505,450,0,0,0,0
194.581,497.012,5.599,-0.091,505,450,0,0,0,0
200.18,496.92,5.599,-0.091,505,450,0,0,0,0
205.779,496.829,5.599,-0.091,505,450,0,0,0,0
211.379,496.738,5.599,-0.091,505,450,0,0,0,0
216.978,496.647,5.599,-0.091,505,450,0,0,0,0
222.577,496.556,5.599,-0.091,505,450,0,0,0,0
228.176,496.465,5.599,-0.091,505,450,0,0,0,0
233.776,496.374,5.599,-0.091,505,450,0,0,0,0
239.375,496.283,5.599,-0.091,505,450,0,0,0,0
244.974,496.192,5.599,-0.091,505,450,0,0,0,0
250.573,496.101,5.599,-0.091,505,450,0,0,0,0
256.173,496.01,5.599,-0.091,505,450,0,0,0,0
261.772,495.919,5.599,-0.091,505,450,0,0,0,0
267.371,495.828,5.599,-0.091,505,450,0,0,0,0
272.97,495.737,5.599,-0.091,505,450,0,0,0,0
278.57,495.646,5.599,-0.091,505,450,0,0,0,0
284.169,495.555,5.599,-0.091,505,450,0,0,0,0
289.768,495.464,5.599,-0.091,505,450,0,0,0,0
295.367,495.373,5.599,-0.091,505,450,0,0,0,0
300.967,495.282,5.599,-0.091,505,450,0,0,0,0
306.566,495.19,5.599,-0.091,505,450,0,0,0,0
312.165,495.099,5.599,-0.091,505,450,0,0,0,0
317.764,495.008,5.599,-0.091,505,450,0,0,0,0
323.364,494.917,5.599,-0.091,505,450,0,0,0,0
328.963,494.826,5.599,-0.091,505,450,0,0,0,0
334.562,494.735,5.599,-0.091,505,450,0,0,0,0
340.162,494.644,5.599,-0.091,505,450,0,0,0,0
345.761,494.553,5.599,-0.091,505,450,0,0,0,0
351.36,494.462,5.599,-0.091,505,450,0,0,0,0
356.959,494.371,5.599,-0.091,505,450,0,0,0,0
362.559,494.28,5.599,-0.091,505,450,0,0,0,0
368.158,494.189,5.599,-0.091,505,455,0,1,0,0
373.757,494.098,5.599,-0.091,505,460,0,1,0,0
379.356,494.007,5.599,-0.091,505,465,0,1,0,0
384.956,493.916,5.599,-0.091,505,470,0,1,0,0
390.555,493.825,5.599,-0.091,505,475,0,1,0,0
396.154,493.734,5.599,-0.091,505,480,0,1,0,0
401.753,493.643,5.599,-0.091,505,485,0,1,0,0
407.353,493.551,5.599,-0.091,505,490,0,1,0,0
412.952,493.46,5.599,-0.091,505,490,0,0,0,0
418.551,493.369,5.599,-0.091,505,490,0,0,0,0
424.15,493.278,5.599,-0.091,505,490,0,0,0,0
429.75,493.187,5.599,-0.091,505,490,0,0,0,0
435.349,493.096,5.599,-0.091,500,490,-1,0,0,0
440.948,493.005,5.599,-0.091,495,490,-1,0,0,0
446.547,492.914,5.599,-0.091,490,490,-1,0,0,0
452.147,492.823,5.599,-0.091,485,490,-1,0,0,0
457.746,492.732,5.599,-0.091,480,490,-1,0,0,0
463.345,492.641,5.599,-0.091,475,490,-1,0,0,0
468.944,492.55,5.599,-0.091,470,490,-1,0,0,0
474.544,492.459,5.599,-0.091,465,490,-1,0,0,0
480.143,492.368,5.599,-0.091,460,490,-1,0,0,0
485.742,492.277,5.599,-0.091,455,490,-1,0,0,0
491.342,492.186,5.599,-0.091,450,490,-1,0,0,0
496.941,492.095,5.599,-0.091,445,490,-1,0,0,0
502.54,492.004,5.599,-0.091,440,490,-1,0,0,0
508.139,491.913,5.599,-0.091,435,490,-1,0,0,0
513.739,491.821,5.599,-0.091,435,490,0,0,0,0
519.338,491.73,5.599,-0.091,435,490,0,0,0,0
524.937,491.639,5.599,-0.091,435,490,0,0,0,0
530.536,491.548,5.599,-0.091,435,490,0,0,0,0
536.136,491.457,5.599,-0.091,435,490,0,0,0,0
541.735,491.366,5.599,-0.091,435,490,0,0,0,0
547.334,491.275,5.599,-0.091,435,490,0,0,0,0
552.933,491.184,5.599,-0.091,435,490,0,0,0,0
558.533,491.093,5.599,-0.091,435,490,0,0,0,0
564.132,491.002,5.599,-0.091,435,490,0,0,0,0
569.731,490.911,5.599,-0.091,435,490,0,0,0,0
575.33,490.82,5.599,-0.091,435,490,0,0,0,0
580.93,490.729,5.599,-0.091,435,490,0,0,0,0
586.529,490.638,5.599,-0.091,435,490,0,0,0,0
592.128,490.547,5.599,-0.091,435,490,0,0,0,0
597.727,490.456,5.599,-0.091,435,490,0,0,0,0
603.327,490.365,5.599,-0.091,435,490,0,0,0,0
608.926,490.274,5.599,-0.091,435,490,0,0,0,0
614.525,490.183,5.599,-0.091,435,490,0,0,0,0
620.124,490.091,5.599,-0.091,435,490,0,0,0,0
625.724,490.0,5.599,-0.091,435,490,0,0,0,0
631.323,489.909,5.599,-0.091,435,490,0,0,0,0
636.922,489.818,5.599,-0.091,435,490,0,0,0,0
642.522,489.727,5.599,-0.091,435,490,0,0,0,0
648.121,489.636,5.599,-0.091,435,490,0,0,0,0
653.72,489.545,5.599,-0.091,435,490,0,0,0,0
659.319,489.454,5.599,-0.091,435,490,0,0,0,0
664.919,489.363,5.599,-0.091,435,490,0,0,0,0
670.518,489.272,5.599,-0.091,435,490,0,0,0,0
676.117,489.181,5.599,-0.091,435,490,0,0,0,0
681.716,489.09,5.599,-0.091,435,490,0,0,0,0
687.316,488.999,5.599,-0.091,435,490,0,0,0,0
692.915,488.908,5.599,-0.091,435,485,0,-1,0,0
698.514,488.817,5.599,-0.091,435,480,0,-1,0,0
704.113,488.726,5.599,-0.091,435,475,0,-1,0,0
709.713,488.635,5.599,-0.091,435,470,0,-1,0,0
715.312,488.544,5.599,-0.091,435,465,0,-1,0,0
720.911,488.453,5.599,-0.091,435,460,0,-1,0,0
726.51,488.361,5.599,-0.091,435,460,0,0,0,0
732.11,488.27,5.599,-0.091,435,460,0,0,0,0
737.709,488.179,5.599,-0.091,435,460,0,0,0,0
743.308,488.088,5.599,-0.091,435,460,0,0,0,0
748.907,487.997,5.599,-0.091,435,460,0,0,0,0
751.0,487.906,-5.607,-1.837,435,460,0,0,0,0
745.393,486.069,-5.607,-1.837,435,460,0,0,0,0
739.787,484.232,-5.607,-1.837,435,460,0,0,0,0
734.18,482.395,-5.607,-1.837,435,460,0,0,0,0
728.573,480.558,-5.607,-1.837,435,460,0,0,0,0
722.966,478.721,-5.607,-1.837,435,460,0,0,0,0
717.36,476.884,-5.607,-1.837,435,460,0,0,0,0
711.753,475.047,-5.607,-1.837,435,460,0,0,0,0
706.146,473.21,-5.607,-1.837,435,460,0,0,0,0
700.539,471.373,-5.607,-1.837,435,460,0,0,0,0
694.933,469.536,-5.607,-1.837,435,460,0,0,0,0
689.326,467.699,-5.607,-1.837,435,460,0,0,0,0
683.719,465.862,-5.607,-1.837,435,460,0,0,0,0
678.112,464.026,-5.607,-1.837,435,460,0,0,0,0
672.506,462.189,-5.607,-1.837,430,460,-1,0,0,0
666.899,460.352,-5.607,-1.837,425,460,-1,0,0,0
661.292,458.515,-5.607,-1.837,420,460,-1,0,0,0
655.685,456.678,-5.607,-1.837,415,460,-1,0,0,0
650.079,454.841,-5.607,-1.837,410,460,-1,0,0,0
644.472,453.004,-5.607,-1.837,405,460,-1,0,0,0
638.865,451.167,-5.607,-1.837,400,460,-1,0,0,0
633.258,449.33,-5.607,-1.837,395,460,-1,0,0,0
627.652,447.493,-5.607,-1.837,390,460,-1,0,0,0
622.045,445.656,-5.607,-1.837,385,460,-1,0,0,0
616.438,443.819,-5.607,-1.837,380,460,-1,0,0,0
610.832,441.982,-5.607,-1.837,375,460,-1,0,0,0
605.225,440.145,-5.607,-1.837,370,460,-1,0,0,0
599.618,438.308,-5.607,-1.837,365,460,-1,0,0,0
594.011,436.471,-5.607,-1.837,365,460,0,0,0,0
588.405,434.634,-5.607,-1.837,365,460,0,0,0,0
582.798,432.797,-5.607,-1.837,365,455,0,-1,0,0
577.191,430.96,-5.607,-1.837,365,450,0,-1,0,0
571.584,429.123,-5.607,-1.837,365,445,0,-1,0,0
565.978,427.286,-5.607,-1.837,365,440,0,-1,0,0
560.371,425.449,-5.607,-1.837,365,435,0,-1,0,0
554.764,423.612,-5.607,-1.837,365,430,0,-1,0,0
549.157,421.775,-5.607,-1.837,365,425,0,-1,0,0
543.551,419.938,-5.607,-1.837,365,420,0,-1,0,0
537.944,418.101,-5.607,-1.837,365,415,0,-1,0,0
532.337,416.264,-5.607,-1.837,365,410,0,-1,0,0
526.73,414.427,-5.607,-1.837,365,405,0,-1,0,0
521.124,412.59,-5.607,-1.837,365,400,0,-1,0,0
515.517,410.753,-5.607,-1.837,365,395,0,-1,0,0
509.91,408.916,-5.607,-1.837,365,390,0,-1,0,0
504.303,407.079,-5.607,-1.837,365,385,0,-1,0,0
498.697,405.242,-5.607,-1.837,365,380,0,-1,0,0
493.09,403.405,-5.607,-1.837,365,375,0,-1,0,0
487.483,401.568,-5.607,-1.837,365,370,0,-1,0,0
481.877,399.731,-5.607,-1.837,365,365,0,-1,0,0
476.27,397.894,-5.607,-1.837,365,360,0,-1,0,0
470.663,396.057,-5.607,-1.837,365,355,0,-1,0,0
465.056,394.22,-5.607,-1.837,365,350,0,-1,0,0
459.45,392.383,-5.607,-1.837,365,345,0,-1,0,0
453.843,390.547,-5.607,-1.837,360,340,-1,-1,0,0
448.236,388.71,-5.607,-1.837,355,335,-1,-1,0,0
442.629,386.873,-5.607,-1.837,350,330,-1,-1,0,0
437.023,385.036,-5.607,-1.837,345,325,-1,-1,0,0
431.416,383.199,-5.607,-1.837,340,320,-1,-1,0,0
425.809,381.362,-5.607,-1.837,335,315,-1,-1,0,0
420.202,379.525,-5.607,-1.837,330,310,-1,-1,0,0
414.596,377.688,-5.607,-1.837,325,305,-1,-1,0,0
408.989,375.851,-5.607,-1.837,320,300,-1,-1,0,0
403.382,374.014,-5.607,-1.837,315,295,-1,-1,0,0
397.775,372.177,-5.607,-1.837,310,290,-1,-1,0,0
392.169,370.34,-5.607,-1.837,305,285,-1,-1,0,0
386.562,368.503,-5.607,-1.837,305,280,0,-1,0,0
380.955,366.666,-5.607,-1.837,305,275,0,-1,0,0
375.348,364.829,-5.607,-1.837,305,270,0,-1,0,0
369.742,362.992,-5.607,-1.837,305,265,0,-1,0,0
364.135,361.155,-5.607,-1.837,305,260,0,-1,0,0
358.528,359.318,-5.607,-1.837,305,255,0,-1,0,0
352.922,357.481,-5.607,-1.837,305,250,0,-1,0,0
347.315,355.644,-5.607,-1.837,305,245,0,-1,0,0
341.708,353.807,-5.607,-1.837,305,240,0,-1,0,0
336.101,351.97,-5.607,-1.837,305,235,0,-1,0,0
330.495,350.133,-5.607,-1.837,305,230,0,-1,0,0
324.888,348.296,-5.607,-1.837,300,225,-1,-1,0,0
319.281,346.459,-5.607,-1.837,295,220,-1,-1,0,0
313.674,344.622,-5.607,-1.837,290,215,-1,-1,0,0
308.068,342.785,-5.607,-1.837,285,210,-1,-1,0,0
302.461,340.948,-5.607,-1.837,280,205,-1,-1,0,0
296.854,339.111,-5.607,-1.837,275,205,-1,0,0,0
291.247,337.274,-5.607,-1.837,270,205,-1,0,0,0
285.641,335.437,-5.607,-1.837,265,205,-1,0,0,0
280.034,333.6,-5.607,-1.837,260,205,-1,0,0,0
274.427,331.763,-5.607,-1.837,255,205,-1,0,0,0
268.82,329.926,-5.607,-1.837,250,205,-1,0,0,0
263.214,328.089,-5.607,-1.837,245,205,-1,0,0,0
257.607,326.252,-5.607,-1.837,245,205,0,0,0,0
252.0,324.415,-5.607,-1.837,245,205,0,0,0,0
246.393,322.578,-5.607,-1.837,245,205,0,0,0,0
240.787,320.741,-5.607,-1.837,245,205,0,0,0,0
235.18,318.904,-5.607,-1.837,245,205,0,0,0,0
229.573,317.068,-5.607,-1.837,245,205,0,0,0,0
223.967,315.231,-5.607,-1.837,245,205,0,0,0,0
218.36,313.394,-5.607,-1.837,245,205,0,0,0,0
212.753,311.557,-5.607,-1.837,245,205,0,0,0,0
207.146,309.72,-5.607,-1.837,245,205,0,0,0,0
201.54,307.883,-5.607,-1.837,245,205,0,0,0,0
195.933,306.046,-5.607,-1.837,245,205,0,0,0,0
190.326,304.209,-5.607,-1.837,245,205,0,0,0,0
184.719,302.372,-5.607,-1.837,245,205,0,0,0,0
179.113,300.535,-5.607,-1.837,245,205,0,0,0,0
173.506,298.698,-5.607,-1.837,245,205,0,0,0,0
167.899,296.861,-5.607,-1.837,245,205,0,0,0,0
162.292,295.024,-5.607,-1.837,245,205,0,0,0,0
156.686,293.187,-5.607,-1.837,245,205,0,0,0,0
151.079,291.35,-5.607,-1.837,245,205,0,0,0,0
145.472,289.513,-5.607,-1.837,245,205,0,0,0,0
139.865,287.676,-5.607,-1.837,245,205,0,0,0,0
134.259,285.839,-5.607,-1.837,245,205,0,0,0,0
128.652,284.002,-5.607,-1.837,245,205,0,0,0,0
123.045,282.165,-5.607,-1.837,245,205,0,0,0,0
117.438,280.328,-5.607,-1.837,245,205,0,0,0,0
111.832,278.491,-5.607,-1.837,245,205,0,0,0,0
106.225,276.654,-5.607,-1.837,245,205,0,0,0,0
100.618,274.817,-5.607,-1.837,245,205,0,0,0,0
95.012,272.98,-5.607,-1.837,245,205,0,0,0,0
89.405,271.143,-5.607,-1.837,245,205,0,0,0,0
83.798,269.306,-5.607,-1.837,245,205,0,0,0,0
78.191,267.469,-5.607,-1.837,245,205,0,0,0,0
72.585,265.632,-5.607,-1.837,245,205,0,0,0,0
66.978,263.795,-5.607,-1.837,245,205,0,0,0,0
61.371,261.958,-5.607,-1.837,245,205,0,0,0,0
55.764,260.121,-5.607,-1.837,245,205,0,0,0,0
50.158,258.284,-5.607,-1.837,245,205,0,0,0,0
49.0,256.447,4.547,-4.215,245,205,0,0,0,0
53.547,252.232,4.547,-4.215,245,205,0,0,0,0
58.094,248.018,4.547,-4.215,245,205,0,0,0,0
62.641,243.803,4.547,-4.215,245,205,0,0,0,0
67.188,239.588,4.547,-4.215,245,205,0,0,0,0
71.735,235.373,4.547,-4.215,245,200,0,-1,0,0
76.282,231.158,4.547,-4.215,245,195,0,-1,0,0
80.829,226.943,4.547,-4.215,245,190,0,-1,0,0
85.376,222.729,4.547,-4.215,245,185,0,-1,0,0
89.923,218.514,4.547,-4.215,245,180,0,-1,0,0
94.47,214.299,4.547,-4.215,245,175,0,-1,0,0
99.017,210.084,4.547,-4.215,245,170,0,-1,0,0
103.564,205.869,4.547,-4.215,245,165,0,-1,0,0
108.111,201.654,4.547,-4.215,245,160,0,-1,0,0
112.658,197.44,4.547,-4.215,245,155,0,-1,0,0
117.205,193.225,4.547,-4.215,245,150,0,-1,0,0
121.752,189.01,4.547,-4.215,245,145,0,-1,0,0
126.299,184.795,4.547,-4.215,245,140,0,-1,0,0
130.846,180.58,4.547,-4.215,245,135,0,-1,0,0
135.393,176.365,4.547,-4.215,245,130,0,-1,0,0
139.94,172.151,4.547,-4.215,245,125,0,-1,0,0
144.487,167.936,4.547,-4.215,245,120,0,-1,0,0
149.034,163.721,4.547,-4.215,245,115,0,-1,0,0
153.581,159.506,4.547,-4.215,245,110,0,-1,0,0
158.128,155.291,4.547,-4.215,245,105,0,-1,0,0
162.675,151.076,4.547,-4.215,245,100,0,-1,0,0
167.222,146.862,4.547,-4.215,245,95,0,-1,0,0
171.769,142.647,4.547,-4.215,245,90,0,-1,0,0
176.316,138.432,4.547,-4.215,245,85,0,-1,0,0
180.863,134.217,4.547,-4.215,245,80,0,-1,0,0
185.41,130.002,4.547,-4.215,245,75,0,-1,0,0
189.957,125.787,4.547,-4.215,245,70,0,-1,0,0
194.504,121.573,4.547,-4.215,245,65,0,-1,0,0
199.051,117.358,4.547,-4.215,245,60,0,-1,0,0
203.598,113.143,4.547,-4.215,245,55,0,-1,0,0
208.145,108.928,4.547,-4.215,245,50,0,-1,0,0
212.692,104.713,4.547,-4.215,245,45,0,-1,0,0
217.239,100.498,4.547,-4.215,245,40,0,-1,0,0
221.786,96.283,4.547,-4.215,245,35,0,-1,0,0
226.333,92.069,4.547,-4.215,240,30,-1,-1,0,0
230.88,87.854,4.547,-4.215,235,25,-1,-1,0,0
235.427,83.639,4.547,-4.215,230,25,-1,0,0,0
239.974,79.424,4.547,-4.215,225,25,-1,0,0,0
244.521,75.209,4.547,-4.215,220,25,-1,0,0,0
249.068,70.994,4.547,-4.215,215,25,-1,0,0,0
253.615,66.78,4.547,-4.215,210,25,-1,0,0,0
258.162,62.565,4.547,-4.215,205,25,-1,0,0,0
262.709,58.35,4.547,-4.215,200,25,-1,0,0,0
267.256,54.135,4.547,-4.215,195,25,-1,0,0,0
271.803,49.92,4.547,-4.215,190,30,-1,1,0,0
276.35,45.705,4.547,-4.215,185,35,-1,1,0,0
280.897,41.491,4.547,-4.215,180,40,-1,1,0,0
285.444,37.276,4.547,-4.215,180,45,0,1,0,0
289.991,33.061,4.547,-4.215,180,50,0,1,0,0
294.538,28.846,4.547,-4.215,180,55,0,1,0,0
299.085,24.631,4.547,-4.215,180,60,0,1,0,0
303.632,20.416,4.547,-4.215,180,65,0,1,0,0
308.179,16.202,4.547,-4.215,180,70,0,1,0,0
312.726,11.987,4.547,-4.215,180,75,0,1,0,0
317.273,7.772,4.547,-4.215,180,80,0,1,0,0
321.82,6.0,4.547,4.215,180,85,0,1,0,0
326.367,10.215,4.547,4.215,180,90,0,1,0,0
330.914,14.43,4.547,4.215,180,95,0,1,0,0
335.461,18.645,4.547,4.215,180,100,0,1,0,0
340.007,22.859,4.547,4.215,180,105,0,1,0,0
344.554,27.074,4.547,4.215,180,110,0,1,0,0
349.101,31.289,4.547,4.215,180,115,0,1,0,0
353.648,35.504,4.547,4.215,180,120,0,1,0,0
358.195,39.719,4.547,4.215,180,125,0,1,0,0
362.742,43.934,4.547,4.215,180,130,0,1,0,0
367.289,48.148,4.547,4.215,180,135,0,1,0,0
371.836,52.363,4.547,4.215,180,140,0,1,0,0
376.383,56.578,4.547,4.215,180,145,0,1,0,0
380.93,60.793,4.547,4.215,180,150,0,1,0,0
385.477,65.008,4.547,4.215,180,155,0,1,0,0
390.024,69.223,4.547,4.215,185,160,1,1,0,0
394.571,73.437,4.547,4.215,190,165,1,1,0,0
399.118,77.652,4.547,4.215,195,170,1,1,0,0
403.665,81.867,4.547,4.215,200,175,1,1,0,0
408.212,86.082,4.547,4.215,205,180,1,1,0,0
412.759,90.297,4.547,4.215,210,185,1,1,0,0
417.306,94.512,4.547,4.215,215,190,1,1,0,0
421.853,98.726,4.547,4.215,220,195,1,1,0,0
426.4,102.941,4.547,4.215,225,200,1,1,0,0
430.947,107.156,4.547,4.215,225,205,0,1,0,0
435.494,111.371,4.547,4.215,225,210,0,1,0,0
440.041,115.586,4.547,4.215,225,215,0,1,0,0
444.588,119.801,4.547,4.215,225,220,0,1,0,0
449.135,124.015,4.547,4.215,225,225,0,1,0,0
453.682,128.23,4.547,4.215,225,230,0,1,0,0
458.229,132.445,4.547,4.215,225,235,0,1,0,0
462.776,136.66,4.547,4.215,225,240,0,1,0,0
467.323,140.875,4.547,4.215,225,245,0,1,0,0
471.87,145.09,4.547,4.215,225,250,0,1,0,0
476.417,149.305,4.547,4.215,225,255,0,1,0,0
480.964,153.519,4.547,4.215,225,260,0,1,0,0
485.511,157.734,4.547,4.215,230,265,1,1,0,0
490.058,161.949,4.547,4.215,235,270,1,1,0,0
494.605,166.164,4.547,4.215,240,275,1,1,0,0
499.152,170.379,4.547,4.215,245,280,1,1,0,0
503.699,174.594,4.547,4.215,250,285,1,1,0,0
508.246,178.808,4.547,4.215,255,290,1,1,0,0
512.793,183.023,4.547,4.215,260,295,1,1,0,0
517.34,187.238,4.547,4.215,260,300,0,1,0,0
521.887,191.453,4.547,4.215,260,305,0,1,0,0
526.434,195.668,4.547,4.215,260,310,0,1,0,0
530.981,199.883,4.547,4.215,260,315,0,1,0,0
535.528,204.097,4.547,4.215,260,320,0,1,0,0
540.075,208.312,4.547,4.215,260,325,0,1,0,0
544.622,212.527,4.547,4.215,260,330,0,1,0,0
549.169,216.742,4.547,4.215,260,335,0,1,0,0
553.716,220.957,4.547,4.215,260,335,0,0,0,0
558.263,225.172,4.547,4.215,260,335,0,0,0,0
562.81,229.386,4.547,4.215,260,335,0,0,0,0
567.357,233.601,4.547,4.215,260,335,0,0,0,0
571.904,237.816,4.547,4.215,260,335,0,0,0,0
576.451,242.031,4.547,4.215,260,335,0,0,0,0
580.998,246.246,4.547,4.215,260,335,0,0,0,0
585.545,250.461,4.547,4.215,260,335,0,0,0,0
590.092,254.675,4.547,4.215,260,335,0,0,0,0
594.639,258.89,4.547,4.215,260,335,0,0,0,0
599.186,263.105,4.547,4.215,260,335,0,0,0,0
603.733,267.32,4.547,4.215,260,335,0,0,0,0
608.28,271.535,4.547,4.215,260,335,0,0,0,0
612.827,275.75,4.547,4.215,260,335,0,0,0,0
617.374,279.964,4.547,4.215,260,335,0,0,0,0
621.921,284.179,4.547,4.215,260,335,0,0,0,0
626.468,288.394,4.547,4.215,260,335,0,0,0,0
631.015,292.609,4.547,4.215,260,335,0,0,0,0
635.562,296.824,4.547,4.215,260,335,0,0,0,0
640.109,301.039,4.547,4.215,260,335,0,0,0,0
644.656,305.254,4.547,4.215,260,335,0,0,0,0
649.203,309.468,4.547,4.215,260,335,0,0,0,0
653.75,313.683,4.547,4.215,260,335,0,0,0,0
658.297,317.898,4.547,4.215,260,335,0,0,0,0
662.844,322.113,4.547,4.215,260,335,0,0,0,0
667.391,326.328,4.547,4.215,260,335,0,0,0,0
671.938,330.543,4.547,4.215,260,335,0,0,0,0
676.485,334.757,4.547,4.215,260,335,0,0,0,0
681.032,338.972,4.547,4.215,260,335,0,0,0,0
685.579,343.187,4.547,4.215,260,335,0,0,0,0
690.126,347.402,4.547,4.215,260,335,0,0,0,0
694.673,351.617,4.547,4.215,260,340,0,1,0,0
699.22,355.832,4.547,4.215,260,345,0,1,0,0
703.767,360.046,4.547,4.215,260,350,0,1,0,0
708.314,364.261,4.547,4.215,260,355,0,1,0,0
712.861,368.476,4.547,4.215,260,360,0,1,0,0
717.408,372.691,4.547,4.215,260,365,0,1,0,0
721.955,376.906,4.547,4.215,260,370,0,1,0,0
726.502,381.121,4.547,4.215,260,375,0,1,0,0
731.049,385.335,4.547,4.215,260,375,0,0,0,0
735.596,389.55,4.547,4.215,260,375,0,0,0,0
740.143,393.765,4.547,4.215,260,375,0,0,0,0
744.69,397.98,4.547,4.215,260,375,0,0,0,0
749.237,402.195,4.547,4.215,260,375,0,0,0,0
751.0,406.41,-6.336,-1.45,260,375,0,0,0,0
744.664,404.96,-6.336,-1.45,260,375,0,0,0,0
738.327,403.511,-6.336,-1.45,260,375,0,0,0,0
731.991,402.061,-6.336,-1.45,265,375,1,0,0,0
725.655,400.612,-6.336,-1.45,270,375,1,0,0,0
719.318,399.162,-6.336,-1.45,275,375,1,0,0,0
712.982,397.713,-6.336,-1.45,280,380,1,1,0,0
706.646,396.263,-6.336,-1.45,285,385,1,1,0,0
700.309,394.813,-6.336,-1.45,290,390,1,1,0,0
693.973,393.364,-6.336,-1.45,295,395,1,1,0,0
687.637,391.914,-6.336,-1.45,300,400,1,1,0,0
681.301,390.465,-6.336,-1.45,305,405,1,1,0,0
674.964,389.015,-6.336,-1.45,310,410,1,1,0,0
668.628,387.566,-6.336,-1.45,315,415,1,1,0,0
662.292,386.116,-6.336,-1.45,315,420,0,1,0,0
655.955,384.667,-6.336,-1.45,315,425,0,1,0,0
649.619,383.217,-6.336,-1.45,315,430,0,1,0,0
643.283,381.768,-6.336,-1.45,315,435,0,1,0,0
636.946,380.318,-6.336,-1.45,315,440,0,1,0,0
630.61,378.869,-6.336,-1.45,315,445,0,1,0,0
624.274,377.419,-6.336,-1.45,315,450,0,1,0,0
617.937,375.97,-6.336,-1.45,315,455,0,1,0,0
611.601,374.52,-6.336,-1.45,315,455,0,0,0,0
605.265,373.071,-6.336,-1.45,315,455,0,0,0,0
598.928,371.621,-6.336,-1.45,315,455,0,0,0,0
592.592,370.172,-6.336,-1.45,315,455,0,0,0,0
586.256,368.722,-6.336,-1.45,315,455,0,0,0,0
579.92,367.272,-6.336,-1.45,315,455,0,0,0,0
573.583,365.823,-6.336,-1.45,315,455,0,0,0,0
567.247,364.373,-6.336,-1.45,315,455,0,0,0,0
560.911,362.924,-6.336,-1.45,315,450,0,-1,0,0
554.574,361.474,-6.336,-1.45,315,445,0,-1,0,0
548.238,360.025,-6.336,-1.45,315,440,0,-1,0,0
541.902,358.575,-6.336,-1.45,315,435,0,-1,0,0
535.565,357.126,-6.336,-1.45,315,430,0,-1,0,0
529.229,355.676,-6.336,-1.45,315,425,0,-1,0,0
522.893,354.227,-6.336,-1.45,315,420,0,-1,0,0
516.556,352.777,-6.336,-1.45,315,415,0,-1,0,0
510.22,351.328,-6.336,-1.45,310,410,-1,-1,0,0
503.884,349.878,-6.336,-1.45,305,405,-1,-1,0,0
497.547,348.429,-6.336,-1.45,300,400,-1,-1,0,0
491.211,346.979,-6.336,-1.45,295,395,-1,-1,0,0
484.875,345.53,-6.336,-1.45,290,390,-1,-1,0,0
478.538,344.08,-6.336,-1.45,285,385,-1,-1,0,0
472.202,342.631,-6.336,-1.45,280,380,-1,-1,0,0
465.866,341.181,-6.336,-1.45,275,375,-1,-1,0,0
459.53,339.732,-6.336,-1.45,270,370,-1,-1,0,0
453.193,338.282,-6.336,-1.45,265,365,-1,-1,0,0
446.857,336.832,-6.336,-1.45,260,360,-1,-1,0,0
440.521,335.383,-6.336,-1.45,255,355,-1,-1,0,0
434.184,333.933,-6.336,-1.45,250,350,-1,-1,0,0
427.848,332.484,-6.336,-1.45,245,345,-1,-1,0,0
421.512,331.034,-6.336,-1.45,240,340,-1,-1,0,0
415.175,329.585,-6.336,-1.45,240,335,0,-1,0,0
408.839,328.135,-6.336,-1.45,240,330,0,-1,0,0
402.503,326.686,-6.336,-1.45,240,325,0,-1,0,0
396.166,325.236,-6.336,-1.45,240,320,0,-1,0,0
389.83,323.787,-6.336,-1.45,240,315,0,-1,0,0
383.494,322.337,-6.336,-1.45,240,310,0,-1,0,0
377.157,320.888,-6.336,-1.45,240,305,0,-1,0,0
370.821,319.438,-6.336,-1.45,240,300,0,-1,0,0
364.485,317.989,-6.336,-1.45,240,295,0,-1,0,0
358.149,316.539,-6.336,-1.45,240,290,0,-1,0,0
351.812,315.09,-6.336,-1.45,240,285,0,-1,0,0
345.476,313.64,-6.336,-1.45,240,280,0,-1,0,0
339.14,312.191,-6.336,-1.45,240,275,0,-1,0,0
332.803,310.741,-6.336,-1.45,240,270,0,-1,0,0
326.467,309.291,-6.336,-1.45,240,265,0,-1,0,0
320.131,307.842,-6.336,-1.45,240,260,0,-1,0,0
313.794,306.392,-6.336,-1.45,240,255,0,-1,0,0
307.458,304.943,-6.336,-1.45,240,250,0,-1,0,0
301.122,303.493,-6.336,-1.45,240,245,0,-1,0,0
294.785,302.044,-6.336,-1.45,240,240,0,-1,0,0
288.449,300.594,-6.336,-1.45,240,235,0,-1,0,0
282.113,299.145,-6.336,-1.45,240,230,0,-1,0,0
275.776,297.695,-6.336,-1.45,240,225,0,-1,0,0
269.44,296.246,-6.336,-1.45,240,220,0,-1,0,0
263.104,294.796,-6.336,-1.45,240,215,0,-1,0,0
256.767,293.347,-6.336,-1.45,240,210,0,-1,0,0
250.431,291.897,-6.336,-1.45,240,205,0,-1,0,0
244.095,290.448,-6.336,-1.45,240,200,0,-1,0,0
237.759,288.998,-6.336,-1.45,240,195,0,-1,0,0
231.422,287.549,-6.336,-1.45,240,190,0,-1,0,0
225.086,286.099,-6.336,-1.45,240,185,0,-1,0,0
218.75,284.65,-6.336,-1.45,240,185,0,0,0,0
212.413,283.2,-6.336,-1.45,240,185,0,0,0,0
206.077,281.751,-6.336,-1.45,240,185,0,0,0,0
199.741,280.301,-6.336,-1.45,240,185,0,0,0,0
193.404,278.851,-6.336,-1.45,240,185,0,0,0,0
187.068,277.402,-6.336,-1.45,240,185,0,0,0,0
180.732,275.952,-6.336,-1.45,240,185,0,0,0,0
174.395,274.503,-6.336,-1.45,240,185,0,0,0,0
168.059,273.053,-6.336,-1.45,240,185,0,0,0,0
161.723,271.604,-6.336,-1.45,240,185,0,0,0,0
155.386,270.154,-6.336,-1.45,240,185,0,0,0,0
149.05,268.705,-6.336,-1.45,240,185,0,0,0,0
142.714,267.255,-6.336,-1.45,240,185,0,0,0,0
136.378,265.806,-6.336,-1.45,240,185,0,0,0,0
130.041,264.356,-6.336,-1.45,240,185,0,0,0,0
123.705,262.907,-6.336,-1.45,240,185,0,0,0,0
117.369,261.457,-6.336,-1.45,240,185,0,0,0,0
111.032,260.008,-6.336,-1.45,240,185,0,0,0,0
104.696,258.558,-6.336,-1.45,240,185,0,0,0,0
98.36,257.109,-6.336,-1.45,240,185,0,0,0,0
92.023,255.659,-6.336,-1.45,240,185,0,0,0,0
85.687,254.21,-6.336,-1.45,240,185,0,0,0,0
79.351,252.76,-6.336,-1.45,240,185,0,0,0,0
73.014,251.31,-6.336,-1.45,240,185,0,0,0,0
66.678,249.861,-6.336,-1.45,240,185,0,0,0,0
60.342,248.411,-6.336,-1.45,235,180,-1,-1,0,0
54.005,246.962,-6.336,-1.45,230,175,-1,-1,0,0
49.0,245.512,5.934,-3.321,225,170,-1,-1,0,0
54.934,242.192,5.934,-3.321,220,165,-1,-1,0,0
60.868,238.871,5.934,-3.321,215,160,-1,-1,0,0
66.802,235.55,5.934,-3.321,210,155,-1,-1,0,0
72.736,232.23,5.934,-3.321,205,150,-1,-1,0,0
78.67,228.909,5.934,-3.321,200,145,-1,-1,0,0
84.604,225.588,5.934,-3.321,195,140,-1,-1,0,0
90.538,222.267,5.934,-3.321,190,135,-1,-1,0,0
96.472,218.947,5.934,-3.321,185,130,-1,-1,0,0
102.406,215.626,5.934,-3.321,180,125,-1,-1,0,0
108.341,212.305,5.934,-3.321,175,120,-1,-1,0,0
114.275,208.985,5.934,-3.321,170,115,-1,-1,0,0
120.209,205.664,5.934,-3.321,165,110,-1,-1,0,0
126.143,202.343,5.934,-3.321,160,105,-1,-1,0,0
132.077,199.023,5.934,-3.321,155,100,-1,-1,0,0
138.011,195.702,5.934,-3.321,150,95,-1,-1,0,0
143.945,192.381,5.934,-3.321,150,90,0,-1,0,0
149.879,189.06,5.934,-3.321,150,85,0,-1,0,0
155.813,185.74,5.934,-3.321,150,80,0,-1,0,0
161.747,182.419,5.934,-3.321,150,75,0,-1,0,0
167.681,179.098,5.934,-3.321,150,70,0,-1,0,0
173.615,175.778,5.934,-3.321,150,70,0,0,0,0
179.549,172.457,5.934,-3.321,150,70,0,0,0,0
185.483,169.136,5.934,-3.321,150,70,0,0,0,0
191.417,165.816,5.934,-3.321,150,70,0,0,0,0
197.351,162.495,5.934,-3.321,150,70,0,0,0,0
203.285,159.174,5.934,-3.321,150,70,0,0,0,0
209.219,155.853,5.934,-3.321,150,70,0,0,0,0
215.153,152.533,5.934,-3.321,150,70,0,0,0,0
221.087,149.212,5.934,-3.321,150,70,0,0,0,0
227.022,145.891,5.934,-3.321,150,70,0,0,0,0
232.956,142.571,5.934,-3.321,150,70,0,0,0,0
238.89,139.25,5.934,-3.321,150,70,0,0,0,0
244.824,135.929,5.934,-3.321,150,70,0,0,0,0
250.758,132.609,5.934,-3.321,150,70,0,0,0,0
256.692,129.288,5.934,-3.321,150,70,0,0,0,0
262.626,125.967,5.934,-3.321,150,70,0,0,0,0
268.56,122.646,5.934,-3.321,150,70,0,0,0,0
274.494,119.326,5.934,-3.321,150,70,0,0,0,0
280.428,116.005,5.934,-3.321,150,70,0,0,0,0
286.362,112.684,5.934,-3.321,150,70,0,0,0,0
292.296,109.364,5.934,-3.321,150,70,0,0,0,0
298.23,106.043,5.934,-3.321,150,70,0,0,0,0
304.164,102.722,5.934,-3.321,150,70,0,0,0,0
310.098,99.402,5.934,-3.321,150,70,0,0,0,0
316.032,96.081,5.934,-3.321,150,70,0,0,0,0
321.966,92.76,5.934,-3.321,155,70,1,0,0,0
327.9,89.439,5.934,-3.321,160,70,1,0,0,0
333.834,86.119,5.934,-3.321,165,70,1,0,0,0
339.768,82.798,5.934,-3.321,170,70,1,0,0,0
345.703,79.477,5.934,-3.321,175,70,1,0,0,0
351.637,76.157,5.934,-3.321,180,70,1,0,0,0
357.571,72.836,5.934,-3.321,185,65,1,-1,0,0
363.505,69.515,5.934,-3.321,190,60,1,-1,0,0
369.439,66.195,5.934,-3.321,195,55,1,-1,0,0
375.373,62.874,5.934,-3.321,200,50,1,-1,0,0
381.307,59.553,5.934,-3.321,200,45,0,-1,0,0
387.241,56.233,5.934,-3.321,200,40,0,-1,0,0
393.175,52.912,5.934,-3.321,200,40,0,0,0,0
399.109,49.591,5.934,-3.321,200,40,0,0,0,0
405.043,46.27,5.934,-3.321,200,40,0,0,0,0
410.977,42.95,5.934,-3.321,200,40,0,0,0,0
416.911,39.629,5.934,-3.321,200,40,0,0,0,0
422.845,36.308,5.934,-3.321,200,40,0,0,0,0
428.779,32.988,5.934,-3.321,200,40,0,0,0,0
434.713,29.667,5.934,-3.321,200,40,0,0,0,0
440.647,26.346,5.934,-3.321,200,40,0,0,0,0
446.581,23.026,5.934,-3.321,200,40,0,0,0,0
452.515,19.705,5.934,-3.321,200,40,0,0,0,0
458.449,16.384,5.934,-3.321,200,40,0,0,0,0
464.384,13.063,5.934,-3.321,205,40,1,0,0,0
470.318,9.743,5.934,-3.321,210,40,1,0,0,0
476.252,6.422,5.934,-3.321,215,40,1,0,0,0
482.186,6.0,5.934,3.321,220,40,1,0,0,0
488.12,9.321,5.934,3.321,225,40,1,0,0,0
494.054,12.641,5.934,3.321,230,40,1,0,0,0
499.988,15.962,5.934,3.321,235,40,1,0,0,0
505.922,19.283,5.934,3.321,240,40,1,0,0,0
511.856,22.603,5.934,3.321,240,40,0,0,0,0
517.79,25.924,5.934,3.321,240,40,0,0,0,0
523.724,29.245,5.934,3.321,240,40,0,0,0,0
529.658,32.566,5.934,3.321,240,40,0,0,0,0
535.592,35.886,5.934,3.321,240,40,0,0,0,0
541.526,39.207,5.934,3.321,240,40,0,0,0,0
547.46,42.528,5.934,3.321,240,40,0,0,0,0
553.394,45.848,5.934,3.321,240,40,0,0,0,0
559.328,49.169,5.934,3.321,240,40,0,0,0,0
565.262,52.49,5.934,3.321,240,40,0,0,0,0
571.196,55.81,5.934,3.321,240,40,0,0,0,0
577.13,59.131,5.934,3.321,240,40,0,0,0,0
583.065,62.452,5.934,3.321,240,40,0,0,0,0
588.999,65.773,5.934,3.321,240,40,0,0,0,0
594.933,69.093,5.934,3.321,240,40,0,0,0,0
600.867,72.414,5.934,3.321,240,40,0,0,0,0
606.801,75.735,5.934,3.321,240,40,0,0,0,0
612.735,79.055,5.934,3.321,240,45,0,1,0,0
618.669,82.376,5.934,3.321,240,50,0,1,0,0
624.603,85.697,5.934,3.321,240,55,0,1,0,0
630.537,89.017,5.934,3.321,240,60,0,1,0,0
636.471,92.338,5.934,3.321,240,65,0,1,0,0
642.405,95.659,5.934,3.321,240,70,0,1,0,0
648.339,98.98,5.934,3.321,240,75,0,1,0,0
654.273,102.3,5.934,3.321,240,80,0,1,0,0
660.207,105.621,5.934,3.321,240,80,0,0,0,0
666.141,108.942,5.934,3.321,240,80,0,0,0,0
672.075,112.262,5.934,3.321,240,80,0,0,0,0
678.009,115.583,5.934,3.321,240,80,0,0,0,0
683.943,118.904,5.934,3.321,240,80,0,0,0,0
689.877,122.224,5.934,3.321,240,80,0,0,0,0
695.811,125.545,5.934,3.321,240,80,0,0,0,0
701.746,128.866,5.934,3.321,240,80,0,0,0,0
707.68,132.187,5.934,3.321,240,80,0,0,0,0
713.614,135.507,5.934,3.321,240,85,0,1,0,0
719.548,138.828,5.934,3.321,240,90,0,1,0,0
725.482,142.149,5.934,3.321,240,95,0,1,0,0
731.416,145.469,5.934,3.321,240,100,0,1,0,0
737.35,148.79,5.934,3.321,240,105,0,1,0,0
743.284,152.111,5.934,3.321,240,110,0,1,0,0
749.218,155.431,5.934,3.321,240,115,0,1,0,0
751.0,158.752,-7.096,-0.232,240,120,0,1,0,0
743.904,158.52,-7.096,-0.232,240,125,0,1,0,0
736.808,158.288,-7.096,-0.232,240,130,0,1,0,0
729.711,158.056,-7.096,-0.232,240,135,0,1,0,0
722.615,157.825,-7.096,-0.232,240,140,0,1,0,0
715.519,157.593,-7.096,-0.232,240,145,0,1,0,0
708.423,157.361,-7.096,-0.232,240,150,0,1,0,0
701.327,157.129,-7.096,-0.232,240,155,0,1,0,0
694.23,156.897,-7.096,-0.232,240,160,0,1,0,0
687.134,156.665,-7.096,-0.232,240,165,0,1,0,0
680.038,156.433,-7.096,-0.232,240,165,0,0,0,0
672.942,156.201,-7.096,-0.232,240,165,0,0,0,0
665.845,155.969,-7.096,-0.232,240,165,0,0,0,0
658.749,155.738,-7.096,-0.232,240,165,0,0,0,0
651.653,155.506,-7.096,-0.232,235,165,-1,0,0,0
644.557,155.274,-7.096,-0.232,230,165,-1,0,0,0
637.461,155.042,-7.096,-0.232,225,165,-1,0,0,0
630.364,154.81,-7.096,-0.232,220,165,-1,0,0,0
623.268,154.578,-7.096,-0.232,215,165,-1,0,0,0
616.172,154.346,-7.096,-0.232,210,165,-1,0,0,0
609.076,154.114,-7.096,-0.232,205,165,-1,0,0,0
601.98,153.882,-7.096,-0.232,200,165,-1,0,0,0
594.883,153.65,-7.096,-0.232,195,165,-1,0,0,0
587.787,153.419,-7.096,-0.232,190,165,-1,0,0,0
580.691,153.187,-7.096,-0.232,185,165,-1,0,0,0
573.595,152.955,-7.096,-0.232,185,160,0,-1,0,0
566.498,152.723,-7.096,-0.232,185,155,0,-1,0,0
559.402,152.491,-7.096,-0.232,185,150,0,-1,0,0
552.306,152.259,-7.096,-0.232,185,145,0,-1,0,0
545.21,152.027,-7.096,-0.232,185,140,0,-1,0,0
538.114,151.795,-7.096,-0.232,185,135,0,-1,0,0
531.017,151.563,-7.096,-0.232,185,130,0,-1,0,0
523.921,151.331,-7.096,-0.232,185,125,0,-1,0,0
516.825,151.1,-7.096,-0.232,185,120,0,-1,0,0
509.729,150.868,-7.096,-0.232,185,115,0,-1,0,0
502.633,150.636,-7.096,-0.232,185,110,0,-1,0,0
495.536,150.404,-7.096,-0.232,185,105,0,-1,0,0
488.44,150.172,-7.096,-0.232,185,100,0,-1,0,0
481.344,149.94,-7.096,-0.232,185,95,0,-1,0,0
474.248,149.708,-7.096,-0.232,185,90,0,-1,0,0
467.152,149.476,-7.096,-0.232,185,85,0,-1,0,0
460.055,149.244,-7.096,-0.232,185,80,0,-1,0,0
452.959,149.012,-7.096,-0.232,185,75,0,-1,0,0
445.863,148.781,-7.096,-0.232,180,70,-1,-1,0,0
438.767,148.549,-7.096,-0.232,175,65,-1,-1,0,0
431.67,148.317,-7.096,-0.232,170,60,-1,-1,0,0
424.574,148.085,-7.096,-0.232,165,55,-1,-1,0,0
417.478,147.853,-7.096,-0.232,160,50,-1,-1,0,0
410.382,147.621,-7.096,-0.232,155,45,-1,-1,0,0
403.286,147.389,-7.096,-0.232,150,40,-1,-1,0,0
396.189,147.157,-7.096,-0.232,145,35,-1,-1,0,0
389.093,146.925,-7.096,-0.232,140,30,-1,-1,0,0
381.997,146.693,-7.096,-0.232,135,25,-1,-1,0,0
374.901,146.462,-7.096,-0.232,135,20,0,-1,0,0
367.805,146.23,-7.096,-0.232,135,15,0,-1,0,0
360.708,145.998,-7.096,-0.232,135,10,0,-1,0,0
353.612,145.766,-7.096,-0.232,135,5,0,-1,0,0
346.516,145.534,-7.096,-0.232,135,0,0,-1,0,0
339.42,145.302,-7.096,-0.232,135,0,0,-1,0,0
332.323,145.07,-7.096,-0.232,135,0,0,-1,0,0
325.227,144.838,-7.096,-0.232,135,0,0,-1,0,0
318.131,144.606,-7.096,-0.232,135,0,0,-1,0,0
311.035,144.374,-7.096,-0.232,135,0,0,-1,0,0
303.939,144.143,-7.096,-0.232,135,0,0,-1,0,0
296.842,143.911,-7.096,-0.232,135,0,0,-1,0,0
289.746,143.679,-7.096,-0.232,135,0,0,-1,0,0
282.65,143.447,-7.096,-0.232,135,0,0,-1,0,0
275.554,143.215,-7.096,-0.232,135,0,0,0,0,0
268.458,142.983,-7.096,-0.232,135,0,0,0,0,0
261.361,142.751,-7.096,-0.232,130,0,-1,0,0,0
254.265,142.519,-7.096,-0.232,125,0,-1,0,0,0
247.169,142.287,-7.096,-0.232,120,0,-1,0,0,0
240.073,142.055,-7.096,-0.232,115,0,-1,0,0,0
232.977,141.824,-7.096,-0.232,110,0,-1,0,0,0
225.88,141.592,-7.096,-0.232,105,0,-1,0,0,0
218.784,141.36,-7.096,-0.232,100,0,-1,0,0,0
211.688,141.128,-7.096,-0.232,100,0,0,0,0,0
204.592,140.896,-7.096,-0.232,100,0,0,0,0,0
197.495,140.664,-7.096,-0.232,100,0,0,-1,0,0
190.399,140.432,-7.096,-0.232,100,0,0,-1,0,0
183.303,140.2,-7.096,-0.232,100,0,0,-1,0,0
176.207,139.968,-7.096,-0.232,100,0,0,-1,0,0
169.111,139.737,-7.096,-0.232,100,0,0,-1,0,0
162.014,139.505,-7.096,-0.232,100,0,0,-1,0,0
154.918,139.273,-7.096,-0.232,100,0,0,-1,0,0
147.822,139.041,-7.096,-0.232,100,0,0,-1,0,0
140.726,138.809,-7.096,-0.232,100,0,0,-1,0,0
133.63,138.577,-7.096,-0.232,100,0,0,-1,0,0
126.533,138.345,-7.096,-0.232,100,0,0,0,0,0
119.437,138.113,-7.096,-0.232,100,0,0,0,0,0
112.341,137.881,-7.096,-0.232,100,0,0,0,0,0
105.245,137.649,-7.096,-0.232,100,0,0,0,0,0
98.149,137.418,-7.096,-0.232,100,0,0,0,0,0
91.052,137.186,-7.096,-0.232,100,0,0,0,0,0
83.956,136.954,-7.096,-0.232,100,0,0,0,0,0
76.86,136.722,-7.096,-0.232,100,0,0,0,0,0
69.764,136.49,-7.096,-0.232,100,0,0,0,0,0
62.667,136.258,-7.096,-0.232,100,0,0,0,0,0
55.571,136.026,-7.096,-0.232,100,0,0,0,0,0
48.475,135.794,-7.096,-0.232,100,0,0,0,0,0
49.0,135.562,7.35,-0.858,100,0,0,0,0,0
56.35,134.705,7.35,-0.858,100,0,0,0,0,0
63.7,133.847,7.35,-0.858,100,0,0,0,0,0
71.05,132.989,7.35,-0.858,100,0,0,0,0,0
78.4,132.131,7.35,-0.858,100,0,0,0,0,0
85.751,131.273,7.35,-0.858,100,0,0,0,0,0
93.101,130.416,7.35,-0.858,100,5,0,1,0,0
100.451,129.558,7.35,-0.858,100,10,0,1,0,0
107.801,128.7,7.35,-0.858,100,15,0,1,0,0
115.151,127.842,7.35,-0.858,100,20,0,1,0,0
122.501,126.984,7.35,-0.858,100,25,0,1,0,0
129.851,126.127,7.35,-0.858,100,30,0,1,0,0
137.201,125.269,7.35,-0.858,100,35,0,1,0,0
144.552,124.411,7.35,-0.858,100,40,0,1,0,0
151.902,123.553,7.35,-0.858,100,45,0,1,0,0
159.252,122.696,7.35,-0.858,100,50,0,1,0,0
166.602,121.838,7.35,-0.858,100,55,0,1,0,0
173.952,120.98,7.35,-0.858,100,60,0,1,0,0
181.302,120.122,7.35,-0.858,100,65,0,1,0,0
188.652,119.264,7.35,-0.858,100,70,0,1,0,0
196.002,118.407,7.35,-0.858,100,75,0,1,0,0
203.352,117.549,7.35,-0.858,100,80,0,1,0,0
210.703,116.691,7.35,-0.858,100,85,0,1,0,0
218.053,115.833,7.35,-0.858,100,90,0,1,0,0
225.403,114.976,7.35,-0.858,100,95,0,1,0,0
232.753,114.118,7.35,-0.858,100,100,0,1,0,0
240.103,113.26,7.35,-0.858,100,105,0,1,0,0
247.453,112.402,7.35,-0.858,100,110,0,1,0,0
254.803,111.544,7.35,-0.858,100,115,0,1,0,0
262.153,110.687,7.35,-0.858,100,120,0,1,0,0
269.503,109.829,7.35,-0.858,100,120,0,0,0,0
276.854,108.971,7.35,-0.858,100,120,0,0,0,0
284.204,108.113,7.35,-0.858,105,120,1,0,0,0
291.554,107.255,7.35,-0.858,110,120,1,0,0,0
298.904,106.398,7.35,-0.858,115,120,1,0,0,0
306.254,105.54,7.35,-0.858,120,120,1,0,0,0
313.604,104.682,7.35,-0.858,125,120,1,0,0,0
320.954,103.824,7.35,-0.858,130,120,1,0,0,0
328.304,102.967,7.35,-0.858,135,120,1,0,0,0
335.655,102.109,7.35,-0.858,140,120,1,0,0,0
343.005,101.251,7.35,-0.858,140,115,0,-1,0,0
350.355,100.393,7.35,-0.858,140,110,0,-1,0,0
357.705,99.535,7.35,-0.858,140,105,0,-1,0,0
365.055,98.678,7.35,-0.858,140,100,0,-1,0,0
372.405,97.82,7.35,-0.858,140,95,0,-1,0,0
379.755,96.962,7.35,-0.858,140,90,0,-1,0,0
387.105,96.104,7.35,-0.858,140,85,0,-1,0,0
394.455,95.246,7.35,-0.858,140,80,0,-1,0,0
401.806,94.389,7.35,-0.858,140,75,0,-1,0,0
409.156,93.531,7.35,-0.858,140,70,0,-1,0,0
416.506,92.673,7.35,-0.858,140,65,0,-1,0,0
423.856,91.815,7.35,-0.858,140,60,0,-1,0,0
431.206,90.958,7.35,-0.858,140,55,0,-1,0,0
438.556,90.1,7.35,-0.858,140,50,0,-1,0,0
445.906,89.242,7.35,-0.858,140,45,0,-1,0,0
453.256,88.384,7.35,-0.858,140,40,0,-1,0,0
460.607,87.526,7.35,-0.858,140,35,0,-1,0,0
467.957,86.669,7.35,-0.858,140,30,0,-1,0,0
475.307,85.811,7.35,-0.858,140,25,0,-1,0,0
482.657,84.953,7.35,-0.858,140,20,0,-1,0,0
490.007,84.095,7.35,-0.858,140,15,0,-1,0,0
497.357,83.238,7.35,-0.858,140,15,0,0,0,0
504.707,82.38,7.35,-0.858,140,15,0,0,0,0
512.057,81.522,7.35,-0.858,140,15,0,0,0,0
519.407,80.664,7.35,-0.858,140,15,0,0,0,0
526.758,79.806,7.35,-0.858,140,15,0,0,0,0
534.108,78.949,7.35,-0.858,140,15,0,0,0,0
541.458,78.091,7.35,-0.858,140,15,0,0,0,0
548.808,77.233,7.35,-0.858,140,15,0,0,0,0
556.158,76.375,7.35,-0.858,140,15,0,0,0,0
563.508,75.517,7.35,-0.858,140,15,0,0,0,0
570.858,74.66,7.35,-0.858,140,15,0,0,0,0
578.208,73.802,7.35,-0.858,140,15,0,0,0,0
585.558,72.944,7.35,-0.858,140,15,0,0,0,0
592.909,72.086,7.35,-0.858,140,15,0,0,0,0
600.259,71.229,7.35,-0.858,140,15,0,0,0,0
607.609,70.371,7.35,-0.858,140,15,0,0,0,0
614.959,69.513,7.35,-0.858,140,15,0,0,0,0
622.309,68.655,7.35,-0.858,140,15,0,0,0,0
629.659,67.797,7.35,-0.858,140,15,0,0,0,0
637.009,66.94,7.35,-0.858,140,15,0,0,0,0
644.359,66.082,7.35,-0.858,140,15,0,0,0,0
651.71,65.224,7.35,-0.858,140,15,0,0,0,0
659.06,64.366,7.35,-0.858,140,15,0,0,0,0
666.41,63.508,7.35,-0.858,140,15,0,0,0,0
673.76,62.651,7.35,-0.858,140,10,0,-1,0,0
681.11,61.793,7.35,-0.858,140,5,0,-1,0,0
688.46,60.935,7.35,-0.858,140,0,0,-1,0,0
695.81,60.077,7.35,-0.858,140,0,0,-1,0,0
703.16,59.22,7.35,-0.858,140,0,0,-1,0,0
710.51,58.362,7.35,-0.858,140,0,0,-1,0,0
717.861,57.504,7.35,-0.858,140,0,0,-1,0,0
725.211,56.646,7.35,-0.858,140,0,0,-1,0,0
732.561,55.788,7.35,-0.858,140,0,0,0,0,0
739.911,54.931,7.35,-0.858,140,0,0,0,0,0
747.261,54.073,7.35,-0.858,140,0,0,0,0,0
751.0,53.215,-7.244,2.611,140,0,0,0,0,0
743.756,55.826,-7.244,2.611,140,0,0,0,0,0
736.512,58.437,-7.244,2.611,140,0,0,0,0,0
729.269,61.049,-7.244,2.611,140,0,0,0,0,0
722.025,63.66,-7.244,2.611,140,0,0,0,0,0
714.781,66.271,-7.244,2.611,140,0,0,0,0,0
707.537,68.882,-7.244,2.611,140,0,0,0,0,0
700.294,71.493,-7.244,2.611,140,0,0,0,0,0
693.05,74.104,-7.244,2.611,140,0,0,0,0,0
685.806,76.715,-7.244,2.611,140,5,0,1,0,0
678.562,79.327,-7.244,2.611,140,10,0,1,0,0
671.319,81.938,-7.244,2.611,140,15,0,1,0,0
664.075,84.549,-7.244,2.611,140,20,0,1,0,0
656.831,87.16,-7.244,2.611,140,25,0,1,0,0
649.587,89.771,-7.244,2.611,140,30,0,1,0,0
642.344,92.382,-7.244,2.611,140,35,0,1,0,0
635.1,94.993,-7.244,2.611,140,40,0,1,0,0
627.856,97.605,-7.244,2.611,140,45,0,1,0,0
620.612,100.216,-7.244,2.611,140,50,0,1,0,0
613.369,102.827,-7.244,2.611,140,55,0,1,0,0
606.125,105.438,-7.244,2.611,140,60,0,1,0,0
598.881,108.049,-7.244,2.611,140,65,0,1,0,0
591.637,110.66,-7.244,2.611,140,70,0,1,0,0
584.394,113.271,-7.244,2.611,140,75,0,1,0,0
577.15,115.883,-7.244,2.611,140,80,0,1,0,0
569.906,118.494,-7.244,2.611,140,85,0,1,0,0
562.662,121.105,-7.244,2.611,145,90,1,1,0,0
555.419,123.716,-7.244,2.611,150,95,1,1,0,0
548.175,126.327,-7.244,2.611,155,100,1,1,0,0
540.931,128.938,-7.244,2.611,160,105,1,1,0,0
533.687,131.549,-7.244,2.611,165,110,1,1,0,0
526.444,134.161,-7.244,2.611,170,115,1,1,0,0
519.2,136.772,-7.244,2.611,175,120,1,1,0,0
511.956,139.383,-7.244,2.611,180,125,1,1,0,0
504.712,141.994,-7.244,2.611,185,130,1,1,0,0
497.469,144.605,-7.244,2.611,190,130,1,0,0,0
490.225,147.216,-7.244,2.611,195,130,1,0,0,0
482.981,149.827,-7.244,2.611,195,130,0,0,0,0
475.737,152.439,-7.244,2.611,195,130,0,0,0,0
468.494,155.05,-7.244,2.611,195,130,0,0,0,0
461.25,157.661,-7.244,2.611,195,130,0,0,0,0
454.006,160.272,-7.244,2.611,195,130,0,0,0,0
446.762,162.883,-7.244,2.611,195,130,0,0,0,0
439.519,165.494,-7.244,2.611,195,130,0,0,0,0
432.275,168.105,-7.244,2.611,195,130,0,0,0,0
425.031,170.717,-7.244,2.611,195,130,0,0,0,0
417.787,173.328,-7.244,2.611,195,130,0,0,0,0
410.544,175.939,-7.244,2.611,195,130,0,0,0,0
403.3,178.55,-7.244,2.611,195,130,0,0,0,0
396.056,181.161,-7.244,2.611,195,130,0,0,0,0
388.812,183.772,-7.244,2.611,200,130,1,0,0,0
381.569,186.383,-7.244,2.611,205,130,1,0,0,0
374.325,188.995,-7.244,2.611,210,130,1,0,0,0
367.081,191.606,-7.244,2.611,215,130,1,0,0,0
359.837,194.217,-7.244,2.611,220,130,1,0,0,0
352.594,196.828,-7.244,2.611,225,130,1,0,0,0
345.35,199.439,-7.244,2.611,225,130,0,0,0,0
338.106,202.05,-7.244,2.611,225,130,0,0,0,0
330.862,204.661,-7.244,2.611,225,135,0,1,0,0
323.619,207.273,-7.244,2.611,225,140,0,1,0,0
316.375,209.884,-7.244,2.611,225,145,0,1,0,0
309.131,212.495,-7.244,2.611,225,150,0,1,0,0
301.887,215.106,-7.244,2.611,225,155,0,1,0,0
294.644,217.717,-7.244,2.611,225,160,0,1,0,0
287.4,220.328,-7.244,2.611,225,165,0,1,0,0
280.156,222.939,-7.244,2.611,225,170,0,1,0,0
272.912,225.551,-7.244,2.611,225,175,0,1,0,0
265.669,228.162,-7.244,2.611,225,180,0,1,0,0
258.425,230.773,-7.244,2.611,225,185,0,1,0,0
251.181,233.384,-7.244,2.611,225,190,0,1,0,0
243.937,235.995,-7.244,2.611,225,195,0,1,0,0
236.694,238.606,-7.244,2.611,225,200,0,1,0,0
229.45,241.217,-7.244,2.611,225,205,0,1,0,0
222.206,243.829,-7.244,2.611,225,210,0,1,0,0
214.962,246.44,-7.244,2.611,225,215,0,1,0,0
207.719,249.051,-7.244,2.611,225,220,0,1,0,0
200.475,251.662,-7.244,2.611,225,225,0,1,0,0
193.231,254.273,-7.244,2.611,225,230,0,1,0,0
185.987,256.884,-7.244,2.611,225,235,0,1,0,0
178.744,259.496,-7.244,2.611,225,240,0,1,0,0
171.5,262.107,-7.244,2.611,225,245,0,1,0,0
164.256,264.718,-7.244,2.611,225,250,0,1,0,0
157.012,267.329,-7.244,2.611,225,255,0,1,0,0
149.769,269.94,-7.244,2.611,225,260,0,1,0,0
142.525,272.551,-7.244,2.611,225,265,0,1,0,0
135.281,275.162,-7.244,2.611,225,270,0,1,0,0
128.037,277.774,-7.244,2.611,225,275,0,1,0,0
120.794,280.385,-7.244,2.611,225,280,0,1,0,0
113.55,282.996,-7.244,2.611,225,285,0,1,0,0
106.306,285.607,-7.244,2.611,225,290,0,1,0,0
99.062,288.218,-7.244,2.611,225,295,0,1,0,0
91.819,290.829,-7.244,2.611,225,300,0,1,0,0
84.575,293.44,-7.244,2.611,225,305,0,1,0,0
77.331,296.052,-7.244,2.611,225,310,0,1,0,0
70.087,298.663,-7.244,2.611,230,315,1,1,0,0
62.844,301.274,-7.244,2.611,235,320,1,1,0,0
55.6,303.885,-7.244,2.611,240,325,1,1,0,0
48.356,306.496,-7.244,2.611,245,330,1,1,0,0
49.0,309.107,7.02,3.837,250,335,1,1,0,0
56.02,312.944,7.02,3.837,255,340,1,1,0,0
63.04,316.781,7.02,3.837,260,345,1,1,0,0
70.059,320.618,7.02,3.837,265,350,1,1,0,0
77.079,324.455,7.02,3.837,270,355,1,1,0,0
84.099,328.292,7.02,3.837,275,360,1,1,0,0
91.119,332.129,7.02,3.837,280,365,1,1,0,0
98.139,335.966,7.02,3.837,285,370,1,1,0,0
105.158,339.803,7.02,3.837,290,375,1,1,0,0
112.178,343.64,7.02,3.837,295,380,1,1,0,0
119.198,347.477,7.02,3.837,300,385,1,1,0,0
126.218,351.314,7.02,3.837,305,390,1,1,0,0
133.237,355.151,7.02,3.837,310,395,1,1,0,0
140.257,358.988,7.02,3.837,315,400,1,1,0,0
147.277,362.825,7.02,3.837,320,405,1,1,0,0
154.297,366.662,7.02,3.837,325,410,1,1,0,0
161.317,370.499,7.02,3.837,330,415,1,1,0,0
168.336,374.336,7.02,3.837,335,420,1,1,0,0
175.356,378.173,7.02,3.837,340,425,1,1,0,0
182.376,382.01,7.02,3.837,340,430,0,1,0,0
189.396,385.847,7.02,3.837,340,435,0,1,0,0
196.416,389.684,7.02,3.837,340,440,0,1,0,0
203.435,393.521,7.02,3.837,340,445,0,1,0,0
210.455,397.358,7.02,3.837,340,450,0,1,0,0
217.475,401.195,7.02,3.837,340,455,0,1,0,0
224.495,405.032,7.02,3.837,340,460,0,1,0,0
231.515,408.869,7.02,3.837,340,465,0,1,0,0
238.534,412.706,7.02,3.837,340,465,0,0,0,0
245.554,416.543,7.02,3.837,340,465,0,0,0,0
252.574,420.38,7.02,3.837,340,465,0,0,0,0
259.594,424.217,7.02,3.837,340,465,0,0,0,0
266.614,428.054,7.02,3.837,340,465,0,0,0,0
273.633,431.891,7.02,3.837,340,465,0,0,0,0
280.653,435.728,7.02,3.837,340,465,0,0,0,0
287.673,439.565,7.02,3.837,340,465,0,0,0,0
294.693,443.402,7.02,3.837,340,465,0,0,0,0
301.712,447.239,7.02,3.837,340,465,0,0,0,0
308.732,451.076,7.02,3.837,340,465,0,0,0,0
315.752,454.913,7.02,3.837,340,465,0,0,0,0
322.772,458.75,7.02,3.837,340,465,0,0,0,0
329.792,462.587,7.02,3.837,340,465,0,0,0,0
336.811,466.424,7.02,3.837,340,465,0,0,0,0
343.831,470.261,7.02,3.837,340,465,0,0,0,0
350.851,474.098,7.02,3.837,340,465,0,0,0,0
357.871,477.935,7.02,3.837,340,465,0,0,0,0
364.891,481.772,7.02,3.837,340,465,0,0,0,0
371.91,485.609,7.02,3.837,340,465,0,0,0,0
378.93,489.446,7.02,3.837,340,465,0,0,0,0
385.95,493.283,7.02,3.837,340,465,0,0,0,0
392.97,497.12,7.02,3.837,340,465,0,0,0,0
399.99,500.957,7.02,3.837,340,465,0,0,0,0
407.009,504.794,7.02,3.837,340,465,0,0,0,0
414.029,508.631,7.02,3.837,340,465,0,0,0,0
421.049,512.468,7.02,3.837,340,465,0,0,0,0
428.069,516.305,7.02,3.837,340,465,0,0,0,0
435.088,520.142,7.02,3.837,340,465,0,0,0,0
442.108,523.979,7.02,3.837,340,465,0,0,0,0
449.128,527.816,7.02,3.837,340,465,0,0,0,0
456.148,531.653,7.02,3.837,340,465,0,0,0,0
463.168,535.49,7.02,3.837,340,465,0,0,0,0
470.187,539.327,7.02,3.837,340,465,0,0,0,0
477.207,543.164,7.02,3.837,340,465,0,0,0,0
484.227,547.001,7.02,3.837,340,465,0,0,0,0
491.247,550.838,7.02,3.837,340,470,0,1,0,0
498.267,554.675,7.02,3.837,340,475,0,1,0,0
505.286,558.512,7.02,3.837,340,480,0,1,0,0
512.306,562.349,7.02,3.837,340,485,0,1,0,0
519.326,566.186,7.02,3.837,340,490,0,1,0,0
526.346,570.023,7.02,3.837,340,495,0,1,0,0
533.366,573.86,7.02,3.837,340,500,0,1,0,0
540.385,577.697,7.02,3.837,340,505,0,1,0,0
547.405,581.534,7.02,3.837,340,510,0,1,0,0
554.425,585.371,7.02,3.837,340,515,0,1,0,0
561.445,589.208,7.02,3.837,340,515,0,0,0,0
568.465,593.045,7.02,3.837,340,515,0,0,0,0
575.484,594.0,7.02,-3.837,340,515,0,0,0,0
582.504,590.163,7.02,-3.837,340,515,0,0,0,0
589.524,586.326,7.02,-3.837,340,515,0,0,0,0
596.544,582.489,7.02,-3.837,340,515,0,0,0,0
603.563,578.652,7.02,-3.837,340,515,0,0,0,0
610.583,574.815,7.02,-3.837,340,515,0,0,0,0
617.603,570.978,7.02,-3.837,340,515,0,0,0,0
624.623,567.141,7.02,-3.837,340,515,0,0,0,0
631.643,563.304,7.02,-3.837,340,515,0,0,0,0
638.662,559.467,7.02,-3.837,340,515,0,0,0,0
645.682,555.63,7.02,-3.837,340,515,0,0,0,0
652.702,551.793,7.02,-3.837,340,515,0,0,0,0
659.722,547.956,7.02,-3.837,340,515,0,0,0,0
666.742,544.119,7.02,-3.837,340,515,0,0,0,0
673.761,540.282,7.02,-3.837,340,515,0,0,0,0
680.781,536.445,7.02,-3.837,340,510,0,-1,0,0
687.801,532.608,7.02,-3.837,340,505,0,-1,0,0
694.821,528.771,7.02,-3.837,340,500,0,-1,0,0
701.841,524.934,7.02,-3.837,340,495,0,-1,0,0
708.86,521.097,7.02,-3.837,340,490,0,-1,0,0
715.88,517.26,7.02,-3.837,340,485,0,-1,0,0
722.9,513.423,7.02,-3.837,340,480,0,-1,0,0
729.92,509.586,7.02,-3.837,340,475,0,-1,0,0
736.939,505.749,7.02,-3.837,340,470,0,-1,0,0
743.959,501.912,7.02,-3.837,340,465,0,-1,0,0
750.979,498.075,7.02,-3.837,340,460,0,-1,0,0
751.0,494.238,-8.298,-0.166,340,455,0,-1,0,0
742.702,494.073,-8.298,-0.166,340,450,0,-1,0,0
734.403,493.907,-8.298,-0.166,340,445,0,-1,0,0
726.105,493.741,-8.298,-0.166,340,440,0,-1,0,0
717.807,493.576,-8.298,-0.166,340,435,0,-1,0,0
709.508,493.41,-8.298,-0.166,340,430,0,-1,0,0
701.21,493.245,-8.298,-0.166,340,425,0,-1,0,0
692.912,493.079,-8.298,-0.166,340,420,0,-1,0,0
684.613,492.914,-8.298,-0.166,340,415,0,-1,0,0
676.315,492.748,-8.298,-0.166,340,410,0,-1,0,0
668.017,492.583,-8.298,-0.166,340,405,0,-1,0,0
659.718,492.417,-8.298,-0.166,340,400,0,-1,0,0
651.42,492.252,-8.298,-0.166,340,395,0,-1,0,0
643.121,492.086,-8.298,-0.166,340,390,0,-1,0,0
634.823,491.92,-8.298,-0.166,340,385,0,-1,0,0
626.525,491.755,-8.298,-0.166,340,380,0,-1,0,0
618.226,491.589,-8.298,-0.166,340,375,0,-1,0,0
609.928,491.424,-8.298,-0.166,340,370,0,-1,0,0
601.63,491.258,-8.298,-0.166,335,365,-1,-1,0,0
593.331,491.093,-8.298,-0.166,330,360,-1,-1,0,0
585.033,490.927,-8.298,-0.166,325,355,-1,-1,0,0
576.735,490.762,-8.298,-0.166,320,350,-1,-1,0,0
568.436,490.596,-8.298,-0.166,315,345,-1,-1,0,0
560.138,490.431,-8.298,-0.166,310,340,-1,-1,0,0
551.84,490.265,-8.298,-0.166,305,335,-1,-1,0,0
543.541,490.099,-8.298,-0.166,300,330,-1,-1,0,0
535.243,489.934,-8.298,-0.166,295,325,-1,-1,0,0
526.945,489.768,-8.298,-0.166,290,320,-1,-1,0,0
518.646,489.603,-8.298,-0.166,285,315,-1,-1,0,0
510.348,489.437,-8.298,-0.166,280,310,-1,-1,0,0
502.05,489.272,-8.298,-0.166,280,310,0,0,0,0
493.751,489.106,-8.298,-0.166,280,310,0,0,0,0
485.453,488.941,-8.298,-0.166,280,310,0,0,0,0
477.154,488.775,-8.298,-0.166,280,310,0,0,0,0
468.856,488.61,-8.298,-0.166,280,310,0,0,0,0
460.558,488.444,-8.298,-0.166,280,310,0,0,0,0
452.259,488.278,-8.298,-0.166,280,310,0,0,0,0
443.961,488.113,-8.298,-0.166,280,310,0,0,0,0
435.663,487.947,-8.298,-0.166,280,310,0,0,0,0
427.364,487.782,-8.298,-0.166,280,310,0,0,0,0
419.066,487.616,-8.298,-0.166,280,315,0,1,0,0
410.768,487.451,-8.298,-0.166,280,320,0,1,0,0
402.469,487.285,-8.298,-0.166,280,325,0,1,0,0
394.171,487.12,-8.298,-0.166,280,330,0,1,0,0
385.873,486.954,-8.298,-0.166,285,335,1,1,0,0
377.574,486.789,-8.298,-0.166,290,340,1,1,0,0
369.276,486.623,-8.298,-0.166,295,345,1,1,0,0
360.978,486.457,-8.298,-0.166,300,350,1,1,0,0
352.679,486.292,-8.298,-0.166,305,355,1,1,0,0
344.381,486.126,-8.298,-0.166,310,360,1,1,0,0
336.083,485.961,-8.298,-0.166,315,365,1,1,0,0
327.784,485.795,-8.298,-0.166,320,370,1,1,0,0
319.486,485.63,-8.298,-0.166,325,375,1,1,0,0
311.188,485.464,-8.298,-0.166,330,380,1,1,0,0
302.889,485.299,-8.298,-0.166,335,385,1,1,0,0
294.591,485.133,-8.298,-0.166,340,390,1,1,0,0
286.292,484.968,-8.298,-0.166,345,395,1,1,0,0
277.994,484.802,-8.298,-0.166,350,400,1,1,0,0
269.696,484.636,-8.298,-0.166,355,405,1,1,0,0
261.397,484.471,-8.298,-0.166,360,410,1,1,0,0
253.099,484.305,-8.298,-0.166,365,415,1,1,0,0
244.801,484.14,-8.298,-0.166,370,420,1,1,0,0
236.502,483.974,-8.298,-0.166,375,425,1,1,0,0
228.204,483.809,-8.298,-0.166,380,430,1,1,0,0
219.906,483.643,-8.298,-0.166,385,435,1,1,0,0
211.607,483.478,-8.298,-0.166,390,440,1,1,0,0
203.309,483.312,-8.298,-0.166,395,445,1,1,0,0
195.011,483.147,-8.298,-0.166,400,450,1,1,0,0
186.712,482.981,-8.298,-0.166,405,455,1,1,0,0
178.414,482.815,-8.298,-0.166,410,460,1,1,0,0
170.116,482.65,-8.298,-0.166,415,465,1,1,0,0
161.817,482.484,-8.298,-0.166,420,470,1,1,0,0
153.519,482.319,-8.298,-0.166,425,475,1,1,0,0
145.221,482.153,-8.298,-0.166,430,480,1,1,0,0
136.922,481.988,-8.298,-0.166,435,485,1,1,0,0
128.624,481.822,-8.298,-0.166,440,490,1,1,0,0
120.325,481.657,-8.298,-0.166,445,495,1,1,0,0
112.027,481.491,-8.298,-0.166,450,500,1,1,0,0
103.729,481.326,-8.298,-0.166,455,505,1,1,0,0
95.43,481.16,-8.298,-0.166,460,510,1,1,0,0
87.132,480.994,-8.298,-0.166,465,515,1,1,0,0
78.834,480.829,-8.298,-0.166,465,520,0,1,0,0
70.535,480.663,-8.298,-0.166,465,520,0,1,0,0
62.237,480.498,-8.298,-0.166,465,520,0,0,0,0
53.939,480.332,-8.298,-0.166,465,520,0,0,0,0
49.0,480.167,6.846,-5.206,465,520,0,0,0,0
55.846,474.961,6.846,-5.206,465,520,0,0,0,0
62.691,469.756,6.846,-5.206,465,520,0,0,0,0
69.537,464.55,6.846,-5.206,465,520,0,0,0,0
76.382,459.345,6.846,-5.206,465,520,0,0,0,0
83.228,454.139,6.846,-5.206,465,520,0,0,0,0
90.074,448.934,6.846,-5.206,465,520,0,0,0,0
96.919,443.728,6.846,-5.206,465,520,0,0,0,0
103.765,438.523,6.846,-5.206,465,520,0,0,0,0
110.611,433.317,6.846,-5.206,465,520,0,0,0,0
117.456,428.111,6.846,-5.206,465,520,0,0,0,0
124.302,422.906,6.846,-5.206,465,520,0,0,0,0
131.147,417.7,6.846,-5.206,465,520,0,0,0,0
137.993,412.495,6.846,-5.206,465,515,0,-1,0,0
144.839,407.289,6.846,-5.206,465,510,0,-1,0,0
151.684,402.084,6.846,-5.206,465,505,0,-1,0,0
158.53,396.878,6.846,-5.206,465,500,0,-1,0,0
165.376,391.673,6.846,-5.206,465,495,0,-1,0,0
172.221,386.467,6.846,-5.206,465,490,0,-1,0,0
179.067,381.262,6.846,-5.206,465,485,0,-1,0,0
185.912,376.056,6.846,-5.206,465,480,0,-1,0,0
192.758,370.851,6.846,-5.206,465,475,0,-1,0,0
199.604,365.645,6.846,-5.206,465,470,0,-1,0,0
206.449,360.44,6.846,-5.206,465,465,0,-1,0,0
213.295,355.234,6.846,-5.206,465,460,0,-1,0,0
220.141,350.029,6.846,-5.206,465,455,0,-1,0,0
226.986,344.823,6.846,-5.206,465,450,0,-1,0,0
233.832,339.618,6.846,-5.206,465,445,0,-1,0,0
240.677,334.412,6.846,-5.206,465,440,0,-1,0,0
247.523,329.207,6.846,-5.206,465,435,0,-1,0,0
254.369,324.001,6.846,-5.206,465,430,0,-1,0,0
261.214,318.796,6.846,-5.206,465,425,0,-1,0,0
268.06,313.59,6.846,-5.206,465,420,0,-1,0,0
274.906,308.385,6.846,-5.206,465,415,0,-1,0,0
281.751,303.179,6.846,-5.206,460,410,-1,-1,0,0
288.597,297.973,6.846,-5.206,455,405,-1,-1,0,0
295.442,292.768,6.846,-5.206,450,400,-1,-1,0,0
302.288,287.562,6.846,-5.206,445,395,-1,-1,0,0
309.134,282.357,6.846,-5.206,440,390,-1,-1,0,0
315.979,277.151,6.846,-5.206,435,385,-1,-1,0,0
322.825,271.946,6.846,-5.206,430,380,-1,-1,0,0
329.671,266.74,6.846,-5.206,425,375,-1,-1,0,0
336.516,261.535,6.846,-5.206,420,370,-1,-1,0,0
343.362,256.329,6.846,-5.206,415,365,-1,-1,0,0
350.207,251.124,6.846,-5.206,410,360,-1,-1,0,0
357.053,245.918,6.846,-5.206,405,355,-1,-1,0,0
363.899,240.713,6.846,-5.206,400,350,-1,-1,0,0
370.744,235.507,6.846,-5.206,395,345,-1,-1,0,0
377.59,230.302,6.846,-5.206,395,340,0,-1,0,0
384.436,225.096,6.846,-5.206,395,335,0,-1,0,0
391.281,219.891,6.846,-5.206,395,330,0,-1,0,0
398.127,214.685,6.846,-5.206,395,325,0,-1,0,0
404.972,209.48,6.846,-5.206,395,320,0,-1,0,0
411.818,204.274,6.846,-5.206,395,315,0,-1,0,0
418.664,199.069,6.846,-5.206,395,310,0,-1,0,0
425.509,193.863,6.846,-5.206,395,305,0,-1,0,0
432.355,188.658,6.846,-5.206,395,300,0,-1,0,0
439.2,183.452,6.846,-5.206,395,295,0,-1,0,0
446.046,178.246,6.846,-5.206,395,290,0,-1,0,0
452.892,173.041,6.846,-5.206,390,285,-1,-1,0,0
459.737,167.835,6.846,-5.206,385,280,-1,-1,0,0
466.583,162.63,6.846,-5.206,380,275,-1,-1,0,0
473.429,157.424,6.846,-5.206,375,270,-1,-1,0,0
480.274,152.219,6.846,-5.206,370,265,-1,-1,0,0
487.12,147.013,6.846,-5.206,365,260,-1,-1,0,0
493.965,141.808,6.846,-5.206,360,255,-1,-1,0,0
500.811,136.602,6.846,-5.206,355,250,-1,-1,0,0
507.657,131.397,6.846,-5.206,350,245,-1,-1,0,0
514.502,126.191,6.846,-5.206,345,240,-1,-1,0,0
521.348,120.986,6.846,-5.206,345,235,0,-1,0,0
528.194,115.78,6.846,-5.206,345,230,0,-1,0,0
535.039,110.575,6.846,-5.206,345,225,0,-1,0,0
541.885,105.369,6.846,-5.206,345,220,0,-1,0,0
548.73,100.164,6.846,-5.206,345,215,0,-1,0,0
555.576,94.958,6.846,-5.206,345,210,0,-1,0,0
562.422,89.753,6.846,-5.206,345,205,0,-1,0,0
569.267,84.547,6.846,-5.206,345,200,0,-1,0,0
576.113,79.342,6.846,-5.206,345,195,0,-1,0,0
582.959,74.136,6.846,-5.206,340,190,-1,-1,0,0
589.804,68.931,6.846,-5.206,335,185,-1,-1,0,0
596.65,63.725,6.846,-5.206,330,180,-1,-1,0,0
603.495,58.519,6.846,-5.206,325,175,-1,-1,0,0
610.341,53.314,6.846,-5.206,320,170,-1,-1,0,0
617.187,48.108,6.846,-5.206,315,165,-1,-1,0,0
624.032,42.903,6.846,-5.206,310,160,-1,-1,0,0
630.878,37.697,6.846,-5.206,305,155,-1,-1,0,0
637.724,32.492,6.846,-5.206,300,150,-1,-1,0,0
644.569,27.286,6.846,-5.206,295,145,-1,-1,0,0
651.415,22.081,6.846,-5.206,290,140,-1,-1,0,0
658.26,16.875,6.846,-5.206,285,135,-1,-1,0,0
665.106,11.67,6.846,-5.206,285,130,0,-1,0,0
671.952,6.464,6.846,-5.206,285,125,0,-1,0,0
678.797,6.0,6.846,5.206,285,120,0,-1,0,0
685.643,11.206,6.846,5.206,285,115,0,-1,0,0
692.489,16.411,6.846,5.206,285,110,0,-1,0,0
699.334,21.617,6.846,5.206,285,105,0,-1,0,0
706.18,26.822,6.846,5.206,285,100,0,-1,0,0
713.025,32.028,6.846,5.206,285,95,0,-1,0,0
719.871,37.233,6.846,5.206,285,90,0,-1,0,0
726.717,42.439,6.846,5.206,285,85,0,-1,0,0
733.562,47.644,6.846,5.206,285,80,0,-1,0,0
740.408,52.85,6.846,5.206,285,75,0,-1,0,0
747.254,58.055,6.846,5.206,285,70,0,-1,0,0
751.0,63.261,-4.45,-7.708,285,65,0,-1,0,0
746.55,55.553,-4.45,-7.708,285,60,0,-1,0,0
742.1,47.845,-4.45,-7.708,285,55,0,-1,0,0
737.65,40.138,-4.45,-7.708,285,50,0,-1,0,0
733.2,32.43,-4.45,-7.708,285,45,0,-1,0,0
728.75,24.723,-4.45,-7.708,285,40,0,-1,0,0
724.3,17.015,-4.45,-7.708,285,35,0,-1,0,0
719.85,9.307,-4.45,-7.708,285,30,0,-1,0,0
715.4,6.0,-4.45,7.708,285,25,0,-1,0,0
710.95,13.708,-4.45,7.708,285,20,0,-1,0,0
706.5,21.415,-4.45,7.708,285,15,0,-1,0,0
702.05,29.123,-4.45,7.708,285,10,0,-1,0,0
697.6,36.831,-4.45,7.708,285,15,0,1,0,0
693.15,44.538,-4.45,7.708,285,20,0,1,0,0
688.7,52.246,-4.45,7.708,285,25,0,1,0,0
684.25,59.953,-4.45,7.708,285,25,0,0,0,0
679.8,67.661,-4.45,7.708,285,25,0,0,0,0
675.35,75.369,-4.45,7.708,285,25,0,0,0,0
670.9,83.076,-4.45,7.708,285,30,0,1,0,0
666.45,90.784,-4.45,7.708,285,35,0,1,0,0
662.0,98.492,-4.45,7.708,285,40,0,1,0,0
657.55,106.199,-4.45,7.708,285,45,0,1,0,0
653.1,113.907,-4.45,7.708,285,50,0,1,0,0
648.65,121.614,-4.45,7.708,285,55,0,1,0,0
644.2,129.322,-4.45,7.708,285,60,0,1,0,0
639.75,137.03,-4.45,7.708,285,65,0,1,0,0
635.3,144.737,-4.45,7.708,285,70,0,1,0,0
630.85,152.445,-4.45,7.708,285,75,0,1,0,0
626.4,160.153,-4.45,7.708,285,80,0,1,0,0
621.95,167.86,-4.45,7.708,285,85,0,1,0,0
617.5,175.568,-4.45,7.708,285,90,0,1,0,0
613.05,183.275,-4.45,7.708,285,95,0,1,0,0
608.6,190.983,-4.45,7.708,285,100,0,1,0,0
604.15,198.691,-4.45,7.708,285,105,0,1,0,0
599.7,206.398,-4.45,7.708,285,110,0,1,0,0
595.25,214.106,-4.45,7.708,285,115,0,1,0,0
590.8,221.814,-4.45,7.708,285,120,0,1,0,0
586.35,229.521,-4.45,7.708,285,125,0,1,0,0
581.9,237.229,-4.45,7.708,285,130,0,1,0,0
577.45,244.936,-4.45,7.708,290,135,1,1,0,0
573.0,252.644,-4.45,7.708,295,140,1,1,0,0
568.55,260.352,-4.45,7.708,300,145,1,1,0,0
564.1,268.059,-4.45,7.708,305,150,1,1,0,0
559.65,275.767,-4.45,7.708,310,155,1,1,0,0
555.2,283.475,-4.45,7.708,315,160,1,1,0,0
550.75,291.182,-4.45,7.708,320,165,1,1,0,0
546.3,298.89,-4.45,7.708,325,170,1,1,0,0
541.85,306.597,-4.45,7.708,330,175,1,1,0,0
537.4,314.305,-4.45,7.708,335,180,1,1,0,0
532.95,322.013,-4.45,7.708,340,185,1,1,0,0
528.5,329.72,-4.45,7.708,345,190,1,1,0,0
524.05,337.428,-4.45,7.708,350,195,1,1,0,0
519.6,345.136,-4.45,7.708,355,200,1,1,0,0
515.15,352.843,-4.45,7.708,360,205,1,1,0,0
510.7,360.551,-4.45,7.708,365,210,1,1,0,0
506.25,368.258,-4.45,7.708,370,215,1,1,0,0
501.8,375.966,-4.45,7.708,375,220,1,1,0,0
497.35,383.674,-4.45,7.708,380,225,1,1,0,0
492.9,391.381,-4.45,7.708,385,230,1,1,0,0
488.45,399.089,-4.45,7.708,390,235,1,1,0,0
484.0,406.797,-4.45,7.708,395,240,1,1,0,0
479.55,414.504,-4.45,7.708,400,245,1,1,0,0
475.1,422.212,-4.45,7.708,405,250,1,1,0,0
470.65,429.919,-4.45,7.708,405,255,0,1,0,0
466.2,437.627,-4.45,7.708,405,260,0,1,0,0
461.75,445.335,-4.45,7.708,405,265,0,1,0,0
457.3,453.042,-4.45,7.708,405,270,0,1,0,0
452.85,460.75,-4.45,7.708,405,275,0,1,0,0
448.4,468.458,-4.45,7.708,405,275,0,0,0,0
443.95,476.165,-4.45,7.708,405,275,0,0,0,0
439.5,483.873,-4.45,7.708,405,275,0,0,0,0
435.05,491.58,-4.45,7.708,405,275,0,0,0,0
430.6,499.288,-4.45,7.708,405,275,0,0,0,0
426.15,506.996,-4.45,7.708,405,275,0,0,0,0
421.7,514.703,-4.45,7.708,405,275,0,0,0,0
417.25,522.411,-4.45,7.708,405,270,0,-1,0,0
412.8,530.119,-4.45,7.708,405,265,0,-1,0,0
408.35,537.826,-4.45,7.708,405,260,0,-1,0,0
403.9,545.534,-4.45,7.708,405,255,0,-1,0,0
399.45,553.241,-4.45,7.708,405,250,0,-1,0,0
395.0,560.949,-4.45,7.708,405,245,0,-1,0,0
390.55,568.657,-4.45,7.708,405,240,0,-1,0,0
386.1,576.364,-4.45,7.708,405,235,0,-1,0,0
381.65,584.072,-4.45,7.708,405,230,0,-1,0,0
377.2,591.78,-4.45,7.708,405,225,0,-1,0,0
372.75,594.0,-4.45,-7.708,405,220,0,-1,0,0
368.3,586.292,-4.45,-7.708,405,215,0,-1,0,0
363.85,578.585,-4.45,-7.708,405,210,0,-1,0,0
359.4,570.877,-4.45,-7.708,405,205,0,-1,0,0
354.95,563.169,-4.45,-7.708,405,200,0,-1,0,0
350.5,555.462,-4.45,-7.708,405,195,0,-1,0,0
346.05,547.754,-4.45,-7.708,405,190,0,-1,0,0
341.6,540.047,-4.45,-7.708,405,185,0,-1,0,0
337.15,532.339,-4.45,-7.708,405,180,0,-1,0,0
332.7,524.631,-4.45,-7.708,405,175,0,-1,0,0
328.25,516.924,-4.45,-7.708,405,170,0,-1,0,0
323.8,509.216,-4.45,-7.708,405,165,0,-1,0,0
319.35,501.508,-4.45,-7.708,405,160,0,-1,0,0
314.9,493.801,-4.45,-7.708,405,155,0,-1,0,0
310.45,486.093,-4.45,-7.708,405,150,0,-1,0,0
306.0,478.386,-4.45,-7.708,405,145,0,-1,0,0
301.55,470.678,-4.45,-7.708,405,140,0,-1,0,0
297.1,462.97,-4.45,-7.708,405,135,0,-1,0,0
292.65,455.263,-4.45,-7.708,405,130,0,-1,0,0
288.2,447.555,-4.45,-7.708,405,125,0,-1,0,0
283.75,439.847,-4.45,-7.708,405,120,0,-1,0,0
279.3,432.14,-4.45,-7.708,405,115,0,-1,0,0
274.85,424.432,-4.45,-7.708,410,110,1,-1,0,0
270.4,416.725,-4.45,-7.708,415,105,1,-1,0,0
265.95,409.017,-4.45,-7.708,420,100,1,-1,0,0
261.5,401.309,-4.45,-7.708,425,95,1,-1,0,0
257.05,393.602,-4.45,-7.708,430,90,1,-1,0,0
252.6,385.894,-4.45,-7.708,435,85,1,-1,0,0
248.15,378.186,-4.45,-7.708,440,80,1,-1,0,0
243.7,370.479,-4.45,-7.708,445,75,1,-1,0,0
239.25,362.771,-4.45,-7.708,450,70,1,-1,0,0
234.8,355.064,-4.45,-7.708,455,65,1,-1,0,0
230.35,347.356,-4.45,-7.708,455,60,0,-1,0,0
225.9,339.648,-4.45,-7.708,455,55,0,-1,0,0
221.45,331.941,-4.45,-7.708,455,50,0,-1,0,0
217.0,324.233,-4.45,-7.708,455,45,0,-1,0,0
212.55,316.525,-4.45,-7.708,455,40,0,-1,0,0
208.1,308.818,-4.45,-7.708,455,35,0,-1,0,0
203.65,301.11,-4.45,-7.708,455,30,0,-1,0,0
199.2,293.403,-4.45,-7.708,455,25,0,-1,0,0
194.75,285.695,-4.45,-7.708,460,20,1,-1,0,0
190.3,277.987,-4.45,-7.708,465,15,1,-1,0,0
185.85,270.28,-4.45,-7.708,470,10,1,-1,0,0
181.4,262.572,-4.45,-7.708,475,5,1,-1,0,0
176.95,254.864,-4.45,-7.708,480,0,1,-1,0,0
172.5,247.157,-4.45,-7.708,485,0,1,-1,0,0
168.05,239.449,-4.45,-7.708,490,0,1,-1,0,0
163.6,231.742,-4.45,-7.708,495,0,1,-1,0,0
159.15,224.034,-4.45,-7.708,500,0,1,-1,0,0
154.7,216.326,-4.45,-7.708,505,0,1,-1,0,0
150.25,208.619,-4.45,-7.708,510,0,1,-1,0,0
145.8,200.911,-4.45,-7.708,515,0,1,-1,0,0
141.35,193.203,-4.45,-7.708,520,0,1,-1,0,0
136.9,185.496,-4.45,-7.708,520,0,0,-1,0,0
132.45,177.788,-4.45,-7.708,520,0,0,-1,0,0
128.0,170.081,-4.45,-7.708,520,0,0,-1,0,0
123.55,162.373,-4.45,-7.708,520,0,0,-1,0,0
119.1,154.665,-4.45,-7.708,520,0,0,-1,0,0
114.65,146.958,-4.45,-7.708,515,0,-1,-1,0,0
110.2,139.25,-4.45,-7.708,510,0,-1,-1,0,0
105.75,131.542,-4.45,-7.708,505,0,-1,-1,0,0
101.3,123.835,-4.45,-7.708,500,0,-1,-1,0,0
96.85,116.127,-4.45,-7.708,495,0,-1,-1,0,0
92.4,108.42,-4.45,-7.708,490,0,-1,-1,0,0
87.95,100.712,-4.45,-7.708,485,0,-1,-1,0,0
83.5,93.004,-4.45,-7.708,480,0,-1,-1,0,0
79.05,85.297,-4.45,-7.708,475,0,-1,-1,0,0
74.6,77.589,-4.45,-7.708,470,0,-1,-1,0,0
70.15,69.881,-4.45,-7.708,465,0,-1,-1,0,0
65.7,62.174,-4.45,-7.708,460,0,-1,-1,0,0
61.25,54.466,-4.45,-7.708,455,0,-1,-1,0,0
56.8,46.759,-4.45,-7.708,450,0,-1,-1,0,0
52.35,39.051,-4.45,-7.708,445,0,-1,-1,0,0
47.9,31.343,-4.45,-7.708,440,0,-1,-1,0,0
43.45,23.636,-4.45,-7.708,435,0,-1,-1,0,0
39.0,15.928,-4.45,-7.708,430,0,-1,-1,0,0
34.55,8.22,-4.45,-7.708,425,0,-1,-1,0,0
30.1,6.0,-4.45,7.708,420,0,-1,-1,0,0
25.65,13.708,-4.45,7.708,415,0,-1,-1,0,0
21.2,21.415,-4.45,7.708,410,0,-1,-1,0,0
16.75,29.123,-4.45,7.708,405,0,-1,-1,0,0
12.3,36.831,-4.45,7.708,400,0,-1,-1,0,0
7.85,44.538,-4.45,7.708,395,0,-1,-1,0,0
3.4,52.246,-4.45,7.708,390,0,-1,-1,0,0
-1.05,59.953,-4.45,7.708,385,0,-1,-1,0,0
-5.5,67.661,-4.45,7.708,380,0,-1,-1,0,0
400.0,300.0,3.827,-3.217,375,0,-1,-1,0,1
403.827,296.783,3.827,-3.217,375,0,0,0,0,0
407.655,293.565,3.827,-3.217,375,0,0,0,0,0
411.482,290.348,3.827,-3.217,375,0,0,0,0,0
415.309,287.13,3.827,-3.217,375,0,0,0,0,0
419.136,283.913,3.827,-3.217,375,0,0,0,0,0
422.964,280.695,3.827,-3.217,375,0,0,0,0,0
426.791,277.478,3.827,-3.217,375,0,0,0,0,0
430.618,274.26,3.827,-3.217,375,0,0,0,0,0
434.445,271.043,3.827,-3.217,375,0,0,0,0,0
438.273,267.825,3.827,-3.217,375,0,0,0,0,0
442.1,264.608,3.827,-3.217,375,0,0,0,0,0
445.927,261.39,3.827,-3.217,375,0,0,0,0,0
449.754,258.173,3.827,-3.217,375,0,0,0,0,0
453.582,254.955,3.827,-3.217,375,0,0,0,0,0
457.409,251.738,3.827,-3.217,375,0,0,0,0,0
461.236,248.52,3.827,-3.217,375,5,0,1,0,0
465.063,245.303,3.827,-3.217,375,10,0,1,0,0
468.891,242.085,3.827,-3.217,375,15,0,1,0,0
472.718,238.868,3.827,-3.217,375,20,0,1,0,0
476.545,235.651,3.827,-3.217,375,25,0,1,0,0
480.372,232.433,3.827,-3.217,375,30,0,1,0,0
484.2,229.216,3.827,-3.217,375,35,0,1,0,0
488.027,225.998,3.827,-3.217,375,40,0,1,0,0
491.854,222.781,3.827,-3.217,375,45,0,1,0,0
495.681,219.563,3.827,-3.217,375,50,0,1,0,0
499.509,216.346,3.827,-3.217,375,55,0,1,0,0
503.336,213.128,3.827,-3.217,375,60,0,1,0,0
507.163,209.911,3.827,-3.217,375,65,0,1,0,0
510.99,206.693,3.827,-3.217,375,70,0,1,0,0
514.818,203.476,3.827,-3.217,375,75,0,1,0,0
518.645,200.258,3.827,-3.217,375,80,0,1,0,0
522.472,197.041,3.827,-3.217,375,80,0,0,0,0
526.299,193.823,3.827,-3.217,375,80,0,0,0,0
530.127,190.606,3.827,-3.217,375,80,0,0,0,0
533.954,187.388,3.827,-3.217,375,80,0,0,0,0
537.781,184.171,3.827,-3.217,375,80,0,0,0,0
541.608,180.953,3.827,-3.217,375,80,0,0,0,0
545.436,177.736,3.827,-3.217,375,80,0,0,0,0
549.263,174.519,3.827,-3.217,375,80,0,0,0,0
553.09,171.301,3.827,-3.217,375,80,0,0,0,0
556.917,168.084,3.827,-3.217,375,75,0,-1,0,0
560.745,164.866,3.827,-3.217,375,70,0,-1,0,0
564.572,161.649,3.827,-3.217,370,65,-1,-1,0,0
568.399,158.431,3.827,-3.217,365,60,-1,-1,0,0
572.226,155.214,3.827,-3.217,360,55,-1,-1,0,0
576.054,151.996,3.827,-3.217,355,50,-1,-1,0,0
579.881,148.779,3.827,-3.217,350,45,-1,-1,0,0
583.708,145.561,3.827,-3.217,345,40,-1,-1,0,0
587.535,142.344,3.827,-3.217,340,35,-1,-1,0,0
591.363,139.126,3.827,-3.217,335,35,-1,0,0,0
595.19,135.909,3.827,-3.217,330,35,-1,0,0,0
599.017,132.691,3.827,-3.217,325,35,-1,0,0,0
602.844,129.474,3.827,-3.217,320,35,-1,0,0,0
606.672,126.256,3.827,-3.217,315,35,-1,0,0,0
610.499,123.039,3.827,-3.217,310,35,-1,0,0,0
614.326,119.822,3.827,-3.217,305,35,-1,0,0,0
618.153,116.604,3.827,-3.217,300,35,-1,0,0,0
621.981,113.387,3.827,-3.217,295,35,-1,0,0,0
625.808,110.169,3.827,-3.217,290,35,-1,0,0,0
629.635,106.952,3.827,-3.217,285,35,-1,0,0,0
633.462,103.734,3.827,-3.217,280,35,-1,0,0,0
637.29,100.517,3.827,-3.217,275,35,-1,0,0,0
641.117,97.299,3.827,-3.217,270,35,-1,0,0,0
644.944,94.082,3.827,-3.217,265,35,-1,0,0,0
648.771,90.864,3.827,-3.217,260,35,-1,0,0,0
652.599,87.647,3.827,-3.217,255,35,-1,0,0,0
656.426,84.429,3.827,-3.217,250,35,-1,0,0,0
660.253,81.212,3.827,-3.217,245,35,-1,0,0,0
664.08,77.994,3.827,-3.217,240,35,-1,0,0,0
667.908,74.777,3.827,-3.217,235,30,-1,-1,0,0
671.735,71.559,3.827,-3.217,230,25,-1,-1,0,0
675.562,68.342,3.827,-3.217,225,20,-1,-1,0,0
679.389,65.124,3.827,-3.217,220,15,-1,-1,0,0
683.217,61.907,3.827,-3.217,215,10,-1,-1,0,0
687.044,58.69,3.827,-3.217,215,5,0,-1,0,0
690.871,55.472,3.827,-3.217,215,0,0,-1,0,0
694.698,52.255,3.827,-3.217,215,0,0,-1,0,0
698.526,49.037,3.827,-3.217,215,0,0,-1,0,0
702.353,45.82,3.827,-3.217,215,0,0,-1,0,0
706.18,42.602,3.827,-3.217,215,0,0,-1,0,0
710.008,39.385,3.827,-3.217,215,0,0,-1,0,0
713.835,36.167,3.827,-3.217,215,0,0,-1,0,0
717.662,32.95,3.827,-3.217,215,0,0,-1,0,0
721.489,29.732,3.827,-3.217,215,0,0,-1,0,0
725.317,26.515,3.827,-3.217,215,0,0,-1,0,0
729.144,23.297,3.827,-3.217,215,0,0,-1,0,0
732.971,20.08,3.827,-3.217,215,0,0,0,0,0
736.798,16.862,3.827,-3.217,215,0,0,0,0,0
740.626,13.645,3.827,-3.217,215,0,0,0,0,0
744.453,10.427,3.827,-3.217,215,0,0,0,0,0
748.28,7.21,3.827,-3.217,215,0,0,0,0,0
752.107,6.0,3.827,3.217,215,0,0,0,0,0
751.0,9.217,-3.67,-3.824,215,0,0,0,0,0
747.33,6.0,-3.67,3.824,215,0,0,0,0,0
743.66,9.824,-3.67,3.824,215,0,0,0,0,0
739.99,13.647,-3.67,3.824,215,0,0,0,0,0
736.32,17.471,-3.67,3.824,215,0,0,0,0,0
732.649,21.295,-3.67,3.824,215,0,0,0,0,0
728.979,25.118,-3.67,3.824,215,0,0,0,0,0
725.309,28.942,-3.67,3.824,215,0,0,0,0,0
721.639,32.766,-3.67,3.824,215,0,0,0,0,0
717.969,36.589,-3.67,3.824,215,5,0,1,0,0
714.299,40.413,-3.67,3.824,215,10,0,1,0,0
710.629,44.237,-3.67,3.824,215,15,0,1,0,0
706.959,48.06,-3.67,3.824,215,20,0,1,0,0
703.289,51.884,-3.67,3.824,215,25,0,1,0,0
699.618,55.707,-3.67,3.824,215,30,0,1,0,0
695.948,59.531,-3.67,3.824,215,35,0,1,0,0
692.278,63.355,-3.67,3.824,215,40,0,1,0,0
688.608,67.178,-3.67,3.824,215,45,0,1,0,0
684.938,71.002,-3.67,3.824,215,50,0,1,0,0
681.268,74.826,-3.67,3.824,215,55,0,1,0,0
677.598,78.649,-3.67,3.824,215,60,0,1,0,0
673.928,82.473,-3.67,3.824,215,65,0,1,0,0
670.258,86.297,-3.67,3.824,215,70,0,1,0,0
666.588,90.12,-3.67,3.824,215,75,0,1,0,0
662.917,93.944,-3.67,3.824,215,80,0,1,0,0
659.247,97.768,-3.67,3.824,215,85,0,1,0,0
655.577,101.591,-3.67,3.824,215,90,0,1,0,0
651.907,105.415,-3.67,3.824,215,95,0,1,0,0
648.237,109.239,-3.67,3.824,215,100,0,1,0,0
644.567,113.062,-3.67,3.824,215,105,0,1,0,0
640.897,116.886,-3.67,3.824,215,110,0,1,0,0
637.227,120.71,-3.67,3.824,215,115,0,1,0,0
633.557,124.533,-3.67,3.824,215,120,0,1,0,0
629.886,128.357,-3.67,3.824,215,125,0,1,0,0
626.216,132.18,-3.67,3.824,215,130,0,1,0,0
622.546,136.004,-3.67,3.824,215,135,0,1,0,0
618.876,139.828,-3.67,3.824,215,140,0,1,0,0
615.206,143.651,-3.67,3.824,215,145,0,1,0,0
611.536,147.475,-3.67,3.824,215,150,0,1,0,0
607.866,151.299,-3.67,3.824,215,155,0,1,0,0
604.196,155.122,-3.67,3.824,215,160,0,1,0,0
600.526,158.946,-3.67,3.824,215,165,0,1,0,0
596.855,162.77,-3.67,3.824,215,170,0,1,0,0
593.185,166.593,-3.67,3.824,215,175,0,1,0,0
589.515,170.417,-3.67,3.824,220,180,1,1,0,0
585.845,174.241,-3.67,3.824,225,185,1,1,0,0
582.175,178.064,-3.67,3.824,230,190,1,1,0,0
578.505,181.888,-3.67,3.824,235,195,1,1,0,0
574.835,185.712,-3.67,3.824,240,200,1,1,0,0
571.165,189.535,-3.67,3.824,245,205,1,1,0,0
567.495,193.359,-3.67,3.824,250,210,1,1,0,0
563.824,197.183,-3.67,3.824,255,215,1,1,0,0
560.154,201.006,-3.67,3.824,260,220,1,1,0,0
556.484,204.83,-3.67,3.824,265,225,1,1,0,0
552.814,208.653,-3.67,3.824,270,230,1,1,0,0
549.144,212.477,-3.67,3.824,275,235,1,1,0,0
545.474,216.301,-3.67,3.824,280,240,1,1,0,0
541.804,220.124,-3.67,3.824,285,245,1,1,0,0
538.134,223.948,-3.67,3.824,290,250,1,1,0,0
534.464,227.772,-3.67,3.824,295,255,1,1,0,0
530.794,231.595,-3.67,3.824,300,260,1,1,0,0
527.123,235.419,-3.67,3.824,305,265,1,1,0,0
523.453,239.243,-3.67,3.824,305,270,0,1,0,0
519.783,243.066,-3.67,3.824,305,275,0,1,0,0
516.113,246.89,-3.67,3.824,305,280,0,1,0,0
512.443,250.714,-3.67,3.824,305,285,0,1,0,0
508.773,254.537,-3.67,3.824,305,290,0,1,0,0
505.103,258.361,-3.67,3.824,305,295,0,1,0,0
501.433,262.185,-3.67,3.824,305,300,0,1,0,0
497.763,266.008,-3.67,3.824,305,305,0,1,0,0
494.092,269.832,-3.67,3.824,305,310,0,1,0,0
490.422,273.656,-3.67,3.824,310,315,1,1,0,0
486.752,277.479,-3.67,3.824,315,320,1,1,0,0
483.082,281.303,-3.67,3.824,320,325,1,1,0,0
479.412,285.127,-3.67,3.824,325,330,1,1,0,0
475.742,288.95,-3.67,3.824,330,335,1,1,0,0
472.072,292.774,-3.67,3.824,335,340,1,1,0,0
468.402,296.597,-3.67,3.824,340,345,1,1,0,0
464.732,300.421,-3.67,3.824,345,350,1,1,0,0
461.061,304.245,-3.67,3.824,350,355,1,1,0,0
457.391,308.068,-3.67,3.824,350,355,0,0,0,0
453.721,311.892,-3.67,3.824,350,355,0,0,0,0
450.051,315.716,-3.67,3.824,350,355,0,0,0,0
446.381,319.539,-3.67,3.824,350,355,0,0,0,0
442.711,323.363,-3.67,3.824,350,355,0,0,0,0
439.041,327.187,-3.67,3.824,350,355,0,0,0,0
435.371,331.01,-3.67,3.824,350,355,0,0,0,0
431.701,334.834,-3.67,3.824,350,355,0,0,0,0
428.03,338.658,-3.67,3.824,355,355,1,0,0,0
424.36,342.481,-3.67,3.824,360,355,1,0,0,0
420.69,346.305,-3.67,3.824,365,355,1,0,0,0
417.02,350.129,-3.67,3.824,370,355,1,0,0,0
413.35,353.952,-3.67,3.824,375,355,1,0,0,0
409.68,357.776,-3.67,3.824,380,355,1,0,0,0
406.01,361.6,-3.67,3.824,385,355,1,0,0,0
402.34,365.423,-3.67,3.824,385,355,0,0,0,0
398.67,369.247,-3.67,3.824,385,355,0,0,0,0
394.999,373.07,-3.67,3.824,385,355,0,0,0,0
391.329,376.894,-3.67,3.824,385,355,0,0,0,0
387.659,380.718,-3.67,3.824,385,355,0,0,0,0
383.989,384.541,-3.67,3.824,385,355,0,0,0,0
380.319,388.365,-3.67,3.824,385,355,0,0,0,0
376.649,392.189,-3.67,3.824,385,350,0,-1,0,0
372.979,396.012,-3.67,3.824,385,345,0,-1,0,0
369.309,399.836,-3.67,3.824,385,340,0,-1,0,0
365.639,403.66,-3.67,3.824,385,335,0,-1,0,0
361.969,407.483,-3.67,3.824,385,330,0,-1,0,0
358.298,411.307,-3.67,3.824,385,325,0,-1,0,0
354.628,415.131,-3.67,3.824,385,320,0,-1,0,0
350.958,418.954,-3.67,3.824,385,315,0,-1,0,0
347.288,422.778,-3.67,3.824,385,310,0,-1,0,0
343.618,426.602,-3.67,3.824,385,305,0,-1,0,0
339.948,430.425,-3.67,3.824,385,300,0,-1,0,0
336.278,434.249,-3.67,3.824,385,295,0,-1,0,0
332.608,438.073,-3.67,3.824,390,290,1,-1,0,0
328.938,441.896,-3.67,3.824,395,285,1,-1,0,0
325.267,445.72,-3.67,3.824,400,280,1,-1,0,0
321.597,449.543,-3.67,3.824,405,280,1,0,0,0
317.927,453.367,-3.67,3.824,410,280,1,0,0,0
314.257,457.191,-3.67,3.824,415,280,1,0,0,0
310.587,461.014,-3.67,3.824,420,280,1,0,0,0
306.917,464.838,-3.67,3.824,425,280,1,0,0,0
303.247,468.662,-3.67,3.824,430,280,1,0,0,0
299.577,472.485,-3.67,3.824,435,280,1,0,0,0
295.907,476.309,-3.67,3.824,435,280,0,0,0,0
292.236,480.133,-3.67,3.824,435,280,0,0,0,0
288.566,483.956,-3.67,3.824,435,280,0,0,0,0
284.896,487.78,-3.67,3.824,435,280,0,0,0,0
281.226,491.604,-3.67,3.824,435,280,0,0,0,0
277.556,495.427,-3.67,3.824,435,280,0,0,0,0
273.886,499.251,-3.67,3.824,435,280,0,0,0,0
270.216,503.075,-3.67,3.824,440,280,1,0,0,0
266.546,506.898,-3.67,3.824,445,280,1,0,0,0
262.876,510.722,-3.67,3.824,450,280,1,0,0,0
259.205,514.546,-3.67,3.824,455,280,1,0,0,0
255.535,518.369,-3.67,3.824,460,280,1,0,0,0
251.865,522.193,-3.67,3.824,465,280,1,0,0,0
248.195,526.016,-3.67,3.824,470,280,1,0,0,0
244.525,529.84,-3.67,3.824,475,280,1,0,0,0
240.855,533.664,-3.67,3.824,480,280,1,0,0,0
237.185,537.487,-3.67,3.824,485,280,1,0,0,0
233.515,541.311,-3.67,3.824,490,280,1,0,0,0
229.845,545.135,-3.67,3.824,495,280,1,0,0,0
226.175,548.958,-3.67,3.824,500,280,1,0,0,0
222.504,552.782,-3.67,3.824,505,280,1,0,0,0
218.834,556.606,-3.67,3.824,510,280,1,0,0,0
215.164,560.429,-3.67,3.824,515,280,1,0,0,0
211.494,564.253,-3.67,3.824,520,280,1,0,0,0
207.824,568.077,-3.67,3.824,520,280,1,0,0,0
204.154,571.9,-3.67,3.824,520,280,1,0,0,0
200.484,575.724,-3.67,3.824,520,280,1,0,0,0
196.814,579.548,-3.67,3.824,520,280,1,0,0,0
193.144,583.371,-3.67,3.824,520,280,1,0,0,0
189.473,587.195,-3.67,3.824,520,275,0,-1,0,0
185.803,591.019,-3.67,3.824,520,270,0,-1,0,0
182.133,594.0,-3.67,-3.824,520,265,0,-1,0,0
178.463,590.176,-3.67,-3.824,520,260,0,-1,0,0
174.793,586.353,-3.67,-3.824,520,255,0,-1,0,0
171.123,582.529,-3.67,-3.824,520,250,0,-1,0,0
167.453,578.705,-3.67,-3.824,520,245,0,-1,0,0
163.783,574.882,-3.67,-3.824,520,240,0,-1,0,0
160.113,571.058,-3.67,-3.824,520,235,0,-1,0,0
156.442,567.234,-3.67,-3.824,520,230,0,-1,0,0
152.772,563.411,-3.67,-3.824,520,225,0,-1,0,0
149.102,559.587,-3.67,-3.824,515,220,-1,-1,0,0
145.432,555.763,-3.67,-3.824,510,215,-1,-1,0,0
141.762,551.94,-3.67,-3.824,505,210,-1,-1,0,0
138.092,548.116,-3.67,-3.824,500,205,-1,-1,0,0
134.422,544.293,-3.67,-3.824,495,200,-1,-1,0,0
130.752,540.469,-3.67,-3.824,490,195,-1,-1,0,0
127.082,536.645,-3.67,-3.824,485,190,-1,-1,0,0
123.411,532.822,-3.67,-3.824,480,185,-1,-1,0,0
119.741,528.998,-3.67,-3.824,475,180,-1,-1,0,0
116.071,525.174,-3.67,-3.824,470,175,-1,-1,0,0
112.401,521.351,-3.67,-3.824,465,170,-1,-1,0,0
108.731,517.527,-3.67,-3.824,460,165,-1,-1,0,0
105.061,513.703,-3.67,-3.824,455,160,-1,-1,0,0
101.391,509.88,-3.67,-3.824,450,155,-1,-1,0,0
97.721,506.056,-3.67,-3.824,445,150,-1,-1,0,0
94.051,502.232,-3.67,-3.824,440,145,-1,-1,0,0
90.381,498.409,-3.67,-3.824,435,140,-1,-1,0,0
86.71,494.585,-3.67,-3.824,430,135,-1,-1,0,0
83.04,490.761,-3.67,-3.824,425,130,-1,-1,0,0
79.37,486.938,-3.67,-3.824,420,125,-1,-1,0,0
75.7,483.114,-3.67,-3.824,415,120,-1,-1,0,0
72.03,479.29,-3.67,-3.824,410,115,-1,-1,0,0
68.36,475.467,-3.67,-3.824,405,110,-1,-1,0,0
64.69,471.643,-3.67,-3.824,400,105,-1,-1,0,0
61.02,467.82,-3.67,-3.824,395,100,-1,-1,0,0
57.35,463.996,-3.67,-3.824,390,95,-1,-1,0,0
53.679,460.172,-3.67,-3.824,385,90,-1,-1,0,0
50.009,456.349,-3.67,-3.824,380,85,-1,-1,0,0
49.0,452.525,3.108,4.658,375,85,-1,0,0,0
52.108,457.183,3.108,4.658,370,85,-1,0,0,0
55.216,461.841,3.108,4.658,365,85,-1,0,0,0
58.324,466.5,3.108,4.658,360,85,-1,0,0,0
61.433,471.158,3.108,4.658,355,85,-1,0,0,0
64.541,475.816,3.108,4.658,355,85,0,0,0,0
67.649,480.474,3.108,4.658,355,85,0,0,0,0
70.757,485.133,3.108,4.658,355,85,0,0,0,0
73.865,489.791,3.108,4.658,355,85,0,0,0,0
76.973,494.449,3.108,4.658,355,85,0,0,0,0
80.082,499.108,3.108,4.658,355,85,0,0,0,0
83.19,503.766,3.108,4.658,355,85,0,0,0,0
86.298,508.424,3.108,4.658,355,85,0,0,0,0
89.406,513.082,3.108,4.658,355,85,0,0,0,0
92.514,517.741,3.108,4.658,355,85,0,0,0,0
95.622,522.399,3.108,4.658,355,85,0,0,0,0
98.73,527.057,3.108,4.658,355,85,0,0,0,0
101.839,531.715,3.108,4.658,355,85,0,0,0,0
104.947,536.374,3.108,4.658,355,85,0,0,0,0
108.055,541.032,3.108,4.658,355,85,0,0,0,0
111.163,545.69,3.108,4.658,355,85,0,0,0,0
114.271,550.348,3.108,4.658,355,85,0,0,0,0
117.379,555.007,3.108,4.658,355,85,0,0,0,0
120.488,559.665,3.108,4.658,355,85,0,0,0,0
123.596,564.323,3.108,4.658,355,85,0,0,0,0
126.704,568.981,3.108,4.658,355,85,0,0,0,0
129.812,573.64,3.108,4.658,355,90,0,1,0,0
132.92,578.298,3.108,4.658,355,95,0,1,0,0
136.028,582.956,3.108,4.658,355,100,0,1,0,0
139.136,587.614,3.108,4.658,355,105,0,1,0,0
142.245,592.273,3.108,4.658,355,110,0,1,0,0
145.353,594.0,3.108,-4.658,355,115,0,1,0,0
148.461,589.342,3.108,-4.658,355,120,0,1,0,0
151.569,584.683,3.108,-4.658,355,125,0,1,0,0
154.677,580.025,3.108,-4.658,355,130,0,1,0,0
157.785,575.367,3.108,-4.658,355,135,0,1,0,0
160.894,570.709,3.108,-4.658,355,140,0,1,0,0
164.002,566.05,3.108,-4.658,355,145,0,1,0,0
167.11,561.392,3.108,-4.658,355,150,0,1,0,0
170.218,556.734,3.108,-4.658,355,155,0,1,0,0
173.326,552.076,3.108,-4.658,355,160,0,1,0,0
176.434,547.417,3.108,-4.658,355,165,0,1,0,0
179.542,542.759,3.108,-4.658,355,170,0,1,0,0
182.651,538.101,3.108,-4.658,355,175,0,1,0,0
185.759,533.443,3.108,-4.658,355,180,0,1,0,0
188.867,528.784,3.108,-4.658,355,185,0,1,0,0
191.975,524.126,3.108,-4.658,355,190,0,1,0,0
195.083,519.468,3.108,-4.658,355,195,0,1,0,0
198.191,514.81,3.108,-4.658,355,200,0,1,0,0
201.3,510.151,3.108,-4.658,355,205,0,1,0,0
204.408,505.493,3.108,-4.658,355,210,0,1,0,0
207.516,500.835,3.108,-4.658,355,215,0,1,0,0
210.624,496.177,3.108,-4.658,355,220,0,1,0,0
213.732,491.518,3.108,-4.658,355,225,0,1,0,0
216.84,486.86,3.108,-4.658,350,230,-1,1,0,0
219.948,482.202,3.108,-4.658,345,235,-1,1,0,0
223.057,477.544,3.108,-4.658,340,240,-1,1,0,0
226.165,472.885,3.108,-4.658,335,245,-1,1,0,0
229.273,468.227,3.108,-4.658,330,250,-1,1,0,0
232.381,463.569,3.108,-4.658,325,255,-1,1,0,0
235.489,458.91,3.108,-4.658,320,260,-1,1,0,0
238.597,454.252,3.108,-4.658,315,265,-1,1,0,0
241.706,449.594,3.108,-4.658,310,270,-1,1,0,0
244.814,444.936,3.108,-4.658,305,275,-1,1,0,0
247.922,440.277,3.108,-4.658,300,280,-1,1,0,0
251.03,435.619,3.108,-4.658,295,280,-1,0,0,0
254.138,430.961,3.108,-4.658,290,275,-1,-1,0,0
257.246,426.303,3.108,-4.658,285,270,-1,-1,0,0
260.355,421.644,3.108,-4.658,285,265,0,-1,0,0
263.463,416.986,3.108,-4.658,285,260,0,-1,0,0
266.571,412.328,3.108,-4.658,285,255,0,-1,0,0
269.679,407.67,3.108,-4.658,285,250,0,-1,0,0
272.787,403.011,3.108,-4.658,285,245,0,-1,0,0
275.895,398.353,3.108,-4.658,285,240,0,-1,0,0
279.003,393.695,3.108,-4.658,285,235,0,-1,0,0
282.112,389.037,3.108,-4.658,285,230,0,-1,0,0
285.22,384.378,3.108,-4.658,285,225,0,-1,0,0
288.328,379.72,3.108,-4.658,285,220,0,-1,0,0
291.436,375.062,3.108,-4.658,285,215,0,-1,0,0
294.544,370.404,3.108,-4.658,285,210,0,-1,0,0
297.652,365.745,3.108,-4.658,285,205,0,-1,0,0
300.761,361.087,3.108,-4.658,285,200,0,-1,0,0
303.869,356.429,3.108,-4.658,285,195,0,-1,0,0
306.977,351.771,3.108,-4.658,285,190,0,-1,0,0
310.085,347.112,3.108,-4.658,290,185,1,-1,0,0
313.193,342.454,3.108,-4.658,295,180,1,-1,0,0
316.301,337.796,3.108,-4.658,300,175,1,-1,0,0
319.409,333.138,3.108,-4.658,305,170,1,-1,0,0
322.518,328.479,3.108,-4.658,310,165,1,-1,0,0
325.626,323.821,3.108,-4.658,315,160,1,-1,0,0
328.734,319.163,3.108,-4.658,320,155,1,-1,0,0
331.842,314.504,3.108,-4.658,325,150,1,-1,0,0
334.95,309.846,3.108,-4.658,330,145,1,-1,0,0
338.058,305.188,3.108,-4.658,335,140,1,-1,0,0
341.167,300.53,3.108,-4.658,340,135,1,-1,0,0
344.275,295.871,3.108,-4.658,345,130,1,-1,0,0
347.383,291.213,3.108,-4.658,350,125,1,-1,0,0
350.491,286.555,3.108,-4.658,355,120,1,-1,0,0
353.599,281.897,3.108,-4.658,360,115,1,-1,0,0
356.707,277.238,3.108,-4.658,360,110,0,-1,0,0
359.815,272.58,3.108,-4.658,360,105,0,-1,0,0
362.924,267.922,3.108,-4.658,360,100,0,-1,0,0
366.032,263.264,3.108,-4.658,360,95,0,-1,0,0
369.14,258.605,3.108,-4.658,360,90,0,-1,0,0
372.248,253.947,3.108,-4.658,360,85,0,-1,0,0
375.356,249.289,3.108,-4.658,360,80,0,-1,0,0
378.464,244.631,3.108,-4.658,360,75,0,-1,0,0
381.573,239.972,3.108,-4.658,360,70,0,-1,0,0
384.681,235.314,3.108,-4.658,365,65,1,-1,0,0
387.789,230.656,3.108,-4.658,370,60,1,-1,0,0
390.897,225.998,3.108,-4.658,375,55,1,-1,0,0
394.005,221.339,3.108,-4.658,380,50,1,-1,0,0
397.113,216.681,3.108,-4.658,385,45,1,-1,0,0
400.221,212.023,3.108,-4.658,390,40,1,-1,0,0
403.33,207.365,3.108,-4.658,395,35,1,-1,0,0
406.438,202.706,3.108,-4.658,400,30,1,-1,0,0
409.546,198.048,3.108,-4.658,405,25,1,-1,0,0
412.654,193.39,3.108,-4.658,410,20,1,-1,0,0
415.762,188.731,3.108,-4.658,415,15,1,-1,0,0
418.87,184.073,3.108,-4.658,415,10,0,-1,0,0
421.979,179.415,3.108,-4.658,415,5,0,-1,0,0
425.087,174.757,3.108,-4.658,415,0,0,-1,0,0
428.195,170.098,3.108,-4.658,415,0,0,-1,0,0
431.303,165.44,3.108,-4.658,415,0,0,-1,0,0
434.411,160.782,3.108,-4.658,415,0,0,-1,0,0
437.519,156.124,3.108,-4.658,415,0,0,-1,0,0
440.627,151.465,3.108,-4.658,415,0,0,-1,0,0
443.736,146.807,3.108,-4.658,415,0,0,0,0,0
446.844,142.149,3.108,-4.658,415,0,0,0,0,0
449.952,137.491,3.108,-4.658,415,0,0,0,0,0
453.06,132.832,3.108,-4.658,410,5,-1,1,0,0
456.168,128.174,3.108,-4.658,405,10,-1,1,0,0
459.276,123.516,3.108,-4.658,400,15,-1,1,0,0
462.385,118.858,3.108,-4.658,395,20,-1,1,0,0
465.493,114.199,3.108,-4.658,390,25,-1,1,0,0
468.601,109.541,3.108,-4.658,385,30,-1,1,0,0
471.709,104.883,3.108,-4.658,380,35,-1,1,0,0
474.817,100.225,3.108,-4.658,375,40,-1,1,0,0
477.925,95.566,3.108,-4.658,370,45,-1,1,0,0
481.033,90.908,3.108,-4.658,365,50,-1,1,0,0
484.142,86.25,3.108,-4.658,360,55,-1,1,0,0
487.25,81.592,3.108,-4.658,360,60,0,1,0,0
490.358,76.933,3.108,-4.658,360,65,0,1,0,0
493.466,72.275,3.108,-4.658,360,70,0,1,0,0
496.574,67.617,3.108,-4.658,360,75,0,1,0,0
499.682,62.958,3.108,-4.658,360,80,0,1,0,0
502.791,58.3,3.108,-4.658,360,85,0,1,0,0
505.899,53.642,3.108,-4.658,360,90,0,1,0,0
509.007,48.984,3.108,-4.658,360,95,0,1,0,0
512.115,44.325,3.108,-4.658,360,100,0,1,0,0
515.223,39.667,3.108,-4.658,360,105,0,1,0,0
518.331,35.009,3.108,-4.658,360,110,0,1,0,0
521.439,30.351,3.108,-4.658,360,115,0,1,0,0
524.548,25.692,3.108,-4.658,360,120,0,1,0,0
527.656,21.034,3.108,-4.658,360,120,0,0,0,0
530.764,16.376,3.108,-4.658,360,120,0,0,0,0
533.872,11.718,3.108,-4.658,360,120,0,0,0,0
536.98,7.059,3.108,-4.658,360,120,0,0,0,0
540.088,6.0,3.108,4.658,360,120,0,0,0,0
543.197,10.658,3.108,4.658,360,120,0,0,0,0
546.305,15.317,3.108,4.658,360,120,0,0,0,0
549.413,19.975,3.108,4.658,360,120,0,0,0,0
552.521,24.633,3.108,4.658,360,120,0,0,0,0
555.629,29.291,3.108,4.658,360,120,0,0,0,0
558.737,33.95,3.108,4.658,355,120,-1,0,0,0
561.845,38.608,3.108,4.658,350,120,-1,0,0,0
564.954,43.266,3.108,4.658,345,120,-1,0,0,0
568.062,47.924,3.108,4.658,340,120,-1,0,0,0
571.17,52.583,3.108,4.658,335,120,-1,0,0,0
574.278,57.241,3.108,4.658,330,120,-1,0,0,0
577.386,61.899,3.108,4.658,325,120,-1,0,0,0
580.494,66.557,3.108,4.658,320,120,-1,0,0,0
583.603,71.216,3.108,4.658,315,120,-1,0,0,0
586.711,75.874,3.108,4.658,310,120,-1,0,0,0
589.819,80.532,3.108,4.658,305,120,-1,0,0,0
592.927,85.19,3.108,4.658,300,125,-1,1,0,0
596.035,89.849,3.108,4.658,300,130,0,1,0,0
599.143,94.507,3.108,4.658,300,135,0,1,0,0
602.252,99.165,3.108,4.658,300,140,0,1,0,0
605.36,103.823,3.108,4.658,300,145,0,1,0,0
608.468,108.482,3.108,4.658,300,150,0,1,0,0
611.576,113.14,3.108,4.658,300,155,0,1,0,0
614.684,117.798,3.108,4.658,300,160,0,1,0,0
617.792,122.456,3.108,4.658,300,165,0,1,0,0
620.9,127.115,3.108,4.658,300,170,0,1,0,0
624.009,131.773,3.108,4.658,300,175,0,1,0,0
627.117,136.431,3.108,4.658,300,180,0,1,0,0
630.225,141.09,3.108,4.658,300,185,0,1,0,0
633.333,145.748,3.108,4.658,305,190,1,1,0,0
636.441,150.406,3.108,4.658,310,195,1,1,0,0
639.549,155.064,3.108,4.658,315,200,1,1,0,0
642.658,159.723,3.108,4.658,320,205,1,1,0,0
645.766,164.381,3.108,4.658,325,210,1,1,0,0
648.874,169.039,3.108,4.658,330,215,1,1,0,0
651.982,173.697,3.108,4.658,335,220,1,1,0,0
655.09,178.356,3.108,4.658,340,225,1,1,0,0
658.198,183.014,3.108,4.658,345,230,1,1,0,0
661.306,187.672,3.108,4.658,350,235,1,1,0,0
664.415,192.33,3.108,4.658,355,240,1,1,0,0
667.523,196.989,3.108,4.658,360,245,1,1,0,0
670.631,201.647,3.108,4.658,360,250,0,1,0,0
673.739,206.305,3.108,4.658,360,255,0,1,0,0
676.847,210.963,3.108,4.658,360,260,0,1,0,0
679.955,215.622,3.108,4.658,360,265,0,1,0,0
683.064,220.28,3.108,4.658,360,270,0,1,0,0
686.172,224.938,3.108,4.658,360,275,0,1,0,0
689.28,229.596,3.108,4.658,360,275,0,0,0,0
692.388,234.255,3.108,4.658,360,275,0,0,0,0
695.496,238.913,3.108,4.658,360,275,0,0,0,0
698.604,243.571,3.108,4.658,360,275,0,0,0,0
701.712,248.229,3.108,4.658,360,275,0,0,0,0
704.821,252.888,3.108,4.658,360,275,0,0,0,0
707.929,257.546,3.108,4.658,360,275,0,0,0,0
711.037,262.204,3.108,4.658,360,275,0,0,0,0
714.145,266.862,3.108,4.658,360,275,0,0,0,0
717.253,271.521,3.108,4.658,360,275,0,0,0,0
720.361,276.179,3.108,4.658,360,275,0,0,0,0
723.47,280.837,3.108,4.658,360,275,0,0,0,0
726.578,285.496,3.108,4.658,360,275,0,0,0,0
729.686,290.154,3.108,4.658,360,275,0,0,0,0
732.794,294.812,3.108,4.658,360,275,0,0,0,0
735.902,299.47,3.108,4.658,360,275,0,0,0,0
739.01,304.129,3.108,4.658,365,275,1,0,0,0
742.118,308.787,3.108,4.658,370,275,1,0,0,0
745.227,313.445,3.108,4.658,375,275,1,0,0,0
748.335,318.103,3.108,4.658,380,275,1,0,0,0
751.443,322.762,3.108,4.658,385,275,1,0,0,0
751.0,327.42,-5.789,1.139,390,280,1,1,0,0
745.211,328.559,-5.789,1.139,395,285,1,1,0,0
739.422,329.698,-5.789,1.139,400,290,1,1,0,0
733.633,330.837,-5.789,1.139,405,295,1,1,0,0
727.844,331.975,-5.789,1.139,405,300,0,1,0,0
722.055,333.114,-5.789,1.139,405,305,0,1,0,0
716.266,334.253,-5.789,1.139,405,310,0,1,0,0
710.477,335.392,-5.789,1.139,405,315,0,1,0,0
704.688,336.531,-5.789,1.139,405,320,0,1,0,0
698.899,337.67,-5.789,1.139,405,325,0,1,0,0
693.11,338.809,-5.789,1.139,405,330,0,1,0,0
687.321,339.948,-5.789,1.139,405,335,0,1,0,0
681.532,341.087,-5.789,1.139,405,340,0,1,0,0
675.743,342.225,-5.789,1.139,405,345,0,1,0,0
669.954,343.364,-5.789,1.139,405,350,0,1,0,0
664.164,344.503,-5.789,1.139,405,355,0,1,0,0
658.375,345.642,-5.789,1.139,405,360,0,1,0,0
652.586,346.781,-5.789,1.139,405,365,0,1,0,0
646.797,347.92,-5.789,1.139,405,370,0,1,0,0
641.008,349.059,-5.789,1.139,405,375,0,1,0,0
635.219,350.198,-5.789,1.139,405,380,0,1,0,0
629.43,351.337,-5.789,1.139,405,385,0,1,0,0
623.641,352.475,-5.789,1.139,405,390,0,1,0,0
617.852,353.614,-5.789,1.139,405,395,0,1,0,0
612.063,354.753,-5.789,1.139,400,400,-1,1,0,0
606.274,355.892,-5.789,1.139,395,405,-1,1,0,0
600.485,357.031,-5.789,1.139,390,410,-1,1,0,0
594.696,358.17,-5.789,1.139,385,415,-1,1,0,0
588.907,359.309,-5.789,1.139,380,420,-1,1,0,0
583.118,360.448,-5.789,1.139,375,425,-1,1,0,0
577.329,361.587,-5.789,1.139,370,430,-1,1,0,0
571.54,362.725,-5.789,1.139,365,430,-1,0,0,0
565.751,363.864,-5.789,1.139,360,425,-1,-1,0,0
559.962,365.003,-5.789,1.139,355,420,-1,-1,0,0
554.173,366.142,-5.789,1.139,350,415,-1,-1,0,0
548.384,367.281,-5.789,1.139,345,410,-1,-1,0,0
542.595,368.42,-5.789,1.139,340,405,-1,-1,0,0
536.806,369.559,-5.789,1.139,335,400,-1,-1,0,0
531.017,370.698,-5.789,1.139,335,395,0,-1,0,0
525.228,371.837,-5.789,1.139,335,390,0,-1,0,0
519.439,372.975,-5.789,1.139,335,385,0,-1,0,0
513.65,374.114,-5.789,1.139,335,380,0,-1,0,0
507.861,375.253,-5.789,1.139,335,375,0,-1,0,0
502.071,376.392,-5.789,1.139,335,370,0,-1,0,0
496.282,377.531,-5.789,1.139,335,365,0,-1,0,0
490.493,378.67,-5.789,1.139,335,365,0,0,0,0
484.704,379.809,-5.789,1.139,335,365,0,0,0,0
478.915,380.948,-5.789,1.139,335,365,0,0,0,0
473.126,382.087,-5.789,1.139,335,365,0,0,0,0
467.337,383.225,-5.789,1.139,335,365,0,0,0,0
461.548,384.364,-5.789,1.139,335,365,0,0,0,0
455.759,385.503,-5.789,1.139,335,365,0,0,0,0
449.97,386.642,-5.789,1.139,335,365,0,0,0,0
444.181,387.781,-5.789,1.139,335,365,0,0,0,0
438.392,388.92,-5.789,1.139,335,365,0,0,0,0
432.603,390.059,-5.789,1.139,335,365,0,0,0,0
426.814,391.198,-5.789,1.139,335,365,0,0,0,0
421.025,392.337,-5.789,1.139,335,365,0,0,0,0
415.236,393.475,-5.789,1.139,335,365,0,0,0,0
409.447,394.614,-5.789,1.139,335,365,0,0,0,0
403.658,395.753,-5.789,1.139,335,365,0,0,0,0
397.869,396.892,-5.789,1.139,335,365,0,0,0,0
392.08,398.031,-5.789,1.139,335,365,0,0,0,0
386.291,399.17,-5.789,1.139,335,365,0,0,0,0
380.502,400.309,-5.789,1.139,335,365,0,0,0,0
374.713,401.448,-5.789,1.139,335,365,0,0,0,0
368.924,402.587,-5.789,1.139,335,365,0,0,0,0
363.135,403.725,-5.789,1.139,335,365,0,0,0,0
357.346,404.864,-5.789,1.139,335,365,0,0,0,0
351.557,406.003,-5.789,1.139,340,365,1,0,0,0
345.768,407.142,-5.789,1.139,345,365,1,0,0,0
339.978,408.281,-5.789,1.139,350,365,1,0,0,0
334.189,409.42,-5.789,1.139,355,365,1,0,0,0
328.4,410.559,-5.789,1.139,360,365,1,0,0,0
322.611,411.698,-5.789,1.139,365,365,1,0,0,0
316.822,412.837,-5.789,1.139,370,365,1,0,0,0
311.033,413.975,-5.789,1.139,375,365,1,0,0,0
305.244,415.114,-5.789,1.139,380,365,1,0,0,0
299.455,416.253,-5.789,1.139,385,365,1,0,0,0
293.666,417.392,-5.789,1.139,390,365,1,0,0,0
287.877,418.531,-5.789,1.139,395,365,1,0,0,0
282.088,419.67,-5.789,1.139,395,365,0,0,0,0
276.299,420.809,-5.789,1.139,395,365,0,0,0,0
270.51,421.948,-5.789,1.139,395,365,0,0,0,0
264.721,423.087,-5.789,1.139,395,365,0,0,0,0
258.932,424.225,-5.789,1.139,395,365,0,0,0,0
253.143,425.364,-5.789,1.139,395,365,0,0,0,0
247.354,426.503,-5.789,1.139,395,365,0,0,0,0
241.565,427.642,-5.789,1.139,395,365,0,0,0,0
235.776,428.781,-5.789,1.139,395,365,0,0,0,0
229.987,429.92,-5.789,1.139,395,365,0,0,0,0
224.198,431.059,-5.789,1.139,395,365,0,0,0,0
218.409,432.198,-5.789,1.139,395,365,0,0,0,0
212.62,433.337,-5.789,1.139,395,365,0,0,0,0
206.831,434.475,-5.789,1.139,395,365,0,0,0,0
201.042,435.614,-5.789,1.139,395,365,0,0,0,0
195.253,436.753,-5.789,1.139,395,365,0,0,0,0
189.464,437.892,-5.789,1.139,395,365,0,0,0,0
183.675,439.031,-5.789,1.139,395,365,0,0,0,0
177.886,440.17,-5.789,1.139,395,365,0,0,0,0
172.096,441.309,-5.789,1.139,395,365,0,0,0,0
166.307,442.448,-5.789,1.139,395,365,0,0,0,0
160.518,443.587,-5.789,1.139,395,365,0,0,0,0
154.729,444.725,-5.789,1.139,395,365,0,0,0,0
148.94,445.864,-5.789,1.139,395,365,0,0,0,0
143.151,447.003,-5.789,1.139,395,365,0,0,0,0
137.362,448.142,-5.789,1.139,395,365,0,0,0,0
131.573,449.281,-5.789,1.139,395,365,0,0,0,0
125.784,450.42,-5.789,1.139,395,365,0,0,0,0
119.995,451.559,-5.789,1.139,395,365,0,0,0,0
114.206,452.698,-5.789,1.139,395,365,0,0,0,0
108.417,453.837,-5.789,1.139,395,365,0,0,0,0
102.628,454.976,-5.789,1.139,395,365,0,0,0,0
96.839,456.114,-5.789,1.139,395,365,0,0,0,0
91.05,457.253,-5.789,1.139,395,365,0,0,0,0
85.261,458.392,-5.789,1.139,400,365,1,0,0,0
79.472,459.531,-5.789,1.139,405,365,1,0,0,0
73.683,460.67,-5.789,1.139,410,365,1,0,0,0
67.894,461.809,-5.789,1.139,415,365,1,0,0,0
62.105,462.948,-5.789,1.139,420,365,1,0,0,0
56.316,464.087,-5.789,1.139,425,365,1,0,0,0
50.527,465.226,-5.789,1.139,430,365,1,0,0,0
49.0,466.364,6.042,-1.39,435,365,1,0,0,0
55.042,464.975,6.042,-1.39,440,365,1,0,0,0
61.084,463.585,6.042,-1.39,445,365,1,0,0,0
67.127,462.195,6.042,-1.39,450,365,1,0,0,0
73.169,460.805,6.042,-1.39,455,365,1,0,0,0
79.211,459.415,6.042,-1.39,460,365,1,0,0,0
85.253,458.026,6.042,-1.39,465,365,1,0,0,0
91.296,456.636,6.042,-1.39,470,370,1,1,0,0
97.338,455.246,6.042,-1.39,475,375,1,1,0,0
103.38,453.856,6.042,-1.39,475,380,0,1,0,0
109.422,452.467,6.042,-1.39,475,385,0,1,0,0
115.464,451.077,6.042,-1.39,475,390,0,1,0,0
121.507,449.687,6.042,-1.39,475,395,0,1,0,0
127.549,448.297,6.042,-1.39,475,400,0,1,0,0
133.591,446.907,6.042,-1.39,475,405,0,1,0,0
139.633,445.518,6.042,-1.39,475,410,0,1,0,0
145.676,444.128,6.042,-1.39,475,415,0,1,0,0
151.718,442.738,6.042,-1.39,475,420,0,1,0,0
157.76,441.348,6.042,-1.39,475,425,0,1,0,0
163.802,439.959,6.042,-1.39,475,430,0,1,0,0
169.845,438.569,6.042,-1.39,475,435,0,1,0,0
175.887,437.179,6.042,-1.39,475,440,0,1,0,0
181.929,435.789,6.042,-1.39,475,445,0,1,0,0
187.971,434.399,6.042,-1.39,475,450,0,1,0,0
194.013,433.01,6.042,-1.39,475,455,0,1,0,0
200.056,431.62,6.042,-1.39,475,460,0,1,0,0
206.098,430.23,6.042,-1.39,475,455,0,-1,0,0
212.14,428.84,6.042,-1.39,475,450,0,-1,0,0
218.182,427.45,6.042,-1.39,475,445,0,-1,0,0
224.225,426.061,6.042,-1.39,475,440,0,-1,0,0
230.267,424.671,6.042,-1.39,475,435,0,-1,0,0
236.309,423.281,6.042,-1.39,475,430,0,-1,0,0
242.351,421.891,6.042,-1.39,475,425,0,-1,0,0
248.393,420.502,6.042,-1.39,475,420,0,-1,0,0
254.436,419.112,6.042,-1.39,475,415,0,-1,0,0
260.478,417.722,6.042,-1.39,475,410,0,-1,0,0
266.52,416.332,6.042,-1.39,475,405,0,-1,0,0
272.562,414.942,6.042,-1.39,475,400,0,-1,0,0
278.605,413.553,6.042,-1.39,475,395,0,-1,0,0
284.647,412.163,6.042,-1.39,475,390,0,-1,0,0
290.689,410.773,6.042,-1.39,475,385,0,-1,0,0
296.731,409.383,6.042,-1.39,470,380,-1,-1,0,0
302.774,407.994,6.042,-1.39,465,375,-1,-1,0,0
308.816,406.604,6.042,-1.39,460,370,-1,-1,0,0
314.858,405.214,6.042,-1.39,455,365,-1,-1,0,0
320.9,403.824,6.042,-1.39,450,360,-1,-1,0,0
326.942,402.434,6.042,-1.39,445,355,-1,-1,0,0
332.985,401.045,6.042,-1.39,440,350,-1,-1,0,0
339.027,399.655,6.042,-1.39,435,345,-1,-1,0,0
345.069,398.265,6.042,-1.39,430,340,-1,-1,0,0
351.111,396.875,6.042,-1.39,425,335,-1,-1,0,0
357.154,395.486,6.042,-1.39,420,330,-1,-1,0,0
363.196,394.096,6.042,-1.39,415,325,-1,-1,0,0
369.238,392.706,6.042,-1.39,410,320,-1,-1,0,0
375.28,391.316,6.042,-1.39,405,315,-1,-1,0,0
381.322,389.926,6.042,-1.39,405,315,0,0,0,0
387.365,388.537,6.042,-1.39,405,315,0,0,0,0
393.407,387.147,6.042,-1.39,405,315,0,0,0,0
399.449,385.757,6.042,-1.39,405,315,0,0,0,0
405.491,384.367,6.042,-1.39,405,315,0,0,0,0
411.534,382.977,6.042,-1.39,405,315,0,0,0,0
417.576,381.588,6.042,-1.39,405,315,0,0,0,0
423.618,380.198,6.042,-1.39,405,315,0,0,0,0
429.66,378.808,6.042,-1.39,405,315,0,0,0,0
435.703,377.418,6.042,-1.39,405,315,0,0,0,0
441.745,376.029,6.042,-1.39,405,315,0,0,0,0
447.787,374.639,6.042,-1.39,405,315,0,0,0,0
453.829,373.249,6.042,-1.39,405,315,0,0,0,0
459.871,371.859,6.042,-1.39,405,315,0,0,0,0
465.914,370.469,6.042,-1.39,405,315,0,0,0,0
471.956,369.08,6.042,-1.39,405,315,0,0,0,0
477.998,367.69,6.042,-1.39,405,315,0,0,0,0
484.04,366.3,6.042,-1.39,405,315,0,0,0,0
490.083,364.91,6.042,-1.39,405,315,0,0,0,0
496.125,363.521,6.042,-1.39,405,315,0,0,0,0
502.167,362.131,6.042,-1.39,405,315,0,0,0,0
508.209,360.741,6.042,-1.39,405,315,0,0,0,0
514.251,359.351,6.042,-1.39,405,315,0,0,0,0
520.294,357.961,6.042,-1.39,405,315,0,0,0,0
526.336,356.572,6.042,-1.39,400,315,-1,0,0,0
532.378,355.182,6.042,-1.39,395,315,-1,0,0,0
538.42,353.792,6.042,-1.39,390,315,-1,0,0,0
544.463,352.402,6.042,-1.39,385,310,-1,-1,0,0
550.505,351.012,6.042,-1.39,380,305,-1,-1,0,0
556.547,349.623,6.042,-1.39,375,300,-1,-1,0,0
562.589,348.233,6.042,-1.39,370,295,-1,-1,0,0
568.632,346.843,6.042,-1.39,365,290,-1,-1,0,0
574.674,345.453,6.042,-1.39,360,285,-1,-1,0,0
580.716,344.064,6.042,-1.39,355,280,-1,-1,0,0
586.758,342.674,6.042,-1.39,350,280,-1,0,0,0
592.8,341.284,6.042,-1.39,345,280,-1,0,0,0
598.843,339.894,6.042,-1.39,340,280,-1,0,0,0
604.885,338.504,6.042,-1.39,335,280,-1,0,0,0
610.927,337.115,6.042,-1.39,335,280,0,0,0,0
616.969,335.725,6.042,-1.39,335,280,0,0,0,0
623.012,334.335,6.042,-1.39,335,280,0,0,0,0
629.054,332.945,6.042,-1.39,335,280,0,0,0,0
635.096,331.556,6.042,-1.39,335,280,0,0,0,0
641.138,330.166,6.042,-1.39,335,280,0,0,0,0
647.18,328.776,6.042,-1.39,335,280,0,0,0,0
653.223,327.386,6.042,-1.39,335,280,0,0,0,0
659.265,325.996,6.042,-1.39,335,280,0,0,0,0
665.307,324.607,6.042,-1.39,335,280,0,0,0,0
671.349,323.217,6.042,-1.39,335,280,0,0,0,0
677.392,321.827,6.042,-1.39,335,280,0,0,0,0
683.434,320.437,6.042,-1.39,335,280,0,0,0,0
689.476,319.047,6.042,-1.39,335,280,0,0,0,0
695.518,317.658,6.042,-1.39,335,280,0,0,0,0
701.56,316.268,6.042,-1.39,335,280,0,0,0,0
707.603,314.878,6.042,-1.39,335,280,0,0,0,0
713.645,313.488,6.042,-1.39,335,280,0,0,0,0
719.687,312.099,6.042,-1.39,335,280,0,0,0,0
725.729,310.709,6.042,-1.39,335,280,0,0,0,0
731.772,309.319,6.042,-1.39,335,280,0,0,0,0
737.814,307.929,6.042,-1.39,335,280,0,0,0,0
743.856,306.539,6.042,-1.39,335,280,0,0,0,0
749.898,305.15,6.042,-1.39,335,280,0,0,0,0
751.0,303.76,-5.921,-2.681,335,280,0,0,0,0
745.079,301.079,-5.921,-2.681,335,280,0,0,0,0
739.157,298.398,-5.921,-2.681,335,280,0,0,0,0
733.236,295.717,-5.921,-2.681,335,280,0,0,0,0
727.315,293.036,-5.921,-2.681,335,280,0,0,0,0
721.393,290.355,-5.921,-2.681,335,280,0,0,0,0
715.472,287.673,-5.921,-2.681,335,280,0,0,0,0
709.551,284.992,-5.921,-2.681,335,280,0,0,0,0
703.63,282.311,-5.921,-2.681,335,280,0,0,0,0
697.708,279.63,-5.921,-2.681,335,280,0,0,0,0
691.787,276.949,-5.921,-2.681,335,280,0,0,0,0
685.866,274.268,-5.921,-2.681,335,280,0,0,0,0
679.944,271.587,-5.921,-2.681,335,275,0,-1,0,0
674.023,268.906,-5.921,-2.681,335,270,0,-1,0,0
668.102,266.225,-5.921,-2.681,335,265,0,-1,0,0
662.18,263.544,-5.921,-2.681,335,260,0,-1,0,0
656.259,260.863,-5.921,-2.681,335,255,0,-1,0,0
650.338,258.182,-5.921,-2.681,335,250,0,-1,0,0
644.416,255.501,-5.921,-2.681,335,245,0,-1,0,0
638.495,252.82,-5.921,-2.681,335,240,0,-1,0,0
632.574,250.139,-5.921,-2.681,335,235,0,-1,0,0
626.653,247.458,-5.921,-2.681,335,230,0,-1,0,0
620.731,244.776,-5.921,-2.681,330,225,-1,-1,0,0
614.81,242.095,-5.921,-2.681,325,220,-1,-1,0,0
608.889,239.414,-5.921,-2.681,320,215,-1,-1,0,0
602.967,236.733,-5.921,-2.681,315,210,-1,-1,0,0
597.046,234.052,-5.921,-2.681,310,205,-1,-1,0,0
591.125,231.371,-5.921,-2.681,305,205,-1,0,0,0
585.203,228.69,-5.921,-2.681,300,205,-1,0,0,0
579.282,226.009,-5.921,-2.681,295,205,-1,0,0,0
573.361,223.328,-5.921,-2.681,290,205,-1,0,0,0
567.439,220.647,-5.921,-2.681,285,205,-1,0,0,0
561.518,217.966,-5.921,-2.681,280,205,-1,0,0,0
555.597,215.285,-5.921,-2.681,275,205,-1,0,0,0
549.676,212.604,-5.921,-2.681,270,205,-1,0,0,0
543.754,209.923,-5.921,-2.681,265,205,-1,0,0,0
537.833,207.242,-5.921,-2.681,260,205,-1,0,0,0
531.912,204.56,-5.921,-2.681,255,205,-1,0,0,0
525.99,201.879,-5.921,-2.681,250,205,-1,0,0,0
520.069,199.198,-5.921,-2.681,245,210,-1,1,0,0
514.148,196.517,-5.921,-2.681,240,215,-1,1,0,0
508.226,193.836,-5.921,-2.681,235,220,-1,1,0,0
502.305,191.155,-5.921,-2.681,230,225,-1,1,0,0
496.384,188.474,-5.921,-2.681,225,230,-1,1,0,0
490.462,185.793,-5.921,-2.681,220,235,-1,1,0,0
484.541,183.112,-5.921,-2.681,215,240,-1,1,0,0
478.62,180.431,-5.921,-2.681,210,245,-1,1,0,0
472.699,177.75,-5.921,-2.681,205,250,-1,1,0,0
466.777,175.069,-5.921,-2.681,200,255,-1,1,0,0
460.856,172.388,-5.921,-2.681,195,255,-1,0,0,0
454.935,169.707,-5.921,-2.681,190,255,-1,0,0,0
449.013,167.026,-5.921,-2.681,185,255,-1,0,0,0
443.092,164.345,-5.921,-2.681,180,255,-1,0,0,0
437.171,161.663,-5.921,-2.681,175,255,-1,0,0,0
431.249,158.982,-5.921,-2.681,175,255,0,0,0,0
425.328,156.301,-5.921,-2.681,175,255,0,0,0,0
419.407,153.62,-5.921,-2.681,175,255,0,0,0,0
413.485,150.939,-5.921,-2.681,175,255,0,0,0,0
407.564,148.258,-5.921,-2.681,175,255,0,0,0,0
401.643,145.577,-5.921,-2.681,175,255,0,0,0,0
395.722,142.896,-5.921,-2.681,175,255,0,0,0,0
389.8,140.215,-5.921,-2.681,175,255,0,0,0,0
383.879,137.534,-5.921,-2.681,175,255,0,0,0,0
377.958,134.853,-5.921,-2.681,175,255,0,0,0,0
372.036,132.172,-5.921,-2.681,175,255,0,0,0,0
366.115,129.491,-5.921,-2.681,175,255,0,0,0,0
360.194,126.81,-5.921,-2.681,175,255,0,0,0,0
354.272,124.129,-5.921,-2.681,175,255,0,0,0,0
348.351,121.447,-5.921,-2.681,175,255,0,0,0,0
342.43,118.766,-5.921,-2.681,170,260,-1,1,0,0
336.508,116.085,-5.921,-2.681,165,265,-1,1,0,0
330.587,113.404,-5.921,-2.681,160,270,-1,1,0,0
324.666,110.723,-5.921,-2.681,155,275,-1,1,0,0
318.744,108.042,-5.921,-2.681,150,280,-1,1,0,0
312.823,105.361,-5.921,-2.681,145,285,-1,1,0,0
306.902,102.68,-5.921,-2.681,140,290,-1,1,0,0
300.981,99.999,-5.921,-2.681,135,290,-1,0,0,0
295.059,97.318,-5.921,-2.681,130,290,-1,0,0,0
289.138,94.637,-5.921,-2.681,125,290,-1,0,0,0
283.217,91.956,-5.921,-2.681,120,290,-1,0,0,0
277.295,89.275,-5.921,-2.681,115,290,-1,0,0,0
271.374,86.594,-5.921,-2.681,110,290,-1,0,0,0
265.453,83.913,-5.921,-2.681,105,290,-1,0,0,0
259.531,81.231,-5.921,-2.681,100,290,-1,0,0,0
253.61,78.55,-5.921,-2.681,95,290,-1,0,0,0
247.689,75.869,-5.921,-2.681,90,290,-1,0,0,0
241.767,73.188,-5.921,-2.681,85,290,-1,0,0,0
235.846,70.507,-5.921,-2.681,80,290,-1,0,0,0
229.925,67.826,-5.921,-2.681,75,290,-1,0,0,0
224.004,65.145,-5.921,-2.681,70,290,-1,0,0,0
218.082,62.464,-5.921,-2.681,65,290,-1,0,0,0
212.161,59.783,-5.921,-2.681,60,290,-1,0,0,0
206.24,57.102,-5.921,-2.681,55,290,-1,0,0,0
200.318,54.421,-5.921,-2.681,50,290,-1,0,0,0
194.397,51.74,-5.921,-2.681,45,290,-1,0,0,0
188.476,49.059,-5.921,-2.681,40,290,-1,0,0,0
182.554,46.378,-5.921,-2.681,35,290,-1,0,0,0
176.633,43.697,-5.921,-2.681,30,290,-1,0,0,0
170.712,41.016,-5.921,-2.681,25,290,-1,0,0,0
164.79,38.334,-5.921,-2.681,20,290,-1,0,0,0
158.869,35.653,-5.921,-2.681,15,290,-1,0,0,0
152.948,32.972,-5.921,-2.681,10,290,-1,0,0,0
147.027,30.291,-5.921,-2.681,5,290,-1,0,0,0
141.105,27.61,-5.921,-2.681,0,290,-1,0,0,0
135.184,24.929,-5.921,-2.681,0,290,-1,0,0,0
129.263,22.248,-5.921,-2.681,0,290,-1,0,0,0
123.341,19.567,-5.921,-2.681,0,290,-1,0,0,0
117.42,16.886,-5.921,-2.681,0,290,0,0,0,0
111.499,14.205,-5.921,-2.681,0,290,0,0,0,0
105.577,11.524,-5.921,-2.681,0,290,0,0,0,0
99.656,8.843,-5.921,-2.681,0,290,0,0,0,0
93.735,6.162,-5.921,-2.681,0,290,0,0,0,0
87.813,6.0,-5.921,2.681,0,290,0,0,0,0
81.892,8.681,-5.921,2.681,0,290,0,0,0,0
75.971,11.362,-5.921,2.681,0,290,0,0,0,0
70.05,14.043,-5.921,2.681,0,290,0,0,0,0
64.128,16.724,-5.921,2.681,0,290,0,0,0,0
58.207,19.405,-5.921,2.681,0,290,0,0,0,0
52.286,22.086,-5.921,2.681,0,290,0,0,0,0
49.0,24.767,6.266,-2.64,0,290,0,0,0,0
55.266,22.127,6.266,-2.64,0,295,0,1,0,0
61.533,19.487,6.266,-2.64,0,300,0,1,0,0
67.799,16.846,6.266,-2.64,0,305,0,1,0,0
74.066,14.206,6.266,-2.64,0,310,0,1,0,0
80.332,11.565,6.266,-2.64,0,315,0,1,0,0
86.599,8.925,6.266,-2.64,0,320,0,1,0,0
92.865,6.284,6.266,-2.64,5,325,1,1,0,0
99.131,6.0,6.266,2.64,10,330,1,1,0,0
105.398,8.64,6.266,2.64,15,335,1,1,0,0
111.664,11.281,6.266,2.64,20,340,1,1,0,0
117.931,13.921,6.266,2.64,25,345,1,1,0,0
124.197,16.562,6.266,2.64,30,350,1,1,0,0
130.463,19.202,6.266,2.64,35,355,1,1,0,0
136.73,21.843,6.266,2.64,40,360,1,1,0,0
142.996,24.483,6.266,2.64,45,365,1,1,0,0
149.263,27.124,6.266,2.64,50,365,1,0,0,0
155.529,29.764,6.266,2.64,55,365,1,0,0,0
161.796,32.404,6.266,2.64,60,365,1,0,0,0
168.062,35.045,6.266,2.64,65,365,1,0,0,0
174.328,37.685,6.266,2.64,70,365,1,0,0,0
180.595,40.326,6.266,2.64,75,365,1,0,0,0
186.861,42.966,6.266,2.64,80,360,1,-1,0,0
193.128,45.607,6.266,2.64,85,355,1,-1,0,0
199.394,48.247,6.266,2.64,85,350,0,-1,0,0
205.661,50.888,6.266,2.64,85,345,0,-1,0,0
211.927,53.528,6.266,2.64,85,340,0,-1,0,0
218.193,56.168,6.266,2.64,85,335,0,-1,0,0
224.46,58.809,6.266,2.64,85,330,0,-1,0,0
230.726,61.449,6.266,2.64,85,325,0,-1,0,0
236.993,64.09,6.266,2.64,85,320,0,-1,0,0
243.259,66.73,6.266,2.64,85,315,0,-1,0,0
249.526,69.371,6.266,2.64,85,310,0,-1,0,0
255.792,72.011,6.266,2.64,85,305,0,-1,0,0
262.058,74.652,6.266,2.64,85,300,0,-1,0,0
268.325,77.292,6.266,2.64,85,295,0,-1,0,0
274.591,79.932,6.266,2.64,85,290,0,-1,0,0
280.858,82.573,6.266,2.64,85,285,0,-1,0,0
287.124,85.213,6.266,2.64,85,280,0,-1,0,0
293.39,87.854,6.266,2.64,85,275,0,-1,0,0
299.657,90.494,6.266,2.64,85,270,0,-1,0,0
305.923,93.135,6.266,2.64,85,265,0,-1,0,0
312.19,95.775,6.266,2.64,85,260,0,-1,0,0
318.456,98.416,6.266,2.64,85,255,0,-1,0,0
324.723,101.056,6.266,2.64,85,250,0,-1,0,0
330.989,103.697,6.266,2.64,85,245,0,-1,0,0
337.255,106.337,6.266,2.64,85,240,0,-1,0,0
343.522,108.977,6.266,2.64,85,235,0,-1,0,0
349.788,111.618,6.266,2.64,85,230,0,-1,0,0
356.055,114.258,6.266,2.64,80,225,-1,-1,0,0
362.321,116.899,6.266,2.64,75,220,-1,-1,0,0
368.588,119.539,6.266,2.64,70,215,-1,-1,0,0
374.854,122.18,6.266,2.64,65,210,-1,-1,0,0
381.12,124.82,6.266,2.64,60,205,-1,-1,0,0
387.387,127.461,6.266,2.64,60,200,0,-1,0,0
393.653,130.101,6.266,2.64,60,195,0,-1,0,0
399.92,132.741,6.266,2.64,60,195,0,0,0,0
406.186,135.382,6.266,2.64,60,195,0,0,0,0
412.452,138.022,6.266,2.64,60,195,0,0,0,0
418.719,140.663,6.266,2.64,60,195,0,0,0,0
424.985,143.303,6.266,2.64,60,195,0,0,0,0
431.252,145.944,6.266,2.64,60,195,0,0,0,0
437.518,148.584,6.266,2.64,60,195,0,0,0,0
443.785,151.225,6.266,2.64,60,195,0,0,0,0
450.051,153.865,6.266,2.64,60,195,0,0,0,0
456.317,156.505,6.266,2.64,60,195,0,0,0,0
462.584,159.146,6.266,2.64,60,195,0,0,0,0
468.85,161.786,6.266,2.64,60,195,0,0,0,0
475.117,164.427,6.266,2.64,60,195,0,0,0,0
481.383,167.067,6.266,2.64,60,195,0,0,0,0
487.65,169.708,6.266,2.64,60,195,0,0,0,0
493.916,172.348,6.266,2.64,60,195,0,0,0,0
500.182,174.989,6.266,2.64,60,195,0,0,0,0
506.449,177.629,6.266,2.64,60,195,0,0,0,0
512.715,180.269,6.266,2.64,60,195,0,0,0,0
518.982,182.91,6.266,2.64,60,195,0,0,0,0
525.248,185.55,6.266,2.64,60,195,0,0,0,0
531.514,188.191,6.266,2.64,65,195,1,0,0,0
537.781,190.831,6.266,2.64,70,195,1,0,0,0
544.047,193.472,6.266,2.64,75,195,1,0,0,0
550.314,196.112,6.266,2.64,80,195,1,0,0,0
556.58,198.753,6.266,2.64,85,195,1,0,0,0
562.847,201.393,6.266,2.64,90,195,1,0,0,0
569.113,204.033,6.266,2.64,95,195,1,0,0,0
575.379,206.674,6.266,2.64,100,195,1,0,0,0
581.646,209.314,6.266,2.64,105,195,1,0,0,0
587.912,211.955,6.266,2.64,110,195,1,0,0,0
594.179,214.595,6.266,2.64,115,195,1,0,0,0
600.445,217.236,6.266,2.64,120,195,1,0,0,0
606.712,219.876,6.266,2.64,125,195,1,0,0,0
612.978,222.517,6.266,2.64,130,195,1,0,0,0
619.244,225.157,6.266,2.64,135,195,1,0,0,0
625.511,227.797,6.266,2.64,140,195,1,0,0,0
631.777,230.438,6.266,2.64,145,195,1,0,0,0
638.044,233.078,6.266,2.64,150,195,1,0,0,0
644.31,235.719,6.266,2.64,155,195,1,0,0,0
650.577,238.359,6.266,2.64,160,195,1,0,0,0
656.843,241.0,6.266,2.64,165,195,1,0,0,0
663.109,243.64,6.266,2.64,170,195,1,0,0,0
669.376,246.281,6.266,2.64,175,195,1,0,0,0
675.642,248.921,6.266,2.64,180,195,1,0,0,0
681.909,251.562,6.266,2.64,185,195,1,0,0,0
688.175,254.202,6.266,2.64,190,195,1,0,0,0
694.441,256.842,6.266,2.64,195,195,1,0,0,0
700.708,259.483,6.266,2.64,200,195,1,0,0,0
706.974,262.123,6.266,2.64,205,195,1,0,0,0
713.241,264.764,6.266,2.64,210,195,1,0,0,0
719.507,267.404,6.266,2.64,215,195,1,0,0,0
725.774,270.045,6.266,2.64,220,195,1,0,0,0
732.04,272.685,6.266,2.64,225,195,1,0,0,0
738.306,275.326,6.266,2.64,230,200,1,1,0,0
744.573,277.966,6.266,2.64,235,205,1,1,0,0
750.839,280.606,6.266,2.64,240,210,1,1,0,0
751.0,283.247,-5.246,4.785,245,215,1,1,0,0
745.754,288.032,-5.246,4.785,250,220,1,1,0,0
740.509,292.817,-5.246,4.785,250,225,0,1,0,0
735.263,297.601,-5.246,4.785,250,230,0,1,0,0
730.018,302.386,-5.246,4.785,250,235,0,1,0,0
724.772,307.171,-5.246,4.785,250,240,0,1,0,0
719.527,311.956,-5.246,4.785,250,245,0,1,0,0
714.281,316.741,-5.246,4.785,250,250,0,1,0,0
709.036,321.525,-5.246,4.785,250,255,0,1,0,0
703.79,326.31,-5.246,4.785,250,260,0,1,0,0
698.545,331.095,-5.246,4.785,250,265,0,1,0,0
693.299,335.88,-5.246,4.785,250,270,0,1,0,0
688.054,340.665,-5.246,4.785,250,275,0,1,0,0
682.808,345.45,-5.246,4.785,250,280,0,1,0,0
677.563,350.234,-5.246,4.785,250,285,0,1,0,0
672.317,355.019,-5.246,4.785,250,290,0,1,0,0
667.072,359.804,-5.246,4.785,250,295,0,1,0,0
661.826,364.589,-5.246,4.785,250,300,0,1,0,0
656.581,369.374,-5.246,4.785,250,305,0,1,0,0
651.335,374.159,-5.246,4.785,250,310,0,1,0,0
646.09,378.943,-5.246,4.785,250,315,0,1,0,0
640.844,383.728,-5.246,4.785,250,320,0,1,0,0
635.599,388.513,-5.246,4.785,250,325,0,1,0,0
630.353,393.298,-5.246,4.785,250,330,0,1,0,0
625.108,398.083,-5.246,4.785,255,335,1,1,0,0
619.862,402.868,-5.246,4.785,260,340,1,1,0,0
614.617,407.652,-5.246,4.785,265,345,1,1,0,0
609.371,412.437,-5.246,4.785,270,350,1,1,0,0
604.126,417.222,-5.246,4.785,275,355,1,1,0,0
598.88,422.007,-5.246,4.785,280,360,1,1,0,0
593.635,426.792,-5.246,4.785,285,365,1,1,0,0
588.389,431.577,-5.246,4.785,290,370,1,1,0,0
583.144,436.361,-5.246,4.785,295,375,1,1,0,0
577.898,441.146,-5.246,4.785,300,380,1,1,0,0
572.652,445.931,-5.246,4.785,305,385,1,1,0,0
567.407,450.716,-5.246,4.785,310,390,1,1,0,0
562.161,455.501,-5.246,4.785,315,395,1,1,0,0
556.916,460.285,-5.246,4.785,320,395,1,0,0,0
551.67,465.07,-5.246,4.785,325,395,1,0,0,0
546.425,469.855,-5.246,4.785,330,395,1,0,0,0
541.179,474.64,-5.246,4.785,335,395,1,0,0,0
535.934,479.425,-5.246,4.785,340,395,1,0,0,0
530.688,484.21,-5.246,4.785,345,395,1,0,0,0
525.443,488.994,-5.246,4.785,350,395,1,0,0,0
520.197,493.779,-5.246,4.785,355,395,1,0,0,0
514.952,498.564,-5.246,4.785,360,395,1,0,0,0
509.706,503.349,-5.246,4.785,365,395,1,0,0,0
504.461,508.134,-5.246,4.785,370,395,1,0,0,0
499.215,512.919,-5.246,4.785,370,395,0,0,0,0
493.97,517.703,-5.246,4.785,370,395,0,0,0,0
488.724,522.488,-5.246,4.785,370,395,0,0,0,0
483.479,527.273,-5.246,4.785,370,395,0,0,0,0
478.233,532.058,-5.246,4.785,370,395,0,0,0,0
472.988,536.843,-5.246,4.785,370,395,0,0,0,0
467.742,541.628,-5.246,4.785,370,395,0,0,0,0
462.497,546.412,-5.246,4.785,370,395,0,0,0,0
457.251,551.197,-5.246,4.785,370,395,0,0,0,0
452.006,555.982,-5.246,4.785,370,395,0,0,0,0
446.76,560.767,-5.246,4.785,370,395,0,0,0,0
441.515,565.552,-5.246,4.785,370,395,0,0,0,0
436.269,570.336,-5.246,4.785,370,395,0,0,0,0
431.024,575.121,-5.246,4.785,370,395,0,0,0,0
425.778,579.906,-5.246,4.785,370,395,0,0,0,0
420.533,584.691,-5.246,4.785,370,395,0,0,0,0
415.287,589.476,-5.246,4.785,370,395,0,0,0,0
410.042,594.0,-5.246,-4.785,370,395,0,0,0,0
404.796,589.215,-5.246,-4.785,370,395,0,0,0,0
399.55,584.43,-5.246,-4.785,370,395,0,0,0,0
394.305,579.646,-5.246,-4.785,370,395,0,0,0,0
389.059,574.861,-5.246,-4.785,370,395,0,0,0,0
383.814,570.076,-5.246,-4.785,370,395,0,0,0,0
378.568,565.291,-5.246,-4.785,370,395,0,0,0,0
373.323,560.506,-5.246,-4.785,370,395,0,0,0,0
368.077,555.721,-5.246,-4.785,370,395,0,0,0,0
362.832,550.937,-5.246,-4.785,370,395,0,0,0,0
357.586,546.152,-5.246,-4.785,370,395,0,0,0,0
352.341,541.367,-5.246,-4.785,370,395,0,0,0,0
347.095,536.582,-5.246,-4.785,370,395,0,0,0,0
341.85,531.797,-5.246,-4.785,370,395,0,0,0,0
336.604,527.012,-5.246,-4.785,370,390,0,-1,0,0
331.359,522.228,-5.246,-4.785,370,385,0,-1,0,0
326.113,517.443,-5.246,-4.785,370,380,0,-1,0,0
320.868,512.658,-5.246,-4.785,370,375,0,-1,0,0
315.622,507.873,-5.246,-4.785,370,370,0,-1,0,0
310.377,503.088,-5.246,-4.785,370,365,0,-1,0,0
305.131,498.303,-5.246,-4.785,370,360,0,-1,0,0
299.886,493.519,-5.246,-4.785,370,355,0,-1,0,0
294.64,488.734,-5.246,-4.785,370,350,0,-1,0,0
289.395,483.949,-5.246,-4.785,370,345,0,-1,0,0
284.149,479.164,-5.246,-4.785,370,340,0,-1,0,0
278.904,474.379,-5.246,-4.785,370,335,0,-1,0,0
273.658,469.594,-5.246,-4.785,370,330,0,-1,0,0
268.413,464.81,-5.246,-4.785,370,325,0,-1,0,0
263.167,460.025,-5.246,-4.785,370,320,0,-1,0,0
257.922,455.24,-5.246,-4.785,370,315,0,-1,0,0
252.676,450.455,-5.246,-4.785,370,310,0,-1,0,0
247.431,445.67,-5.246,-4.785,370,305,0,-1,0,0
242.185,440.886,-5.246,-4.785,370,300,0,-1,0,0
236.94,436.101,-5.246,-4.785,370,295,0,-1,0,0
231.694,431.316,-5.246,-4.785,370,290,0,-1,0,0
226.448,426.531,-5.246,-4.785,370,285,0,-1,0,0
221.203,421.746,-5.246,-4.785,370,280,0,-1,0,0
215.957,416.961,-5.246,-4.785,370,275,0,-1,0,0
210.712,412.177,-5.246,-4.785,365,270,-1,-1,0,0
205.466,407.392,-5.246,-4.785,360,265,-1,-1,0,0
200.221,402.607,-5.246,-4.785,355,260,-1,-1,0,0
194.975,397.822,-5.246,-4.785,350,260,-1,0,0,0
189.73,393.037,-5.246,-4.785,345,260,-1,0,0,0
184.484,388.252,-5.246,-4.785,340,260,-1,0,0,0
179.239,383.468,-5.246,-4.785,335,260,-1,0,0,0
173.993,378.683,-5.246,-4.785,330,260,-1,0,0,0
168.748,373.898,-5.246,-4.785,325,260,-1,0,0,0
163.502,369.113,-5.246,-4.785,320,260,-1,0,0,0
158.257,364.328,-5.246,-4.785,315,260,-1,0,0,0
153.011,359.543,-5.246,-4.785,310,260,-1,0,0,0
147.766,354.759,-5.246,-4.785,305,260,-1,0,0,0
142.52,349.974,-5.246,-4.785,300,260,-1,0,0,0
137.275,345.189,-5.246,-4.785,295,255,-1,-1,0,0
132.029,340.404,-5.246,-4.785,290,250,-1,-1,0,0
126.784,335.619,-5.246,-4.785,285,245,-1,-1,0,0
121.538,330.834,-5.246,-4.785,280,240,-1,-1,0,0
116.293,326.05,-5.246,-4.785,275,235,-1,-1,0,0
111.047,321.265,-5.246,-4.785,270,230,-1,-1,0,0
105.802,316.48,-5.246,-4.785,265,225,-1,-1,0,0
100.556,311.695,-5.246,-4.785,260,220,-1,-1,0,0
95.311,306.91,-5.246,-4.785,255,215,-1,-1,0,0
90.065,302.126,-5.246,-4.785,250,210,-1,-1,0,0
84.82,297.341,-5.246,-4.785,245,205,-1,-1,0,0
79.574,292.556,-5.246,-4.785,240,200,-1,-1,0,0
74.329,287.771,-5.246,-4.785,235,195,-1,-1,0,0
69.083,282.986,-5.246,-4.785,230,190,-1,-1,0,0
63.838,278.201,-5.246,-4.785,225,185,-1,-1,0,0
58.592,273.417,-5.246,-4.785,220,180,-1,-1,0,0
53.347,268.632,-5.246,-4.785,215,175,-1,-1,0,0
48.101,263.847,-5.246,-4.785,210,170,-1,-1,0,0
49.0,259.062,6.904,2.663,205,165,-1,-1,0,0
55.904,261.725,6.904,2.663,200,160,-1,-1,0,0
62.808,264.388,6.904,2.663,195,155,-1,-1,0,0
69.713,267.052,6.904,2.663,190,150,-1,-1,0,0
76.617,269.715,6.904,2.663,185,145,-1,-1,0,0
83.521,272.378,6.904,2.663,180,145,-1,0,0,0
90.425,275.041,6.904,2.663,175,145,-1,0,0,0
97.329,277.704,6.904,2.663,170,145,-1,0,0,0
104.233,280.367,6.904,2.663,165,145,-1,0,0,0
111.138,283.03,6.904,2.663,160,145,-1,0,0,0
118.042,285.694,6.904,2.663,155,145,-1,0,0,0
124.946,288.357,6.904,2.663,150,145,-1,0,0,0
131.85,291.02,6.904,2.663,145,145,-1,0,0,0
138.754,293.683,6.904,2.663,140,145,-1,0,0,0
145.658,296.346,6.904,2.663,135,145,-1,0,0,0
152.563,299.009,6.904,2.663,130,145,-1,0,0,0
159.467,301.672,6.904,2.663,125,145,-1,0,0,0
166.371,304.336,6.904,2.663,125,145,0,0,0,0
173.275,306.999,6.904,2.663,125,145,0,0,0,0
180.179,309.662,6.904,2.663,125,145,0,0,0,0
187.084,312.325,6.904,2.663,125,150,0,1,0,0
193.988,314.988,6.904,2.663,125,155,0,1,0,0
200.892,317.651,6.904,2.663,125,160,0,1,0,0
207.796,320.315,6.904,2.663,125,165,0,1,0,0
214.7,322.978,6.904,2.663,125,170,0,1,0,0
221.604,325.641,6.904,2.663,125,175,0,1,0,0
228.509,328.304,6.904,2.663,125,180,0,1,0,0
235.413,330.967,6.904,2.663,125,185,0,1,0,0
242.317,333.63,6.904,2.663,125,190,0,1,0,0
249.221,336.293,6.904,2.663,125,195,0,1,0,0
256.125,338.957,6.904,2.663,125,200,0,1,0,0
263.029,341.62,6.904,2.663,125,205,0,1,0,0
269.934,344.283,6.904,2.663,125,210,0,1,0,0
276.838,346.946,6.904,2.663,125,215,0,1,0,0
283.742,349.609,6.904,2.663,125,220,0,1,0,0
290.646,352.272,6.904,2.663,125,225,0,1,0,0
297.55,354.935,6.904,2.663,125,230,0,1,0,0
304.454,357.599,6.904,2.663,125,235,0,1,0,0
311.359,360.262,6.904,2.663,125,240,0,1,0,0
318.263,362.925,6.904,2.663,130,245,1,1,0,0
325.167,365.588,6.904,2.663,135,250,1,1,0,0
332.071,368.251,6.904,2.663,140,255,1,1,0,0
338.975,370.914,6.904,2.663,145,260,1,1,0,0
345.88,373.578,6.904,2.663,150,265,1,1,0,0
352.784,376.241,6.904,2.663,155,270,1,1,0,0
359.688,378.904,6.904,2.663,160,275,1,1,0,0
366.592,381.567,6.904,2.663,165,280,1,1,0,0
373.496,384.23,6.904,2.663,170,285,1,1,0,0
380.4,386.893,6.904,2.663,175,290,1,1,0,0
387.305,389.556,6.904,2.663,180,295,1,1,0,0
394.209,392.22,6.904,2.663,185,300,1,1,0,0
401.113,394.883,6.904,2.663,190,305,1,1,0,0
408.017,397.546,6.904,2.663,195,310,1,1,0,0
414.921,400.209,6.904,2.663,200,315,1,1,0,0
421.825,402.872,6.904,2.663,205,320,1,1,0,0
428.73,405.535,6.904,2.663,210,325,1,1,0,0
435.634,408.198,6.904,2.663,215,330,1,1,0,0
442.538,410.862,6.904,2.663,220,335,1,1,0,0
449.442,413.525,6.904,2.663,225,340,1,1,0,0
456.346,416.188,6.904,2.663,230,345,1,1,0,0
463.251,418.851,6.904,2.663,235,350,1,1,0,0
470.155,421.514,6.904,2.663,240,355,1,1,0,0
477.059,424.177,6.904,2.663,245,360,1,1,0,0
483.963,426.84,6.904,2.663,250,365,1,1,0,0
490.867,429.504,6.904,2.663,255,370,1,1,0,0
497.771,432.167,6.904,2.663,260,375,1,1,0,0
504.676,434.83,6.904,2.663,260,380,0,1,0,0
511.58,437.493,6.904,2.663,260,385,0,1,0,0
518.484,440.156,6.904,2.663,260,390,0,1,0,0
525.388,442.819,6.904,2.663,260,395,0,1,0,0
532.292,445.483,6.904,2.663,260,400,0,1,0,0
539.196,448.146,6.904,2.663,260,405,0,1,0,0
546.101,450.809,6.904,2.663,260,410,0,1,0,0
553.005,453.472,6.904,2.663,260,415,0,1,0,0
559.909,456.135,6.904,2.663,260,420,0,1,0,0
566.813,458.798,6.904,2.663,260,425,0,1,0,0
573.717,461.461,6.904,2.663,260,430,0,1,0,0
580.621,464.125,6.904,2.663,260,435,0,1,0,0
587.526,466.788,6.904,2.663,260,440,0,1,0,0
594.43,469.451,6.904,2.663,260,445,0,1,0,0
601.334,472.114,6.904,2.663,260,450,0,1,0,0
608.238,474.777,6.904,2.663,260,455,0,1,0,0
615.142,477.44,6.904,2.663,260,460,0,1,0,0
622.047,480.103,6.904,2.663,260,460,0,0,0,0
628.951,482.767,6.904,2.663,260,460,0,0,0,0
635.855,485.43,6.904,2.663,260,460,0,0,0,0
642.759,488.093,6.904,2.663,260,460,0,0,0,0
649.663,490.756,6.904,2.663,260,460,0,0,0,0
656.567,493.419,6.904,2.663,260,460,0,0,0,0
663.472,496.082,6.904,2.663,260,460,0,0,0,0
670.376,498.746,6.904,2.663,260,460,0,0,0,0
677.28,501.409,6.904,2.663,260,460,0,0,0,0
684.184,504.072,6.904,2.663,260,460,0,0,0,0
691.088,506.735,6.904,2.663,260,460,0,0,0,0
697.992,509.398,6.904,2.663,260,460,0,0,0,0
704.897,512.061,6.904,2.663,260,460,0,0,0,0
711.801,514.724,6.904,2.663,260,460,0,0,0,0
718.705,517.388,6.904,2.663,260,460,0,0,0,0
725.609,520.051,6.904,2.663,260,460,0,0,0,0
732.513,522.714,6.904,2.663,260,460,0,0,0,0
739.418,525.377,6.904,2.663,260,460,0,0,0,0
746.322,528.04,6.904,2.663,260,465,0,1,0,0
751.0,530.703,-6.596,3.972,260,470,0,1,0,0
744.404,534.675,-6.596,3.972,260,475,0,1,0,0
737.807,538.648,-6.596,3.972,260,480,0,1,0,0
731.211,542.62,-6.596,3.972,260,485,0,1,0,0
724.614,546.592,-6.596,3.972,260,490,0,1,0,0
718.018,550.564,-6.596,3.972,260,495,0,1,0,0
711.422,554.536,-6.596,3.972,260,500,0,1,0,0
704.825,558.508,-6.596,3.972,260,505,0,1,0,0
698.229,562.48,-6.596,3.972,260,510,0,1,0,0
691.633,566.452,-6.596,3.972,260,515,0,1,0,0
685.036,570.425,-6.596,3.972,260,520,0,1,0,0
678.44,574.397,-6.596,3.972,260,520,0,1,0,0
671.843,578.369,-6.596,3.972,260,520,0,1,0,0
665.247,582.341,-6.596,3.972,260,520,0,1,0,0
658.651,586.313,-6.596,3.972,260,520,0,1,0,0
652.054,590.285,-6.596,3.972,260,520,0,1,0,0
645.458,594.0,-6.596,-3.972,260,520,0,1,0,0
638.862,590.028,-6.596,-3.972,260,520,0,1,0,0
632.265,586.056,-6.596,-3.972,260,520,0,1,0,0
625.669,582.084,-6.596,-3.972,260,520,0,1,0,0
619.072,578.112,-6.596,-3.972,265,520,1,1,0,0
612.476,574.139,-6.596,-3.972,270,520,1,1,0,0
605.88,570.167,-6.596,-3.972,275,520,1,0,0,0
599.283,566.195,-6.596,-3.972,280,520,1,0,0,0
592.687,562.223,-6.596,-3.972,285,520,1,0,0,0
586.091,558.251,-6.596,-3.972,290,520,1,0,0,0
579.494,554.279,-6.596,-3.972,295,520,1,0,0,0
572.898,550.307,-6.596,-3.972,300,520,1,0,0,0
566.301,546.335,-6.596,-3.972,305,520,1,0,0,0
559.705,542.362,-6.596,-3.972,310,520,1,0,0,0
553.109,538.39,-6.596,-3.972,315,520,1,0,0,0
546.512,534.418,-6.596,-3.972,320,515,1,-1,0,0
539.916,530.446,-6.596,-3.972,325,510,1,-1,0,0
533.319,526.474,-6.596,-3.972,330,505,1,-1,0,0
526.723,522.502,-6.596,-3.972,335,500,1,-1,0,0
520.127,518.53,-6.596,-3.972,335,495,0,-1,0,0
513.53,514.558,-6.596,-3.972,335,490,0,-1,0,0
506.934,510.585,-6.596,-3.972,335,485,0,-1,0,0
500.338,506.613,-6.596,-3.972,335,480,0,-1,0,0
493.741,502.641,-6.596,-3.972,335,475,0,-1,0,0
487.145,498.669,-6.596,-3.972,335,470,0,-1,0,0
480.548,494.697,-6.596,-3.972,335,465,0,-1,0,0
473.952,490.725,-6.596,-3.972,335,460,0,-1,0,0
467.356,486.753,-6.596,-3.972,335,455,0,-1,0,0
460.759,482.781,-6.596,-3.972,335,450,0,-1,0,0
454.163,478.808,-6.596,-3.972,335,445,0,-1,0,0
447.567,474.836,-6.596,-3.972,335,440,0,-1,0,0
440.97,470.864,-6.596,-3.972,335,435,0,-1,0,0
434.374,466.892,-6.596,-3.972,335,430,0,-1,0,0
427.777,462.92,-6.596,-3.972,335,425,0,-1,0,0
421.181,458.948,-6.596,-3.972,335,420,0,-1,0,0
414.585,454.976,-6.596,-3.972,335,415,0,-1,0,0
407.988,451.004,-6.596,-3.972,335,410,0,-1,0,0
401.392,447.031,-6.596,-3.972,335,405,0,-1,0,0
394.795,443.059,-6.596,-3.972,335,400,0,-1,0,0
388.199,439.087,-6.596,-3.972,335,395,0,-1,0,0
381.603,435.115,-6.596,-3.972,335,390,0,-1,0,0
375.006,431.143,-6.596,-3.972,335,385,0,-1,0,0
368.41,427.171,-6.596,-3.972,335,380,0,-1,0,0
361.814,423.199,-6.596,-3.972,335,375,0,-1,0,0
355.217,419.227,-6.596,-3.972,335,370,0,-1,0,0
348.621,415.254,-6.596,-3.972,335,365,0,-1,0,0
342.024,411.282,-6.596,-3.972,335,360,0,-1,0,0
335.428,407.31,-6.596,-3.972,335,355,0,-1,0,0
328.832,403.338,-6.596,-3.972,335,350,0,-1,0,0
322.235,399.366,-6.596,-3.972,335,345,0,-1,0,0
315.639,395.394,-6.596,-3.972,335,340,0,-1,0,0
309.043,391.422,-6.596,-3.972,335,335,0,-1,0,0
302.446,387.45,-6.596,-3.972,335,330,0,-1,0,0
295.85,383.477,-6.596,-3.972,335,325,0,-1,0,0
289.253,379.505,-6.596,-3.972,335,320,0,-1,0,0
282.657,375.533,-6.596,-3.972,335,315,0,-1,0,0
276.061,371.561,-6.596,-3.972,335,310,0,-1,0,0
269.464,367.589,-6.596,-3.972,335,305,0,-1,0,0
262.868,363.617,-6.596,-3.972,330,300,-1,-1,0,0
256.272,359.645,-6.596,-3.972,325,295,-1,-1,0,0
249.675,355.673,-6.596,-3.972,320,290,-1,-1,0,0
243.079,351.7,-6.596,-3.972,315,285,-1,-1,0,0
236.482,347.728,-6.596,-3.972,310,280,-1,-1,0,0
229.886,343.756,-6.596,-3.972,305,275,-1,-1,0,0
223.29,339.784,-6.596,-3.972,300,270,-1,-1,0,0
216.693,335.812,-6.596,-3.972,295,265,-1,-1,0,0
210.097,331.84,-6.596,-3.972,295,260,0,-1,0,0
203.5,327.868,-6.596,-3.972,295,255,0,-1,0,0
196.904,323.896,-6.596,-3.972,295,250,0,-1,0,0
190.308,319.923,-6.596,-3.972,295,245,0,-1,0,0
183.711,315.951,-6.596,-3.972,295,240,0,-1,0,0
177.115,311.979,-6.596,-3.972,295,235,0,-1,0,0
170.519,308.007,-6.596,-3.972,295,230,0,-1,0,0
163.922,304.035,-6.596,-3.972,295,225,0,-1,0,0
157.326,300.063,-6.596,-3.972,295,220,0,-1,0,0
150.729,296.091,-6.596,-3.972,295,215,0,-1,0,0
144.133,292.119,-6.596,-3.972,290,210,-1,-1,0,0
137.537,288.146,-6.596,-3.972,285,205,-1,-1,0,0
130.94,284.174,-6.596,-3.972,280,200,-1,-1,0,0
124.344,280.202,-6.596,-3.972,275,195,-1,-1,0,0
117.748,276.23,-6.596,-3.972,270,190,-1,-1,0,0
111.151,272.258,-6.596,-3.972,265,185,-1,-1,0,0
104.555,268.286,-6.596,-3.972,260,180,-1,-1,0,0
97.958,264.314,-6.596,-3.972,255,175,-1,-1,0,0
91.362,260.342,-6.596,-3.972,250,170,-1,-1,0,0
84.766,256.369,-6.596,-3.972,245,165,-1,-1,0,0
78.169,252.397,-6.596,-3.972,245,160,0,-1,0,0
71.573,248.425,-6.596,-3.972,245,155,0,-1,0,0
64.976,244.453,-6.596,-3.972,245,150,0,-1,0,0
58.38,240.481,-6.596,-3.972,245,145,0,-1,0,0
51.784,236.509,-6.596,-3.972,245,140,0,-1,0,0
45.187,232.537,-6.596,-3.972,245,135,0,-1,0,0
38.591,228.565,-6.596,-3.972,240,130,-1,-1,0,0
31.995,224.592,-6.596,-3.972,235,125,-1,-1,0,0
25.398,220.62,-6.596,-3.972,230,120,-1,-1,0,0
18.802,216.648,-6.596,-3.972,225,115,-1,-1,0,0
12.205,212.676,-6.596,-3.972,220,110,-1,-1,0,0
5.609,208.704,-6.596,-3.972,215,105,-1,-1,0,0
-0.987,204.732,-6.596,-3.972,210,100,-1,-1,0,0
400.0,300.0,4.704,1.694,205,95,-1,-1,0,1
404.704,301.694,4.704,1.694,205,95,0,0,0,0
409.409,303.388,4.704,1.694,205,95,0,0,0,0
414.113,305.082,4.704,1.694,205,95,0,0,0,0
418.817,306.776,4.704,1.694,205,95,0,0,0,0
423.521,308.47,4.704,1.694,205,95,0,0,0,0
428.226,310.164,4.704,1.694,205,95,0,0,0,0
432.93,311.859,4.704,1.694,205,95,0,0,0,0
437.634,313.553,4.704,1.694,205,95,0,0,0,0
442.338,315.247,4.704,1.694,205,95,0,0,0,0
447.043,316.941,4.704,1.694,205,95,0,0,0,0
451.747,318.635,4.704,1.694,205,95,0,0,0,0
456.451,320.329,4.704,1.694,205,95,0,0,0,0
461.155,322.023,4.704,1.694,205,95,0,0,0,0
465.86,323.717,4.704,1.694,205,95,0,0,0,0
470.564,325.411,4.704,1.694,205,95,0,0,0,0
475.268,327.105,4.704,1.694,205,95,0,0,0,0
479.972,328.799,4.704,1.694,205,95,0,0,0,0
484.677,330.493,4.704,1.694,205,95,0,0,0,0
489.381,332.187,4.704,1.694,205,95,0,0,0,0
494.085,333.882,4.704,1.694,205,95,0,0,0,0
498.79,335.576,4.704,1.694,205,95,0,0,0,0
503.494,337.27,4.704,1.694,205,95,0,0,0,0
508.198,338.964,4.704,1.694,205,90,0,-1,0,0
512.902,340.658,4.704,1.694,205,85,0,-1,0,0
517.607,342.352,4.704,1.694,205,80,0,-1,0,0
522.311,344.046,4.704,1.694,205,75,0,-1,0,0
527.015,345.74,4.704,1.694,205,70,0,-1,0,0
531.719,347.434,4.704,1.694,205,65,0,-1,0,0
536.424,349.128,4.704,1.694,205,60,0,-1,0,0
541.128,350.822,4.704,1.694,205,55,0,-1,0,0
545.832,352.516,4.704,1.694,205,50,0,-1,0,0
550.536,354.211,4.704,1.694,205,50,0,0,0,0
555.241,355.905,4.704,1.694,205,50,0,0,0,0
559.945,357.599,4.704,1.694,205,50,0,0,0,0
564.649,359.293,4.704,1.694,205,55,0,1,0,0
569.353,360.987,4.704,1.694,205,60,0,1,0,0
574.058,362.681,4.704,1.694,205,65,0,1,0,0
578.762,364.375,4.704,1.694,205,70,0,1,0,0
583.466,366.069,4.704,1.694,205,75,0,1,0,0
588.171,367.763,4.704,1.694,205,80,0,1,0,0
592.875,369.457,4.704,1.694,205,85,0,1,0,0
597.579,371.151,4.704,1.694,205,90,0,1,0,0
602.283,372.845,4.704,1.694,205,95,0,1,0,0
606.988,374.539,4.704,1.694,205,100,0,1,0,0
611.692,376.234,4.704,1.694,205,105,0,1,0,0
616.396,377.928,4.704,1.694,205,110,0,1,0,0
621.1,379.622,4.704,1.694,205,115,0,1,0,0
625.805,381.316,4.704,1.694,205,120,0,1,0,0
630.509,383.01,4.704,1.694,205,125,0,1,0,0
635.213,384.704,4.704,1.694,205,130,0,1,0,0
639.917,386.398,4.704,1.694,205,135,0,1,0,0
644.622,388.092,4.704,1.694,205,140,0,1,0,0
649.326,389.786,4.704,1.694,205,145,0,1,0,0
654.03,391.48,4.704,1.694,205,150,0,1,0,0
658.735,393.174,4.704,1.694,205,155,0,1,0,0
663.439,394.868,4.704,1.694,205,160,0,1,0,0
668.143,396.562,4.704,1.694,205,165,0,1,0,0
672.847,398.257,4.704,1.694,205,170,0,1,0,0
677.552,399.951,4.704,1.694,205,175,0,1,0,0
682.256,401.645,4.704,1.694,205,180,0,1,0,0
686.96,403.339,4.704,1.694,205,185,0,1,0,0
691.664,405.033,4.704,1.694,205,190,0,1,0,0
696.369,406.727,4.704,1.694,205,195,0,1,0,0
701.073,408.421,4.704,1.694,205,200,0,1,0,0
705.777,410.115,4.704,1.694,205,205,0,1,0,0
710.481,411.809,4.704,1.694,205,210,0,1,0,0
715.186,413.503,4.704,1.694,205,215,0,1,0,0
719.89,415.197,4.704,1.694,205,220,0,1,0,0
724.594,416.891,4.704,1.694,205,225,0,1,0,0
729.298,418.586,4.704,1.694,205,230,0,1,0,0
734.003,420.28,4.704,1.694,205,235,0,1,0,0
738.707,421.974,4.704,1.694,205,240,0,1,0,0
743.411,423.668,4.704,1.694,205,245,0,1,0,0
748.116,425.362,4.704,1.694,205,250,0,1,0,0
752.82,427.056,4.704,1.694,205,255,0,1,0,0
757.524,428.75,4.704,1.694,205,260,0,1,0,0
762.228,430.444,4.704,1.694,205,265,0,1,0,0
766.933,432.138,4.704,1.694,205,270,0,1,0,0
771.637,433.832,4.704,1.694,205,275,0,1,0,0
776.341,435.526,4.704,1.694,205,280,0,1,0,0
781.045,437.22,4.704,1.694,205,285,0,1,0,0
785.75,438.914,4.704,1.694,205,290,0,1,0,0
790.454,440.609,4.704,1.694,205,295,0,1,0,0
795.158,442.303,4.704,1.694,205,300,0,1,0,0
799.862,443.997,4.704,1.694,205,305,0,1,0,0
804.567,445.691,4.704,1.694,205,310,0,1,0,0
400.0,300.0,-3.951,-3.064,205,315,0,1,1,0
396.049,296.936,-3.951,-3.064,205,315,0,0,0,0
392.098,293.872,-3.951,-3.064,205,315,0,0,0,0
388.146,290.808,-3.951,-3.064,205,315,0,0,0,0
384.195,287.744,-3.951,-3.064,205,315,0,0,0,0
380.244,284.68,-3.951,-3.064,205,315,0,0,0,0
376.293,281.616,-3.951,-3.064,205,315,0,0,0,0
372.341,278.552,-3.951,-3.064,205,315,0,0,0,0
368.39,275.489,-3.951,-3.064,205,315,0,0,0,0
364.439,272.425,-3.951,-3.064,205,315,0,0,0,0
360.488,269.361,-3.951,-3.064,205,315,0,0,0,0
356.536,266.297,-3.951,-3.064,205,315,0,0,0,0
352.585,263.233,-3.951,-3.064,205,315,0,0,0,0
348.634,260.169,-3.951,-3.064,205,315,0,0,0,0
344.683,257.105,-3.951,-3.064,205,315,0,0,0,0
340.731,254.041,-3.951,-3.064,205,315,0,0,0,0
336.78,250.977,-3.951,-3.064,205,315,0,0,0,0
332.829,247.913,-3.951,-3.064,205,315,0,0,0,0
328.878,244.849,-3.951,-3.064,205,315,0,0,0,0
324.926,241.785,-3.951,-3.064,205,315,0,0,0,0
320.975,238.721,-3.951,-3.064,205,315,0,0,0,0
317.024,235.657,-3.951,-3.064,205,315,0,0,0,0
313.073,232.593,-3.951,-3.064,205,315,0,0,0,0
309.121,229.53,-3.951,-3.064,205,315,0,0,0,0
305.17,226.466,-3.951,-3.064,205,315,0,0,0,0
301.219,223.402,-3.951,-3.064,205,315,0,0,0,0
297.268,220.338,-3.951,-3.064,205,315,0,0,0,0
293.316,217.274,-3.951,-3.064,205,315,0,0,0,0
289.365,214.21,-3.951,-3.064,205,315,0,0,0,0
285.414,211.146,-3.951,-3.064,205,315,0,0,0,0
281.463,208.082,-3.951,-3.064,205,310,0,-1,0,0
277.511,205.018,-3.951,-3.064,205,305,0,-1,0,0
273.56,201.954,-3.951,-3.064,205,300,0,-1,0,0
269.609,198.89,-3.951,-3.064,205,295,0,-1,0,0
265.658,195.826,-3.951,-3.064,205,290,0,-1,0,0
261.707,192.762,-3.951,-3.064,210,285,1,-1,0,0
257.755,189.698,-3.951,-3.064,215,280,1,-1,0,0
253.804,186.635,-3.951,-3.064,220,275,1,-1,0,0
249.853,183.571,-3.951,-3.064,215,270,-1,-1,0,0
245.902,180.507,-3.951,-3.064,210,265,-1,-1,0,0
241.95,177.443,-3.951,-3.064,205,260,-1,-1,0,0
237.999,174.379,-3.951,-3.064,200,255,-1,-1,0,0
234.048,171.315,-3.951,-3.064,195,250,-1,-1,0,0
230.097,168.251,-3.951,-3.064,190,245,-1,-1,0,0
226.145,165.187,-3.951,-3.064,185,240,-1,-1,0,0
222.194,162.123,-3.951,-3.064,180,235,-1,-1,0,0
218.243,159.059,-3.951,-3.064,175,230,-1,-1,0,0
214.292,155.995,-3.951,-3.064,170,225,-1,-1,0,0
210.34,152.931,-3.951,-3.064,165,220,-1,-1,0,0
206.389,149.867,-3.951,-3.064,160,215,-1,-1,0,0
202.438,146.803,-3.951,-3.064,155,210,-1,-1,0,0
198.487,143.739,-3.951,-3.064,150,205,-1,-1,0,0
194.535,140.676,-3.951,-3.064,145,200,-1,-1,0,0
190.584,137.612,-3.951,-3.064,140,195,-1,-1,0,0
186.633,134.548,-3.951,-3.064,135,190,-1,-1,0,0
182.682,131.484,-3.951,-3.064,130,185,-1,-1,0,0
178.73,128.42,-3.951,-3.064,125,180,-1,-1,0,0
174.779,125.356,-3.951,-3.064,120,175,-1,-1,0,0
170.828,122.292,-3.951,-3.064,115,170,-1,-1,0,0
166.877,119.228,-3.951,-3.064,110,165,-1,-1,0,0
162.925,116.164,-3.951,-3.064,105,160,-1,-1,0,0
158.974,113.1,-3.951,-3.064,100,155,-1,-1,0,0
155.023,110.036,-3.951,-3.064,95,150,-1,-1,0,0
151.072,106.972,-3.951,-3.064,90,145,-1,-1,0,0
147.12,103.908,-3.951,-3.064,85,140,-1,-1,0,0
143.169,100.844,-3.951,-3.064,80,135,-1,-1,0,0
139.218,97.78,-3.951,-3.064,75,130,-1,-1,0,0
135.267,94.717,-3.951,-3.064,70,125,-1,-1,0,0
131.316,91.653,-3.951,-3.064,65,120,-1,-1,0,0
127.364,88.589,-3.951,-3.064,60,115,-1,-1,0,0
123.413,85.525,-3.951,-3.064,55,110,-1,-1,0,0
119.462,82.461,-3.951,-3.064,50,105,-1,-1,0,0
115.511,79.397,-3.951,-3.064,45,100,-1,-1,0,0
111.559,76.333,-3.951,-3.064,40,95,-1,-1,0,0
107.608,73.269,-3.951,-3.064,35,90,-1,-1,0,0
103.657,70.205,-3.951,-3.064,30,85,-1,-1,0,0
99.706,67.141,-3.951,-3.064,25,80,-1,-1,0,0
95.754,64.077,-3.951,-3.064,20,75,-1,-1,0,0
91.803,61.013,-3.951,-3.064,15,70,-1,-1,0,0
87.852,57.949,-3.951,-3.064,10,65,-1,-1,0,0
83.901,54.885,-3.951,-3.064,5,60,-1,-1,0,0
79.949,51.821,-3.951,-3.064,0,55,-1,-1,0,0
75.998,48.758,-3.951,-3.064,0,50,-1,-1,0,0
72.047,45.694,-3.951,-3.064,0,45,-1,-1,0,0
68.096,42.63,-3.951,-3.064,0,40,-1,-1,0,0
64.144,39.566,-3.951,-3.064,0,40,-1,0,0,0
60.193,36.502,-3.951,-3.064,0,40,-1,0,0,0
56.242,33.438,-3.951,-3.064,0,40,-1,0,0,0
52.291,30.374,-3.951,-3.064,0,40,-1,0,0,0
48.339,27.31,-3.951,-3.064,0,40,-1,0,0,0
49.0,24.246,4.856,-2.124,0,40,-1,0,0,0
53.856,22.122,4.856,-2.124,0,40,-1,0,0,0
58.711,19.997,4.856,-2.124,0,40,-1,0,0,0
63.567,17.873,4.856,-2.124,0,40,-1,0,0,0
68.422,15.748,4.856,-2.124,0,40,-1,0,0,0
73.278,13.624,4.856,-2.124,0,40,-1,0,0,0
78.133,11.499,4.856,-2.124,0,40,-1,0,0,0
82.989,9.375,4.856,-2.124,0,40,-1,0,0,0
87.845,7.25,4.856,-2.124,0,40,-1,0,0,0
92.7,6.0,4.856,2.124,0,40,-1,0,0,0
97.556,8.124,4.856,2.124,0,45,-1,1,0,0
102.411,10.249,4.856,2.124,0,50,-1,1,0,0
107.267,12.373,4.856,2.124,0,55,-1,1,0,0
112.123,14.498,4.856,2.124,0,60,-1,1,0,0
116.978,16.622,4.856,2.124,0,65,-1,1,0,0
121.834,18.747,4.856,2.124,0,70,-1,1,0,0
126.689,20.871,4.856,2.124,0,75,0,1,0,0
131.545,22.996,4.856,2.124,0,80,0,1,0,0
136.4,25.12,4.856,2.124,0,85,0,1,0,0
141.256,27.245,4.856,2.124,0,90,0,1,0,0
146.112,29.369,4.856,2.124,0,95,0,1,0,0
150.967,31.494,4.856,2.124,0,100,0,1,0,0
155.823,33.618,4.856,2.124,0,105,0,1,0,0
160.678,35.743,4.856,2.124,0,110,0,1,0,0
165.534,37.867,4.856,2.124,0,115,0,1,0,0
170.389,39.991,4.856,2.124,0,120,0,1,0,0
175.245,42.116,4.856,2.124,0,125,0,1,0,0
180.101,44.24,4.856,2.124,0,130,0,1,0,0
184.956,46.365,4.856,2.124,0,135,0,1,0,0
189.812,48.489,4.856,2.124,0,140,0,1,0,0
194.667,50.614,4.856,2.124,0,145,0,1,0,0
199.523,52.738,4.856,2.124,0,150,0,1,0,0
204.379,54.863,4.856,2.124,0,155,0,1,0,0
209.234,56.987,4.856,2.124,5,160,1,1,0,0
214.09,59.112,4.856,2.124,10,165,1,1,0,0
218.945,61.236,4.856,2.124,15,170,1,1,0,0
223.801,63.361,4.856,2.124,20,175,1,1,0,0
228.656,65.485,4.856,2.124,25,180,1,1,0,0
233.512,67.61,4.856,2.124,30,185,1,1,0,0
238.368,69.734,4.856,2.124,35,190,1,1,0,0
243.223,71.858,4.856,2.124,40,195,1,1,0,0
248.079,73.983,4.856,2.124,45,200,1,1,0,0
252.934,76.107,4.856,2.124,50,205,1,1,0,0
257.79,78.232,4.856,2.124,55,210,1,1,0,0
262.645,80.356,4.856,2.124,60,215,1,1,0,0
267.501,82.481,4.856,2.124,65,220,1,1,0,0
272.357,84.605,4.856,2.124,70,225,1,1,0,0
277.212,86.73,4.856,2.124,75,230,1,1,0,0
282.068,88.854,4.856,2.124,80,235,1,1,0,0
286.923,90.979,4.856,2.124,80,240,0,1,0,0
291.779,93.103,4.856,2.124,80,245,0,1,0,0
296.634,95.228,4.856,2.124,80,250,0,1,0,0
301.49,97.352,4.856,2.124,80,255,0,1,0,0
306.346,99.477,4.856,2.124,80,260,0,1,0,0
311.201,101.601,4.856,2.124,80,265,0,1,0,0
316.057,103.725,4.856,2.124,80,270,0,1,0,0
320.912,105.85,4.856,2.124,80,275,0,1,0,0
325.768,107.974,4.856,2.124,80,280,0,1,0,0
330.624,110.099,4.856,2.124,80,285,0,1,0,0
335.479,112.223,4.856,2.124,80,290,0,1,0,0
340.335,114.348,4.856,2.124,80,290,0,0,0,0
345.19,116.472,4.856,2.124,80,290,0,0,0,0
350.046,118.597,4.856,2.124,80,290,0,0,0,0
354.901,120.721,4.856,2.124,80,290,0,0,0,0
359.757,122.846,4.856,2.124,80,290,0,0,0,0
364.613,124.97,4.856,2.124,80,290,0,0,0,0
369.468,127.095,4.856,2.124,80,290,0,0,0,0
374.324,129.219,4.856,2.124,80,290,0,0,0,0
379.179,131.344,4.856,2.124,80,290,0,0,0,0
384.035,133.468,4.856,2.124,80,290,0,0,0,0
388.89,135.592,4.856,2.124,80,290,0,0,0,0
393.746,137.717,4.856,2.124,80,290,0,0,0,0
398.602,139.841,4.856,2.124,80,290,0,0,0,0
403.457,141.966,4.856,2.124,80,290,0,0,0,0
408.313,144.09,4.856,2.124,80,290,0,0,0,0
413.168,146.215,4.856,2.124,80,290,0,0,0,0
418.024,148.339,4.856,2.124,85,290,1,0,0,0
422.88,150.464,4.856,2.124,90,290,1,0,0,0
427.735,152.588,4.856,2.124,95,290,1,0,0,0
432.591,154.713,4.856,2.124,100,290,1,0,0,0
437.446,156.837,4.856,2.124,105,290,1,0,0,0
442.302,158.962,4.856,2.124,110,290,1,0,0,0
447.157,161.086,4.856,2.124,115,290,1,0,0,0
452.013,163.211,4.856,2.124,120,290,1,0,0,0
456.869,165.335,4.856,2.124,125,295,1,1,0,0
461.724,167.459,4.856,2.124,130,300,1,1,0,0
466.58,169.584,4.856,2.124,135,305,1,1,0,0
471.435,171.708,4.856,2.124,140,310,1,1,0,0
476.291,173.833,4.856,2.124,145,315,1,1,0,0
481.146,175.957,4.856,2.124,150,320,1,1,0,0
486.002,178.082,4.856,2.124,155,325,1,1,0,0
490.858,180.206,4.856,2.124,155,330,0,1,0,0
495.713,182.331,4.856,2.124,155,335,0,1,0,0
500.569,184.455,4.856,2.124,155,340,0,1,0,0
505.424,186.58,4.856,2.124,155,345,0,1,0,0
510.28,188.704,4.856,2.124,155,345,0,0,0,0
515.136,190.829,4.856,2.124,155,345,0,0,0,0
519.991,192.953,4.856,2.124,155,345,0,0,0,0
524.847,195.078,4.856,2.124,155,345,0,0,0,0
529.702,197.202,4.856,2.124,155,345,0,0,0,0
534.558,199.326,4.856,2.124,155,345,0,0,0,0
539.413,201.451,4.856,2.124,155,345,0,0,0,0
544.269,203.575,4.856,2.124,155,345,0,0,0,0
549.125,205.7,4.856,2.124,155,345,0,0,0,0
553.98,207.824,4.856,2.124,155,345,0,0,0,0
558.836,209.949,4.856,2.124,155,345,0,0,0,0
563.691,212.073,4.856,2.124,155,345,0,0,0,0
568.547,214.198,4.856,2.124,155,345,0,0,0,0
573.402,216.322,4.856,2.124,155,345,0,0,0,0
578.258,218.447,4.856,2.124,155,345,0,0,0,0
583.114,220.571,4.856,2.124,155,345,0,0,0,0
587.969,222.696,4.856,2.124,155,345,0,0,0,0
592.825,224.82,4.856,2.124,155,345,0,0,0,0
597.68,226.945,4.856,2.124,155,345,0,0,0,0
602.536,229.069,4.856,2.124,155,345,0,0,0,0
607.392,231.193,4.856,2.124,155,345,0,0,0,0
612.247,233.318,4.856,2.124,155,345,0,0,0,0
617.103,235.442,4.856,2.124,155,345,0,0,0,0
621.958,237.567,4.856,2.124,155,340,0,-1,0,0
626.814,239.691,4.856,2.124,155,335,0,-1,0,0
631.669,241.816,4.856,2.124,155,330,0,-1,0,0
636.525,243.94,4.856,2.124,155,325,0,-1,0,0
641.381,246.065,4.856,2.124,155,320,0,-1,0,0
646.236,248.189,4.856,2.124,155,315,0,-1,0,0
651.092,250.314,4.856,2.124,155,310,0,-1,0,0
655.947,252.438,4.856,2.124,155,310,0,0,0,0
660.803,254.563,4.856,2.124,155,310,0,0,0,0
665.658,256.687,4.856,2.124,155,310,0,0,0,0
670.514,258.812,4.856,2.124,155,310,0,0,0,0
675.37,260.936,4.856,2.124,155,310,0,0,0,0
680.225,263.06,4.856,2.124,155,310,0,0,0,0
685.081,265.185,4.856,2.124,155,310,0,0,0,0
689.936,267.309,4.856,2.124,155,310,0,0,0,0
694.792,269.434,4.856,2.124,155,310,0,0,0,0
699.647,271.558,4.856,2.124,155,310,0,0,0,0
704.503,273.683,4.856,2.124,155,310,0,0,0,0
709.359,275.807,4.856,2.124,155,310,0,0,0,0
714.214,277.932,4.856,2.124,155,310,0,0,0,0
719.07,280.056,4.856,2.124,155,310,0,0,0,0
723.925,282.181,4.856,2.124,155,310,0,0,0,0
728.781,284.305,4.856,2.124,155,310,0,0,0,0
733.637,286.43,4.856,2.124,155,310,0,0,0,0
738.492,288.554,4.856,2.124,155,310,0,0,0,0
743.348,290.679,4.856,2.124,155,310,0,0,0,0
748.203,292.803,4.856,2.124,155,305,0,-1,0,0
753.059,294.927,4.856,2.124,155,300,0,-1,0,0
751.0,297.052,-3.056,-4.692,155,295,0,-1,0,0
747.944,292.36,-3.056,-4.692,155,290,0,-1,0,0
744.887,287.667,-3.056,-4.692,155,285,0,-1,0,0
741.831,282.975,-3.056,-4.692,155,280,0,-1,0,0
738.775,278.282,-3.056,-4.692,155,275,0,-1,0,0
735.718,273.59,-3.056,-4.692,155,270,0,-1,0,0
732.662,268.898,-3.056,-4.692,155,265,0,-1,0,0
729.605,264.205,-3.056,-4.692,155,260,0,-1,0,0
726.549,259.513,-3.056,-4.692,155,255,0,-1,0,0
723.493,254.82,-3.056,-4.692,155,250,0,-1,0,0
720.436,250.128,-3.056,-4.692,155,245,0,-1,0,0
717.38,245.436,-3.056,-4.692,155,240,0,-1,0,0
714.324,240.743,-3.056,-4.692,155,235,0,-1,0,0
711.267,236.051,-3.056,-4.692,150,230,-1,-1,0,0
708.211,231.358,-3.056,-4.692,145,225,-1,-1,0,0
705.155,226.666,-3.056,-4.692,140,220,-1,-1,0,0
702.098,221.974,-3.056,-4.692,135,215,-1,-1,0,0
699.042,217.281,-3.056,-4.692,130,210,-1,-1,0,0
695.985,212.589,-3.056,-4.692,125,205,-1,-1,0,0
692.929,207.896,-3.056,-4.692,120,200,-1,-1,0,0
689.873,203.204,-3.056,-4.692,115,195,-1,-1,0,0
686.816,198.512,-3.056,-4.692,110,190,-1,-1,0,0
683.76,193.819,-3.056,-4.692,105,185,-1,-1,0,0
680.704,189.127,-3.056,-4.692,100,180,-1,-1,0,0
677.647,184.434,-3.056,-4.692,95,175,-1,-1,0,0
674.591,179.742,-3.056,-4.692,90,170,-1,-1,0,0
671.535,175.05,-3.056,-4.692,85,165,-1,-1,0,0
668.478,170.357,-3.056,-4.692,85,160,0,-1,0,0
665.422,165.665,-3.056,-4.692,85,155,0,-1,0,0
662.365,160.972,-3.056,-4.692,85,150,0,-1,0,0
659.309,156.28,-3.056,-4.692,85,145,0,-1,0,0
656.253,151.587,-3.056,-4.692,85,140,0,-1,0,0
653.196,146.895,-3.056,-4.692,85,135,0,-1,0,0
650.14,142.203,-3.056,-4.692,85,130,0,-1,0,0
647.084,137.51,-3.056,-4.692,85,125,0,-1,0,0
644.027,132.818,-3.056,-4.692,85,120,0,-1,0,0
640.971,128.125,-3.056,-4.692,85,115,0,-1,0,0
637.915,123.433,-3.056,-4.692,85,110,0,-1,0,0
634.858,118.741,-3.056,-4.692,85,105,0,-1,0,0
631.802,114.048,-3.056,-4.692,85,105,0,0,0,0
628.745,109.356,-3.056,-4.692,85,105,0,0,0,0
625.689,104.663,-3.056,-4.692,85,105,0,0,0,0
622.633,99.971,-3.056,-4.692,85,105,0,0,0,0
619.576,95.279,-3.056,-4.692,85,105,0,0,0,0
616.52,90.586,-3.056,-4.692,85,105,0,0,0,0
613.464,85.894,-3.056,-4.692,85,105,0,0,0,0
610.407,81.201,-3.056,-4.692,85,110,0,1,0,0
607.351,76.509,-3.056,-4.692,85,115,0,1,0,0
604.295,71.817,-3.056,-4.692,85,120,0,1,0,0
601.238,67.124,-3.056,-4.692,85,125,0,1,0,0
598.182,62.432,-3.056,-4.692,85,130,0,1,0,0
595.125,57.739,-3.056,-4.692,85,135,0,1,0,0
592.069,53.047,-3.056,-4.692,85,140,0,1,0,0
589.013,48.355,-3.056,-4.692,85,145,0,1,0,0
585.956,43.662,-3.056,-4.692,85,150,0,1,0,0
582.9,38.97,-3.056,-4.692,85,155,0,1,0,0
579.844,34.277,-3.056,-4.692,85,160,0,1,0,0
576.787,29.585,-3.056,-4.692,85,165,0,1,0,0
573.731,24.893,-3.056,-4.692,85,170,0,1,0,0
570.675,20.2,-3.056,-4.692,85,175,0,1,0,0
567.618,15.508,-3.056,-4.692,85,180,0,1,0,0
564.562,10.815,-3.056,-4.692,85,185,0,1,0,0
561.505,6.123,-3.056,-4.692,85,190,0,1,0,0
558.449,6.0,-3.056,4.692,85,195,0,1,0,0
555.393,10.692,-3.056,4.692,85,200,0,1,0,0
552.336,15.385,-3.056,4.692,85,205,0,1,0,0
549.28,20.077,-3.056,4.692,85,210,0,1,0,0
546.224,24.77,-3.056,4.692,85,215,0,1,0,0
543.167,29.462,-3.056,4.692,85,220,0,1,0,0
540.111,34.154,-3.056,4.692,85,225,0,1,0,0
537.054,38.847,-3.056,4.692,85,230,0,1,0,0
533.998,43.539,-3.056,4.692,85,235,0,1,0,0
530.942,48.232,-3.056,4.692,85,240,0,1,0,0
527.885,52.924,-3.056,4.692,85,245,0,1,0,0
524.829,57.616,-3.056,4.692,85,250,0,1,0,0
521.773,62.309,-3.056,4.692,85,255,0,1,0,0
518.716,67.001,-3.056,4.692,85,260,0,1,0,0
515.66,71.694,-3.056,4.692,85,265,0,1,0,0
512.604,76.386,-3.056,4.692,85,270,0,1,0,0
509.547,81.078,-3.056,4.692,85,275,0,1,0,0
506.491,85.771,-3.056,4.692,85,280,0,1,0,0
503.434,90.463,-3.056,4.692,85,285,0,1,0,0
500.378,95.156,-3.056,4.692,85,290,0,1,0,0
497.322,99.848,-3.056,4.692,90,295,1,1,0,0
494.265,104.54,-3.056,4.692,95,300,1,1,0,0
491.209,109.233,-3.056,4.692,100,305,1,1,0,0
488.153,113.925,-3.056,4.692,105,310,1,1,0,0
485.096,118.618,-3.056,4.692,110,315,1,1,0,0
482.04,123.31,-3.056,4.692,115,320,1,1,0,0
478.984,128.002,-3.056,4.692,120,325,1,1,0,0
475.927,132.695,-3.056,4.692,125,330,1,1,0,0
472.871,137.387,-3.056,4.692,130,335,1,1,0,0
469.814,142.08,-3.056,4.692,135,340,1,1,0,0
466.758,146.772,-3.056,4.692,140,345,1,1,0,0
463.702,151.464,-3.056,4.692,145,350,1,1,0,0
460.645,156.157,-3.056,4.692,150,355,1,1,0,0
457.589,160.849,-3.056,4.692,155,360,1,1,0,0
454.533,165.542,-3.056,4.692,160,365,1,1,0,0
451.476,170.234,-3.056,4.692,165,370,1,1,0,0
448.42,174.926,-3.056,4.692,170,375,1,1,0,0
445.364,179.619,-3.056,4.692,175,380,1,1,0,0
442.307,184.311,-3.056,4.692,180,385,1,1,0,0
439.251,189.004,-3.056,4.692,185,385,1,0,0,0
436.194,193.696,-3.056,4.692,190,385,1,0,0,0
433.138,198.388,-3.056,4.692,195,385,1,0,0,0
430.082,203.081,-3.056,4.692,200,385,1,0,0,0
427.025,207.773,-3.056,4.692,205,385,1,0,0,0
423.969,212.466,-3.056,4.692,210,385,1,0,0,0
420.913,217.158,-3.056,4.692,215,385,1,0,0,0
417.856,221.85,-3.056,4.692,220,385,1,0,0,0
414.8,226.543,-3.056,4.692,225,385,1,0,0,0
411.744,231.235,-3.056,4.692,230,385,1,0,0,0
408.687,235.928,-3.056,4.692,235,385,1,0,0,0
405.631,240.62,-3.056,4.692,240,385,1,0,0,0
402.574,245.313,-3.056,4.692,245,385,1,0,0,0
399.518,250.005,-3.056,4.692,250,385,1,0,0,0
396.462,254.697,-3.056,4.692,255,385,1,0,0,0
393.405,259.39,-3.056,4.692,260,385,1,0,0,0
390.349,264.082,-3.056,4.692,265,385,1,0,0,0
387.293,268.775,-3.056,4.692,270,385,1,0,0,0
384.236,273.467,-3.056,4.692,275,385,1,0,0,0
381.18,278.159,-3.056,4.692,280,385,1,0,0,0
378.124,282.852,-3.056,4.692,285,385,1,0,0,0
375.067,287.544,-3.056,4.692,290,385,1,0,0,0
372.011,292.237,-3.056,4.692,295,390,1,1,0,0
368.954,296.929,-3.056,4.692,300,395,1,1,0,0
365.898,301.621,-3.056,4.692,305,400,1,1,0,0
362.842,306.314,-3.056,4.692,310,405,1,1,0,0
359.785,311.006,-3.056,4.692,315,410,1,1,0,0
356.729,315.699,-3.056,4.692,320,415,1,1,0,0
353.673,320.391,-3.056,4.692,325,420,1,1,0,0
350.616,325.083,-3.056,4.692,330,425,1,1,0,0
347.56,329.776,-3.056,4.692,335,430,1,1,0,0
344.504,334.468,-3.056,4.692,340,435,1,1,0,0
341.447,339.161,-3.056,4.692,345,440,1,1,0,0
338.391,343.853,-3.056,4.692,350,445,1,1,0,0
335.334,348.545,-3.056,4.692,355,450,1,1,0,0
332.278,353.238,-3.056,4.692,360,455,1,1,0,0
329.222,357.93,-3.056,4.692,365,460,1,1,0,0
326.165,362.623,-3.056,4.692,370,465,1,1,0,0
323.109,367.315,-3.056,4.692,375,470,1,1,0,0
320.053,372.007,-3.056,4.692,380,475,1,1,0,0
316.996,376.7,-3.056,4.692,385,480,1,1,0,0
313.94,381.392,-3.056,4.692,390,485,1,1,0,0
310.884,386.085,-3.056,4.692,395,490,1,1,0,0
307.827,390.777,-3.056,4.692,400,495,1,1,0,0
304.771,395.469,-3.056,4.692,405,500,1,1,0,0
301.714,400.162,-3.056,4.692,410,505,1,1,0,0
298.658,404.854,-3.056,4.692,415,510,1,1,0,0
295.602,409.547,-3.056,4.692,420,515,1,1,0,0
292.545,414.239,-3.056,4.692,425,520,1,1,0,0
289.489,418.931,-3.056,4.692,430,520,1,1,0,0
286.433,423.624,-3.056,4.692,435,520,1,1,0,0
283.376,428.316,-3.056,4.692,440,520,1,1,0,0
280.32,433.009,-3.056,4.692,445,520,1,1,0,0
277.264,437.701,-3.056,4.692,450,520,1,0,0,0
274.207,442.393,-3.056,4.692,455,520,1,0,0,0
271.151,447.086,-3.056,4.692,460,520,1,0,0,0
268.094,451.778,-3.056,4.692,465,520,1,0,0,0
265.038,456.471,-3.056,4.692,470,520,1,0,0,0
261.982,461.163,-3.056,4.692,475,520,1,0,0,0
258.925,465.855,-3.056,4.692,480,520,1,0,0,0
255.869,470.548,-3.056,4.692,485,520,1,0,0,0
252.813,475.24,-3.056,4.692,490,520,1,0,0,0
249.756,479.933,-3.056,4.692,495,520,1,0,0,0
246.7,484.625,-3.056,4.692,500,520,1,0,0,0
243.644,489.317,-3.056,4.692,505,520,1,0,0,0
240.587,494.01,-3.056,4.692,510,520,1,0,0,0
237.531,498.702,-3.056,4.692,515,520,1,0,0,0
234.474,503.395,-3.056,4.692,520,520,1,0,0,0
231.418,508.087,-3.056,4.692,520,520,1,0,0,0
228.362,512.779,-3.056,4.692,520,520,1,0,0,0
225.305,517.472,-3.056,4.692,520,520,1,0,0,0
222.249,522.164,-3.056,4.692,520,520,1,0,0,0
219.193,526.857,-3.056,4.692,520,520,1,0,0,0
216.136,531.549,-3.056,4.692,520,520,1,0,0,0
213.08,536.241,-3.056,4.692,520,520,1,0,0,0
210.024,540.934,-3.056,4.692,520,520,1,0,0,0
206.967,545.626,-3.056,4.692,520,520,1,0,0,0
203.911,550.319,-3.056,4.692,520,520,1,0,0,0
200.854,555.011,-3.056,4.692,520,520,1,0,0,0
197.798,559.703,-3.056,4.692,520,520,1,0,0,0
194.742,564.396,-3.056,4.692,520,515,1,-1,0,0
191.685,569.088,-3.056,4.692,520,510,1,-1,0,0
188.629,573.781,-3.056,4.692,520,505,0,-1,0,0
185.573,578.473,-3.056,4.692,520,500,0,-1,0,0
182.516,583.165,-3.056,4.692,520,495,0,-1,0,0
179.46,587.858,-3.056,4.692,520,490,0,-1,0,0
176.404,592.55,-3.056,4.692,520,485,0,-1,0,0
173.347,594.0,-3.056,-4.692,520,480,0,-1,0,0
170.291,589.308,-3.056,-4.692,520,475,0,-1,0,0
167.234,584.615,-3.056,-4.692,520,470,0,-1,0,0
164.178,579.923,-3.056,-4.692,520,465,0,-1,0,0
161.122,575.23,-3.056,-4.692,520,460,0,-1,0,0
158.065,570.538,-3.056,-4.692,520,455,0,-1,0,0
155.009,565.846,-3.056,-4.692,515,450,-1,-1,0,0
151.953,561.153,-3.056,-4.692,510,445,-1,-1,0,0
148.896,556.461,-3.056,-4.692,505,440,-1,-1,0,0
145.84,551.768,-3.056,-4.692,500,435,-1,-1,0,0
142.784,547.076,-3.056,-4.692,495,430,-1,-1,0,0
139.727,542.384,-3.056,-4.692,490,425,-1,-1,0,0
136.671,537.691,-3.056,-4.692,485,420,-1,-1,0,0
133.614,532.999,-3.056,-4.692,480,415,-1,-1,0,0
130.558,528.306,-3.056,-4.692,475,410,-1,-1,0,0
127.502,523.614,-3.056,-4.692,470,405,-1,-1,0,0
124.445,518.922,-3.056,-4.692,465,400,-1,-1,0,0
121.389,514.229,-3.056,-4.692,465,395,0,-1,0,0
118.333,509.537,-3.056,-4.692,465,390,0,-1,0,0
115.276,504.844,-3.056,-4.692,465,385,0,-1,0,0
112.22,500.152,-3.056,-4.692,465,380,0,-1,0,0
109.163,495.46,-3.056,-4.692,465,375,0,-1,0,0
106.107,490.767,-3.056,-4.692,465,370,0,-1,0,0
103.051,486.075,-3.056,-4.692,465,365,0,-1,0,0
99.994,481.382,-3.056,-4.692,465,360,0,-1,0,0
96.938,476.69,-3.056,-4.692,465,355,0,-1,0,0
93.882,471.998,-3.056,-4.692,465,350,0,-1,0,0
90.825,467.305,-3.056,-4.692,460,345,-1,-1,0,0
87.769,462.613,-3.056,-4.692,455,340,-1,-1,0,0
84.713,457.92,-3.056,-4.692,450,335,-1,-1,0,0
81.656,453.228,-3.056,-4.692,445,330,-1,-1,0,0
78.6,448.536,-3.056,-4.692,440,325,-1,-1,0,0
75.543,443.843,-3.056,-4.692,435,320,-1,-1,0,0
72.487,439.151,-3.056,-4.692,430,315,-1,-1,0,0
69.431,434.458,-3.056,-4.692,425,310,-1,-1,0,0
66.374,429.766,-3.056,-4.692,420,305,-1,-1,0,0
63.318,425.074,-3.056,-4.692,415,300,-1,-1,0,0
60.262,420.381,-3.056,-4.692,410,295,-1,-1,0,0
57.205,415.689,-3.056,-4.692,405,290,-1,-1,0,0
54.149,410.996,-3.056,-4.692,400,285,-1,-1,0,0
51.093,406.304,-3.056,-4.692,395,280,-1,-1,0,0
48.036,401.612,-3.056,-4.692,390,275,-1,-1,0,0
49.0,396.919,4.376,-3.957,385,270,-1,-1,0,0
53.376,392.962,4.376,-3.957,380,265,-1,-1,0,0
57.752,389.005,4.376,-3.957,375,260,-1,-1,0,0
62.129,385.048,4.376,-3.957,370,255,-1,-1,0,0
66.505,381.091,4.376,-3.957,365,250,-1,-1,0,0
70.881,377.133,4.376,-3.957,360,245,-1,-1,0,0
75.257,373.176,4.376,-3.957,355,240,-1,-1,0,0
79.633,369.219,4.376,-3.957,350,235,-1,-1,0,0
84.009,365.262,4.376,-3.957,345,230,-1,-1,0,0
88.386,361.305,4.376,-3.957,340,225,-1,-1,0,0
92.762,357.348,4.376,-3.957,335,220,-1,-1,0,0
97.138,353.391,4.376,-3.957,330,215,-1,-1,0,0
101.514,349.433,4.376,-3.957,325,210,-1,-1,0,0
105.89,345.476,4.376,-3.957,320,205,-1,-1,0,0
110.267,341.519,4.376,-3.957,315,200,-1,-1,0,0
114.643,337.562,4.376,-3.957,310,195,-1,-1,0,0
119.019,333.605,4.376,-3.957,305,190,-1,-1,0,0
123.395,329.648,4.376,-3.957,300,185,-1,-1,0,0
127.771,325.69,4.376,-3.957,295,180,-1,-1,0,0
132.148,321.733,4.376,-3.957,290,175,-1,-1,0,0
136.524,317.776,4.376,-3.957,285,170,-1,-1,0,0
140.9,313.819,4.376,-3.957,280,165,-1,-1,0,0
145.276,309.862,4.376,-3.957,280,165,0,0,0,0
149.652,305.905,4.376,-3.957,280,165,0,0,0,0
154.028,301.948,4.376,-3.957,280,165,0,0,0,0
158.405,297.99,4.376,-3.957,280,165,0,0,0,0
162.781,294.033,4.376,-3.957,280,165,0,0,0,0
167.157,290.076,4.376,-3.957,280,165,0,0,0,0
171.533,286.119,4.376,-3.957,280,165,0,0,0,0
175.909,282.162,4.376,-3.957,280,165,0,0,0,0
180.286,278.205,4.376,-3.957,280,170,0,1,0,0
184.662,274.248,4.376,-3.957,280,175,0,1,0,0
189.038,270.29,4.376,-3.957,280,180,0,1,0,0
193.414,266.333,4.376,-3.957,280,185,0,1,0,0
197.79,262.376,4.376,-3.957,280,190,0,1,0,0
202.166,258.419,4.376,-3.957,280,195,0,1,0,0
206.543,254.462,4.376,-3.957,280,200,0,1,0,0
210.919,250.505,4.376,-3.957,280,205,0,1,0,0
215.295,246.548,4.376,-3.957,280,210,0,1,0,0
219.671,242.59,4.376,-3.957,280,215,0,1,0,0
224.047,238.633,4.376,-3.957,280,215,0,0,0,0
228.424,234.676,4.376,-3.957,280,215,0,0,0,0
232.8,230.719,4.376,-3.957,280,215,0,0,0,0
237.176,226.762,4.376,-3.957,280,215,0,0,0,0
241.552,222.805,4.376,-3.957,280,215,0,0,0,0
245.928,218.848,4.376,-3.957,280,215,0,0,0,0
250.304,214.89,4.376,-3.957,280,215,0,0,0,0
254.681,210.933,4.376,-3.957,280,215,0,0,0,0
259.057,206.976,4.376,-3.957,280,215,0,0,0,0
263.433,203.019,4.376,-3.957,280,210,0,-1,0,0
267.809,199.062,4.376,-3.957,280,205,0,-1,0,0
272.185,195.105,4.376,-3.957,280,200,0,-1,0,0
276.562,191.147,4.376,-3.957,280,195,0,-1,0,0
280.938,187.19,4.376,-3.957,280,190,0,-1,0,0
285.314,183.233,4.376,-3.957,280,185,0,-1,0,0
289.69,179.276,4.376,-3.957,280,180,0,-1,0,0
294.066,175.319,4.376,-3.957,280,175,0,-1,0,0
298.443,171.362,4.376,-3.957,280,170,0,-1,0,0
302.819,167.405,4.376,-3.957,280,165,0,-1,0,0
307.195,163.447,4.376,-3.957,280,160,0,-1,0,0
311.571,159.49,4.376,-3.957,280,155,0,-1,0,0
315.947,155.533,4.376,-3.957,285,150,1,-1,0,0
320.323,151.576,4.376,-3.957,290,145,1,-1,0,0
324.7,147.619,4.376,-3.957,295,140,1,-1,0,0
329.076,143.662,4.376,-3.957,300,135,1,-1,0,0
333.452,139.705,4.376,-3.957,305,130,1,-1,0,0
337.828,135.747,4.376,-3.957,310,125,1,-1,0,0
342.204,131.79,4.376,-3.957,315,120,1,-1,0,0
346.581,127.833,4.376,-3.957,320,115,1,-1,0,0
350.957,123.876,4.376,-3.957,325,110,1,-1,0,0
355.333,119.919,4.376,-3.957,330,105,1,-1,0,0
359.709,115.962,4.376,-3.957,335,100,1,-1,0,0
364.085,112.005,4.376,-3.957,340,95,1,-1,0,0
368.461,108.047,4.376,-3.957,345,90,1,-1,0,0
372.838,104.09,4.376,-3.957,345,85,0,-1,0,0
377.214,100.133,4.376,-3.957,345,80,0,-1,0,0
381.59,96.176,4.376,-3.957,345,75,0,-1,0,0
385.966,92.219,4.376,-3.957,345,70,0,-1,0,0
390.342,88.262,4.376,-3.957,345,65,0,-1,0,0
394.719,84.305,4.376,-3.957,345,65,0,0,0,0
399.095,80.347,4.376,-3.957,345,65,0,0,0,0
403.471,76.39,4.376,-3.957,345,65,0,0,0,0
407.847,72.433,4.376,-3.957,345,65,0,0,0,0
412.223,68.476,4.376,-3.957,345,65,0,0,0,0
416.6,64.519,4.376,-3.957,345,65,0,0,0,0
420.976,60.562,4.376,-3.957,345,65,0,0,0,0
425.352,56.605,4.376,-3.957,345,65,0,0,0,0
429.728,52.647,4.376,-3.957,345,65,0,0,0,0
434.104,48.69,4.376,-3.957,345,65,0,0,0,0
438.48,44.733,4.376,-3.957,345,65,0,0,0,0
442.857,40.776,4.376,-3.957,345,65,0,0,0,0
447.233,36.819,4.376,-3.957,345,65,0,0,0,0
451.609,32.862,4.376,-3.957,345,65,0,0,0,0
455.985,28.904,4.376,-3.957,345,65,0,0,0,0
460.361,24.947,4.376,-3.957,345,65,0,0,0,0
464.738,20.99,4.376,-3.957,345,65,0,0,0,0
469.114,17.033,4.376,-3.957,345,65,0,0,0,0
473.49,13.076,4.376,-3.957,345,65,0,0,0,0
477.866,9.119,4.376,-3.957,345,65,0,0,0,0
482.242,6.0,4.376,3.957,340,65,-1,0,0,0
486.618,9.957,4.376,3.957,335,65,-1,0,0,0
490.995,13.914,4.376,3.957,330,65,-1,0,0,0
495.371,17.871,4.376,3.957,325,65,-1,0,0,0
499.747,21.829,4.376,3.957,320,65,-1,0,0,0
504.123,25.786,4.376,3.957,315,65,-1,0,0,0
508.499,29.743,4.376,3.957,310,65,-1,0,0,0
512.876,33.7,4.376,3.957,305,65,-1,0,0,0
517.252,37.657,4.376,3.957,300,65,-1,0,0,0
521.628,41.614,4.376,3.957,295,65,-1,0,0,0
526.004,45.571,4.376,3.957,295,65,0,0,0,0
530.38,49.529,4.376,3.957,295,65,0,0,0,0
534.756,53.486,4.376,3.957,295,70,0,1,0,0
539.133,57.443,4.376,3.957,295,75,0,1,0,0
543.509,61.4,4.376,3.957,295,80,0,1,0,0
547.885,65.357,4.376,3.957,295,85,0,1,0,0
552.261,69.314,4.376,3.957,295,90,0,1,0,0
556.637,73.271,4.376,3.957,295,95,0,1,0,0
561.014,77.229,4.376,3.957,295,100,0,1,0,0
565.39,81.186,4.376,3.957,295,105,0,1,0,0
569.766,85.143,4.376,3.957,295,110,0,1,0,0
574.142,89.1,4.376,3.957,295,115,0,1,0,0
578.518,93.057,4.376,3.957,295,120,0,1,0,0
582.895,97.014,4.376,3.957,295,125,0,1,0,0
587.271,100.972,4.376,3.957,295,130,0,1,0,0
591.647,104.929,4.376,3.957,295,135,0,1,0,0
596.023,108.886,4.376,3.957,295,140,0,1,0,0
600.399,112.843,4.376,3.957,295,145,0,1,0,0
604.775,116.8,4.376,3.957,295,150,0,1,0,0
609.152,120.757,4.376,3.957,295,155,0,1,0,0
613.528,124.714,4.376,3.957,295,160,0,1,0,0
617.904,128.672,4.376,3.957,295,160,0,0,0,0
622.28,132.629,4.376,3.957,295,160,0,0,0,0
626.656,136.586,4.376,3.957,295,160,0,0,0,0
631.033,140.543,4.376,3.957,295,160,0,0,0,0
635.409,144.5,4.376,3.957,295,160,0,0,0,0
639.785,148.457,4.376,3.957,295,160,0,0,0,0
644.161,152.414,4.376,3.957,295,160,0,0,0,0
648.537,156.372,4.376,3.957,295,160,0,0,0,0
652.913,160.329,4.376,3.957,295,160,0,0,0,0
657.29,164.286,4.376,3.957,295,160,0,0,0,0
661.666,168.243,4.376,3.957,295,160,0,0,0,0
666.042,172.2,4.376,3.957,295,160,0,0,0,0
670.418,176.157,4.376,3.957,295,165,0,1,0,0
674.794,180.114,4.376,3.957,295,170,0,1,0,0
679.171,184.072,4.376,3.957,295,175,0,1,0,0
683.547,188.029,4.376,3.957,295,180,0,1,0,0
687.923,191.986,4.376,3.957,295,185,0,1,0,0
692.299,195.943,4.376,3.957,295,190,0,1,0,0
696.675,199.9,4.376,3.957,295,195,0,1,0,0
701.052,203.857,4.376,3.957,295,195,0,0,0,0
705.428,207.814,4.376,3.957,295,195,0,0,0,0
709.804,211.772,4.376,3.957,295,195,0,0,0,0
714.18,215.729,4.376,3.957,295,195,0,0,0,0
718.556,219.686,4.376,3.957,295,195,0,0,0,0
722.932,223.643,4.376,3.957,295,195,0,0,0,0
727.309,227.6,4.376,3.957,295,200,0,1,0,0
731.685,231.557,4.376,3.957,295,205,0,1,0,0
736.061,235.514,4.376,3.957,295,210,0,1,0,0
740.437,239.472,4.376,3.957,295,215,0,1,0,0
744.813,243.429,4.376,3.957,295,220,0,1,0,0
749.19,247.386,4.376,3.957,295,225,0,1,0,0
751.0,251.343,-5.475,-2.909,295,230,0,1,0,0
745.525,248.434,-5.475,-2.909,295,235,0,1,0,0
740.05,245.524,-5.475,-2.909,295,240,0,1,0,0
734.575,242.615,-5.475,-2.909,295,245,0,1,0,0
729.1,239.706,-5.475,-2.909,295,250,0,1,0,0
723.625,236.796,-5.475,-2.909,295,255,0,1,0,0
718.15,233.887,-5.475,-2.909,295,260,0,1,0,0
712.675,230.978,-5.475,-2.909,295,265,0,1,0,0
707.2,228.068,-5.475,-2.909,295,270,0,1,0,0
701.725,225.159,-5.475,-2.909,300,270,1,0,0,0
696.25,222.25,-5.475,-2.909,305,270,1,0,0,0
690.775,219.34,-5.475,-2.909,310,270,1,0,0,0
685.3,216.431,-5.475,-2.909,315,270,1,0,0,0
679.825,213.522,-5.475,-2.909,320,270,1,0,0,0
674.35,210.613,-5.475,-2.909,325,270,1,0,0,0
668.875,207.703,-5.475,-2.909,330,270,1,0,0,0
663.4,204.794,-5.475,-2.909,335,270,1,0,0,0
657.925,201.885,-5.475,-2.909,340,270,1,0,0,0
652.45,198.975,-5.475,-2.909,345,270,1,0,0,0
646.975,196.066,-5.475,-2.909,350,270,1,0,0,0
641.5,193.157,-5.475,-2.909,355,270,1,0,0,0
636.025,190.247,-5.475,-2.909,355,265,0,-1,0,0
630.55,187.338,-5.475,-2.909,355,260,0,-1,0,0
625.075,184.429,-5.475,-2.909,355,255,0,-1,0,0
619.6,181.519,-5.475,-2.909,355,250,0,-1,0,0
614.125,178.61,-5.475,-2.909,355,245,0,-1,0,0
608.65,175.701,-5.475,-2.909,355,240,0,-1,0,0
603.175,172.791,-5.475,-2.909,355,235,0,-1,0,0
597.699,169.882,-5.475,-2.909,355,230,0,-1,0,0
592.224,166.973,-5.475,-2.909,355,225,0,-1,0,0
586.749,164.063,-5.475,-2.909,350,220,-1,-1,0,0
581.274,161.154,-5.475,-2.909,345,215,-1,-1,0,0
575.799,158.245,-5.475,-2.909,340,210,-1,-1,0,0
570.324,155.335,-5.475,-2.909,335,205,-1,-1,0,0
564.849,152.426,-5.475,-2.909,330,200,-1,-1,0,0
559.374,149.517,-5.475,-2.909,325,195,-1,-1,0,0
553.899,146.607,-5.475,-2.909,320,190,-1,-1,0,0
548.424,143.698,-5.475,-2.909,315,185,-1,-1,0,0
542.949,140.789,-5.475,-2.909,310,180,-1,-1,0,0
537.474,137.879,-5.475,-2.909,305,175,-1,-1,0,0
531.999,134.97,-5.475,-2.909,300,170,-1,-1,0,0
526.524,132.061,-5.475,-2.909,295,165,-1,-1,0,0
521.049,129.151,-5.475,-2.909,290,160,-1,-1,0,0
515.574,126.242,-5.475,-2.909,285,155,-1,-1,0,0
510.099,123.333,-5.475,-2.909,280,150,-1,-1,0,0
504.624,120.423,-5.475,-2.909,275,145,-1,-1,0,0
499.149,117.514,-5.475,-2.909,270,140,-1,-1,0,0
493.674,114.605,-5.475,-2.909,270,135,0,-1,0,0
488.199,111.695,-5.475,-2.909,270,130,0,-1,0,0
482.724,108.786,-5.475,-2.909,270,125,0,-1,0,0
477.249,105.877,-5.475,-2.909,270,120,0,-1,0,0
471.774,102.967,-5.475,-2.909,270,115,0,-1,0,0
466.299,100.058,-5.475,-2.909,270,110,0,-1,0,0
460.824,97.149,-5.475,-2.909,270,105,0,-1,0,0
455.349,94.239,-5.475,-2.909,270,100,0,-1,0,0
449.874,91.33,-5.475,-2.909,270,95,0,-1,0,0
444.399,88.421,-5.475,-2.909,265,90,-1,-1,0,0
438.924,85.511,-5.475,-2.909,260,85,-1,-1,0,0
433.449,82.602,-5.475,-2.909,255,80,-1,-1,0,0
427.974,79.693,-5.475,-2.909,250,75,-1,-1,0,0
422.499,76.784,-5.475,-2.909,245,70,-1,-1,0,0
417.024,73.874,-5.475,-2.909,240,65,-1,-1,0,0
411.549,70.965,-5.475,-2.909,235,60,-1,-1,0,0
406.074,68.056,-5.475,-2.909,230,55,-1,-1,0,0
400.599,65.146,-5.475,-2.909,230,50,0,-1,0,0
395.124,62.237,-5.475,-2.909,230,45,0,-1,0,0
389.649,59.328,-5.475,-2.909,230,40,0,-1,0,0
384.174,56.418,-5.475,-2.909,230,35,0,-1,0,0
378.699,53.509,-5.475,-2.909,230,30,0,-1,0,0
373.224,50.6,-5.475,-2.909,230,25,0,-1,0,0
367.749,47.69,-5.475,-2.909,230,20,0,-1,0,0
362.274,44.781,-5.475,-2.909,230,15,0,-1,0,0
356.799,41.872,-5.475,-2.909,225,10,-1,-1,0,0
351.324,38.962,-5.475,-2.909,220,5,-1,-1,0,0
345.849,36.053,-5.475,-2.909,215,0,-1,-1,0,0
340.374,33.144,-5.475,-2.909,210,0,-1,-1,0,0
334.899,30.234,-5.475,-2.909,205,0,-1,-1,0,0
329.424,27.325,-5.475,-2.909,200,0,-1,-1,0,0
323.949,24.416,-5.475,-2.909,195,0,-1,-1,0,0
318.474,21.506,-5.475,-2.909,190,0,-1,-1,0,0
312.999,18.597,-5.475,-2.909,185,0,-1,-1,0,0
307.524,15.688,-5.475,-2.909,180,0,-1,-1,0,0
302.049,12.778,-5.475,-2.909,175,0,-1,-1,0,0
296.574,9.869,-5.475,-2.909,170,0,-1,-1,0,0
291.098,6.96,-5.475,-2.909,165,0,-1,-1,0,0
285.623,6.0,-5.475,2.909,165,0,0,-1,0,0
280.148,8.909,-5.475,2.909,165,0,0,-1,0,0
274.673,11.819,-5.475,2.909,165,0,0,-1,0,0
269.198,14.728,-5.475,2.909,165,0,0,-1,0,0
263.723,17.637,-5.475,2.909,165,0,0,-1,0,0
258.248,20.547,-5.475,2.909,165,0,0,-1,0,0
252.773,23.456,-5.475,2.909,165,0,0,-1,0,0
247.298,26.365,-5.475,2.909,165,0,0,-1,0,0
241.823,29.275,-5.475,2.909,165,0,0,-1,0,0
236.348,32.184,-5.475,2.909,165,0,0,-1,0,0
230.873,35.093,-5.475,2.909,160,0,-1,-1,0,0
225.398,38.003,-5.475,2.909,155,0,-1,-1,0,0
219.923,40.912,-5.475,2.909,150,0,-1,-1,0,0
214.448,43.821,-5.475,2.909,145,0,-1,-1,0,0
208.973,46.731,-5.475,2.909,140,0,-1,-1,0,0
203.498,49.64,-5.475,2.909,135,0,-1,-1,0,0
198.023,52.549,-5.475,2.909,130,0,-1,-1,0,0
192.548,55.459,-5.475,2.909,125,0,-1,-1,0,0
187.073,58.368,-5.475,2.909,120,0,-1,-1,0,0
181.598,61.277,-5.475,2.909,115,0,-1,-1,0,0
176.123,64.187,-5.475,2.909,110,0,-1,-1,0,0
170.648,67.096,-5.475,2.909,110,0,0,-1,0,0
165.173,70.005,-5.475,2.909,110,0,0,-1,0,0
159.698,72.915,-5.475,2.909,110,0,0,-1,0,0
154.223,75.824,-5.475,2.909,110,0,0,-1,0,0
148.748,78.733,-5.475,2.909,110,0,0,-1,0,0
143.273,81.642,-5.475,2.909,110,0,0,-1,0,0
137.798,84.552,-5.475,2.909,110,0,0,-1,0,0
132.323,87.461,-5.475,2.909,110,0,0,-1,0,0
126.848,90.37,-5.475,2.909,110,0,0,0,0,0
121.373,93.28,-5.475,2.909,110,0,0,0,0,0
115.898,96.189,-5.475,2.909,105,0,-1,0,0,0
110.423,99.098,-5.475,2.909,100,0,-1,0,0,0
104.948,102.008,-5.475,2.909,95,0,-1,0,0,0
99.473,104.917,-5.475,2.909,90,0,-1,0,0,0
93.998,107.826,-5.475,2.909,85,0,-1,0,0,0
88.523,110.736,-5.475,2.909,80,0,-1,0,0,0
83.048,113.645,-5.475,2.909,75,0,-1,0,0,0
77.573,116.554,-5.475,2.909,70,0,-1,0,0,0
72.098,119.464,-5.475,2.909,65,0,-1,0,0,0
66.623,122.373,-5.475,2.909,60,0,-1,0,0,0
61.148,125.282,-5.475,2.909,55,5,-1,1,0,0
55.673,128.192,-5.475,2.909,50,10,-1,1,0,0
50.198,131.101,-5.475,2.909,45,15,-1,1,0,0
44.723,134.01,-5.475,2.909,45,20,0,1,0,0
39.248,136.92,-5.475,2.909,45,25,0,1,0,0
33.773,139.829,-5.475,2.909,45,30,0,1,0,0
28.298,142.738,-5.475,2.909,45,35,0,1,0,0
22.823,145.648,-5.475,2.909,45,40,0,1,0,0
17.348,148.557,-5.475,2.909,45,45,0,1,0,0
11.873,151.466,-5.475,2.909,45,50,0,1,0,0
6.398,154.376,-5.475,2.909,45,55,0,1,0,0
0.923,157.285,-5.475,2.909,45,60,0,1,0,0
-4.552,160.194,-5.475,2.909,45,65,0,1,0,0
400.0,300.0,4.006,2.992,45,70,0,1,0,1
404.006,302.992,4.006,2.992,45,70,0,0,0,0
408.011,305.985,4.006,2.992,45,70,0,0,0,0
412.017,308.977,4.006,2.992,45,70,0,0,0,0
416.022,311.97,4.006,2.992,45,70,0,0,0,0
420.028,314.962,4.006,2.992,45,70,0,0,0,0
424.034,317.955,4.006,2.992,45,70,0,0,0,0
428.039,320.947,4.006,2.992,45,70,0,0,0,0
432.045,323.94,4.006,2.992,45,70,0,0,0,0
436.051,326.932,4.006,2.992,45,70,0,0,0,0
440.056,329.925,4.006,2.992,50,70,1,0,0,0
444.062,332.917,4.006,2.992,55,70,1,0,0,0
448.067,335.91,4.006,2.992,60,70,1,0,0,0
452.073,338.902,4.006,2.992,65,70,1,0,0,0
456.079,341.895,4.006,2.992,70,70,1,0,0,0
460.084,344.887,4.006,2.992,75,70,1,0,0,0
464.09,347.88,4.006,2.992,80,70,1,0,0,0
468.096,350.872,4.006,2.992,85,70,1,0,0,0
472.101,353.865,4.006,2.992,90,70,1,0,0,0
476.107,356.857,4.006,2.992,95,70,1,0,0,0
480.112,359.85,4.006,2.992,100,70,1,0,0,0
484.118,362.842,4.006,2.992,105,70,1,0,0,0
488.124,365.835,4.006,2.992,110,70,1,0,0,0
492.129,368.827,4.006,2.992,115,70,1,0,0,0
496.135,371.82,4.006,2.992,120,70,1,0,0,0
500.14,374.812,4.006,2.992,125,70,1,0,0,0
504.146,377.805,4.006,2.992,125,70,0,0,0,0
508.152,380.797,4.006,2.992,125,70,0,0,0,0
512.157,383.79,4.006,2.992,125,70,0,0,0,0
516.163,386.782,4.006,2.992,125,75,0,1,0,0
520.169,389.775,4.006,2.992,125,80,0,1,0,0
524.174,392.767,4.006,2.992,125,85,0,1,0,0
528.18,395.76,4.006,2.992,125,90,0,1,0,0
532.185,398.752,4.006,2.992,125,95,0,1,0,0
536.191,401.745,4.006,2.992,125,100,0,1,0,0
540.197,404.737,4.006,2.992,125,105,0,1,0,0
544.202,407.73,4.006,2.992,125,110,0,1,0,0
548.208,410.722,4.006,2.992,125,115,0,1,0,0
552.213,413.715,4.006,2.992,125,120,0,1,0,0
556.219,416.707,4.006,2.992,125,125,0,1,0,0
560.225,419.7,4.006,2.992,125,130,0,1,0,0
564.23,422.692,4.006,2.992,125,135,0,1,0,0
568.236,425.685,4.006,2.992,125,140,0,1,0,0
572.242,428.677,4.006,2.992,125,145,0,1,0,0
576.247,431.67,4.006,2.992,125,150,0,1,0,0
580.253,434.662,4.006,2.992,125,155,0,1,0,0
584.258,437.655,4.006,2.992,125,160,0,1,0,0
588.264,440.647,4.006,2.992,125,165,0,1,0,0
592.27,443.64,4.006,2.992,125,170,0,1,0,0
596.275,446.632,4.006,2.992,125,175,0,1,0,0
600.281,449.625,4.006,2.992,125,180,0,1,0,0
604.287,452.617,4.006,2.992,125,185,0,1,0,0
608.292,455.61,4.006,2.992,125,190,0,1,0,0
612.298,458.602,4.006,2.992,125,195,0,1,0,0
616.303,461.595,4.006,2.992,125,200,0,1,0,0
620.309,464.587,4.006,2.992,125,205,0,1,0,0
624.315,467.58,4.006,2.992,125,210,0,1,0,0
628.32,470.572,4.006,2.992,125,215,0,1,0,0
632.326,473.565,4.006,2.992,125,220,0,1,0,0
636.331,476.557,4.006,2.992,125,225,0,1,0,0
640.337,479.55,4.006,2.992,125,230,0,1,0,0
644.343,482.542,4.006,2.992,125,235,0,1,0,0
648.348,485.535,4.006,2.992,125,240,0,1,0,0
652.354,488.527,4.006,2.992,125,245,0,1,0,0
656.36,491.52,4.006,2.992,125,250,0,1,0,0
660.365,494.512,4.006,2.992,125,255,0,1,0,0
664.371,497.505,4.006,2.992,125,260,0,1,0,0
668.376,500.497,4.006,2.992,125,265,0,1,0,0
672.382,503.49,4.006,2.992,125,270,0,1,0,0
676.388,506.482,4.006,2.992,125,275,0,1,0,0
680.393,509.475,4.006,2.992,125,280,0,1,0,0
684.399,512.467,4.006,2.992,125,285,0,1,0,0
688.404,515.46,4.006,2.992,125,290,0,1,0,0
692.41,518.452,4.006,2.992,125,295,0,1,0,0
696.416,521.445,4.006,2.992,125,300,0,1,0,0
700.421,524.437,4.006,2.992,125,305,0,1,0,0
704.427,527.43,4.006,2.992,125,310,0,1,0,0
708.433,530.422,4.006,2.992,125,315,0,1,0,0
712.438,533.415,4.006,2.992,125,320,0,1,0,0
716.444,536.407,4.006,2.992,125,325,0,1,0,0
720.449,539.4,4.006,2.992,125,330,0,1,0,0
724.455,542.392,4.006,2.992,125,335,0,1,0,0
728.461,545.385,4.006,2.992,125,340,0,1,0,0
732.466,548.377,4.006,2.992,125,345,0,1,0,0
736.472,551.37,4.006,2.992,125,350,0,1,0,0
740.478,554.362,4.006,2.992,125,355,0,1,0,0
744.483,557.355,4.006,2.992,125,360,0,1,0,0
748.489,560.347,4.006,2.992,125,365,0,1,0,0
752.494,563.34,4.006,2.992,125,370,0,1,0,0
756.5,566.332,4.006,2.992,120,375,-1,1,0,0
760.506,569.325,4.006,2.992,115,380,-1,1,0,0
764.511,572.317,4.006,2.992,110,385,-1,1,0,0
768.517,575.31,4.006,2.992,105,390,-1,1,0,0
772.522,578.302,4.006,2.992,100,395,-1,1,0,0
776.528,581.295,4.006,2.992,95,400,-1,1,0,0
780.534,584.287,4.006,2.992,95,405,0,1,0,0
784.539,587.28,4.006,2.992,95,410,0,1,0,0
788.545,590.272,4.006,2.992,95,415,0,1,0,0
792.551,593.265,4.006,2.992,95,420,0,1,0,0
796.556,594.0,4.006,-2.992,95,425,0,1,0,0
800.562,591.008,4.006,-2.992,95,430,0,1,0,0
804.567,588.015,4.006,-2.992,95,435,0,1,0,0
400.0,300.0,-3.859,3.179,95,440,0,1,1,0
396.141,303.179,-3.859,3.179,100,440,1,0,0,0
392.282,306.358,-3.859,3.179,105,440,1,0,0,0
388.423,309.538,-3.859,3.179,110,440,1,0,0,0
384.563,312.717,-3.859,3.179,115,440,1,0,0,0
380.704,315.896,-3.859,3.179,120,440,1,0,0,0
376.845,319.075,-3.859,3.179,125,440,1,0,0,0
372.986,322.254,-3.859,3.179,130,440,1,0,0,0
369.127,325.433,-3.859,3.179,135,440,1,0,0,0
365.268,328.613,-3.859,3.179,140,440,1,0,0,0
361.409,331.792,-3.859,3.179,145,440,1,0,0,0
357.55,334.971,-3.859,3.179,150,440,1,0,0,0
353.69,338.15,-3.859,3.179,155,440,1,0,0,0
349.831,341.329,-3.859,3.179,155,440,0,0,0,0
345.972,344.508,-3.859,3.179,155,440,0,0,0,0
342.113,347.688,-3.859,3.179,155,440,0,0,0,0
338.254,350.867,-3.859,3.179,155,440,0,0,0,0
334.395,354.046,-3.859,3.179,155,435,0,-1,0,0
330.536,357.225,-3.859,3.179,155,430,0,-1,0,0
326.677,360.404,-3.859,3.179,155,425,0,-1,0,0
322.817,363.583,-3.859,3.179,155,420,0,-1,0,0
318.958,366.763,-3.859,3.179,155,415,0,-1,0,0
315.099,369.942,-3.859,3.179,155,410,0,-1,0,0
311.24,373.121,-3.859,3.179,155,405,0,-1,0,0
307.381,376.3,-3.859,3.179,155,400,0,-1,0,0
303.522,379.479,-3.859,3.179,155,395,0,-1,0,0
299.663,382.658,-3.859,3.179,155,390,0,-1,0,0
295.804,385.838,-3.859,3.179,155,385,0,-1,0,0
291.944,389.017,-3.859,3.179,155,380,0,-1,0,0
288.085,392.196,-3.859,3.179,155,380,0,0,0,0
284.226,395.375,-3.859,3.179,155,380,0,0,0,0
280.367,398.554,-3.859,3.179,160,380,1,0,0,0
276.508,401.733,-3.859,3.179,165,380,1,0,0,0
272.649,404.913,-3.859,3.179,170,380,1,0,0,0
268.79,408.092,-3.859,3.179,175,380,1,0,0,0
264.931,411.271,-3.859,3.179,180,380,1,0,0,0
261.071,414.45,-3.859,3.179,185,380,1,0,0,0
257.212,417.629,-3.859,3.179,190,380,1,0,0,0
253.353,420.809,-3.859,3.179,195,380,1,0,0,0
249.494,423.988,-3.859,3.179,200,385,1,1,0,0
245.635,427.167,-3.859,3.179,205,390,1,1,0,0
241.776,430.346,-3.859,3.179,210,395,1,1,0,0
237.917,433.525,-3.859,3.179,215,400,1,1,0,0
234.057,436.704,-3.859,3.179,220,405,1,1,0,0
230.198,439.884,-3.859,3.179,225,410,1,1,0,0
226.339,443.063,-3.859,3.179,230,415,1,1,0,0
222.48,446.242,-3.859,3.179,235,420,1,1,0,0
218.621,449.421,-3.859,3.179,240,425,1,1,0,0
214.762,452.6,-3.859,3.179,245,430,1,1,0,0
210.903,455.779,-3.859,3.179,250,435,1,1,0,0
207.044,458.959,-3.859,3.179,255,440,1,1,0,0
203.184,462.138,-3.859,3.179,260,445,1,1,0,0
199.325,465.317,-3.859,3.179,265,450,1,1,0,0
195.466,468.496,-3.859,3.179,270,455,1,1,0,0
191.607,471.675,-3.859,3.179,275,460,1,1,0,0
187.748,474.854,-3.859,3.179,280,465,1,1,0,0
183.889,478.034,-3.859,3.179,285,470,1,1,0,0
180.03,481.213,-3.859,3.179,290,475,1,1,0,0
176.171,484.392,-3.859,3.179,295,480,1,1,0,0
172.311,487.571,-3.859,3.179,300,485,1,1,0,0
168.452,490.75,-3.859,3.179,305,490,1,1,0,0
164.593,493.929,-3.859,3.179,310,495,1,1,0,0
160.734,497.109,-3.859,3.179,315,500,1,1,0,0
156.875,500.288,-3.859,3.179,320,505,1,1,0,0
153.016,503.467,-3.859,3.179,325,510,1,1,0,0
149.157,506.646,-3.859,3.179,330,515,1,1,0,0
145.298,509.825,-3.859,3.179,335,520,1,1,0,0
141.438,513.004,-3.859,3.179,340,520,1,1,0,0
137.579,516.184,-3.859,3.179,345,520,1,1,0,0
133.72,519.363,-3.859,3.179,350,520,1,1,0,0
129.861,522.542,-3.859,3.179,355,520,1,1,0,0
126.002,525.721,-3.859,3.179,360,520,1,1,0,0
122.143,528.9,-3.859,3.179,365,520,1,1,0,0
118.284,532.079,-3.859,3.179,370,520,1,1,0,0
114.425,535.259,-3.859,3.179,375,520,1,1,0,0
110.565,538.438,-3.859,3.179,380,520,1,1,0,0
106.706,541.617,-3.859,3.179,385,520,1,1,0,0
102.847,544.796,-3.859,3.179,390,520,1,1,0,0
98.988,547.975,-3.859,3.179,395,520,1,1,0,0
95.129,551.155,-3.859,3.179,400,520,1,1,0,0
91.27,554.334,-3.859,3.179,405,520,1,1,0,0
87.411,557.513,-3.859,3.179,410,520,1,1,0,0
83.551,560.692,-3.859,3.179,415,520,1,1,0,0
79.692,563.871,-3.859,3.179,420,520,1,1,0,0
75.833,567.05,-3.859,3.179,425,520,1,1,0,0
71.974,570.23,-3.859,3.179,430,520,1,1,0,0
68.115,573.409,-3.859,3.179,435,520,1,1,0,0
64.256,576.588,-3.859,3.179,440,520,1,1,0,0
60.397,579.767,-3.859,3.179,445,520,1,1,0,0
56.538,582.946,-3.859,3.179,450,520,1,1,0,0
52.678,586.125,-3.859,3.179,455,520,1,1,0,0
48.819,589.305,-3.859,3.179,460,520,1,1,0,0
44.96,592.484,-3.859,3.179,465,520,1,1,0,0
41.101,594.0,-3.859,-3.179,470,520,1,1,0,0
37.242,590.821,-3.859,-3.179,475,520,1,1,0,0
33.383,587.642,-3.859,-3.179,480,520,1,1,0,0
29.524,584.462,-3.859,-3.179,485,520,1,1,0,0
25.665,581.283,-3.859,-3.179,490,520,1,1,0,0
21.805,578.104,-3.859,-3.179,495,520,1,1,0,0
17.946,574.925,-3.859,-3.179,500,520,1,1,0,0
14.087,571.746,-3.859,-3.179,505,520,1,1,0,0
10.228,568.567,-3.859,-3.179,510,520,1,1,0,0
6.369,565.387,-3.859,-3.179,515,520,1,1,0,0
2.51,562.208,-3.859,-3.179,520,520,1,1,0,0
-1.349,559.029,-3.859,-3.179,520,520,1,1,0,0
-5.208,555.85,-3.859,-3.179,520,520,1,1,0,0
400.0,300.0,4.44,-2.299,520,520,1,1,0,1
404.44,297.701,4.44,-2.299,520,520,0,0,0,0
408.88,295.402,4.44,-2.299,520,520,0,0,0,0
413.32,293.103,4.44,-2.299,520,520,0,0,0,0
417.761,290.804,4.44,-2.299,520,520,0,0,0,0
422.201,288.506,4.44,-2.299,520,520,0,0,0,0
426.641,286.207,4.44,-2.299,520,520,0,0,0,0
431.081,283.908,4.44,-2.299,520,520,0,0,0,0
435.521,281.609,4.44,-2.299,520,520,0,0,0,0
439.961,279.31,4.44,-2.299,520,520,0,0,0,0
444.402,277.011,4.44,-2.299,520,520,0,0,0,0
448.842,274.712,4.44,-2.299,520,520,0,0,0,0
453.282,272.413,4.44,-2.299,520,520,0,0,0,0
457.722,270.114,4.44,-2.299,520,515,0,-1,0,0
462.162,267.815,4.44,-2.299,520,510,0,-1,0,0
466.602,265.517,4.44,-2.299,520,505,0,-1,0,0
471.043,263.218,4.44,-2.299,520,500,0,-1,0,0
475.483,260.919,4.44,-2.299,520,495,0,-1,0,0
479.923,258.62,4.44,-2.299,520,490,0,-1,0,0
484.363,256.321,4.44,-2.299,520,485,0,-1,0,0
488.803,254.022,4.44,-2.299,520,480,0,-1,0,0
493.243,251.723,4.44,-2.299,520,475,0,-1,0,0
497.684,249.424,4.44,-2.299,520,470,0,-1,0,0
502.124,247.125,4.44,-2.299,520,465,0,-1,0,0
506.564,244.826,4.44,-2.299,520,460,0,-1,0,0
511.004,242.528,4.44,-2.299,520,455,0,-1,0,0
515.444,240.229,4.44,-2.299,520,450,0,-1,0,0
519.884,237.93,4.44,-2.299,520,445,0,-1,0,0
524.325,235.631,4.44,-2.299,520,440,0,-1,0,0
528.765,233.332,4.44,-2.299,520,435,0,-1,0,0
533.205,231.033,4.44,-2.299,520,430,0,-1,0,0
537.645,228.734,4.44,-2.299,520,425,0,-1,0,0
542.085,226.435,4.44,-2.299,520,420,0,-1,0,0
546.525,224.136,4.44,-2.299,520,415,0,-1,0,0
550.966,221.838,4.44,-2.299,520,410,0,-1,0,0
555.406,219.539,4.44,-2.299,520,405,0,-1,0,0
559.846,217.24,4.44,-2.299,520,400,0,-1,0,0
564.286,214.941,4.44,-2.299,520,395,0,-1,0,0
568.726,212.642,4.44,-2.299,515,390,-1,-1,0,0
573.166,210.343,4.44,-2.299,510,385,-1,-1,0,0
577.607,208.044,4.44,-2.299,505,380,-1,-1,0,0
582.047,205.745,4.44,-2.299,500,375,-1,-1,0,0
586.487,203.446,4.44,-2.299,495,370,-1,-1,0,0
590.927,201.147,4.44,-2.299,490,365,-1,-1,0,0
595.367,198.849,4.44,-2.299,485,360,-1,-1,0,0
599.807,196.55,4.44,-2.299,480,355,-1,-1,0,0
604.248,194.251,4.44,-2.299,475,350,-1,-1,0,0
608.688,191.952,4.44,-2.299,470,345,-1,-1,0,0
613.128,189.653,4.44,-2.299,465,340,-1,-1,0,0
617.568,187.354,4.44,-2.299,460,335,-1,-1,0,0
622.008,185.055,4.44,-2.299,455,330,-1,-1,0,0
626.448,182.756,4.44,-2.299,450,325,-1,-1,0,0
630.889,180.457,4.44,-2.299,445,320,-1,-1,0,0
635.329,178.158,4.44,-2.299,440,315,-1,-1,0,0
639.769,175.86,4.44,-2.299,435,310,-1,-1,0,0
644.209,173.561,4.44,-2.299,430,305,-1,-1,0,0
648.649,171.262,4.44,-2.299,425,300,-1,-1,0,0
653.089,168.963,4.44,-2.299,420,295,-1,-1,0,0
657.53,166.664,4.44,-2.299,415,290,-1,-1,0,0
661.97,164.365,4.44,-2.299,410,285,-1,-1,0,0
666.41,162.066,4.44,-2.299,405,280,-1,-1,0,0
670.85,159.767,4.44,-2.299,400,275,-1,-1,0,0
675.29,157.468,4.44,-2.299,395,270,-1,-1,0,0
679.73,155.169,4.44,-2.299,390,265,-1,-1,0,0
684.171,152.871,4.44,-2.299,385,260,-1,-1,0,0
688.611,150.572,4.44,-2.299,380,255,-1,-1,0,0
693.051,148.273,4.44,-2.299,375,250,-1,-1,0,0
697.491,145.974,4.44,-2.299,370,245,-1,-1,0,0
701.931,143.675,4.44,-2.299,365,240,-1,-1,0,0
706.371,141.376,4.44,-2.299,360,235,-1,-1,0,0
710.812,139.077,4.44,-2.299,355,230,-1,-1,0,0
715.252,136.778,4.44,-2.299,350,225,-1,-1,0,0
719.692,134.479,4.44,-2.299,345,220,-1,-1,0,0
724.132,132.181,4.44,-2.299,340,215,-1,-1,0,0
728.572,129.882,4.44,-2.299,335,210,-1,-1,0,0
733.012,127.583,4.44,-2.299,330,205,-1,-1,0,0
737.453,125.284,4.44,-2.299,325,200,-1,-1,0,0
741.893,122.985,4.44,-2.299,320,195,-1,-1,0,0
746.333,120.686,4.44,-2.299,315,190,-1,-1,0,0
750.773,118.387,4.44,-2.299,310,185,-1,-1,0,0
755.213,116.088,4.44,-2.299,305,180,-1,-1,0,0
759.653,113.789,4.44,-2.299,300,175,-1,-1,0,0
764.094,111.49,4.44,-2.299,295,170,-1,-1,0,0
768.534,109.192,4.44,-2.299,290,165,-1,-1,0,0
772.974,106.893,4.44,-2.299,285,160,-1,-1,0,0
777.414,104.594,4.44,-2.299,280,155,-1,-1,0,0
781.854,102.295,4.44,-2.299,275,150,-1,-1,0,0
786.294,99.996,4.44,-2.299,275,145,0,-1,0,0
790.735,97.697,4.44,-2.299,275,140,0,-1,0,0
795.175,95.398,4.44,-2.299,275,135,0,-1,0,0
799.615,93.099,4.44,-2.299,275,130,0,-1,0,0
804.055,90.8,4.44,-2.299,275,125,0,-1,0,0
400.0,300.0,-4.004,-2.994,275,120,0,-1,1,0
395.996,297.006,-4.004,-2.994,275,125,0,1,0,0
391.991,294.012,-4.004,-2.994,275,130,0,1,0,0
387.987,291.018,-4.004,-2.994,275,135,0,1,0,0
383.982,288.024,-4.004,-2.994,275,140,0,1,0,0
379.978,285.029,-4.004,-2.994,275,145,0,1,0,0
375.974,282.035,-4.004,-2.994,275,150,0,1,0,0
371.969,279.041,-4.004,-2.994,275,155,0,1,0,0
367.965,276.047,-4.004,-2.994,275,160,0,1,0,0
363.96,273.053,-4.004,-2.994,275,165,0,1,0,0
359.956,270.059,-4.004,-2.994,275,170,0,1,0,0
355.951,267.065,-4.004,-2.994,275,175,0,1,0,0
351.947,264.071,-4.004,-2.994,275,180,0,1,0,0
347.943,261.077,-4.004,-2.994,275,185,0,1,0,0
343.938,258.082,-4.004,-2.994,275,190,0,1,0,0
339.934,255.088,-4.004,-2.994,275,195,0,1,0,0
335.929,252.094,-4.004,-2.994,275,200,0,1,0,0
331.925,249.1,-4.004,-2.994,275,205,0,1,0,0
327.921,246.106,-4.004,-2.994,275,210,0,1,0,0
323.916,243.112,-4.004,-2.994,275,215,0,1,0,0
319.912,240.118,-4.004,-2.994,275,220,0,1,0,0
315.907,237.124,-4.004,-2.994,275,225,0,1,0,0
311.903,234.13,-4.004,-2.994,275,230,0,1,0,0
307.899,231.136,-4.004,-2.994,275,235,0,1,0,0
303.894,228.141,-4.004,-2.994,275,240,0,1,0,0
299.89,225.147,-4.004,-2.994,275,245,0,1,0,0
295.885,222.153,-4.004,-2.994,275,250,0,1,0,0
291.881,219.159,-4.004,-2.994,275,250,0,0,0,0
287.876,216.165,-4.004,-2.994,275,250,0,0,0,0
283.872,213.171,-4.004,-2.994,270,250,-1,0,0,0
279.868,210.177,-4.004,-2.994,265,250,-1,0,0,0
275.863,207.183,-4.004,-2.994,260,250,-1,0,0,0
271.859,204.189,-4.004,-2.994,255,250,-1,0,0,0
267.854,201.194,-4.004,-2.994,250,250,-1,0,0,0
263.85,198.2,-4.004,-2.994,245,250,-1,0,0,0
259.846,195.206,-4.004,-2.994,240,250,-1,0,0,0
255.841,192.212,-4.004,-2.994,235,250,-1,0,0,0
251.837,189.218,-4.004,-2.994,230,250,-1,0,0,0
247.832,186.224,-4.004,-2.994,225,250,-1,0,0,0
243.828,183.23,-4.004,-2.994,220,250,-1,0,0,0
239.824,180.236,-4.004,-2.994,215,250,-1,0,0,0
235.819,177.242,-4.004,-2.994,210,250,-1,0,0,0
231.815,174.247,-4.004,-2.994,205,250,-1,0,0,0
227.81,171.253,-4.004,-2.994,200,250,-1,0,0,0
223.806,168.259,-4.004,-2.994,195,250,-1,0,0,0
219.801,165.265,-4.004,-2.994,190,250,-1,0,0,0
215.797,162.271,-4.004,-2.994,185,250,-1,0,0,0
211.793,159.277,-4.004,-2.994,180,250,-1,0,0,0
207.788,156.283,-4.004,-2.994,175,250,-1,0,0,0
203.784,153.289,-4.004,-2.994,170,250,-1,0,0,0
199.779,150.295,-4.004,-2.994,165,250,-1,0,0,0
195.775,147.3,-4.004,-2.994,160,250,-1,0,0,0
191.771,144.306,-4.004,-2.994,155,250,-1,0,0,0
187.766,141.312,-4.004,-2.994,150,250,-1,0,0,0
183.762,138.318,-4.004,-2.994,145,250,-1,0,0,0
179.757,135.324,-4.004,-2.994,140,250,-1,0,0,0
175.753,132.33,-4.004,-2.994,135,250,-1,0,0,0
171.749,129.336,-4.004,-2.994,130,250,-1,0,0,0
167.744,126.342,-4.004,-2.994,125,250,-1,0,0,0
163.74,123.348,-4.004,-2.994,120,250,-1,0,0,0
159.735,120.354,-4.004,-2.994,115,250,-1,0,0,0
155.731,117.359,-4.004,-2.994,110,250,-1,0,0,0
151.726,114.365,-4.004,-2.994,105,250,-1,0,0,0
147.722,111.371,-4.004,-2.994,100,250,-1,0,0,0
143.718,108.377,-4.004,-2.994,95,250,-1,0,0,0
139.713,105.383,-4.004,-2.994,90,250,-1,0,0,0
135.709,102.389,-4.004,-2.994,85,250,-1,0,0,0
131.704,99.395,-4.004,-2.994,80,250,-1,0,0,0
127.7,96.401,-4.004,-2.994,75,250,-1,0,0,0
123.696,93.407,-4.004,-2.994,70,250,-1,0,0,0
119.691,90.412,-4.004,-2.994,65,250,-1,0,0,0
115.687,87.418,-4.004,-2.994,60,250,-1,0,0,0
111.682,84.424,-4.004,-2.994,55,250,-1,0,0,0
107.678,81.43,-4.004,-2.994,50,250,-1,0,0,0
103.674,78.436,-4.004,-2.994,45,250,-1,0,0,0
99.669,75.442,-4.004,-2.994,40,250,-1,0,0,0
95.665,72.448,-4.004,-2.994,35,250,-1,0,0,0
91.66,69.454,-4.004,-2.994,30,250,-1,0,0,0
87.656,66.46,-4.004,-2.994,25,250,-1,0,0,0
83.651,63.465,-4.004,-2.994,20,250,-1,0,0,0
79.647,60.471,-4.004,-2.994,15,250,-1,0,0,0
75.643,57.477,-4.004,-2.994,10,250,-1,0,0,0
71.638,54.483,-4.004,-2.994,5,250,-1,0,0,0
67.634,51.489,-4.004,-2.994,0,250,-1,0,0,0
63.629,48.495,-4.004,-2.994,0,250,-1,0,0,0
59.625,45.501,-4.004,-2.994,0,250,-1,0,0,0
55.621,42.507,-4.004,-2.994,0,250,-1,0,0,0
51.616,39.513,-4.004,-2.994,0,250,-1,0,0,0
49.0,36.518,5.278,-0.482,0,250,-1,0,0,0
54.278,36.036,5.278,-0.482,0,245,-1,-1,0,0
59.556,35.554,5.278,-0.482,0,240,-1,-1,0,0
64.834,35.071,5.278,-0.482,0,235,-1,-1,0,0
70.112,34.589,5.278,-0.482,0,230,-1,-1,0,0
75.39,34.106,5.278,-0.482,0,225,-1,-1,0,0
80.668,33.624,5.278,-0.482,0,220,-1,-1,0,0
85.946,33.142,5.278,-0.482,0,215,-1,-1,0,0
91.224,32.659,5.278,-0.482,0,210,-1,-1,0,0
96.502,32.177,5.278,-0.482,0,205,-1,-1,0,0
101.78,31.694,5.278,-0.482,0,200,-1,-1,0,0
107.058,31.212,5.278,-0.482,0,195,-1,-1,0,0
112.336,30.73,5.278,-0.482,0,190,-1,-1,0,0
117.614,30.247,5.278,-0.482,0,185,-1,-1,0,0
122.892,29.765,5.278,-0.482,0,180,-1,-1,0,0
128.17,29.282,5.278,-0.482,0,175,-1,-1,0,0
133.448,28.8,5.278,-0.482,0,170,0,-1,0,0
138.726,28.318,5.278,-0.482,0,165,0,-1,0,0
144.004,27.835,5.278,-0.482,0,165,0,0,0,0
149.282,27.353,5.278,-0.482,0,165,0,0,0,0
154.56,26.87,5.278,-0.482,0,165,0,0,0,0
159.838,26.388,5.278,-0.482,0,165,0,0,0,0
165.116,25.906,5.278,-0.482,0,165,0,0,0,0
170.394,25.423,5.278,-0.482,0,165,0,0,0,0
175.672,24.941,5.278,-0.482,0,165,0,0,0,0
180.95,24.458,5.278,-0.482,0,165,0,0,0,0
186.228,23.976,5.278,-0.482,0,165,0,0,0,0
191.506,23.494,5.278,-0.482,0,165,0,0,0,0
196.784,23.011,5.278,-0.482,0,165,0,0,0,0
202.062,22.529,5.278,-0.482,0,165,0,0,0,0
207.34,22.046,5.278,-0.482,0,165,0,0,0,0
212.618,21.564,5.278,-0.482,0,160,0,-1,0,0
217.896,21.082,5.278,-0.482,0,155,0,-1,0,0
223.174,20.599,5.278,-0.482,0,150,0,-1,0,0
228.452,20.117,5.278,-0.482,0,145,0,-1,0,0
233.73,19.634,5.278,-0.482,0,140,0,-1,0,0
239.008,19.152,5.278,-0.482,0,135,0,-1,0,0
244.286,18.67,5.278,-0.482,5,130,1,-1,0,0
249.564,18.187,5.278,-0.482,10,125,1,-1,0,0
254.842,17.705,5.278,-0.482,15,120,1,-1,0,0
260.12,17.222,5.278,-0.482,20,115,1,-1,0,0
265.398,16.74,5.278,-0.482,25,110,1,-1,0,0
270.676,16.257,5.278,-0.482,30,105,1,-1,0,0
275.954,15.775,5.278,-0.482,35,100,1,-1,0,0
281.232,15.293,5.278,-0.482,40,95,1,-1,0,0
286.51,14.81,5.278,-0.482,45,90,1,-1,0,0
291.788,14.328,5.278,-0.482,50,85,1,-1,0,0
297.066,13.845,5.278,-0.482,55,80,1,-1,0,0
302.344,13.363,5.278,-0.482,60,75,1,-1,0,0
307.622,12.881,5.278,-0.482,65,70,1,-1,0,0
312.9,12.398,5.278,-0.482,70,65,1,-1,0,0
318.178,11.916,5.278,-0.482,75,60,1,-1,0,0
323.456,11.433,5.278,-0.482,80,55,1,-1,0,0
328.734,10.951,5.278,-0.482,85,50,1,-1,0,0
334.012,10.469,5.278,-0.482,90,45,1,-1,0,0
339.29,9.986,5.278,-0.482,95,40,1,-1,0,0
344.568,9.504,5.278,-0.482,100,35,1,-1,0,0
349.846,9.021,5.278,-0.482,105,30,1,-1,0,0
355.124,8.539,5.278,-0.482,105,25,0,-1,0,0
360.402,8.057,5.278,-0.482,105,20,0,-1,0,0
365.68,7.574,5.278,-0.482,105,15,0,-1,0,0
370.958,7.092,5.278,-0.482,105,10,0,-1,0,0
376.236,6.609,5.278,-0.482,105,5,0,-1,0,0
381.514,6.127,5.278,-0.482,105,0,0,-1,0,0
386.792,6.0,5.278,0.482,105,0,0,-1,0,0
392.07,6.482,5.278,0.482,105,0,0,-1,0,0
397.348,6.965,5.278,0.482,105,0,0,-1,0,0
402.626,7.447,5.278,0.482,105,0,0,-1,0,0
407.904,7.93,5.278,0.482,105,0,0,-1,0,0
413.182,8.412,5.278,0.482,105,0,0,-1,0,0
418.46,8.894,5.278,0.482,105,0,0,-1,0,0
423.738,9.377,5.278,0.482,105,0,0,-1,0,0
429.016,9.859,5.278,0.482,105,0,0,-1,0,0
434.294,10.342,5.278,0.482,105,0,0,-1,0,0
439.572,10.824,5.278,0.482,105,0,0,-1,0,0
444.85,11.306,5.278,0.482,105,0,0,-1,0,0
450.128,11.789,5.278,0.482,105,0,0,-1,0,0
455.406,12.271,5.278,0.482,105,0,0,-1,0,0
460.684,12.754,5.278,0.482,105,0,0,0,0,0
465.962,13.236,5.278,0.482,105,0,0,0,0,0
471.24,13.718,5.278,0.482,105,0,0,0,0,0
476.518,14.201,5.278,0.482,105,0,0,0,0,0
481.796,14.683,5.278,0.482,105,0,0,0,0,0
487.074,15.166,5.278,0.482,105,0,0,0,0,0
492.352,15.648,5.278,0.482,105,0,0,0,0,0
497.63,16.13,5.278,0.482,105,0,0,0,0,0
502.908,16.613,5.278,0.482,105,0,0,0,0,0
508.186,17.095,5.278,0.482,105,0,0,0,0,0
513.464,17.578,5.278,0.482,105,0,0,0,0,0
518.742,18.06,5.278,0.482,105,0,0,0,0,0
524.02,18.543,5.278,0.482,105,0,0,0,0,0
529.298,19.025,5.278,0.482,105,0,0,0,0,0
534.576,19.507,5.278,0.482,105,0,0,0,0,0
539.854,19.99,5.278,0.482,105,0,0,0,0,0
545.132,20.472,5.278,0.482,105,0,0,0,0,0
550.41,20.955,5.278,0.482,105,0,0,0,0,0
555.688,21.437,5.278,0.482,105,0,0,0,0,0
560.966,21.919,5.278,0.482,105,0,0,0,0,0
566.244,22.402,5.278,0.482,105,0,0,0,0,0
571.522,22.884,5.278,0.482,105,0,0,0,0,0
576.8,23.367,5.278,0.482,105,0,0,0,0,0
582.078,23.849,5.278,0.482,105,0,0,0,0,0
587.356,24.331,5.278,0.482,105,0,0,0,0,0
592.634,24.814,5.278,0.482,105,0,0,0,0,0
597.912,25.296,5.278,0.482,105,0,0,0,0,0
603.19,25.779,5.278,0.482,105,0,0,0,0,0
608.468,26.261,5.278,0.482,105,0,0,0,0,0
613.746,26.743,5.278,0.482,105,0,0,0,0,0
619.024,27.226,5.278,0.482,105,0,0,0,0,0
624.302,27.708,5.278,0.482,105,0,0,0,0,0
629.58,28.191,5.278,0.482,105,0,0,0,0,0
634.858,28.673,5.278,0.482,105,0,0,0,0,0
640.136,29.155,5.278,0.482,105,0,0,0,0,0
645.414,29.638,5.278,0.482,105,0,0,0,0,0
650.692,30.12,5.278,0.482,105,0,0,0,0,0
655.97,30.603,5.278,0.482,105,0,0,0,0,0
661.248,31.085,5.278,0.482,105,0,0,0,0,0
666.526,31.567,5.278,0.482,105,0,0,0,0,0
671.804,32.05,5.278,0.482,105,0,0,0,0,0
677.082,32.532,5.278,0.482,105,0,0,0,0,0
682.36,33.015,5.278,0.482,105,0,0,0,0,0
687.638,33.497,5.278,0.482,105,0,0,0,0,0
692.916,33.979,5.278,0.482,105,0,0,0,0,0
698.194,34.462,5.278,0.482,105,0,0,0,0,0
703.472,34.944,5.278,0.482,105,0,0,0,0,0
708.75,35.427,5.278,0.482,105,0,0,0,0,0
714.028,35.909,5.278,0.482,105,0,0,0,0,0
719.306,36.391,5.278,0.482,105,0,0,0,0,0
724.584,36.874,5.278,0.482,105,0,0,0,0,0
729.862,37.356,5.278,0.482,105,0,0,0,0,0
735.14,37.839,5.278,0.482,105,0,0,0,0,0
740.418,38.321,5.278,0.482,105,0,0,0,0,0
745.696,38.804,5.278,0.482,105,0,0,0,0,0
750.974,39.286,5.278,0.482,105,0,0,0,0,0
751.0,39.768,-5.6,-0.034,105,0,0,0,0,0
745.4,39.734,-5.6,-0.034,105,0,0,0,0,0
739.8,39.7,-5.6,-0.034,105,0,0,0,0,0
734.2,39.666,-5.6,-0.034,105,0,0,0,0,0
728.6,39.632,-5.6,-0.034,105,0,0,0,0,0
723.001,39.598,-5.6,-0.034,105,0,0,0,0,0
717.401,39.565,-5.6,-0.034,105,0,0,0,0,0
711.801,39.531,-5.6,-0.034,105,0,0,0,0,0
706.201,39.497,-5.6,-0.034,105,0,0,0,0,0
700.601,39.463,-5.6,-0.034,105,0,0,0,0,0
695.001,39.429,-5.6,-0.034,105,0,0,0,0,0
689.401,39.395,-5.6,-0.034,105,0,0,0,0,0
683.801,39.361,-5.6,-0.034,105,0,0,0,0,0
678.201,39.327,-5.6,-0.034,105,0,0,0,0,0
672.601,39.293,-5.6,-0.034,105,0,0,0,0,0
667.002,39.259,-5.6,-0.034,105,0,0,0,0,0
661.402,39.225,-5.6,-0.034,105,0,0,0,0,0
655.802,39.191,-5.6,-0.034,105,0,0,0,0,0
650.202,39.157,-5.6,-0.034,105,0,0,0,0,0
644.602,39.123,-5.6,-0.034,105,0,0,0,0,0
639.002,39.089,-5.6,-0.034,110,0,1,0,0,0
633.402,39.055,-5.6,-0.034,115,0,1,0,0,0
627.802,39.021,-5.6,-0.034,120,0,1,0,0,0
622.202,38.987,-5.6,-0.034,125,0,1,0,0,0
616.602,38.953,-5.6,-0.034,130,0,1,0,0,0
611.003,38.919,-5.6,-0.034,135,0,1,0,0,0
605.403,38.885,-5.6,-0.034,140,0,1,0,0,0
599.803,38.851,-5.6,-0.034,145,0,1,0,0,0
594.203,38.817,-5.6,-0.034,150,0,1,0,0,0
588.603,38.783,-5.6,-0.034,155,0,1,0,0,0
583.003,38.749,-5.6,-0.034,160,0,1,0,0,0
577.403,38.715,-5.6,-0.034,165,0,1,0,0,0
571.803,38.681,-5.6,-0.034,170,0,1,0,0,0
566.203,38.647,-5.6,-0.034,175,0,1,0,0,0
560.604,38.613,-5.6,-0.034,180,0,1,0,0,0
555.004,38.579,-5.6,-0.034,185,0,1,0,0,0
549.404,38.545,-5.6,-0.034,185,0,0,0,0,0
543.804,38.512,-5.6,-0.034,185,0,0,0,0,0
538.204,38.478,-5.6,-0.034,185,0,0,0,0,0
532.604,38.444,-5.6,-0.034,185,0,0,0,0,0
527.004,38.41,-5.6,-0.034,185,0,0,0,0,0
521.404,38.376,-5.6,-0.034,185,0,0,0,0,0
515.804,38.342,-5.6,-0.034,185,0,0,0,0,0
510.204,38.308,-5.6,-0.034,185,0,0,0,0,0
504.605,38.274,-5.6,-0.034,185,0,0,0,0,0
499.005,38.24,-5.6,-0.034,185,0,0,0,0,0
493.405,38.206,-5.6,-0.034,185,0,0,0,0,0
487.805,38.172,-5.6,-0.034,185,0,0,0,0,0
482.205,38.138,-5.6,-0.034,180,0,-1,0,0,0
476.605,38.104,-5.6,-0.034,175,0,-1,0,0,0
471.005,38.07,-5.6,-0.034,170,0,-1,0,0,0
465.405,38.036,-5.6,-0.034,165,0,-1,0,0,0
459.805,38.002,-5.6,-0.034,160,0,-1,0,0,0
454.205,37.968,-5.6,-0.034,155,0,-1,0,0,0
448.606,37.934,-5.6,-0.034,150,0,-1,0,0,0
443.006,37.9,-5.6,-0.034,145,0,-1,0,0,0
437.406,37.866,-5.6,-0.034,140,0,-1,0,0,0
431.806,37.832,-5.6,-0.034,135,0,-1,0,0,0
426.206,37.798,-5.6,-0.034,130,0,-1,0,0,0
420.606,37.764,-5.6,-0.034,125,0,-1,0,0,0
415.006,37.73,-5.6,-0.034,120,0,-1,0,0,0
409.406,37.696,-5.6,-0.034,115,0,-1,0,0,0
403.806,37.662,-5.6,-0.034,110,0,-1,0,0,0
398.206,37.628,-5.6,-0.034,105,0,-1,0,0,0
392.607,37.594,-5.6,-0.034,100,0,-1,0,0,0
387.007,37.56,-5.6,-0.034,95,0,-1,0,0,0
381.407,37.526,-5.6,-0.034,90,0,-1,0,0,0
375.807,37.492,-5.6,-0.034,85,0,-1,0,0,0
370.207,37.459,-5.6,-0.034,80,0,-1,0,0,0
364.607,37.425,-5.6,-0.034,75,0,-1,0,0,0
359.007,37.391,-5.6,-0.034,70,0,-1,0,0,0
353.407,37.357,-5.6,-0.034,65,0,-1,0,0,0
347.807,37.323,-5.6,-0.034,60,0,-1,0,0,0
342.208,37.289,-5.6,-0.034,55,0,-1,0,0,0
336.608,37.255,-5.6,-0.034,50,0,-1,0,0,0
331.008,37.221,-5.6,-0.034,45,0,-1,0,0,0
325.408,37.187,-5.6,-0.034,40,0,-1,0,0,0
319.808,37.153,-5.6,-0.034,35,0,-1,0,0,0
314.208,37.119,-5.6,-0.034,30,0,-1,0,0,0
308.608,37.085,-5.6,-0.034,25,0,-1,0,0,0
303.008,37.051,-5.6,-0.034,20,0,-1,0,0,0
297.408,37.017,-5.6,-0.034,15,0,-1,0,0,0
291.808,36.983,-5.6,-0.034,10,0,-1,0,0,0
286.209,36.949,-5.6,-0.034,5,0,-1,0,0,0
280.609,36.915,-5.6,-0.034,0,0,-1,0,0,0
275.009,36.881,-5.6,-0.034,0,0,-1,0,0,0
269.409,36.847,-5.6,-0.034,0,0,-1,0,0,0
263.809,36.813,-5.6,-0.034,0,0,0,0,0,0
258.209,36.779,-5.6,-0.034,0,0,0,0,0,0
252.609,36.745,-5.6,-0.034,0,0,0,0,0,0
247.009,36.711,-5.6,-0.034,0,0,0,0,0,0
241.409,36.677,-5.6,-0.034,0,0,0,0,0,0
235.809,36.643,-5.6,-0.034,0,0,0,0,0,0
230.21,36.609,-5.6,-0.034,0,0,0,0,0,0
224.61,36.575,-5.6,-0.034,0,0,0,0,0,0
219.01,36.541,-5.6,-0.034,0,0,0,0,0,0
213.41,36.507,-5.6,-0.034,0,0,0,0,0,0
207.81,36.473,-5.6,-0.034,0,0,0,0,0,0
202.21,36.44,-5.6,-0.034,0,0,0,0,0,0
196.61,36.406,-5.6,-0.034,0,0,0,0,0,0
191.01,36.372,-5.6,-0.034,0,0,0,0,0,0
185.41,36.338,-5.6,-0.034,0,0,0,0,0,0
179.811,36.304,-5.6,-0.034,0,0,0,0,0,0
174.211,36.27,-5.6,-0.034,0,0,0,0,0,0
168.611,36.236,-5.6,-0.034,0,0,0,0,0,0
163.011,36.202,-5.6,-0.034,0,0,0,0,0,0
157.411,36.168,-5.6,-0.034,0,0,0,0,0,0
151.811,36.134,-5.6,-0.034,0,0,0,0,0,0
146.211,36.1,-5.6,-0.034,0,0,0,0,0,0
140.611,36.066,-5.6,-0.034,0,0,0,0,0,0
135.011,36.032,-5.6,-0.034,0,0,0,0,0,0
129.411,35.998,-5.6,-0.034,0,0,0,0,0,0
123.812,35.964,-5.6,-0.034,0,0,0,0,0,0
118.212,35.93,-5.6,-0.034,0,0,0,0,0,0
112.612,35.896,-5.6,-0.034,0,0,0,0,0,0
107.012,35.862,-5.6,-0.034,0,0,0,0,0,0
101.412,35.828,-5.6,-0.034,0,0,0,0,0,0
95.812,35.794,-5.6,-0.034,0,0,0,0,0,0
90.212,35.76,-5.6,-0.034,0,0,0,0,0,0
84.612,35.726,-5.6,-0.034,0,0,0,0,0,0
79.012,35.692,-5.6,-0.034,0,0,0,0,0,0
73.412,35.658,-5.6,-0.034,0,0,0,0,0,0
67.813,35.624,-5.6,-0.034,0,0,0,0,0,0
62.213,35.59,-5.6,-0.034,0,0,0,0,0,0
56.613,35.556,-5.6,-0.034,0,0,0,0,0,0
51.013,35.522,-5.6,-0.034,0,0,0,0,0,0
49.0,35.488,5.859,-0.695,0,0,0,0,0,0
54.859,34.793,5.859,-0.695,0,0,0,0,0,0
60.718,34.098,5.859,-0.695,0,0,0,0,0,0
66.577,33.403,5.859,-0.695,0,0,0,0,0,0
72.436,32.707,5.859,-0.695,0,0,0,0,0,0
78.294,32.012,5.859,-0.695,0,0,0,0,0,0
84.153,31.317,5.859,-0.695,0,0,0,0,0,0
90.012,30.622,5.859,-0.695,0,0,0,0,0,0
95.871,29.926,5.859,-0.695,0,0,0,0,0,0
101.73,29.231,5.859,-0.695,0,0,0,0,0,0
107.589,28.536,5.859,-0.695,0,0,0,0,0,0
113.448,27.841,5.859,-0.695,0,0,0,0,0,0
119.307,27.145,5.859,-0.695,0,0,0,0,0,0
125.166,26.45,5.859,-0.695,0,0,0,0,0,0
131.025,25.755,5.859,-0.695,0,0,0,0,0,0
136.883,25.06,5.859,-0.695,0,0,0,0,0,0
142.742,24.364,5.859,-0.695,0,0,0,0,0,0
148.601,23.669,5.859,-0.695,0,0,0,0,0,0
154.46,22.974,5.859,-0.695,0,0,0,0,0,0
160.319,22.279,5.859,-0.695,5,0,1,0,0,0
166.178,21.583,5.859,-0.695,10,0,1,0,0,0
172.037,20.888,5.859,-0.695,15,0,1,0,0,0
177.896,20.193,5.859,-0.695,20,0,1,0,0,0
183.755,19.498,5.859,-0.695,25,0,1,0,0,0
189.613,18.803,5.859,-0.695,30,0,1,0,0,0
195.472,18.107,5.859,-0.695,35,0,1,0,0,0
201.331,17.412,5.859,-0.695,40,0,1,0,0,0
207.19,16.717,5.859,-0.695,45,0,1,0,0,0
213.049,16.022,5.859,-0.695,50,0,1,0,0,0
218.908,15.326,5.859,-0.695,55,0,1,0,0,0
224.767,14.631,5.859,-0.695,60,0,1,0,0,0
230.626,13.936,5.859,-0.695,65,0,1,0,0,0
236.485,13.241,5.859,-0.695,70,0,1,0,0,0
242.343,12.545,5.859,-0.695,75,0,1,0,0,0
248.202,11.85,5.859,-0.695,80,0,1,0,0,0
254.061,11.155,5.859,-0.695,80,0,0,0,0,0
259.92,10.46,5.859,-0.695,80,0,0,0,0,0
265.779,9.764,5.859,-0.695,80,0,0,0,0,0
271.638,9.069,5.859,-0.695,80,0,0,0,0,0
277.497,8.374,5.859,-0.695,80,0,0,0,0,0
283.356,7.679,5.859,-0.695,80,0,0,0,0,0
289.215,6.983,5.859,-0.695,80,0,0,0,0,0
295.074,6.288,5.859,-0.695,80,0,0,0,0,0
300.932,6.0,5.859,0.695,80,0,0,0,0,0
306.791,6.695,5.859,0.695,80,0,0,0,0,0
312.65,7.39,5.859,0.695,80,0,0,0,0,0
318.509,8.086,5.859,0.695,80,0,0,0,0,0
324.368,8.781,5.859,0.695,80,0,0,0,0,0
330.227,9.476,5.859,0.695,80,0,0,0,0,0
336.086,10.171,5.859,0.695,80,0,0,0,0,0
341.945,10.867,5.859,0.695,80,0,0,0,0,0
347.804,11.562,5.859,0.695,80,0,0,0,0,0
353.662,12.257,5.859,0.695,75,0,-1,0,0,0
359.521,12.952,5.859,0.695,70,0,-1,0,0,0
365.38,13.648,5.859,0.695,65,0,-1,0,0,0
371.239,14.343,5.859,0.695,60,0,-1,0,0,0
377.098,15.038,5.859,0.695,55,0,-1,0,0,0
382.957,15.733,5.859,0.695,50,0,-1,0,0,0
388.816,16.429,5.859,0.695,45,0,-1,0,0,0
394.675,17.124,5.859,0.695,40,0,-1,0,0,0
400.534,17.819,5.859,0.695,35,0,-1,0,0,0
406.392,18.514,5.859,0.695,30,0,-1,0,0,0
412.251,19.21,5.859,0.695,25,0,-1,0,0,0
418.11,19.905,5.859,0.695,20,0,-1,0,0,0
423.969,20.6,5.859,0.695,15,0,-1,0,0,0
429.828,21.295,5.859,0.695,10,0,-1,0,0,0
435.687,21.991,5.859,0.695,5,0,-1,0,0,0
441.546,22.686,5.859,0.695,0,0,-1,0,0,0
447.405,23.381,5.859,0.695,0,0,-1,0,0,0
453.264,24.076,5.859,0.695,0,0,0,0,0,0
459.123,24.772,5.859,0.695,0,0,0,0,0,0
464.981,25.467,5.859,0.695,0,0,0,0,0,0
470.84,26.162,5.859,0.695,0,0,0,0,0,0
476.699,26.857,5.859,0.695,0,0,0,0,0,0
482.558,27.553,5.859,0.695,0,0,0,0,0,0
488.417,28.248,5.859,0.695,0,0,0,0,0,0
494.276,28.943,5.859,0.695,0,0,0,0,0,0
500.135,29.638,5.859,0.695,0,0,0,0,0,0
505.994,30.334,5.859,0.695,0,0,0,0,0,0
511.853,31.029,5.859,0.695,0,0,0,0,0,0
517.711,31.724,5.859,0.695,0,0,0,0,0,0
523.57,32.419,5.859,0.695,0,0,0,0,0,0
529.429,33.115,5.859,0.695,0,0,0,0,0,0
535.288,33.81,5.859,0.695,0,0,0,0,0,0
541.147,34.505,5.859,0.695,0,0,0,0,0,0
547.006,35.2,5.859,0.695,0,0,0,0,0,0
552.865,35.896,5.859,0.695,0,0,0,0,0,0
558.724,36.591,5.859,0.695,0,0,0,0,0,0
564.583,37.286,5.859,0.695,0,0,0,0,0,0
570.442,37.981,5.859,0.695,0,0,0,0,0,0
576.3,38.677,5.859,0.695,0,0,0,0,0,0
582.159,39.372,5.859,0.695,0,0,0,0,0,0
588.018,40.067,5.859,0.695,0,0,0,0,0,0
593.877,40.762,5.859,0.695,0,0,0,0,0,0
599.736,41.458,5.859,0.695,0,0,0,0,0,0
605.595,42.153,5.859,0.695,0,0,0,0,0,0
611.454,42.848,5.859,0.695,0,0,0,0,0,0
617.313,43.543,5.859,0.695,0,0,0,0,0,0
623.172,44.239,5.859,0.695,0,0,0,0,0,0
629.03,44.934,5.859,0.695,0,0,0,0,0,0
634.889,45.629,5.859,0.695,0,0,0,0,0,0
640.748,46.324,5.859,0.695,0,0,0,0,0,0
646.607,47.02,5.859,0.695,0,0,0,0,0,0
652.466,47.715,5.859,0.695,0,0,0,0,0,0
658.325,48.41,5.859,0.695,0,0,0,0,0,0
664.184,49.105,5.859,0.695,0,0,0,0,0,0
670.043,49.801,5.859,0.695,0,0,0,0,0,0
675.902,50.496,5.859,0.695,0,0,0,0,0,0
681.76,51.191,5.859,0.695,0,0,0,0,0,0
687.619,51.886,5.859,0.695,0,0,0,0,0,0
693.478,52.582,5.859,0.695,0,0,0,0,0,0
699.337,53.277,5.859,0.695,0,0,0,0,0,0
705.196,53.972,5.859,0.695,0,0,0,0,0,0
711.055,54.667,5.859,0.695,0,0,0,0,0,0
716.914,55.363,5.859,0.695,0,0,0,0,0,0
722.773,56.058,5.859,0.695,0,0,0,0,0,0
728.632,56.753,5.859,0.695,0,0,0,0,0,0
734.491,57.448,5.859,0.695,0,0,0,0,0,0
740.349,58.143,5.859,0.695,0,0,0,0,0,0
746.208,58.839,5.859,0.695,0,0,0,0,0,0
752.067,59.534,5.859,0.695,0,0,0,0,0,0
751.0,60.229,-5.351,3.132,0,0,0,0,0,0
745.649,63.361,-5.351,3.132,0,0,0,0,0,0
740.299,66.494,-5.351,3.132,0,0,0,0,0,0
734.948,69.626,-5.351,3.132,0,0,0,0,0,0
729.597,72.758,-5.351,3.132,0,0,0,0,0,0
724.247,75.89,-5.351,3.132,0,0,0,0,0,0
718.896,79.022,-5.351,3.132,0,0,0,0,0,0
713.545,82.154,-5.351,3.132,0,0,0,0,0,0
708.195,85.287,-5.351,3.132,0,0,0,0,0,0
702.844,88.419,-5.351,3.132,0,0,0,0,0,0
697.493,91.551,-5.351,3.132,0,0,0,0,0,0
692.143,94.683,-5.351,3.132,0,0,0,0,0,0
686.792,97.815,-5.351,3.132,0,0,0,0,0,0
681.441,100.947,-5.351,3.132,0,0,0,0,0,0
676.091,104.08,-5.351,3.132,0,0,0,0,0,0
670.74,107.212,-5.351,3.132,0,0,0,0,0,0
665.389,110.344,-5.351,3.132,0,0,0,0,0,0
660.039,113.476,-5.351,3.132,0,0,0,0,0,0
654.688,116.608,-5.351,3.132,0,0,0,0,0,0
649.338,119.74,-5.351,3.132,0,0,0,0,0,0
643.987,122.873,-5.351,3.132,5,0,1,0,0,0
638.636,126.005,-5.351,3.132,10,0,1,0,0,0
633.286,129.137,-5.351,3.132,15,0,1,0,0,0
627.935,132.269,-5.351,3.132,20,0,1,0,0,0
622.584,135.401,-5.351,3.132,25,0,1,0,0,0
617.234,138.533,-5.351,3.132,30,0,1,0,0,0
611.883,141.666,-5.351,3.132,35,0,1,0,0,0
606.532,144.798,-5.351,3.132,40,0,1,0,0,0
601.182,147.93,-5.351,3.132,45,0,1,0,0,0
595.831,151.062,-5.351,3.132,50,0,1,0,0,0
590.48,154.194,-5.351,3.132,55,0,1,0,0,0
585.13,157.326,-5.351,3.132,60,0,1,0,0,0
579.779,160.459,-5.351,3.132,65,0,1,0,0,0
574.428,163.591,-5.351,3.132,70,0,1,0,0,0
569.078,166.723,-5.351,3.132,75,0,1,0,0,0
563.727,169.855,-5.351,3.132,80,0,1,0,0,0
558.376,172.987,-5.351,3.132,85,0,1,0,0,0
553.026,176.119,-5.351,3.132,90,0,1,0,0,0
547.675,179.252,-5.351,3.132,95,0,1,0,0,0
542.324,182.384,-5.351,3.132,100,0,1,0,0,0
536.974,185.516,-5.351,3.132,105,0,1,0,0,0
531.623,188.648,-5.351,3.132,110,0,1,0,0,0
526.272,191.78,-5.351,3.132,115,0,1,0,0,0
520.922,194.912,-5.351,3.132,120,0,1,0,0,0
515.571,198.045,-5.351,3.132,125,0,1,0,0,0
510.22,201.177,-5.351,3.132,130,0,1,0,0,0
504.87,204.309,-5.351,3.132,135,0,1,0,0,0
499.519,207.441,-5.351,3.132,140,0,1,0,0,0
494.168,210.573,-5.351,3.132,145,0,1,0,0,0
488.818,213.705,-5.351,3.132,150,0,1,0,0,0
483.467,216.838,-5.351,3.132,155,0,1,0,0,0
478.116,219.97,-5.351,3.132,160,0,1,0,0,0
472.766,223.102,-5.351,3.132,165,0,1,0,0,0
467.415,226.234,-5.351,3.132,170,0,1,0,0,0
462.065,229.366,-5.351,3.132,175,0,1,0,0,0
456.714,232.498,-5.351,3.132,180,0,1,0,0,0
451.363,235.631,-5.351,3.132,185,0,1,0,0,0
446.013,238.763,-5.351,3.132,190,0,1,0,0,0
440.662,241.895,-5.351,3.132,195,0,1,0,0,0
435.311,245.027,-5.351,3.132,200,0,1,0,0,0
429.961,248.159,-5.351,3.132,205,0,1,0,0,0
424.61,251.291,-5.351,3.132,210,0,1,0,0,0
419.259,254.424,-5.351,3.132,215,0,1,0,0,0
413.909,257.556,-5.351,3.132,220,0,1,0,0,0
408.558,260.688,-5.351,3.132,225,0,1,0,0,0
403.207,263.82,-5.351,3.132,230,0,1,0,0,0
397.857,266.952,-5.351,3.132,235,0,1,0,0,0
392.506,270.084,-5.351,3.132,240,0,1,0,0,0
387.155,273.217,-5.351,3.132,245,5,1,1,0,0
381.805,276.349,-5.351,3.132,250,10,1,1,0,0
376.454,279.481,-5.351,3.132,255,15,1,1,0,0
371.103,282.613,-5.351,3.132,260,20,1,1,0,0
365.753,285.745,-5.351,3.132,265,25,1,1,0,0
360.402,288.877,-5.351,3.132,270,30,1,1,0,0
355.051,292.01,-5.351,3.132,275,35,1,1,0,0
349.701,295.142,-5.351,3.132,280,40,1,1,0,0
344.35,298.274,-5.351,3.132,285,45,1,1,0,0
338.999,301.406,-5.351,3.132,290,50,1,1,0,0
333.649,304.538,-5.351,3.132,295,55,1,1,0,0
328.298,307.67,-5.351,3.132,300,60,1,1,0,0
322.947,310.803,-5.351,3.132,305,65,1,1,0,0
317.597,313.935,-5.351,3.132,310,70,1,1,0,0
312.246,317.067,-5.351,3.132,315,75,1,1,0,0
306.895,320.199,-5.351,3.132,320,80,1,1,0,0
301.545,323.331,-5.351,3.132,325,85,1,1,0,0
296.194,326.463,-5.351,3.132,330,90,1,1,0,0
290.844,329.596,-5.351,3.132,335,95,1,1,0,0
285.493,332.728,-5.351,3.132,340,100,1,1,0,0
280.142,335.86,-5.351,3.132,345,105,1,1,0,0
274.792,338.992,-5.351,3.132,350,110,1,1,0,0
269.441,342.124,-5.351,3.132,355,115,1,1,0,0
264.09,345.256,-5.351,3.132,360,120,1,1,0,0
258.74,348.389,-5.351,3.132,365,125,1,1,0,0
253.389,351.521,-5.351,3.132,370,130,1,1,0,0
248.038,354.653,-5.351,3.132,375,135,1,1,0,0
242.688,357.785,-5.351,3.132,380,140,1,1,0,0
237.337,360.917,-5.351,3.132,385,145,1,1,0,0
231.986,364.049,-5.351,3.132,390,150,1,1,0,0
226.636,367.182,-5.351,3.132,395,155,1,1,0,0
221.285,370.314,-5.351,3.132,400,160,1,1,0,0
215.934,373.446,-5.351,3.132,405,165,1,1,0,0
210.584,376.578,-5.351,3.132,405,170,0,1,0,0
205.233,379.71,-5.351,3.132,405,175,0,1,0,0
199.882,382.842,-5.351,3.132,405,180,0,1,0,0
194.532,385.975,-5.351,3.132,405,185,0,1,0,0
189.181,389.107,-5.351,3.132,405,190,0,1,0,0
183.83,392.239,-5.351,3.132,405,195,0,1,0,0
178.48,395.371,-5.351,3.132,405,200,0,1,0,0
173.129,398.503,-5.351,3.132,405,205,0,1,0,0
167.778,401.635,-5.351,3.132,405,210,0,1,0,0
162.428,404.768,-5.351,3.132,405,215,0,1,0,0
157.077,407.9,-5.351,3.132,405,220,0,1,0,0
151.726,411.032,-5.351,3.132,405,225,0,1,0,0
146.376,414.164,-5.351,3.132,405,230,0,1,0,0
141.025,417.296,-5.351,3.132,405,235,0,1,0,0
135.674,420.428,-5.351,3.132,405,235,0,0,0,0
130.324,423.561,-5.351,3.132,405,235,0,0,0,0
124.973,426.693,-5.351,3.132,405,235,0,0,0,0
119.622,429.825,-5.351,3.132,405,235,0,0,0,0
114.272,432.957,-5.351,3.132,405,235,0,0,0,0
108.921,436.089,-5.351,3.132,405,235,0,0,0,0
103.571,439.221,-5.351,3.132,405,235,0,0,0,0
98.22,442.354,-5.351,3.132,410,235,1,0,0,0
92.869,445.486,-5.351,3.132,415,235,1,0,0,0
87.519,448.618,-5.351,3.132,420,235,1,0,0,0
82.168,451.75,-5.351,3.132,425,235,1,0,0,0
76.817,454.882,-5.351,3.132,430,235,1,0,0,0
71.467,458.014,-5.351,3.132,435,235,1,0,0,0
66.116,461.147,-5.351,3.132,440,235,1,0,0,0
60.765,464.279,-5.351,3.132,445,235,1,0,0,0
55.415,467.411,-5.351,3.132,450,235,1,0,0,0
50.064,470.543,-5.351,3.132,455,235,1,0,0,0
49.0,473.675,5.016,-4.133,460,235,1,0,0,0
54.016,469.542,5.016,-4.133,465,240,1,1,0,0
59.033,465.409,5.016,-4.133,470,245,1,1,0,0
64.049,461.275,5.016,-4.133,475,250,1,1,0,0
69.066,457.142,5.016,-4.133,480,255,1,1,0,0
74.082,453.008,5.016,-4.133,485,260,1,1,0,0
79.099,448.875,5.016,-4.133,490,265,1,1,0,0
84.115,444.742,5.016,-4.133,495,270,1,1,0,0
89.132,440.608,5.016,-4.133,500,275,1,1,0,0
94.148,436.475,5.016,-4.133,500,280,0,1,0,0
99.165,432.342,5.016,-4.133,500,285,0,1,0,0
104.181,428.208,5.016,-4.133,500,290,0,1,0,0
109.198,424.075,5.016,-4.133,500,295,0,1,0,0
114.214,419.941,5.016,-4.133,500,300,0,1,0,0
119.231,415.808,5.016,-4.133,500,305,0,1,0,0
124.247,411.675,5.016,-4.133,500,310,0,1,0,0
129.264,407.541,5.016,-4.133,500,315,0,1,0,0
134.28,403.408,5.016,-4.133,500,320,0,1,0,0
139.297,399.275,5.016,-4.133,500,325,0,1,0,0
144.313,395.141,5.016,-4.133,500,330,0,1,0,0
149.33,391.008,5.016,-4.133,500,335,0,1,0,0
154.346,386.874,5.016,-4.133,500,340,0,1,0,0
159.363,382.741,5.016,-4.133,500,345,0,1,0,0
164.379,378.608,5.016,-4.133,500,350,0,1,0,0
169.396,374.474,5.016,-4.133,500,350,0,0,0,0
174.412,370.341,5.016,-4.133,500,350,0,0,0,0
179.429,366.208,5.016,-4.133,500,350,0,0,0,0
184.445,362.074,5.016,-4.133,500,350,0,0,0,0
189.462,357.941,5.016,-4.133,500,350,0,0,0,0
194.478,353.807,5.016,-4.133,500,350,0,0,0,0
199.495,349.674,5.016,-4.133,500,350,0,0,0,0
204.511,345.541,5.016,-4.133,500,345,0,-1,0,0
209.528,341.407,5.016,-4.133,500,340,0,-1,0,0
214.544,337.274,5.016,-4.133,500,335,0,-1,0,0
219.561,333.141,5.016,-4.133,500,330,0,-1,0,0
224.577,329.007,5.016,-4.133,500,325,0,-1,0,0
229.594,324.874,5.016,-4.133,500,320,0,-1,0,0
234.61,320.74,5.016,-4.133,500,315,0,-1,0,0
239.627,316.607,5.016,-4.133,500,310,0,-1,0,0
244.643,312.474,5.016,-4.133,500,305,0,-1,0,0
249.66,308.34,5.016,-4.133,495,300,-1,-1,0,0
254.676,304.207,5.016,-4.133,490,295,-1,-1,0,0
259.693,300.074,5.016,-4.133,485,290,-1,-1,0,0
264.709,295.94,5.016,-4.133,480,285,-1,-1,0,0
269.726,291.807,5.016,-4.133,475,280,-1,-1,0,0
274.742,287.673,5.016,-4.133,470,275,-1,-1,0,0
279.759,283.54,5.016,-4.133,465,270,-1,-1,0,0
284.775,279.407,5.016,-4.133,460,265,-1,-1,0,0
289.792,275.273,5.016,-4.133,455,260,-1,-1,0,0
294.808,271.14,5.016,-4.133,450,255,-1,-1,0,0
299.825,267.007,5.016,-4.133,445,250,-1,-1,0,0
304.841,262.873,5.016,-4.133,440,245,-1,-1,0,0
309.858,258.74,5.016,-4.133,435,240,-1,-1,0,0
314.874,254.606,5.016,-4.133,430,235,-1,-1,0,0
319.891,250.473,5.016,-4.133,425,230,-1,-1,0,0
324.907,246.34,5.016,-4.133,420,225,-1,-1,0,0
329.924,242.206,5.016,-4.133,415,220,-1,-1,0,0
334.94,238.073,5.016,-4.133,410,215,-1,-1,0,0
339.957,233.94,5.016,-4.133,405,210,-1,-1,0,0
344.973,229.806,5.016,-4.133,400,205,-1,-1,0,0
349.99,225.673,5.016,-4.133,395,200,-1,-1,0,0
355.006,221.539,5.016,-4.133,390,195,-1,-1,0,0
360.023,217.406,5.016,-4.133,385,190,-1,-1,0,0
365.039,213.273,5.016,-4.133,380,185,-1,-1,0,0
370.056,209.139,5.016,-4.133,375,180,-1,-1,0,0
375.072,205.006,5.016,-4.133,370,175,-1,-1,0,0
380.089,200.873,5.016,-4.133,365,170,-1,-1,0,0
385.105,196.739,5.016,-4.133,360,165,-1,-1,0,0
390.122,192.606,5.016,-4.133,355,160,-1,-1,0,0
395.138,188.472,5.016,-4.133,350,155,-1,-1,0,0
400.155,184.339,5.016,-4.133,345,150,-1,-1,0,0
405.171,180.206,5.016,-4.133,340,145,-1,-1,0,0
410.188,176.072,5.016,-4.133,335,140,-1,-1,0,0
415.204,171.939,5.016,-4.133,335,135,0,-1,0,0
420.221,167.806,5.016,-4.133,335,130,0,-1,0,0
425.237,163.672,5.016,-4.133,335,125,0,-1,0,0
430.254,159.539,5.016,-4.133,335,120,0,-1,0,0
435.27,155.405,5.016,-4.133,335,115,0,-1,0,0
440.287,151.272,5.016,-4.133,335,110,0,-1,0,0
445.303,147.139,5.016,-4.133,335,105,0,-1,0,0
450.32,143.005,5.016,-4.133,335,100,0,-1,0,0
455.336,138.872,5.016,-4.133,335,95,0,-1,0,0
460.353,134.739,5.016,-4.133,335,90,0,-1,0,0
465.369,130.605,5.016,-4.133,335,85,0,-1,0,0
470.385,126.472,5.016,-4.133,335,80,0,-1,0,0
475.402,122.338,5.016,-4.133,335,75,0,-1,0,0
480.418,118.205,5.016,-4.133,335,70,0,-1,0,0
485.435,114.072,5.016,-4.133,335,65,0,-1,0,0
490.451,109.938,5.016,-4.133,335,60,0,-1,0,0
495.468,105.805,5.016,-4.133,335,55,0,-1,0,0
500.484,101.672,5.016,-4.133,335,50,0,-1,0,0
505.501,97.538,5.016,-4.133,335,45,0,-1,0,0
510.517,93.405,5.016,-4.133,335,40,0,-1,0,0
515.534,89.271,5.016,-4.133,335,35,0,-1,0,0
520.55,85.138,5.016,-4.133,335,30,0,-1,0,0
525.567,81.005,5.016,-4.133,335,25,0,-1,0,0
530.583,76.871,5.016,-4.133,335,20,0,-1,0,0
535.6,72.738,5.016,-4.133,335,15,0,-1,0,0
540.616,68.605,5.016,-4.133,335,10,0,-1,0,0
545.633,64.471,5.016,-4.133,335,5,0,-1,0,0
550.649,60.338,5.016,-4.133,335,0,0,-1,0,0
555.666,56.204,5.016,-4.133,330,0,-1,-1,0,0
560.682,52.071,5.016,-4.133,325,0,-1,-1,0,0
565.699,47.938,5.016,-4.133,320,0,-1,-1,0,0
570.715,43.804,5.016,-4.133,315,0,-1,0,0,0
575.732,39.671,5.016,-4.133,310,0,-1,0,0,0
580.748,35.538,5.016,-4.133,305,0,-1,0,0,0
585.765,31.404,5.016,-4.133,300,0,-1,0,0,0
590.781,27.271,5.016,-4.133,295,0,-1,0,0,0
595.798,23.137,5.016,-4.133,290,0,-1,0,0,0
600.814,19.004,5.016,-4.133,285,0,-1,0,0,0
605.831,14.871,5.016,-4.133,280,0,-1,0,0,0
610.847,10.737,5.016,-4.133,275,0,-1,0,0,0
615.864,6.604,5.016,-4.133,270,0,-1,0,0,0
620.88,6.0,5.016,4.133,265,0,-1,0,0,0
625.897,10.133,5.016,4.133,260,0,-1,0,0,0
630.913,14.267,5.016,4.133,255,0,-1,0,0,0
635.93,18.4,5.016,4.133,255,0,0,0,0,0
640.946,22.533,5.016,4.133,255,0,0,0,0,0
645.963,26.667,5.016,4.133,255,0,0,0,0,0
650.979,30.8,5.016,4.133,255,0,0,0,0,0
655.996,34.934,5.016,4.133,255,0,0,0,0,0
661.012,39.067,5.016,4.133,255,0,0,0,0,0
666.029,43.2,5.016,4.133,255,0,0,0,0,0
671.045,47.334,5.016,4.133,255,0,0,0,0,0
676.062,51.467,5.016,4.133,255,0,0,0,0,0
681.078,55.6,5.016,4.133,255,0,0,0,0,0
686.095,59.734,5.016,4.133,255,0,0,0,0,0
691.111,63.867,5.016,4.133,255,5,0,1,0,0
696.128,68.001,5.016,4.133,255,10,0,1,0,0
701.144,72.134,5.016,4.133,255,15,0,1,0,0
706.161,76.267,5.016,4.133,255,20,0,1,0,0
711.177,80.401,5.016,4.133,255,25,0,1,0,0
716.194,84.534,5.016,4.133,255,30,0,1,0,0
721.21,88.667,5.016,4.133,255,35,0,1,0,0
726.227,92.801,5.016,4.133,255,40,0,1,0,0
731.243,96.934,5.016,4.133,255,45,0,1,0,0
736.26,101.068,5.016,4.133,255,50,0,1,0,0
741.276,105.201,5.016,4.133,255,55,0,1,0,0
746.293,109.334,5.016,4.133,255,60,0,1,0,0
751.309,113.468,5.016,4.133,255,65,0,1,0,0
751.0,117.601,-6.666,1.344,255,70,0,1,0,0
744.334,118.945,-6.666,1.344,255,75,0,1,0,0
737.668,120.29,-6.666,1.344,255,80,0,1,0,0
731.003,121.634,-6.666,1.344,255,85,0,1,0,0
724.337,122.978,-6.666,1.344,255,90,0,1,0,0
717.671,124.322,-6.666,1.344,255,95,0,1,0,0
711.005,125.667,-6.666,1.344,255,100,0,1,0,0
704.339,127.011,-6.666,1.344,255,105,0,1,0,0
697.674,128.355,-6.666,1.344,255,110,0,1,0,0
691.008,129.7,-6.666,1.344,255,115,0,1,0,0
684.342,131.044,-6.666,1.344,255,120,0,1,0,0
677.676,132.388,-6.666,1.344,255,125,0,1,0,0
671.01,133.732,-6.666,1.344,255,130,0,1,0,0
664.345,135.077,-6.666,1.344,255,135,0,1,0,0
657.679,136.421,-6.666,1.344,255,140,0,1,0,0
651.013,137.765,-6.666,1.344,255,145,0,1,0,0
644.347,139.109,-6.666,1.344,255,150,0,1,0,0
637.681,140.454,-6.666,1.344,255,155,0,1,0,0
631.016,141.798,-6.666,1.344,255,160,0,1,0,0
624.35,143.142,-6.666,1.344,255,165,0,1,0,0
617.684,144.486,-6.666,1.344,255,170,0,1,0,0
611.018,145.831,-6.666,1.344,255,175,0,1,0,0
604.352,147.175,-6.666,1.344,255,180,0,1,0,0
597.686,148.519,-6.666,1.344,255,185,0,1,0,0
591.021,149.864,-6.666,1.344,255,190,0,1,0,0
584.355,151.208,-6.666,1.344,255,195,0,1,0,0
577.689,152.552,-6.666,1.344,255,200,0,1,0,0
571.023,153.896,-6.666,1.344,255,205,0,1,0,0
564.357,155.241,-6.666,1.344,255,210,0,1,0,0
557.692,156.585,-6.666,1.344,255,215,0,1,0,0
551.026,157.929,-6.666,1.344,255,220,0,1,0,0
544.36,159.273,-6.666,1.344,255,225,0,1,0,0
537.694,160.618,-6.666,1.344,250,230,-1,1,0,0
531.028,161.962,-6.666,1.344,245,235,-1,1,0,0
524.363,163.306,-6.666,1.344,240,240,-1,1,0,0
517.697,164.65,-6.666,1.344,235,240,-1,0,0,0
511.031,165.995,-6.666,1.344,230,240,-1,0,0,0
504.365,167.339,-6.666,1.344,225,240,-1,0,0,0
497.699,168.683,-6.666,1.344,220,240,-1,0,0,0
491.034,170.027,-6.666,1.344,215,240,-1,0,0,0
484.368,171.372,-6.666,1.344,210,240,-1,0,0,0
477.702,172.716,-6.666,1.344,205,240,-1,0,0,0
471.036,174.06,-6.666,1.344,200,240,-1,0,0,0
464.37,175.405,-6.666,1.344,195,240,-1,0,0,0
457.705,176.749,-6.666,1.344,190,240,-1,0,0,0
451.039,178.093,-6.666,1.344,185,240,-1,0,0,0
444.373,179.437,-6.666,1.344,180,240,-1,0,0,0
437.707,180.782,-6.666,1.344,175,240,-1,0,0,0
431.041,182.126,-6.666,1.344,170,240,-1,0,0,0
424.376,183.47,-6.666,1.344,165,240,-1,0,0,0
417.71,184.814,-6.666,1.344,160,240,-1,0,0,0
411.044,186.159,-6.666,1.344,155,240,-1,0,0,0
404.378,187.503,-6.666,1.344,150,240,-1,0,0,0
397.712,188.847,-6.666,1.344,150,240,0,0,0,0
391.047,190.191,-6.666,1.344,150,240,0,0,0,0
384.381,191.536,-6.666,1.344,150,240,0,0,0,0
377.715,192.88,-6.666,1.344,150,240,0,0,0,0
371.049,194.224,-6.666,1.344,150,240,0,0,0,0
364.383,195.569,-6.666,1.344,150,240,0,0,0,0
357.718,196.913,-6.666,1.344,150,240,0,0,0,0
351.052,198.257,-6.666,1.344,150,240,0,0,0,0
344.386,199.601,-6.666,1.344,150,240,0,0,0,0
337.72,200.946,-6.666,1.344,150,240,0,0,0,0
331.054,202.29,-6.666,1.344,150,240,0,0,0,0
324.389,203.634,-6.666,1.344,150,240,0,0,0,0
317.723,204.978,-6.666,1.344,150,240,0,0,0,0
311.057,206.323,-6.666,1.344,150,240,0,0,0,0
304.391,207.667,-6.666,1.344,150,240,0,0,0,0
297.725,209.011,-6.666,1.344,150,240,0,0,0,0
291.059,210.355,-6.666,1.344,150,240,0,0,0,0
284.394,211.7,-6.666,1.344,150,240,0,0,0,0
277.728,213.044,-6.666,1.344,150,240,0,0,0,0
271.062,214.388,-6.666,1.344,150,240,0,0,0,0
264.396,215.733,-6.666,1.344,150,240,0,0,0,0
257.73,217.077,-6.666,1.344,150,240,0,0,0,0
251.065,218.421,-6.666,1.344,150,240,0,0,0,0
244.399,219.765,-6.666,1.344,150,240,0,0,0,0
237.733,221.11,-6.666,1.344,150,240,0,0,0,0
231.067,222.454,-6.666,1.344,150,240,0,0,0,0
224.401,223.798,-6.666,1.344,150,240,0,0,0,0
217.736,225.142,-6.666,1.344,150,240,0,0,0,0
211.07,226.487,-6.666,1.344,150,240,0,0,0,0
204.404,227.831,-6.666,1.344,150,240,0,0,0,0
197.738,229.175,-6.666,1.344,150,240,0,0,0,0
191.072,230.519,-6.666,1.344,150,240,0,0,0,0
184.407,231.864,-6.666,1.344,150,240,0,0,0,0
177.741,233.208,-6.666,1.344,150,240,0,0,0,0
171.075,234.552,-6.666,1.344,150,240,0,0,0,0
164.409,235.897,-6.666,1.344,150,240,0,0,0,0
157.743,237.241,-6.666,1.344,155,240,1,0,0,0
151.078,238.585,-6.666,1.344,160,240,1,0,0,0
144.412,239.929,-6.666,1.344,165,240,1,0,0,0
137.746,241.274,-6.666,1.344,170,240,1,0,0,0
131.08,242.618,-6.666,1.344,175,240,1,0,0,0
124.414,243.962,-6.666,1.344,180,240,1,0,0,0
117.749,245.306,-6.666,1.344,185,240,1,0,0,0
111.083,246.651,-6.666,1.344,190,240,1,0,0,0
104.417,247.995,-6.666,1.344,195,240,1,0,0,0
97.751,249.339,-6.666,1.344,200,240,1,0,0,0
91.085,250.683,-6.666,1.344,205,240,1,0,0,0
84.42,252.028,-6.666,1.344,210,240,1,0,0,0
77.754,253.372,-6.666,1.344,210,240,0,0,0,0
71.088,254.716,-6.666,1.344,210,240,0,0,0,0
64.422,256.061,-6.666,1.344,210,240,0,0,0,0
57.756,257.405,-6.666,1.344,210,240,0,0,0,0
51.091,258.749,-6.666,1.344,210,240,0,0,0,0
49.0,260.093,6.854,1.854,210,240,0,0,0,0
55.854,261.948,6.854,1.854,210,240,0,0,0,0
62.707,263.802,6.854,1.854,210,240,0,0,0,0
69.561,265.656,6.854,1.854,210,240,0,0,0,0
76.414,267.511,6.854,1.854,210,240,0,0,0,0
83.268,269.365,6.854,1.854,210,240,0,0,0,0
90.121,271.219,6.854,1.854,210,240,0,0,0,0
96.975,273.074,6.854,1.854,210,240,0,0,0,0
103.829,274.928,6.854,1.854,210,240,0,0,0,0
110.682,276.783,6.854,1.854,210,240,0,0,0,0
117.536,278.637,6.854,1.854,210,240,0,0,0,0
124.389,280.491,6.854,1.854,210,240,0,0,0,0
131.243,282.346,6.854,1.854,210,240,0,0,0,0
138.096,284.2,6.854,1.854,210,240,0,0,0,0
144.95,286.054,6.854,1.854,210,240,0,0,0,0
151.803,287.909,6.854,1.854,210,240,0,0,0,0
158.657,289.763,6.854,1.854,210,240,0,0,0,0
165.511,291.617,6.854,1.854,210,240,0,0,0,0
172.364,293.472,6.854,1.854,210,240,0,0,0,0
179.218,295.326,6.854,1.854,210,245,0,1,0,0
186.071,297.181,6.854,1.854,210,250,0,1,0,0
192.925,299.035,6.854,1.854,210,255,0,1,0,0
199.778,300.889,6.854,1.854,210,260,0,1,0,0
206.632,302.744,6.854,1.854,210,265,0,1,0,0
213.486,304.598,6.854,1.854,210,270,0,1,0,0
220.339,306.452,6.854,1.854,210,275,0,1,0,0
227.193,308.307,6.854,1.854,210,280,0,1,0,0
234.046,310.161,6.854,1.854,210,285,0,1,0,0
240.9,312.015,6.854,1.854,210,290,0,1,0,0
247.753,313.87,6.854,1.854,210,295,0,1,0,0
254.607,315.724,6.854,1.854,210,300,0,1,0,0
261.46,317.579,6.854,1.854,210,305,0,1,0,0
268.314,319.433,6.854,1.854,210,310,0,1,0,0
275.168,321.287,6.854,1.854,210,315,0,1,0,0
282.021,323.142,6.854,1.854,210,320,0,1,0,0
288.875,324.996,6.854,1.854,210,325,0,1,0,0
295.728,326.85,6.854,1.854,210,330,0,1,0,0
302.582,328.705,6.854,1.854,210,335,0,1,0,0
309.435,330.559,6.854,1.854,210,340,0,1,0,0
316.289,332.413,6.854,1.854,210,345,0,1,0,0
323.143,334.268,6.854,1.854,210,345,0,0,0,0
329.996,336.122,6.854,1.854,210,345,0,0,0,0
336.85,337.977,6.854,1.854,210,345,0,0,0,0
343.703,339.831,6.854,1.854,210,345,0,0,0,0
350.557,341.685,6.854,1.854,210,345,0,0,0,0
357.41,343.54,6.854,1.854,210,345,0,0,0,0
364.264,345.394,6.854,1.854,210,345,0,0,0,0
371.117,347.248,6.854,1.854,210,345,0,0,0,0
377.971,349.103,6.854,1.854,210,345,0,0,0,0
384.825,350.957,6.854,1.854,210,345,0,0,0,0
391.678,352.811,6.854,1.854,210,345,0,0,0,0
398.532,354.666,6.854,1.854,210,345,0,0,0,0
405.385,356.52,6.854,1.854,210,345,0,0,0,0
412.239,358.375,6.854,1.854,210,345,0,0,0,0
419.092,360.229,6.854,1.854,210,345,0,0,0,0
425.946,362.083,6.854,1.854,210,345,0,0,0,0
432.8,363.938,6.854,1.854,210,345,0,0,0,0
439.653,365.792,6.854,1.854,215,345,1,0,0,0
446.507,367.646,6.854,1.854,220,345,1,0,0,0
453.36,369.501,6.854,1.854,225,345,1,0,0,0
460.214,371.355,6.854,1.854,230,345,1,0,0,0
467.067,373.209,6.854,1.854,235,345,1,0,0,0
473.921,375.064,6.854,1.854,240,350,1,1,0,0
480.775,376.918,6.854,1.854,245,355,1,1,0,0
487.628,378.773,6.854,1.854,250,360,1,1,0,0
494.482,380.627,6.854,1.854,255,365,1,1,0,0
501.335,382.481,6.854,1.854,260,370,1,1,0,0
508.189,384.336,6.854,1.854,265,375,1,1,0,0
515.042,386.19,6.854,1.854,270,380,1,1,0,0
521.896,388.044,6.854,1.854,275,385,1,1,0,0
528.749,389.899,6.854,1.854,280,390,1,1,0,0
535.603,391.753,6.854,1.854,280,390,0,0,0,0
542.457,393.607,6.854,1.854,280,390,0,0,0,0
549.31,395.462,6.854,1.854,280,390,0,0,0,0
556.164,397.316,6.854,1.854,280,390,0,0,0,0
563.017,399.171,6.854,1.854,280,390,0,0,0,0
569.871,401.025,6.854,1.854,280,390,0,0,0,0
576.724,402.879,6.854,1.854,280,390,0,0,0,0
583.578,404.734,6.854,1.854,280,390,0,0,0,0
590.432,406.588,6.854,1.854,280,390,0,0,0,0
597.285,408.442,6.854,1.854,280,390,0,0,0,0
604.139,410.297,6.854,1.854,280,390,0,0,0,0
610.992,412.151,6.854,1.854,280,390,0,0,0,0
617.846,414.005,6.854,1.854,280,390,0,0,0,0
624.699,415.86,6.854,1.854,285,390,1,0,0,0
631.553,417.714,6.854,1.854,290,390,1,0,0,0
638.406,419.569,6.854,1.854,295,390,1,0,0,0
645.26,421.423,6.854,1.854,300,390,1,0,0,0
652.114,423.277,6.854,1.854,305,390,1,0,0,0
658.967,425.132,6.854,1.854,310,390,1,0,0,0
665.821,426.986,6.854,1.854,315,390,1,0,0,0
672.674,428.84,6.854,1.854,320,395,1,1,0,0
679.528,430.695,6.854,1.854,325,400,1,1,0,0
686.381,432.549,6.854,1.854,330,405,1,1,0,0
693.235,434.403,6.854,1.854,330,410,0,1,0,0
700.089,436.258,6.854,1.854,330,415,0,1,0,0
706.942,438.112,6.854,1.854,330,415,0,0,0,0
713.796,439.967,6.854,1.854,330,415,0,0,0,0
720.649,441.821,6.854,1.854,330,415,0,0,0,0
727.503,443.675,6.854,1.854,330,415,0,0,0,0
734.356,445.53,6.854,1.854,330,415,0,0,0,0
741.21,447.384,6.854,1.854,330,415,0,0,0,0
748.064,449.238,6.854,1.854,330,415,0,0,0,0
751.0,451.093,-7.361,-0.756,330,415,0,0,0,0
743.639,450.337,-7.361,-0.756,330,415,0,0,0,0
736.277,449.581,-7.361,-0.756,330,415,0,0,0,0
728.916,448.826,-7.361,-0.756,330,410,0,-1,0,0
721.555,448.07,-7.361,-0.756,330,405,0,-1,0,0
714.193,447.315,-7.361,-0.756,330,400,0,-1,0,0
706.832,446.559,-7.361,-0.756,330,395,0,-1,0,0
699.471,445.803,-7.361,-0.756,330,390,0,-1,0,0
692.109,445.048,-7.361,-0.756,330,385,0,-1,0,0
684.748,444.292,-7.361,-0.756,330,380,0,-1,0,0
677.387,443.536,-7.361,-0.756,330,375,0,-1,0,0
670.025,442.781,-7.361,-0.756,330,370,0,-1,0,0
662.664,442.025,-7.361,-0.756,330,365,0,-1,0,0
655.303,441.269,-7.361,-0.756,330,360,0,-1,0,0
647.942,440.514,-7.361,-0.756,330,355,0,-1,0,0
640.58,439.758,-7.361,-0.756,330,350,0,-1,0,0
633.219,439.003,-7.361,-0.756,330,345,0,-1,0,0
625.858,438.247,-7.361,-0.756,330,340,0,-1,0,0
618.496,437.491,-7.361,-0.756,330,335,0,-1,0,0
611.135,436.736,-7.361,-0.756,330,330,0,-1,0,0
603.774,435.98,-7.361,-0.756,330,325,0,-1,0,0
596.412,435.224,-7.361,-0.756,330,320,0,-1,0,0
589.051,434.469,-7.361,-0.756,330,315,0,-1,0,0
581.69,433.713,-7.361,-0.756,330,310,0,-1,0,0
574.328,432.957,-7.361,-0.756,330,305,0,-1,0,0
566.967,432.202,-7.361,-0.756,330,300,0,-1,0,0
559.606,431.446,-7.361,-0.756,330,295,0,-1,0,0
552.244,430.69,-7.361,-0.756,330,290,0,-1,0,0
544.883,429.935,-7.361,-0.756,330,285,0,-1,0,0
537.522,429.179,-7.361,-0.756,330,280,0,-1,0,0
530.16,428.424,-7.361,-0.756,330,275,0,-1,0,0
522.799,427.668,-7.361,-0.756,335,270,1,-1,0,0
515.438,426.912,-7.361,-0.756,340,265,1,-1,0,0
508.076,426.157,-7.361,-0.756,345,260,1,-1,0,0
500.715,425.401,-7.361,-0.756,350,255,1,-1,0,0
493.354,424.645,-7.361,-0.756,355,250,1,-1,0,0
485.993,423.89,-7.361,-0.756,360,245,1,-1,0,0
478.631,423.134,-7.361,-0.756,365,240,1,-1,0,0
471.27,422.378,-7.361,-0.756,370,235,1,-1,0,0
463.909,421.623,-7.361,-0.756,375,230,1,-1,0,0
456.547,420.867,-7.361,-0.756,380,225,1,-1,0,0
449.186,420.112,-7.361,-0.756,380,220,0,-1,0,0
441.825,419.356,-7.361,-0.756,380,215,0,-1,0,0
434.463,418.6,-7.361,-0.756,380,210,0,-1,0,0
427.102,417.845,-7.361,-0.756,380,205,0,-1,0,0
419.741,417.089,-7.361,-0.756,380,200,0,-1,0,0
412.379,416.333,-7.361,-0.756,380,195,0,-1,0,0
405.018,415.578,-7.361,-0.756,380,190,0,-1,0,0
397.657,414.822,-7.361,-0.756,380,185,0,-1,0,0
390.295,414.066,-7.361,-0.756,380,180,0,-1,0,0
382.934,413.311,-7.361,-0.756,380,180,0,0,0,0
375.573,412.555,-7.361,-0.756,380,180,0,0,0,0
368.211,411.799,-7.361,-0.756,380,180,0,0,0,0
360.85,411.044,-7.361,-0.756,380,180,0,0,0,0
353.489,410.288,-7.361,-0.756,380,180,0,0,0,0
346.127,409.533,-7.361,-0.756,380,180,0,0,0,0
338.766,408.777,-7.361,-0.756,380,180,0,0,0,0
331.405,408.021,-7.361,-0.756,380,180,0,0,0,0
324.044,407.266,-7.361,-0.756,380,180,0,0,0,0
316.682,406.51,-7.361,-0.756,380,180,0,0,0,0
309.321,405.754,-7.361,-0.756,380,180,0,0,0,0
301.96,404.999,-7.361,-0.756,380,180,0,0,0,0
294.598,404.243,-7.361,-0.756,380,180,0,0,0,0
287.237,403.487,-7.361,-0.756,380,180,0,0,0,0
279.876,402.732,-7.361,-0.756,380,180,0,0,0,0
272.514,401.976,-7.361,-0.756,380,180,0,0,0,0
265.153,401.221,-7.361,-0.756,380,180,0,0,0,0
257.792,400.465,-7.361,-0.756,380,180,0,0,0,0
250.43,399.709,-7.361,-0.756,380,180,0,0,0,0
243.069,398.954,-7.361,-0.756,380,180,0,0,0,0
235.708,398.198,-7.361,-0.756,380,180,0,0,0,0
228.346,397.442,-7.361,-0.756,375,180,-1,0,0,0
220.985,396.687,-7.361,-0.756,370,180,-1,0,0,0
213.624,395.931,-7.361,-0.756,365,180,-1,0,0,0
206.262,395.175,-7.361,-0.756,360,180,-1,0,0,0
198.901,394.42,-7.361,-0.756,355,180,-1,0,0,0
191.54,393.664,-7.361,-0.756,350,180,-1,0,0,0
184.178,392.908,-7.361,-0.756,345,180,-1,0,0,0
176.817,392.153,-7.361,-0.756,340,180,-1,0,0,0
169.456,391.397,-7.361,-0.756,335,180,-1,0,0,0
162.095,390.642,-7.361,-0.756,330,180,-1,0,0,0
154.733,389.886,-7.361,-0.756,325,180,-1,0,0,0
147.372,389.13,-7.361,-0.756,320,180,-1,0,0,0
140.011,388.375,-7.361,-0.756,315,180,-1,0,0,0
132.649,387.619,-7.361,-0.756,315,180,0,0,0,0
125.288,386.863,-7.361,-0.756,315,180,0,0,0,0
117.927,386.108,-7.361,-0.756,315,180,0,0,0,0
110.565,385.352,-7.361,-0.756,315,180,0,0,0,0
103.204,384.596,-7.361,-0.756,315,180,0,0,0,0
95.843,383.841,-7.361,-0.756,315,180,0,0,0,0
88.481,383.085,-7.361,-0.756,315,180,0,0,0,0
81.12,382.33,-7.361,-0.756,315,180,0,0,0,0
73.759,381.574,-7.361,-0.756,315,180,0,0,0,0
66.397,380.818,-7.361,-0.756,315,180,0,0,0,0
59.036,380.063,-7.361,-0.756,315,180,0,0,0,0
51.675,379.307,-7.361,-0.756,315,180,0,0,0,0
49.0,378.551,6.282,4.452,315,180,0,0,0,0
55.282,383.004,6.282,4.452,315,180,0,0,0,0
61.564,387.456,6.282,4.452,315,180,0,0,0,0
67.846,391.909,6.282,4.452,315,180,0,0,0,0
74.129,396.361,6.282,4.452,315,180,0,0,0,0
80.411,400.814,6.282,4.452,315,180,0,0,0,0
86.693,405.266,6.282,4.452,315,180,0,0,0,0
92.975,409.719,6.282,4.452,315,180,0,0,0,0
99.257,414.171,6.282,4.452,315,180,0,0,0,0
105.539,418.623,6.282,4.452,315,180,0,0,0,0
111.822,423.076,6.282,4.452,315,180,0,0,0,0
118.104,427.528,6.282,4.452,315,180,0,0,0,0
124.386,431.981,6.282,4.452,315,185,0,1,0,0
130.668,436.433,6.282,4.452,315,190,0,1,0,0
136.95,440.886,6.282,4.452,315,195,0,1,0,0
143.232,445.338,6.282,4.452,315,200,0,1,0,0
149.515,449.791,6.282,4.452,315,205,0,1,0,0
155.797,454.243,6.282,4.452,315,210,0,1,0,0
162.079,458.696,6.282,4.452,315,215,0,1,0,0
168.361,463.148,6.282,4.452,315,220,0,1,0,0
174.643,467.6,6.282,4.452,315,225,0,1,0,0
180.925,472.053,6.282,4.452,315,230,0,1,0,0
187.208,476.505,6.282,4.452,315,235,0,1,0,0
193.49,480.958,6.282,4.452,315,240,0,1,0,0
199.772,485.41,6.282,4.452,315,245,0,1,0,0
206.054,489.863,6.282,4.452,315,250,0,1,0,0
212.336,494.315,6.282,4.452,315,255,0,1,0,0
218.618,498.768,6.282,4.452,315,260,0,1,0,0
224.901,503.22,6.282,4.452,315,265,0,1,0,0
231.183,507.673,6.282,4.452,315,270,0,1,0,0
237.465,512.125,6.282,4.452,315,275,0,1,0,0
243.747,516.578,6.282,4.452,315,280,0,1,0,0
250.029,521.03,6.282,4.452,315,285,0,1,0,0
256.311,525.482,6.282,4.452,315,290,0,1,0,0
262.594,529.935,6.282,4.452,315,295,0,1,0,0
268.876,534.387,6.282,4.452,315,300,0,1,0,0
275.158,538.84,6.282,4.452,315,305,0,1,0,0
281.44,543.292,6.282,4.452,315,310,0,1,0,0
287.722,547.745,6.282,4.452,315,315,0,1,0,0
294.004,552.197,6.282,4.452,315,320,0,1,0,0
300.287,556.65,6.282,4.452,315,325,0,1,0,0
306.569,561.102,6.282,4.452,315,330,0,1,0,0
312.851,565.555,6.282,4.452,315,335,0,1,0,0
319.133,570.007,6.282,4.452,315,340,0,1,0,0
325.415,574.46,6.282,4.452,315,340,0,0,0,0
331.697,578.912,6.282,4.452,315,340,0,0,0,0
337.98,583.364,6.282,4.452,315,340,0,0,0,0
344.262,587.817,6.282,4.452,315,340,0,0,0,0
350.544,592.269,6.282,4.452,315,340,0,0,0,0
356.826,594.0,6.282,-4.452,315,335,0,-1,0,0
363.108,589.548,6.282,-4.452,315,330,0,-1,0,0
369.39,585.095,6.282,-4.452,315,325,0,-1,0,0
375.673,580.643,6.282,-4.452,320,320,1,-1,0,0
381.955,576.19,6.282,-4.452,325,315,1,-1,0,0
388.237,571.738,6.282,-4.452,330,310,1,-1,0,0
394.519,567.285,6.282,-4.452,335,305,1,-1,0,0
400.801,562.833,6.282,-4.452,340,300,1,-1,0,0
407.083,558.38,6.282,-4.452,345,295,1,-1,0,0
413.366,553.928,6.282,-4.452,350,290,1,-1,0,0
419.648,549.475,6.282,-4.452,355,285,1,-1,0,0
425.93,545.023,6.282,-4.452,360,280,1,-1,0,0
432.212,540.57,6.282,-4.452,365,275,1,-1,0,0
438.494,536.118,6.282,-4.452,370,270,1,-1,0,0
444.776,531.666,6.282,-4.452,375,270,1,0,0,0
451.059,527.213,6.282,-4.452,375,270,0,0,0,0
457.341,522.761,6.282,-4.452,375,270,0,0,0,0
463.623,518.308,6.282,-4.452,375,270,0,0,0,0
469.905,513.856,6.282,-4.452,375,270,0,0,0,0
476.187,509.403,6.282,-4.452,375,270,0,0,0,0
482.469,504.951,6.282,-4.452,375,270,0,0,0,0
488.752,500.498,6.282,-4.452,375,270,0,0,0,0
495.034,496.046,6.282,-4.452,375,270,0,0,0,0
501.316,491.593,6.282,-4.452,375,270,0,0,0,0
507.598,487.141,6.282,-4.452,375,270,0,0,0,0
513.88,482.689,6.282,-4.452,375,270,0,0,0,0
520.162,478.236,6.282,-4.452,375,270,0,0,0,0
526.445,473.784,6.282,-4.452,375,270,0,0,0,0
532.727,469.331,6.282,-4.452,375,270,0,0,0,0
539.009,464.879,6.282,-4.452,375,270,0,0,0,0
545.291,460.426,6.282,-4.452,375,270,0,0,0,0
551.573,455.974,6.282,-4.452,375,270,0,0,0,0
557.855,451.521,6.282,-4.452,375,270,0,0,0,0
564.138,447.069,6.282,-4.452,375,270,0,0,0,0
570.42,442.616,6.282,-4.452,375,270,0,0,0,0
576.702,438.164,6.282,-4.452,375,270,0,0,0,0
582.984,433.711,6.282,-4.452,375,270,0,0,0,0
589.266,429.259,6.282,-4.452,375,270,0,0,0,0
595.548,424.807,6.282,-4.452,375,270,0,0,0,0
601.831,420.354,6.282,-4.452,375,270,0,0,0,0
608.113,415.902,6.282,-4.452,375,270,0,0,0,0
614.395,411.449,6.282,-4.452,375,270,0,0,0,0
620.677,406.997,6.282,-4.452,375,270,0,0,0,0
626.959,402.544,6.282,-4.452,375,270,0,0,0,0
633.241,398.092,6.282,-4.452,375,270,0,0,0,0
639.524,393.639,6.282,-4.452,375,270,0,0,0,0
645.806,389.187,6.282,-4.452,375,270,0,0,0,0
652.088,384.734,6.282,-4.452,375,270,0,0,0,0
658.37,380.282,6.282,-4.452,375,270,0,0,0,0
664.652,375.829,6.282,-4.452,375,270,0,0,0,0
670.934,371.377,6.282,-4.452,375,270,0,0,0,0
677.217,366.925,6.282,-4.452,375,270,0,0,0,0
683.499,362.472,6.282,-4.452,375,270,0,0,0,0
689.781,358.02,6.282,-4.452,375,270,0,0,0,0
696.063,353.567,6.282,-4.452,375,270,0,0,0,0
702.345,349.115,6.282,-4.452,375,270,0,0,0,0
708.627,344.662,6.282,-4.452,375,270,0,0,0,0
714.91,340.21,6.282,-4.452,375,270,0,0,0,0
721.192,335.757,6.282,-4.452,375,270,0,0,0,0
727.474,331.305,6.282,-4.452,375,270,0,0,0,0
733.756,326.852,6.282,-4.452,375,270,0,0,0,0
740.038,322.4,6.282,-4.452,375,265,0,-1,0,0
746.32,317.948,6.282,-4.452,375,260,0,-1,0,0
752.603,313.495,6.282,-4.452,375,255,0,-1,0,0
751.0,309.043,-7.026,3.825,375,250,0,-1,0,0
743.974,312.868,-7.026,3.825,375,245,0,-1,0,0
736.947,316.693,-7.026,3.825,375,240,0,-1,0,0
729.921,320.518,-7.026,3.825,375,235,0,-1,0,0
722.895,324.343,-7.026,3.825,375,230,0,-1,0,0
715.869,328.168,-7.026,3.825,375,230,0,0,0,0
708.842,331.993,-7.026,3.825,375,230,0,0,0,0
701.816,335.818,-7.026,3.825,375,230,0,0,0,0
694.79,339.643,-7.026,3.825,375,230,0,0,0,0
687.764,343.469,-7.026,3.825,375,230,0,0,0,0
680.737,347.294,-7.026,3.825,375,230,0,0,0,0
673.711,351.119,-7.026,3.825,375,230,0,0,0,0
666.685,354.944,-7.026,3.825,375,230,0,0,0,0
659.658,358.769,-7.026,3.825,375,230,0,0,0,0
652.632,362.594,-7.026,3.825,375,230,0,0,0,0
645.606,366.419,-7.026,3.825,370,230,-1,0,0,0
638.58,370.244,-7.026,3.825,365,230,-1,0,0,0
631.553,374.069,-7.026,3.825,360,230,-1,0,0,0
624.527,377.895,-7.026,3.825,355,230,-1,0,0,0
617.501,381.72,-7.026,3.825,350,230,-1,0,0,0
610.474,385.545,-7.026,3.825,345,230,-1,0,0,0
603.448,389.37,-7.026,3.825,340,235,-1,1,0,0
596.422,393.195,-7.026,3.825,335,240,-1,1,0,0
589.396,397.02,-7.026,3.825,330,245,-1,1,0,0
582.369,400.845,-7.026,3.825,325,250,-1,1,0,0
575.343,404.67,-7.026,3.825,325,255,0,1,0,0
568.317,408.495,-7.026,3.825,325,260,0,1,0,0
561.291,412.321,-7.026,3.825,325,265,0,1,0,0
554.264,416.146,-7.026,3.825,325,270,0,1,0,0
547.238,419.971,-7.026,3.825,325,275,0,1,0,0
540.212,423.796,-7.026,3.825,325,280,0,1,0,0
533.185,427.621,-7.026,3.825,325,285,0,1,0,0
526.159,431.446,-7.026,3.825,330,290,1,1,0,0
519.133,435.271,-7.026,3.825,335,295,1,1,0,0
512.107,439.096,-7.026,3.825,340,300,1,1,0,0
505.08,442.921,-7.026,3.825,345,305,1,1,0,0
498.054,446.746,-7.026,3.825,350,310,1,1,0,0
491.028,450.572,-7.026,3.825,355,315,1,1,0,0
484.002,454.397,-7.026,3.825,360,320,1,1,0,0
476.975,458.222,-7.026,3.825,365,325,1,1,0,0
469.949,462.047,-7.026,3.825,370,330,1,1,0,0
462.923,465.872,-7.026,3.825,375,335,1,1,0,0
455.896,469.697,-7.026,3.825,380,340,1,1,0,0
448.87,473.522,-7.026,3.825,385,345,1,1,0,0
441.844,477.347,-7.026,3.825,390,350,1,1,0,0
434.818,481.172,-7.026,3.825,390,355,0,1,0,0
427.791,484.998,-7.026,3.825,390,360,0,1,0,0
420.765,488.823,-7.026,3.825,390,365,0,1,0,0
413.739,492.648,-7.026,3.825,390,370,0,1,0,0
406.712,496.473,-7.026,3.825,390,375,0,1,0,0
399.686,500.298,-7.026,3.825,390,380,0,1,0,0
392.66,504.123,-7.026,3.825,390,385,0,1,0,0
385.634,507.948,-7.026,3.825,390,390,0,1,0,0
378.607,511.773,-7.026,3.825,390,395,0,1,0,0
371.581,515.598,-7.026,3.825,390,400,0,1,0,0
364.555,519.424,-7.026,3.825,390,405,0,1,0,0
357.529,523.249,-7.026,3.825,390,410,0,1,0,0
350.502,527.074,-7.026,3.825,390,415,0,1,0,0
343.476,530.899,-7.026,3.825,390,420,0,1,0,0
336.45,534.724,-7.026,3.825,390,425,0,1,0,0
329.423,538.549,-7.026,3.825,390,430,0,1,0,0
322.397,542.374,-7.026,3.825,390,435,0,1,0,0
315.371,546.199,-7.026,3.825,390,440,0,1,0,0
308.345,550.024,-7.026,3.825,390,445,0,1,0,0
301.318,553.85,-7.026,3.825,390,445,0,0,0,0
294.292,557.675,-7.026,3.825,390,445,0,0,0,0
287.266,561.5,-7.026,3.825,390,445,0,0,0,0
280.24,565.325,-7.026,3.825,390,445,0,0,0,0
273.213,569.15,-7.026,3.825,390,445,0,0,0,0
266.187,572.975,-7.026,3.825,390,445,0,0,0,0
259.161,576.8,-7.026,3.825,390,445,0,0,0,0
252.134,580.625,-7.026,3.825,390,445,0,0,0,0
245.108,584.45,-7.026,3.825,390,445,0,0,0,0
238.082,588.275,-7.026,3.825,390,445,0,0,0,0
231.056,592.101,-7.026,3.825,390,445,0,0,0,0
224.029,594.0,-7.026,-3.825,390,445,0,0,0,0
217.003,590.175,-7.026,-3.825,390,445,0,0,0,0
209.977,586.35,-7.026,-3.825,390,445,0,0,0,0
202.951,582.525,-7.026,-3.825,390,445,0,0,0,0
195.924,578.7,-7.026,-3.825,390,445,0,0,0,0
188.898,574.874,-7.026,-3.825,390,445,0,0,0,0
181.872,571.049,-7.026,-3.825,390,445,0,0,0,0
174.845,567.224,-7.026,-3.825,390,445,0,0,0,0
167.819,563.399,-7.026,-3.825,390,445,0,0,0,0
160.793,559.574,-7.026,-3.825,390,445,0,0,0,0
153.767,555.749,-7.026,-3.825,390,445,0,0,0,0
146.74,551.924,-7.026,-3.825,390,445,0,0,0,0
139.714,548.099,-7.026,-3.825,390,445,0,0,0,0
132.688,544.274,-7.026,-3.825,390,445,0,0,0,0
125.661,540.448,-7.026,-3.825,390,445,0,0,0,0
118.635,536.623,-7.026,-3.825,390,445,0,0,0,0
111.609,532.798,-7.026,-3.825,390,445,0,0,0,0
104.583,528.973,-7.026,-3.825,390,445,0,0,0,0
97.556,525.148,-7.026,-3.825,390,445,0,0,0,0
90.53,521.323,-7.026,-3.825,390,445,0,0,0,0
83.504,517.498,-7.026,-3.825,390,445,0,0,0,0
76.478,513.673,-7.026,-3.825,390,445,0,0,0,0
69.451,509.848,-7.026,-3.825,390,445,0,0,0,0
62.425,506.023,-7.026,-3.825,390,445,0,0,0,0
55.399,502.197,-7.026,-3.825,390,445,0,0,0,0
48.372,498.372,-7.026,-3.825,395,445,1,0,0,0
41.346,494.547,-7.026,-3.825,400,445,1,0,0,0
49.0,490.722,4.15,7.188,405,445,1,0,0,0
53.15,497.91,4.15,7.188,410,445,1,0,0,0
57.3,505.098,4.15,7.188,415,445,1,0,0,0
61.45,512.286,4.15,7.188,420,450,1,1,0,0
65.6,519.474,4.15,7.188,425,455,1,1,0,0
69.75,526.662,4.15,7.188,430,460,1,1,0,0
73.9,533.85,4.15,7.188,435,465,1,1,0,0
78.05,541.038,4.15,7.188,440,470,1,1,0,0
82.2,548.226,4.15,7.188,445,475,1,1,0,0
86.35,555.414,4.15,7.188,450,480,1,1,0,0
90.5,562.602,4.15,7.188,455,485,1,1,0,0
94.65,569.79,4.15,7.188,460,490,1,1,0,0
98.8,576.978,4.15,7.188,465,495,1,1,0,0
102.95,584.166,4.15,7.188,470,500,1,1,0,0
107.1,591.354,4.15,7.188,475,500,1,0,0,0
111.25,594.0,4.15,-7.188,480,500,1,0,0,0
115.4,586.812,4.15,-7.188,485,500,1,0,0,0
119.55,579.624,4.15,-7.188,490,500,1,0,0,0
123.7,572.436,4.15,-7.188,495,500,1,0,0,0
127.85,565.248,4.15,-7.188,500,500,1,0,0,0
132.0,558.06,4.15,-7.188,505,500,1,0,0,0
136.15,550.872,4.15,-7.188,510,500,1,0,0,0
140.3,543.684,4.15,-7.188,515,500,1,0,0,0
144.45,536.496,4.15,-7.188,520,500,1,0,0,0
148.6,529.308,4.15,-7.188,520,500,0,0,0,0
152.75,522.12,4.15,-7.188,520,500,0,0,0,0
156.9,514.932,4.15,-7.188,520,500,0,0,0,0
161.05,507.744,4.15,-7.188,520,500,0,0,0,0
165.2,500.556,4.15,-7.188,520,500,0,0,0,0
169.35,493.368,4.15,-7.188,520,500,0,0,0,0
173.5,486.18,4.15,-7.188,520,500,0,0,0,0
177.65,478.992,4.15,-7.188,520,495,0,-1,0,0
181.8,471.804,4.15,-7.188,520,490,0,-1,0,0
185.95,464.616,4.15,-7.188,520,485,0,-1,0,0
190.1,457.428,4.15,-7.188,520,480,0,-1,0,0
194.25,450.24,4.15,-7.188,520,475,0,-1,0,0
198.4,443.052,4.15,-7.188,520,470,0,-1,0,0
202.55,435.864,4.15,-7.188,520,465,0,-1,0,0
206.7,428.676,4.15,-7.188,520,460,0,-1,0,0
210.85,421.488,4.15,-7.188,520,455,0,-1,0,0
215.0,414.3,4.15,-7.188,520,450,0,-1,0,0
219.15,407.112,4.15,-7.188,520,445,0,-1,0,0
223.3,399.924,4.15,-7.188,520,440,0,-1,0,0
227.45,392.736,4.15,-7.188,520,435,0,-1,0,0
231.6,385.548,4.15,-7.188,520,430,0,-1,0,0
235.75,378.36,4.15,-7.188,520,425,0,-1,0,0
239.9,371.172,4.15,-7.188,520,420,0,-1,0,0
244.05,363.984,4.15,-7.188,520,415,0,-1,0,0
248.2,356.796,4.15,-7.188,520,410,0,-1,0,0
252.35,349.608,4.15,-7.188,520,405,0,-1,0,0
256.5,342.42,4.15,-7.188,520,400,0,-1,0,0
260.65,335.232,4.15,-7.188,520,395,0,-1,0,0
264.8,328.044,4.15,-7.188,520,390,0,-1,0,0
268.95,320.856,4.15,-7.188,520,385,0,-1,0,0
273.1,313.668,4.15,-7.188,520,380,0,-1,0,0
277.25,306.48,4.15,-7.188,520,375,0,-1,0,0
281.4,299.292,4.15,-7.188,520,370,0,-1,0,0
285.55,292.104,4.15,-7.188,515,365,-1,-1,0,0
289.7,284.916,4.15,-7.188,510,360,-1,-1,0,0
293.85,277.728,4.15,-7.188,505,355,-1,-1,0,0
298.0,270.54,4.15,-7.188,500,350,-1,-1,0,0
302.15,263.352,4.15,-7.188,495,345,-1,-1,0,0
306.3,256.163,4.15,-7.188,490,340,-1,-1,0,0
310.45,248.975,4.15,-7.188,485,335,-1,-1,0,0
314.6,241.787,4.15,-7.188,480,330,-1,-1,0,0
318.75,234.599,4.15,-7.188,475,325,-1,-1,0,0
322.9,227.411,4.15,-7.188,470,320,-1,-1,0,0
327.05,220.223,4.15,-7.188,465,315,-1,-1,0,0
331.2,213.035,4.15,-7.188,460,310,-1,-1,0,0
335.35,205.847,4.15,-7.188,460,305,0,-1,0,0
339.5,198.659,4.15,-7.188,460,300,0,-1,0,0
343.65,191.471,4.15,-7.188,460,295,0,-1,0,0
347.8,184.283,4.15,-7.188,460,295,0,0,0,0
351.95,177.095,4.15,-7.188,460,295,0,0,0,0
356.1,169.907,4.15,-7.188,460,295,0,0,0,0
360.25,162.719,4.15,-7.188,460,295,0,0,0,0
364.4,155.531,4.15,-7.188,460,295,0,0,0,0
368.55,148.343,4.15,-7.188,460,295,0,0,0,0
372.7,141.155,4.15,-7.188,460,295,0,0,0,0
376.85,133.967,4.15,-7.188,460,295,0,0,0,0
381.0,126.779,4.15,-7.188,460,295,0,0,0,0
385.15,119.591,4.15,-7.188,460,295,0,0,0,0
389.3,112.403,4.15,-7.188,460,295,0,0,0,0
393.45,105.215,4.15,-7.188,460,295,0,0,0,0
397.6,98.027,4.15,-7.188,460,295,0,0,0,0
401.75,90.839,4.15,-7.188,460,295,0,0,0,0
405.9,83.651,4.15,-7.188,460,295,0,0,0,0
410.05,76.463,4.15,-7.188,460,295,0,0,0,0
414.2,69.275,4.15,-7.188,460,295,0,0,0,0
418.35,62.087,4.15,-7.188,460,295,0,0,0,0
422.5,54.899,4.15,-7.188,455,295,-1,0,0,0
426.65,47.711,4.15,-7.188,450,295,-1,0,0,0
430.8,40.523,4.15,-7.188,445,295,-1,0,0,0
434.95,33.335,4.15,-7.188,440,295,-1,0,0,0
439.1,26.147,4.15,-7.188,435,295,-1,0,0,0
443.25,18.959,4.15,-7.188,430,295,-1,0,0,0
447.4,11.771,4.15,-7.188,425,295,-1,0,0,0
451.55,6.0,4.15,7.188,420,295,-1,0,0,0
455.7,13.188,4.15,7.188,415,295,-1,0,0,0
459.85,20.376,4.15,7.188,410,295,-1,0,0,0
464.0,27.564,4.15,7.188,405,295,-1,0,0,0
468.15,34.752,4.15,7.188,405,295,0,0,0,0
472.3,41.94,4.15,7.188,405,295,0,0,0,0
476.45,49.128,4.15,7.188,405,295,0,0,0,0
480.6,56.316,4.15,7.188,405,295,0,0,0,0
484.75,63.504,4.15,7.188,405,295,0,0,0,0
488.9,70.692,4.15,7.188,405,295,0,0,0,0
493.05,77.88,4.15,7.188,405,295,0,0,0,0
497.2,85.068,4.15,7.188,405,295,0,0,0,0
501.35,92.256,4.15,7.188,405,295,0,0,0,0
505.5,99.444,4.15,7.188,405,295,0,0,0,0
509.65,106.632,4.15,7.188,405,295,0,0,0,0
513.8,113.82,4.15,7.188,405,295,0,0,0,0
517.95,121.008,4.15,7.188,405,295,0,0,0,0
522.1,128.196,4.15,7.188,405,295,0,0,0,0
526.25,135.384,4.15,7.188,405,295,0,0,0,0
530.4,142.572,4.15,7.188,405,295,0,0,0,0
534.55,149.76,4.15,7.188,405,295,0,0,0,0
538.7,156.948,4.15,7.188,405,295,0,0,0,0
542.85,164.136,4.15,7.188,405,295,0,0,0,0
547.0,171.324,4.15,7.188,405,295,0,0,0,0
551.15,178.512,4.15,7.188,405,295,0,0,0,0
555.3,185.7,4.15,7.188,405,295,0,0,0,0
559.45,192.888,4.15,7.188,405,300,0,1,0,0
563.6,200.076,4.15,7.188,405,305,0,1,0,0
567.75,207.264,4.15,7.188,405,310,0,1,0,0
571.9,214.452,4.15,7.188,405,315,0,1,0,0
576.05,221.64,4.15,7.188,405,320,0,1,0,0
580.2,228.828,4.15,7.188,405,325,0,1,0,0
584.35,236.016,4.15,7.188,405,330,0,1,0,0
588.5,243.204,4.15,7.188,405,335,0,1,0,0
592.65,250.392,4.15,7.188,405,340,0,1,0,0
596.8,257.58,4.15,7.188,405,345,0,1,0,0
600.95,264.768,4.15,7.188,405,350,0,1,0,0
605.1,271.956,4.15,7.188,405,355,0,1,0,0
609.25,279.144,4.15,7.188,405,360,0,1,0,0
613.4,286.332,4.15,7.188,405,365,0,1,0,0
617.55,293.52,4.15,7.188,405,370,0,1,0,0
621.7,300.708,4.15,7.188,405,375,0,1,0,0
625.85,307.896,4.15,7.188,405,380,0,1,0,0
630.0,315.084,4.15,7.188,405,385,0,1,0,0
634.15,322.272,4.15,7.188,405,390,0,1,0,0
638.3,329.46,4.15,7.188,405,395,0,1,0,0
642.45,336.648,4.15,7.188,405,400,0,1,0,0
646.6,343.837,4.15,7.188,405,405,0,1,0,0
650.75,351.025,4.15,7.188,405,410,0,1,0,0
654.9,358.213,4.15,7.188,405,415,0,1,0,0
659.05,365.401,4.15,7.188,405,420,0,1,0,0
663.2,372.589,4.15,7.188,405,425,0,1,0,0
667.35,379.777,4.15,7.188,405,430,0,1,0,0
671.5,386.965,4.15,7.188,405,435,0,1,0,0
675.65,394.153,4.15,7.188,405,440,0,1,0,0
679.8,401.341,4.15,7.188,405,445,0,1,0,0
683.95,408.529,4.15,7.188,405,450,0,1,0,0
688.1,415.717,4.15,7.188,405,455,0,1,0,0
692.25,422.905,4.15,7.188,405,460,0,1,0,0
696.4,430.093,4.15,7.188,405,465,0,1,0,0
700.55,437.281,4.15,7.188,405,470,0,1,0,0
704.7,444.469,4.15,7.188,405,475,0,1,0,0
708.85,451.657,4.15,7.188,405,480,0,1,0,0
713.0,458.845,4.15,7.188,405,485,0,1,0,0
717.15,466.033,4.15,7.188,405,490,0,1,0,0
721.3,473.221,4.15,7.188,405,495,0,1,0,0
725.45,480.409,4.15,7.188,405,500,0,1,0,0
729.6,487.597,4.15,7.188,405,505,0,1,0,0
733.75,494.785,4.15,7.188,405,505,0,0,0,0
737.9,501.973,4.15,7.188,405,505,0,0,0,0
742.05,509.161,4.15,7.188,405,505,0,0,0,0
746.2,516.349,4.15,7.188,405,505,0,0,0,0
750.35,523.537,4.15,7.188,405,505,0,0,0,0
751.0,530.725,-8.006,-3.14,405,505,0,0,0,0
742.994,527.585,-8.006,-3.14,405,505,0,0,0,0
734.987,524.445,-8.006,-3.14,405,505,0,0,0,0
726.981,521.306,-8.006,-3.14,405,505,0,0,0,0
718.974,518.166,-8.006,-3.14,405,505,0,0,0,0
710.968,515.026,-8.006,-3.14,405,505,0,0,0,0
702.962,511.886,-8.006,-3.14,405,505,0,0,0,0
694.955,508.747,-8.006,-3.14,405,505,0,0,0,0
686.949,505.607,-8.006,-3.14,405,505,0,0,0,0
678.943,502.467,-8.006,-3.14,405,505,0,0,0,0
670.936,499.327,-8.006,-3.14,405,505,0,0,0,0
662.93,496.188,-8.006,-3.14,405,505,0,0,0,0
654.923,493.048,-8.006,-3.14,405,505,0,0,0,0
646.917,489.908,-8.006,-3.14,405,505,0,0,0,0
638.911,486.769,-8.006,-3.14,405,505,0,0,0,0
630.904,483.629,-8.006,-3.14,405,505,0,0,0,0
622.898,480.489,-8.006,-3.14,405,505,0,0,0,0
614.892,477.349,-8.006,-3.14,405,505,0,0,0,0
606.885,474.21,-8.006,-3.14,410,505,1,0,0,0
598.879,471.07,-8.006,-3.14,415,505,1,0,0,0
590.872,467.93,-8.006,-3.14,420,505,1,0,0,0
582.866,464.79,-8.006,-3.14,425,505,1,0,0,0
574.86,461.651,-8.006,-3.14,430,505,1,0,0,0
566.853,458.511,-8.006,-3.14,435,505,1,0,0,0
558.847,455.371,-8.006,-3.14,440,505,1,0,0,0
550.841,452.232,-8.006,-3.14,440,505,0,0,0,0
542.834,449.092,-8.006,-3.14,440,505,0,0,0,0
534.828,445.952,-8.006,-3.14,440,500,0,-1,0,0
526.821,442.812,-8.006,-3.14,440,495,0,-1,0,0
518.815,439.673,-8.006,-3.14,440,490,0,-1,0,0
510.809,436.533,-8.006,-3.14,440,485,0,-1,0,0
502.802,433.393,-8.006,-3.14,440,480,0,-1,0,0
494.796,430.253,-8.006,-3.14,440,475,0,-1,0,0
486.79,427.114,-8.006,-3.14,440,470,0,-1,0,0
478.783,423.974,-8.006,-3.14,440,465,0,-1,0,0
470.777,420.834,-8.006,-3.14,440,460,0,-1,0,0
462.77,417.694,-8.006,-3.14,440,455,0,-1,0,0
454.764,414.555,-8.006,-3.14,440,450,0,-1,0,0
446.758,411.415,-8.006,-3.14,440,445,0,-1,0,0
438.751,408.275,-8.006,-3.14,440,440,0,-1,0,0
430.745,405.136,-8.006,-3.14,440,435,0,-1,0,0
422.738,401.996,-8.006,-3.14,440,430,0,-1,0,0
414.732,398.856,-8.006,-3.14,435,425,-1,-1,0,0
406.726,395.716,-8.006,-3.14,430,420,-1,-1,0,0
398.719,392.577,-8.006,-3.14,425,415,-1,-1,0,0
390.713,389.437,-8.006,-3.14,420,410,-1,-1,0,0
382.707,386.297,-8.006,-3.14,415,405,-1,-1,0,0
374.7,383.157,-8.006,-3.14,410,400,-1,-1,0,0
366.694,380.018,-8.006,-3.14,405,395,-1,-1,0,0
358.687,376.878,-8.006,-3.14,400,390,-1,-1,0,0
350.681,373.738,-8.006,-3.14,395,385,-1,-1,0,0
342.675,370.599,-8.006,-3.14,390,380,-1,-1,0,0
334.668,367.459,-8.006,-3.14,385,375,-1,-1,0,0
326.662,364.319,-8.006,-3.14,380,370,-1,-1,0,0
318.656,361.179,-8.006,-3.14,375,365,-1,-1,0,0
310.649,358.04,-8.006,-3.14,370,360,-1,-1,0,0
302.643,354.9,-8.006,-3.14,365,355,-1,-1,0,0
294.636,351.76,-8.006,-3.14,360,350,-1,-1,0,0
286.63,348.62,-8.006,-3.14,355,345,-1,-1,0,0
278.624,345.481,-8.006,-3.14,350,340,-1,-1,0,0
270.617,342.341,-8.006,-3.14,345,335,-1,-1,0,0
262.611,339.201,-8.006,-3.14,340,330,-1,-1,0,0
254.605,336.061,-8.006,-3.14,335,325,-1,-1,0,0
246.598,332.922,-8.006,-3.14,330,320,-1,-1,0,0
238.592,329.782,-8.006,-3.14,325,315,-1,-1,0,0
230.585,326.642,-8.006,-3.14,320,310,-1,-1,0,0
222.579,323.503,-8.006,-3.14,315,305,-1,-1,0,0
214.573,320.363,-8.006,-3.14,310,300,-1,-1,0,0
206.566,317.223,-8.006,-3.14,305,295,-1,-1,0,0
198.56,314.083,-8.006,-3.14,300,290,-1,-1,0,0
190.554,310.944,-8.006,-3.14,295,285,-1,-1,0,0
182.547,307.804,-8.006,-3.14,290,280,-1,-1,0,0
174.541,304.664,-8.006,-3.14,285,275,-1,-1,0,0
166.534,301.524,-8.006,-3.14,280,270,-1,-1,0,0
158.528,298.385,-8.006,-3.14,275,265,-1,-1,0,0
150.522,295.245,-8.006,-3.14,270,260,-1,-1,0,0
142.515,292.105,-8.006,-3.14,265,255,-1,-1,0,0
134.509,288.966,-8.006,-3.14,260,250,-1,-1,0,0
126.503,285.826,-8.006,-3.14,255,245,-1,-1,0,0
118.496,282.686,-8.006,-3.14,250,240,-1,-1,0,0
110.49,279.546,-8.006,-3.14,245,235,-1,-1,0,0
102.483,276.407,-8.006,-3.14,240,230,-1,-1,0,0
94.477,273.267,-8.006,-3.14,235,225,-1,-1,0,0
86.471,270.127,-8.006,-3.14,230,220,-1,-1,0,0
78.464,266.987,-8.006,-3.14,225,215,-1,-1,0,0
70.458,263.848,-8.006,-3.14,220,210,-1,-1,0,0
62.451,260.708,-8.006,-3.14,215,205,-1,-1,0,0
54.445,257.568,-8.006,-3.14,210,200,-1,-1,0,0
49.0,254.428,8.63,2.175,205,195,-1,-1,0,0
57.63,256.603,8.63,2.175,200,190,-1,-1,0,0
66.26,258.778,8.63,2.175,195,185,-1,-1,0,0
74.891,260.952,8.63,2.175,190,180,-1,-1,0,0
83.521,263.127,8.63,2.175,185,175,-1,-1,0,0
92.151,265.302,8.63,2.175,180,170,-1,-1,0,0
100.781,267.476,8.63,2.175,175,165,-1,-1,0,0
109.412,269.651,8.63,2.175,170,160,-1,-1,0,0
118.042,271.825,8.63,2.175,165,155,-1,-1,0,0
126.672,274.0,8.63,2.175,165,150,0,-1,0,0
135.302,276.175,8.63,2.175,165,145,0,-1,0,0
143.933,278.349,8.63,2.175,165,140,0,-1,0,0
152.563,280.524,8.63,2.175,165,135,0,-1,0,0
161.193,282.698,8.63,2.175,165,130,0,-1,0,0
169.823,284.873,8.63,2.175,165,125,0,-1,0,0
178.454,287.048,8.63,2.175,165,120,0,-1,0,0
187.084,289.222,8.63,2.175,165,120,0,0,0,0
195.714,291.397,8.63,2.175,165,120,0,0,0,0
204.344,293.571,8.63,2.175,165,120,0,0,0,0
212.975,295.746,8.63,2.175,165,120,0,0,0,0
221.605,297.921,8.63,2.175,165,120,0,0,0,0
230.235,300.095,8.63,2.175,165,120,0,0,0,0
238.865,302.27,8.63,2.175,165,120,0,0,0,0
247.496,304.445,8.63,2.175,165,120,0,0,0,0
256.126,306.619,8.63,2.175,165,125,0,1,0,0
264.756,308.794,8.63,2.175,165,130,0,1,0,0
273.386,310.968,8.63,2.175,165,135,0,1,0,0
282.017,313.143,8.63,2.175,165,140,0,1,0,0
290.647,315.318,8.63,2.175,165,145,0,1,0,0
299.277,317.492,8.63,2.175,165,150,0,1,0,0
307.907,319.667,8.63,2.175,165,155,0,1,0,0
316.537,321.841,8.63,2.175,165,160,0,1,0,0
325.168,324.016,8.63,2.175,165,165,0,1,0,0
333.798,326.191,8.63,2.175,165,170,0,1,0,0
342.428,328.365,8.63,2.175,165,175,0,1,0,0
351.058,330.54,8.63,2.175,165,180,0,1,0,0
359.689,332.714,8.63,2.175,165,185,0,1,0,0
368.319,334.889,8.63,2.175,165,190,0,1,0,0
376.949,337.064,8.63,2.175,165,195,0,1,0,0
385.579,339.238,8.63,2.175,170,200,1,1,0,0
394.21,341.413,8.63,2.175,175,205,1,1,0,0
402.84,343.588,8.63,2.175,180,210,1,1,0,0
411.47,345.762,8.63,2.175,185,215,1,1,0,0
420.1,347.937,8.63,2.175,190,220,1,1,0,0
428.731,350.111,8.63,2.175,195,225,1,1,0,0
437.361,352.286,8.63,2.175,200,230,1,1,0,0
445.991,354.461,8.63,2.175,205,235,1,1,0,0
454.621,356.635,8.63,2.175,210,240,1,1,0,0
463.252,358.81,8.63,2.175,215,245,1,1,0,0
471.882,360.984,8.63,2.175,220,250,1,1,0,0
480.512,363.159,8.63,2.175,225,255,1,1,0,0
489.142,365.334,8.63,2.175,230,260,1,1,0,0
497.773,367.508,8.63,2.175,235,265,1,1,0,0
506.403,369.683,8.63,2.175,240,270,1,1,0,0
515.033,371.857,8.63,2.175,245,275,1,1,0,0
523.663,374.032,8.63,2.175,245,280,0,1,0,0
532.294,376.207,8.63,2.175,245,285,0,1,0,0
540.924,378.381,8.63,2.175,245,290,0,1,0,0
549.554,380.556,8.63,2.175,245,295,0,1,0,0
558.184,382.731,8.63,2.175,245,300,0,1,0,0
566.814,384.905,8.63,2.175,245,305,0,1,0,0
575.445,387.08,8.63,2.175,245,310,0,1,0,0
584.075,389.254,8.63,2.175,245,315,0,1,0,0
592.705,391.429,8.63,2.175,245,320,0,1,0,0
601.335,393.604,8.63,2.175,245,325,0,1,0,0
609.966,395.778,8.63,2.175,245,330,0,1,0,0
618.596,397.953,8.63,2.175,245,335,0,1,0,0
627.226,400.127,8.63,2.175,245,340,0,1,0,0
635.856,402.302,8.63,2.175,245,345,0,1,0,0
644.487,404.477,8.63,2.175,245,350,0,1,0,0
653.117,406.651,8.63,2.175,245,355,0,1,0,0
661.747,408.826,8.63,2.175,250,360,1,1,0,0
670.377,411.0,8.63,2.175,255,365,1,1,0,0
679.008,413.175,8.63,2.175,260,370,1,1,0,0
687.638,415.35,8.63,2.175,265,375,1,1,0,0
696.268,417.524,8.63,2.175,270,380,1,1,0,0
704.898,419.699,8.63,2.175,275,385,1,1,0,0
713.529,421.874,8.63,2.175,280,390,1,1,0,0
722.159,424.048,8.63,2.175,285,390,1,0,0,0
730.789,426.223,8.63,2.175,290,390,1,0,0,0
739.419,428.397,8.63,2.175,295,390,1,0,0,0
748.05,430.572,8.63,2.175,300,390,1,0,0,0
751.0,432.747,-9.176,0.661,305,390,1,0,0,0
741.824,433.408,-9.176,0.661,310,390,1,0,0,0
732.648,434.069,-9.176,0.661,315,390,1,0,0,0
723.471,434.729,-9.176,0.661,320,390,1,0,0,0
714.295,435.39,-9.176,0.661,320,390,0,0,0,0
705.119,436.051,-9.176,0.661,320,390,0,0,0,0
695.943,436.712,-9.176,0.661,320,390,0,0,0,0
686.766,437.373,-9.176,0.661,320,390,0,0,0,0
677.59,438.034,-9.176,0.661,320,395,0,1,0,0
668.414,438.695,-9.176,0.661,320,400,0,1,0,0
659.238,439.356,-9.176,0.661,320,405,0,1,0,0
650.062,440.017,-9.176,0.661,320,410,0,1,0,0
640.885,440.678,-9.176,0.661,320,415,0,1,0,0
631.709,441.339,-9.176,0.661,320,420,0,1,0,0
622.533,442.0,-9.176,0.661,320,425,0,1,0,0
613.357,442.661,-9.176,0.661,320,430,0,1,0,0
604.18,443.322,-9.176,0.661,320,435,0,1,0,0
595.004,443.983,-9.176,0.661,320,440,0,1,0,0
585.828,444.644,-9.176,0.661,320,445,0,1,0,0
576.652,445.305,-9.176,0.661,320,450,0,1,0,0
567.475,445.966,-9.176,0.661,320,455,0,1,0,0
558.299,446.627,-9.176,0.661,320,460,0,1,0,0
549.123,447.288,-9.176,0.661,320,465,0,1,0,0
539.947,447.949,-9.176,0.661,320,470,0,1,0,0
530.771,448.61,-9.176,0.661,320,475,0,1,0,0
521.594,449.271,-9.176,0.661,320,480,0,1,0,0
512.418,449.932,-9.176,0.661,315,485,-1,1,0,0
503.242,450.593,-9.176,0.661,310,490,-1,1,0,0
494.066,451.254,-9.176,0.661,305,495,-1,1,0,0
484.889,451.915,-9.176,0.661,300,500,-1,1,0,0
475.713,452.576,-9.176,0.661,295,505,-1,1,0,0
466.537,453.236,-9.176,0.661,290,510,-1,1,0,0
457.361,453.897,-9.176,0.661,285,515,-1,1,0,0
448.185,454.558,-9.176,0.661,280,520,-1,1,0,0
439.008,455.219,-9.176,0.661,275,520,-1,1,0,0
429.832,455.88,-9.176,0.661,270,520,-1,1,0,0
420.656,456.541,-9.176,0.661,265,520,-1,1,0,0
411.48,457.202,-9.176,0.661,260,520,-1,1,0,0
402.303,457.863,-9.176,0.661,255,520,-1,1,0,0
393.127,458.524,-9.176,0.661,250,520,-1,1,0,0
383.951,459.185,-9.176,0.661,250,520,0,1,0,0
374.775,459.846,-9.176,0.661,250,520,0,1,0,0
365.599,460.507,-9.176,0.661,250,520,0,1,0,0
356.422,461.168,-9.176,0.661,250,520,0,1,0,0
347.246,461.829,-9.176,0.661,250,520,0,1,0,0
338.07,462.49,-9.176,0.661,250,520,0,1,0,0
328.894,463.151,-9.176,0.661,250,520,0,1,0,0
319.717,463.812,-9.176,0.661,250,520,0,0,0,0
310.541,464.473,-9.176,0.661,250,520,0,0,0,0
301.365,465.134,-9.176,0.661,250,520,0,0,0,0
292.189,465.795,-9.176,0.661,255,520,1,0,0,0
283.012,466.456,-9.176,0.661,260,520,1,0,0,0
273.836,467.117,-9.176,0.661,265,520,1,0,0,0
264.66,467.778,-9.176,0.661,270,520,1,0,0,0
255.484,468.439,-9.176,0.661,275,520,1,0,0,0
246.308,469.1,-9.176,0.661,280,520,1,0,0,0
237.131,469.761,-9.176,0.661,285,520,1,0,0,0
227.955,470.422,-9.176,0.661,290,520,1,0,0,0
218.779,471.083,-9.176,0.661,295,520,1,0,0,0
209.603,471.743,-9.176,0.661,300,520,1,0,0,0
200.426,472.404,-9.176,0.661,305,520,1,0,0,0
191.25,473.065,-9.176,0.661,310,520,1,0,0,0
182.074,473.726,-9.176,0.661,315,520,1,0,0,0
172.898,474.387,-9.176,0.661,320,520,1,0,0,0
163.722,475.048,-9.176,0.661,325,520,1,0,0,0
154.545,475.709,-9.176,0.661,330,520,1,0,0,0
145.369,476.37,-9.176,0.661,335,520,1,0,0,0
136.193,477.031,-9.176,0.661,340,520,1,0,0,0
127.017,477.692,-9.176,0.661,345,520,1,0,0,0
117.84,478.353,-9.176,0.661,350,520,1,0,0,0
108.664,479.014,-9.176,0.661,355,520,1,0,0,0
99.488,479.675,-9.176,0.661,360,520,1,0,0,0
90.312,480.336,-9.176,0.661,365,520,1,0,0,0
81.135,480.997,-9.176,0.661,370,520,1,0,0,0
71.959,481.658,-9.176,0.661,375,520,1,0,0,0
62.783,482.319,-9.176,0.661,380,520,1,0,0,0
53.607,482.98,-9.176,0.661,385,520,1,0,0,0
44.431,483.641,-9.176,0.661,390,520,1,0,0,0
35.254,484.302,-9.176,0.661,395,520,1,0,0,0
49.0,484.963,4.75,8.227,400,520,1,0,0,0
53.75,493.19,4.75,8.227,405,520,1,0,0,0
58.5,501.417,4.75,8.227,410,520,1,0,0,0
63.25,509.644,4.75,8.227,415,520,1,0,0,0
68.0,517.872,4.75,8.227,420,520,1,0,0,0
72.75,526.099,4.75,8.227,425,520,1,0,0,0
77.5,534.326,4.75,8.227,430,520,1,0,0,0
82.25,542.553,4.75,8.227,435,520,1,0,0,0
87.0,550.781,4.75,8.227,440,520,1,0,0,0
91.75,559.008,4.75,8.227,445,520,1,0,0,0
96.5,567.235,4.75,8.227,450,520,1,0,0,0
101.25,575.462,4.75,8.227,455,520,1,0,0,0
106.0,583.69,4.75,8.227,460,520,1,0,0,0
110.75,591.917,4.75,8.227,465,520,1,0,0,0
115.5,594.0,4.75,-8.227,470,520,1,0,0,0
120.25,585.773,4.75,-8.227,475,520,1,0,0,0
125.0,577.546,4.75,-8.227,480,520,1,0,0,0
129.75,569.318,4.75,-8.227,485,520,1,0,0,0
134.5,561.091,4.75,-8.227,490,520,1,0,0,0
139.25,552.864,4.75,-8.227,495,520,1,0,0,0
144.0,544.637,4.75,-8.227,500,520,1,0,0,0
148.75,536.409,4.75,-8.227,505,520,1,0,0,0
153.5,528.182,4.75,-8.227,510,520,1,0,0,0
158.25,519.955,4.75,-8.227,515,515,1,-1,0,0
163.0,511.728,4.75,-8.227,520,510,1,-1,0,0
167.75,503.5,4.75,-8.227,520,505,1,-1,0,0
172.5,495.273,4.75,-8.227,520,500,0,-1,0,0
177.25,487.046,4.75,-8.227,520,495,0,-1,0,0
182.0,478.819,4.75,-8.227,520,490,0,-1,0,0
186.75,470.591,4.75,-8.227,520,485,0,-1,0,0
191.5,462.364,4.75,-8.227,520,480,0,-1,0,0
196.25,454.137,4.75,-8.227,520,475,0,-1,0,0
201.0,445.91,4.75,-8.227,520,470,0,-1,0,0
205.75,437.682,4.75,-8.227,520,465,0,-1,0,0
210.5,429.455,4.75,-8.227,520,460,0,-1,0,0
215.25,421.228,4.75,-8.227,520,455,0,-1,0,0
220.0,413.001,4.75,-8.227,520,450,0,-1,0,0
224.75,404.773,4.75,-8.227,520,445,0,-1,0,0
229.5,396.546,4.75,-8.227,520,440,0,-1,0,0
234.25,388.319,4.75,-8.227,520,435,0,-1,0,0
239.0,380.092,4.75,-8.227,520,430,0,-1,0,0
243.75,371.864,4.75,-8.227,520,425,0,-1,0,0
248.5,363.637,4.75,-8.227,520,420,0,-1,0,0
253.25,355.41,4.75,-8.227,520,415,0,-1,0,0
258.0,347.183,4.75,-8.227,520,410,0,-1,0,0
262.75,338.956,4.75,-8.227,520,405,0,-1,0,0
267.5,330.728,4.75,-8.227,520,400,0,-1,0,0
272.25,322.501,4.75,-8.227,520,395,0,-1,0,0
277.0,314.274,4.75,-8.227,515,390,-1,-1,0,0
281.75,306.047,4.75,-8.227,510,385,-1,-1,0,0
286.5,297.819,4.75,-8.227,505,380,-1,-1,0,0
291.25,289.592,4.75,-8.227,500,375,-1,-1,0,0
296.0,281.365,4.75,-8.227,495,370,-1,-1,0,0
300.75,273.138,4.75,-8.227,490,365,-1,-1,0,0
305.5,264.91,4.75,-8.227,485,360,-1,-1,0,0
310.25,256.683,4.75,-8.227,480,355,-1,-1,0,0
315.0,248.456,4.75,-8.227,475,350,-1,-1,0,0
319.75,240.229,4.75,-8.227,470,345,-1,-1,0,0
324.5,232.001,4.75,-8.227,465,340,-1,-1,0,0
329.25,223.774,4.75,-8.227,460,335,-1,-1,0,0
334.0,215.547,4.75,-8.227,455,330,-1,-1,0,0
338.75,207.32,4.75,-8.227,450,325,-1,-1,0,0
343.5,199.092,4.75,-8.227,445,320,-1,-1,0,0
348.25,190.865,4.75,-8.227,440,315,-1,-1,0,0
353.0,182.638,4.75,-8.227,435,310,-1,-1,0,0
357.75,174.411,4.75,-8.227,430,305,-1,-1,0,0
362.5,166.183,4.75,-8.227,425,300,-1,-1,0,0
367.25,157.956,4.75,-8.227,420,295,-1,-1,0,0
372.0,149.729,4.75,-8.227,415,290,-1,-1,0,0
376.75,141.502,4.75,-8.227,410,285,-1,-1,0,0
381.5,133.274,4.75,-8.227,405,280,-1,-1,0,0
386.25,125.047,4.75,-8.227,400,275,-1,-1,0,0
391.0,116.82,4.75,-8.227,395,270,-1,-1,0,0
395.75,108.593,4.75,-8.227,390,270,-1,0,0,0
400.5,100.366,4.75,-8.227,385,270,-1,0,0,0
405.25,92.138,4.75,-8.227,380,270,-1,0,0,0
410.0,83.911,4.75,-8.227,375,270,-1,0,0,0
414.75,75.684,4.75,-8.227,370,270,-1,0,0,0
419.5,67.457,4.75,-8.227,365,270,-1,0,0,0
424.25,59.229,4.75,-8.227,360,270,-1,0,0,0
429.0,51.002,4.75,-8.227,355,270,-1,0,0,0
433.75,42.775,4.75,-8.227,350,270,-1,0,0,0
438.5,34.548,4.75,-8.227,345,270,-1,0,0,0
443.25,26.32,4.75,-8.227,345,270,0,0,0,0
448.0,18.093,4.75,-8.227,345,270,0,0,0,0
452.75,9.866,4.75,-8.227,345,270,0,0,0,0
457.5,6.0,4.75,8.227,345,270,0,0,0,0
462.25,14.227,4.75,8.227,345,270,0,0,0,0
467.0,22.454,4.75,8.227,345,270,0,0,0,0
471.75,30.682,4.75,8.227,345,270,0,0,0,0
476.5,38.909,4.75,8.227,345,270,0,0,0,0
481.25,47.136,4.75,8.227,345,270,0,0,0,0
486.0,55.363,4.75,8.227,345,270,0,0,0,0
490.75,63.591,4.75,8.227,345,270,0,0,0,0
495.5,71.818,4.75,8.227,345,270,0,0,0,0
500.25,80.045,4.75,8.227,345,270,0,0,0,0
505.0,88.272,4.75,8.227,345,270,0,0,0,0
509.75,96.5,4.75,8.227,345,270,0,0,0,0
514.5,104.727,4.75,8.227,345,270,0,0,0,0
519.25,112.954,4.75,8.227,345,270,0,0,0,0
524.0,121.181,4.75,8.227,345,270,0,0,0,0
528.75,129.409,4.75,8.227,345,275,0,1,0,0
533.5,137.636,4.75,8.227,345,280,0,1,0,0
538.25,145.863,4.75,8.227,345,285,0,1,0,0
543.0,154.09,4.75,8.227,345,290,0,1,0,0
547.75,162.318,4.75,8.227,345,295,0,1,0,0
552.5,170.545,4.75,8.227,345,300,0,1,0,0
557.25,178.772,4.75,8.227,345,305,0,1,0,0
562.0,186.999,4.75,8.227,345,310,0,1,0,0
566.75,195.227,4.75,8.227,345,315,0,1,0,0
571.5,203.454,4.75,8.227,345,320,0,1,0,0
576.25,211.681,4.75,8.227,345,325,0,1,0,0
581.0,219.908,4.75,8.227,345,330,0,1,0,0
585.75,228.136,4.75,8.227,345,335,0,1,0,0
590.5,236.363,4.75,8.227,345,340,0,1,0,0
595.25,244.59,4.75,8.227,345,345,0,1,0,0
600.0,252.817,4.75,8.227,345,350,0,1,0,0
604.75,261.044,4.75,8.227,345,355,0,1,0,0
609.5,269.272,4.75,8.227,345,360,0,1,0,0
614.25,277.499,4.75,8.227,345,365,0,1,0,0
619.0,285.726,4.75,8.227,345,370,0,1,0,0
623.75,293.953,4.75,8.227,345,375,0,1,0,0
628.5,302.181,4.75,8.227,345,380,0,1,0,0
633.25,310.408,4.75,8.227,345,385,0,1,0,0
638.0,318.635,4.75,8.227,345,390,0,1,0,0
642.75,326.862,4.75,8.227,345,395,0,1,0,0
647.5,335.09,4.75,8.227,345,395,0,0,0,0
652.25,343.317,4.75,8.227,345,395,0,0,0,0
657.0,351.544,4.75,8.227,345,395,0,0,0,0
661.75,359.771,4.75,8.227,345,395,0,0,0,0
666.5,367.999,4.75,8.227,345,395,0,0,0,0
671.25,376.226,4.75,8.227,345,400,0,1,0,0
676.0,384.453,4.75,8.227,345,405,0,1,0,0
680.75,392.68,4.75,8.227,345,410,0,1,0,0
685.5,400.908,4.75,8.227,345,415,0,1,0,0
690.25,409.135,4.75,8.227,345,420,0,1,0,0
695.0,417.362,4.75,8.227,345,425,0,1,0,0
699.75,425.589,4.75,8.227,345,430,0,1,0,0
704.5,433.817,4.75,8.227,345,435,0,1,0,0
709.25,442.044,4.75,8.227,345,440,0,1,0,0
714.0,450.271,4.75,8.227,345,445,0,1,0,0
718.75,458.498,4.75,8.227,345,450,0,1,0,0
723.5,466.726,4.75,8.227,345,455,0,1,0,0
728.25,474.953,4.75,8.227,345,460,0,1,0,0
733.0,483.18,4.75,8.227,345,465,0,1,0,0
737.75,491.407,4.75,8.227,345,470,0,1,0,0
742.5,499.634,4.75,8.227,345,475,0,1,0,0
747.25,507.862,4.75,8.227,345,480,0,1,0,0
752.0,516.089,4.75,8.227,345,485,0,1,0,0
751.0,524.316,-9.692,-1.453,345,490,0,1,0,0
741.308,522.863,-9.692,-1.453,345,495,0,1,0,0
731.617,521.41,-9.692,-1.453,345,500,0,1,0,0
721.925,519.958,-9.692,-1.453,345,505,0,1,0,0
712.233,518.505,-9.692,-1.453,345,510,0,1,0,0
702.541,517.052,-9.692,-1.453,345,515,0,1,0,0
692.85,515.599,-9.692,-1.453,345,520,0,1,0,0
683.158,514.146,-9.692,-1.453,345,520,0,1,0,0
673.466,512.693,-9.692,-1.453,345,520,0,1,0,0
663.775,511.24,-9.692,-1.453,345,520,0,1,0,0
654.083,509.787,-9.692,-1.453,345,520,0,1,0,0
644.391,508.335,-9.692,-1.453,345,520,0,0,0,0
634.7,506.882,-9.692,-1.453,345,520,0,0,0,0
625.008,505.429,-9.692,-1.453,345,515,0,-1,0,0
615.316,503.976,-9.692,-1.453,345,510,0,-1,0,0
605.624,502.523,-9.692,-1.453,345,505,0,-1,0,0
595.933,501.07,-9.692,-1.453,345,500,0,-1,0,0
586.241,499.617,-9.692,-1.453,345,495,0,-1,0,0
576.549,498.164,-9.692,-1.453,345,490,0,-1,0,0
566.858,496.712,-9.692,-1.453,345,485,0,-1,0,0
557.166,495.259,-9.692,-1.453,345,480,0,-1,0,0
547.474,493.806,-9.692,-1.453,345,475,0,-1,0,0
537.782,492.353,-9.692,-1.453,345,470,0,-1,0,0
528.091,490.9,-9.692,-1.453,345,465,0,-1,0,0
518.399,489.447,-9.692,-1.453,345,460,0,-1,0,0
508.707,487.994,-9.692,-1.453,345,455,0,-1,0,0
499.016,486.541,-9.692,-1.453,345,450,0,-1,0,0
489.324,485.088,-9.692,-1.453,345,445,0,-1,0,0
479.632,483.636,-9.692,-1.453,345,440,0,-1,0,0
469.941,482.183,-9.692,-1.453,345,435,0,-1,0,0
460.249,480.73,-9.692,-1.453,345,430,0,-1,0,0
450.557,479.277,-9.692,-1.453,345,425,0,-1,0,0
440.865,477.824,-9.692,-1.453,345,420,0,-1,0,0
431.174,476.371,-9.692,-1.453,345,415,0,-1,0,0
421.482,474.918,-9.692,-1.453,350,410,1,-1,0,0
411.79,473.465,-9.692,-1.453,355,405,1,-1,0,0
402.099,472.013,-9.692,-1.453,360,400,1,-1,0,0
392.407,470.56,-9.692,-1.453,365,395,1,-1,0,0
382.715,469.107,-9.692,-1.453,370,390,1,-1,0,0
373.024,467.654,-9.692,-1.453,375,385,1,-1,0,0
363.332,466.201,-9.692,-1.453,380,380,1,-1,0,0
353.64,464.748,-9.692,-1.453,385,375,1,-1,0,0
343.948,463.295,-9.692,-1.453,390,370,1,-1,0,0
334.257,461.842,-9.692,-1.453,395,365,1,-1,0,0
324.565,460.39,-9.692,-1.453,400,360,1,-1,0,0
314.873,458.937,-9.692,-1.453,405,355,1,-1,0,0
305.182,457.484,-9.692,-1.453,410,350,1,-1,0,0
295.49,456.031,-9.692,-1.453,415,345,1,-1,0,0
285.798,454.578,-9.692,-1.453,420,340,1,-1,0,0
276.106,453.125,-9.692,-1.453,425,335,1,-1,0,0
266.415,451.672,-9.692,-1.453,430,335,1,0,0,0
256.723,450.219,-9.692,-1.453,435,335,1,0,0,0
247.031,448.767,-9.692,-1.453,440,335,1,0,0,0
237.34,447.314,-9.692,-1.453,440,335,0,0,0,0
227.648,445.861,-9.692,-1.453,440,335,0,0,0,0
217.956,444.408,-9.692,-1.453,440,335,0,0,0,0
208.265,442.955,-9.692,-1.453,440,335,0,0,0,0
198.573,441.502,-9.692,-1.453,440,335,0,0,0,0
188.881,440.049,-9.692,-1.453,440,335,0,0,0,0
179.189,438.596,-9.692,-1.453,440,335,0,0,0,0
169.498,437.143,-9.692,-1.453,440,335,0,0,0,0
159.806,435.691,-9.692,-1.453,440,335,0,0,0,0
150.114,434.238,-9.692,-1.453,440,335,0,0,0,0
140.423,432.785,-9.692,-1.453,440,335,0,0,0,0
130.731,431.332,-9.692,-1.453,440,335,0,0,0,0
121.039,429.879,-9.692,-1.453,440,335,0,0,0,0
111.347,428.426,-9.692,-1.453,440,335,0,0,0,0
101.656,426.973,-9.692,-1.453,445,335,1,0,0,0
91.964,425.52,-9.692,-1.453,450,335,1,0,0,0
82.272,424.068,-9.692,-1.453,455,335,1,0,0,0
72.581,422.615,-9.692,-1.453,460,335,1,0,0,0
62.889,421.162,-9.692,-1.453,465,335,1,0,0,0
53.197,419.709,-9.692,-1.453,470,335,1,0,0,0
43.506,418.256,-9.692,-1.453,475,330,1,-1,0,0
33.814,416.803,-9.692,-1.453,480,325,1,-1,0,0
24.122,415.35,-9.692,-1.453,485,320,1,-1,0,0
14.43,413.897,-9.692,-1.453,490,315,1,-1,0,0
4.739,412.445,-9.692,-1.453,495,310,1,-1,0,0
-4.953,410.992,-9.692,-1.453,500,305,1,-1,0,0
400.0,300.0,4.246,-2.64,505,300,1,-1,0,1
404.359,302.449,4.359,2.449,505,300,0,0,0,0
408.718,304.898,4.359,2.449,505,300,0,0,0,0
413.077,307.347,4.359,2.449,505,300,0,0,0,0
417.437,309.796,4.359,2.449,505,300,0,0,0,0
421.796,312.245,4.359,2.449,505,300,0,0,0,0
426.155,314.694,4.359,2.449,505,300,0,0,0,0
430.514,317.143,4.359,2.449,505,300,0,0,0,0
434.873,319.592,4.359,2.449,505,300,0,0,0,0
439.232,322.041,4.359,2.449,505,300,0,0,0,0
443.591,324.491,4.359,2.449,505,300,0,0,0,0
447.951,326.94,4.359,2.449,505,300,0,0,0,0
452.31,329.389,4.359,2.449,505,300,0,0,0,0
456.669,331.838,4.359,2.449,505,300,0,0,0,0
461.028,334.287,4.359,2.449,505,300,0,0,0,0
465.387,336.736,4.359,2.449,505,300,0,0,0,0
469.746,339.185,4.359,2.449,505,300,0,0,0,0
474.105,341.634,4.359,2.449,505,300,0,0,0,0
478.465,344.083,4.359,2.449,505,300,0,0,0,0
482.824,346.532,4.359,2.449,505,300,0,0,0,0
487.183,348.981,4.359,2.449,505,300,0,0,0,0
491.542,351.43,4.359,2.449,505,300,0,0,0,0
495.901,353.879,4.359,2.449,505,300,0,0,0,0
500.26,356.328,4.359,2.449,505,300,0,0,0,0
504.619,358.777,4.359,2.449,505,300,0,0,0,0
508.979,361.226,4.359,2.449,505,300,0,0,0,0
513.338,363.675,4.359,2.449,505,300,0,0,0,0
517.697,366.124,4.359,2.449,505,300,0,0,0,0
522.056,368.574,4.359,2.449,505,300,0,0,0,0
526.415,371.023,4.359,2.449,505,300,0,0,0,0
530.774,373.472,4.359,2.449,505,300,0,0,0,0
535.133,375.921,4.359,2.449,505,300,0,0,0,0
539.493,378.37,4.359,2.449,505,300,0,0,0,0
543.852,380.819,4.359,2.449,505,300,0,0,0,0
548.211,383.268,4.359,2.449,505,300,0,0,0,0
552.57,385.717,4.359,2.449,505,300,0,0,0,0
556.929,388.166,4.359,2.449,505,305,0,1,0,0
561.288,390.615,4.359,2.449,505,310,0,1,0,0
565.647,393.064,4.359,2.449,505,315,0,1,0,0
570.007,395.513,4.359,2.449,505,320,0,1,0,0
574.366,397.962,4.359,2.449,505,325,0,1,0,0
578.725,400.411,4.359,2.449,505,330,0,1,0,0
583.084,402.86,4.359,2.449,505,335,0,1,0,0
587.443,405.309,4.359,2.449,505,340,0,1,0,0
591.802,407.758,4.359,2.449,505,345,0,1,0,0
596.161,410.207,4.359,2.449,505,350,0,1,0,0
600.521,412.657,4.359,2.449,505,355,0,1,0,0
604.88,415.106,4.359,2.449,505,360,0,1,0,0
609.239,417.555,4.359,2.449,505,365,0,1,0,0
613.598,420.004,4.359,2.449,505,370,0,1,0,0
617.957,422.453,4.359,2.449,505,375,0,1,0,0
622.316,424.902,4.359,2.449,505,380,0,1,0,0
626.675,427.351,4.359,2.449,505,385,0,1,0,0
631.035,429.8,4.359,2.449,505,390,0,1,0,0
635.394,432.249,4.359,2.449,505,395,0,1,0,0
639.753,434.698,4.359,2.449,505,400,0,1,0,0
644.112,437.147,4.359,2.449,505,405,0,1,0,0
648.471,439.596,4.359,2.449,505,410,0,1,0,0
652.83,442.045,4.359,2.449,505,415,0,1,0,0
657.189,444.494,4.359,2.449,505,420,0,1,0,0
661.549,446.943,4.359,2.449,505,425,0,1,0,0
665.908,449.392,4.359,2.449,505,430,0,1,0,0
670.267,451.841,4.359,2.449,505,435,0,1,0,0
674.626,454.29,4.359,2.449,505,440,0,1,0,0
678.985,456.739,4.359,2.449,505,445,0,1,0,0
683.344,459.189,4.359,2.449,505,450,0,1,0,0
687.703,461.638,4.359,2.449,505,455,0,1,0,0
692.063,464.087,4.359,2.449,505,460,0,1,0,0
696.422,466.536,4.359,2.449,505,465,0,1,0,0
700.781,468.985,4.359,2.449,505,465,0,0,0,0
705.14,471.434,4.359,2.449,505,465,0,0,0,0
709.499,473.883,4.359,2.449,505,465,0,0,0,0
713.858,476.332,4.359,2.449,505,465,0,0,0,0
718.217,478.781,4.359,2.449,505,465,0,0,0,0
722.577,481.23,4.359,2.449,505,465,0,0,0,0
726.936,483.679,4.359,2.449,505,465,0,0,0,0
731.295,486.128,4.359,2.449,505,465,0,0,0,0
735.654,488.577,4.359,2.449,505,465,0,0,0,0
740.013,491.026,4.359,2.449,505,465,0,0,0,0
744.372,493.475,4.359,2.449,505,465,0,0,0,0
748.731,495.924,4.359,2.449,505,465,0,0,0,0
751.0,498.373,-5.22,-0.915,505,465,0,0,0,0
745.78,497.459,-5.22,-0.915,505,465,0,0,0,0
740.559,496.544,-5.22,-0.915,505,465,0,0,0,0
735.339,495.629,-5.22,-0.915,505,465,0,0,0,0
730.118,494.714,-5.22,-0.915,505,465,0,0,0,0
724.898,493.799,-5.22,-0.915,505,465,0,0,0,0
719.677,492.884,-5.22,-0.915,505,465,0,0,0,0
714.457,491.969,-5.22,-0.915,505,465,0,0,0,0
709.236,491.055,-5.22,-0.915,505,465,0,0,0,0
704.016,490.14,-5.22,-0.915,505,465,0,0,0,0
698.796,489.225,-5.22,-0.915,505,465,0,0,0,0
693.575,488.31,-5.22,-0.915,505,465,0,0,0,0
688.355,487.395,-5.22,-0.915,505,465,0,0,0,0
683.134,486.48,-5.22,-0.915,505,465,0,0,0,0
677.914,485.565,-5.22,-0.915,505,465,0,0,0,0
672.693,484.651,-5.22,-0.915,505,465,0,0,0,0
667.473,483.736,-5.22,-0.915,505,465,0,0,0,0
662.252,482.821,-5.22,-0.915,505,465,0,0,0,0
657.032,481.906,-5.22,-0.915,505,465,0,0,0,0
651.812,480.991,-5.22,-0.915,505,465,0,0,0,0
646.591,480.076,-5.22,-0.915,505,465,0,0,0,0
641.371,479.161,-5.22,-0.915,505,465,0,0,0,0
636.15,478.247,-5.22,-0.915,505,465,0,0,0,0
630.93,477.332,-5.22,-0.915,505,465,0,0,0,0
625.709,476.417,-5.22,-0.915,505,465,0,0,0,0
620.489,475.502,-5.22,-0.915,505,465,0,0,0,0
615.268,474.587,-5.22,-0.915,505,465,0,0,0,0
610.048,473.672,-5.22,-0.915,505,465,0,0,0,0
604.828,472.757,-5.22,-0.915,505,465,0,0,0,0
599.607,471.843,-5.22,-0.915,505,465,0,0,0,0
594.387,470.928,-5.22,-0.915,505,465,0,0,0,0
589.166,470.013,-5.22,-0.915,505,465,0,0,0,0
583.946,469.098,-5.22,-0.915,505,465,0,0,0,0
578.725,468.183,-5.22,-0.915,505,465,0,0,0,0
573.505,467.268,-5.22,-0.915,505,465,0,0,0,0
568.284,466.353,-5.22,-0.915,505,465,0,0,0,0
563.064,465.439,-5.22,-0.915,505,465,0,0,0,0
557.844,464.524,-5.22,-0.915,505,465,0,0,0,0
552.623,463.609,-5.22,-0.915,505,465,0,0,0,0
547.403,462.694,-5.22,-0.915,505,465,0,0,0,0
542.182,461.779,-5.22,-0.915,505,465,0,0,0,0
536.962,460.864,-5.22,-0.915,505,465,0,0,0,0
531.741,459.949,-5.22,-0.915,505,465,0,0,0,0
526.521,459.034,-5.22,-0.915,505,465,0,0,0,0
521.3,458.12,-5.22,-0.915,505,465,0,0,0,0
516.08,457.205,-5.22,-0.915,505,465,0,0,0,0
510.86,456.29,-5.22,-0.915,505,465,0,0,0,0
505.639,455.375,-5.22,-0.915,505,465,0,0,0,0
500.419,454.46,-5.22,-0.915,505,465,0,0,0,0
495.198,453.545,-5.22,-0.915,505,465,0,0,0,0
489.978,452.63,-5.22,-0.915,505,465,0,0,0,0
484.757,451.716,-5.22,-0.915,505,465,0,0,0,0
479.537,450.801,-5.22,-0.915,505,465,0,0,0,0
474.316,449.886,-5.22,-0.915,505,465,0,0,0,0
469.096,448.971,-5.22,-0.915,505,465,0,0,0,0
463.876,448.056,-5.22,-0.915,505,465,0,0,0,0
458.655,447.141,-5.22,-0.915,505,465,0,0,0,0
453.435,446.226,-5.22,-0.915,505,465,0,0,0,0
448.214,445.312,-5.22,-0.915,505,465,0,0,0,0
442.994,444.397,-5.22,-0.915,505,465,0,0,0,0
437.773,443.482,-5.22,-0.915,505,465,0,0,0,0
432.553,442.567,-5.22,-0.915,505,465,0,0,0,0
427.332,441.652,-5.22,-0.915,505,465,0,0,0,0
422.112,440.737,-5.22,-0.915,505,465,0,0,0,0
416.892,439.822,-5.22,-0.915,505,465,0,0,0,0
411.671,438.908,-5.22,-0.915,505,465,0,0,0,0
406.451,437.993,-5.22,-0.915,505,465,0,0,0,0
401.23,437.078,-5.22,-0.915,505,465,0,0,0,0
396.01,436.163,-5.22,-0.915,505,465,0,0,0,0
390.789,435.248,-5.22,-0.915,505,465,0,0,0,0
385.569,434.333,-5.22,-0.915,505,465,0,0,0,0
380.348,433.418,-5.22,-0.915,505,465,0,0,0,0
375.128,432.504,-5.22,-0.915,505,465,0,0,0,0
369.908,431.589,-5.22,-0.915,505,465,0,0,0,0
364.687,430.674,-5.22,-0.915,505,465,0,0,0,0
359.467,429.759,-5.22,-0.915,505,465,0,0,0,0
354.246,428.844,-5.22,-0.915,505,465,0,0,0,0
349.026,427.929,-5.22,-0.915,505,465,0,0,0,0
343.805,427.014,-5.22,-0.915,505,465,0,0,0,0
338.585,426.1,-5.22,-0.915,505,465,0,0,0,0
333.364,425.185,-5.22,-0.915,505,465,0,0,0,0
328.144,424.27,-5.22,-0.915,505,465,0,0,0,0
322.924,423.355,-5.22,-0.915,505,465,0,0,0,0
317.703,422.44,-5.22,-0.915,505,465,0,0,0,0
312.483,421.525,-5.22,-0.915,505,465,0,0,0,0
307.262,420.61,-5.22,-0.915,505,465,0,0,0,0
302.042,419.696,-5.22,-0.915,505,465,0,0,0,0
296.821,418.781,-5.22,-0.915,505,465,0,0,0,0
291.601,417.866,-5.22,-0.915,500,465,-1,0,0,0
286.38,416.951,-5.22,-0.915,495,465,-1,0,0,0
281.16,416.036,-5.22,-0.915,490,465,-1,0,0,0
275.94,415.121,-5.22,-0.915,485,465,-1,0,0,0
270.719,414.206,-5.22,-0.915,480,465,-1,0,0,0
265.499,413.292,-5.22,-0.915,475,465,-1,0,0,0
260.278,412.377,-5.22,-0.915,475,465,0,0,0,0
255.058,411.462,-5.22,-0.915,475,465,0,0,0,0
249.837,410.547,-5.22,-0.915,475,465,0,0,0,0
244.617,409.632,-5.22,-0.915,475,465,0,0,0,0
239.397,408.717,-5.22,-0.915,475,465,0,0,0,0
234.176,407.802,-5.22,-0.915,475,465,0,0,0,0
228.956,406.888,-5.22,-0.915,475,465,0,0,0,0
223.735,405.973,-5.22,-0.915,475,465,0,0,0,0
218.515,405.058,-5.22,-0.915,475,465,0,0,0,0
213.294,404.143,-5.22,-0.915,475,465,0,0,0,0
208.074,403.228,-5.22,-0.915,475,465,0,0,0,0
202.853,402.313,-5.22,-0.915,475,465,0,0,0,0
197.633,401.398,-5.22,-0.915,475,465,0,0,0,0
192.413,400.484,-5.22,-0.915,480,465,1,0,0,0
187.192,399.569,-5.22,-0.915,485,465,1,0,0,0
181.972,398.654,-5.22,-0.915,490,465,1,0,0,0
176.751,397.739,-5.22,-0.915,495,465,1,0,0,0
171.531,396.824,-5.22,-0.915,500,465,1,0,0,0
166.31,395.909,-5.22,-0.915,505,465,1,0,0,0
161.09,394.994,-5.22,-0.915,510,465,1,0,0,0
155.869,394.08,-5.22,-0.915,510,465,0,0,0,0
150.649,393.165,-5.22,-0.915,510,465,0,0,0,0
145.429,392.25,-5.22,-0.915,510,465,0,0,0,0
140.208,391.335,-5.22,-0.915,510,465,0,0,0,0
134.988,390.42,-5.22,-0.915,510,465,0,0,0,0
129.767,389.505,-5.22,-0.915,510,465,0,0,0,0
124.547,388.59,-5.22,-0.915,510,465,0,0,0,0
119.326,387.676,-5.22,-0.915,515,465,1,0,0,0
114.106,386.761,-5.22,-0.915,520,465,1,0,0,0
108.885,385.846,-5.22,-0.915,520,465,1,0,0,0
103.665,384.931,-5.22,-0.915,520,465,1,0,0,0
98.445,384.016,-5.22,-0.915,520,465,1,0,0,0
93.224,383.101,-5.22,-0.915,520,460,0,-1,0,0
88.004,382.186,-5.22,-0.915,520,455,0,-1,0,0
82.783,381.272,-5.22,-0.915,515,450,-1,-1,0,0
77.563,380.357,-5.22,-0.915,510,445,-1,-1,0,0
72.342,379.442,-5.22,-0.915,505,440,-1,-1,0,0
67.122,378.527,-5.22,-0.915,500,435,-1,-1,0,0
61.901,377.612,-5.22,-0.915,495,430,-1,-1,0,0
56.681,376.697,-5.22,-0.915,490,425,-1,-1,0,0
51.461,375.782,-5.22,-0.915,485,420,-1,-1,0,0
46.24,374.868,-5.22,-0.915,480,415,-1,-1,0,0
41.02,373.953,-5.22,-0.915,475,410,-1,-1,0,0
35.799,373.038,-5.22,-0.915,470,405,-1,-1,0,0
30.579,372.123,-5.22,-0.915,465,400,-1,-1,0,0
25.358,371.208,-5.22,-0.915,460,395,-1,-1,0,0
20.138,370.293,-5.22,-0.915,455,390,-1,-1,0,0
14.917,369.378,-5.22,-0.915,450,385,-1,-1,0,0
9.697,368.464,-5.22,-0.915,445,380,-1,-1,0,0
4.477,367.549,-5.22,-0.915,440,375,-1,-1,0,0
-0.744,366.634,-5.22,-0.915,435,370,-1,-1,0,0
-5.964,365.719,-5.22,-0.915,430,365,-1,-1,0,0
400.0,300.0,4.795,-1.416,425,360,-1,-1,0,1
404.795,298.584,4.795,-1.416,425,360,0,0,0,0
409.59,297.167,4.795,-1.416,425,360,0,0,0,0
414.385,295.751,4.795,-1.416,425,360,0,0,0,0
419.181,294.334,4.795,-1.416,425,360,0,0,0,0
423.976,292.918,4.795,-1.416,425,360,0,0,0,0
428.771,291.501,4.795,-1.416,425,360,0,0,0,0
433.566,290.085,4.795,-1.416,425,360,0,0,0,0
438.361,288.668,4.795,-1.416,425,360,0,0,0,0
443.156,287.252,4.795,-1.416,425,360,0,0,0,0
447.952,285.835,4.795,-1.416,425,360,0,0,0,0
452.747,284.419,4.795,-1.416,425,360,0,0,0,0
457.542,283.002,4.795,-1.416,425,360,0,0,0,0
462.337,281.586,4.795,-1.416,425,360,0,0,0,0
467.132,280.169,4.795,-1.416,425,360,0,0,0,0
471.927,278.753,4.795,-1.416,425,360,0,0,0,0
476.723,277.336,4.795,-1.416,425,360,0,0,0,0
481.518,275.92,4.795,-1.416,425,360,0,0,0,0
486.313,274.503,4.795,-1.416,425,360,0,0,0,0
491.108,273.087,4.795,-1.416,425,360,0,0,0,0
495.903,271.671,4.795,-1.416,425,355,0,-1,0,0
500.698,270.254,4.795,-1.416,425,350,0,-1,0,0
505.494,268.838,4.795,-1.416,425,345,0,-1,0,0
510.289,267.421,4.795,-1.416,425,340,0,-1,0,0
515.084,266.005,4.795,-1.416,425,335,0,-1,0,0
519.879,264.588,4.795,-1.416,425,330,0,-1,0,0
524.674,263.172,4.795,-1.416,425,325,0,-1,0,0
529.469,261.755,4.795,-1.416,425,320,0,-1,0,0
534.265,260.339,4.795,-1.416,425,315,0,-1,0,0
539.06,258.922,4.795,-1.416,425,310,0,-1,0,0
543.855,257.506,4.795,-1.416,425,305,0,-1,0,0
548.65,256.089,4.795,-1.416,425,300,0,-1,0,0
553.445,254.673,4.795,-1.416,425,295,0,-1,0,0
558.24,253.256,4.795,-1.416,425,290,0,-1,0,0
563.036,251.84,4.795,-1.416,425,285,0,-1,0,0
567.831,250.423,4.795,-1.416,425,280,0,-1,0,0
572.626,249.007,4.795,-1.416,425,275,0,-1,0,0
577.421,247.59,4.795,-1.416,425,270,0,-1,0,0
582.216,246.174,4.795,-1.416,425,265,0,-1,0,0
587.011,244.758,4.795,-1.416,425,260,0,-1,0,0
591.807,243.341,4.795,-1.416,425,255,0,-1,0,0
596.602,241.925,4.795,-1.416,425,250,0,-1,0,0
601.397,240.508,4.795,-1.416,425,245,0,-1,0,0
606.192,239.092,4.795,-1.416,425,240,0,-1,0,0
610.987,237.675,4.795,-1.416,425,235,0,-1,0,0
615.782,236.259,4.795,-1.416,425,230,0,-1,0,0
620.578,234.842,4.795,-1.416,425,225,0,-1,0,0
625.373,233.426,4.795,-1.416,425,220,0,-1,0,0
630.168,232.009,4.795,-1.416,425,215,0,-1,0,0
634.963,230.593,4.795,-1.416,425,210,0,-1,0,0
639.758,229.176,4.795,-1.416,425,205,0,-1,0,0
644.553,227.76,4.795,-1.416,425,200,0,-1,0,0
649.349,226.343,4.795,-1.416,425,195,0,-1,0,0
654.144,224.927,4.795,-1.416,425,190,0,-1,0,0
658.939,223.51,4.795,-1.416,425,185,0,-1,0,0
663.734,222.094,4.795,-1.416,425,180,0,-1,0,0
668.529,220.677,4.795,-1.416,425,175,0,-1,0,0
673.324,219.261,4.795,-1.416,425,170,0,-1,0,0
678.12,217.844,4.795,-1.416,425,165,0,-1,0,0
682.915,216.428,4.795,-1.416,425,160,0,-1,0,0
687.71,215.012,4.795,-1.416,425,155,0,-1,0,0
692.505,213.595,4.795,-1.416,425,155,0,0,0,0
697.3,212.179,4.795,-1.416,425,155,0,0,0,0
702.095,210.762,4.795,-1.416,425,155,0,0,0,0
706.891,209.346,4.795,-1.416,425,155,0,0,0,0
711.686,207.929,4.795,-1.416,425,155,0,0,0,0
716.481,206.513,4.795,-1.416,425,155,0,0,0,0
721.276,205.096,4.795,-1.416,425,155,0,0,0,0
726.071,203.68,4.795,-1.416,425,155,0,0,0,0
730.866,202.263,4.795,-1.416,425,155,0,0,0,0
735.662,200.847,4.795,-1.416,430,155,1,0,0,0
740.457,199.43,4.795,-1.416,435,155,1,0,0,0
745.252,198.014,4.795,-1.416,440,155,1,0,0,0
750.047,196.597,4.795,-1.416,445,155,1,0,0,0
751.0,195.181,-5.3,0.025,450,155,1,0,0,0
745.7,195.206,-5.3,0.025,455,155,1,0,0,0
740.4,195.231,-5.3,0.025,460,155,1,0,0,0
735.1,195.256,-5.3,0.025,465,155,1,0,0,0
729.8,195.281,-5.3,0.025,470,155,1,0,0,0
724.5,195.306,-5.3,0.025,475,155,1,0,0,0
719.2,195.332,-5.3,0.025,480,155,1,0,0,0
713.9,195.357,-5.3,0.025,485,155,1,0,0,0
708.6,195.382,-5.3,0.025,485,155,0,0,0,0
703.301,195.407,-5.3,0.025,485,155,0,0,0,0
698.001,195.432,-5.3,0.025,485,155,0,0,0,0
692.701,195.457,-5.3,0.025,485,155,0,0,0,0
687.401,195.482,-5.3,0.025,485,155,0,0,0,0
682.101,195.507,-5.3,0.025,485,160,0,1,0,0
676.801,195.532,-5.3,0.025,485,165,0,1,0,0
671.501,195.557,-5.3,0.025,485,170,0,1,0,0
666.201,195.583,-5.3,0.025,485,175,0,1,0,0
660.901,195.608,-5.3,0.025,485,180,0,1,0,0
655.601,195.633,-5.3,0.025,485,185,0,1,0,0
650.301,195.658,-5.3,0.025,485,190,0,1,0,0
645.001,195.683,-5.3,0.025,485,195,0,1,0,0
639.701,195.708,-5.3,0.025,485,200,0,1,0,0
634.401,195.733,-5.3,0.025,480,205,-1,1,0,0
629.101,195.758,-5.3,0.025,475,210,-1,1,0,0
623.801,195.783,-5.3,0.025,470,215,-1,1,0,0
618.501,195.808,-5.3,0.025,465,220,-1,1,0,0
613.202,195.834,-5.3,0.025,460,225,-1,1,0,0
607.902,195.859,-5.3,0.025,455,230,-1,1,0,0
602.602,195.884,-5.3,0.025,450,235,-1,1,0,0
597.302,195.909,-5.3,0.025,445,240,-1,1,0,0
592.002,195.934,-5.3,0.025,440,245,-1,1,0,0
586.702,195.959,-5.3,0.025,435,250,-1,1,0,0
581.402,195.984,-5.3,0.025,430,255,-1,1,0,0
576.102,196.009,-5.3,0.025,425,260,-1,1,0,0
570.802,196.034,-5.3,0.025,420,265,-1,1,0,0
565.502,196.059,-5.3,0.025,415,270,-1,1,0,0
560.202,196.085,-5.3,0.025,410,275,-1,1,0,0
554.902,196.11,-5.3,0.025,405,275,-1,0,0,0
549.602,196.135,-5.3,0.025,400,275,-1,0,0,0
544.302,196.16,-5.3,0.025,395,275,-1,0,0,0
539.002,196.185,-5.3,0.025,390,275,-1,0,0,0
533.702,196.21,-5.3,0.025,385,275,-1,0,0,0
528.402,196.235,-5.3,0.025,380,275,-1,0,0,0
523.103,196.26,-5.3,0.025,375,275,-1,0,0,0
517.803,196.285,-5.3,0.025,370,275,-1,0,0,0
512.503,196.31,-5.3,0.025,365,275,-1,0,0,0
507.203,196.336,-5.3,0.025,360,275,-1,0,0,0
501.903,196.361,-5.3,0.025,355,275,-1,0,0,0
496.603,196.386,-5.3,0.025,350,275,-1,0,0,0
491.303,196.411,-5.3,0.025,345,275,-1,0,0,0
486.003,196.436,-5.3,0.025,340,275,-1,0,0,0
480.703,196.461,-5.3,0.025,335,275,-1,0,0,0
475.403,196.486,-5.3,0.025,330,275,-1,0,0,0
470.103,196.511,-5.3,0.025,325,275,-1,0,0,0
464.803,196.536,-5.3,0.025,320,275,-1,0,0,0
459.503,196.561,-5.3,0.025,315,275,-1,0,0,0
454.203,196.587,-5.3,0.025,310,275,-1,0,0,0
448.903,196.612,-5.3,0.025,305,275,-1,0,0,0
443.603,196.637,-5.3,0.025,300,275,-1,0,0,0
438.304,196.662,-5.3,0.025,300,275,0,0,0,0
433.004,196.687,-5.3,0.025,300,275,0,0,0,0
427.704,196.712,-5.3,0.025,300,275,0,0,0,0
422.404,196.737,-5.3,0.025,300,275,0,0,0,0
417.104,196.762,-5.3,0.025,300,275,0,0,0,0
411.804,196.787,-5.3,0.025,300,275,0,0,0,0
406.504,196.812,-5.3,0.025,300,275,0,0,0,0
401.204,196.838,-5.3,0.025,300,275,0,0,0,0
395.904,196.863,-5.3,0.025,300,275,0,0,0,0
390.604,196.888,-5.3,0.025,300,275,0,0,0,0
385.304,196.913,-5.3,0.025,300,275,0,0,0,0
380.004,196.938,-5.3,0.025,295,275,-1,0,0,0
374.704,196.963,-5.3,0.025,290,275,-1,0,0,0
369.404,196.988,-5.3,0.025,285,275,-1,0,0,0
364.104,197.013,-5.3,0.025,280,275,-1,0,0,0
358.804,197.038,-5.3,0.025,275,275,-1,0,0,0
353.504,197.063,-5.3,0.025,270,275,-1,0,0,0
348.205,197.089,-5.3,0.025,265,275,-1,0,0,0
342.905,197.114,-5.3,0.025,260,275,-1,0,0,0
337.605,197.139,-5.3,0.025,260,275,0,0,0,0
332.305,197.164,-5.3,0.025,260,275,0,0,0,0
327.005,197.189,-5.3,0.025,260,275,0,0,0,0
321.705,197.214,-5.3,0.025,260,275,0,0,0,0
316.405,197.239,-5.3,0.025,260,275,0,0,0,0
311.105,197.264,-5.3,0.025,260,275,0,0,0,0
305.805,197.289,-5.3,0.025,260,275,0,0,0,0
300.505,197.314,-5.3,0.025,255,275,-1,0,0,0
295.205,197.34,-5.3,0.025,250,275,-1,0,0,0
289.905,197.365,-5.3,0.025,245,275,-1,0,0,0
284.605,197.39,-5.3,0.025,240,275,-1,0,0,0
279.305,197.415,-5.3,0.025,235,275,-1,0,0,0
274.005,197.44,-5.3,0.025,230,275,-1,0,0,0
268.705,197.465,-5.3,0.025,225,275,-1,0,0,0
263.405,197.49,-5.3,0.025,225,275,0,0,0,0
258.106,197.515,-5.3,0.025,225,275,0,0,0,0
252.806,197.54,-5.3,0.025,225,275,0,0,0,0
247.506,197.565,-5.3,0.025,225,275,0,0,0,0
242.206,197.591,-5.3,0.025,225,275,0,0,0,0
236.906,197.616,-5.3,0.025,225,275,0,0,0,0
231.606,197.641,-5.3,0.025,225,275,0,0,0,0
226.306,197.666,-5.3,0.025,225,275,0,0,0,0
221.006,197.691,-5.3,0.025,220,275,-1,0,0,0
215.706,197.716,-5.3,0.025,215,275,-1,0,0,0
210.406,197.741,-5.3,0.025,210,275,-1,0,0,0
205.106,197.766,-5.3,0.025,205,275,-1,0,0,0
199.806,197.791,-5.3,0.025,200,275,-1,0,0,0
194.506,197.816,-5.3,0.025,195,275,-1,0,0,0
189.206,197.842,-5.3,0.025,190,275,-1,0,0,0
183.906,197.867,-5.3,0.025,185,275,-1,0,0,0
178.606,197.892,-5.3,0.025,180,275,-1,0,0,0
173.306,197.917,-5.3,0.025,175,275,-1,0,0,0
168.007,197.942,-5.3,0.025,170,275,-1,0,0,0
162.707,197.967,-5.3,0.025,170,275,0,0,0,0
157.407,197.992,-5.3,0.025,170,275,0,0,0,0
152.107,198.017,-5.3,0.025,170,275,0,0,0,0
146.807,198.042,-5.3,0.025,170,270,0,-1,0,0
141.507,198.067,-5.3,0.025,170,265,0,-1,0,0
136.207,198.093,-5.3,0.025,170,260,0,-1,0,0
130.907,198.118,-5.3,0.025,170,255,0,-1,0,0
125.607,198.143,-5.3,0.025,170,250,0,-1,0,0
120.307,198.168,-5.3,0.025,170,245,0,-1,0,0
115.007,198.193,-5.3,0.025,165,240,-1,-1,0,0
109.707,198.218,-5.3,0.025,160,235,-1,-1,0,0
104.407,198.243,-5.3,0.025,155,230,-1,-1,0,0
99.107,198.268,-5.3,0.025,150,225,-1,-1,0,0
93.807,198.293,-5.3,0.025,145,220,-1,-1,0,0
88.507,198.319,-5.3,0.025,145,215,0,-1,0,0
83.207,198.344,-5.3,0.025,145,210,0,-1,0,0
77.908,198.369,-5.3,0.025,145,205,0,-1,0,0
72.608,198.394,-5.3,0.025,145,200,0,-1,0,0
67.308,198.419,-5.3,0.025,145,200,0,0,0,0
62.008,198.444,-5.3,0.025,145,200,0,0,0,0
56.708,198.469,-5.3,0.025,145,200,0,0,0,0
51.408,198.494,-5.3,0.025,145,200,0,0,0,0
49.0,198.519,5.253,1.941,145,200,0,0,0,0
54.253,200.46,5.253,1.941,145,200,0,0,0,0
59.506,202.401,5.253,1.941,145,200,0,0,0,0
64.759,204.342,5.253,1.941,145,200,0,0,0,0
70.012,206.283,5.253,1.941,145,200,0,0,0,0
75.264,208.224,5.253,1.941,145,200,0,0,0,0
80.517,210.165,5.253,1.941,145,200,0,0,0,0
85.77,212.106,5.253,1.941,145,200,0,0,0,0
91.023,214.047,5.253,1.941,145,200,0,0,0,0
96.276,215.988,5.253,1.941,145,200,0,0,0,0
101.529,217.928,5.253,1.941,145,200,0,0,0,0
106.782,219.869,5.253,1.941,145,200,0,0,0,0
112.035,221.81,5.253,1.941,145,200,0,0,0,0
117.288,223.751,5.253,1.941,145,200,0,0,0,0
122.54,225.692,5.253,1.941,145,200,0,0,0,0
127.793,227.633,5.253,1.941,145,200,0,0,0,0
133.046,229.574,5.253,1.941,145,200,0,0,0,0
138.299,231.515,5.253,1.941,145,200,0,0,0,0
143.552,233.456,5.253,1.941,145,200,0,0,0,0
148.805,235.397,5.253,1.941,145,200,0,0,0,0
154.058,237.338,5.253,1.941,145,200,0,0,0,0
159.311,239.278,5.253,1.941,145,205,0,1,0,0
164.564,241.219,5.253,1.941,145,210,0,1,0,0
169.816,243.16,5.253,1.941,145,215,0,1,0,0
175.069,245.101,5.253,1.941,145,220,0,1,0,0
180.322,247.042,5.253,1.941,145,225,0,1,0,0
185.575,248.983,5.253,1.941,145,230,0,1,0,0
190.828,250.924,5.253,1.941,145,235,0,1,0,0
196.081,252.865,5.253,1.941,150,240,1,1,0,0
201.334,254.806,5.253,1.941,155,245,1,1,0,0
206.587,256.747,5.253,1.941,160,250,1,1,0,0
211.84,258.688,5.253,1.941,165,255,1,1,0,0
217.093,260.628,5.253,1.941,170,260,1,1,0,0
222.345,262.569,5.253,1.941,175,265,1,1,0,0
227.598,264.51,5.253,1.941,180,270,1,1,0,0
232.851,266.451,5.253,1.941,185,275,1,1,0,0
238.104,268.392,5.253,1.941,190,280,1,1,0,0
243.357,270.333,5.253,1.941,195,285,1,1,0,0
248.61,272.274,5.253,1.941,200,290,1,1,0,0
253.863,274.215,5.253,1.941,205,295,1,1,0,0
259.116,276.156,5.253,1.941,210,300,1,1,0,0
264.369,278.097,5.253,1.941,210,305,0,1,0,0
269.621,280.038,5.253,1.941,210,310,0,1,0,0
274.874,281.978,5.253,1.941,210,315,0,1,0,0
280.127,283.919,5.253,1.941,210,320,0,1,0,0
285.38,285.86,5.253,1.941,210,325,0,1,0,0
290.633,287.801,5.253,1.941,210,330,0,1,0,0
295.886,289.742,5.253,1.941,210,335,0,1,0,0
301.139,291.683,5.253,1.941,210,340,0,1,0,0
306.392,293.624,5.253,1.941,210,345,0,1,0,0
311.645,295.565,5.253,1.941,210,350,0,1,0,0
316.897,297.506,5.253,1.941,210,355,0,1,0,0
322.15,299.447,5.253,1.941,210,360,0,1,0,0
327.403,301.388,5.253,1.941,210,360,0,0,0,0
332.656,303.329,5.253,1.941,210,360,0,0,0,0
337.909,305.269,5.253,1.941,210,360,0,0,0,0
343.162,307.21,5.253,1.941,210,360,0,0,0,0
348.415,309.151,5.253,1.941,210,360,0,0,0,0
353.668,311.092,5.253,1.941,210,360,0,0,0,0
358.921,313.033,5.253,1.941,210,360,0,0,0,0
364.173,314.974,5.253,1.941,210,360,0,0,0,0
369.426,316.915,5.253,1.941,210,360,0,0,0,0
374.679,318.856,5.253,1.941,210,360,0,0,0,0
379.932,320.797,5.253,1.941,210,360,0,0,0,0
385.185,322.738,5.253,1.941,210,360,0,0,0,0
390.438,324.679,5.253,1.941,210,360,0,0,0,0
395.691,326.619,5.253,1.941,210,360,0,0,0,0
400.944,328.56,5.253,1.941,210,360,0,0,0,0
406.197,330.501,5.253,1.941,210,360,0,0,0,0
411.449,332.442,5.253,1.941,210,360,0,0,0,0
416.702,334.383,5.253,1.941,210,360,0,0,0,0
421.955,336.324,5.253,1.941,210,360,0,0,0,0
427.208,338.265,5.253,1.941,210,360,0,0,0,0
432.461,340.206,5.253,1.941,210,360,0,0,0,0
437.714,342.147,5.253,1.941,210,360,0,0,0,0
442.967,344.088,5.253,1.941,210,360,0,0,0,0
448.22,346.029,5.253,1.941,210,360,0,0,0,0
453.473,347.969,5.253,1.941,210,360,0,0,0,0
458.726,349.91,5.253,1.941,210,360,0,0,0,0
463.978,351.851,5.253,1.941,210,360,0,0,0,0
469.231,353.792,5.253,1.941,210,365,0,1,0,0
474.484,355.733,5.253,1.941,210,370,0,1,0,0
479.737,357.674,5.253,1.941,210,375,0,1,0,0
484.99,359.615,5.253,1.941,210,380,0,1,0,0
490.243,361.556,5.253,1.941,210,385,0,1,0,0
495.496,363.497,5.253,1.941,210,390,0,1,0,0
500.749,365.438,5.253,1.941,210,395,0,1,0,0
506.002,367.379,5.253,1.941,210,400,0,1,0,0
511.254,369.319,5.253,1.941,210,405,0,1,0,0
516.507,371.26,5.253,1.941,210,405,0,0,0,0
521.76,373.201,5.253,1.941,210,405,0,0,0,0
527.013,375.142,5.253,1.941,210,405,0,0,0,0
532.266,377.083,5.253,1.941,210,405,0,0,0,0
537.519,379.024,5.253,1.941,210,405,0,0,0,0
542.772,380.965,5.253,1.941,210,405,0,0,0,0
548.025,382.906,5.253,1.941,210,405,0,0,0,0
553.278,384.847,5.253,1.941,210,405,0,0,0,0
558.53,386.788,5.253,1.941,210,405,0,0,0,0
563.783,388.729,5.253,1.941,210,405,0,0,0,0
569.036,390.669,5.253,1.941,210,405,0,0,0,0
574.289,392.61,5.253,1.941,210,405,0,0,0,0
579.542,394.551,5.253,1.941,210,405,0,0,0,0
584.795,396.492,5.253,1.941,210,405,0,0,0,0
590.048,398.433,5.253,1.941,210,405,0,0,0,0
595.301,400.374,5.253,1.941,210,405,0,0,0,0
600.554,402.315,5.253,1.941,210,405,0,0,0,0
605.806,404.256,5.253,1.941,210,405,0,0,0,0
611.059,406.197,5.253,1.941,210,405,0,0,0,0
616.312,408.138,5.253,1.941,210,405,0,0,0,0
621.565,410.079,5.253,1.941,210,405,0,0,0,0
626.818,412.02,5.253,1.941,210,405,0,0,0,0
632.071,413.96,5.253,1.941,210,405,0,0,0,0
637.324,415.901,5.253,1.941,210,405,0,0,0,0
642.577,417.842,5.253,1.941,210,405,0,0,0,0
647.83,419.783,5.253,1.941,210,405,0,0,0,0
653.082,421.724,5.253,1.941,210,405,0,0,0,0
658.335,423.665,5.253,1.941,210,405,0,0,0,0
663.588,425.606,5.253,1.941,210,405,0,0,0,0
668.841,427.547,5.253,1.941,210,405,0,0,0,0
674.094,429.488,5.253,1.941,210,405,0,0,0,0
679.347,431.429,5.253,1.941,210,405,0,0,0,0
684.6,433.37,5.253,1.941,210,405,0,0,0,0
689.853,435.31,5.253,1.941,210,405,0,0,0,0
695.106,437.251,5.253,1.941,210,405,0,0,0,0
700.358,439.192,5.253,1.941,215,405,1,0,0,0
705.611,441.133,5.253,1.941,220,405,1,0,0,0
710.864,443.074,5.253,1.941,225,410,1,1,0,0
716.117,445.015,5.253,1.941,230,415,1,1,0,0
721.37,446.956,5.253,1.941,235,420,1,1,0,0
726.623,448.897,5.253,1.941,240,425,1,1,0,0
731.876,450.838,5.253,1.941,245,430,1,1,0,0
737.129,452.779,5.253,1.941,250,430,1,0,0,0
742.382,454.72,5.253,1.941,255,430,1,0,0,0
747.635,456.66,5.253,1.941,260,430,1,0,0,0
752.887,458.601,5.253,1.941,265,430,1,0,0,0
751.0,460.542,-5.72,-1.446,270,430,1,0,0,0
745.28,459.096,-5.72,-1.446,275,430,1,0,0,0
739.56,457.65,-5.72,-1.446,280,430,1,0,0,0
733.84,456.204,-5.72,-1.446,285,430,1,0,0,0
728.12,454.758,-5.72,-1.446,290,430,1,0,0,0
722.4,453.312,-5.72,-1.446,290,430,0,0,0,0
716.68,451.866,-5.72,-1.446,290,430,0,0,0,0
710.96,450.42,-5.72,-1.446,290,430,0,0,0,0
705.239,448.975,-5.72,-1.446,290,430,0,0,0,0
699.519,447.529,-5.72,-1.446,290,430,0,0,0,0
693.799,446.083,-5.72,-1.446,290,430,0,0,0,0
688.079,444.637,-5.72,-1.446,290,430,0,0,0,0
682.359,443.191,-5.72,-1.446,290,430,0,0,0,0
676.639,441.745,-5.72,-1.446,290,430,0,0,0,0
670.919,440.299,-5.72,-1.446,290,430,0,0,0,0
665.199,438.853,-5.72,-1.446,290,430,0,0,0,0
659.479,437.407,-5.72,-1.446,290,430,0,0,0,0
653.759,435.961,-5.72,-1.446,290,430,0,0,0,0
648.039,434.515,-5.72,-1.446,290,430,0,0,0,0
642.319,433.069,-5.72,-1.446,290,430,0,0,0,0
636.599,431.623,-5.72,-1.446,290,430,0,0,0,0
630.879,430.177,-5.72,-1.446,290,430,0,0,0,0
625.159,428.731,-5.72,-1.446,290,430,0,0,0,0
619.438,427.285,-5.72,-1.446,290,425,0,-1,0,0
613.718,425.839,-5.72,-1.446,290,420,0,-1,0,0
607.998,424.393,-5.72,-1.446,290,415,0,-1,0,0
602.278,422.947,-5.72,-1.446,290,410,0,-1,0,0
596.558,421.501,-5.72,-1.446,290,405,0,-1,0,0
590.838,420.055,-5.72,-1.446,290,400,0,-1,0,0
585.118,418.609,-5.72,-1.446,290,395,0,-1,0,0
579.398,417.163,-5.72,-1.446,290,390,0,-1,0,0
573.678,415.717,-5.72,-1.446,290,385,0,-1,0,0
567.958,414.271,-5.72,-1.446,290,380,0,-1,0,0
562.238,412.825,-5.72,-1.446,290,375,0,-1,0,0
556.518,411.379,-5.72,-1.446,290,370,0,-1,0,0
550.798,409.933,-5.72,-1.446,290,365,0,-1,0,0
545.078,408.487,-5.72,-1.446,290,360,0,-1,0,0
539.358,407.041,-5.72,-1.446,290,355,0,-1,0,0
533.637,405.595,-5.72,-1.446,290,350,0,-1,0,0
527.917,404.149,-5.72,-1.446,290,345,0,-1,0,0
522.197,402.703,-5.72,-1.446,290,340,0,-1,0,0
516.477,401.257,-5.72,-1.446,290,335,0,-1,0,0
510.757,399.811,-5.72,-1.446,290,330,0,-1,0,0
505.037,398.365,-5.72,-1.446,290,325,0,-1,0,0
499.317,396.92,-5.72,-1.446,290,320,0,-1,0,0
493.597,395.474,-5.72,-1.446,290,315,0,-1,0,0
487.877,394.028,-5.72,-1.446,290,310,0,-1,0,0
482.157,392.582,-5.72,-1.446,290,305,0,-1,0,0
476.437,391.136,-5.72,-1.446,290,300,0,-1,0,0
470.717,389.69,-5.72,-1.446,290,295,0,-1,0,0
464.997,388.244,-5.72,-1.446,290,290,0,-1,0,0
459.277,386.798,-5.72,-1.446,290,285,0,-1,0,0
453.557,385.352,-5.72,-1.446,290,280,0,-1,0,0
447.836,383.906,-5.72,-1.446,290,275,0,-1,0,0
442.116,382.46,-5.72,-1.446,290,270,0,-1,0,0
436.396,381.014,-5.72,-1.446,290,265,0,-1,0,0
430.676,379.568,-5.72,-1.446,290,260,0,-1,0,0
424.956,378.122,-5.72,-1.446,290,255,0,-1,0,0
419.236,376.676,-5.72,-1.446,290,255,0,0,0,0
413.516,375.23,-5.72,-1.446,290,255,0,0,0,0
407.796,373.784,-5.72,-1.446,290,255,0,0,0,0
402.076,372.338,-5.72,-1.446,290,255,0,0,0,0
396.356,370.892,-5.72,-1.446,290,255,0,0,0,0
390.636,369.446,-5.72,-1.446,290,255,0,0,0,0
384.916,368.0,-5.72,-1.446,290,255,0,0,0,0
379.196,366.554,-5.72,-1.446,290,255,0,0,0,0
373.476,365.108,-5.72,-1.446,290,255,0,0,0,0
367.756,363.662,-5.72,-1.446,290,255,0,0,0,0
362.035,362.216,-5.72,-1.446,290,255,0,0,0,0
356.315,360.77,-5.72,-1.446,290,255,0,0,0,0
350.595,359.324,-5.72,-1.446,290,255,0,0,0,0
344.875,357.878,-5.72,-1.446,290,255,0,0,0,0
339.155,356.432,-5.72,-1.446,290,255,0,0,0,0
333.435,354.986,-5.72,-1.446,290,255,0,0,0,0
327.715,353.54,-5.72,-1.446,290,255,0,0,0,0
321.995,352.094,-5.72,-1.446,290,255,0,0,0,0
316.275,350.648,-5.72,-1.446,290,255,0,0,0,0
310.555,349.202,-5.72,-1.446,290,255,0,0,0,0
304.835,347.756,-5.72,-1.446,290,255,0,0,0,0
299.115,346.31,-5.72,-1.446,290,255,0,0,0,0
293.395,344.864,-5.72,-1.446,290,255,0,0,0,0
287.675,343.419,-5.72,-1.446,290,255,0,0,0,0
281.955,341.973,-5.72,-1.446,290,255,0,0,0,0
276.234,340.527,-5.72,-1.446,285,255,-1,0,0,0
270.514,339.081,-5.72,-1.446,280,255,-1,0,0,0
264.794,337.635,-5.72,-1.446,275,255,-1,0,0,0
259.074,336.189,-5.72,-1.446,270,255,-1,0,0,0
253.354,334.743,-5.72,-1.446,265,255,-1,0,0,0
247.634,333.297,-5.72,-1.446,260,255,-1,0,0,0
241.914,331.851,-5.72,-1.446,255,255,-1,0,0,0
236.194,330.405,-5.72,-1.446,250,255,-1,0,0,0
230.474,328.959,-5.72,-1.446,245,255,-1,0,0,0
224.754,327.513,-5.72,-1.446,240,255,-1,0,0,0
219.034,326.067,-5.72,-1.446,235,255,-1,0,0,0
213.314,324.621,-5.72,-1.446,235,255,0,0,0,0
207.594,323.175,-5.72,-1.446,235,255,0,0,0,0
201.874,321.729,-5.72,-1.446,235,255,0,0,0,0
196.154,320.283,-5.72,-1.446,235,255,0,0,0,0
190.433,318.837,-5.72,-1.446,235,255,0,0,0,0
184.713,317.391,-5.72,-1.446,235,255,0,0,0,0
178.993,315.945,-5.72,-1.446,235,255,0,0,0,0
173.273,314.499,-5.72,-1.446,235,255,0,0,0,0
167.553,313.053,-5.72,-1.446,235,255,0,0,0,0
161.833,311.607,-5.72,-1.446,235,255,0,0,0,0
156.113,310.161,-5.72,-1.446,235,255,0,0,0,0
150.393,308.715,-5.72,-1.446,235,255,0,0,0,0
144.673,307.269,-5.72,-1.446,235,255,0,0,0,0
138.953,305.823,-5.72,-1.446,235,255,0,0,0,0
133.233,304.377,-5.72,-1.446,235,255,0,0,0,0
127.513,302.931,-5.72,-1.446,235,255,0,0,0,0
121.793,301.485,-5.72,-1.446,235,255,0,0,0,0
116.073,300.039,-5.72,-1.446,235,255,0,0,0,0
110.353,298.593,-5.72,-1.446,235,255,0,0,0,0
104.632,297.147,-5.72,-1.446,235,255,0,0,0,0
98.912,295.701,-5.72,-1.446,235,255,0,0,0,0
93.192,294.255,-5.72,-1.446,235,255,0,0,0,0
87.472,292.809,-5.72,-1.446,235,255,0,0,0,0
81.752,291.364,-5.72,-1.446,235,255,0,0,0,0
76.032,289.918,-5.72,-1.446,235,255,0,0,0,0
70.312,288.472,-5.72,-1.446,235,255,0,0,0,0
64.592,287.026,-5.72,-1.446,235,255,0,0,0,0
58.872,285.58,-5.72,-1.446,235,255,0,0,0,0
53.152,284.134,-5.72,-1.446,235,255,0,0,0,0
49.0,282.688,6.075,1.239,235,255,0,0,0,0
55.075,283.927,6.075,1.239,235,255,0,0,0,0
61.15,285.167,6.075,1.239,235,255,0,0,0,0
67.225,286.406,6.075,1.239,235,255,0,0,0,0
73.299,287.645,6.075,1.239,235,255,0,0,0,0
79.374,288.885,6.075,1.239,235,255,0,0,0,0
85.449,290.124,6.075,1.239,235,255,0,0,0,0
91.524,291.364,6.075,1.239,235,255,0,0,0,0
97.599,292.603,6.075,1.239,235,255,0,0,0,0
103.674,293.843,6.075,1.239,235,260,0,1,0,0
109.749,295.082,6.075,1.239,235,265,0,1,0,0
115.823,296.321,6.075,1.239,235,270,0,1,0,0
121.898,297.561,6.075,1.239,235,275,0,1,0,0
127.973,298.8,6.075,1.239,235,280,0,1,0,0
134.048,300.04,6.075,1.239,235,285,0,1,0,0
140.123,301.279,6.075,1.239,235,290,0,1,0,0
146.198,302.518,6.075,1.239,235,295,0,1,0,0
152.272,303.758,6.075,1.239,235,300,0,1,0,0
158.347,304.997,6.075,1.239,235,305,0,1,0,0
164.422,306.237,6.075,1.239,235,310,0,1,0,0
170.497,307.476,6.075,1.239,235,315,0,1,0,0
176.572,308.716,6.075,1.239,235,320,0,1,0,0
182.647,309.955,6.075,1.239,235,325,0,1,0,0
188.722,311.194,6.075,1.239,235,330,0,1,0,0
194.796,312.434,6.075,1.239,235,335,0,1,0,0
200.871,313.673,6.075,1.239,240,340,1,1,0,0
206.946,314.913,6.075,1.239,245,345,1,1,0,0
213.021,316.152,6.075,1.239,250,350,1,1,0,0
219.096,317.392,6.075,1.239,255,355,1,1,0,0
225.171,318.631,6.075,1.239,260,360,1,1,0,0
231.246,319.87,6.075,1.239,265,365,1,1,0,0
237.32,321.11,6.075,1.239,270,370,1,1,0,0
243.395,322.349,6.075,1.239,275,375,1,1,0,0
249.47,323.589,6.075,1.239,280,380,1,1,0,0
255.545,324.828,6.075,1.239,285,385,1,1,0,0
261.62,326.068,6.075,1.239,290,390,1,1,0,0
267.695,327.307,6.075,1.239,295,395,1,1,0,0
273.77,328.546,6.075,1.239,300,400,1,1,0,0
279.844,329.786,6.075,1.239,305,405,1,1,0,0
285.919,331.025,6.075,1.239,310,410,1,1,0,0
291.994,332.265,6.075,1.239,315,415,1,1,0,0
298.069,333.504,6.075,1.239,315,420,0,1,0,0
304.144,334.744,6.075,1.239,315,425,0,1,0,0
310.219,335.983,6.075,1.239,315,425,0,0,0,0
316.293,337.222,6.075,1.239,315,425,0,0,0,0
322.368,338.462,6.075,1.239,315,425,0,0,0,0
328.443,339.701,6.075,1.239,315,425,0,0,0,0
334.518,340.941,6.075,1.239,315,425,0,0,0,0
340.593,342.18,6.075,1.239,315,425,0,0,0,0
346.668,343.419,6.075,1.239,315,425,0,0,0,0
352.743,344.659,6.075,1.239,315,425,0,0,0,0
358.817,345.898,6.075,1.239,315,425,0,0,0,0
364.892,347.138,6.075,1.239,315,425,0,0,0,0
370.967,348.377,6.075,1.239,315,425,0,0,0,0
377.042,349.617,6.075,1.239,315,420,0,-1,0,0
383.117,350.856,6.075,1.239,315,415,0,-1,0,0
389.192,352.095,6.075,1.239,315,410,0,-1,0,0
395.267,353.335,6.075,1.239,315,405,0,-1,0,0
401.341,354.574,6.075,1.239,315,400,0,-1,0,0
407.416,355.814,6.075,1.239,315,395,0,-1,0,0
413.491,357.053,6.075,1.239,315,390,0,-1,0,0
419.566,358.293,6.075,1.239,315,385,0,-1,0,0
425.641,359.532,6.075,1.239,315,380,0,-1,0,0
431.716,360.771,6.075,1.239,315,375,0,-1,0,0
437.791,362.011,6.075,1.239,315,370,0,-1,0,0
443.865,363.25,6.075,1.239,315,365,0,-1,0,0
449.94,364.49,6.075,1.239,315,360,0,-1,0,0
456.015,365.729,6.075,1.239,315,355,0,-1,0,0
462.09,366.969,6.075,1.239,315,350,0,-1,0,0
468.165,368.208,6.075,1.239,315,350,0,0,0,0
474.24,369.447,6.075,1.239,315,350,0,0,0,0
480.314,370.687,6.075,1.239,315,350,0,0,0,0
486.389,371.926,6.075,1.239,315,350,0,0,0,0
492.464,373.166,6.075,1.239,315,350,0,0,0,0
498.539,374.405,6.075,1.239,315,350,0,0,0,0
504.614,375.645,6.075,1.239,315,350,0,0,0,0
510.689,376.884,6.075,1.239,315,350,0,0,0,0
516.764,378.123,6.075,1.239,315,350,0,0,0,0
522.838,379.363,6.075,1.239,315,350,0,0,0,0
528.913,380.602,6.075,1.239,315,350,0,0,0,0
534.988,381.842,6.075,1.239,315,350,0,0,0,0
541.063,383.081,6.075,1.239,315,350,0,0,0,0
547.138,384.32,6.075,1.239,315,350,0,0,0,0
553.213,385.56,6.075,1.239,315,350,0,0,0,0
559.288,386.799,6.075,1.239,315,350,0,0,0,0
565.362,388.039,6.075,1.239,315,350,0,0,0,0
571.437,389.278,6.075,1.239,315,355,0,1,0,0
577.512,390.518,6.075,1.239,315,360,0,1,0,0
583.587,391.757,6.075,1.239,315,365,0,1,0,0
589.662,392.996,6.075,1.239,315,370,0,1,0,0
595.737,394.236,6.075,1.239,315,375,0,1,0,0
601.812,395.475,6.075,1.239,315,380,0,1,0,0
607.886,396.715,6.075,1.239,315,380,0,0,0,0
613.961,397.954,6.075,1.239,315,380,0,0,0,0
620.036,399.194,6.075,1.239,315,380,0,0,0,0
626.111,400.433,6.075,1.239,315,380,0,0,0,0
632.186,401.672,6.075,1.239,315,380,0,0,0,0
638.261,402.912,6.075,1.239,315,380,0,0,0,0
644.336,404.151,6.075,1.239,315,380,0,0,0,0
650.41,405.391,6.075,1.239,315,380,0,0,0,0
656.485,406.63,6.075,1.239,315,380,0,0,0,0
662.56,407.87,6.075,1.239,315,380,0,0,0,0
668.635,409.109,6.075,1.239,315,380,0,0,0,0
674.71,410.348,6.075,1.239,315,380,0,0,0,0
680.785,411.588,6.075,1.239,315,380,0,0,0,0
686.859,412.827,6.075,1.239,315,380,0,0,0,0
692.934,414.067,6.075,1.239,315,380,0,0,0,0
699.009,415.306,6.075,1.239,315,380,0,0,0,0
705.084,416.546,6.075,1.239,315,380,0,0,0,0
711.159,417.785,6.075,1.239,315,380,0,0,0,0
717.234,419.024,6.075,1.239,315,380,0,0,0,0
723.309,420.264,6.075,1.239,315,380,0,0,0,0
729.383,421.503,6.075,1.239,315,380,0,0,0,0
735.458,422.743,6.075,1.239,315,380,0,0,0,0
741.533,423.982,6.075,1.239,315,380,0,0,0,0
747.608,425.221,6.075,1.239,315,380,0,0,0,0
751.0,426.461,-6.407,1.094,315,380,0,0,0,0
744.593,427.555,-6.407,1.094,315,380,0,0,0,0
738.186,428.649,-6.407,1.094,315,380,0,0,0,0
731.778,429.744,-6.407,1.094,315,380,0,0,0,0
725.371,430.838,-6.407,1.094,315,385,0,1,0,0
718.964,431.932,-6.407,1.094,315,390,0,1,0,0
712.557,433.026,-6.407,1.094,315,395,0,1,0,0
706.149,434.12,-6.407,1.094,315,400,0,1,0,0
699.742,435.215,-6.407,1.094,315,405,0,1,0,0
693.335,436.309,-6.407,1.094,315,410,0,1,0,0
686.928,437.403,-6.407,1.094,315,415,0,1,0,0
680.52,438.497,-6.407,1.094,315,420,0,1,0,0
674.113,439.591,-6.407,1.094,315,425,0,1,0,0
667.706,440.686,-6.407,1.094,315,430,0,1,0,0
661.299,441.78,-6.407,1.094,315,435,0,1,0,0
654.891,442.874,-6.407,1.094,315,440,0,1,0,0
648.484,443.968,-6.407,1.094,315,445,0,1,0,0
642.077,445.063,-6.407,1.094,315,450,0,1,0,0
635.67,446.157,-6.407,1.094,315,455,0,1,0,0
629.262,447.251,-6.407,1.094,315,460,0,1,0,0
622.855,448.345,-6.407,1.094,315,465,0,1,0,0
616.448,449.439,-6.407,1.094,315,470,0,1,0,0
610.041,450.534,-6.407,1.094,315,475,0,1,0,0
603.634,451.628,-6.407,1.094,315,480,0,1,0,0
597.226,452.722,-6.407,1.094,315,485,0,1,0,0
590.819,453.816,-6.407,1.094,315,490,0,1,0,0
584.412,454.91,-6.407,1.094,315,495,0,1,0,0
578.005,456.005,-6.407,1.094,315,500,0,1,0,0
571.597,457.099,-6.407,1.094,315,505,0,1,0,0
565.19,458.193,-6.407,1.094,315,510,0,1,0,0
558.783,459.287,-6.407,1.094,315,515,0,1,0,0
552.376,460.381,-6.407,1.094,315,520,0,1,0,0
545.968,461.476,-6.407,1.094,315,520,0,1,0,0
539.561,462.57,-6.407,1.094,315,520,0,1,0,0
533.154,463.664,-6.407,1.094,315,520,0,0,0,0
526.747,464.758,-6.407,1.094,320,520,1,0,0,0
520.339,465.853,-6.407,1.094,325,520,1,0,0,0
513.932,466.947,-6.407,1.094,330,520,1,0,0,0
507.525,468.041,-6.407,1.094,335,520,1,0,0,0
501.118,469.135,-6.407,1.094,340,520,1,0,0,0
494.71,470.229,-6.407,1.094,345,520,1,0,0,0
488.303,471.324,-6.407,1.094,350,520,1,0,0,0
481.896,472.418,-6.407,1.094,355,520,1,0,0,0
475.489,473.512,-6.407,1.094,360,520,1,0,0,0
469.082,474.606,-6.407,1.094,365,520,1,0,0,0
462.674,475.7,-6.407,1.094,370,520,1,0,0,0
456.267,476.795,-6.407,1.094,375,520,1,0,0,0
449.86,477.889,-6.407,1.094,380,520,1,0,0,0
443.453,478.983,-6.407,1.094,385,520,1,0,0,0
437.045,480.077,-6.407,1.094,390,520,1,0,0,0
430.638,481.172,-6.407,1.094,395,520,1,0,0,0
424.231,482.266,-6.407,1.094,395,520,0,0,0,0
417.824,483.36,-6.407,1.094,395,520,0,0,0,0
411.416,484.454,-6.407,1.094,395,520,0,0,0,0
405.009,485.548,-6.407,1.094,395,520,0,0,0,0
398.602,486.643,-6.407,1.094,395,520,0,0,0,0
392.195,487.737,-6.407,1.094,395,520,0,0,0,0
385.787,488.831,-6.407,1.094,395,520,0,0,0,0
379.38,489.925,-6.407,1.094,395,520,0,0,0,0
372.973,491.019,-6.407,1.094,400,520,1,0,0,0
366.566,492.114,-6.407,1.094,405,520,1,0,0,0
360.158,493.208,-6.407,1.094,410,520,1,0,0,0
353.751,494.302,-6.407,1.094,415,520,1,0,0,0
347.344,495.396,-6.407,1.094,420,520,1,0,0,0
340.937,496.491,-6.407,1.094,425,520,1,0,0,0
334.53,497.585,-6.407,1.094,430,520,1,0,0,0
328.122,498.679,-6.407,1.094,435,520,1,0,0,0
321.715,499.773,-6.407,1.094,440,520,1,0,0,0
315.308,500.867,-6.407,1.094,445,520,1,0,0,0
308.901,501.962,-6.407,1.094,450,520,1,0,0,0
302.493,503.056,-6.407,1.094,455,520,1,0,0,0
296.086,504.15,-6.407,1.094,460,520,1,0,0,0
289.679,505.244,-6.407,1.094,465,520,1,0,0,0
283.272,506.338,-6.407,1.094,470,520,1,0,0,0
276.864,507.433,-6.407,1.094,475,520,1,0,0,0
270.457,508.527,-6.407,1.094,480,520,1,0,0,0
264.05,509.621,-6.407,1.094,480,520,0,0,0,0
257.643,510.715,-6.407,1.094,480,520,0,0,0,0
251.235,511.809,-6.407,1.094,480,520,0,0,0,0
244.828,512.904,-6.407,1.094,480,520,0,0,0,0
238.421,513.998,-6.407,1.094,480,520,0,0,0,0
232.014,515.092,-6.407,1.094,480,520,0,0,0,0
225.606,516.186,-6.407,1.094,480,520,0,0,0,0
219.199,517.281,-6.407,1.094,485,520,1,0,0,0
212.792,518.375,-6.407,1.094,490,520,1,0,0,0
206.385,519.469,-6.407,1.094,495,520,1,0,0,0
199.978,520.563,-6.407,1.094,500,520,1,0,0,0
193.57,521.657,-6.407,1.094,505,520,1,0,0,0
187.163,522.752,-6.407,1.094,510,520,1,0,0,0
180.756,523.846,-6.407,1.094,515,520,1,0,0,0
174.349,524.94,-6.407,1.094,520,520,1,0,0,0
167.941,526.034,-6.407,1.094,520,520,1,0,0,0
161.534,527.128,-6.407,1.094,520,520,1,0,0,0
155.127,528.223,-6.407,1.094,520,520,1,0,0,0
148.72,529.317,-6.407,1.094,520,520,1,0,0,0
142.312,530.411,-6.407,1.094,520,520,1,0,0,0
135.905,531.505,-6.407,1.094,520,520,1,0,0,0
129.498,532.6,-6.407,1.094,520,520,1,0,0,0
123.091,533.694,-6.407,1.094,520,520,1,0,0,0
116.683,534.788,-6.407,1.094,520,520,1,0,0,0
110.276,535.882,-6.407,1.094,520,520,1,0,0,0
103.869,536.976,-6.407,1.094,520,520,1,0,0,0
97.462,538.071,-6.407,1.094,520,520,1,0,0,0
91.054,539.165,-6.407,1.094,520,520,1,0,0,0
84.647,540.259,-6.407,1.094,520,520,0,0,0,0
78.24,541.353,-6.407,1.094,520,520,0,0,0,0
71.833,542.447,-6.407,1.094,520,520,0,0,0,0
65.426,543.542,-6.407,1.094,520,520,0,0,0,0
59.018,544.636,-6.407,1.094,520,520,0,0,0,0
52.611,545.73,-6.407,1.094,520,520,0,0,0,0
49.0,546.824,6.399,-2.299,520,520,0,0,0,0
55.399,544.525,6.399,-2.299,520,520,0,0,0,0
61.799,542.226,6.399,-2.299,520,520,0,0,0,0
68.198,539.926,6.399,-2.299,520,520,0,0,0,0
74.598,537.627,6.399,-2.299,520,520,0,0,0,0
80.997,535.328,6.399,-2.299,520,520,0,0,0,0
87.397,533.028,6.399,-2.299,520,520,0,0,0,0
93.796,530.729,6.399,-2.299,520,520,0,0,0,0
100.196,528.43,6.399,-2.299,520,515,0,-1,0,0
106.595,526.13,6.399,-2.299,520,510,0,-1,0,0
112.995,523.831,6.399,-2.299,520,505,0,-1,0,0
119.394,521.531,6.399,-2.299,520,500,0,-1,0,0
125.793,519.232,6.399,-2.299,520,495,0,-1,0,0
132.193,516.933,6.399,-2.299,520,490,0,-1,0,0
138.592,514.633,6.399,-2.299,520,485,0,-1,0,0
144.992,512.334,6.399,-2.299,520,480,0,-1,0,0
151.391,510.035,6.399,-2.299,520,475,0,-1,0,0
157.791,507.735,6.399,-2.299,520,470,0,-1,0,0
164.19,505.436,6.399,-2.299,520,465,0,-1,0,0
170.59,503.137,6.399,-2.299,520,460,0,-1,0,0
176.989,500.837,6.399,-2.299,520,455,0,-1,0,0
183.389,498.538,6.399,-2.299,520,450,0,-1,0,0
189.788,496.239,6.399,-2.299,520,445,0,-1,0,0
196.187,493.939,6.399,-2.299,520,440,0,-1,0,0
202.587,491.64,6.399,-2.299,520,435,0,-1,0,0
208.986,489.341,6.399,-2.299,520,430,0,-1,0,0
215.386,487.041,6.399,-2.299,520,425,0,-1,0,0
221.785,484.742,6.399,-2.299,520,420,0,-1,0,0
228.185,482.443,6.399,-2.299,520,415,0,-1,0,0
234.584,480.143,6.399,-2.299,515,410,-1,-1,0,0
240.984,477.844,6.399,-2.299,510,405,-1,-1,0,0
247.383,475.545,6.399,-2.299,505,400,-1,-1,0,0
253.782,473.245,6.399,-2.299,500,395,-1,-1,0,0
260.182,470.946,6.399,-2.299,495,390,-1,-1,0,0
266.581,468.646,6.399,-2.299,490,385,-1,-1,0,0
272.981,466.347,6.399,-2.299,485,380,-1,-1,0,0
279.38,464.048,6.399,-2.299,480,375,-1,-1,0,0
285.78,461.748,6.399,-2.299,475,370,-1,-1,0,0
292.179,459.449,6.399,-2.299,470,365,-1,-1,0,0
298.579,457.15,6.399,-2.299,465,360,-1,-1,0,0
304.978,454.85,6.399,-2.299,460,355,-1,-1,0,0
311.378,452.551,6.399,-2.299,455,350,-1,-1,0,0
317.777,450.252,6.399,-2.299,455,345,0,-1,0,0
324.176,447.952,6.399,-2.299,455,340,0,-1,0,0
330.576,445.653,6.399,-2.299,455,340,0,0,0,0
336.975,443.354,6.399,-2.299,455,340,0,0,0,0
343.375,441.054,6.399,-2.299,455,340,0,0,0,0
349.774,438.755,6.399,-2.299,455,340,0,0,0,0
356.174,436.456,6.399,-2.299,455,340,0,0,0,0
362.573,434.156,6.399,-2.299,455,340,0,0,0,0
368.973,431.857,6.399,-2.299,455,340,0,0,0,0
375.372,429.558,6.399,-2.299,455,340,0,0,0,0
381.772,427.258,6.399,-2.299,450,340,-1,0,0,0
388.171,424.959,6.399,-2.299,445,340,-1,0,0,0
394.57,422.659,6.399,-2.299,440,340,-1,0,0,0
400.97,420.36,6.399,-2.299,435,340,-1,0,0,0
407.369,418.061,6.399,-2.299,430,340,-1,0,0,0
413.769,415.761,6.399,-2.299,425,340,-1,0,0,0
420.168,413.462,6.399,-2.299,420,340,-1,0,0,0
426.568,411.163,6.399,-2.299,415,340,-1,0,0,0
432.967,408.863,6.399,-2.299,410,340,-1,0,0,0
439.367,406.564,6.399,-2.299,405,340,-1,0,0,0
445.766,404.265,6.399,-2.299,400,340,-1,0,0,0
452.166,401.965,6.399,-2.299,400,340,0,0,0,0
458.565,399.666,6.399,-2.299,400,340,0,0,0,0
464.964,397.367,6.399,-2.299,400,340,0,0,0,0
471.364,395.067,6.399,-2.299,400,340,0,0,0,0
477.763,392.768,6.399,-2.299,400,340,0,0,0,0
484.163,390.469,6.399,-2.299,400,340,0,0,0,0
490.562,388.169,6.399,-2.299,400,340,0,0,0,0
496.962,385.87,6.399,-2.299,400,340,0,0,0,0
503.361,383.571,6.399,-2.299,400,340,0,0,0,0
509.761,381.271,6.399,-2.299,400,340,0,0,0,0
516.16,378.972,6.399,-2.299,400,340,0,0,0,0
522.56,376.673,6.399,-2.299,400,340,0,0,0,0
528.959,374.373,6.399,-2.299,400,340,0,0,0,0
535.358,372.074,6.399,-2.299,400,340,0,0,0,0
541.758,369.774,6.399,-2.299,400,340,0,0,0,0
548.157,367.475,6.399,-2.299,400,340,0,0,0,0
554.557,365.176,6.399,-2.299,400,335,0,-1,0,0
560.956,362.876,6.399,-2.299,400,330,0,-1,0,0
567.356,360.577,6.399,-2.299,400,325,0,-1,0,0
573.755,358.278,6.399,-2.299,400,320,0,-1,0,0
580.155,355.978,6.399,-2.299,400,315,0,-1,0,0
586.554,353.679,6.399,-2.299,400,310,0,-1,0,0
592.954,351.38,6.399,-2.299,400,305,0,-1,0,0
599.353,349.08,6.399,-2.299,400,300,0,-1,0,0
605.752,346.781,6.399,-2.299,400,295,0,-1,0,0
612.152,344.482,6.399,-2.299,400,290,0,-1,0,0
618.551,342.182,6.399,-2.299,400,285,0,-1,0,0
624.951,339.883,6.399,-2.299,400,280,0,-1,0,0
631.35,337.584,6.399,-2.299,400,275,0,-1,0,0
637.75,335.284,6.399,-2.299,400,275,0,0,0,0
644.149,332.985,6.399,-2.299,400,275,0,0,0,0
650.549,330.686,6.399,-2.299,400,275,0,0,0,0
656.948,328.386,6.399,-2.299,400,275,0,0,0,0
663.347,326.087,6.399,-2.299,400,275,0,0,0,0
669.747,323.788,6.399,-2.299,400,275,0,0,0,0
676.146,321.488,6.399,-2.299,400,275,0,0,0,0
682.546,319.189,6.399,-2.299,400,275,0,0,0,0
688.945,316.889,6.399,-2.299,400,275,0,0,0,0
695.345,314.59,6.399,-2.299,400,275,0,0,0,0
701.744,312.291,6.399,-2.299,400,275,0,0,0,0
708.144,309.991,6.399,-2.299,400,275,0,0,0,0
714.543,307.692,6.399,-2.299,400,275,0,0,0,0
720.943,305.393,6.399,-2.299,400,275,0,0,0,0
727.342,303.093,6.399,-2.299,400,275,0,0,0,0
733.741,300.794,6.399,-2.299,400,275,0,0,0,0
740.141,298.495,6.399,-2.299,400,275,0,0,0,0
746.54,296.195,6.399,-2.299,400,275,0,0,0,0
752.94,293.896,6.399,-2.299,400,275,0,0,0,0
751.0,291.597,-5.809,-4.083,400,275,0,0,0,0
745.191,287.514,-5.809,-4.083,400,275,0,0,0,0
739.383,283.431,-5.809,-4.083,400,275,0,0,0,0
733.574,279.348,-5.809,-4.083,400,275,0,0,0,0
727.766,275.264,-5.809,-4.083,400,275,0,0,0,0
721.957,271.181,-5.809,-4.083,400,275,0,0,0,0
716.149,267.098,-5.809,-4.083,400,275,0,0,0,0
710.34,263.015,-5.809,-4.083,400,275,0,0,0,0
704.532,258.932,-5.809,-4.083,400,270,0,-1,0,0
698.723,254.849,-5.809,-4.083,400,265,0,-1,0,0
692.915,250.766,-5.809,-4.083,400,260,0,-1,0,0
687.106,246.683,-5.809,-4.083,400,255,0,-1,0,0
681.298,242.6,-5.809,-4.083,400,250,0,-1,0,0
675.489,238.517,-5.809,-4.083,400,245,0,-1,0,0
669.681,234.434,-5.809,-4.083,400,240,0,-1,0,0
663.872,230.351,-5.809,-4.083,400,235,0,-1,0,0
658.064,226.268,-5.809,-4.083,400,230,0,-1,0,0
652.255,222.185,-5.809,-4.083,400,225,0,-1,0,0
646.447,218.102,-5.809,-4.083,400,220,0,-1,0,0
640.638,214.019,-5.809,-4.083,400,215,0,-1,0,0
634.83,209.936,-5.809,-4.083,400,210,0,-1,0,0
629.021,205.853,-5.809,-4.083,405,205,1,-1,0,0
623.213,201.77,-5.809,-4.083,410,200,1,-1,0,0
617.404,197.687,-5.809,-4.083,415,195,1,-1,0,0
611.596,193.604,-5.809,-4.083,420,190,1,-1,0,0
605.787,189.52,-5.809,-4.083,425,185,1,-1,0,0
599.979,185.437,-5.809,-4.083,430,180,1,-1,0,0
594.17,181.354,-5.809,-4.083,435,175,1,-1,0,0
588.362,177.271,-5.809,-4.083,435,170,0,-1,0,0
582.553,173.188,-5.809,-4.083,435,165,0,-1,0,0
576.745,169.105,-5.809,-4.083,435,160,0,-1,0,0
570.936,165.022,-5.809,-4.083,435,155,0,-1,0,0
565.128,160.939,-5.809,-4.083,435,150,0,-1,0,0
559.319,156.856,-5.809,-4.083,435,145,0,-1,0,0
553.511,152.773,-5.809,-4.083,430,140,-1,-1,0,0
547.702,148.69,-5.809,-4.083,425,135,-1,-1,0,0
541.894,144.607,-5.809,-4.083,420,130,-1,-1,0,0
536.085,140.524,-5.809,-4.083,415,125,-1,-1,0,0
530.277,136.441,-5.809,-4.083,410,120,-1,-1,0,0
524.468,132.358,-5.809,-4.083,405,115,-1,-1,0,0
518.66,128.275,-5.809,-4.083,400,110,-1,-1,0,0
512.851,124.192,-5.809,-4.083,395,105,-1,-1,0,0
507.043,120.109,-5.809,-4.083,390,100,-1,-1,0,0
501.234,116.026,-5.809,-4.083,385,95,-1,-1,0,0
495.426,111.943,-5.809,-4.083,380,90,-1,-1,0,0
489.617,107.86,-5.809,-4.083,375,85,-1,-1,0,0
483.809,103.776,-5.809,-4.083,370,80,-1,-1,0,0
478.0,99.693,-5.809,-4.083,365,75,-1,-1,0,0
472.192,95.61,-5.809,-4.083,360,70,-1,-1,0,0
466.383,91.527,-5.809,-4.083,355,65,-1,-1,0,0
460.575,87.444,-5.809,-4.083,350,60,-1,-1,0,0
454.766,83.361,-5.809,-4.083,345,55,-1,-1,0,0
448.958,79.278,-5.809,-4.083,340,50,-1,-1,0,0
443.149,75.195,-5.809,-4.083,335,45,-1,-1,0,0
437.341,71.112,-5.809,-4.083,330,40,-1,-1,0,0
431.532,67.029,-5.809,-4.083,325,35,-1,-1,0,0
425.724,62.946,-5.809,-4.083,320,30,-1,-1,0,0
419.915,58.863,-5.809,-4.083,315,25,-1,-1,0,0
414.107,54.78,-5.809,-4.083,310,20,-1,-1,0,0
408.298,50.697,-5.809,-4.083,305,15,-1,-1,0,0
402.49,46.614,-5.809,-4.083,300,10,-1,-1,0,0
396.681,42.531,-5.809,-4.083,295,5,-1,-1,0,0
390.873,38.448,-5.809,-4.083,290,0,-1,-1,0,0
385.064,34.365,-5.809,-4.083,285,0,-1,-1,0,0
379.256,30.282,-5.809,-4.083,280,0,-1,-1,0,0
373.447,26.199,-5.809,-4.083,275,0,-1,-1,0,0
367.639,22.116,-5.809,-4.083,270,0,-1,-1,0,0
361.83,18.033,-5.809,-4.083,265,0,-1,-1,0,0
356.022,13.949,-5.809,-4.083,260,0,-1,-1,0,0
350.213,9.866,-5.809,-4.083,255,0,-1,-1,0,0
344.405,6.0,-5.809,4.083,250,0,-1,-1,0,0
338.596,10.083,-5.809,4.083,245,0,-1,-1,0,0
332.788,14.166,-5.809,4.083,240,0,-1,-1,0,0
326.979,18.249,-5.809,4.083,235,0,-1,-1,0,0
321.171,22.332,-5.809,4.083,230,0,-1,-1,0,0
315.362,26.415,-5.809,4.083,225,0,-1,-1,0,0
309.554,30.498,-5.809,4.083,220,0,-1,-1,0,0
303.745,34.581,-5.809,4.083,215,0,-1,-1,0,0
297.937,38.664,-5.809,4.083,210,0,-1,-1,0,0
292.128,42.747,-5.809,4.083,205,0,-1,-1,0,0
286.32,46.83,-5.809,4.083,200,0,-1,-1,0,0
280.511,50.914,-5.809,4.083,195,0,-1,-1,0,0
274.703,54.997,-5.809,4.083,190,0,-1,-1,0,0
268.894,59.08,-5.809,4.083,185,0,-1,-1,0,0
263.086,63.163,-5.809,4.083,180,0,-1,-1,0,0
257.277,67.246,-5.809,4.083,175,0,-1,-1,0,0
251.469,71.329,-5.809,4.083,175,0,0,-1,0,0
245.66,75.412,-5.809,4.083,175,0,0,-1,0,0
239.852,79.495,-5.809,4.083,175,0,0,-1,0,0
234.043,83.578,-5.809,4.083,175,0,0,-1,0,0
228.235,87.661,-5.809,4.083,175,0,0,-1,0,0
222.426,91.744,-5.809,4.083,175,0,0,-1,0,0
216.618,95.827,-5.809,4.083,175,0,0,-1,0,0
210.809,99.91,-5.809,4.083,175,0,0,-1,0,0
205.001,103.993,-5.809,4.083,175,0,0,0,0,0
199.192,108.076,-5.809,4.083,175,0,0,0,0,0
193.384,112.159,-5.809,4.083,175,0,0,0,0,0
187.575,116.242,-5.809,4.083,175,0,0,0,0,0
181.767,120.325,-5.809,4.083,175,0,0,0,0,0
175.958,124.408,-5.809,4.083,175,0,0,0,0,0
170.15,128.491,-5.809,4.083,175,0,0,0,0,0
164.341,132.574,-5.809,4.083,175,0,0,0,0,0
158.533,136.657,-5.809,4.083,175,0,0,0,0,0
152.724,140.741,-5.809,4.083,175,0,0,0,0,0
146.915,144.824,-5.809,4.083,175,0,0,0,0,0
141.107,148.907,-5.809,4.083,175,0,0,0,0,0
135.298,152.99,-5.809,4.083,175,0,0,0,0,0
129.49,157.073,-5.809,4.083,175,0,0,0,0,0
123.681,161.156,-5.809,4.083,175,0,0,0,0,0
117.873,165.239,-5.809,4.083,175,0,0,0,0,0
112.064,169.322,-5.809,4.083,175,5,0,1,0,0
106.256,173.405,-5.809,4.083,175,10,0,1,0,0
100.447,177.488,-5.809,4.083,175,15,0,1,0,0
94.639,181.571,-5.809,4.083,175,20,0,1,0,0
88.83,185.654,-5.809,4.083,175,25,0,1,0,0
83.022,189.737,-5.809,4.083,175,30,0,1,0,0
77.213,193.82,-5.809,4.083,175,35,0,1,0,0
71.405,197.903,-5.809,4.083,180,40,1,1,0,0
65.596,201.986,-5.809,4.083,185,45,1,1,0,0
59.788,206.069,-5.809,4.083,190,50,1,1,0,0
53.979,210.152,-5.809,4.083,195,50,1,0,0,0
48.171,214.235,-5.809,4.083,200,50,1,0,0,0
49.0,218.318,5.667,-4.759,205,50,1,0,0,0
54.667,213.56,5.667,-4.759,210,50,1,0,0,0
60.334,208.801,5.667,-4.759,215,50,1,0,0,0
66.001,204.042,5.667,-4.759,220,50,1,0,0,0
71.667,199.283,5.667,-4.759,225,50,1,0,0,0
77.334,194.524,5.667,-4.759,230,50,1,0,0,0
83.001,189.765,5.667,-4.759,235,50,1,0,0,0
88.668,185.007,5.667,-4.759,240,50,1,0,0,0
94.335,180.248,5.667,-4.759,245,50,1,0,0,0
100.002,175.489,5.667,-4.759,250,50,1,0,0,0
105.669,170.73,5.667,-4.759,255,50,1,0,0,0
111.336,165.971,5.667,-4.759,260,55,1,1,0,0
117.002,161.212,5.667,-4.759,265,60,1,1,0,0
122.669,156.454,5.667,-4.759,270,65,1,1,0,0
128.336,151.695,5.667,-4.759,275,70,1,1,0,0
134.003,146.936,5.667,-4.759,275,75,0,1,0,0
139.67,142.177,5.667,-4.759,275,80,0,1,0,0
145.337,137.418,5.667,-4.759,275,85,0,1,0,0
151.004,132.659,5.667,-4.759,275,90,0,1,0,0
156.671,127.9,5.667,-4.759,275,95,0,1,0,0
162.337,123.142,5.667,-4.759,275,100,0,1,0,0
168.004,118.383,5.667,-4.759,275,105,0,1,0,0
173.671,113.624,5.667,-4.759,275,110,0,1,0,0
179.338,108.865,5.667,-4.759,275,115,0,1,0,0
185.005,104.106,5.667,-4.759,275,120,0,1,0,0
190.672,99.347,5.667,-4.759,275,125,0,1,0,0
196.339,94.589,5.667,-4.759,275,130,0,1,0,0
202.006,89.83,5.667,-4.759,275,135,0,1,0,0
207.672,85.071,5.667,-4.759,275,140,0,1,0,0
213.339,80.312,5.667,-4.759,275,145,0,1,0,0
219.006,75.553,5.667,-4.759,275,150,0,1,0,0
224.673,70.794,5.667,-4.759,275,155,0,1,0,0
230.34,66.036,5.667,-4.759,275,160,0,1,0,0
236.007,61.277,5.667,-4.759,275,165,0,1,0,0
241.674,56.518,5.667,-4.759,275,170,0,1,0,0
247.341,51.759,5.667,-4.759,275,175,0,1,0,0
253.007,47.0,5.667,-4.759,275,180,0,1,0,0
258.674,42.241,5.667,-4.759,275,185,0,1,0,0
264.341,37.483,5.667,-4.759,275,190,0,1,0,0
270.008,32.724,5.667,-4.759,275,195,0,1,0,0
275.675,27.965,5.667,-4.759,275,200,0,1,0,0
281.342,23.206,5.667,-4.759,275,205,0,1,0,0
287.009,18.447,5.667,-4.759,275,210,0,1,0,0
292.676,13.688,5.667,-4.759,275,215,0,1,0,0
298.342,8.93,5.667,-4.759,270,220,-1,1,0,0
304.009,6.0,5.667,4.759,265,225,-1,1,0,0
309.676,10.759,5.667,4.759,260,230,-1,1,0,0
315.343,15.518,5.667,4.759,255,235,-1,1,0,0
321.01,20.277,5.667,4.759,250,240,-1,1,0,0
326.677,25.035,5.667,4.759,245,245,-1,1,0,0
332.344,29.794,5.667,4.759,240,250,-1,1,0,0
338.011,34.553,5.667,4.759,235,255,-1,1,0,0
343.677,39.312,5.667,4.759,230,260,-1,1,0,0
349.344,44.071,5.667,4.759,225,265,-1,1,0,0
355.011,48.83,5.667,4.759,220,270,-1,1,0,0
360.678,53.588,5.667,4.759,215,275,-1,1,0,0
366.345,58.347,5.667,4.759,215,280,0,1,0,0
372.012,63.106,5.667,4.759,215,285,0,1,0,0
377.679,67.865,5.667,4.759,215,290,0,1,0,0
383.346,72.624,5.667,4.759,215,295,0,1,0,0
389.012,77.383,5.667,4.759,215,300,0,1,0,0
394.679,82.141,5.667,4.759,215,305,0,1,0,0
400.346,86.9,5.667,4.759,215,310,0,1,0,0
406.013,91.659,5.667,4.759,215,315,0,1,0,0
411.68,96.418,5.667,4.759,215,320,0,1,0,0
417.347,101.177,5.667,4.759,215,325,0,1,0,0
423.014,105.936,5.667,4.759,215,330,0,1,0,0
428.68,110.694,5.667,4.759,215,335,0,1,0,0
434.347,115.453,5.667,4.759,215,340,0,1,0,0
440.014,120.212,5.667,4.759,215,345,0,1,0,0
445.681,124.971,5.667,4.759,215,350,0,1,0,0
451.348,129.73,5.667,4.759,215,355,0,1,0,0
457.015,134.489,5.667,4.759,215,360,0,1,0,0
462.682,139.247,5.667,4.759,215,360,0,0,0,0
468.349,144.006,5.667,4.759,215,360,0,0,0,0
474.015,148.765,5.667,4.759,215,360,0,0,0,0
479.682,153.524,5.667,4.759,215,360,0,0,0,0
485.349,158.283,5.667,4.759,215,360,0,0,0,0
491.016,163.042,5.667,4.759,215,360,0,0,0,0
496.683,167.801,5.667,4.759,215,360,0,0,0,0
502.35,172.559,5.667,4.759,215,360,0,0,0,0
508.017,177.318,5.667,4.759,215,360,0,0,0,0
513.684,182.077,5.667,4.759,215,360,0,0,0,0
519.35,186.836,5.667,4.759,215,360,0,0,0,0
525.017,191.595,5.667,4.759,215,360,0,0,0,0
530.684,196.354,5.667,4.759,215,355,0,-1,0,0
536.351,201.112,5.667,4.759,215,350,0,-1,0,0
542.018,205.871,5.667,4.759,215,345,0,-1,0,0
547.685,210.63,5.667,4.759,215,340,0,-1,0,0
553.352,215.389,5.667,4.759,215,335,0,-1,0,0
559.019,220.148,5.667,4.759,215,330,0,-1,0,0
564.685,224.907,5.667,4.759,215,325,0,-1,0,0
570.352,229.665,5.667,4.759,215,320,0,-1,0,0
576.019,234.424,5.667,4.759,215,315,0,-1,0,0
581.686,239.183,5.667,4.759,215,310,0,-1,0,0
587.353,243.942,5.667,4.759,215,310,0,0,0,0
593.02,248.701,5.667,4.759,215,310,0,0,0,0
598.687,253.46,5.667,4.759,215,310,0,0,0,0
604.354,258.218,5.667,4.759,215,310,0,0,0,0
610.02,262.977,5.667,4.759,215,310,0,0,0,0
615.687,267.736,5.667,4.759,215,310,0,0,0,0
621.354,272.495,5.667,4.759,215,310,0,0,0,0
627.021,277.254,5.667,4.759,215,310,0,0,0,0
632.688,282.013,5.667,4.759,215,310,0,0,0,0
638.355,286.772,5.667,4.759,215,310,0,0,0,0
644.022,291.53,5.667,4.759,215,310,0,0,0,0
649.689,296.289,5.667,4.759,215,310,0,0,0,0
655.355,301.048,5.667,4.759,215,310,0,0,0,0
661.022,305.807,5.667,4.759,215,310,0,0,0,0
666.689,310.566,5.667,4.759,215,310,0,0,0,0
672.356,315.325,5.667,4.759,215,310,0,0,0,0
678.023,320.083,5.667,4.759,215,310,0,0,0,0
683.69,324.842,5.667,4.759,215,310,0,0,0,0
689.357,329.601,5.667,4.759,215,310,0,0,0,0
695.024,334.36,5.667,4.759,215,310,0,0,0,0
700.69,339.119,5.667,4.759,215,310,0,0,0,0
706.357,343.878,5.667,4.759,215,310,0,0,0,0
712.024,348.636,5.667,4.759,215,310,0,0,0,0
717.691,353.395,5.667,4.759,215,315,0,1,0,0
723.358,358.154,5.667,4.759,215,320,0,1,0,0
729.025,362.913,5.667,4.759,215,325,0,1,0,0
734.692,367.672,5.667,4.759,215,330,0,1,0,0
740.359,372.431,5.667,4.759,215,335,0,1,0,0
746.025,377.189,5.667,4.759,215,340,0,1,0,0
751.692,381.948,5.667,4.759,215,345,0,1,0,0
751.0,386.707,-7.671,-0.663,215,350,0,1,0,0
743.329,386.044,-7.671,-0.663,220,355,1,1,0,0
735.657,385.381,-7.671,-0.663,225,360,1,1,0,0
727.986,384.718,-7.671,-0.663,230,365,1,1,0,0
720.314,384.055,-7.671,-0.663,235,370,1,1,0,0
712.643,383.392,-7.671,-0.663,240,375,1,1,0,0
704.972,382.729,-7.671,-0.663,245,380,1,1,0,0
697.3,382.066,-7.671,-0.663,250,385,1,1,0,0
689.629,381.403,-7.671,-0.663,255,390,1,1,0,0
681.957,380.74,-7.671,-0.663,260,395,1,1,0,0
674.286,380.077,-7.671,-0.663,265,400,1,1,0,0
666.615,379.414,-7.671,-0.663,270,405,1,1,0,0
658.943,378.751,-7.671,-0.663,275,410,1,1,0,0
651.272,378.088,-7.671,-0.663,280,415,1,1,0,0
643.6,377.426,-7.671,-0.663,280,420,0,1,0,0
635.929,376.763,-7.671,-0.663,280,425,0,1,0,0
628.258,376.1,-7.671,-0.663,280,430,0,1,0,0
620.586,375.437,-7.671,-0.663,280,435,0,1,0,0
612.915,374.774,-7.671,-0.663,280,435,0,0,0,0
605.243,374.111,-7.671,-0.663,280,435,0,0,0,0
597.572,373.448,-7.671,-0.663,280,435,0,0,0,0
589.9,372.785,-7.671,-0.663,280,435,0,0,0,0
582.229,372.122,-7.671,-0.663,280,435,0,0,0,0
574.558,371.459,-7.671,-0.663,280,430,0,-1,0,0
566.886,370.796,-7.671,-0.663,280,425,0,-1,0,0
559.215,370.133,-7.671,-0.663,280,420,0,-1,0,0
551.543,369.47,-7.671,-0.663,280,415,0,-1,0,0
543.872,368.807,-7.671,-0.663,280,410,0,-1,0,0
536.201,368.144,-7.671,-0.663,280,405,0,-1,0,0
528.529,367.481,-7.671,-0.663,280,400,0,-1,0,0
520.858,366.818,-7.671,-0.663,280,395,0,-1,0,0
513.186,366.155,-7.671,-0.663,280,390,0,-1,0,0
505.515,365.492,-7.671,-0.663,280,385,0,-1,0,0
497.844,364.829,-7.671,-0.663,280,380,0,-1,0,0
490.172,364.166,-7.671,-0.663,280,375,0,-1,0,0
482.501,363.503,-7.671,-0.663,280,370,0,-1,0,0
474.829,362.84,-7.671,-0.663,280,365,0,-1,0,0
467.158,362.177,-7.671,-0.663,280,360,0,-1,0,0
459.487,361.514,-7.671,-0.663,280,355,0,-1,0,0
451.815,360.851,-7.671,-0.663,280,350,0,-1,0,0
444.144,360.188,-7.671,-0.663,280,345,0,-1,0,0
436.472,359.525,-7.671,-0.663,280,340,0,-1,0,0
428.801,358.862,-7.671,-0.663,280,335,0,-1,0,0
421.13,358.199,-7.671,-0.663,280,330,0,-1,0,0
413.458,357.536,-7.671,-0.663,280,325,0,-1,0,0
405.787,356.873,-7.671,-0.663,280,320,0,-1,0,0
398.115,356.21,-7.671,-0.663,280,315,0,-1,0,0
390.444,355.547,-7.671,-0.663,280,310,0,-1,0,0
382.773,354.884,-7.671,-0.663,280,305,0,-1,0,0
375.101,354.221,-7.671,-0.663,280,300,0,-1,0,0
367.43,353.559,-7.671,-0.663,280,295,0,-1,0,0
359.758,352.896,-7.671,-0.663,280,295,0,0,0,0
352.087,352.233,-7.671,-0.663,280,295,0,0,0,0
344.415,351.57,-7.671,-0.663,280,295,0,0,0,0
336.744,350.907,-7.671,-0.663,280,295,0,0,0,0
329.073,350.244,-7.671,-0.663,280,295,0,0,0,0
321.401,349.581,-7.671,-0.663,280,295,0,0,0,0
313.73,348.918,-7.671,-0.663,280,295,0,0,0,0
306.058,348.255,-7.671,-0.663,280,295,0,0,0,0
298.387,347.592,-7.671,-0.663,280,295,0,0,0,0
290.716,346.929,-7.671,-0.663,280,295,0,0,0,0
283.044,346.266,-7.671,-0.663,285,295,1,0,0,0
275.373,345.603,-7.671,-0.663,290,295,1,0,0,0
267.701,344.94,-7.671,-0.663,295,295,1,0,0,0
260.03,344.277,-7.671,-0.663,300,295,1,0,0,0
252.359,343.614,-7.671,-0.663,300,295,0,0,0,0
244.687,342.951,-7.671,-0.663,300,295,0,0,0,0
237.016,342.288,-7.671,-0.663,300,295,0,0,0,0
229.344,341.625,-7.671,-0.663,300,295,0,0,0,0
221.673,340.962,-7.671,-0.663,300,295,0,0,0,0
214.002,340.299,-7.671,-0.663,300,295,0,0,0,0
206.33,339.636,-7.671,-0.663,300,295,0,0,0,0
198.659,338.973,-7.671,-0.663,300,295,0,0,0,0
190.987,338.31,-7.671,-0.663,300,295,0,0,0,0
183.316,337.647,-7.671,-0.663,300,295,0,0,0,0
175.645,336.984,-7.671,-0.663,300,295,0,0,0,0
167.973,336.321,-7.671,-0.663,300,295,0,0,0,0
160.302,335.658,-7.671,-0.663,300,295,0,0,0,0
152.63,334.995,-7.671,-0.663,300,295,0,0,0,0
144.959,334.332,-7.671,-0.663,300,295,0,0,0,0
137.288,333.669,-7.671,-0.663,300,295,0,0,0,0
129.616,333.006,-7.671,-0.663,300,295,0,0,0,0
121.945,332.343,-7.671,-0.663,300,295,0,0,0,0
114.273,331.68,-7.671,-0.663,300,295,0,0,0,0
106.602,331.017,-7.671,-0.663,300,295,0,0,0,0
98.931,330.354,-7.671,-0.663,300,295,0,0,0,0
91.259,329.692,-7.671,-0.663,300,295,0,0,0,0
83.588,329.029,-7.671,-0.663,300,295,0,0,0,0
75.916,328.366,-7.671,-0.663,300,295,0,0,0,0
68.245,327.703,-7.671,-0.663,300,295,0,0,0,0
60.573,327.04,-7.671,-0.663,300,295,0,0,0,0
52.902,326.377,-7.671,-0.663,300,295,0,0,0,0
49.0,325.714,7.447,-2.923,300,295,0,0,0,0
56.447,322.791,7.447,-2.923,300,295,0,0,0,0
63.894,319.868,7.447,-2.923,300,295,0,0,0,0
71.341,316.945,7.447,-2.923,300,290,0,-1,0,0
78.788,314.022,7.447,-2.923,300,285,0,-1,0,0
86.235,311.099,7.447,-2.923,300,280,0,-1,0,0
93.682,308.177,7.447,-2.923,300,275,0,-1,0,0
101.129,305.254,7.447,-2.923,300,270,0,-1,0,0
108.576,302.331,7.447,-2.923,300,265,0,-1,0,0
116.022,299.408,7.447,-2.923,300,260,0,-1,0,0
123.469,296.485,7.447,-2.923,300,255,0,-1,0,0
130.916,293.562,7.447,-2.923,300,250,0,-1,0,0
138.363,290.64,7.447,-2.923,300,245,0,-1,0,0
145.81,287.717,7.447,-2.923,300,240,0,-1,0,0
153.257,284.794,7.447,-2.923,300,235,0,-1,0,0
160.704,281.871,7.447,-2.923,300,230,0,-1,0,0
168.151,278.948,7.447,-2.923,300,225,0,-1,0,0
175.598,276.025,7.447,-2.923,300,220,0,-1,0,0
183.045,273.102,7.447,-2.923,300,215,0,-1,0,0
190.492,270.18,7.447,-2.923,300,210,0,-1,0,0
197.939,267.257,7.447,-2.923,300,205,0,-1,0,0
205.386,264.334,7.447,-2.923,300,200,0,-1,0,0
212.833,261.411,7.447,-2.923,300,195,0,-1,0,0
220.28,258.488,7.447,-2.923,300,190,0,-1,0,0
227.727,255.565,7.447,-2.923,300,185,0,-1,0,0
235.174,252.643,7.447,-2.923,300,180,0,-1,0,0
242.621,249.72,7.447,-2.923,300,175,0,-1,0,0
250.067,246.797,7.447,-2.923,300,170,0,-1,0,0
257.514,243.874,7.447,-2.923,300,165,0,-1,0,0
264.961,240.951,7.447,-2.923,300,160,0,-1,0,0
272.408,238.028,7.447,-2.923,300,155,0,-1,0,0
279.855,235.105,7.447,-2.923,300,150,0,-1,0,0
287.302,232.183,7.447,-2.923,295,145,-1,-1,0,0
294.749,229.26,7.447,-2.923,290,140,-1,-1,0,0
302.196,226.337,7.447,-2.923,285,135,-1,-1,0,0
309.643,223.414,7.447,-2.923,280,130,-1,-1,0,0
317.09,220.491,7.447,-2.923,275,125,-1,-1,0,0
324.537,217.568,7.447,-2.923,270,120,-1,-1,0,0
331.984,214.646,7.447,-2.923,265,115,-1,-1,0,0
339.431,211.723,7.447,-2.923,260,110,-1,-1,0,0
346.878,208.8,7.447,-2.923,255,105,-1,-1,0,0
354.325,205.877,7.447,-2.923,250,100,-1,-1,0,0
361.772,202.954,7.447,-2.923,245,95,-1,-1,0,0
369.219,200.031,7.447,-2.923,240,90,-1,-1,0,0
376.666,197.108,7.447,-2.923,240,85,0,-1,0,0
384.112,194.186,7.447,-2.923,240,80,0,-1,0,0
391.559,191.263,7.447,-2.923,240,75,0,-1,0,0
399.006,188.34,7.447,-2.923,240,70,0,-1,0,0
406.453,185.417,7.447,-2.923,240,65,0,-1,0,0
413.9,182.494,7.447,-2.923,240,60,0,-1,0,0
421.347,179.571,7.447,-2.923,240,55,0,-1,0,0
428.794,176.649,7.447,-2.923,240,50,0,-1,0,0
436.241,173.726,7.447,-2.923,240,45,0,-1,0,0
443.688,170.803,7.447,-2.923,240,40,0,-1,0,0
451.135,167.88,7.447,-2.923,240,40,0,0,0,0
458.582,164.957,7.447,-2.923,240,40,0,0,0,0
466.029,162.034,7.447,-2.923,240,40,0,0,0,0
473.476,159.111,7.447,-2.923,240,40,0,0,0,0
480.923,156.189,7.447,-2.923,240,40,0,0,0,0
488.37,153.266,7.447,-2.923,240,40,0,0,0,0
495.817,150.343,7.447,-2.923,240,40,0,0,0,0
503.264,147.42,7.447,-2.923,240,40,0,0,0,0
510.711,144.497,7.447,-2.923,240,40,0,0,0,0
518.157,141.574,7.447,-2.923,240,40,0,0,0,0
525.604,138.652,7.447,-2.923,240,40,0,0,0,0
533.051,135.729,7.447,-2.923,240,40,0,0,0,0
540.498,132.806,7.447,-2.923,240,40,0,0,0,0
547.945,129.883,7.447,-2.923,240,40,0,0,0,0
555.392,126.96,7.447,-2.923,240,40,0,0,0,0
562.839,124.037,7.447,-2.923,240,40,0,0,0,0
570.286,121.115,7.447,-2.923,240,40,0,0,0,0
577.733,118.192,7.447,-2.923,240,40,0,0,0,0
585.18,115.269,7.447,-2.923,240,40,0,0,0,0
592.627,112.346,7.447,-2.923,240,40,0,0,0,0
600.074,109.423,7.447,-2.923,240,40,0,0,0,0
607.521,106.5,7.447,-2.923,240,40,0,0,0,0
614.968,103.577,7.447,-2.923,240,40,0,0,0,0
622.415,100.655,7.447,-2.923,240,40,0,0,0,0
629.862,97.732,7.447,-2.923,240,40,0,0,0,0
637.309,94.809,7.447,-2.923,240,40,0,0,0,0
644.756,91.886,7.447,-2.923,240,40,0,0,0,0
652.202,88.963,7.447,-2.923,240,40,0,0,0,0
659.649,86.04,7.447,-2.923,240,40,0,0,0,0
667.096,83.118,7.447,-2.923,240,35,0,-1,0,0
674.543,80.195,7.447,-2.923,240,30,0,-1,0,0
681.99,77.272,7.447,-2.923,240,25,0,-1,0,0
689.437,74.349,7.447,-2.923,240,20,0,-1,0,0
696.884,71.426,7.447,-2.923,240,15,0,-1,0,0
704.331,68.503,7.447,-2.923,240,10,0,-1,0,0
711.778,65.58,7.447,-2.923,240,5,0,-1,0,0
719.225,62.658,7.447,-2.923,240,0,0,-1,0,0
726.672,59.735,7.447,-2.923,240,0,0,-1,0,0
734.119,56.812,7.447,-2.923,240,0,0,0,0,0
741.566,53.889,7.447,-2.923,240,0,0,0,0,0
749.013,50.966,7.447,-2.923,240,0,0,0,0,0
751.0,48.043,-8.117,1.735,240,0,0,0,0,0
742.883,49.778,-8.117,1.735,240,0,0,0,0,0
734.767,51.513,-8.117,1.735,240,0,0,0,0,0
726.65,53.248,-8.117,1.735,240,0,0,0,0,0
718.533,54.983,-8.117,1.735,240,0,0,0,0,0
710.417,56.718,-8.117,1.735,240,0,0,0,0,0
702.3,58.453,-8.117,1.735,240,0,0,0,0,0
694.183,60.188,-8.117,1.735,240,0,0,0,0,0
686.067,61.922,-8.117,1.735,240,0,0,0,0,0
677.95,63.657,-8.117,1.735,240,5,0,1,0,0
669.833,65.392,-8.117,1.735,240,10,0,1,0,0
661.717,67.127,-8.117,1.735,240,15,0,1,0,0
653.6,68.862,-8.117,1.735,240,20,0,1,0,0
645.483,70.597,-8.117,1.735,240,25,0,1,0,0
637.367,72.332,-8.117,1.735,240,30,0,1,0,0
629.25,74.067,-8.117,1.735,240,35,0,1,0,0
621.133,75.801,-8.117,1.735,240,40,0,1,0,0
613.017,77.536,-8.117,1.735,240,45,0,1,0,0
604.9,79.271,-8.117,1.735,240,50,0,1,0,0
596.783,81.006,-8.117,1.735,240,55,0,1,0,0
588.667,82.741,-8.117,1.735,240,60,0,1,0,0
580.55,84.476,-8.117,1.735,240,65,0,1,0,0
572.433,86.211,-8.117,1.735,240,70,0,1,0,0
564.317,87.946,-8.117,1.735,240,75,0,1,0,0
556.2,89.681,-8.117,1.735,240,80,0,1,0,0
548.083,91.415,-8.117,1.735,240,85,0,1,0,0
539.967,93.15,-8.117,1.735,240,90,0,1,0,0
531.85,94.885,-8.117,1.735,240,95,0,1,0,0
523.734,96.62,-8.117,1.735,240,100,0,1,0,0
515.617,98.355,-8.117,1.735,240,105,0,1,0,0
507.5,100.09,-8.117,1.735,240,110,0,1,0,0
499.384,101.825,-8.117,1.735,240,115,0,1,0,0
491.267,103.56,-8.117,1.735,240,120,0,1,0,0
483.15,105.295,-8.117,1.735,240,125,0,1,0,0
475.034,107.029,-8.117,1.735,240,130,0,1,0,0
466.917,108.764,-8.117,1.735,240,135,0,1,0,0
458.8,110.499,-8.117,1.735,235,140,-1,1,0,0
450.684,112.234,-8.117,1.735,230,145,-1,1,0,0
442.567,113.969,-8.117,1.735,225,150,-1,1,0,0
434.45,115.704,-8.117,1.735,220,155,-1,1,0,0
426.334,117.439,-8.117,1.735,215,160,-1,1,0,0
418.217,119.174,-8.117,1.735,210,165,-1,1,0,0
410.1,120.908,-8.117,1.735,205,170,-1,1,0,0
401.984,122.643,-8.117,1.735,200,175,-1,1,0,0
393.867,124.378,-8.117,1.735,195,180,-1,1,0,0
385.75,126.113,-8.117,1.735,190,185,-1,1,0,0
377.634,127.848,-8.117,1.735,185,190,-1,1,0,0
369.517,129.583,-8.117,1.735,180,195,-1,1,0,0
361.4,131.318,-8.117,1.735,175,200,-1,1,0,0
353.284,133.053,-8.117,1.735,170,205,-1,1,0,0
345.167,134.788,-8.117,1.735,165,210,-1,1,0,0
337.05,136.522,-8.117,1.735,165,215,0,1,0,0
328.934,138.257,-8.117,1.735,165,220,0,1,0,0
320.817,139.992,-8.117,1.735,165,225,0,1,0,0
312.7,141.727,-8.117,1.735,165,230,0,1,0,0
304.584,143.462,-8.117,1.735,165,235,0,1,0,0
296.467,145.197,-8.117,1.735,165,240,0,1,0,0
288.35,146.932,-8.117,1.735,165,245,0,1,0,0
280.234,148.667,-8.117,1.735,165,250,0,1,0,0
272.117,150.401,-8.117,1.735,165,255,0,1,0,0
264.0,152.136,-8.117,1.735,165,260,0,1,0,0
255.884,153.871,-8.117,1.735,165,265,0,1,0,0
247.767,155.606,-8.117,1.735,165,270,0,1,0,0
239.65,157.341,-8.117,1.735,165,275,0,1,0,0
231.534,159.076,-8.117,1.735,165,280,0,1,0,0
223.417,160.811,-8.117,1.735,165,280,0,0,0,0
215.3,162.546,-8.117,1.735,165,280,0,0,0,0
207.184,164.281,-8.117,1.735,165,280,0,0,0,0
199.067,166.015,-8.117,1.735,165,280,0,0,0,0
190.95,167.75,-8.117,1.735,165,280,0,0,0,0
182.834,169.485,-8.117,1.735,165,280,0,0,0,0
174.717,171.22,-8.117,1.735,165,280,0,0,0,0
166.6,172.955,-8.117,1.735,165,280,0,0,0,0
158.484,174.69,-8.117,1.735,165,280,0,0,0,0
150.367,176.425,-8.117,1.735,165,280,0,0,0,0
142.25,178.16,-8.117,1.735,165,280,0,0,0,0
134.134,179.894,-8.117,1.735,165,280,0,0,0,0
126.017,181.629,-8.117,1.735,165,280,0,0,0,0
117.9,183.364,-8.117,1.735,165,280,0,0,0,0
109.784,185.099,-8.117,1.735,165,280,0,0,0,0
101.667,186.834,-8.117,1.735,165,280,0,0,0,0
93.55,188.569,-8.117,1.735,165,280,0,0,0,0
85.434,190.304,-8.117,1.735,165,280,0,0,0,0
77.317,192.039,-8.117,1.735,165,280,0,0,0,0
69.201,193.774,-8.117,1.735,165,280,0,0,0,0
61.084,195.508,-8.117,1.735,165,280,0,0,0,0
52.967,197.243,-8.117,1.735,165,280,0,0,0,0
49.0,198.978,8.493,-1.35,165,280,0,0,0,0
57.493,197.628,8.493,-1.35,165,280,0,0,0,0
65.987,196.278,8.493,-1.35,165,280,0,0,0,0
74.48,194.928,8.493,-1.35,165,280,0,0,0,0
82.973,193.577,8.493,-1.35,165,280,0,0,0,0
91.467,192.227,8.493,-1.35,165,280,0,0,0,0
99.96,190.877,8.493,-1.35,165,280,0,0,0,0
108.453,189.527,8.493,-1.35,165,280,0,0,0,0
116.947,188.177,8.493,-1.35,165,280,0,0,0,0
125.44,186.827,8.493,-1.35,165,280,0,0,0,0
133.934,185.476,8.493,-1.35,165,280,0,0,0,0
142.427,184.126,8.493,-1.35,165,280,0,0,0,0
150.92,182.776,8.493,-1.35,165,280,0,0,0,0
159.414,181.426,8.493,-1.35,165,280,0,0,0,0
167.907,180.076,8.493,-1.35,165,280,0,0,0,0
176.4,178.725,8.493,-1.35,165,280,0,0,0,0
184.894,177.375,8.493,-1.35,165,280,0,0,0,0
193.387,176.025,8.493,-1.35,165,280,0,0,0,0
201.88,174.675,8.493,-1.35,165,280,0,0,0,0
210.374,173.325,8.493,-1.35,165,280,0,0,0,0
218.867,171.975,8.493,-1.35,165,275,0,-1,0,0
227.36,170.624,8.493,-1.35,165,270,0,-1,0,0
235.854,169.274,8.493,-1.35,165,265,0,-1,0,0
244.347,167.924,8.493,-1.35,165,260,0,-1,0,0
252.84,166.574,8.493,-1.35,165,255,0,-1,0,0
261.334,165.224,8.493,-1.35,165,250,0,-1,0,0
269.827,163.873,8.493,-1.35,165,245,0,-1,0,0
278.32,162.523,8.493,-1.35,165,240,0,-1,0,0
286.814,161.173,8.493,-1.35,165,235,0,-1,0,0
295.307,159.823,8.493,-1.35,165,230,0,-1,0,0
303.801,158.473,8.493,-1.35,165,225,0,-1,0,0
312.294,157.123,8.493,-1.35,165,220,0,-1,0,0
320.787,155.772,8.493,-1.35,165,215,0,-1,0,0
329.281,154.422,8.493,-1.35,165,210,0,-1,0,0
337.774,153.072,8.493,-1.35,165,205,0,-1,0,0
346.267,151.722,8.493,-1.35,165,200,0,-1,0,0
354.761,150.372,8.493,-1.35,165,195,0,-1,0,0
363.254,149.021,8.493,-1.35,170,190,1,-1,0,0
371.747,147.671,8.493,-1.35,175,185,1,-1,0,0
380.241,146.321,8.493,-1.35,180,180,1,-1,0,0
388.734,144.971,8.493,-1.35,185,175,1,-1,0,0
397.227,143.621,8.493,-1.35,190,170,1,-1,0,0
405.721,142.271,8.493,-1.35,195,165,1,-1,0,0
414.214,140.92,8.493,-1.35,200,160,1,-1,0,0
422.707,139.57,8.493,-1.35,205,155,1,-1,0,0
431.201,138.22,8.493,-1.35,210,150,1,-1,0,0
439.694,136.87,8.493,-1.35,215,145,1,-1,0,0
448.187,135.52,8.493,-1.35,215,140,0,-1,0,0
456.681,134.169,8.493,-1.35,215,135,0,-1,0,0
465.174,132.819,8.493,-1.35,215,130,0,-1,0,0
473.668,131.469,8.493,-1.35,215,125,0,-1,0,0
482.161,130.119,8.493,-1.35,215,120,0,-1,0,0
490.654,128.769,8.493,-1.35,215,115,0,-1,0,0
499.148,127.419,8.493,-1.35,215,110,0,-1,0,0
507.641,126.068,8.493,-1.35,215,105,0,-1,0,0
516.134,124.718,8.493,-1.35,215,100,0,-1,0,0
524.628,123.368,8.493,-1.35,215,95,0,-1,0,0
533.121,122.018,8.493,-1.35,215,90,0,-1,0,0
541.614,120.668,8.493,-1.35,215,85,0,-1,0,0
550.108,119.317,8.493,-1.35,215,80,0,-1,0,0
558.601,117.967,8.493,-1.35,215,75,0,-1,0,0
567.094,116.617,8.493,-1.35,215,70,0,-1,0,0
575.588,115.267,8.493,-1.35,215,65,0,-1,0,0
584.081,113.917,8.493,-1.35,215,60,0,-1,0,0
592.574,112.567,8.493,-1.35,215,55,0,-1,0,0
601.068,111.216,8.493,-1.35,215,50,0,-1,0,0
609.561,109.866,8.493,-1.35,215,45,0,-1,0,0
618.054,108.516,8.493,-1.35,215,40,0,-1,0,0
626.548,107.166,8.493,-1.35,215,35,0,-1,0,0
635.041,105.816,8.493,-1.35,215,35,0,0,0,0
643.535,104.465,8.493,-1.35,215,35,0,0,0,0
652.028,103.115,8.493,-1.35,215,35,0,0,0,0
660.521,101.765,8.493,-1.35,215,35,0,0,0,0
669.015,100.415,8.493,-1.35,215,35,0,0,0,0
677.508,99.065,8.493,-1.35,215,35,0,0,0,0
686.001,97.715,8.493,-1.35,215,35,0,0,0,0
694.495,96.364,8.493,-1.35,215,35,0,0,0,0
702.988,95.014,8.493,-1.35,215,35,0,0,0,0
711.481,93.664,8.493,-1.35,215,35,0,0,0,0
719.975,92.314,8.493,-1.35,215,35,0,0,0,0
728.468,90.964,8.493,-1.35,215,35,0,0,0,0
736.961,89.613,8.493,-1.35,215,35,0,0,0,0
745.455,88.263,8.493,-1.35,215,35,0,0,0,0
751.0,86.913,-8.471,2.731,215,35,0,0,0,0
742.529,89.644,-8.471,2.731,215,35,0,0,0,0
734.059,92.375,-8.471,2.731,215,35,0,0,0,0
725.588,95.106,-8.471,2.731,215,35,0,0,0,0
717.117,97.837,-8.471,2.731,215,35,0,0,0,0
708.647,100.568,-8.471,2.731,215,35,0,0,0,0
700.176,103.299,-8.471,2.731,215,35,0,0,0,0
691.706,106.03,-8.471,2.731,215,35,0,0,0,0
683.235,108.761,-8.471,2.731,215,35,0,0,0,0
674.764,111.492,-8.471,2.731,215,35,0,0,0,0
666.294,114.223,-8.471,2.731,215,35,0,0,0,0
657.823,116.954,-8.471,2.731,215,35,0,0,0,0
649.352,119.685,-8.471,2.731,215,35,0,0,0,0
640.882,122.416,-8.471,2.731,215,35,0,0,0,0
632.411,125.147,-8.471,2.731,215,35,0,0,0,0
623.94,127.878,-8.471,2.731,215,35,0,0,0,0
615.47,130.609,-8.471,2.731,215,35,0,0,0,0
606.999,133.34,-8.471,2.731,215,35,0,0,0,0
598.528,136.071,-8.471,2.731,215,35,0,0,0,0
590.058,138.802,-8.471,2.731,215,35,0,0,0,0
581.587,141.533,-8.471,2.731,215,35,0,0,0,0
573.117,144.264,-8.471,2.731,215,35,0,0,0,0
564.646,146.995,-8.471,2.731,215,35,0,0,0,0
556.175,149.725,-8.471,2.731,215,40,0,1,0,0
547.705,152.456,-8.471,2.731,215,45,0,1,0,0
539.234,155.187,-8.471,2.731,215,50,0,1,0,0
530.763,157.918,-8.471,2.731,215,55,0,1,0,0
522.293,160.649,-8.471,2.731,215,60,0,1,0,0
513.822,163.38,-8.471,2.731,215,65,0,1,0,0
505.351,166.111,-8.471,2.731,215,70,0,1,0,0
496.881,168.842,-8.471,2.731,215,75,0,1,0,0
488.41,171.573,-8.471,2.731,215,80,0,1,0,0
479.939,174.304,-8.471,2.731,215,85,0,1,0,0
471.469,177.035,-8.471,2.731,215,90,0,1,0,0
462.998,179.766,-8.471,2.731,215,95,0,1,0,0
454.528,182.497,-8.471,2.731,215,100,0,1,0,0
446.057,185.228,-8.471,2.731,215,105,0,1,0,0
437.586,187.959,-8.471,2.731,215,110,0,1,0,0
429.116,190.69,-8.471,2.731,215,115,0,1,0,0
420.645,193.421,-8.471,2.731,215,120,0,1,0,0
412.174,196.152,-8.471,2.731,215,125,0,1,0,0
403.704,198.883,-8.471,2.731,215,130,0,1,0,0
395.233,201.614,-8.471,2.731,215,135,0,1,0,0
386.762,204.345,-8.471,2.731,215,140,0,1,0,0
378.292,207.076,-8.471,2.731,215,145,0,1,0,0
369.821,209.807,-8.471,2.731,215,150,0,1,0,0
361.35,212.538,-8.471,2.731,215,155,0,1,0,0
352.88,215.269,-8.471,2.731,215,160,0,1,0,0
344.409,218.0,-8.471,2.731,215,165,0,1,0,0
335.939,220.731,-8.471,2.731,215,170,0,1,0,0
327.468,223.462,-8.471,2.731,215,175,0,1,0,0
318.997,226.193,-8.471,2.731,215,180,0,1,0,0
310.527,228.924,-8.471,2.731,215,185,0,1,0,0
302.056,231.655,-8.471,2.731,215,190,0,1,0,0
293.585,234.386,-8.471,2.731,215,195,0,1,0,0
285.115,237.117,-8.471,2.731,215,200,0,1,0,0
276.644,239.848,-8.471,2.731,215,205,0,1,0,0
268.173,242.579,-8.471,2.731,215,210,0,1,0,0
259.703,245.31,-8.471,2.731,215,215,0,1,0,0
251.232,248.041,-8.471,2.731,215,220,0,1,0,0
242.761,250.772,-8.471,2.731,215,225,0,1,0,0
234.291,253.503,-8.471,2.731,215,230,0,1,0,0
225.82,256.234,-8.471,2.731,215,235,0,1,0,0
217.35,258.965,-8.471,2.731,215,240,0,1,0,0
208.879,261.695,-8.471,2.731,215,245,0,1,0,0
200.408,264.426,-8.471,2.731,215,250,0,1,0,0
191.938,267.157,-8.471,2.731,215,255,0,1,0,0
183.467,269.888,-8.471,2.731,215,260,0,1,0,0
174.996,272.619,-8.471,2.731,215,265,0,1,0,0
166.526,275.35,-8.471,2.731,215,270,0,1,0,0
158.055,278.081,-8.471,2.731,215,275,0,1,0,0
149.584,280.812,-8.471,2.731,215,280,0,1,0,0
141.114,283.543,-8.471,2.731,215,285,0,1,0,0
132.643,286.274,-8.471,2.731,215,290,0,1,0,0
124.173,289.005,-8.471,2.731,215,295,0,1,0,0
115.702,291.736,-8.471,2.731,215,300,0,1,0,0
107.231,294.467,-8.471,2.731,215,305,0,1,0,0
98.761,297.198,-8.471,2.731,210,310,-1,1,0,0
90.29,299.929,-8.471,2.731,205,315,-1,1,0,0
81.819,302.66,-8.471,2.731,200,320,-1,1,0,0
73.349,305.391,-8.471,2.731,195,320,-1,0,0,0
64.878,308.122,-8.471,2.731,195,320,0,0,0,0
56.407,310.853,-8.471,2.731,195,320,0,0,0,0
47.937,313.584,-8.471,2.731,200,320,1,0,0,0
39.466,316.315,-8.471,2.731,205,320,1,0,0,0
30.995,319.046,-8.471,2.731,210,320,1,0,0,0
22.525,321.777,-8.471,2.731,215,320,1,0,0,0
14.054,324.508,-8.471,2.731,220,320,1,0,0,0
5.584,327.239,-8.471,2.731,225,320,1,0,0,0
-2.887,329.97,-8.471,2.731,230,320,1,0,0,0
400.0,300.0,4.989,0.327,235,320,1,0,0,1
404.989,300.327,4.989,0.327,235,320,0,0,0,0
409.979,300.654,4.989,0.327,235,320,0,0,0,0
414.968,300.981,4.989,0.327,235,320,0,0,0,0
419.957,301.308,4.989,0.327,235,320,0,0,0,0
424.946,301.635,4.989,0.327,235,320,0,0,0,0
429.936,301.962,4.989,0.327,235,320,0,0,0,0
434.925,302.289,4.989,0.327,235,320,0,0,0,0
439.914,302.616,4.989,0.327,235,320,0,0,0,0
444.904,302.943,4.989,0.327,235,320,0,0,0,0
449.893,303.27,4.989,0.327,235,320,0,0,0,0
454.882,303.597,4.989,0.327,235,320,0,0,0,0
459.872,303.925,4.989,0.327,235,320,0,0,0,0
464.861,304.252,4.989,0.327,235,320,0,0,0,0
469.85,304.579,4.989,0.327,235,320,0,0,0,0
474.839,304.906,4.989,0.327,235,320,0,0,0,0
479.829,305.233,4.989,0.327,235,320,0,0,0,0
484.818,305.56,4.989,0.327,235,320,0,0,0,0
489.807,305.887,4.989,0.327,235,320,0,0,0,0
494.797,306.214,4.989,0.327,235,320,0,0,0,0
499.786,306.541,4.989,0.327,235,315,0,-1,0,0
504.775,306.868,4.989,0.327,235,310,0,-1,0,0
509.764,307.195,4.989,0.327,235,305,0,-1,0,0
514.754,307.522,4.989,0.327,235,300,0,-1,0,0
519.743,307.849,4.989,0.327,235,295,0,-1,0,0
524.732,308.176,4.989,0.327,235,290,0,-1,0,0
529.722,308.503,4.989,0.327,235,285,0,-1,0,0
534.711,308.83,4.989,0.327,235,280,0,-1,0,0
539.7,309.157,4.989,0.327,235,280,0,0,0,0
544.689,309.484,4.989,0.327,235,280,0,0,0,0
549.679,309.811,4.989,0.327,235,280,0,0,0,0
554.668,310.138,4.989,0.327,235,280,0,0,0,0
559.657,310.465,4.989,0.327,235,280,0,0,0,0
564.647,310.792,4.989,0.327,235,280,0,0,0,0
569.636,311.119,4.989,0.327,235,280,0,0,0,0
574.625,311.446,4.989,0.327,235,280,0,0,0,0
579.615,311.774,4.989,0.327,235,280,0,0,0,0
584.604,312.101,4.989,0.327,240,280,1,0,0,0
589.593,312.428,4.989,0.327,245,280,1,0,0,0
594.582,312.755,4.989,0.327,250,280,1,0,0,0
599.572,313.082,4.989,0.327,255,280,1,0,0,0
604.561,313.409,4.989,0.327,260,280,1,0,0,0
609.55,313.736,4.989,0.327,265,280,1,0,0,0
614.54,314.063,4.989,0.327,270,280,1,0,0,0
619.529,314.39,4.989,0.327,275,280,1,0,0,0
624.518,314.717,4.989,0.327,280,280,1,0,0,0
629.507,315.044,4.989,0.327,285,280,1,0,0,0
634.497,315.371,4.989,0.327,290,280,1,0,0,0
639.486,315.698,4.989,0.327,295,280,1,0,0,0
644.475,316.025,4.989,0.327,295,280,0,0,0,0
649.465,316.352,4.989,0.327,295,280,0,0,0,0
654.454,316.679,4.989,0.327,295,280,0,0,0,0
659.443,317.006,4.989,0.327,295,280,0,0,0,0
664.433,317.333,4.989,0.327,295,280,0,0,0,0
669.422,317.66,4.989,0.327,295,280,0,0,0,0
674.411,317.987,4.989,0.327,295,280,0,0,0,0
679.4,318.314,4.989,0.327,295,280,0,0,0,0
684.39,318.641,4.989,0.327,295,280,0,0,0,0
689.379,318.968,4.989,0.327,295,280,0,0,0,0
694.368,319.296,4.989,0.327,295,280,0,0,0,0
699.358,319.623,4.989,0.327,295,280,0,0,0,0
704.347,319.95,4.989,0.327,295,280,0,0,0,0
709.336,320.277,4.989,0.327,295,280,0,0,0,0
714.325,320.604,4.989,0.327,295,280,0,0,0,0
719.315,320.931,4.989,0.327,295,280,0,0,0,0
724.304,321.258,4.989,0.327,295,280,0,0,0,0
729.293,321.585,4.989,0.327,295,280,0,0,0,0
734.283,321.912,4.989,0.327,295,280,0,0,0,0
739.272,322.239,4.989,0.327,295,280,0,0,0,0
744.261,322.566,4.989,0.327,295,280,0,0,0,0
749.25,322.893,4.989,0.327,295,280,0,0,0,0
751.0,323.22,-5.281,0.446,295,280,0,0,0,0
745.719,323.666,-5.281,0.446,290,280,-1,0,0,0
740.438,324.113,-5.281,0.446,285,280,-1,0,0,0
735.156,324.559,-5.281,0.446,280,280,-1,0,0,0
729.875,325.005,-5.281,0.446,275,280,-1,0,0,0
724.594,325.451,-5.281,0.446,270,280,-1,0,0,0
719.313,325.898,-5.281,0.446,265,280,-1,0,0,0
714.032,326.344,-5.281,0.446,260,280,-1,0,0,0
708.751,326.79,-5.281,0.446,255,280,-1,0,0,0
703.469,327.236,-5.281,0.446,250,280,-1,0,0,0
698.188,327.683,-5.281,0.446,245,280,-1,0,0,0
692.907,328.129,-5.281,0.446,240,280,-1,0,0,0
687.626,328.575,-5.281,0.446,240,285,0,1,0,0
682.345,329.021,-5.281,0.446,240,290,0,1,0,0
677.063,329.468,-5.281,0.446,240,295,0,1,0,0
671.782,329.914,-5.281,0.446,240,300,0,1,0,0
666.501,330.36,-5.281,0.446,240,305,0,1,0,0
661.22,330.807,-5.281,0.446,240,310,0,1,0,0
655.939,331.253,-5.281,0.446,240,315,0,1,0,0
650.658,331.699,-5.281,0.446,240,320,0,1,0,0
645.376,332.145,-5.281,0.446,240,325,0,1,0,0
640.095,332.592,-5.281,0.446,240,330,0,1,0,0
634.814,333.038,-5.281,0.446,240,335,0,1,0,0
629.533,333.484,-5.281,0.446,240,340,0,1,0,0
624.252,333.93,-5.281,0.446,240,345,0,1,0,0
618.971,334.377,-5.281,0.446,240,350,0,1,0,0
613.689,334.823,-5.281,0.446,240,355,0,1,0,0
608.408,335.269,-5.281,0.446,240,360,0,1,0,0
603.127,335.715,-5.281,0.446,240,365,0,1,0,0
597.846,336.162,-5.281,0.446,240,370,0,1,0,0
592.565,336.608,-5.281,0.446,245,375,1,1,0,0
587.283,337.054,-5.281,0.446,250,380,1,1,0,0
582.002,337.5,-5.281,0.446,255,385,1,1,0,0
576.721,337.947,-5.281,0.446,260,390,1,1,0,0
571.44,338.393,-5.281,0.446,265,395,1,1,0,0
566.159,338.839,-5.281,0.446,270,400,1,1,0,0
560.878,339.286,-5.281,0.446,275,405,1,1,0,0
555.596,339.732,-5.281,0.446,280,410,1,1,0,0
550.315,340.178,-5.281,0.446,285,415,1,1,0,0
545.034,340.624,-5.281,0.446,290,420,1,1,0,0
539.753,341.071,-5.281,0.446,295,425,1,1,0,0
534.472,341.517,-5.281,0.446,300,430,1,1,0,0
529.19,341.963,-5.281,0.446,300,435,0,1,0,0
523.909,342.409,-5.281,0.446,300,440,0,1,0,0
518.628,342.856,-5.281,0.446,300,445,0,1,0,0
513.347,343.302,-5.281,0.446,300,450,0,1,0,0
508.066,343.748,-5.281,0.446,300,455,0,1,0,0
502.785,344.194,-5.281,0.446,300,460,0,1,0,0
497.503,344.641,-5.281,0.446,300,465,0,1,0,0
492.222,345.087,-5.281,0.446,300,470,0,1,0,0
486.941,345.533,-5.281,0.446,300,475,0,1,0,0
481.66,345.979,-5.281,0.446,300,480,0,1,0,0
476.379,346.426,-5.281,0.446,300,485,0,1,0,0
471.098,346.872,-5.281,0.446,300,490,0,1,0,0
465.816,347.318,-5.281,0.446,300,495,0,1,0,0
460.535,347.765,-5.281,0.446,300,500,0,1,0,0
455.254,348.211,-5.281,0.446,300,505,0,1,0,0
449.973,348.657,-5.281,0.446,300,505,0,0,0,0
444.692,349.103,-5.281,0.446,300,505,0,0,0,0
439.41,349.55,-5.281,0.446,300,505,0,0,0,0
434.129,349.996,-5.281,0.446,300,505,0,0,0,0
428.848,350.442,-5.281,0.446,300,505,0,0,0,0
423.567,350.888,-5.281,0.446,300,505,0,0,0,0
418.286,351.335,-5.281,0.446,300,505,0,0,0,0
413.005,351.781,-5.281,0.446,300,505,0,0,0,0
407.723,352.227,-5.281,0.446,300,505,0,0,0,0
402.442,352.673,-5.281,0.446,300,505,0,0,0,0
397.161,353.12,-5.281,0.446,300,505,0,0,0,0
391.88,353.566,-5.281,0.446,300,505,0,0,0,0
386.599,354.012,-5.281,0.446,300,505,0,0,0,0
381.317,354.458,-5.281,0.446,300,500,0,-1,0,0
376.036,354.905,-5.281,0.446,300,495,0,-1,0,0
370.755,355.351,-5.281,0.446,300,490,0,-1,0,0
365.474,355.797,-5.281,0.446,300,485,0,-1,0,0
360.193,356.244,-5.281,0.446,300,480,0,-1,0,0
354.912,356.69,-5.281,0.446,300,475,0,-1,0,0
349.63,357.136,-5.281,0.446,300,470,0,-1,0,0
344.349,357.582,-5.281,0.446,300,465,0,-1,0,0
339.068,358.029,-5.281,0.446,300,460,0,-1,0,0
333.787,358.475,-5.281,0.446,305,455,1,-1,0,0
328.506,358.921,-5.281,0.446,310,450,1,-1,0,0
323.225,359.367,-5.281,0.446,315,445,1,-1,0,0
317.943,359.814,-5.281,0.446,320,440,1,-1,0,0
312.662,360.26,-5.281,0.446,325,440,1,0,0,0
307.381,360.706,-5.281,0.446,330,440,1,0,0,0
302.1,361.152,-5.281,0.446,335,440,1,0,0,0
296.819,361.599,-5.281,0.446,340,440,1,0,0,0
291.537,362.045,-5.281,0.446,345,440,1,0,0,0
286.256,362.491,-5.281,0.446,350,440,1,0,0,0
280.975,362.937,-5.281,0.446,355,440,1,0,0,0
275.694,363.384,-5.281,0.446,360,440,1,0,0,0
270.413,363.83,-5.281,0.446,365,440,1,0,0,0
265.132,364.276,-5.281,0.446,370,440,1,0,0,0
259.85,364.723,-5.281,0.446,375,440,1,0,0,0
254.569,365.169,-5.281,0.446,380,440,1,0,0,0
249.288,365.615,-5.281,0.446,385,440,1,0,0,0
244.007,366.061,-5.281,0.446,385,440,0,0,0,0
238.726,366.508,-5.281,0.446,385,440,0,0,0,0
233.444,366.954,-5.281,0.446,385,440,0,0,0,0
228.163,367.4,-5.281,0.446,385,440,0,0,0,0
222.882,367.846,-5.281,0.446,385,440,0,0,0,0
217.601,368.293,-5.281,0.446,385,440,0,0,0,0
212.32,368.739,-5.281,0.446,385,440,0,0,0,0
207.039,369.185,-5.281,0.446,385,440,0,0,0,0
201.757,369.631,-5.281,0.446,385,440,0,0,0,0
196.476,370.078,-5.281,0.446,385,440,0,0,0,0
191.195,370.524,-5.281,0.446,385,440,0,0,0,0
185.914,370.97,-5.281,0.446,385,440,0,0,0,0
180.633,371.416,-5.281,0.446,385,440,0,0,0,0
175.352,371.863,-5.281,0.446,385,440,0,0,0,0
170.07,372.309,-5.281,0.446,385,440,0,0,0,0
164.789,372.755,-5.281,0.446,385,440,0,0,0,0
159.508,373.202,-5.281,0.446,385,440,0,0,0,0
154.227,373.648,-5.281,0.446,385,440,0,0,0,0
148.946,374.094,-5.281,0.446,385,440,0,0,0,0
143.664,374.54,-5.281,0.446,385,440,0,0,0,0
138.383,374.987,-5.281,0.446,385,440,0,0,0,0
133.102,375.433,-5.281,0.446,385,440,0,0,0,0
127.821,375.879,-5.281,0.446,385,435,0,-1,0,0
122.54,376.325,-5.281,0.446,385,430,0,-1,0,0
117.259,376.772,-5.281,0.446,385,425,0,-1,0,0
111.977,377.218,-5.281,0.446,385,420,0,-1,0,0
106.696,377.664,-5.281,0.446,385,415,0,-1,0,0
101.415,378.11,-5.281,0.446,385,410,0,-1,0,0
96.134,378.557,-5.281,0.446,385,405,0,-1,0,0
90.853,379.003,-5.281,0.446,385,400,0,-1,0,0
85.571,379.449,-5.281,0.446,385,400,0,0,0,0
80.29,379.895,-5.281,0.446,385,400,0,0,0,0
75.009,380.342,-5.281,0.446,385,400,0,0,0,0
69.728,380.788,-5.281,0.446,385,400,0,0,0,0
64.447,381.234,-5.281,0.446,385,400,0,0,0,0
59.166,381.681,-5.281,0.446,385,400,0,0,0,0
53.884,382.127,-5.281,0.446,385,400,0,0,0,0
48.603,382.573,-5.281,0.446,385,400,0,0,0,0
49.0,383.019,2.8,-4.85,385,400,0,0,0,0
51.8,378.17,2.8,-4.85,385,400,0,0,0,0
54.6,373.32,2.8,-4.85,385,400,0,0,0,0
57.4,368.47,2.8,-4.85,385,400,0,0,0,0
60.2,363.62,2.8,-4.85,380,400,-1,0,0,0
63.0,358.771,2.8,-4.85,375,400,-1,0,0,0
65.8,353.921,2.8,-4.85,370,400,-1,0,0,0
68.6,349.071,2.8,-4.85,365,400,-1,0,0,0
71.4,344.221,2.8,-4.85,360,400,-1,0,0,0
74.2,339.372,2.8,-4.85,355,400,-1,0,0,0
77.0,334.522,2.8,-4.85,350,400,-1,0,0,0
79.8,329.672,2.8,-4.85,345,400,-1,0,0,0
82.6,324.822,2.8,-4.85,340,400,-1,0,0,0
85.4,319.973,2.8,-4.85,335,400,-1,0,0,0
88.2,315.123,2.8,-4.85,330,400,-1,0,0,0
91.0,310.273,2.8,-4.85,325,400,-1,0,0,0
93.8,305.423,2.8,-4.85,320,400,-1,0,0,0
96.6,300.574,2.8,-4.85,320,395,0,-1,0,0
99.4,295.724,2.8,-4.85,320,390,0,-1,0,0
102.2,290.874,2.8,-4.85,320,385,0,-1,0,0
105.0,286.024,2.8,-4.85,320,380,0,-1,0,0
107.8,281.175,2.8,-4.85,320,375,0,-1,0,0
110.6,276.325,2.8,-4.85,320,370,0,-1,0,0
113.4,271.475,2.8,-4.85,320,365,0,-1,0,0
116.2,266.625,2.8,-4.85,320,360,0,-1,0,0
119.0,261.776,2.8,-4.85,320,355,0,-1,0,0
121.8,256.926,2.8,-4.85,320,350,0,-1,0,0
124.6,252.076,2.8,-4.85,320,345,0,-1,0,0
127.4,247.227,2.8,-4.85,320,340,0,-1,0,0
130.2,242.377,2.8,-4.85,320,335,0,-1,0,0
133.0,237.527,2.8,-4.85,320,330,0,-1,0,0
135.8,232.677,2.8,-4.85,320,325,0,-1,0,0
138.6,227.828,2.8,-4.85,320,320,0,-1,0,0
141.4,222.978,2.8,-4.85,320,315,0,-1,0,0
144.2,218.128,2.8,-4.85,320,310,0,-1,0,0
147.0,213.278,2.8,-4.85,320,305,0,-1,0,0
149.8,208.429,2.8,-4.85,320,300,0,-1,0,0
152.6,203.579,2.8,-4.85,320,295,0,-1,0,0
155.4,198.729,2.8,-4.85,320,290,0,-1,0,0
158.2,193.879,2.8,-4.85,320,285,0,-1,0,0
161.0,189.03,2.8,-4.85,320,280,0,-1,0,0
163.8,184.18,2.8,-4.85,320,275,0,-1,0,0
166.6,179.33,2.8,-4.85,320,270,0,-1,0,0
169.4,174.48,2.8,-4.85,320,265,0,-1,0,0
172.2,169.631,2.8,-4.85,320,260,0,-1,0,0
175.0,164.781,2.8,-4.85,320,255,0,-1,0,0
177.8,159.931,2.8,-4.85,320,250,0,-1,0,0
180.6,155.081,2.8,-4.85,320,250,0,0,0,0
183.4,150.232,2.8,-4.85,320,250,0,0,0,0
186.2,145.382,2.8,-4.85,320,250,0,0,0,0
189.0,140.532,2.8,-4.85,320,250,0,0,0,0
191.8,135.682,2.8,-4.85,320,250,0,0,0,0
194.6,130.833,2.8,-4.85,320,250,0,0,0,0
197.4,125.983,2.8,-4.85,320,250,0,0,0,0
200.2,121.133,2.8,-4.85,320,250,0,0,0,0
203.0,116.283,2.8,-4.85,320,250,0,0,0,0
205.8,111.434,2.8,-4.85,320,255,0,1,0,0
208.6,106.584,2.8,-4.85,320,260,0,1,0,0
211.4,101.734,2.8,-4.85,320,265,0,1,0,0
214.2,96.885,2.8,-4.85,320,270,0,1,0,0
217.0,92.035,2.8,-4.85,320,275,0,1,0,0
219.8,87.185,2.8,-4.85,320,280,0,1,0,0
222.6,82.335,2.8,-4.85,320,285,0,1,0,0
225.4,77.486,2.8,-4.85,320,290,0,1,0,0
228.2,72.636,2.8,-4.85,320,295,0,1,0,0
231.0,67.786,2.8,-4.85,320,300,0,1,0,0
233.8,62.936,2.8,-4.85,320,305,0,1,0,0
236.6,58.087,2.8,-4.85,320,310,0,1,0,0
239.4,53.237,2.8,-4.85,320,315,0,1,0,0
242.2,48.387,2.8,-4.85,320,320,0,1,0,0
245.0,43.537,2.8,-4.85,320,325,0,1,0,0
247.8,38.688,2.8,-4.85,320,330,0,1,0,0
250.6,33.838,2.8,-4.85,320,335,0,1,0,0
253.4,28.988,2.8,-4.85,320,340,0,1,0,0
256.2,24.138,2.8,-4.85,320,345,0,1,0,0
259.0,19.289,2.8,-4.85,320,350,0,1,0,0
261.8,14.439,2.8,-4.85,320,355,0,1,0,0
264.6,9.589,2.8,-4.85,320,360,0,1,0,0
267.4,6.0,2.8,4.85,320,365,0,1,0,0
270.2,10.85,2.8,4.85,320,370,0,1,0,0
273.0,15.699,2.8,4.85,320,375,0,1,0,0
275.8,20.549,2.8,4.85,320,380,0,1,0,0
278.6,25.399,2.8,4.85,320,385,0,1,0,0
281.4,30.249,2.8,4.85,320,390,0,1,0,0
284.2,35.098,2.8,4.85,320,395,0,1,0,0
287.0,39.948,2.8,4.85,320,400,0,1,0,0
289.8,44.798,2.8,4.85,320,405,0,1,0,0
292.6,49.648,2.8,4.85,320,410,0,1,0,0
295.4,54.497,2.8,4.85,320,415,0,1,0,0
298.2,59.347,2.8,4.85,320,420,0,1,0,0
301.0,64.197,2.8,4.85,320,425,0,1,0,0
303.8,69.047,2.8,4.85,320,430,0,1,0,0
306.6,73.896,2.8,4.85,320,435,0,1,0,0
309.4,78.746,2.8,4.85,320,440,0,1,0,0
312.2,83.596,2.8,4.85,320,445,0,1,0,0
315.0,88.446,2.8,4.85,320,450,0,1,0,0
317.8,93.295,2.8,4.85,320,455,0,1,0,0
320.6,98.145,2.8,4.85,320,460,0,1,0,0
323.4,102.995,2.8,4.85,320,465,0,1,0,0
326.2,107.845,2.8,4.85,320,470,0,1,0,0
329.0,112.694,2.8,4.85,320,475,0,1,0,0
331.8,117.544,2.8,4.85,320,480,0,1,0,0
334.6,122.394,2.8,4.85,320,485,0,1,0,0
337.4,127.244,2.8,4.85,320,490,0,1,0,0
340.2,132.093,2.8,4.85,320,495,0,1,0,0
343.0,136.943,2.8,4.85,320,500,0,1,0,0
345.8,141.793,2.8,4.85,320,505,0,1,0,0
348.6,146.643,2.8,4.85,320,510,0,1,0,0
351.4,151.492,2.8,4.85,320,515,0,1,0,0
354.2,156.342,2.8,4.85,320,520,0,1,0,0
357.0,161.192,2.8,4.85,320,520,0,1,0,0
359.8,166.041,2.8,4.85,320,520,0,1,0,0
362.6,170.891,2.8,4.85,320,520,0,1,0,0
365.4,175.741,2.8,4.85,320,520,0,1,0,0
368.2,180.591,2.8,4.85,320,520,0,1,0,0
371.0,185.44,2.8,4.85,320,520,0,1,0,0
373.8,190.29,2.8,4.85,320,520,0,0,0,0
376.6,195.14,2.8,4.85,320,520,0,0,0,0
379.4,199.99,2.8,4.85,320,520,0,0,0,0
382.2,204.839,2.8,4.85,320,520,0,0,0,0
385.0,209.689,2.8,4.85,320,520,0,0,0,0
387.8,214.539,2.8,4.85,320,520,0,0,0,0
390.6,219.389,2.8,4.85,320,520,0,0,0,0
393.4,224.238,2.8,4.85,320,520,0,0,0,0
396.2,229.088,2.8,4.85,320,520,0,0,0,0
399.0,233.938,2.8,4.85,320,520,0,0,0,0
401.8,238.788,2.8,4.85,320,520,0,0,0,0
404.6,243.637,2.8,4.85,325,520,1,0,0,0
407.4,248.487,2.8,4.85,330,520,1,0,0,0
410.2,253.337,2.8,4.85,335,520,1,0,0,0
413.0,258.187,2.8,4.85,340,520,1,0,0,0
415.8,263.036,2.8,4.85,345,515,1,-1,0,0
418.6,267.886,2.8,4.85,350,510,1,-1,0,0
421.4,272.736,2.8,4.85,355,505,1,-1,0,0
424.2,277.586,2.8,4.85,360,500,1,-1,0,0
427.0,282.435,2.8,4.85,365,495,1,-1,0,0
429.8,287.285,2.8,4.85,370,490,1,-1,0,0
432.6,292.135,2.8,4.85,375,485,1,-1,0,0
435.4,296.985,2.8,4.85,380,480,1,-1,0,0
438.2,301.834,2.8,4.85,380,475,0,-1,0,0
441.0,306.684,2.8,4.85,380,470,0,-1,0,0
443.8,311.534,2.8,4.85,380,465,0,-1,0,0
446.6,316.384,2.8,4.85,380,460,0,-1,0,0
449.4,321.233,2.8,4.85,380,455,0,-1,0,0
452.2,326.083,2.8,4.85,380,450,0,-1,0,0
455.0,330.933,2.8,4.85,380,445,0,-1,0,0
457.8,335.782,2.8,4.85,380,440,0,-1,0,0
460.6,340.632,2.8,4.85,380,435,0,-1,0,0
463.4,345.482,2.8,4.85,380,430,0,-1,0,0
466.2,350.332,2.8,4.85,380,425,0,-1,0,0
469.0,355.181,2.8,4.85,380,420,0,-1,0,0
471.8,360.031,2.8,4.85,380,415,0,-1,0,0
474.6,364.881,2.8,4.85,380,410,0,-1,0,0
477.4,369.731,2.8,4.85,380,410,0,0,0,0
480.2,374.58,2.8,4.85,380,410,0,0,0,0
483.0,379.43,2.8,4.85,380,410,0,0,0,0
485.8,384.28,2.8,4.85,380,410,0,0,0,0
488.6,389.13,2.8,4.85,380,410,0,0,0,0
491.4,393.979,2.8,4.85,380,410,0,0,0,0
494.2,398.829,2.8,4.85,380,410,0,0,0,0
497.0,403.679,2.8,4.85,380,410,0,0,0,0
499.8,408.529,2.8,4.85,380,410,0,0,0,0
502.6,413.378,2.8,4.85,380,410,0,0,0,0
505.4,418.228,2.8,4.85,380,410,0,0,0,0
508.2,423.078,2.8,4.85,380,410,0,0,0,0
511.0,427.928,2.8,4.85,380,410,0,0,0,0
513.8,432.777,2.8,4.85,380,410,0,0,0,0
516.6,437.627,2.8,4.85,380,415,0,1,0,0
519.4,442.477,2.8,4.85,380,420,0,1,0,0
522.2,447.327,2.8,4.85,380,425,0,1,0,0
525.0,452.176,2.8,4.85,380,430,0,1,0,0
527.8,457.026,2.8,4.85,380,435,0,1,0,0
530.6,461.876,2.8,4.85,380,440,0,1,0,0
533.4,466.726,2.8,4.85,380,445,0,1,0,0
536.2,471.575,2.8,4.85,380,450,0,1,0,0
539.0,476.425,2.8,4.85,380,455,0,1,0,0
541.8,481.275,2.8,4.85,380,460,0,1,0,0
544.6,486.124,2.8,4.85,380,460,0,0,0,0
547.4,490.974,2.8,4.85,380,460,0,0,0,0
550.2,495.824,2.8,4.85,380,460,0,0,0,0
553.0,500.674,2.8,4.85,380,460,0,0,0,0
555.8,505.523,2.8,4.85,380,460,0,0,0,0
558.6,510.373,2.8,4.85,380,460,0,0,0,0
561.4,515.223,2.8,4.85,380,460,0,0,0,0
564.2,520.073,2.8,4.85,380,460,0,0,0,0
567.0,524.922,2.8,4.85,380,460,0,0,0,0
569.8,529.772,2.8,4.85,380,460,0,0,0,0
572.6,534.622,2.8,4.85,380,455,0,-1,0,0
575.4,539.472,2.8,4.85,380,450,0,-1,0,0
578.2,544.321,2.8,4.85,380,445,0,-1,0,0
581.0,549.171,2.8,4.85,380,440,0,-1,0,0
583.8,554.021,2.8,4.85,380,435,0,-1,0,0
586.6,558.871,2.8,4.85,380,430,0,-1,0,0
589.4,563.72,2.8,4.85,380,425,0,-1,0,0
592.2,568.57,2.8,4.85,380,420,0,-1,0,0
595.0,573.42,2.8,4.85,380,415,0,-1,0,0
597.8,578.27,2.8,4.85,380,410,0,-1,0,0
600.6,583.119,2.8,4.85,380,405,0,-1,0,0
603.4,587.969,2.8,4.85,380,400,0,-1,0,0
606.2,592.819,2.8,4.85,380,400,0,0,0,0
609.0,594.0,2.8,-4.85,380,400,0,0,0,0
611.8,589.15,2.8,-4.85,380,400,0,0,0,0
614.6,584.301,2.8,-4.85,380,400,0,0,0,0
617.4,579.451,2.8,-4.85,380,400,0,0,0,0
620.2,574.601,2.8,-4.85,380,400,0,0,0,0
623.0,569.751,2.8,-4.85,380,400,0,0,0,0
625.8,564.902,2.8,-4.85,380,400,0,0,0,0
628.6,560.052,2.8,-4.85,380,400,0,0,0,0
631.4,555.202,2.8,-4.85,380,400,0,0,0,0
634.2,550.352,2.8,-4.85,380,400,0,0,0,0
637.0,545.503,2.8,-4.85,380,400,0,0,0,0
639.8,540.653,2.8,-4.85,380,400,0,0,0,0
642.6,535.803,2.8,-4.85,380,400,0,0,0,0
645.4,530.953,2.8,-4.85,380,400,0,0,0,0
648.2,526.104,2.8,-4.85,380,400,0,0,0,0
651.0,521.254,2.8,-4.85,380,400,0,0,0,0
653.8,516.404,2.8,-4.85,380,400,0,0,0,0
656.6,511.554,2.8,-4.85,380,400,0,0,0,0
659.4,506.705,2.8,-4.85,380,400,0,0,0,0
662.2,501.855,2.8,-4.85,380,400,0,0,0,0
665.0,497.005,2.8,-4.85,380,395,0,-1,0,0
667.8,492.155,2.8,-4.85,380,390,0,-1,0,0
670.6,487.306,2.8,-4.85,380,385,0,-1,0,0
673.4,482.456,2.8,-4.85,380,380,0,-1,0,0
676.2,477.606,2.8,-4.85,380,375,0,-1,0,0
679.0,472.756,2.8,-4.85,380,370,0,-1,0,0
681.8,467.907,2.8,-4.85,380,370,0,0,0,0
684.6,463.057,2.8,-4.85,380,370,0,0,0,0
687.4,458.207,2.8,-4.85,380,370,0,0,0,0
690.2,453.357,2.8,-4.85,380,370,0,0,0,0
693.0,448.508,2.8,-4.85,380,370,0,0,0,0
695.8,443.658,2.8,-4.85,380,370,0,0,0,0
698.6,438.808,2.8,-4.85,380,370,0,0,0,0
701.4,433.959,2.8,-4.85,380,370,0,0,0,0
704.2,429.109,2.8,-4.85,380,365,0,-1,0,0
707.0,424.259,2.8,-4.85,380,360,0,-1,0,0
709.8,419.409,2.8,-4.85,380,355,0,-1,0,0
712.6,414.56,2.8,-4.85,380,350,0,-1,0,0
715.4,409.71,2.8,-4.85,380,345,0,-1,0,0
718.2,404.86,2.8,-4.85,380,340,0,-1,0,0
721.0,400.01,2.8,-4.85,380,335,0,-1,0,0
723.8,395.161,2.8,-4.85,380,330,0,-1,0,0
726.6,390.311,2.8,-4.85,380,325,0,-1,0,0
729.4,385.461,2.8,-4.85,380,325,0,0,0,0
732.2,380.611,2.8,-4.85,380,325,0,0,0,0
735.0,375.762,2.8,-4.85,380,325,0,0,0,0
737.8,370.912,2.8,-4.85,380,325,0,0,0,0
740.6,366.062,2.8,-4.85,380,325,0,0,0,0
743.4,361.212,2.8,-4.85,380,325,0,0,0,0
746.2,356.363,2.8,-4.85,380,325,0,0,0,0
749.0,351.513,2.8,-4.85,380,325,0,0,0,0
751.8,346.663,2.8,-4.85,380,325,0,0,0,0
751.0,341.813,-4.846,-3.366,380,325,0,0,0,0
746.154,338.448,-4.846,-3.366,380,325,0,0,0,0
741.308,335.082,-4.846,-3.366,380,325,0,0,0,0
736.462,331.717,-4.846,-3.366,380,325,0,0,0,0
731.616,328.351,-4.846,-3.366,380,320,0,-1,0,0
726.77,324.986,-4.846,-3.366,380,315,0,-1,0,0
721.924,321.62,-4.846,-3.366,380,310,0,-1,0,0
717.078,318.255,-4.846,-3.366,380,305,0,-1,0,0
712.232,314.889,-4.846,-3.366,380,300,0,-1,0,0
707.386,311.524,-4.846,-3.366,380,295,0,-1,0,0
702.54,308.158,-4.846,-3.366,380,295,0,0,0,0
697.694,304.793,-4.846,-3.366,380,295,0,0,0,0
692.848,301.427,-4.846,-3.366,380,295,0,0,0,0
688.003,298.062,-4.846,-3.366,380,295,0,0,0,0
683.157,294.696,-4.846,-3.366,380,295,0,0,0,0
678.311,291.331,-4.846,-3.366,380,295,0,0,0,0
673.465,287.965,-4.846,-3.366,380,295,0,0,0,0
668.619,284.6,-4.846,-3.366,380,295,0,0,0,0
663.773,281.234,-4.846,-3.366,380,300,0,1,0,0
658.927,277.869,-4.846,-3.366,380,305,0,1,0,0
654.081,274.503,-4.846,-3.366,380,310,0,1,0,0
649.235,271.138,-4.846,-3.366,380,315,0,1,0,0
644.389,267.772,-4.846,-3.366,380,320,0,1,0,0
639.543,264.407,-4.846,-3.366,380,325,0,1,0,0
634.697,261.041,-4.846,-3.366,380,330,0,1,0,0
629.851,257.676,-4.846,-3.366,380,335,0,1,0,0
625.005,254.31,-4.846,-3.366,380,340,0,1,0,0
620.159,250.945,-4.846,-3.366,380,345,0,1,0,0
615.313,247.579,-4.846,-3.366,380,350,0,1,0,0
610.467,244.214,-4.846,-3.366,380,355,0,1,0,0
605.621,240.848,-4.846,-3.366,380,360,0,1,0,0
600.775,237.483,-4.846,-3.366,385,365,1,1,0,0
595.929,234.117,-4.846,-3.366,390,370,1,1,0,0
591.083,230.752,-4.846,-3.366,395,375,1,1,0,0
586.237,227.386,-4.846,-3.366,400,380,1,1,0,0
581.391,224.021,-4.846,-3.366,405,385,1,1,0,0
576.545,220.655,-4.846,-3.366,410,390,1,1,0,0
571.699,217.29,-4.846,-3.366,415,395,1,1,0,0
566.853,213.924,-4.846,-3.366,420,400,1,1,0,0
562.008,210.559,-4.846,-3.366,425,405,1,1,0,0
557.162,207.193,-4.846,-3.366,430,410,1,1,0,0
552.316,203.827,-4.846,-3.366,430,415,0,1,0,0
547.47,200.462,-4.846,-3.366,430,420,0,1,0,0
542.624,197.096,-4.846,-3.366,430,425,0,1,0,0
537.778,193.731,-4.846,-3.366,430,430,0,1,0,0
532.932,190.365,-4.846,-3.366,430,435,0,1,0,0
528.086,187.0,-4.846,-3.366,425,440,-1,1,0,0
523.24,183.634,-4.846,-3.366,420,445,-1,1,0,0
518.394,180.269,-4.846,-3.366,415,450,-1,1,0,0
513.548,176.903,-4.846,-3.366,410,455,-1,1,0,0
508.702,173.538,-4.846,-3.366,405,460,-1,1,0,0
503.856,170.172,-4.846,-3.366,400,465,-1,1,0,0
499.01,166.807,-4.846,-3.366,395,470,-1,1,0,0
494.164,163.441,-4.846,-3.366,390,475,-1,1,0,0
489.318,160.076,-4.846,-3.366,385,480,-1,1,0,0
484.472,156.71,-4.846,-3.366,380,485,-1,1,0,0
479.626,153.345,-4.846,-3.366,375,490,-1,1,0,0
474.78,149.979,-4.846,-3.366,370,495,-1,1,0,0
469.934,146.614,-4.846,-3.366,365,500,-1,1,0,0
465.088,143.248,-4.846,-3.366,360,500,-1,0,0,0
460.242,139.883,-4.846,-3.366,355,500,-1,0,0,0
455.396,136.517,-4.846,-3.366,350,500,-1,0,0,0
450.55,133.152,-4.846,-3.366,345,500,-1,0,0,0
445.704,129.786,-4.846,-3.366,340,500,-1,0,0,0
440.858,126.421,-4.846,-3.366,335,500,-1,0,0,0
436.013,123.055,-4.846,-3.366,330,500,-1,0,0,0
431.167,119.69,-4.846,-3.366,325,500,-1,0,0,0
426.321,116.324,-4.846,-3.366,320,500,-1,0,0,0
421.475,112.959,-4.846,-3.366,315,500,-1,0,0,0
416.629,109.593,-4.846,-3.366,310,500,-1,0,0,0
411.783,106.228,-4.846,-3.366,305,500,-1,0,0,0
406.937,102.862,-4.846,-3.366,300,500,-1,0,0,0
402.091,99.497,-4.846,-3.366,295,500,-1,0,0,0
397.245,96.131,-4.846,-3.366,290,500,-1,0,0,0
392.399,92.766,-4.846,-3.366,285,500,-1,0,0,0
387.553,89.4,-4.846,-3.366,280,500,-1,0,0,0
382.707,86.035,-4.846,-3.366,275,500,-1,0,0,0
377.861,82.669,-4.846,-3.366,270,500,-1,0,0,0
373.015,79.304,-4.846,-3.366,265,500,-1,0,0,0
368.169,75.938,-4.846,-3.366,260,500,-1,0,0,0
363.323,72.573,-4.846,-3.366,255,500,-1,0,0,0
358.477,69.207,-4.846,-3.366,250,500,-1,0,0,0
353.631,65.842,-4.846,-3.366,245,500,-1,0,0,0
348.785,62.476,-4.846,-3.366,240,500,-1,0,0,0
343.939,59.111,-4.846,-3.366,235,500,-1,0,0,0
339.093,55.745,-4.846,-3.366,230,500,-1,0,0,0
334.247,52.38,-4.846,-3.366,225,500,-1,0,0,0
329.401,49.014,-4.846,-3.366,220,500,-1,0,0,0
324.555,45.649,-4.846,-3.366,215,500,-1,0,0,0
319.709,42.283,-4.846,-3.366,210,500,-1,0,0,0
314.863,38.918,-4.846,-3.366,205,500,-1,0,0,0
310.018,35.552,-4.846,-3.366,200,500,-1,0,0,0
305.172,32.186,-4.846,-3.366,195,500,-1,0,0,0
300.326,28.821,-4.846,-3.366,190,500,-1,0,0,0
295.48,25.455,-4.846,-3.366,185,500,-1,0,0,0
290.634,22.09,-4.846,-3.366,180,500,-1,0,0,0
285.788,18.724,-4.846,-3.366,175,500,-1,0,0,0
280.942,15.359,-4.846,-3.366,170,500,-1,0,0,0
276.096,11.993,-4.846,-3.366,165,500,-1,0,0,0
271.25,8.628,-4.846,-3.366,160,500,-1,0,0,0
266.404,6.0,-4.846,3.366,155,500,-1,0,0,0
261.558,9.366,-4.846,3.366,150,500,-1,0,0,0
256.712,12.731,-4.846,3.366,145,500,-1,0,0,0
251.866,16.097,-4.846,3.366,140,500,-1,0,0,0
247.02,19.462,-4.846,3.366,140,500,0,0,0,0
242.174,22.828,-4.846,3.366,140,500,0,0,0,0
237.328,26.193,-4.846,3.366,140,500,0,0,0,0
232.482,29.559,-4.846,3.366,140,500,0,0,0,0
227.636,32.924,-4.846,3.366,140,500,0,0,0,0
222.79,36.29,-4.846,3.366,140,500,0,0,0,0
217.944,39.655,-4.846,3.366,140,500,0,0,0,0
213.098,43.021,-4.846,3.366,140,500,0,0,0,0
208.252,46.386,-4.846,3.366,140,500,0,0,0,0
203.406,49.752,-4.846,3.366,140,500,0,0,0,0
198.56,53.117,-4.846,3.366,140,500,0,0,0,0
193.714,56.483,-4.846,3.366,140,500,0,0,0,0
188.868,59.848,-4.846,3.366,140,500,0,0,0,0
184.023,63.214,-4.846,3.366,140,500,0,0,0,0
179.177,66.579,-4.846,3.366,135,500,-1,0,0,0
174.331,69.945,-4.846,3.366,130,500,-1,0,0,0
169.485,73.31,-4.846,3.366,125,500,-1,0,0,0
164.639,76.676,-4.846,3.366,120,500,-1,0,0,0
159.793,80.041,-4.846,3.366,115,500,-1,0,0,0
154.947,83.407,-4.846,3.366,110,500,-1,0,0,0
150.101,86.772,-4.846,3.366,105,500,-1,0,0,0
145.255,90.138,-4.846,3.366,100,500,-1,0,0,0
140.409,93.503,-4.846,3.366,95,500,-1,0,0,0
135.563,96.869,-4.846,3.366,90,500,-1,0,0,0
130.717,100.234,-4.846,3.366,85,500,-1,0,0,0
125.871,103.6,-4.846,3.366,80,500,-1,0,0,0
121.025,106.965,-4.846,3.366,80,500,0,0,0,0
116.179,110.331,-4.846,3.366,80,500,0,0,0,0
111.333,113.696,-4.846,3.366,80,500,0,0,0,0
106.487,117.062,-4.846,3.366,80,500,0,0,0,0
101.641,120.427,-4.846,3.366,80,500,0,0,0,0
96.795,123.793,-4.846,3.366,80,500,0,0,0,0
91.949,127.158,-4.846,3.366,80,500,0,0,0,0
87.103,130.524,-4.846,3.366,80,500,0,0,0,0
82.257,133.889,-4.846,3.366,80,500,0,0,0,0
77.411,137.255,-4.846,3.366,80,500,0,0,0,0
72.565,140.62,-4.846,3.366,80,500,0,0,0,0
67.719,143.986,-4.846,3.366,80,500,0,0,0,0
62.873,147.351,-4.846,3.366,80,500,0,0,0,0
58.028,150.717,-4.846,3.366,80,500,0,0,0,0
53.182,154.082,-4.846,3.366,80,500,0,0,0,0
48.336,157.448,-4.846,3.366,80,500,0,0,0,0
49.0,160.813,3.1,5.369,80,505,0,1,0,0
52.1,166.183,3.1,5.369,80,510,0,1,0,0
55.2,171.552,3.1,5.369,80,515,0,1,0,0
58.3,176.922,3.1,5.369,80,520,0,1,0,0
61.4,182.291,3.1,5.369,80,520,0,1,0,0
64.5,187.66,3.1,5.369,80,520,0,1,0,0
67.6,193.03,3.1,5.369,80,520,0,1,0,0
70.7,198.399,3.1,5.369,80,520,0,1,0,0
73.8,203.768,3.1,5.369,80,520,0,1,0,0
76.9,209.138,3.1,5.369,80,520,0,1,0,0
80.0,214.507,3.1,5.369,80,520,0,1,0,0
83.1,219.876,3.1,5.369,80,520,0,1,0,0
86.2,225.246,3.1,5.369,80,520,0,1,0,0
89.3,230.615,3.1,5.369,80,520,0,1,0,0
92.4,235.984,3.1,5.369,80,520,0,1,0,0
95.5,241.354,3.1,5.369,80,520,0,1,0,0
98.6,246.723,3.1,5.369,80,520,0,1,0,0
101.7,252.093,3.1,5.369,80,520,0,1,0,0
104.8,257.462,3.1,5.369,80,520,0,1,0,0
107.9,262.831,3.1,5.369,80,520,0,1,0,0
111.0,268.201,3.1,5.369,80,520,0,1,0,0
114.1,273.57,3.1,5.369,80,520,0,1,0,0
117.2,278.939,3.1,5.369,80,520,0,1,0,0
120.3,284.309,3.1,5.369,80,520,0,1,0,0
123.4,289.678,3.1,5.369,80,520,0,1,0,0
126.5,295.047,3.1,5.369,80,520,0,1,0,0
129.6,300.417,3.1,5.369,80,520,0,0,0,0
132.7,305.786,3.1,5.369,80,520,0,0,0,0
135.8,311.155,3.1,5.369,80,520,0,0,0,0
138.9,316.525,3.1,5.369,80,520,0,0,0,0
142.0,321.894,3.1,5.369,80,520,0,0,0,0
145.1,327.264,3.1,5.369,80,520,0,0,0,0
148.2,332.633,3.1,5.369,80,520,0,0,0,0
151.3,338.002,3.1,5.369,80,520,0,0,0,0
154.4,343.372,3.1,5.369,80,515,0,-1,0,0
157.5,348.741,3.1,5.369,80,510,0,-1,0,0
160.6,354.11,3.1,5.369,85,505,1,-1,0,0
163.7,359.48,3.1,5.369,90,500,1,-1,0,0
166.8,364.849,3.1,5.369,95,495,1,-1,0,0
169.9,370.218,3.1,5.369,100,490,1,-1,0,0
173.0,375.588,3.1,5.369,105,485,1,-1,0,0
176.1,380.957,3.1,5.369,110,480,1,-1,0,0
179.2,386.326,3.1,5.369,115,475,1,-1,0,0
182.3,391.696,3.1,5.369,120,470,1,-1,0,0
185.4,397.065,3.1,5.369,125,465,1,-1,0,0
188.5,402.435,3.1,5.369,130,460,1,-1,0,0
191.6,407.804,3.1,5.369,135,455,1,-1,0,0
194.7,413.173,3.1,5.369,140,450,1,-1,0,0
197.8,418.543,3.1,5.369,140,445,0,-1,0,0
200.9,423.912,3.1,5.369,140,440,0,-1,0,0
204.0,429.281,3.1,5.369,140,435,0,-1,0,0
207.1,434.651,3.1,5.369,140,430,0,-1,0,0
210.2,440.02,3.1,5.369,140,425,0,-1,0,0
213.3,445.389,3.1,5.369,140,420,0,-1,0,0
216.4,450.759,3.1,5.369,140,415,0,-1,0,0
219.5,456.128,3.1,5.369,140,410,0,-1,0,0
222.6,461.497,3.1,5.369,140,405,0,-1,0,0
225.7,466.867,3.1,5.369,140,400,0,-1,0,0
228.8,472.236,3.1,5.369,140,395,0,-1,0,0
231.9,477.606,3.1,5.369,140,390,0,-1,0,0
235.0,482.975,3.1,5.369,140,385,0,-1,0,0
238.1,488.344,3.1,5.369,140,380,0,-1,0,0
241.2,493.714,3.1,5.369,140,375,0,-1,0,0
244.3,499.083,3.1,5.369,140,370,0,-1,0,0
247.4,504.452,3.1,5.369,140,370,0,0,0,0
250.5,509.822,3.1,5.369,140,370,0,0,0,0
253.6,515.191,3.1,5.369,140,370,0,0,0,0
256.7,520.56,3.1,5.369,140,370,0,0,0,0
259.8,525.93,3.1,5.369,140,370,0,0,0,0
262.9,531.299,3.1,5.369,140,370,0,0,0,0
266.0,536.668,3.1,5.369,140,370,0,0,0,0
269.1,542.038,3.1,5.369,140,370,0,0,0,0
272.2,547.407,3.1,5.369,140,370,0,0,0,0
275.3,552.777,3.1,5.369,140,370,0,0,0,0
278.4,558.146,3.1,5.369,140,370,0,0,0,0
281.5,563.515,3.1,5.369,140,370,0,0,0,0
284.6,568.885,3.1,5.369,140,370,0,0,0,0
287.7,574.254,3.1,5.369,140,370,0,0,0,0
290.8,579.623,3.1,5.369,140,370,0,0,0,0
293.9,584.993,3.1,5.369,140,370,0,0,0,0
297.0,590.362,3.1,5.369,140,370,0,0,0,0
300.1,594.0,3.1,-5.369,140,370,0,0,0,0
303.2,588.631,3.1,-5.369,140,370,0,0,0,0
306.3,583.261,3.1,-5.369,140,370,0,0,0,0
309.4,577.892,3.1,-5.369,140,370,0,0,0,0
312.5,572.523,3.1,-5.369,140,370,0,0,0,0
315.6,567.153,3.1,-5.369,140,370,0,0,0,0
318.7,561.784,3.1,-5.369,140,370,0,0,0,0
321.8,556.414,3.1,-5.369,140,370,0,0,0,0
324.9,551.045,3.1,-5.369,140,370,0,0,0,0
328.0,545.676,3.1,-5.369,140,370,0,0,0,0
331.1,540.306,3.1,-5.369,140,370,0,0,0,0
334.2,534.937,3.1,-5.369,140,370,0,0,0,0
337.3,529.568,3.1,-5.369,140,370,0,0,0,0
340.4,524.198,3.1,-5.369,140,370,0,0,0,0
343.5,518.829,3.1,-5.369,140,370,0,0,0,0
346.6,513.46,3.1,-5.369,140,370,0,0,0,0
349.7,508.09,3.1,-5.369,140,370,0,0,0,0
352.8,502.721,3.1,-5.369,140,370,0,0,0,0
355.9,497.352,3.1,-5.369,140,370,0,0,0,0
359.0,491.982,3.1,-5.369,140,365,0,-1,0,0
362.1,486.613,3.1,-5.369,140,360,0,-1,0,0
365.2,481.243,3.1,-5.369,140,355,0,-1,0,0
368.3,475.874,3.1,-5.369,145,350,1,-1,0,0
371.4,470.505,3.1,-5.369,150,345,1,-1,0,0
374.5,465.135,3.1,-5.369,155,340,1,-1,0,0
377.6,459.766,3.1,-5.369,160,335,1,-1,0,0
380.7,454.397,3.1,-5.369,165,330,1,-1,0,0
383.8,449.027,3.1,-5.369,170,325,1,-1,0,0
386.9,443.658,3.1,-5.369,175,320,1,-1,0,0
390.0,438.289,3.1,-5.369,180,315,1,-1,0,0
393.1,432.919,3.1,-5.369,185,310,1,-1,0,0
396.2,427.55,3.1,-5.369,190,305,1,-1,0,0
399.3,422.181,3.1,-5.369,195,300,1,-1,0,0
402.4,416.811,3.1,-5.369,195,295,0,-1,0,0
405.5,411.442,3.1,-5.369,195,290,0,-1,0,0
408.6,406.072,3.1,-5.369,195,285,0,-1,0,0
411.7,400.703,3.1,-5.369,195,280,0,-1,0,0
414.8,395.334,3.1,-5.369,195,275,0,-1,0,0
417.9,389.964,3.1,-5.369,195,270,0,-1,0,0
421.0,384.595,3.1,-5.369,195,265,0,-1,0,0
424.1,379.226,3.1,-5.369,195,260,0,-1,0,0
427.2,373.856,3.1,-5.369,195,255,0,-1,0,0
430.3,368.487,3.1,-5.369,195,250,0,-1,0,0
433.4,363.118,3.1,-5.369,195,245,0,-1,0,0
436.5,357.748,3.1,-5.369,195,240,0,-1,0,0
439.6,352.379,3.1,-5.369,195,235,0,-1,0,0
442.7,347.01,3.1,-5.369,195,230,0,-1,0,0
445.8,341.64,3.1,-5.369,195,225,0,-1,0,0
448.9,336.271,3.1,-5.369,195,220,0,-1,0,0
452.0,330.901,3.1,-5.369,195,215,0,-1,0,0
455.1,325.532,3.1,-5.369,195,210,0,-1,0,0
458.2,320.163,3.1,-5.369,195,205,0,-1,0,0
461.3,314.793,3.1,-5.369,195,200,0,-1,0,0
464.4,309.424,3.1,-5.369,195,195,0,-1,0,0
467.5,304.055,3.1,-5.369,195,190,0,-1,0,0
470.6,298.685,3.1,-5.369,195,185,0,-1,0,0
473.7,293.316,3.1,-5.369,195,180,0,-1,0,0
476.8,287.947,3.1,-5.369,195,175,0,-1,0,0
479.9,282.577,3.1,-5.369,195,170,0,-1,0,0
483.0,277.208,3.1,-5.369,195,165,0,-1,0,0
486.1,271.839,3.1,-5.369,195,160,0,-1,0,0
489.2,266.469,3.1,-5.369,195,155,0,-1,0,0
492.3,261.1,3.1,-5.369,195,150,0,-1,0,0
495.4,255.73,3.1,-5.369,195,145,0,-1,0,0
498.5,250.361,3.1,-5.369,195,140,0,-1,0,0
501.6,244.992,3.1,-5.369,195,135,0,-1,0,0
504.7,239.622,3.1,-5.369,195,130,0,-1,0,0
507.8,234.253,3.1,-5.369,195,125,0,-1,0,0
510.9,228.884,3.1,-5.369,195,120,0,-1,0,0
514.0,223.514,3.1,-5.369,195,115,0,-1,0,0
517.1,218.145,3.1,-5.369,195,110,0,-1,0,0
520.2,212.776,3.1,-5.369,195,105,0,-1,0,0
523.3,207.406,3.1,-5.369,195,100,0,-1,0,0
526.4,202.037,3.1,-5.369,195,95,0,-1,0,0
529.5,196.668,3.1,-5.369,195,90,0,-1,0,0
532.6,191.298,3.1,-5.369,195,85,0,-1,0,0
535.7,185.929,3.1,-5.369,195,85,0,0,0,0
538.8,180.559,3.1,-5.369,195,85,0,0,0,0
541.9,175.19,3.1,-5.369,195,85,0,0,0,0
545.0,169.821,3.1,-5.369,195,85,0,0,0,0
548.1,164.451,3.1,-5.369,195,85,0,0,0,0
551.2,159.082,3.1,-5.369,195,85,0,0,0,0
554.3,153.713,3.1,-5.369,195,85,0,0,0,0
557.4,148.343,3.1,-5.369,195,85,0,0,0,0
560.5,142.974,3.1,-5.369,195,85,0,0,0,0
563.6,137.605,3.1,-5.369,195,85,0,0,0,0
566.7,132.235,3.1,-5.369,195,85,0,0,0,0
569.8,126.866,3.1,-5.369,195,85,0,0,0,0
572.9,121.497,3.1,-5.369,195,85,0,0,0,0
576.0,116.127,3.1,-5.369,195,85,0,0,0,0
579.1,110.758,3.1,-5.369,195,85,0,0,0,0
582.2,105.388,3.1,-5.369,195,85,0,0,0,0
585.3,100.019,3.1,-5.369,195,85,0,0,0,0
588.4,94.65,3.1,-5.369,195,85,0,0,0,0
591.5,89.28,3.1,-5.369,195,85,0,0,0,0
594.6,83.911,3.1,-5.369,195,85,0,0,0,0
597.7,78.542,3.1,-5.369,195,85,0,0,0,0
600.8,73.172,3.1,-5.369,195,85,0,0,0,0
603.9,67.803,3.1,-5.369,195,85,0,0,0,0
607.0,62.434,3.1,-5.369,195,85,0,0,0,0
610.1,57.064,3.1,-5.369,195,85,0,0,0,0
613.2,51.695,3.1,-5.369,195,85,0,0,0,0
616.3,46.326,3.1,-5.369,195,85,0,0,0,0
619.4,40.956,3.1,-5.369,195,85,0,0,0,0
622.5,35.587,3.1,-5.369,195,85,0,0,0,0
625.6,30.217,3.1,-5.369,195,85,0,0,0,0
628.7,24.848,3.1,-5.369,195,85,0,0,0,0
631.8,19.479,3.1,-5.369,195,85,0,0,0,0
634.9,14.109,3.1,-5.369,195,85,0,0,0,0
638.0,8.74,3.1,-5.369,195,85,0,0,0,0
641.1,6.0,3.1,5.369,195,85,0,0,0,0
644.2,11.369,3.1,5.369,195,85,0,0,0,0
647.3,16.739,3.1,5.369,195,85,0,0,0,0
650.4,22.108,3.1,5.369,195,85,0,0,0,0
653.5,27.477,3.1,5.369,195,85,0,0,0,0
656.6,32.847,3.1,5.369,195,90,0,1,0,0
659.7,38.216,3.1,5.369,195,95,0,1,0,0
662.8,43.586,3.1,5.369,195,100,0,1,0,0
665.9,48.955,3.1,5.369,195,105,0,1,0,0
669.0,54.324,3.1,5.369,195,110,0,1,0,0
672.1,59.694,3.1,5.369,195,115,0,1,0,0
675.2,65.063,3.1,5.369,195,120,0,1,0,0
678.3,70.432,3.1,5.369,195,125,0,1,0,0
681.4,75.802,3.1,5.369,195,130,0,1,0,0
684.5,81.171,3.1,5.369,195,135,0,1,0,0
687.6,86.54,3.1,5.369,195,140,0,1,0,0
690.7,91.91,3.1,5.369,195,145,0,1,0,0
693.8,97.279,3.1,5.369,195,150,0,1,0,0
696.9,102.648,3.1,5.369,195,155,0,1,0,0
700.0,108.018,3.1,5.369,195,160,0,1,0,0
703.1,113.387,3.1,5.369,195,165,0,1,0,0
706.2,118.757,3.1,5.369,195,165,0,0,0,0
709.3,124.126,3.1,5.369,195,165,0,0,0,0
712.4,129.495,3.1,5.369,195,165,0,0,0,0
715.5,134.865,3.1,5.369,195,165,0,0,0,0
718.6,140.234,3.1,5.369,195,165,0,0,0,0
721.7,145.603,3.1,5.369,195,165,0,0,0,0
724.8,150.973,3.1,5.369,195,165,0,0,0,0
727.9,156.342,3.1,5.369,195,165,0,0,0,0
731.0,161.711,3.1,5.369,195,165,0,0,0,0
734.1,167.081,3.1,5.369,195,165,0,0,0,0
737.2,172.45,3.1,5.369,195,165,0,0,0,0
740.3,177.819,3.1,5.369,195,165,0,0,0,0
743.4,183.189,3.1,5.369,195,165,0,0,0,0
746.5,188.558,3.1,5.369,195,165,0,0,0,0
749.6,193.928,3.1,5.369,195,165,0,0,0,0
752.7,199.297,3.1,5.369,195,165,0,0,0,0
751.0,204.666,-6.5,-0.057,195,165,0,0,0,0
744.5,204.609,-6.5,-0.057,195,165,0,0,0,0
738.0,204.553,-6.5,-0.057,195,165,0,0,0,0
731.501,204.496,-6.5,-0.057,195,165,0,0,0,0
725.001,204.439,-6.5,-0.057,195,165,0,0,0,0
718.501,204.382,-6.5,-0.057,195,165,0,0,0,0
712.001,204.325,-6.5,-0.057,195,165,0,0,0,0
705.502,204.269,-6.5,-0.057,195,165,0,0,0,0
699.002,204.212,-6.5,-0.057,195,165,0,0,0,0
692.502,204.155,-6.5,-0.057,195,165,0,0,0,0
686.002,204.098,-6.5,-0.057,195,165,0,0,0,0
679.503,204.041,-6.5,-0.057,195,165,0,0,0,0
673.003,203.985,-6.5,-0.057,195,165,0,0,0,0
666.503,203.928,-6.5,-0.057,195,165,0,0,0,0
660.003,203.871,-6.5,-0.057,195,165,0,0,0,0
653.504,203.814,-6.5,-0.057,195,165,0,0,0,0
647.004,203.757,-6.5,-0.057,195,165,0,0,0,0
640.504,203.701,-6.5,-0.057,195,165,0,0,0,0
634.004,203.644,-6.5,-0.057,195,165,0,0,0,0
627.505,203.587,-6.5,-0.057,195,165,0,0,0,0
621.005,203.53,-6.5,-0.057,195,165,0,0,0,0
614.505,203.473,-6.5,-0.057,195,165,0,0,0,0
608.005,203.417,-6.5,-0.057,195,165,0,0,0,0
601.506,203.36,-6.5,-0.057,195,165,0,0,0,0
595.006,203.303,-6.5,-0.057,190,165,-1,0,0,0
588.506,203.246,-6.5,-0.057,185,165,-1,0,0,0
582.006,203.19,-6.5,-0.057,180,165,-1,0,0,0
575.507,203.133,-6.5,-0.057,175,165,-1,0,0,0
569.007,203.076,-6.5,-0.057,170,165,-1,0,0,0
562.507,203.019,-6.5,-0.057,165,165,-1,0,0,0
556.007,202.962,-6.5,-0.057,160,165,-1,0,0,0
549.508,202.906,-6.5,-0.057,160,165,0,0,0,0
543.008,202.849,-6.5,-0.057,160,165,0,0,0,0
536.508,202.792,-6.5,-0.057,160,165,0,0,0,0
530.008,202.735,-6.5,-0.057,160,165,0,0,0,0
523.509,202.678,-6.5,-0.057,160,165,0,0,0,0
517.009,202.622,-6.5,-0.057,160,165,0,0,0,0
510.509,202.565,-6.5,-0.057,160,165,0,0,0,0
504.009,202.508,-6.5,-0.057,160,165,0,0,0,0
497.51,202.451,-6.5,-0.057,160,165,0,0,0,0
491.01,202.394,-6.5,-0.057,160,165,0,0,0,0
484.51,202.338,-6.5,-0.057,160,165,0,0,0,0
478.01,202.281,-6.5,-0.057,160,165,0,0,0,0
471.511,202.224,-6.5,-0.057,160,165,0,0,0,0
465.011,202.167,-6.5,-0.057,160,165,0,0,0,0
458.511,202.11,-6.5,-0.057,160,165,0,0,0,0
452.011,202.054,-6.5,-0.057,160,165,0,0,0,0
445.512,201.997,-6.5,-0.057,160,165,0,0,0,0
439.012,201.94,-6.5,-0.057,160,165,0,0,0,0
432.512,201.883,-6.5,-0.057,160,165,0,0,0,0
426.012,201.826,-6.5,-0.057,160,165,0,0,0,0
419.513,201.77,-6.5,-0.057,160,165,0,0,0,0
413.013,201.713,-6.5,-0.057,160,165,0,0,0,0
406.513,201.656,-6.5,-0.057,160,165,0,0,0,0
400.013,201.599,-6.5,-0.057,160,165,0,0,0,0
393.514,201.542,-6.5,-0.057,160,165,0,0,0,0
387.014,201.486,-6.5,-0.057,160,165,0,0,0,0
380.514,201.429,-6.5,-0.057,160,165,0,0,0,0
374.014,201.372,-6.5,-0.057,160,165,0,0,0,0
367.515,201.315,-6.5,-0.057,160,165,0,0,0,0
361.015,201.258,-6.5,-0.057,160,165,0,0,0,0
354.515,201.202,-6.5,-0.057,160,165,0,0,0,0
348.015,201.145,-6.5,-0.057,160,165,0,0,0,0
341.516,201.088,-6.5,-0.057,160,165,0,0,0,0
335.016,201.031,-6.5,-0.057,160,165,0,0,0,0
328.516,200.974,-6.5,-0.057,160,165,0,0,0,0
322.016,200.918,-6.5,-0.057,160,165,0,0,0,0
315.517,200.861,-6.5,-0.057,160,165,0,0,0,0
309.017,200.804,-6.5,-0.057,160,165,0,0,0,0
302.517,200.747,-6.5,-0.057,160,165,0,0,0,0
296.017,200.69,-6.5,-0.057,160,165,0,0,0,0
289.518,200.634,-6.5,-0.057,160,165,0,0,0,0
283.018,200.577,-6.5,-0.057,160,165,0,0,0,0
276.518,200.52,-6.5,-0.057,160,165,0,0,0,0
270.018,200.463,-6.5,-0.057,160,165,0,0,0,0
263.519,200.406,-6.5,-0.057,160,165,0,0,0,0
257.019,200.35,-6.5,-0.057,160,165,0,0,0,0
250.519,200.293,-6.5,-0.057,160,165,0,0,0,0
244.019,200.236,-6.5,-0.057,160,165,0,0,0,0
237.52,200.179,-6.5,-0.057,160,165,0,0,0,0
231.02,200.122,-6.5,-0.057,160,165,0,0,0,0
224.52,200.066,-6.5,-0.057,160,165,0,0,0,0
218.02,200.009,-6.5,-0.057,160,165,0,0,0,0
211.521,199.952,-6.5,-0.057,160,165,0,0,0,0
205.021,199.895,-6.5,-0.057,160,165,0,0,0,0
198.521,199.838,-6.5,-0.057,160,165,0,0,0,0
192.021,199.782,-6.5,-0.057,160,165,0,0,0,0
185.522,199.725,-6.5,-0.057,160,165,0,0,0,0
179.022,199.668,-6.5,-0.057,160,165,0,0,0,0
172.522,199.611,-6.5,-0.057,160,165,0,0,0,0
166.022,199.554,-6.5,-0.057,160,165,0,0,0,0
159.523,199.498,-6.5,-0.057,160,165,0,0,0,0
153.023,199.441,-6.5,-0.057,160,165,0,0,0,0
146.523,199.384,-6.5,-0.057,160,165,0,0,0,0
140.023,199.327,-6.5,-0.057,160,165,0,0,0,0
133.524,199.27,-6.5,-0.057,160,165,0,0,0,0
127.024,199.214,-6.5,-0.057,160,165,0,0,0,0
120.524,199.157,-6.5,-0.057,160,165,0,0,0,0
114.024,199.1,-6.5,-0.057,160,165,0,0,0,0
107.525,199.043,-6.5,-0.057,160,165,0,0,0,0
101.025,198.987,-6.5,-0.057,160,165,0,0,0,0
94.525,198.93,-6.5,-0.057,160,165,0,0,0,0
88.025,198.873,-6.5,-0.057,160,165,0,0,0,0
81.526,198.816,-6.5,-0.057,160,165,0,0,0,0
75.026,198.759,-6.5,-0.057,160,165,0,0,0,0
68.526,198.703,-6.5,-0.057,160,165,0,0,0,0
62.026,198.646,-6.5,-0.057,160,165,0,0,0,0
55.527,198.589,-6.5,-0.057,160,165,0,0,0,0
49.027,198.532,-6.5,-0.057,160,165,0,0,0,0
49.0,198.475,6.795,-0.271,160,165,0,0,0,0
55.795,198.204,6.795,-0.271,160,165,0,0,0,0
62.589,197.933,6.795,-0.271,160,165,0,0,0,0
69.384,197.661,6.795,-0.271,160,165,0,0,0,0
76.178,197.39,6.795,-0.271,160,165,0,0,0,0
82.973,197.119,6.795,-0.271,160,165,0,0,0,0
89.768,196.847,6.795,-0.271,160,165,0,0,0,0
96.562,196.576,6.795,-0.271,160,165,0,0,0,0
103.357,196.304,6.795,-0.271,160,165,0,0,0,0
110.151,196.033,6.795,-0.271,160,165,0,0,0,0
116.946,195.762,6.795,-0.271,160,165,0,0,0,0
123.74,195.49,6.795,-0.271,160,170,0,1,0,0
130.535,195.219,6.795,-0.271,160,175,0,1,0,0
137.33,194.948,6.795,-0.271,160,180,0,1,0,0
144.124,194.676,6.795,-0.271,160,185,0,1,0,0
150.919,194.405,6.795,-0.271,160,190,0,1,0,0
157.713,194.134,6.795,-0.271,160,195,0,1,0,0
164.508,193.862,6.795,-0.271,160,200,0,1,0,0
171.303,193.591,6.795,-0.271,160,205,0,1,0,0
178.097,193.32,6.795,-0.271,160,210,0,1,0,0
184.892,193.048,6.795,-0.271,160,210,0,0,0,0
191.686,192.777,6.795,-0.271,160,210,0,0,0,0
198.481,192.506,6.795,-0.271,160,210,0,0,0,0
205.275,192.234,6.795,-0.271,160,210,0,0,0,0
212.07,191.963,6.795,-0.271,160,210,0,0,0,0
218.865,191.691,6.795,-0.271,160,210,0,0,0,0
225.659,191.42,6.795,-0.271,160,210,0,0,0,0
232.454,191.149,6.795,-0.271,160,210,0,0,0,0
239.248,190.877,6.795,-0.271,160,205,0,-1,0,0
246.043,190.606,6.795,-0.271,160,200,0,-1,0,0
252.838,190.335,6.795,-0.271,160,195,0,-1,0,0
259.632,190.063,6.795,-0.271,160,190,0,-1,0,0
266.427,189.792,6.795,-0.271,160,185,0,-1,0,0
273.221,189.521,6.795,-0.271,160,180,0,-1,0,0
280.016,189.249,6.795,-0.271,160,175,0,-1,0,0
286.81,188.978,6.795,-0.271,160,170,0,-1,0,0
293.605,188.707,6.795,-0.271,160,170,0,0,0,0
300.4,188.435,6.795,-0.271,160,170,0,0,0,0
307.194,188.164,6.795,-0.271,160,170,0,0,0,0
313.989,187.893,6.795,-0.271,165,170,1,0,0,0
320.783,187.621,6.795,-0.271,170,170,1,0,0,0
327.578,187.35,6.795,-0.271,175,170,1,0,0,0
334.373,187.078,6.795,-0.271,180,170,1,0,0,0
341.167,186.807,6.795,-0.271,185,170,1,0,0,0
347.962,186.536,6.795,-0.271,190,170,1,0,0,0
354.756,186.264,6.795,-0.271,195,170,1,0,0,0
361.551,185.993,6.795,-0.271,200,170,1,0,0,0
368.345,185.722,6.795,-0.271,205,170,1,0,0,0
375.14,185.45,6.795,-0.271,210,170,1,0,0,0
381.935,185.179,6.795,-0.271,215,170,1,0,0,0
388.729,184.908,6.795,-0.271,215,170,0,0,0,0
395.524,184.636,6.795,-0.271,215,170,0,0,0,0
402.318,184.365,6.795,-0.271,215,170,0,0,0,0
409.113,184.094,6.795,-0.271,215,170,0,0,0,0
415.908,183.822,6.795,-0.271,215,165,0,-1,0,0
422.702,183.551,6.795,-0.271,215,160,0,-1,0,0
429.497,183.279,6.795,-0.271,215,155,0,-1,0,0
436.291,183.008,6.795,-0.271,215,150,0,-1,0,0
443.086,182.737,6.795,-0.271,215,145,0,-1,0,0
449.88,182.465,6.795,-0.271,215,145,0,0,0,0
456.675,182.194,6.795,-0.271,215,145,0,0,0,0
463.47,181.923,6.795,-0.271,215,145,0,0,0,0
470.264,181.651,6.795,-0.271,215,145,0,0,0,0
477.059,181.38,6.795,-0.271,215,145,0,0,0,0
483.853,181.109,6.795,-0.271,215,145,0,0,0,0
490.648,180.837,6.795,-0.271,215,145,0,0,0,0
497.443,180.566,6.795,-0.271,215,145,0,0,0,0
504.237,180.295,6.795,-0.271,215,145,0,0,0,0
511.032,180.023,6.795,-0.271,215,145,0,0,0,0
517.826,179.752,6.795,-0.271,215,145,0,0,0,0
524.621,179.481,6.795,-0.271,215,145,0,0,0,0
531.415,179.209,6.795,-0.271,215,145,0,0,0,0
538.21,178.938,6.795,-0.271,215,145,0,0,0,0
545.005,178.666,6.795,-0.271,215,145,0,0,0,0
551.799,178.395,6.795,-0.271,215,145,0,0,0,0
558.594,178.124,6.795,-0.271,215,145,0,0,0,0
565.388,177.852,6.795,-0.271,215,145,0,0,0,0
572.183,177.581,6.795,-0.271,215,145,0,0,0,0
578.978,177.31,6.795,-0.271,215,145,0,0,0,0
585.772,177.038,6.795,-0.271,215,145,0,0,0,0
592.567,176.767,6.795,-0.271,215,145,0,0,0,0
599.361,176.496,6.795,-0.271,215,145,0,0,0,0
606.156,176.224,6.795,-0.271,215,145,0,0,0,0
612.95,175.953,6.795,-0.271,215,145,0,0,0,0
619.745,175.682,6.795,-0.271,215,145,0,0,0,0
626.54,175.41,6.795,-0.271,215,145,0,0,0,0
633.334,175.139,6.795,-0.271,215,145,0,0,0,0
640.129,174.867,6.795,-0.271,215,145,0,0,0,0
646.923,174.596,6.795,-0.271,215,145,0,0,0,0
653.718,174.325,6.795,-0.271,215,145,0,0,0,0
660.513,174.053,6.795,-0.271,215,145,0,0,0,0
667.307,173.782,6.795,-0.271,215,145,0,0,0,0
674.102,173.511,6.795,-0.271,215,145,0,0,0,0
680.896,173.239,6.795,-0.271,215,145,0,0,0,0
687.691,172.968,6.795,-0.271,215,145,0,0,0,0
694.485,172.697,6.795,-0.271,215,145,0,0,0,0
701.28,172.425,6.795,-0.271,215,145,0,0,0,0
708.075,172.154,6.795,-0.271,215,145,0,0,0,0
714.869,171.883,6.795,-0.271,215,145,0,0,0,0
721.664,171.611,6.795,-0.271,215,145,0,0,0,0
728.458,171.34,6.795,-0.271,215,145,0,0,0,0
735.253,171.069,6.795,-0.271,215,145,0,0,0,0
742.048,170.797,6.795,-0.271,215,145,0,0,0,0
748.842,170.526,6.795,-0.271,215,145,0,0,0,0
751.0,170.254,-6.578,-2.673,215,145,0,0,0,0
744.422,167.581,-6.578,-2.673,215,145,0,0,0,0
737.845,164.908,-6.578,-2.673,215,145,0,0,0,0
731.267,162.235,-6.578,-2.673,215,145,0,0,0,0
724.69,159.561,-6.578,-2.673,215,145,0,0,0,0
718.112,156.888,-6.578,-2.673,215,145,0,0,0,0
711.535,154.215,-6.578,-2.673,215,145,0,0,0,0
704.957,151.541,-6.578,-2.673,215,145,0,0,0,0
698.38,148.868,-6.578,-2.673,215,145,0,0,0,0
691.802,146.195,-6.578,-2.673,215,145,0,0,0,0
685.225,143.522,-6.578,-2.673,215,145,0,0,0,0
678.647,140.848,-6.578,-2.673,215,145,0,0,0,0
672.07,138.175,-6.578,-2.673,215,145,0,0,0,0
665.492,135.502,-6.578,-2.673,215,145,0,0,0,0
658.915,132.828,-6.578,-2.673,215,145,0,0,0,0
652.337,130.155,-6.578,-2.673,215,145,0,0,0,0
645.76,127.482,-6.578,-2.673,215,145,0,0,0,0
639.182,124.809,-6.578,-2.673,215,145,0,0,0,0
632.605,122.135,-6.578,-2.673,215,145,0,0,0,0
626.027,119.462,-6.578,-2.673,215,145,0,0,0,0
619.45,116.789,-6.578,-2.673,210,145,-1,0,0,0
612.872,114.115,-6.578,-2.673,205,145,-1,0,0,0
606.295,111.442,-6.578,-2.673,200,145,-1,0,0,0
599.717,108.769,-6.578,-2.673,195,145,-1,0,0,0
593.14,106.095,-6.578,-2.673,190,145,-1,0,0,0
586.562,103.422,-6.578,-2.673,185,145,-1,0,0,0
579.985,100.749,-6.578,-2.673,180,145,-1,0,0,0
573.407,98.076,-6.578,-2.673,175,145,-1,0,0,0
566.83,95.402,-6.578,-2.673,170,145,-1,0,0,0
560.252,92.729,-6.578,-2.673,165,145,-1,0,0,0
553.675,90.056,-6.578,-2.673,160,145,-1,0,0,0
547.097,87.382,-6.578,-2.673,155,145,-1,0,0,0
540.52,84.709,-6.578,-2.673,150,145,-1,0,0,0
533.942,82.036,-6.578,-2.673,145,145,-1,0,0,0
527.365,79.363,-6.578,-2.673,140,145,-1,0,0,0
520.787,76.689,-6.578,-2.673,140,145,0,0,0,0
514.21,74.016,-6.578,-2.673,140,145,0,0,0,0
507.632,71.343,-6.578,-2.673,140,145,0,0,0,0
501.055,68.669,-6.578,-2.673,140,145,0,0,0,0
494.477,65.996,-6.578,-2.673,140,145,0,0,0,0
487.9,63.323,-6.578,-2.673,140,145,0,0,0,0
481.322,60.649,-6.578,-2.673,140,145,0,0,0,0
474.745,57.976,-6.578,-2.673,140,145,0,0,0,0
468.167,55.303,-6.578,-2.673,140,145,0,0,0,0
461.59,52.63,-6.578,-2.673,140,145,0,0,0,0
455.012,49.956,-6.578,-2.673,140,145,0,0,0,0
448.435,47.283,-6.578,-2.673,140,145,0,0,0,0
441.857,44.61,-6.578,-2.673,140,145,0,0,0,0
435.28,41.936,-6.578,-2.673,140,145,0,0,0,0
428.702,39.263,-6.578,-2.673,135,145,-1,0,0,0
422.125,36.59,-6.578,-2.673,130,145,-1,0,0,0
415.547,33.917,-6.578,-2.673,125,145,-1,0,0,0
408.97,31.243,-6.578,-2.673,120,145,-1,0,0,0
402.392,28.57,-6.578,-2.673,115,145,-1,0,0,0
395.815,25.897,-6.578,-2.673,110,145,-1,0,0,0
389.237,23.223,-6.578,-2.673,110,145,0,0,0,0
382.66,20.55,-6.578,-2.673,110,145,0,0,0,0
376.082,17.877,-6.578,-2.673,110,145,0,0,0,0
369.505,15.204,-6.578,-2.673,110,145,0,0,0,0
362.927,12.53,-6.578,-2.673,110,145,0,0,0,0
356.35,9.857,-6.578,-2.673,110,145,0,0,0,0
349.772,7.184,-6.578,-2.673,110,145,0,0,0,0
343.195,6.0,-6.578,2.673,110,145,0,0,0,0
336.617,8.673,-6.578,2.673,110,145,0,0,0,0
330.04,11.347,-6.578,2.673,110,145,0,0,0,0
323.462,14.02,-6.578,2.673,110,145,0,0,0,0
316.885,16.693,-6.578,2.673,110,145,0,0,0,0
310.307,19.366,-6.578,2.673,110,145,0,0,0,0
303.73,22.04,-6.578,2.673,110,145,0,0,0,0
297.152,24.713,-6.578,2.673,110,145,0,0,0,0
290.575,27.386,-6.578,2.673,110,145,0,0,0,0
283.997,30.06,-6.578,2.673,110,145,0,0,0,0
277.42,32.733,-6.578,2.673,110,145,0,0,0,0
270.842,35.406,-6.578,2.673,110,145,0,0,0,0
264.265,38.08,-6.578,2.673,110,145,0,0,0,0
257.687,40.753,-6.578,2.673,110,145,0,0,0,0
251.11,43.426,-6.578,2.673,110,145,0,0,0,0
244.532,46.099,-6.578,2.673,110,145,0,0,0,0
237.955,48.773,-6.578,2.673,110,145,0,0,0,0
231.377,51.446,-6.578,2.673,110,145,0,0,0,0
224.8,54.119,-6.578,2.673,110,145,0,0,0,0
218.222,56.793,-6.578,2.673,110,145,0,0,0,0
211.645,59.466,-6.578,2.673,110,145,0,0,0,0
205.067,62.139,-6.578,2.673,110,145,0,0,0,0
198.49,64.812,-6.578,2.673,110,145,0,0,0,0
191.912,67.486,-6.578,2.673,110,145,0,0,0,0
185.335,70.159,-6.578,2.673,110,145,0,0,0,0
178.757,72.832,-6.578,2.673,110,145,0,0,0,0
172.18,75.506,-6.578,2.673,110,145,0,0,0,0
165.602,78.179,-6.578,2.673,110,145,0,0,0,0
159.025,80.852,-6.578,2.673,110,145,0,0,0,0
152.447,83.525,-6.578,2.673,110,145,0,0,0,0
145.87,86.199,-6.578,2.673,110,145,0,0,0,0
139.292,88.872,-6.578,2.673,110,145,0,0,0,0
132.715,91.545,-6.578,2.673,110,145,0,0,0,0
126.137,94.219,-6.578,2.673,110,145,0,0,0,0
119.56,96.892,-6.578,2.673,110,145,0,0,0,0
112.982,99.565,-6.578,2.673,110,145,0,0,0,0
106.405,102.239,-6.578,2.673,110,145,0,0,0,0
99.827,104.912,-6.578,2.673,110,145,0,0,0,0
93.25,107.585,-6.578,2.673,110,145,0,0,0,0
86.672,110.258,-6.578,2.673,110,145,0,0,0,0
80.095,112.932,-6.578,2.673,115,145,1,0,0,0
73.517,115.605,-6.578,2.673,120,145,1,0,0,0
66.94,118.278,-6.578,2.673,125,145,1,0,0,0
60.362,120.952,-6.578,2.673,130,145,1,0,0,0
53.785,123.625,-6.578,2.673,135,145,1,0,0,0
47.207,126.298,-6.578,2.673,140,145,1,0,0,0
40.63,128.971,-6.578,2.673,145,145,1,0,0,0
34.052,131.645,-6.578,2.673,150,145,1,0,0,0
27.475,134.318,-6.578,2.673,155,145,1,0,0,0
20.897,136.991,-6.578,2.673,160,145,1,0,0,0
14.32,139.665,-6.578,2.673,165,145,1,0,0,0
7.742,142.338,-6.578,2.673,170,145,1,0,0,0
1.165,145.011,-6.578,2.673,175,145,1,0,0,0
-5.413,147.684,-6.578,2.673,180,145,1,0,0,0
400.0,300.0,4.996,-0.197,185,145,1,0,0,1
404.996,299.803,4.996,-0.197,185,145,0,0,0,0
409.992,299.605,4.996,-0.197,185,145,0,0,0,0
414.988,299.408,4.996,-0.197,185,145,0,0,0,0
419.984,299.21,4.996,-0.197,185,145,0,0,0,0
424.981,299.013,4.996,-0.197,185,145,0,0,0,0
429.977,298.816,4.996,-0.197,185,145,0,0,0,0
434.973,298.618,4.996,-0.197,185,145,0,0,0,0
439.969,298.421,4.996,-0.197,185,145,0,0,0,0
444.965,298.223,4.996,-0.197,185,145,0,0,0,0
449.961,298.026,4.996,-0.197,185,145,0,0,0,0
454.957,297.829,4.996,-0.197,185,145,0,0,0,0
459.953,297.631,4.996,-0.197,185,145,0,0,0,0
464.949,297.434,4.996,-0.197,185,145,0,0,0,0
469.945,297.237,4.996,-0.197,185,145,0,0,0,0
474.942,297.039,4.996,-0.197,185,145,0,0,0,0
479.938,296.842,4.996,-0.197,185,145,0,0,0,0
484.934,296.644,4.996,-0.197,185,145,0,0,0,0
489.93,296.447,4.996,-0.197,185,145,0,0,0,0
494.926,296.25,4.996,-0.197,185,145,0,0,0,0
499.922,296.052,4.996,-0.197,185,145,0,0,0,0
504.918,295.855,4.996,-0.197,185,145,0,0,0,0
509.914,295.657,4.996,-0.197,185,145,0,0,0,0
514.91,295.46,4.996,-0.197,185,145,0,0,0,0
519.906,295.263,4.996,-0.197,185,145,0,0,0,0
524.903,295.065,4.996,-0.197,185,145,0,0,0,0
529.899,294.868,4.996,-0.197,185,145,0,0,0,0
534.895,294.67,4.996,-0.197,185,145,0,0,0,0
539.891,294.473,4.996,-0.197,185,145,0,0,0,0
544.887,294.276,4.996,-0.197,185,145,0,0,0,0
549.883,294.078,4.996,-0.197,185,145,0,0,0,0
554.879,293.881,4.996,-0.197,185,150,0,1,0,0
559.875,293.683,4.996,-0.197,185,155,0,1,0,0
564.871,293.486,4.996,-0.197,185,160,0,1,0,0
569.867,293.289,4.996,-0.197,185,165,0,1,0,0
574.864,293.091,4.996,-0.197,185,170,0,1,0,0
579.86,292.894,4.996,-0.197,185,175,0,1,0,0
584.856,292.697,4.996,-0.197,185,180,0,1,0,0
589.852,292.499,4.996,-0.197,185,185,0,1,0,0
594.848,292.302,4.996,-0.197,185,190,0,1,0,0
599.844,292.104,4.996,-0.197,185,195,0,1,0,0
604.84,291.907,4.996,-0.197,185,200,0,1,0,0
609.836,291.71,4.996,-0.197,185,205,0,1,0,0
614.832,291.512,4.996,-0.197,185,210,0,1,0,0
619.828,291.315,4.996,-0.197,185,215,0,1,0,0
624.825,291.117,4.996,-0.197,185,220,0,1,0,0
629.821,290.92,4.996,-0.197,185,225,0,1,0,0
634.817,290.723,4.996,-0.197,185,230,0,1,0,0
639.813,290.525,4.996,-0.197,185,235,0,1,0,0
644.809,290.328,4.996,-0.197,185,235,0,0,0,0
649.805,290.13,4.996,-0.197,185,235,0,0,0,0
654.801,289.933,4.996,-0.197,185,235,0,0,0,0
659.797,289.736,4.996,-0.197,185,235,0,0,0,0
664.793,289.538,4.996,-0.197,185,235,0,0,0,0
669.79,289.341,4.996,-0.197,185,235,0,0,0,0
674.786,289.143,4.996,-0.197,185,235,0,0,0,0
679.782,288.946,4.996,-0.197,185,235,0,0,0,0
684.778,288.749,4.996,-0.197,185,235,0,0,0,0
689.774,288.551,4.996,-0.197,185,235,0,0,0,0
694.77,288.354,4.996,-0.197,185,235,0,0,0,0
699.766,288.157,4.996,-0.197,185,235,0,0,0,0
704.762,287.959,4.996,-0.197,185,235,0,0,0,0
709.758,287.762,4.996,-0.197,185,235,0,0,0,0
714.754,287.564,4.996,-0.197,185,240,0,1,0,0
719.751,287.367,4.996,-0.197,185,245,0,1,0,0
724.747,287.17,4.996,-0.197,185,250,0,1,0,0
729.743,286.972,4.996,-0.197,185,255,0,1,0,0
734.739,286.775,4.996,-0.197,185,260,0,1,0,0
739.735,286.577,4.996,-0.197,185,265,0,1,0,0
744.731,286.38,4.996,-0.197,185,265,0,0,0,0
749.727,286.183,4.996,-0.197,185,265,0,0,0,0
751.0,285.985,-4.657,-2.531,185,265,0,0,0,0
746.343,283.454,-4.657,-2.531,185,265,0,0,0,0
741.686,280.924,-4.657,-2.531,185,265,0,0,0,0
737.03,278.393,-4.657,-2.531,185,265,0,0,0,0
732.373,275.862,-4.657,-2.531,185,265,0,0,0,0
727.716,273.331,-4.657,-2.531,185,265,0,0,0,0
723.059,270.801,-4.657,-2.531,185,265,0,0,0,0
718.403,268.27,-4.657,-2.531,185,265,0,0,0,0
713.746,265.739,-4.657,-2.531,185,265,0,0,0,0
709.089,263.209,-4.657,-2.531,185,265,0,0,0,0
704.432,260.678,-4.657,-2.531,185,265,0,0,0,0
699.776,258.147,-4.657,-2.531,185,265,0,0,0,0
695.119,255.616,-4.657,-2.531,185,265,0,0,0,0
690.462,253.086,-4.657,-2.531,185,265,0,0,0,0
685.805,250.555,-4.657,-2.531,185,265,0,0,0,0
681.149,248.024,-4.657,-2.531,185,265,0,0,0,0
676.492,245.493,-4.657,-2.531,185,265,0,0,0,0
671.835,242.963,-4.657,-2.531,185,265,0,0,0,0
667.178,240.432,-4.657,-2.531,185,265,0,0,0,0
662.522,237.901,-4.657,-2.531,185,265,0,0,0,0
657.865,235.37,-4.657,-2.531,185,265,0,0,0,0
653.208,232.84,-4.657,-2.531,185,265,0,0,0,0
648.551,230.309,-4.657,-2.531,185,265,0,0,0,0
643.895,227.778,-4.657,-2.531,185,265,0,0,0,0
639.238,225.247,-4.657,-2.531,185,265,0,0,0,0
634.581,222.717,-4.657,-2.531,185,265,0,0,0,0
629.924,220.186,-4.657,-2.531,185,265,0,0,0,0
625.268,217.655,-4.657,-2.531,185,260,0,-1,0,0
620.611,215.124,-4.657,-2.531,185,255,0,-1,0,0
615.954,212.594,-4.657,-2.531,185,250,0,-1,0,0
611.297,210.063,-4.657,-2.531,185,245,0,-1,0,0
606.641,207.532,-4.657,-2.531,185,240,0,-1,0,0
601.984,205.001,-4.657,-2.531,185,235,0,-1,0,0
597.327,202.471,-4.657,-2.531,185,230,0,-1,0,0
592.67,199.94,-4.657,-2.531,185,225,0,-1,0,0
588.014,197.409,-4.657,-2.531,180,220,-1,-1,0,0
583.357,194.878,-4.657,-2.531,175,215,-1,-1,0,0
578.7,192.348,-4.657,-2.531,170,210,-1,-1,0,0
574.043,189.817,-4.657,-2.531,165,205,-1,-1,0,0
569.387,187.286,-4.657,-2.531,160,200,-1,-1,0,0
564.73,184.755,-4.657,-2.531,155,195,-1,-1,0,0
560.073,182.225,-4.657,-2.531,150,190,-1,-1,0,0
555.416,179.694,-4.657,-2.531,145,185,-1,-1,0,0
550.76,177.163,-4.657,-2.531,140,180,-1,-1,0,0
546.103,174.632,-4.657,-2.531,135,175,-1,-1,0,0
541.446,172.102,-4.657,-2.531,130,170,-1,-1,0,0
536.789,169.571,-4.657,-2.531,125,165,-1,-1,0,0
532.133,167.04,-4.657,-2.531,120,160,-1,-1,0,0
527.476,164.509,-4.657,-2.531,115,160,-1,0,0,0
522.819,161.979,-4.657,-2.531,115,160,0,0,0,0
518.162,159.448,-4.657,-2.531,115,160,0,0,0,0
513.506,156.917,-4.657,-2.531,115,160,0,0,0,0
508.849,154.387,-4.657,-2.531,115,160,0,0,0,0
504.192,151.856,-4.657,-2.531,115,160,0,0,0,0
499.535,149.325,-4.657,-2.531,115,160,0,0,0,0
494.879,146.794,-4.657,-2.531,115,160,0,0,0,0
490.222,144.264,-4.657,-2.531,115,160,0,0,0,0
485.565,141.733,-4.657,-2.531,115,160,0,0,0,0
480.908,139.202,-4.657,-2.531,115,160,0,0,0,0
476.252,136.671,-4.657,-2.531,115,160,0,0,0,0
471.595,134.141,-4.657,-2.531,115,160,0,0,0,0
466.938,131.61,-4.657,-2.531,115,160,0,0,0,0
462.281,129.079,-4.657,-2.531,115,160,0,0,0,0
457.625,126.548,-4.657,-2.531,115,155,0,-1,0,0
452.968,124.018,-4.657,-2.531,115,150,0,-1,0,0
448.311,121.487,-4.657,-2.531,115,145,0,-1,0,0
443.654,118.956,-4.657,-2.531,115,140,0,-1,0,0
438.998,116.425,-4.657,-2.531,115,135,0,-1,0,0
434.341,113.895,-4.657,-2.531,115,130,0,-1,0,0
429.684,111.364,-4.657,-2.531,115,125,0,-1,0,0
425.027,108.833,-4.657,-2.531,115,125,0,0,0,0
420.371,106.302,-4.657,-2.531,115,125,0,0,0,0
415.714,103.772,-4.657,-2.531,115,125,0,0,0,0
411.057,101.241,-4.657,-2.531,115,125,0,0,0,0
406.4,98.71,-4.657,-2.531,115,125,0,0,0,0
401.744,96.179,-4.657,-2.531,115,125,0,0,0,0
397.087,93.649,-4.657,-2.531,115,125,0,0,0,0
392.43,91.118,-4.657,-2.531,115,125,0,0,0,0
387.773,88.587,-4.657,-2.531,115,125,0,0,0,0
383.117,86.056,-4.657,-2.531,115,125,0,0,0,0
378.46,83.526,-4.657,-2.531,115,125,0,0,0,0
373.803,80.995,-4.657,-2.531,115,125,0,0,0,0
369.146,78.464,-4.657,-2.531,115,125,0,0,0,0
364.49,75.933,-4.657,-2.531,115,125,0,0,0,0
359.833,73.403,-4.657,-2.531,115,125,0,0,0,0
355.176,70.872,-4.657,-2.531,115,125,0,0,0,0
350.519,68.341,-4.657,-2.531,115,125,0,0,0,0
345.863,65.81,-4.657,-2.531,115,125,0,0,0,0
341.206,63.28,-4.657,-2.531,115,125,0,0,0,0
336.549,60.749,-4.657,-2.531,115,125,0,0,0,0
331.892,58.218,-4.657,-2.531,115,125,0,0,0,0
327.236,55.687,-4.657,-2.531,115,125,0,0,0,0
322.579,53.157,-4.657,-2.531,115,125,0,0,0,0
317.922,50.626,-4.657,-2.531,115,125,0,0,0,0
313.265,48.095,-4.657,-2.531,115,125,0,0,0,0
308.609,45.565,-4.657,-2.531,115,125,0,0,0,0
303.952,43.034,-4.657,-2.531,115,125,0,0,0,0
299.295,40.503,-4.657,-2.531,115,125,0,0,0,0
294.638,37.972,-4.657,-2.531,115,125,0,0,0,0
289.982,35.442,-4.657,-2.531,115,125,0,0,0,0
285.325,32.911,-4.657,-2.531,115,125,0,0,0,0
280.668,30.38,-4.657,-2.531,115,125,0,0,0,0
276.011,27.849,-4.657,-2.531,115,125,0,0,0,0
271.355,25.319,-4.657,-2.531,115,125,0,0,0,0
266.698,22.788,-4.657,-2.531,115,125,0,0,0,0
262.041,20.257,-4.657,-2.531,115,125,0,0,0,0
257.384,17.726,-4.657,-2.531,115,125,0,0,0,0
252.728,15.196,-4.657,-2.531,115,125,0,0,0,0
248.071,12.665,-4.657,-2.531,115,125,0,0,0,0
243.414,10.134,-4.657,-2.531,115,125,0,0,0,0
238.757,7.603,-4.657,-2.531,115,125,0,0,0,0
234.101,6.0,-4.657,2.531,115,125,0,0,0,0
229.444,8.531,-4.657,2.531,115,125,0,0,0,0
224.787,11.061,-4.657,2.531,115,125,0,0,0,0
220.13,13.592,-4.657,2.531,115,125,0,0,0,0
215.474,16.123,-4.657,2.531,115,125,0,0,0,0
210.817,18.654,-4.657,2.531,115,125,0,0,0,0
206.16,21.184,-4.657,2.531,115,125,0,0,0,0
201.503,23.715,-4.657,2.531,115,125,0,0,0,0
196.847,26.246,-4.657,2.531,115,125,0,0,0,0
192.19,28.777,-4.657,2.531,115,125,0,0,0,0
187.533,31.307,-4.657,2.531,115,125,0,0,0,0
182.876,33.838,-4.657,2.531,115,125,0,0,0,0
178.22,36.369,-4.657,2.531,115,125,0,0,0,0
173.563,38.9,-4.657,2.531,115,125,0,0,0,0
168.906,41.43,-4.657,2.531,115,125,0,0,0,0
164.249,43.961,-4.657,2.531,115,125,0,0,0,0
159.593,46.492,-4.657,2.531,115,125,0,0,0,0
154.936,49.023,-4.657,2.531,115,125,0,0,0,0
150.279,51.553,-4.657,2.531,115,125,0,0,0,0
145.622,54.084,-4.657,2.531,115,125,0,0,0,0
140.966,56.615,-4.657,2.531,115,125,0,0,0,0
136.309,59.146,-4.657,2.531,115,125,0,0,0,0
131.652,61.676,-4.657,2.531,115,125,0,0,0,0
126.995,64.207,-4.657,2.531,115,125,0,0,0,0
122.339,66.738,-4.657,2.531,115,125,0,0,0,0
117.682,69.269,-4.657,2.531,115,125,0,0,0,0
113.025,71.799,-4.657,2.531,115,125,0,0,0,0
108.368,74.33,-4.657,2.531,115,125,0,0,0,0
103.712,76.861,-4.657,2.531,115,125,0,0,0,0
99.055,79.392,-4.657,2.531,115,125,0,0,0,0
94.398,81.922,-4.657,2.531,115,125,0,0,0,0
89.741,84.453,-4.657,2.531,115,125,0,0,0,0
85.085,86.984,-4.657,2.531,115,125,0,0,0,0
80.428,89.515,-4.657,2.531,115,125,0,0,0,0
75.771,92.045,-4.657,2.531,115,125,0,0,0,0
71.114,94.576,-4.657,2.531,115,125,0,0,0,0
66.458,97.107,-4.657,2.531,115,125,0,0,0,0
61.801,99.638,-4.657,2.531,115,125,0,0,0,0
57.144,102.168,-4.657,2.531,115,125,0,0,0,0
52.487,104.699,-4.657,2.531,115,125,0,0,0,0
47.831,107.23,-4.657,2.531,115,125,0,0,0,0
43.174,109.761,-4.657,2.531,115,125,0,0,0,0
49.0,112.291,2.8,-4.85,115,125,0,0,0,0
51.8,107.442,2.8,-4.85,115,125,0,0,0,0
54.6,102.592,2.8,-4.85,115,125,0,0,0,0
57.4,97.742,2.8,-4.85,115,125,0,0,0,0
60.2,92.892,2.8,-4.85,115,125,0,0,0,0
63.0,88.043,2.8,-4.85,115,125,0,0,0,0
65.8,83.193,2.8,-4.85,115,125,0,0,0,0
68.6,78.343,2.8,-4.85,115,125,0,0,0,0
71.4,73.493,2.8,-4.85,115,125,0,0,0,0
74.2,68.644,2.8,-4.85,115,125,0,0,0,0
77.0,63.794,2.8,-4.85,115,125,0,0,0,0
79.8,58.944,2.8,-4.85,115,125,0,0,0,0
82.6,54.094,2.8,-4.85,115,125,0,0,0,0
85.4,49.245,2.8,-4.85,115,125,0,0,0,0
88.2,44.395,2.8,-4.85,115,125,0,0,0,0
91.0,39.545,2.8,-4.85,115,125,0,0,0,0
93.8,34.695,2.8,-4.85,115,125,0,0,0,0
96.6,29.846,2.8,-4.85,115,125,0,0,0,0
99.4,24.996,2.8,-4.85,115,125,0,0,0,0
102.2,20.146,2.8,-4.85,115,125,0,0,0,0
105.0,15.296,2.8,-4.85,115,125,0,0,0,0
107.8,10.447,2.8,-4.85,115,125,0,0,0,0
110.6,6.0,2.8,4.85,115,125,0,0,0,0
113.4,10.85,2.8,4.85,115,125,0,0,0,0
116.2,15.699,2.8,4.85,115,125,0,0,0,0
119.0,20.549,2.8,4.85,115,125,0,0,0,0
121.8,25.399,2.8,4.85,115,125,0,0,0,0
124.6,30.249,2.8,4.85,115,125,0,0,0,0
127.4,35.098,2.8,4.85,115,125,0,0,0,0
130.2,39.948,2.8,4.85,115,125,0,0,0,0
133.0,44.798,2.8,4.85,115,125,0,0,0,0
135.8,49.648,2.8,4.85,115,125,0,0,0,0
138.6,54.497,2.8,4.85,115,125,0,0,0,0
141.4,59.347,2.8,4.85,115,125,0,0,0,0
144.2,64.197,2.8,4.85,115,125,0,0,0,0
147.0,69.047,2.8,4.85,115,125,0,0,0,0
149.8,73.896,2.8,4.85,115,125,0,0,0,0
152.6,78.746,2.8,4.85,115,125,0,0,0,0
155.4,83.596,2.8,4.85,115,125,0,0,0,0
158.2,88.446,2.8,4.85,115,125,0,0,0,0
161.0,93.295,2.8,4.85,115,130,0,1,0,0
163.8,98.145,2.8,4.85,115,135,0,1,0,0
166.6,102.995,2.8,4.85,115,140,0,1,0,0
169.4,107.845,2.8,4.85,115,145,0,1,0,0
172.2,112.694,2.8,4.85,115,150,0,1,0,0
175.0,117.544,2.8,4.85,115,155,0,1,0,0
177.8,122.394,2.8,4.85,115,160,0,1,0,0
180.6,127.244,2.8,4.85,115,165,0,1,0,0
183.4,132.093,2.8,4.85,115,170,0,1,0,0
186.2,136.943,2.8,4.85,115,175,0,1,0,0
189.0,141.793,2.8,4.85,115,180,0,1,0,0
191.8,146.643,2.8,4.85,115,185,0,1,0,0
194.6,151.492,2.8,4.85,120,190,1,1,0,0
197.4,156.342,2.8,4.85,125,195,1,1,0,0
200.2,161.192,2.8,4.85,130,200,1,1,0,0
203.0,166.041,2.8,4.85,135,205,1,1,0,0
205.8,170.891,2.8,4.85,140,210,1,1,0,0
208.6,175.741,2.8,4.85,145,215,1,1,0,0
211.4,180.591,2.8,4.85,150,220,1,1,0,0
214.2,185.44,2.8,4.85,155,225,1,1,0,0
217.0,190.29,2.8,4.85,160,230,1,1,0,0
219.8,195.14,2.8,4.85,165,235,1,1,0,0
222.6,199.99,2.8,4.85,170,240,1,1,0,0
225.4,204.839,2.8,4.85,175,245,1,1,0,0
228.2,209.689,2.8,4.85,175,250,0,1,0,0
231.0,214.539,2.8,4.85,175,255,0,1,0,0
233.8,219.389,2.8,4.85,175,260,0,1,0,0
236.6,224.238,2.8,4.85,175,265,0,1,0,0
239.4,229.088,2.8,4.85,175,270,0,1,0,0
242.2,233.938,2.8,4.85,175,275,0,1,0,0
245.0,238.788,2.8,4.85,175,280,0,1,0,0
247.8,243.637,2.8,4.85,175,285,0,1,0,0
250.6,248.487,2.8,4.85,175,290,0,1,0,0
253.4,253.337,2.8,4.85,175,295,0,1,0,0
256.2,258.187,2.8,4.85,175,300,0,1,0,0
259.0,263.036,2.8,4.85,175,305,0,1,0,0
261.8,267.886,2.8,4.85,180,310,1,1,0,0
264.6,272.736,2.8,4.85,185,315,1,1,0,0
267.4,277.586,2.8,4.85,190,320,1,1,0,0
270.2,282.435,2.8,4.85,195,325,1,1,0,0
273.0,287.285,2.8,4.85,200,330,1,1,0,0
275.8,292.135,2.8,4.85,205,335,1,1,0,0
278.6,296.985,2.8,4.85,210,340,1,1,0,0
281.4,301.834,2.8,4.85,215,345,1,1,0,0
284.2,306.684,2.8,4.85,220,350,1,1,0,0
287.0,311.534,2.8,4.85,225,355,1,1,0,0
289.8,316.384,2.8,4.85,230,360,1,1,0,0
292.6,321.233,2.8,4.85,235,365,1,1,0,0
295.4,326.083,2.8,4.85,235,370,0,1,0,0
298.2,330.933,2.8,4.85,235,375,0,1,0,0
301.0,335.782,2.8,4.85,235,380,0,1,0,0
303.8,340.632,2.8,4.85,235,385,0,1,0,0
306.6,345.482,2.8,4.85,235,390,0,1,0,0
309.4,350.332,2.8,4.85,235,395,0,1,0,0
312.2,355.181,2.8,4.85,235,400,0,1,0,0
315.0,360.031,2.8,4.85,235,405,0,1,0,0
317.8,364.881,2.8,4.85,235,410,0,1,0,0
320.6,369.731,2.8,4.85,235,415,0,1,0,0
323.4,374.58,2.8,4.85,235,420,0,1,0,0
326.2,379.43,2.8,4.85,235,425,0,1,0,0
329.0,384.28,2.8,4.85,235,430,0,1,0,0
331.8,389.13,2.8,4.85,235,435,0,1,0,0
334.6,393.979,2.8,4.85,235,440,0,1,0,0
337.4,398.829,2.8,4.85,235,445,0,1,0,0
340.2,403.679,2.8,4.85,235,450,0,1,0,0
343.0,408.529,2.8,4.85,235,455,0,1,0,0
345.8,413.378,2.8,4.85,235,460,0,1,0,0
348.6,418.228,2.8,4.85,235,465,0,1,0,0
351.4,423.078,2.8,4.85,235,470,0,1,0,0
354.2,427.928,2.8,4.85,235,475,0,1,0,0
357.0,432.777,2.8,4.85,235,480,0,1,0,0
359.8,437.627,2.8,4.85,235,485,0,1,0,0
362.6,442.477,2.8,4.85,235,490,0,1,0,0
365.4,447.327,2.8,4.85,235,495,0,1,0,0
368.2,452.176,2.8,4.85,235,500,0,1,0,0
371.0,457.026,2.8,4.85,235,505,0,1,0,0
373.8,461.876,2.8,4.85,235,510,0,1,0,0
376.6,466.726,2.8,4.85,235,515,0,1,0,0
379.4,471.575,2.8,4.85,235,520,0,1,0,0
382.2,476.425,2.8,4.85,235,520,0,1,0,0
385.0,481.275,2.8,4.85,235,520,0,0,0,0
387.8,486.124,2.8,4.85,235,520,0,0,0,0
390.6,490.974,2.8,4.85,235,520,0,0,0,0
393.4,495.824,2.8,4.85,235,520,0,0,0,0
396.2,500.674,2.8,4.85,235,520,0,0,0,0
399.0,505.523,2.8,4.85,235,520,0,0,0,0
401.8,510.373,2.8,4.85,235,520,0,0,0,0
404.6,515.223,2.8,4.85,235,520,0,0,0,0
407.4,520.073,2.8,4.85,235,520,0,0,0,0
410.2,524.922,2.8,4.85,235,520,0,0,0,0
413.0,529.772,2.8,4.85,235,520,0,0,0,0
415.8,534.622,2.8,4.85,235,520,0,0,0,0
418.6,539.472,2.8,4.85,235,520,0,0,0,0
421.4,544.321,2.8,4.85,235,515,0,-1,0,0
424.2,549.171,2.8,4.85,235,510,0,-1,0,0
427.0,554.021,2.8,4.85,235,505,0,-1,0,0
429.8,558.871,2.8,4.85,235,500,0,-1,0,0
432.6,563.72,2.8,4.85,235,495,0,-1,0,0
435.4,568.57,2.8,4.85,235,490,0,-1,0,0
438.2,573.42,2.8,4.85,235,485,0,-1,0,0
441.0,578.27,2.8,4.85,235,480,0,-1,0,0
443.8,583.119,2.8,4.85,235,475,0,-1,0,0
446.6,587.969,2.8,4.85,235,470,0,-1,0,0
449.4,592.819,2.8,4.85,235,465,0,-1,0,0
452.2,594.0,2.8,-4.85,235,460,0,-1,0,0
455.0,589.15,2.8,-4.85,235,455,0,-1,0,0
457.8,584.301,2.8,-4.85,235,450,0,-1,0,0
460.6,579.451,2.8,-4.85,235,445,0,-1,0,0
463.4,574.601,2.8,-4.85,235,440,0,-1,0,0
466.2,569.751,2.8,-4.85,235,435,0,-1,0,0
469.0,564.902,2.8,-4.85,235,430,0,-1,0,0
471.8,560.052,2.8,-4.85,235,425,0,-1,0,0
474.6,555.202,2.8,-4.85,235,420,0,-1,0,0
477.4,550.352,2.8,-4.85,235,415,0,-1,0,0
480.2,545.503,2.8,-4.85,235,410,0,-1,0,0
483.0,540.653,2.8,-4.85,235,405,0,-1,0,0
485.8,535.803,2.8,-4.85,235,400,0,-1,0,0
488.6,530.953,2.8,-4.85,235,395,0,-1,0,0
491.4,526.104,2.8,-4.85,235,390,0,-1,0,0
494.2,521.254,2.8,-4.85,235,385,0,-1,0,0
497.0,516.404,2.8,-4.85,235,380,0,-1,0,0
499.8,511.554,2.8,-4.85,235,375,0,-1,0,0
502.6,506.705,2.8,-4.85,235,370,0,-1,0,0
505.4,501.855,2.8,-4.85,235,365,0,-1,0,0
508.2,497.005,2.8,-4.85,235,360,0,-1,0,0
511.0,492.155,2.8,-4.85,235,355,0,-1,0,0
513.8,487.306,2.8,-4.85,235,350,0,-1,0,0
516.6,482.456,2.8,-4.85,235,345,0,-1,0,0
519.4,477.606,2.8,-4.85,235,340,0,-1,0,0
522.2,472.756,2.8,-4.85,235,335,0,-1,0,0
525.0,467.907,2.8,-4.85,235,330,0,-1,0,0
527.8,463.057,2.8,-4.85,235,325,0,-1,0,0
530.6,458.207,2.8,-4.85,235,320,0,-1,0,0
533.4,453.357,2.8,-4.85,235,315,0,-1,0,0
536.2,448.508,2.8,-4.85,235,310,0,-1,0,0
539.0,443.658,2.8,-4.85,235,305,0,-1,0,0
541.8,438.808,2.8,-4.85,235,300,0,-1,0,0
544.6,433.959,2.8,-4.85,235,295,0,-1,0,0
547.4,429.109,2.8,-4.85,235,290,0,-1,0,0
550.2,424.259,2.8,-4.85,235,285,0,-1,0,0
553.0,419.409,2.8,-4.85,235,280,0,-1,0,0
555.8,414.56,2.8,-4.85,235,275,0,-1,0,0
558.6,409.71,2.8,-4.85,235,270,0,-1,0,0
561.4,404.86,2.8,-4.85,235,265,0,-1,0,0
564.2,400.01,2.8,-4.85,235,260,0,-1,0,0
567.0,395.161,2.8,-4.85,235,255,0,-1,0,0
569.8,390.311,2.8,-4.85,235,250,0,-1,0,0
572.6,385.461,2.8,-4.85,235,245,0,-1,0,0
575.4,380.611,2.8,-4.85,240,240,1,-1,0,0
578.2,375.762,2.8,-4.85,245,235,1,-1,0,0
581.0,370.912,2.8,-4.85,250,230,1,-1,0,0
583.8,366.062,2.8,-4.85,255,225,1,-1,0,0
586.6,361.212,2.8,-4.85,260,220,1,-1,0,0
589.4,356.363,2.8,-4.85,265,215,1,-1,0,0
592.2,351.513,2.8,-4.85,270,210,1,-1,0,0
595.0,346.663,2.8,-4.85,275,205,1,-1,0,0
597.8,341.813,2.8,-4.85,280,200,1,-1,0,0
600.6,336.964,2.8,-4.85,285,195,1,-1,0,0
603.4,332.114,2.8,-4.85,290,190,1,-1,0,0
606.2,327.264,2.8,-4.85,295,185,1,-1,0,0
609.0,322.414,2.8,-4.85,300,180,1,-1,0,0
611.8,317.565,2.8,-4.85,300,175,0,-1,0,0
614.6,312.715,2.8,-4.85,300,170,0,-1,0,0
617.4,307.865,2.8,-4.85,300,165,0,-1,0,0
620.2,303.015,2.8,-4.85,300,160,0,-1,0,0
623.0,298.166,2.8,-4.85,300,155,0,-1,0,0
625.8,293.316,2.8,-4.85,300,150,0,-1,0,0
628.6,288.466,2.8,-4.85,300,145,0,-1,0,0
631.4,283.616,2.8,-4.85,300,140,0,-1,0,0
634.2,278.767,2.8,-4.85,300,135,0,-1,0,0
637.0,273.917,2.8,-4.85,300,130,0,-1,0,0
639.8,269.067,2.8,-4.85,300,125,0,-1,0,0
642.6,264.218,2.8,-4.85,300,120,0,-1,0,0
645.4,259.368,2.8,-4.85,300,115,0,-1,0,0
648.2,254.518,2.8,-4.85,300,110,0,-1,0,0
651.0,249.668,2.8,-4.85,300,105,0,-1,0,0
653.8,244.819,2.8,-4.85,300,100,0,-1,0,0
656.6,239.969,2.8,-4.85,300,95,0,-1,0,0
659.4,235.119,2.8,-4.85,300,95,0,0,0,0
662.2,230.269,2.8,-4.85,300,95,0,0,0,0
665.0,225.42,2.8,-4.85,300,95,0,0,0,0
667.8,220.57,2.8,-4.85,300,95,0,0,0,0
670.6,215.72,2.8,-4.85,300,95,0,0,0,0
673.4,210.87,2.8,-4.85,300,95,0,0,0,0
676.2,206.021,2.8,-4.85,300,95,0,0,0,0
679.0,201.171,2.8,-4.85,300,95,0,0,0,0
681.8,196.321,2.8,-4.85,300,95,0,0,0,0
684.6,191.471,2.8,-4.85,300,95,0,0,0,0
687.4,186.622,2.8,-4.85,300,95,0,0,0,0
690.2,181.772,2.8,-4.85,300,95,0,0,0,0
693.0,176.922,2.8,-4.85,300,95,0,0,0,0
695.8,172.072,2.8,-4.85,300,95,0,0,0,0
698.6,167.223,2.8,-4.85,300,95,0,0,0,0
701.4,162.373,2.8,-4.85,300,95,0,0,0,0
704.2,157.523,2.8,-4.85,300,95,0,0,0,0
707.0,152.673,2.8,-4.85,300,90,0,-1,0,0
709.8,147.824,2.8,-4.85,300,85,0,-1,0,0
712.6,142.974,2.8,-4.85,300,80,0,-1,0,0
715.4,138.124,2.8,-4.85,300,75,0,-1,0,0
718.2,133.274,2.8,-4.85,300,70,0,-1,0,0
721.0,128.425,2.8,-4.85,300,65,0,-1,0,0
723.8,123.575,2.8,-4.85,300,60,0,-1,0,0
726.6,118.725,2.8,-4.85,300,55,0,-1,0,0
729.4,113.876,2.8,-4.85,300,55,0,0,0,0
732.2,109.026,2.8,-4.85,300,55,0,0,0,0
735.0,104.176,2.8,-4.85,300,55,0,0,0,0
737.8,99.326,2.8,-4.85,300,55,0,0,0,0
740.6,94.477,2.8,-4.85,300,55,0,0,0,0
743.4,89.627,2.8,-4.85,300,55,0,0,0,0
746.2,84.777,2.8,-4.85,300,55,0,0,0,0
749.0,79.927,2.8,-4.85,300,55,0,0,0,0
751.8,75.078,2.8,-4.85,300,55,0,0,0,0
751.0,70.228,-4.702,-3.564,300,55,0,0,0,0
746.298,66.664,-4.702,-3.564,300,55,0,0,0,0
741.596,63.1,-4.702,-3.564,300,55,0,0,0,0
736.894,59.537,-4.702,-3.564,300,55,0,0,0,0
732.192,55.973,-4.702,-3.564,300,50,0,-1,0,0
727.489,52.409,-4.702,-3.564,300,45,0,-1,0,0
722.787,48.846,-4.702,-3.564,300,40,0,-1,0,0
718.085,45.282,-4.702,-3.564,300,35,0,-1,0,0
713.383,41.718,-4.702,-3.564,300,30,0,-1,0,0
708.681,38.154,-4.702,-3.564,300,25,0,-1,0,0
703.979,34.591,-4.702,-3.564,300,20,0,-1,0,0
699.277,31.027,-4.702,-3.564,300,15,0,-1,0,0
694.575,27.463,-4.702,-3.564,300,10,0,-1,0,0
689.872,23.9,-4.702,-3.564,300,10,0,0,0,0
685.17,20.336,-4.702,-3.564,300,10,0,0,0,0
680.468,16.772,-4.702,-3.564,300,10,0,0,0,0
675.766,13.208,-4.702,-3.564,300,10,0,0,0,0
671.064,9.645,-4.702,-3.564,300,10,0,0,0,0
666.362,6.081,-4.702,-3.564,300,10,0,0,0,0
661.66,6.0,-4.702,3.564,300,15,0,1,0,0
656.958,9.564,-4.702,3.564,300,20,0,1,0,0
652.255,13.127,-4.702,3.564,300,25,0,1,0,0
647.553,16.691,-4.702,3.564,300,30,0,1,0,0
642.851,20.255,-4.702,3.564,300,35,0,1,0,0
638.149,23.819,-4.702,3.564,300,40,0,1,0,0
633.447,27.382,-4.702,3.564,300,45,0,1,0,0
628.745,30.946,-4.702,3.564,300,50,0,1,0,0
624.043,34.51,-4.702,3.564,300,55,0,1,0,0
619.341,38.073,-4.702,3.564,300,60,0,1,0,0
614.638,41.637,-4.702,3.564,300,65,0,1,0,0
609.936,45.201,-4.702,3.564,300,70,0,1,0,0
605.234,48.765,-4.702,3.564,300,75,0,1,0,0
600.532,52.328,-4.702,3.564,300,80,0,1,0,0
595.83,55.892,-4.702,3.564,300,85,0,1,0,0
591.128,59.456,-4.702,3.564,300,90,0,1,0,0
586.426,63.019,-4.702,3.564,300,95,0,1,0,0
581.724,66.583,-4.702,3.564,300,100,0,1,0,0
577.021,70.147,-4.702,3.564,300,105,0,1,0,0
572.319,73.71,-4.702,3.564,300,110,0,1,0,0
567.617,77.274,-4.702,3.564,300,115,0,1,0,0
562.915,80.838,-4.702,3.564,300,120,0,1,0,0
558.213,84.402,-4.702,3.564,300,125,0,1,0,0
553.511,87.965,-4.702,3.564,300,130,0,1,0,0
548.809,91.529,-4.702,3.564,300,135,0,1,0,0
544.107,95.093,-4.702,3.564,300,140,0,1,0,0
539.404,98.656,-4.702,3.564,300,145,0,1,0,0
534.702,102.22,-4.702,3.564,300,150,0,1,0,0
530.0,105.784,-4.702,3.564,300,155,0,1,0,0
525.298,109.348,-4.702,3.564,300,160,0,1,0,0
520.596,112.911,-4.702,3.564,300,165,0,1,0,0
515.894,116.475,-4.702,3.564,300,170,0,1,0,0
511.192,120.039,-4.702,3.564,300,175,0,1,0,0
506.49,123.602,-4.702,3.564,300,180,0,1,0,0
501.787,127.166,-4.702,3.564,300,185,0,1,0,0
497.085,130.73,-4.702,3.564,300,190,0,1,0,0
492.383,134.294,-4.702,3.564,300,195,0,1,0,0
487.681,137.857,-4.702,3.564,300,200,0,1,0,0
482.979,141.421,-4.702,3.564,300,205,0,1,0,0
478.277,144.985,-4.702,3.564,300,210,0,1,0,0
473.575,148.548,-4.702,3.564,300,215,0,1,0,0
468.873,152.112,-4.702,3.564,300,220,0,1,0,0
464.17,155.676,-4.702,3.564,300,225,0,1,0,0
459.468,159.239,-4.702,3.564,300,230,0,1,0,0
454.766,162.803,-4.702,3.564,300,235,0,1,0,0
450.064,166.367,-4.702,3.564,300,240,0,1,0,0
445.362,169.931,-4.702,3.564,300,245,0,1,0,0
440.66,173.494,-4.702,3.564,300,250,0,1,0,0
435.958,177.058,-4.702,3.564,300,255,0,1,0,0
431.256,180.622,-4.702,3.564,300,260,0,1,0,0
426.553,184.185,-4.702,3.564,300,265,0,1,0,0
421.851,187.749,-4.702,3.564,300,270,0,1,0,0
417.149,191.313,-4.702,3.564,300,275,0,1,0,0
412.447,194.877,-4.702,3.564,300,280,0,1,0,0
407.745,198.44,-4.702,3.564,300,285,0,1,0,0
403.043,202.004,-4.702,3.564,300,290,0,1,0,0
398.341,205.568,-4.702,3.564,300,295,0,1,0,0
393.639,209.131,-4.702,3.564,300,300,0,1,0,0
388.936,212.695,-4.702,3.564,300,305,0,1,0,0
384.234,216.259,-4.702,3.564,300,310,0,1,0,0
379.532,219.823,-4.702,3.564,300,315,0,1,0,0
374.83,223.386,-4.702,3.564,300,320,0,1,0,0
370.128,226.95,-4.702,3.564,300,325,0,1,0,0
365.426,230.514,-4.702,3.564,300,330,0,1,0,0
360.724,234.077,-4.702,3.564,300,335,0,1,0,0
356.022,237.641,-4.702,3.564,305,340,1,1,0,0
351.319,241.205,-4.702,3.564,310,345,1,1,0,0
346.617,244.769,-4.702,3.564,315,350,1,1,0,0
341.915,248.332,-4.702,3.564,320,355,1,1,0,0
337.213,251.896,-4.702,3.564,325,360,1,1,0,0
332.511,255.46,-4.702,3.564,330,365,1,1,0,0
327.809,259.023,-4.702,3.564,335,370,1,1,0,0
323.107,262.587,-4.702,3.564,335,370,0,0,0,0
318.405,266.151,-4.702,3.564,335,370,0,0,0,0
313.702,269.714,-4.702,3.564,335,370,0,0,0,0
309.0,273.278,-4.702,3.564,335,370,0,0,0,0
304.298,276.842,-4.702,3.564,335,370,0,0,0,0
299.596,280.406,-4.702,3.564,335,370,0,0,0,0
294.894,283.969,-4.702,3.564,335,370,0,0,0,0
290.192,287.533,-4.702,3.564,335,370,0,0,0,0
285.49,291.097,-4.702,3.564,335,370,0,0,0,0
280.788,294.66,-4.702,3.564,335,370,0,0,0,0
276.085,298.224,-4.702,3.564,335,370,0,0,0,0
271.383,301.788,-4.702,3.564,335,370,0,0,0,0
266.681,305.352,-4.702,3.564,335,370,0,0,0,0
261.979,308.915,-4.702,3.564,335,370,0,0,0,0
257.277,312.479,-4.702,3.564,335,370,0,0,0,0
252.575,316.043,-4.702,3.564,335,370,0,0,0,0
247.873,319.606,-4.702,3.564,335,370,0,0,0,0
243.171,323.17,-4.702,3.564,335,370,0,0,0,0
238.468,326.734,-4.702,3.564,335,370,0,0,0,0
233.766,330.298,-4.702,3.564,335,370,0,0,0,0
229.064,333.861,-4.702,3.564,335,370,0,0,0,0
224.362,337.425,-4.702,3.564,335,370,0,0,0,0
219.66,340.989,-4.702,3.564,335,370,0,0,0,0
214.958,344.552,-4.702,3.564,335,370,0,0,0,0
210.256,348.116,-4.702,3.564,335,370,0,0,0,0
205.554,351.68,-4.702,3.564,335,370,0,0,0,0
200.851,355.243,-4.702,3.564,335,370,0,0,0,0
196.149,358.807,-4.702,3.564,335,370,0,0,0,0
191.447,362.371,-4.702,3.564,335,370,0,0,0,0
186.745,365.935,-4.702,3.564,335,370,0,0,0,0
182.043,369.498,-4.702,3.564,335,370,0,0,0,0
177.341,373.062,-4.702,3.564,335,370,0,0,0,0
172.639,376.626,-4.702,3.564,335,370,0,0,0,0
167.937,380.189,-4.702,3.564,340,370,1,0,0,0
163.234,383.753,-4.702,3.564,345,370,1,0,0,0
158.532,387.317,-4.702,3.564,350,370,1,0,0,0
153.83,390.881,-4.702,3.564,355,370,1,0,0,0
149.128,394.444,-4.702,3.564,360,370,1,0,0,0
144.426,398.008,-4.702,3.564,365,370,1,0,0,0
139.724,401.572,-4.702,3.564,370,370,1,0,0,0
135.022,405.135,-4.702,3.564,375,370,1,0,0,0
130.32,408.699,-4.702,3.564,380,370,1,0,0,0
125.617,412.263,-4.702,3.564,385,370,1,0,0,0
120.915,415.827,-4.702,3.564,390,370,1,0,0,0
116.213,419.39,-4.702,3.564,395,370,1,0,0,0
111.511,422.954,-4.702,3.564,400,370,1,0,0,0
106.809,426.518,-4.702,3.564,405,370,1,0,0,0
102.107,430.081,-4.702,3.564,410,370,1,0,0,0
97.405,433.645,-4.702,3.564,415,370,1,0,0,0
92.703,437.209,-4.702,3.564,420,370,1,0,0,0
88.0,440.773,-4.702,3.564,425,370,1,0,0,0
83.298,444.336,-4.702,3.564,425,370,0,0,0,0
78.596,447.9,-4.702,3.564,425,370,0,0,0,0
73.894,451.464,-4.702,3.564,425,370,0,0,0,0
69.192,455.027,-4.702,3.564,425,370,0,0,0,0
64.49,458.591,-4.702,3.564,425,370,0,0,0,0
59.788,462.155,-4.702,3.564,425,370,0,0,0,0
55.086,465.718,-4.702,3.564,425,370,0,0,0,0
50.383,469.282,-4.702,3.564,425,370,0,0,0,0
49.0,472.846,6.183,0.462,430,370,1,0,0,0
55.183,473.307,6.183,0.462,435,370,1,0,0,0
61.366,473.769,6.183,0.462,440,370,1,0,0,0
67.548,474.23,6.183,0.462,445,370,1,0,0,0
73.731,474.692,6.183,0.462,450,370,1,0,0,0
79.914,475.153,6.183,0.462,455,370,1,0,0,0
86.097,475.615,6.183,0.462,460,370,1,0,0,0
92.28,476.076,6.183,0.462,465,370,1,0,0,0
98.462,476.538,6.183,0.462,470,370,1,0,0,0
104.645,476.999,6.183,0.462,475,370,1,0,0,0
110.828,477.461,6.183,0.462,480,370,1,0,0,0
117.011,477.922,6.183,0.462,485,370,1,0,0,0
123.194,478.384,6.183,0.462,485,370,0,0,0,0
129.376,478.845,6.183,0.462,485,370,0,0,0,0
135.559,479.307,6.183,0.462,485,370,0,0,0,0
141.742,479.768,6.183,0.462,485,370,0,0,0,0
147.925,480.23,6.183,0.462,485,370,0,0,0,0
154.108,480.691,6.183,0.462,485,375,0,1,0,0
160.29,481.153,6.183,0.462,485,380,0,1,0,0
166.473,481.614,6.183,0.462,485,385,0,1,0,0
172.656,482.076,6.183,0.462,485,390,0,1,0,0
178.839,482.538,6.183,0.462,485,395,0,1,0,0
185.022,482.999,6.183,0.462,485,400,0,1,0,0
191.204,483.461,6.183,0.462,485,405,0,1,0,0
197.387,483.922,6.183,0.462,485,410,0,1,0,0
203.57,484.384,6.183,0.462,485,415,0,1,0,0
209.753,484.845,6.183,0.462,485,420,0,1,0,0
215.936,485.307,6.183,0.462,485,425,0,1,0,0
222.118,485.768,6.183,0.462,485,430,0,1,0,0
228.301,486.23,6.183,0.462,485,435,0,1,0,0
234.484,486.691,6.183,0.462,485,440,0,1,0,0
240.667,487.153,6.183,0.462,485,445,0,1,0,0
246.85,487.614,6.183,0.462,485,450,0,1,0,0
253.032,488.076,6.183,0.462,485,455,0,1,0,0
259.215,488.537,6.183,0.462,485,460,0,1,0,0
265.398,488.999,6.183,0.462,485,465,0,1,0,0
271.581,489.46,6.183,0.462,485,470,0,1,0,0
277.764,489.922,6.183,0.462,485,475,0,1,0,0
283.946,490.383,6.183,0.462,485,480,0,1,0,0
290.129,490.845,6.183,0.462,485,485,0,1,0,0
296.312,491.306,6.183,0.462,485,490,0,1,0,0
302.495,491.768,6.183,0.462,480,495,-1,1,0,0
308.678,492.229,6.183,0.462,475,495,-1,0,0,0
314.86,492.691,6.183,0.462,470,495,-1,0,0,0
321.043,493.152,6.183,0.462,465,495,-1,0,0,0
327.226,493.614,6.183,0.462,460,495,-1,0,0,0
333.409,494.075,6.183,0.462,455,495,-1,0,0,0
339.592,494.537,6.183,0.462,450,495,-1,0,0,0
345.774,494.998,6.183,0.462,445,495,-1,0,0,0
351.957,495.46,6.183,0.462,440,495,-1,0,0,0
358.14,495.921,6.183,0.462,435,495,-1,0,0,0
364.323,496.383,6.183,0.462,430,495,-1,0,0,0
370.506,496.844,6.183,0.462,425,495,-1,0,0,0
376.688,497.306,6.183,0.462,420,495,-1,0,0,0
382.871,497.767,6.183,0.462,420,495,0,0,0,0
389.054,498.229,6.183,0.462,420,495,0,0,0,0
395.237,498.69,6.183,0.462,420,495,0,0,0,0
401.42,499.152,6.183,0.462,420,495,0,0,0,0
407.602,499.613,6.183,0.462,420,495,0,0,0,0
413.785,500.075,6.183,0.462,420,495,0,0,0,0
419.968,500.536,6.183,0.462,420,495,0,0,0,0
426.151,500.998,6.183,0.462,420,495,0,0,0,0
432.334,501.459,6.183,0.462,420,495,0,0,0,0
438.516,501.921,6.183,0.462,420,495,0,0,0,0
444.699,502.382,6.183,0.462,420,495,0,0,0,0
450.882,502.844,6.183,0.462,420,495,0,0,0,0
457.065,503.305,6.183,0.462,420,495,0,0,0,0
463.248,503.767,6.183,0.462,420,495,0,0,0,0
469.43,504.228,6.183,0.462,420,495,0,0,0,0
475.613,504.69,6.183,0.462,420,495,0,0,0,0
481.796,505.151,6.183,0.462,420,495,0,0,0,0
487.979,505.613,6.183,0.462,420,495,0,0,0,0
494.162,506.074,6.183,0.462,420,495,0,0,0,0
500.344,506.536,6.183,0.462,420,495,0,0,0,0
506.527,506.997,6.183,0.462,420,495,0,0,0,0
512.71,507.459,6.183,0.462,420,495,0,0,0,0
518.893,507.92,6.183,0.462,420,495,0,0,0,0
525.076,508.382,6.183,0.462,420,495,0,0,0,0
531.258,508.843,6.183,0.462,420,495,0,0,0,0
537.441,509.305,6.183,0.462,420,495,0,0,0,0
543.624,509.766,6.183,0.462,420,495,0,0,0,0
549.807,510.228,6.183,0.462,420,495,0,0,0,0
555.99,510.689,6.183,0.462,420,495,0,0,0,0
562.172,511.151,6.183,0.462,420,495,0,0,0,0
568.355,511.612,6.183,0.462,420,495,0,0,0,0
574.538,512.074,6.183,0.462,420,495,0,0,0,0
580.721,512.535,6.183,0.462,420,495,0,0,0,0
586.904,512.997,6.183,0.462,420,495,0,0,0,0
593.086,513.458,6.183,0.462,420,495,0,0,0,0
599.269,513.92,6.183,0.462,420,495,0,0,0,0
605.452,514.381,6.183,0.462,420,495,0,0,0,0
611.635,514.843,6.183,0.462,420,495,0,0,0,0
617.818,515.304,6.183,0.462,425,495,1,0,0,0
624.0,515.766,6.183,0.462,430,495,1,0,0,0
630.183,516.227,6.183,0.462,435,495,1,0,0,0
636.366,516.689,6.183,0.462,440,495,1,0,0,0
642.549,517.15,6.183,0.462,445,495,1,0,0,0
648.732,517.612,6.183,0.462,450,495,1,0,0,0
654.914,518.073,6.183,0.462,455,495,1,0,0,0
661.097,518.535,6.183,0.462,460,495,1,0,0,0
667.28,518.996,6.183,0.462,465,495,1,0,0,0
673.463,519.458,6.183,0.462,465,495,0,0,0,0
679.646,519.919,6.183,0.462,465,495,0,0,0,0
685.828,520.381,6.183,0.462,465,495,0,0,0,0
692.011,520.842,6.183,0.462,465,495,0,0,0,0
698.194,521.304,6.183,0.462,465,495,0,0,0,0
704.377,521.765,6.183,0.462,465,495,0,0,0,0
710.56,522.227,6.183,0.462,465,495,0,0,0,0
716.742,522.688,6.183,0.462,465,495,0,0,0,0
722.925,523.15,6.183,0.462,465,495,0,0,0,0
729.108,523.611,6.183,0.462,465,495,0,0,0,0
735.291,524.073,6.183,0.462,465,495,0,0,0,0
741.474,524.535,6.183,0.462,465,495,0,0,0,0
747.656,524.996,6.183,0.462,465,495,0,0,0,0
751.0,525.458,-6.298,-1.607,465,495,0,0,0,0
744.702,523.851,-6.298,-1.607,465,495,0,0,0,0
738.404,522.244,-6.298,-1.607,465,495,0,0,0,0
732.105,520.637,-6.298,-1.607,465,495,0,0,0,0
725.807,519.03,-6.298,-1.607,465,490,0,-1,0,0
719.509,517.423,-6.298,-1.607,465,485,0,-1,0,0
713.211,515.816,-6.298,-1.607,465,480,0,-1,0,0
706.912,514.209,-6.298,-1.607,465,475,0,-1,0,0
700.614,512.602,-6.298,-1.607,465,470,0,-1,0,0
694.316,510.995,-6.298,-1.607,465,465,0,-1,0,0
688.018,509.388,-6.298,-1.607,465,460,0,-1,0,0
681.72,507.781,-6.298,-1.607,465,455,0,-1,0,0
675.421,506.174,-6.298,-1.607,465,450,0,-1,0,0
669.123,504.567,-6.298,-1.607,465,445,0,-1,0,0
662.825,502.959,-6.298,-1.607,465,440,0,-1,0,0
656.527,501.352,-6.298,-1.607,465,435,0,-1,0,0
650.229,499.745,-6.298,-1.607,465,430,0,-1,0,0
643.93,498.138,-6.298,-1.607,465,425,0,-1,0,0
637.632,496.531,-6.298,-1.607,465,420,0,-1,0,0
631.334,494.924,-6.298,-1.607,465,415,0,-1,0,0
625.036,493.317,-6.298,-1.607,465,410,0,-1,0,0
618.737,491.71,-6.298,-1.607,460,405,-1,-1,0,0
612.439,490.103,-6.298,-1.607,455,400,-1,-1,0,0
606.141,488.496,-6.298,-1.607,450,395,-1,-1,0,0
599.843,486.889,-6.298,-1.607,445,390,-1,-1,0,0
593.545,485.282,-6.298,-1.607,440,385,-1,-1,0,0
587.246,483.675,-6.298,-1.607,435,380,-1,-1,0,0
580.948,482.068,-6.298,-1.607,430,375,-1,-1,0,0
574.65,480.461,-6.298,-1.607,425,370,-1,-1,0,0
568.352,478.854,-6.298,-1.607,420,365,-1,-1,0,0
562.053,477.247,-6.298,-1.607,415,360,-1,-1,0,0
555.755,475.64,-6.298,-1.607,415,355,0,-1,0,0
549.457,474.033,-6.298,-1.607,415,350,0,-1,0,0
543.159,472.426,-6.298,-1.607,415,345,0,-1,0,0
536.861,470.819,-6.298,-1.607,415,340,0,-1,0,0
530.562,469.212,-6.298,-1.607,415,335,0,-1,0,0
524.264,467.605,-6.298,-1.607,415,330,0,-1,0,0
517.966,465.998,-6.298,-1.607,415,325,0,-1,0,0
511.668,464.391,-6.298,-1.607,415,320,0,-1,0,0
505.37,462.784,-6.298,-1.607,415,315,0,-1,0,0
499.071,461.177,-6.298,-1.607,415,310,0,-1,0,0
492.773,459.57,-6.298,-1.607,415,305,0,-1,0,0
486.475,457.963,-6.298,-1.607,415,300,0,-1,0,0
480.177,456.356,-6.298,-1.607,415,295,0,-1,0,0
473.878,454.749,-6.298,-1.607,415,290,0,-1,0,0
467.58,453.142,-6.298,-1.607,415,285,0,-1,0,0
461.282,451.535,-6.298,-1.607,415,280,0,-1,0,0
454.984,449.928,-6.298,-1.607,415,275,0,-1,0,0
448.686,448.321,-6.298,-1.607,415,270,0,-1,0,0
442.387,446.714,-6.298,-1.607,415,265,0,-1,0,0
436.089,445.107,-6.298,-1.607,415,260,0,-1,0,0
429.791,443.5,-6.298,-1.607,415,255,0,-1,0,0
423.493,441.893,-6.298,-1.607,415,250,0,-1,0,0
417.194,440.286,-6.298,-1.607,415,245,0,-1,0,0
410.896,438.679,-6.298,-1.607,415,240,0,-1,0,0
404.598,437.072,-6.298,-1.607,415,235,0,-1,0,0
398.3,435.465,-6.298,-1.607,415,230,0,-1,0,0
392.002,433.858,-6.298,-1.607,415,225,0,-1,0,0
385.703,432.251,-6.298,-1.607,415,220,0,-1,0,0
379.405,430.644,-6.298,-1.607,415,215,0,-1,0,0
373.107,429.037,-6.298,-1.607,415,210,0,-1,0,0
366.809,427.43,-6.298,-1.607,415,205,0,-1,0,0
360.511,425.823,-6.298,-1.607,410,200,-1,-1,0,0
354.212,424.216,-6.298,-1.607,405,195,-1,-1,0,0
347.914,422.609,-6.298,-1.607,400,190,-1,-1,0,0
341.616,421.002,-6.298,-1.607,395,185,-1,-1,0,0
335.318,419.395,-6.298,-1.607,390,180,-1,-1,0,0
329.019,417.788,-6.298,-1.607,385,175,-1,-1,0,0
322.721,416.181,-6.298,-1.607,380,170,-1,-1,0,0
316.423,414.574,-6.298,-1.607,375,165,-1,-1,0,0
310.125,412.967,-6.298,-1.607,370,160,-1,-1,0,0
303.827,411.36,-6.298,-1.607,365,155,-1,-1,0,0
297.528,409.753,-6.298,-1.607,360,150,-1,-1,0,0
291.23,408.146,-6.298,-1.607,355,145,-1,-1,0,0
284.932,406.539,-6.298,-1.607,355,140,0,-1,0,0
278.634,404.932,-6.298,-1.607,355,135,0,-1,0,0
272.335,403.325,-6.298,-1.607,355,130,0,-1,0,0
266.037,401.718,-6.298,-1.607,355,125,0,-1,0,0
259.739,400.111,-6.298,-1.607,355,120,0,-1,0,0
253.441,398.504,-6.298,-1.607,355,115,0,-1,0,0
247.143,396.897,-6.298,-1.607,355,110,0,-1,0,0
240.844,395.29,-6.298,-1.607,355,105,0,-1,0,0
234.546,393.683,-6.298,-1.607,355,100,0,-1,0,0
228.248,392.076,-6.298,-1.607,355,95,0,-1,0,0
221.95,390.469,-6.298,-1.607,355,90,0,-1,0,0
215.651,388.862,-6.298,-1.607,355,85,0,-1,0,0
209.353,387.255,-6.298,-1.607,355,80,0,-1,0,0
203.055,385.648,-6.298,-1.607,355,75,0,-1,0,0
196.757,384.041,-6.298,-1.607,355,75,0,0,0,0
190.459,382.434,-6.298,-1.607,355,75,0,0,0,0
184.16,380.827,-6.298,-1.607,355,75,0,0,0,0
177.862,379.22,-6.298,-1.607,355,75,0,0,0,0
171.564,377.613,-6.298,-1.607,355,75,0,0,0,0
165.266,376.006,-6.298,-1.607,355,75,0,0,0,0
158.968,374.399,-6.298,-1.607,355,75,0,0,0,0
152.669,372.792,-6.298,-1.607,355,75,0,0,0,0
146.371,371.185,-6.298,-1.607,355,75,0,0,0,0
140.073,369.578,-6.298,-1.607,355,75,0,0,0,0
133.775,367.971,-6.298,-1.607,350,75,-1,0,0,0
127.476,366.364,-6.298,-1.607,345,75,-1,0,0,0
121.178,364.757,-6.298,-1.607,340,75,-1,0,0,0
114.88,363.15,-6.298,-1.607,335,75,-1,0,0,0
108.582,361.543,-6.298,-1.607,330,75,-1,0,0,0
102.284,359.936,-6.298,-1.607,325,75,-1,0,0,0
95.985,358.329,-6.298,-1.607,320,75,-1,0,0,0
89.687,356.722,-6.298,-1.607,315,70,-1,-1,0,0
83.389,355.115,-6.298,-1.607,310,65,-1,-1,0,0
77.091,353.508,-6.298,-1.607,305,60,-1,-1,0,0
70.792,351.901,-6.298,-1.607,300,55,-1,-1,0,0
64.494,350.294,-6.298,-1.607,295,50,-1,-1,0,0
58.196,348.687,-6.298,-1.607,290,45,-1,-1,0,0
51.898,347.08,-6.298,-1.607,285,40,-1,-1,0,0
49.0,345.473,5.343,4.206,280,35,-1,-1,0,0
54.343,349.679,5.343,4.206,275,30,-1,-1,0,0
59.686,353.886,5.343,4.206,275,25,0,-1,0,0
65.029,358.092,5.343,4.206,275,20,0,-1,0,0
70.372,362.298,5.343,4.206,275,15,0,-1,0,0
75.715,366.504,5.343,4.206,275,10,0,-1,0,0
81.059,370.71,5.343,4.206,275,5,0,-1,0,0
86.402,374.916,5.343,4.206,275,5,0,0,0,0
91.745,379.122,5.343,4.206,275,5,0,0,0,0
97.088,383.328,5.343,4.206,275,5,0,0,0,0
102.431,387.534,5.343,4.206,275,5,0,0,0,0
107.774,391.741,5.343,4.206,275,5,0,0,0,0
113.117,395.947,5.343,4.206,275,5,0,0,0,0
118.46,400.153,5.343,4.206,275,5,0,0,0,0
123.803,404.359,5.343,4.206,275,5,0,0,0,0
129.146,408.565,5.343,4.206,275,5,0,0,0,0
134.489,412.771,5.343,4.206,275,5,0,0,0,0
139.833,416.977,5.343,4.206,275,5,0,0,0,0
145.176,421.183,5.343,4.206,275,5,0,0,0,0
150.519,425.389,5.343,4.206,275,5,0,0,0,0
155.862,429.596,5.343,4.206,275,10,0,1,0,0
161.205,433.802,5.343,4.206,275,15,0,1,0,0
166.548,438.008,5.343,4.206,275,20,0,1,0,0
171.891,442.214,5.343,4.206,275,25,0,1,0,0
177.234,446.42,5.343,4.206,275,30,0,1,0,0
182.577,450.626,5.343,4.206,275,35,0,1,0,0
187.92,454.832,5.343,4.206,275,40,0,1,0,0
193.263,459.038,5.343,4.206,275,45,0,1,0,0
198.607,463.244,5.343,4.206,275,50,0,1,0,0
203.95,467.451,5.343,4.206,275,55,0,1,0,0
209.293,471.657,5.343,4.206,275,60,0,1,0,0
214.636,475.863,5.343,4.206,275,65,0,1,0,0
219.979,480.069,5.343,4.206,275,70,0,1,0,0
225.322,484.275,5.343,4.206,275,75,0,1,0,0
230.665,488.481,5.343,4.206,275,80,0,1,0,0
236.008,492.687,5.343,4.206,275,85,0,1,0,0
241.351,496.893,5.343,4.206,275,90,0,1,0,0
246.694,501.099,5.343,4.206,275,95,0,1,0,0
252.037,505.306,5.343,4.206,275,100,0,1,0,0
257.381,509.512,5.343,4.206,275,105,0,1,0,0
262.724,513.718,5.343,4.206,275,110,0,1,0,0
268.067,517.924,5.343,4.206,275,115,0,1,0,0
273.41,522.13,5.343,4.206,275,120,0,1,0,0
278.753,526.336,5.343,4.206,275,125,0,1,0,0
284.096,530.542,5.343,4.206,275,130,0,1,0,0
289.439,534.748,5.343,4.206,275,135,0,1,0,0
294.782,538.954,5.343,4.206,275,140,0,1,0,0
300.125,543.161,5.343,4.206,275,145,0,1,0,0
305.468,547.367,5.343,4.206,275,150,0,1,0,0
310.812,551.573,5.343,4.206,275,155,0,1,0,0
316.155,555.779,5.343,4.206,275,160,0,1,0,0
321.498,559.985,5.343,4.206,275,165,0,1,0,0
326.841,564.191,5.343,4.206,275,170,0,1,0,0
332.184,568.397,5.343,4.206,275,175,0,1,0,0
337.527,572.603,5.343,4.206,275,180,0,1,0,0
342.87,576.809,5.343,4.206,275,185,0,1,0,0
348.213,581.016,5.343,4.206,275,190,0,1,0,0
353.556,585.222,5.343,4.206,275,195,0,1,0,0
358.899,589.428,5.343,4.206,275,200,0,1,0,0
364.242,593.634,5.343,4.206,275,205,0,1,0,0
369.586,594.0,5.343,-4.206,275,210,0,1,0,0
374.929,589.794,5.343,-4.206,275,215,0,1,0,0
380.272,585.588,5.343,-4.206,275,220,0,1,0,0
385.615,581.382,5.343,-4.206,275,225,0,1,0,0
390.958,577.176,5.343,-4.206,275,230,0,1,0,0
396.301,572.969,5.343,-4.206,275,235,0,1,0,0
401.644,568.763,5.343,-4.206,275,240,0,1,0,0
406.987,564.557,5.343,-4.206,275,245,0,1,0,0
412.33,560.351,5.343,-4.206,275,250,0,1,0,0
417.673,556.145,5.343,-4.206,275,255,0,1,0,0
423.016,551.939,5.343,-4.206,275,260,0,1,0,0
428.36,547.733,5.343,-4.206,275,265,0,1,0,0
433.703,543.527,5.343,-4.206,280,270,1,1,0,0
439.046,539.321,5.343,-4.206,285,275,1,1,0,0
444.389,535.114,5.343,-4.206,290,280,1,1,0,0
449.732,530.908,5.343,-4.206,295,285,1,1,0,0
455.075,526.702,5.343,-4.206,300,290,1,1,0,0
460.418,522.496,5.343,-4.206,305,295,1,1,0,0
465.761,518.29,5.343,-4.206,310,300,1,1,0,0
471.104,514.084,5.343,-4.206,315,300,1,0,0,0
476.447,509.878,5.343,-4.206,320,300,1,0,0,0
481.79,505.672,5.343,-4.206,325,300,1,0,0,0
487.134,501.466,5.343,-4.206,330,300,1,0,0,0
492.477,497.259,5.343,-4.206,335,300,1,0,0,0
497.82,493.053,5.343,-4.206,340,300,1,0,0,0
503.163,488.847,5.343,-4.206,345,300,1,0,0,0
508.506,484.641,5.343,-4.206,345,300,0,0,0,0
513.849,480.435,5.343,-4.206,345,300,0,0,0,0
519.192,476.229,5.343,-4.206,345,300,0,0,0,0
524.535,472.023,5.343,-4.206,345,300,0,0,0,0
529.878,467.817,5.343,-4.206,345,300,0,0,0,0
535.221,463.611,5.343,-4.206,345,300,0,0,0,0
540.564,459.404,5.343,-4.206,345,300,0,0,0,0
545.908,455.198,5.343,-4.206,345,300,0,0,0,0
551.251,450.992,5.343,-4.206,345,300,0,0,0,0
556.594,446.786,5.343,-4.206,345,300,0,0,0,0
561.937,442.58,5.343,-4.206,345,300,0,0,0,0
567.28,438.374,5.343,-4.206,345,295,0,-1,0,0
572.623,434.168,5.343,-4.206,345,290,0,-1,0,0
577.966,429.962,5.343,-4.206,345,285,0,-1,0,0
583.309,425.756,5.343,-4.206,345,280,0,-1,0,0
588.652,421.549,5.343,-4.206,345,275,0,-1,0,0
593.995,417.343,5.343,-4.206,345,270,0,-1,0,0
599.338,413.137,5.343,-4.206,345,265,0,-1,0,0
604.682,408.931,5.343,-4.206,345,260,0,-1,0,0
610.025,404.725,5.343,-4.206,345,255,0,-1,0,0
615.368,400.519,5.343,-4.206,345,250,0,-1,0,0
620.711,396.313,5.343,-4.206,345,245,0,-1,0,0
626.054,392.107,5.343,-4.206,345,245,0,0,0,0
631.397,387.901,5.343,-4.206,345,245,0,0,0,0
636.74,383.694,5.343,-4.206,345,245,0,0,0,0
642.083,379.488,5.343,-4.206,345,245,0,0,0,0
647.426,375.282,5.343,-4.206,345,245,0,0,0,0
652.769,371.076,5.343,-4.206,345,245,0,0,0,0
658.112,366.87,5.343,-4.206,345,245,0,0,0,0
663.456,362.664,5.343,-4.206,345,245,0,0,0,0
668.799,358.458,5.343,-4.206,345,245,0,0,0,0
674.142,354.252,5.343,-4.206,345,245,0,0,0,0
679.485,350.046,5.343,-4.206,345,245,0,0,0,0
684.828,345.839,5.343,-4.206,345,245,0,0,0,0
690.171,341.633,5.343,-4.206,345,245,0,0,0,0
695.514,337.427,5.343,-4.206,345,245,0,0,0,0
700.857,333.221,5.343,-4.206,345,245,0,0,0,0
706.2,329.015,5.343,-4.206,345,245,0,0,0,0
711.543,324.809,5.343,-4.206,345,245,0,0,0,0
716.887,320.603,5.343,-4.206,345,245,0,0,0,0
722.23,316.397,5.343,-4.206,345,245,0,0,0,0
727.573,312.191,5.343,-4.206,345,245,0,0,0,0
732.916,307.984,5.343,-4.206,345,245,0,0,0,0
738.259,303.778,5.343,-4.206,345,245,0,0,0,0
743.602,299.572,5.343,-4.206,345,245,0,0,0,0
748.945,295.366,5.343,-4.206,345,245,0,0,0,0
751.0,291.16,-7.008,1.14,345,245,0,0,0,0
743.992,292.3,-7.008,1.14,345,245,0,0,0,0
736.984,293.44,-7.008,1.14,345,245,0,0,0,0
729.976,294.58,-7.008,1.14,345,245,0,0,0,0
722.969,295.72,-7.008,1.14,345,245,0,0,0,0
715.961,296.86,-7.008,1.14,345,245,0,0,0,0
708.953,298.0,-7.008,1.14,345,240,0,-1,0,0
701.945,299.14,-7.008,1.14,345,235,0,-1,0,0
694.937,300.28,-7.008,1.14,345,230,0,-1,0,0
687.929,301.421,-7.008,1.14,345,225,0,-1,0,0
680.921,302.561,-7.008,1.14,345,220,0,-1,0,0
673.913,303.701,-7.008,1.14,340,215,-1,-1,0,0
666.906,304.841,-7.008,1.14,335,210,-1,-1,0,0
659.898,305.981,-7.008,1.14,330,205,-1,-1,0,0
652.89,307.121,-7.008,1.14,325,200,-1,-1,0,0
645.882,308.261,-7.008,1.14,320,195,-1,-1,0,0
638.874,309.401,-7.008,1.14,315,190,-1,-1,0,0
631.866,310.541,-7.008,1.14,310,185,-1,-1,0,0
624.858,311.681,-7.008,1.14,305,180,-1,-1,0,0
617.85,312.821,-7.008,1.14,300,175,-1,-1,0,0
610.843,313.961,-7.008,1.14,295,170,-1,-1,0,0
603.835,315.101,-7.008,1.14,290,165,-1,-1,0,0
596.827,316.241,-7.008,1.14,290,160,0,-1,0,0
589.819,317.381,-7.008,1.14,290,155,0,-1,0,0
582.811,318.521,-7.008,1.14,290,150,0,-1,0,0
575.803,319.661,-7.008,1.14,290,145,0,-1,0,0
568.795,320.801,-7.008,1.14,290,140,0,-1,0,0
561.787,321.942,-7.008,1.14,290,135,0,-1,0,0
554.78,323.082,-7.008,1.14,290,130,0,-1,0,0
547.772,324.222,-7.008,1.14,290,125,0,-1,0,0
540.764,325.362,-7.008,1.14,290,120,0,-1,0,0
533.756,326.502,-7.008,1.14,290,120,0,0,0,0
526.748,327.642,-7.008,1.14,290,120,0,0,0,0
519.74,328.782,-7.008,1.14,290,120,0,0,0,0
512.732,329.922,-7.008,1.14,290,120,0,0,0,0
505.724,331.062,-7.008,1.14,290,120,0,0,0,0
498.717,332.202,-7.008,1.14,290,120,0,0,0,0
491.709,333.342,-7.008,1.14,290,120,0,0,0,0
484.701,334.482,-7.008,1.14,290,120,0,0,0,0
477.693,335.622,-7.008,1.14,290,125,0,1,0,0
470.685,336.762,-7.008,1.14,290,130,0,1,0,0
463.677,337.902,-7.008,1.14,290,135,0,1,0,0
456.669,339.042,-7.008,1.14,290,140,0,1,0,0
449.661,340.182,-7.008,1.14,290,145,0,1,0,0
442.654,341.322,-7.008,1.14,295,150,1,1,0,0
435.646,342.462,-7.008,1.14,300,155,1,1,0,0
428.638,343.603,-7.008,1.14,305,160,1,1,0,0
421.63,344.743,-7.008,1.14,310,165,1,1,0,0
414.622,345.883,-7.008,1.14,315,170,1,1,0,0
407.614,347.023,-7.008,1.14,320,175,1,1,0,0
400.606,348.163,-7.008,1.14,320,180,0,1,0,0
393.599,349.303,-7.008,1.14,320,185,0,1,0,0
386.591,350.443,-7.008,1.14,320,190,0,1,0,0
379.583,351.583,-7.008,1.14,320,195,0,1,0,0
372.575,352.723,-7.008,1.14,320,200,0,1,0,0
365.567,353.863,-7.008,1.14,320,205,0,1,0,0
358.559,355.003,-7.008,1.14,320,210,0,1,0,0
351.551,356.143,-7.008,1.14,320,215,0,1,0,0
344.543,357.283,-7.008,1.14,320,220,0,1,0,0
337.536,358.423,-7.008,1.14,320,225,0,1,0,0
330.528,359.563,-7.008,1.14,320,230,0,1,0,0
323.52,360.703,-7.008,1.14,320,235,0,1,0,0
316.512,361.843,-7.008,1.14,320,240,0,1,0,0
309.504,362.983,-7.008,1.14,320,245,0,1,0,0
302.496,364.124,-7.008,1.14,320,250,0,1,0,0
295.488,365.264,-7.008,1.14,320,255,0,1,0,0
288.48,366.404,-7.008,1.14,320,260,0,1,0,0
281.473,367.544,-7.008,1.14,320,265,0,1,0,0
274.465,368.684,-7.008,1.14,320,270,0,1,0,0
267.457,369.824,-7.008,1.14,320,275,0,1,0,0
260.449,370.964,-7.008,1.14,320,280,0,1,0,0
253.441,372.104,-7.008,1.14,320,280,0,0,0,0
246.433,373.244,-7.008,1.14,320,280,0,0,0,0
239.425,374.384,-7.008,1.14,320,280,0,0,0,0
232.417,375.524,-7.008,1.14,320,280,0,0,0,0
225.41,376.664,-7.008,1.14,320,280,0,0,0,0
218.402,377.804,-7.008,1.14,320,280,0,0,0,0
211.394,378.944,-7.008,1.14,320,280,0,0,0,0
204.386,380.084,-7.008,1.14,320,280,0,0,0,0
197.378,381.224,-7.008,1.14,320,280,0,0,0,0
190.37,382.364,-7.008,1.14,320,280,0,0,0,0
183.362,383.504,-7.008,1.14,325,280,1,0,0,0
176.354,384.645,-7.008,1.14,330,280,1,0,0,0
169.347,385.785,-7.008,1.14,335,280,1,0,0,0
162.339,386.925,-7.008,1.14,340,280,1,0,0,0
155.331,388.065,-7.008,1.14,345,280,1,0,0,0
148.323,389.205,-7.008,1.14,350,280,1,0,0,0
141.315,390.345,-7.008,1.14,355,280,1,0,0,0
134.307,391.485,-7.008,1.14,360,280,1,0,0,0
127.299,392.625,-7.008,1.14,365,280,1,0,0,0
120.291,393.765,-7.008,1.14,370,280,1,0,0,0
113.284,394.905,-7.008,1.14,375,280,1,0,0,0
106.276,396.045,-7.008,1.14,380,280,1,0,0,0
99.268,397.185,-7.008,1.14,385,280,1,0,0,0
92.26,398.325,-7.008,1.14,385,280,0,0,0,0
85.252,399.465,-7.008,1.14,385,280,0,0,0,0
78.244,400.605,-7.008,1.14,385,280,0,0,0,0
71.236,401.745,-7.008,1.14,385,280,0,0,0,0
64.229,402.885,-7.008,1.14,385,280,0,0,0,0
57.221,404.025,-7.008,1.14,385,280,0,0,0,0
50.213,405.166,-7.008,1.14,385,280,0,0,0,0
49.0,406.306,6.531,-3.479,385,280,0,0,0,0
55.531,402.827,6.531,-3.479,385,285,0,1,0,0
62.063,399.348,6.531,-3.479,385,290,0,1,0,0
68.594,395.869,6.531,-3.479,385,295,0,1,0,0
75.125,392.39,6.531,-3.479,385,300,0,1,0,0
81.656,388.911,6.531,-3.479,385,305,0,1,0,0
88.188,385.433,6.531,-3.479,385,310,0,1,0,0
94.719,381.954,6.531,-3.479,385,315,0,1,0,0
101.25,378.475,6.531,-3.479,385,315,0,0,0,0
107.782,374.996,6.531,-3.479,385,315,0,0,0,0
114.313,371.517,6.531,-3.479,385,315,0,0,0,0
120.844,368.038,6.531,-3.479,385,315,0,0,0,0
127.375,364.559,6.531,-3.479,385,310,0,-1,0,0
133.907,361.081,6.531,-3.479,385,305,0,-1,0,0
140.438,357.602,6.531,-3.479,385,300,0,-1,0,0
146.969,354.123,6.531,-3.479,385,295,0,-1,0,0
153.501,350.644,6.531,-3.479,385,290,0,-1,0,0
160.032,347.165,6.531,-3.479,385,285,0,-1,0,0
166.563,343.686,6.531,-3.479,385,280,0,-1,0,0
173.094,340.208,6.531,-3.479,385,275,0,-1,0,0
179.626,336.729,6.531,-3.479,385,270,0,-1,0,0
186.157,333.25,6.531,-3.479,385,265,0,-1,0,0
192.688,329.771,6.531,-3.479,385,260,0,-1,0,0
199.22,326.292,6.531,-3.479,385,255,0,-1,0,0
205.751,322.813,6.531,-3.479,385,250,0,-1,0,0
212.282,319.335,6.531,-3.479,385,245,0,-1,0,0
218.813,315.856,6.531,-3.479,385,240,0,-1,0,0
225.345,312.377,6.531,-3.479,385,235,0,-1,0,0
231.876,308.898,6.531,-3.479,385,230,0,-1,0,0
238.407,305.419,6.531,-3.479,385,225,0,-1,0,0
244.939,301.94,6.531,-3.479,385,220,0,-1,0,0
251.47,298.462,6.531,-3.479,385,215,0,-1,0,0
258.001,294.983,6.531,-3.479,385,210,0,-1,0,0
264.532,291.504,6.531,-3.479,385,205,0,-1,0,0
271.064,288.025,6.531,-3.479,385,200,0,-1,0,0
277.595,284.546,6.531,-3.479,385,195,0,-1,0,0
284.126,281.067,6.531,-3.479,385,190,0,-1,0,0
290.658,277.588,6.531,-3.479,385,185,0,-1,0,0
297.189,274.11,6.531,-3.479,385,180,0,-1,0,0
303.72,270.631,6.531,-3.479,385,175,0,-1,0,0
310.251,267.152,6.531,-3.479,385,170,0,-1,0,0
316.783,263.673,6.531,-3.479,385,165,0,-1,0,0
323.314,260.194,6.531,-3.479,385,160,0,-1,0,0
329.845,256.715,6.531,-3.479,385,155,0,-1,0,0
336.377,253.237,6.531,-3.479,385,150,0,-1,0,0
342.908,249.758,6.531,-3.479,385,145,0,-1,0,0
349.439,246.279,6.531,-3.479,385,140,0,-1,0,0
355.97,242.8,6.531,-3.479,385,135,0,-1,0,0
362.502,239.321,6.531,-3.479,385,130,0,-1,0,0
369.033,235.842,6.531,-3.479,385,125,0,-1,0,0
375.564,232.364,6.531,-3.479,385,120,0,-1,0,0
382.095,228.885,6.531,-3.479,385,115,0,-1,0,0
388.627,225.406,6.531,-3.479,385,110,0,-1,0,0
395.158,221.927,6.531,-3.479,385,105,0,-1,0,0
401.689,218.448,6.531,-3.479,385,100,0,-1,0,0
408.221,214.969,6.531,-3.479,385,95,0,-1,0,0
414.752,211.491,6.531,-3.479,385,90,0,-1,0,0
421.283,208.012,6.531,-3.479,385,85,0,-1,0,0
427.814,204.533,6.531,-3.479,385,80,0,-1,0,0
434.346,201.054,6.531,-3.479,385,75,0,-1,0,0
440.877,197.575,6.531,-3.479,385,70,0,-1,0,0
447.408,194.096,6.531,-3.479,385,65,0,-1,0,0
453.94,190.617,6.531,-3.479,380,60,-1,-1,0,0
460.471,187.139,6.531,-3.479,375,55,-1,-1,0,0
467.002,183.66,6.531,-3.479,370,50,-1,-1,0,0
473.533,180.181,6.531,-3.479,365,45,-1,-1,0,0
480.065,176.702,6.531,-3.479,360,40,-1,-1,0,0
486.596,173.223,6.531,-3.479,355,35,-1,-1,0,0
493.127,169.744,6.531,-3.479,350,30,-1,-1,0,0
499.659,166.266,6.531,-3.479,345,25,-1,-1,0,0
506.19,162.787,6.531,-3.479,340,20,-1,-1,0,0
512.721,159.308,6.531,-3.479,335,15,-1,-1,0,0
519.252,155.829,6.531,-3.479,330,10,-1,-1,0,0
525.784,152.35,6.531,-3.479,325,5,-1,-1,0,0
532.315,148.871,6.531,-3.479,325,0,0,-1,0,0
538.846,145.393,6.531,-3.479,325,0,0,-1,0,0
545.378,141.914,6.531,-3.479,325,0,0,-1,0,0
551.909,138.435,6.531,-3.479,325,0,0,-1,0,0
558.44,134.956,6.531,-3.479,325,0,0,0,0,0
564.971,131.477,6.531,-3.479,325,0,0,0,0,0
571.503,127.998,6.531,-3.479,325,0,0,0,0,0
578.034,124.52,6.531,-3.479,325,0,0,0,0,0
584.565,121.041,6.531,-3.479,325,0,0,0,0,0
591.097,117.562,6.531,-3.479,325,0,0,0,0,0
597.628,114.083,6.531,-3.479,325,0,0,0,0,0
604.159,110.604,6.531,-3.479,325,0,0,0,0,0
610.69,107.125,6.531,-3.479,325,0,0,0,0,0
617.222,103.646,6.531,-3.479,325,0,0,0,0,0
623.753,100.168,6.531,-3.479,325,0,0,0,0,0
630.284,96.689,6.531,-3.479,325,0,0,0,0,0
636.816,93.21,6.531,-3.479,325,0,0,0,0,0
643.347,89.731,6.531,-3.479,325,0,0,0,0,0
649.878,86.252,6.531,-3.479,325,0,0,0,0,0
656.409,82.773,6.531,-3.479,325,0,0,0,0,0
662.941,79.295,6.531,-3.479,325,0,0,0,0,0
669.472,75.816,6.531,-3.479,325,0,0,0,0,0
676.003,72.337,6.531,-3.479,325,0,0,0,0,0
682.535,68.858,6.531,-3.479,325,0,0,0,0,0
689.066,65.379,6.531,-3.479,325,0,0,0,0,0
695.597,61.9,6.531,-3.479,325,0,0,0,0,0
702.128,58.422,6.531,-3.479,325,0,0,0,0,0
708.66,54.943,6.531,-3.479,325,0,0,0,0,0
715.191,51.464,6.531,-3.479,325,0,0,0,0,0
721.722,47.985,6.531,-3.479,325,0,0,0,0,0
728.254,44.506,6.531,-3.479,325,0,0,0,0,0
734.785,41.027,6.531,-3.479,325,0,0,0,0,0
741.316,37.549,6.531,-3.479,325,0,0,0,0,0
747.847,34.07,6.531,-3.479,325,0,0,0,0,0
751.0,30.591,-7.468,-1.878,325,0,0,0,0,0
743.532,28.713,-7.468,-1.878,325,0,0,0,0,0
736.065,26.836,-7.468,-1.878,325,0,0,0,0,0
728.597,24.958,-7.468,-1.878,325,0,0,0,0,0
721.13,23.08,-7.468,-1.878,325,0,0,0,0,0
713.662,21.203,-7.468,-1.878,325,0,0,0,0,0
706.195,19.325,-7.468,-1.878,325,0,0,0,0,0
698.727,17.447,-7.468,-1.878,325,0,0,0,0,0
691.259,15.57,-7.468,-1.878,325,0,0,0,0,0
683.792,13.692,-7.468,-1.878,325,0,0,0,0,0
676.324,11.815,-7.468,-1.878,325,0,0,0,0,0
668.857,9.937,-7.468,-1.878,325,0,0,0,0,0
661.389,8.059,-7.468,-1.878,325,0,0,0,0,0
653.922,6.182,-7.468,-1.878,325,5,0,1,0,0
646.454,6.0,-7.468,1.878,325,10,0,1,0,0
638.987,7.878,-7.468,1.878,325,15,0,1,0,0
631.519,9.755,-7.468,1.878,325,20,0,1,0,0
624.051,11.633,-7.468,1.878,325,25,0,1,0,0
616.584,13.51,-7.468,1.878,325,30,0,1,0,0
609.116,15.388,-7.468,1.878,325,35,0,1,0,0
601.649,17.266,-7.468,1.878,325,40,0,1,0,0
594.181,19.143,-7.468,1.878,325,45,0,1,0,0
586.714,21.021,-7.468,1.878,325,50,0,1,0,0
579.246,22.899,-7.468,1.878,325,55,0,1,0,0
571.778,24.776,-7.468,1.878,325,60,0,1,0,0
564.311,26.654,-7.468,1.878,325,65,0,1,0,0
556.843,28.531,-7.468,1.878,325,70,0,1,0,0
549.376,30.409,-7.468,1.878,325,75,0,1,0,0
541.908,32.287,-7.468,1.878,325,80,0,1,0,0
534.441,34.164,-7.468,1.878,325,85,0,1,0,0
526.973,36.042,-7.468,1.878,325,90,0,1,0,0
519.505,37.92,-7.468,1.878,325,95,0,1,0,0
512.038,39.797,-7.468,1.878,325,100,0,1,0,0
504.57,41.675,-7.468,1.878,325,105,0,1,0,0
497.103,43.552,-7.468,1.878,325,110,0,1,0,0
489.635,45.43,-7.468,1.878,325,115,0,1,0,0
482.168,47.308,-7.468,1.878,325,120,0,1,0,0
474.7,49.185,-7.468,1.878,325,125,0,1,0,0
467.233,51.063,-7.468,1.878,325,130,0,1,0,0
459.765,52.941,-7.468,1.878,325,135,0,1,0,0
452.297,54.818,-7.468,1.878,325,140,0,1,0,0
444.83,56.696,-7.468,1.878,325,145,0,1,0,0
437.362,58.573,-7.468,1.878,325,150,0,1,0,0
429.895,60.451,-7.468,1.878,325,155,0,1,0,0
422.427,62.329,-7.468,1.878,325,155,0,0,0,0
414.96,64.206,-7.468,1.878,325,155,0,0,0,0
407.492,66.084,-7.468,1.878,325,155,0,0,0,0
400.024,67.962,-7.468,1.878,325,155,0,0,0,0
392.557,69.839,-7.468,1.878,325,155,0,0,0,0
385.089,71.717,-7.468,1.878,325,155,0,0,0,0
377.622,73.594,-7.468,1.878,325,155,0,0,0,0
370.154,75.472,-7.468,1.878,325,155,0,0,0,0
362.687,77.35,-7.468,1.878,330,155,1,0,0,0
355.219,79.227,-7.468,1.878,335,155,1,0,0,0
347.751,81.105,-7.468,1.878,340,155,1,0,0,0
340.284,82.983,-7.468,1.878,345,155,1,0,0,0
332.816,84.86,-7.468,1.878,345,155,0,0,0,0
325.349,86.738,-7.468,1.878,345,155,0,0,0,0
317.881,88.615,-7.468,1.878,345,155,0,0,0,0
310.414,90.493,-7.468,1.878,345,155,0,0,0,0
302.946,92.371,-7.468,1.878,345,155,0,0,0,0
295.479,94.248,-7.468,1.878,345,155,0,0,0,0
288.011,96.126,-7.468,1.878,345,150,0,-1,0,0
280.543,98.004,-7.468,1.878,345,145,0,-1,0,0
273.076,99.881,-7.468,1.878,340,140,-1,-1,0,0
265.608,101.759,-7.468,1.878,335,135,-1,-1,0,0
258.141,103.636,-7.468,1.878,330,130,-1,-1,0,0
250.673,105.514,-7.468,1.878,325,125,-1,-1,0,0
243.206,107.392,-7.468,1.878,320,120,-1,-1,0,0
235.738,109.269,-7.468,1.878,315,115,-1,-1,0,0
228.27,111.147,-7.468,1.878,310,110,-1,-1,0,0
220.803,113.025,-7.468,1.878,305,105,-1,-1,0,0
213.335,114.902,-7.468,1.878,300,100,-1,-1,0,0
205.868,116.78,-7.468,1.878,295,95,-1,-1,0,0
198.4,118.657,-7.468,1.878,290,90,-1,-1,0,0
190.933,120.535,-7.468,1.878,285,85,-1,-1,0,0
183.465,122.413,-7.468,1.878,280,80,-1,-1,0,0
175.997,124.29,-7.468,1.878,275,75,-1,-1,0,0
168.53,126.168,-7.468,1.878,270,70,-1,-1,0,0
161.062,128.046,-7.468,1.878,265,65,-1,-1,0,0
153.595,129.923,-7.468,1.878,260,60,-1,-1,0,0
146.127,131.801,-7.468,1.878,255,55,-1,-1,0,0
138.66,133.678,-7.468,1.878,250,50,-1,-1,0,0
131.192,135.556,-7.468,1.878,245,45,-1,-1,0,0
123.725,137.434,-7.468,1.878,240,40,-1,-1,0,0
116.257,139.311,-7.468,1.878,235,35,-1,-1,0,0
108.789,141.189,-7.468,1.878,230,30,-1,-1,0,0
101.322,143.067,-7.468,1.878,225,25,-1,-1,0,0
93.854,144.944,-7.468,1.878,220,20,-1,-1,0,0
86.387,146.822,-7.468,1.878,215,15,-1,-1,0,0
78.919,148.699,-7.468,1.878,210,10,-1,-1,0,0
71.452,150.577,-7.468,1.878,205,5,-1,-1,0,0
63.984,152.455,-7.468,1.878,200,0,-1,-1,0,0
56.516,154.332,-7.468,1.878,195,0,-1,-1,0,0
49.049,156.21,-7.468,1.878,190,0,-1,-1,0,0
41.581,158.088,-7.468,1.878,185,0,-1,-1,0,0
34.114,159.965,-7.468,1.878,180,0,-1,-1,0,0
26.646,161.843,-7.468,1.878,175,0,-1,-1,0,0
19.179,163.72,-7.468,1.878,170,0,-1,-1,0,0
11.711,165.598,-7.468,1.878,165,0,-1,-1,0,0
4.243,167.476,-7.468,1.878,160,0,-1,-1,0,0
-3.224,169.353,-7.468,1.878,155,0,-1,-1,0,0
400.0,300.0,4.236,2.656,150,0,-1,-1,0,1
404.236,302.656,4.236,2.656,150,5,0,1,0,0
408.472,305.312,4.236,2.656,150,10,0,1,0,0
412.708,307.969,4.236,2.656,150,15,0,1,0,0
416.944,310.625,4.236,2.656,150,20,0,1,0,0
421.181,313.281,4.236,2.656,150,25,0,1,0,0
425.417,315.937,4.236,2.656,150,30,0,1,0,0
429.653,318.593,4.236,2.656,150,35,0,1,0,0
433.889,321.25,4.236,2.656,150,40,0,1,0,0
438.125,323.906,4.236,2.656,150,45,0,1,0,0
442.361,326.562,4.236,2.656,150,50,0,1,0,0
446.597,329.218,4.236,2.656,150,55,0,1,0,0
450.833,331.874,4.236,2.656,150,60,0,1,0,0
455.069,334.53,4.236,2.656,150,65,0,1,0,0
459.306,337.187,4.236,2.656,150,70,0,1,0,0
463.542,339.843,4.236,2.656,150,75,0,1,0,0
467.778,342.499,4.236,2.656,150,80,0,1,0,0
472.014,345.155,4.236,2.656,150,85,0,1,0,0
476.25,347.811,4.236,2.656,150,90,0,1,0,0
480.486,350.468,4.236,2.656,150,95,0,1,0,0
484.722,353.124,4.236,2.656,150,100,0,1,0,0
488.958,355.78,4.236,2.656,150,105,0,1,0,0
493.195,358.436,4.236,2.656,150,110,0,1,0,0
497.431,361.092,4.236,2.656,150,115,0,1,0,0
501.667,363.749,4.236,2.656,150,120,0,1,0,0
505.903,366.405,4.236,2.656,150,125,0,1,0,0
510.139,369.061,4.236,2.656,150,130,0,1,0,0
514.375,371.717,4.236,2.656,150,135,0,1,0,0
518.611,374.373,4.236,2.656,150,140,0,1,0,0
522.847,377.029,4.236,2.656,150,145,0,1,0,0
527.083,379.686,4.236,2.656,150,150,0,1,0,0
531.32,382.342,4.236,2.656,150,155,0,1,0,0
535.556,384.998,4.236,2.656,150,160,0,1,0,0
539.792,387.654,4.236,2.656,150,165,0,1,0,0
544.028,390.31,4.236,2.656,150,170,0,1,0,0
548.264,392.967,4.236,2.656,150,175,0,1,0,0
552.5,395.623,4.236,2.656,150,180,0,1,0,0
556.736,398.279,4.236,2.656,150,185,0,1,0,0
560.972,400.935,4.236,2.656,150,190,0,1,0,0
565.208,403.591,4.236,2.656,150,195,0,1,0,0
569.445,406.248,4.236,2.656,150,200,0,1,0,0
573.681,408.904,4.236,2.656,150,205,0,1,0,0
577.917,411.56,4.236,2.656,150,210,0,1,0,0
582.153,414.216,4.236,2.656,150,215,0,1,0,0
586.389,416.872,4.236,2.656,150,220,0,1,0,0
590.625,419.528,4.236,2.656,150,225,0,1,0,0
594.861,422.185,4.236,2.656,150,230,0,1,0,0
599.097,424.841,4.236,2.656,150,235,0,1,0,0
603.333,427.497,4.236,2.656,150,240,0,1,0,0
607.57,430.153,4.236,2.656,150,245,0,1,0,0
611.806,432.809,4.236,2.656,145,250,-1,1,0,0
616.042,435.466,4.236,2.656,140,255,-1,1,0,0
620.278,438.122,4.236,2.656,135,260,-1,1,0,0
624.514,440.778,4.236,2.656,130,265,-1,1,0,0
628.75,443.434,4.236,2.656,125,270,-1,1,0,0
632.986,446.09,4.236,2.656,120,275,-1,1,0,0
637.222,448.747,4.236,2.656,115,280,-1,1,0,0
641.459,451.403,4.236,2.656,110,285,-1,1,0,0
645.695,454.059,4.236,2.656,105,290,-1,1,0,0
649.931,456.715,4.236,2.656,100,295,-1,1,0,0
654.167,459.371,4.236,2.656,95,300,-1,1,0,0
658.403,462.027,4.236,2.656,90,305,-1,1,0,0
662.639,464.684,4.236,2.656,85,310,-1,1,0,0
666.875,467.34,4.236,2.656,80,315,-1,1,0,0
671.111,469.996,4.236,2.656,75,320,-1,1,0,0
675.347,472.652,4.236,2.656,70,325,-1,1,0,0
679.584,475.308,4.236,2.656,70,330,0,1,0,0
683.82,477.965,4.236,2.656,70,335,0,1,0,0
688.056,480.621,4.236,2.656,70,340,0,1,0,0
692.292,483.277,4.236,2.656,70,345,0,1,0,0
696.528,485.933,4.236,2.656,70,350,0,1,0,0
700.764,488.589,4.236,2.656,70,355,0,1,0,0
705.0,491.246,4.236,2.656,70,360,0,1,0,0
709.236,493.902,4.236,2.656,70,365,0,1,0,0
713.472,496.558,4.236,2.656,70,370,0,1,0,0
717.709,499.214,4.236,2.656,70,375,0,1,0,0
721.945,501.87,4.236,2.656,75,380,1,1,0,0
726.181,504.527,4.236,2.656,80,385,1,1,0,0
730.417,507.183,4.236,2.656,85,390,1,1,0,0
734.653,509.839,4.236,2.656,90,395,1,1,0,0
738.889,512.495,4.236,2.656,95,400,1,1,0,0
743.125,515.151,4.236,2.656,100,405,1,1,0,0
747.361,517.807,4.236,2.656,105,410,1,1,0,0
751.597,520.464,4.236,2.656,110,415,1,1,0,0
755.834,523.12,4.236,2.656,115,420,1,1,0,0
760.07,525.776,4.236,2.656,120,425,1,1,0,0
764.306,528.432,4.236,2.656,125,430,1,1,0,0
768.542,531.088,4.236,2.656,130,435,1,1,0,0
772.778,533.745,4.236,2.656,135,440,1,1,0,0
777.014,536.401,4.236,2.656,140,445,1,1,0,0
781.25,539.057,4.236,2.656,145,450,1,1,0,0
785.486,541.713,4.236,2.656,150,455,1,1,0,0
789.722,544.369,4.236,2.656,155,460,1,1,0,0
793.959,547.026,4.236,2.656,160,465,1,1,0,0
798.195,549.682,4.236,2.656,165,470,1,1,0,0
802.431,552.338,4.236,2.656,170,475,1,1,0,0
400.0,300.0,-3.729,3.33,175,480,1,1,1,0
396.271,303.33,-3.729,3.33,175,480,0,0,0,0
392.541,306.661,-3.729,3.33,175,480,0,0,0,0
388.812,309.991,-3.729,3.33,175,480,0,0,0,0
385.082,313.322,-3.729,3.33,175,480,0,0,0,0
381.353,316.652,-3.729,3.33,175,480,0,0,0,0
377.624,319.982,-3.729,3.33,175,480,0,0,0,0
373.894,323.313,-3.729,3.33,175,480,0,0,0,0
370.165,326.643,-3.729,3.33,175,480,0,0,0,0
366.436,329.974,-3.729,3.33,175,480,0,0,0,0
362.706,333.304,-3.729,3.33,175,475,0,-1,0,0
358.977,336.635,-3.729,3.33,175,470,0,-1,0,0
355.247,339.965,-3.729,3.33,175,465,0,-1,0,0
351.518,343.295,-3.729,3.33,175,460,0,-1,0,0
347.789,346.626,-3.729,3.33,175,455,0,-1,0,0
344.059,349.956,-3.729,3.33,175,450,0,-1,0,0
340.33,353.287,-3.729,3.33,175,445,0,-1,0,0
336.6,356.617,-3.729,3.33,175,440,0,-1,0,0
332.871,359.947,-3.729,3.33,175,435,0,-1,0,0
329.142,363.278,-3.729,3.33,175,430,0,-1,0,0
325.412,366.608,-3.729,3.33,175,425,0,-1,0,0
321.683,369.939,-3.729,3.33,175,420,0,-1,0,0
317.953,373.269,-3.729,3.33,175,415,0,-1,0,0
314.224,376.6,-3.729,3.33,175,410,0,-1,0,0
310.495,379.93,-3.729,3.33,175,405,0,-1,0,0
306.765,383.26,-3.729,3.33,175,400,0,-1,0,0
303.036,386.591,-3.729,3.33,180,395,1,-1,0,0
299.307,389.921,-3.729,3.33,185,390,1,-1,0,0
295.577,393.252,-3.729,3.33,190,385,1,-1,0,0
291.848,396.582,-3.729,3.33,195,380,1,-1,0,0
288.118,399.912,-3.729,3.33,200,375,1,-1,0,0
284.389,403.243,-3.729,3.33,205,370,1,-1,0,0
280.66,406.573,-3.729,3.33,210,365,1,-1,0,0
276.93,409.904,-3.729,3.33,215,360,1,-1,0,0
273.201,413.234,-3.729,3.33,220,355,1,-1,0,0
269.471,416.565,-3.729,3.33,225,350,1,-1,0,0
265.742,419.895,-3.729,3.33,230,345,1,-1,0,0
262.013,423.225,-3.729,3.33,235,340,1,-1,0,0
258.283,426.556,-3.729,3.33,240,335,1,-1,0,0
254.554,429.886,-3.729,3.33,245,330,1,-1,0,0
250.825,433.217,-3.729,3.33,250,325,1,-1,0,0
247.095,436.547,-3.729,3.33,255,320,1,-1,0,0
243.366,439.877,-3.729,3.33,260,315,1,-1,0,0
239.636,443.208,-3.729,3.33,265,310,1,-1,0,0
235.907,446.538,-3.729,3.33,270,305,1,-1,0,0
232.178,449.869,-3.729,3.33,275,300,1,-1,0,0
228.448,453.199,-3.729,3.33,280,295,1,-1,0,0
224.719,456.53,-3.729,3.33,285,290,1,-1,0,0
220.989,459.86,-3.729,3.33,290,285,1,-1,0,0
217.26,463.19,-3.729,3.33,295,280,1,-1,0,0
213.531,466.521,-3.729,3.33,300,275,1,-1,0,0
209.801,469.851,-3.729,3.33,305,270,1,-1,0,0
206.072,473.182,-3.729,3.33,310,265,1,-1,0,0
202.343,476.512,-3.729,3.33,315,260,1,-1,0,0
198.613,479.842,-3.729,3.33,320,255,1,-1,0,0
194.884,483.173,-3.729,3.33,325,250,1,-1,0,0
191.154,486.503,-3.729,3.33,330,245,1,-1,0,0
187.425,489.834,-3.729,3.33,335,240,1,-1,0,0
183.696,493.164,-3.729,3.33,340,235,1,-1,0,0
179.966,496.495,-3.729,3.33,345,230,1,-1,0,0
176.237,499.825,-3.729,3.33,350,225,1,-1,0,0
172.507,503.155,-3.729,3.33,355,220,1,-1,0,0
168.778,506.486,-3.729,3.33,360,215,1,-1,0,0
165.049,509.816,-3.729,3.33,365,210,1,-1,0,0
161.319,513.147,-3.729,3.33,370,205,1,-1,0,0
157.59,516.477,-3.729,3.33,375,200,1,-1,0,0
153.86,519.807,-3.729,3.33,380,195,1,-1,0,0
150.131,523.138,-3.729,3.33,385,190,1,-1,0,0
146.402,526.468,-3.729,3.33,390,185,1,-1,0,0
142.672,529.799,-3.729,3.33,395,180,1,-1,0,0
138.943,533.129,-3.729,3.33,400,175,1,-1,0,0
135.214,536.46,-3.729,3.33,405,170,1,-1,0,0
131.484,539.79,-3.729,3.33,410,165,1,-1,0,0
127.755,543.12,-3.729,3.33,415,160,1,-1,0,0
124.025,546.451,-3.729,3.33,420,155,1,-1,0,0
120.296,549.781,-3.729,3.33,425,150,1,-1,0,0
116.567,553.112,-3.729,3.33,430,145,1,-1,0,0
112.837,556.442,-3.729,3.33,435,140,1,-1,0,0
109.108,559.772,-3.729,3.33,440,135,1,-1,0,0
105.378,563.103,-3.729,3.33,445,130,1,-1,0,0
101.649,566.433,-3.729,3.33,450,125,1,-1,0,0
97.92,569.764,-3.729,3.33,455,120,1,-1,0,0
94.19,573.094,-3.729,3.33,460,115,1,-1,0,0
90.461,576.425,-3.729,3.33,465,110,1,-1,0,0
86.732,579.755,-3.729,3.33,470,105,1,-1,0,0
83.002,583.085,-3.729,3.33,475,100,1,-1,0,0
79.273,586.416,-3.729,3.33,480,95,1,-1,0,0
75.543,589.746,-3.729,3.33,485,90,1,-1,0,0
71.814,593.077,-3.729,3.33,490,85,1,-1,0,0
68.085,594.0,-3.729,-3.33,495,80,1,-1,0,0
64.355,590.67,-3.729,-3.33,500,75,1,-1,0,0
60.626,587.339,-3.729,-3.33,505,70,1,-1,0,0
56.896,584.009,-3.729,-3.33,510,65,1,-1,0,0
53.167,580.678,-3.729,-3.33,515,60,1,-1,0,0
49.438,577.348,-3.729,-3.33,520,55,1,-1,0,0
49.0,574.018,4.947,1.902,520,50,1,-1,0,0
53.947,575.919,4.947,1.902,520,45,1,-1,0,0
58.894,577.821,4.947,1.902,520,40,1,-1,0,0
63.841,579.722,4.947,1.902,520,35,1,-1,0,0
68.788,581.624,4.947,1.902,520,30,1,-1,0,0
73.736,583.526,4.947,1.902,520,30,1,0,0,0
78.683,585.427,4.947,1.902,520,30,1,0,0,0
83.63,587.329,4.947,1.902,520,30,1,0,0,0
88.577,589.23,4.947,1.902,520,30,1,0,0,0
93.524,591.132,4.947,1.902,520,30,1,0,0,0
98.471,593.034,4.947,1.902,520,30,1,0,0,0
103.418,594.0,4.947,-1.902,520,30,1,0,0,0
108.365,592.098,4.947,-1.902,520,30,1,0,0,0
113.312,590.197,4.947,-1.902,520,30,1,0,0,0
118.259,588.295,4.947,-1.902,520,30,1,0,0,0
123.207,586.394,4.947,-1.902,520,30,1,0,0,0
128.154,584.492,4.947,-1.902,520,30,1,0,0,0
133.101,582.59,4.947,-1.902,520,30,1,0,0,0
138.048,580.689,4.947,-1.902,520,35,1,1,0,0
142.995,578.787,4.947,-1.902,520,40,1,1,0,0
147.942,576.885,4.947,-1.902,520,45,1,1,0,0
152.889,574.984,4.947,-1.902,520,50,1,1,0,0
157.836,573.082,4.947,-1.902,520,55,1,1,0,0
162.783,571.181,4.947,-1.902,520,60,1,1,0,0
167.731,569.279,4.947,-1.902,520,65,1,1,0,0
172.678,567.377,4.947,-1.902,520,70,0,1,0,0
177.625,565.476,4.947,-1.902,520,75,0,1,0,0
182.572,563.574,4.947,-1.902,520,80,0,1,0,0
187.519,561.673,4.947,-1.902,520,85,0,1,0,0
192.466,559.771,4.947,-1.902,520,90,0,1,0,0
197.413,557.869,4.947,-1.902,520,95,0,1,0,0
202.36,555.968,4.947,-1.902,520,100,0,1,0,0
207.307,554.066,4.947,-1.902,520,105,0,1,0,0
212.254,552.164,4.947,-1.902,520,110,0,1,0,0
217.202,550.263,4.947,-1.902,520,115,0,1,0,0
222.149,548.361,4.947,-1.902,520,120,0,1,0,0
227.096,546.46,4.947,-1.902,520,125,0,1,0,0
232.043,544.558,4.947,-1.902,520,130,0,1,0,0
236.99,542.656,4.947,-1.902,520,135,0,1,0,0
241.937,540.755,4.947,-1.902,520,140,0,1,0,0
246.884,538.853,4.947,-1.902,520,145,0,1,0,0
251.831,536.951,4.947,-1.902,520,150,0,1,0,0
256.778,535.05,4.947,-1.902,520,155,0,1,0,0
261.726,533.148,4.947,-1.902,520,160,0,1,0,0
266.673,531.247,4.947,-1.902,520,165,0,1,0,0
271.62,529.345,4.947,-1.902,520,170,0,1,0,0
276.567,527.443,4.947,-1.902,515,175,-1,1,0,0
281.514,525.542,4.947,-1.902,510,180,-1,1,0,0
286.461,523.64,4.947,-1.902,505,185,-1,1,0,0
291.408,521.739,4.947,-1.902,500,190,-1,1,0,0
296.355,519.837,4.947,-1.902,495,195,-1,1,0,0
301.302,517.935,4.947,-1.902,490,200,-1,1,0,0
306.249,516.034,4.947,-1.902,485,205,-1,1,0,0
311.197,514.132,4.947,-1.902,480,210,-1,1,0,0
316.144,512.23,4.947,-1.902,475,215,-1,1,0,0
321.091,510.329,4.947,-1.902,470,220,-1,1,0,0
326.038,508.427,4.947,-1.902,465,225,-1,1,0,0
330.985,506.526,4.947,-1.902,460,230,-1,1,0,0
335.932,504.624,4.947,-1.902,455,235,-1,1,0,0
340.879,502.722,4.947,-1.902,450,240,-1,1,0,0
345.826,500.821,4.947,-1.902,450,245,0,1,0,0
350.773,498.919,4.947,-1.902,450,250,0,1,0,0
355.721,497.018,4.947,-1.902,450,255,0,1,0,0
360.668,495.116,4.947,-1.902,450,260,0,1,0,0
365.615,493.214,4.947,-1.902,450,265,0,1,0,0
370.562,491.313,4.947,-1.902,450,270,0,1,0,0
375.509,489.411,4.947,-1.902,450,275,0,1,0,0
380.456,487.509,4.947,-1.902,450,280,0,1,0,0
385.403,485.608,4.947,-1.902,450,285,0,1,0,0
390.35,483.706,4.947,-1.902,450,290,0,1,0,0
395.297,481.805,4.947,-1.902,450,295,0,1,0,0
400.244,479.903,4.947,-1.902,450,300,0,1,0,0
405.192,478.001,4.947,-1.902,450,305,0,1,0,0
410.139,476.1,4.947,-1.902,450,310,0,1,0,0
415.086,474.198,4.947,-1.902,450,315,0,1,0,0
420.033,472.297,4.947,-1.902,450,320,0,1,0,0
424.98,470.395,4.947,-1.902,450,325,0,1,0,0
429.927,468.493,4.947,-1.902,450,330,0,1,0,0
434.874,466.592,4.947,-1.902,450,335,0,1,0,0
439.821,464.69,4.947,-1.902,450,340,0,1,0,0
444.768,462.788,4.947,-1.902,450,345,0,1,0,0
449.716,460.887,4.947,-1.902,450,350,0,1,0,0
454.663,458.985,4.947,-1.902,450,345,0,-1,0,0
459.61,457.084,4.947,-1.902,450,340,0,-1,0,0
464.557,455.182,4.947,-1.902,450,335,0,-1,0,0
469.504,453.28,4.947,-1.902,450,330,0,-1,0,0
474.451,451.379,4.947,-1.902,450,325,0,-1,0,0
479.398,449.477,4.947,-1.902,450,320,0,-1,0,0
484.345,447.575,4.947,-1.902,450,315,0,-1,0,0
489.292,445.674,4.947,-1.902,450,310,0,-1,0,0
494.239,443.772,4.947,-1.902,450,305,0,-1,0,0
499.187,441.871,4.947,-1.902,450,300,0,-1,0,0
504.134,439.969,4.947,-1.902,450,295,0,-1,0,0
509.081,438.067,4.947,-1.902,450,290,0,-1,0,0
514.028,436.166,4.947,-1.902,450,285,0,-1,0,0
518.975,434.264,4.947,-1.902,450,280,0,-1,0,0
523.922,432.363,4.947,-1.902,450,275,0,-1,0,0
528.869,430.461,4.947,-1.902,450,270,0,-1,0,0
533.816,428.559,4.947,-1.902,450,265,0,-1,0,0
538.763,426.658,4.947,-1.902,450,260,0,-1,0,0
543.711,424.756,4.947,-1.902,450,255,0,-1,0,0
548.658,422.854,4.947,-1.902,450,250,0,-1,0,0
553.605,420.953,4.947,-1.902,450,250,0,0,0,0
558.552,419.051,4.947,-1.902,450,250,0,0,0,0
563.499,417.15,4.947,-1.902,450,250,0,0,0,0
568.446,415.248,4.947,-1.902,450,250,0,0,0,0
573.393,413.346,4.947,-1.902,450,250,0,0,0,0
578.34,411.445,4.947,-1.902,450,250,0,0,0,0
583.287,409.543,4.947,-1.902,450,250,0,0,0,0
588.235,407.642,4.947,-1.902,450,250,0,0,0,0
593.182,405.74,4.947,-1.902,450,250,0,0,0,0
598.129,403.838,4.947,-1.902,450,250,0,0,0,0
603.076,401.937,4.947,-1.902,450,250,0,0,0,0
608.023,400.035,4.947,-1.902,450,250,0,0,0,0
612.97,398.133,4.947,-1.902,450,250,0,0,0,0
617.917,396.232,4.947,-1.902,450,250,0,0,0,0
622.864,394.33,4.947,-1.902,450,250,0,0,0,0
627.811,392.429,4.947,-1.902,450,250,0,0,0,0
632.758,390.527,4.947,-1.902,450,250,0,0,0,0
637.706,388.625,4.947,-1.902,450,250,0,0,0,0
642.653,386.724,4.947,-1.902,450,250,0,0,0,0
647.6,384.822,4.947,-1.902,450,250,0,0,0,0
652.547,382.921,4.947,-1.902,450,250,0,0,0,0
657.494,381.019,4.947,-1.902,450,250,0,0,0,0
662.441,379.117,4.947,-1.902,450,250,0,0,0,0
667.388,377.216,4.947,-1.902,450,250,0,0,0,0
672.335,375.314,4.947,-1.902,450,250,0,0,0,0
677.282,373.412,4.947,-1.902,450,250,0,0,0,0
682.23,371.511,4.947,-1.902,450,250,0,0,0,0
687.177,369.609,4.947,-1.902,450,250,0,0,0,0
692.124,367.708,4.947,-1.902,450,250,0,0,0,0
697.071,365.806,4.947,-1.902,450,250,0,0,0,0
702.018,363.904,4.947,-1.902,450,250,0,0,0,0
706.965,362.003,4.947,-1.902,450,250,0,0,0,0
711.912,360.101,4.947,-1.902,450,255,0,1,0,0
716.859,358.2,4.947,-1.902,450,260,0,1,0,0
721.806,356.298,4.947,-1.902,450,265,0,1,0,0
726.753,354.396,4.947,-1.902,450,270,0,1,0,0
731.701,352.495,4.947,-1.902,450,275,0,1,0,0
736.648,350.593,4.947,-1.902,450,280,0,1,0,0
741.595,348.691,4.947,-1.902,450,285,0,1,0,0
746.542,346.79,4.947,-1.902,450,290,0,1,0,0
751.489,344.888,4.947,-1.902,450,295,0,1,0,0
751.0,342.987,-5.583,0.437,450,300,0,1,0,0
745.417,343.424,-5.583,0.437,450,305,0,1,0,0
739.834,343.861,-5.583,0.437,445,310,-1,1,0,0
734.251,344.299,-5.583,0.437,440,315,-1,1,0,0
728.668,344.736,-5.583,0.437,435,320,-1,1,0,0
723.086,345.174,-5.583,0.437,430,325,-1,1,0,0
717.503,345.611,-5.583,0.437,425,330,-1,1,0,0
711.92,346.048,-5.583,0.437,420,335,-1,1,0,0
706.337,346.486,-5.583,0.437,415,340,-1,1,0,0
700.754,346.923,-5.583,0.437,410,345,-1,1,0,0
695.171,347.361,-5.583,0.437,405,350,-1,1,0,0
689.588,347.798,-5.583,0.437,400,355,-1,1,0,0
684.005,348.235,-5.583,0.437,395,360,-1,1,0,0
678.422,348.673,-5.583,0.437,395,365,0,1,0,0
672.84,349.11,-5.583,0.437,395,370,0,1,0,0
667.257,349.548,-5.583,0.437,395,375,0,1,0,0
661.674,349.985,-5.583,0.437,395,380,0,1,0,0
656.091,350.422,-5.583,0.437,395,385,0,1,0,0
650.508,350.86,-5.583,0.437,395,390,0,1,0,0
644.925,351.297,-5.583,0.437,395,395,0,1,0,0
639.342,351.735,-5.583,0.437,395,400,0,1,0,0
633.759,352.172,-5.583,0.437,395,405,0,1,0,0
628.176,352.61,-5.583,0.437,395,410,0,1,0,0
622.594,353.047,-5.583,0.437,395,415,0,1,0,0
617.011,353.484,-5.583,0.437,395,420,0,1,0,0
611.428,353.922,-5.583,0.437,395,425,0,1,0,0
605.845,354.359,-5.583,0.437,395,430,0,1,0,0
600.262,354.797,-5.583,0.437,395,435,0,1,0,0
594.679,355.234,-5.583,0.437,395,440,0,1,0,0
589.096,355.671,-5.583,0.437,395,445,0,1,0,0
583.513,356.109,-5.583,0.437,395,450,0,1,0,0
577.93,356.546,-5.583,0.437,395,455,0,1,0,0
572.347,356.984,-5.583,0.437,395,460,0,1,0,0
566.765,357.421,-5.583,0.437,395,465,0,1,0,0
561.182,357.858,-5.583,0.437,395,470,0,1,0,0
555.599,358.296,-5.583,0.437,395,475,0,1,0,0
550.016,358.733,-5.583,0.437,395,480,0,1,0,0
544.433,359.171,-5.583,0.437,395,485,0,1,0,0
538.85,359.608,-5.583,0.437,395,490,0,1,0,0
533.267,360.045,-5.583,0.437,395,495,0,1,0,0
527.684,360.483,-5.583,0.437,395,500,0,1,0,0
522.101,360.92,-5.583,0.437,395,505,0,1,0,0
516.519,361.358,-5.583,0.437,395,510,0,1,0,0
510.936,361.795,-5.583,0.437,390,515,-1,1,0,0
505.353,362.232,-5.583,0.437,385,520,-1,1,0,0
499.77,362.67,-5.583,0.437,380,520,-1,1,0,0
494.187,363.107,-5.583,0.437,375,520,-1,1,0,0
488.604,363.545,-5.583,0.437,370,520,-1,1,0,0
483.021,363.982,-5.583,0.437,365,520,-1,1,0,0
477.438,364.42,-5.583,0.437,360,520,-1,1,0,0
471.855,364.857,-5.583,0.437,355,520,-1,1,0,0
466.273,365.294,-5.583,0.437,350,520,-1,1,0,0
460.69,365.732,-5.583,0.437,345,520,-1,1,0,0
455.107,366.169,-5.583,0.437,340,520,-1,0,0,0
449.524,366.607,-5.583,0.437,340,520,0,0,0,0
443.941,367.044,-5.583,0.437,340,515,0,-1,0,0
438.358,367.481,-5.583,0.437,340,510,0,-1,0,0
432.775,367.919,-5.583,0.437,340,505,0,-1,0,0
427.192,368.356,-5.583,0.437,340,500,0,-1,0,0
421.609,368.794,-5.583,0.437,340,495,0,-1,0,0
416.027,369.231,-5.583,0.437,340,490,0,-1,0,0
410.444,369.668,-5.583,0.437,340,485,0,-1,0,0
404.861,370.106,-5.583,0.437,340,480,0,-1,0,0
399.278,370.543,-5.583,0.437,340,475,0,-1,0,0
393.695,370.981,-5.583,0.437,340,470,0,-1,0,0
388.112,371.418,-5.583,0.437,340,465,0,-1,0,0
382.529,371.855,-5.583,0.437,340,460,0,-1,0,0
376.946,372.293,-5.583,0.437,340,455,0,-1,0,0
371.363,372.73,-5.583,0.437,340,450,0,-1,0,0
365.781,373.168,-5.583,0.437,340,445,0,-1,0,0
360.198,373.605,-5.583,0.437,340,440,0,-1,0,0
354.615,374.042,-5.583,0.437,340,435,0,-1,0,0
349.032,374.48,-5.583,0.437,340,430,0,-1,0,0
343.449,374.917,-5.583,0.437,340,425,0,-1,0,0
337.866,375.355,-5.583,0.437,340,420,0,-1,0,0
332.283,375.792,-5.583,0.437,340,415,0,-1,0,0
326.7,376.23,-5.583,0.437,340,410,0,-1,0,0
321.117,376.667,-5.583,0.437,340,405,0,-1,0,0
315.534,377.104,-5.583,0.437,340,400,0,-1,0,0
309.952,377.542,-5.583,0.437,340,395,0,-1,0,0
304.369,377.979,-5.583,0.437,340,390,0,-1,0,0
298.786,378.417,-5.583,0.437,340,385,0,-1,0,0
293.203,378.854,-5.583,0.437,340,380,0,-1,0,0
287.62,379.291,-5.583,0.437,340,375,0,-1,0,0
282.037,379.729,-5.583,0.437,340,370,0,-1,0,0
276.454,380.166,-5.583,0.437,340,365,0,-1,0,0
270.871,380.604,-5.583,0.437,340,360,0,-1,0,0
265.288,381.041,-5.583,0.437,340,355,0,-1,0,0
259.706,381.478,-5.583,0.437,340,350,0,-1,0,0
254.123,381.916,-5.583,0.437,340,345,0,-1,0,0
248.54,382.353,-5.583,0.437,340,340,0,-1,0,0
242.957,382.791,-5.583,0.437,340,335,0,-1,0,0
237.374,383.228,-5.583,0.437,340,330,0,-1,0,0
231.791,383.665,-5.583,0.437,340,325,0,-1,0,0
226.208,384.103,-5.583,0.437,340,320,0,-1,0,0
220.625,384.54,-5.583,0.437,340,315,0,-1,0,0
215.042,384.978,-5.583,0.437,340,310,0,-1,0,0
209.46,385.415,-5.583,0.437,340,310,0,0,0,0
203.877,385.853,-5.583,0.437,340,310,0,0,0,0
198.294,386.29,-5.583,0.437,340,310,0,0,0,0
192.711,386.727,-5.583,0.437,340,310,0,0,0,0
187.128,387.165,-5.583,0.437,340,310,0,0,0,0
181.545,387.602,-5.583,0.437,340,310,0,0,0,0
175.962,388.04,-5.583,0.437,340,310,0,0,0,0
170.379,388.477,-5.583,0.437,340,310,0,0,0,0
164.796,388.914,-5.583,0.437,340,310,0,0,0,0
159.214,389.352,-5.583,0.437,340,310,0,0,0,0
153.631,389.789,-5.583,0.437,340,310,0,0,0,0
148.048,390.227,-5.583,0.437,340,310,0,0,0,0
142.465,390.664,-5.583,0.437,340,310,0,0,0,0
136.882,391.101,-5.583,0.437,340,310,0,0,0,0
131.299,391.539,-5.583,0.437,340,310,0,0,0,0
125.716,391.976,-5.583,0.437,340,310,0,0,0,0
120.133,392.414,-5.583,0.437,340,310,0,0,0,0
114.55,392.851,-5.583,0.437,340,310,0,0,0,0
108.968,393.288,-5.583,0.437,340,310,0,0,0,0
103.385,393.726,-5.583,0.437,340,310,0,0,0,0
97.802,394.163,-5.583,0.437,340,310,0,0,0,0
92.219,394.601,-5.583,0.437,340,310,0,0,0,0
86.636,395.038,-5.583,0.437,340,310,0,0,0,0
81.053,395.475,-5.583,0.437,340,310,0,0,0,0
75.47,395.913,-5.583,0.437,340,310,0,0,0,0
69.887,396.35,-5.583,0.437,340,310,0,0,0,0
64.304,396.788,-5.583,0.437,340,310,0,0,0,0
58.721,397.225,-5.583,0.437,340,310,0,0,0,0
53.139,397.663,-5.583,0.437,340,310,0,0,0,0
49.0,398.1,5.25,2.692,340,310,0,0,0,0
54.25,400.792,5.25,2.692,340,310,0,0,0,0
59.5,403.484,5.25,2.692,340,310,0,0,0,0
64.75,406.177,5.25,2.692,340,310,0,0,0,0
70.0,408.869,5.25,2.692,340,310,0,0,0,0
75.25,411.561,5.25,2.692,340,310,0,0,0,0
80.499,414.254,5.25,2.692,340,310,0,0,0,0
85.749,416.946,5.25,2.692,340,310,0,0,0,0
90.999,419.638,5.25,2.692,340,310,0,0,0,0
96.249,422.33,5.25,2.692,340,310,0,0,0,0
101.499,425.023,5.25,2.692,340,310,0,0,0,0
106.749,427.715,5.25,2.692,340,310,0,0,0,0
111.999,430.407,5.25,2.692,340,310,0,0,0,0
117.249,433.1,5.25,2.692,340,310,0,0,0,0
122.499,435.792,5.25,2.692,340,310,0,0,0,0
127.749,438.484,5.25,2.692,340,310,0,0,0,0
132.999,441.176,5.25,2.692,340,315,0,1,0,0
138.249,443.869,5.25,2.692,340,320,0,1,0,0
143.498,446.561,5.25,2.692,340,325,0,1,0,0
148.748,449.253,5.25,2.692,340,330,0,1,0,0
153.998,451.946,5.25,2.692,340,335,0,1,0,0
159.248,454.638,5.25,2.692,340,340,0,1,0,0
164.498,457.33,5.25,2.692,340,345,0,1,0,0
169.748,460.022,5.25,2.692,340,350,0,1,0,0
174.998,462.715,5.25,2.692,340,355,0,1,0,0
180.248,465.407,5.25,2.692,340,360,0,1,0,0
185.498,468.099,5.25,2.692,340,365,0,1,0,0
190.748,470.792,5.25,2.692,340,370,0,1,0,0
195.998,473.484,5.25,2.692,340,375,0,1,0,0
201.248,476.176,5.25,2.692,345,380,1,1,0,0
206.497,478.868,5.25,2.692,350,385,1,1,0,0
211.747,481.561,5.25,2.692,355,390,1,1,0,0
216.997,484.253,5.25,2.692,360,395,1,1,0,0
222.247,486.945,5.25,2.692,365,400,1,1,0,0
227.497,489.638,5.25,2.692,370,405,1,1,0,0
232.747,492.33,5.25,2.692,375,410,1,1,0,0
237.997,495.022,5.25,2.692,380,415,1,1,0,0
243.247,497.714,5.25,2.692,385,420,1,1,0,0
248.497,500.407,5.25,2.692,390,425,1,1,0,0
253.747,503.099,5.25,2.692,395,430,1,1,0,0
258.997,505.791,5.25,2.692,400,435,1,1,0,0
264.246,508.484,5.25,2.692,405,440,1,1,0,0
269.496,511.176,5.25,2.692,410,445,1,1,0,0
274.746,513.868,5.25,2.692,415,450,1,1,0,0
279.996,516.56,5.25,2.692,415,455,0,1,0,0
285.246,519.253,5.25,2.692,415,460,0,1,0,0
290.496,521.945,5.25,2.692,415,465,0,1,0,0
295.746,524.637,5.25,2.692,415,470,0,1,0,0
300.996,527.33,5.25,2.692,415,475,0,1,0,0
306.246,530.022,5.25,2.692,415,480,0,1,0,0
311.496,532.714,5.25,2.692,415,485,0,1,0,0
316.746,535.406,5.25,2.692,415,485,0,0,0,0
321.996,538.099,5.25,2.692,415,485,0,0,0,0
327.245,540.791,5.25,2.692,415,485,0,0,0,0
332.495,543.483,5.25,2.692,415,485,0,0,0,0
337.745,546.176,5.25,2.692,415,485,0,0,0,0
342.995,548.868,5.25,2.692,415,485,0,0,0,0
348.245,551.56,5.25,2.692,415,485,0,0,0,0
353.495,554.252,5.25,2.692,415,485,0,0,0,0
358.745,556.945,5.25,2.692,415,485,0,0,0,0
363.995,559.637,5.25,2.692,415,485,0,0,0,0
369.245,562.329,5.25,2.692,415,480,0,-1,0,0
374.495,565.022,5.25,2.692,415,475,0,-1,0,0
379.745,567.714,5.25,2.692,415,470,0,-1,0,0
384.995,570.406,5.25,2.692,415,465,0,-1,0,0
390.244,573.098,5.25,2.692,415,460,0,-1,0,0
395.494,575.791,5.25,2.692,415,455,0,-1,0,0
400.744,578.483,5.25,2.692,415,450,0,-1,0,0
405.994,581.175,5.25,2.692,415,445,0,-1,0,0
411.244,583.868,5.25,2.692,415,440,0,-1,0,0
416.494,586.56,5.25,2.692,415,435,0,-1,0,0
421.744,589.252,5.25,2.692,415,430,0,-1,0,0
426.994,591.944,5.25,2.692,415,425,0,-1,0,0
432.244,594.0,5.25,-2.692,415,420,0,-1,0,0
437.494,591.308,5.25,-2.692,415,415,0,-1,0,0
442.744,588.615,5.25,-2.692,415,410,0,-1,0,0
447.993,585.923,5.25,-2.692,415,405,0,-1,0,0
453.243,583.231,5.25,-2.692,415,400,0,-1,0,0
458.493,580.539,5.25,-2.692,415,395,0,-1,0,0
463.743,577.846,5.25,-2.692,415,390,0,-1,0,0
468.993,575.154,5.25,-2.692,415,385,0,-1,0,0
474.243,572.462,5.25,-2.692,415,380,0,-1,0,0
479.493,569.769,5.25,-2.692,415,375,0,-1,0,0
484.743,567.077,5.25,-2.692,415,370,0,-1,0,0
489.993,564.385,5.25,-2.692,415,365,0,-1,0,0
495.243,561.693,5.25,-2.692,415,360,0,-1,0,0
500.493,559.0,5.25,-2.692,415,355,0,-1,0,0
505.743,556.308,5.25,-2.692,415,350,0,-1,0,0
510.992,553.616,5.25,-2.692,415,345,0,-1,0,0
516.242,550.923,5.25,-2.692,415,340,0,-1,0,0
521.492,548.231,5.25,-2.692,415,340,0,0,0,0
526.742,545.539,5.25,-2.692,415,340,0,0,0,0
531.992,542.847,5.25,-2.692,415,340,0,0,0,0
537.242,540.154,5.25,-2.692,415,340,0,0,0,0
542.492,537.462,5.25,-2.692,415,340,0,0,0,0
547.742,534.77,5.25,-2.692,415,340,0,0,0,0
552.992,532.077,5.25,-2.692,415,340,0,0,0,0
558.242,529.385,5.25,-2.692,415,340,0,0,0,0
563.492,526.693,5.25,-2.692,415,340,0,0,0,0
568.742,524.001,5.25,-2.692,415,340,0,0,0,0
573.991,521.308,5.25,-2.692,415,340,0,0,0,0
579.241,518.616,5.25,-2.692,415,340,0,0,0,0
584.491,515.924,5.25,-2.692,415,340,0,0,0,0
589.741,513.231,5.25,-2.692,415,340,0,0,0,0
594.991,510.539,5.25,-2.692,415,340,0,0,0,0
600.241,507.847,5.25,-2.692,415,340,0,0,0,0
605.491,505.155,5.25,-2.692,415,340,0,0,0,0
610.741,502.462,5.25,-2.692,415,340,0,0,0,0
615.991,499.77,5.25,-2.692,415,340,0,0,0,0
621.241,497.078,5.25,-2.692,415,340,0,0,0,0
626.491,494.385,5.25,-2.692,415,340,0,0,0,0
631.741,491.693,5.25,-2.692,415,340,0,0,0,0
636.99,489.001,5.25,-2.692,415,340,0,0,0,0
642.24,486.309,5.25,-2.692,415,340,0,0,0,0
647.49,483.616,5.25,-2.692,415,340,0,0,0,0
652.74,480.924,5.25,-2.692,415,340,0,0,0,0
657.99,478.232,5.25,-2.692,415,340,0,0,0,0
663.24,475.539,5.25,-2.692,415,340,0,0,0,0
668.49,472.847,5.25,-2.692,415,340,0,0,0,0
673.74,470.155,5.25,-2.692,415,340,0,0,0,0
678.99,467.463,5.25,-2.692,415,340,0,0,0,0
684.24,464.77,5.25,-2.692,415,340,0,0,0,0
689.49,462.078,5.25,-2.692,415,340,0,0,0,0
694.739,459.386,5.25,-2.692,415,340,0,0,0,0
699.989,456.693,5.25,-2.692,415,340,0,0,0,0
705.239,454.001,5.25,-2.692,415,340,0,0,0,0
710.489,451.309,5.25,-2.692,415,340,0,0,0,0
715.739,448.617,5.25,-2.692,415,340,0,0,0,0
720.989,445.924,5.25,-2.692,415,340,0,0,0,0
726.239,443.232,5.25,-2.692,415,340,0,0,0,0
731.489,440.54,5.25,-2.692,415,340,0,0,0,0
736.739,437.847,5.25,-2.692,415,340,0,0,0,0
741.989,435.155,5.25,-2.692,415,345,0,1,0,0
747.239,432.463,5.25,-2.692,415,350,0,1,0,0
752.489,429.771,5.25,-2.692,415,355,0,1,0,0
751.0,427.078,-4.706,4.036,415,360,0,1,0,0
746.294,431.115,-4.706,4.036,415,365,0,1,0,0
741.588,435.151,-4.706,4.036,415,370,0,1,0,0
736.881,439.187,-4.706,4.036,415,375,0,1,0,0
732.175,443.223,-4.706,4.036,415,380,0,1,0,0
727.469,447.26,-4.706,4.036,415,385,0,1,0,0
722.763,451.296,-4.706,4.036,415,390,0,1,0,0
718.056,455.332,-4.706,4.036,415,395,0,1,0,0
713.35,459.368,-4.706,4.036,415,400,0,1,0,0
708.644,463.404,-4.706,4.036,415,405,0,1,0,0
703.938,467.441,-4.706,4.036,415,410,0,1,0,0
699.231,471.477,-4.706,4.036,415,415,0,1,0,0
694.525,475.513,-4.706,4.036,415,420,0,1,0,0
689.819,479.549,-4.706,4.036,415,425,0,1,0,0
685.113,483.586,-4.706,4.036,415,430,0,1,0,0
680.406,487.622,-4.706,4.036,415,435,0,1,0,0
675.7,491.658,-4.706,4.036,415,440,0,1,0,0
670.994,495.694,-4.706,4.036,415,445,0,1,0,0
666.288,499.731,-4.706,4.036,415,450,0,1,0,0
661.581,503.767,-4.706,4.036,415,455,0,1,0,0
656.875,507.803,-4.706,4.036,415,460,0,1,0,0
652.169,511.839,-4.706,4.036,415,465,0,1,0,0
647.463,515.876,-4.706,4.036,415,470,0,1,0,0
642.756,519.912,-4.706,4.036,415,475,0,1,0,0
638.05,523.948,-4.706,4.036,420,480,1,1,0,0
633.344,527.984,-4.706,4.036,425,485,1,1,0,0
628.638,532.021,-4.706,4.036,430,490,1,1,0,0
623.931,536.057,-4.706,4.036,435,495,1,1,0,0
619.225,540.093,-4.706,4.036,440,500,1,1,0,0
614.519,544.129,-4.706,4.036,445,505,1,1,0,0
609.813,548.165,-4.706,4.036,450,510,1,1,0,0
605.106,552.202,-4.706,4.036,455,515,1,1,0,0
600.4,556.238,-4.706,4.036,460,520,1,1,0,0
595.694,560.274,-4.706,4.036,465,520,1,1,0,0
590.988,564.31,-4.706,4.036,470,520,1,1,0,0
586.281,568.347,-4.706,4.036,475,520,1,1,0,0
581.575,572.383,-4.706,4.036,475,520,0,1,0,0
576.869,576.419,-4.706,4.036,475,520,0,1,0,0
572.163,580.455,-4.706,4.036,475,520,0,1,0,0
567.456,584.492,-4.706,4.036,475,520,0,1,0,0
562.75,588.528,-4.706,4.036,475,520,0,1,0,0
558.044,592.564,-4.706,4.036,475,520,0,1,0,0
553.338,594.0,-4.706,-4.036,475,520,0,1,0,0
548.631,589.964,-4.706,-4.036,475,520,0,1,0,0
543.925,585.928,-4.706,-4.036,475,515,0,-1,0,0
539.219,581.891,-4.706,-4.036,475,510,0,-1,0,0
534.513,577.855,-4.706,-4.036,475,505,0,-1,0,0
529.806,573.819,-4.706,-4.036,475,500,0,-1,0,0
525.1,569.783,-4.706,-4.036,475,495,0,-1,0,0
520.394,565.746,-4.706,-4.036,475,490,0,-1,0,0
515.688,561.71,-4.706,-4.036,475,485,0,-1,0,0
510.981,557.674,-4.706,-4.036,475,480,0,-1,0,0
506.275,553.638,-4.706,-4.036,475,475,0,-1,0,0
501.569,549.601,-4.706,-4.036,475,470,0,-1,0,0
496.863,545.565,-4.706,-4.036,475,465,0,-1,0,0
492.156,541.529,-4.706,-4.036,475,460,0,-1,0,0
487.45,537.493,-4.706,-4.036,475,455,0,-1,0,0
482.744,533.456,-4.706,-4.036,475,450,0,-1,0,0
478.038,529.42,-4.706,-4.036,475,445,0,-1,0,0
473.331,525.384,-4.706,-4.036,475,440,0,-1,0,0
468.625,521.348,-4.706,-4.036,470,435,-1,-1,0,0
463.919,517.311,-4.706,-4.036,465,430,-1,-1,0,0
459.213,513.275,-4.706,-4.036,460,425,-1,-1,0,0
454.506,509.239,-4.706,-4.036,455,420,-1,-1,0,0
449.8,505.203,-4.706,-4.036,450,415,-1,-1,0,0
445.094,501.167,-4.706,-4.036,445,410,-1,-1,0,0
440.388,497.13,-4.706,-4.036,440,405,-1,-1,0,0
435.681,493.094,-4.706,-4.036,435,400,-1,-1,0,0
430.975,489.058,-4.706,-4.036,430,395,-1,-1,0,0
426.269,485.022,-4.706,-4.036,425,390,-1,-1,0,0
421.563,480.985,-4.706,-4.036,420,385,-1,-1,0,0
416.856,476.949,-4.706,-4.036,415,380,-1,-1,0,0
412.15,472.913,-4.706,-4.036,410,375,-1,-1,0,0
407.444,468.877,-4.706,-4.036,405,370,-1,-1,0,0
402.738,464.84,-4.706,-4.036,400,365,-1,-1,0,0
398.031,460.804,-4.706,-4.036,395,360,-1,-1,0,0
393.325,456.768,-4.706,-4.036,390,355,-1,-1,0,0
388.619,452.732,-4.706,-4.036,385,350,-1,-1,0,0
383.913,448.695,-4.706,-4.036,380,345,-1,-1,0,0
379.206,444.659,-4.706,-4.036,375,340,-1,-1,0,0
374.5,440.623,-4.706,-4.036,370,335,-1,-1,0,0
369.794,436.587,-4.706,-4.036,365,330,-1,-1,0,0
365.088,432.551,-4.706,-4.036,360,325,-1,-1,0,0
360.381,428.514,-4.706,-4.036,355,320,-1,-1,0,0
355.675,424.478,-4.706,-4.036,350,315,-1,-1,0,0
350.969,420.442,-4.706,-4.036,345,310,-1,-1,0,0
346.263,416.406,-4.706,-4.036,340,305,-1,-1,0,0
341.556,412.369,-4.706,-4.036,335,300,-1,-1,0,0
336.85,408.333,-4.706,-4.036,330,295,-1,-1,0,0
332.144,404.297,-4.706,-4.036,325,290,-1,-1,0,0
327.438,400.261,-4.706,-4.036,320,285,-1,-1,0,0
322.731,396.224,-4.706,-4.036,315,280,-1,-1,0,0
318.025,392.188,-4.706,-4.036,310,275,-1,-1,0,0
313.319,388.152,-4.706,-4.036,305,270,-1,-1,0,0
308.613,384.116,-4.706,-4.036,300,265,-1,-1,0,0
303.906,380.079,-4.706,-4.036,295,260,-1,-1,0,0
299.2,376.043,-4.706,-4.036,290,255,-1,-1,0,0
294.494,372.007,-4.706,-4.036,285,250,-1,-1,0,0
289.788,367.971,-4.706,-4.036,280,245,-1,-1,0,0
285.081,363.934,-4.706,-4.036,275,240,-1,-1,0,0
280.375,359.898,-4.706,-4.036,270,235,-1,-1,0,0
275.669,355.862,-4.706,-4.036,265,230,-1,-1,0,0
270.963,351.826,-4.706,-4.036,260,225,-1,-1,0,0
266.256,347.79,-4.706,-4.036,255,220,-1,-1,0,0
261.55,343.753,-4.706,-4.036,250,215,-1,-1,0,0
256.844,339.717,-4.706,-4.036,245,210,-1,-1,0,0
252.138,335.681,-4.706,-4.036,240,205,-1,-1,0,0
247.431,331.645,-4.706,-4.036,235,200,-1,-1,0,0
242.725,327.608,-4.706,-4.036,235,195,0,-1,0,0
238.019,323.572,-4.706,-4.036,235,190,0,-1,0,0
233.313,319.536,-4.706,-4.036,235,185,0,-1,0,0
228.606,315.5,-4.706,-4.036,235,180,0,-1,0,0
223.9,311.463,-4.706,-4.036,235,175,0,-1,0,0
219.194,307.427,-4.706,-4.036,235,170,0,-1,0,0
214.488,303.391,-4.706,-4.036,235,165,0,-1,0,0
209.781,299.355,-4.706,-4.036,235,160,0,-1,0,0
205.075,295.318,-4.706,-4.036,235,155,0,-1,0,0
200.369,291.282,-4.706,-4.036,235,150,0,-1,0,0
195.663,287.246,-4.706,-4.036,235,145,0,-1,0,0
190.956,283.21,-4.706,-4.036,235,140,0,-1,0,0
186.25,279.173,-4.706,-4.036,235,135,0,-1,0,0
181.544,275.137,-4.706,-4.036,235,130,0,-1,0,0
176.838,271.101,-4.706,-4.036,235,125,0,-1,0,0
172.131,267.065,-4.706,-4.036,235,120,0,-1,0,0
167.425,263.029,-4.706,-4.036,235,115,0,-1,0,0
162.719,258.992,-4.706,-4.036,235,115,0,0,0,0
158.013,254.956,-4.706,-4.036,235,115,0,0,0,0
153.306,250.92,-4.706,-4.036,235,115,0,0,0,0
148.6,246.884,-4.706,-4.036,235,115,0,0,0,0
143.894,242.847,-4.706,-4.036,235,115,0,0,0,0
139.188,238.811,-4.706,-4.036,230,115,-1,0,0,0
134.481,234.775,-4.706,-4.036,225,115,-1,0,0,0
129.775,230.739,-4.706,-4.036,220,115,-1,0,0,0
125.069,226.702,-4.706,-4.036,215,115,-1,0,0,0
120.363,222.666,-4.706,-4.036,210,115,-1,0,0,0
115.656,218.63,-4.706,-4.036,205,110,-1,-1,0,0
110.95,214.594,-4.706,-4.036,200,105,-1,-1,0,0
106.244,210.557,-4.706,-4.036,195,100,-1,-1,0,0
101.538,206.521,-4.706,-4.036,190,95,-1,-1,0,0
96.831,202.485,-4.706,-4.036,185,90,-1,-1,0,0
92.125,198.449,-4.706,-4.036,180,85,-1,-1,0,0
87.419,194.412,-4.706,-4.036,175,80,-1,-1,0,0
82.713,190.376,-4.706,-4.036,170,75,-1,-1,0,0
78.006,186.34,-4.706,-4.036,165,70,-1,-1,0,0
73.3,182.304,-4.706,-4.036,160,65,-1,-1,0,0
68.594,178.268,-4.706,-4.036,155,60,-1,-1,0,0
63.888,174.231,-4.706,-4.036,150,55,-1,-1,0,0
59.181,170.195,-4.706,-4.036,145,50,-1,-1,0,0
54.475,166.159,-4.706,-4.036,140,45,-1,-1,0,0
49.769,162.123,-4.706,-4.036,135,40,-1,-1,0,0
49.0,158.086,6.186,-1.995,130,35,-1,-1,0,0
55.186,156.092,6.186,-1.995,125,30,-1,-1,0,0
61.373,154.097,6.186,-1.995,120,25,-1,-1,0,0
67.559,152.102,6.186,-1.995,115,20,-1,-1,0,0
73.746,150.108,6.186,-1.995,110,15,-1,-1,0,0
79.932,148.113,6.186,-1.995,105,10,-1,-1,0,0
86.118,146.119,6.186,-1.995,100,5,-1,-1,0,0
92.305,144.124,6.186,-1.995,95,0,-1,-1,0,0
98.491,142.129,6.186,-1.995,90,0,-1,-1,0,0
104.678,140.135,6.186,-1.995,85,0,-1,-1,0,0
110.864,138.14,6.186,-1.995,80,0,-1,-1,0,0
117.05,136.145,6.186,-1.995,75,0,-1,-1,0,0
123.237,134.151,6.186,-1.995,70,0,-1,-1,0,0
129.423,132.156,6.186,-1.995,65,0,-1,-1,0,0
135.609,130.162,6.186,-1.995,60,0,-1,-1,0,0
141.796,128.167,6.186,-1.995,55,0,-1,0,0,0
147.982,126.172,6.186,-1.995,50,0,-1,0,0,0
154.169,124.178,6.186,-1.995,45,0,-1,0,0,0
160.355,122.183,6.186,-1.995,40,0,-1,0,0,0
166.541,120.188,6.186,-1.995,40,5,0,1,0,0
172.728,118.194,6.186,-1.995,40,10,0,1,0,0
178.914,116.199,6.186,-1.995,40,15,0,1,0,0
185.101,114.205,6.186,-1.995,40,20,0,1,0,0
191.287,112.21,6.186,-1.995,40,25,0,1,0,0
197.473,110.215,6.186,-1.995,40,30,0,1,0,0
203.66,108.221,6.186,-1.995,40,35,0,1,0,0
209.846,106.226,6.186,-1.995,40,40,0,1,0,0
216.033,104.231,6.186,-1.995,40,45,0,1,0,0
222.219,102.237,6.186,-1.995,40,50,0,1,0,0
228.405,100.242,6.186,-1.995,40,55,0,1,0,0
234.592,98.247,6.186,-1.995,40,60,0,1,0,0
240.778,96.253,6.186,-1.995,40,65,0,1,0,0
246.965,94.258,6.186,-1.995,40,70,0,1,0,0
253.151,92.264,6.186,-1.995,40,75,0,1,0,0
259.337,90.269,6.186,-1.995,40,75,0,0,0,0
265.524,88.274,6.186,-1.995,40,75,0,0,0,0
271.71,86.28,6.186,-1.995,40,75,0,0,0,0
277.897,84.285,6.186,-1.995,40,75,0,0,0,0
284.083,82.29,6.186,-1.995,40,75,0,0,0,0
290.269,80.296,6.186,-1.995,40,75,0,0,0,0
296.456,78.301,6.186,-1.995,40,75,0,0,0,0
302.642,76.307,6.186,-1.995,40,75,0,0,0,0
308.828,74.312,6.186,-1.995,40,75,0,0,0,0
315.015,72.317,6.186,-1.995,40,75,0,0,0,0
321.201,70.323,6.186,-1.995,45,70,1,-1,0,0
327.388,68.328,6.186,-1.995,50,65,1,-1,0,0
333.574,66.333,6.186,-1.995,55,60,1,-1,0,0
339.76,64.339,6.186,-1.995,60,55,1,-1,0,0
345.947,62.344,6.186,-1.995,65,50,1,-1,0,0
352.133,60.35,6.186,-1.995,70,45,1,-1,0,0
358.32,58.355,6.186,-1.995,75,40,1,-1,0,0
364.506,56.36,6.186,-1.995,80,35,1,-1,0,0
370.692,54.366,6.186,-1.995,85,30,1,-1,0,0
376.879,52.371,6.186,-1.995,90,25,1,-1,0,0
383.065,50.376,6.186,-1.995,95,20,1,-1,0,0
389.252,48.382,6.186,-1.995,100,15,1,-1,0,0
395.438,46.387,6.186,-1.995,105,10,1,-1,0,0
401.624,44.393,6.186,-1.995,110,5,1,-1,0,0
407.811,42.398,6.186,-1.995,110,5,0,0,0,0
413.997,40.403,6.186,-1.995,110,5,0,0,0,0
420.184,38.409,6.186,-1.995,110,5,0,0,0,0
426.37,36.414,6.186,-1.995,110,5,0,0,0,0
432.556,34.419,6.186,-1.995,110,5,0,0,0,0
438.743,32.425,6.186,-1.995,110,5,0,0,0,0
444.929,30.43,6.186,-1.995,110,5,0,0,0,0
451.116,28.435,6.186,-1.995,110,5,0,0,0,0
457.302,26.441,6.186,-1.995,110,5,0,0,0,0
463.488,24.446,6.186,-1.995,110,5,0,0,0,0
469.675,22.452,6.186,-1.995,110,5,0,0,0,0
475.861,20.457,6.186,-1.995,110,5,0,0,0,0
482.047,18.462,6.186,-1.995,110,5,0,0,0,0
488.234,16.468,6.186,-1.995,110,5,0,0,0,0
494.42,14.473,6.186,-1.995,110,5,0,0,0,0
500.607,12.478,6.186,-1.995,110,5,0,0,0,0
506.793,10.484,6.186,-1.995,110,5,0,0,0,0
512.979,8.489,6.186,-1.995,110,5,0,0,0,0
519.166,6.495,6.186,-1.995,110,5,0,0,0,0
525.352,6.0,6.186,1.995,110,5,0,0,0,0
531.539,7.995,6.186,1.995,110,5,0,0,0,0
537.725,9.989,6.186,1.995,110,5,0,0,0,0
543.911,11.984,6.186,1.995,110,5,0,0,0,0
550.098,13.979,6.186,1.995,110,5,0,0,0,0
556.284,15.973,6.186,1.995,110,5,0,0,0,0
562.471,17.968,6.186,1.995,110,5,0,0,0,0
568.657,19.962,6.186,1.995,110,5,0,0,0,0
574.843,21.957,6.186,1.995,110,5,0,0,0,0
581.03,23.952,6.186,1.995,110,5,0,0,0,0
587.216,25.946,6.186,1.995,110,5,0,0,0,0
593.403,27.941,6.186,1.995,110,5,0,0,0,0
599.589,29.936,6.186,1.995,110,5,0,0,0,0
605.775,31.93,6.186,1.995,110,5,0,0,0,0
611.962,33.925,6.186,1.995,110,5,0,0,0,0
618.148,35.919,6.186,1.995,110,5,0,0,0,0
624.335,37.914,6.186,1.995,110,5,0,0,0,0
630.521,39.909,6.186,1.995,110,5,0,0,0,0
636.707,41.903,6.186,1.995,110,5,0,0,0,0
642.894,43.898,6.186,1.995,110,5,0,0,0,0
649.08,45.893,6.186,1.995,110,5,0,0,0,0
655.266,47.887,6.186,1.995,110,5,0,0,0,0
661.453,49.882,6.186,1.995,110,5,0,0,0,0
667.639,51.876,6.186,1.995,110,5,0,0,0,0
673.826,53.871,6.186,1.995,110,5,0,0,0,0
680.012,55.866,6.186,1.995,110,10,0,1,0,0
686.198,57.86,6.186,1.995,110,15,0,1,0,0
692.385,59.855,6.186,1.995,110,20,0,1,0,0
698.571,61.85,6.186,1.995,110,25,0,1,0,0
704.758,63.844,6.186,1.995,110,30,0,1,0,0
710.944,65.839,6.186,1.995,110,35,0,1,0,0
717.13,67.833,6.186,1.995,110,40,0,1,0,0
723.317,69.828,6.186,1.995,110,45,0,1,0,0
729.503,71.823,6.186,1.995,110,50,0,1,0,0
735.69,73.817,6.186,1.995,110,55,0,1,0,0
741.876,75.812,6.186,1.995,110,60,0,1,0,0
748.062,77.807,6.186,1.995,110,65,0,1,0,0
751.0,79.801,-4.783,-4.833,110,70,0,1,0,0
746.217,74.968,-4.783,-4.833,110,75,0,1,0,0
741.434,70.135,-4.783,-4.833,110,75,0,0,0,0
736.65,65.301,-4.783,-4.833,110,75,0,0,0,0
731.867,60.468,-4.783,-4.833,110,75,0,0,0,0
727.084,55.635,-4.783,-4.833,110,75,0,0,0,0
722.301,50.802,-4.783,-4.833,110,75,0,0,0,0
717.517,45.968,-4.783,-4.833,110,75,0,0,0,0
712.734,41.135,-4.783,-4.833,110,75,0,0,0,0
707.951,36.302,-4.783,-4.833,110,75,0,0,0,0
703.168,31.468,-4.783,-4.833,110,75,0,0,0,0
698.384,26.635,-4.783,-4.833,110,75,0,0,0,0
693.601,21.802,-4.783,-4.833,110,70,0,-1,0,0
688.818,16.969,-4.783,-4.833,110,65,0,-1,0,0
684.035,12.135,-4.783,-4.833,110,60,0,-1,0,0
679.251,7.302,-4.783,-4.833,115,55,1,-1,0,0
674.468,6.0,-4.783,4.833,120,50,1,-1,0,0
669.685,10.833,-4.783,4.833,125,45,1,-1,0,0
664.902,15.667,-4.783,4.833,130,40,1,-1,0,0
660.118,20.5,-4.783,4.833,135,35,1,-1,0,0
655.335,25.333,-4.783,4.833,140,30,1,-1,0,0
650.552,30.166,-4.783,4.833,145,25,1,-1,0,0
645.769,35.0,-4.783,4.833,150,20,1,-1,0,0
640.985,39.833,-4.783,4.833,155,15,1,-1,0,0
636.202,44.666,-4.783,4.833,160,10,1,-1,0,0
631.419,49.499,-4.783,4.833,165,5,1,-1,0,0
626.636,54.333,-4.783,4.833,165,0,0,-1,0,0
621.852,59.166,-4.783,4.833,165,0,0,-1,0,0
617.069,63.999,-4.783,4.833,165,0,0,-1,0,0
612.286,68.833,-4.783,4.833,165,0,0,-1,0,0
607.503,73.666,-4.783,4.833,165,0,0,-1,0,0
602.719,78.499,-4.783,4.833,165,0,0,-1,0,0
597.936,83.332,-4.783,4.833,165,0,0,-1,0,0
593.153,88.166,-4.783,4.833,165,0,0,-1,0,0
588.37,92.999,-4.783,4.833,165,0,0,-1,0,0
583.586,97.832,-4.783,4.833,165,0,0,-1,0,0
578.803,102.666,-4.783,4.833,165,0,0,-1,0,0
574.02,107.499,-4.783,4.833,165,0,0,-1,0,0
569.237,112.332,-4.783,4.833,165,0,0,-1,0,0
564.453,117.165,-4.783,4.833,165,0,0,-1,0,0
559.67,121.999,-4.783,4.833,165,0,0,-1,0,0
554.887,126.832,-4.783,4.833,165,0,0,-1,0,0
550.104,131.665,-4.783,4.833,165,0,0,-1,0,0
545.32,136.498,-4.783,4.833,165,0,0,-1,0,0
540.537,141.332,-4.783,4.833,165,0,0,-1,0,0
535.754,146.165,-4.783,4.833,165,0,0,-1,0,0
530.971,150.998,-4.783,4.833,165,0,0,-1,0,0
526.187,155.832,-4.783,4.833,165,0,0,-1,0,0
521.404,160.665,-4.783,4.833,165,0,0,-1,0,0
516.621,165.498,-4.783,4.833,165,0,0,-1,0,0
511.838,170.331,-4.783,4.833,165,0,0,-1,0,0
507.055,175.165,-4.783,4.833,165,0,0,-1,0,0
502.271,179.998,-4.783,4.833,165,0,0,-1,0,0
497.488,184.831,-4.783,4.833,165,0,0,-1,0,0
492.705,189.665,-4.783,4.833,170,0,1,-1,0,0
487.922,194.498,-4.783,4.833,175,0,1,0,0,0
483.138,199.331,-4.783,4.833,180,0,1,0,0,0
478.355,204.164,-4.783,4.833,185,0,1,0,0,0
473.572,208.998,-4.783,4.833,190,0,1,0,0,0
468.789,213.831,-4.783,4.833,195,0,1,0,0,0
464.005,218.664,-4.783,4.833,200,0,1,0,0,0
459.222,223.497,-4.783,4.833,205,5,1,1,0,0
454.439,228.331,-4.783,4.833,210,10,1,1,0,0
449.656,233.164,-4.783,4.833,215,15,1,1,0,0
444.872,237.997,-4.783,4.833,220,20,1,1,0,0
440.089,242.831,-4.783,4.833,225,25,1,1,0,0
435.306,247.664,-4.783,4.833,230,30,1,1,0,0
430.523,252.497,-4.783,4.833,235,35,1,1,0,0
425.739,257.33,-4.783,4.833,240,40,1,1,0,0
420.956,262.164,-4.783,4.833,245,45,1,1,0,0
416.173,266.997,-4.783,4.833,250,50,1,1,0,0
411.39,271.83,-4.783,4.833,255,55,1,1,0,0
406.606,276.664,-4.783,4.833,260,60,1,1,0,0
401.823,281.497,-4.783,4.833,265,65,1,1,0,0
397.04,286.33,-4.783,4.833,270,70,1,1,0,0
392.257,291.163,-4.783,4.833,275,75,1,1,0,0
387.473,295.997,-4.783,4.833,280,80,1,1,0,0
382.69,300.83,-4.783,4.833,285,85,1,1,0,0
377.907,305.663,-4.783,4.833,290,90,1,1,0,0
373.124,310.496,-4.783,4.833,295,95,1,1,0,0
368.34,315.33,-4.783,4.833,300,100,1,1,0,0
363.557,320.163,-4.783,4.833,305,105,1,1,0,0
358.774,324.996,-4.783,4.833,310,110,1,1,0,0
353.991,329.83,-4.783,4.833,315,115,1,1,0,0
349.207,334.663,-4.783,4.833,320,120,1,1,0,0
344.424,339.496,-4.783,4.833,325,125,1,1,0,0
339.641,344.329,-4.783,4.833,330,130,1,1,0,0
334.858,349.163,-4.783,4.833,335,135,1,1,0,0
330.074,353.996,-4.783,4.833,340,140,1,1,0,0
325.291,358.829,-4.783,4.833,345,145,1,1,0,0
320.508,363.663,-4.783,4.833,350,150,1,1,0,0
315.725,368.496,-4.783,4.833,355,155,1,1,0,0
310.941,373.329,-4.783,4.833,360,160,1,1,0,0
306.158,378.162,-4.783,4.833,365,165,1,1,0,0
301.375,382.996,-4.783,4.833,370,170,1,1,0,0
296.592,387.829,-4.783,4.833,375,175,1,1,0,0
291.808,392.662,-4.783,4.833,380,180,1,1,0,0
287.025,397.495,-4.783,4.833,385,185,1,1,0,0
282.242,402.329,-4.783,4.833,390,190,1,1,0,0
277.459,407.162,-4.783,4.833,395,195,1,1,0,0
272.676,411.995,-4.783,4.833,400,200,1,1,0,0
267.892,416.829,-4.783,4.833,405,205,1,1,0,0
263.109,421.662,-4.783,4.833,410,210,1,1,0,0
258.326,426.495,-4.783,4.833,415,215,1,1,0,0
253.543,431.328,-4.783,4.833,420,220,1,1,0,0
248.759,436.162,-4.783,4.833,425,225,1,1,0,0
243.976,440.995,-4.783,4.833,430,230,1,1,0,0
239.193,445.828,-4.783,4.833,435,235,1,1,0,0
234.41,450.662,-4.783,4.833,440,240,1,1,0,0
229.626,455.495,-4.783,4.833,445,245,1,1,0,0
224.843,460.328,-4.783,4.833,450,250,1,1,0,0
220.06,465.161,-4.783,4.833,455,255,1,1,0,0
215.277,469.995,-4.783,4.833,460,260,1,1,0,0
210.493,474.828,-4.783,4.833,465,265,1,1,0,0
205.71,479.661,-4.783,4.833,470,270,1,1,0,0
200.927,484.494,-4.783,4.833,475,275,1,1,0,0
196.144,489.328,-4.783,4.833,480,280,1,1,0,0
191.36,494.161,-4.783,4.833,485,285,1,1,0,0
186.577,498.994,-4.783,4.833,490,290,1,1,0,0
181.794,503.828,-4.783,4.833,495,295,1,1,0,0
177.011,508.661,-4.783,4.833,500,300,1,1,0,0
172.227,513.494,-4.783,4.833,505,305,1,1,0,0
167.444,518.327,-4.783,4.833,510,310,1,1,0,0
162.661,523.161,-4.783,4.833,515,315,1,1,0,0
157.878,527.994,-4.783,4.833,520,320,1,1,0,0
153.094,532.827,-4.783,4.833,520,325,1,1,0,0
148.311,537.66,-4.783,4.833,520,330,1,1,0,0
143.528,542.494,-4.783,4.833,520,335,1,1,0,0
138.745,547.327,-4.783,4.833,520,340,1,1,0,0
133.961,552.16,-4.783,4.833,520,340,1,0,0,0
129.178,556.994,-4.783,4.833,520,340,1,0,0,0
124.395,561.827,-4.783,4.833,520,340,1,0,0,0
119.612,566.66,-4.783,4.833,520,340,1,0,0,0
114.828,571.493,-4.783,4.833,520,340,1,0,0,0
110.045,576.327,-4.783,4.833,520,340,1,0,0,0
105.262,581.16,-4.783,4.833,520,340,1,0,0,0
100.479,585.993,-4.783,4.833,520,340,1,0,0,0
95.695,590.827,-4.783,4.833,520,340,1,0,0,0
90.912,594.0,-4.783,-4.833,520,340,1,0,0,0
86.129,589.167,-4.783,-4.833,520,340,1,0,0,0
81.346,584.333,-4.783,-4.833,520,340,1,0,0,0
76.562,579.5,-4.783,-4.833,520,335,1,-1,0,0
71.779,574.667,-4.783,-4.833,520,330,1,-1,0,0
66.996,569.834,-4.783,-4.833,520,325,1,-1,0,0
62.213,565.0,-4.783,-4.833,520,320,1,-1,0,0
57.429,560.167,-4.783,-4.833,520,315,1,-1,0,0
52.646,555.334,-4.783,-4.833,520,310,1,-1,0,0
49.0,550.501,6.882,-1.748,520,305,1,-1,0,0
55.882,548.753,6.882,-1.748,520,300,1,-1,0,0
62.763,547.005,6.882,-1.748,520,295,1,-1,0,0
69.645,545.258,6.882,-1.748,520,290,1,-1,0,0
76.526,543.51,6.882,-1.748,520,285,1,-1,0,0
83.408,541.763,6.882,-1.748,520,280,1,-1,0,0
90.289,540.015,6.882,-1.748,520,275,1,-1,0,0
97.171,538.267,6.882,-1.748,520,270,1,-1,0,0
104.053,536.52,6.882,-1.748,520,265,1,-1,0,0
110.934,534.772,6.882,-1.748,520,260,1,-1,0,0
117.816,533.025,6.882,-1.748,520,255,1,-1,0,0
124.697,531.277,6.882,-1.748,520,250,1,-1,0,0
131.579,529.529,6.882,-1.748,520,245,0,-1,0,0
138.46,527.782,6.882,-1.748,515,240,-1,-1,0,0
145.342,526.034,6.882,-1.748,510,235,-1,-1,0,0
152.223,524.287,6.882,-1.748,505,230,-1,-1,0,0
159.105,522.539,6.882,-1.748,500,225,-1,-1,0,0
165.987,520.791,6.882,-1.748,495,220,-1,-1,0,0
172.868,519.044,6.882,-1.748,490,215,-1,-1,0,0
179.75,517.296,6.882,-1.748,485,210,-1,-1,0,0
186.631,515.549,6.882,-1.748,480,205,-1,-1,0,0
193.513,513.801,6.882,-1.748,475,200,-1,-1,0,0
200.394,512.053,6.882,-1.748,470,195,-1,-1,0,0
207.276,510.306,6.882,-1.748,465,190,-1,-1,0,0
214.158,508.558,6.882,-1.748,460,185,-1,-1,0,0
221.039,506.811,6.882,-1.748,455,185,-1,0,0,0
227.921,505.063,6.882,-1.748,450,185,-1,0,0,0
234.802,503.315,6.882,-1.748,445,185,-1,0,0,0
241.684,501.568,6.882,-1.748,440,190,-1,1,0,0
248.565,499.82,6.882,-1.748,435,195,-1,1,0,0
255.447,498.073,6.882,-1.748,430,200,-1,1,0,0
262.328,496.325,6.882,-1.748,425,205,-1,1,0,0
269.21,494.577,6.882,-1.748,420,210,-1,1,0,0
276.092,492.83,6.882,-1.748,415,215,-1,1,0,0
282.973,491.082,6.882,-1.748,410,220,-1,1,0,0
289.855,489.335,6.882,-1.748,405,225,-1,1,0,0
296.736,487.587,6.882,-1.748,400,230,-1,1,0,0
303.618,485.839,6.882,-1.748,400,235,0,1,0,0
310.499,484.092,6.882,-1.748,400,240,0,1,0,0
317.381,482.344,6.882,-1.748,400,245,0,1,0,0
324.263,480.597,6.882,-1.748,400,250,0,1,0,0
331.144,478.849,6.882,-1.748,400,255,0,1,0,0
338.026,477.101,6.882,-1.748,400,260,0,1,0,0
344.907,475.354,6.882,-1.748,400,265,0,1,0,0
351.789,473.606,6.882,-1.748,400,270,0,1,0,0
358.67,471.859,6.882,-1.748,400,275,0,1,0,0
365.552,470.111,6.882,-1.748,400,280,0,1,0,0
372.433,468.363,6.882,-1.748,400,285,0,1,0,0
379.315,466.616,6.882,-1.748,400,290,0,1,0,0
386.197,464.868,6.882,-1.748,400,295,0,1,0,0
393.078,463.121,6.882,-1.748,400,300,0,1,0,0
399.96,461.373,6.882,-1.748,400,305,0,1,0,0
406.841,459.625,6.882,-1.748,400,310,0,1,0,0
413.723,457.878,6.882,-1.748,400,315,0,1,0,0
420.604,456.13,6.882,-1.748,400,320,0,1,0,0
427.486,454.383,6.882,-1.748,400,325,0,1,0,0
434.368,452.635,6.882,-1.748,400,330,0,1,0,0
441.249,450.887,6.882,-1.748,400,335,0,1,0,0
448.131,449.14,6.882,-1.748,400,340,0,1,0,0
455.012,447.392,6.882,-1.748,400,345,0,1,0,0
461.894,445.645,6.882,-1.748,400,350,0,1,0,0
468.775,443.897,6.882,-1.748,400,355,0,1,0,0
475.657,442.149,6.882,-1.748,400,360,0,1,0,0
482.538,440.402,6.882,-1.748,400,365,0,1,0,0
489.42,438.654,6.882,-1.748,400,365,0,0,0,0
496.302,436.907,6.882,-1.748,400,365,0,0,0,0
503.183,435.159,6.882,-1.748,400,365,0,0,0,0
510.065,433.411,6.882,-1.748,400,365,0,0,0,0
516.946,431.664,6.882,-1.748,400,365,0,0,0,0
523.828,429.916,6.882,-1.748,405,365,1,0,0,0
530.709,428.169,6.882,-1.748,410,365,1,0,0,0
537.591,426.421,6.882,-1.748,415,365,1,0,0,0
544.473,424.673,6.882,-1.748,420,365,1,0,0,0
551.354,422.926,6.882,-1.748,425,365,1,0,0,0
558.236,421.178,6.882,-1.748,430,365,1,0,0,0
565.117,419.431,6.882,-1.748,435,365,1,0,0,0
571.999,417.683,6.882,-1.748,440,365,1,0,0,0
578.88,415.936,6.882,-1.748,445,365,1,0,0,0
585.762,414.188,6.882,-1.748,450,365,1,0,0,0
592.643,412.44,6.882,-1.748,455,365,1,0,0,0
599.525,410.693,6.882,-1.748,460,365,1,0,0,0
606.407,408.945,6.882,-1.748,465,365,1,0,0,0
613.288,407.198,6.882,-1.748,470,365,1,0,0,0
620.17,405.45,6.882,-1.748,470,365,0,0,0,0
627.051,403.702,6.882,-1.748,470,365,0,0,0,0
633.933,401.955,6.882,-1.748,470,365,0,0,0,0
640.814,400.207,6.882,-1.748,470,365,0,0,0,0
647.696,398.46,6.882,-1.748,470,365,0,0,0,0
654.578,396.712,6.882,-1.748,470,365,0,0,0,0
661.459,394.964,6.882,-1.748,470,365,0,0,0,0
668.341,393.217,6.882,-1.748,470,365,0,0,0,0
675.222,391.469,6.882,-1.748,470,360,0,-1,0,0
682.104,389.722,6.882,-1.748,470,355,0,-1,0,0
688.985,387.974,6.882,-1.748,470,350,0,-1,0,0
695.867,386.226,6.882,-1.748,470,345,0,-1,0,0
702.748,384.479,6.882,-1.748,470,340,0,-1,0,0
709.63,382.731,6.882,-1.748,470,335,0,-1,0,0
716.512,380.984,6.882,-1.748,470,330,0,-1,0,0
723.393,379.236,6.882,-1.748,470,325,0,-1,0,0
730.275,377.488,6.882,-1.748,470,320,0,-1,0,0
737.156,375.741,6.882,-1.748,470,315,0,-1,0,0
744.038,373.993,6.882,-1.748,470,315,0,0,0,0
750.919,372.246,6.882,-1.748,465,315,-1,0,0,0
751.0,370.498,-6.799,2.921,460,315,-1,0,0,0
744.201,373.419,-6.799,2.921,455,315,-1,0,0,0
737.402,376.339,-6.799,2.921,450,315,-1,0,0,0
730.602,379.26,-6.799,2.921,445,315,-1,0,0,0
723.803,382.181,-6.799,2.921,440,315,-1,0,0,0
717.004,385.102,-6.799,2.921,435,310,-1,-1,0,0
710.205,388.022,-6.799,2.921,430,305,-1,-1,0,0
703.406,390.943,-6.799,2.921,425,300,-1,-1,0,0
696.606,393.864,-6.799,2.921,420,295,-1,-1,0,0
689.807,396.785,-6.799,2.921,415,290,-1,-1,0,0
683.008,399.705,-6.799,2.921,410,285,-1,-1,0,0
676.209,402.626,-6.799,2.921,405,280,-1,-1,0,0
669.409,405.547,-6.799,2.921,400,275,-1,-1,0,0
662.61,408.468,-6.799,2.921,395,270,-1,-1,0,0
655.811,411.388,-6.799,2.921,390,265,-1,-1,0,0
649.012,414.309,-6.799,2.921,385,260,-1,-1,0,0
642.213,417.23,-6.799,2.921,380,255,-1,-1,0,0
635.413,420.151,-6.799,2.921,375,250,-1,-1,0,0
628.614,423.071,-6.799,2.921,370,245,-1,-1,0,0
621.815,425.992,-6.799,2.921,365,240,-1,-1,0,0
615.016,428.913,-6.799,2.921,360,235,-1,-1,0,0
608.217,431.834,-6.799,2.921,355,235,-1,0,0,0
601.417,434.754,-6.799,2.921,350,235,-1,0,0,0
594.618,437.675,-6.799,2.921,345,235,-1,0,0,0
587.819,440.596,-6.799,2.921,340,235,-1,0,0,0
581.02,443.517,-6.799,2.921,335,240,-1,1,0,0
574.221,446.437,-6.799,2.921,330,245,-1,1,0,0
567.421,449.358,-6.799,2.921,330,250,0,1,0,0
560.622,452.279,-6.799,2.921,330,255,0,1,0,0
553.823,455.2,-6.799,2.921,330,260,0,1,0,0
547.024,458.12,-6.799,2.921,330,265,0,1,0,0
540.224,461.041,-6.799,2.921,330,270,0,1,0,0
533.425,463.962,-6.799,2.921,330,275,0,1,0,0
526.626,466.882,-6.799,2.921,330,280,0,1,0,0
519.827,469.803,-6.799,2.921,330,285,0,1,0,0
513.028,472.724,-6.799,2.921,330,290,0,1,0,0
506.228,475.645,-6.799,2.921,330,295,0,1,0,0
499.429,478.565,-6.799,2.921,335,300,1,1,0,0
492.63,481.486,-6.799,2.921,340,305,1,1,0,0
485.831,484.407,-6.799,2.921,345,310,1,1,0,0
479.032,487.328,-6.799,2.921,350,315,1,1,0,0
472.232,490.248,-6.799,2.921,355,320,1,1,0,0
465.433,493.169,-6.799,2.921,360,325,1,1,0,0
458.634,496.09,-6.799,2.921,365,330,1,1,0,0
451.835,499.011,-6.799,2.921,370,335,1,1,0,0
445.036,501.931,-6.799,2.921,375,340,1,1,0,0
438.236,504.852,-6.799,2.921,380,345,1,1,0,0
431.437,507.773,-6.799,2.921,385,350,1,1,0,0
424.638,510.694,-6.799,2.921,385,355,0,1,0,0
417.839,513.614,-6.799,2.921,385,360,0,1,0,0
411.039,516.535,-6.799,2.921,385,365,0,1,0,0
404.24,519.456,-6.799,2.921,385,370,0,1,0,0
397.441,522.377,-6.799,2.921,385,375,0,1,0,0
390.642,525.297,-6.799,2.921,385,380,0,1,0,0
383.843,528.218,-6.799,2.921,385,385,0,1,0,0
377.043,531.139,-6.799,2.921,385,390,0,1,0,0
370.244,534.06,-6.799,2.921,385,395,0,1,0,0
363.445,536.98,-6.799,2.921,385,400,0,1,0,0
356.646,539.901,-6.799,2.921,385,405,0,1,0,0
349.847,542.822,-6.799,2.921,385,410,0,1,0,0
343.047,545.743,-6.799,2.921,385,415,0,1,0,0
336.248,548.663,-6.799,2.921,385,420,0,1,0,0
329.449,551.584,-6.799,2.921,385,425,0,1,0,0
322.65,554.505,-6.799,2.921,385,430,0,1,0,0
315.851,557.426,-6.799,2.921,385,435,0,1,0,0
309.051,560.346,-6.799,2.921,385,440,0,1,0,0
302.252,563.267,-6.799,2.921,385,445,0,1,0,0
295.453,566.188,-6.799,2.921,385,450,0,1,0,0
288.654,569.109,-6.799,2.921,385,455,0,1,0,0
281.854,572.029,-6.799,2.921,385,460,0,1,0,0
275.055,574.95,-6.799,2.921,390,465,1,1,0,0
268.256,577.871,-6.799,2.921,395,470,1,1,0,0
261.457,580.791,-6.799,2.921,400,475,1,1,0,0
254.658,583.712,-6.799,2.921,405,480,1,1,0,0
247.858,586.633,-6.799,2.921,410,485,1,1,0,0
241.059,589.554,-6.799,2.921,415,490,1,1,0,0
234.26,592.474,-6.799,2.921,420,495,1,1,0,0
227.461,594.0,-6.799,-2.921,425,500,1,1,0,0
220.662,591.079,-6.799,-2.921,430,505,1,1,0,0
213.862,588.159,-6.799,-2.921,435,510,1,1,0,0
207.063,585.238,-6.799,-2.921,440,515,1,1,0,0
200.264,582.317,-6.799,-2.921,445,520,1,1,0,0
193.465,579.396,-6.799,-2.921,450,520,1,1,0,0
186.666,576.476,-6.799,-2.921,455,520,1,1,0,0
179.866,573.555,-6.799,-2.921,460,520,1,1,0,0
173.067,570.634,-6.799,-2.921,465,520,1,1,0,0
166.268,567.713,-6.799,-2.921,470,520,1,1,0,0
159.469,564.793,-6.799,-2.921,475,520,1,1,0,0
152.67,561.872,-6.799,-2.921,480,520,1,1,0,0
145.87,558.951,-6.799,-2.921,485,520,1,1,0,0
139.071,556.03,-6.799,-2.921,490,520,1,1,0,0
132.272,553.11,-6.799,-2.921,495,520,1,1,0,0
125.473,550.189,-6.799,-2.921,500,520,1,1,0,0
118.673,547.268,-6.799,-2.921,505,520,1,1,0,0
111.874,544.347,-6.799,-2.921,510,520,1,1,0,0
105.075,541.427,-6.799,-2.921,515,520,1,0,0,0
98.276,538.506,-6.799,-2.921,520,520,1,0,0,0
91.477,535.585,-6.799,-2.921,520,520,1,0,0,0
84.677,532.664,-6.799,-2.921,520,520,1,0,0,0
77.878,529.744,-6.799,-2.921,520,520,1,0,0,0
71.079,526.823,-6.799,-2.921,520,520,1,0,0,0
64.28,523.902,-6.799,-2.921,520,520,1,0,0,0
57.481,520.981,-6.799,-2.921,520,520,1,0,0,0
50.681,518.061,-6.799,-2.921,520,520,1,0,0,0
49.0,515.14,3.85,-6.668,520,515,1,-1,0,0
52.85,508.472,3.85,-6.668,520,510,1,-1,0,0
56.7,501.803,3.85,-6.668,520,505,1,-1,0,0
60.55,495.135,3.85,-6.668,520,500,1,-1,0,0
64.4,488.466,3.85,-6.668,520,495,1,-1,0,0
68.25,481.798,3.85,-6.668,520,490,1,-1,0,0
72.1,475.13,3.85,-6.668,520,485,0,-1,0,0
75.95,468.461,3.85,-6.668,520,480,0,-1,0,0
79.8,461.793,3.85,-6.668,520,475,0,-1,0,0
83.65,455.124,3.85,-6.668,520,470,0,-1,0,0
87.5,448.456,3.85,-6.668,520,465,0,-1,0,0
91.35,441.788,3.85,-6.668,515,460,-1,-1,0,0
95.2,435.119,3.85,-6.668,510,455,-1,-1,0,0
99.05,428.451,3.85,-6.668,505,450,-1,-1,0,0
102.9,421.782,3.85,-6.668,500,445,-1,-1,0,0
106.75,415.114,3.85,-6.668,495,440,-1,-1,0,0
110.6,408.446,3.85,-6.668,490,435,-1,-1,0,0
114.45,401.777,3.85,-6.668,485,430,-1,-1,0,0
118.3,395.109,3.85,-6.668,480,425,-1,-1,0,0
122.15,388.44,3.85,-6.668,475,420,-1,-1,0,0
126.0,381.772,3.85,-6.668,470,415,-1,-1,0,0
129.85,375.104,3.85,-6.668,465,410,-1,-1,0,0
133.7,368.435,3.85,-6.668,460,405,-1,-1,0,0
137.55,361.767,3.85,-6.668,455,400,-1,-1,0,0
141.4,355.098,3.85,-6.668,450,395,-1,-1,0,0
145.25,348.43,3.85,-6.668,445,390,-1,-1,0,0
149.1,341.762,3.85,-6.668,440,385,-1,-1,0,0
152.95,335.093,3.85,-6.668,435,380,-1,-1,0,0
156.8,328.425,3.85,-6.668,435,375,0,-1,0,0
160.65,321.756,3.85,-6.668,435,370,0,-1,0,0
164.5,315.088,3.85,-6.668,435,365,0,-1,0,0
168.35,308.42,3.85,-6.668,435,360,0,-1,0,0
172.2,301.751,3.85,-6.668,435,355,0,-1,0,0
176.05,295.083,3.85,-6.668,435,350,0,-1,0,0
179.9,288.414,3.85,-6.668,435,345,0,-1,0,0
183.75,281.746,3.85,-6.668,435,340,0,-1,0,0
187.6,275.078,3.85,-6.668,435,335,0,-1,0,0
191.45,268.409,3.85,-6.668,435,330,0,-1,0,0
195.3,261.741,3.85,-6.668,435,325,0,-1,0,0
199.15,255.073,3.85,-6.668,435,320,0,-1,0,0
203.0,248.404,3.85,-6.668,435,315,0,-1,0,0
206.85,241.736,3.85,-6.668,435,310,0,-1,0,0
210.7,235.067,3.85,-6.668,435,305,0,-1,0,0
214.55,228.399,3.85,-6.668,435,300,0,-1,0,0
218.4,221.731,3.85,-6.668,435,295,0,-1,0,0
222.25,215.062,3.85,-6.668,435,290,0,-1,0,0
226.1,208.394,3.85,-6.668,435,285,0,-1,0,0
229.95,201.725,3.85,-6.668,435,280,0,-1,0,0
233.8,195.057,3.85,-6.668,435,275,0,-1,0,0
237.65,188.389,3.85,-6.668,435,270,0,-1,0,0
241.5,181.72,3.85,-6.668,435,265,0,-1,0,0
245.35,175.052,3.85,-6.668,435,260,0,-1,0,0
249.2,168.383,3.85,-6.668,435,255,0,-1,0,0
253.05,161.715,3.85,-6.668,435,250,0,-1,0,0
256.9,155.047,3.85,-6.668,435,245,0,-1,0,0
260.75,148.378,3.85,-6.668,435,245,0,0,0,0
264.6,141.71,3.85,-6.668,435,245,0,0,0,0
268.45,135.041,3.85,-6.668,435,245,0,0,0,0
272.3,128.373,3.85,-6.668,435,245,0,0,0,0
276.15,121.705,3.85,-6.668,430,245,-1,0,0,0
280.0,115.036,3.85,-6.668,425,245,-1,0,0,0
283.85,108.368,3.85,-6.668,420,245,-1,0,0,0
287.7,101.699,3.85,-6.668,415,245,-1,0,0,0
291.55,95.031,3.85,-6.668,410,245,-1,0,0,0
295.4,88.363,3.85,-6.668,405,245,-1,0,0,0
299.25,81.694,3.85,-6.668,400,245,-1,0,0,0
303.1,75.026,3.85,-6.668,395,245,-1,0,0,0
306.95,68.357,3.85,-6.668,390,245,-1,0,0,0
310.8,61.689,3.85,-6.668,385,245,-1,0,0,0
314.65,55.021,3.85,-6.668,380,245,-1,0,0,0
318.5,48.352,3.85,-6.668,375,245,-1,0,0,0
322.35,41.684,3.85,-6.668,370,245,-1,0,0,0
326.2,35.015,3.85,-6.668,365,245,-1,0,0,0
330.05,28.347,3.85,-6.668,360,245,-1,0,0,0
333.9,21.679,3.85,-6.668,360,245,0,0,0,0
337.75,15.01,3.85,-6.668,360,245,0,0,0,0
341.6,8.342,3.85,-6.668,360,245,0,0,0,0
345.45,6.0,3.85,6.668,360,245,0,0,0,0
349.3,12.668,3.85,6.668,360,245,0,0,0,0
353.15,19.337,3.85,6.668,360,245,0,0,0,0
357.0,26.005,3.85,6.668,360,245,0,0,0,0
360.85,32.674,3.85,6.668,360,245,0,0,0,0
364.7,39.342,3.85,6.668,360,245,0,0,0,0
368.55,46.01,3.85,6.668,360,245,0,0,0,0
372.4,52.679,3.85,6.668,360,250,0,1,0,0
376.25,59.347,3.85,6.668,355,255,-1,1,0,0
380.1,66.016,3.85,6.668,350,260,-1,1,0,0
383.95,72.684,3.85,6.668,345,265,-1,1,0,0
387.8,79.352,3.85,6.668,340,270,-1,1,0,0
391.65,86.021,3.85,6.668,335,275,-1,1,0,0
395.5,92.689,3.85,6.668,330,280,-1,1,0,0
399.35,99.358,3.85,6.668,325,285,-1,1,0,0
403.2,106.026,3.85,6.668,320,290,-1,1,0,0
407.05,112.694,3.85,6.668,315,295,-1,1,0,0
410.9,119.363,3.85,6.668,310,300,-1,1,0,0
414.75,126.031,3.85,6.668,305,305,-1,1,0,0
418.6,132.7,3.85,6.668,300,310,-1,1,0,0
422.45,139.368,3.85,6.668,300,315,0,1,0,0
426.3,146.036,3.85,6.668,300,320,0,1,0,0
430.15,152.705,3.85,6.668,300,325,0,1,0,0
434.0,159.373,3.85,6.668,300,330,0,1,0,0
437.85,166.041,3.85,6.668,300,335,0,1,0,0
441.7,172.71,3.85,6.668,300,340,0,1,0,0
445.55,179.378,3.85,6.668,300,345,0,1,0,0
449.4,186.047,3.85,6.668,300,350,0,1,0,0
453.25,192.715,3.85,6.668,300,355,0,1,0,0
457.1,199.383,3.85,6.668,295,360,-1,1,0,0
460.95,206.052,3.85,6.668,290,365,-1,1,0,0
464.8,212.72,3.85,6.668,285,370,-1,1,0,0
468.65,219.389,3.85,6.668,280,375,-1,1,0,0
472.5,226.057,3.85,6.668,275,380,-1,1,0,0
476.35,232.725,3.85,6.668,270,385,-1,1,0,0
480.2,239.394,3.85,6.668,265,390,-1,1,0,0
484.05,246.062,3.85,6.668,260,395,-1,1,0,0
487.9,252.731,3.85,6.668,255,400,-1,1,0,0
491.75,259.399,3.85,6.668,250,405,-1,1,0,0
495.6,266.067,3.85,6.668,250,410,0,1,0,0
499.45,272.736,3.85,6.668,250,415,0,1,0,0
503.3,279.404,3.85,6.668,250,420,0,1,0,0
507.15,286.073,3.85,6.668,250,425,0,1,0,0
511.0,292.741,3.85,6.668,250,430,0,1,0,0
514.85,299.409,3.85,6.668,250,435,0,1,0,0
518.7,306.078,3.85,6.668,250,440,0,1,0,0
522.55,312.746,3.85,6.668,250,445,0,1,0,0
526.4,319.415,3.85,6.668,250,450,0,1,0,0
530.25,326.083,3.85,6.668,250,455,0,1,0,0
534.1,332.751,3.85,6.668,250,460,0,1,0,0
537.95,339.42,3.85,6.668,250,465,0,1,0,0
541.8,346.088,3.85,6.668,250,470,0,1,0,0
545.65,352.757,3.85,6.668,255,475,1,1,0,0
549.5,359.425,3.85,6.668,260,480,1,1,0,0
553.35,366.093,3.85,6.668,265,485,1,1,0,0
557.2,372.762,3.85,6.668,270,490,1,1,0,0
561.05,379.43,3.85,6.668,275,495,1,1,0,0
564.9,386.099,3.85,6.668,280,500,1,1,0,0
568.75,392.767,3.85,6.668,285,505,1,1,0,0
572.6,399.435,3.85,6.668,290,510,1,1,0,0
576.45,406.104,3.85,6.668,295,515,1,1,0,0
580.3,412.772,3.85,6.668,300,520,1,1,0,0
584.15,419.441,3.85,6.668,305,520,1,1,0,0
588.0,426.109,3.85,6.668,310,520,1,1,0,0
591.85,432.777,3.85,6.668,310,520,0,1,0,0
595.7,439.446,3.85,6.668,310,520,0,1,0,0
599.55,446.114,3.85,6.668,310,520,0,1,0,0
603.4,452.783,3.85,6.668,310,520,0,1,0,0
607.25,459.451,3.85,6.668,310,520,0,0,0,0
611.1,466.119,3.85,6.668,310,520,0,0,0,0
614.95,472.788,3.85,6.668,310,520,0,0,0,0
618.8,479.456,3.85,6.668,310,520,0,0,0,0
622.65,486.124,3.85,6.668,310,520,0,0,0,0
626.5,492.793,3.85,6.668,310,520,0,0,0,0
630.35,499.461,3.85,6.668,310,520,0,0,0,0
634.2,506.13,3.85,6.668,310,520,0,0,0,0
638.05,512.798,3.85,6.668,310,515,0,-1,0,0
641.9,519.466,3.85,6.668,310,510,0,-1,0,0
645.75,526.135,3.85,6.668,310,505,0,-1,0,0
649.6,532.803,3.85,6.668,310,500,0,-1,0,0
653.45,539.472,3.85,6.668,310,495,0,-1,0,0
657.3,546.14,3.85,6.668,310,490,0,-1,0,0
661.15,552.808,3.85,6.668,310,485,0,-1,0,0
665.0,559.477,3.85,6.668,310,480,0,-1,0,0
668.85,566.145,3.85,6.668,310,475,0,-1,0,0
672.7,572.814,3.85,6.668,310,470,0,-1,0,0
676.55,579.482,3.85,6.668,310,465,0,-1,0,0
680.4,586.15,3.85,6.668,310,465,0,0,0,0
684.25,592.819,3.85,6.668,310,465,0,0,0,0
688.1,594.0,3.85,-6.668,310,465,0,0,0,0
691.95,587.332,3.85,-6.668,310,465,0,0,0,0
695.8,580.663,3.85,-6.668,310,465,0,0,0,0
699.65,573.995,3.85,-6.668,310,465,0,0,0,0
703.5,567.326,3.85,-6.668,310,465,0,0,0,0
707.35,560.658,3.85,-6.668,310,465,0,0,0,0
711.2,553.99,3.85,-6.668,310,465,0,0,0,0
715.05,547.321,3.85,-6.668,310,465,0,0,0,0
718.9,540.653,3.85,-6.668,310,465,0,0,0,0
722.75,533.984,3.85,-6.668,310,465,0,0,0,0
726.6,527.316,3.85,-6.668,310,465,0,0,0,0
730.45,520.648,3.85,-6.668,310,460,0,-1,0,0
734.3,513.979,3.85,-6.668,310,455,0,-1,0,0
738.15,507.311,3.85,-6.668,310,450,0,-1,0,0
742.0,500.642,3.85,-6.668,310,445,0,-1,0,0
745.85,493.974,3.85,-6.668,310,440,0,-1,0,0
749.7,487.306,3.85,-6.668,310,435,0,-1,0,0
751.0,480.637,-7.913,1.176,310,435,0,0,0,0
743.087,481.814,-7.913,1.176,310,435,0,0,0,0
735.174,482.99,-7.913,1.176,310,435,0,0,0,0
727.261,484.166,-7.913,1.176,310,435,0,0,0,0
719.348,485.343,-7.913,1.176,310,435,0,0,0,0
711.435,486.519,-7.913,1.176,310,435,0,0,0,0
703.522,487.696,-7.913,1.176,310,435,0,0,0,0
695.609,488.872,-7.913,1.176,310,435,0,0,0,0
687.696,490.048,-7.913,1.176,310,435,0,0,0,0
679.783,491.225,-7.913,1.176,310,435,0,0,0,0
671.87,492.401,-7.913,1.176,310,435,0,0,0,0
663.957,493.578,-7.913,1.176,310,435,0,0,0,0
656.044,494.754,-7.913,1.176,310,435,0,0,0,0
648.131,495.93,-7.913,1.176,310,435,0,0,0,0
640.218,497.107,-7.913,1.176,310,435,0,0,0,0
632.304,498.283,-7.913,1.176,310,435,0,0,0,0
624.391,499.459,-7.913,1.176,310,435,0,0,0,0
616.478,500.636,-7.913,1.176,310,435,0,0,0,0
608.565,501.812,-7.913,1.176,310,435,0,0,0,0
600.652,502.989,-7.913,1.176,310,435,0,0,0,0
592.739,504.165,-7.913,1.176,310,435,0,0,0,0
584.826,505.341,-7.913,1.176,310,435,0,0,0,0
576.913,506.518,-7.913,1.176,310,435,0,0,0,0
569.0,507.694,-7.913,1.176,305,435,-1,0,0,0
561.087,508.871,-7.913,1.176,300,435,-1,0,0,0
553.174,510.047,-7.913,1.176,295,435,-1,0,0,0
545.261,511.223,-7.913,1.176,290,435,-1,0,0,0
537.348,512.4,-7.913,1.176,285,435,-1,0,0,0
529.435,513.576,-7.913,1.176,280,435,-1,0,0,0
521.522,514.752,-7.913,1.176,275,440,-1,1,0,0
513.609,515.929,-7.913,1.176,270,445,-1,1,0,0
505.696,517.105,-7.913,1.176,265,450,-1,1,0,0
497.783,518.282,-7.913,1.176,260,455,-1,1,0,0
489.87,519.458,-7.913,1.176,255,460,-1,1,0,0
481.957,520.634,-7.913,1.176,250,465,-1,1,0,0
474.044,521.811,-7.913,1.176,250,470,0,1,0,0
466.131,522.987,-7.913,1.176,250,475,0,1,0,0
458.218,524.164,-7.913,1.176,250,480,0,1,0,0
450.305,525.34,-7.913,1.176,250,485,0,1,0,0
442.392,526.516,-7.913,1.176,250,490,0,1,0,0
434.479,527.693,-7.913,1.176,250,495,0,1,0,0
426.566,528.869,-7.913,1.176,250,500,0,1,0,0
418.653,530.046,-7.913,1.176,250,505,0,1,0,0
410.74,531.222,-7.913,1.176,250,510,0,1,0,0
402.826,532.398,-7.913,1.176,250,515,0,1,0,0
394.913,533.575,-7.913,1.176,250,520,0,1,0,0
387.0,534.751,-7.913,1.176,250,520,0,1,0,0
379.087,535.927,-7.913,1.176,250,520,0,1,0,0
371.174,537.104,-7.913,1.176,250,520,0,1,0,0
363.261,538.28,-7.913,1.176,250,520,0,1,0,0
355.348,539.457,-7.913,1.176,250,520,0,1,0,0
347.435,540.633,-7.913,1.176,250,520,0,1,0,0
339.522,541.809,-7.913,1.176,250,520,0,1,0,0
331.609,542.986,-7.913,1.176,255,520,1,1,0,0
323.696,544.162,-7.913,1.176,260,520,1,1,0,0
315.783,545.339,-7.913,1.176,265,520,1,1,0,0
307.87,546.515,-7.913,1.176,270,520,1,1,0,0
299.957,547.691,-7.913,1.176,275,520,1,1,0,0
292.044,548.868,-7.913,1.176,280,520,1,1,0,0
284.131,550.044,-7.913,1.176,285,520,1,1,0,0
276.218,551.22,-7.913,1.176,290,520,1,1,0,0
268.305,552.397,-7.913,1.176,295,520,1,1,0,0
260.392,553.573,-7.913,1.176,300,520,1,1,0,0
252.479,554.75,-7.913,1.176,305,520,1,1,0,0
244.566,555.926,-7.913,1.176,310,520,1,1,0,0
236.653,557.102,-7.913,1.176,315,520,1,1,0,0
228.74,558.279,-7.913,1.176,320,520,1,1,0,0
220.827,559.455,-7.913,1.176,325,520,1,1,0,0
212.914,560.632,-7.913,1.176,330,520,1,1,0,0
205.001,561.808,-7.913,1.176,335,520,1,1,0,0
197.088,562.984,-7.913,1.176,340,520,1,1,0,0
189.175,564.161,-7.913,1.176,345,520,1,1,0,0
181.262,565.337,-7.913,1.176,350,520,1,1,0,0
173.348,566.514,-7.913,1.176,355,520,1,1,0,0
165.435,567.69,-7.913,1.176,360,520,1,1,0,0
157.522,568.866,-7.913,1.176,365,520,1,1,0,0
149.609,570.043,-7.913,1.176,370,520,1,1,0,0
141.696,571.219,-7.913,1.176,375,520,1,1,0,0
133.783,572.395,-7.913,1.176,380,520,1,1,0,0
125.87,573.572,-7.913,1.176,385,520,1,1,0,0
117.957,574.748,-7.913,1.176,390,520,1,1,0,0
110.044,575.925,-7.913,1.176,395,520,1,1,0,0
102.131,577.101,-7.913,1.176,400,520,1,1,0,0
94.218,578.277,-7.913,1.176,405,520,1,1,0,0
86.305,579.454,-7.913,1.176,410,520,1,1,0,0
78.392,580.63,-7.913,1.176,415,520,1,1,0,0
70.479,581.807,-7.913,1.176,420,520,1,1,0,0
62.566,582.983,-7.913,1.176,425,520,1,1,0,0
54.653,584.159,-7.913,1.176,430,520,1,1,0,0
46.74,585.336,-7.913,1.176,435,520,1,1,0,0
38.827,586.512,-7.913,1.176,440,520,1,1,0,0
30.914,587.688,-7.913,1.176,445,520,1,1,0,0
23.001,588.865,-7.913,1.176,450,520,1,1,0,0
15.088,590.041,-7.913,1.176,455,520,1,1,0,0
7.175,591.218,-7.913,1.176,460,520,1,1,0,0
-0.738,592.394,-7.913,1.176,465,520,1,1,0,0
400.0,300.0,4.578,2.01,470,520,1,1,0,1
404.444,302.292,4.444,2.292,470,520,0,0,0,0
