ball_x,ball_y,ball_vx,ball_vy,left_y,right_y,left_action,right_action,left_scored,right_scored
404.812,301.36,4.812,1.36,260,260,0,0,0,0
409.623,302.72,4.812,1.36,260,260,0,0,0,0
414.435,304.079,4.812,1.36,260,260,0,0,0,0
419.246,305.439,4.812,1.36,260,260,0,0,0,0
424.058,306.799,4.812,1.36,260,260,0,0,0,0
428.869,308.159,4.812,1.36,260,260,0,0,0,0
433.681,309.519,4.812,1.36,260,260,0,0,0,0
438.492,310.878,4.812,1.36,260,260,0,0,0,0
443.304,312.238,4.812,1.36,260,260,0,0,0,0
448.115,313.598,4.812,1.36,260,260,0,0,0,0
452.927,314.958,4.812,1.36,260,260,0,0,0,0
457.739,316.317,4.812,1.36,260,260,0,0,0,0
462.55,317.677,4.812,1.36,260,260,0,0,0,0
467.362,319.037,4.812,1.36,260,260,0,0,0,0
472.173,320.397,4.812,1.36,260,260,0,0,0,0
476.985,321.757,4.812,1.36,260,260,0,0,0,0
481.796,323.116,4.812,1.36,260,260,0,0,0,0
486.608,324.476,4.812,1.36,260,260,0,0,0,0
491.419,325.836,4.812,1.36,260,260,0,0,0,0
496.231,327.196,4.812,1.36,260,260,0,0,0,0
501.042,328.556,4.812,1.36,260,260,0,0,0,0
505.854,329.915,4.812,1.36,260,260,0,0,0,0
510.666,331.275,4.812,1.36,260,260,0,0,0,0
515.477,332.635,4.812,1.36,260,260,0,0,0,0
520.289,333.995,4.812,1.36,260,260,0,0,0,0
525.1,335.354,4.812,1.36,260,260,0,0,0,0
529.912,336.714,4.812,1.36,260,260,0,0,0,0
534.723,338.074,4.812,1.36,260,260,0,0,0,0
539.535,339.434,4.812,1.36,260,260,0,0,0,0
544.346,340.794,4.812,1.36,260,260,0,0,0,0
549.158,342.153,4.812,1.36,260,260,0,0,0,0
553.969,343.513,4.812,1.36,260,260,0,0,0,0
558.781,344.873,4.812,1.36,260,260,0,0,0,0
563.593,346.233,4.812,1.36,260,260,0,0,0,0
568.404,347.593,4.812,1.36,260,260,0,0,0,0
573.216,348.952,4.812,1.36,265,260,1,0,0,0
578.027,350.312,4.812,1.36,270,260,1,0,0,0
582.839,351.672,4.812,1.36,275,260,1,0,0,0
587.65,353.032,4.812,1.36,280,265,1,1,0,0
592.462,354.392,4.812,1.36,285,270,1,1,0,0
597.273,355.751,4.812,1.36,290,275,1,1,0,0
602.085,357.111,4.812,1.36,295,280,1,1,0,0
606.896,358.471,4.812,1.36,300,285,1,1,0,0
611.708,359.831,4.812,1.36,305,290,1,1,0,0
616.52,361.19,4.812,1.36,310,295,1,1,0,0
621.331,362.55,4.812,1.36,315,300,1,1,0,0
626.143,363.91,4.812,1.36,320,305,1,1,0,0
630.954,365.27,4.812,1.36,325,310,1,1,0,0
635.766,366.63,4.812,1.36,330,315,1,1,0,0
640.577,367.989,4.812,1.36,335,320,1,1,0,0
645.389,369.349,4.812,1.36,340,325,1,1,0,0
650.2,370.709,4.812,1.36,345,330,1,1,0,0
655.012,372.069,4.812,1.36,345,335,0,1,0,0
659.824,373.429,4.812,1.36,345,340,0,1,0,0
664.635,374.788,4.812,1.36,345,345,0,1,0,0
669.447,376.148,4.812,1.36,345,345,0,0,0,0
674.258,377.508,4.812,1.36,345,345,0,0,0,0
679.07,378.868,4.812,1.36,345,345,0,0,0,0
683.881,380.227,4.812,1.36,345,345,0,0,0,0
688.693,381.587,4.812,1.36,345,345,0,0,0,0
693.504,382.947,4.812,1.36,345,345,0,0,0,0
698.316,384.307,4.812,1.36,345,345,0,0,0,0
703.127,385.667,4.812,1.36,345,345,0,0,0,0
707.939,387.026,4.812,1.36,345,345,0,0,0,0
712.751,388.386,4.812,1.36,345,345,0,0,0,0
717.562,389.746,4.812,1.36,345,340,0,-1,0,0
722.374,391.106,4.812,1.36,345,335,0,-1,0,0
727.185,392.466,4.812,1.36,345,330,0,-1,0,0
731.997,393.825,4.812,1.36,345,330,0,0,0,0
736.808,395.185,4.812,1.36,345,330,0,0,0,0
741.62,396.545,4.812,1.36,345,330,0,0,0,0
746.431,397.905,4.812,1.36,345,330,0,0,0,0
751.243,399.264,4.812,1.36,345,330,0,0,0,0
751.0,400.624,-3.686,3.808,345,330,0,0,0,0
747.314,404.433,-3.686,3.808,345,330,0,0,0,0
743.628,408.241,-3.686,3.808,345,330,0,0,0,0
739.942,412.05,-3.686,3.808,345,330,0,0,0,0
736.256,415.858,-3.686,3.808,345,330,0,0,0,0
732.57,419.666,-3.686,3.808,345,330,0,0,0,0
728.884,423.475,-3.686,3.808,345,330,0,0,0,0
725.199,427.283,-3.686,3.808,345,330,0,0,0,0
721.513,431.092,-3.686,3.808,345,330,0,0,0,0
717.827,434.9,-3.686,3.808,350,335,1,1,0,0
714.141,438.708,-3.686,3.808,355,340,1,1,0,0
710.455,442.517,-3.686,3.808,360,345,1,1,0,0
706.769,446.325,-3.686,3.808,365,350,1,1,0,0
703.083,450.134,-3.686,3.808,370,355,1,1,0,0
699.397,453.942,-3.686,3.808,375,360,1,1,0,0
695.711,457.75,-3.686,3.808,380,365,1,1,0,0
692.025,461.559,-3.686,3.808,385,370,1,1,0,0
688.339,465.367,-3.686,3.808,390,375,1,1,0,0
684.653,469.176,-3.686,3.808,395,380,1,1,0,0
680.968,472.984,-3.686,3.808,400,380,1,0,0,0
677.282,476.793,-3.686,3.808,405,380,1,0,0,0
673.596,480.601,-3.686,3.808,410,380,1,0,0,0
669.91,484.409,-3.686,3.808,415,380,1,0,0,0
666.224,488.218,-3.686,3.808,420,380,1,0,0,0
662.538,492.026,-3.686,3.808,425,380,1,0,0,0
658.852,495.835,-3.686,3.808,430,380,1,0,0,0
655.166,499.643,-3.686,3.808,435,380,1,0,0,0
651.48,503.451,-3.686,3.808,440,380,1,0,0,0
647.794,507.26,-3.686,3.808,445,380,1,0,0,0
644.108,511.068,-3.686,3.808,445,380,0,0,0,0
640.422,514.877,-3.686,3.808,445,380,0,0,0,0
636.737,518.685,-3.686,3.808,445,380,0,0,0,0
633.051,522.493,-3.686,3.808,445,380,0,0,0,0
629.365,526.302,-3.686,3.808,445,380,0,0,0,0
625.679,530.11,-3.686,3.808,445,380,0,0,0,0
621.993,533.919,-3.686,3.808,445,380,0,0,0,0
618.307,537.727,-3.686,3.808,445,380,0,0,0,0
614.621,541.536,-3.686,3.808,445,380,0,0,0,0
610.935,545.344,-3.686,3.808,445,380,0,0,0,0
607.249,549.152,-3.686,3.808,445,380,0,0,0,0
603.563,552.961,-3.686,3.808,445,380,0,0,0,0
599.877,556.769,-3.686,3.808,445,380,0,0,0,0
596.191,560.578,-3.686,3.808,445,380,0,0,0,0
592.506,564.386,-3.686,3.808,445,380,0,0,0,0
588.82,568.194,-3.686,3.808,445,380,0,0,0,0
585.134,572.003,-3.686,3.808,445,380,0,0,0,0
581.448,575.811,-3.686,3.808,445,380,0,0,0,0
577.762,579.62,-3.686,3.808,445,380,0,0,0,0
574.076,583.428,-3.686,3.808,445,380,0,0,0,0
570.39,587.237,-3.686,3.808,445,380,0,0,0,0
566.704,591.045,-3.686,3.808,445,380,0,0,0,0
563.018,594.0,-3.686,-3.808,445,380,0,0,0,0
559.332,590.192,-3.686,-3.808,445,380,0,0,0,0
555.646,586.383,-3.686,-3.808,440,380,-1,0,0,0
551.96,582.575,-3.686,-3.808,435,380,-1,0,0,0
548.275,578.766,-3.686,-3.808,430,380,-1,0,0,0
544.589,574.958,-3.686,-3.808,425,380,-1,0,0,0
540.903,571.15,-3.686,-3.808,420,385,-1,1,0,0
537.217,567.341,-3.686,-3.808,415,390,-1,1,0,0
533.531,563.533,-3.686,-3.808,410,395,-1,1,0,0
529.845,559.724,-3.686,-3.808,405,400,-1,1,0,0
526.159,555.916,-3.686,-3.808,400,405,-1,1,0,0
522.473,552.107,-3.686,-3.808,395,410,-1,1,0,0
518.787,548.299,-3.686,-3.808,390,415,-1,1,0,0
515.101,544.491,-3.686,-3.808,385,415,-1,0,0,0
511.415,540.682,-3.686,-3.808,380,415,-1,0,0,0
507.729,536.874,-3.686,-3.808,375,415,-1,0,0,0
504.044,533.065,-3.686,-3.808,370,415,-1,0,0,0
500.358,529.257,-3.686,-3.808,365,415,-1,0,0,0
496.672,525.449,-3.686,-3.808,360,415,-1,0,0,0
492.986,521.64,-3.686,-3.808,355,415,-1,0,0,0
489.3,517.832,-3.686,-3.808,350,415,-1,0,0,0
485.614,514.023,-3.686,-3.808,345,415,-1,0,0,0
481.928,510.215,-3.686,-3.808,340,415,-1,0,0,0
478.242,506.406,-3.686,-3.808,335,415,-1,0,0,0
474.556,502.598,-3.686,-3.808,335,415,0,0,0,0
470.87,498.79,-3.686,-3.808,335,415,0,0,0,0
467.184,494.981,-3.686,-3.808,335,415,0,0,0,0
463.498,491.173,-3.686,-3.808,335,415,0,0,0,0
459.812,487.364,-3.686,-3.808,335,415,0,0,0,0
456.127,483.556,-3.686,-3.808,335,415,0,0,0,0
452.441,479.748,-3.686,-3.808,335,415,0,0,0,0
448.755,475.939,-3.686,-3.808,335,415,0,0,0,0
445.069,472.131,-3.686,-3.808,335,415,0,0,0,0
441.383,468.322,-3.686,-3.808,335,415,0,0,0,0
437.697,464.514,-3.686,-3.808,335,415,0,0,0,0
434.011,460.706,-3.686,-3.808,335,415,0,0,0,0
430.325,456.897,-3.686,-3.808,335,415,0,0,0,0
426.639,453.089,-3.686,-3.808,335,415,0,0,0,0
422.953,449.28,-3.686,-3.808,335,415,0,0,0,0
419.267,445.472,-3.686,-3.808,335,415,0,0,0,0
415.581,441.663,-3.686,-3.808,335,415,0,0,0,0
411.896,437.855,-3.686,-3.808,335,415,0,0,0,0
408.21,434.047,-3.686,-3.808,335,415,0,0,0,0
404.524,430.238,-3.686,-3.808,330,415,-1,0,0,0
400.838,426.43,-3.686,-3.808,325,415,-1,0,0,0
397.152,422.621,-3.686,-3.808,320,415,-1,0,0,0
393.466,418.813,-3.686,-3.808,315,415,-1,0,0,0
389.78,415.005,-3.686,-3.808,310,415,-1,0,0,0
386.094,411.196,-3.686,-3.808,305,420,-1,1,0,0
382.408,407.388,-3.686,-3.808,300,425,-1,1,0,0
378.722,403.579,-3.686,-3.808,295,430,-1,1,0,0
375.036,399.771,-3.686,-3.808,290,435,-1,1,0,0
371.35,395.963,-3.686,-3.808,285,440,-1,1,0,0
367.665,392.154,-3.686,-3.808,280,445,-1,1,0,0
363.979,388.346,-3.686,-3.808,275,450,-1,1,0,0
360.293,384.537,-3.686,-3.808,270,450,-1,0,0,0
356.607,380.729,-3.686,-3.808,265,450,-1,0,0,0
352.921,376.92,-3.686,-3.808,260,450,-1,0,0,0
349.235,373.112,-3.686,-3.808,255,450,-1,0,0,0
345.549,369.304,-3.686,-3.808,250,450,-1,0,0,0
341.863,365.495,-3.686,-3.808,245,450,-1,0,0,0
338.177,361.687,-3.686,-3.808,240,450,-1,0,0,0
334.491,357.878,-3.686,-3.808,235,450,-1,0,0,0
330.805,354.07,-3.686,-3.808,230,450,-1,0,0,0
327.119,350.262,-3.686,-3.808,225,450,-1,0,0,0
323.434,346.453,-3.686,-3.808,220,450,-1,0,0,0
319.748,342.645,-3.686,-3.808,215,450,-1,0,0,0
316.062,338.836,-3.686,-3.808,215,450,0,0,0,0
312.376,335.028,-3.686,-3.808,215,450,0,0,0,0
308.69,331.219,-3.686,-3.808,215,450,0,0,0,0
305.004,327.411,-3.686,-3.808,215,450,0,0,0,0
301.318,323.603,-3.686,-3.808,215,450,0,0,0,0
297.632,319.794,-3.686,-3.808,215,450,0,0,0,0
293.946,315.986,-3.686,-3.808,215,450,0,0,0,0
290.26,312.177,-3.686,-3.808,215,450,0,0,0,0
286.574,308.369,-3.686,-3.808,215,450,0,0,0,0
282.888,304.561,-3.686,-3.808,215,450,0,0,0,0
279.203,300.752,-3.686,-3.808,215,450,0,0,0,0
275.517,296.944,-3.686,-3.808,215,450,0,0,0,0
271.831,293.135,-3.686,-3.808,215,450,0,0,0,0
268.145,289.327,-3.686,-3.808,215,450,0,0,0,0
264.459,285.519,-3.686,-3.808,210,450,-1,0,0,0
260.773,281.71,-3.686,-3.808,205,450,-1,0,0,0
257.087,277.902,-3.686,-3.808,200,450,-1,0,0,0
253.401,274.093,-3.686,-3.808,195,450,-1,0,0,0
249.715,270.285,-3.686,-3.808,190,450,-1,0,0,0
246.029,266.476,-3.686,-3.808,185,450,-1,0,0,0
242.343,262.668,-3.686,-3.808,180,450,-1,0,0,0
238.657,258.86,-3.686,-3.808,175,450,-1,0,0,0
234.972,255.051,-3.686,-3.808,170,450,-1,0,0,0
231.286,251.243,-3.686,-3.808,165,450,-1,0,0,0
227.6,247.434,-3.686,-3.808,160,450,-1,0,0,0
223.914,243.626,-3.686,-3.808,155,450,-1,0,0,0
220.228,239.818,-3.686,-3.808,150,450,-1,0,0,0
216.542,236.009,-3.686,-3.808,145,450,-1,0,0,0
212.856,232.201,-3.686,-3.808,140,450,-1,0,0,0
209.17,228.392,-3.686,-3.808,140,450,0,0,0,0
205.484,224.584,-3.686,-3.808,140,450,0,0,0,0
201.798,220.776,-3.686,-3.808,140,450,0,0,0,0
198.112,216.967,-3.686,-3.808,140,450,0,0,0,0
194.426,213.159,-3.686,-3.808,140,450,0,0,0,0
190.74,209.35,-3.686,-3.808,140,450,0,0,0,0
187.055,205.542,-3.686,-3.808,140,450,0,0,0,0
183.369,201.733,-3.686,-3.808,140,450,0,0,0,0
179.683,197.925,-3.686,-3.808,140,450,0,0,0,0
175.997,194.117,-3.686,-3.808,140,450,0,0,0,0
172.311,190.308,-3.686,-3.808,140,450,0,0,0,0
168.625,186.5,-3.686,-3.808,140,450,0,0,0,0
164.939,182.691,-3.686,-3.808,140,450,0,0,0,0
161.253,178.883,-3.686,-3.808,140,450,0,0,0,0
157.567,175.075,-3.686,-3.808,140,450,0,0,0,0
153.881,171.266,-3.686,-3.808,140,450,0,0,0,0
150.195,167.458,-3.686,-3.808,140,450,0,0,0,0
146.509,163.649,-3.686,-3.808,140,450,0,0,0,0
142.824,159.841,-3.686,-3.808,140,450,0,0,0,0
139.138,156.032,-3.686,-3.808,135,450,-1,0,0,0
135.452,152.224,-3.686,-3.808,130,450,-1,0,0,0
131.766,148.416,-3.686,-3.808,125,450,-1,0,0,0
128.08,144.607,-3.686,-3.808,120,450,-1,0,0,0
124.394,140.799,-3.686,-3.808,115,450,-1,0,0,0
120.708,136.99,-3.686,-3.808,110,450,-1,0,0,0
117.022,133.182,-3.686,-3.808,105,450,-1,0,0,0
113.336,129.374,-3.686,-3.808,100,450,-1,0,0,0
109.65,125.565,-3.686,-3.808,95,450,-1,0,0,0
105.964,121.757,-3.686,-3.808,90,450,-1,0,0,0
102.278,117.948,-3.686,-3.808,85,450,-1,0,0,0
98.593,114.14,-3.686,-3.808,80,450,-1,0,0,0
94.907,110.332,-3.686,-3.808,75,450,-1,0,0,0
91.221,106.523,-3.686,-3.808,70,450,-1,0,0,0
87.535,102.715,-3.686,-3.808,65,450,-1,0,0,0
83.849,98.906,-3.686,-3.808,60,450,-1,0,0,0
80.163,95.098,-3.686,-3.808,55,450,-1,0,0,0
76.477,91.289,-3.686,-3.808,50,450,-1,0,0,0
72.791,87.481,-3.686,-3.808,50,450,0,0,0,0
69.105,83.673,-3.686,-3.808,50,450,0,0,0,0
65.419,79.864,-3.686,-3.808,50,450,0,0,0,0
61.733,76.056,-3.686,-3.808,50,450,0,0,0,0
58.047,72.247,-3.686,-3.808,50,450,0,0,0,0
54.362,68.439,-3.686,-3.808,50,450,0,0,0,0
50.676,64.631,-3.686,-3.808,50,450,0,0,0,0
49.0,60.822,4.044,-3.874,50,450,0,0,0,0
53.044,56.949,4.044,-3.874,50,450,0,0,0,0
57.088,53.075,4.044,-3.874,50,450,0,0,0,0
61.132,49.201,4.044,-3.874,50,450,0,0,0,0
65.176,45.328,4.044,-3.874,50,450,0,0,0,0
69.221,41.454,4.044,-3.874,50,450,0,0,0,0
73.265,37.58,4.044,-3.874,50,450,0,0,0,0
77.309,33.707,4.044,-3.874,50,450,0,0,0,0
81.353,29.833,4.044,-3.874,50,450,0,0,0,0
85.397,25.959,4.044,-3.874,50,450,0,0,0,0
89.441,22.086,4.044,-3.874,50,450,0,0,0,0
93.485,18.212,4.044,-3.874,50,450,0,0,0,0
97.529,14.338,4.044,-3.874,50,450,0,0,0,0
101.573,10.465,4.044,-3.874,50,450,0,0,0,0
105.617,6.591,4.044,-3.874,50,450,0,0,0,0
109.662,6.0,4.044,3.874,50,450,0,0,0,0
113.706,9.874,4.044,3.874,50,450,0,0,0,0
117.75,13.747,4.044,3.874,45,450,-1,0,0,0
121.794,17.621,4.044,3.874,40,450,-1,0,0,0
125.838,21.495,4.044,3.874,35,450,-1,0,0,0
129.882,25.368,4.044,3.874,30,445,-1,-1,0,0
133.926,29.242,4.044,3.874,25,440,-1,-1,0,0
137.97,33.116,4.044,3.874,20,435,-1,-1,0,0
142.014,36.989,4.044,3.874,15,430,-1,-1,0,0
146.059,40.863,4.044,3.874,10,425,-1,-1,0,0
150.103,44.737,4.044,3.874,10,420,0,-1,0,0
154.147,48.61,4.044,3.874,10,415,0,-1,0,0
158.191,52.484,4.044,3.874,15,410,1,-1,0,0
162.235,56.358,4.044,3.874,20,405,1,-1,0,0
166.279,60.231,4.044,3.874,25,400,1,-1,0,0
170.323,64.105,4.044,3.874,30,395,1,-1,0,0
174.367,67.978,4.044,3.874,35,390,1,-1,0,0
178.411,71.852,4.044,3.874,40,385,1,-1,0,0
182.456,75.726,4.044,3.874,45,380,1,-1,0,0
186.5,79.599,4.044,3.874,50,375,1,-1,0,0
190.544,83.473,4.044,3.874,55,370,1,-1,0,0
194.588,87.347,4.044,3.874,60,365,1,-1,0,0
198.632,91.22,4.044,3.874,65,360,1,-1,0,0
202.676,95.094,4.044,3.874,70,355,1,-1,0,0
206.72,98.968,4.044,3.874,75,350,1,-1,0,0
210.764,102.841,4.044,3.874,80,345,1,-1,0,0
214.808,106.715,4.044,3.874,85,340,1,-1,0,0
218.852,110.589,4.044,3.874,90,335,1,-1,0,0
222.897,114.462,4.044,3.874,95,330,1,-1,0,0
226.941,118.336,4.044,3.874,100,330,1,0,0,0
230.985,122.21,4.044,3.874,105,330,1,0,0,0
235.029,126.083,4.044,3.874,110,330,1,0,0,0
239.073,129.957,4.044,3.874,115,330,1,0,0,0
243.117,133.831,4.044,3.874,120,330,1,0,0,0
247.161,137.704,4.044,3.874,125,330,1,0,0,0
251.205,141.578,4.044,3.874,130,330,1,0,0,0
255.249,145.452,4.044,3.874,135,330,1,0,0,0
259.294,149.325,4.044,3.874,140,330,1,0,0,0
263.338,153.199,4.044,3.874,145,330,1,0,0,0
267.382,157.073,4.044,3.874,150,330,1,0,0,0
271.426,160.946,4.044,3.874,155,330,1,0,0,0
275.47,164.82,4.044,3.874,160,330,1,0,0,0
279.514,168.694,4.044,3.874,165,330,1,0,0,0
283.558,172.567,4.044,3.874,165,330,0,0,0,0
287.602,176.441,4.044,3.874,165,330,0,0,0,0
291.646,180.314,4.044,3.874,165,330,0,0,0,0
295.69,184.188,4.044,3.874,165,330,0,0,0,0
299.735,188.062,4.044,3.874,165,330,0,0,0,0
303.779,191.935,4.044,3.874,165,330,0,0,0,0
307.823,195.809,4.044,3.874,165,330,0,0,0,0
311.867,199.683,4.044,3.874,165,330,0,0,0,0
315.911,203.556,4.044,3.874,165,330,0,0,0,0
319.955,207.43,4.044,3.874,165,325,0,-1,0,0
323.999,211.304,4.044,3.874,165,320,0,-1,0,0
328.043,215.177,4.044,3.874,165,315,0,-1,0,0
332.087,219.051,4.044,3.874,165,310,0,-1,0,0
336.132,222.925,4.044,3.874,165,305,0,-1,0,0
340.176,226.798,4.044,3.874,165,300,0,-1,0,0
344.22,230.672,4.044,3.874,165,295,0,-1,0,0
348.264,234.546,4.044,3.874,165,290,0,-1,0,0
352.308,238.419,4.044,3.874,165,290,0,0,0,0
356.352,242.293,4.044,3.874,165,290,0,0,0,0
360.396,246.167,4.044,3.874,165,290,0,0,0,0
364.44,250.04,4.044,3.874,165,290,0,0,0,0
368.484,253.914,4.044,3.874,165,290,0,0,0,0
372.529,257.788,4.044,3.874,165,290,0,0,0,0
376.573,261.661,4.044,3.874,165,290,0,0,0,0
380.617,265.535,4.044,3.874,165,290,0,0,0,0
384.661,269.409,4.044,3.874,165,290,0,0,0,0
388.705,273.282,4.044,3.874,165,290,0,0,0,0
392.749,277.156,4.044,3.874,165,290,0,0,0,0
396.793,281.03,4.044,3.874,165,290,0,0,0,0
400.837,284.903,4.044,3.874,165,290,0,0,0,0
404.881,288.777,4.044,3.874,165,290,0,0,0,0
408.925,292.65,4.044,3.874,165,290,0,0,0,0
412.97,296.524,4.044,3.874,165,290,0,0,0,0
417.014,300.398,4.044,3.874,165,290,0,0,0,0
421.058,304.271,4.044,3.874,165,290,0,0,0,0
425.102,308.145,4.044,3.874,165,295,0,1,0,0
429.146,312.019,4.044,3.874,165,300,0,1,0,0
433.19,315.892,4.044,3.874,165,305,0,1,0,0
437.234,319.766,4.044,3.874,165,310,0,1,0,0
441.278,323.64,4.044,3.874,165,315,0,1,0,0
445.322,327.513,4.044,3.874,165,320,0,1,0,0
449.367,331.387,4.044,3.874,165,325,0,1,0,0
453.411,335.261,4.044,3.874,165,330,0,1,0,0
457.455,339.134,4.044,3.874,165,335,0,1,0,0
461.499,343.008,4.044,3.874,165,340,0,1,0,0
465.543,346.882,4.044,3.874,165,345,0,1,0,0
469.587,350.755,4.044,3.874,165,350,0,1,0,0
473.631,354.629,4.044,3.874,165,355,0,1,0,0
477.675,358.503,4.044,3.874,165,360,0,1,0,0
481.719,362.376,4.044,3.874,165,365,0,1,0,0
485.763,366.25,4.044,3.874,165,365,0,0,0,0
489.808,370.124,4.044,3.874,165,365,0,0,0,0
493.852,373.997,4.044,3.874,165,365,0,0,0,0
497.896,377.871,4.044,3.874,165,365,0,0,0,0
501.94,381.745,4.044,3.874,165,365,0,0,0,0
505.984,385.618,4.044,3.874,165,365,0,0,0,0
510.028,389.492,4.044,3.874,165,365,0,0,0,0
514.072,393.366,4.044,3.874,165,365,0,0,0,0
518.116,397.239,4.044,3.874,165,365,0,0,0,0
522.16,401.113,4.044,3.874,165,365,0,0,0,0
526.205,404.986,4.044,3.874,165,365,0,0,0,0
530.249,408.86,4.044,3.874,165,365,0,0,0,0
534.293,412.734,4.044,3.874,165,365,0,0,0,0
538.337,416.607,4.044,3.874,165,365,0,0,0,0
542.381,420.481,4.044,3.874,165,365,0,0,0,0
546.425,424.355,4.044,3.874,165,365,0,0,0,0
550.469,428.228,4.044,3.874,165,365,0,0,0,0
554.513,432.102,4.044,3.874,165,370,0,1,0,0
558.557,435.976,4.044,3.874,165,375,0,1,0,0
562.602,439.849,4.044,3.874,165,380,0,1,0,0
566.646,443.723,4.044,3.874,165,385,0,1,0,0
570.69,447.597,4.044,3.874,165,390,0,1,0,0
574.734,451.47,4.044,3.874,165,395,0,1,0,0
578.778,455.344,4.044,3.874,165,400,0,1,0,0
582.822,459.218,4.044,3.874,165,405,0,1,0,0
586.866,463.091,4.044,3.874,165,410,0,1,0,0
590.91,466.965,4.044,3.874,165,415,0,1,0,0
594.954,470.839,4.044,3.874,165,420,0,1,0,0
598.998,474.712,4.044,3.874,165,425,0,1,0,0
603.043,478.586,4.044,3.874,165,430,0,1,0,0
607.087,482.46,4.044,3.874,165,435,0,1,0,0
611.131,486.333,4.044,3.874,165,440,0,1,0,0
615.175,490.207,4.044,3.874,165,445,0,1,0,0
619.219,494.081,4.044,3.874,165,450,0,1,0,0
623.263,497.954,4.044,3.874,165,455,0,1,0,0
627.307,501.828,4.044,3.874,165,460,0,1,0,0
631.351,505.702,4.044,3.874,165,465,0,1,0,0
635.395,509.575,4.044,3.874,165,470,0,1,0,0
639.44,513.449,4.044,3.874,165,475,0,1,0,0
643.484,517.322,4.044,3.874,165,475,0,0,0,0
647.528,521.196,4.044,3.874,165,475,0,0,0,0
651.572,525.07,4.044,3.874,165,475,0,0,0,0
655.616,528.943,4.044,3.874,165,475,0,0,0,0
659.66,532.817,4.044,3.874,165,475,0,0,0,0
663.704,536.691,4.044,3.874,165,475,0,0,0,0
667.748,540.564,4.044,3.874,165,475,0,0,0,0
671.792,544.438,4.044,3.874,165,475,0,0,0,0
675.836,548.312,4.044,3.874,165,475,0,0,0,0
679.881,552.185,4.044,3.874,165,475,0,0,0,0
683.925,556.059,4.044,3.874,165,475,0,0,0,0
687.969,559.933,4.044,3.874,165,475,0,0,0,0
692.013,563.806,4.044,3.874,165,480,0,1,0,0
696.057,567.68,4.044,3.874,165,485,0,1,0,0
700.101,571.554,4.044,3.874,165,490,0,1,0,0
704.145,575.427,4.044,3.874,165,495,0,1,0,0
708.189,579.301,4.044,3.874,165,500,0,1,0,0
712.233,583.175,4.044,3.874,165,505,0,1,0,0
716.278,587.048,4.044,3.874,165,510,0,1,0,0
720.322,590.922,4.044,3.874,165,515,0,1,0,0
724.366,594.0,4.044,-3.874,165,520,0,1,0,0
728.41,590.126,4.044,-3.874,165,520,0,1,0,0
732.454,586.253,4.044,-3.874,165,520,0,1,0,0
736.498,582.379,4.044,-3.874,165,520,0,1,0,0
740.542,578.505,4.044,-3.874,165,520,0,1,0,0
744.586,574.632,4.044,-3.874,165,520,0,1,0,0
748.63,570.758,4.044,-3.874,165,520,0,1,0,0
752.675,566.884,4.044,-3.874,165,520,0,1,0,0
751.0,563.011,-5.882,0.465,165,520,0,1,0,0
745.118,563.475,-5.882,0.465,165,520,0,1,0,0
739.237,563.94,-5.882,0.465,165,520,0,1,0,0
733.355,564.404,-5.882,0.465,165,520,0,1,0,0
727.473,564.869,-5.882,0.465,165,520,0,1,0,0
721.592,565.334,-5.882,0.465,165,520,0,1,0,0
715.71,565.798,-5.882,0.465,165,520,0,1,0,0
709.828,566.263,-5.882,0.465,165,520,0,0,0,0
703.947,566.727,-5.882,0.465,165,520,0,0,0,0
698.065,567.192,-5.882,0.465,165,520,0,0,0,0
692.183,567.656,-5.882,0.465,165,520,0,0,0,0
686.302,568.121,-5.882,0.465,165,520,0,0,0,0
680.42,568.586,-5.882,0.465,165,520,0,0,0,0
674.538,569.05,-5.882,0.465,160,520,-1,0,0,0
668.656,569.515,-5.882,0.465,155,520,-1,0,0,0
662.775,569.979,-5.882,0.465,150,520,-1,0,0,0
656.893,570.444,-5.882,0.465,145,520,-1,0,0,0
651.011,570.908,-5.882,0.465,140,520,-1,0,0,0
645.13,571.373,-5.882,0.465,135,520,-1,0,0,0
639.248,571.838,-5.882,0.465,130,520,-1,0,0,0
633.366,572.302,-5.882,0.465,125,520,-1,0,0,0
627.485,572.767,-5.882,0.465,120,520,-1,0,0,0
621.603,573.231,-5.882,0.465,115,520,-1,0,0,0
615.721,573.696,-5.882,0.465,115,520,0,0,0,0
609.84,574.16,-5.882,0.465,115,520,0,0,0,0
603.958,574.625,-5.882,0.465,115,520,0,0,0,0
598.076,575.089,-5.882,0.465,115,520,0,0,0,0
592.195,575.554,-5.882,0.465,115,520,0,0,0,0
586.313,576.019,-5.882,0.465,115,520,0,0,0,0
580.431,576.483,-5.882,0.465,115,520,0,0,0,0
574.55,576.948,-5.882,0.465,115,515,0,-1,0,0
568.668,577.412,-5.882,0.465,115,510,0,-1,0,0
562.786,577.877,-5.882,0.465,115,505,0,-1,0,0
556.905,578.341,-5.882,0.465,115,500,0,-1,0,0
551.023,578.806,-5.882,0.465,120,500,1,0,0,0
545.141,579.271,-5.882,0.465,125,500,1,0,0,0
539.259,579.735,-5.882,0.465,130,500,1,0,0,0
533.378,580.2,-5.882,0.465,135,500,1,0,0,0
527.496,580.664,-5.882,0.465,140,500,1,0,0,0
521.614,581.129,-5.882,0.465,145,500,1,0,0,0
515.733,581.593,-5.882,0.465,150,500,1,0,0,0
509.851,582.058,-5.882,0.465,155,500,1,0,0,0
503.969,582.523,-5.882,0.465,160,500,1,0,0,0
498.088,582.987,-5.882,0.465,165,500,1,0,0,0
492.206,583.452,-5.882,0.465,170,500,1,0,0,0
486.324,583.916,-5.882,0.465,175,500,1,0,0,0
480.443,584.381,-5.882,0.465,180,500,1,0,0,0
474.561,584.845,-5.882,0.465,185,500,1,0,0,0
468.679,585.31,-5.882,0.465,190,500,1,0,0,0
462.798,585.774,-5.882,0.465,195,495,1,-1,0,0
456.916,586.239,-5.882,0.465,200,490,1,-1,0,0
451.034,586.704,-5.882,0.465,205,485,1,-1,0,0
445.153,587.168,-5.882,0.465,210,480,1,-1,0,0
439.271,587.633,-5.882,0.465,215,475,1,-1,0,0
433.389,588.097,-5.882,0.465,220,470,1,-1,0,0
427.508,588.562,-5.882,0.465,225,465,1,-1,0,0
421.626,589.026,-5.882,0.465,230,460,1,-1,0,0
415.744,589.491,-5.882,0.465,235,455,1,-1,0,0
409.862,589.956,-5.882,0.465,240,450,1,-1,0,0
403.981,590.42,-5.882,0.465,245,445,1,-1,0,0
398.099,590.885,-5.882,0.465,250,440,1,-1,0,0
392.217,591.349,-5.882,0.465,255,440,1,0,0,0
386.336,591.814,-5.882,0.465,260,440,1,0,0,0
380.454,592.278,-5.882,0.465,265,440,1,0,0,0
374.572,592.743,-5.882,0.465,270,440,1,0,0,0
368.691,593.208,-5.882,0.465,275,440,1,0,0,0
362.809,593.672,-5.882,0.465,280,440,1,0,0,0
356.927,594.0,-5.882,-0.465,285,440,1,0,0,0
351.046,593.535,-5.882,-0.465,290,440,1,0,0,0
345.164,593.071,-5.882,-0.465,295,440,1,0,0,0
339.282,592.606,-5.882,-0.465,300,440,1,0,0,0
333.401,592.142,-5.882,-0.465,305,440,1,0,0,0
327.519,591.677,-5.882,-0.465,310,440,1,0,0,0
321.637,591.213,-5.882,-0.465,315,440,1,0,0,0
315.756,590.748,-5.882,-0.465,320,440,1,0,0,0
309.874,590.283,-5.882,-0.465,325,440,1,0,0,0
303.992,589.819,-5.882,-0.465,330,440,1,0,0,0
298.111,589.354,-5.882,-0.465,335,440,1,0,0,0
292.229,588.89,-5.882,-0.465,340,440,1,0,0,0
286.347,588.425,-5.882,-0.465,345,440,1,0,0,0
280.465,587.961,-5.882,-0.465,350,440,1,0,0,0
274.584,587.496,-5.882,-0.465,355,440,1,0,0,0
268.702,587.032,-5.882,-0.465,360,440,1,0,0,0
262.82,586.567,-5.882,-0.465,365,440,1,0,0,0
256.939,586.102,-5.882,-0.465,370,440,1,0,0,0
251.057,585.638,-5.882,-0.465,375,440,1,0,0,0
245.175,585.173,-5.882,-0.465,380,440,1,0,0,0
239.294,584.709,-5.882,-0.465,385,440,1,0,0,0
233.412,584.244,-5.882,-0.465,390,440,1,0,0,0
227.53,583.78,-5.882,-0.465,395,440,1,0,0,0
221.649,583.315,-5.882,-0.465,400,440,1,0,0,0
215.767,582.85,-5.882,-0.465,405,440,1,0,0,0
209.885,582.386,-5.882,-0.465,410,440,1,0,0,0
204.004,581.921,-5.882,-0.465,415,440,1,0,0,0
198.122,581.457,-5.882,-0.465,420,440,1,0,0,0
192.24,580.992,-5.882,-0.465,425,445,1,1,0,0
186.359,580.528,-5.882,-0.465,430,450,1,1,0,0
180.477,580.063,-5.882,-0.465,435,450,1,0,0,0
174.595,579.598,-5.882,-0.465,440,450,1,0,0,0
168.714,579.134,-5.882,-0.465,445,450,1,0,0,0
162.832,578.669,-5.882,-0.465,450,450,1,0,0,0
156.95,578.205,-5.882,-0.465,455,450,1,0,0,0
151.068,577.74,-5.882,-0.465,460,450,1,0,0,0
145.187,577.276,-5.882,-0.465,465,450,1,0,0,0
139.305,576.811,-5.882,-0.465,470,450,1,0,0,0
133.423,576.347,-5.882,-0.465,475,450,1,0,0,0
127.542,575.882,-5.882,-0.465,480,450,1,0,0,0
121.66,575.417,-5.882,-0.465,485,450,1,0,0,0
115.778,574.953,-5.882,-0.465,490,450,1,0,0,0
109.897,574.488,-5.882,-0.465,495,450,1,0,0,0
104.015,574.024,-5.882,-0.465,500,450,1,0,0,0
98.133,573.559,-5.882,-0.465,505,450,1,0,0,0
92.252,573.095,-5.882,-0.465,510,450,1,0,0,0
86.37,572.63,-5.882,-0.465,515,450,1,0,0,0
80.488,572.165,-5.882,-0.465,520,450,1,0,0,0
74.607,571.701,-5.882,-0.465,520,450,1,0,0,0
68.725,571.236,-5.882,-0.465,520,450,1,0,0,0
62.843,570.772,-5.882,-0.465,520,450,1,0,0,0
56.962,570.307,-5.882,-0.465,520,450,1,0,0,0
51.08,569.843,-5.882,-0.465,520,450,1,0,0,0
49.0,569.378,6.014,1.507,520,450,1,0,0,0
55.014,570.885,6.014,1.507,520,450,1,0,0,0
61.028,572.392,6.014,1.507,520,450,1,0,0,0
67.042,573.899,6.014,1.507,520,450,1,0,0,0
73.056,575.406,6.014,1.507,520,450,1,0,0,0
79.07,576.913,6.014,1.507,520,450,1,0,0,0
85.084,578.42,6.014,1.507,515,450,-1,0,0,0
91.099,579.927,6.014,1.507,510,450,-1,0,0,0
97.113,581.434,6.014,1.507,505,450,-1,0,0,0
103.127,582.941,6.014,1.507,500,450,-1,0,0,0
109.141,584.448,6.014,1.507,495,450,-1,0,0,0
115.155,585.955,6.014,1.507,490,450,-1,0,0,0
121.169,587.461,6.014,1.507,485,450,-1,0,0,0
127.183,588.968,6.014,1.507,480,450,-1,0,0,0
133.197,590.475,6.014,1.507,475,450,-1,0,0,0
139.211,591.982,6.014,1.507,470,450,-1,0,0,0
145.225,593.489,6.014,1.507,465,450,-1,0,0,0
151.239,594.0,6.014,-1.507,460,450,-1,0,0,0
157.253,592.493,6.014,-1.507,455,450,-1,0,0,0
163.267,590.986,6.014,-1.507,450,450,-1,0,0,0
169.281,589.479,6.014,-1.507,445,450,-1,0,0,0
175.296,587.972,6.014,-1.507,440,450,-1,0,0,0
181.31,586.465,6.014,-1.507,435,450,-1,0,0,0
187.324,584.958,6.014,-1.507,430,450,-1,0,0,0
193.338,583.451,6.014,-1.507,425,450,-1,0,0,0
199.352,581.944,6.014,-1.507,420,450,-1,0,0,0
205.366,580.437,6.014,-1.507,415,450,-1,0,0,0
211.38,578.93,6.014,-1.507,410,450,-1,0,0,0
217.394,577.424,6.014,-1.507,405,450,-1,0,0,0
223.408,575.917,6.014,-1.507,400,455,-1,1,0,0
229.422,574.41,6.014,-1.507,395,460,-1,1,0,0
235.436,572.903,6.014,-1.507,395,465,0,1,0,0
241.45,571.396,6.014,-1.507,395,470,0,1,0,0
247.464,569.889,6.014,-1.507,395,475,0,1,0,0
253.479,568.382,6.014,-1.507,395,480,0,1,0,0
259.493,566.875,6.014,-1.507,395,485,0,1,0,0
265.507,565.368,6.014,-1.507,395,490,0,1,0,0
271.521,563.861,6.014,-1.507,395,495,0,1,0,0
277.535,562.354,6.014,-1.507,395,500,0,1,0,0
283.549,560.847,6.014,-1.507,395,500,0,0,0,0
289.563,559.34,6.014,-1.507,395,500,0,0,0,0
295.577,557.833,6.014,-1.507,395,500,0,0,0,0
301.591,556.326,6.014,-1.507,395,500,0,0,0,0
307.605,554.819,6.014,-1.507,395,500,0,0,0,0
313.619,553.312,6.014,-1.507,395,500,0,0,0,0
319.633,551.805,6.014,-1.507,395,500,0,0,0,0
325.647,550.298,6.014,-1.507,395,500,0,0,0,0
331.661,548.791,6.014,-1.507,395,500,0,0,0,0
337.676,547.284,6.014,-1.507,395,500,0,0,0,0
343.69,545.777,6.014,-1.507,395,500,0,0,0,0
349.704,544.271,6.014,-1.507,395,500,0,0,0,0
355.718,542.764,6.014,-1.507,395,500,0,0,0,0
361.732,541.257,6.014,-1.507,395,500,0,0,0,0
367.746,539.75,6.014,-1.507,395,500,0,0,0,0
373.76,538.243,6.014,-1.507,395,500,0,0,0,0
379.774,536.736,6.014,-1.507,395,500,0,0,0,0
385.788,535.229,6.014,-1.507,395,500,0,0,0,0
391.802,533.722,6.014,-1.507,395,500,0,0,0,0
397.816,532.215,6.014,-1.507,395,500,0,0,0,0
403.83,530.708,6.014,-1.507,395,500,0,0,0,0
409.844,529.201,6.014,-1.507,395,500,0,0,0,0
415.859,527.694,6.014,-1.507,395,500,0,0,0,0
421.873,526.187,6.014,-1.507,395,500,0,0,0,0
427.887,524.68,6.014,-1.507,395,500,0,0,0,0
433.901,523.173,6.014,-1.507,395,500,0,0,0,0
439.915,521.666,6.014,-1.507,395,500,0,0,0,0
445.929,520.159,6.014,-1.507,395,495,0,-1,0,0
451.943,518.652,6.014,-1.507,395,490,0,-1,0,0
457.957,517.145,6.014,-1.507,395,485,0,-1,0,0
463.971,515.638,6.014,-1.507,395,480,0,-1,0,0
469.985,514.131,6.014,-1.507,395,475,0,-1,0,0
475.999,512.624,6.014,-1.507,395,470,0,-1,0,0
482.013,511.118,6.014,-1.507,395,465,0,-1,0,0
488.027,509.611,6.014,-1.507,395,465,0,0,0,0
494.041,508.104,6.014,-1.507,395,465,0,0,0,0
500.056,506.597,6.014,-1.507,395,465,0,0,0,0
506.07,505.09,6.014,-1.507,395,465,0,0,0,0
512.084,503.583,6.014,-1.507,395,465,0,0,0,0
518.098,502.076,6.014,-1.507,395,465,0,0,0,0
524.112,500.569,6.014,-1.507,395,465,0,0,0,0
530.126,499.062,6.014,-1.507,395,465,0,0,0,0
536.14,497.555,6.014,-1.507,395,465,0,0,0,0
542.154,496.048,6.014,-1.507,395,465,0,0,0,0
548.168,494.541,6.014,-1.507,395,465,0,0,0,0
554.182,493.034,6.014,-1.507,395,465,0,0,0,0
560.196,491.527,6.014,-1.507,395,465,0,0,0,0
566.21,490.02,6.014,-1.507,395,465,0,0,0,0
572.224,488.513,6.014,-1.507,395,465,0,0,0,0
578.239,487.006,6.014,-1.507,395,460,0,-1,0,0
584.253,485.499,6.014,-1.507,395,455,0,-1,0,0
590.267,483.992,6.014,-1.507,395,450,0,-1,0,0
596.281,482.485,6.014,-1.507,395,445,0,-1,0,0
602.295,480.978,6.014,-1.507,395,440,0,-1,0,0
608.309,479.471,6.014,-1.507,395,435,0,-1,0,0
614.323,477.965,6.014,-1.507,395,435,0,0,0,0
620.337,476.458,6.014,-1.507,395,435,0,0,0,0
626.351,474.951,6.014,-1.507,395,435,0,0,0,0
632.365,473.444,6.014,-1.507,395,435,0,0,0,0
638.379,471.937,6.014,-1.507,395,435,0,0,0,0
644.393,470.43,6.014,-1.507,395,435,0,0,0,0
650.407,468.923,6.014,-1.507,395,435,0,0,0,0
656.421,467.416,6.014,-1.507,395,435,0,0,0,0
662.436,465.909,6.014,-1.507,395,435,0,0,0,0
668.45,464.402,6.014,-1.507,395,435,0,0,0,0
674.464,462.895,6.014,-1.507,395,435,0,0,0,0
680.478,461.388,6.014,-1.507,395,435,0,0,0,0
686.492,459.881,6.014,-1.507,395,435,0,0,0,0
692.506,458.374,6.014,-1.507,395,435,0,0,0,0
698.52,456.867,6.014,-1.507,395,435,0,0,0,0
704.534,455.36,6.014,-1.507,395,430,0,-1,0,0
710.548,453.853,6.014,-1.507,395,425,0,-1,0,0
716.562,452.346,6.014,-1.507,395,420,0,-1,0,0
722.576,450.839,6.014,-1.507,395,415,0,-1,0,0
728.59,449.332,6.014,-1.507,395,410,0,-1,0,0
734.604,447.825,6.014,-1.507,395,410,0,0,0,0
740.619,446.318,6.014,-1.507,395,410,0,0,0,0
746.633,444.812,6.014,-1.507,395,410,0,0,0,0
752.647,443.305,6.014,-1.507,395,410,0,0,0,0
751.0,441.798,-6.351,-1.385,395,410,0,0,0,0
744.649,440.413,-6.351,-1.385,395,410,0,0,0,0
738.299,439.027,-6.351,-1.385,395,410,0,0,0,0
731.948,437.642,-6.351,-1.385,395,410,0,0,0,0
725.597,436.257,-6.351,-1.385,395,410,0,0,0,0
719.246,434.872,-6.351,-1.385,395,410,0,0,0,0
712.896,433.487,-6.351,-1.385,395,410,0,0,0,0
706.545,432.102,-6.351,-1.385,395,410,0,0,0,0
700.194,430.717,-6.351,-1.385,395,410,0,0,0,0
693.844,429.332,-6.351,-1.385,395,410,0,0,0,0
687.493,427.947,-6.351,-1.385,395,410,0,0,0,0
681.142,426.562,-6.351,-1.385,395,410,0,0,0,0
674.791,425.177,-6.351,-1.385,395,410,0,0,0,0
668.441,423.791,-6.351,-1.385,395,410,0,0,0,0
662.09,422.406,-6.351,-1.385,395,410,0,0,0,0
655.739,421.021,-6.351,-1.385,395,410,0,0,0,0
649.389,419.636,-6.351,-1.385,395,410,0,0,0,0
643.038,418.251,-6.351,-1.385,390,410,-1,0,0,0
636.687,416.866,-6.351,-1.385,385,410,-1,0,0,0
630.337,415.481,-6.351,-1.385,380,410,-1,0,0,0
623.986,414.096,-6.351,-1.385,375,410,-1,0,0,0
617.635,412.711,-6.351,-1.385,370,410,-1,0,0,0
611.284,411.326,-6.351,-1.385,365,410,-1,0,0,0
604.934,409.94,-6.351,-1.385,360,410,-1,0,0,0
598.583,408.555,-6.351,-1.385,355,410,-1,0,0,0
592.232,407.17,-6.351,-1.385,355,410,0,0,0,0
585.882,405.785,-6.351,-1.385,355,410,0,0,0,0
579.531,404.4,-6.351,-1.385,355,410,0,0,0,0
573.18,403.015,-6.351,-1.385,355,410,0,0,0,0
566.829,401.63,-6.351,-1.385,355,410,0,0,0,0
560.479,400.245,-6.351,-1.385,355,410,0,0,0,0
554.128,398.86,-6.351,-1.385,355,410,0,0,0,0
547.777,397.475,-6.351,-1.385,355,410,0,0,0,0
541.427,396.09,-6.351,-1.385,355,410,0,0,0,0
535.076,394.704,-6.351,-1.385,355,410,0,0,0,0
528.725,393.319,-6.351,-1.385,355,410,0,0,0,0
522.374,391.934,-6.351,-1.385,355,415,0,1,0,0
516.024,390.549,-6.351,-1.385,355,420,0,1,0,0
509.673,389.164,-6.351,-1.385,355,425,0,1,0,0
503.322,387.779,-6.351,-1.385,355,425,0,0,0,0
496.972,386.394,-6.351,-1.385,355,425,0,0,0,0
490.621,385.009,-6.351,-1.385,355,425,0,0,0,0
484.27,383.624,-6.351,-1.385,355,425,0,0,0,0
477.919,382.239,-6.351,-1.385,355,425,0,0,0,0
471.569,380.854,-6.351,-1.385,350,425,-1,0,0,0
465.218,379.468,-6.351,-1.385,345,425,-1,0,0,0
458.867,378.083,-6.351,-1.385,340,425,-1,0,0,0
452.517,376.698,-6.351,-1.385,335,425,-1,0,0,0
446.166,375.313,-6.351,-1.385,330,425,-1,0,0,0
439.815,373.928,-6.351,-1.385,325,425,-1,0,0,0
433.464,372.543,-6.351,-1.385,320,425,-1,0,0,0
427.114,371.158,-6.351,-1.385,315,425,-1,0,0,0
420.763,369.773,-6.351,-1.385,310,425,-1,0,0,0
414.412,368.388,-6.351,-1.385,305,425,-1,0,0,0
408.062,367.003,-6.351,-1.385,300,425,-1,0,0,0
401.711,365.618,-6.351,-1.385,295,425,-1,0,0,0
395.36,364.232,-6.351,-1.385,290,425,-1,0,0,0
389.01,362.847,-6.351,-1.385,285,425,-1,0,0,0
382.659,361.462,-6.351,-1.385,280,425,-1,0,0,0
376.308,360.077,-6.351,-1.385,275,425,-1,0,0,0
369.957,358.692,-6.351,-1.385,270,425,-1,0,0,0
363.607,357.307,-6.351,-1.385,270,425,0,0,0,0
357.256,355.922,-6.351,-1.385,270,425,0,0,0,0
350.905,354.537,-6.351,-1.385,270,425,0,0,0,0
344.555,353.152,-6.351,-1.385,270,425,0,0,0,0
338.204,351.767,-6.351,-1.385,270,425,0,0,0,0
331.853,350.382,-6.351,-1.385,270,425,0,0,0,0
325.502,348.996,-6.351,-1.385,270,425,0,0,0,0
319.152,347.611,-6.351,-1.385,270,425,0,0,0,0
312.801,346.226,-6.351,-1.385,270,425,0,0,0,0
306.45,344.841,-6.351,-1.385,270,425,0,0,0,0
300.1,343.456,-6.351,-1.385,270,425,0,0,0,0
293.749,342.071,-6.351,-1.385,270,425,0,0,0,0
287.398,340.686,-6.351,-1.385,270,425,0,0,0,0
281.047,339.301,-6.351,-1.385,270,425,0,0,0,0
274.697,337.916,-6.351,-1.385,270,425,0,0,0,0
268.346,336.531,-6.351,-1.385,270,425,0,0,0,0
261.995,335.145,-6.351,-1.385,270,425,0,0,0,0
255.645,333.76,-6.351,-1.385,270,425,0,0,0,0
249.294,332.375,-6.351,-1.385,270,425,0,0,0,0
242.943,330.99,-6.351,-1.385,270,425,0,0,0,0
236.592,329.605,-6.351,-1.385,270,425,0,0,0,0
230.242,328.22,-6.351,-1.385,270,425,0,0,0,0
223.891,326.835,-6.351,-1.385,270,425,0,0,0,0
217.54,325.45,-6.351,-1.385,270,425,0,0,0,0
211.19,324.065,-6.351,-1.385,270,425,0,0,0,0
204.839,322.68,-6.351,-1.385,270,425,0,0,0,0
198.488,321.295,-6.351,-1.385,270,425,0,0,0,0
192.138,319.909,-6.351,-1.385,270,425,0,0,0,0
185.787,318.524,-6.351,-1.385,270,425,0,0,0,0
179.436,317.139,-6.351,-1.385,270,425,0,0,0,0
173.085,315.754,-6.351,-1.385,270,425,0,0,0,0
166.735,314.369,-6.351,-1.385,270,425,0,0,0,0
160.384,312.984,-6.351,-1.385,270,425,0,0,0,0
154.033,311.599,-6.351,-1.385,270,425,0,0,0,0
147.683,310.214,-6.351,-1.385,270,425,0,0,0,0
141.332,308.829,-6.351,-1.385,270,425,0,0,0,0
134.981,307.444,-6.351,-1.385,270,425,0,0,0,0
128.63,306.059,-6.351,-1.385,270,425,0,0,0,0
122.28,304.673,-6.351,-1.385,270,425,0,0,0,0
115.929,303.288,-6.351,-1.385,265,425,-1,0,0,0
109.578,301.903,-6.351,-1.385,260,425,-1,0,0,0
103.228,300.518,-6.351,-1.385,255,425,-1,0,0,0
96.877,299.133,-6.351,-1.385,250,425,-1,0,0,0
90.526,297.748,-6.351,-1.385,245,425,-1,0,0,0
84.175,296.363,-6.351,-1.385,245,425,0,0,0,0
77.825,294.978,-6.351,-1.385,245,425,0,0,0,0
71.474,293.593,-6.351,-1.385,245,425,0,0,0,0
65.123,292.208,-6.351,-1.385,245,425,0,0,0,0
58.773,290.823,-6.351,-1.385,245,425,0,0,0,0
52.422,289.437,-6.351,-1.385,245,425,0,0,0,0
49.0,288.052,6.778,0.543,245,425,0,0,0,0
55.778,288.595,6.778,0.543,245,425,0,0,0,0
62.557,289.138,6.778,0.543,245,425,0,0,0,0
69.335,289.681,6.778,0.543,245,425,0,0,0,0
76.113,290.224,6.778,0.543,245,425,0,0,0,0
82.892,290.766,6.778,0.543,245,425,0,0,0,0
89.67,291.309,6.778,0.543,245,425,0,0,0,0
96.448,291.852,6.778,0.543,245,425,0,0,0,0
103.226,292.395,6.778,0.543,245,425,0,0,0,0
110.005,292.938,6.778,0.543,245,425,0,0,0,0
116.783,293.48,6.778,0.543,245,425,0,0,0,0
123.561,294.023,6.778,0.543,245,425,0,0,0,0
130.34,294.566,6.778,0.543,245,425,0,0,0,0
137.118,295.109,6.778,0.543,245,425,0,0,0,0
143.896,295.652,6.778,0.543,245,425,0,0,0,0
150.675,296.194,6.778,0.543,245,425,0,0,0,0
157.453,296.737,6.778,0.543,245,425,0,0,0,0
164.231,297.28,6.778,0.543,245,425,0,0,0,0
171.009,297.823,6.778,0.543,245,425,0,0,0,0
177.788,298.366,6.778,0.543,240,425,-1,0,0,0
184.566,298.909,6.778,0.543,235,425,-1,0,0,0
191.344,299.451,6.778,0.543,230,425,-1,0,0,0
198.123,299.994,6.778,0.543,225,425,-1,0,0,0
204.901,300.537,6.778,0.543,220,425,-1,0,0,0
211.679,301.08,6.778,0.543,215,425,-1,0,0,0
218.458,301.623,6.778,0.543,215,425,0,0,0,0
225.236,302.165,6.778,0.543,215,425,0,0,0,0
232.014,302.708,6.778,0.543,215,425,0,0,0,0
238.792,303.251,6.778,0.543,215,425,0,0,0,0
245.571,303.794,6.778,0.543,215,425,0,0,0,0
252.349,304.337,6.778,0.543,215,425,0,0,0,0
259.127,304.879,6.778,0.543,215,425,0,0,0,0
265.906,305.422,6.778,0.543,215,425,0,0,0,0
272.684,305.965,6.778,0.543,215,425,0,0,0,0
279.462,306.508,6.778,0.543,215,425,0,0,0,0
286.241,307.051,6.778,0.543,215,425,0,0,0,0
293.019,307.593,6.778,0.543,215,425,0,0,0,0
299.797,308.136,6.778,0.543,215,425,0,0,0,0
306.575,308.679,6.778,0.543,215,425,0,0,0,0
313.354,309.222,6.778,0.543,215,425,0,0,0,0
320.132,309.765,6.778,0.543,215,425,0,0,0,0
326.91,310.307,6.778,0.543,215,420,0,-1,0,0
333.689,310.85,6.778,0.543,215,415,0,-1,0,0
340.467,311.393,6.778,0.543,215,410,0,-1,0,0
347.245,311.936,6.778,0.543,215,405,0,-1,0,0
354.024,312.479,6.778,0.543,215,400,0,-1,0,0
360.802,313.022,6.778,0.543,215,400,0,0,0,0
367.58,313.564,6.778,0.543,215,400,0,0,0,0
374.358,314.107,6.778,0.543,215,400,0,0,0,0
381.137,314.65,6.778,0.543,215,400,0,0,0,0
387.915,315.193,6.778,0.543,215,400,0,0,0,0
394.693,315.736,6.778,0.543,215,400,0,0,0,0
401.472,316.278,6.778,0.543,215,400,0,0,0,0
408.25,316.821,6.778,0.543,215,400,0,0,0,0
415.028,317.364,6.778,0.543,215,400,0,0,0,0
421.807,317.907,6.778,0.543,215,400,0,0,0,0
428.585,318.45,6.778,0.543,215,400,0,0,0,0
435.363,318.992,6.778,0.543,215,400,0,0,0,0
442.141,319.535,6.778,0.543,215,400,0,0,0,0
448.92,320.078,6.778,0.543,215,400,0,0,0,0
455.698,320.621,6.778,0.543,215,400,0,0,0,0
462.476,321.164,6.778,0.543,215,400,0,0,0,0
469.255,321.706,6.778,0.543,215,400,0,0,0,0
476.033,322.249,6.778,0.543,215,400,0,0,0,0
482.811,322.792,6.778,0.543,215,395,0,-1,0,0
489.59,323.335,6.778,0.543,215,390,0,-1,0,0
496.368,323.878,6.778,0.543,215,385,0,-1,0,0
503.146,324.421,6.778,0.543,215,380,0,-1,0,0
509.924,324.963,6.778,0.543,215,375,0,-1,0,0
516.703,325.506,6.778,0.543,215,370,0,-1,0,0
523.481,326.049,6.778,0.543,215,365,0,-1,0,0
530.259,326.592,6.778,0.543,215,360,0,-1,0,0
537.038,327.135,6.778,0.543,215,355,0,-1,0,0
543.816,327.677,6.778,0.543,215,350,0,-1,0,0
550.594,328.22,6.778,0.543,215,345,0,-1,0,0
557.373,328.763,6.778,0.543,215,340,0,-1,0,0
564.151,329.306,6.778,0.543,215,335,0,-1,0,0
570.929,329.849,6.778,0.543,215,330,0,-1,0,0
577.707,330.391,6.778,0.543,215,325,0,-1,0,0
584.486,330.934,6.778,0.543,215,320,0,-1,0,0
591.264,331.477,6.778,0.543,215,315,0,-1,0,0
598.042,332.02,6.778,0.543,215,310,0,-1,0,0
604.821,332.563,6.778,0.543,215,310,0,0,0,0
611.599,333.105,6.778,0.543,215,310,0,0,0,0
618.377,333.648,6.778,0.543,215,310,0,0,0,0
625.156,334.191,6.778,0.543,215,310,0,0,0,0
631.934,334.734,6.778,0.543,215,310,0,0,0,0
638.712,335.277,6.778,0.543,215,310,0,0,0,0
645.49,335.819,6.778,0.543,215,310,0,0,0,0
652.269,336.362,6.778,0.543,215,310,0,0,0,0
659.047,336.905,6.778,0.543,215,310,0,0,0,0
665.825,337.448,6.778,0.543,215,310,0,0,0,0
672.604,337.991,6.778,0.543,215,310,0,0,0,0
679.382,338.534,6.778,0.543,215,310,0,0,0,0
686.16,339.076,6.778,0.543,215,310,0,0,0,0
692.939,339.619,6.778,0.543,215,310,0,0,0,0
699.717,340.162,6.778,0.543,215,310,0,0,0,0
706.495,340.705,6.778,0.543,215,310,0,0,0,0
713.273,341.248,6.778,0.543,215,310,0,0,0,0
720.052,341.79,6.778,0.543,215,310,0,0,0,0
726.83,342.333,6.778,0.543,215,310,0,0,0,0
733.608,342.876,6.778,0.543,215,310,0,0,0,0
740.387,343.419,6.778,0.543,215,310,0,0,0,0
747.165,343.962,6.778,0.543,215,310,0,0,0,0
751.0,344.504,-7.027,-1.018,215,310,0,0,0,0
743.973,343.486,-7.027,-1.018,215,310,0,0,0,0
736.947,342.468,-7.027,-1.018,215,310,0,0,0,0
729.92,341.45,-7.027,-1.018,215,310,0,0,0,0
722.893,340.433,-7.027,-1.018,215,310,0,0,0,0
715.867,339.415,-7.027,-1.018,215,310,0,0,0,0
708.84,338.397,-7.027,-1.018,215,310,0,0,0,0
701.813,337.379,-7.027,-1.018,215,310,0,0,0,0
694.787,336.361,-7.027,-1.018,215,310,0,0,0,0
687.76,335.343,-7.027,-1.018,215,310,0,0,0,0
680.734,334.325,-7.027,-1.018,215,310,0,0,0,0
673.707,333.307,-7.027,-1.018,215,310,0,0,0,0
666.68,332.289,-7.027,-1.018,215,310,0,0,0,0
659.654,331.271,-7.027,-1.018,215,310,0,0,0,0
652.627,330.253,-7.027,-1.018,215,310,0,0,0,0
645.6,329.235,-7.027,-1.018,215,310,0,0,0,0
638.574,328.217,-7.027,-1.018,215,310,0,0,0,0
631.547,327.199,-7.027,-1.018,215,310,0,0,0,0
624.52,326.181,-7.027,-1.018,215,310,0,0,0,0
617.494,325.163,-7.027,-1.018,215,310,0,0,0,0
610.467,324.145,-7.027,-1.018,215,310,0,0,0,0
603.44,323.127,-7.027,-1.018,215,310,0,0,0,0
596.414,322.109,-7.027,-1.018,215,310,0,0,0,0
589.387,321.091,-7.027,-1.018,215,310,0,0,0,0
582.361,320.073,-7.027,-1.018,215,310,0,0,0,0
575.334,319.055,-7.027,-1.018,215,310,0,0,0,0
568.307,318.037,-7.027,-1.018,215,310,0,0,0,0
561.281,317.019,-7.027,-1.018,220,310,1,0,0,0
554.254,316.001,-7.027,-1.018,225,310,1,0,0,0
547.227,314.983,-7.027,-1.018,230,310,1,0,0,0
540.201,313.965,-7.027,-1.018,235,310,1,0,0,0
533.174,312.947,-7.027,-1.018,240,310,1,0,0,0
526.147,311.929,-7.027,-1.018,245,310,1,0,0,0
519.121,310.911,-7.027,-1.018,245,310,0,0,0,0
512.094,309.893,-7.027,-1.018,245,310,0,0,0,0
505.067,308.875,-7.027,-1.018,245,310,0,0,0,0
498.041,307.857,-7.027,-1.018,245,310,0,0,0,0
491.014,306.839,-7.027,-1.018,245,310,0,0,0,0
483.988,305.821,-7.027,-1.018,245,310,0,0,0,0
476.961,304.803,-7.027,-1.018,245,310,0,0,0,0
469.934,303.785,-7.027,-1.018,245,310,0,0,0,0
462.908,302.767,-7.027,-1.018,245,310,0,0,0,0
455.881,301.749,-7.027,-1.018,245,310,0,0,0,0
448.854,300.731,-7.027,-1.018,245,310,0,0,0,0
441.828,299.713,-7.027,-1.018,245,310,0,0,0,0
434.801,298.695,-7.027,-1.018,245,310,0,0,0,0
427.774,297.677,-7.027,-1.018,245,310,0,0,0,0
420.748,296.659,-7.027,-1.018,245,310,0,0,0,0
413.721,295.641,-7.027,-1.018,245,310,0,0,0,0
406.694,294.623,-7.027,-1.018,245,310,0,0,0,0
399.668,293.605,-7.027,-1.018,245,310,0,0,0,0
392.641,292.587,-7.027,-1.018,245,310,0,0,0,0
385.615,291.569,-7.027,-1.018,245,310,0,0,0,0
378.588,290.551,-7.027,-1.018,245,310,0,0,0,0
371.561,289.533,-7.027,-1.018,245,310,0,0,0,0
364.535,288.515,-7.027,-1.018,245,310,0,0,0,0
357.508,287.497,-7.027,-1.018,245,310,0,0,0,0
350.481,286.479,-7.027,-1.018,245,310,0,0,0,0
343.455,285.461,-7.027,-1.018,245,310,0,0,0,0
336.428,284.443,-7.027,-1.018,245,310,0,0,0,0
329.401,283.425,-7.027,-1.018,245,310,0,0,0,0
322.375,282.407,-7.027,-1.018,245,310,0,0,0,0
315.348,281.39,-7.027,-1.018,245,310,0,0,0,0
308.321,280.372,-7.027,-1.018,245,310,0,0,0,0
301.295,279.354,-7.027,-1.018,240,310,-1,0,0,0
294.268,278.336,-7.027,-1.018,235,310,-1,0,0,0
287.242,277.318,-7.027,-1.018,230,310,-1,0,0,0
280.215,276.3,-7.027,-1.018,225,310,-1,0,0,0
273.188,275.282,-7.027,-1.018,220,310,-1,0,0,0
266.162,274.264,-7.027,-1.018,220,310,0,0,0,0
259.135,273.246,-7.027,-1.018,220,310,0,0,0,0
252.108,272.228,-7.027,-1.018,220,310,0,0,0,0
245.082,271.21,-7.027,-1.018,220,310,0,0,0,0
238.055,270.192,-7.027,-1.018,220,310,0,0,0,0
231.028,269.174,-7.027,-1.018,220,310,0,0,0,0
224.002,268.156,-7.027,-1.018,220,310,0,0,0,0
216.975,267.138,-7.027,-1.018,220,310,0,0,0,0
209.948,266.12,-7.027,-1.018,220,310,0,0,0,0
202.922,265.102,-7.027,-1.018,220,310,0,0,0,0
195.895,264.084,-7.027,-1.018,220,310,0,0,0,0
188.869,263.066,-7.027,-1.018,220,310,0,0,0,0
181.842,262.048,-7.027,-1.018,220,310,0,0,0,0
174.815,261.03,-7.027,-1.018,220,310,0,0,0,0
167.789,260.012,-7.027,-1.018,215,310,-1,0,0,0
160.762,258.994,-7.027,-1.018,210,310,-1,0,0,0
153.735,257.976,-7.027,-1.018,205,310,-1,0,0,0
146.709,256.958,-7.027,-1.018,200,310,-1,0,0,0
139.682,255.94,-7.027,-1.018,200,310,0,0,0,0
132.655,254.922,-7.027,-1.018,200,310,0,0,0,0
125.629,253.904,-7.027,-1.018,200,310,0,0,0,0
118.602,252.886,-7.027,-1.018,200,310,0,0,0,0
111.575,251.868,-7.027,-1.018,200,310,0,0,0,0
104.549,250.85,-7.027,-1.018,200,310,0,0,0,0
97.522,249.832,-7.027,-1.018,200,310,0,0,0,0
90.496,248.814,-7.027,-1.018,200,310,0,0,0,0
83.469,247.796,-7.027,-1.018,200,310,0,0,0,0
76.442,246.778,-7.027,-1.018,200,310,0,0,0,0
69.416,245.76,-7.027,-1.018,200,310,0,0,0,0
62.389,244.742,-7.027,-1.018,200,310,0,0,0,0
55.362,243.724,-7.027,-1.018,200,310,0,0,0,0
48.336,242.706,-7.027,-1.018,200,310,0,0,0,0
49.0,241.688,7.393,0.327,200,310,0,0,0,0
56.393,242.015,7.393,0.327,200,310,0,0,0,0
63.786,242.342,7.393,0.327,200,310,0,0,0,0
71.178,242.669,7.393,0.327,200,310,0,0,0,0
78.571,242.996,7.393,0.327,200,310,0,0,0,0
85.964,243.323,7.393,0.327,200,310,0,0,0,0
93.357,243.65,7.393,0.327,200,310,0,0,0,0
100.749,243.977,7.393,0.327,200,310,0,0,0,0
108.142,244.304,7.393,0.327,200,310,0,0,0,0
115.535,244.631,7.393,0.327,200,310,0,0,0,0
122.928,244.958,7.393,0.327,200,310,0,0,0,0
130.321,245.285,7.393,0.327,200,310,0,0,0,0
137.713,245.612,7.393,0.327,200,310,0,0,0,0
145.106,245.939,7.393,0.327,200,310,0,0,0,0
152.499,246.265,7.393,0.327,200,310,0,0,0,0
159.892,246.592,7.393,0.327,200,310,0,0,0,0
167.284,246.919,7.393,0.327,200,310,0,0,0,0
174.677,247.246,7.393,0.327,200,310,0,0,0,0
182.07,247.573,7.393,0.327,200,310,0,0,0,0
189.463,247.9,7.393,0.327,200,310,0,0,0,0
196.855,248.227,7.393,0.327,200,310,0,0,0,0
204.248,248.554,7.393,0.327,200,310,0,0,0,0
211.641,248.881,7.393,0.327,200,310,0,0,0,0
219.034,249.208,7.393,0.327,200,310,0,0,0,0
226.427,249.535,7.393,0.327,200,310,0,0,0,0
233.819,249.862,7.393,0.327,200,310,0,0,0,0
241.212,250.189,7.393,0.327,200,310,0,0,0,0
248.605,250.516,7.393,0.327,200,310,0,0,0,0
255.998,250.843,7.393,0.327,200,310,0,0,0,0
263.39,251.17,7.393,0.327,200,310,0,0,0,0
270.783,251.497,7.393,0.327,200,310,0,0,0,0
278.176,251.824,7.393,0.327,200,310,0,0,0,0
285.569,252.151,7.393,0.327,200,310,0,0,0,0
292.962,252.478,7.393,0.327,200,310,0,0,0,0
300.354,252.804,7.393,0.327,200,310,0,0,0,0
307.747,253.131,7.393,0.327,200,310,0,0,0,0
315.14,253.458,7.393,0.327,200,310,0,0,0,0
322.533,253.785,7.393,0.327,200,310,0,0,0,0
329.925,254.112,7.393,0.327,200,305,0,-1,0,0
337.318,254.439,7.393,0.327,200,300,0,-1,0,0
344.711,254.766,7.393,0.327,200,295,0,-1,0,0
352.104,255.093,7.393,0.327,195,290,-1,-1,0,0
359.496,255.42,7.393,0.327,190,285,-1,-1,0,0
366.889,255.747,7.393,0.327,185,280,-1,-1,0,0
374.282,256.074,7.393,0.327,180,275,-1,-1,0,0
381.675,256.401,7.393,0.327,175,270,-1,-1,0,0
389.068,256.728,7.393,0.327,175,265,0,-1,0,0
396.46,257.055,7.393,0.327,175,260,0,-1,0,0
403.853,257.382,7.393,0.327,175,260,0,0,0,0
411.246,257.709,7.393,0.327,175,260,0,0,0,0
418.639,258.036,7.393,0.327,175,260,0,0,0,0
426.031,258.363,7.393,0.327,175,260,0,0,0,0
433.424,258.69,7.393,0.327,175,260,0,0,0,0
440.817,259.017,7.393,0.327,175,260,0,0,0,0
448.21,259.343,7.393,0.327,175,260,0,0,0,0
455.603,259.67,7.393,0.327,175,260,0,0,0,0
462.995,259.997,7.393,0.327,175,260,0,0,0,0
470.388,260.324,7.393,0.327,175,260,0,0,0,0
477.781,260.651,7.393,0.327,175,260,0,0,0,0
485.174,260.978,7.393,0.327,175,260,0,0,0,0
492.566,261.305,7.393,0.327,175,260,0,0,0,0
499.959,261.632,7.393,0.327,175,260,0,0,0,0
507.352,261.959,7.393,0.327,175,260,0,0,0,0
514.745,262.286,7.393,0.327,175,260,0,0,0,0
522.138,262.613,7.393,0.327,175,260,0,0,0,0
529.53,262.94,7.393,0.327,175,260,0,0,0,0
536.923,263.267,7.393,0.327,175,260,0,0,0,0
544.316,263.594,7.393,0.327,175,255,0,-1,0,0
551.709,263.921,7.393,0.327,175,250,0,-1,0,0
559.101,264.248,7.393,0.327,175,245,0,-1,0,0
566.494,264.575,7.393,0.327,175,240,0,-1,0,0
573.887,264.902,7.393,0.327,175,235,0,-1,0,0
581.28,265.229,7.393,0.327,175,230,0,-1,0,0
588.672,265.556,7.393,0.327,175,225,0,-1,0,0
596.065,265.882,7.393,0.327,175,220,0,-1,0,0
603.458,266.209,7.393,0.327,175,215,0,-1,0,0
610.851,266.536,7.393,0.327,175,210,0,-1,0,0
618.244,266.863,7.393,0.327,175,205,0,-1,0,0
625.636,267.19,7.393,0.327,175,200,0,-1,0,0
633.029,267.517,7.393,0.327,175,195,0,-1,0,0
640.422,267.844,7.393,0.327,175,190,0,-1,0,0
647.815,268.171,7.393,0.327,175,185,0,-1,0,0
655.207,268.498,7.393,0.327,175,180,0,-1,0,0
662.6,268.825,7.393,0.327,175,175,0,-1,0,0
669.993,269.152,7.393,0.327,175,175,0,0,0,0
677.386,269.479,7.393,0.327,175,175,0,0,0,0
684.779,269.806,7.393,0.327,175,175,0,0,0,0
692.171,270.133,7.393,0.327,175,175,0,0,0,0
699.564,270.46,7.393,0.327,175,175,0,0,0,0
706.957,270.787,7.393,0.327,175,175,0,0,0,0
714.35,271.114,7.393,0.327,175,175,0,0,0,0
721.742,271.441,7.393,0.327,175,175,0,0,0,0
729.135,271.768,7.393,0.327,175,175,0,0,0,0
736.528,272.095,7.393,0.327,175,175,0,0,0,0
743.921,272.421,7.393,0.327,175,175,0,0,0,0
751.314,272.748,7.393,0.327,175,175,0,0,0,0
758.706,273.075,7.393,0.327,175,180,0,1,0,0
766.099,273.402,7.393,0.327,175,185,0,1,0,0
751.0,273.729,-3.85,6.668,175,190,0,1,0,0
747.15,280.398,-3.85,6.668,175,195,0,1,0,0
743.3,287.066,-3.85,6.668,175,200,0,1,0,0
739.45,293.734,-3.85,6.668,175,205,0,1,0,0
735.6,300.403,-3.85,6.668,175,210,0,1,0,0
731.75,307.071,-3.85,6.668,175,215,0,1,0,0
727.9,313.74,-3.85,6.668,175,220,0,1,0,0
724.05,320.408,-3.85,6.668,175,225,0,1,0,0
720.2,327.076,-3.85,6.668,175,230,0,1,0,0
716.35,333.745,-3.85,6.668,175,235,0,1,0,0
712.5,340.413,-3.85,6.668,175,240,0,1,0,0
708.65,347.082,-3.85,6.668,175,245,0,1,0,0
704.8,353.75,-3.85,6.668,175,250,0,1,0,0
700.95,360.418,-3.85,6.668,175,255,0,1,0,0
697.1,367.087,-3.85,6.668,175,260,0,1,0,0
693.25,373.755,-3.85,6.668,175,265,0,1,0,0
689.4,380.424,-3.85,6.668,175,270,0,1,0,0
685.55,387.092,-3.85,6.668,175,275,0,1,0,0
681.7,393.76,-3.85,6.668,175,280,0,1,0,0
677.85,400.429,-3.85,6.668,175,285,0,1,0,0
674.0,407.097,-3.85,6.668,175,285,0,0,0,0
670.15,413.766,-3.85,6.668,175,285,0,0,0,0
666.3,420.434,-3.85,6.668,175,285,0,0,0,0
662.45,427.102,-3.85,6.668,175,285,0,0,0,0
658.6,433.771,-3.85,6.668,175,285,0,0,0,0
654.75,440.439,-3.85,6.668,175,285,0,0,0,0
650.9,447.108,-3.85,6.668,175,285,0,0,0,0
647.05,453.776,-3.85,6.668,180,285,1,0,0,0
643.2,460.444,-3.85,6.668,185,285,1,0,0,0
639.35,467.113,-3.85,6.668,190,285,1,0,0,0
635.5,473.781,-3.85,6.668,195,285,1,0,0,0
631.65,480.45,-3.85,6.668,200,285,1,0,0,0
627.8,487.118,-3.85,6.668,205,285,1,0,0,0
623.95,493.786,-3.85,6.668,210,285,1,0,0,0
620.1,500.455,-3.85,6.668,215,285,1,0,0,0
616.25,507.123,-3.85,6.668,220,285,1,0,0,0
612.4,513.791,-3.85,6.668,225,285,1,0,0,0
608.55,520.46,-3.85,6.668,230,285,1,0,0,0
604.7,527.128,-3.85,6.668,235,285,1,0,0,0
600.85,533.797,-3.85,6.668,240,290,1,1,0,0
597.0,540.465,-3.85,6.668,245,295,1,1,0,0
593.15,547.133,-3.85,6.668,250,300,1,1,0,0
589.3,553.802,-3.85,6.668,255,305,1,1,0,0
585.45,560.47,-3.85,6.668,260,310,1,1,0,0
581.6,567.139,-3.85,6.668,265,315,1,1,0,0
577.75,573.807,-3.85,6.668,270,320,1,1,0,0
573.9,580.475,-3.85,6.668,275,325,1,1,0,0
570.05,587.144,-3.85,6.668,280,330,1,1,0,0
566.2,593.812,-3.85,6.668,285,335,1,1,0,0
562.35,594.0,-3.85,-6.668,290,340,1,1,0,0
558.5,587.332,-3.85,-6.668,295,345,1,1,0,0
554.65,580.663,-3.85,-6.668,300,350,1,1,0,0
550.8,573.995,-3.85,-6.668,305,355,1,1,0,0
546.95,567.326,-3.85,-6.668,310,360,1,1,0,0
543.1,560.658,-3.85,-6.668,315,365,1,1,0,0
539.25,553.99,-3.85,-6.668,320,370,1,1,0,0
535.4,547.321,-3.85,-6.668,325,375,1,1,0,0
531.55,540.653,-3.85,-6.668,320,380,-1,1,0,0
527.7,533.984,-3.85,-6.668,315,385,-1,1,0,0
523.85,527.316,-3.85,-6.668,310,390,-1,1,0,0
520.0,520.648,-3.85,-6.668,305,395,-1,1,0,0
516.15,513.979,-3.85,-6.668,300,400,-1,1,0,0
512.3,507.311,-3.85,-6.668,295,405,-1,1,0,0
508.45,500.642,-3.85,-6.668,290,410,-1,1,0,0
504.6,493.974,-3.85,-6.668,285,410,-1,0,0,0
500.75,487.306,-3.85,-6.668,280,410,-1,0,0,0
496.9,480.637,-3.85,-6.668,275,410,-1,0,0,0
493.05,473.969,-3.85,-6.668,270,410,-1,0,0,0
489.2,467.3,-3.85,-6.668,265,410,-1,0,0,0
485.35,460.632,-3.85,-6.668,260,410,-1,0,0,0
481.5,453.964,-3.85,-6.668,255,410,-1,0,0,0
477.65,447.295,-3.85,-6.668,250,410,-1,0,0,0
473.8,440.627,-3.85,-6.668,245,410,-1,0,0,0
469.95,433.959,-3.85,-6.668,240,410,-1,0,0,0
466.1,427.29,-3.85,-6.668,235,410,-1,0,0,0
462.25,420.622,-3.85,-6.668,230,410,-1,0,0,0
458.4,413.953,-3.85,-6.668,225,410,-1,0,0,0
454.55,407.285,-3.85,-6.668,220,410,-1,0,0,0
450.7,400.617,-3.85,-6.668,215,410,-1,0,0,0
446.85,393.948,-3.85,-6.668,210,410,-1,0,0,0
443.0,387.28,-3.85,-6.668,205,410,-1,0,0,0
439.15,380.611,-3.85,-6.668,200,410,-1,0,0,0
435.3,373.943,-3.85,-6.668,195,410,-1,0,0,0
431.45,367.275,-3.85,-6.668,190,410,-1,0,0,0
427.6,360.606,-3.85,-6.668,185,410,-1,0,0,0
423.75,353.938,-3.85,-6.668,180,410,-1,0,0,0
419.9,347.269,-3.85,-6.668,175,410,-1,0,0,0
416.05,340.601,-3.85,-6.668,170,410,-1,0,0,0
412.2,333.933,-3.85,-6.668,165,410,-1,0,0,0
408.35,327.264,-3.85,-6.668,160,410,-1,0,0,0
404.5,320.596,-3.85,-6.668,155,410,-1,0,0,0
400.65,313.927,-3.85,-6.668,150,410,-1,0,0,0
396.8,307.259,-3.85,-6.668,145,410,-1,0,0,0
392.95,300.591,-3.85,-6.668,140,410,-1,0,0,0
389.1,293.922,-3.85,-6.668,135,410,-1,0,0,0
385.25,287.254,-3.85,-6.668,130,410,-1,0,0,0
381.4,280.585,-3.85,-6.668,125,410,-1,0,0,0
377.55,273.917,-3.85,-6.668,120,410,-1,0,0,0
373.7,267.249,-3.85,-6.668,115,410,-1,0,0,0
369.85,260.58,-3.85,-6.668,110,410,-1,0,0,0
366.0,253.912,-3.85,-6.668,105,410,-1,0,0,0
362.15,247.243,-3.85,-6.668,105,410,0,0,0,0
358.3,240.575,-3.85,-6.668,105,410,0,0,0,0
354.45,233.907,-3.85,-6.668,105,410,0,0,0,0
350.6,227.238,-3.85,-6.668,105,410,0,0,0,0
346.75,220.57,-3.85,-6.668,105,410,0,0,0,0
342.9,213.901,-3.85,-6.668,105,410,0,0,0,0
339.05,207.233,-3.85,-6.668,105,410,0,0,0,0
335.2,200.565,-3.85,-6.668,105,410,0,0,0,0
331.35,193.896,-3.85,-6.668,105,410,0,0,0,0
327.5,187.228,-3.85,-6.668,105,410,0,0,0,0
323.65,180.559,-3.85,-6.668,105,410,0,0,0,0
319.8,173.891,-3.85,-6.668,110,410,1,0,0,0
315.95,167.223,-3.85,-6.668,115,410,1,0,0,0
312.1,160.554,-3.85,-6.668,120,410,1,0,0,0
308.25,153.886,-3.85,-6.668,125,410,1,0,0,0
304.4,147.217,-3.85,-6.668,130,410,1,0,0,0
300.55,140.549,-3.85,-6.668,135,410,1,0,0,0
296.7,133.881,-3.85,-6.668,140,410,1,0,0,0
292.85,127.212,-3.85,-6.668,145,410,1,0,0,0
289.0,120.544,-3.85,-6.668,145,410,0,0,0,0
285.15,113.876,-3.85,-6.668,145,410,0,0,0,0
281.3,107.207,-3.85,-6.668,145,410,0,0,0,0
277.45,100.539,-3.85,-6.668,145,410,0,0,0,0
273.6,93.87,-3.85,-6.668,145,410,0,0,0,0
269.75,87.202,-3.85,-6.668,145,410,0,0,0,0
265.9,80.534,-3.85,-6.668,145,410,0,0,0,0
262.05,73.865,-3.85,-6.668,145,410,0,0,0,0
258.2,67.197,-3.85,-6.668,145,410,0,0,0,0
254.35,60.528,-3.85,-6.668,145,410,0,0,0,0
250.5,53.86,-3.85,-6.668,145,410,0,0,0,0
246.65,47.192,-3.85,-6.668,145,410,0,0,0,0
242.8,40.523,-3.85,-6.668,145,410,0,0,0,0
238.95,33.855,-3.85,-6.668,145,410,0,0,0,0
235.1,27.186,-3.85,-6.668,140,410,-1,0,0,0
231.25,20.518,-3.85,-6.668,135,410,-1,0,0,0
227.4,13.85,-3.85,-6.668,130,410,-1,0,0,0
223.55,7.181,-3.85,-6.668,125,410,-1,0,0,0
219.7,6.0,-3.85,6.668,120,410,-1,0,0,0
215.85,12.668,-3.85,6.668,115,410,-1,0,0,0
212.0,19.337,-3.85,6.668,115,410,0,0,0,0
208.15,26.005,-3.85,6.668,115,410,0,0,0,0
204.3,32.674,-3.85,6.668,115,410,0,0,0,0
200.45,39.342,-3.85,6.668,115,410,0,0,0,0
196.6,46.01,-3.85,6.668,115,410,0,0,0,0
192.75,52.679,-3.85,6.668,115,410,0,0,0,0
188.9,59.347,-3.85,6.668,115,410,0,0,0,0
185.05,66.016,-3.85,6.668,115,410,0,0,0,0
181.2,72.684,-3.85,6.668,115,410,0,0,0,0
177.35,79.352,-3.85,6.668,115,410,0,0,0,0
173.5,86.021,-3.85,6.668,115,410,0,0,0,0
169.65,92.689,-3.85,6.668,115,410,0,0,0,0
165.8,99.358,-3.85,6.668,115,410,0,0,0,0
161.95,106.026,-3.85,6.668,120,410,1,0,0,0
158.1,112.694,-3.85,6.668,125,410,1,0,0,0
154.25,119.363,-3.85,6.668,130,410,1,0,0,0
150.4,126.031,-3.85,6.668,135,410,1,0,0,0
146.55,132.7,-3.85,6.668,140,410,1,0,0,0
142.7,139.368,-3.85,6.668,145,410,1,0,0,0
138.85,146.036,-3.85,6.668,150,410,1,0,0,0
135.0,152.705,-3.85,6.668,155,410,1,0,0,0
131.15,159.373,-3.85,6.668,160,410,1,0,0,0
127.3,166.041,-3.85,6.668,165,410,1,0,0,0
123.45,172.71,-3.85,6.668,170,410,1,0,0,0
119.6,179.378,-3.85,6.668,175,410,1,0,0,0
115.75,186.047,-3.85,6.668,180,410,1,0,0,0
111.9,192.715,-3.85,6.668,185,410,1,0,0,0
108.05,199.383,-3.85,6.668,190,410,1,0,0,0
104.2,206.052,-3.85,6.668,195,410,1,0,0,0
100.35,212.72,-3.85,6.668,200,410,1,0,0,0
96.5,219.389,-3.85,6.668,205,410,1,0,0,0
92.65,226.057,-3.85,6.668,210,410,1,0,0,0
88.8,232.725,-3.85,6.668,215,410,1,0,0,0
84.95,239.394,-3.85,6.668,220,410,1,0,0,0
81.1,246.062,-3.85,6.668,225,410,1,0,0,0
77.25,252.731,-3.85,6.668,230,410,1,0,0,0
73.4,259.399,-3.85,6.668,235,410,1,0,0,0
69.55,266.067,-3.85,6.668,240,410,1,0,0,0
65.7,272.736,-3.85,6.668,245,410,1,0,0,0
61.85,279.404,-3.85,6.668,250,410,1,0,0,0
58.0,286.073,-3.85,6.668,255,410,1,0,0,0
54.15,292.741,-3.85,6.668,260,410,1,0,0,0
50.3,299.409,-3.85,6.668,265,410,1,0,0,0
49.0,306.078,7.958,-0.82,270,410,1,0,0,0
56.958,305.258,7.958,-0.82,275,410,1,0,0,0
64.916,304.438,7.958,-0.82,280,410,1,0,0,0
72.874,303.618,7.958,-0.82,285,410,1,0,0,0
80.831,302.798,7.958,-0.82,290,410,1,0,0,0
88.789,301.978,7.958,-0.82,295,410,1,0,0,0
96.747,301.158,7.958,-0.82,300,410,1,0,0,0
104.705,300.338,7.958,-0.82,305,410,1,0,0,0
112.663,299.518,7.958,-0.82,310,410,1,0,0,0
120.621,298.698,7.958,-0.82,315,405,1,-1,0,0
128.579,297.878,7.958,-0.82,320,400,1,-1,0,0
136.536,297.058,7.958,-0.82,325,395,1,-1,0,0
144.494,296.238,7.958,-0.82,330,390,1,-1,0,0
152.452,295.418,7.958,-0.82,330,390,0,0,0,0
160.41,294.598,7.958,-0.82,330,390,0,0,0,0
168.368,293.777,7.958,-0.82,330,390,0,0,0,0
176.326,292.957,7.958,-0.82,330,390,0,0,0,0
184.284,292.137,7.958,-0.82,330,390,0,0,0,0
192.242,291.317,7.958,-0.82,330,390,0,0,0,0
200.199,290.497,7.958,-0.82,330,390,0,0,0,0
208.157,289.677,7.958,-0.82,330,390,0,0,0,0
216.115,288.857,7.958,-0.82,330,390,0,0,0,0
224.073,288.037,7.958,-0.82,330,390,0,0,0,0
232.031,287.217,7.958,-0.82,330,390,0,0,0,0
239.989,286.397,7.958,-0.82,330,390,0,0,0,0
247.947,285.577,7.958,-0.82,325,390,-1,0,0,0
255.904,284.757,7.958,-0.82,320,390,-1,0,0,0
263.862,283.937,7.958,-0.82,315,390,-1,0,0,0
271.82,283.117,7.958,-0.82,310,390,-1,0,0,0
279.778,282.297,7.958,-0.82,305,390,-1,0,0,0
287.736,281.477,7.958,-0.82,300,390,-1,0,0,0
295.694,280.657,7.958,-0.82,295,390,-1,0,0,0
303.652,279.837,7.958,-0.82,290,385,-1,-1,0,0
311.609,279.017,7.958,-0.82,285,380,-1,-1,0,0
319.567,278.197,7.958,-0.82,280,375,-1,-1,0,0
327.525,277.377,7.958,-0.82,275,370,-1,-1,0,0
335.483,276.557,7.958,-0.82,270,365,-1,-1,0,0
343.441,275.737,7.958,-0.82,265,360,-1,-1,0,0
351.399,274.917,7.958,-0.82,260,355,-1,-1,0,0
359.357,274.097,7.958,-0.82,255,350,-1,-1,0,0
367.314,273.277,7.958,-0.82,250,345,-1,-1,0,0
375.272,272.457,7.958,-0.82,245,340,-1,-1,0,0
383.23,271.637,7.958,-0.82,240,335,-1,-1,0,0
391.188,270.817,7.958,-0.82,235,330,-1,-1,0,0
399.146,269.997,7.958,-0.82,230,325,-1,-1,0,0
407.104,269.177,7.958,-0.82,225,320,-1,-1,0,0
415.062,268.357,7.958,-0.82,220,315,-1,-1,0,0
423.02,267.537,7.958,-0.82,215,310,-1,-1,0,0
430.977,266.717,7.958,-0.82,210,305,-1,-1,0,0
438.935,265.897,7.958,-0.82,205,300,-1,-1,0,0
446.893,265.077,7.958,-0.82,200,295,-1,-1,0,0
454.851,264.257,7.958,-0.82,195,290,-1,-1,0,0
462.809,263.437,7.958,-0.82,190,285,-1,-1,0,0
470.767,262.617,7.958,-0.82,185,280,-1,-1,0,0
478.725,261.797,7.958,-0.82,180,275,-1,-1,0,0
486.682,260.977,7.958,-0.82,175,270,-1,-1,0,0
494.64,260.157,7.958,-0.82,170,265,-1,-1,0,0
502.598,259.337,7.958,-0.82,165,260,-1,-1,0,0
510.556,258.517,7.958,-0.82,160,255,-1,-1,0,0
518.514,257.697,7.958,-0.82,155,250,-1,-1,0,0
526.472,256.877,7.958,-0.82,150,245,-1,-1,0,0
534.43,256.057,7.958,-0.82,145,240,-1,-1,0,0
542.387,255.237,7.958,-0.82,140,235,-1,-1,0,0
550.345,254.417,7.958,-0.82,135,230,-1,-1,0,0
558.303,253.597,7.958,-0.82,130,225,-1,-1,0,0
566.261,252.776,7.958,-0.82,125,220,-1,-1,0,0
574.219,251.956,7.958,-0.82,125,220,0,0,0,0
582.177,251.136,7.958,-0.82,125,220,0,0,0,0
590.135,250.316,7.958,-0.82,125,220,0,0,0,0
598.092,249.496,7.958,-0.82,125,220,0,0,0,0
606.05,248.676,7.958,-0.82,125,220,0,0,0,0
614.008,247.856,7.958,-0.82,125,220,0,0,0,0
621.966,247.036,7.958,-0.82,125,220,0,0,0,0
629.924,246.216,7.958,-0.82,125,220,0,0,0,0
637.882,245.396,7.958,-0.82,125,220,0,0,0,0
645.84,244.576,7.958,-0.82,125,220,0,0,0,0
653.798,243.756,7.958,-0.82,125,220,0,0,0,0
661.755,242.936,7.958,-0.82,125,220,0,0,0,0
669.713,242.116,7.958,-0.82,125,220,0,0,0,0
677.671,241.296,7.958,-0.82,125,220,0,0,0,0
685.629,240.476,7.958,-0.82,125,220,0,0,0,0
693.587,239.656,7.958,-0.82,125,220,0,0,0,0
701.545,238.836,7.958,-0.82,125,220,0,0,0,0
709.503,238.016,7.958,-0.82,125,220,0,0,0,0
717.46,237.196,7.958,-0.82,125,220,0,0,0,0
725.418,236.376,7.958,-0.82,125,220,0,0,0,0
733.376,235.556,7.958,-0.82,125,220,0,0,0,0
741.334,234.736,7.958,-0.82,125,220,0,0,0,0
749.292,233.916,7.958,-0.82,125,220,0,0,0,0
751.0,233.096,-6.325,-5.375,125,220,0,0,0,0
744.675,227.721,-6.325,-5.375,125,220,0,0,0,0
738.35,222.347,-6.325,-5.375,125,220,0,0,0,0
732.025,216.972,-6.325,-5.375,125,220,0,0,0,0
725.7,211.598,-6.325,-5.375,125,220,0,0,0,0
719.376,206.223,-6.325,-5.375,125,220,0,0,0,0
713.051,200.849,-6.325,-5.375,125,220,0,0,0,0
706.726,195.474,-6.325,-5.375,125,220,0,0,0,0
700.401,190.1,-6.325,-5.375,125,220,0,0,0,0
694.076,184.725,-6.325,-5.375,125,220,0,0,0,0
687.751,179.351,-6.325,-5.375,125,220,0,0,0,0
681.426,173.976,-6.325,-5.375,125,220,0,0,0,0
675.101,168.601,-6.325,-5.375,125,220,0,0,0,0
668.776,163.227,-6.325,-5.375,125,220,0,0,0,0
662.451,157.852,-6.325,-5.375,125,220,0,0,0,0
656.127,152.478,-6.325,-5.375,125,220,0,0,0,0
649.802,147.103,-6.325,-5.375,125,220,0,0,0,0
643.477,141.729,-6.325,-5.375,125,220,0,0,0,0
637.152,136.354,-6.325,-5.375,125,220,0,0,0,0
630.827,130.98,-6.325,-5.375,125,215,0,-1,0,0
624.502,125.605,-6.325,-5.375,125,210,0,-1,0,0
618.177,120.231,-6.325,-5.375,125,205,0,-1,0,0
611.852,114.856,-6.325,-5.375,125,200,0,-1,0,0
605.527,109.482,-6.325,-5.375,125,195,0,-1,0,0
599.202,104.107,-6.325,-5.375,125,190,0,-1,0,0
592.878,98.732,-6.325,-5.375,125,185,0,-1,0,0
586.553,93.358,-6.325,-5.375,125,180,0,-1,0,0
580.228,87.983,-6.325,-5.375,125,175,0,-1,0,0
573.903,82.609,-6.325,-5.375,125,170,0,-1,0,0
567.578,77.234,-6.325,-5.375,125,165,0,-1,0,0
561.253,71.86,-6.325,-5.375,125,160,0,-1,0,0
554.928,66.485,-6.325,-5.375,125,155,0,-1,0,0
548.603,61.111,-6.325,-5.375,125,150,0,-1,0,0
542.278,55.736,-6.325,-5.375,125,145,0,-1,0,0
535.954,50.362,-6.325,-5.375,125,140,0,-1,0,0
529.629,44.987,-6.325,-5.375,125,135,0,-1,0,0
523.304,39.613,-6.325,-5.375,125,135,0,0,0,0
516.979,34.238,-6.325,-5.375,125,135,0,0,0,0
510.654,28.863,-6.325,-5.375,125,135,0,0,0,0
504.329,23.489,-6.325,-5.375,125,135,0,0,0,0
498.004,18.114,-6.325,-5.375,125,135,0,0,0,0
491.679,12.74,-6.325,-5.375,125,135,0,0,0,0
485.354,7.365,-6.325,-5.375,125,135,0,0,0,0
479.029,6.0,-6.325,5.375,125,135,0,0,0,0
472.705,11.375,-6.325,5.375,125,135,0,0,0,0
466.38,16.749,-6.325,5.375,125,135,0,0,0,0
460.055,22.124,-6.325,5.375,125,135,0,0,0,0
453.73,27.498,-6.325,5.375,125,135,0,0,0,0
447.405,32.873,-6.325,5.375,125,135,0,0,0,0
441.08,38.247,-6.325,5.375,125,135,0,0,0,0
434.755,43.622,-6.325,5.375,125,135,0,0,0,0
428.43,48.996,-6.325,5.375,125,135,0,0,0,0
422.105,54.371,-6.325,5.375,125,135,0,0,0,0
415.781,59.745,-6.325,5.375,125,135,0,0,0,0
409.456,65.12,-6.325,5.375,125,135,0,0,0,0
403.131,70.494,-6.325,5.375,125,135,0,0,0,0
396.806,75.869,-6.325,5.375,125,135,0,0,0,0
390.481,81.244,-6.325,5.375,125,140,0,1,0,0
384.156,86.618,-6.325,5.375,125,145,0,1,0,0
377.831,91.993,-6.325,5.375,125,150,0,1,0,0
371.506,97.367,-6.325,5.375,125,155,0,1,0,0
365.181,102.742,-6.325,5.375,125,160,0,1,0,0
358.856,108.116,-6.325,5.375,125,165,0,1,0,0
352.532,113.491,-6.325,5.375,125,170,0,1,0,0
346.207,118.865,-6.325,5.375,125,175,0,1,0,0
339.882,124.24,-6.325,5.375,125,180,0,1,0,0
333.557,129.614,-6.325,5.375,125,185,0,1,0,0
327.232,134.989,-6.325,5.375,125,185,0,0,0,0
320.907,140.364,-6.325,5.375,125,185,0,0,0,0
314.582,145.738,-6.325,5.375,125,185,0,0,0,0
308.257,151.113,-6.325,5.375,125,185,0,0,0,0
301.932,156.487,-6.325,5.375,130,185,1,0,0,0
295.607,161.862,-6.325,5.375,135,185,1,0,0,0
289.283,167.236,-6.325,5.375,140,185,1,0,0,0
282.958,172.611,-6.325,5.375,145,185,1,0,0,0
276.633,177.985,-6.325,5.375,150,185,1,0,0,0
270.308,183.36,-6.325,5.375,155,185,1,0,0,0
263.983,188.734,-6.325,5.375,160,185,1,0,0,0
257.658,194.109,-6.325,5.375,165,185,1,0,0,0
251.333,199.483,-6.325,5.375,170,185,1,0,0,0
245.008,204.858,-6.325,5.375,175,185,1,0,0,0
238.683,210.233,-6.325,5.375,180,185,1,0,0,0
232.359,215.607,-6.325,5.375,185,185,1,0,0,0
226.034,220.982,-6.325,5.375,190,185,1,0,0,0
219.709,226.356,-6.325,5.375,195,185,1,0,0,0
213.384,231.731,-6.325,5.375,200,185,1,0,0,0
207.059,237.105,-6.325,5.375,205,185,1,0,0,0
200.734,242.48,-6.325,5.375,210,185,1,0,0,0
194.409,247.854,-6.325,5.375,215,185,1,0,0,0
188.084,253.229,-6.325,5.375,220,185,1,0,0,0
181.759,258.603,-6.325,5.375,225,185,1,0,0,0
175.434,263.978,-6.325,5.375,230,185,1,0,0,0
169.11,269.353,-6.325,5.375,235,190,1,1,0,0
162.785,274.727,-6.325,5.375,240,195,1,1,0,0
156.46,280.102,-6.325,5.375,245,200,1,1,0,0
150.135,285.476,-6.325,5.375,250,205,1,1,0,0
143.81,290.851,-6.325,5.375,255,210,1,1,0,0
137.485,296.225,-6.325,5.375,260,215,1,1,0,0
131.16,301.6,-6.325,5.375,265,220,1,1,0,0
124.835,306.974,-6.325,5.375,270,225,1,1,0,0
118.51,312.349,-6.325,5.375,275,230,1,1,0,0
112.186,317.723,-6.325,5.375,280,230,1,0,0,0
105.861,323.098,-6.325,5.375,285,230,1,0,0,0
99.536,328.472,-6.325,5.375,290,230,1,0,0,0
93.211,333.847,-6.325,5.375,295,230,1,0,0,0
86.886,339.222,-6.325,5.375,300,230,1,0,0,0
80.561,344.596,-6.325,5.375,305,230,1,0,0,0
74.236,349.971,-6.325,5.375,310,230,1,0,0,0
67.911,355.345,-6.325,5.375,315,230,1,0,0,0
61.586,360.72,-6.325,5.375,320,230,1,0,0,0
55.261,366.094,-6.325,5.375,325,230,1,0,0,0
48.937,371.469,-6.325,5.375,330,230,1,0,0,0
49.0,376.843,8.59,0.415,335,230,1,0,0,0
57.59,377.258,8.59,0.415,340,230,1,0,0,0
66.18,377.673,8.59,0.415,345,230,1,0,0,0
74.77,378.088,8.59,0.415,350,230,1,0,0,0
83.36,378.503,8.59,0.415,355,230,1,0,0,0
91.95,378.918,8.59,0.415,360,230,1,0,0,0
100.54,379.332,8.59,0.415,365,230,1,0,0,0
109.13,379.747,8.59,0.415,370,230,1,0,0,0
117.72,380.162,8.59,0.415,375,230,1,0,0,0
126.31,380.577,8.59,0.415,380,230,1,0,0,0
134.9,380.992,8.59,0.415,385,230,1,0,0,0
143.49,381.407,8.59,0.415,390,230,1,0,0,0
152.08,381.822,8.59,0.415,395,230,1,0,0,0
160.67,382.237,8.59,0.415,400,230,1,0,0,0
169.26,382.651,8.59,0.415,405,230,1,0,0,0
177.85,383.066,8.59,0.415,410,230,1,0,0,0
186.44,383.481,8.59,0.415,415,230,1,0,0,0
195.03,383.896,8.59,0.415,420,230,1,0,0,0
203.62,384.311,8.59,0.415,425,230,1,0,0,0
212.21,384.726,8.59,0.415,430,235,1,1,0,0
220.8,385.141,8.59,0.415,435,240,1,1,0,0
229.39,385.555,8.59,0.415,440,245,1,1,0,0
237.98,385.97,8.59,0.415,445,250,1,1,0,0
246.57,386.385,8.59,0.415,450,255,1,1,0,0
255.16,386.8,8.59,0.415,455,260,1,1,0,0
263.75,387.215,8.59,0.415,455,265,0,1,0,0
272.34,387.63,8.59,0.415,455,270,0,1,0,0
280.93,388.045,8.59,0.415,455,275,0,1,0,0
289.52,388.459,8.59,0.415,455,280,0,1,0,0
298.11,388.874,8.59,0.415,455,285,0,1,0,0
306.7,389.289,8.59,0.415,455,290,0,1,0,0
315.29,389.704,8.59,0.415,455,295,0,1,0,0
323.88,390.119,8.59,0.415,455,300,0,1,0,0
332.47,390.534,8.59,0.415,455,305,0,1,0,0
341.06,390.949,8.59,0.415,455,310,0,1,0,0
349.65,391.363,8.59,0.415,455,315,0,1,0,0
358.24,391.778,8.59,0.415,455,320,0,1,0,0
366.83,392.193,8.59,0.415,455,320,0,0,0,0
375.42,392.608,8.59,0.415,455,320,0,0,0,0
384.01,393.023,8.59,0.415,455,320,0,0,0,0
392.6,393.438,8.59,0.415,455,320,0,0,0,0
401.19,393.853,8.59,0.415,455,320,0,0,0,0
409.779,394.267,8.59,0.415,455,320,0,0,0,0
418.369,394.682,8.59,0.415,455,320,0,0,0,0
426.959,395.097,8.59,0.415,455,320,0,0,0,0
435.549,395.512,8.59,0.415,455,320,0,0,0,0
444.139,395.927,8.59,0.415,455,320,0,0,0,0
452.729,396.342,8.59,0.415,455,320,0,0,0,0
461.319,396.757,8.59,0.415,455,320,0,0,0,0
469.909,397.171,8.59,0.415,455,320,0,0,0,0
478.499,397.586,8.59,0.415,455,320,0,0,0,0
487.089,398.001,8.59,0.415,455,320,0,0,0,0
495.679,398.416,8.59,0.415,455,320,0,0,0,0
504.269,398.831,8.59,0.415,455,320,0,0,0,0
512.859,399.246,8.59,0.415,455,320,0,0,0,0
521.449,399.661,8.59,0.415,455,320,0,0,0,0
530.039,400.075,8.59,0.415,455,325,0,1,0,0
538.629,400.49,8.59,0.415,455,330,0,1,0,0
547.219,400.905,8.59,0.415,455,335,0,1,0,0
555.809,401.32,8.59,0.415,455,340,0,1,0,0
564.399,401.735,8.59,0.415,455,345,0,1,0,0
572.989,402.15,8.59,0.415,455,350,0,1,0,0
581.579,402.565,8.59,0.415,455,355,0,1,0,0
590.169,402.98,8.59,0.415,455,360,0,1,0,0
598.759,403.394,8.59,0.415,455,365,0,1,0,0
607.349,403.809,8.59,0.415,455,370,0,1,0,0
615.939,404.224,8.59,0.415,455,375,0,1,0,0
624.529,404.639,8.59,0.415,455,380,0,1,0,0
633.119,405.054,8.59,0.415,455,385,0,1,0,0
641.709,405.469,8.59,0.415,455,390,0,1,0,0
650.299,405.884,8.59,0.415,455,395,0,1,0,0
658.889,406.298,8.59,0.415,455,400,0,1,0,0
667.479,406.713,8.59,0.415,455,405,0,1,0,0
676.069,407.128,8.59,0.415,455,410,0,1,0,0
684.659,407.543,8.59,0.415,455,415,0,1,0,0
693.249,407.958,8.59,0.415,455,420,0,1,0,0
701.839,408.373,8.59,0.415,455,420,0,0,0,0
710.429,408.788,8.59,0.415,455,420,0,0,0,0
719.019,409.202,8.59,0.415,455,420,0,0,0,0
727.609,409.617,8.59,0.415,455,420,0,0,0,0
736.199,410.032,8.59,0.415,455,420,0,0,0,0
744.789,410.447,8.59,0.415,455,420,0,0,0,0
753.379,410.862,8.59,0.415,455,420,0,0,0,0
761.969,411.277,8.59,0.415,455,420,0,0,0,0
751.0,411.692,-4.45,-7.708,455,415,0,-1,0,0
746.55,403.984,-4.45,-7.708,455,410,0,-1,0,0
742.1,396.276,-4.45,-7.708,455,405,0,-1,0,0
737.65,388.569,-4.45,-7.708,455,400,0,-1,0,0
733.2,380.861,-4.45,-7.708,455,395,0,-1,0,0
728.75,373.153,-4.45,-7.708,455,390,0,-1,0,0
724.3,365.446,-4.45,-7.708,455,385,0,-1,0,0
719.85,357.738,-4.45,-7.708,455,380,0,-1,0,0
715.4,350.031,-4.45,-7.708,455,375,0,-1,0,0
710.95,342.323,-4.45,-7.708,455,370,0,-1,0,0
706.5,334.615,-4.45,-7.708,455,365,0,-1,0,0
702.05,326.908,-4.45,-7.708,455,360,0,-1,0,0
697.6,319.2,-4.45,-7.708,455,355,0,-1,0,0
693.15,311.492,-4.45,-7.708,455,350,0,-1,0,0
688.7,303.785,-4.45,-7.708,455,345,0,-1,0,0
684.25,296.077,-4.45,-7.708,455,340,0,-1,0,0
679.8,288.37,-4.45,-7.708,455,335,0,-1,0,0
675.35,280.662,-4.45,-7.708,455,330,0,-1,0,0
670.9,272.954,-4.45,-7.708,455,325,0,-1,0,0
666.45,265.247,-4.45,-7.708,455,325,0,0,0,0
662.0,257.539,-4.45,-7.708,455,325,0,0,0,0
657.55,249.831,-4.45,-7.708,455,325,0,0,0,0
653.1,242.124,-4.45,-7.708,450,325,-1,0,0,0
648.65,234.416,-4.45,-7.708,445,325,-1,0,0,0
644.2,226.709,-4.45,-7.708,440,325,-1,0,0,0
639.75,219.001,-4.45,-7.708,435,325,-1,0,0,0
635.3,211.293,-4.45,-7.708,430,325,-1,0,0,0
630.85,203.586,-4.45,-7.708,425,325,-1,0,0,0
626.4,195.878,-4.45,-7.708,420,325,-1,0,0,0
621.95,188.17,-4.45,-7.708,415,325,-1,0,0,0
617.5,180.463,-4.45,-7.708,410,325,-1,0,0,0
613.05,172.755,-4.45,-7.708,405,325,-1,0,0,0
608.6,165.048,-4.45,-7.708,400,325,-1,0,0,0
604.15,157.34,-4.45,-7.708,395,325,-1,0,0,0
599.7,149.632,-4.45,-7.708,390,325,-1,0,0,0
595.25,141.925,-4.45,-7.708,385,325,-1,0,0,0
590.8,134.217,-4.45,-7.708,380,325,-1,0,0,0
586.35,126.509,-4.45,-7.708,375,325,-1,0,0,0
581.9,118.802,-4.45,-7.708,370,320,-1,-1,0,0
577.45,111.094,-4.45,-7.708,365,315,-1,-1,0,0
573.0,103.387,-4.45,-7.708,360,310,-1,-1,0,0
568.55,95.679,-4.45,-7.708,355,305,-1,-1,0,0
564.1,87.971,-4.45,-7.708,350,300,-1,-1,0,0
559.65,80.264,-4.45,-7.708,345,295,-1,-1,0,0
555.2,72.556,-4.45,-7.708,340,290,-1,-1,0,0
550.75,64.848,-4.45,-7.708,335,285,-1,-1,0,0
546.3,57.141,-4.45,-7.708,330,280,-1,-1,0,0
541.85,49.433,-4.45,-7.708,325,275,-1,-1,0,0
537.4,41.726,-4.45,-7.708,320,275,-1,0,0,0
532.95,34.018,-4.45,-7.708,315,275,-1,0,0,0
528.5,26.31,-4.45,-7.708,310,275,-1,0,0,0
524.05,18.603,-4.45,-7.708,305,275,-1,0,0,0
519.6,10.895,-4.45,-7.708,300,275,-1,0,0,0
515.15,6.0,-4.45,7.708,295,275,-1,0,0,0
510.7,13.708,-4.45,7.708,290,275,-1,0,0,0
506.25,21.415,-4.45,7.708,285,275,-1,0,0,0
501.8,29.123,-4.45,7.708,280,270,-1,-1,0,0
497.35,36.831,-4.45,7.708,275,265,-1,-1,0,0
492.9,44.538,-4.45,7.708,270,260,-1,-1,0,0
488.45,52.246,-4.45,7.708,265,255,-1,-1,0,0
484.0,59.953,-4.45,7.708,260,250,-1,-1,0,0
479.55,67.661,-4.45,7.708,255,245,-1,-1,0,0
475.1,75.369,-4.45,7.708,255,240,0,-1,0,0
470.65,83.076,-4.45,7.708,255,235,0,-1,0,0
466.2,90.784,-4.45,7.708,255,230,0,-1,0,0
461.75,98.492,-4.45,7.708,255,225,0,-1,0,0
457.3,106.199,-4.45,7.708,260,220,1,-1,0,0
452.85,113.907,-4.45,7.708,265,215,1,-1,0,0
448.4,121.614,-4.45,7.708,270,210,1,-1,0,0
443.95,129.322,-4.45,7.708,275,205,1,-1,0,0
439.5,137.03,-4.45,7.708,280,200,1,-1,0,0
435.05,144.737,-4.45,7.708,285,195,1,-1,0,0
430.6,152.445,-4.45,7.708,290,190,1,-1,0,0
426.15,160.153,-4.45,7.708,295,185,1,-1,0,0
421.7,167.86,-4.45,7.708,300,185,1,0,0,0
417.25,175.568,-4.45,7.708,305,185,1,0,0,0
412.8,183.275,-4.45,7.708,310,185,1,0,0,0
408.35,190.983,-4.45,7.708,315,185,1,0,0,0
403.9,198.691,-4.45,7.708,320,185,1,0,0,0
399.45,206.398,-4.45,7.708,325,185,1,0,0,0
395.0,214.106,-4.45,7.708,330,185,1,0,0,0
390.55,221.814,-4.45,7.708,335,190,1,1,0,0
386.1,229.521,-4.45,7.708,340,195,1,1,0,0
381.65,237.229,-4.45,7.708,345,200,1,1,0,0
377.2,244.936,-4.45,7.708,350,205,1,1,0,0
372.75,252.644,-4.45,7.708,355,210,1,1,0,0
368.3,260.352,-4.45,7.708,360,215,1,1,0,0
363.85,268.059,-4.45,7.708,365,220,1,1,0,0
359.4,275.767,-4.45,7.708,370,225,1,1,0,0
354.95,283.475,-4.45,7.708,375,230,1,1,0,0
350.5,291.182,-4.45,7.708,380,230,1,0,0,0
346.05,298.89,-4.45,7.708,385,230,1,0,0,0
341.6,306.597,-4.45,7.708,390,230,1,0,0,0
337.15,314.305,-4.45,7.708,395,230,1,0,0,0
332.7,322.013,-4.45,7.708,400,230,1,0,0,0
328.25,329.72,-4.45,7.708,405,230,1,0,0,0
323.8,337.428,-4.45,7.708,410,230,1,0,0,0
319.35,345.136,-4.45,7.708,415,230,1,0,0,0
314.9,352.843,-4.45,7.708,420,230,1,0,0,0
310.45,360.551,-4.45,7.708,425,230,1,0,0,0
306.0,368.258,-4.45,7.708,430,230,1,0,0,0
301.55,375.966,-4.45,7.708,435,230,1,0,0,0
297.1,383.674,-4.45,7.708,440,230,1,0,0,0
292.65,391.381,-4.45,7.708,445,230,1,0,0,0
288.2,399.089,-4.45,7.708,450,230,1,0,0,0
283.75,406.797,-4.45,7.708,455,230,1,0,0,0
279.3,414.504,-4.45,7.708,460,230,1,0,0,0
274.85,422.212,-4.45,7.708,465,230,1,0,0,0
270.4,429.919,-4.45,7.708,470,230,1,0,0,0
265.95,437.627,-4.45,7.708,475,230,1,0,0,0
261.5,445.335,-4.45,7.708,480,230,1,0,0,0
257.05,453.042,-4.45,7.708,485,230,1,0,0,0
252.6,460.75,-4.45,7.708,490,230,1,0,0,0
248.15,468.458,-4.45,7.708,495,230,1,0,0,0
243.7,476.165,-4.45,7.708,500,230,1,0,0,0
239.25,483.873,-4.45,7.708,505,230,1,0,0,0
234.8,491.58,-4.45,7.708,510,230,1,0,0,0
230.35,499.288,-4.45,7.708,505,235,-1,1,0,0
225.9,506.996,-4.45,7.708,500,240,-1,1,0,0
221.45,514.703,-4.45,7.708,495,245,-1,1,0,0
217.0,522.411,-4.45,7.708,490,250,-1,1,0,0
212.55,530.119,-4.45,7.708,485,255,-1,1,0,0
208.1,537.826,-4.45,7.708,480,260,-1,1,0,0
203.65,545.534,-4.45,7.708,475,265,-1,1,0,0
199.2,553.241,-4.45,7.708,470,270,-1,1,0,0
194.75,560.949,-4.45,7.708,465,275,-1,1,0,0
190.3,568.657,-4.45,7.708,460,280,-1,1,0,0
185.85,576.364,-4.45,7.708,455,285,-1,1,0,0
181.4,584.072,-4.45,7.708,450,290,-1,1,0,0
176.95,591.78,-4.45,7.708,445,290,-1,0,0,0
172.5,594.0,-4.45,-7.708,440,290,-1,0,0,0
168.05,586.292,-4.45,-7.708,435,290,-1,0,0,0
163.6,578.585,-4.45,-7.708,430,290,-1,0,0,0
159.15,570.877,-4.45,-7.708,425,290,-1,0,0,0
154.7,563.169,-4.45,-7.708,420,290,-1,0,0,0
150.25,555.462,-4.45,-7.708,415,290,-1,0,0,0
145.8,547.754,-4.45,-7.708,410,290,-1,0,0,0
141.35,540.047,-4.45,-7.708,405,290,-1,0,0,0
136.9,532.339,-4.45,-7.708,400,290,-1,0,0,0
132.45,524.631,-4.45,-7.708,395,290,-1,0,0,0
128.0,516.924,-4.45,-7.708,390,290,-1,0,0,0
123.55,509.216,-4.45,-7.708,385,290,-1,0,0,0
119.1,501.508,-4.45,-7.708,380,290,-1,0,0,0
114.65,493.801,-4.45,-7.708,375,290,-1,0,0,0
110.2,486.093,-4.45,-7.708,370,290,-1,0,0,0
105.75,478.386,-4.45,-7.708,365,290,-1,0,0,0
101.3,470.678,-4.45,-7.708,360,290,-1,0,0,0
96.85,462.97,-4.45,-7.708,355,290,-1,0,0,0
92.4,455.263,-4.45,-7.708,350,290,-1,0,0,0
87.95,447.555,-4.45,-7.708,345,290,-1,0,0,0
83.5,439.847,-4.45,-7.708,340,290,-1,0,0,0
79.05,432.14,-4.45,-7.708,335,290,-1,0,0,0
74.6,424.432,-4.45,-7.708,330,290,-1,0,0,0
70.15,416.725,-4.45,-7.708,325,290,-1,0,0,0
65.7,409.017,-4.45,-7.708,320,290,-1,0,0,0
61.25,401.309,-4.45,-7.708,315,290,-1,0,0,0
56.8,393.602,-4.45,-7.708,310,290,-1,0,0,0
52.35,385.894,-4.45,-7.708,305,290,-1,0,0,0
49.0,378.186,4.973,7.74,300,290,-1,0,0,0
53.973,385.927,4.973,7.74,295,290,-1,0,0,0
58.946,393.667,4.973,7.74,290,290,-1,0,0,0
63.919,401.407,4.973,7.74,285,290,-1,0,0,0
68.892,409.147,4.973,7.74,280,290,-1,0,0,0
73.865,416.887,4.973,7.74,275,290,-1,0,0,0
78.838,424.627,4.973,7.74,270,290,-1,0,0,0
83.811,432.367,4.973,7.74,265,290,-1,0,0,0
88.784,440.108,4.973,7.74,260,290,-1,0,0,0
93.757,447.848,4.973,7.74,260,290,0,0,0,0
98.73,455.588,4.973,7.74,260,290,0,0,0,0
103.702,463.328,4.973,7.74,265,290,1,0,0,0
108.675,471.068,4.973,7.74,270,290,1,0,0,0
113.648,478.808,4.973,7.74,275,290,1,0,0,0
118.621,486.548,4.973,7.74,280,290,1,0,0,0
123.594,494.289,4.973,7.74,285,290,1,0,0,0
128.567,502.029,4.973,7.74,290,290,1,0,0,0
133.54,509.769,4.973,7.74,295,290,1,0,0,0
138.513,517.509,4.973,7.74,300,290,1,0,0,0
143.486,525.249,4.973,7.74,305,290,1,0,0,0
148.459,532.989,4.973,7.74,310,290,1,0,0,0
153.432,540.729,4.973,7.74,315,290,1,0,0,0
158.405,548.47,4.973,7.74,320,290,1,0,0,0
163.378,556.21,4.973,7.74,325,290,1,0,0,0
168.351,563.95,4.973,7.74,330,290,1,0,0,0
173.324,571.69,4.973,7.74,335,290,1,0,0,0
178.297,579.43,4.973,7.74,340,290,1,0,0,0
183.27,587.17,4.973,7.74,345,295,1,1,0,0
188.243,594.0,4.973,-7.74,350,300,1,1,0,0
193.216,586.26,4.973,-7.74,355,305,1,1,0,0
198.189,578.52,4.973,-7.74,360,310,1,1,0,0
203.162,570.78,4.973,-7.74,365,315,1,1,0,0
208.134,563.039,4.973,-7.74,370,315,1,0,0,0
213.107,555.299,4.973,-7.74,375,315,1,0,0,0
218.08,547.559,4.973,-7.74,380,315,1,0,0,0
223.053,539.819,4.973,-7.74,385,315,1,0,0,0
228.026,532.079,4.973,-7.74,390,315,1,0,0,0
232.999,524.339,4.973,-7.74,395,315,1,0,0,0
237.972,516.599,4.973,-7.74,400,315,1,0,0,0
242.945,508.858,4.973,-7.74,405,315,1,0,0,0
247.918,501.118,4.973,-7.74,410,315,1,0,0,0
252.891,493.378,4.973,-7.74,415,315,1,0,0,0
257.864,485.638,4.973,-7.74,420,315,1,0,0,0
262.837,477.898,4.973,-7.74,420,315,0,0,0,0
267.81,470.158,4.973,-7.74,420,315,0,0,0,0
272.783,462.418,4.973,-7.74,415,315,-1,0,0,0
277.756,454.678,4.973,-7.74,410,315,-1,0,0,0
282.729,446.937,4.973,-7.74,405,315,-1,0,0,0
287.702,439.197,4.973,-7.74,400,315,-1,0,0,0
292.675,431.457,4.973,-7.74,395,315,-1,0,0,0
297.648,423.717,4.973,-7.74,390,320,-1,1,0,0
302.621,415.977,4.973,-7.74,385,325,-1,1,0,0
307.594,408.237,4.973,-7.74,380,330,-1,1,0,0
312.567,400.497,4.973,-7.74,375,335,-1,1,0,0
317.539,392.756,4.973,-7.74,370,340,-1,1,0,0
322.512,385.016,4.973,-7.74,365,345,-1,1,0,0
327.485,377.276,4.973,-7.74,360,350,-1,1,0,0
332.458,369.536,4.973,-7.74,355,355,-1,1,0,0
337.431,361.796,4.973,-7.74,350,360,-1,1,0,0
342.404,354.056,4.973,-7.74,345,360,-1,0,0,0
347.377,346.316,4.973,-7.74,340,360,-1,0,0,0
352.35,338.575,4.973,-7.74,335,360,-1,0,0,0
357.323,330.835,4.973,-7.74,330,360,-1,0,0,0
362.296,323.095,4.973,-7.74,325,360,-1,0,0,0
367.269,315.355,4.973,-7.74,320,360,-1,0,0,0
372.242,307.615,4.973,-7.74,315,360,-1,0,0,0
377.215,299.875,4.973,-7.74,310,360,-1,0,0,0
382.188,292.135,4.973,-7.74,305,360,-1,0,0,0
387.161,284.394,4.973,-7.74,300,360,-1,0,0,0
392.134,276.654,4.973,-7.74,295,355,-1,-1,0,0
397.107,268.914,4.973,-7.74,290,350,-1,-1,0,0
402.08,261.174,4.973,-7.74,285,345,-1,-1,0,0
407.053,253.434,4.973,-7.74,280,340,-1,-1,0,0
412.026,245.694,4.973,-7.74,275,335,-1,-1,0,0
416.999,237.954,4.973,-7.74,270,330,-1,-1,0,0
421.971,230.214,4.973,-7.74,265,325,-1,-1,0,0
426.944,222.473,4.973,-7.74,260,320,-1,-1,0,0
431.917,214.733,4.973,-7.74,255,315,-1,-1,0,0
436.89,206.993,4.973,-7.74,250,310,-1,-1,0,0
441.863,199.253,4.973,-7.74,245,305,-1,-1,0,0
446.836,191.513,4.973,-7.74,240,300,-1,-1,0,0
451.809,183.773,4.973,-7.74,235,295,-1,-1,0,0
456.782,176.033,4.973,-7.74,230,290,-1,-1,0,0
461.755,168.292,4.973,-7.74,225,285,-1,-1,0,0
466.728,160.552,4.973,-7.74,220,280,-1,-1,0,0
471.701,152.812,4.973,-7.74,215,275,-1,-1,0,0
476.674,145.072,4.973,-7.74,210,270,-1,-1,0,0
481.647,137.332,4.973,-7.74,205,265,-1,-1,0,0
486.62,129.592,4.973,-7.74,200,260,-1,-1,0,0
491.593,121.852,4.973,-7.74,195,255,-1,-1,0,0
496.566,114.111,4.973,-7.74,190,250,-1,-1,0,0
501.539,106.371,4.973,-7.74,185,245,-1,-1,0,0
506.512,98.631,4.973,-7.74,180,240,-1,-1,0,0
511.485,90.891,4.973,-7.74,175,235,-1,-1,0,0
516.458,83.151,4.973,-7.74,170,230,-1,-1,0,0
521.431,75.411,4.973,-7.74,165,225,-1,-1,0,0
526.403,67.671,4.973,-7.74,160,220,-1,-1,0,0
531.376,59.93,4.973,-7.74,155,215,-1,-1,0,0
536.349,52.19,4.973,-7.74,150,210,-1,-1,0,0
541.322,44.45,4.973,-7.74,145,205,-1,-1,0,0
546.295,36.71,4.973,-7.74,140,200,-1,-1,0,0
551.268,28.97,4.973,-7.74,135,195,-1,-1,0,0
556.241,21.23,4.973,-7.74,130,190,-1,-1,0,0
561.214,13.49,4.973,-7.74,125,185,-1,-1,0,0
566.187,6.0,4.973,7.74,120,180,-1,-1,0,0
571.16,13.74,4.973,7.74,115,175,-1,-1,0,0
576.133,21.48,4.973,7.74,110,170,-1,-1,0,0
581.106,29.22,4.973,7.74,105,165,-1,-1,0,0
586.079,36.961,4.973,7.74,100,160,-1,-1,0,0
591.052,44.701,4.973,7.74,95,155,-1,-1,0,0
596.025,52.441,4.973,7.74,90,150,-1,-1,0,0
600.998,60.181,4.973,7.74,85,150,-1,0,0,0
605.971,67.921,4.973,7.74,80,150,-1,0,0,0
610.944,75.661,4.973,7.74,75,150,-1,0,0,0
615.917,83.401,4.973,7.74,70,150,-1,0,0,0
620.89,91.142,4.973,7.74,65,150,-1,0,0,0
625.863,98.882,4.973,7.74,60,150,-1,0,0,0
630.836,106.622,4.973,7.74,55,150,-1,0,0,0
635.808,114.362,4.973,7.74,50,150,-1,0,0,0
640.781,122.102,4.973,7.74,50,150,0,0,0,0
645.754,129.842,4.973,7.74,50,150,0,0,0,0
650.727,137.582,4.973,7.74,50,150,0,0,0,0
655.7,145.322,4.973,7.74,50,150,0,0,0,0
660.673,153.063,4.973,7.74,50,150,0,0,0,0
665.646,160.803,4.973,7.74,50,150,0,0,0,0
670.619,168.543,4.973,7.74,50,150,0,0,0,0
675.592,176.283,4.973,7.74,55,155,1,1,0,0
680.565,184.023,4.973,7.74,60,160,1,1,0,0
685.538,191.763,4.973,7.74,65,165,1,1,0,0
690.511,199.503,4.973,7.74,70,170,1,1,0,0
695.484,207.244,4.973,7.74,75,175,1,1,0,0
700.457,214.984,4.973,7.74,80,180,1,1,0,0
705.43,222.724,4.973,7.74,85,185,1,1,0,0
710.403,230.464,4.973,7.74,90,190,1,1,0,0
715.376,238.204,4.973,7.74,95,195,1,1,0,0
720.349,245.944,4.973,7.74,100,200,1,1,0,0
725.322,253.684,4.973,7.74,105,205,1,1,0,0
730.295,261.425,4.973,7.74,110,210,1,1,0,0
735.268,269.165,4.973,7.74,115,215,1,1,0,0
740.24,276.905,4.973,7.74,120,220,1,1,0,0
745.213,284.645,4.973,7.74,125,225,1,1,0,0
750.186,292.385,4.973,7.74,130,230,1,1,0,0
751.0,300.125,-7.518,5.808,135,235,1,1,0,0
743.482,305.933,-7.518,5.808,140,240,1,1,0,0
735.964,311.741,-7.518,5.808,145,245,1,1,0,0
728.446,317.549,-7.518,5.808,150,250,1,1,0,0
720.929,323.357,-7.518,5.808,155,255,1,1,0,0
713.411,329.165,-7.518,5.808,160,260,1,1,0,0
705.893,334.973,-7.518,5.808,165,265,1,1,0,0
698.375,340.781,-7.518,5.808,170,270,1,1,0,0
690.857,346.589,-7.518,5.808,175,275,1,1,0,0
683.339,352.396,-7.518,5.808,180,280,1,1,0,0
675.821,358.204,-7.518,5.808,185,285,1,1,0,0
668.304,364.012,-7.518,5.808,190,285,1,0,0,0
660.786,369.82,-7.518,5.808,195,285,1,0,0,0
653.268,375.628,-7.518,5.808,200,285,1,0,0,0
645.75,381.436,-7.518,5.808,205,285,1,0,0,0
638.232,387.244,-7.518,5.808,210,285,1,0,0,0
630.714,393.052,-7.518,5.808,215,285,1,0,0,0
623.196,398.86,-7.518,5.808,220,285,1,0,0,0
615.679,404.668,-7.518,5.808,225,285,1,0,0,0
608.161,410.476,-7.518,5.808,230,285,1,0,0,0
600.643,416.284,-7.518,5.808,235,285,1,0,0,0
593.125,422.091,-7.518,5.808,240,285,1,0,0,0
585.607,427.899,-7.518,5.808,245,285,1,0,0,0
578.089,433.707,-7.518,5.808,250,285,1,0,0,0
570.572,439.515,-7.518,5.808,255,285,1,0,0,0
563.054,445.323,-7.518,5.808,260,285,1,0,0,0
555.536,451.131,-7.518,5.808,265,285,1,0,0,0
548.018,456.939,-7.518,5.808,270,285,1,0,0,0
540.5,462.747,-7.518,5.808,275,285,1,0,0,0
532.982,468.555,-7.518,5.808,280,290,1,1,0,0
525.464,474.363,-7.518,5.808,285,295,1,1,0,0
517.947,480.171,-7.518,5.808,290,300,1,1,0,0
510.429,485.979,-7.518,5.808,295,305,1,1,0,0
502.911,491.786,-7.518,5.808,300,310,1,1,0,0
495.393,497.594,-7.518,5.808,305,315,1,1,0,0
487.875,503.402,-7.518,5.808,310,320,1,1,0,0
480.357,509.21,-7.518,5.808,315,325,1,1,0,0
472.839,515.018,-7.518,5.808,310,330,-1,1,0,0
465.322,520.826,-7.518,5.808,305,335,-1,1,0,0
457.804,526.634,-7.518,5.808,300,340,-1,1,0,0
450.286,532.442,-7.518,5.808,295,345,-1,1,0,0
442.768,538.25,-7.518,5.808,290,350,-1,1,0,0
435.25,544.058,-7.518,5.808,285,355,-1,1,0,0
427.732,549.866,-7.518,5.808,280,360,-1,1,0,0
420.214,555.674,-7.518,5.808,280,365,0,1,0,0
412.697,561.481,-7.518,5.808,280,370,0,1,0,0
405.179,567.289,-7.518,5.808,280,375,0,1,0,0
397.661,573.097,-7.518,5.808,280,380,0,1,0,0
390.143,578.905,-7.518,5.808,280,385,0,1,0,0
382.625,584.713,-7.518,5.808,280,390,0,1,0,0
375.107,590.521,-7.518,5.808,280,395,0,1,0,0
367.589,594.0,-7.518,-5.808,280,400,0,1,0,0
360.072,588.192,-7.518,-5.808,280,405,0,1,0,0
352.554,582.384,-7.518,-5.808,280,410,0,1,0,0
345.036,576.576,-7.518,-5.808,280,415,0,1,0,0
337.518,570.768,-7.518,-5.808,280,420,0,1,0,0
330.0,564.96,-7.518,-5.808,280,425,0,1,0,0
322.482,559.153,-7.518,-5.808,280,430,0,1,0,0
314.965,553.345,-7.518,-5.808,280,435,0,1,0,0
307.447,547.537,-7.518,-5.808,280,440,0,1,0,0
299.929,541.729,-7.518,-5.808,280,445,0,1,0,0
292.411,535.921,-7.518,-5.808,280,450,0,1,0,0
284.893,530.113,-7.518,-5.808,280,455,0,1,0,0
277.375,524.305,-7.518,-5.808,280,460,0,1,0,0
269.857,518.497,-7.518,-5.808,280,460,0,0,0,0
262.34,512.689,-7.518,-5.808,280,460,0,0,0,0
254.822,506.881,-7.518,-5.808,280,460,0,0,0,0
247.304,501.073,-7.518,-5.808,280,460,0,0,0,0
239.786,495.265,-7.518,-5.808,280,460,0,0,0,0
232.268,489.458,-7.518,-5.808,280,460,0,0,0,0
224.75,483.65,-7.518,-5.808,280,460,0,0,0,0
217.232,477.842,-7.518,-5.808,280,460,0,0,0,0
209.715,472.034,-7.518,-5.808,280,460,0,0,0,0
202.197,466.226,-7.518,-5.808,280,460,0,0,0,0
194.679,460.418,-7.518,-5.808,280,460,0,0,0,0
187.161,454.61,-7.518,-5.808,280,460,0,0,0,0
179.643,448.802,-7.518,-5.808,280,460,0,0,0,0
172.125,442.994,-7.518,-5.808,280,460,0,0,0,0
164.607,437.186,-7.518,-5.808,280,460,0,0,0,0
157.09,431.378,-7.518,-5.808,280,460,0,0,0,0
149.572,425.57,-7.518,-5.808,280,460,0,0,0,0
142.054,419.763,-7.518,-5.808,285,460,1,0,0,0
134.536,413.955,-7.518,-5.808,290,460,1,0,0,0
127.018,408.147,-7.518,-5.808,295,460,1,0,0,0
119.5,402.339,-7.518,-5.808,300,460,1,0,0,0
111.982,396.531,-7.518,-5.808,305,460,1,0,0,0
104.465,390.723,-7.518,-5.808,310,460,1,0,0,0
96.947,384.915,-7.518,-5.808,315,460,1,0,0,0
89.429,379.107,-7.518,-5.808,320,460,1,0,0,0
81.911,373.299,-7.518,-5.808,325,460,1,0,0,0
74.393,367.491,-7.518,-5.808,330,460,1,0,0,0
66.875,361.683,-7.518,-5.808,335,460,1,0,0,0
59.358,355.875,-7.518,-5.808,335,460,0,0,0,0
51.84,350.068,-7.518,-5.808,335,460,0,0,0,0
49.0,344.26,6.794,-7.063,335,460,0,0,0,0
55.794,337.197,6.794,-7.063,335,460,0,0,0,0
62.588,330.134,6.794,-7.063,335,460,0,0,0,0
69.382,323.072,6.794,-7.063,335,460,0,0,0,0
76.176,316.009,6.794,-7.063,335,460,0,0,0,0
82.97,308.946,6.794,-7.063,335,460,0,0,0,0
89.764,301.884,6.794,-7.063,330,460,-1,0,0,0
96.558,294.821,6.794,-7.063,325,460,-1,0,0,0
103.352,287.758,6.794,-7.063,320,460,-1,0,0,0
110.146,280.696,6.794,-7.063,315,460,-1,0,0,0
116.94,273.633,6.794,-7.063,310,460,-1,0,0,0
123.734,266.57,6.794,-7.063,305,460,-1,0,0,0
130.528,259.508,6.794,-7.063,300,460,-1,0,0,0
137.322,252.445,6.794,-7.063,295,460,-1,0,0,0
144.117,245.382,6.794,-7.063,290,460,-1,0,0,0
150.911,238.32,6.794,-7.063,285,460,-1,0,0,0
157.705,231.257,6.794,-7.063,280,460,-1,0,0,0
164.499,224.195,6.794,-7.063,275,460,-1,0,0,0
171.293,217.132,6.794,-7.063,270,460,-1,0,0,0
178.087,210.069,6.794,-7.063,265,460,-1,0,0,0
184.881,203.007,6.794,-7.063,260,460,-1,0,0,0
191.675,195.944,6.794,-7.063,255,460,-1,0,0,0
198.469,188.881,6.794,-7.063,250,460,-1,0,0,0
205.263,181.819,6.794,-7.063,245,460,-1,0,0,0
212.057,174.756,6.794,-7.063,240,460,-1,0,0,0
218.851,167.693,6.794,-7.063,235,460,-1,0,0,0
225.645,160.631,6.794,-7.063,230,460,-1,0,0,0
232.439,153.568,6.794,-7.063,225,460,-1,0,0,0
239.233,146.505,6.794,-7.063,220,460,-1,0,0,0
246.027,139.443,6.794,-7.063,215,460,-1,0,0,0
252.821,132.38,6.794,-7.063,210,460,-1,0,0,0
259.615,125.317,6.794,-7.063,205,455,-1,-1,0,0
266.409,118.255,6.794,-7.063,200,450,-1,-1,0,0
273.203,111.192,6.794,-7.063,195,445,-1,-1,0,0
279.997,104.129,6.794,-7.063,190,440,-1,-1,0,0
286.791,97.067,6.794,-7.063,185,435,-1,-1,0,0
293.585,90.004,6.794,-7.063,180,430,-1,-1,0,0
300.379,82.941,6.794,-7.063,175,425,-1,-1,0,0
307.173,75.879,6.794,-7.063,170,420,-1,-1,0,0
313.967,68.816,6.794,-7.063,165,415,-1,-1,0,0
320.761,61.753,6.794,-7.063,160,410,-1,-1,0,0
327.555,54.691,6.794,-7.063,155,405,-1,-1,0,0
334.35,47.628,6.794,-7.063,150,400,-1,-1,0,0
341.144,40.566,6.794,-7.063,145,395,-1,-1,0,0
347.938,33.503,6.794,-7.063,140,390,-1,-1,0,0
354.732,26.44,6.794,-7.063,135,385,-1,-1,0,0
361.526,19.378,6.794,-7.063,130,380,-1,-1,0,0
368.32,12.315,6.794,-7.063,125,375,-1,-1,0,0
375.114,6.0,6.794,7.063,120,370,-1,-1,0,0
381.908,13.063,6.794,7.063,115,365,-1,-1,0,0
388.702,20.125,6.794,7.063,110,360,-1,-1,0,0
395.496,27.188,6.794,7.063,105,355,-1,-1,0,0
402.29,34.251,6.794,7.063,100,350,-1,-1,0,0
409.084,41.313,6.794,7.063,95,345,-1,-1,0,0
415.878,48.376,6.794,7.063,90,340,-1,-1,0,0
422.672,55.439,6.794,7.063,85,335,-1,-1,0,0
429.466,62.501,6.794,7.063,80,330,-1,-1,0,0
436.26,69.564,6.794,7.063,75,325,-1,-1,0,0
443.054,76.627,6.794,7.063,70,320,-1,-1,0,0
449.848,83.689,6.794,7.063,65,315,-1,-1,0,0
456.642,90.752,6.794,7.063,60,310,-1,-1,0,0
463.436,97.814,6.794,7.063,55,305,-1,-1,0,0
470.23,104.877,6.794,7.063,50,305,-1,0,0,0
477.024,111.94,6.794,7.063,45,305,-1,0,0,0
483.818,119.002,6.794,7.063,40,305,-1,0,0,0
490.612,126.065,6.794,7.063,40,305,0,0,0,0
497.406,133.128,6.794,7.063,40,305,0,0,0,0
504.2,140.19,6.794,7.063,40,305,0,0,0,0
510.994,147.253,6.794,7.063,40,305,0,0,0,0
517.788,154.316,6.794,7.063,40,305,0,0,0,0
524.583,161.378,6.794,7.063,40,305,0,0,0,0
531.377,168.441,6.794,7.063,40,305,0,0,0,0
538.171,175.504,6.794,7.063,40,305,0,0,0,0
544.965,182.566,6.794,7.063,40,305,0,0,0,0
551.759,189.629,6.794,7.063,40,305,0,0,0,0
558.553,196.692,6.794,7.063,40,305,0,0,0,0
565.347,203.754,6.794,7.063,40,310,0,1,0,0
572.141,210.817,6.794,7.063,40,315,0,1,0,0
578.935,217.88,6.794,7.063,40,320,0,1,0,0
585.729,224.942,6.794,7.063,40,325,0,1,0,0
592.523,232.005,6.794,7.063,45,330,1,1,0,0
599.317,239.068,6.794,7.063,50,335,1,1,0,0
606.111,246.13,6.794,7.063,55,340,1,1,0,0
612.905,253.193,6.794,7.063,60,345,1,1,0,0
619.699,260.256,6.794,7.063,65,350,1,1,0,0
626.493,267.318,6.794,7.063,70,355,1,1,0,0
633.287,274.381,6.794,7.063,75,360,1,1,0,0
640.081,281.443,6.794,7.063,80,365,1,1,0,0
646.875,288.506,6.794,7.063,85,365,1,0,0,0
653.669,295.569,6.794,7.063,90,365,1,0,0,0
660.463,302.631,6.794,7.063,90,365,0,0,0,0
667.257,309.694,6.794,7.063,90,365,0,0,0,0
674.051,316.757,6.794,7.063,90,365,0,0,0,0
680.845,323.819,6.794,7.063,90,365,0,0,0,0
687.639,330.882,6.794,7.063,90,365,0,0,0,0
694.433,337.945,6.794,7.063,90,365,0,0,0,0
701.227,345.007,6.794,7.063,90,365,0,0,0,0
708.022,352.07,6.794,7.063,90,365,0,0,0,0
714.816,359.133,6.794,7.063,90,365,0,0,0,0
721.61,366.195,6.794,7.063,90,370,0,1,0,0
728.404,373.258,6.794,7.063,90,375,0,1,0,0
735.198,380.321,6.794,7.063,90,380,0,1,0,0
741.992,387.383,6.794,7.063,90,385,0,1,0,0
748.786,394.446,6.794,7.063,90,385,0,0,0,0
751.0,401.509,-8.249,-5.827,90,385,0,0,0,0
742.751,395.681,-8.249,-5.827,90,380,0,-1,0,0
734.501,389.854,-8.249,-5.827,90,375,0,-1,0,0
726.252,384.027,-8.249,-5.827,90,370,0,-1,0,0
718.002,378.199,-8.249,-5.827,90,365,0,-1,0,0
709.753,372.372,-8.249,-5.827,90,365,0,0,0,0
701.504,366.545,-8.249,-5.827,95,365,1,0,0,0
693.254,360.717,-8.249,-5.827,100,365,1,0,0,0
685.005,354.89,-8.249,-5.827,105,365,1,0,0,0
676.755,349.063,-8.249,-5.827,110,365,1,0,0,0
668.506,343.235,-8.249,-5.827,115,365,1,0,0,0
660.257,337.408,-8.249,-5.827,120,365,1,0,0,0
652.007,331.581,-8.249,-5.827,125,365,1,0,0,0
643.758,325.754,-8.249,-5.827,130,365,1,0,0,0
635.509,319.926,-8.249,-5.827,135,365,1,0,0,0
627.259,314.099,-8.249,-5.827,140,365,1,0,0,0
619.01,308.272,-8.249,-5.827,145,365,1,0,0,0
610.76,302.444,-8.249,-5.827,150,365,1,0,0,0
602.511,296.617,-8.249,-5.827,155,365,1,0,0,0
594.262,290.79,-8.249,-5.827,160,365,1,0,0,0
586.012,284.962,-8.249,-5.827,165,365,1,0,0,0
577.763,279.135,-8.249,-5.827,170,365,1,0,0,0
569.513,273.308,-8.249,-5.827,175,365,1,0,0,0
561.264,267.48,-8.249,-5.827,180,365,1,0,0,0
553.015,261.653,-8.249,-5.827,175,365,-1,0,0,0
544.765,255.826,-8.249,-5.827,170,365,-1,0,0,0
536.516,249.999,-8.249,-5.827,165,365,-1,0,0,0
528.266,244.171,-8.249,-5.827,160,365,-1,0,0,0
520.017,238.344,-8.249,-5.827,155,365,-1,0,0,0
511.768,232.517,-8.249,-5.827,150,365,-1,0,0,0
503.518,226.689,-8.249,-5.827,145,365,-1,0,0,0
495.269,220.862,-8.249,-5.827,140,365,-1,0,0,0
487.02,215.035,-8.249,-5.827,135,365,-1,0,0,0
478.77,209.207,-8.249,-5.827,130,365,-1,0,0,0
470.521,203.38,-8.249,-5.827,125,365,-1,0,0,0
462.271,197.553,-8.249,-5.827,120,365,-1,0,0,0
454.022,191.725,-8.249,-5.827,115,365,-1,0,0,0
445.773,185.898,-8.249,-5.827,110,365,-1,0,0,0
437.523,180.071,-8.249,-5.827,105,365,-1,0,0,0
429.274,174.243,-8.249,-5.827,100,365,-1,0,0,0
421.024,168.416,-8.249,-5.827,95,365,-1,0,0,0
412.775,162.589,-8.249,-5.827,90,365,-1,0,0,0
404.526,156.762,-8.249,-5.827,85,365,-1,0,0,0
396.276,150.934,-8.249,-5.827,80,365,-1,0,0,0
388.027,145.107,-8.249,-5.827,75,365,-1,0,0,0
379.777,139.28,-8.249,-5.827,70,370,-1,1,0,0
371.528,133.452,-8.249,-5.827,65,375,-1,1,0,0
363.279,127.625,-8.249,-5.827,60,380,-1,1,0,0
355.029,121.798,-8.249,-5.827,55,385,-1,1,0,0
346.78,115.97,-8.249,-5.827,50,390,-1,1,0,0
338.53,110.143,-8.249,-5.827,45,395,-1,1,0,0
330.281,104.316,-8.249,-5.827,40,400,-1,1,0,0
322.032,98.488,-8.249,-5.827,35,405,-1,1,0,0
313.782,92.661,-8.249,-5.827,30,405,-1,0,0,0
305.533,86.834,-8.249,-5.827,25,405,-1,0,0,0
297.284,81.006,-8.249,-5.827,20,405,-1,0,0,0
289.034,75.179,-8.249,-5.827,15,405,-1,0,0,0
280.785,69.352,-8.249,-5.827,10,405,-1,0,0,0
272.535,63.525,-8.249,-5.827,5,405,-1,0,0,0
264.286,57.697,-8.249,-5.827,0,405,-1,0,0,0
256.037,51.87,-8.249,-5.827,0,405,-1,0,0,0
247.787,46.043,-8.249,-5.827,0,405,-1,0,0,0
239.538,40.215,-8.249,-5.827,0,405,-1,0,0,0
231.288,34.388,-8.249,-5.827,0,405,-1,0,0,0
223.039,28.561,-8.249,-5.827,0,400,-1,-1,0,0
214.79,22.733,-8.249,-5.827,0,395,-1,-1,0,0
206.54,16.906,-8.249,-5.827,0,390,-1,-1,0,0
198.291,11.079,-8.249,-5.827,0,385,-1,-1,0,0
190.041,6.0,-8.249,5.827,5,380,1,-1,0,0
181.792,11.827,-8.249,5.827,10,375,1,-1,0,0
173.543,17.655,-8.249,5.827,15,370,1,-1,0,0
165.293,23.482,-8.249,5.827,20,365,1,-1,0,0
157.044,29.309,-8.249,5.827,25,360,1,-1,0,0
148.794,35.137,-8.249,5.827,30,355,1,-1,0,0
140.545,40.964,-8.249,5.827,35,350,1,-1,0,0
132.296,46.791,-8.249,5.827,40,345,1,-1,0,0
124.046,52.618,-8.249,5.827,45,340,1,-1,0,0
115.797,58.446,-8.249,5.827,50,335,1,-1,0,0
107.548,64.273,-8.249,5.827,55,330,1,-1,0,0
99.298,70.1,-8.249,5.827,60,325,1,-1,0,0
91.049,75.928,-8.249,5.827,65,320,1,-1,0,0
82.799,81.755,-8.249,5.827,70,315,1,-1,0,0
74.55,87.582,-8.249,5.827,75,310,1,-1,0,0
66.301,93.41,-8.249,5.827,80,305,1,-1,0,0
58.051,99.237,-8.249,5.827,85,300,1,-1,0,0
49.802,105.064,-8.249,5.827,90,295,1,-1,0,0
49.0,110.892,8.396,-6.137,95,290,1,-1,0,0
57.396,104.755,8.396,-6.137,100,285,1,-1,0,0
65.793,98.618,8.396,-6.137,105,280,1,-1,0,0
74.189,92.481,8.396,-6.137,110,275,1,-1,0,0
82.586,86.344,8.396,-6.137,115,270,1,-1,0,0
90.982,80.208,8.396,-6.137,120,265,1,-1,0,0
99.378,74.071,8.396,-6.137,125,260,1,-1,0,0
107.775,67.934,8.396,-6.137,130,260,1,0,0,0
116.171,61.797,8.396,-6.137,135,260,1,0,0,0
124.568,55.66,8.396,-6.137,140,260,1,0,0,0
132.964,49.523,8.396,-6.137,145,260,1,0,0,0
141.36,43.387,8.396,-6.137,150,260,1,0,0,0
149.757,37.25,8.396,-6.137,155,260,1,0,0,0
158.153,31.113,8.396,-6.137,160,260,1,0,0,0
166.55,24.976,8.396,-6.137,165,260,1,0,0,0
174.946,18.839,8.396,-6.137,170,260,1,0,0,0
183.342,12.702,8.396,-6.137,175,260,1,0,0,0
191.739,6.566,8.396,-6.137,180,260,1,0,0,0
200.135,6.0,8.396,6.137,185,260,1,0,0,0
208.532,12.137,8.396,6.137,190,260,1,0,0,0
216.928,18.274,8.396,6.137,190,260,0,0,0,0
225.324,24.41,8.396,6.137,190,260,0,0,0,0
233.721,30.547,8.396,6.137,185,260,-1,0,0,0
242.117,36.684,8.396,6.137,180,260,-1,0,0,0
250.513,42.821,8.396,6.137,175,260,-1,0,0,0
258.91,48.958,8.396,6.137,170,260,-1,0,0,0
267.306,55.095,8.396,6.137,165,260,-1,0,0,0
275.703,61.231,8.396,6.137,160,260,-1,0,0,0
284.099,67.368,8.396,6.137,155,260,-1,0,0,0
292.495,73.505,8.396,6.137,150,260,-1,0,0,0
300.892,79.642,8.396,6.137,145,260,-1,0,0,0
309.288,85.779,8.396,6.137,140,260,-1,0,0,0
317.685,91.915,8.396,6.137,135,260,-1,0,0,0
326.081,98.052,8.396,6.137,130,260,-1,0,0,0
334.477,104.189,8.396,6.137,125,260,-1,0,0,0
342.874,110.326,8.396,6.137,120,260,-1,0,0,0
351.27,116.463,8.396,6.137,115,260,-1,0,0,0
359.667,122.6,8.396,6.137,110,260,-1,0,0,0
368.063,128.736,8.396,6.137,105,260,-1,0,0,0
376.459,134.873,8.396,6.137,110,260,1,0,0,0
384.856,141.01,8.396,6.137,115,260,1,0,0,0
393.252,147.147,8.396,6.137,120,260,1,0,0,0
401.649,153.284,8.396,6.137,125,260,1,0,0,0
410.045,159.42,8.396,6.137,130,260,1,0,0,0
418.441,165.557,8.396,6.137,135,260,1,0,0,0
426.838,171.694,8.396,6.137,140,260,1,0,0,0
435.234,177.831,8.396,6.137,145,260,1,0,0,0
443.631,183.968,8.396,6.137,150,260,1,0,0,0
452.027,190.105,8.396,6.137,155,260,1,0,0,0
460.423,196.241,8.396,6.137,160,260,1,0,0,0
468.82,202.378,8.396,6.137,165,260,1,0,0,0
477.216,208.515,8.396,6.137,170,260,1,0,0,0
485.613,214.652,8.396,6.137,175,260,1,0,0,0
494.009,220.789,8.396,6.137,180,260,1,0,0,0
502.405,226.925,8.396,6.137,185,260,1,0,0,0
510.802,233.062,8.396,6.137,190,260,1,0,0,0
519.198,239.199,8.396,6.137,195,260,1,0,0,0
527.595,245.336,8.396,6.137,200,260,1,0,0,0
535.991,251.473,8.396,6.137,205,260,1,0,0,0
544.387,257.61,8.396,6.137,210,260,1,0,0,0
552.784,263.746,8.396,6.137,215,260,1,0,0,0
561.18,269.883,8.396,6.137,220,260,1,0,0,0
569.576,276.02,8.396,6.137,225,260,1,0,0,0
577.973,282.157,8.396,6.137,230,260,1,0,0,0
586.369,288.294,8.396,6.137,235,260,1,0,0,0
594.766,294.431,8.396,6.137,240,260,1,0,0,0
603.162,300.567,8.396,6.137,245,260,1,0,0,0
611.558,306.704,8.396,6.137,250,260,1,0,0,0
619.955,312.841,8.396,6.137,255,260,1,0,0,0
628.351,318.978,8.396,6.137,255,260,0,0,0,0
636.748,325.115,8.396,6.137,255,260,0,0,0,0
645.144,331.251,8.396,6.137,255,265,0,1,0,0
653.54,337.388,8.396,6.137,255,270,0,1,0,0
661.937,343.525,8.396,6.137,255,275,0,1,0,0
670.333,349.662,8.396,6.137,255,280,0,1,0,0
678.73,355.799,8.396,6.137,255,285,0,1,0,0
687.126,361.936,8.396,6.137,255,290,0,1,0,0
695.522,368.072,8.396,6.137,255,295,0,1,0,0
703.919,374.209,8.396,6.137,255,300,0,1,0,0
712.315,380.346,8.396,6.137,255,305,0,1,0,0
720.712,386.483,8.396,6.137,255,310,0,1,0,0
729.108,392.62,8.396,6.137,255,315,0,1,0,0
737.504,398.756,8.396,6.137,255,320,0,1,0,0
745.901,404.893,8.396,6.137,255,325,0,1,0,0
751.0,411.03,-5.35,9.266,255,330,0,1,0,0
745.65,420.297,-5.35,9.266,255,335,0,1,0,0
740.3,429.563,-5.35,9.266,255,340,0,1,0,0
734.95,438.829,-5.35,9.266,255,345,0,1,0,0
729.6,448.096,-5.35,9.266,255,350,0,1,0,0
724.25,457.362,-5.35,9.266,255,355,0,1,0,0
718.9,466.629,-5.35,9.266,255,360,0,1,0,0
713.55,475.895,-5.35,9.266,255,365,0,1,0,0
708.2,485.162,-5.35,9.266,255,370,0,1,0,0
702.85,494.428,-5.35,9.266,255,375,0,1,0,0
697.5,503.695,-5.35,9.266,255,380,0,1,0,0
692.15,512.961,-5.35,9.266,255,385,0,1,0,0
686.8,522.228,-5.35,9.266,255,390,0,1,0,0
681.45,531.494,-5.35,9.266,255,390,0,0,0,0
676.1,540.761,-5.35,9.266,255,390,0,0,0,0
670.75,550.027,-5.35,9.266,255,390,0,0,0,0
665.4,559.294,-5.35,9.266,255,390,0,0,0,0
660.05,568.56,-5.35,9.266,255,390,0,0,0,0
654.7,577.827,-5.35,9.266,255,390,0,0,0,0
649.35,587.093,-5.35,9.266,255,390,0,0,0,0
644.0,594.0,-5.35,-9.266,255,390,0,0,0,0
638.65,584.734,-5.35,-9.266,255,390,0,0,0,0
633.3,575.467,-5.35,-9.266,255,390,0,0,0,0
627.95,566.201,-5.35,-9.266,255,390,0,0,0,0
622.6,556.934,-5.35,-9.266,255,390,0,0,0,0
617.25,547.668,-5.35,-9.266,255,390,0,0,0,0
611.9,538.401,-5.35,-9.266,255,390,0,0,0,0
606.55,529.135,-5.35,-9.266,255,390,0,0,0,0
601.2,519.868,-5.35,-9.266,255,390,0,0,0,0
595.85,510.602,-5.35,-9.266,255,395,0,1,0,0
590.5,501.335,-5.35,-9.266,255,400,0,1,0,0
585.15,492.069,-5.35,-9.266,255,405,0,1,0,0
579.8,482.802,-5.35,-9.266,255,410,0,1,0,0
574.45,473.536,-5.35,-9.266,255,415,0,1,0,0
569.1,464.269,-5.35,-9.266,255,420,0,1,0,0
563.75,455.003,-5.35,-9.266,255,420,0,0,0,0
558.4,445.736,-5.35,-9.266,255,420,0,0,0,0
553.05,436.47,-5.35,-9.266,255,420,0,0,0,0
547.7,427.204,-5.35,-9.266,255,420,0,0,0,0
542.35,417.937,-5.35,-9.266,255,420,0,0,0,0
537.0,408.671,-5.35,-9.266,255,420,0,0,0,0
531.65,399.404,-5.35,-9.266,255,420,0,0,0,0
526.3,390.138,-5.35,-9.266,255,420,0,0,0,0
520.95,380.871,-5.35,-9.266,250,420,-1,0,0,0
515.6,371.605,-5.35,-9.266,245,420,-1,0,0,0
510.25,362.338,-5.35,-9.266,240,420,-1,0,0,0
504.9,353.072,-5.35,-9.266,235,420,-1,0,0,0
499.55,343.805,-5.35,-9.266,230,420,-1,0,0,0
494.2,334.539,-5.35,-9.266,225,420,-1,0,0,0
488.85,325.272,-5.35,-9.266,220,420,-1,0,0,0
483.5,316.006,-5.35,-9.266,215,420,-1,0,0,0
478.15,306.739,-5.35,-9.266,210,420,-1,0,0,0
472.8,297.473,-5.35,-9.266,205,420,-1,0,0,0
467.45,288.206,-5.35,-9.266,200,420,-1,0,0,0
462.1,278.94,-5.35,-9.266,195,420,-1,0,0,0
456.75,269.673,-5.35,-9.266,190,420,-1,0,0,0
451.4,260.407,-5.35,-9.266,185,420,-1,0,0,0
446.05,251.141,-5.35,-9.266,180,420,-1,0,0,0
440.7,241.874,-5.35,-9.266,175,420,-1,0,0,0
435.35,232.608,-5.35,-9.266,170,420,-1,0,0,0
430.0,223.341,-5.35,-9.266,165,420,-1,0,0,0
424.65,214.075,-5.35,-9.266,160,420,-1,0,0,0
419.3,204.808,-5.35,-9.266,155,420,-1,0,0,0
413.95,195.542,-5.35,-9.266,150,420,-1,0,0,0
408.6,186.275,-5.35,-9.266,145,420,-1,0,0,0
403.25,177.009,-5.35,-9.266,140,420,-1,0,0,0
397.9,167.742,-5.35,-9.266,135,420,-1,0,0,0
392.55,158.476,-5.35,-9.266,130,420,-1,0,0,0
387.2,149.209,-5.35,-9.266,125,420,-1,0,0,0
381.85,139.943,-5.35,-9.266,120,420,-1,0,0,0
376.5,130.676,-5.35,-9.266,115,420,-1,0,0,0
371.15,121.41,-5.35,-9.266,110,420,-1,0,0,0
365.8,112.143,-5.35,-9.266,105,420,-1,0,0,0
360.45,102.877,-5.35,-9.266,100,420,-1,0,0,0
355.1,93.611,-5.35,-9.266,95,420,-1,0,0,0
349.75,84.344,-5.35,-9.266,90,420,-1,0,0,0
344.4,75.078,-5.35,-9.266,90,420,0,0,0,0
339.05,65.811,-5.35,-9.266,90,420,0,0,0,0
333.7,56.545,-5.35,-9.266,90,420,0,0,0,0
328.35,47.278,-5.35,-9.266,90,420,0,0,0,0
323.0,38.012,-5.35,-9.266,95,420,1,0,0,0
317.65,28.745,-5.35,-9.266,100,420,1,0,0,0
312.3,19.479,-5.35,-9.266,105,420,1,0,0,0
306.95,10.212,-5.35,-9.266,110,420,1,0,0,0
301.6,6.0,-5.35,9.266,115,420,1,0,0,0
296.25,15.266,-5.35,9.266,120,420,1,0,0,0
290.9,24.533,-5.35,9.266,125,420,1,0,0,0
285.55,33.799,-5.35,9.266,130,420,1,0,0,0
280.2,43.066,-5.35,9.266,135,420,1,0,0,0
274.85,52.332,-5.35,9.266,140,420,1,0,0,0
269.5,61.599,-5.35,9.266,145,420,1,0,0,0
264.15,70.865,-5.35,9.266,150,420,1,0,0,0
258.8,80.132,-5.35,9.266,155,420,1,0,0,0
253.45,89.398,-5.35,9.266,160,420,1,0,0,0
248.1,98.665,-5.35,9.266,165,420,1,0,0,0
242.75,107.931,-5.35,9.266,170,420,1,0,0,0
237.4,117.198,-5.35,9.266,175,420,1,0,0,0
232.05,126.464,-5.35,9.266,180,420,1,0,0,0
226.7,135.731,-5.35,9.266,185,420,1,0,0,0
221.35,144.997,-5.35,9.266,190,420,1,0,0,0
216.0,154.264,-5.35,9.266,190,420,0,0,0,0
210.65,163.53,-5.35,9.266,190,420,0,0,0,0
205.3,172.796,-5.35,9.266,190,420,0,0,0,0
199.95,182.063,-5.35,9.266,190,420,0,0,0,0
194.6,191.329,-5.35,9.266,190,420,0,0,0,0
189.25,200.596,-5.35,9.266,190,420,0,0,0,0
183.9,209.862,-5.35,9.266,190,420,0,0,0,0
178.55,219.129,-5.35,9.266,190,420,0,0,0,0
173.2,228.395,-5.35,9.266,195,420,1,0,0,0
167.85,237.662,-5.35,9.266,200,420,1,0,0,0
162.5,246.928,-5.35,9.266,205,420,1,0,0,0
157.15,256.195,-5.35,9.266,210,420,1,0,0,0
151.8,265.461,-5.35,9.266,215,420,1,0,0,0
146.45,274.728,-5.35,9.266,220,420,1,0,0,0
141.1,283.994,-5.35,9.266,225,420,1,0,0,0
135.75,293.261,-5.35,9.266,230,420,1,0,0,0
130.4,302.527,-5.35,9.266,235,420,1,0,0,0
125.05,311.794,-5.35,9.266,240,420,1,0,0,0
119.7,321.06,-5.35,9.266,245,420,1,0,0,0
114.35,330.327,-5.35,9.266,250,420,1,0,0,0
109.0,339.593,-5.35,9.266,255,420,1,0,0,0
103.65,348.859,-5.35,9.266,260,420,1,0,0,0
98.3,358.126,-5.35,9.266,265,420,1,0,0,0
92.95,367.392,-5.35,9.266,270,425,1,1,0,0
87.6,376.659,-5.35,9.266,275,430,1,1,0,0
82.25,385.925,-5.35,9.266,280,435,1,1,0,0
76.9,395.192,-5.35,9.266,285,440,1,1,0,0
71.55,404.458,-5.35,9.266,290,445,1,1,0,0
66.2,413.725,-5.35,9.266,295,450,1,1,0,0
60.85,422.991,-5.35,9.266,300,455,1,1,0,0
55.5,432.258,-5.35,9.266,305,460,1,1,0,0
50.15,441.524,-5.35,9.266,310,465,1,1,0,0
44.8,450.791,-5.35,9.266,315,470,1,1,0,0
39.45,460.057,-5.35,9.266,320,470,1,0,0,0
34.1,469.324,-5.35,9.266,325,470,1,0,0,0
28.75,478.59,-5.35,9.266,330,470,1,0,0,0
23.4,487.857,-5.35,9.266,335,470,1,0,0,0
18.05,497.123,-5.35,9.266,340,470,1,0,0,0
12.7,506.389,-5.35,9.266,345,470,1,0,0,0
7.35,515.656,-5.35,9.266,350,470,1,0,0,0
2.0,524.922,-5.35,9.266,355,470,1,0,0,0
-3.35,534.189,-5.35,9.266,360,470,1,0,0,0
400.0,300.0,4.038,2.948,365,470,1,0,0,1
404.038,302.948,4.038,2.948,365,470,0,0,0,0
408.077,305.896,4.038,2.948,365,470,0,0,0,0
412.115,308.844,4.038,2.948,365,470,0,0,0,0
416.154,311.792,4.038,2.948,365,470,0,0,0,0
420.192,314.74,4.038,2.948,365,470,0,0,0,0
424.231,317.688,4.038,2.948,365,470,0,0,0,0
428.269,320.636,4.038,2.948,365,470,0,0,0,0
432.308,323.584,4.038,2.948,365,470,0,0,0,0
436.346,326.532,4.038,2.948,365,470,0,0,0,0
440.384,329.481,4.038,2.948,365,470,0,0,0,0
444.423,332.429,4.038,2.948,365,470,0,0,0,0
448.461,335.377,4.038,2.948,365,470,0,0,0,0
452.5,338.325,4.038,2.948,365,470,0,0,0,0
456.538,341.273,4.038,2.948,365,470,0,0,0,0
460.577,344.221,4.038,2.948,365,470,0,0,0,0
464.615,347.169,4.038,2.948,365,470,0,0,0,0
468.653,350.117,4.038,2.948,365,470,0,0,0,0
472.692,353.065,4.038,2.948,365,470,0,0,0,0
476.73,356.013,4.038,2.948,365,470,0,0,0,0
480.769,358.961,4.038,2.948,365,470,0,0,0,0
484.807,361.909,4.038,2.948,365,470,0,0,0,0
488.846,364.857,4.038,2.948,365,470,0,0,0,0
492.884,367.805,4.038,2.948,365,470,0,0,0,0
496.923,370.753,4.038,2.948,365,470,0,0,0,0
500.961,373.701,4.038,2.948,365,470,0,0,0,0
504.999,376.649,4.038,2.948,365,470,0,0,0,0
509.038,379.597,4.038,2.948,365,470,0,0,0,0
513.076,382.545,4.038,2.948,365,470,0,0,0,0
517.115,385.494,4.038,2.948,365,470,0,0,0,0
521.153,388.442,4.038,2.948,365,470,0,0,0,0
525.192,391.39,4.038,2.948,365,470,0,0,0,0
529.23,394.338,4.038,2.948,365,470,0,0,0,0
533.268,397.286,4.038,2.948,365,470,0,0,0,0
537.307,400.234,4.038,2.948,365,470,0,0,0,0
541.345,403.182,4.038,2.948,365,470,0,0,0,0
545.384,406.13,4.038,2.948,365,470,0,0,0,0
549.422,409.078,4.038,2.948,365,470,0,0,0,0
553.461,412.026,4.038,2.948,365,470,0,0,0,0
557.499,414.974,4.038,2.948,365,470,0,0,0,0
561.538,417.922,4.038,2.948,365,470,0,0,0,0
565.576,420.87,4.038,2.948,365,470,0,0,0,0
569.614,423.818,4.038,2.948,365,470,0,0,0,0
573.653,426.766,4.038,2.948,365,465,0,-1,0,0
577.691,429.714,4.038,2.948,365,460,0,-1,0,0
581.73,432.662,4.038,2.948,365,455,0,-1,0,0
585.768,435.61,4.038,2.948,365,450,0,-1,0,0
589.807,438.558,4.038,2.948,365,445,0,-1,0,0
593.845,441.506,4.038,2.948,365,440,0,-1,0,0
597.884,444.455,4.038,2.948,365,435,0,-1,0,0
601.922,447.403,4.038,2.948,365,435,0,0,0,0
605.96,450.351,4.038,2.948,370,435,1,0,0,0
609.999,453.299,4.038,2.948,375,435,1,0,0,0
614.037,456.247,4.038,2.948,380,435,1,0,0,0
618.076,459.195,4.038,2.948,385,435,1,0,0,0
622.114,462.143,4.038,2.948,390,435,1,0,0,0
626.153,465.091,4.038,2.948,395,435,1,0,0,0
630.191,468.039,4.038,2.948,400,435,1,0,0,0
634.229,470.987,4.038,2.948,405,435,1,0,0,0
638.268,473.935,4.038,2.948,405,435,0,0,0,0
642.306,476.883,4.038,2.948,405,435,0,0,0,0
646.345,479.831,4.038,2.948,405,435,0,0,0,0
650.383,482.779,4.038,2.948,405,435,0,0,0,0
654.422,485.727,4.038,2.948,405,435,0,0,0,0
658.46,488.675,4.038,2.948,405,435,0,0,0,0
662.499,491.623,4.038,2.948,405,435,0,0,0,0
666.537,494.571,4.038,2.948,405,435,0,0,0,0
670.575,497.519,4.038,2.948,405,435,0,0,0,0
674.614,500.468,4.038,2.948,405,435,0,0,0,0
678.652,503.416,4.038,2.948,405,435,0,0,0,0
682.691,506.364,4.038,2.948,405,435,0,0,0,0
686.729,509.312,4.038,2.948,405,435,0,0,0,0
690.768,512.26,4.038,2.948,405,435,0,0,0,0
694.806,515.208,4.038,2.948,405,435,0,0,0,0
698.844,518.156,4.038,2.948,405,435,0,0,0,0
702.883,521.104,4.038,2.948,405,435,0,0,0,0
706.921,524.052,4.038,2.948,410,435,1,0,0,0
710.96,527.0,4.038,2.948,415,435,1,0,0,0
714.998,529.948,4.038,2.948,420,435,1,0,0,0
719.037,532.896,4.038,2.948,425,435,1,0,0,0
723.075,535.844,4.038,2.948,430,435,1,0,0,0
727.114,538.792,4.038,2.948,435,435,1,0,0,0
731.152,541.74,4.038,2.948,440,440,1,1,0,0
735.19,544.688,4.038,2.948,445,445,1,1,0,0
739.229,547.636,4.038,2.948,445,450,0,1,0,0
743.267,550.584,4.038,2.948,445,455,0,1,0,0
747.306,553.532,4.038,2.948,445,460,0,1,0,0
751.344,556.481,4.038,2.948,445,465,0,1,0,0
755.383,559.429,4.038,2.948,445,470,0,1,0,0
759.421,562.377,4.038,2.948,445,475,0,1,0,0
751.0,565.325,-2.65,4.59,445,480,0,1,0,0
748.35,569.915,-2.65,4.59,445,485,0,1,0,0
745.7,574.505,-2.65,4.59,445,490,0,1,0,0
743.05,579.094,-2.65,4.59,445,495,0,1,0,0
740.4,583.684,-2.65,4.59,445,500,0,1,0,0
737.75,588.274,-2.65,4.59,445,505,0,1,0,0
735.1,592.864,-2.65,4.59,445,510,0,1,0,0
732.45,594.0,-2.65,-4.59,445,515,0,1,0,0
729.8,589.41,-2.65,-4.59,445,520,0,1,0,0
727.15,584.82,-2.65,-4.59,445,520,0,1,0,0
724.5,580.23,-2.65,-4.59,445,520,0,1,0,0
721.85,575.64,-2.65,-4.59,445,520,0,1,0,0
719.2,571.05,-2.65,-4.59,445,520,0,1,0,0
716.55,566.46,-2.65,-4.59,445,520,0,1,0,0
713.9,561.87,-2.65,-4.59,445,520,0,1,0,0
711.25,557.281,-2.65,-4.59,445,520,0,1,0,0
708.6,552.691,-2.65,-4.59,445,520,0,1,0,0
705.95,548.101,-2.65,-4.59,445,520,0,1,0,0
703.3,543.511,-2.65,-4.59,445,520,0,1,0,0
700.65,538.921,-2.65,-4.59,445,520,0,1,0,0
698.0,534.331,-2.65,-4.59,445,520,0,1,0,0
695.35,529.741,-2.65,-4.59,445,520,0,0,0,0
692.7,525.151,-2.65,-4.59,445,520,0,0,0,0
690.05,520.561,-2.65,-4.59,445,520,0,0,0,0
687.4,515.971,-2.65,-4.59,445,520,0,0,0,0
684.75,511.381,-2.65,-4.59,445,520,0,0,0,0
682.1,506.791,-2.65,-4.59,440,520,-1,0,0,0
679.45,502.201,-2.65,-4.59,435,520,-1,0,0,0
676.8,497.611,-2.65,-4.59,430,520,-1,0,0,0
674.15,493.021,-2.65,-4.59,425,520,-1,0,0,0
671.5,488.432,-2.65,-4.59,420,520,-1,0,0,0
668.85,483.842,-2.65,-4.59,415,520,-1,0,0,0
666.2,479.252,-2.65,-4.59,410,520,-1,0,0,0
663.55,474.662,-2.65,-4.59,405,520,-1,0,0,0
660.9,470.072,-2.65,-4.59,400,520,-1,0,0,0
658.25,465.482,-2.65,-4.59,395,520,-1,0,0,0
655.6,460.892,-2.65,-4.59,390,520,-1,0,0,0
652.95,456.302,-2.65,-4.59,385,520,-1,0,0,0
650.3,451.712,-2.65,-4.59,380,520,-1,0,0,0
647.65,447.122,-2.65,-4.59,375,520,-1,0,0,0
645.0,442.532,-2.65,-4.59,370,520,-1,0,0,0
642.35,437.942,-2.65,-4.59,365,520,-1,0,0,0
639.7,433.352,-2.65,-4.59,360,520,-1,0,0,0
637.05,428.762,-2.65,-4.59,355,520,-1,0,0,0
634.4,424.172,-2.65,-4.59,350,520,-1,0,0,0
631.75,419.582,-2.65,-4.59,345,520,-1,0,0,0
629.1,414.993,-2.65,-4.59,340,520,-1,0,0,0
626.45,410.403,-2.65,-4.59,335,520,-1,0,0,0
623.8,405.813,-2.65,-4.59,330,520,-1,0,0,0
621.15,401.223,-2.65,-4.59,325,520,-1,0,0,0
618.5,396.633,-2.65,-4.59,320,520,-1,0,0,0
615.85,392.043,-2.65,-4.59,315,520,-1,0,0,0
613.2,387.453,-2.65,-4.59,310,520,-1,0,0,0
610.55,382.863,-2.65,-4.59,305,520,-1,0,0,0
607.9,378.273,-2.65,-4.59,300,520,-1,0,0,0
605.25,373.683,-2.65,-4.59,295,520,-1,0,0,0
602.6,369.093,-2.65,-4.59,290,520,-1,0,0,0
599.95,364.503,-2.65,-4.59,285,520,-1,0,0,0
597.3,359.913,-2.65,-4.59,280,520,-1,0,0,0
594.65,355.323,-2.65,-4.59,275,520,-1,0,0,0
592.0,350.733,-2.65,-4.59,270,520,-1,0,0,0
589.35,346.144,-2.65,-4.59,265,520,-1,0,0,0
586.7,341.554,-2.65,-4.59,260,520,-1,0,0,0
584.05,336.964,-2.65,-4.59,255,520,-1,0,0,0
581.4,332.374,-2.65,-4.59,250,520,-1,0,0,0
578.75,327.784,-2.65,-4.59,245,520,-1,0,0,0
576.1,323.194,-2.65,-4.59,245,520,0,0,0,0
573.45,318.604,-2.65,-4.59,245,520,0,0,0,0
570.8,314.014,-2.65,-4.59,245,520,0,0,0,0
568.15,309.424,-2.65,-4.59,245,520,0,0,0,0
565.5,304.834,-2.65,-4.59,245,520,0,0,0,0
562.85,300.244,-2.65,-4.59,245,520,0,0,0,0
560.2,295.654,-2.65,-4.59,245,520,0,0,0,0
557.55,291.064,-2.65,-4.59,245,520,0,0,0,0
554.9,286.474,-2.65,-4.59,245,520,0,0,0,0
552.25,281.884,-2.65,-4.59,245,520,0,0,0,0
549.6,277.295,-2.65,-4.59,245,520,0,0,0,0
546.95,272.705,-2.65,-4.59,245,520,0,0,0,0
544.3,268.115,-2.65,-4.59,245,520,0,0,0,0
541.65,263.525,-2.65,-4.59,245,520,0,0,0,0
539.0,258.935,-2.65,-4.59,245,520,0,0,0,0
536.35,254.345,-2.65,-4.59,245,520,0,0,0,0
533.7,249.755,-2.65,-4.59,245,520,0,0,0,0
531.05,245.165,-2.65,-4.59,245,520,0,0,0,0
528.4,240.575,-2.65,-4.59,245,520,0,0,0,0
525.75,235.985,-2.65,-4.59,245,520,0,0,0,0
523.1,231.395,-2.65,-4.59,245,520,0,0,0,0
520.45,226.805,-2.65,-4.59,245,520,0,0,0,0
517.8,222.215,-2.65,-4.59,245,520,0,0,0,0
515.15,217.625,-2.65,-4.59,245,520,0,0,0,0
512.5,213.035,-2.65,-4.59,245,520,0,0,0,0
509.85,208.445,-2.65,-4.59,245,520,0,0,0,0
507.2,203.856,-2.65,-4.59,245,520,0,0,0,0
504.55,199.266,-2.65,-4.59,245,520,0,0,0,0
501.9,194.676,-2.65,-4.59,245,520,0,0,0,0
499.25,190.086,-2.65,-4.59,245,520,0,0,0,0
496.6,185.496,-2.65,-4.59,245,520,0,0,0,0
493.95,180.906,-2.65,-4.59,245,520,0,0,0,0
491.3,176.316,-2.65,-4.59,245,520,0,0,0,0
488.65,171.726,-2.65,-4.59,245,520,0,0,0,0
486.0,167.136,-2.65,-4.59,245,520,0,0,0,0
483.35,162.546,-2.65,-4.59,245,520,0,0,0,0
480.7,157.956,-2.65,-4.59,245,520,0,0,0,0
478.05,153.366,-2.65,-4.59,245,520,0,0,0,0
475.4,148.776,-2.65,-4.59,245,520,0,0,0,0
472.75,144.186,-2.65,-4.59,245,520,0,0,0,0
470.1,139.596,-2.65,-4.59,245,520,0,0,0,0
467.45,135.007,-2.65,-4.59,245,520,0,0,0,0
464.8,130.417,-2.65,-4.59,245,520,0,0,0,0
462.15,125.827,-2.65,-4.59,245,520,0,0,0,0
459.5,121.237,-2.65,-4.59,245,520,0,0,0,0
456.85,116.647,-2.65,-4.59,245,520,0,0,0,0
454.2,112.057,-2.65,-4.59,245,520,0,0,0,0
451.55,107.467,-2.65,-4.59,245,520,0,0,0,0
448.9,102.877,-2.65,-4.59,245,520,0,0,0,0
446.25,98.287,-2.65,-4.59,245,520,0,0,0,0
443.6,93.697,-2.65,-4.59,245,520,0,0,0,0
440.95,89.107,-2.65,-4.59,245,520,0,0,0,0
438.3,84.517,-2.65,-4.59,245,520,0,0,0,0
435.65,79.927,-2.65,-4.59,245,520,0,0,0,0
433.0,75.337,-2.65,-4.59,245,520,0,0,0,0
430.35,70.747,-2.65,-4.59,245,520,0,0,0,0
427.7,66.158,-2.65,-4.59,245,520,0,0,0,0
425.05,61.568,-2.65,-4.59,245,520,0,0,0,0
422.4,56.978,-2.65,-4.59,245,520,0,0,0,0
419.75,52.388,-2.65,-4.59,245,520,0,0,0,0
417.1,47.798,-2.65,-4.59,245,520,0,0,0,0
414.45,43.208,-2.65,-4.59,245,520,0,0,0,0
411.8,38.618,-2.65,-4.59,245,520,0,0,0,0
409.15,34.028,-2.65,-4.59,245,520,0,0,0,0
406.5,29.438,-2.65,-4.59,245,520,0,0,0,0
403.85,24.848,-2.65,-4.59,245,520,0,0,0,0
401.2,20.258,-2.65,-4.59,245,520,0,0,0,0
398.55,15.668,-2.65,-4.59,245,520,0,0,0,0
395.9,11.078,-2.65,-4.59,245,520,0,0,0,0
393.25,6.488,-2.65,-4.59,245,520,0,0,0,0
390.6,6.0,-2.65,4.59,245,520,0,0,0,0
387.95,10.59,-2.65,4.59,245,520,0,0,0,0
385.3,15.18,-2.65,4.59,245,520,0,0,0,0
382.65,19.77,-2.65,4.59,245,520,0,0,0,0
380.0,24.36,-2.65,4.59,245,520,0,0,0,0
377.35,28.95,-2.65,4.59,245,520,0,0,0,0
374.7,33.54,-2.65,4.59,245,520,0,0,0,0
372.05,38.13,-2.65,4.59,245,520,0,0,0,0
369.4,42.719,-2.65,4.59,245,520,0,0,0,0
366.75,47.309,-2.65,4.59,245,520,0,0,0,0
364.1,51.899,-2.65,4.59,245,520,0,0,0,0
361.45,56.489,-2.65,4.59,245,520,0,0,0,0
358.8,61.079,-2.65,4.59,245,520,0,0,0,0
356.15,65.669,-2.65,4.59,245,520,0,0,0,0
353.5,70.259,-2.65,4.59,245,520,0,0,0,0
350.85,74.849,-2.65,4.59,250,520,1,0,0,0
348.2,79.439,-2.65,4.59,255,520,1,0,0,0
345.55,84.029,-2.65,4.59,260,520,1,0,0,0
342.9,88.619,-2.65,4.59,265,520,1,0,0,0
340.25,93.209,-2.65,4.59,265,520,0,0,0,0
337.6,97.799,-2.65,4.59,265,520,0,0,0,0
334.95,102.389,-2.65,4.59,265,520,0,0,0,0
332.3,106.979,-2.65,4.59,265,520,0,0,0,0
329.65,111.568,-2.65,4.59,265,520,0,0,0,0
327.0,116.158,-2.65,4.59,265,520,0,0,0,0
324.35,120.748,-2.65,4.59,265,520,0,0,0,0
321.7,125.338,-2.65,4.59,265,520,0,0,0,0
319.05,129.928,-2.65,4.59,265,520,0,0,0,0
316.4,134.518,-2.65,4.59,265,520,0,0,0,0
313.75,139.108,-2.65,4.59,265,520,0,0,0,0
311.1,143.698,-2.65,4.59,265,520,0,0,0,0
308.45,148.288,-2.65,4.59,265,520,0,0,0,0
305.8,152.878,-2.65,4.59,265,520,0,0,0,0
303.15,157.468,-2.65,4.59,265,520,0,0,0,0
300.5,162.058,-2.65,4.59,265,520,0,0,0,0
297.85,166.648,-2.65,4.59,265,520,0,0,0,0
295.2,171.238,-2.65,4.59,265,520,0,0,0,0
292.55,175.828,-2.65,4.59,265,520,0,0,0,0
289.9,180.418,-2.65,4.59,265,520,0,0,0,0
287.25,185.007,-2.65,4.59,265,520,0,0,0,0
284.6,189.597,-2.65,4.59,265,520,0,0,0,0
281.95,194.187,-2.65,4.59,265,520,0,0,0,0
279.3,198.777,-2.65,4.59,270,520,1,0,0,0
276.65,203.367,-2.65,4.59,275,520,1,0,0,0
274.0,207.957,-2.65,4.59,280,520,1,0,0,0
271.35,212.547,-2.65,4.59,285,520,1,0,0,0
268.7,217.137,-2.65,4.59,290,520,1,0,0,0
266.05,221.727,-2.65,4.59,295,520,1,0,0,0
263.4,226.317,-2.65,4.59,300,520,1,0,0,0
260.75,230.907,-2.65,4.59,305,520,1,0,0,0
258.1,235.497,-2.65,4.59,310,520,1,0,0,0
255.45,240.087,-2.65,4.59,315,520,1,0,0,0
252.8,244.677,-2.65,4.59,320,520,1,0,0,0
250.15,249.267,-2.65,4.59,325,520,1,0,0,0
247.5,253.856,-2.65,4.59,330,520,1,0,0,0
244.85,258.446,-2.65,4.59,335,520,1,0,0,0
242.2,263.036,-2.65,4.59,340,520,1,0,0,0
239.55,267.626,-2.65,4.59,345,520,1,0,0,0
236.9,272.216,-2.65,4.59,350,520,1,0,0,0
234.25,276.806,-2.65,4.59,355,520,1,0,0,0
231.6,281.396,-2.65,4.59,360,520,1,0,0,0
228.95,285.986,-2.65,4.59,365,520,1,0,0,0
226.3,290.576,-2.65,4.59,370,520,1,0,0,0
223.65,295.166,-2.65,4.59,375,520,1,0,0,0
221.0,299.756,-2.65,4.59,380,520,1,0,0,0
218.35,304.346,-2.65,4.59,380,520,0,0,0,0
215.7,308.936,-2.65,4.59,380,520,0,0,0,0
213.05,313.526,-2.65,4.59,380,520,0,0,0,0
210.4,318.116,-2.65,4.59,380,520,0,0,0,0
207.75,322.705,-2.65,4.59,380,520,0,0,0,0
205.1,327.295,-2.65,4.59,380,520,0,0,0,0
202.45,331.885,-2.65,4.59,380,520,0,0,0,0
199.8,336.475,-2.65,4.59,380,520,0,0,0,0
197.15,341.065,-2.65,4.59,380,520,0,0,0,0
194.5,345.655,-2.65,4.59,380,520,0,0,0,0
191.85,350.245,-2.65,4.59,385,520,1,0,0,0
189.2,354.835,-2.65,4.59,390,520,1,0,0,0
186.55,359.425,-2.65,4.59,395,520,1,0,0,0
183.9,364.015,-2.65,4.59,400,520,1,0,0,0
181.25,368.605,-2.65,4.59,405,520,1,0,0,0
178.6,373.195,-2.65,4.59,410,520,1,0,0,0
175.95,377.785,-2.65,4.59,415,520,1,0,0,0
173.3,382.375,-2.65,4.59,420,520,1,0,0,0
170.65,386.965,-2.65,4.59,425,520,1,0,0,0
168.0,391.555,-2.65,4.59,425,520,0,0,0,0
165.35,396.144,-2.65,4.59,425,520,0,0,0,0
162.7,400.734,-2.65,4.59,425,520,0,0,0,0
160.05,405.324,-2.65,4.59,425,520,0,0,0,0
157.4,409.914,-2.65,4.59,425,520,0,0,0,0
154.75,414.504,-2.65,4.59,430,520,1,0,0,0
152.1,419.094,-2.65,4.59,435,520,1,0,0,0
149.45,423.684,-2.65,4.59,440,520,1,0,0,0
146.8,428.274,-2.65,4.59,445,520,1,0,0,0
144.15,432.864,-2.65,4.59,450,520,1,0,0,0
141.5,437.454,-2.65,4.59,455,520,1,0,0,0
138.85,442.044,-2.65,4.59,460,520,1,0,0,0
136.2,446.634,-2.65,4.59,460,520,0,0,0,0
133.55,451.224,-2.65,4.59,460,520,0,0,0,0
130.9,455.814,-2.65,4.59,460,520,0,0,0,0
128.25,460.404,-2.65,4.59,460,520,0,0,0,0
125.6,464.993,-2.65,4.59,460,520,0,0,0,0
122.95,469.583,-2.65,4.59,460,520,0,0,0,0
120.3,474.173,-2.65,4.59,460,520,0,0,0,0
117.65,478.763,-2.65,4.59,460,520,0,0,0,0
115.0,483.353,-2.65,4.59,465,520,1,0,0,0
112.35,487.943,-2.65,4.59,470,520,1,0,0,0
109.7,492.533,-2.65,4.59,475,520,1,0,0,0
107.05,497.123,-2.65,4.59,480,520,1,0,0,0
104.4,501.713,-2.65,4.59,485,520,1,0,0,0
101.75,506.303,-2.65,4.59,490,520,1,0,0,0
99.1,510.893,-2.65,4.59,495,520,1,0,0,0
96.45,515.483,-2.65,4.59,500,520,1,0,0,0
93.8,520.073,-2.65,4.59,505,520,1,0,0,0
91.15,524.663,-2.65,4.59,510,520,1,0,0,0
88.5,529.253,-2.65,4.59,515,520,1,0,0,0
85.85,533.842,-2.65,4.59,520,520,1,0,0,0
83.2,538.432,-2.65,4.59,520,520,1,0,0,0
80.55,543.022,-2.65,4.59,520,520,1,0,0,0
77.9,547.612,-2.65,4.59,520,520,1,0,0,0
75.25,552.202,-2.65,4.59,520,520,1,0,0,0
72.6,556.792,-2.65,4.59,520,520,0,0,0,0
69.95,561.382,-2.65,4.59,520,520,0,0,0,0
67.3,565.972,-2.65,4.59,520,520,0,0,0,0
64.65,570.562,-2.65,4.59,520,520,0,0,0,0
62.0,575.152,-2.65,4.59,520,520,0,0,0,0
59.35,579.742,-2.65,4.59,520,520,0,0,0,0
56.7,584.332,-2.65,4.59,520,520,0,0,0,0
54.05,588.922,-2.65,4.59,520,520,0,0,0,0
51.4,593.512,-2.65,4.59,520,520,0,0,0,0
48.75,594.0,-2.65,-4.59,520,520,0,0,0,0
49.0,589.41,4.02,3.898,520,520,0,0,0,0
53.02,593.308,4.02,3.898,520,520,0,0,0,0
57.041,594.0,4.02,-3.898,520,520,0,0,0,0
61.061,590.102,4.02,-3.898,520,520,0,0,0,0
65.082,586.204,4.02,-3.898,520,520,0,0,0,0
69.102,582.305,4.02,-3.898,520,520,0,0,0,0
73.123,578.407,4.02,-3.898,520,520,0,0,0,0
77.143,574.509,4.02,-3.898,515,520,-1,0,0,0
81.164,570.611,4.02,-3.898,510,520,-1,0,0,0
85.184,566.713,4.02,-3.898,505,520,-1,0,0,0
89.205,562.815,4.02,-3.898,500,520,-1,0,0,0
93.225,558.916,4.02,-3.898,495,520,-1,0,0,0
97.246,555.018,4.02,-3.898,490,520,-1,0,0,0
101.266,551.12,4.02,-3.898,485,520,-1,0,0,0
105.287,547.222,4.02,-3.898,480,520,-1,0,0,0
109.307,543.324,4.02,-3.898,475,520,-1,0,0,0
113.328,539.426,4.02,-3.898,470,520,-1,0,0,0
117.348,535.527,4.02,-3.898,465,520,-1,0,0,0
121.369,531.629,4.02,-3.898,460,520,-1,0,0,0
125.389,527.731,4.02,-3.898,455,520,-1,0,0,0
129.41,523.833,4.02,-3.898,450,520,-1,0,0,0
133.43,519.935,4.02,-3.898,445,520,-1,0,0,0
137.451,516.037,4.02,-3.898,440,520,-1,0,0,0
141.471,512.138,4.02,-3.898,435,520,-1,0,0,0
145.492,508.24,4.02,-3.898,430,520,-1,0,0,0
149.512,504.342,4.02,-3.898,425,520,-1,0,0,0
153.532,500.444,4.02,-3.898,420,520,-1,0,0,0
157.553,496.546,4.02,-3.898,415,520,-1,0,0,0
161.573,492.648,4.02,-3.898,410,520,-1,0,0,0
165.594,488.749,4.02,-3.898,405,520,-1,0,0,0
169.614,484.851,4.02,-3.898,400,520,-1,0,0,0
173.635,480.953,4.02,-3.898,395,520,-1,0,0,0
177.655,477.055,4.02,-3.898,390,520,-1,0,0,0
181.676,473.157,4.02,-3.898,385,520,-1,0,0,0
185.696,469.259,4.02,-3.898,380,520,-1,0,0,0
189.717,465.36,4.02,-3.898,375,520,-1,0,0,0
193.737,461.462,4.02,-3.898,370,520,-1,0,0,0
197.758,457.564,4.02,-3.898,365,520,-1,0,0,0
201.778,453.666,4.02,-3.898,360,520,-1,0,0,0
205.799,449.768,4.02,-3.898,355,520,-1,0,0,0
209.819,445.869,4.02,-3.898,350,520,-1,0,0,0
213.84,441.971,4.02,-3.898,345,520,-1,0,0,0
217.86,438.073,4.02,-3.898,340,520,-1,0,0,0
221.881,434.175,4.02,-3.898,335,520,-1,0,0,0
225.901,430.277,4.02,-3.898,330,520,-1,0,0,0
229.922,426.379,4.02,-3.898,325,520,-1,0,0,0
233.942,422.48,4.02,-3.898,320,520,-1,0,0,0
237.963,418.582,4.02,-3.898,315,520,-1,0,0,0
241.983,414.684,4.02,-3.898,310,515,-1,-1,0,0
246.004,410.786,4.02,-3.898,305,510,-1,-1,0,0
250.024,406.888,4.02,-3.898,300,505,-1,-1,0,0
254.044,402.99,4.02,-3.898,295,500,-1,-1,0,0
258.065,399.091,4.02,-3.898,290,495,-1,-1,0,0
262.085,395.193,4.02,-3.898,285,490,-1,-1,0,0
266.106,391.295,4.02,-3.898,280,485,-1,-1,0,0
270.126,387.397,4.02,-3.898,280,480,0,-1,0,0
274.147,383.499,4.02,-3.898,280,475,0,-1,0,0
278.167,379.601,4.02,-3.898,280,470,0,-1,0,0
282.188,375.702,4.02,-3.898,280,465,0,-1,0,0
286.208,371.804,4.02,-3.898,280,460,0,-1,0,0
290.229,367.906,4.02,-3.898,280,455,0,-1,0,0
294.249,364.008,4.02,-3.898,280,450,0,-1,0,0
298.27,360.11,4.02,-3.898,280,445,0,-1,0,0
302.29,356.212,4.02,-3.898,280,440,0,-1,0,0
306.311,352.313,4.02,-3.898,280,435,0,-1,0,0
310.331,348.415,4.02,-3.898,280,430,0,-1,0,0
314.352,344.517,4.02,-3.898,280,425,0,-1,0,0
318.372,340.619,4.02,-3.898,280,420,0,-1,0,0
322.393,336.721,4.02,-3.898,280,415,0,-1,0,0
326.413,332.823,4.02,-3.898,280,410,0,-1,0,0
330.434,328.924,4.02,-3.898,280,405,0,-1,0,0
334.454,325.026,4.02,-3.898,280,400,0,-1,0,0
338.475,321.128,4.02,-3.898,280,395,0,-1,0,0
342.495,317.23,4.02,-3.898,280,390,0,-1,0,0
346.516,313.332,4.02,-3.898,280,385,0,-1,0,0
350.536,309.433,4.02,-3.898,280,380,0,-1,0,0
354.556,305.535,4.02,-3.898,280,375,0,-1,0,0
358.577,301.637,4.02,-3.898,280,370,0,-1,0,0
362.597,297.739,4.02,-3.898,280,365,0,-1,0,0
366.618,293.841,4.02,-3.898,280,360,0,-1,0,0
370.638,289.943,4.02,-3.898,280,355,0,-1,0,0
374.659,286.044,4.02,-3.898,280,350,0,-1,0,0
378.679,282.146,4.02,-3.898,280,345,0,-1,0,0
382.7,278.248,4.02,-3.898,280,340,0,-1,0,0
386.72,274.35,4.02,-3.898,280,335,0,-1,0,0
390.741,270.452,4.02,-3.898,280,330,0,-1,0,0
394.761,266.554,4.02,-3.898,280,325,0,-1,0,0
398.782,262.655,4.02,-3.898,280,320,0,-1,0,0
402.802,258.757,4.02,-3.898,280,315,0,-1,0,0
406.823,254.859,4.02,-3.898,280,310,0,-1,0,0
410.843,250.961,4.02,-3.898,280,305,0,-1,0,0
414.864,247.063,4.02,-3.898,280,300,0,-1,0,0
418.884,243.165,4.02,-3.898,280,295,0,-1,0,0
422.905,239.266,4.02,-3.898,280,290,0,-1,0,0
426.925,235.368,4.02,-3.898,280,285,0,-1,0,0
430.946,231.47,4.02,-3.898,280,280,0,-1,0,0
434.966,227.572,4.02,-3.898,280,275,0,-1,0,0
438.987,223.674,4.02,-3.898,280,270,0,-1,0,0
443.007,219.776,4.02,-3.898,280,265,0,-1,0,0
447.028,215.877,4.02,-3.898,280,260,0,-1,0,0
451.048,211.979,4.02,-3.898,280,255,0,-1,0,0
455.068,208.081,4.02,-3.898,280,250,0,-1,0,0
459.089,204.183,4.02,-3.898,280,245,0,-1,0,0
463.109,200.285,4.02,-3.898,280,240,0,-1,0,0
467.13,196.387,4.02,-3.898,280,235,0,-1,0,0
471.15,192.488,4.02,-3.898,280,230,0,-1,0,0
475.171,188.59,4.02,-3.898,280,225,0,-1,0,0
479.191,184.692,4.02,-3.898,280,220,0,-1,0,0
483.212,180.794,4.02,-3.898,280,215,0,-1,0,0
487.232,176.896,4.02,-3.898,280,210,0,-1,0,0
491.253,172.998,4.02,-3.898,280,205,0,-1,0,0
495.273,169.099,4.02,-3.898,280,200,0,-1,0,0
499.294,165.201,4.02,-3.898,280,195,0,-1,0,0
503.314,161.303,4.02,-3.898,280,190,0,-1,0,0
507.335,157.405,4.02,-3.898,280,185,0,-1,0,0
511.355,153.507,4.02,-3.898,280,180,0,-1,0,0
515.376,149.608,4.02,-3.898,280,175,0,-1,0,0
519.396,145.71,4.02,-3.898,280,170,0,-1,0,0
523.417,141.812,4.02,-3.898,280,165,0,-1,0,0
527.437,137.914,4.02,-3.898,280,160,0,-1,0,0
531.458,134.016,4.02,-3.898,280,155,0,-1,0,0
535.478,130.118,4.02,-3.898,280,150,0,-1,0,0
539.499,126.219,4.02,-3.898,280,145,0,-1,0,0
543.519,122.321,4.02,-3.898,280,140,0,-1,0,0
547.54,118.423,4.02,-3.898,280,135,0,-1,0,0
551.56,114.525,4.02,-3.898,280,130,0,-1,0,0
555.581,110.627,4.02,-3.898,280,125,0,-1,0,0
559.601,106.729,4.02,-3.898,280,120,0,-1,0,0
563.621,102.83,4.02,-3.898,280,115,0,-1,0,0
567.642,98.932,4.02,-3.898,280,110,0,-1,0,0
571.662,95.034,4.02,-3.898,280,105,0,-1,0,0
575.683,91.136,4.02,-3.898,280,100,0,-1,0,0
579.703,87.238,4.02,-3.898,275,95,-1,-1,0,0
583.724,83.34,4.02,-3.898,270,90,-1,-1,0,0
587.744,79.441,4.02,-3.898,265,85,-1,-1,0,0
591.765,75.543,4.02,-3.898,260,80,-1,-1,0,0
595.785,71.645,4.02,-3.898,255,75,-1,-1,0,0
599.806,67.747,4.02,-3.898,250,70,-1,-1,0,0
603.826,63.849,4.02,-3.898,245,65,-1,-1,0,0
607.847,59.951,4.02,-3.898,240,60,-1,-1,0,0
611.867,56.052,4.02,-3.898,235,55,-1,-1,0,0
615.888,52.154,4.02,-3.898,230,50,-1,-1,0,0
619.908,48.256,4.02,-3.898,225,45,-1,-1,0,0
623.929,44.358,4.02,-3.898,220,40,-1,-1,0,0
627.949,40.46,4.02,-3.898,215,35,-1,-1,0,0
631.97,36.562,4.02,-3.898,210,30,-1,-1,0,0
635.99,32.663,4.02,-3.898,205,25,-1,-1,0,0
640.011,28.765,4.02,-3.898,200,20,-1,-1,0,0
644.031,24.867,4.02,-3.898,195,15,-1,-1,0,0
648.052,20.969,4.02,-3.898,190,10,-1,-1,0,0
652.072,17.071,4.02,-3.898,185,5,-1,-1,0,0
656.093,13.172,4.02,-3.898,180,0,-1,-1,0,0
660.113,9.274,4.02,-3.898,180,0,0,-1,0,0
664.133,6.0,4.02,3.898,180,0,0,-1,0,0
668.154,9.898,4.02,3.898,180,0,0,0,0,0
672.174,13.796,4.02,3.898,180,0,0,0,0,0
676.195,17.695,4.02,3.898,180,0,0,0,0,0
680.215,21.593,4.02,3.898,180,0,0,0,0,0
684.236,25.491,4.02,3.898,180,0,0,0,0,0
688.256,29.389,4.02,3.898,180,0,0,0,0,0
692.277,33.287,4.02,3.898,180,0,0,0,0,0
696.297,37.185,4.02,3.898,180,0,0,0,0,0
700.318,41.084,4.02,3.898,180,0,0,0,0,0
704.338,44.982,4.02,3.898,180,0,0,0,0,0
708.359,48.88,4.02,3.898,180,0,0,0,0,0
712.379,52.778,4.02,3.898,180,0,0,0,0,0
716.4,56.676,4.02,3.898,185,0,1,0,0,0
720.42,60.574,4.02,3.898,190,0,1,0,0,0
724.441,64.473,4.02,3.898,195,0,1,0,0,0
728.461,68.371,4.02,3.898,200,0,1,0,0,0
732.482,72.269,4.02,3.898,205,0,1,0,0,0
736.502,76.167,4.02,3.898,210,0,1,0,0,0
740.523,80.065,4.02,3.898,215,0,1,0,0,0
744.543,83.963,4.02,3.898,220,0,1,0,0,0
748.564,87.862,4.02,3.898,225,5,1,1,0,0
752.584,91.76,4.02,3.898,230,10,1,1,0,0
751.0,95.658,-2.95,5.11,235,15,1,1,0,0
748.05,100.767,-2.95,5.11,240,20,1,1,0,0
745.1,105.877,-2.95,5.11,245,25,1,1,0,0
742.15,110.987,-2.95,5.11,250,30,1,1,0,0
739.2,116.096,-2.95,5.11,255,35,1,1,0,0
736.25,121.206,-2.95,5.11,260,40,1,1,0,0
733.3,126.315,-2.95,5.11,265,45,1,1,0,0
730.35,131.425,-2.95,5.11,270,50,1,1,0,0
727.4,136.534,-2.95,5.11,275,55,1,1,0,0
724.45,141.644,-2.95,5.11,280,60,1,1,0,0
721.5,146.753,-2.95,5.11,285,65,1,1,0,0
718.55,151.863,-2.95,5.11,290,70,1,1,0,0
715.6,156.973,-2.95,5.11,295,75,1,1,0,0
712.65,162.082,-2.95,5.11,300,80,1,1,0,0
709.7,167.192,-2.95,5.11,305,85,1,1,0,0
706.75,172.301,-2.95,5.11,310,90,1,1,0,0
703.8,177.411,-2.95,5.11,315,95,1,1,0,0
700.85,182.52,-2.95,5.11,320,100,1,1,0,0
697.9,187.63,-2.95,5.11,325,105,1,1,0,0
694.95,192.739,-2.95,5.11,330,110,1,1,0,0
692.0,197.849,-2.95,5.11,335,115,1,1,0,0
689.05,202.958,-2.95,5.11,340,115,1,0,0,0
686.1,208.068,-2.95,5.11,345,115,1,0,0,0
683.15,213.178,-2.95,5.11,350,115,1,0,0,0
680.2,218.287,-2.95,5.11,355,115,1,0,0,0
677.25,223.397,-2.95,5.11,360,115,1,0,0,0
674.3,228.506,-2.95,5.11,365,115,1,0,0,0
671.35,233.616,-2.95,5.11,370,115,1,0,0,0
668.4,238.725,-2.95,5.11,375,115,1,0,0,0
665.45,243.835,-2.95,5.11,380,115,1,0,0,0
662.5,248.944,-2.95,5.11,385,115,1,0,0,0
659.55,254.054,-2.95,5.11,390,115,1,0,0,0
656.6,259.164,-2.95,5.11,395,115,1,0,0,0
653.65,264.273,-2.95,5.11,400,115,1,0,0,0
650.7,269.383,-2.95,5.11,405,115,1,0,0,0
647.75,274.492,-2.95,5.11,410,115,1,0,0,0
644.8,279.602,-2.95,5.11,415,115,1,0,0,0
641.85,284.711,-2.95,5.11,420,115,1,0,0,0
638.9,289.821,-2.95,5.11,425,115,1,0,0,0
635.95,294.93,-2.95,5.11,430,115,1,0,0,0
633.0,300.04,-2.95,5.11,435,120,1,1,0,0
630.05,305.149,-2.95,5.11,440,125,1,1,0,0
627.1,310.259,-2.95,5.11,445,130,1,1,0,0
624.15,315.369,-2.95,5.11,450,135,1,1,0,0
621.2,320.478,-2.95,5.11,455,140,1,1,0,0
618.25,325.588,-2.95,5.11,460,145,1,1,0,0
615.3,330.697,-2.95,5.11,465,150,1,1,0,0
612.35,335.807,-2.95,5.11,465,155,0,1,0,0
609.4,340.916,-2.95,5.11,465,160,0,1,0,0
606.45,346.026,-2.95,5.11,465,165,0,1,0,0
603.5,351.135,-2.95,5.11,465,170,0,1,0,0
600.55,356.245,-2.95,5.11,465,175,0,1,0,0
597.6,361.355,-2.95,5.11,465,180,0,1,0,0
594.65,366.464,-2.95,5.11,465,185,0,1,0,0
591.7,371.574,-2.95,5.11,465,190,0,1,0,0
588.75,376.683,-2.95,5.11,465,195,0,1,0,0
585.8,381.793,-2.95,5.11,465,200,0,1,0,0
582.85,386.902,-2.95,5.11,465,205,0,1,0,0
579.9,392.012,-2.95,5.11,465,210,0,1,0,0
576.95,397.121,-2.95,5.11,465,215,0,1,0,0
574.0,402.231,-2.95,5.11,465,220,0,1,0,0
571.05,407.34,-2.95,5.11,465,225,0,1,0,0
568.1,412.45,-2.95,5.11,460,230,-1,1,0,0
565.15,417.56,-2.95,5.11,455,235,-1,1,0,0
562.2,422.669,-2.95,5.11,450,240,-1,1,0,0
559.25,427.779,-2.95,5.11,445,240,-1,0,0,0
556.3,432.888,-2.95,5.11,440,240,-1,0,0,0
553.35,437.998,-2.95,5.11,435,240,-1,0,0,0
550.4,443.107,-2.95,5.11,430,240,-1,0,0,0
547.45,448.217,-2.95,5.11,425,240,-1,0,0,0
544.5,453.326,-2.95,5.11,420,240,-1,0,0,0
541.55,458.436,-2.95,5.11,415,240,-1,0,0,0
538.6,463.546,-2.95,5.11,410,240,-1,0,0,0
535.65,468.655,-2.95,5.11,405,240,-1,0,0,0
532.7,473.765,-2.95,5.11,400,240,-1,0,0,0
529.75,478.874,-2.95,5.11,395,240,-1,0,0,0
526.8,483.984,-2.95,5.11,390,240,-1,0,0,0
523.85,489.093,-2.95,5.11,385,240,-1,0,0,0
520.9,494.203,-2.95,5.11,380,240,-1,0,0,0
517.95,499.312,-2.95,5.11,375,240,-1,0,0,0
515.0,504.422,-2.95,5.11,370,240,-1,0,0,0
512.05,509.531,-2.95,5.11,365,240,-1,0,0,0
509.1,514.641,-2.95,5.11,360,240,-1,0,0,0
506.15,519.751,-2.95,5.11,355,240,-1,0,0,0
503.2,524.86,-2.95,5.11,350,240,-1,0,0,0
500.25,529.97,-2.95,5.11,345,240,-1,0,0,0
497.3,535.079,-2.95,5.11,340,240,-1,0,0,0
494.35,540.189,-2.95,5.11,335,240,-1,0,0,0
491.4,545.298,-2.95,5.11,330,240,-1,0,0,0
488.45,550.408,-2.95,5.11,325,240,-1,0,0,0
485.5,555.517,-2.95,5.11,320,240,-1,0,0,0
482.55,560.627,-2.95,5.11,315,240,-1,0,0,0
479.6,565.737,-2.95,5.11,310,240,-1,0,0,0
476.65,570.846,-2.95,5.11,305,240,-1,0,0,0
473.7,575.956,-2.95,5.11,300,240,-1,0,0,0
470.75,581.065,-2.95,5.11,295,240,-1,0,0,0
467.8,586.175,-2.95,5.11,290,240,-1,0,0,0
464.85,591.284,-2.95,5.11,285,240,-1,0,0,0
461.9,594.0,-2.95,-5.11,280,240,-1,0,0,0
458.95,588.89,-2.95,-5.11,275,240,-1,0,0,0
456.0,583.781,-2.95,-5.11,270,240,-1,0,0,0
453.05,578.671,-2.95,-5.11,265,240,-1,0,0,0
450.1,573.562,-2.95,-5.11,260,240,-1,0,0,0
447.15,568.452,-2.95,-5.11,255,240,-1,0,0,0
444.2,563.343,-2.95,-5.11,250,240,-1,0,0,0
441.25,558.233,-2.95,-5.11,245,240,-1,0,0,0
438.3,553.124,-2.95,-5.11,240,240,-1,0,0,0
435.35,548.014,-2.95,-5.11,235,240,-1,0,0,0
432.4,542.905,-2.95,-5.11,230,240,-1,0,0,0
429.45,537.795,-2.95,-5.11,225,240,-1,0,0,0
426.5,532.685,-2.95,-5.11,220,240,-1,0,0,0
423.55,527.576,-2.95,-5.11,215,240,-1,0,0,0
420.6,522.466,-2.95,-5.11,210,240,-1,0,0,0
417.65,517.357,-2.95,-5.11,205,240,-1,0,0,0
414.7,512.247,-2.95,-5.11,200,240,-1,0,0,0
411.75,507.138,-2.95,-5.11,195,240,-1,0,0,0
408.8,502.028,-2.95,-5.11,190,240,-1,0,0,0
405.85,496.919,-2.95,-5.11,185,240,-1,0,0,0
402.9,491.809,-2.95,-5.11,180,240,-1,0,0,0
399.95,486.699,-2.95,-5.11,180,240,0,0,0,0
397.0,481.59,-2.95,-5.11,180,240,0,0,0,0
394.05,476.48,-2.95,-5.11,180,240,0,0,0,0
391.1,471.371,-2.95,-5.11,180,240,0,0,0,0
388.15,466.261,-2.95,-5.11,180,240,0,0,0,0
385.2,461.152,-2.95,-5.11,180,240,0,0,0,0
382.25,456.042,-2.95,-5.11,180,240,0,0,0,0
379.3,450.933,-2.95,-5.11,180,240,0,0,0,0
376.35,445.823,-2.95,-5.11,180,240,0,0,0,0
373.4,440.714,-2.95,-5.11,180,240,0,0,0,0
370.45,435.604,-2.95,-5.11,180,240,0,0,0,0
367.5,430.494,-2.95,-5.11,180,240,0,0,0,0
364.55,425.385,-2.95,-5.11,180,240,0,0,0,0
361.6,420.275,-2.95,-5.11,180,240,0,0,0,0
358.65,415.166,-2.95,-5.11,180,240,0,0,0,0
355.7,410.056,-2.95,-5.11,180,240,0,0,0,0
352.75,404.947,-2.95,-5.11,180,240,0,0,0,0
349.8,399.837,-2.95,-5.11,180,240,0,0,0,0
346.85,394.728,-2.95,-5.11,180,240,0,0,0,0
343.9,389.618,-2.95,-5.11,180,240,0,0,0,0
340.95,384.508,-2.95,-5.11,180,240,0,0,0,0
338.0,379.399,-2.95,-5.11,180,240,0,0,0,0
335.05,374.289,-2.95,-5.11,180,240,0,0,0,0
332.1,369.18,-2.95,-5.11,180,240,0,0,0,0
329.15,364.07,-2.95,-5.11,180,240,0,0,0,0
326.2,358.961,-2.95,-5.11,180,240,0,0,0,0
323.25,353.851,-2.95,-5.11,175,240,-1,0,0,0
320.3,348.742,-2.95,-5.11,170,240,-1,0,0,0
317.35,343.632,-2.95,-5.11,165,240,-1,0,0,0
314.4,338.523,-2.95,-5.11,160,240,-1,0,0,0
311.45,333.413,-2.95,-5.11,155,240,-1,0,0,0
308.5,328.303,-2.95,-5.11,150,240,-1,0,0,0
305.55,323.194,-2.95,-5.11,145,240,-1,0,0,0
302.6,318.084,-2.95,-5.11,140,240,-1,0,0,0
299.65,312.975,-2.95,-5.11,135,240,-1,0,0,0
296.7,307.865,-2.95,-5.11,130,240,-1,0,0,0
293.75,302.756,-2.95,-5.11,125,240,-1,0,0,0
290.8,297.646,-2.95,-5.11,120,240,-1,0,0,0
287.85,292.537,-2.95,-5.11,115,240,-1,0,0,0
284.9,287.427,-2.95,-5.11,110,240,-1,0,0,0
281.95,282.317,-2.95,-5.11,105,240,-1,0,0,0
279.0,277.208,-2.95,-5.11,100,240,-1,0,0,0
276.05,272.098,-2.95,-5.11,95,240,-1,0,0,0
273.1,266.989,-2.95,-5.11,90,240,-1,0,0,0
270.15,261.879,-2.95,-5.11,85,240,-1,0,0,0
267.2,256.77,-2.95,-5.11,80,240,-1,0,0,0
264.25,251.66,-2.95,-5.11,75,240,-1,0,0,0
261.3,246.551,-2.95,-5.11,70,240,-1,0,0,0
258.35,241.441,-2.95,-5.11,65,240,-1,0,0,0
255.4,236.332,-2.95,-5.11,60,240,-1,0,0,0
252.45,231.222,-2.95,-5.11,60,240,0,0,0,0
249.5,226.112,-2.95,-5.11,60,240,0,0,0,0
246.55,221.003,-2.95,-5.11,60,240,0,0,0,0
243.6,215.893,-2.95,-5.11,60,240,0,0,0,0
240.65,210.784,-2.95,-5.11,60,240,0,0,0,0
237.7,205.674,-2.95,-5.11,60,240,0,0,0,0
234.75,200.565,-2.95,-5.11,60,240,0,0,0,0
231.8,195.455,-2.95,-5.11,60,240,0,0,0,0
228.85,190.346,-2.95,-5.11,60,240,0,0,0,0
225.9,185.236,-2.95,-5.11,60,240,0,0,0,0
222.95,180.126,-2.95,-5.11,60,240,0,0,0,0
220.0,175.017,-2.95,-5.11,60,240,0,0,0,0
217.05,169.907,-2.95,-5.11,60,240,0,0,0,0
214.1,164.798,-2.95,-5.11,60,240,0,0,0,0
211.15,159.688,-2.95,-5.11,60,240,0,0,0,0
208.2,154.579,-2.95,-5.11,60,240,0,0,0,0
205.25,149.469,-2.95,-5.11,60,240,0,0,0,0
202.3,144.36,-2.95,-5.11,60,240,0,0,0,0
199.35,139.25,-2.95,-5.11,55,240,-1,0,0,0
196.4,134.141,-2.95,-5.11,50,240,-1,0,0,0
193.45,129.031,-2.95,-5.11,45,240,-1,0,0,0
190.5,123.921,-2.95,-5.11,40,240,-1,0,0,0
187.55,118.812,-2.95,-5.11,35,240,-1,0,0,0
184.6,113.702,-2.95,-5.11,30,240,-1,0,0,0
181.65,108.593,-2.95,-5.11,25,240,-1,0,0,0
178.7,103.483,-2.95,-5.11,20,240,-1,0,0,0
175.75,98.374,-2.95,-5.11,15,240,-1,0,0,0
172.8,93.264,-2.95,-5.11,15,240,0,0,0,0
169.85,88.155,-2.95,-5.11,15,240,0,0,0,0
166.9,83.045,-2.95,-5.11,15,240,0,0,0,0
163.95,77.935,-2.95,-5.11,15,240,0,0,0,0
161.0,72.826,-2.95,-5.11,15,240,0,0,0,0
158.05,67.716,-2.95,-5.11,15,240,0,0,0,0
155.1,62.607,-2.95,-5.11,15,240,0,0,0,0
152.15,57.497,-2.95,-5.11,15,240,0,0,0,0
149.2,52.388,-2.95,-5.11,15,240,0,0,0,0
146.25,47.278,-2.95,-5.11,15,240,0,0,0,0
143.3,42.169,-2.95,-5.11,15,240,0,0,0,0
140.35,37.059,-2.95,-5.11,15,240,0,0,0,0
137.4,31.95,-2.95,-5.11,15,240,0,0,0,0
134.45,26.84,-2.95,-5.11,15,240,0,0,0,0
131.5,21.73,-2.95,-5.11,15,240,0,0,0,0
128.55,16.621,-2.95,-5.11,15,240,0,0,0,0
125.6,11.511,-2.95,-5.11,15,240,0,0,0,0
122.65,6.402,-2.95,-5.11,15,240,0,0,0,0
119.7,6.0,-2.95,5.11,15,240,0,0,0,0
116.75,11.11,-2.95,5.11,15,240,0,0,0,0
113.8,16.219,-2.95,5.11,15,240,0,0,0,0
110.85,21.329,-2.95,5.11,15,240,0,0,0,0
107.9,26.438,-2.95,5.11,15,240,0,0,0,0
104.95,31.548,-2.95,5.11,15,240,0,0,0,0
102.0,36.657,-2.95,5.11,15,240,0,0,0,0
99.05,41.767,-2.95,5.11,15,240,0,0,0,0
96.1,46.876,-2.95,5.11,15,240,0,0,0,0
93.15,51.986,-2.95,5.11,15,240,0,0,0,0
90.2,57.095,-2.95,5.11,20,240,1,0,0,0
87.25,62.205,-2.95,5.11,25,240,1,0,0,0
84.3,67.315,-2.95,5.11,30,240,1,0,0,0
81.35,72.424,-2.95,5.11,35,240,1,0,0,0
78.4,77.534,-2.95,5.11,40,240,1,0,0,0
75.45,82.643,-2.95,5.11,45,240,1,0,0,0
72.5,87.753,-2.95,5.11,50,240,1,0,0,0
69.55,92.862,-2.95,5.11,55,240,1,0,0,0
66.6,97.972,-2.95,5.11,60,240,1,0,0,0
63.65,103.081,-2.95,5.11,65,240,1,0,0,0
60.7,108.191,-2.95,5.11,70,240,1,0,0,0
57.75,113.301,-2.95,5.11,75,240,1,0,0,0
54.8,118.41,-2.95,5.11,80,240,1,0,0,0
51.85,123.52,-2.95,5.11,85,240,1,0,0,0
48.9,128.629,-2.95,5.11,90,240,1,0,0,0
49.0,133.739,6.197,-0.205,95,240,1,0,0,0
55.197,133.534,6.197,-0.205,100,240,1,0,0,0
61.393,133.329,6.197,-0.205,105,240,1,0,0,0
67.59,133.125,6.197,-0.205,110,240,1,0,0,0
73.786,132.92,6.197,-0.205,115,240,1,0,0,0
79.983,132.715,6.197,-0.205,120,240,1,0,0,0
86.18,132.511,6.197,-0.205,125,240,1,0,0,0
92.376,132.306,6.197,-0.205,130,240,1,0,0,0
98.573,132.101,6.197,-0.205,135,240,1,0,0,0
104.77,131.897,6.197,-0.205,140,240,1,0,0,0
110.966,131.692,6.197,-0.205,145,240,1,0,0,0
117.163,131.487,6.197,-0.205,150,240,1,0,0,0
123.359,131.283,6.197,-0.205,155,240,1,0,0,0
129.556,131.078,6.197,-0.205,160,240,1,0,0,0
135.753,130.873,6.197,-0.205,165,240,1,0,0,0
141.949,130.668,6.197,-0.205,170,240,1,0,0,0
148.146,130.464,6.197,-0.205,175,240,1,0,0,0
154.343,130.259,6.197,-0.205,180,240,1,0,0,0
160.539,130.054,6.197,-0.205,185,240,1,0,0,0
166.736,129.85,6.197,-0.205,190,240,1,0,0,0
172.932,129.645,6.197,-0.205,195,240,1,0,0,0
179.129,129.44,6.197,-0.205,200,240,1,0,0,0
185.326,129.236,6.197,-0.205,205,240,1,0,0,0
191.522,129.031,6.197,-0.205,210,240,1,0,0,0
197.719,128.826,6.197,-0.205,210,240,0,0,0,0
203.916,128.622,6.197,-0.205,210,240,0,0,0,0
210.112,128.417,6.197,-0.205,210,240,0,0,0,0
216.309,128.212,6.197,-0.205,210,240,0,0,0,0
222.505,128.008,6.197,-0.205,205,240,-1,0,0,0
228.702,127.803,6.197,-0.205,200,240,-1,0,0,0
234.899,127.598,6.197,-0.205,195,240,-1,0,0,0
241.095,127.394,6.197,-0.205,190,240,-1,0,0,0
247.292,127.189,6.197,-0.205,185,240,-1,0,0,0
253.488,126.984,6.197,-0.205,180,235,-1,-1,0,0
259.685,126.779,6.197,-0.205,175,230,-1,-1,0,0
265.882,126.575,6.197,-0.205,170,225,-1,-1,0,0
272.078,126.37,6.197,-0.205,165,220,-1,-1,0,0
278.275,126.165,6.197,-0.205,160,215,-1,-1,0,0
284.472,125.961,6.197,-0.205,155,210,-1,-1,0,0
290.668,125.756,6.197,-0.205,150,205,-1,-1,0,0
296.865,125.551,6.197,-0.205,145,200,-1,-1,0,0
303.061,125.347,6.197,-0.205,140,195,-1,-1,0,0
309.258,125.142,6.197,-0.205,135,190,-1,-1,0,0
315.455,124.937,6.197,-0.205,130,185,-1,-1,0,0
321.651,124.733,6.197,-0.205,125,180,-1,-1,0,0
327.848,124.528,6.197,-0.205,120,175,-1,-1,0,0
334.045,124.323,6.197,-0.205,115,170,-1,-1,0,0
340.241,124.119,6.197,-0.205,110,165,-1,-1,0,0
346.438,123.914,6.197,-0.205,105,160,-1,-1,0,0
352.634,123.709,6.197,-0.205,100,155,-1,-1,0,0
358.831,123.505,6.197,-0.205,95,150,-1,-1,0,0
365.028,123.3,6.197,-0.205,90,145,-1,-1,0,0
371.224,123.095,6.197,-0.205,85,140,-1,-1,0,0
377.421,122.891,6.197,-0.205,80,135,-1,-1,0,0
383.618,122.686,6.197,-0.205,80,130,0,-1,0,0
389.814,122.481,6.197,-0.205,80,125,0,-1,0,0
396.011,122.276,6.197,-0.205,80,120,0,-1,0,0
402.207,122.072,6.197,-0.205,80,115,0,-1,0,0
408.404,121.867,6.197,-0.205,80,110,0,-1,0,0
414.601,121.662,6.197,-0.205,80,105,0,-1,0,0
420.797,121.458,6.197,-0.205,80,100,0,-1,0,0
426.994,121.253,6.197,-0.205,80,95,0,-1,0,0
433.19,121.048,6.197,-0.205,80,90,0,-1,0,0
439.387,120.844,6.197,-0.205,80,90,0,0,0,0
445.584,120.639,6.197,-0.205,80,90,0,0,0,0
451.78,120.434,6.197,-0.205,80,90,0,0,0,0
457.977,120.23,6.197,-0.205,80,90,0,0,0,0
464.174,120.025,6.197,-0.205,80,90,0,0,0,0
470.37,119.82,6.197,-0.205,80,90,0,0,0,0
476.567,119.616,6.197,-0.205,80,90,0,0,0,0
482.763,119.411,6.197,-0.205,80,90,0,0,0,0
488.96,119.206,6.197,-0.205,80,90,0,0,0,0
495.157,119.002,6.197,-0.205,80,90,0,0,0,0
501.353,118.797,6.197,-0.205,80,90,0,0,0,0
507.55,118.592,6.197,-0.205,80,90,0,0,0,0
513.747,118.387,6.197,-0.205,80,90,0,0,0,0
519.943,118.183,6.197,-0.205,80,90,0,0,0,0
526.14,117.978,6.197,-0.205,80,90,0,0,0,0
532.336,117.773,6.197,-0.205,80,90,0,0,0,0
538.533,117.569,6.197,-0.205,80,90,0,0,0,0
544.73,117.364,6.197,-0.205,80,90,0,0,0,0
550.926,117.159,6.197,-0.205,80,90,0,0,0,0
557.123,116.955,6.197,-0.205,80,90,0,0,0,0
563.319,116.75,6.197,-0.205,80,90,0,0,0,0
569.516,116.545,6.197,-0.205,80,90,0,0,0,0
575.713,116.341,6.197,-0.205,80,90,0,0,0,0
581.909,116.136,6.197,-0.205,80,90,0,0,0,0
588.106,115.931,6.197,-0.205,80,90,0,0,0,0
594.303,115.727,6.197,-0.205,80,90,0,0,0,0
600.499,115.522,6.197,-0.205,80,90,0,0,0,0
606.696,115.317,6.197,-0.205,80,90,0,0,0,0
612.892,115.113,6.197,-0.205,80,90,0,0,0,0
619.089,114.908,6.197,-0.205,80,90,0,0,0,0
625.286,114.703,6.197,-0.205,80,90,0,0,0,0
631.482,114.498,6.197,-0.205,80,90,0,0,0,0
637.679,114.294,6.197,-0.205,80,90,0,0,0,0
643.876,114.089,6.197,-0.205,80,90,0,0,0,0
650.072,113.884,6.197,-0.205,80,90,0,0,0,0
656.269,113.68,6.197,-0.205,80,90,0,0,0,0
662.465,113.475,6.197,-0.205,80,90,0,0,0,0
668.662,113.27,6.197,-0.205,80,90,0,0,0,0
674.859,113.066,6.197,-0.205,80,90,0,0,0,0
681.055,112.861,6.197,-0.205,80,90,0,0,0,0
687.252,112.656,6.197,-0.205,80,90,0,0,0,0
693.449,112.452,6.197,-0.205,80,90,0,0,0,0
699.645,112.247,6.197,-0.205,80,90,0,0,0,0
705.842,112.042,6.197,-0.205,80,90,0,0,0,0
712.038,111.838,6.197,-0.205,80,90,0,0,0,0
718.235,111.633,6.197,-0.205,80,90,0,0,0,0
724.432,111.428,6.197,-0.205,80,90,0,0,0,0
730.628,111.224,6.197,-0.205,80,90,0,0,0,0
736.825,111.019,6.197,-0.205,80,90,0,0,0,0
743.021,110.814,6.197,-0.205,80,90,0,0,0,0
749.218,110.609,6.197,-0.205,80,90,0,0,0,0
751.0,110.405,-5.663,-3.19,80,90,0,0,0,0
745.337,107.215,-5.663,-3.19,80,90,0,0,0,0
739.673,104.024,-5.663,-3.19,80,90,0,0,0,0
734.01,100.834,-5.663,-3.19,80,90,0,0,0,0
728.347,97.644,-5.663,-3.19,80,90,0,0,0,0
722.684,94.454,-5.663,-3.19,80,90,0,0,0,0
717.02,91.264,-5.663,-3.19,80,90,0,0,0,0
711.357,88.074,-5.663,-3.19,80,90,0,0,0,0
705.694,84.883,-5.663,-3.19,80,90,0,0,0,0
700.03,81.693,-5.663,-3.19,80,90,0,0,0,0
694.367,78.503,-5.663,-3.19,80,90,0,0,0,0
688.704,75.313,-5.663,-3.19,80,90,0,0,0,0
683.041,72.123,-5.663,-3.19,80,90,0,0,0,0
677.377,68.933,-5.663,-3.19,80,90,0,0,0,0
671.714,65.742,-5.663,-3.19,80,90,0,0,0,0
666.051,62.552,-5.663,-3.19,80,90,0,0,0,0
660.387,59.362,-5.663,-3.19,80,90,0,0,0,0
654.724,56.172,-5.663,-3.19,80,90,0,0,0,0
649.061,52.982,-5.663,-3.19,80,90,0,0,0,0
643.397,49.792,-5.663,-3.19,80,90,0,0,0,0
637.734,46.601,-5.663,-3.19,80,90,0,0,0,0
632.071,43.411,-5.663,-3.19,80,90,0,0,0,0
626.408,40.221,-5.663,-3.19,80,90,0,0,0,0
620.744,37.031,-5.663,-3.19,80,90,0,0,0,0
615.081,33.841,-5.663,-3.19,80,90,0,0,0,0
609.418,30.651,-5.663,-3.19,80,90,0,0,0,0
603.754,27.461,-5.663,-3.19,80,90,0,0,0,0
598.091,24.27,-5.663,-3.19,80,90,0,0,0,0
592.428,21.08,-5.663,-3.19,80,90,0,0,0,0
586.765,17.89,-5.663,-3.19,80,90,0,0,0,0
581.101,14.7,-5.663,-3.19,80,90,0,0,0,0
575.438,11.51,-5.663,-3.19,80,90,0,0,0,0
569.775,8.32,-5.663,-3.19,80,90,0,0,0,0
564.111,6.0,-5.663,3.19,80,90,0,0,0,0
558.448,9.19,-5.663,3.19,80,90,0,0,0,0
552.785,12.38,-5.663,3.19,80,90,0,0,0,0
547.122,15.57,-5.663,3.19,80,90,0,0,0,0
541.458,18.761,-5.663,3.19,80,90,0,0,0,0
535.795,21.951,-5.663,3.19,80,90,0,0,0,0
530.132,25.141,-5.663,3.19,85,90,1,0,0,0
524.468,28.331,-5.663,3.19,90,90,1,0,0,0
518.805,31.521,-5.663,3.19,95,90,1,0,0,0
513.142,34.711,-5.663,3.19,100,90,1,0,0,0
507.479,37.902,-5.663,3.19,105,90,1,0,0,0
501.815,41.092,-5.663,3.19,110,90,1,0,0,0
496.152,44.282,-5.663,3.19,115,90,1,0,0,0
490.489,47.472,-5.663,3.19,120,90,1,0,0,0
484.825,50.662,-5.663,3.19,125,90,1,0,0,0
479.162,53.852,-5.663,3.19,130,90,1,0,0,0
473.499,57.043,-5.663,3.19,135,90,1,0,0,0
467.836,60.233,-5.663,3.19,140,90,1,0,0,0
462.172,63.423,-5.663,3.19,145,90,1,0,0,0
456.509,66.613,-5.663,3.19,150,90,1,0,0,0
450.846,69.803,-5.663,3.19,155,90,1,0,0,0
445.182,72.993,-5.663,3.19,160,90,1,0,0,0
439.519,76.184,-5.663,3.19,165,90,1,0,0,0
433.856,79.374,-5.663,3.19,170,90,1,0,0,0
428.192,82.564,-5.663,3.19,175,90,1,0,0,0
422.529,85.754,-5.663,3.19,180,90,1,0,0,0
416.866,88.944,-5.663,3.19,185,90,1,0,0,0
411.203,92.134,-5.663,3.19,185,90,0,0,0,0
405.539,95.325,-5.663,3.19,185,90,0,0,0,0
399.876,98.515,-5.663,3.19,185,90,0,0,0,0
394.213,101.705,-5.663,3.19,185,90,0,0,0,0
388.549,104.895,-5.663,3.19,185,90,0,0,0,0
382.886,108.085,-5.663,3.19,185,90,0,0,0,0
377.223,111.275,-5.663,3.19,185,90,0,0,0,0
371.56,114.466,-5.663,3.19,185,90,0,0,0,0
365.896,117.656,-5.663,3.19,185,90,0,0,0,0
360.233,120.846,-5.663,3.19,185,90,0,0,0,0
354.57,124.036,-5.663,3.19,185,90,0,0,0,0
348.906,127.226,-5.663,3.19,185,90,0,0,0,0
343.243,130.416,-5.663,3.19,185,90,0,0,0,0
337.58,133.607,-5.663,3.19,185,90,0,0,0,0
331.917,136.797,-5.663,3.19,185,90,0,0,0,0
326.253,139.987,-5.663,3.19,185,90,0,0,0,0
320.59,143.177,-5.663,3.19,185,90,0,0,0,0
314.927,146.367,-5.663,3.19,185,90,0,0,0,0
309.263,149.557,-5.663,3.19,185,90,0,0,0,0
303.6,152.748,-5.663,3.19,185,90,0,0,0,0
297.937,155.938,-5.663,3.19,185,90,0,0,0,0
292.274,159.128,-5.663,3.19,185,90,0,0,0,0
286.61,162.318,-5.663,3.19,185,90,0,0,0,0
280.947,165.508,-5.663,3.19,185,90,0,0,0,0
275.284,168.698,-5.663,3.19,185,90,0,0,0,0
269.62,171.889,-5.663,3.19,185,90,0,0,0,0
263.957,175.079,-5.663,3.19,185,90,0,0,0,0
258.294,178.269,-5.663,3.19,185,90,0,0,0,0
252.631,181.459,-5.663,3.19,185,90,0,0,0,0
246.967,184.649,-5.663,3.19,190,90,1,0,0,0
241.304,187.839,-5.663,3.19,195,90,1,0,0,0
235.641,191.03,-5.663,3.19,200,90,1,0,0,0
229.977,194.22,-5.663,3.19,205,90,1,0,0,0
224.314,197.41,-5.663,3.19,210,90,1,0,0,0
218.651,200.6,-5.663,3.19,215,90,1,0,0,0
212.987,203.79,-5.663,3.19,220,90,1,0,0,0
207.324,206.98,-5.663,3.19,225,90,1,0,0,0
201.661,210.171,-5.663,3.19,225,90,0,0,0,0
195.998,213.361,-5.663,3.19,225,90,0,0,0,0
190.334,216.551,-5.663,3.19,225,90,0,0,0,0
184.671,219.741,-5.663,3.19,225,90,0,0,0,0
179.008,222.931,-5.663,3.19,225,90,0,0,0,0
173.344,226.121,-5.663,3.19,225,90,0,0,0,0
167.681,229.312,-5.663,3.19,225,90,0,0,0,0
162.018,232.502,-5.663,3.19,225,90,0,0,0,0
156.355,235.692,-5.663,3.19,225,90,0,0,0,0
150.691,238.882,-5.663,3.19,225,90,0,0,0,0
145.028,242.072,-5.663,3.19,225,90,0,0,0,0
139.365,245.262,-5.663,3.19,225,90,0,0,0,0
133.701,248.453,-5.663,3.19,225,90,0,0,0,0
128.038,251.643,-5.663,3.19,225,90,0,0,0,0
122.375,254.833,-5.663,3.19,225,90,0,0,0,0
116.712,258.023,-5.663,3.19,230,90,1,0,0,0
111.048,261.213,-5.663,3.19,235,90,1,0,0,0
105.385,264.403,-5.663,3.19,240,90,1,0,0,0
99.722,267.593,-5.663,3.19,245,90,1,0,0,0
94.058,270.784,-5.663,3.19,250,90,1,0,0,0
88.395,273.974,-5.663,3.19,255,90,1,0,0,0
82.732,277.164,-5.663,3.19,260,90,1,0,0,0
77.069,280.354,-5.663,3.19,265,90,1,0,0,0
71.405,283.544,-5.663,3.19,265,90,0,0,0,0
65.742,286.734,-5.663,3.19,265,90,0,0,0,0
60.079,289.925,-5.663,3.19,265,90,0,0,0,0
54.415,293.115,-5.663,3.19,265,90,0,0,0,0
48.752,296.305,-5.663,3.19,265,90,0,0,0,0
49.0,299.495,6.73,-0.977,265,90,0,0,0,0
55.73,298.519,6.73,-0.977,265,90,0,0,0,0
62.459,297.542,6.73,-0.977,265,90,0,0,0,0
69.189,296.565,6.73,-0.977,265,90,0,0,0,0
75.918,295.589,6.73,-0.977,265,90,0,0,0,0
82.648,294.612,6.73,-0.977,265,90,0,0,0,0
89.377,293.636,6.73,-0.977,270,90,1,0,0,0
96.107,292.659,6.73,-0.977,275,90,1,0,0,0
102.836,291.682,6.73,-0.977,280,90,1,0,0,0
109.566,290.706,6.73,-0.977,285,90,1,0,0,0
116.295,289.729,6.73,-0.977,290,90,1,0,0,0
123.025,288.752,6.73,-0.977,295,90,1,0,0,0
129.754,287.776,6.73,-0.977,300,90,1,0,0,0
136.484,286.799,6.73,-0.977,300,90,0,0,0,0
143.213,285.823,6.73,-0.977,300,90,0,0,0,0
149.943,284.846,6.73,-0.977,300,90,0,0,0,0
156.672,283.869,6.73,-0.977,300,90,0,0,0,0
163.402,282.893,6.73,-0.977,300,90,0,0,0,0
170.131,281.916,6.73,-0.977,300,90,0,0,0,0
176.861,280.94,6.73,-0.977,300,90,0,0,0,0
183.59,279.963,6.73,-0.977,300,90,0,0,0,0
190.32,278.986,6.73,-0.977,300,90,0,0,0,0
197.049,278.01,6.73,-0.977,300,90,0,0,0,0
203.779,277.033,6.73,-0.977,300,90,0,0,0,0
210.508,276.057,6.73,-0.977,300,90,0,0,0,0
217.238,275.08,6.73,-0.977,300,90,0,0,0,0
223.967,274.103,6.73,-0.977,300,90,0,0,0,0
230.697,273.127,6.73,-0.977,300,90,0,0,0,0
237.426,272.15,6.73,-0.977,300,90,0,0,0,0
244.156,271.174,6.73,-0.977,300,90,0,0,0,0
250.885,270.197,6.73,-0.977,300,90,0,0,0,0
257.615,269.22,6.73,-0.977,300,90,0,0,0,0
264.344,268.244,6.73,-0.977,300,90,0,0,0,0
271.074,267.267,6.73,-0.977,300,90,0,0,0,0
277.803,266.291,6.73,-0.977,300,90,0,0,0,0
284.533,265.314,6.73,-0.977,300,90,0,0,0,0
291.262,264.337,6.73,-0.977,300,90,0,0,0,0
297.992,263.361,6.73,-0.977,300,90,0,0,0,0
304.721,262.384,6.73,-0.977,300,90,0,0,0,0
311.451,261.408,6.73,-0.977,300,90,0,0,0,0
318.18,260.431,6.73,-0.977,300,90,0,0,0,0
324.91,259.454,6.73,-0.977,300,90,0,0,0,0
331.639,258.478,6.73,-0.977,300,90,0,0,0,0
338.369,257.501,6.73,-0.977,300,90,0,0,0,0
345.098,256.524,6.73,-0.977,300,90,0,0,0,0
351.828,255.548,6.73,-0.977,300,90,0,0,0,0
358.557,254.571,6.73,-0.977,300,90,0,0,0,0
365.287,253.595,6.73,-0.977,300,90,0,0,0,0
372.016,252.618,6.73,-0.977,300,90,0,0,0,0
378.746,251.641,6.73,-0.977,300,95,0,1,0,0
385.475,250.665,6.73,-0.977,300,100,0,1,0,0
392.205,249.688,6.73,-0.977,300,105,0,1,0,0
398.934,248.712,6.73,-0.977,300,110,0,1,0,0
405.664,247.735,6.73,-0.977,300,115,0,1,0,0
412.393,246.758,6.73,-0.977,300,120,0,1,0,0
419.123,245.782,6.73,-0.977,300,125,0,1,0,0
425.852,244.805,6.73,-0.977,300,130,0,1,0,0
432.582,243.829,6.73,-0.977,300,135,0,1,0,0
439.311,242.852,6.73,-0.977,300,140,0,1,0,0
446.041,241.875,6.73,-0.977,300,145,0,1,0,0
452.77,240.899,6.73,-0.977,300,150,0,1,0,0
459.5,239.922,6.73,-0.977,300,155,0,1,0,0
466.229,238.946,6.73,-0.977,300,160,0,1,0,0
472.959,237.969,6.73,-0.977,300,165,0,1,0,0
479.688,236.992,6.73,-0.977,300,165,0,0,0,0
486.418,236.016,6.73,-0.977,300,165,0,0,0,0
493.147,235.039,6.73,-0.977,300,165,0,0,0,0
499.877,234.063,6.73,-0.977,300,165,0,0,0,0
506.606,233.086,6.73,-0.977,300,165,0,0,0,0
513.336,232.109,6.73,-0.977,300,165,0,0,0,0
520.065,231.133,6.73,-0.977,300,165,0,0,0,0
526.795,230.156,6.73,-0.977,300,165,0,0,0,0
533.524,229.18,6.73,-0.977,300,165,0,0,0,0
540.254,228.203,6.73,-0.977,300,165,0,0,0,0
546.983,227.226,6.73,-0.977,300,165,0,0,0,0
553.713,226.25,6.73,-0.977,300,165,0,0,0,0
560.442,225.273,6.73,-0.977,300,165,0,0,0,0
567.172,224.297,6.73,-0.977,300,165,0,0,0,0
573.901,223.32,6.73,-0.977,300,165,0,0,0,0
580.631,222.343,6.73,-0.977,300,165,0,0,0,0
587.36,221.367,6.73,-0.977,300,165,0,0,0,0
594.09,220.39,6.73,-0.977,300,165,0,0,0,0
600.819,219.413,6.73,-0.977,300,165,0,0,0,0
607.549,218.437,6.73,-0.977,300,165,0,0,0,0
614.278,217.46,6.73,-0.977,300,165,0,0,0,0
621.008,216.484,6.73,-0.977,300,165,0,0,0,0
627.737,215.507,6.73,-0.977,300,165,0,0,0,0
634.467,214.53,6.73,-0.977,300,165,0,0,0,0
641.196,213.554,6.73,-0.977,300,165,0,0,0,0
647.926,212.577,6.73,-0.977,300,165,0,0,0,0
654.655,211.601,6.73,-0.977,300,165,0,0,0,0
661.385,210.624,6.73,-0.977,300,165,0,0,0,0
668.114,209.647,6.73,-0.977,300,165,0,0,0,0
674.844,208.671,6.73,-0.977,300,165,0,0,0,0
681.573,207.694,6.73,-0.977,300,165,0,0,0,0
688.303,206.718,6.73,-0.977,300,165,0,0,0,0
695.033,205.741,6.73,-0.977,300,165,0,0,0,0
701.762,204.764,6.73,-0.977,300,165,0,0,0,0
708.492,203.788,6.73,-0.977,300,165,0,0,0,0
715.221,202.811,6.73,-0.977,300,165,0,0,0,0
721.951,201.835,6.73,-0.977,300,165,0,0,0,0
728.68,200.858,6.73,-0.977,300,165,0,0,0,0
735.41,199.881,6.73,-0.977,300,165,0,0,0,0
742.139,198.905,6.73,-0.977,300,165,0,0,0,0
748.869,197.928,6.73,-0.977,300,165,0,0,0,0
751.0,196.952,-6.943,-1.485,300,165,0,0,0,0
744.057,195.467,-6.943,-1.485,300,165,0,0,0,0
737.114,193.982,-6.943,-1.485,300,165,0,0,0,0
730.171,192.497,-6.943,-1.485,300,165,0,0,0,0
723.228,191.012,-6.943,-1.485,300,165,0,0,0,0
716.285,189.527,-6.943,-1.485,300,165,0,0,0,0
709.342,188.042,-6.943,-1.485,300,165,0,0,0,0
702.399,186.557,-6.943,-1.485,300,165,0,0,0,0
695.456,185.072,-6.943,-1.485,300,165,0,0,0,0
688.513,183.587,-6.943,-1.485,300,165,0,0,0,0
681.57,182.102,-6.943,-1.485,300,165,0,0,0,0
674.627,180.617,-6.943,-1.485,300,165,0,0,0,0
667.684,179.132,-6.943,-1.485,300,165,0,0,0,0
660.741,177.647,-6.943,-1.485,300,165,0,0,0,0
653.798,176.162,-6.943,-1.485,300,165,0,0,0,0
646.855,174.677,-6.943,-1.485,300,165,0,0,0,0
639.912,173.192,-6.943,-1.485,300,165,0,0,0,0
632.97,171.707,-6.943,-1.485,300,165,0,0,0,0
626.027,170.222,-6.943,-1.485,300,165,0,0,0,0
619.084,168.737,-6.943,-1.485,300,165,0,0,0,0
612.141,167.252,-6.943,-1.485,300,165,0,0,0,0
605.198,165.767,-6.943,-1.485,300,165,0,0,0,0
598.255,164.282,-6.943,-1.485,295,165,-1,0,0,0
591.312,162.797,-6.943,-1.485,290,165,-1,0,0,0
584.369,161.312,-6.943,-1.485,285,165,-1,0,0,0
577.426,159.827,-6.943,-1.485,280,165,-1,0,0,0
570.483,158.342,-6.943,-1.485,275,165,-1,0,0,0
563.54,156.857,-6.943,-1.485,270,165,-1,0,0,0
556.597,155.372,-6.943,-1.485,265,165,-1,0,0,0
549.654,153.887,-6.943,-1.485,260,165,-1,0,0,0
542.711,152.402,-6.943,-1.485,255,165,-1,0,0,0
535.768,150.917,-6.943,-1.485,250,165,-1,0,0,0
528.825,149.432,-6.943,-1.485,245,165,-1,0,0,0
521.882,147.947,-6.943,-1.485,240,165,-1,0,0,0
514.939,146.462,-6.943,-1.485,235,165,-1,0,0,0
507.996,144.977,-6.943,-1.485,230,165,-1,0,0,0
501.053,143.492,-6.943,-1.485,225,165,-1,0,0,0
494.11,142.007,-6.943,-1.485,220,165,-1,0,0,0
487.167,140.522,-6.943,-1.485,215,165,-1,0,0,0
480.224,139.037,-6.943,-1.485,210,165,-1,0,0,0
473.281,137.552,-6.943,-1.485,205,165,-1,0,0,0
466.338,136.067,-6.943,-1.485,200,165,-1,0,0,0
459.395,134.582,-6.943,-1.485,195,165,-1,0,0,0
452.452,133.097,-6.943,-1.485,190,165,-1,0,0,0
445.509,131.612,-6.943,-1.485,185,165,-1,0,0,0
438.566,130.127,-6.943,-1.485,180,165,-1,0,0,0
431.623,128.642,-6.943,-1.485,175,165,-1,0,0,0
424.68,127.157,-6.943,-1.485,170,165,-1,0,0,0
417.737,125.673,-6.943,-1.485,165,165,-1,0,0,0
410.794,124.188,-6.943,-1.485,160,165,-1,0,0,0
403.851,122.703,-6.943,-1.485,155,165,-1,0,0,0
396.909,121.218,-6.943,-1.485,150,165,-1,0,0,0
389.966,119.733,-6.943,-1.485,145,165,-1,0,0,0
383.023,118.248,-6.943,-1.485,140,165,-1,0,0,0
376.08,116.763,-6.943,-1.485,135,165,-1,0,0,0
369.137,115.278,-6.943,-1.485,130,165,-1,0,0,0
362.194,113.793,-6.943,-1.485,125,165,-1,0,0,0
355.251,112.308,-6.943,-1.485,120,165,-1,0,0,0
348.308,110.823,-6.943,-1.485,115,165,-1,0,0,0
341.365,109.338,-6.943,-1.485,110,165,-1,0,0,0
334.422,107.853,-6.943,-1.485,105,165,-1,0,0,0
327.479,106.368,-6.943,-1.485,100,165,-1,0,0,0
320.536,104.883,-6.943,-1.485,95,165,-1,0,0,0
313.593,103.398,-6.943,-1.485,90,165,-1,0,0,0
306.65,101.913,-6.943,-1.485,85,165,-1,0,0,0
299.707,100.428,-6.943,-1.485,80,165,-1,0,0,0
292.764,98.943,-6.943,-1.485,75,165,-1,0,0,0
285.821,97.458,-6.943,-1.485,70,165,-1,0,0,0
278.878,95.973,-6.943,-1.485,65,165,-1,0,0,0
271.935,94.488,-6.943,-1.485,60,165,-1,0,0,0
264.992,93.003,-6.943,-1.485,55,165,-1,0,0,0
258.049,91.518,-6.943,-1.485,50,165,-1,0,0,0
251.106,90.033,-6.943,-1.485,45,165,-1,0,0,0
244.163,88.548,-6.943,-1.485,40,165,-1,0,0,0
237.22,87.063,-6.943,-1.485,35,165,-1,0,0,0
230.277,85.578,-6.943,-1.485,35,165,0,0,0,0
223.334,84.093,-6.943,-1.485,35,165,0,0,0,0
216.391,82.608,-6.943,-1.485,35,165,0,0,0,0
209.448,81.123,-6.943,-1.485,35,165,0,0,0,0
202.505,79.638,-6.943,-1.485,35,165,0,0,0,0
195.562,78.153,-6.943,-1.485,35,165,0,0,0,0
188.619,76.668,-6.943,-1.485,35,165,0,0,0,0
181.676,75.183,-6.943,-1.485,35,165,0,0,0,0
174.733,73.698,-6.943,-1.485,35,165,0,0,0,0
167.791,72.213,-6.943,-1.485,35,165,0,0,0,0
160.848,70.728,-6.943,-1.485,35,165,0,0,0,0
153.905,69.243,-6.943,-1.485,35,165,0,0,0,0
146.962,67.758,-6.943,-1.485,35,165,0,0,0,0
140.019,66.273,-6.943,-1.485,35,165,0,0,0,0
133.076,64.788,-6.943,-1.485,35,165,0,0,0,0
126.133,63.303,-6.943,-1.485,35,165,0,0,0,0
119.19,61.818,-6.943,-1.485,30,165,-1,0,0,0
112.247,60.333,-6.943,-1.485,25,165,-1,0,0,0
105.304,58.848,-6.943,-1.485,20,165,-1,0,0,0
98.361,57.363,-6.943,-1.485,15,165,-1,0,0,0
91.418,55.878,-6.943,-1.485,10,165,-1,0,0,0
84.475,54.393,-6.943,-1.485,5,165,-1,0,0,0
77.532,52.908,-6.943,-1.485,0,165,-1,0,0,0
70.589,51.423,-6.943,-1.485,0,165,0,0,0,0
63.646,49.939,-6.943,-1.485,0,165,0,0,0,0
56.703,48.454,-6.943,-1.485,0,165,0,0,0,0
49.76,46.969,-6.943,-1.485,0,165,0,0,0,0
49.0,45.484,7.324,1.059,0,165,0,0,0,0
56.324,46.542,7.324,1.059,0,165,0,0,0,0
63.648,47.601,7.324,1.059,0,165,0,0,0,0
70.972,48.66,7.324,1.059,0,165,0,0,0,0
78.296,49.718,7.324,1.059,0,165,0,0,0,0
85.619,50.777,7.324,1.059,0,165,0,0,0,0
92.943,51.836,7.324,1.059,0,165,0,0,0,0
100.267,52.894,7.324,1.059,0,165,0,0,0,0
107.591,53.953,7.324,1.059,0,165,0,0,0,0
114.915,55.012,7.324,1.059,0,165,0,0,0,0
122.239,56.071,7.324,1.059,0,165,0,0,0,0
129.563,57.129,7.324,1.059,0,165,0,0,0,0
136.887,58.188,7.324,1.059,0,165,0,0,0,0
144.21,59.247,7.324,1.059,5,165,1,0,0,0
151.534,60.305,7.324,1.059,10,165,1,0,0,0
158.858,61.364,7.324,1.059,15,165,1,0,0,0
166.182,62.423,7.324,1.059,20,165,1,0,0,0
173.506,63.481,7.324,1.059,25,165,1,0,0,0
180.83,64.54,7.324,1.059,30,165,1,0,0,0
188.154,65.599,7.324,1.059,35,165,1,0,0,0
195.478,66.657,7.324,1.059,40,165,1,0,0,0
202.801,67.716,7.324,1.059,45,165,1,0,0,0
210.125,68.775,7.324,1.059,50,165,1,0,0,0
217.449,69.834,7.324,1.059,55,165,1,0,0,0
224.773,70.892,7.324,1.059,60,165,1,0,0,0
232.097,71.951,7.324,1.059,65,165,1,0,0,0
239.421,73.01,7.324,1.059,70,165,1,0,0,0
246.745,74.068,7.324,1.059,75,165,1,0,0,0
254.069,75.127,7.324,1.059,80,165,1,0,0,0
261.392,76.186,7.324,1.059,85,165,1,0,0,0
268.716,77.244,7.324,1.059,90,165,1,0,0,0
276.04,78.303,7.324,1.059,95,165,1,0,0,0
283.364,79.362,7.324,1.059,100,165,1,0,0,0
290.688,80.421,7.324,1.059,105,165,1,0,0,0
298.012,81.479,7.324,1.059,110,165,1,0,0,0
305.336,82.538,7.324,1.059,115,165,1,0,0,0
312.66,83.597,7.324,1.059,120,165,1,0,0,0
319.983,84.655,7.324,1.059,125,165,1,0,0,0
327.307,85.714,7.324,1.059,130,165,1,0,0,0
334.631,86.773,7.324,1.059,135,165,1,0,0,0
341.955,87.831,7.324,1.059,140,165,1,0,0,0
349.279,88.89,7.324,1.059,145,165,1,0,0,0
356.603,89.949,7.324,1.059,150,165,1,0,0,0
363.927,91.007,7.324,1.059,155,165,1,0,0,0
371.251,92.066,7.324,1.059,160,160,1,-1,0,0
378.574,93.125,7.324,1.059,165,155,1,-1,0,0
385.898,94.184,7.324,1.059,170,150,1,-1,0,0
393.222,95.242,7.324,1.059,175,145,1,-1,0,0
400.546,96.301,7.324,1.059,180,140,1,-1,0,0
407.87,97.36,7.324,1.059,180,135,0,-1,0,0
415.194,98.418,7.324,1.059,180,130,0,-1,0,0
422.518,99.477,7.324,1.059,180,125,0,-1,0,0
429.842,100.536,7.324,1.059,180,120,0,-1,0,0
437.165,101.594,7.324,1.059,180,115,0,-1,0,0
444.489,102.653,7.324,1.059,180,110,0,-1,0,0
451.813,103.712,7.324,1.059,180,105,0,-1,0,0
459.137,104.771,7.324,1.059,180,100,0,-1,0,0
466.461,105.829,7.324,1.059,180,95,0,-1,0,0
473.785,106.888,7.324,1.059,180,90,0,-1,0,0
481.109,107.947,7.324,1.059,180,85,0,-1,0,0
488.433,109.005,7.324,1.059,180,80,0,-1,0,0
495.756,110.064,7.324,1.059,180,75,0,-1,0,0
503.08,111.123,7.324,1.059,180,70,0,-1,0,0
510.404,112.181,7.324,1.059,180,65,0,-1,0,0
517.728,113.24,7.324,1.059,180,60,0,-1,0,0
525.052,114.299,7.324,1.059,180,60,0,0,0,0
532.376,115.357,7.324,1.059,180,60,0,0,0,0
539.7,116.416,7.324,1.059,180,60,0,0,0,0
547.024,117.475,7.324,1.059,180,60,0,0,0,0
554.347,118.534,7.324,1.059,180,60,0,0,0,0
561.671,119.592,7.324,1.059,180,60,0,0,0,0
568.995,120.651,7.324,1.059,180,60,0,0,0,0
576.319,121.71,7.324,1.059,180,60,0,0,0,0
583.643,122.768,7.324,1.059,180,60,0,0,0,0
590.967,123.827,7.324,1.059,180,60,0,0,0,0
598.291,124.886,7.324,1.059,180,60,0,0,0,0
605.615,125.944,7.324,1.059,180,60,0,0,0,0
612.938,127.003,7.324,1.059,180,60,0,0,0,0
620.262,128.062,7.324,1.059,180,60,0,0,0,0
627.586,129.121,7.324,1.059,180,60,0,0,0,0
634.91,130.179,7.324,1.059,180,60,0,0,0,0
642.234,131.238,7.324,1.059,180,65,0,1,0,0
649.558,132.297,7.324,1.059,180,70,0,1,0,0
656.882,133.355,7.324,1.059,180,75,0,1,0,0
664.206,134.414,7.324,1.059,180,80,0,1,0,0
671.529,135.473,7.324,1.059,180,85,0,1,0,0
678.853,136.531,7.324,1.059,180,90,0,1,0,0
686.177,137.59,7.324,1.059,180,95,0,1,0,0
693.501,138.649,7.324,1.059,180,100,0,1,0,0
700.825,139.707,7.324,1.059,180,105,0,1,0,0
708.149,140.766,7.324,1.059,180,110,0,1,0,0
715.473,141.825,7.324,1.059,180,115,0,1,0,0
722.797,142.884,7.324,1.059,180,120,0,1,0,0
730.12,143.942,7.324,1.059,180,125,0,1,0,0
737.444,145.001,7.324,1.059,180,130,0,1,0,0
744.768,146.06,7.324,1.059,180,130,0,0,0,0
752.092,147.118,7.324,1.059,180,130,0,0,0,0
751.0,148.177,-6.477,-4.164,180,130,0,0,0,0
744.523,144.013,-6.477,-4.164,180,130,0,0,0,0
738.046,139.85,-6.477,-4.164,180,130,0,0,0,0
731.569,135.686,-6.477,-4.164,180,130,0,0,0,0
725.091,131.522,-6.477,-4.164,180,130,0,0,0,0
718.614,127.358,-6.477,-4.164,180,130,0,0,0,0
712.137,123.195,-6.477,-4.164,180,130,0,0,0,0
705.66,119.031,-6.477,-4.164,180,130,0,0,0,0
699.183,114.867,-6.477,-4.164,180,130,0,0,0,0
692.706,110.703,-6.477,-4.164,180,130,0,0,0,0
686.229,106.54,-6.477,-4.164,180,130,0,0,0,0
679.752,102.376,-6.477,-4.164,180,130,0,0,0,0
673.274,98.212,-6.477,-4.164,180,130,0,0,0,0
666.797,94.048,-6.477,-4.164,180,130,0,0,0,0
660.32,89.885,-6.477,-4.164,180,130,0,0,0,0
653.843,85.721,-6.477,-4.164,180,130,0,0,0,0
647.366,81.557,-6.477,-4.164,180,130,0,0,0,0
640.889,77.393,-6.477,-4.164,180,130,0,0,0,0
634.412,73.23,-6.477,-4.164,175,130,-1,0,0,0
627.934,69.066,-6.477,-4.164,170,130,-1,0,0,0
621.457,64.902,-6.477,-4.164,165,130,-1,0,0,0
614.98,60.738,-6.477,-4.164,160,130,-1,0,0,0
608.503,56.575,-6.477,-4.164,155,130,-1,0,0,0
602.026,52.411,-6.477,-4.164,150,130,-1,0,0,0
595.549,48.247,-6.477,-4.164,145,130,-1,0,0,0
589.072,44.083,-6.477,-4.164,140,130,-1,0,0,0
582.595,39.92,-6.477,-4.164,135,130,-1,0,0,0
576.117,35.756,-6.477,-4.164,130,130,-1,0,0,0
569.64,31.592,-6.477,-4.164,125,130,-1,0,0,0
563.163,27.428,-6.477,-4.164,120,130,-1,0,0,0
556.686,23.265,-6.477,-4.164,115,130,-1,0,0,0
550.209,19.101,-6.477,-4.164,110,130,-1,0,0,0
543.732,14.937,-6.477,-4.164,105,130,-1,0,0,0
537.255,10.773,-6.477,-4.164,100,130,-1,0,0,0
530.778,6.61,-6.477,-4.164,95,130,-1,0,0,0
524.3,6.0,-6.477,4.164,90,130,-1,0,0,0
517.823,10.164,-6.477,4.164,85,130,-1,0,0,0
511.346,14.327,-6.477,4.164,80,130,-1,0,0,0
504.869,18.491,-6.477,4.164,80,130,0,0,0,0
498.392,22.655,-6.477,4.164,80,130,0,0,0,0
491.915,26.819,-6.477,4.164,80,130,0,0,0,0
485.438,30.982,-6.477,4.164,85,130,1,0,0,0
478.96,35.146,-6.477,4.164,90,130,1,0,0,0
472.483,39.31,-6.477,4.164,95,130,1,0,0,0
466.006,43.474,-6.477,4.164,100,130,1,0,0,0
459.529,47.637,-6.477,4.164,105,130,1,0,0,0
453.052,51.801,-6.477,4.164,110,130,1,0,0,0
446.575,55.965,-6.477,4.164,115,130,1,0,0,0
440.098,60.129,-6.477,4.164,120,130,1,0,0,0
433.621,64.292,-6.477,4.164,125,130,1,0,0,0
427.143,68.456,-6.477,4.164,130,130,1,0,0,0
420.666,72.62,-6.477,4.164,135,130,1,0,0,0
414.189,76.784,-6.477,4.164,140,130,1,0,0,0
407.712,80.947,-6.477,4.164,145,130,1,0,0,0
401.235,85.111,-6.477,4.164,150,130,1,0,0,0
394.758,89.275,-6.477,4.164,155,130,1,0,0,0
388.281,93.439,-6.477,4.164,160,130,1,0,0,0
381.803,97.602,-6.477,4.164,165,130,1,0,0,0
375.326,101.766,-6.477,4.164,170,130,1,0,0,0
368.849,105.93,-6.477,4.164,175,130,1,0,0,0
362.372,110.094,-6.477,4.164,180,130,1,0,0,0
355.895,114.257,-6.477,4.164,185,130,1,0,0,0
349.418,118.421,-6.477,4.164,190,130,1,0,0,0
342.941,122.585,-6.477,4.164,195,130,1,0,0,0
336.464,126.749,-6.477,4.164,195,130,0,0,0,0
329.986,130.912,-6.477,4.164,195,130,0,0,0,0
323.509,135.076,-6.477,4.164,195,130,0,0,0,0
317.032,139.24,-6.477,4.164,195,130,0,0,0,0
310.555,143.404,-6.477,4.164,195,130,0,0,0,0
304.078,147.567,-6.477,4.164,195,130,0,0,0,0
297.601,151.731,-6.477,4.164,195,130,0,0,0,0
291.124,155.895,-6.477,4.164,195,130,0,0,0,0
284.647,160.059,-6.477,4.164,195,130,0,0,0,0
278.169,164.222,-6.477,4.164,195,130,0,0,0,0
271.692,168.386,-6.477,4.164,195,130,0,0,0,0
265.215,172.55,-6.477,4.164,195,130,0,0,0,0
258.738,176.713,-6.477,4.164,195,130,0,0,0,0
252.261,180.877,-6.477,4.164,195,130,0,0,0,0
245.784,185.041,-6.477,4.164,195,130,0,0,0,0
239.307,189.205,-6.477,4.164,195,130,0,0,0,0
232.829,193.368,-6.477,4.164,195,130,0,0,0,0
226.352,197.532,-6.477,4.164,195,130,0,0,0,0
219.875,201.696,-6.477,4.164,195,130,0,0,0,0
213.398,205.86,-6.477,4.164,195,130,0,0,0,0
206.921,210.023,-6.477,4.164,200,130,1,0,0,0
200.444,214.187,-6.477,4.164,205,130,1,0,0,0
193.967,218.351,-6.477,4.164,210,130,1,0,0,0
187.49,222.515,-6.477,4.164,215,130,1,0,0,0
181.012,226.678,-6.477,4.164,220,130,1,0,0,0
174.535,230.842,-6.477,4.164,225,130,1,0,0,0
168.058,235.006,-6.477,4.164,230,130,1,0,0,0
161.581,239.17,-6.477,4.164,235,130,1,0,0,0
155.104,243.333,-6.477,4.164,240,130,1,0,0,0
148.627,247.497,-6.477,4.164,245,130,1,0,0,0
142.15,251.661,-6.477,4.164,245,130,0,0,0,0
135.672,255.825,-6.477,4.164,245,130,0,0,0,0
129.195,259.988,-6.477,4.164,245,130,0,0,0,0
122.718,264.152,-6.477,4.164,245,130,0,0,0,0
116.241,268.316,-6.477,4.164,245,130,0,0,0,0
109.764,272.48,-6.477,4.164,245,130,0,0,0,0
103.287,276.643,-6.477,4.164,250,130,1,0,0,0
96.81,280.807,-6.477,4.164,255,130,1,0,0,0
90.333,284.971,-6.477,4.164,260,130,1,0,0,0
83.855,289.135,-6.477,4.164,265,130,1,0,0,0
77.378,293.298,-6.477,4.164,270,130,1,0,0,0
70.901,297.462,-6.477,4.164,275,130,1,0,0,0
64.424,301.626,-6.477,4.164,280,130,1,0,0,0
57.947,305.79,-6.477,4.164,285,130,1,0,0,0
51.47,309.953,-6.477,4.164,290,130,1,0,0,0
49.0,314.117,6.834,-4.159,295,130,1,0,0,0
55.834,309.958,6.834,-4.159,300,130,1,0,0,0
62.668,305.799,6.834,-4.159,300,130,0,0,0,0
69.502,301.64,6.834,-4.159,300,130,0,0,0,0
76.336,297.481,6.834,-4.159,300,130,0,0,0,0
83.169,293.322,6.834,-4.159,300,130,0,0,0,0
90.003,289.163,6.834,-4.159,300,130,0,0,0,0
96.837,285.004,6.834,-4.159,300,130,0,0,0,0
103.671,280.845,6.834,-4.159,300,130,0,0,0,0
110.505,276.685,6.834,-4.159,300,130,0,0,0,0
117.339,272.526,6.834,-4.159,300,130,0,0,0,0
124.173,268.367,6.834,-4.159,300,130,0,0,0,0
131.007,264.208,6.834,-4.159,300,130,0,0,0,0
137.841,260.049,6.834,-4.159,300,130,0,0,0,0
144.675,255.89,6.834,-4.159,300,130,0,0,0,0
151.508,251.731,6.834,-4.159,300,130,0,0,0,0
158.342,247.572,6.834,-4.159,300,130,0,0,0,0
165.176,243.413,6.834,-4.159,300,130,0,0,0,0
172.01,239.254,6.834,-4.159,300,130,0,0,0,0
178.844,235.095,6.834,-4.159,300,130,0,0,0,0
185.678,230.936,6.834,-4.159,300,130,0,0,0,0
192.512,226.777,6.834,-4.159,300,130,0,0,0,0
199.346,222.618,6.834,-4.159,300,130,0,0,0,0
206.18,218.458,6.834,-4.159,295,130,-1,0,0,0
213.014,214.299,6.834,-4.159,290,130,-1,0,0,0
219.847,210.14,6.834,-4.159,285,130,-1,0,0,0
226.681,205.981,6.834,-4.159,280,130,-1,0,0,0
233.515,201.822,6.834,-4.159,275,130,-1,0,0,0
240.349,197.663,6.834,-4.159,270,130,-1,0,0,0
247.183,193.504,6.834,-4.159,265,130,-1,0,0,0
254.017,189.345,6.834,-4.159,260,130,-1,0,0,0
260.851,185.186,6.834,-4.159,255,130,-1,0,0,0
267.685,181.027,6.834,-4.159,250,130,-1,0,0,0
274.519,176.868,6.834,-4.159,245,130,-1,0,0,0
281.353,172.709,6.834,-4.159,240,130,-1,0,0,0
288.186,168.55,6.834,-4.159,235,130,-1,0,0,0
295.02,164.391,6.834,-4.159,230,130,-1,0,0,0
301.854,160.232,6.834,-4.159,225,130,-1,0,0,0
308.688,156.072,6.834,-4.159,220,130,-1,0,0,0
315.522,151.913,6.834,-4.159,215,130,-1,0,0,0
322.356,147.754,6.834,-4.159,210,130,-1,0,0,0
329.19,143.595,6.834,-4.159,205,130,-1,0,0,0
336.024,139.436,6.834,-4.159,200,130,-1,0,0,0
342.858,135.277,6.834,-4.159,195,125,-1,-1,0,0
349.691,131.118,6.834,-4.159,190,120,-1,-1,0,0
356.525,126.959,6.834,-4.159,185,115,-1,-1,0,0
363.359,122.8,6.834,-4.159,180,110,-1,-1,0,0
370.193,118.641,6.834,-4.159,175,105,-1,-1,0,0
377.027,114.482,6.834,-4.159,170,100,-1,-1,0,0
383.861,110.323,6.834,-4.159,165,95,-1,-1,0,0
390.695,106.164,6.834,-4.159,160,90,-1,-1,0,0
397.529,102.005,6.834,-4.159,155,85,-1,-1,0,0
404.363,97.846,6.834,-4.159,150,80,-1,-1,0,0
411.197,93.686,6.834,-4.159,145,75,-1,-1,0,0
418.03,89.527,6.834,-4.159,140,70,-1,-1,0,0
424.864,85.368,6.834,-4.159,135,65,-1,-1,0,0
431.698,81.209,6.834,-4.159,130,60,-1,-1,0,0
438.532,77.05,6.834,-4.159,125,55,-1,-1,0,0
445.366,72.891,6.834,-4.159,120,50,-1,-1,0,0
452.2,68.732,6.834,-4.159,120,45,0,-1,0,0
459.034,64.573,6.834,-4.159,120,40,0,-1,0,0
465.868,60.414,6.834,-4.159,120,35,0,-1,0,0
472.702,56.255,6.834,-4.159,120,30,0,-1,0,0
479.536,52.096,6.834,-4.159,120,25,0,-1,0,0
486.369,47.937,6.834,-4.159,120,20,0,-1,0,0
493.203,43.778,6.834,-4.159,120,15,0,-1,0,0
500.037,39.619,6.834,-4.159,120,10,0,-1,0,0
506.871,35.459,6.834,-4.159,120,5,0,-1,0,0
513.705,31.3,6.834,-4.159,120,0,0,-1,0,0
520.539,27.141,6.834,-4.159,120,0,0,-1,0,0
527.373,22.982,6.834,-4.159,120,0,0,0,0,0
534.207,18.823,6.834,-4.159,120,0,0,0,0,0
541.041,14.664,6.834,-4.159,120,0,0,0,0,0
547.875,10.505,6.834,-4.159,120,0,0,0,0,0
554.708,6.346,6.834,-4.159,120,0,0,0,0,0
561.542,6.0,6.834,4.159,120,0,0,0,0,0
568.376,10.159,6.834,4.159,120,0,0,0,0,0
575.21,14.318,6.834,4.159,120,0,0,0,0,0
582.044,18.477,6.834,4.159,120,0,0,0,0,0
588.878,22.636,6.834,4.159,120,0,0,0,0,0
595.712,26.795,6.834,4.159,120,0,0,0,0,0
602.546,30.954,6.834,4.159,120,0,0,0,0,0
609.38,35.113,6.834,4.159,120,0,0,0,0,0
616.213,39.273,6.834,4.159,120,0,0,0,0,0
623.047,43.432,6.834,4.159,120,0,0,0,0,0
629.881,47.591,6.834,4.159,120,0,0,0,0,0
636.715,51.75,6.834,4.159,120,0,0,0,0,0
643.549,55.909,6.834,4.159,120,0,0,0,0,0
650.383,60.068,6.834,4.159,120,0,0,0,0,0
657.217,64.227,6.834,4.159,120,0,0,0,0,0
664.051,68.386,6.834,4.159,120,0,0,0,0,0
670.885,72.545,6.834,4.159,120,0,0,0,0,0
677.719,76.704,6.834,4.159,120,0,0,0,0,0
684.552,80.863,6.834,4.159,120,0,0,0,0,0
691.386,85.022,6.834,4.159,120,0,0,0,0,0
698.22,89.181,6.834,4.159,120,0,0,0,0,0
705.054,93.34,6.834,4.159,120,0,0,0,0,0
711.888,97.499,6.834,4.159,120,0,0,0,0,0
718.722,101.659,6.834,4.159,120,0,0,0,0,0
725.556,105.818,6.834,4.159,120,0,0,0,0,0
732.39,109.977,6.834,4.159,120,0,0,0,0,0
739.224,114.136,6.834,4.159,120,0,0,0,0,0
746.058,118.295,6.834,4.159,120,5,0,1,0,0
752.891,122.454,6.834,4.159,120,10,0,1,0,0
759.725,126.613,6.834,4.159,120,15,0,1,0,0
766.559,130.772,6.834,4.159,120,20,0,1,0,0
773.393,134.931,6.834,4.159,120,25,0,1,0,0
780.227,139.09,6.834,4.159,120,30,0,1,0,0
787.061,143.249,6.834,4.159,120,35,0,1,0,0
793.895,147.408,6.834,4.159,120,40,0,1,0,0
800.729,151.567,6.834,4.159,120,45,0,1,0,0
400.0,300.0,-3.879,3.154,120,50,0,1,1,0
396.121,303.154,-3.879,3.154,120,55,0,1,0,0
392.241,306.309,-3.879,3.154,120,60,0,1,0,0
388.362,309.463,-3.879,3.154,120,65,0,1,0,0
384.482,312.617,-3.879,3.154,120,70,0,1,0,0
380.603,315.772,-3.879,3.154,120,75,0,1,0,0
376.723,318.926,-3.879,3.154,120,80,0,1,0,0
372.844,322.08,-3.879,3.154,120,85,0,1,0,0
368.964,325.235,-3.879,3.154,120,90,0,1,0,0
365.085,328.389,-3.879,3.154,120,95,0,1,0,0
361.205,331.543,-3.879,3.154,120,95,0,0,0,0
357.326,334.698,-3.879,3.154,120,95,0,0,0,0
353.447,337.852,-3.879,3.154,120,95,0,0,0,0
349.567,341.006,-3.879,3.154,120,95,0,0,0,0
345.688,344.161,-3.879,3.154,120,95,0,0,0,0
341.808,347.315,-3.879,3.154,120,95,0,0,0,0
337.929,350.469,-3.879,3.154,120,95,0,0,0,0
334.049,353.624,-3.879,3.154,120,95,0,0,0,0
330.17,356.778,-3.879,3.154,120,95,0,0,0,0
326.29,359.932,-3.879,3.154,120,95,0,0,0,0
322.411,363.087,-3.879,3.154,120,95,0,0,0,0
318.531,366.241,-3.879,3.154,120,95,0,0,0,0
314.652,369.395,-3.879,3.154,120,95,0,0,0,0
310.773,372.55,-3.879,3.154,120,95,0,0,0,0
306.893,375.704,-3.879,3.154,120,95,0,0,0,0
303.014,378.858,-3.879,3.154,120,95,0,0,0,0
299.134,382.013,-3.879,3.154,120,95,0,0,0,0
295.255,385.167,-3.879,3.154,120,95,0,0,0,0
291.375,388.321,-3.879,3.154,120,95,0,0,0,0
287.496,391.476,-3.879,3.154,125,95,1,0,0,0
283.616,394.63,-3.879,3.154,130,95,1,0,0,0
279.737,397.784,-3.879,3.154,135,95,1,0,0,0
275.857,400.939,-3.879,3.154,140,95,1,0,0,0
271.978,404.093,-3.879,3.154,145,95,1,0,0,0
268.098,407.247,-3.879,3.154,150,95,1,0,0,0
264.219,410.402,-3.879,3.154,155,95,1,0,0,0
260.34,413.556,-3.879,3.154,160,95,1,0,0,0
256.46,416.71,-3.879,3.154,165,95,1,0,0,0
252.581,419.865,-3.879,3.154,170,95,1,0,0,0
248.701,423.019,-3.879,3.154,175,95,1,0,0,0
244.822,426.173,-3.879,3.154,180,95,1,0,0,0
240.942,429.328,-3.879,3.154,185,95,1,0,0,0
237.063,432.482,-3.879,3.154,190,95,1,0,0,0
233.183,435.636,-3.879,3.154,195,95,1,0,0,0
229.304,438.791,-3.879,3.154,200,95,1,0,0,0
225.424,441.945,-3.879,3.154,205,95,1,0,0,0
221.545,445.099,-3.879,3.154,210,95,1,0,0,0
217.666,448.254,-3.879,3.154,215,95,1,0,0,0
213.786,451.408,-3.879,3.154,220,95,1,0,0,0
209.907,454.562,-3.879,3.154,225,95,1,0,0,0
206.027,457.717,-3.879,3.154,230,95,1,0,0,0
202.148,460.871,-3.879,3.154,235,95,1,0,0,0
198.268,464.025,-3.879,3.154,240,95,1,0,0,0
194.389,467.18,-3.879,3.154,245,95,1,0,0,0
190.509,470.334,-3.879,3.154,250,95,1,0,0,0
186.63,473.488,-3.879,3.154,255,95,1,0,0,0
182.75,476.643,-3.879,3.154,260,95,1,0,0,0
178.871,479.797,-3.879,3.154,265,95,1,0,0,0
174.992,482.951,-3.879,3.154,270,95,1,0,0,0
171.112,486.106,-3.879,3.154,275,95,1,0,0,0
167.233,489.26,-3.879,3.154,280,95,1,0,0,0
163.353,492.414,-3.879,3.154,285,95,1,0,0,0
159.474,495.569,-3.879,3.154,290,95,1,0,0,0
155.594,498.723,-3.879,3.154,295,95,1,0,0,0
151.715,501.877,-3.879,3.154,300,95,1,0,0,0
147.835,505.032,-3.879,3.154,305,95,1,0,0,0
143.956,508.186,-3.879,3.154,310,95,1,0,0,0
140.076,511.34,-3.879,3.154,315,95,1,0,0,0
136.197,514.495,-3.879,3.154,320,95,1,0,0,0
132.318,517.649,-3.879,3.154,325,95,1,0,0,0
128.438,520.803,-3.879,3.154,330,95,1,0,0,0
124.559,523.958,-3.879,3.154,335,95,1,0,0,0
120.679,527.112,-3.879,3.154,340,95,1,0,0,0
116.8,530.266,-3.879,3.154,345,95,1,0,0,0
112.92,533.421,-3.879,3.154,350,95,1,0,0,0
109.041,536.575,-3.879,3.154,355,95,1,0,0,0
105.161,539.729,-3.879,3.154,360,95,1,0,0,0
101.282,542.884,-3.879,3.154,365,95,1,0,0,0
97.402,546.038,-3.879,3.154,370,95,1,0,0,0
93.523,549.192,-3.879,3.154,375,95,1,0,0,0
89.643,552.347,-3.879,3.154,380,95,1,0,0,0
85.764,555.501,-3.879,3.154,385,95,1,0,0,0
81.885,558.655,-3.879,3.154,390,95,1,0,0,0
78.005,561.81,-3.879,3.154,395,95,1,0,0,0
74.126,564.964,-3.879,3.154,400,95,1,0,0,0
70.246,568.118,-3.879,3.154,405,95,1,0,0,0
66.367,571.273,-3.879,3.154,410,95,1,0,0,0
62.487,574.427,-3.879,3.154,415,95,1,0,0,0
58.608,577.581,-3.879,3.154,420,95,1,0,0,0
54.728,580.736,-3.879,3.154,425,95,1,0,0,0
50.849,583.89,-3.879,3.154,430,95,1,0,0,0
46.969,587.044,-3.879,3.154,435,95,1,0,0,0
43.09,590.199,-3.879,3.154,440,95,1,0,0,0
39.211,593.353,-3.879,3.154,445,95,1,0,0,0
35.331,594.0,-3.879,-3.154,450,95,1,0,0,0
31.452,590.846,-3.879,-3.154,455,95,1,0,0,0
27.572,587.691,-3.879,-3.154,460,95,1,0,0,0
23.693,584.537,-3.879,-3.154,465,95,1,0,0,0
19.813,581.383,-3.879,-3.154,470,95,1,0,0,0
15.934,578.228,-3.879,-3.154,475,95,1,0,0,0
12.054,575.074,-3.879,-3.154,480,95,1,0,0,0
8.175,571.92,-3.879,-3.154,485,95,1,0,0,0
4.295,568.765,-3.879,-3.154,490,95,1,0,0,0
0.416,565.611,-3.879,-3.154,495,95,1,0,0,0
-3.463,562.457,-3.879,-3.154,500,95,1,0,0,0
400.0,300.0,3.578,3.493,505,95,1,0,0,1
403.578,303.493,3.578,3.493,505,95,0,0,0,0
407.155,306.986,3.578,3.493,505,95,0,0,0,0
410.733,310.479,3.578,3.493,505,95,0,0,0,0
414.311,313.972,3.578,3.493,505,95,0,0,0,0
417.888,317.464,3.578,3.493,505,95,0,0,0,0
421.466,320.957,3.578,3.493,505,95,0,0,0,0
425.044,324.45,3.578,3.493,505,95,0,0,0,0
428.621,327.943,3.578,3.493,505,95,0,0,0,0
432.199,331.436,3.578,3.493,505,95,0,0,0,0
435.777,334.929,3.578,3.493,505,95,0,0,0,0
439.354,338.422,3.578,3.493,505,95,0,0,0,0
442.932,341.915,3.578,3.493,505,95,0,0,0,0
446.51,345.408,3.578,3.493,505,95,0,0,0,0
450.087,348.901,3.578,3.493,505,95,0,0,0,0
453.665,352.393,3.578,3.493,505,95,0,0,0,0
457.243,355.886,3.578,3.493,505,95,0,0,0,0
460.82,359.379,3.578,3.493,505,95,0,0,0,0
464.398,362.872,3.578,3.493,505,95,0,0,0,0
467.976,366.365,3.578,3.493,505,95,0,0,0,0
471.553,369.858,3.578,3.493,505,95,0,0,0,0
475.131,373.351,3.578,3.493,505,95,0,0,0,0
478.709,376.844,3.578,3.493,505,95,0,0,0,0
482.286,380.337,3.578,3.493,505,95,0,0,0,0
485.864,383.829,3.578,3.493,505,95,0,0,0,0
489.442,387.322,3.578,3.493,505,95,0,0,0,0
493.019,390.815,3.578,3.493,505,95,0,0,0,0
496.597,394.308,3.578,3.493,505,95,0,0,0,0
500.175,397.801,3.578,3.493,505,95,0,0,0,0
503.752,401.294,3.578,3.493,510,95,1,0,0,0
507.33,404.787,3.578,3.493,515,95,1,0,0,0
510.908,408.28,3.578,3.493,520,95,1,0,0,0
514.485,411.773,3.578,3.493,520,95,1,0,0,0
518.063,415.266,3.578,3.493,520,95,1,0,0,0
521.641,418.758,3.578,3.493,520,95,1,0,0,0
525.218,422.251,3.578,3.493,520,95,1,0,0,0
528.796,425.744,3.578,3.493,520,95,1,0,0,0
532.374,429.237,3.578,3.493,520,95,1,0,0,0
535.951,432.73,3.578,3.493,520,95,1,0,0,0
539.529,436.223,3.578,3.493,520,95,1,0,0,0
543.107,439.716,3.578,3.493,520,95,1,0,0,0
546.684,443.209,3.578,3.493,520,95,1,0,0,0
550.262,446.702,3.578,3.493,520,95,1,0,0,0
553.84,450.194,3.578,3.493,520,95,1,0,0,0
557.417,453.687,3.578,3.493,520,95,1,0,0,0
560.995,457.18,3.578,3.493,520,95,1,0,0,0
564.573,460.673,3.578,3.493,520,95,1,0,0,0
568.15,464.166,3.578,3.493,520,95,1,0,0,0
571.728,467.659,3.578,3.493,520,95,1,0,0,0
575.306,471.152,3.578,3.493,520,95,1,0,0,0
578.883,474.645,3.578,3.493,520,95,1,0,0,0
582.461,478.138,3.578,3.493,520,95,1,0,0,0
586.039,481.631,3.578,3.493,520,95,1,0,0,0
589.616,485.123,3.578,3.493,520,100,1,1,0,0
593.194,488.616,3.578,3.493,520,105,1,1,0,0
596.772,492.109,3.578,3.493,520,110,1,1,0,0
600.349,495.602,3.578,3.493,520,115,0,1,0,0
603.927,499.095,3.578,3.493,520,120,0,1,0,0
607.505,502.588,3.578,3.493,520,125,0,1,0,0
611.082,506.081,3.578,3.493,520,130,0,1,0,0
614.66,509.574,3.578,3.493,520,135,0,1,0,0
618.238,513.067,3.578,3.493,520,140,0,1,0,0
621.815,516.559,3.578,3.493,520,145,0,1,0,0
625.393,520.052,3.578,3.493,520,150,0,1,0,0
628.971,523.545,3.578,3.493,520,155,0,1,0,0
632.548,527.038,3.578,3.493,520,160,0,1,0,0
636.126,530.531,3.578,3.493,520,165,0,1,0,0
639.704,534.024,3.578,3.493,520,170,0,1,0,0
643.281,537.517,3.578,3.493,520,175,0,1,0,0
646.859,541.01,3.578,3.493,520,180,0,1,0,0
650.437,544.503,3.578,3.493,520,185,0,1,0,0
654.014,547.996,3.578,3.493,520,190,0,1,0,0
657.592,551.488,3.578,3.493,520,195,0,1,0,0
661.17,554.981,3.578,3.493,520,200,0,1,0,0
664.747,558.474,3.578,3.493,520,205,0,1,0,0
668.325,561.967,3.578,3.493,520,210,0,1,0,0
671.903,565.46,3.578,3.493,520,215,0,1,0,0
675.48,568.953,3.578,3.493,520,220,0,1,0,0
679.058,572.446,3.578,3.493,520,225,0,1,0,0
682.636,575.939,3.578,3.493,520,230,0,1,0,0
686.213,579.432,3.578,3.493,520,235,0,1,0,0
689.791,582.924,3.578,3.493,520,240,0,1,0,0
693.369,586.417,3.578,3.493,520,245,0,1,0,0
696.946,589.91,3.578,3.493,520,250,0,1,0,0
700.524,593.403,3.578,3.493,520,255,0,1,0,0
704.102,594.0,3.578,-3.493,520,260,0,1,0,0
707.679,590.507,3.578,-3.493,520,265,0,1,0,0
711.257,587.014,3.578,-3.493,520,270,0,1,0,0
714.835,583.521,3.578,-3.493,520,275,0,1,0,0
718.412,580.028,3.578,-3.493,520,280,0,1,0,0
721.99,576.536,3.578,-3.493,520,285,0,1,0,0
725.568,573.043,3.578,-3.493,520,290,0,1,0,0
729.145,569.55,3.578,-3.493,520,295,0,1,0,0
732.723,566.057,3.578,-3.493,520,300,0,1,0,0
736.301,562.564,3.578,-3.493,520,305,0,1,0,0
739.878,559.071,3.578,-3.493,520,310,0,1,0,0
743.456,555.578,3.578,-3.493,520,315,0,1,0,0
747.034,552.085,3.578,-3.493,520,320,0,1,0,0
750.611,548.592,3.578,-3.493,520,325,0,1,0,0
754.189,545.099,3.578,-3.493,520,330,0,1,0,0
757.767,541.607,3.578,-3.493,520,335,0,1,0,0
761.344,538.114,3.578,-3.493,520,340,0,1,0,0
764.922,534.621,3.578,-3.493,520,345,0,1,0,0
768.5,531.128,3.578,-3.493,520,350,0,1,0,0
772.077,527.635,3.578,-3.493,520,355,0,1,0,0
775.655,524.142,3.578,-3.493,520,360,0,1,0,0
779.233,520.649,3.578,-3.493,520,365,0,1,0,0
782.81,517.156,3.578,-3.493,520,370,0,1,0,0
786.388,513.663,3.578,-3.493,520,375,0,1,0,0
789.966,510.171,3.578,-3.493,520,380,0,1,0,0
793.543,506.678,3.578,-3.493,520,385,0,1,0,0
797.121,503.185,3.578,-3.493,520,390,0,1,0,0
800.699,499.692,3.578,-3.493,520,395,0,1,0,0
804.276,496.199,3.578,-3.493,520,400,0,1,0,0
400.0,300.0,-4.935,-0.802,520,405,0,1,1,0
395.065,299.198,-4.935,-0.802,515,405,-1,0,0,0
390.129,298.397,-4.935,-0.802,510,405,-1,0,0,0
385.194,297.595,-4.935,-0.802,505,405,-1,0,0,0
380.259,296.793,-4.935,-0.802,500,405,-1,0,0,0
375.323,295.992,-4.935,-0.802,495,405,-1,0,0,0
370.388,295.19,-4.935,-0.802,490,405,-1,0,0,0
365.453,294.388,-4.935,-0.802,485,405,-1,0,0,0
360.518,293.586,-4.935,-0.802,480,405,-1,0,0,0
355.582,292.785,-4.935,-0.802,475,405,-1,0,0,0
350.647,291.983,-4.935,-0.802,470,405,-1,0,0,0
345.712,291.181,-4.935,-0.802,465,405,-1,0,0,0
340.776,290.38,-4.935,-0.802,460,405,-1,0,0,0
335.841,289.578,-4.935,-0.802,455,405,-1,0,0,0
330.906,288.776,-4.935,-0.802,450,405,-1,0,0,0
325.97,287.975,-4.935,-0.802,445,405,-1,0,0,0
321.035,287.173,-4.935,-0.802,440,405,-1,0,0,0
316.1,286.371,-4.935,-0.802,435,405,-1,0,0,0
311.164,285.57,-4.935,-0.802,430,405,-1,0,0,0
306.229,284.768,-4.935,-0.802,425,405,-1,0,0,0
301.294,283.966,-4.935,-0.802,420,405,-1,0,0,0
296.358,283.164,-4.935,-0.802,415,405,-1,0,0,0
291.423,282.363,-4.935,-0.802,410,405,-1,0,0,0
286.488,281.561,-4.935,-0.802,405,405,-1,0,0,0
281.553,280.759,-4.935,-0.802,400,405,-1,0,0,0
276.617,279.958,-4.935,-0.802,395,405,-1,0,0,0
271.682,279.156,-4.935,-0.802,390,405,-1,0,0,0
266.747,278.354,-4.935,-0.802,385,405,-1,0,0,0
261.811,277.553,-4.935,-0.802,380,405,-1,0,0,0
256.876,276.751,-4.935,-0.802,375,405,-1,0,0,0
251.941,275.949,-4.935,-0.802,370,405,-1,0,0,0
247.005,275.148,-4.935,-0.802,365,405,-1,0,0,0
242.07,274.346,-4.935,-0.802,360,405,-1,0,0,0
237.135,273.544,-4.935,-0.802,355,405,-1,0,0,0
232.199,272.742,-4.935,-0.802,350,405,-1,0,0,0
227.264,271.941,-4.935,-0.802,345,405,-1,0,0,0
222.329,271.139,-4.935,-0.802,340,405,-1,0,0,0
217.394,270.337,-4.935,-0.802,335,405,-1,0,0,0
212.458,269.536,-4.935,-0.802,330,405,-1,0,0,0
207.523,268.734,-4.935,-0.802,325,405,-1,0,0,0
202.588,267.932,-4.935,-0.802,320,405,-1,0,0,0
197.652,267.131,-4.935,-0.802,315,405,-1,0,0,0
192.717,266.329,-4.935,-0.802,310,400,-1,-1,0,0
187.782,265.527,-4.935,-0.802,305,395,-1,-1,0,0
182.846,264.726,-4.935,-0.802,300,390,-1,-1,0,0
177.911,263.924,-4.935,-0.802,295,385,-1,-1,0,0
172.976,263.122,-4.935,-0.802,290,380,-1,-1,0,0
168.04,262.321,-4.935,-0.802,285,375,-1,-1,0,0
163.105,261.519,-4.935,-0.802,280,370,-1,-1,0,0
158.17,260.717,-4.935,-0.802,275,365,-1,-1,0,0
153.234,259.915,-4.935,-0.802,270,360,-1,-1,0,0
148.299,259.114,-4.935,-0.802,265,355,-1,-1,0,0
143.364,258.312,-4.935,-0.802,260,350,-1,-1,0,0
138.429,257.51,-4.935,-0.802,255,345,-1,-1,0,0
133.493,256.709,-4.935,-0.802,250,340,-1,-1,0,0
128.558,255.907,-4.935,-0.802,245,335,-1,-1,0,0
123.623,255.105,-4.935,-0.802,240,330,-1,-1,0,0
118.687,254.304,-4.935,-0.802,235,325,-1,-1,0,0
113.752,253.502,-4.935,-0.802,230,320,-1,-1,0,0
108.817,252.7,-4.935,-0.802,225,315,-1,-1,0,0
103.881,251.899,-4.935,-0.802,220,310,-1,-1,0,0
98.946,251.097,-4.935,-0.802,215,305,-1,-1,0,0
94.011,250.295,-4.935,-0.802,210,300,-1,-1,0,0
89.075,249.493,-4.935,-0.802,205,295,-1,-1,0,0
84.14,248.692,-4.935,-0.802,200,290,-1,-1,0,0
79.205,247.89,-4.935,-0.802,195,285,-1,-1,0,0
74.269,247.088,-4.935,-0.802,195,280,0,-1,0,0
69.334,246.287,-4.935,-0.802,195,275,0,-1,0,0
64.399,245.485,-4.935,-0.802,195,270,0,-1,0,0
59.464,244.683,-4.935,-0.802,195,265,0,-1,0,0
54.528,243.882,-4.935,-0.802,195,260,0,-1,0,0
49.593,243.08,-4.935,-0.802,195,255,0,-1,0,0
49.0,242.278,5.204,1.004,195,250,0,-1,0,0
54.204,243.282,5.204,1.004,195,245,0,-1,0,0
59.408,244.286,5.204,1.004,195,240,0,-1,0,0
64.612,245.29,5.204,1.004,195,235,0,-1,0,0
69.816,246.293,5.204,1.004,195,230,0,-1,0,0
75.02,247.297,5.204,1.004,195,225,0,-1,0,0
80.224,248.301,5.204,1.004,195,220,0,-1,0,0
85.429,249.305,5.204,1.004,195,215,0,-1,0,0
90.633,250.308,5.204,1.004,195,210,0,-1,0,0
95.837,251.312,5.204,1.004,195,205,0,-1,0,0
101.041,252.316,5.204,1.004,200,200,1,-1,0,0
106.245,253.32,5.204,1.004,205,195,1,-1,0,0
111.449,254.324,5.204,1.004,210,190,1,-1,0,0
116.653,255.327,5.204,1.004,215,185,1,-1,0,0
121.857,256.331,5.204,1.004,220,180,1,-1,0,0
127.061,257.335,5.204,1.004,225,175,1,-1,0,0
132.265,258.339,5.204,1.004,230,170,1,-1,0,0
137.469,259.342,5.204,1.004,235,165,1,-1,0,0
142.673,260.346,5.204,1.004,240,160,1,-1,0,0
147.877,261.35,5.204,1.004,245,155,1,-1,0,0
153.082,262.354,5.204,1.004,250,150,1,-1,0,0
158.286,263.358,5.204,1.004,255,145,1,-1,0,0
163.49,264.361,5.204,1.004,260,140,1,-1,0,0
168.694,265.365,5.204,1.004,265,135,1,-1,0,0
173.898,266.369,5.204,1.004,270,130,1,-1,0,0
179.102,267.373,5.204,1.004,275,125,1,-1,0,0
184.306,268.376,5.204,1.004,280,125,1,0,0,0
189.51,269.38,5.204,1.004,285,125,1,0,0,0
194.714,270.384,5.204,1.004,290,125,1,0,0,0
199.918,271.388,5.204,1.004,295,130,1,1,0,0
205.122,272.392,5.204,1.004,300,135,1,1,0,0
210.326,273.395,5.204,1.004,305,140,1,1,0,0
215.53,274.399,5.204,1.004,310,145,1,1,0,0
220.735,275.403,5.204,1.004,315,150,1,1,0,0
225.939,276.407,5.204,1.004,320,155,1,1,0,0
231.143,277.41,5.204,1.004,325,160,1,1,0,0
236.347,278.414,5.204,1.004,330,165,1,1,0,0
241.551,279.418,5.204,1.004,335,170,1,1,0,0
246.755,280.422,5.204,1.004,340,175,1,1,0,0
251.959,281.426,5.204,1.004,345,180,1,1,0,0
257.163,282.429,5.204,1.004,350,185,1,1,0,0
262.367,283.433,5.204,1.004,355,190,1,1,0,0
267.571,284.437,5.204,1.004,355,195,0,1,0,0
272.775,285.441,5.204,1.004,355,200,0,1,0,0
277.979,286.445,5.204,1.004,355,205,0,1,0,0
283.184,287.448,5.204,1.004,355,210,0,1,0,0
288.388,288.452,5.204,1.004,355,215,0,1,0,0
293.592,289.456,5.204,1.004,355,220,0,1,0,0
298.796,290.46,5.204,1.004,355,225,0,1,0,0
304.0,291.463,5.204,1.004,355,230,0,1,0,0
309.204,292.467,5.204,1.004,355,235,0,1,0,0
314.408,293.471,5.204,1.004,355,240,0,1,0,0
319.612,294.475,5.204,1.004,355,245,0,1,0,0
324.816,295.479,5.204,1.004,355,250,0,1,0,0
330.02,296.482,5.204,1.004,355,255,0,1,0,0
335.224,297.486,5.204,1.004,355,255,0,0,0,0
340.428,298.49,5.204,1.004,355,255,0,0,0,0
345.632,299.494,5.204,1.004,355,255,0,0,0,0
350.837,300.497,5.204,1.004,355,255,0,0,0,0
356.041,301.501,5.204,1.004,355,255,0,0,0,0
361.245,302.505,5.204,1.004,355,255,0,0,0,0
366.449,303.509,5.204,1.004,355,255,0,0,0,0
371.653,304.513,5.204,1.004,355,255,0,0,0,0
376.857,305.516,5.204,1.004,355,255,0,0,0,0
382.061,306.52,5.204,1.004,355,255,0,0,0,0
387.265,307.524,5.204,1.004,355,255,0,0,0,0
392.469,308.528,5.204,1.004,355,255,0,0,0,0
397.673,309.531,5.204,1.004,355,255,0,0,0,0
402.877,310.535,5.204,1.004,355,255,0,0,0,0
408.081,311.539,5.204,1.004,355,255,0,0,0,0
413.285,312.543,5.204,1.004,355,255,0,0,0,0
418.49,313.547,5.204,1.004,355,255,0,0,0,0
423.694,314.55,5.204,1.004,355,255,0,0,0,0
428.898,315.554,5.204,1.004,355,255,0,0,0,0
434.102,316.558,5.204,1.004,355,255,0,0,0,0
439.306,317.562,5.204,1.004,355,255,0,0,0,0
444.51,318.565,5.204,1.004,355,255,0,0,0,0
449.714,319.569,5.204,1.004,355,255,0,0,0,0
454.918,320.573,5.204,1.004,355,255,0,0,0,0
460.122,321.577,5.204,1.004,355,255,0,0,0,0
465.326,322.581,5.204,1.004,355,255,0,0,0,0
470.53,323.584,5.204,1.004,355,255,0,0,0,0
475.734,324.588,5.204,1.004,355,255,0,0,0,0
480.938,325.592,5.204,1.004,355,255,0,0,0,0
486.143,326.596,5.204,1.004,355,255,0,0,0,0
491.347,327.599,5.204,1.004,355,255,0,0,0,0
496.551,328.603,5.204,1.004,355,255,0,0,0,0
501.755,329.607,5.204,1.004,355,255,0,0,0,0
506.959,330.611,5.204,1.004,355,255,0,0,0,0
512.163,331.615,5.204,1.004,355,255,0,0,0,0
517.367,332.618,5.204,1.004,355,260,0,1,0,0
522.571,333.622,5.204,1.004,355,265,0,1,0,0
527.775,334.626,5.204,1.004,355,270,0,1,0,0
532.979,335.63,5.204,1.004,355,275,0,1,0,0
538.183,336.633,5.204,1.004,355,280,0,1,0,0
543.387,337.637,5.204,1.004,355,285,0,1,0,0
548.591,338.641,5.204,1.004,355,290,0,1,0,0
553.796,339.645,5.204,1.004,355,295,0,1,0,0
559.0,340.649,5.204,1.004,355,300,0,1,0,0
564.204,341.652,5.204,1.004,355,305,0,1,0,0
569.408,342.656,5.204,1.004,355,310,0,1,0,0
574.612,343.66,5.204,1.004,355,315,0,1,0,0
579.816,344.664,5.204,1.004,355,320,0,1,0,0
585.02,345.667,5.204,1.004,355,325,0,1,0,0
590.224,346.671,5.204,1.004,355,330,0,1,0,0
595.428,347.675,5.204,1.004,355,335,0,1,0,0
600.632,348.679,5.204,1.004,355,340,0,1,0,0
605.836,349.683,5.204,1.004,355,345,0,1,0,0
611.04,350.686,5.204,1.004,355,345,0,0,0,0
616.244,351.69,5.204,1.004,355,345,0,0,0,0
621.449,352.694,5.204,1.004,355,345,0,0,0,0
626.653,353.698,5.204,1.004,355,345,0,0,0,0
631.857,354.702,5.204,1.004,355,345,0,0,0,0
637.061,355.705,5.204,1.004,355,345,0,0,0,0
642.265,356.709,5.204,1.004,355,345,0,0,0,0
647.469,357.713,5.204,1.004,355,345,0,0,0,0
652.673,358.717,5.204,1.004,355,345,0,0,0,0
657.877,359.72,5.204,1.004,355,345,0,0,0,0
663.081,360.724,5.204,1.004,355,345,0,0,0,0
668.285,361.728,5.204,1.004,355,345,0,0,0,0
673.489,362.732,5.204,1.004,355,345,0,0,0,0
678.693,363.736,5.204,1.004,355,345,0,0,0,0
683.898,364.739,5.204,1.004,355,345,0,0,0,0
689.102,365.743,5.204,1.004,355,345,0,0,0,0
694.306,366.747,5.204,1.004,355,345,0,0,0,0
699.51,367.751,5.204,1.004,355,345,0,0,0,0
704.714,368.754,5.204,1.004,355,345,0,0,0,0
709.918,369.758,5.204,1.004,355,345,0,0,0,0
715.122,370.762,5.204,1.004,355,345,0,0,0,0
720.326,371.766,5.204,1.004,355,345,0,0,0,0
725.53,372.77,5.204,1.004,355,345,0,0,0,0
730.734,373.773,5.204,1.004,355,345,0,0,0,0
735.938,374.777,5.204,1.004,355,345,0,0,0,0
741.142,375.781,5.204,1.004,355,345,0,0,0,0
746.346,376.785,5.204,1.004,355,345,0,0,0,0
751.551,377.788,5.204,1.004,355,345,0,0,0,0
751.0,378.792,-5.526,-0.906,355,345,0,0,0,0
745.474,377.886,-5.526,-0.906,355,345,0,0,0,0
739.948,376.98,-5.526,-0.906,355,345,0,0,0,0
734.421,376.074,-5.526,-0.906,355,345,0,0,0,0
728.895,375.168,-5.526,-0.906,355,345,0,0,0,0
723.369,374.262,-5.526,-0.906,355,345,0,0,0,0
717.843,373.356,-5.526,-0.906,355,345,0,0,0,0
712.317,372.449,-5.526,-0.906,355,345,0,0,0,0
706.79,371.543,-5.526,-0.906,355,345,0,0,0,0
701.264,370.637,-5.526,-0.906,355,345,0,0,0,0
695.738,369.731,-5.526,-0.906,355,345,0,0,0,0
690.212,368.825,-5.526,-0.906,355,345,0,0,0,0
684.686,367.919,-5.526,-0.906,355,345,0,0,0,0
679.159,367.013,-5.526,-0.906,355,345,0,0,0,0
673.633,366.107,-5.526,-0.906,355,345,0,0,0,0
668.107,365.201,-5.526,-0.906,355,345,0,0,0,0
662.581,364.294,-5.526,-0.906,355,345,0,0,0,0
657.054,363.388,-5.526,-0.906,355,345,0,0,0,0
651.528,362.482,-5.526,-0.906,350,345,-1,0,0,0
646.002,361.576,-5.526,-0.906,345,345,-1,0,0,0
640.476,360.67,-5.526,-0.906,340,345,-1,0,0,0
634.95,359.764,-5.526,-0.906,335,345,-1,0,0,0
629.423,358.858,-5.526,-0.906,330,345,-1,0,0,0
623.897,357.952,-5.526,-0.906,325,345,-1,0,0,0
618.371,357.046,-5.526,-0.906,320,345,-1,0,0,0
612.845,356.14,-5.526,-0.906,315,345,-1,0,0,0
607.319,355.233,-5.526,-0.906,310,345,-1,0,0,0
601.792,354.327,-5.526,-0.906,305,345,-1,0,0,0
596.266,353.421,-5.526,-0.906,300,345,-1,0,0,0
590.74,352.515,-5.526,-0.906,295,345,-1,0,0,0
585.214,351.609,-5.526,-0.906,290,345,-1,0,0,0
579.688,350.703,-5.526,-0.906,285,345,-1,0,0,0
574.161,349.797,-5.526,-0.906,280,345,-1,0,0,0
568.635,348.891,-5.526,-0.906,280,345,0,0,0,0
563.109,347.985,-5.526,-0.906,280,345,0,0,0,0
557.583,347.078,-5.526,-0.906,280,345,0,0,0,0
552.057,346.172,-5.526,-0.906,280,345,0,0,0,0
546.53,345.266,-5.526,-0.906,280,345,0,0,0,0
541.004,344.36,-5.526,-0.906,280,345,0,0,0,0
535.478,343.454,-5.526,-0.906,280,345,0,0,0,0
529.952,342.548,-5.526,-0.906,280,345,0,0,0,0
524.425,341.642,-5.526,-0.906,280,345,0,0,0,0
518.899,340.736,-5.526,-0.906,280,345,0,0,0,0
513.373,339.83,-5.526,-0.906,280,345,0,0,0,0
507.847,338.923,-5.526,-0.906,280,345,0,0,0,0
502.321,338.017,-5.526,-0.906,280,345,0,0,0,0
496.794,337.111,-5.526,-0.906,280,345,0,0,0,0
491.268,336.205,-5.526,-0.906,280,345,0,0,0,0
485.742,335.299,-5.526,-0.906,280,345,0,0,0,0
480.216,334.393,-5.526,-0.906,280,345,0,0,0,0
474.69,333.487,-5.526,-0.906,280,345,0,0,0,0
469.163,332.581,-5.526,-0.906,280,345,0,0,0,0
463.637,331.675,-5.526,-0.906,280,345,0,0,0,0
458.111,330.768,-5.526,-0.906,280,345,0,0,0,0
452.585,329.862,-5.526,-0.906,280,345,0,0,0,0
447.059,328.956,-5.526,-0.906,280,345,0,0,0,0
441.532,328.05,-5.526,-0.906,280,345,0,0,0,0
436.006,327.144,-5.526,-0.906,280,345,0,0,0,0
430.48,326.238,-5.526,-0.906,280,345,0,0,0,0
424.954,325.332,-5.526,-0.906,280,345,0,0,0,0
419.428,324.426,-5.526,-0.906,280,345,0,0,0,0
413.901,323.52,-5.526,-0.906,280,345,0,0,0,0
408.375,322.614,-5.526,-0.906,280,345,0,0,0,0
402.849,321.707,-5.526,-0.906,280,345,0,0,0,0
397.323,320.801,-5.526,-0.906,280,345,0,0,0,0
391.797,319.895,-5.526,-0.906,275,345,-1,0,0,0
386.27,318.989,-5.526,-0.906,270,345,-1,0,0,0
380.744,318.083,-5.526,-0.906,265,345,-1,0,0,0
375.218,317.177,-5.526,-0.906,260,345,-1,0,0,0
369.692,316.271,-5.526,-0.906,255,345,-1,0,0,0
364.165,315.365,-5.526,-0.906,250,345,-1,0,0,0
358.639,314.459,-5.526,-0.906,250,345,0,0,0,0
353.113,313.552,-5.526,-0.906,250,345,0,0,0,0
347.587,312.646,-5.526,-0.906,250,345,0,0,0,0
342.061,311.74,-5.526,-0.906,250,345,0,0,0,0
336.534,310.834,-5.526,-0.906,250,345,0,0,0,0
331.008,309.928,-5.526,-0.906,250,345,0,0,0,0
325.482,309.022,-5.526,-0.906,250,345,0,0,0,0
319.956,308.116,-5.526,-0.906,250,345,0,0,0,0
314.43,307.21,-5.526,-0.906,250,345,0,0,0,0
308.903,306.304,-5.526,-0.906,250,345,0,0,0,0
303.377,305.397,-5.526,-0.906,250,345,0,0,0,0
297.851,304.491,-5.526,-0.906,250,345,0,0,0,0
292.325,303.585,-5.526,-0.906,250,345,0,0,0,0
286.799,302.679,-5.526,-0.906,250,345,0,0,0,0
281.272,301.773,-5.526,-0.906,250,345,0,0,0,0
275.746,300.867,-5.526,-0.906,250,345,0,0,0,0
270.22,299.961,-5.526,-0.906,250,345,0,0,0,0
264.694,299.055,-5.526,-0.906,250,345,0,0,0,0
259.168,298.149,-5.526,-0.906,250,345,0,0,0,0
253.641,297.243,-5.526,-0.906,250,345,0,0,0,0
248.115,296.336,-5.526,-0.906,250,345,0,0,0,0
242.589,295.43,-5.526,-0.906,250,345,0,0,0,0
237.063,294.524,-5.526,-0.906,250,345,0,0,0,0
231.537,293.618,-5.526,-0.906,250,345,0,0,0,0
226.01,292.712,-5.526,-0.906,250,345,0,0,0,0
220.484,291.806,-5.526,-0.906,250,345,0,0,0,0
214.958,290.9,-5.526,-0.906,250,345,0,0,0,0
209.432,289.994,-5.526,-0.906,245,345,-1,0,0,0
203.905,289.088,-5.526,-0.906,240,345,-1,0,0,0
198.379,288.181,-5.526,-0.906,235,345,-1,0,0,0
192.853,287.275,-5.526,-0.906,230,345,-1,0,0,0
187.327,286.369,-5.526,-0.906,230,345,0,0,0,0
181.801,285.463,-5.526,-0.906,230,345,0,0,0,0
176.274,284.557,-5.526,-0.906,230,345,0,0,0,0
170.748,283.651,-5.526,-0.906,230,345,0,0,0,0
165.222,282.745,-5.526,-0.906,230,345,0,0,0,0
159.696,281.839,-5.526,-0.906,230,345,0,0,0,0
154.17,280.933,-5.526,-0.906,230,345,0,0,0,0
148.643,280.026,-5.526,-0.906,230,345,0,0,0,0
143.117,279.12,-5.526,-0.906,230,345,0,0,0,0
137.591,278.214,-5.526,-0.906,230,345,0,0,0,0
132.065,277.308,-5.526,-0.906,230,345,0,0,0,0
126.539,276.402,-5.526,-0.906,230,345,0,0,0,0
121.012,275.496,-5.526,-0.906,230,345,0,0,0,0
115.486,274.59,-5.526,-0.906,230,345,0,0,0,0
109.96,273.684,-5.526,-0.906,230,345,0,0,0,0
104.434,272.778,-5.526,-0.906,230,345,0,0,0,0
98.908,271.871,-5.526,-0.906,230,345,0,0,0,0
93.381,270.965,-5.526,-0.906,230,345,0,0,0,0
87.855,270.059,-5.526,-0.906,230,345,0,0,0,0
82.329,269.153,-5.526,-0.906,230,345,0,0,0,0
76.803,268.247,-5.526,-0.906,230,345,0,0,0,0
71.276,267.341,-5.526,-0.906,230,345,0,0,0,0
65.75,266.435,-5.526,-0.906,230,345,0,0,0,0
60.224,265.529,-5.526,-0.906,230,345,0,0,0,0
54.698,264.623,-5.526,-0.906,230,345,0,0,0,0
49.172,263.717,-5.526,-0.906,230,345,0,0,0,0
49.0,262.81,5.89,-0.338,225,345,-1,0,0,0
54.89,262.472,5.89,-0.338,220,345,-1,0,0,0
60.781,262.134,5.89,-0.338,215,345,-1,0,0,0
66.671,261.796,5.89,-0.338,210,345,-1,0,0,0
72.561,261.458,5.89,-0.338,210,345,0,0,0,0
78.452,261.12,5.89,-0.338,210,345,0,0,0,0
84.342,260.782,5.89,-0.338,210,345,0,0,0,0
90.232,260.444,5.89,-0.338,210,345,0,0,0,0
96.122,260.106,5.89,-0.338,210,345,0,0,0,0
102.013,259.768,5.89,-0.338,210,345,0,0,0,0
107.903,259.43,5.89,-0.338,210,345,0,0,0,0
113.793,259.092,5.89,-0.338,210,345,0,0,0,0
119.684,258.754,5.89,-0.338,210,345,0,0,0,0
125.574,258.416,5.89,-0.338,210,345,0,0,0,0
131.464,258.078,5.89,-0.338,210,345,0,0,0,0
137.355,257.74,5.89,-0.338,210,345,0,0,0,0
143.245,257.402,5.89,-0.338,210,345,0,0,0,0
149.135,257.064,5.89,-0.338,210,345,0,0,0,0
155.026,256.726,5.89,-0.338,210,345,0,0,0,0
160.916,256.388,5.89,-0.338,210,345,0,0,0,0
166.806,256.05,5.89,-0.338,210,345,0,0,0,0
172.696,255.712,5.89,-0.338,210,345,0,0,0,0
178.587,255.374,5.89,-0.338,210,345,0,0,0,0
184.477,255.036,5.89,-0.338,210,345,0,0,0,0
190.367,254.698,5.89,-0.338,215,345,1,0,0,0
196.258,254.36,5.89,-0.338,220,345,1,0,0,0
202.148,254.022,5.89,-0.338,225,345,1,0,0,0
208.038,253.684,5.89,-0.338,230,345,1,0,0,0
213.929,253.346,5.89,-0.338,235,345,1,0,0,0
219.819,253.008,5.89,-0.338,240,345,1,0,0,0
225.709,252.67,5.89,-0.338,245,345,1,0,0,0
231.6,252.332,5.89,-0.338,245,345,0,0,0,0
237.49,251.994,5.89,-0.338,245,345,0,0,0,0
243.38,251.656,5.89,-0.338,245,340,0,-1,0,0
249.271,251.318,5.89,-0.338,245,335,0,-1,0,0
255.161,250.98,5.89,-0.338,245,330,0,-1,0,0
261.051,250.642,5.89,-0.338,245,325,0,-1,0,0
266.941,250.304,5.89,-0.338,245,320,0,-1,0,0
272.832,249.966,5.89,-0.338,245,315,0,-1,0,0
278.722,249.628,5.89,-0.338,245,310,0,-1,0,0
284.612,249.29,5.89,-0.338,245,305,0,-1,0,0
290.503,248.951,5.89,-0.338,245,300,0,-1,0,0
296.393,248.613,5.89,-0.338,245,295,0,-1,0,0
302.283,248.275,5.89,-0.338,245,290,0,-1,0,0
308.174,247.937,5.89,-0.338,245,285,0,-1,0,0
314.064,247.599,5.89,-0.338,245,280,0,-1,0,0
319.954,247.261,5.89,-0.338,245,275,0,-1,0,0
325.845,246.923,5.89,-0.338,245,270,0,-1,0,0
331.735,246.585,5.89,-0.338,245,265,0,-1,0,0
337.625,246.247,5.89,-0.338,245,260,0,-1,0,0
343.515,245.909,5.89,-0.338,245,255,0,-1,0,0
349.406,245.571,5.89,-0.338,240,250,-1,-1,0,0
355.296,245.233,5.89,-0.338,235,245,-1,-1,0,0
361.186,244.895,5.89,-0.338,230,240,-1,-1,0,0
367.077,244.557,5.89,-0.338,225,235,-1,-1,0,0
372.967,244.219,5.89,-0.338,220,230,-1,-1,0,0
378.857,243.881,5.89,-0.338,215,225,-1,-1,0,0
384.748,243.543,5.89,-0.338,210,220,-1,-1,0,0
390.638,243.205,5.89,-0.338,205,215,-1,-1,0,0
396.528,242.867,5.89,-0.338,205,210,0,-1,0,0
402.419,242.529,5.89,-0.338,205,205,0,-1,0,0
408.309,242.191,5.89,-0.338,205,200,0,-1,0,0
414.199,241.853,5.89,-0.338,205,195,0,-1,0,0
420.089,241.515,5.89,-0.338,205,195,0,0,0,0
425.98,241.177,5.89,-0.338,205,195,0,0,0,0
431.87,240.839,5.89,-0.338,205,195,0,0,0,0
437.76,240.501,5.89,-0.338,205,195,0,0,0,0
443.651,240.163,5.89,-0.338,205,195,0,0,0,0
449.541,239.825,5.89,-0.338,205,195,0,0,0,0
455.431,239.487,5.89,-0.338,205,195,0,0,0,0
461.322,239.149,5.89,-0.338,205,195,0,0,0,0
467.212,238.811,5.89,-0.338,205,195,0,0,0,0
473.102,238.473,5.89,-0.338,205,195,0,0,0,0
478.993,238.135,5.89,-0.338,205,195,0,0,0,0
484.883,237.797,5.89,-0.338,205,195,0,0,0,0
490.773,237.459,5.89,-0.338,205,195,0,0,0,0
496.663,237.121,5.89,-0.338,205,195,0,0,0,0
502.554,236.783,5.89,-0.338,205,195,0,0,0,0
508.444,236.445,5.89,-0.338,205,195,0,0,0,0
514.334,236.107,5.89,-0.338,205,195,0,0,0,0
520.225,235.769,5.89,-0.338,205,195,0,0,0,0
526.115,235.431,5.89,-0.338,205,195,0,0,0,0
532.005,235.093,5.89,-0.338,205,195,0,0,0,0
537.896,234.755,5.89,-0.338,205,195,0,0,0,0
543.786,234.417,5.89,-0.338,205,195,0,0,0,0
549.676,234.078,5.89,-0.338,205,195,0,0,0,0
555.567,233.74,5.89,-0.338,205,195,0,0,0,0
561.457,233.402,5.89,-0.338,205,195,0,0,0,0
567.347,233.064,5.89,-0.338,205,195,0,0,0,0
573.238,232.726,5.89,-0.338,205,195,0,0,0,0
579.128,232.388,5.89,-0.338,205,195,0,0,0,0
585.018,232.05,5.89,-0.338,205,195,0,0,0,0
590.908,231.712,5.89,-0.338,205,195,0,0,0,0
596.799,231.374,5.89,-0.338,205,195,0,0,0,0
602.689,231.036,5.89,-0.338,205,195,0,0,0,0
608.579,230.698,5.89,-0.338,205,195,0,0,0,0
614.47,230.36,5.89,-0.338,205,195,0,0,0,0
620.36,230.022,5.89,-0.338,205,195,0,0,0,0
626.25,229.684,5.89,-0.338,205,195,0,0,0,0
632.141,229.346,5.89,-0.338,205,195,0,0,0,0
638.031,229.008,5.89,-0.338,205,195,0,0,0,0
643.921,228.67,5.89,-0.338,205,195,0,0,0,0
649.812,228.332,5.89,-0.338,205,195,0,0,0,0
655.702,227.994,5.89,-0.338,205,195,0,0,0,0
661.592,227.656,5.89,-0.338,205,195,0,0,0,0
667.482,227.318,5.89,-0.338,205,195,0,0,0,0
673.373,226.98,5.89,-0.338,205,195,0,0,0,0
679.263,226.642,5.89,-0.338,205,195,0,0,0,0
685.153,226.304,5.89,-0.338,205,195,0,0,0,0
691.044,225.966,5.89,-0.338,205,195,0,0,0,0
696.934,225.628,5.89,-0.338,205,195,0,0,0,0
702.824,225.29,5.89,-0.338,205,195,0,0,0,0
708.715,224.952,5.89,-0.338,205,195,0,0,0,0
714.605,224.614,5.89,-0.338,205,195,0,0,0,0
720.495,224.276,5.89,-0.338,205,195,0,0,0,0
726.386,223.938,5.89,-0.338,205,195,0,0,0,0
732.276,223.6,5.89,-0.338,205,195,0,0,0,0
738.166,223.262,5.89,-0.338,205,195,0,0,0,0
744.056,222.924,5.89,-0.338,205,195,0,0,0,0
749.947,222.586,5.89,-0.338,205,195,0,0,0,0
751.0,222.248,-5.858,-2.032,205,195,0,0,0,0
745.142,220.216,-5.858,-2.032,205,195,0,0,0,0
739.285,218.184,-5.858,-2.032,205,195,0,0,0,0
733.427,216.153,-5.858,-2.032,205,195,0,0,0,0
727.569,214.121,-5.858,-2.032,205,195,0,0,0,0
721.712,212.089,-5.858,-2.032,205,195,0,0,0,0
715.854,210.058,-5.858,-2.032,205,195,0,0,0,0
709.996,208.026,-5.858,-2.032,205,195,0,0,0,0
704.139,205.994,-5.858,-2.032,205,195,0,0,0,0
698.281,203.963,-5.858,-2.032,205,195,0,0,0,0
692.423,201.931,-5.858,-2.032,205,195,0,0,0,0
686.566,199.899,-5.858,-2.032,200,195,-1,0,0,0
680.708,197.868,-5.858,-2.032,195,195,-1,0,0,0
674.85,195.836,-5.858,-2.032,190,195,-1,0,0,0
668.993,193.804,-5.858,-2.032,185,195,-1,0,0,0
663.135,191.773,-5.858,-2.032,180,195,-1,0,0,0
657.277,189.741,-5.858,-2.032,175,195,-1,0,0,0
651.42,187.71,-5.858,-2.032,170,195,-1,0,0,0
645.562,185.678,-5.858,-2.032,165,195,-1,0,0,0
639.704,183.646,-5.858,-2.032,160,195,-1,0,0,0
633.846,181.615,-5.858,-2.032,155,195,-1,0,0,0
627.989,179.583,-5.858,-2.032,150,195,-1,0,0,0
622.131,177.551,-5.858,-2.032,145,195,-1,0,0,0
616.273,175.52,-5.858,-2.032,140,195,-1,0,0,0
610.416,173.488,-5.858,-2.032,135,195,-1,0,0,0
604.558,171.456,-5.858,-2.032,130,195,-1,0,0,0
598.7,169.425,-5.858,-2.032,125,195,-1,0,0,0
592.843,167.393,-5.858,-2.032,120,195,-1,0,0,0
586.985,165.361,-5.858,-2.032,115,195,-1,0,0,0
581.127,163.33,-5.858,-2.032,110,195,-1,0,0,0
575.27,161.298,-5.858,-2.032,105,195,-1,0,0,0
569.412,159.266,-5.858,-2.032,100,195,-1,0,0,0
563.554,157.235,-5.858,-2.032,95,195,-1,0,0,0
557.697,155.203,-5.858,-2.032,90,195,-1,0,0,0
551.839,153.171,-5.858,-2.032,85,195,-1,0,0,0
545.981,151.14,-5.858,-2.032,80,195,-1,0,0,0
540.124,149.108,-5.858,-2.032,75,195,-1,0,0,0
534.266,147.076,-5.858,-2.032,70,195,-1,0,0,0
528.408,145.045,-5.858,-2.032,65,195,-1,0,0,0
522.551,143.013,-5.858,-2.032,60,195,-1,0,0,0
516.693,140.981,-5.858,-2.032,55,195,-1,0,0,0
510.835,138.95,-5.858,-2.032,50,195,-1,0,0,0
504.978,136.918,-5.858,-2.032,45,195,-1,0,0,0
499.12,134.886,-5.858,-2.032,45,195,0,0,0,0
493.262,132.855,-5.858,-2.032,45,195,0,0,0,0
487.405,130.823,-5.858,-2.032,45,195,0,0,0,0
481.547,128.791,-5.858,-2.032,45,195,0,0,0,0
475.689,126.76,-5.858,-2.032,45,195,0,0,0,0
469.832,124.728,-5.858,-2.032,45,195,0,0,0,0
463.974,122.696,-5.858,-2.032,45,195,0,0,0,0
458.116,120.665,-5.858,-2.032,45,195,0,0,0,0
452.259,118.633,-5.858,-2.032,45,195,0,0,0,0
446.401,116.601,-5.858,-2.032,45,195,0,0,0,0
440.543,114.57,-5.858,-2.032,45,195,0,0,0,0
434.686,112.538,-5.858,-2.032,45,195,0,0,0,0
428.828,110.506,-5.858,-2.032,45,195,0,0,0,0
422.97,108.475,-5.858,-2.032,45,195,0,0,0,0
417.112,106.443,-5.858,-2.032,45,195,0,0,0,0
411.255,104.412,-5.858,-2.032,45,195,0,0,0,0
405.397,102.38,-5.858,-2.032,45,195,0,0,0,0
399.539,100.348,-5.858,-2.032,45,195,0,0,0,0
393.682,98.317,-5.858,-2.032,45,195,0,0,0,0
387.824,96.285,-5.858,-2.032,45,195,0,0,0,0
381.966,94.253,-5.858,-2.032,45,195,0,0,0,0
376.109,92.222,-5.858,-2.032,45,195,0,0,0,0
370.251,90.19,-5.858,-2.032,45,195,0,0,0,0
364.393,88.158,-5.858,-2.032,45,195,0,0,0,0
358.536,86.127,-5.858,-2.032,45,195,0,0,0,0
352.678,84.095,-5.858,-2.032,45,195,0,0,0,0
346.82,82.063,-5.858,-2.032,45,195,0,0,0,0
340.963,80.032,-5.858,-2.032,45,195,0,0,0,0
335.105,78.0,-5.858,-2.032,45,195,0,0,0,0
329.247,75.968,-5.858,-2.032,45,195,0,0,0,0
323.39,73.937,-5.858,-2.032,45,195,0,0,0,0
317.532,71.905,-5.858,-2.032,45,195,0,0,0,0
311.674,69.873,-5.858,-2.032,45,195,0,0,0,0
305.817,67.842,-5.858,-2.032,45,195,0,0,0,0
299.959,65.81,-5.858,-2.032,45,195,0,0,0,0
294.101,63.778,-5.858,-2.032,45,195,0,0,0,0
288.244,61.747,-5.858,-2.032,45,195,0,0,0,0
282.386,59.715,-5.858,-2.032,45,195,0,0,0,0
276.528,57.683,-5.858,-2.032,45,195,0,0,0,0
270.671,55.652,-5.858,-2.032,45,195,0,0,0,0
264.813,53.62,-5.858,-2.032,45,195,0,0,0,0
258.955,51.588,-5.858,-2.032,45,195,0,0,0,0
253.098,49.557,-5.858,-2.032,45,195,0,0,0,0
247.24,47.525,-5.858,-2.032,40,195,-1,0,0,0
241.382,45.493,-5.858,-2.032,35,195,-1,0,0,0
235.525,43.462,-5.858,-2.032,30,195,-1,0,0,0
229.667,41.43,-5.858,-2.032,25,195,-1,0,0,0
223.809,39.398,-5.858,-2.032,20,195,-1,0,0,0
217.952,37.367,-5.858,-2.032,15,195,-1,0,0,0
212.094,35.335,-5.858,-2.032,10,195,-1,0,0,0
206.236,33.303,-5.858,-2.032,5,195,-1,0,0,0
200.378,31.272,-5.858,-2.032,0,195,-1,0,0,0
194.521,29.24,-5.858,-2.032,0,195,0,0,0,0
188.663,27.208,-5.858,-2.032,0,195,0,0,0,0
182.805,25.177,-5.858,-2.032,0,195,0,0,0,0
176.948,23.145,-5.858,-2.032,0,195,0,0,0,0
171.09,21.114,-5.858,-2.032,0,195,0,0,0,0
165.232,19.082,-5.858,-2.032,0,195,0,0,0,0
159.375,17.05,-5.858,-2.032,0,195,0,0,0,0
153.517,15.019,-5.858,-2.032,0,195,0,0,0,0
147.659,12.987,-5.858,-2.032,0,195,0,0,0,0
141.802,10.955,-5.858,-2.032,0,195,0,0,0,0
135.944,8.924,-5.858,-2.032,0,195,0,0,0,0
130.086,6.892,-5.858,-2.032,0,195,0,0,0,0
124.229,6.0,-5.858,2.032,0,195,0,0,0,0
118.371,8.032,-5.858,2.032,0,195,0,0,0,0
112.513,10.063,-5.858,2.032,0,195,0,0,0,0
106.656,12.095,-5.858,2.032,0,195,0,0,0,0
100.798,14.127,-5.858,2.032,0,195,0,0,0,0
94.94,16.158,-5.858,2.032,0,195,0,0,0,0
89.083,18.19,-5.858,2.032,0,195,0,0,0,0
83.225,20.222,-5.858,2.032,0,195,0,0,0,0
77.367,22.253,-5.858,2.032,0,195,0,0,0,0
71.51,24.285,-5.858,2.032,0,195,0,0,0,0
65.652,26.317,-5.858,2.032,0,195,0,0,0,0
59.794,28.348,-5.858,2.032,0,195,0,0,0,0
53.937,30.38,-5.858,2.032,0,195,0,0,0,0
48.079,32.412,-5.858,2.032,0,195,0,0,0,0
49.0,34.443,6.431,-0.942,0,195,0,0,0,0
55.431,33.501,6.431,-0.942,0,195,0,0,0,0
61.863,32.559,6.431,-0.942,0,195,0,0,0,0
68.294,31.616,6.431,-0.942,0,195,0,0,0,0
74.725,30.674,6.431,-0.942,5,195,1,0,0,0
81.157,29.732,6.431,-0.942,10,195,1,0,0,0
87.588,28.79,6.431,-0.942,15,195,1,0,0,0
94.019,27.847,6.431,-0.942,20,195,1,0,0,0
100.451,26.905,6.431,-0.942,25,195,1,0,0,0
106.882,25.963,6.431,-0.942,30,195,1,0,0,0
113.313,25.021,6.431,-0.942,35,195,1,0,0,0
119.745,24.078,6.431,-0.942,40,195,1,0,0,0
126.176,23.136,6.431,-0.942,45,195,1,0,0,0
132.607,22.194,6.431,-0.942,50,195,1,0,0,0
139.039,21.252,6.431,-0.942,55,195,1,0,0,0
145.47,20.309,6.431,-0.942,60,195,1,0,0,0
151.901,19.367,6.431,-0.942,65,195,1,0,0,0
158.333,18.425,6.431,-0.942,70,195,1,0,0,0
164.764,17.482,6.431,-0.942,75,195,1,0,0,0
171.195,16.54,6.431,-0.942,80,195,1,0,0,0
177.627,15.598,6.431,-0.942,85,195,1,0,0,0
184.058,14.656,6.431,-0.942,90,195,1,0,0,0
190.489,13.713,6.431,-0.942,95,195,1,0,0,0
196.921,12.771,6.431,-0.942,100,195,1,0,0,0
203.352,11.829,6.431,-0.942,105,195,1,0,0,0
209.784,10.887,6.431,-0.942,110,195,1,0,0,0
216.215,9.944,6.431,-0.942,115,195,1,0,0,0
222.646,9.002,6.431,-0.942,120,195,1,0,0,0
229.078,8.06,6.431,-0.942,125,195,1,0,0,0
235.509,7.118,6.431,-0.942,125,195,0,0,0,0
241.94,6.175,6.431,-0.942,125,195,0,0,0,0
248.372,6.0,6.431,0.942,125,195,0,0,0,0
254.803,6.942,6.431,0.942,125,195,0,0,0,0
261.234,7.885,6.431,0.942,125,195,0,0,0,0
267.666,8.827,6.431,0.942,125,195,0,0,0,0
274.097,9.769,6.431,0.942,125,195,0,0,0,0
280.528,10.711,6.431,0.942,125,195,0,0,0,0
286.96,11.654,6.431,0.942,125,195,0,0,0,0
293.391,12.596,6.431,0.942,125,195,0,0,0,0
299.822,13.538,6.431,0.942,125,195,0,0,0,0
306.254,14.48,6.431,0.942,125,195,0,0,0,0
312.685,15.423,6.431,0.942,125,195,0,0,0,0
319.116,16.365,6.431,0.942,125,195,0,0,0,0
325.548,17.307,6.431,0.942,125,195,0,0,0,0
331.979,18.249,6.431,0.942,125,195,0,0,0,0
338.41,19.192,6.431,0.942,125,195,0,0,0,0
344.842,20.134,6.431,0.942,120,195,-1,0,0,0
351.273,21.076,6.431,0.942,115,195,-1,0,0,0
357.704,22.018,6.431,0.942,110,195,-1,0,0,0
364.136,22.961,6.431,0.942,105,195,-1,0,0,0
370.567,23.903,6.431,0.942,100,195,-1,0,0,0
376.998,24.845,6.431,0.942,95,195,-1,0,0,0
383.43,25.788,6.431,0.942,90,195,-1,0,0,0
389.861,26.73,6.431,0.942,85,195,-1,0,0,0
396.292,27.672,6.431,0.942,80,195,-1,0,0,0
402.724,28.614,6.431,0.942,75,195,-1,0,0,0
409.155,29.557,6.431,0.942,70,195,-1,0,0,0
415.586,30.499,6.431,0.942,65,195,-1,0,0,0
422.018,31.441,6.431,0.942,60,195,-1,0,0,0
428.449,32.383,6.431,0.942,55,195,-1,0,0,0
434.88,33.326,6.431,0.942,50,195,-1,0,0,0
441.312,34.268,6.431,0.942,45,195,-1,0,0,0
447.743,35.21,6.431,0.942,40,195,-1,0,0,0
454.174,36.152,6.431,0.942,35,195,-1,0,0,0
460.606,37.095,6.431,0.942,30,195,-1,0,0,0
467.037,38.037,6.431,0.942,25,195,-1,0,0,0
473.468,38.979,6.431,0.942,20,195,-1,0,0,0
479.9,39.921,6.431,0.942,15,195,-1,0,0,0
486.331,40.864,6.431,0.942,10,195,-1,0,0,0
492.762,41.806,6.431,0.942,5,195,-1,0,0,0
499.194,42.748,6.431,0.942,0,195,-1,0,0,0
505.625,43.691,6.431,0.942,0,190,-1,-1,0,0
512.057,44.633,6.431,0.942,0,185,-1,-1,0,0
518.488,45.575,6.431,0.942,0,180,-1,-1,0,0
524.919,46.517,6.431,0.942,0,175,-1,-1,0,0
531.351,47.46,6.431,0.942,0,170,-1,-1,0,0
537.782,48.402,6.431,0.942,0,165,-1,-1,0,0
544.213,49.344,6.431,0.942,0,160,-1,-1,0,0
550.645,50.286,6.431,0.942,0,155,-1,-1,0,0
557.076,51.229,6.431,0.942,0,150,-1,-1,0,0
563.507,52.171,6.431,0.942,0,145,-1,-1,0,0
569.939,53.113,6.431,0.942,0,140,-1,-1,0,0
576.37,54.055,6.431,0.942,0,135,-1,-1,0,0
582.801,54.998,6.431,0.942,0,130,0,-1,0,0
589.233,55.94,6.431,0.942,0,125,0,-1,0,0
595.664,56.882,6.431,0.942,0,120,0,-1,0,0
602.095,57.824,6.431,0.942,0,115,0,-1,0,0
608.527,58.767,6.431,0.942,0,110,0,-1,0,0
614.958,59.709,6.431,0.942,0,105,0,-1,0,0
621.389,60.651,6.431,0.942,0,100,0,-1,0,0
627.821,61.594,6.431,0.942,0,95,0,-1,0,0
634.252,62.536,6.431,0.942,0,90,0,-1,0,0
640.683,63.478,6.431,0.942,0,85,0,-1,0,0
647.115,64.42,6.431,0.942,0,80,0,-1,0,0
653.546,65.363,6.431,0.942,0,75,0,-1,0,0
659.977,66.305,6.431,0.942,0,70,0,-1,0,0
666.409,67.247,6.431,0.942,0,65,0,-1,0,0
672.84,68.189,6.431,0.942,0,60,0,-1,0,0
679.271,69.132,6.431,0.942,0,55,0,-1,0,0
685.703,70.074,6.431,0.942,0,50,0,-1,0,0
692.134,71.016,6.431,0.942,0,45,0,-1,0,0
698.565,71.958,6.431,0.942,0,40,0,-1,0,0
704.997,72.901,6.431,0.942,0,40,0,0,0,0
711.428,73.843,6.431,0.942,0,40,0,0,0,0
717.859,74.785,6.431,0.942,0,40,0,0,0,0
724.291,75.727,6.431,0.942,0,40,0,0,0,0
730.722,76.67,6.431,0.942,0,40,0,0,0,0
737.153,77.612,6.431,0.942,0,40,0,0,0,0
743.585,78.554,6.431,0.942,0,40,0,0,0,0
750.016,79.497,6.431,0.942,0,40,0,0,0,0
751.0,80.439,-6.8,0.078,0,40,0,0,0,0
744.2,80.517,-6.8,0.078,0,40,0,0,0,0
737.401,80.595,-6.8,0.078,0,40,0,0,0,0
730.601,80.673,-6.8,0.078,0,40,0,0,0,0
723.802,80.751,-6.8,0.078,0,40,0,0,0,0
717.002,80.829,-6.8,0.078,0,40,0,0,0,0
710.203,80.907,-6.8,0.078,5,40,1,0,0,0
703.403,80.986,-6.8,0.078,10,40,1,0,0,0
696.604,81.064,-6.8,0.078,15,40,1,0,0,0
689.804,81.142,-6.8,0.078,20,40,1,0,0,0
683.004,81.22,-6.8,0.078,25,40,1,0,0,0
676.205,81.298,-6.8,0.078,30,40,1,0,0,0
669.405,81.376,-6.8,0.078,35,40,1,0,0,0
662.606,81.454,-6.8,0.078,40,40,1,0,0,0
655.806,81.532,-6.8,0.078,45,40,1,0,0,0
649.007,81.611,-6.8,0.078,50,40,1,0,0,0
642.207,81.689,-6.8,0.078,55,40,1,0,0,0
635.408,81.767,-6.8,0.078,60,40,1,0,0,0
628.608,81.845,-6.8,0.078,65,40,1,0,0,0
621.809,81.923,-6.8,0.078,70,40,1,0,0,0
615.009,82.001,-6.8,0.078,75,40,1,0,0,0
608.209,82.079,-6.8,0.078,80,40,1,0,0,0
601.41,82.157,-6.8,0.078,85,40,1,0,0,0
594.61,82.235,-6.8,0.078,90,40,1,0,0,0
587.811,82.314,-6.8,0.078,95,40,1,0,0,0
581.011,82.392,-6.8,0.078,100,40,1,0,0,0
574.212,82.47,-6.8,0.078,100,40,0,0,0,0
567.412,82.548,-6.8,0.078,100,40,0,0,0,0
560.613,82.626,-6.8,0.078,100,40,0,0,0,0
553.813,82.704,-6.8,0.078,100,40,0,0,0,0
547.013,82.782,-6.8,0.078,100,40,0,0,0,0
540.214,82.86,-6.8,0.078,100,40,0,0,0,0
533.414,82.938,-6.8,0.078,100,40,0,0,0,0
526.615,83.017,-6.8,0.078,100,40,0,0,0,0
519.815,83.095,-6.8,0.078,95,40,-1,0,0,0
513.016,83.173,-6.8,0.078,90,40,-1,0,0,0
506.216,83.251,-6.8,0.078,85,40,-1,0,0,0
499.417,83.329,-6.8,0.078,80,40,-1,0,0,0
492.617,83.407,-6.8,0.078,75,40,-1,0,0,0
485.817,83.485,-6.8,0.078,70,40,-1,0,0,0
479.018,83.563,-6.8,0.078,65,45,-1,1,0,0
472.218,83.642,-6.8,0.078,60,50,-1,1,0,0
465.419,83.72,-6.8,0.078,55,55,-1,1,0,0
458.619,83.798,-6.8,0.078,50,60,-1,1,0,0
451.82,83.876,-6.8,0.078,45,65,-1,1,0,0
445.02,83.954,-6.8,0.078,40,70,-1,1,0,0
438.221,84.032,-6.8,0.078,35,75,-1,1,0,0
431.421,84.11,-6.8,0.078,30,80,-1,1,0,0
424.622,84.188,-6.8,0.078,30,85,0,1,0,0
417.822,84.266,-6.8,0.078,30,90,0,1,0,0
411.022,84.345,-6.8,0.078,30,95,0,1,0,0
404.223,84.423,-6.8,0.078,30,100,0,1,0,0
397.423,84.501,-6.8,0.078,30,105,0,1,0,0
390.624,84.579,-6.8,0.078,30,110,0,1,0,0
383.824,84.657,-6.8,0.078,30,115,0,1,0,0
377.025,84.735,-6.8,0.078,30,120,0,1,0,0
370.225,84.813,-6.8,0.078,30,120,0,0,0,0
363.426,84.891,-6.8,0.078,30,120,0,0,0,0
356.626,84.969,-6.8,0.078,30,120,0,0,0,0
349.826,85.048,-6.8,0.078,30,120,0,0,0,0
343.027,85.126,-6.8,0.078,30,120,0,0,0,0
336.227,85.204,-6.8,0.078,30,120,0,0,0,0
329.428,85.282,-6.8,0.078,30,120,0,0,0,0
322.628,85.36,-6.8,0.078,30,120,0,0,0,0
315.829,85.438,-6.8,0.078,30,120,0,0,0,0
309.029,85.516,-6.8,0.078,30,120,0,0,0,0
302.23,85.594,-6.8,0.078,30,120,0,0,0,0
295.43,85.672,-6.8,0.078,30,120,0,0,0,0
288.631,85.751,-6.8,0.078,30,120,0,0,0,0
281.831,85.829,-6.8,0.078,30,120,0,0,0,0
275.031,85.907,-6.8,0.078,30,120,0,0,0,0
268.232,85.985,-6.8,0.078,30,120,0,0,0,0
261.432,86.063,-6.8,0.078,30,120,0,0,0,0
254.633,86.141,-6.8,0.078,30,120,0,0,0,0
247.833,86.219,-6.8,0.078,30,120,0,0,0,0
241.034,86.297,-6.8,0.078,30,120,0,0,0,0
234.234,86.376,-6.8,0.078,30,120,0,0,0,0
227.435,86.454,-6.8,0.078,30,115,0,-1,0,0
220.635,86.532,-6.8,0.078,30,110,0,-1,0,0
213.835,86.61,-6.8,0.078,30,105,0,-1,0,0
207.036,86.688,-6.8,0.078,30,100,0,-1,0,0
200.236,86.766,-6.8,0.078,30,95,0,-1,0,0
193.437,86.844,-6.8,0.078,30,90,0,-1,0,0
186.637,86.922,-6.8,0.078,30,85,0,-1,0,0
179.838,87.0,-6.8,0.078,30,80,0,-1,0,0
173.038,87.079,-6.8,0.078,30,75,0,-1,0,0
166.239,87.157,-6.8,0.078,30,70,0,-1,0,0
159.439,87.235,-6.8,0.078,30,70,0,0,0,0
152.639,87.313,-6.8,0.078,30,70,0,0,0,0
145.84,87.391,-6.8,0.078,30,70,0,0,0,0
139.04,87.469,-6.8,0.078,30,70,0,0,0,0
132.241,87.547,-6.8,0.078,30,70,0,0,0,0
125.441,87.625,-6.8,0.078,30,70,0,0,0,0
118.642,87.703,-6.8,0.078,30,70,0,0,0,0
111.842,87.782,-6.8,0.078,30,70,0,0,0,0
105.043,87.86,-6.8,0.078,30,70,0,0,0,0
98.243,87.938,-6.8,0.078,30,70,0,0,0,0
91.444,88.016,-6.8,0.078,30,70,0,0,0,0
84.644,88.094,-6.8,0.078,30,70,0,0,0,0
77.844,88.172,-6.8,0.078,30,70,0,0,0,0
71.045,88.25,-6.8,0.078,30,70,0,0,0,0
64.245,88.328,-6.8,0.078,30,70,0,0,0,0
57.446,88.407,-6.8,0.078,25,70,-1,0,0,0
50.646,88.485,-6.8,0.078,20,70,-1,0,0,0
49.0,88.563,4.531,5.466,15,70,-1,0,0,0
53.531,94.029,4.531,5.466,15,70,0,0,0,0
58.062,99.495,4.531,5.466,15,70,0,0,0,0
62.593,104.961,4.531,5.466,15,70,0,0,0,0
67.124,110.428,4.531,5.466,15,70,0,0,0,0
71.655,115.894,4.531,5.466,15,70,0,0,0,0
76.186,121.36,4.531,5.466,15,70,0,0,0,0
80.717,126.826,4.531,5.466,15,70,0,0,0,0
85.248,132.293,4.531,5.466,20,70,1,0,0,0
89.779,137.759,4.531,5.466,25,70,1,0,0,0
94.31,143.225,4.531,5.466,30,70,1,0,0,0
98.841,148.691,4.531,5.466,35,70,1,0,0,0
103.373,154.157,4.531,5.466,40,70,1,0,0,0
107.904,159.624,4.531,5.466,45,70,1,0,0,0
112.435,165.09,4.531,5.466,50,70,1,0,0,0
116.966,170.556,4.531,5.466,55,70,1,0,0,0
121.497,176.022,4.531,5.466,60,70,1,0,0,0
126.028,181.489,4.531,5.466,65,70,1,0,0,0
130.559,186.955,4.531,5.466,70,70,1,0,0,0
135.09,192.421,4.531,5.466,75,70,1,0,0,0
139.621,197.887,4.531,5.466,80,70,1,0,0,0
144.152,203.354,4.531,5.466,85,70,1,0,0,0
148.683,208.82,4.531,5.466,90,70,1,0,0,0
153.214,214.286,4.531,5.466,95,75,1,1,0,0
157.745,219.752,4.531,5.466,100,80,1,1,0,0
162.276,225.218,4.531,5.466,105,85,1,1,0,0
166.807,230.685,4.531,5.466,110,90,1,1,0,0
171.338,236.151,4.531,5.466,115,95,1,1,0,0
175.869,241.617,4.531,5.466,120,100,1,1,0,0
180.4,247.083,4.531,5.466,125,105,1,1,0,0
184.931,252.55,4.531,5.466,130,110,1,1,0,0
189.462,258.016,4.531,5.466,135,115,1,1,0,0
193.993,263.482,4.531,5.466,140,120,1,1,0,0
198.524,268.948,4.531,5.466,145,125,1,1,0,0
203.056,274.414,4.531,5.466,150,130,1,1,0,0
207.587,279.881,4.531,5.466,155,135,1,1,0,0
212.118,285.347,4.531,5.466,160,140,1,1,0,0
216.649,290.813,4.531,5.466,165,145,1,1,0,0
221.18,296.279,4.531,5.466,170,150,1,1,0,0
225.711,301.746,4.531,5.466,175,155,1,1,0,0
230.242,307.212,4.531,5.466,180,160,1,1,0,0
234.773,312.678,4.531,5.466,185,165,1,1,0,0
239.304,318.144,4.531,5.466,190,170,1,1,0,0
243.835,323.61,4.531,5.466,195,175,1,1,0,0
248.366,329.077,4.531,5.466,200,180,1,1,0,0
252.897,334.543,4.531,5.466,205,185,1,1,0,0
257.428,340.009,4.531,5.466,210,190,1,1,0,0
261.959,345.475,4.531,5.466,215,195,1,1,0,0
266.49,350.942,4.531,5.466,220,200,1,1,0,0
271.021,356.408,4.531,5.466,225,205,1,1,0,0
275.552,361.874,4.531,5.466,230,210,1,1,0,0
280.083,367.34,4.531,5.466,235,215,1,1,0,0
284.614,372.807,4.531,5.466,240,220,1,1,0,0
289.145,378.273,4.531,5.466,245,225,1,1,0,0
293.676,383.739,4.531,5.466,250,230,1,1,0,0
298.207,389.205,4.531,5.466,255,235,1,1,0,0
302.738,394.671,4.531,5.466,260,240,1,1,0,0
307.27,400.138,4.531,5.466,265,245,1,1,0,0
311.801,405.604,4.531,5.466,270,250,1,1,0,0
316.332,411.07,4.531,5.466,275,255,1,1,0,0
320.863,416.536,4.531,5.466,280,260,1,1,0,0
325.394,422.003,4.531,5.466,285,265,1,1,0,0
329.925,427.469,4.531,5.466,290,270,1,1,0,0
334.456,432.935,4.531,5.466,295,275,1,1,0,0
338.987,438.401,4.531,5.466,300,280,1,1,0,0
343.518,443.867,4.531,5.466,305,285,1,1,0,0
348.049,449.334,4.531,5.466,310,290,1,1,0,0
352.58,454.8,4.531,5.466,315,295,1,1,0,0
357.111,460.266,4.531,5.466,320,300,1,1,0,0
361.642,465.732,4.531,5.466,325,305,1,1,0,0
366.173,471.199,4.531,5.466,330,310,1,1,0,0
370.704,476.665,4.531,5.466,335,315,1,1,0,0
375.235,482.131,4.531,5.466,340,320,1,1,0,0
379.766,487.597,4.531,5.466,345,325,1,1,0,0
384.297,493.064,4.531,5.466,350,330,1,1,0,0
388.828,498.53,4.531,5.466,350,335,0,1,0,0
393.359,503.996,4.531,5.466,350,340,0,1,0,0
397.89,509.462,4.531,5.466,350,345,0,1,0,0
402.421,514.928,4.531,5.466,350,350,0,1,0,0
406.953,520.395,4.531,5.466,350,355,0,1,0,0
411.484,525.861,4.531,5.466,350,360,0,1,0,0
416.015,531.327,4.531,5.466,350,365,0,1,0,0
420.546,536.793,4.531,5.466,350,370,0,1,0,0
425.077,542.26,4.531,5.466,350,375,0,1,0,0
429.608,547.726,4.531,5.466,350,380,0,1,0,0
434.139,553.192,4.531,5.466,345,385,-1,1,0,0
438.67,558.658,4.531,5.466,340,390,-1,1,0,0
443.201,564.124,4.531,5.466,335,395,-1,1,0,0
447.732,569.591,4.531,5.466,330,400,-1,1,0,0
452.263,575.057,4.531,5.466,325,405,-1,1,0,0
456.794,580.523,4.531,5.466,320,410,-1,1,0,0
461.325,585.989,4.531,5.466,315,415,-1,1,0,0
465.856,591.456,4.531,5.466,315,420,0,1,0,0
470.387,594.0,4.531,-5.466,315,425,0,1,0,0
474.918,588.534,4.531,-5.466,315,430,0,1,0,0
479.449,583.068,4.531,-5.466,315,435,0,1,0,0
483.98,577.601,4.531,-5.466,315,440,0,1,0,0
488.511,572.135,4.531,-5.466,315,440,0,0,0,0
493.042,566.669,4.531,-5.466,315,440,0,0,0,0
497.573,561.203,4.531,-5.466,315,440,0,0,0,0
502.104,555.736,4.531,-5.466,315,440,0,0,0,0
506.636,550.27,4.531,-5.466,315,440,0,0,0,0
511.167,544.804,4.531,-5.466,315,440,0,0,0,0
515.698,539.338,4.531,-5.466,315,440,0,0,0,0
520.229,533.872,4.531,-5.466,315,440,0,0,0,0
524.76,528.405,4.531,-5.466,315,440,0,0,0,0
529.291,522.939,4.531,-5.466,315,440,0,0,0,0
533.822,517.473,4.531,-5.466,315,440,0,0,0,0
538.353,512.007,4.531,-5.466,315,440,0,0,0,0
542.884,506.54,4.531,-5.466,315,440,0,0,0,0
547.415,501.074,4.531,-5.466,315,440,0,0,0,0
551.946,495.608,4.531,-5.466,315,440,0,0,0,0
556.477,490.142,4.531,-5.466,315,435,0,-1,0,0
561.008,484.675,4.531,-5.466,315,430,0,-1,0,0
565.539,479.209,4.531,-5.466,315,425,0,-1,0,0
570.07,473.743,4.531,-5.466,315,420,0,-1,0,0
574.601,468.277,4.531,-5.466,315,415,0,-1,0,0
579.132,462.811,4.531,-5.466,315,410,0,-1,0,0
583.663,457.344,4.531,-5.466,315,405,0,-1,0,0
588.194,451.878,4.531,-5.466,315,400,0,-1,0,0
592.725,446.412,4.531,-5.466,315,395,0,-1,0,0
597.256,440.946,4.531,-5.466,315,390,0,-1,0,0
601.787,435.479,4.531,-5.466,315,385,0,-1,0,0
606.318,430.013,4.531,-5.466,315,380,0,-1,0,0
610.85,424.547,4.531,-5.466,315,375,0,-1,0,0
615.381,419.081,4.531,-5.466,315,370,0,-1,0,0
619.912,413.615,4.531,-5.466,315,365,0,-1,0,0
624.443,408.148,4.531,-5.466,315,360,0,-1,0,0
628.974,402.682,4.531,-5.466,315,355,0,-1,0,0
633.505,397.216,4.531,-5.466,315,350,0,-1,0,0
638.036,391.75,4.531,-5.466,315,345,0,-1,0,0
642.567,386.283,4.531,-5.466,315,340,0,-1,0,0
647.098,380.817,4.531,-5.466,315,335,0,-1,0,0
651.629,375.351,4.531,-5.466,315,330,0,-1,0,0
656.16,369.885,4.531,-5.466,315,325,0,-1,0,0
660.691,364.418,4.531,-5.466,315,320,0,-1,0,0
665.222,358.952,4.531,-5.466,315,315,0,-1,0,0
669.753,353.486,4.531,-5.466,315,315,0,0,0,0
674.284,348.02,4.531,-5.466,315,315,0,0,0,0
678.815,342.554,4.531,-5.466,315,315,0,0,0,0
683.346,337.087,4.531,-5.466,315,315,0,0,0,0
687.877,331.621,4.531,-5.466,315,315,0,0,0,0
692.408,326.155,4.531,-5.466,315,315,0,0,0,0
696.939,320.689,4.531,-5.466,315,315,0,0,0,0
701.47,315.222,4.531,-5.466,315,315,0,0,0,0
706.001,309.756,4.531,-5.466,315,315,0,0,0,0
710.533,304.29,4.531,-5.466,315,315,0,0,0,0
715.064,298.824,4.531,-5.466,315,315,0,0,0,0
719.595,293.358,4.531,-5.466,315,315,0,0,0,0
724.126,287.891,4.531,-5.466,315,315,0,0,0,0
728.657,282.425,4.531,-5.466,315,315,0,0,0,0
733.188,276.959,4.531,-5.466,315,315,0,0,0,0
737.719,271.493,4.531,-5.466,310,310,-1,-1,0,0
742.25,266.026,4.531,-5.466,305,305,-1,-1,0,0
746.781,260.56,4.531,-5.466,300,300,-1,-1,0,0
751.312,255.094,4.531,-5.466,295,295,-1,-1,0,0
755.843,249.628,4.531,-5.466,290,290,-1,-1,0,0
760.374,244.161,4.531,-5.466,285,285,-1,-1,0,0
764.905,238.695,4.531,-5.466,280,280,-1,-1,0,0
769.436,233.229,4.531,-5.466,275,275,-1,-1,0,0
773.967,227.763,4.531,-5.466,270,270,-1,-1,0,0
778.498,222.297,4.531,-5.466,265,265,-1,-1,0,0
783.029,216.83,4.531,-5.466,260,260,-1,-1,0,0
787.56,211.364,4.531,-5.466,255,255,-1,-1,0,0
792.091,205.898,4.531,-5.466,250,250,-1,-1,0,0
796.622,200.432,4.531,-5.466,245,245,-1,-1,0,0
801.153,194.965,4.531,-5.466,240,240,-1,-1,0,0
805.684,189.499,4.531,-5.466,235,235,-1,-1,0,0
400.0,300.0,-4.673,1.778,230,230,-1,-1,1,0
395.327,301.778,-4.673,1.778,230,225,0,-1,0,0
390.654,303.556,-4.673,1.778,230,220,0,-1,0,0
385.98,305.334,-4.673,1.778,230,215,0,-1,0,0
381.307,307.111,-4.673,1.778,230,210,0,-1,0,0
376.634,308.889,-4.673,1.778,230,205,0,-1,0,0
371.961,310.667,-4.673,1.778,230,200,0,-1,0,0
367.287,312.445,-4.673,1.778,230,195,0,-1,0,0
362.614,314.223,-4.673,1.778,230,190,0,-1,0,0
357.941,316.001,-4.673,1.778,230,185,0,-1,0,0
353.268,317.779,-4.673,1.778,230,180,0,-1,0,0
348.594,319.557,-4.673,1.778,230,175,0,-1,0,0
343.921,321.334,-4.673,1.778,230,170,0,-1,0,0
339.248,323.112,-4.673,1.778,230,165,0,-1,0,0
334.575,324.89,-4.673,1.778,230,160,0,-1,0,0
329.901,326.668,-4.673,1.778,230,155,0,-1,0,0
325.228,328.446,-4.673,1.778,230,150,0,-1,0,0
320.555,330.224,-4.673,1.778,230,145,0,-1,0,0
315.882,332.002,-4.673,1.778,230,140,0,-1,0,0
311.208,333.78,-4.673,1.778,230,135,0,-1,0,0
306.535,335.557,-4.673,1.778,230,130,0,-1,0,0
301.862,337.335,-4.673,1.778,230,125,0,-1,0,0
297.189,339.113,-4.673,1.778,230,120,0,-1,0,0
292.515,340.891,-4.673,1.778,225,115,-1,-1,0,0
287.842,342.669,-4.673,1.778,220,110,-1,-1,0,0
283.169,344.447,-4.673,1.778,215,105,-1,-1,0,0
278.496,346.225,-4.673,1.778,210,100,-1,-1,0,0
273.823,348.003,-4.673,1.778,205,95,-1,-1,0,0
269.149,349.78,-4.673,1.778,200,90,-1,-1,0,0
264.476,351.558,-4.673,1.778,200,90,0,0,0,0
259.803,353.336,-4.673,1.778,200,90,0,0,0,0
255.13,355.114,-4.673,1.778,200,90,0,0,0,0
250.456,356.892,-4.673,1.778,200,90,0,0,0,0
245.783,358.67,-4.673,1.778,205,90,1,0,0,0
241.11,360.448,-4.673,1.778,210,90,1,0,0,0
236.437,362.226,-4.673,1.778,215,90,1,0,0,0
231.763,364.003,-4.673,1.778,220,90,1,0,0,0
227.09,365.781,-4.673,1.778,225,90,1,0,0,0
222.417,367.559,-4.673,1.778,230,90,1,0,0,0
217.744,369.337,-4.673,1.778,235,90,1,0,0,0
213.07,371.115,-4.673,1.778,240,90,1,0,0,0
208.397,372.893,-4.673,1.778,245,95,1,1,0,0
203.724,374.671,-4.673,1.778,250,100,1,1,0,0
199.051,376.449,-4.673,1.778,255,105,1,1,0,0
194.377,378.226,-4.673,1.778,260,110,1,1,0,0
189.704,380.004,-4.673,1.778,265,115,1,1,0,0
185.031,381.782,-4.673,1.778,270,120,1,1,0,0
180.358,383.56,-4.673,1.778,275,125,1,1,0,0
175.684,385.338,-4.673,1.778,280,130,1,1,0,0
171.011,387.116,-4.673,1.778,285,135,1,1,0,0
166.338,388.894,-4.673,1.778,290,140,1,1,0,0
161.665,390.671,-4.673,1.778,295,145,1,1,0,0
156.992,392.449,-4.673,1.778,300,150,1,1,0,0
152.318,394.227,-4.673,1.778,305,155,1,1,0,0
147.645,396.005,-4.673,1.778,310,160,1,1,0,0
142.972,397.783,-4.673,1.778,315,165,1,1,0,0
138.299,399.561,-4.673,1.778,320,170,1,1,0,0
133.625,401.339,-4.673,1.778,325,175,1,1,0,0
128.952,403.117,-4.673,1.778,330,180,1,1,0,0
124.279,404.894,-4.673,1.778,335,185,1,1,0,0
119.606,406.672,-4.673,1.778,340,190,1,1,0,0
114.932,408.45,-4.673,1.778,345,190,1,0,0,0
110.259,410.228,-4.673,1.778,350,190,1,0,0,0
105.586,412.006,-4.673,1.778,355,190,1,0,0,0
100.913,413.784,-4.673,1.778,360,190,1,0,0,0
96.239,415.562,-4.673,1.778,365,190,1,0,0,0
91.566,417.34,-4.673,1.778,370,190,1,0,0,0
86.893,419.117,-4.673,1.778,375,190,1,0,0,0
82.22,420.895,-4.673,1.778,380,190,1,0,0,0
77.546,422.673,-4.673,1.778,385,190,1,0,0,0
72.873,424.451,-4.673,1.778,390,190,1,0,0,0
68.2,426.229,-4.673,1.778,395,190,1,0,0,0
63.527,428.007,-4.673,1.778,400,190,1,0,0,0
58.853,429.785,-4.673,1.778,405,190,1,0,0,0
54.18,431.563,-4.673,1.778,410,190,1,0,0,0
49.507,433.34,-4.673,1.778,415,190,1,0,0,0
49.0,435.118,4.215,-3.213,420,190,1,0,0,0
53.215,431.905,4.215,-3.213,420,190,0,0,0,0
57.429,428.691,4.215,-3.213,420,190,0,0,0,0
61.644,425.478,4.215,-3.213,420,190,0,0,0,0
65.859,422.265,4.215,-3.213,420,190,0,0,0,0
70.074,419.051,4.215,-3.213,420,190,0,0,0,0
74.288,415.838,4.215,-3.213,420,190,0,0,0,0
78.503,412.624,4.215,-3.213,420,190,0,0,0,0
82.718,409.411,4.215,-3.213,420,190,0,0,0,0
86.933,406.198,4.215,-3.213,420,190,0,0,0,0
91.147,402.984,4.215,-3.213,420,190,0,0,0,0
95.362,399.771,4.215,-3.213,415,190,-1,0,0,0
99.577,396.557,4.215,-3.213,410,190,-1,0,0,0
103.792,393.344,4.215,-3.213,405,190,-1,0,0,0
108.006,390.131,4.215,-3.213,400,190,-1,0,0,0
112.221,386.917,4.215,-3.213,395,190,-1,0,0,0
116.436,383.704,4.215,-3.213,390,190,-1,0,0,0
120.651,380.49,4.215,-3.213,385,190,-1,0,0,0
124.865,377.277,4.215,-3.213,380,190,-1,0,0,0
129.08,374.064,4.215,-3.213,375,190,-1,0,0,0
133.295,370.85,4.215,-3.213,370,190,-1,0,0,0
137.51,367.637,4.215,-3.213,365,190,-1,0,0,0
141.724,364.423,4.215,-3.213,360,190,-1,0,0,0
145.939,361.21,4.215,-3.213,355,190,-1,0,0,0
150.154,357.997,4.215,-3.213,350,190,-1,0,0,0
154.369,354.783,4.215,-3.213,345,190,-1,0,0,0
158.583,351.57,4.215,-3.213,340,190,-1,0,0,0
162.798,348.356,4.215,-3.213,335,190,-1,0,0,0
167.013,345.143,4.215,-3.213,330,190,-1,0,0,0
171.228,341.93,4.215,-3.213,325,190,-1,0,0,0
175.442,338.716,4.215,-3.213,320,190,-1,0,0,0
179.657,335.503,4.215,-3.213,315,190,-1,0,0,0
183.872,332.289,4.215,-3.213,310,190,-1,0,0,0
188.087,329.076,4.215,-3.213,305,190,-1,0,0,0
192.301,325.863,4.215,-3.213,300,190,-1,0,0,0
196.516,322.649,4.215,-3.213,295,190,-1,0,0,0
200.731,319.436,4.215,-3.213,290,190,-1,0,0,0
204.946,316.222,4.215,-3.213,285,190,-1,0,0,0
209.16,313.009,4.215,-3.213,280,190,-1,0,0,0
213.375,309.796,4.215,-3.213,280,190,0,0,0,0
217.59,306.582,4.215,-3.213,280,190,0,0,0,0
221.804,303.369,4.215,-3.213,280,190,0,0,0,0
226.019,300.155,4.215,-3.213,280,190,0,0,0,0
230.234,296.942,4.215,-3.213,280,190,0,0,0,0
234.449,293.729,4.215,-3.213,280,190,0,0,0,0
238.663,290.515,4.215,-3.213,280,190,0,0,0,0
242.878,287.302,4.215,-3.213,280,190,0,0,0,0
247.093,284.088,4.215,-3.213,280,190,0,0,0,0
251.308,280.875,4.215,-3.213,280,190,0,0,0,0
255.522,277.662,4.215,-3.213,280,190,0,0,0,0
259.737,274.448,4.215,-3.213,280,190,0,0,0,0
263.952,271.235,4.215,-3.213,280,190,0,0,0,0
268.167,268.021,4.215,-3.213,285,190,1,0,0,0
272.381,264.808,4.215,-3.213,290,190,1,0,0,0
276.596,261.595,4.215,-3.213,295,190,1,0,0,0
280.811,258.381,4.215,-3.213,300,190,1,0,0,0
285.026,255.168,4.215,-3.213,305,190,1,0,0,0
289.24,251.954,4.215,-3.213,310,190,1,0,0,0
293.455,248.741,4.215,-3.213,315,190,1,0,0,0
297.67,245.528,4.215,-3.213,320,190,1,0,0,0
301.885,242.314,4.215,-3.213,325,190,1,0,0,0
306.099,239.101,4.215,-3.213,325,190,0,0,0,0
310.314,235.887,4.215,-3.213,325,190,0,0,0,0
314.529,232.674,4.215,-3.213,325,190,0,0,0,0
318.744,229.461,4.215,-3.213,325,190,0,0,0,0
322.958,226.247,4.215,-3.213,325,190,0,0,0,0
327.173,223.034,4.215,-3.213,325,185,0,-1,0,0
331.388,219.82,4.215,-3.213,325,180,0,-1,0,0
335.603,216.607,4.215,-3.213,325,175,0,-1,0,0
339.817,213.394,4.215,-3.213,325,170,0,-1,0,0
344.032,210.18,4.215,-3.213,325,165,0,-1,0,0
348.247,206.967,4.215,-3.213,325,160,0,-1,0,0
352.462,203.753,4.215,-3.213,325,155,0,-1,0,0
356.676,200.54,4.215,-3.213,320,150,-1,-1,0,0
360.891,197.327,4.215,-3.213,315,145,-1,-1,0,0
365.106,194.113,4.215,-3.213,310,140,-1,-1,0,0
369.321,190.9,4.215,-3.213,305,135,-1,-1,0,0
373.535,187.687,4.215,-3.213,300,130,-1,-1,0,0
377.75,184.473,4.215,-3.213,295,125,-1,-1,0,0
381.965,181.26,4.215,-3.213,290,120,-1,-1,0,0
386.179,178.046,4.215,-3.213,285,115,-1,-1,0,0
390.394,174.833,4.215,-3.213,280,110,-1,-1,0,0
394.609,171.62,4.215,-3.213,275,105,-1,-1,0,0
398.824,168.406,4.215,-3.213,270,100,-1,-1,0,0
403.038,165.193,4.215,-3.213,265,95,-1,-1,0,0
407.253,161.979,4.215,-3.213,260,90,-1,-1,0,0
411.468,158.766,4.215,-3.213,255,85,-1,-1,0,0
415.683,155.553,4.215,-3.213,250,80,-1,-1,0,0
419.897,152.339,4.215,-3.213,245,75,-1,-1,0,0
424.112,149.126,4.215,-3.213,240,70,-1,-1,0,0
428.327,145.912,4.215,-3.213,235,65,-1,-1,0,0
432.542,142.699,4.215,-3.213,230,60,-1,-1,0,0
436.756,139.486,4.215,-3.213,225,55,-1,-1,0,0
440.971,136.272,4.215,-3.213,220,50,-1,-1,0,0
445.186,133.059,4.215,-3.213,215,45,-1,-1,0,0
449.401,129.845,4.215,-3.213,210,40,-1,-1,0,0
453.615,126.632,4.215,-3.213,205,35,-1,-1,0,0
457.83,123.419,4.215,-3.213,205,30,0,-1,0,0
462.045,120.205,4.215,-3.213,205,25,0,-1,0,0
466.26,116.992,4.215,-3.213,205,20,0,-1,0,0
470.474,113.778,4.215,-3.213,205,15,0,-1,0,0
474.689,110.565,4.215,-3.213,205,10,0,-1,0,0
478.904,107.352,4.215,-3.213,205,5,0,-1,0,0
483.119,104.138,4.215,-3.213,205,0,0,-1,0,0
487.333,100.925,4.215,-3.213,205,0,0,-1,0,0
491.548,97.711,4.215,-3.213,205,0,0,-1,0,0
495.763,94.498,4.215,-3.213,205,0,0,-1,0,0
499.978,91.285,4.215,-3.213,205,0,0,-1,0,0
504.192,88.071,4.215,-3.213,205,0,0,-1,0,0
508.407,84.858,4.215,-3.213,205,0,0,0,0,0
512.622,81.644,4.215,-3.213,205,0,0,0,0,0
516.837,78.431,4.215,-3.213,205,0,0,0,0,0
521.051,75.218,4.215,-3.213,205,0,0,0,0,0
525.266,72.004,4.215,-3.213,205,0,0,0,0,0
529.481,68.791,4.215,-3.213,210,0,1,0,0,0
533.695,65.577,4.215,-3.213,215,0,1,0,0,0
537.91,62.364,4.215,-3.213,220,0,1,0,0,0
542.125,59.151,4.215,-3.213,225,5,1,1,0,0
546.34,55.937,4.215,-3.213,230,10,1,1,0,0
550.554,52.724,4.215,-3.213,235,15,1,1,0,0
554.769,49.51,4.215,-3.213,240,20,1,1,0,0
558.984,46.297,4.215,-3.213,245,25,1,1,0,0
563.199,43.084,4.215,-3.213,250,30,1,1,0,0
567.413,39.87,4.215,-3.213,255,35,1,1,0,0
571.628,36.657,4.215,-3.213,260,40,1,1,0,0
575.843,33.443,4.215,-3.213,265,45,1,1,0,0
580.058,30.23,4.215,-3.213,265,45,0,0,0,0
584.272,27.017,4.215,-3.213,265,45,0,0,0,0
588.487,23.803,4.215,-3.213,265,45,0,0,0,0
592.702,20.59,4.215,-3.213,265,45,0,0,0,0
596.917,17.376,4.215,-3.213,265,45,0,0,0,0
601.131,14.163,4.215,-3.213,265,45,0,0,0,0
605.346,10.95,4.215,-3.213,265,45,0,0,0,0
609.561,7.736,4.215,-3.213,265,45,0,0,0,0
613.776,6.0,4.215,3.213,265,45,0,0,0,0
617.99,9.213,4.215,3.213,265,45,0,0,0,0
622.205,12.427,4.215,3.213,265,45,0,0,0,0
626.42,15.64,4.215,3.213,265,40,0,-1,0,0
630.635,18.854,4.215,3.213,265,35,0,-1,0,0
634.849,22.067,4.215,3.213,265,30,0,-1,0,0
639.064,25.28,4.215,3.213,265,25,0,-1,0,0
643.279,28.494,4.215,3.213,265,20,0,-1,0,0
647.494,31.707,4.215,3.213,265,15,0,-1,0,0
651.708,34.921,4.215,3.213,265,10,0,-1,0,0
655.923,38.134,4.215,3.213,265,5,0,-1,0,0
660.138,41.347,4.215,3.213,265,0,0,-1,0,0
664.353,44.561,4.215,3.213,265,0,0,-1,0,0
668.567,47.774,4.215,3.213,265,0,0,-1,0,0
672.782,50.988,4.215,3.213,265,0,0,-1,0,0
676.997,54.201,4.215,3.213,265,0,0,-1,0,0
681.212,57.414,4.215,3.213,265,0,0,-1,0,0
685.426,60.628,4.215,3.213,265,0,0,-1,0,0
689.641,63.841,4.215,3.213,265,0,0,-1,0,0
693.856,67.055,4.215,3.213,265,0,0,-1,0,0
698.07,70.268,4.215,3.213,265,0,0,-1,0,0
702.285,73.481,4.215,3.213,265,0,0,0,0,0
706.5,76.695,4.215,3.213,265,0,0,0,0,0
710.715,79.908,4.215,3.213,265,0,0,0,0,0
714.929,83.122,4.215,3.213,265,0,0,0,0,0
719.144,86.335,4.215,3.213,265,5,0,1,0,0
723.359,89.548,4.215,3.213,265,10,0,1,0,0
727.574,92.762,4.215,3.213,265,15,0,1,0,0
731.788,95.975,4.215,3.213,265,20,0,1,0,0
736.003,99.189,4.215,3.213,265,25,0,1,0,0
740.218,102.402,4.215,3.213,265,30,0,1,0,0
744.433,105.615,4.215,3.213,265,35,0,1,0,0
748.647,108.829,4.215,3.213,265,40,0,1,0,0
752.862,112.042,4.215,3.213,265,45,0,1,0,0
751.0,115.256,-4.42,3.439,265,50,0,1,0,0
746.58,118.694,-4.42,3.439,265,55,0,1,0,0
742.16,122.133,-4.42,3.439,265,60,0,1,0,0
737.74,125.572,-4.42,3.439,265,65,0,1,0,0
733.321,129.01,-4.42,3.439,265,70,0,1,0,0
728.901,132.449,-4.42,3.439,265,75,0,1,0,0
724.481,135.888,-4.42,3.439,265,80,0,1,0,0
720.061,139.327,-4.42,3.439,265,85,0,1,0,0
715.641,142.765,-4.42,3.439,265,90,0,1,0,0
711.221,146.204,-4.42,3.439,265,95,0,1,0,0
706.801,149.643,-4.42,3.439,265,100,0,1,0,0
702.381,153.081,-4.42,3.439,265,105,0,1,0,0
697.962,156.52,-4.42,3.439,265,110,0,1,0,0
693.542,159.959,-4.42,3.439,265,115,0,1,0,0
689.122,163.398,-4.42,3.439,265,120,0,1,0,0
684.702,166.836,-4.42,3.439,265,125,0,1,0,0
680.282,170.275,-4.42,3.439,265,130,0,1,0,0
675.862,173.714,-4.42,3.439,265,135,0,1,0,0
671.442,177.152,-4.42,3.439,265,140,0,1,0,0
667.023,180.591,-4.42,3.439,265,140,0,0,0,0
662.603,184.03,-4.42,3.439,265,140,0,0,0,0
658.183,187.469,-4.42,3.439,265,140,0,0,0,0
653.763,190.907,-4.42,3.439,265,140,0,0,0,0
649.343,194.346,-4.42,3.439,265,140,0,0,0,0
644.923,197.785,-4.42,3.439,265,140,0,0,0,0
640.503,201.223,-4.42,3.439,265,140,0,0,0,0
636.083,204.662,-4.42,3.439,265,140,0,0,0,0
631.664,208.101,-4.42,3.439,265,140,0,0,0,0
627.244,211.54,-4.42,3.439,265,140,0,0,0,0
622.824,214.978,-4.42,3.439,270,140,1,0,0,0
618.404,218.417,-4.42,3.439,275,140,1,0,0,0
613.984,221.856,-4.42,3.439,280,140,1,0,0,0
609.564,225.294,-4.42,3.439,285,140,1,0,0,0
605.144,228.733,-4.42,3.439,290,140,1,0,0,0
600.724,232.172,-4.42,3.439,295,140,1,0,0,0
596.305,235.611,-4.42,3.439,300,140,1,0,0,0
591.885,239.049,-4.42,3.439,305,145,1,1,0,0
587.465,242.488,-4.42,3.439,310,150,1,1,0,0
583.045,245.927,-4.42,3.439,315,155,1,1,0,0
578.625,249.366,-4.42,3.439,320,160,1,1,0,0
574.205,252.804,-4.42,3.439,325,165,1,1,0,0
569.785,256.243,-4.42,3.439,325,170,0,1,0,0
565.366,259.682,-4.42,3.439,325,175,0,1,0,0
560.946,263.12,-4.42,3.439,325,180,0,1,0,0
556.526,266.559,-4.42,3.439,325,185,0,1,0,0
552.106,269.998,-4.42,3.439,325,190,0,1,0,0
547.686,273.437,-4.42,3.439,325,195,0,1,0,0
543.266,276.875,-4.42,3.439,325,195,0,0,0,0
538.846,280.314,-4.42,3.439,325,195,0,0,0,0
534.426,283.753,-4.42,3.439,325,195,0,0,0,0
530.007,287.191,-4.42,3.439,325,195,0,0,0,0
525.587,290.63,-4.42,3.439,325,195,0,0,0,0
521.167,294.069,-4.42,3.439,330,195,1,0,0,0
516.747,297.508,-4.42,3.439,335,195,1,0,0,0
512.327,300.946,-4.42,3.439,340,195,1,0,0,0
507.907,304.385,-4.42,3.439,345,195,1,0,0,0
503.487,307.824,-4.42,3.439,350,195,1,0,0,0
499.068,311.262,-4.42,3.439,355,195,1,0,0,0
494.648,314.701,-4.42,3.439,360,195,1,0,0,0
490.228,318.14,-4.42,3.439,365,195,1,0,0,0
485.808,321.579,-4.42,3.439,370,195,1,0,0,0
481.388,325.017,-4.42,3.439,375,195,1,0,0,0
476.968,328.456,-4.42,3.439,380,195,1,0,0,0
472.548,331.895,-4.42,3.439,385,195,1,0,0,0
468.128,335.333,-4.42,3.439,390,195,1,0,0,0
463.709,338.772,-4.42,3.439,395,195,1,0,0,0
459.289,342.211,-4.42,3.439,400,195,1,0,0,0
454.869,345.65,-4.42,3.439,405,200,1,1,0,0
450.449,349.088,-4.42,3.439,410,205,1,1,0,0
446.029,352.527,-4.42,3.439,415,210,1,1,0,0
441.609,355.966,-4.42,3.439,420,215,1,1,0,0
437.189,359.404,-4.42,3.439,425,215,1,0,0,0
432.769,362.843,-4.42,3.439,430,215,1,0,0,0
428.35,366.282,-4.42,3.439,435,215,1,0,0,0
423.93,369.721,-4.42,3.439,440,215,1,0,0,0
419.51,373.159,-4.42,3.439,445,215,1,0,0,0
415.09,376.598,-4.42,3.439,450,215,1,0,0,0
410.67,380.037,-4.42,3.439,455,215,1,0,0,0
406.25,383.475,-4.42,3.439,460,215,1,0,0,0
401.83,386.914,-4.42,3.439,460,215,0,0,0,0
397.411,390.353,-4.42,3.439,460,215,0,0,0,0
392.991,393.792,-4.42,3.439,460,215,0,0,0,0
388.571,397.23,-4.42,3.439,460,215,0,0,0,0
384.151,400.669,-4.42,3.439,460,215,0,0,0,0
379.731,404.108,-4.42,3.439,460,215,0,0,0,0
375.311,407.546,-4.42,3.439,460,215,0,0,0,0
370.891,410.985,-4.42,3.439,460,215,0,0,0,0
366.471,414.424,-4.42,3.439,460,215,0,0,0,0
362.052,417.863,-4.42,3.439,460,215,0,0,0,0
357.632,421.301,-4.42,3.439,460,215,0,0,0,0
353.212,424.74,-4.42,3.439,460,215,0,0,0,0
348.792,428.179,-4.42,3.439,460,215,0,0,0,0
344.372,431.617,-4.42,3.439,460,215,0,0,0,0
339.952,435.056,-4.42,3.439,460,215,0,0,0,0
335.532,438.495,-4.42,3.439,460,215,0,0,0,0
331.113,441.934,-4.42,3.439,460,215,0,0,0,0
326.693,445.372,-4.42,3.439,460,215,0,0,0,0
322.273,448.811,-4.42,3.439,460,215,0,0,0,0
317.853,452.25,-4.42,3.439,460,215,0,0,0,0
313.433,455.688,-4.42,3.439,460,215,0,0,0,0
309.013,459.127,-4.42,3.439,460,215,0,0,0,0
304.593,462.566,-4.42,3.439,460,215,0,0,0,0
300.173,466.005,-4.42,3.439,460,215,0,0,0,0
295.754,469.443,-4.42,3.439,460,215,0,0,0,0
291.334,472.882,-4.42,3.439,460,215,0,0,0,0
286.914,476.321,-4.42,3.439,460,215,0,0,0,0
282.494,479.759,-4.42,3.439,460,215,0,0,0,0
278.074,483.198,-4.42,3.439,460,215,0,0,0,0
273.654,486.637,-4.42,3.439,460,215,0,0,0,0
269.234,490.076,-4.42,3.439,460,215,0,0,0,0
264.815,493.514,-4.42,3.439,460,215,0,0,0,0
260.395,496.953,-4.42,3.439,460,215,0,0,0,0
255.975,500.392,-4.42,3.439,460,215,0,0,0,0
251.555,503.83,-4.42,3.439,460,215,0,0,0,0
247.135,507.269,-4.42,3.439,460,215,0,0,0,0
242.715,510.708,-4.42,3.439,460,215,0,0,0,0
238.295,514.147,-4.42,3.439,460,215,0,0,0,0
233.875,517.585,-4.42,3.439,460,215,0,0,0,0
229.456,521.024,-4.42,3.439,465,215,1,0,0,0
225.036,524.463,-4.42,3.439,470,215,1,0,0,0
220.616,527.901,-4.42,3.439,475,215,1,0,0,0
216.196,531.34,-4.42,3.439,480,215,1,0,0,0
211.776,534.779,-4.42,3.439,485,215,1,0,0,0
207.356,538.218,-4.42,3.439,490,215,1,0,0,0
202.936,541.656,-4.42,3.439,490,215,0,0,0,0
198.516,545.095,-4.42,3.439,490,215,0,0,0,0
194.097,548.534,-4.42,3.439,490,215,0,0,0,0
189.677,551.972,-4.42,3.439,490,215,0,0,0,0
185.257,555.411,-4.42,3.439,490,215,0,0,0,0
180.837,558.85,-4.42,3.439,490,215,0,0,0,0
176.417,562.289,-4.42,3.439,490,215,0,0,0,0
171.997,565.727,-4.42,3.439,490,215,0,0,0,0
167.577,569.166,-4.42,3.439,490,215,0,0,0,0
163.158,572.605,-4.42,3.439,490,215,0,0,0,0
158.738,576.043,-4.42,3.439,490,215,0,0,0,0
154.318,579.482,-4.42,3.439,490,215,0,0,0,0
149.898,582.921,-4.42,3.439,490,215,0,0,0,0
145.478,586.36,-4.42,3.439,490,215,0,0,0,0
141.058,589.798,-4.42,3.439,490,215,0,0,0,0
136.638,593.237,-4.42,3.439,490,215,0,0,0,0
132.218,594.0,-4.42,-3.439,490,215,0,0,0,0
127.799,590.561,-4.42,-3.439,490,215,0,0,0,0
123.379,587.123,-4.42,-3.439,490,215,0,0,0,0
118.959,583.684,-4.42,-3.439,485,215,-1,0,0,0
114.539,580.245,-4.42,-3.439,480,215,-1,0,0,0
110.119,576.806,-4.42,-3.439,475,215,-1,0,0,0
105.699,573.368,-4.42,-3.439,470,215,-1,0,0,0
101.279,569.929,-4.42,-3.439,465,215,-1,0,0,0
96.86,566.49,-4.42,-3.439,460,215,-1,0,0,0
92.44,563.052,-4.42,-3.439,455,215,-1,0,0,0
88.02,559.613,-4.42,-3.439,455,215,0,0,0,0
83.6,556.174,-4.42,-3.439,455,215,0,0,0,0
79.18,552.735,-4.42,-3.439,455,215,0,0,0,0
74.76,549.297,-4.42,-3.439,455,215,0,0,0,0
70.34,545.858,-4.42,-3.439,455,215,0,0,0,0
65.92,542.419,-4.42,-3.439,455,215,0,0,0,0
61.501,538.981,-4.42,-3.439,455,215,0,0,0,0
57.081,535.542,-4.42,-3.439,455,215,0,0,0,0
52.661,532.103,-4.42,-3.439,455,215,0,0,0,0
48.241,528.664,-4.42,-3.439,455,215,0,0,0,0
49.0,525.226,4.147,4.197,455,215,0,0,0,0
53.147,529.422,4.147,4.197,455,215,0,0,0,0
57.294,533.619,4.147,4.197,455,215,0,0,0,0
61.442,537.815,4.147,4.197,455,215,0,0,0,0
65.589,542.012,4.147,4.197,455,215,0,0,0,0
69.736,546.208,4.147,4.197,455,215,0,0,0,0
73.883,550.405,4.147,4.197,455,215,0,0,0,0
78.03,554.601,4.147,4.197,455,215,0,0,0,0
82.178,558.798,4.147,4.197,455,215,0,0,0,0
86.325,562.994,4.147,4.197,455,215,0,0,0,0
90.472,567.191,4.147,4.197,455,215,0,0,0,0
94.619,571.387,4.147,4.197,455,215,0,0,0,0
98.766,575.584,4.147,4.197,455,215,0,0,0,0
102.914,579.78,4.147,4.197,455,215,0,0,0,0
107.061,583.977,4.147,4.197,455,215,0,0,0,0
111.208,588.173,4.147,4.197,455,215,0,0,0,0
115.355,592.37,4.147,4.197,455,215,0,0,0,0
119.503,594.0,4.147,-4.197,455,215,0,0,0,0
123.65,589.803,4.147,-4.197,455,215,0,0,0,0
127.797,585.607,4.147,-4.197,455,215,0,0,0,0
131.944,581.41,4.147,-4.197,455,215,0,0,0,0
136.091,577.214,4.147,-4.197,455,215,0,0,0,0
140.239,573.017,4.147,-4.197,455,215,0,0,0,0
144.386,568.821,4.147,-4.197,455,215,0,0,0,0
148.533,564.624,4.147,-4.197,455,215,0,0,0,0
152.68,560.428,4.147,-4.197,455,215,0,0,0,0
156.827,556.231,4.147,-4.197,455,215,0,0,0,0
160.975,552.035,4.147,-4.197,455,215,0,0,0,0
165.122,547.838,4.147,-4.197,455,215,0,0,0,0
169.269,543.642,4.147,-4.197,455,215,0,0,0,0
173.416,539.445,4.147,-4.197,455,215,0,0,0,0
177.563,535.249,4.147,-4.197,455,215,0,0,0,0
181.711,531.052,4.147,-4.197,455,215,0,0,0,0
185.858,526.856,4.147,-4.197,460,215,1,0,0,0
190.005,522.659,4.147,-4.197,465,215,1,0,0,0
194.152,518.463,4.147,-4.197,470,215,1,0,0,0
198.299,514.266,4.147,-4.197,475,215,1,0,0,0
202.447,510.07,4.147,-4.197,480,215,1,0,0,0
206.594,505.873,4.147,-4.197,485,215,1,0,0,0
210.741,501.677,4.147,-4.197,490,215,1,0,0,0
214.888,497.48,4.147,-4.197,495,215,1,0,0,0
219.036,493.284,4.147,-4.197,500,215,1,0,0,0
223.183,489.087,4.147,-4.197,500,210,0,-1,0,0
227.33,484.891,4.147,-4.197,500,205,0,-1,0,0
231.477,480.694,4.147,-4.197,500,200,0,-1,0,0
235.624,476.498,4.147,-4.197,500,195,0,-1,0,0
239.772,472.301,4.147,-4.197,500,190,0,-1,0,0
243.919,468.105,4.147,-4.197,500,185,0,-1,0,0
248.066,463.908,4.147,-4.197,500,180,0,-1,0,0
252.213,459.712,4.147,-4.197,500,175,0,-1,0,0
256.36,455.515,4.147,-4.197,500,170,0,-1,0,0
260.508,451.319,4.147,-4.197,500,165,0,-1,0,0
264.655,447.122,4.147,-4.197,500,160,0,-1,0,0
268.802,442.926,4.147,-4.197,500,155,0,-1,0,0
272.949,438.729,4.147,-4.197,500,150,0,-1,0,0
277.096,434.533,4.147,-4.197,500,145,0,-1,0,0
281.244,430.336,4.147,-4.197,495,145,-1,0,0,0
285.391,426.14,4.147,-4.197,490,145,-1,0,0,0
289.538,421.943,4.147,-4.197,485,145,-1,0,0,0
293.685,417.747,4.147,-4.197,480,145,-1,0,0,0
297.832,413.55,4.147,-4.197,475,145,-1,0,0,0
301.98,409.354,4.147,-4.197,470,145,-1,0,0,0
306.127,405.157,4.147,-4.197,465,145,-1,0,0,0
310.274,400.961,4.147,-4.197,460,145,-1,0,0,0
314.421,396.764,4.147,-4.197,455,145,-1,0,0,0
318.568,392.568,4.147,-4.197,450,145,-1,0,0,0
322.716,388.371,4.147,-4.197,445,145,-1,0,0,0
326.863,384.175,4.147,-4.197,445,145,0,0,0,0
331.01,379.978,4.147,-4.197,445,145,0,0,0,0
335.157,375.782,4.147,-4.197,445,145,0,0,0,0
339.305,371.585,4.147,-4.197,445,145,0,0,0,0
343.452,367.389,4.147,-4.197,445,145,0,0,0,0
347.599,363.192,4.147,-4.197,445,145,0,0,0,0
351.746,358.996,4.147,-4.197,445,145,0,0,0,0
355.893,354.799,4.147,-4.197,445,145,0,0,0,0
360.041,350.603,4.147,-4.197,445,145,0,0,0,0
364.188,346.406,4.147,-4.197,445,150,0,1,0,0
368.335,342.21,4.147,-4.197,445,155,0,1,0,0
372.482,338.013,4.147,-4.197,445,160,0,1,0,0
376.629,333.817,4.147,-4.197,445,165,0,1,0,0
380.777,329.62,4.147,-4.197,445,170,0,1,0,0
384.924,325.424,4.147,-4.197,445,175,0,1,0,0
389.071,321.227,4.147,-4.197,445,180,0,1,0,0
393.218,317.031,4.147,-4.197,445,185,0,1,0,0
397.365,312.834,4.147,-4.197,445,190,0,1,0,0
401.513,308.638,4.147,-4.197,445,195,0,1,0,0
405.66,304.441,4.147,-4.197,445,200,0,1,0,0
409.807,300.245,4.147,-4.197,445,205,0,1,0,0
413.954,296.048,4.147,-4.197,445,205,0,0,0,0
418.101,291.852,4.147,-4.197,445,205,0,0,0,0
422.249,287.655,4.147,-4.197,445,205,0,0,0,0
426.396,283.459,4.147,-4.197,445,205,0,0,0,0
430.543,279.262,4.147,-4.197,445,205,0,0,0,0
434.69,275.065,4.147,-4.197,445,205,0,0,0,0
438.838,270.869,4.147,-4.197,445,205,0,0,0,0
442.985,266.672,4.147,-4.197,445,205,0,0,0,0
447.132,262.476,4.147,-4.197,445,205,0,0,0,0
451.279,258.279,4.147,-4.197,445,205,0,0,0,0
455.426,254.083,4.147,-4.197,445,205,0,0,0,0
459.574,249.886,4.147,-4.197,445,205,0,0,0,0
463.721,245.69,4.147,-4.197,445,205,0,0,0,0
467.868,241.493,4.147,-4.197,445,205,0,0,0,0
472.015,237.297,4.147,-4.197,445,205,0,0,0,0
476.162,233.1,4.147,-4.197,445,205,0,0,0,0
480.31,228.904,4.147,-4.197,445,205,0,0,0,0
484.457,224.707,4.147,-4.197,445,205,0,0,0,0
488.604,220.511,4.147,-4.197,445,205,0,0,0,0
492.751,216.314,4.147,-4.197,445,205,0,0,0,0
496.898,212.118,4.147,-4.197,445,205,0,0,0,0
501.046,207.921,4.147,-4.197,445,205,0,0,0,0
505.193,203.725,4.147,-4.197,445,205,0,0,0,0
509.34,199.528,4.147,-4.197,445,200,0,-1,0,0
513.487,195.332,4.147,-4.197,445,195,0,-1,0,0
517.634,191.135,4.147,-4.197,445,190,0,-1,0,0
521.782,186.939,4.147,-4.197,445,185,0,-1,0,0
525.929,182.742,4.147,-4.197,445,180,0,-1,0,0
530.076,178.546,4.147,-4.197,445,175,0,-1,0,0
534.223,174.349,4.147,-4.197,445,170,0,-1,0,0
538.371,170.153,4.147,-4.197,445,165,0,-1,0,0
542.518,165.956,4.147,-4.197,445,160,0,-1,0,0
546.665,161.76,4.147,-4.197,445,155,0,-1,0,0
550.812,157.563,4.147,-4.197,445,150,0,-1,0,0
554.959,153.367,4.147,-4.197,445,145,0,-1,0,0
559.107,149.17,4.147,-4.197,445,140,0,-1,0,0
563.254,144.974,4.147,-4.197,445,135,0,-1,0,0
567.401,140.777,4.147,-4.197,445,130,0,-1,0,0
571.548,136.581,4.147,-4.197,445,125,0,-1,0,0
575.695,132.384,4.147,-4.197,445,120,0,-1,0,0
579.843,128.188,4.147,-4.197,445,115,0,-1,0,0
583.99,123.991,4.147,-4.197,445,110,0,-1,0,0
588.137,119.795,4.147,-4.197,445,105,0,-1,0,0
592.284,115.598,4.147,-4.197,445,100,0,-1,0,0
596.431,111.402,4.147,-4.197,445,95,0,-1,0,0
600.579,107.205,4.147,-4.197,445,90,0,-1,0,0
604.726,103.009,4.147,-4.197,445,85,0,-1,0,0
608.873,98.812,4.147,-4.197,445,80,0,-1,0,0
613.02,94.616,4.147,-4.197,445,75,0,-1,0,0
617.167,90.419,4.147,-4.197,445,70,0,-1,0,0
621.315,86.223,4.147,-4.197,445,65,0,-1,0,0
625.462,82.026,4.147,-4.197,445,60,0,-1,0,0
629.609,77.83,4.147,-4.197,445,55,0,-1,0,0
633.756,73.633,4.147,-4.197,445,50,0,-1,0,0
637.903,69.437,4.147,-4.197,445,45,0,-1,0,0
642.051,65.24,4.147,-4.197,445,40,0,-1,0,0
646.198,61.044,4.147,-4.197,445,35,0,-1,0,0
650.345,56.847,4.147,-4.197,445,30,0,-1,0,0
654.492,52.651,4.147,-4.197,445,25,0,-1,0,0
658.64,48.454,4.147,-4.197,445,20,0,-1,0,0
662.787,44.258,4.147,-4.197,445,15,0,-1,0,0
666.934,40.061,4.147,-4.197,445,10,0,-1,0,0
671.081,35.865,4.147,-4.197,445,5,0,-1,0,0
675.228,31.668,4.147,-4.197,445,0,0,-1,0,0
679.376,27.472,4.147,-4.197,445,0,0,-1,0,0
683.523,23.275,4.147,-4.197,445,0,0,-1,0,0
687.67,19.079,4.147,-4.197,445,0,0,-1,0,0
691.817,14.882,4.147,-4.197,445,0,0,0,0,0
695.964,10.686,4.147,-4.197,445,0,0,0,0,0
700.112,6.489,4.147,-4.197,445,0,0,0,0,0
704.259,6.0,4.147,4.197,445,0,0,0,0,0
708.406,10.197,4.147,4.197,445,0,0,0,0,0
712.553,14.393,4.147,4.197,445,0,0,0,0,0
716.7,18.59,4.147,4.197,445,0,0,0,0,0
720.848,22.786,4.147,4.197,445,5,0,1,0,0
724.995,26.983,4.147,4.197,445,10,0,1,0,0
729.142,31.179,4.147,4.197,445,15,0,1,0,0
733.289,35.376,4.147,4.197,445,20,0,1,0,0
737.436,39.572,4.147,4.197,445,25,0,1,0,0
741.584,43.769,4.147,4.197,445,30,0,1,0,0
745.731,47.965,4.147,4.197,445,35,0,1,0,0
749.878,52.162,4.147,4.197,445,40,0,1,0,0
751.0,56.358,-4.537,-4.225,445,45,0,1,0,0
746.463,52.133,-4.537,-4.225,445,50,0,1,0,0
741.926,47.907,-4.537,-4.225,445,50,0,0,0,0
737.389,43.682,-4.537,-4.225,445,50,0,0,0,0
732.851,39.456,-4.537,-4.225,445,50,0,0,0,0
728.314,35.231,-4.537,-4.225,445,50,0,0,0,0
723.777,31.005,-4.537,-4.225,445,50,0,0,0,0
719.24,26.78,-4.537,-4.225,445,50,0,0,0,0
714.703,22.554,-4.537,-4.225,445,50,0,0,0,0
710.166,18.329,-4.537,-4.225,445,50,0,0,0,0
705.629,14.104,-4.537,-4.225,445,50,0,0,0,0
701.092,9.878,-4.537,-4.225,445,50,0,0,0,0
696.554,6.0,-4.537,4.225,445,50,0,0,0,0
692.017,10.225,-4.537,4.225,445,50,0,0,0,0
687.48,14.451,-4.537,4.225,445,50,0,0,0,0
682.943,18.676,-4.537,4.225,445,50,0,0,0,0
678.406,22.902,-4.537,4.225,445,50,0,0,0,0
673.869,27.127,-4.537,4.225,445,50,0,0,0,0
669.332,31.353,-4.537,4.225,445,50,0,0,0,0
664.795,35.578,-4.537,4.225,445,50,0,0,0,0
660.257,39.804,-4.537,4.225,445,50,0,0,0,0
655.72,44.029,-4.537,4.225,445,50,0,0,0,0
651.183,48.255,-4.537,4.225,445,50,0,0,0,0
646.646,52.48,-4.537,4.225,440,50,-1,0,0,0
642.109,56.705,-4.537,4.225,435,50,-1,0,0,0
637.572,60.931,-4.537,4.225,430,50,-1,0,0,0
633.035,65.156,-4.537,4.225,425,50,-1,0,0,0
628.497,69.382,-4.537,4.225,420,50,-1,0,0,0
623.96,73.607,-4.537,4.225,415,50,-1,0,0,0
619.423,77.833,-4.537,4.225,410,50,-1,0,0,0
614.886,82.058,-4.537,4.225,405,50,-1,0,0,0
610.349,86.284,-4.537,4.225,400,50,-1,0,0,0
605.812,90.509,-4.537,4.225,395,50,-1,0,0,0
601.275,94.734,-4.537,4.225,390,50,-1,0,0,0
596.738,98.96,-4.537,4.225,385,50,-1,0,0,0
592.2,103.185,-4.537,4.225,380,50,-1,0,0,0
587.663,107.411,-4.537,4.225,375,50,-1,0,0,0
583.126,111.636,-4.537,4.225,370,50,-1,0,0,0
578.589,115.862,-4.537,4.225,365,55,-1,1,0,0
574.052,120.087,-4.537,4.225,360,60,-1,1,0,0
569.515,124.313,-4.537,4.225,355,65,-1,1,0,0
564.978,128.538,-4.537,4.225,350,70,-1,1,0,0
560.44,132.764,-4.537,4.225,345,75,-1,1,0,0
555.903,136.989,-4.537,4.225,340,80,-1,1,0,0
551.366,141.214,-4.537,4.225,335,85,-1,1,0,0
546.829,145.44,-4.537,4.225,330,90,-1,1,0,0
542.292,149.665,-4.537,4.225,325,95,-1,1,0,0
537.755,153.891,-4.537,4.225,320,100,-1,1,0,0
533.218,158.116,-4.537,4.225,315,105,-1,1,0,0
528.681,162.342,-4.537,4.225,320,105,1,0,0,0
524.143,166.567,-4.537,4.225,325,105,1,0,0,0
519.606,170.793,-4.537,4.225,330,105,1,0,0,0
515.069,175.018,-4.537,4.225,335,105,1,0,0,0
510.532,179.243,-4.537,4.225,340,105,1,0,0,0
505.995,183.469,-4.537,4.225,345,105,1,0,0,0
501.458,187.694,-4.537,4.225,350,105,1,0,0,0
496.921,191.92,-4.537,4.225,355,105,1,0,0,0
492.384,196.145,-4.537,4.225,360,105,1,0,0,0
487.846,200.371,-4.537,4.225,365,105,1,0,0,0
483.309,204.596,-4.537,4.225,370,105,1,0,0,0
478.772,208.822,-4.537,4.225,375,105,1,0,0,0
474.235,213.047,-4.537,4.225,380,105,1,0,0,0
469.698,217.273,-4.537,4.225,385,105,1,0,0,0
465.161,221.498,-4.537,4.225,390,105,1,0,0,0
460.624,225.723,-4.537,4.225,395,105,1,0,0,0
456.086,229.949,-4.537,4.225,400,105,1,0,0,0
451.549,234.174,-4.537,4.225,405,105,1,0,0,0
447.012,238.4,-4.537,4.225,410,105,1,0,0,0
442.475,242.625,-4.537,4.225,415,105,1,0,0,0
437.938,246.851,-4.537,4.225,420,105,1,0,0,0
433.401,251.076,-4.537,4.225,425,100,1,-1,0,0
428.864,255.302,-4.537,4.225,430,95,1,-1,0,0
424.327,259.527,-4.537,4.225,430,90,0,-1,0,0
419.789,263.753,-4.537,4.225,430,85,0,-1,0,0
415.252,267.978,-4.537,4.225,430,80,0,-1,0,0
410.715,272.203,-4.537,4.225,430,80,0,0,0,0
406.178,276.429,-4.537,4.225,430,80,0,0,0,0
401.641,280.654,-4.537,4.225,430,80,0,0,0,0
397.104,284.88,-4.537,4.225,430,80,0,0,0,0
392.567,289.105,-4.537,4.225,430,80,0,0,0,0
388.029,293.331,-4.537,4.225,430,80,0,0,0,0
383.492,297.556,-4.537,4.225,430,80,0,0,0,0
378.955,301.782,-4.537,4.225,430,80,0,0,0,0
374.418,306.007,-4.537,4.225,430,80,0,0,0,0
369.881,310.232,-4.537,4.225,430,80,0,0,0,0
365.344,314.458,-4.537,4.225,430,80,0,0,0,0
360.807,318.683,-4.537,4.225,430,80,0,0,0,0
356.27,322.909,-4.537,4.225,430,80,0,0,0,0
351.732,327.134,-4.537,4.225,435,80,1,0,0,0
347.195,331.36,-4.537,4.225,440,80,1,0,0,0
342.658,335.585,-4.537,4.225,445,80,1,0,0,0
338.121,339.811,-4.537,4.225,450,80,1,0,0,0
333.584,344.036,-4.537,4.225,455,80,1,0,0,0
329.047,348.262,-4.537,4.225,460,80,1,0,0,0
324.51,352.487,-4.537,4.225,465,80,1,0,0,0
319.973,356.712,-4.537,4.225,470,80,1,0,0,0
315.435,360.938,-4.537,4.225,475,80,1,0,0,0
310.898,365.163,-4.537,4.225,480,80,1,0,0,0
306.361,369.389,-4.537,4.225,485,80,1,0,0,0
301.824,373.614,-4.537,4.225,485,80,0,0,0,0
297.287,377.84,-4.537,4.225,485,80,0,0,0,0
292.75,382.065,-4.537,4.225,485,80,0,0,0,0
288.213,386.291,-4.537,4.225,485,80,0,0,0,0
283.675,390.516,-4.537,4.225,485,80,0,0,0,0
279.138,394.742,-4.537,4.225,485,80,0,0,0,0
274.601,398.967,-4.537,4.225,485,80,0,0,0,0
270.064,403.192,-4.537,4.225,485,80,0,0,0,0
265.527,407.418,-4.537,4.225,485,80,0,0,0,0
260.99,411.643,-4.537,4.225,485,80,0,0,0,0
256.453,415.869,-4.537,4.225,485,80,0,0,0,0
251.916,420.094,-4.537,4.225,485,80,0,0,0,0
247.378,424.32,-4.537,4.225,485,80,0,0,0,0
242.841,428.545,-4.537,4.225,485,80,0,0,0,0
238.304,432.771,-4.537,4.225,485,80,0,0,0,0
233.767,436.996,-4.537,4.225,485,80,0,0,0,0
229.23,441.221,-4.537,4.225,485,80,0,0,0,0
224.693,445.447,-4.537,4.225,485,80,0,0,0,0
220.156,449.672,-4.537,4.225,490,80,1,0,0,0
215.618,453.898,-4.537,4.225,495,80,1,0,0,0
211.081,458.123,-4.537,4.225,500,80,1,0,0,0
206.544,462.349,-4.537,4.225,505,80,1,0,0,0
202.007,466.574,-4.537,4.225,510,80,1,0,0,0
197.47,470.8,-4.537,4.225,510,80,0,0,0,0
192.933,475.025,-4.537,4.225,510,80,0,0,0,0
188.396,479.251,-4.537,4.225,510,80,0,0,0,0
183.859,483.476,-4.537,4.225,510,80,0,0,0,0
179.321,487.701,-4.537,4.225,510,80,0,0,0,0
174.784,491.927,-4.537,4.225,510,80,0,0,0,0
170.247,496.152,-4.537,4.225,510,80,0,0,0,0
165.71,500.378,-4.537,4.225,510,80,0,0,0,0
161.173,504.603,-4.537,4.225,510,80,0,0,0,0
156.636,508.829,-4.537,4.225,510,80,0,0,0,0
152.099,513.054,-4.537,4.225,510,80,0,0,0,0
147.562,517.28,-4.537,4.225,510,80,0,0,0,0
143.024,521.505,-4.537,4.225,510,80,0,0,0,0
138.487,525.73,-4.537,4.225,510,80,0,0,0,0
133.95,529.956,-4.537,4.225,510,80,0,0,0,0
129.413,534.181,-4.537,4.225,510,80,0,0,0,0
124.876,538.407,-4.537,4.225,510,80,0,0,0,0
120.339,542.632,-4.537,4.225,510,80,0,0,0,0
115.802,546.858,-4.537,4.225,510,80,0,0,0,0
111.264,551.083,-4.537,4.225,510,80,0,0,0,0
106.727,555.309,-4.537,4.225,510,80,0,0,0,0
102.19,559.534,-4.537,4.225,510,80,0,0,0,0
97.653,563.76,-4.537,4.225,510,80,0,0,0,0
93.116,567.985,-4.537,4.225,510,80,0,0,0,0
88.579,572.21,-4.537,4.225,510,80,0,0,0,0
84.042,576.436,-4.537,4.225,515,80,1,0,0,0
79.505,580.661,-4.537,4.225,520,80,1,0,0,0
74.967,584.887,-4.537,4.225,520,80,1,0,0,0
70.43,589.112,-4.537,4.225,520,80,1,0,0,0
65.893,593.338,-4.537,4.225,520,80,1,0,0,0
61.356,594.0,-4.537,-4.225,520,80,0,0,0,0
56.819,589.775,-4.537,-4.225,520,80,0,0,0,0
52.282,585.549,-4.537,-4.225,520,80,0,0,0,0
49.0,581.324,5.513,3.443,520,80,0,0,0,0
54.513,584.767,5.513,3.443,520,80,0,0,0,0
60.026,588.21,5.513,3.443,520,80,0,0,0,0
65.54,591.653,5.513,3.443,520,80,0,0,0,0
71.053,594.0,5.513,-3.443,520,80,0,0,0,0
76.566,590.557,5.513,-3.443,520,80,0,0,0,0
82.079,587.114,5.513,-3.443,520,80,0,0,0,0
87.592,583.671,5.513,-3.443,520,80,0,0,0,0
93.105,580.228,5.513,-3.443,520,80,0,0,0,0
98.619,576.785,5.513,-3.443,520,80,0,0,0,0
104.132,573.342,5.513,-3.443,520,80,0,0,0,0
109.645,569.898,5.513,-3.443,515,80,-1,0,0,0
115.158,566.455,5.513,-3.443,510,80,-1,0,0,0
120.671,563.012,5.513,-3.443,505,80,-1,0,0,0
126.185,559.569,5.513,-3.443,500,80,-1,0,0,0
131.698,556.126,5.513,-3.443,495,80,-1,0,0,0
137.211,552.683,5.513,-3.443,490,80,-1,0,0,0
142.724,549.24,5.513,-3.443,485,80,-1,0,0,0
148.237,545.797,5.513,-3.443,480,85,-1,1,0,0
153.751,542.354,5.513,-3.443,475,90,-1,1,0,0
159.264,538.911,5.513,-3.443,470,95,-1,1,0,0
164.777,535.468,5.513,-3.443,465,100,-1,1,0,0
170.29,532.025,5.513,-3.443,460,105,-1,1,0,0
175.803,528.582,5.513,-3.443,455,105,-1,0,0,0
181.316,525.138,5.513,-3.443,450,105,-1,0,0,0
186.83,521.695,5.513,-3.443,445,105,-1,0,0,0
192.343,518.252,5.513,-3.443,440,105,-1,0,0,0
197.856,514.809,5.513,-3.443,435,105,-1,0,0,0
203.369,511.366,5.513,-3.443,430,105,-1,0,0,0
208.882,507.923,5.513,-3.443,425,105,-1,0,0,0
214.396,504.48,5.513,-3.443,420,105,-1,0,0,0
219.909,501.037,5.513,-3.443,415,105,-1,0,0,0
225.422,497.594,5.513,-3.443,410,105,-1,0,0,0
230.935,494.151,5.513,-3.443,405,105,-1,0,0,0
236.448,490.708,5.513,-3.443,400,105,-1,0,0,0
241.962,487.265,5.513,-3.443,400,100,0,-1,0,0
247.475,483.822,5.513,-3.443,400,95,0,-1,0,0
252.988,480.378,5.513,-3.443,400,90,0,-1,0,0
258.501,476.935,5.513,-3.443,400,85,0,-1,0,0
264.014,473.492,5.513,-3.443,400,80,0,-1,0,0
269.527,470.049,5.513,-3.443,400,75,0,-1,0,0
275.041,466.606,5.513,-3.443,405,70,1,-1,0,0
280.554,463.163,5.513,-3.443,410,65,1,-1,0,0
286.067,459.72,5.513,-3.443,415,60,1,-1,0,0
291.58,456.277,5.513,-3.443,420,55,1,-1,0,0
297.093,452.834,5.513,-3.443,425,50,1,-1,0,0
302.607,449.391,5.513,-3.443,430,45,1,-1,0,0
308.12,445.948,5.513,-3.443,435,40,1,-1,0,0
313.633,442.505,5.513,-3.443,440,35,1,-1,0,0
319.146,439.062,5.513,-3.443,445,30,1,-1,0,0
324.659,435.618,5.513,-3.443,450,25,1,-1,0,0
330.172,432.175,5.513,-3.443,455,20,1,-1,0,0
335.686,428.732,5.513,-3.443,460,15,1,-1,0,0
341.199,425.289,5.513,-3.443,465,10,1,-1,0,0
346.712,421.846,5.513,-3.443,470,5,1,-1,0,0
352.225,418.403,5.513,-3.443,475,0,1,-1,0,0
357.738,414.96,5.513,-3.443,480,0,1,-1,0,0
363.252,411.517,5.513,-3.443,485,0,1,-1,0,0
368.765,408.074,5.513,-3.443,490,0,1,0,0,0
374.278,404.631,5.513,-3.443,495,0,1,0,0,0
379.791,401.188,5.513,-3.443,500,0,1,0,0,0
385.304,397.745,5.513,-3.443,505,5,1,1,0,0
390.818,394.302,5.513,-3.443,510,10,1,1,0,0
396.331,390.858,5.513,-3.443,515,15,1,1,0,0
401.844,387.415,5.513,-3.443,520,20,1,1,0,0
407.357,383.972,5.513,-3.443,520,25,1,1,0,0
412.87,380.529,5.513,-3.443,520,30,1,1,0,0
418.383,377.086,5.513,-3.443,520,35,1,1,0,0
423.897,373.643,5.513,-3.443,520,40,1,1,0,0
429.41,370.2,5.513,-3.443,520,45,1,1,0,0
434.923,366.757,5.513,-3.443,520,50,0,1,0,0
440.436,363.314,5.513,-3.443,520,55,0,1,0,0
445.949,359.871,5.513,-3.443,520,60,0,1,0,0
451.463,356.428,5.513,-3.443,520,65,0,1,0,0
456.976,352.985,5.513,-3.443,520,70,0,1,0,0
462.489,349.542,5.513,-3.443,520,75,0,1,0,0
468.002,346.098,5.513,-3.443,520,80,0,1,0,0
473.515,342.655,5.513,-3.443,520,85,0,1,0,0
479.029,339.212,5.513,-3.443,520,90,0,1,0,0
484.542,335.769,5.513,-3.443,520,95,0,1,0,0
490.055,332.326,5.513,-3.443,520,100,0,1,0,0
495.568,328.883,5.513,-3.443,520,105,0,1,0,0
501.081,325.44,5.513,-3.443,520,110,0,1,0,0
506.594,321.997,5.513,-3.443,520,115,0,1,0,0
512.108,318.554,5.513,-3.443,520,120,0,1,0,0
517.621,315.111,5.513,-3.443,520,125,0,1,0,0
523.134,311.668,5.513,-3.443,520,130,0,1,0,0
528.647,308.225,5.513,-3.443,520,135,0,1,0,0
534.16,304.782,5.513,-3.443,520,140,0,1,0,0
539.674,301.338,5.513,-3.443,520,145,0,1,0,0
545.187,297.895,5.513,-3.443,520,150,0,1,0,0
550.7,294.452,5.513,-3.443,520,155,0,1,0,0
556.213,291.009,5.513,-3.443,520,160,0,1,0,0
561.726,287.566,5.513,-3.443,520,165,0,1,0,0
567.239,284.123,5.513,-3.443,520,165,0,0,0,0
572.753,280.68,5.513,-3.443,520,165,0,0,0,0
578.266,277.237,5.513,-3.443,520,165,0,0,0,0
583.779,273.794,5.513,-3.443,520,165,0,0,0,0
589.292,270.351,5.513,-3.443,520,165,0,0,0,0
594.805,266.908,5.513,-3.443,520,165,0,0,0,0
600.319,263.465,5.513,-3.443,520,165,0,0,0,0
605.832,260.022,5.513,-3.443,520,165,0,0,0,0
611.345,256.578,5.513,-3.443,520,165,0,0,0,0
616.858,253.135,5.513,-3.443,520,165,0,0,0,0
622.371,249.692,5.513,-3.443,520,165,0,0,0,0
627.885,246.249,5.513,-3.443,520,165,0,0,0,0
633.398,242.806,5.513,-3.443,520,165,0,0,0,0
638.911,239.363,5.513,-3.443,520,165,0,0,0,0
644.424,235.92,5.513,-3.443,520,165,0,0,0,0
649.937,232.477,5.513,-3.443,520,165,0,0,0,0
655.45,229.034,5.513,-3.443,520,165,0,0,0,0
660.964,225.591,5.513,-3.443,520,165,0,0,0,0
666.477,222.148,5.513,-3.443,520,165,0,0,0,0
671.99,218.705,5.513,-3.443,520,165,0,0,0,0
677.503,215.262,5.513,-3.443,520,165,0,0,0,0
683.016,211.818,5.513,-3.443,520,165,0,0,0,0
688.53,208.375,5.513,-3.443,520,165,0,0,0,0
694.043,204.932,5.513,-3.443,520,165,0,0,0,0
699.556,201.489,5.513,-3.443,520,165,0,0,0,0
705.069,198.046,5.513,-3.443,520,165,0,0,0,0
710.582,194.603,5.513,-3.443,520,165,0,0,0,0
716.096,191.16,5.513,-3.443,520,165,0,0,0,0
721.609,187.717,5.513,-3.443,520,165,0,0,0,0
727.122,184.274,5.513,-3.443,520,165,0,0,0,0
732.635,180.831,5.513,-3.443,520,165,0,0,0,0
738.148,177.388,5.513,-3.443,520,165,0,0,0,0
743.661,173.945,5.513,-3.443,520,165,0,0,0,0
749.175,170.502,5.513,-3.443,520,165,0,0,0,0
751.0,167.058,-3.712,-5.697,520,165,0,0,0,0
747.288,161.361,-3.712,-5.697,520,165,0,0,0,0
743.575,155.664,-3.712,-5.697,520,165,0,0,0,0
739.863,149.967,-3.712,-5.697,520,165,0,0,0,0
736.151,144.269,-3.712,-5.697,520,165,0,0,0,0
732.439,138.572,-3.712,-5.697,520,165,0,0,0,0
728.726,132.875,-3.712,-5.697,520,165,0,0,0,0
725.014,127.177,-3.712,-5.697,515,165,-1,0,0,0
721.302,121.48,-3.712,-5.697,510,165,-1,0,0,0
717.59,115.783,-3.712,-5.697,505,165,-1,0,0,0
713.877,110.086,-3.712,-5.697,500,165,-1,0,0,0
710.165,104.388,-3.712,-5.697,495,165,-1,0,0,0
706.453,98.691,-3.712,-5.697,490,165,-1,0,0,0
702.741,92.994,-3.712,-5.697,485,165,-1,0,0,0
699.028,87.296,-3.712,-5.697,480,165,-1,0,0,0
695.316,81.599,-3.712,-5.697,475,165,-1,0,0,0
691.604,75.902,-3.712,-5.697,470,165,-1,0,0,0
687.891,70.205,-3.712,-5.697,465,165,-1,0,0,0
684.179,64.507,-3.712,-5.697,460,165,-1,0,0,0
680.467,58.81,-3.712,-5.697,455,165,-1,0,0,0
676.755,53.113,-3.712,-5.697,450,165,-1,0,0,0
673.042,47.415,-3.712,-5.697,445,165,-1,0,0,0
669.33,41.718,-3.712,-5.697,440,165,-1,0,0,0
665.618,36.021,-3.712,-5.697,435,165,-1,0,0,0
661.906,30.324,-3.712,-5.697,430,165,-1,0,0,0
658.193,24.626,-3.712,-5.697,425,165,-1,0,0,0
654.481,18.929,-3.712,-5.697,420,165,-1,0,0,0
650.769,13.232,-3.712,-5.697,415,165,-1,0,0,0
647.057,7.534,-3.712,-5.697,410,165,-1,0,0,0
643.344,6.0,-3.712,5.697,405,165,-1,0,0,0
639.632,11.697,-3.712,5.697,400,165,-1,0,0,0
635.92,17.395,-3.712,5.697,395,165,-1,0,0,0
632.208,23.092,-3.712,5.697,390,165,-1,0,0,0
628.495,28.789,-3.712,5.697,385,165,-1,0,0,0
624.783,34.486,-3.712,5.697,380,165,-1,0,0,0
621.071,40.184,-3.712,5.697,375,165,-1,0,0,0
617.358,45.881,-3.712,5.697,370,165,-1,0,0,0
613.646,51.578,-3.712,5.697,365,165,-1,0,0,0
609.934,57.276,-3.712,5.697,360,165,-1,0,0,0
606.222,62.973,-3.712,5.697,355,165,-1,0,0,0
602.509,68.67,-3.712,5.697,350,165,-1,0,0,0
598.797,74.367,-3.712,5.697,345,165,-1,0,0,0
595.085,80.065,-3.712,5.697,340,165,-1,0,0,0
591.373,85.762,-3.712,5.697,335,165,-1,0,0,0
587.66,91.459,-3.712,5.697,330,165,-1,0,0,0
583.948,97.157,-3.712,5.697,325,165,-1,0,0,0
580.236,102.854,-3.712,5.697,320,165,-1,0,0,0
576.524,108.551,-3.712,5.697,315,165,-1,0,0,0
572.811,114.248,-3.712,5.697,310,165,-1,0,0,0
569.099,119.946,-3.712,5.697,305,165,-1,0,0,0
565.387,125.643,-3.712,5.697,305,165,0,0,0,0
561.674,131.34,-3.712,5.697,305,165,0,0,0,0
557.962,137.038,-3.712,5.697,310,165,1,0,0,0
554.25,142.735,-3.712,5.697,315,165,1,0,0,0
550.538,148.432,-3.712,5.697,320,165,1,0,0,0
546.825,154.129,-3.712,5.697,325,165,1,0,0,0
543.113,159.827,-3.712,5.697,330,165,1,0,0,0
539.401,165.524,-3.712,5.697,335,165,1,0,0,0
535.689,171.221,-3.712,5.697,340,165,1,0,0,0
531.976,176.919,-3.712,5.697,345,165,1,0,0,0
528.264,182.616,-3.712,5.697,350,165,1,0,0,0
524.552,188.313,-3.712,5.697,355,165,1,0,0,0
520.84,194.011,-3.712,5.697,360,165,1,0,0,0
517.127,199.708,-3.712,5.697,365,165,1,0,0,0
513.415,205.405,-3.712,5.697,370,165,1,0,0,0
509.703,211.102,-3.712,5.697,375,165,1,0,0,0
505.991,216.8,-3.712,5.697,380,165,1,0,0,0
502.278,222.497,-3.712,5.697,385,165,1,0,0,0
498.566,228.194,-3.712,5.697,390,165,1,0,0,0
494.854,233.892,-3.712,5.697,395,165,1,0,0,0
491.141,239.589,-3.712,5.697,400,165,1,0,0,0
487.429,245.286,-3.712,5.697,405,165,1,0,0,0
483.717,250.983,-3.712,5.697,410,165,1,0,0,0
480.005,256.681,-3.712,5.697,415,165,1,0,0,0
476.292,262.378,-3.712,5.697,420,165,1,0,0,0
472.58,268.075,-3.712,5.697,425,165,1,0,0,0
468.868,273.773,-3.712,5.697,430,165,1,0,0,0
465.156,279.47,-3.712,5.697,435,165,1,0,0,0
461.443,285.167,-3.712,5.697,440,165,1,0,0,0
457.731,290.864,-3.712,5.697,445,165,1,0,0,0
454.019,296.562,-3.712,5.697,450,165,1,0,0,0
450.307,302.259,-3.712,5.697,455,165,1,0,0,0
446.594,307.956,-3.712,5.697,460,165,1,0,0,0
442.882,313.654,-3.712,5.697,465,165,1,0,0,0
439.17,319.351,-3.712,5.697,470,165,1,0,0,0
435.457,325.048,-3.712,5.697,475,165,1,0,0,0
431.745,330.745,-3.712,5.697,480,165,1,0,0,0
428.033,336.443,-3.712,5.697,485,165,1,0,0,0
424.321,342.14,-3.712,5.697,490,165,1,0,0,0
420.608,347.837,-3.712,5.697,495,165,1,0,0,0
416.896,353.535,-3.712,5.697,500,165,1,0,0,0
413.184,359.232,-3.712,5.697,505,165,1,0,0,0
409.472,364.929,-3.712,5.697,510,165,1,0,0,0
405.759,370.626,-3.712,5.697,515,165,1,0,0,0
402.047,376.324,-3.712,5.697,520,165,1,0,0,0
398.335,382.021,-3.712,5.697,520,165,1,0,0,0
394.623,387.718,-3.712,5.697,520,165,1,0,0,0
390.91,393.416,-3.712,5.697,520,165,0,0,0,0
387.198,399.113,-3.712,5.697,520,165,0,0,0,0
383.486,404.81,-3.712,5.697,520,165,0,0,0,0
379.774,410.507,-3.712,5.697,520,165,0,0,0,0
376.061,416.205,-3.712,5.697,520,165,0,0,0,0
372.349,421.902,-3.712,5.697,520,165,0,0,0,0
368.637,427.599,-3.712,5.697,520,165,0,0,0,0
364.924,433.297,-3.712,5.697,520,165,0,0,0,0
361.212,438.994,-3.712,5.697,520,165,0,0,0,0
357.5,444.691,-3.712,5.697,515,165,-1,0,0,0
353.788,450.388,-3.712,5.697,510,165,-1,0,0,0
350.075,456.086,-3.712,5.697,505,165,-1,0,0,0
346.363,461.783,-3.712,5.697,500,165,-1,0,0,0
342.651,467.48,-3.712,5.697,495,165,-1,0,0,0
338.939,473.178,-3.712,5.697,490,165,-1,0,0,0
335.226,478.875,-3.712,5.697,485,165,-1,0,0,0
331.514,484.572,-3.712,5.697,480,165,-1,0,0,0
327.802,490.269,-3.712,5.697,475,165,-1,0,0,0
324.09,495.967,-3.712,5.697,470,165,-1,0,0,0
320.377,501.664,-3.712,5.697,465,165,-1,0,0,0
316.665,507.361,-3.712,5.697,460,165,-1,0,0,0
312.953,513.059,-3.712,5.697,455,165,-1,0,0,0
309.24,518.756,-3.712,5.697,450,165,-1,0,0,0
305.528,524.453,-3.712,5.697,445,165,-1,0,0,0
301.816,530.15,-3.712,5.697,440,165,-1,0,0,0
298.104,535.848,-3.712,5.697,435,165,-1,0,0,0
294.391,541.545,-3.712,5.697,430,165,-1,0,0,0
290.679,547.242,-3.712,5.697,425,165,-1,0,0,0
286.967,552.94,-3.712,5.697,420,165,-1,0,0,0
283.255,558.637,-3.712,5.697,415,165,-1,0,0,0
279.542,564.334,-3.712,5.697,410,165,-1,0,0,0
275.83,570.032,-3.712,5.697,405,165,-1,0,0,0
272.118,575.729,-3.712,5.697,400,165,-1,0,0,0
268.406,581.426,-3.712,5.697,395,165,-1,0,0,0
264.693,587.123,-3.712,5.697,390,165,-1,0,0,0
260.981,592.821,-3.712,5.697,385,165,-1,0,0,0
257.269,594.0,-3.712,-5.697,380,165,-1,0,0,0
253.557,588.303,-3.712,-5.697,375,165,-1,0,0,0
249.844,582.605,-3.712,-5.697,370,165,-1,0,0,0
246.132,576.908,-3.712,-5.697,365,165,-1,0,0,0
242.42,571.211,-3.712,-5.697,360,165,-1,0,0,0
238.707,565.514,-3.712,-5.697,355,165,-1,0,0,0
234.995,559.816,-3.712,-5.697,350,165,-1,0,0,0
231.283,554.119,-3.712,-5.697,345,165,-1,0,0,0
227.571,548.422,-3.712,-5.697,340,165,-1,0,0,0
223.858,542.724,-3.712,-5.697,335,165,-1,0,0,0
220.146,537.027,-3.712,-5.697,330,165,-1,0,0,0
216.434,531.33,-3.712,-5.697,325,165,-1,0,0,0
212.722,525.633,-3.712,-5.697,320,165,-1,0,0,0
209.009,519.935,-3.712,-5.697,315,165,-1,0,0,0
205.297,514.238,-3.712,-5.697,310,165,-1,0,0,0
201.585,508.541,-3.712,-5.697,310,165,0,0,0,0
197.873,502.843,-3.712,-5.697,310,165,0,0,0,0
194.16,497.146,-3.712,-5.697,310,165,0,0,0,0
190.448,491.449,-3.712,-5.697,310,165,0,0,0,0
186.736,485.752,-3.712,-5.697,310,165,0,0,0,0
183.023,480.054,-3.712,-5.697,310,165,0,0,0,0
179.311,474.357,-3.712,-5.697,310,165,0,0,0,0
175.599,468.66,-3.712,-5.697,310,165,0,0,0,0
171.887,462.962,-3.712,-5.697,310,165,0,0,0,0
168.174,457.265,-3.712,-5.697,310,165,0,0,0,0
164.462,451.568,-3.712,-5.697,310,165,0,0,0,0
160.75,445.871,-3.712,-5.697,310,165,0,0,0,0
157.038,440.173,-3.712,-5.697,310,165,0,0,0,0
153.325,434.476,-3.712,-5.697,310,165,0,0,0,0
149.613,428.779,-3.712,-5.697,310,165,0,0,0,0
145.901,423.081,-3.712,-5.697,310,165,0,0,0,0
142.189,417.384,-3.712,-5.697,305,165,-1,0,0,0
138.476,411.687,-3.712,-5.697,300,165,-1,0,0,0
134.764,405.989,-3.712,-5.697,295,165,-1,0,0,0
131.052,400.292,-3.712,-5.697,290,165,-1,0,0,0
127.34,394.595,-3.712,-5.697,285,165,-1,0,0,0
123.627,388.898,-3.712,-5.697,280,165,-1,0,0,0
119.915,383.2,-3.712,-5.697,275,165,-1,0,0,0
116.203,377.503,-3.712,-5.697,270,165,-1,0,0,0
112.49,371.806,-3.712,-5.697,270,165,0,0,0,0
108.778,366.108,-3.712,-5.697,270,165,0,0,0,0
105.066,360.411,-3.712,-5.697,270,165,0,0,0,0
101.354,354.714,-3.712,-5.697,270,165,0,0,0,0
97.641,349.017,-3.712,-5.697,270,165,0,0,0,0
93.929,343.319,-3.712,-5.697,270,165,0,0,0,0
90.217,337.622,-3.712,-5.697,270,165,0,0,0,0
86.505,331.925,-3.712,-5.697,270,165,0,0,0,0
82.792,326.227,-3.712,-5.697,265,160,-1,-1,0,0
79.08,320.53,-3.712,-5.697,260,155,-1,-1,0,0
75.368,314.833,-3.712,-5.697,255,150,-1,-1,0,0
71.656,309.136,-3.712,-5.697,250,145,-1,-1,0,0
67.943,303.438,-3.712,-5.697,245,140,-1,-1,0,0
64.231,297.741,-3.712,-5.697,240,135,-1,-1,0,0
60.519,292.044,-3.712,-5.697,235,130,-1,-1,0,0
56.806,286.346,-3.712,-5.697,230,125,-1,-1,0,0
53.094,280.649,-3.712,-5.697,225,125,-1,0,0,0
49.382,274.952,-3.712,-5.697,220,125,-1,0,0,0
49.0,269.255,6.611,2.589,215,125,-1,0,0,0
55.611,271.843,6.611,2.589,210,125,-1,0,0,0
62.223,274.432,6.611,2.589,205,125,-1,0,0,0
68.834,277.02,6.611,2.589,200,125,-1,0,0,0
75.445,279.609,6.611,2.589,195,125,-1,0,0,0
82.057,282.197,6.611,2.589,190,125,-1,0,0,0
88.668,284.786,6.611,2.589,185,125,-1,0,0,0
95.279,287.374,6.611,2.589,180,125,-1,0,0,0
101.891,289.963,6.611,2.589,180,125,0,0,0,0
108.502,292.551,6.611,2.589,180,125,0,0,0,0
115.113,295.14,6.611,2.589,180,125,0,0,0,0
121.724,297.728,6.611,2.589,180,125,0,0,0,0
128.336,300.317,6.611,2.589,180,125,0,0,0,0
134.947,302.906,6.611,2.589,180,125,0,0,0,0
141.558,305.494,6.611,2.589,180,125,0,0,0,0
148.17,308.083,6.611,2.589,180,125,0,0,0,0
154.781,310.671,6.611,2.589,180,125,0,0,0,0
161.392,313.26,6.611,2.589,180,125,0,0,0,0
168.004,315.848,6.611,2.589,180,125,0,0,0,0
174.615,318.437,6.611,2.589,180,125,0,0,0,0
181.226,321.025,6.611,2.589,180,125,0,0,0,0
187.838,323.614,6.611,2.589,180,125,0,0,0,0
194.449,326.202,6.611,2.589,180,130,0,1,0,0
201.06,328.791,6.611,2.589,185,135,1,1,0,0
207.672,331.379,6.611,2.589,190,140,1,1,0,0
214.283,333.968,6.611,2.589,195,145,1,1,0,0
220.894,336.556,6.611,2.589,200,150,1,1,0,0
227.506,339.145,6.611,2.589,205,155,1,1,0,0
234.117,341.734,6.611,2.589,210,160,1,1,0,0
240.728,344.322,6.611,2.589,215,165,1,1,0,0
247.339,346.911,6.611,2.589,220,170,1,1,0,0
253.951,349.499,6.611,2.589,225,175,1,1,0,0
260.562,352.088,6.611,2.589,230,180,1,1,0,0
267.173,354.676,6.611,2.589,235,185,1,1,0,0
273.785,357.265,6.611,2.589,240,190,1,1,0,0
280.396,359.853,6.611,2.589,245,195,1,1,0,0
287.007,362.442,6.611,2.589,250,200,1,1,0,0
293.619,365.03,6.611,2.589,255,205,1,1,0,0
300.23,367.619,6.611,2.589,260,210,1,1,0,0
306.841,370.207,6.611,2.589,265,215,1,1,0,0
313.453,372.796,6.611,2.589,270,220,1,1,0,0
320.064,375.384,6.611,2.589,275,225,1,1,0,0
326.675,377.973,6.611,2.589,280,230,1,1,0,0
333.287,380.562,6.611,2.589,285,235,1,1,0,0
339.898,383.15,6.611,2.589,290,240,1,1,0,0
346.509,385.739,6.611,2.589,295,245,1,1,0,0
353.121,388.327,6.611,2.589,300,250,1,1,0,0
359.732,390.916,6.611,2.589,305,255,1,1,0,0
366.343,393.504,6.611,2.589,310,260,1,1,0,0
372.954,396.093,6.611,2.589,315,265,1,1,0,0
379.566,398.681,6.611,2.589,320,270,1,1,0,0
386.177,401.27,6.611,2.589,325,275,1,1,0,0
392.788,403.858,6.611,2.589,330,280,1,1,0,0
399.4,406.447,6.611,2.589,335,285,1,1,0,0
406.011,409.035,6.611,2.589,340,290,1,1,0,0
412.622,411.624,6.611,2.589,345,295,1,1,0,0
419.234,414.212,6.611,2.589,350,300,1,1,0,0
425.845,416.801,6.611,2.589,355,305,1,1,0,0
432.456,419.39,6.611,2.589,360,310,1,1,0,0
439.068,421.978,6.611,2.589,365,315,1,1,0,0
445.679,424.567,6.611,2.589,370,320,1,1,0,0
452.29,427.155,6.611,2.589,375,325,1,1,0,0
458.902,429.744,6.611,2.589,380,330,1,1,0,0
465.513,432.332,6.611,2.589,385,335,1,1,0,0
472.124,434.921,6.611,2.589,390,340,1,1,0,0
478.736,437.509,6.611,2.589,395,345,1,1,0,0
485.347,440.098,6.611,2.589,400,350,1,1,0,0
491.958,442.686,6.611,2.589,405,355,1,1,0,0
498.569,445.275,6.611,2.589,410,360,1,1,0,0
505.181,447.863,6.611,2.589,415,365,1,1,0,0
511.792,450.452,6.611,2.589,420,370,1,1,0,0
518.403,453.04,6.611,2.589,425,375,1,1,0,0
525.015,455.629,6.611,2.589,430,380,1,1,0,0
531.626,458.218,6.611,2.589,435,385,1,1,0,0
538.237,460.806,6.611,2.589,440,390,1,1,0,0
544.849,463.395,6.611,2.589,445,395,1,1,0,0
551.46,465.983,6.611,2.589,450,400,1,1,0,0
558.071,468.572,6.611,2.589,455,405,1,1,0,0
564.683,471.16,6.611,2.589,460,410,1,1,0,0
571.294,473.749,6.611,2.589,465,415,1,1,0,0
577.905,476.337,6.611,2.589,470,420,1,1,0,0
584.517,478.926,6.611,2.589,475,425,1,1,0,0
591.128,481.514,6.611,2.589,480,430,1,1,0,0
597.739,484.103,6.611,2.589,485,435,1,1,0,0
604.35,486.691,6.611,2.589,490,440,1,1,0,0
610.962,489.28,6.611,2.589,495,440,1,0,0,0
617.573,491.868,6.611,2.589,500,440,1,0,0,0
624.184,494.457,6.611,2.589,505,440,1,0,0,0
630.796,497.046,6.611,2.589,510,440,1,0,0,0
637.407,499.634,6.611,2.589,515,440,1,0,0,0
644.018,502.223,6.611,2.589,520,440,1,0,0,0
650.63,504.811,6.611,2.589,520,440,0,0,0,0
657.241,507.4,6.611,2.589,520,440,0,0,0,0
663.852,509.988,6.611,2.589,520,440,0,0,0,0
670.464,512.577,6.611,2.589,520,440,0,0,0,0
677.075,515.165,6.611,2.589,520,440,0,0,0,0
683.686,517.754,6.611,2.589,520,440,0,0,0,0
690.298,520.342,6.611,2.589,520,440,0,0,0,0
696.909,522.931,6.611,2.589,520,440,0,0,0,0
703.52,525.519,6.611,2.589,520,440,0,0,0,0
710.132,528.108,6.611,2.589,520,440,0,0,0,0
716.743,530.697,6.611,2.589,520,445,0,1,0,0
723.354,533.285,6.611,2.589,520,450,0,1,0,0
729.965,535.874,6.611,2.589,520,455,0,1,0,0
736.577,538.462,6.611,2.589,520,460,0,1,0,0
743.188,541.051,6.611,2.589,520,465,0,1,0,0
749.799,543.639,6.611,2.589,520,470,0,1,0,0
751.0,546.228,-5.062,5.398,520,475,0,1,0,0
745.938,551.626,-5.062,5.398,520,480,0,1,0,0
740.877,557.024,-5.062,5.398,520,485,0,1,0,0
735.815,562.422,-5.062,5.398,520,490,0,1,0,0
730.753,567.82,-5.062,5.398,520,495,0,1,0,0
725.691,573.218,-5.062,5.398,520,500,0,1,0,0
720.63,578.616,-5.062,5.398,520,505,0,1,0,0
715.568,584.014,-5.062,5.398,520,510,0,1,0,0
710.506,589.412,-5.062,5.398,520,515,0,1,0,0
705.444,594.0,-5.062,-5.398,520,520,0,1,0,0
700.383,588.602,-5.062,-5.398,520,520,0,1,0,0
695.321,583.204,-5.062,-5.398,520,520,0,1,0,0
690.259,577.806,-5.062,-5.398,520,520,0,1,0,0
685.197,572.408,-5.062,-5.398,520,520,0,1,0,0
680.136,567.01,-5.062,-5.398,520,520,0,1,0,0
675.074,561.612,-5.062,-5.398,520,520,0,1,0,0
670.012,556.214,-5.062,-5.398,520,520,0,1,0,0
664.951,550.816,-5.062,-5.398,520,520,0,1,0,0
659.889,545.418,-5.062,-5.398,520,520,0,1,0,0
654.827,540.02,-5.062,-5.398,520,520,0,1,0,0
649.765,534.622,-5.062,-5.398,520,520,0,1,0,0
644.704,529.224,-5.062,-5.398,520,520,0,1,0,0
639.642,523.825,-5.062,-5.398,520,520,0,0,0,0
634.58,518.427,-5.062,-5.398,520,520,0,0,0,0
629.518,513.029,-5.062,-5.398,520,520,0,0,0,0
624.457,507.631,-5.062,-5.398,520,520,0,0,0,0
619.395,502.233,-5.062,-5.398,515,520,-1,0,0,0
614.333,496.835,-5.062,-5.398,510,520,-1,0,0,0
609.271,491.437,-5.062,-5.398,505,520,-1,0,0,0
604.21,486.039,-5.062,-5.398,500,520,-1,0,0,0
599.148,480.641,-5.062,-5.398,495,520,-1,0,0,0
594.086,475.243,-5.062,-5.398,490,520,-1,0,0,0
589.025,469.845,-5.062,-5.398,485,520,-1,0,0,0
583.963,464.447,-5.062,-5.398,480,520,-1,0,0,0
578.901,459.049,-5.062,-5.398,475,520,-1,0,0,0
573.839,453.651,-5.062,-5.398,470,520,-1,0,0,0
568.778,448.253,-5.062,-5.398,465,520,-1,0,0,0
563.716,442.855,-5.062,-5.398,460,520,-1,0,0,0
558.654,437.457,-5.062,-5.398,455,520,-1,0,0,0
553.592,432.059,-5.062,-5.398,450,520,-1,0,0,0
548.531,426.661,-5.062,-5.398,445,520,-1,1,0,0
543.469,421.263,-5.062,-5.398,440,520,-1,1,0,0
538.407,415.865,-5.062,-5.398,435,520,-1,1,0,0
533.345,410.467,-5.062,-5.398,430,520,-1,1,0,0
528.284,405.069,-5.062,-5.398,425,520,-1,1,0,0
523.222,399.671,-5.062,-5.398,420,520,-1,1,0,0
518.16,394.272,-5.062,-5.398,415,520,-1,1,0,0
513.099,388.874,-5.062,-5.398,410,520,-1,1,0,0
508.037,383.476,-5.062,-5.398,405,520,-1,0,0,0
502.975,378.078,-5.062,-5.398,400,520,-1,0,0,0
497.913,372.68,-5.062,-5.398,395,520,-1,0,0,0
492.852,367.282,-5.062,-5.398,390,520,-1,0,0,0
487.79,361.884,-5.062,-5.398,385,520,-1,0,0,0
482.728,356.486,-5.062,-5.398,380,520,-1,0,0,0
477.666,351.088,-5.062,-5.398,375,520,-1,0,0,0
472.605,345.69,-5.062,-5.398,370,520,-1,0,0,0
467.543,340.292,-5.062,-5.398,365,520,-1,0,0,0
462.481,334.894,-5.062,-5.398,360,515,-1,-1,0,0
457.419,329.496,-5.062,-5.398,355,510,-1,-1,0,0
452.358,324.098,-5.062,-5.398,350,505,-1,-1,0,0
447.296,318.7,-5.062,-5.398,345,500,-1,-1,0,0
442.234,313.302,-5.062,-5.398,340,495,-1,-1,0,0
437.172,307.904,-5.062,-5.398,335,490,-1,-1,0,0
432.111,302.506,-5.062,-5.398,330,485,-1,-1,0,0
427.049,297.108,-5.062,-5.398,325,480,-1,-1,0,0
421.987,291.71,-5.062,-5.398,320,475,-1,-1,0,0
416.926,286.312,-5.062,-5.398,315,470,-1,-1,0,0
411.864,280.914,-5.062,-5.398,310,465,-1,-1,0,0
406.802,275.516,-5.062,-5.398,305,460,-1,-1,0,0
401.74,270.118,-5.062,-5.398,300,455,-1,-1,0,0
396.679,264.719,-5.062,-5.398,295,450,-1,-1,0,0
391.617,259.321,-5.062,-5.398,290,445,-1,-1,0,0
386.555,253.923,-5.062,-5.398,285,440,-1,-1,0,0
381.493,248.525,-5.062,-5.398,280,435,-1,-1,0,0
376.432,243.127,-5.062,-5.398,275,430,-1,-1,0,0
371.37,237.729,-5.062,-5.398,270,425,-1,-1,0,0
366.308,232.331,-5.062,-5.398,265,420,-1,-1,0,0
361.246,226.933,-5.062,-5.398,260,415,-1,-1,0,0
356.185,221.535,-5.062,-5.398,255,410,-1,-1,0,0
351.123,216.137,-5.062,-5.398,250,405,-1,-1,0,0
346.061,210.739,-5.062,-5.398,245,400,-1,-1,0,0
341.0,205.341,-5.062,-5.398,240,395,-1,-1,0,0
335.938,199.943,-5.062,-5.398,235,390,-1,-1,0,0
330.876,194.545,-5.062,-5.398,230,385,-1,-1,0,0
325.814,189.147,-5.062,-5.398,225,380,-1,-1,0,0
320.753,183.749,-5.062,-5.398,220,375,-1,-1,0,0
315.691,178.351,-5.062,-5.398,215,370,-1,-1,0,0
310.629,172.953,-5.062,-5.398,210,365,-1,-1,0,0
305.567,167.555,-5.062,-5.398,205,360,-1,-1,0,0
300.506,162.157,-5.062,-5.398,200,360,-1,0,0,0
295.444,156.759,-5.062,-5.398,195,360,-1,0,0,0
290.382,151.361,-5.062,-5.398,190,360,-1,0,0,0
285.32,145.963,-5.062,-5.398,185,360,-1,0,0,0
280.259,140.565,-5.062,-5.398,180,355,-1,-1,0,0
275.197,135.166,-5.062,-5.398,175,350,-1,-1,0,0
270.135,129.768,-5.062,-5.398,170,345,-1,-1,0,0
265.074,124.37,-5.062,-5.398,165,340,-1,-1,0,0
260.012,118.972,-5.062,-5.398,160,335,-1,-1,0,0
254.95,113.574,-5.062,-5.398,155,330,-1,-1,0,0
249.888,108.176,-5.062,-5.398,150,325,-1,-1,0,0
244.827,102.778,-5.062,-5.398,145,320,-1,-1,0,0
239.765,97.38,-5.062,-5.398,140,315,-1,-1,0,0
234.703,91.982,-5.062,-5.398,135,310,-1,-1,0,0
229.641,86.584,-5.062,-5.398,130,305,-1,-1,0,0
224.58,81.186,-5.062,-5.398,125,300,-1,-1,0,0
219.518,75.788,-5.062,-5.398,120,295,-1,-1,0,0
214.456,70.39,-5.062,-5.398,115,295,-1,0,0,0
209.394,64.992,-5.062,-5.398,110,295,-1,0,0,0
204.333,59.594,-5.062,-5.398,105,295,-1,0,0,0
199.271,54.196,-5.062,-5.398,100,295,-1,0,0,0
194.209,48.798,-5.062,-5.398,95,295,-1,0,0,0
189.148,43.4,-5.062,-5.398,90,295,-1,0,0,0
184.086,38.002,-5.062,-5.398,85,295,-1,0,0,0
179.024,32.604,-5.062,-5.398,80,295,-1,0,0,0
173.962,27.206,-5.062,-5.398,75,295,-1,0,0,0
168.901,21.808,-5.062,-5.398,70,295,-1,0,0,0
163.839,16.41,-5.062,-5.398,65,295,-1,0,0,0
158.777,11.012,-5.062,-5.398,60,295,-1,0,0,0
153.715,6.0,-5.062,5.398,55,295,-1,0,0,0
148.654,11.398,-5.062,5.398,50,295,-1,0,0,0
143.592,16.796,-5.062,5.398,45,295,-1,0,0,0
138.53,22.194,-5.062,5.398,50,295,1,0,0,0
133.468,27.592,-5.062,5.398,55,295,1,0,0,0
128.407,32.99,-5.062,5.398,60,295,1,0,0,0
123.345,38.388,-5.062,5.398,65,295,1,0,0,0
118.283,43.786,-5.062,5.398,70,295,1,0,0,0
113.222,49.184,-5.062,5.398,75,295,1,0,0,0
108.16,54.582,-5.062,5.398,80,295,1,0,0,0
103.098,59.98,-5.062,5.398,80,295,0,0,0,0
98.036,65.378,-5.062,5.398,80,290,0,-1,0,0
92.975,70.776,-5.062,5.398,80,285,0,-1,0,0
87.913,76.175,-5.062,5.398,80,280,0,-1,0,0
82.851,81.573,-5.062,5.398,80,275,0,-1,0,0
77.789,86.971,-5.062,5.398,80,270,0,-1,0,0
72.728,92.369,-5.062,5.398,80,265,0,-1,0,0
67.666,97.767,-5.062,5.398,80,260,0,-1,0,0
62.604,103.165,-5.062,5.398,80,255,0,-1,0,0
57.542,108.563,-5.062,5.398,80,250,0,-1,0,0
52.481,113.961,-5.062,5.398,80,245,0,-1,0,0
49.0,119.359,7.699,-0.129,80,240,0,-1,0,0
56.699,119.23,7.699,-0.129,80,235,0,-1,0,0
64.398,119.1,7.699,-0.129,80,230,0,-1,0,0
72.097,118.971,7.699,-0.129,80,225,0,-1,0,0
79.796,118.842,7.699,-0.129,80,220,0,-1,0,0
87.495,118.713,7.699,-0.129,80,220,0,0,0,0
95.193,118.583,7.699,-0.129,80,220,0,0,0,0
102.892,118.454,7.699,-0.129,80,220,0,0,0,0
110.591,118.325,7.699,-0.129,80,220,0,0,0,0
118.29,118.196,7.699,-0.129,80,220,0,0,0,0
125.989,118.066,7.699,-0.129,85,220,1,0,0,0
133.688,117.937,7.699,-0.129,90,220,1,0,0,0
141.387,117.808,7.699,-0.129,95,220,1,0,0,0
149.086,117.679,7.699,-0.129,100,220,1,0,0,0
156.785,117.55,7.699,-0.129,105,220,1,0,0,0
164.484,117.42,7.699,-0.129,110,220,1,0,0,0
172.183,117.291,7.699,-0.129,115,220,1,0,0,0
179.882,117.162,7.699,-0.129,120,220,1,0,0,0
187.58,117.033,7.699,-0.129,125,220,1,0,0,0
195.279,116.903,7.699,-0.129,130,220,1,0,0,0
202.978,116.774,7.699,-0.129,135,220,1,0,0,0
210.677,116.645,7.699,-0.129,140,220,1,0,0,0
218.376,116.516,7.699,-0.129,145,220,1,0,0,0
226.075,116.386,7.699,-0.129,150,220,1,0,0,0
233.774,116.257,7.699,-0.129,155,225,1,1,0,0
241.473,116.128,7.699,-0.129,160,230,1,1,0,0
249.172,115.999,7.699,-0.129,160,235,0,1,0,0
256.871,115.869,7.699,-0.129,160,240,0,1,0,0
264.57,115.74,7.699,-0.129,160,245,0,1,0,0
272.269,115.611,7.699,-0.129,160,250,0,1,0,0
279.967,115.482,7.699,-0.129,160,255,0,1,0,0
287.666,115.353,7.699,-0.129,160,255,0,0,0,0
295.365,115.223,7.699,-0.129,160,255,0,0,0,0
303.064,115.094,7.699,-0.129,160,255,0,0,0,0
310.763,114.965,7.699,-0.129,160,255,0,0,0,0
318.462,114.836,7.699,-0.129,160,255,0,0,0,0
326.161,114.706,7.699,-0.129,155,250,-1,-1,0,0
333.86,114.577,7.699,-0.129,150,245,-1,-1,0,0
341.559,114.448,7.699,-0.129,145,240,-1,-1,0,0
349.258,114.319,7.699,-0.129,140,235,-1,-1,0,0
356.957,114.189,7.699,-0.129,135,230,-1,-1,0,0
364.656,114.06,7.699,-0.129,130,225,-1,-1,0,0
372.354,113.931,7.699,-0.129,125,220,-1,-1,0,0
380.053,113.802,7.699,-0.129,120,215,-1,-1,0,0
387.752,113.672,7.699,-0.129,115,210,-1,-1,0,0
395.451,113.543,7.699,-0.129,110,205,-1,-1,0,0
403.15,113.414,7.699,-0.129,105,200,-1,-1,0,0
410.849,113.285,7.699,-0.129,100,195,-1,-1,0,0
418.548,113.155,7.699,-0.129,95,190,-1,-1,0,0
426.247,113.026,7.699,-0.129,90,185,-1,-1,0,0
433.946,112.897,7.699,-0.129,85,180,-1,-1,0,0
441.645,112.768,7.699,-0.129,80,175,-1,-1,0,0
449.344,112.639,7.699,-0.129,75,170,-1,-1,0,0
457.043,112.509,7.699,-0.129,70,165,-1,-1,0,0
464.741,112.38,7.699,-0.129,65,160,-1,-1,0,0
472.44,112.251,7.699,-0.129,60,155,-1,-1,0,0
480.139,112.122,7.699,-0.129,55,150,-1,-1,0,0
487.838,111.992,7.699,-0.129,50,145,-1,-1,0,0
495.537,111.863,7.699,-0.129,50,140,0,-1,0,0
503.236,111.734,7.699,-0.129,50,135,0,-1,0,0
510.935,111.605,7.699,-0.129,50,130,0,-1,0,0
518.634,111.475,7.699,-0.129,50,125,0,-1,0,0
526.333,111.346,7.699,-0.129,50,120,0,-1,0,0
534.032,111.217,7.699,-0.129,50,115,0,-1,0,0
541.731,111.088,7.699,-0.129,50,110,0,-1,0,0
549.429,110.958,7.699,-0.129,50,105,0,-1,0,0
557.128,110.829,7.699,-0.129,50,100,0,-1,0,0
564.827,110.7,7.699,-0.129,50,95,0,-1,0,0
572.526,110.571,7.699,-0.129,50,90,0,-1,0,0
580.225,110.441,7.699,-0.129,50,85,0,-1,0,0
587.924,110.312,7.699,-0.129,50,80,0,-1,0,0
595.623,110.183,7.699,-0.129,50,75,0,-1,0,0
603.322,110.054,7.699,-0.129,50,70,0,-1,0,0
611.021,109.925,7.699,-0.129,50,65,0,-1,0,0
618.72,109.795,7.699,-0.129,50,60,0,-1,0,0
626.419,109.666,7.699,-0.129,50,55,0,-1,0,0
634.118,109.537,7.699,-0.129,50,55,0,0,0,0
641.816,109.408,7.699,-0.129,50,55,0,0,0,0
649.515,109.278,7.699,-0.129,50,55,0,0,0,0
657.214,109.149,7.699,-0.129,50,55,0,0,0,0
664.913,109.02,7.699,-0.129,50,55,0,0,0,0
672.612,108.891,7.699,-0.129,50,55,0,0,0,0
680.311,108.761,7.699,-0.129,50,55,0,0,0,0
688.01,108.632,7.699,-0.129,50,55,0,0,0,0
695.709,108.503,7.699,-0.129,50,55,0,0,0,0
703.408,108.374,7.699,-0.129,50,55,0,0,0,0
711.107,108.244,7.699,-0.129,50,55,0,0,0,0
718.806,108.115,7.699,-0.129,50,55,0,0,0,0
726.505,107.986,7.699,-0.129,50,55,0,0,0,0
734.203,107.857,7.699,-0.129,50,55,0,0,0,0
741.902,107.727,7.699,-0.129,50,55,0,0,0,0
749.601,107.598,7.699,-0.129,50,55,0,0,0,0
751.0,107.469,-7.578,2.565,50,55,0,0,0,0
743.422,110.034,-7.578,2.565,50,55,0,0,0,0
735.845,112.6,-7.578,2.565,50,55,0,0,0,0
728.267,115.165,-7.578,2.565,50,55,0,0,0,0
720.69,117.73,-7.578,2.565,50,55,0,0,0,0
713.112,120.296,-7.578,2.565,50,55,0,0,0,0
705.535,122.861,-7.578,2.565,50,55,0,0,0,0
697.957,125.427,-7.578,2.565,50,55,0,0,0,0
690.38,127.992,-7.578,2.565,50,55,0,0,0,0
682.802,130.557,-7.578,2.565,50,55,0,0,0,0
675.225,133.123,-7.578,2.565,55,55,1,0,0,0
667.647,135.688,-7.578,2.565,60,55,1,0,0,0
660.07,138.253,-7.578,2.565,65,55,1,0,0,0
652.492,140.819,-7.578,2.565,70,55,1,0,0,0
644.915,143.384,-7.578,2.565,75,55,1,0,0,0
637.337,145.95,-7.578,2.565,80,55,1,0,0,0
629.76,148.515,-7.578,2.565,85,55,1,0,0,0
622.182,151.08,-7.578,2.565,90,60,1,1,0,0
614.605,153.646,-7.578,2.565,95,65,1,1,0,0
607.027,156.211,-7.578,2.565,100,70,1,1,0,0
599.45,158.776,-7.578,2.565,105,75,1,1,0,0
591.872,161.342,-7.578,2.565,110,80,1,1,0,0
584.294,163.907,-7.578,2.565,115,85,1,1,0,0
576.717,166.473,-7.578,2.565,120,90,1,1,0,0
569.139,169.038,-7.578,2.565,125,95,1,1,0,0
561.562,171.603,-7.578,2.565,130,100,1,1,0,0
553.984,174.169,-7.578,2.565,135,105,1,1,0,0
546.407,176.734,-7.578,2.565,140,105,1,0,0,0
538.829,179.299,-7.578,2.565,145,105,1,0,0,0
531.252,181.865,-7.578,2.565,150,105,1,0,0,0
523.674,184.43,-7.578,2.565,155,105,1,0,0,0
516.097,186.995,-7.578,2.565,160,105,1,0,0,0
508.519,189.561,-7.578,2.565,165,105,1,0,0,0
500.942,192.126,-7.578,2.565,170,105,1,0,0,0
493.364,194.692,-7.578,2.565,175,105,1,0,0,0
485.787,197.257,-7.578,2.565,180,105,1,0,0,0
478.209,199.822,-7.578,2.565,185,105,1,0,0,0
470.632,202.388,-7.578,2.565,190,105,1,0,0,0
463.054,204.953,-7.578,2.565,195,105,1,0,0,0
455.477,207.518,-7.578,2.565,200,105,1,0,0,0
447.899,210.084,-7.578,2.565,205,105,1,0,0,0
440.321,212.649,-7.578,2.565,210,105,1,0,0,0
432.744,215.215,-7.578,2.565,215,105,1,0,0,0
425.166,217.78,-7.578,2.565,220,105,1,0,0,0
417.589,220.345,-7.578,2.565,225,105,1,0,0,0
410.011,222.911,-7.578,2.565,230,105,1,0,0,0
402.434,225.476,-7.578,2.565,235,105,1,0,0,0
394.856,228.041,-7.578,2.565,240,105,1,0,0,0
387.279,230.607,-7.578,2.565,245,105,1,0,0,0
379.701,233.172,-7.578,2.565,250,105,1,0,0,0
372.124,235.737,-7.578,2.565,255,105,1,0,0,0
364.546,238.303,-7.578,2.565,260,105,1,0,0,0
356.969,240.868,-7.578,2.565,265,105,1,0,0,0
349.391,243.434,-7.578,2.565,270,105,1,0,0,0
341.814,245.999,-7.578,2.565,275,105,1,0,0,0
334.236,248.564,-7.578,2.565,280,105,1,0,0,0
326.659,251.13,-7.578,2.565,285,105,1,0,0,0
319.081,253.695,-7.578,2.565,290,105,1,0,0,0
311.504,256.26,-7.578,2.565,290,105,0,0,0,0
303.926,258.826,-7.578,2.565,290,105,0,0,0,0
296.349,261.391,-7.578,2.565,290,105,0,0,0,0
288.771,263.957,-7.578,2.565,290,105,0,0,0,0
281.193,266.522,-7.578,2.565,290,105,0,0,0,0
273.616,269.087,-7.578,2.565,290,105,0,0,0,0
266.038,271.653,-7.578,2.565,290,105,0,0,0,0
258.461,274.218,-7.578,2.565,290,105,0,0,0,0
250.883,276.783,-7.578,2.565,290,105,0,0,0,0
243.306,279.349,-7.578,2.565,290,105,0,0,0,0
235.728,281.914,-7.578,2.565,290,105,0,0,0,0
228.151,284.48,-7.578,2.565,290,105,0,0,0,0
220.573,287.045,-7.578,2.565,290,105,0,0,0,0
212.996,289.61,-7.578,2.565,290,105,0,0,0,0
205.418,292.176,-7.578,2.565,290,105,0,0,0,0
197.841,294.741,-7.578,2.565,290,105,0,0,0,0
190.263,297.306,-7.578,2.565,290,105,0,0,0,0
182.686,299.872,-7.578,2.565,290,105,0,0,0,0
175.108,302.437,-7.578,2.565,290,105,0,0,0,0
167.531,305.002,-7.578,2.565,290,105,0,0,0,0
159.953,307.568,-7.578,2.565,290,105,0,0,0,0
152.376,310.133,-7.578,2.565,290,105,0,0,0,0
144.798,312.699,-7.578,2.565,290,105,0,0,0,0
137.221,315.264,-7.578,2.565,290,105,0,0,0,0
129.643,317.829,-7.578,2.565,290,105,0,0,0,0
122.065,320.395,-7.578,2.565,290,105,0,0,0,0
114.488,322.96,-7.578,2.565,290,105,0,0,0,0
106.91,325.525,-7.578,2.565,290,105,0,0,0,0
99.333,328.091,-7.578,2.565,290,105,0,0,0,0
91.755,330.656,-7.578,2.565,295,105,1,0,0,0
84.178,333.222,-7.578,2.565,300,105,1,0,0,0
76.6,335.787,-7.578,2.565,305,105,1,0,0,0
69.023,338.352,-7.578,2.565,310,105,1,0,0,0
61.445,340.918,-7.578,2.565,315,105,1,0,0,0
53.868,343.483,-7.578,2.565,320,105,1,0,0,0
49.0,346.048,7.299,-3.951,325,105,1,0,0,0
56.299,342.097,7.299,-3.951,330,105,1,0,0,0
63.598,338.146,7.299,-3.951,335,105,1,0,0,0
70.898,334.195,7.299,-3.951,340,105,1,0,0,0
78.197,330.244,7.299,-3.951,345,105,1,0,0,0
85.496,326.292,7.299,-3.951,350,105,1,0,0,0
92.795,322.341,7.299,-3.951,355,105,1,0,0,0
100.094,318.39,7.299,-3.951,360,105,1,0,0,0
107.394,314.439,7.299,-3.951,365,105,1,0,0,0
114.693,310.488,7.299,-3.951,370,105,1,0,0,0
121.992,306.537,7.299,-3.951,370,105,0,0,0,0
129.291,302.585,7.299,-3.951,370,105,0,0,0,0
136.59,298.634,7.299,-3.951,370,105,0,0,0,0
143.889,294.683,7.299,-3.951,370,105,0,0,0,0
151.189,290.732,7.299,-3.951,370,105,0,0,0,0
158.488,286.781,7.299,-3.951,370,105,0,0,0,0
165.787,282.83,7.299,-3.951,370,105,0,0,0,0
173.086,278.878,7.299,-3.951,370,105,0,0,0,0
180.385,274.927,7.299,-3.951,370,105,0,0,0,0
187.685,270.976,7.299,-3.951,370,105,0,0,0,0
194.984,267.025,7.299,-3.951,370,105,0,0,0,0
202.283,263.074,7.299,-3.951,370,105,0,0,0,0
209.582,259.122,7.299,-3.951,370,105,0,0,0,0
216.881,255.171,7.299,-3.951,370,105,0,0,0,0
224.181,251.22,7.299,-3.951,370,105,0,0,0,0
231.48,247.269,7.299,-3.951,370,105,0,0,0,0
238.779,243.318,7.299,-3.951,370,105,0,0,0,0
246.078,239.367,7.299,-3.951,370,105,0,0,0,0
253.377,235.415,7.299,-3.951,370,105,0,0,0,0
260.677,231.464,7.299,-3.951,370,105,0,0,0,0
267.976,227.513,7.299,-3.951,365,105,-1,0,0,0
275.275,223.562,7.299,-3.951,360,105,-1,0,0,0
282.574,219.611,7.299,-3.951,355,105,-1,0,0,0
289.873,215.66,7.299,-3.951,350,105,-1,0,0,0
297.173,211.708,7.299,-3.951,345,105,-1,0,0,0
304.472,207.757,7.299,-3.951,340,105,-1,0,0,0
311.771,203.806,7.299,-3.951,335,105,-1,0,0,0
319.07,199.855,7.299,-3.951,330,105,-1,0,0,0
326.369,195.904,7.299,-3.951,325,105,-1,0,0,0
333.668,191.952,7.299,-3.951,320,105,-1,0,0,0
340.968,188.001,7.299,-3.951,315,105,-1,0,0,0
348.267,184.05,7.299,-3.951,310,105,-1,0,0,0
355.566,180.099,7.299,-3.951,305,105,-1,0,0,0
362.865,176.148,7.299,-3.951,300,105,-1,0,0,0
370.164,172.197,7.299,-3.951,295,105,-1,0,0,0
377.464,168.245,7.299,-3.951,290,105,-1,0,0,0
384.763,164.294,7.299,-3.951,285,105,-1,0,0,0
392.062,160.343,7.299,-3.951,280,105,-1,0,0,0
399.361,156.392,7.299,-3.951,275,105,-1,0,0,0
406.66,152.441,7.299,-3.951,270,105,-1,0,0,0
413.96,148.49,7.299,-3.951,265,105,-1,0,0,0
421.259,144.538,7.299,-3.951,260,105,-1,0,0,0
428.558,140.587,7.299,-3.951,255,105,-1,0,0,0
435.857,136.636,7.299,-3.951,250,105,-1,0,0,0
443.156,132.685,7.299,-3.951,245,105,-1,0,0,0
450.456,128.734,7.299,-3.951,240,105,-1,0,0,0
457.755,124.783,7.299,-3.951,235,105,-1,0,0,0
465.054,120.831,7.299,-3.951,230,105,-1,0,0,0
472.353,116.88,7.299,-3.951,230,105,0,0,0,0
479.652,112.929,7.299,-3.951,230,105,0,0,0,0
486.952,108.978,7.299,-3.951,230,105,0,0,0,0
494.251,105.027,7.299,-3.951,230,105,0,0,0,0
501.55,101.075,7.299,-3.951,230,105,0,0,0,0
508.849,97.124,7.299,-3.951,230,105,0,0,0,0
516.148,93.173,7.299,-3.951,230,105,0,0,0,0
523.447,89.222,7.299,-3.951,230,105,0,0,0,0
530.747,85.271,7.299,-3.951,230,105,0,0,0,0
538.046,81.32,7.299,-3.951,230,100,0,-1,0,0
545.345,77.368,7.299,-3.951,230,95,0,-1,0,0
552.644,73.417,7.299,-3.951,230,90,0,-1,0,0
559.943,69.466,7.299,-3.951,230,85,0,-1,0,0
567.243,65.515,7.299,-3.951,230,80,0,-1,0,0
574.542,61.564,7.299,-3.951,230,75,0,-1,0,0
581.841,57.613,7.299,-3.951,230,70,0,-1,0,0
589.14,53.661,7.299,-3.951,230,65,0,-1,0,0
596.439,49.71,7.299,-3.951,230,60,0,-1,0,0
603.739,45.759,7.299,-3.951,230,55,0,-1,0,0
611.038,41.808,7.299,-3.951,230,50,0,-1,0,0
618.337,37.857,7.299,-3.951,230,45,0,-1,0,0
625.636,33.905,7.299,-3.951,230,40,0,-1,0,0
632.935,29.954,7.299,-3.951,230,35,0,-1,0,0
640.235,26.003,7.299,-3.951,230,30,0,-1,0,0
647.534,22.052,7.299,-3.951,230,25,0,-1,0,0
654.833,18.101,7.299,-3.951,230,20,0,-1,0,0
662.132,14.15,7.299,-3.951,230,15,0,-1,0,0
669.431,10.198,7.299,-3.951,230,10,0,-1,0,0
676.731,6.247,7.299,-3.951,230,5,0,-1,0,0
684.03,6.0,7.299,3.951,230,0,0,-1,0,0
691.329,9.951,7.299,3.951,230,0,0,-1,0,0
698.628,13.902,7.299,3.951,230,0,0,-1,0,0
705.927,17.854,7.299,3.951,230,0,0,-1,0,0
713.226,21.805,7.299,3.951,230,0,0,-1,0,0
720.526,25.756,7.299,3.951,230,0,0,-1,0,0
727.825,29.707,7.299,3.951,230,0,0,-1,0,0
735.124,33.658,7.299,3.951,230,0,0,-1,0,0
742.423,37.609,7.299,3.951,230,0,0,-1,0,0
749.722,41.561,7.299,3.951,230,0,0,-1,0,0
751.0,45.512,-8.511,1.237,230,0,0,-1,0,0
742.489,46.748,-8.511,1.237,230,0,0,-1,0,0
733.979,47.985,-8.511,1.237,230,0,0,-1,0,0
725.468,49.222,-8.511,1.237,230,0,0,-1,0,0
716.958,50.458,-8.511,1.237,230,0,0,-1,0,0
708.447,51.695,-8.511,1.237,235,0,1,-1,0,0
699.936,52.932,-8.511,1.237,240,0,1,-1,0,0
691.426,54.168,-8.511,1.237,245,0,1,-1,0,0
682.915,55.405,-8.511,1.237,250,0,1,0,0,0
674.404,56.642,-8.511,1.237,255,0,1,0,0,0
665.894,57.878,-8.511,1.237,260,0,1,0,0,0
657.383,59.115,-8.511,1.237,265,0,1,0,0,0
648.873,60.352,-8.511,1.237,270,0,1,0,0,0
640.362,61.588,-8.511,1.237,275,0,1,0,0,0
631.851,62.825,-8.511,1.237,280,0,1,0,0,0
623.341,64.062,-8.511,1.237,285,0,1,0,0,0
614.83,65.298,-8.511,1.237,290,5,1,1,0,0
606.319,66.535,-8.511,1.237,295,10,1,1,0,0
597.809,67.772,-8.511,1.237,300,15,1,1,0,0
589.298,69.008,-8.511,1.237,305,20,1,1,0,0
580.788,70.245,-8.511,1.237,310,25,1,1,0,0
572.277,71.482,-8.511,1.237,315,30,1,1,0,0
563.766,72.718,-8.511,1.237,320,35,1,1,0,0
555.256,73.955,-8.511,1.237,325,40,1,1,0,0
546.745,75.192,-8.511,1.237,330,40,1,0,0,0
538.234,76.428,-8.511,1.237,325,40,-1,0,0,0
529.724,77.665,-8.511,1.237,320,40,-1,0,0,0
521.213,78.902,-8.511,1.237,315,40,-1,0,0,0
512.703,80.138,-8.511,1.237,310,40,-1,0,0,0
504.192,81.375,-8.511,1.237,305,40,-1,0,0,0
495.681,82.611,-8.511,1.237,300,40,-1,0,0,0
487.171,83.848,-8.511,1.237,295,40,-1,0,0,0
478.66,85.085,-8.511,1.237,290,40,-1,0,0,0
470.149,86.321,-8.511,1.237,285,40,-1,0,0,0
461.639,87.558,-8.511,1.237,280,40,-1,0,0,0
453.128,88.795,-8.511,1.237,275,40,-1,0,0,0
444.618,90.031,-8.511,1.237,270,40,-1,0,0,0
436.107,91.268,-8.511,1.237,265,40,-1,0,0,0
427.596,92.505,-8.511,1.237,260,40,-1,0,0,0
419.086,93.741,-8.511,1.237,255,40,-1,0,0,0
410.575,94.978,-8.511,1.237,250,40,-1,0,0,0
402.065,96.215,-8.511,1.237,245,40,-1,0,0,0
393.554,97.451,-8.511,1.237,240,40,-1,0,0,0
385.043,98.688,-8.511,1.237,235,40,-1,0,0,0
376.533,99.925,-8.511,1.237,230,40,-1,0,0,0
368.022,101.161,-8.511,1.237,225,40,-1,0,0,0
359.511,102.398,-8.511,1.237,220,40,-1,0,0,0
351.001,103.635,-8.511,1.237,215,40,-1,0,0,0
342.49,104.871,-8.511,1.237,210,40,-1,0,0,0
333.98,106.108,-8.511,1.237,205,40,-1,0,0,0
325.469,107.345,-8.511,1.237,200,40,-1,0,0,0
316.958,108.581,-8.511,1.237,195,40,-1,0,0,0
308.448,109.818,-8.511,1.237,190,40,-1,0,0,0
299.937,111.055,-8.511,1.237,185,40,-1,0,0,0
291.426,112.291,-8.511,1.237,180,40,-1,0,0,0
282.916,113.528,-8.511,1.237,175,40,-1,0,0,0
274.405,114.765,-8.511,1.237,170,40,-1,0,0,0
265.895,116.001,-8.511,1.237,165,40,-1,0,0,0
257.384,117.238,-8.511,1.237,160,40,-1,0,0,0
248.873,118.475,-8.511,1.237,155,40,-1,0,0,0
240.363,119.711,-8.511,1.237,150,40,-1,0,0,0
231.852,120.948,-8.511,1.237,145,40,-1,0,0,0
223.341,122.185,-8.511,1.237,140,40,-1,0,0,0
214.831,123.421,-8.511,1.237,135,40,-1,0,0,0
206.32,124.658,-8.511,1.237,130,40,-1,0,0,0
197.81,125.895,-8.511,1.237,125,40,-1,0,0,0
189.299,127.131,-8.511,1.237,120,40,-1,0,0,0
180.788,128.368,-8.511,1.237,115,40,-1,0,0,0
172.278,129.604,-8.511,1.237,110,40,-1,0,0,0
163.767,130.841,-8.511,1.237,105,40,-1,0,0,0
155.256,132.078,-8.511,1.237,100,40,-1,0,0,0
146.746,133.314,-8.511,1.237,100,40,0,0,0,0
138.235,134.551,-8.511,1.237,100,40,0,0,0,0
129.725,135.788,-8.511,1.237,100,40,0,0,0,0
121.214,137.024,-8.511,1.237,100,40,0,0,0,0
112.703,138.261,-8.511,1.237,100,40,0,0,0,0
104.193,139.498,-8.511,1.237,100,40,0,0,0,0
95.682,140.734,-8.511,1.237,100,40,0,0,0,0
87.172,141.971,-8.511,1.237,100,40,0,0,0,0
78.661,143.208,-8.511,1.237,100,40,0,0,0,0
70.15,144.444,-8.511,1.237,100,40,0,0,0,0
61.64,145.681,-8.511,1.237,105,40,1,0,0,0
53.129,146.918,-8.511,1.237,110,40,1,0,0,0
49.0,148.154,8.757,-1.587,115,40,1,0,0,0
57.757,146.568,8.757,-1.587,120,45,1,1,0,0
66.515,144.981,8.757,-1.587,125,50,1,1,0,0
75.272,143.395,8.757,-1.587,130,55,1,1,0,0
84.03,141.808,8.757,-1.587,135,60,1,1,0,0
92.787,140.222,8.757,-1.587,140,65,1,1,0,0
101.545,138.635,8.757,-1.587,145,70,1,1,0,0
110.302,137.049,8.757,-1.587,150,70,1,0,0,0
119.06,135.462,8.757,-1.587,155,70,1,0,0,0
127.817,133.876,8.757,-1.587,160,70,1,0,0,0
136.575,132.289,8.757,-1.587,160,70,0,0,0,0
145.332,130.703,8.757,-1.587,160,70,0,0,0,0
154.089,129.116,8.757,-1.587,160,70,0,0,0,0
162.847,127.53,8.757,-1.587,160,70,0,0,0,0
171.604,125.943,8.757,-1.587,160,70,0,0,0,0
180.362,124.357,8.757,-1.587,160,70,0,0,0,0
189.119,122.77,8.757,-1.587,160,70,0,0,0,0
197.877,121.183,8.757,-1.587,160,70,0,0,0,0
206.634,119.597,8.757,-1.587,160,70,0,0,0,0
215.392,118.01,8.757,-1.587,160,70,0,0,0,0
224.149,116.424,8.757,-1.587,155,70,-1,0,0,0
232.906,114.837,8.757,-1.587,150,70,-1,0,0,0
241.664,113.251,8.757,-1.587,145,70,-1,0,0,0
250.421,111.664,8.757,-1.587,140,70,-1,0,0,0
259.179,110.078,8.757,-1.587,135,70,-1,0,0,0
267.936,108.491,8.757,-1.587,130,70,-1,0,0,0
276.694,106.905,8.757,-1.587,125,70,-1,0,0,0
285.451,105.318,8.757,-1.587,120,70,-1,0,0,0
294.209,103.732,8.757,-1.587,115,70,-1,0,0,0
302.966,102.145,8.757,-1.587,110,70,-1,0,0,0
311.724,100.559,8.757,-1.587,105,70,-1,0,0,0
320.481,98.972,8.757,-1.587,100,70,-1,0,0,0
329.238,97.386,8.757,-1.587,95,70,-1,0,0,0
337.996,95.799,8.757,-1.587,90,65,-1,-1,0,0
346.753,94.213,8.757,-1.587,85,60,-1,-1,0,0
355.511,92.626,8.757,-1.587,80,55,-1,-1,0,0
364.268,91.04,8.757,-1.587,75,50,-1,-1,0,0
373.026,89.453,8.757,-1.587,75,45,0,-1,0,0
381.783,87.867,8.757,-1.587,75,40,0,-1,0,0
390.541,86.28,8.757,-1.587,75,35,0,-1,0,0
399.298,84.693,8.757,-1.587,75,30,0,-1,0,0
408.055,83.107,8.757,-1.587,75,25,0,-1,0,0
416.813,81.52,8.757,-1.587,75,20,0,-1,0,0
425.57,79.934,8.757,-1.587,75,15,0,-1,0,0
434.328,78.347,8.757,-1.587,75,10,0,-1,0,0
443.085,76.761,8.757,-1.587,75,5,0,-1,0,0
451.843,75.174,8.757,-1.587,75,5,0,0,0,0
460.6,73.588,8.757,-1.587,75,5,0,0,0,0
469.358,72.001,8.757,-1.587,75,5,0,0,0,0
478.115,70.415,8.757,-1.587,75,5,0,0,0,0
486.873,68.828,8.757,-1.587,75,5,0,0,0,0
495.63,67.242,8.757,-1.587,75,5,0,0,0,0
504.387,65.655,8.757,-1.587,75,5,0,0,0,0
513.145,64.069,8.757,-1.587,75,5,0,0,0,0
521.902,62.482,8.757,-1.587,75,5,0,0,0,0
530.66,60.896,8.757,-1.587,75,5,0,0,0,0
539.417,59.309,8.757,-1.587,75,5,0,0,0,0
548.175,57.723,8.757,-1.587,75,5,0,0,0,0
556.932,56.136,8.757,-1.587,75,5,0,0,0,0
565.69,54.55,8.757,-1.587,75,5,0,0,0,0
574.447,52.963,8.757,-1.587,75,5,0,0,0,0
583.205,51.377,8.757,-1.587,75,5,0,0,0,0
591.962,49.79,8.757,-1.587,75,5,0,0,0,0
600.719,48.203,8.757,-1.587,75,5,0,0,0,0
609.477,46.617,8.757,-1.587,75,5,0,0,0,0
618.234,45.03,8.757,-1.587,75,5,0,0,0,0
626.992,43.444,8.757,-1.587,75,5,0,0,0,0
635.749,41.857,8.757,-1.587,75,5,0,0,0,0
644.507,40.271,8.757,-1.587,75,5,0,0,0,0
653.264,38.684,8.757,-1.587,75,5,0,0,0,0
662.022,37.098,8.757,-1.587,75,5,0,0,0,0
670.779,35.511,8.757,-1.587,75,5,0,0,0,0
679.536,33.925,8.757,-1.587,75,5,0,0,0,0
688.294,32.338,8.757,-1.587,75,5,0,0,0,0
697.051,30.752,8.757,-1.587,75,5,0,0,0,0
705.809,29.165,8.757,-1.587,75,5,0,0,0,0
714.566,27.579,8.757,-1.587,75,5,0,0,0,0
723.324,25.992,8.757,-1.587,75,5,0,0,0,0
732.081,24.406,8.757,-1.587,75,5,0,0,0,0
740.839,22.819,8.757,-1.587,75,5,0,0,0,0
749.596,21.233,8.757,-1.587,75,5,0,0,0,0
751.0,19.646,-7.247,-5.668,75,5,0,0,0,0
743.753,13.978,-7.247,-5.668,75,5,0,0,0,0
736.507,8.31,-7.247,-5.668,75,5,0,0,0,0
729.26,6.0,-7.247,5.668,75,5,0,0,0,0
722.013,11.668,-7.247,5.668,75,5,0,0,0,0
714.767,17.336,-7.247,5.668,75,5,0,0,0,0
707.52,23.004,-7.247,5.668,75,5,0,0,0,0
700.273,28.672,-7.247,5.668,75,5,0,0,0,0
693.027,34.34,-7.247,5.668,75,5,0,0,0,0
685.78,40.008,-7.247,5.668,75,5,0,0,0,0
678.534,45.676,-7.247,5.668,75,5,0,0,0,0
671.287,51.344,-7.247,5.668,75,5,0,0,0,0
664.04,57.012,-7.247,5.668,75,5,0,0,0,0
656.794,62.68,-7.247,5.668,70,5,-1,0,0,0
649.547,68.348,-7.247,5.668,65,5,-1,0,0,0
642.3,74.016,-7.247,5.668,60,5,-1,0,0,0
635.054,79.684,-7.247,5.668,55,5,-1,0,0,0
627.807,85.352,-7.247,5.668,50,5,-1,0,0,0
620.56,91.02,-7.247,5.668,45,5,-1,0,0,0
613.314,96.688,-7.247,5.668,40,5,-1,0,0,0
606.067,102.356,-7.247,5.668,35,5,-1,0,0,0
598.82,108.024,-7.247,5.668,30,5,-1,0,0,0
591.574,113.692,-7.247,5.668,25,5,-1,0,0,0
584.327,119.36,-7.247,5.668,20,5,-1,0,0,0
577.081,125.028,-7.247,5.668,15,5,-1,0,0,0
569.834,130.696,-7.247,5.668,10,5,-1,0,0,0
562.587,136.364,-7.247,5.668,10,5,0,0,0,0
555.341,142.032,-7.247,5.668,10,5,0,0,0,0
548.094,147.7,-7.247,5.668,10,5,0,0,0,0
540.847,153.368,-7.247,5.668,15,5,1,0,0,0
533.601,159.036,-7.247,5.668,20,5,1,0,0,0
526.354,164.704,-7.247,5.668,25,5,1,0,0,0
519.107,170.372,-7.247,5.668,30,5,1,0,0,0
511.861,176.04,-7.247,5.668,35,5,1,0,0,0
504.614,181.708,-7.247,5.668,40,5,1,0,0,0
497.367,187.376,-7.247,5.668,45,5,1,0,0,0
490.121,193.044,-7.247,5.668,50,5,1,0,0,0
482.874,198.712,-7.247,5.668,55,5,1,0,0,0
475.627,204.38,-7.247,5.668,60,5,1,0,0,0
468.381,210.048,-7.247,5.668,65,5,1,0,0,0
461.134,215.716,-7.247,5.668,70,5,1,0,0,0
453.888,221.384,-7.247,5.668,75,10,1,1,0,0
446.641,227.052,-7.247,5.668,80,15,1,1,0,0
439.394,232.72,-7.247,5.668,85,20,1,1,0,0
432.148,238.388,-7.247,5.668,90,25,1,1,0,0
424.901,244.056,-7.247,5.668,95,30,1,1,0,0
417.654,249.724,-7.247,5.668,100,35,1,1,0,0
410.408,255.392,-7.247,5.668,105,40,1,1,0,0
403.161,261.06,-7.247,5.668,110,45,1,1,0,0
395.914,266.728,-7.247,5.668,115,50,1,1,0,0
388.668,272.396,-7.247,5.668,120,55,1,1,0,0
381.421,278.064,-7.247,5.668,125,60,1,1,0,0
374.174,283.732,-7.247,5.668,130,65,1,1,0,0
366.928,289.4,-7.247,5.668,135,70,1,1,0,0
359.681,295.068,-7.247,5.668,140,70,1,0,0,0
352.435,300.736,-7.247,5.668,145,70,1,0,0,0
345.188,306.404,-7.247,5.668,150,70,1,0,0,0
337.941,312.072,-7.247,5.668,155,70,1,0,0,0
330.695,317.74,-7.247,5.668,160,70,1,0,0,0
323.448,323.408,-7.247,5.668,165,70,1,0,0,0
316.201,329.076,-7.247,5.668,170,70,1,0,0,0
308.955,334.744,-7.247,5.668,175,70,1,0,0,0
301.708,340.412,-7.247,5.668,180,70,1,0,0,0
294.461,346.08,-7.247,5.668,185,70,1,0,0,0
287.215,351.748,-7.247,5.668,190,70,1,0,0,0
279.968,357.416,-7.247,5.668,195,70,1,0,0,0
272.721,363.084,-7.247,5.668,200,70,1,0,0,0
265.475,368.752,-7.247,5.668,205,70,1,0,0,0
258.228,374.42,-7.247,5.668,210,70,1,0,0,0
250.982,380.087,-7.247,5.668,215,70,1,0,0,0
243.735,385.755,-7.247,5.668,220,70,1,0,0,0
236.488,391.423,-7.247,5.668,225,70,1,0,0,0
229.242,397.091,-7.247,5.668,230,70,1,0,0,0
221.995,402.759,-7.247,5.668,235,70,1,0,0,0
214.748,408.427,-7.247,5.668,240,70,1,0,0,0
207.502,414.095,-7.247,5.668,245,70,1,0,0,0
200.255,419.763,-7.247,5.668,250,70,1,0,0,0
193.008,425.431,-7.247,5.668,255,70,1,0,0,0
185.762,431.099,-7.247,5.668,260,70,1,0,0,0
178.515,436.767,-7.247,5.668,265,75,1,1,0,0
171.268,442.435,-7.247,5.668,270,80,1,1,0,0
164.022,448.103,-7.247,5.668,275,85,1,1,0,0
156.775,453.771,-7.247,5.668,280,90,1,1,0,0
149.528,459.439,-7.247,5.668,285,95,1,1,0,0
142.282,465.107,-7.247,5.668,290,100,1,1,0,0
135.035,470.775,-7.247,5.668,295,105,1,1,0,0
127.789,476.443,-7.247,5.668,300,110,1,1,0,0
120.542,482.111,-7.247,5.668,305,115,1,1,0,0
113.295,487.779,-7.247,5.668,310,120,1,1,0,0
106.049,493.447,-7.247,5.668,315,125,1,1,0,0
98.802,499.115,-7.247,5.668,320,130,1,1,0,0
91.555,504.783,-7.247,5.668,325,135,1,1,0,0
84.309,510.451,-7.247,5.668,330,135,1,0,0,0
77.062,516.119,-7.247,5.668,335,135,1,0,0,0
69.815,521.787,-7.247,5.668,340,135,1,0,0,0
62.569,527.455,-7.247,5.668,345,135,1,0,0,0
55.322,533.123,-7.247,5.668,350,135,1,0,0,0
48.075,538.791,-7.247,5.668,355,135,1,0,0,0
40.829,544.459,-7.247,5.668,360,135,1,0,0,0
33.582,550.127,-7.247,5.668,365,135,1,0,0,0
26.336,555.795,-7.247,5.668,370,135,1,0,0,0
19.089,561.463,-7.247,5.668,375,135,1,0,0,0
11.842,567.131,-7.247,5.668,380,135,1,0,0,0
4.596,572.799,-7.247,5.668,385,135,1,0,0,0
-2.651,578.467,-7.247,5.668,390,135,1,0,0,0
400.0,300.0,4.684,1.75,395,135,1,0,0,1
404.684,301.75,4.684,1.75,395,135,0,0,0,0
409.367,303.5,4.684,1.75,395,135,0,0,0,0
414.051,305.251,4.684,1.75,395,135,0,0,0,0
418.735,307.001,4.684,1.75,395,135,0,0,0,0
423.418,308.751,4.684,1.75,395,135,0,0,0,0
428.102,310.501,4.684,1.75,395,135,0,0,0,0
432.786,312.251,4.684,1.75,395,135,0,0,0,0
437.469,314.002,4.684,1.75,395,135,0,0,0,0
442.153,315.752,4.684,1.75,395,135,0,0,0,0
446.837,317.502,4.684,1.75,395,135,0,0,0,0
451.52,319.252,4.684,1.75,395,135,0,0,0,0
456.204,321.002,4.684,1.75,395,135,0,0,0,0
460.888,322.752,4.684,1.75,395,135,0,0,0,0
465.571,324.503,4.684,1.75,395,135,0,0,0,0
470.255,326.253,4.684,1.75,395,135,0,0,0,0
474.939,328.003,4.684,1.75,395,135,0,0,0,0
479.623,329.753,4.684,1.75,395,135,0,0,0,0
484.306,331.503,4.684,1.75,395,135,0,0,0,0
488.99,333.254,4.684,1.75,395,135,0,0,0,0
493.674,335.004,4.684,1.75,395,135,0,0,0,0
498.357,336.754,4.684,1.75,395,135,0,0,0,0
503.041,338.504,4.684,1.75,395,135,0,0,0,0
507.725,340.254,4.684,1.75,395,135,0,0,0,0
512.408,342.005,4.684,1.75,395,135,0,0,0,0
517.092,343.755,4.684,1.75,395,135,0,0,0,0
521.776,345.505,4.684,1.75,395,135,0,0,0,0
526.459,347.255,4.684,1.75,395,135,0,0,0,0
531.143,349.005,4.684,1.75,395,135,0,0,0,0
535.827,350.755,4.684,1.75,395,135,0,0,0,0
540.51,352.506,4.684,1.75,395,135,0,0,0,0
545.194,354.256,4.684,1.75,395,140,0,1,0,0
549.878,356.006,4.684,1.75,395,145,0,1,0,0
554.561,357.756,4.684,1.75,395,150,0,1,0,0
559.245,359.506,4.684,1.75,395,155,0,1,0,0
563.929,361.257,4.684,1.75,395,160,0,1,0,0
568.612,363.007,4.684,1.75,395,165,0,1,0,0
573.296,364.757,4.684,1.75,395,170,0,1,0,0
577.98,366.507,4.684,1.75,395,175,0,1,0,0
582.663,368.257,4.684,1.75,395,180,0,1,0,0
587.347,370.008,4.684,1.75,395,185,0,1,0,0
592.031,371.758,4.684,1.75,400,190,1,1,0,0
596.714,373.508,4.684,1.75,405,195,1,1,0,0
601.398,375.258,4.684,1.75,410,200,1,1,0,0
606.082,377.008,4.684,1.75,415,205,1,1,0,0
610.766,378.759,4.684,1.75,420,210,1,1,0,0
615.449,380.509,4.684,1.75,425,215,1,1,0,0
620.133,382.259,4.684,1.75,430,220,1,1,0,0
624.817,384.009,4.684,1.75,435,225,1,1,0,0
629.5,385.759,4.684,1.75,440,230,1,1,0,0
634.184,387.509,4.684,1.75,445,235,1,1,0,0
638.868,389.26,4.684,1.75,450,240,1,1,0,0
643.551,391.01,4.684,1.75,455,245,1,1,0,0
648.235,392.76,4.684,1.75,460,250,1,1,0,0
652.919,394.51,4.684,1.75,465,255,1,1,0,0
657.602,396.26,4.684,1.75,470,260,1,1,0,0
662.286,398.011,4.684,1.75,475,265,1,1,0,0
666.97,399.761,4.684,1.75,480,270,1,1,0,0
671.653,401.511,4.684,1.75,485,275,1,1,0,0
676.337,403.261,4.684,1.75,490,280,1,1,0,0
681.021,405.011,4.684,1.75,495,285,1,1,0,0
685.704,406.762,4.684,1.75,500,290,1,1,0,0
690.388,408.512,4.684,1.75,505,295,1,1,0,0
695.072,410.262,4.684,1.75,510,300,1,1,0,0
699.755,412.012,4.684,1.75,515,305,1,1,0,0
704.439,413.762,4.684,1.75,520,310,1,1,0,0
709.123,415.512,4.684,1.75,520,315,1,1,0,0
713.806,417.263,4.684,1.75,520,320,1,1,0,0
718.49,419.013,4.684,1.75,520,325,1,1,0,0
723.174,420.763,4.684,1.75,520,330,1,1,0,0
727.857,422.513,4.684,1.75,520,335,1,1,0,0
732.541,424.263,4.684,1.75,520,340,1,1,0,0
737.225,426.014,4.684,1.75,520,345,1,1,0,0
741.908,427.764,4.684,1.75,520,350,1,1,0,0
746.592,429.514,4.684,1.75,520,355,1,1,0,0
751.276,431.264,4.684,1.75,520,360,1,1,0,0
751.0,433.014,-3.937,3.548,520,365,1,1,0,0
747.063,436.562,-3.937,3.548,520,370,1,1,0,0
743.125,440.11,-3.937,3.548,520,375,0,1,0,0
739.188,443.658,-3.937,3.548,520,380,0,1,0,0
735.251,447.206,-3.937,3.548,520,385,0,1,0,0
731.313,450.754,-3.937,3.548,520,390,0,1,0,0
727.376,454.302,-3.937,3.548,520,395,0,1,0,0
723.439,457.85,-3.937,3.548,520,400,0,1,0,0
719.501,461.397,-3.937,3.548,520,405,0,1,0,0
715.564,464.945,-3.937,3.548,520,410,0,1,0,0
711.627,468.493,-3.937,3.548,520,415,0,1,0,0
707.689,472.041,-3.937,3.548,520,420,0,1,0,0
703.752,475.589,-3.937,3.548,520,425,0,1,0,0
699.815,479.137,-3.937,3.548,515,430,-1,1,0,0
695.877,482.685,-3.937,3.548,510,435,-1,1,0,0
691.94,486.233,-3.937,3.548,505,440,-1,1,0,0
688.003,489.78,-3.937,3.548,500,445,-1,1,0,0
684.065,493.328,-3.937,3.548,495,450,-1,1,0,0
680.128,496.876,-3.937,3.548,490,455,-1,1,0,0
676.191,500.424,-3.937,3.548,485,460,-1,1,0,0
672.253,503.972,-3.937,3.548,480,465,-1,1,0,0
668.316,507.52,-3.937,3.548,475,470,-1,1,0,0
664.379,511.068,-3.937,3.548,470,475,-1,1,0,0
660.441,514.616,-3.937,3.548,465,480,-1,1,0,0
656.504,518.163,-3.937,3.548,460,485,-1,1,0,0
652.567,521.711,-3.937,3.548,455,490,-1,1,0,0
648.629,525.259,-3.937,3.548,450,490,-1,0,0,0
644.692,528.807,-3.937,3.548,445,490,-1,0,0,0
640.755,532.355,-3.937,3.548,445,490,0,0,0,0
636.817,535.903,-3.937,3.548,445,490,0,0,0,0
632.88,539.451,-3.937,3.548,445,490,0,0,0,0
628.943,542.999,-3.937,3.548,445,490,0,0,0,0
625.005,546.546,-3.937,3.548,445,490,0,0,0,0
621.068,550.094,-3.937,3.548,445,490,0,0,0,0
617.131,553.642,-3.937,3.548,445,485,0,-1,0,0
613.193,557.19,-3.937,3.548,445,480,0,-1,0,0
609.256,560.738,-3.937,3.548,445,475,0,-1,0,0
605.319,564.286,-3.937,3.548,445,470,0,-1,0,0
601.381,567.834,-3.937,3.548,445,465,0,-1,0,0
597.444,571.382,-3.937,3.548,445,460,0,-1,0,0
593.507,574.929,-3.937,3.548,445,455,0,-1,0,0
589.569,578.477,-3.937,3.548,445,450,0,-1,0,0
585.632,582.025,-3.937,3.548,445,445,0,-1,0,0
581.695,585.573,-3.937,3.548,445,440,0,-1,0,0
577.757,589.121,-3.937,3.548,445,435,0,-1,0,0
573.82,592.669,-3.937,3.548,440,430,-1,-1,0,0
569.883,594.0,-3.937,-3.548,435,425,-1,-1,0,0
565.945,590.452,-3.937,-3.548,430,420,-1,-1,0,0
562.008,586.904,-3.937,-3.548,425,420,-1,0,0,0
558.071,583.356,-3.937,-3.548,420,420,-1,0,0,0
554.133,579.809,-3.937,-3.548,415,420,-1,0,0,0
550.196,576.261,-3.937,-3.548,410,420,-1,0,0,0
546.259,572.713,-3.937,-3.548,405,420,-1,0,0,0
542.321,569.165,-3.937,-3.548,400,420,-1,0,0,0
538.384,565.617,-3.937,-3.548,395,420,-1,0,0,0
534.447,562.069,-3.937,-3.548,390,420,-1,0,0,0
530.509,558.521,-3.937,-3.548,385,420,-1,0,0,0
526.572,554.973,-3.937,-3.548,380,420,-1,0,0,0
522.635,551.426,-3.937,-3.548,375,420,-1,0,0,0
518.697,547.878,-3.937,-3.548,370,425,-1,1,0,0
514.76,544.33,-3.937,-3.548,365,430,-1,1,0,0
510.823,540.782,-3.937,-3.548,360,435,-1,1,0,0
506.885,537.234,-3.937,-3.548,355,440,-1,1,0,0
502.948,533.686,-3.937,-3.548,350,445,-1,1,0,0
499.011,530.138,-3.937,-3.548,345,450,-1,1,0,0
495.073,526.59,-3.937,-3.548,340,455,-1,1,0,0
491.136,523.043,-3.937,-3.548,335,460,-1,1,0,0
487.199,519.495,-3.937,-3.548,330,465,-1,1,0,0
483.261,515.947,-3.937,-3.548,325,465,-1,0,0,0
479.324,512.399,-3.937,-3.548,320,465,-1,0,0,0
475.387,508.851,-3.937,-3.548,315,465,-1,0,0,0
471.449,505.303,-3.937,-3.548,310,465,-1,0,0,0
467.512,501.755,-3.937,-3.548,305,465,-1,0,0,0
463.575,498.207,-3.937,-3.548,300,465,-1,0,0,0
459.637,494.66,-3.937,-3.548,295,465,-1,0,0,0
455.7,491.112,-3.937,-3.548,290,465,-1,0,0,0
451.763,487.564,-3.937,-3.548,285,465,-1,0,0,0
447.825,484.016,-3.937,-3.548,285,465,0,0,0,0
443.888,480.468,-3.937,-3.548,285,465,0,0,0,0
439.951,476.92,-3.937,-3.548,285,465,0,0,0,0
436.013,473.372,-3.937,-3.548,285,465,0,0,0,0
432.076,469.824,-3.937,-3.548,285,465,0,0,0,0
428.139,466.277,-3.937,-3.548,285,465,0,0,0,0
424.201,462.729,-3.937,-3.548,285,465,0,0,0,0
420.264,459.181,-3.937,-3.548,285,465,0,0,0,0
416.327,455.633,-3.937,-3.548,285,465,0,0,0,0
412.389,452.085,-3.937,-3.548,285,465,0,0,0,0
408.452,448.537,-3.937,-3.548,285,465,0,0,0,0
404.515,444.989,-3.937,-3.548,285,465,0,0,0,0
400.577,441.441,-3.937,-3.548,285,465,0,0,0,0
396.64,437.894,-3.937,-3.548,285,465,0,0,0,0
392.703,434.346,-3.937,-3.548,285,465,0,0,0,0
388.765,430.798,-3.937,-3.548,285,465,0,0,0,0
384.828,427.25,-3.937,-3.548,285,465,0,0,0,0
380.891,423.702,-3.937,-3.548,280,465,-1,0,0,0
376.953,420.154,-3.937,-3.548,275,465,-1,0,0,0
373.016,416.606,-3.937,-3.548,270,465,-1,0,0,0
369.079,413.058,-3.937,-3.548,265,465,-1,0,0,0
365.141,409.511,-3.937,-3.548,260,465,-1,0,0,0
361.204,405.963,-3.937,-3.548,255,465,-1,0,0,0
357.267,402.415,-3.937,-3.548,250,465,-1,0,0,0
353.329,398.867,-3.937,-3.548,245,465,-1,0,0,0
349.392,395.319,-3.937,-3.548,240,465,-1,0,0,0
345.455,391.771,-3.937,-3.548,235,465,-1,0,0,0
341.517,388.223,-3.937,-3.548,230,465,-1,0,0,0
337.58,384.675,-3.937,-3.548,230,465,0,0,0,0
333.643,381.128,-3.937,-3.548,230,465,0,0,0,0
329.705,377.58,-3.937,-3.548,230,465,0,0,0,0
325.768,374.032,-3.937,-3.548,230,465,0,0,0,0
321.831,370.484,-3.937,-3.548,230,465,0,0,0,0
317.893,366.936,-3.937,-3.548,230,465,0,0,0,0
313.956,363.388,-3.937,-3.548,230,465,0,0,0,0
310.019,359.84,-3.937,-3.548,230,465,0,0,0,0
306.081,356.292,-3.937,-3.548,230,465,0,0,0,0
302.144,352.745,-3.937,-3.548,230,465,0,0,0,0
298.207,349.197,-3.937,-3.548,230,465,0,0,0,0
294.269,345.649,-3.937,-3.548,230,465,0,0,0,0
290.332,342.101,-3.937,-3.548,230,465,0,0,0,0
286.395,338.553,-3.937,-3.548,230,465,0,0,0,0
282.457,335.005,-3.937,-3.548,230,465,0,0,0,0
278.52,331.457,-3.937,-3.548,230,465,0,0,0,0
274.583,327.909,-3.937,-3.548,230,465,0,0,0,0
270.646,324.362,-3.937,-3.548,230,465,0,0,0,0
266.708,320.814,-3.937,-3.548,230,465,0,0,0,0
262.771,317.266,-3.937,-3.548,225,465,-1,0,0,0
258.834,313.718,-3.937,-3.548,220,465,-1,0,0,0
254.896,310.17,-3.937,-3.548,215,465,-1,0,0,0
250.959,306.622,-3.937,-3.548,210,465,-1,0,0,0
247.022,303.074,-3.937,-3.548,205,465,-1,0,0,0
243.084,299.526,-3.937,-3.548,200,465,-1,0,0,0
239.147,295.979,-3.937,-3.548,195,465,-1,0,0,0
235.21,292.431,-3.937,-3.548,190,465,-1,0,0,0
231.272,288.883,-3.937,-3.548,185,465,-1,0,0,0
227.335,285.335,-3.937,-3.548,180,465,-1,0,0,0
223.398,281.787,-3.937,-3.548,180,465,0,0,0,0
219.46,278.239,-3.937,-3.548,180,465,0,0,0,0
215.523,274.691,-3.937,-3.548,180,465,0,0,0,0
211.586,271.143,-3.937,-3.548,180,465,0,0,0,0
207.648,267.596,-3.937,-3.548,180,465,0,0,0,0
203.711,264.048,-3.937,-3.548,180,465,0,0,0,0
199.774,260.5,-3.937,-3.548,180,465,0,0,0,0
195.836,256.952,-3.937,-3.548,180,465,0,0,0,0
191.899,253.404,-3.937,-3.548,180,465,0,0,0,0
187.962,249.856,-3.937,-3.548,180,465,0,0,0,0
184.024,246.308,-3.937,-3.548,180,465,0,0,0,0
180.087,242.76,-3.937,-3.548,180,465,0,0,0,0
176.15,239.213,-3.937,-3.548,180,465,0,0,0,0
172.212,235.665,-3.937,-3.548,175,465,-1,0,0,0
168.275,232.117,-3.937,-3.548,170,465,-1,0,0,0
164.338,228.569,-3.937,-3.548,165,465,-1,0,0,0
160.4,225.021,-3.937,-3.548,160,465,-1,0,0,0
156.463,221.473,-3.937,-3.548,155,465,-1,0,0,0
152.526,217.925,-3.937,-3.548,150,465,-1,0,0,0
148.588,214.377,-3.937,-3.548,145,465,-1,0,0,0
144.651,210.83,-3.937,-3.548,145,465,0,0,0,0
140.714,207.282,-3.937,-3.548,145,465,0,0,0,0
136.776,203.734,-3.937,-3.548,145,465,0,0,0,0
132.839,200.186,-3.937,-3.548,145,465,0,0,0,0
128.902,196.638,-3.937,-3.548,145,465,0,0,0,0
124.964,193.09,-3.937,-3.548,145,465,0,0,0,0
121.027,189.542,-3.937,-3.548,145,465,0,0,0,0
117.09,185.994,-3.937,-3.548,145,465,0,0,0,0
113.152,182.447,-3.937,-3.548,145,465,0,0,0,0
109.215,178.899,-3.937,-3.548,145,465,0,0,0,0
105.278,175.351,-3.937,-3.548,140,465,-1,0,0,0
101.34,171.803,-3.937,-3.548,135,465,-1,0,0,0
97.403,168.255,-3.937,-3.548,130,465,-1,0,0,0
93.466,164.707,-3.937,-3.548,125,465,-1,0,0,0
89.528,161.159,-3.937,-3.548,120,465,-1,0,0,0
85.591,157.611,-3.937,-3.548,115,465,-1,0,0,0
81.654,154.064,-3.937,-3.548,110,465,-1,0,0,0
77.716,150.516,-3.937,-3.548,105,465,-1,0,0,0
73.779,146.968,-3.937,-3.548,100,465,-1,0,0,0
69.842,143.42,-3.937,-3.548,95,465,-1,0,0,0
65.904,139.872,-3.937,-3.548,90,465,-1,0,0,0
61.967,136.324,-3.937,-3.548,85,465,-1,0,0,0
58.03,132.776,-3.937,-3.548,80,465,-1,0,0,0
54.092,129.228,-3.937,-3.548,75,465,-1,0,0,0
50.155,125.681,-3.937,-3.548,70,465,-1,0,0,0
49.0,122.133,5.046,2.428,65,465,-1,0,0,0
54.046,124.561,5.046,2.428,60,465,-1,0,0,0
59.092,126.989,5.046,2.428,55,465,-1,0,0,0
64.138,129.418,5.046,2.428,50,465,-1,0,0,0
69.184,131.846,5.046,2.428,45,465,-1,0,0,0
74.23,134.275,5.046,2.428,40,465,-1,0,0,0
79.276,136.703,5.046,2.428,40,465,0,0,0,0
84.323,139.131,5.046,2.428,40,465,0,0,0,0
89.369,141.56,5.046,2.428,40,465,0,0,0,0
94.415,143.988,5.046,2.428,40,465,0,0,0,0
99.461,146.417,5.046,2.428,40,465,0,0,0,0
104.507,148.845,5.046,2.428,40,465,0,0,0,0
109.553,151.273,5.046,2.428,45,465,1,0,0,0
114.599,153.702,5.046,2.428,50,465,1,0,0,0
119.645,156.13,5.046,2.428,55,465,1,0,0,0
124.691,158.559,5.046,2.428,60,465,1,0,0,0
129.737,160.987,5.046,2.428,65,465,1,0,0,0
134.783,163.415,5.046,2.428,70,465,1,0,0,0
139.829,165.844,5.046,2.428,75,465,1,0,0,0
144.875,168.272,5.046,2.428,80,465,1,0,0,0
149.922,170.701,5.046,2.428,85,460,1,-1,0,0
154.968,173.129,5.046,2.428,90,455,1,-1,0,0
160.014,175.557,5.046,2.428,95,450,1,-1,0,0
165.06,177.986,5.046,2.428,100,445,1,-1,0,0
170.106,180.414,5.046,2.428,105,440,1,-1,0,0
175.152,182.843,5.046,2.428,110,435,1,-1,0,0
180.198,185.271,5.046,2.428,115,430,1,-1,0,0
185.244,187.699,5.046,2.428,120,425,1,-1,0,0
190.29,190.128,5.046,2.428,125,420,1,-1,0,0
195.336,192.556,5.046,2.428,130,415,1,-1,0,0
200.382,194.985,5.046,2.428,135,410,1,-1,0,0
205.428,197.413,5.046,2.428,140,405,1,-1,0,0
210.474,199.841,5.046,2.428,145,400,1,-1,0,0
215.521,202.27,5.046,2.428,150,395,1,-1,0,0
220.567,204.698,5.046,2.428,155,390,1,-1,0,0
225.613,207.127,5.046,2.428,160,385,1,-1,0,0
230.659,209.555,5.046,2.428,165,380,1,-1,0,0
235.705,211.983,5.046,2.428,170,375,1,-1,0,0
240.751,214.412,5.046,2.428,175,370,1,-1,0,0
245.797,216.84,5.046,2.428,180,365,1,-1,0,0
250.843,219.269,5.046,2.428,180,360,0,-1,0,0
255.889,221.697,5.046,2.428,180,355,0,-1,0,0
260.935,224.125,5.046,2.428,180,350,0,-1,0,0
265.981,226.554,5.046,2.428,180,345,0,-1,0,0
271.027,228.982,5.046,2.428,180,340,0,-1,0,0
276.073,231.411,5.046,2.428,180,335,0,-1,0,0
281.12,233.839,5.046,2.428,180,330,0,-1,0,0
286.166,236.267,5.046,2.428,180,325,0,-1,0,0
291.212,238.696,5.046,2.428,180,320,0,-1,0,0
296.258,241.124,5.046,2.428,180,315,0,-1,0,0
301.304,243.552,5.046,2.428,180,310,0,-1,0,0
306.35,245.981,5.046,2.428,180,305,0,-1,0,0
311.396,248.409,5.046,2.428,180,300,0,-1,0,0
316.442,250.838,5.046,2.428,180,295,0,-1,0,0
321.488,253.266,5.046,2.428,180,290,0,-1,0,0
326.534,255.694,5.046,2.428,180,285,0,-1,0,0
331.58,258.123,5.046,2.428,180,285,0,0,0,0
336.626,260.551,5.046,2.428,180,285,0,0,0,0
341.672,262.98,5.046,2.428,180,285,0,0,0,0
346.719,265.408,5.046,2.428,180,285,0,0,0,0
351.765,267.836,5.046,2.428,180,280,0,-1,0,0
356.811,270.265,5.046,2.428,180,275,0,-1,0,0
361.857,272.693,5.046,2.428,180,270,0,-1,0,0
366.903,275.122,5.046,2.428,180,265,0,-1,0,0
371.949,277.55,5.046,2.428,180,260,0,-1,0,0
376.995,279.978,5.046,2.428,180,255,0,-1,0,0
382.041,282.407,5.046,2.428,180,250,0,-1,0,0
387.087,284.835,5.046,2.428,180,250,0,0,0,0
392.133,287.264,5.046,2.428,180,250,0,0,0,0
397.179,289.692,5.046,2.428,180,250,0,0,0,0
402.225,292.12,5.046,2.428,180,250,0,0,0,0
407.271,294.549,5.046,2.428,180,250,0,0,0,0
412.317,296.977,5.046,2.428,180,250,0,0,0,0
417.364,299.406,5.046,2.428,180,250,0,0,0,0
422.41,301.834,5.046,2.428,180,250,0,0,0,0
427.456,304.262,5.046,2.428,180,250,0,0,0,0
432.502,306.691,5.046,2.428,180,250,0,0,0,0
437.548,309.119,5.046,2.428,180,250,0,0,0,0
442.594,311.548,5.046,2.428,180,250,0,0,0,0
447.64,313.976,5.046,2.428,180,250,0,0,0,0
452.686,316.404,5.046,2.428,180,250,0,0,0,0
457.732,318.833,5.046,2.428,180,250,0,0,0,0
462.778,321.261,5.046,2.428,180,250,0,0,0,0
467.824,323.69,5.046,2.428,180,250,0,0,0,0
472.87,326.118,5.046,2.428,180,250,0,0,0,0
477.916,328.546,5.046,2.428,180,250,0,0,0,0
482.963,330.975,5.046,2.428,180,250,0,0,0,0
488.009,333.403,5.046,2.428,180,255,0,1,0,0
493.055,335.832,5.046,2.428,180,260,0,1,0,0
498.101,338.26,5.046,2.428,180,265,0,1,0,0
503.147,340.688,5.046,2.428,180,270,0,1,0,0
508.193,343.117,5.046,2.428,180,275,0,1,0,0
513.239,345.545,5.046,2.428,180,280,0,1,0,0
518.285,347.974,5.046,2.428,180,285,0,1,0,0
523.331,350.402,5.046,2.428,180,290,0,1,0,0
528.377,352.83,5.046,2.428,180,295,0,1,0,0
533.423,355.259,5.046,2.428,180,300,0,1,0,0
538.469,357.687,5.046,2.428,180,305,0,1,0,0
543.515,360.116,5.046,2.428,180,310,0,1,0,0
548.562,362.544,5.046,2.428,180,315,0,1,0,0
553.608,364.972,5.046,2.428,180,320,0,1,0,0
558.654,367.401,5.046,2.428,180,325,0,1,0,0
563.7,369.829,5.046,2.428,180,325,0,0,0,0
568.746,372.258,5.046,2.428,180,325,0,0,0,0
573.792,374.686,5.046,2.428,180,325,0,0,0,0
578.838,377.114,5.046,2.428,180,325,0,0,0,0
583.884,379.543,5.046,2.428,180,325,0,0,0,0
588.93,381.971,5.046,2.428,180,325,0,0,0,0
593.976,384.4,5.046,2.428,180,325,0,0,0,0
599.022,386.828,5.046,2.428,180,325,0,0,0,0
604.068,389.256,5.046,2.428,180,325,0,0,0,0
609.114,391.685,5.046,2.428,180,325,0,0,0,0
614.161,394.113,5.046,2.428,180,325,0,0,0,0
619.207,396.542,5.046,2.428,180,325,0,0,0,0
624.253,398.97,5.046,2.428,180,325,0,0,0,0
629.299,401.398,5.046,2.428,180,325,0,0,0,0
634.345,403.827,5.046,2.428,180,325,0,0,0,0
639.391,406.255,5.046,2.428,180,325,0,0,0,0
644.437,408.684,5.046,2.428,180,325,0,0,0,0
649.483,411.112,5.046,2.428,180,325,0,0,0,0
654.529,413.54,5.046,2.428,180,325,0,0,0,0
659.575,415.969,5.046,2.428,180,325,0,0,0,0
664.621,418.397,5.046,2.428,180,330,0,1,0,0
669.667,420.826,5.046,2.428,180,335,0,1,0,0
674.713,423.254,5.046,2.428,180,340,0,1,0,0
679.76,425.682,5.046,2.428,180,345,0,1,0,0
684.806,428.111,5.046,2.428,180,350,0,1,0,0
689.852,430.539,5.046,2.428,180,355,0,1,0,0
694.898,432.967,5.046,2.428,180,360,0,1,0,0
699.944,435.396,5.046,2.428,180,365,0,1,0,0
704.99,437.824,5.046,2.428,180,370,0,1,0,0
710.036,440.253,5.046,2.428,180,375,0,1,0,0
715.082,442.681,5.046,2.428,180,380,0,1,0,0
720.128,445.109,5.046,2.428,180,385,0,1,0,0
725.174,447.538,5.046,2.428,180,390,0,1,0,0
730.22,449.966,5.046,2.428,180,395,0,1,0,0
735.266,452.395,5.046,2.428,180,400,0,1,0,0
740.312,454.823,5.046,2.428,180,405,0,1,0,0
745.359,457.251,5.046,2.428,180,410,0,1,0,0
750.405,459.68,5.046,2.428,180,415,0,1,0,0
751.0,462.108,-5.891,0.325,180,420,0,1,0,0
745.109,462.434,-5.891,0.325,180,425,0,1,0,0
739.218,462.759,-5.891,0.325,180,430,0,1,0,0
733.327,463.085,-5.891,0.325,180,435,0,1,0,0
727.436,463.41,-5.891,0.325,180,440,0,1,0,0
721.545,463.736,-5.891,0.325,180,445,0,1,0,0
715.654,464.061,-5.891,0.325,180,450,0,1,0,0
709.763,464.387,-5.891,0.325,180,455,0,1,0,0
703.872,464.712,-5.891,0.325,180,455,0,0,0,0
697.981,465.038,-5.891,0.325,180,455,0,0,0,0
692.09,465.363,-5.891,0.325,180,455,0,0,0,0
686.199,465.689,-5.891,0.325,180,455,0,0,0,0
680.308,466.014,-5.891,0.325,180,455,0,0,0,0
674.417,466.339,-5.891,0.325,180,455,0,0,0,0
668.526,466.665,-5.891,0.325,180,455,0,0,0,0
662.635,466.99,-5.891,0.325,180,455,0,0,0,0
656.744,467.316,-5.891,0.325,180,455,0,0,0,0
650.853,467.641,-5.891,0.325,185,455,1,0,0,0
644.962,467.967,-5.891,0.325,190,455,1,0,0,0
639.071,468.292,-5.891,0.325,195,455,1,0,0,0
633.18,468.618,-5.891,0.325,200,455,1,0,0,0
627.289,468.943,-5.891,0.325,205,455,1,0,0,0
621.398,469.269,-5.891,0.325,210,455,1,0,0,0
615.507,469.594,-5.891,0.325,215,455,1,0,0,0
609.616,469.92,-5.891,0.325,220,455,1,0,0,0
603.725,470.245,-5.891,0.325,225,455,1,0,0,0
597.834,470.571,-5.891,0.325,230,455,1,0,0,0
591.943,470.896,-5.891,0.325,235,455,1,0,0,0
586.052,471.222,-5.891,0.325,240,455,1,0,0,0
580.161,471.547,-5.891,0.325,245,455,1,0,0,0
574.27,471.873,-5.891,0.325,250,455,1,0,0,0
568.379,472.198,-5.891,0.325,255,455,1,0,0,0
562.488,472.524,-5.891,0.325,260,455,1,0,0,0
556.596,472.849,-5.891,0.325,265,455,1,0,0,0
550.705,473.175,-5.891,0.325,270,455,1,0,0,0
544.814,473.5,-5.891,0.325,275,455,1,0,0,0
538.923,473.826,-5.891,0.325,280,455,1,0,0,0
533.032,474.151,-5.891,0.325,285,455,1,0,0,0
527.141,474.476,-5.891,0.325,290,455,1,0,0,0
521.25,474.802,-5.891,0.325,295,455,1,0,0,0
515.359,475.127,-5.891,0.325,300,455,1,0,0,0
509.468,475.453,-5.891,0.325,305,455,1,0,0,0
503.577,475.778,-5.891,0.325,310,455,1,0,0,0
497.686,476.104,-5.891,0.325,315,455,1,0,0,0
491.795,476.429,-5.891,0.325,320,455,1,0,0,0
485.904,476.755,-5.891,0.325,325,455,1,0,0,0
480.013,477.08,-5.891,0.325,330,455,1,0,0,0
474.122,477.406,-5.891,0.325,335,455,1,0,0,0
468.231,477.731,-5.891,0.325,340,455,1,0,0,0
462.34,478.057,-5.891,0.325,345,455,1,0,0,0
456.449,478.382,-5.891,0.325,350,455,1,0,0,0
450.558,478.708,-5.891,0.325,355,455,1,0,0,0
444.667,479.033,-5.891,0.325,360,455,1,0,0,0
438.776,479.359,-5.891,0.325,365,455,1,0,0,0
432.885,479.684,-5.891,0.325,370,455,1,0,0,0
426.994,480.01,-5.891,0.325,375,455,1,0,0,0
421.103,480.335,-5.891,0.325,380,455,1,0,0,0
415.212,480.661,-5.891,0.325,385,455,1,0,0,0
409.321,480.986,-5.891,0.325,390,455,1,0,0,0
403.43,481.312,-5.891,0.325,395,455,1,0,0,0
397.539,481.637,-5.891,0.325,400,455,1,0,0,0
391.648,481.963,-5.891,0.325,405,455,1,0,0,0
385.757,482.288,-5.891,0.325,410,455,1,0,0,0
379.866,482.613,-5.891,0.325,415,455,1,0,0,0
373.975,482.939,-5.891,0.325,420,455,1,0,0,0
368.084,483.264,-5.891,0.325,425,455,1,0,0,0
362.193,483.59,-5.891,0.325,430,455,1,0,0,0
356.302,483.915,-5.891,0.325,435,455,1,0,0,0
350.411,484.241,-5.891,0.325,440,455,1,0,0,0
344.52,484.566,-5.891,0.325,445,455,1,0,0,0
338.629,484.892,-5.891,0.325,445,455,0,0,0,0
332.738,485.217,-5.891,0.325,445,455,0,0,0,0
326.847,485.543,-5.891,0.325,445,455,0,0,0,0
320.956,485.868,-5.891,0.325,445,455,0,0,0,0
315.065,486.194,-5.891,0.325,445,455,0,0,0,0
309.174,486.519,-5.891,0.325,445,455,0,0,0,0
303.283,486.845,-5.891,0.325,445,455,0,0,0,0
297.392,487.17,-5.891,0.325,445,455,0,0,0,0
291.501,487.496,-5.891,0.325,445,455,0,0,0,0
285.61,487.821,-5.891,0.325,445,455,0,0,0,0
279.719,488.147,-5.891,0.325,445,455,0,0,0,0
273.828,488.472,-5.891,0.325,445,455,0,0,0,0
267.937,488.798,-5.891,0.325,445,455,0,0,0,0
262.046,489.123,-5.891,0.325,445,455,0,0,0,0
256.155,489.449,-5.891,0.325,445,455,0,0,0,0
250.264,489.774,-5.891,0.325,445,455,0,0,0,0
244.373,490.1,-5.891,0.325,445,455,0,0,0,0
238.482,490.425,-5.891,0.325,445,455,0,0,0,0
232.591,490.75,-5.891,0.325,445,455,0,0,0,0
226.7,491.076,-5.891,0.325,445,455,0,0,0,0
220.809,491.401,-5.891,0.325,450,455,1,0,0,0
214.918,491.727,-5.891,0.325,455,455,1,0,0,0
209.027,492.052,-5.891,0.325,460,455,1,0,0,0
203.136,492.378,-5.891,0.325,465,455,1,0,0,0
197.245,492.703,-5.891,0.325,470,455,1,0,0,0
191.354,493.029,-5.891,0.325,475,455,1,0,0,0
185.463,493.354,-5.891,0.325,480,455,1,0,0,0
179.572,493.68,-5.891,0.325,485,455,1,0,0,0
173.68,494.005,-5.891,0.325,490,455,1,0,0,0
167.789,494.331,-5.891,0.325,490,455,0,0,0,0
161.898,494.656,-5.891,0.325,490,455,0,0,0,0
156.007,494.982,-5.891,0.325,490,455,0,0,0,0
150.116,495.307,-5.891,0.325,490,455,0,0,0,0
144.225,495.633,-5.891,0.325,490,455,0,0,0,0
138.334,495.958,-5.891,0.325,490,455,0,0,0,0
132.443,496.284,-5.891,0.325,490,455,0,0,0,0
126.552,496.609,-5.891,0.325,490,455,0,0,0,0
120.661,496.935,-5.891,0.325,490,455,0,0,0,0
114.77,497.26,-5.891,0.325,490,455,0,0,0,0
108.879,497.586,-5.891,0.325,490,455,0,0,0,0
102.988,497.911,-5.891,0.325,490,455,0,0,0,0
97.097,498.236,-5.891,0.325,490,455,0,0,0,0
91.206,498.562,-5.891,0.325,490,455,0,0,0,0
85.315,498.887,-5.891,0.325,490,455,0,0,0,0
79.424,499.213,-5.891,0.325,490,455,0,0,0,0
73.533,499.538,-5.891,0.325,490,455,0,0,0,0
67.642,499.864,-5.891,0.325,490,455,0,0,0,0
61.751,500.189,-5.891,0.325,490,455,0,0,0,0
55.86,500.515,-5.891,0.325,490,455,0,0,0,0
49.969,500.84,-5.891,0.325,490,455,0,0,0,0
49.0,501.166,4.516,-4.248,490,455,0,0,0,0
53.516,496.918,4.516,-4.248,490,455,0,0,0,0
58.032,492.669,4.516,-4.248,490,455,0,0,0,0
62.547,488.421,4.516,-4.248,490,455,0,0,0,0
67.063,484.173,4.516,-4.248,490,455,0,0,0,0
71.579,479.925,4.516,-4.248,490,455,0,0,0,0
76.095,475.676,4.516,-4.248,490,455,0,0,0,0
80.611,471.428,4.516,-4.248,490,455,0,0,0,0
85.126,467.18,4.516,-4.248,490,455,0,0,0,0
89.642,462.932,4.516,-4.248,490,455,0,0,0,0
94.158,458.683,4.516,-4.248,490,455,0,0,0,0
98.674,454.435,4.516,-4.248,490,455,0,0,0,0
103.19,450.187,4.516,-4.248,490,455,0,0,0,0
107.705,445.939,4.516,-4.248,490,455,0,0,0,0
112.221,441.691,4.516,-4.248,490,455,0,0,0,0
116.737,437.442,4.516,-4.248,490,455,0,0,0,0
121.253,433.194,4.516,-4.248,495,455,1,0,0,0
125.769,428.946,4.516,-4.248,500,455,1,0,0,0
130.284,424.698,4.516,-4.248,505,455,1,0,0,0
134.8,420.449,4.516,-4.248,510,455,1,0,0,0
139.316,416.201,4.516,-4.248,505,455,-1,0,0,0
143.832,411.953,4.516,-4.248,500,455,-1,0,0,0
148.348,407.705,4.516,-4.248,495,455,-1,0,0,0
152.864,403.456,4.516,-4.248,490,455,-1,0,0,0
157.379,399.208,4.516,-4.248,485,455,-1,0,0,0
161.895,394.96,4.516,-4.248,480,455,-1,0,0,0
166.411,390.712,4.516,-4.248,475,455,-1,0,0,0
170.927,386.463,4.516,-4.248,470,455,-1,0,0,0
175.443,382.215,4.516,-4.248,465,455,-1,0,0,0
179.958,377.967,4.516,-4.248,460,455,-1,0,0,0
184.474,373.719,4.516,-4.248,455,455,-1,0,0,0
188.99,369.471,4.516,-4.248,450,455,-1,0,0,0
193.506,365.222,4.516,-4.248,445,455,-1,0,0,0
198.022,360.974,4.516,-4.248,440,455,-1,0,0,0
202.537,356.726,4.516,-4.248,435,455,-1,0,0,0
207.053,352.478,4.516,-4.248,430,455,-1,0,0,0
211.569,348.229,4.516,-4.248,425,450,-1,-1,0,0
216.085,343.981,4.516,-4.248,420,445,-1,-1,0,0
220.601,339.733,4.516,-4.248,415,440,-1,-1,0,0
225.116,335.485,4.516,-4.248,410,435,-1,-1,0,0
229.632,331.236,4.516,-4.248,405,430,-1,-1,0,0
234.148,326.988,4.516,-4.248,400,425,-1,-1,0,0
238.664,322.74,4.516,-4.248,395,420,-1,-1,0,0
243.18,318.492,4.516,-4.248,390,415,-1,-1,0,0
247.695,314.243,4.516,-4.248,385,410,-1,-1,0,0
252.211,309.995,4.516,-4.248,380,405,-1,-1,0,0
256.727,305.747,4.516,-4.248,375,400,-1,-1,0,0
261.243,301.499,4.516,-4.248,370,395,-1,-1,0,0
265.759,297.251,4.516,-4.248,365,390,-1,-1,0,0
270.274,293.002,4.516,-4.248,360,385,-1,-1,0,0
274.79,288.754,4.516,-4.248,355,380,-1,-1,0,0
279.306,284.506,4.516,-4.248,350,375,-1,-1,0,0
283.822,280.258,4.516,-4.248,345,370,-1,-1,0,0
288.338,276.009,4.516,-4.248,340,365,-1,-1,0,0
292.853,271.761,4.516,-4.248,335,360,-1,-1,0,0
297.369,267.513,4.516,-4.248,330,355,-1,-1,0,0
301.885,263.265,4.516,-4.248,325,350,-1,-1,0,0
306.401,259.016,4.516,-4.248,320,345,-1,-1,0,0
310.917,254.768,4.516,-4.248,315,340,-1,-1,0,0
315.433,250.52,4.516,-4.248,310,335,-1,-1,0,0
319.948,246.272,4.516,-4.248,305,330,-1,-1,0,0
324.464,242.023,4.516,-4.248,300,325,-1,-1,0,0
328.98,237.775,4.516,-4.248,295,320,-1,-1,0,0
333.496,233.527,4.516,-4.248,290,315,-1,-1,0,0
338.012,229.279,4.516,-4.248,285,310,-1,-1,0,0
342.527,225.031,4.516,-4.248,280,305,-1,-1,0,0
347.043,220.782,4.516,-4.248,275,300,-1,-1,0,0
351.559,216.534,4.516,-4.248,270,295,-1,-1,0,0
356.075,212.286,4.516,-4.248,265,290,-1,-1,0,0
360.591,208.038,4.516,-4.248,260,285,-1,-1,0,0
365.106,203.789,4.516,-4.248,255,280,-1,-1,0,0
369.622,199.541,4.516,-4.248,250,275,-1,-1,0,0
374.138,195.293,4.516,-4.248,245,270,-1,-1,0,0
378.654,191.045,4.516,-4.248,240,265,-1,-1,0,0
383.17,186.796,4.516,-4.248,235,260,-1,-1,0,0
387.685,182.548,4.516,-4.248,230,255,-1,-1,0,0
392.201,178.3,4.516,-4.248,225,250,-1,-1,0,0
396.717,174.052,4.516,-4.248,220,245,-1,-1,0,0
401.233,169.803,4.516,-4.248,215,240,-1,-1,0,0
405.749,165.555,4.516,-4.248,210,235,-1,-1,0,0
410.264,161.307,4.516,-4.248,205,230,-1,-1,0,0
414.78,157.059,4.516,-4.248,200,225,-1,-1,0,0
419.296,152.811,4.516,-4.248,195,220,-1,-1,0,0
423.812,148.562,4.516,-4.248,190,215,-1,-1,0,0
428.328,144.314,4.516,-4.248,185,210,-1,-1,0,0
432.843,140.066,4.516,-4.248,180,205,-1,-1,0,0
437.359,135.818,4.516,-4.248,175,200,-1,-1,0,0
441.875,131.569,4.516,-4.248,170,195,-1,-1,0,0
446.391,127.321,4.516,-4.248,165,190,-1,-1,0,0
450.907,123.073,4.516,-4.248,160,185,-1,-1,0,0
455.422,118.825,4.516,-4.248,155,180,-1,-1,0,0
459.938,114.576,4.516,-4.248,150,175,-1,-1,0,0
464.454,110.328,4.516,-4.248,145,170,-1,-1,0,0
468.97,106.08,4.516,-4.248,140,165,-1,-1,0,0
473.486,101.832,4.516,-4.248,135,160,-1,-1,0,0
478.001,97.583,4.516,-4.248,130,155,-1,-1,0,0
482.517,93.335,4.516,-4.248,125,150,-1,-1,0,0
487.033,89.087,4.516,-4.248,120,145,-1,-1,0,0
491.549,84.839,4.516,-4.248,120,140,0,-1,0,0
496.065,80.591,4.516,-4.248,120,135,0,-1,0,0
500.581,76.342,4.516,-4.248,120,130,0,-1,0,0
505.096,72.094,4.516,-4.248,120,125,0,-1,0,0
509.612,67.846,4.516,-4.248,120,120,0,-1,0,0
514.128,63.598,4.516,-4.248,120,115,0,-1,0,0
518.644,59.349,4.516,-4.248,120,110,0,-1,0,0
523.16,55.101,4.516,-4.248,120,105,0,-1,0,0
527.675,50.853,4.516,-4.248,120,100,0,-1,0,0
532.191,46.605,4.516,-4.248,120,95,0,-1,0,0
536.707,42.356,4.516,-4.248,120,90,0,-1,0,0
541.223,38.108,4.516,-4.248,120,85,0,-1,0,0
545.739,33.86,4.516,-4.248,120,80,0,-1,0,0
550.254,29.612,4.516,-4.248,120,75,0,-1,0,0
554.77,25.363,4.516,-4.248,120,70,0,-1,0,0
559.286,21.115,4.516,-4.248,115,65,-1,-1,0,0
563.802,16.867,4.516,-4.248,110,60,-1,-1,0,0
568.318,12.619,4.516,-4.248,105,55,-1,-1,0,0
572.833,8.371,4.516,-4.248,100,50,-1,-1,0,0
577.349,6.0,4.516,4.248,95,45,-1,-1,0,0
581.865,10.248,4.516,4.248,90,40,-1,-1,0,0
586.381,14.496,4.516,4.248,85,35,-1,-1,0,0
590.897,18.745,4.516,4.248,80,30,-1,-1,0,0
595.412,22.993,4.516,4.248,75,25,-1,-1,0,0
599.928,27.241,4.516,4.248,75,20,0,-1,0,0
604.444,31.489,4.516,4.248,75,15,0,-1,0,0
608.96,35.738,4.516,4.248,75,10,0,-1,0,0
613.476,39.986,4.516,4.248,75,5,0,-1,0,0
617.991,44.234,4.516,4.248,75,0,0,-1,0,0
622.507,48.482,4.516,4.248,75,0,0,-1,0,0
627.023,52.731,4.516,4.248,75,0,0,-1,0,0
631.539,56.979,4.516,4.248,75,0,0,0,0,0
636.055,61.227,4.516,4.248,75,0,0,0,0,0
640.57,65.475,4.516,4.248,75,0,0,0,0,0
645.086,69.724,4.516,4.248,75,0,0,0,0,0
649.602,73.972,4.516,4.248,80,0,1,0,0,0
654.118,78.22,4.516,4.248,85,0,1,0,0,0
658.634,82.468,4.516,4.248,90,0,1,0,0,0
663.149,86.716,4.516,4.248,95,5,1,1,0,0
667.665,90.965,4.516,4.248,100,10,1,1,0,0
672.181,95.213,4.516,4.248,105,15,1,1,0,0
676.697,99.461,4.516,4.248,110,20,1,1,0,0
681.213,103.709,4.516,4.248,115,25,1,1,0,0
685.729,107.958,4.516,4.248,120,30,1,1,0,0
690.244,112.206,4.516,4.248,125,35,1,1,0,0
694.76,116.454,4.516,4.248,130,40,1,1,0,0
699.276,120.702,4.516,4.248,135,45,1,1,0,0
703.792,124.951,4.516,4.248,140,50,1,1,0,0
708.308,129.199,4.516,4.248,145,55,1,1,0,0
712.823,133.447,4.516,4.248,150,60,1,1,0,0
717.339,137.695,4.516,4.248,155,65,1,1,0,0
721.855,141.944,4.516,4.248,160,70,1,1,0,0
726.371,146.192,4.516,4.248,165,75,1,1,0,0
730.887,150.44,4.516,4.248,170,80,1,1,0,0
735.402,154.688,4.516,4.248,175,85,1,1,0,0
739.918,158.936,4.516,4.248,180,90,1,1,0,0
744.434,163.185,4.516,4.248,185,95,1,1,0,0
748.95,167.433,4.516,4.248,190,100,1,1,0,0
751.0,171.681,-4.978,4.18,195,105,1,1,0,0
746.022,175.861,-4.978,4.18,200,110,1,1,0,0
741.045,180.041,-4.978,4.18,205,115,1,1,0,0
736.067,184.221,-4.978,4.18,210,120,1,1,0,0
731.089,188.401,-4.978,4.18,215,125,1,1,0,0
726.111,192.581,-4.978,4.18,220,130,1,1,0,0
721.134,196.761,-4.978,4.18,225,135,1,1,0,0
716.156,200.941,-4.978,4.18,230,140,1,1,0,0
711.178,205.121,-4.978,4.18,235,145,1,1,0,0
706.201,209.301,-4.978,4.18,240,150,1,1,0,0
701.223,213.481,-4.978,4.18,245,155,1,1,0,0
696.245,217.661,-4.978,4.18,250,160,1,1,0,0
691.268,221.841,-4.978,4.18,255,165,1,1,0,0
686.29,226.021,-4.978,4.18,260,170,1,1,0,0
681.312,230.201,-4.978,4.18,265,175,1,1,0,0
676.334,234.381,-4.978,4.18,270,180,1,1,0,0
671.357,238.561,-4.978,4.18,275,185,1,1,0,0
666.379,242.741,-4.978,4.18,280,190,1,1,0,0
661.401,246.921,-4.978,4.18,285,195,1,1,0,0
656.424,251.101,-4.978,4.18,290,200,1,1,0,0
651.446,255.281,-4.978,4.18,295,205,1,1,0,0
646.468,259.461,-4.978,4.18,300,210,1,1,0,0
641.491,263.641,-4.978,4.18,305,210,1,0,0,0
636.513,267.821,-4.978,4.18,310,210,1,0,0,0
631.535,272.001,-4.978,4.18,315,210,1,0,0,0
626.557,276.181,-4.978,4.18,320,210,1,0,0,0
621.58,280.361,-4.978,4.18,325,210,1,0,0,0
616.602,284.541,-4.978,4.18,330,210,1,0,0,0
611.624,288.721,-4.978,4.18,335,210,1,0,0,0
606.647,292.902,-4.978,4.18,340,210,1,0,0,0
601.669,297.082,-4.978,4.18,345,210,1,0,0,0
596.691,301.262,-4.978,4.18,350,210,1,0,0,0
591.714,305.442,-4.978,4.18,355,210,1,0,0,0
586.736,309.622,-4.978,4.18,360,210,1,0,0,0
581.758,313.802,-4.978,4.18,365,210,1,0,0,0
576.78,317.982,-4.978,4.18,370,210,1,0,0,0
571.803,322.162,-4.978,4.18,375,210,1,0,0,0
566.825,326.342,-4.978,4.18,380,210,1,0,0,0
561.847,330.522,-4.978,4.18,385,210,1,0,0,0
556.87,334.702,-4.978,4.18,390,210,1,0,0,0
551.892,338.882,-4.978,4.18,395,210,1,0,0,0
546.914,343.062,-4.978,4.18,400,210,1,0,0,0
541.937,347.242,-4.978,4.18,405,210,1,0,0,0
536.959,351.422,-4.978,4.18,410,210,1,0,0,0
531.981,355.602,-4.978,4.18,415,210,1,0,0,0
527.003,359.782,-4.978,4.18,420,210,1,0,0,0
522.026,363.962,-4.978,4.18,425,210,1,0,0,0
517.048,368.142,-4.978,4.18,430,210,1,0,0,0
512.07,372.322,-4.978,4.18,435,210,1,0,0,0
507.093,376.502,-4.978,4.18,440,210,1,0,0,0
502.115,380.682,-4.978,4.18,445,210,1,0,0,0
497.137,384.862,-4.978,4.18,450,210,1,0,0,0
492.16,389.042,-4.978,4.18,455,210,1,0,0,0
487.182,393.222,-4.978,4.18,460,210,1,0,0,0
482.204,397.402,-4.978,4.18,465,210,1,0,0,0
477.226,401.582,-4.978,4.18,470,210,1,0,0,0
472.249,405.762,-4.978,4.18,475,210,1,0,0,0
467.271,409.942,-4.978,4.18,470,210,-1,0,0,0
462.293,414.122,-4.978,4.18,465,210,-1,0,0,0
457.316,418.302,-4.978,4.18,460,210,-1,0,0,0
452.338,422.482,-4.978,4.18,455,210,-1,0,0,0
447.36,426.662,-4.978,4.18,450,210,-1,0,0,0
442.383,430.842,-4.978,4.18,445,210,-1,0,0,0
437.405,435.022,-4.978,4.18,440,210,-1,0,0,0
432.427,439.202,-4.978,4.18,435,210,-1,0,0,0
427.449,443.382,-4.978,4.18,430,210,-1,0,0,0
422.472,447.562,-4.978,4.18,425,210,-1,0,0,0
417.494,451.742,-4.978,4.18,420,210,-1,0,0,0
412.516,455.922,-4.978,4.18,415,210,-1,0,0,0
407.539,460.102,-4.978,4.18,410,210,-1,0,0,0
402.561,464.282,-4.978,4.18,405,210,-1,0,0,0
397.583,468.462,-4.978,4.18,400,210,-1,0,0,0
392.606,472.642,-4.978,4.18,395,210,-1,0,0,0
387.628,476.822,-4.978,4.18,390,210,-1,0,0,0
382.65,481.002,-4.978,4.18,385,210,-1,0,0,0
377.672,485.182,-4.978,4.18,380,210,-1,0,0,0
372.695,489.362,-4.978,4.18,375,210,-1,0,0,0
367.717,493.542,-4.978,4.18,375,210,0,0,0,0
362.739,497.722,-4.978,4.18,375,210,0,0,0,0
357.762,501.902,-4.978,4.18,375,210,0,0,0,0
352.784,506.082,-4.978,4.18,375,210,0,0,0,0
347.806,510.262,-4.978,4.18,375,210,0,0,0,0
342.829,514.442,-4.978,4.18,375,210,0,0,0,0
337.851,518.622,-4.978,4.18,375,210,0,0,0,0
332.873,522.802,-4.978,4.18,375,210,0,0,0,0
327.895,526.982,-4.978,4.18,375,210,0,0,0,0
322.918,531.162,-4.978,4.18,375,210,0,0,0,0
317.94,535.342,-4.978,4.18,375,210,0,0,0,0
312.962,539.522,-4.978,4.18,375,210,0,0,0,0
307.985,543.702,-4.978,4.18,375,210,0,0,0,0
303.007,547.882,-4.978,4.18,375,210,0,0,0,0
298.029,552.062,-4.978,4.18,375,210,0,0,0,0
293.052,556.242,-4.978,4.18,375,210,0,0,0,0
288.074,560.422,-4.978,4.18,375,210,0,0,0,0
283.096,564.602,-4.978,4.18,375,210,0,0,0,0
278.118,568.782,-4.978,4.18,375,210,0,0,0,0
273.141,572.962,-4.978,4.18,375,210,0,0,0,0
268.163,577.142,-4.978,4.18,375,210,0,0,0,0
263.185,581.322,-4.978,4.18,375,210,0,0,0,0
258.208,585.502,-4.978,4.18,375,210,0,0,0,0
253.23,589.682,-4.978,4.18,375,210,0,0,0,0
248.252,593.862,-4.978,4.18,375,210,0,0,0,0
243.275,594.0,-4.978,-4.18,375,210,0,0,0,0
238.297,589.82,-4.978,-4.18,375,210,0,0,0,0
233.319,585.64,-4.978,-4.18,375,210,0,0,0,0
228.341,581.46,-4.978,-4.18,375,215,0,1,0,0
223.364,577.28,-4.978,-4.18,375,220,0,1,0,0
218.386,573.1,-4.978,-4.18,375,225,0,1,0,0
213.408,568.92,-4.978,-4.18,375,230,0,1,0,0
208.431,564.74,-4.978,-4.18,375,230,0,0,0,0
203.453,560.56,-4.978,-4.18,375,230,0,0,0,0
198.475,556.38,-4.978,-4.18,375,230,0,0,0,0
193.498,552.2,-4.978,-4.18,375,230,0,0,0,0
188.52,548.02,-4.978,-4.18,375,230,0,0,0,0
183.542,543.84,-4.978,-4.18,375,230,0,0,0,0
178.564,539.66,-4.978,-4.18,375,230,0,0,0,0
173.587,535.48,-4.978,-4.18,375,230,0,0,0,0
168.609,531.3,-4.978,-4.18,375,230,0,0,0,0
163.631,527.12,-4.978,-4.18,375,230,0,0,0,0
158.654,522.94,-4.978,-4.18,375,230,0,0,0,0
153.676,518.76,-4.978,-4.18,375,230,0,0,0,0
148.698,514.58,-4.978,-4.18,375,230,0,0,0,0
143.721,510.4,-4.978,-4.18,375,230,0,0,0,0
138.743,506.22,-4.978,-4.18,375,230,0,0,0,0
133.765,502.04,-4.978,-4.18,375,230,0,0,0,0
128.787,497.86,-4.978,-4.18,375,230,0,0,0,0
123.81,493.68,-4.978,-4.18,375,225,0,-1,0,0
118.832,489.5,-4.978,-4.18,375,220,0,-1,0,0
113.854,485.32,-4.978,-4.18,375,215,0,-1,0,0
108.877,481.14,-4.978,-4.18,375,210,0,-1,0,0
103.899,476.96,-4.978,-4.18,375,205,0,-1,0,0
98.921,472.78,-4.978,-4.18,375,200,0,-1,0,0
93.943,468.6,-4.978,-4.18,375,195,0,-1,0,0
88.966,464.42,-4.978,-4.18,375,190,0,-1,0,0
83.988,460.24,-4.978,-4.18,375,185,0,-1,0,0
79.01,456.06,-4.978,-4.18,375,180,0,-1,0,0
74.033,451.88,-4.978,-4.18,375,175,0,-1,0,0
69.055,447.7,-4.978,-4.18,380,175,1,0,0,0
64.077,443.52,-4.978,-4.18,385,175,1,0,0,0
59.1,439.34,-4.978,-4.18,390,175,1,0,0,0
54.122,435.16,-4.978,-4.18,395,175,1,0,0,0
49.144,430.98,-4.978,-4.18,400,175,1,0,0,0
49.0,426.8,6.043,-3.119,405,175,1,0,0,0
55.043,423.681,6.043,-3.119,410,175,1,0,0,0
61.085,420.562,6.043,-3.119,415,175,1,0,0,0
67.128,417.443,6.043,-3.119,420,175,1,0,0,0
73.17,414.324,6.043,-3.119,425,175,1,0,0,0
79.213,411.205,6.043,-3.119,430,175,1,0,0,0
85.255,408.086,6.043,-3.119,435,175,1,0,0,0
91.298,404.967,6.043,-3.119,440,175,1,0,0,0
97.34,401.848,6.043,-3.119,445,175,1,0,0,0
103.383,398.73,6.043,-3.119,450,175,1,0,0,0
109.426,395.611,6.043,-3.119,455,175,1,0,0,0
115.468,392.492,6.043,-3.119,460,175,1,0,0,0
121.511,389.373,6.043,-3.119,465,175,1,0,0,0
127.553,386.254,6.043,-3.119,470,175,1,0,0,0
133.596,383.135,6.043,-3.119,475,175,1,0,0,0
139.638,380.016,6.043,-3.119,475,175,0,0,0,0
145.681,376.897,6.043,-3.119,475,175,0,0,0,0
151.724,373.778,6.043,-3.119,475,175,0,0,0,0
157.766,370.66,6.043,-3.119,475,175,0,0,0,0
163.809,367.541,6.043,-3.119,470,175,-1,0,0,0
169.851,364.422,6.043,-3.119,465,175,-1,0,0,0
175.894,361.303,6.043,-3.119,460,175,-1,0,0,0
181.936,358.184,6.043,-3.119,455,175,-1,0,0,0
187.979,355.065,6.043,-3.119,450,175,-1,0,0,0
194.021,351.946,6.043,-3.119,445,175,-1,0,0,0
200.064,348.827,6.043,-3.119,440,175,-1,0,0,0
206.107,345.708,6.043,-3.119,435,175,-1,0,0,0
212.149,342.59,6.043,-3.119,430,175,-1,0,0,0
218.192,339.471,6.043,-3.119,425,175,-1,0,0,0
224.234,336.352,6.043,-3.119,420,175,-1,0,0,0
230.277,333.233,6.043,-3.119,415,175,-1,0,0,0
236.319,330.114,6.043,-3.119,410,175,-1,0,0,0
242.362,326.995,6.043,-3.119,405,175,-1,0,0,0
248.404,323.876,6.043,-3.119,400,175,-1,0,0,0
254.447,320.757,6.043,-3.119,395,175,-1,0,0,0
260.49,317.638,6.043,-3.119,390,175,-1,0,0,0
266.532,314.52,6.043,-3.119,385,175,-1,0,0,0
272.575,311.401,6.043,-3.119,380,175,-1,0,0,0
278.617,308.282,6.043,-3.119,375,175,-1,0,0,0
284.66,305.163,6.043,-3.119,370,175,-1,0,0,0
290.702,302.044,6.043,-3.119,365,175,-1,0,0,0
296.745,298.925,6.043,-3.119,360,175,-1,0,0,0
302.788,295.806,6.043,-3.119,355,175,-1,0,0,0
308.83,292.687,6.043,-3.119,350,175,-1,0,0,0
314.873,289.568,6.043,-3.119,345,175,-1,0,0,0
320.915,286.45,6.043,-3.119,340,175,-1,0,0,0
326.958,283.331,6.043,-3.119,335,175,-1,0,0,0
333.0,280.212,6.043,-3.119,330,175,-1,0,0,0
339.043,277.093,6.043,-3.119,325,175,-1,0,0,0
345.085,273.974,6.043,-3.119,320,175,-1,0,0,0
351.128,270.855,6.043,-3.119,320,175,0,0,0,0
357.171,267.736,6.043,-3.119,320,175,0,0,0,0
363.213,264.617,6.043,-3.119,320,175,0,0,0,0
369.256,261.498,6.043,-3.119,320,175,0,0,0,0
375.298,258.38,6.043,-3.119,320,175,0,0,0,0
381.341,255.261,6.043,-3.119,320,175,0,0,0,0
387.383,252.142,6.043,-3.119,320,175,0,0,0,0
393.426,249.023,6.043,-3.119,320,175,0,0,0,0
399.468,245.904,6.043,-3.119,320,175,0,0,0,0
405.511,242.785,6.043,-3.119,320,175,0,0,0,0
411.554,239.666,6.043,-3.119,320,175,0,0,0,0
417.596,236.547,6.043,-3.119,320,175,0,0,0,0
423.639,233.428,6.043,-3.119,320,175,0,0,0,0
429.681,230.31,6.043,-3.119,320,175,0,0,0,0
435.724,227.191,6.043,-3.119,320,175,0,0,0,0
441.766,224.072,6.043,-3.119,320,175,0,0,0,0
447.809,220.953,6.043,-3.119,320,170,0,-1,0,0
453.852,217.834,6.043,-3.119,320,165,0,-1,0,0
459.894,214.715,6.043,-3.119,320,160,0,-1,0,0
465.937,211.596,6.043,-3.119,315,155,-1,-1,0,0
471.979,208.477,6.043,-3.119,310,150,-1,-1,0,0
478.022,205.358,6.043,-3.119,305,145,-1,-1,0,0
484.064,202.24,6.043,-3.119,300,140,-1,-1,0,0
490.107,199.121,6.043,-3.119,295,135,-1,-1,0,0
496.149,196.002,6.043,-3.119,290,130,-1,-1,0,0
502.192,192.883,6.043,-3.119,285,125,-1,-1,0,0
508.235,189.764,6.043,-3.119,280,120,-1,-1,0,0
514.277,186.645,6.043,-3.119,275,115,-1,-1,0,0
520.32,183.526,6.043,-3.119,270,115,-1,0,0,0
526.362,180.407,6.043,-3.119,265,115,-1,0,0,0
532.405,177.288,6.043,-3.119,260,115,-1,0,0,0
538.447,174.17,6.043,-3.119,255,115,-1,0,0,0
544.49,171.051,6.043,-3.119,250,115,-1,0,0,0
550.532,167.932,6.043,-3.119,245,115,-1,0,0,0
556.575,164.813,6.043,-3.119,240,115,-1,0,0,0
562.618,161.694,6.043,-3.119,235,115,-1,0,0,0
568.66,158.575,6.043,-3.119,230,115,-1,0,0,0
574.703,155.456,6.043,-3.119,225,115,-1,0,0,0
580.745,152.337,6.043,-3.119,220,115,-1,0,0,0
586.788,149.218,6.043,-3.119,215,115,-1,0,0,0
592.83,146.1,6.043,-3.119,210,115,-1,0,0,0
598.873,142.981,6.043,-3.119,205,115,-1,0,0,0
604.916,139.862,6.043,-3.119,205,115,0,0,0,0
610.958,136.743,6.043,-3.119,205,115,0,0,0,0
617.001,133.624,6.043,-3.119,205,115,0,0,0,0
623.043,130.505,6.043,-3.119,205,115,0,0,0,0
629.086,127.386,6.043,-3.119,205,115,0,0,0,0
635.128,124.267,6.043,-3.119,205,115,0,0,0,0
641.171,121.148,6.043,-3.119,205,115,0,0,0,0
647.213,118.03,6.043,-3.119,205,115,0,0,0,0
653.256,114.911,6.043,-3.119,205,115,0,0,0,0
659.299,111.792,6.043,-3.119,205,115,0,0,0,0
665.341,108.673,6.043,-3.119,205,115,0,0,0,0
671.384,105.554,6.043,-3.119,205,115,0,0,0,0
677.426,102.435,6.043,-3.119,200,110,-1,-1,0,0
683.469,99.316,6.043,-3.119,195,105,-1,-1,0,0
689.511,96.197,6.043,-3.119,190,100,-1,-1,0,0
695.554,93.078,6.043,-3.119,185,95,-1,-1,0,0
701.597,89.96,6.043,-3.119,180,90,-1,-1,0,0
707.639,86.841,6.043,-3.119,175,85,-1,-1,0,0
713.682,83.722,6.043,-3.119,170,80,-1,-1,0,0
719.724,80.603,6.043,-3.119,165,75,-1,-1,0,0
725.767,77.484,6.043,-3.119,160,70,-1,-1,0,0
731.809,74.365,6.043,-3.119,155,65,-1,-1,0,0
737.852,71.246,6.043,-3.119,150,60,-1,-1,0,0
743.894,68.127,6.043,-3.119,145,55,-1,-1,0,0
749.937,65.008,6.043,-3.119,140,50,-1,-1,0,0
751.0,61.89,-5.84,-4.038,135,45,-1,-1,0,0
745.16,57.851,-5.84,-4.038,130,40,-1,-1,0,0
739.321,53.813,-5.84,-4.038,125,35,-1,-1,0,0
733.481,49.774,-5.84,-4.038,120,30,-1,-1,0,0
727.641,45.736,-5.84,-4.038,115,25,-1,-1,0,0
721.802,41.698,-5.84,-4.038,110,20,-1,-1,0,0
715.962,37.659,-5.84,-4.038,105,15,-1,-1,0,0
710.122,33.621,-5.84,-4.038,100,10,-1,-1,0,0
704.283,29.583,-5.84,-4.038,95,5,-1,-1,0,0
698.443,25.544,-5.84,-4.038,90,0,-1,-1,0,0
692.604,21.506,-5.84,-4.038,85,0,-1,-1,0,0
686.764,17.467,-5.84,-4.038,80,0,-1,-1,0,0
680.924,13.429,-5.84,-4.038,75,0,-1,-1,0,0
675.085,9.391,-5.84,-4.038,75,0,0,-1,0,0
669.245,6.0,-5.84,4.038,75,0,0,0,0,0
663.405,10.038,-5.84,4.038,75,0,0,0,0,0
657.566,14.077,-5.84,4.038,75,0,0,0,0,0
651.726,18.115,-5.84,4.038,75,0,0,0,0,0
645.886,22.154,-5.84,4.038,75,0,0,0,0,0
640.047,26.192,-5.84,4.038,75,0,0,0,0,0
634.207,30.23,-5.84,4.038,75,0,0,0,0,0
628.367,34.269,-5.84,4.038,75,0,0,0,0,0
622.528,38.307,-5.84,4.038,75,0,0,0,0,0
616.688,42.345,-5.84,4.038,75,0,0,0,0,0
610.848,46.384,-5.84,4.038,75,0,0,0,0,0
605.009,50.422,-5.84,4.038,75,0,0,0,0,0
599.169,54.461,-5.84,4.038,80,0,1,0,0,0
593.33,58.499,-5.84,4.038,85,0,1,0,0,0
587.49,62.537,-5.84,4.038,90,0,1,0,0,0
581.65,66.576,-5.84,4.038,95,0,1,0,0,0
575.811,70.614,-5.84,4.038,100,0,1,0,0,0
569.971,74.652,-5.84,4.038,105,0,1,0,0,0
564.131,78.691,-5.84,4.038,110,0,1,0,0,0
558.292,82.729,-5.84,4.038,115,0,1,0,0,0
552.452,86.768,-5.84,4.038,120,0,1,0,0,0
546.612,90.806,-5.84,4.038,125,0,1,0,0,0
540.773,94.844,-5.84,4.038,130,0,1,0,0,0
534.933,98.883,-5.84,4.038,135,0,1,0,0,0
529.093,102.921,-5.84,4.038,140,0,1,0,0,0
523.254,106.96,-5.84,4.038,145,0,1,0,0,0
517.414,110.998,-5.84,4.038,150,0,1,0,0,0
511.574,115.036,-5.84,4.038,155,0,1,0,0,0
505.735,119.075,-5.84,4.038,160,0,1,0,0,0
499.895,123.113,-5.84,4.038,165,0,1,0,0,0
494.056,127.151,-5.84,4.038,170,0,1,0,0,0
488.216,131.19,-5.84,4.038,175,0,1,0,0,0
482.376,135.228,-5.84,4.038,180,0,1,0,0,0
476.537,139.267,-5.84,4.038,185,0,1,0,0,0
470.697,143.305,-5.84,4.038,190,0,1,0,0,0
464.857,147.343,-5.84,4.038,195,0,1,0,0,0
459.018,151.382,-5.84,4.038,200,0,1,0,0,0
453.178,155.42,-5.84,4.038,205,0,1,0,0,0
447.338,159.459,-5.84,4.038,210,0,1,0,0,0
441.499,163.497,-5.84,4.038,215,0,1,0,0,0
435.659,167.535,-5.84,4.038,220,0,1,0,0,0
429.819,171.574,-5.84,4.038,225,0,1,0,0,0
423.98,175.612,-5.84,4.038,230,0,1,0,0,0
418.14,179.65,-5.84,4.038,235,0,1,0,0,0
412.301,183.689,-5.84,4.038,240,0,1,0,0,0
406.461,187.727,-5.84,4.038,245,0,1,0,0,0
400.621,191.766,-5.84,4.038,250,0,1,0,0,0
394.782,195.804,-5.84,4.038,255,0,1,0,0,0
388.942,199.842,-5.84,4.038,260,0,1,0,0,0
383.102,203.881,-5.84,4.038,265,0,1,0,0,0
377.263,207.919,-5.84,4.038,270,0,1,0,0,0
371.423,211.957,-5.84,4.038,275,0,1,0,0,0
365.583,215.996,-5.84,4.038,280,0,1,0,0,0
359.744,220.034,-5.84,4.038,285,0,1,0,0,0
353.904,224.073,-5.84,4.038,290,0,1,0,0,0
348.064,228.111,-5.84,4.038,295,0,1,0,0,0
342.225,232.149,-5.84,4.038,300,0,1,0,0,0
336.385,236.188,-5.84,4.038,305,0,1,0,0,0
330.545,240.226,-5.84,4.038,305,0,0,0,0,0
324.706,244.265,-5.84,4.038,305,0,0,0,0,0
318.866,248.303,-5.84,4.038,305,0,0,0,0,0
313.027,252.341,-5.84,4.038,305,0,0,0,0,0
307.187,256.38,-5.84,4.038,305,0,0,0,0,0
301.347,260.418,-5.84,4.038,305,0,0,0,0,0
295.508,264.456,-5.84,4.038,305,0,0,0,0,0
289.668,268.495,-5.84,4.038,305,0,0,0,0,0
283.828,272.533,-5.84,4.038,305,0,0,0,0,0
277.989,276.572,-5.84,4.038,305,0,0,0,0,0
272.149,280.61,-5.84,4.038,305,0,0,0,0,0
266.309,284.648,-5.84,4.038,305,0,0,0,0,0
260.47,288.687,-5.84,4.038,305,0,0,0,0,0
254.63,292.725,-5.84,4.038,305,0,0,0,0,0
248.79,296.764,-5.84,4.038,305,0,0,0,0,0
242.951,300.802,-5.84,4.038,305,0,0,0,0,0
237.111,304.84,-5.84,4.038,305,0,0,0,0,0
231.271,308.879,-5.84,4.038,305,0,0,0,0,0
225.432,312.917,-5.84,4.038,305,0,0,0,0,0
219.592,316.955,-5.84,4.038,310,0,1,0,0,0
213.753,320.994,-5.84,4.038,315,0,1,0,0,0
207.913,325.032,-5.84,4.038,320,0,1,0,0,0
202.073,329.071,-5.84,4.038,325,0,1,0,0,0
196.234,333.109,-5.84,4.038,330,0,1,0,0,0
190.394,337.147,-5.84,4.038,335,0,1,0,0,0
184.554,341.186,-5.84,4.038,340,0,1,0,0,0
178.715,345.224,-5.84,4.038,340,0,0,0,0,0
172.875,349.262,-5.84,4.038,340,0,0,0,0,0
167.035,353.301,-5.84,4.038,340,0,0,0,0,0
161.196,357.339,-5.84,4.038,340,0,0,0,0,0
155.356,361.378,-5.84,4.038,340,0,0,0,0,0
149.516,365.416,-5.84,4.038,340,0,0,0,0,0
143.677,369.454,-5.84,4.038,340,0,0,0,0,0
137.837,373.493,-5.84,4.038,340,0,0,0,0,0
131.997,377.531,-5.84,4.038,340,0,0,0,0,0
126.158,381.57,-5.84,4.038,340,0,0,0,0,0
120.318,385.608,-5.84,4.038,340,0,0,0,0,0
114.479,389.646,-5.84,4.038,345,0,1,0,0,0
108.639,393.685,-5.84,4.038,350,0,1,0,0,0
102.799,397.723,-5.84,4.038,355,0,1,0,0,0
96.96,401.761,-5.84,4.038,360,0,1,0,0,0
91.12,405.8,-5.84,4.038,365,0,1,0,0,0
85.28,409.838,-5.84,4.038,370,0,1,0,0,0
79.441,413.877,-5.84,4.038,375,0,1,0,0,0
73.601,417.915,-5.84,4.038,380,0,1,0,0,0
67.761,421.953,-5.84,4.038,385,0,1,0,0,0
61.922,425.992,-5.84,4.038,390,0,1,0,0,0
56.082,430.03,-5.84,4.038,395,0,1,0,0,0
50.242,434.068,-5.84,4.038,400,0,1,0,0,0
49.0,438.107,7.28,-1.328,405,0,1,0,0,0
56.28,436.779,7.28,-1.328,410,0,1,0,0,0
63.56,435.451,7.28,-1.328,415,0,1,0,0,0
70.839,434.122,7.28,-1.328,420,0,1,0,0,0
78.119,432.794,7.28,-1.328,425,0,1,0,0,0
85.399,431.466,7.28,-1.328,430,0,1,0,0,0
92.679,430.138,7.28,-1.328,435,0,1,0,0,0
99.959,428.81,7.28,-1.328,440,0,1,0,0,0
107.239,427.481,7.28,-1.328,445,0,1,0,0,0
114.518,426.153,7.28,-1.328,450,0,1,0,0,0
121.798,424.825,7.28,-1.328,455,0,1,0,0,0
129.078,423.497,7.28,-1.328,460,0,1,0,0,0
136.358,422.169,7.28,-1.328,465,0,1,0,0,0
143.638,420.841,7.28,-1.328,470,0,1,0,0,0
150.918,419.512,7.28,-1.328,475,0,1,0,0,0
158.197,418.184,7.28,-1.328,480,0,1,0,0,0
165.477,416.856,7.28,-1.328,485,0,1,0,0,0
172.757,415.528,7.28,-1.328,490,0,1,0,0,0
180.037,414.2,7.28,-1.328,495,0,1,0,0,0
187.317,412.871,7.28,-1.328,500,0,1,0,0,0
194.597,411.543,7.28,-1.328,505,0,1,0,0,0
201.876,410.215,7.28,-1.328,510,0,1,0,0,0
209.156,408.887,7.28,-1.328,515,0,1,0,0,0
216.436,407.559,7.28,-1.328,520,0,1,0,0,0
223.716,406.231,7.28,-1.328,520,0,1,0,0,0
230.996,404.902,7.28,-1.328,520,0,1,0,0,0
238.276,403.574,7.28,-1.328,520,0,0,0,0,0
245.555,402.246,7.28,-1.328,520,0,0,0,0,0
252.835,400.918,7.28,-1.328,520,5,0,1,0,0
260.115,399.59,7.28,-1.328,520,10,0,1,0,0
267.395,398.262,7.28,-1.328,520,15,0,1,0,0
274.675,396.933,7.28,-1.328,520,20,0,1,0,0
281.955,395.605,7.28,-1.328,520,25,0,1,0,0
289.234,394.277,7.28,-1.328,520,30,0,1,0,0
296.514,392.949,7.28,-1.328,520,35,0,1,0,0
303.794,391.621,7.28,-1.328,520,40,0,1,0,0
311.074,390.292,7.28,-1.328,520,40,0,0,0,0
318.354,388.964,7.28,-1.328,520,40,0,0,0,0
325.634,387.636,7.28,-1.328,520,40,0,0,0,0
332.913,386.308,7.28,-1.328,520,40,0,0,0,0
340.193,384.98,7.28,-1.328,520,35,0,-1,0,0
347.473,383.652,7.28,-1.328,520,30,0,-1,0,0
354.753,382.323,7.28,-1.328,520,25,0,-1,0,0
362.033,380.995,7.28,-1.328,520,20,0,-1,0,0
369.313,379.667,7.28,-1.328,520,15,0,-1,0,0
376.592,378.339,7.28,-1.328,520,10,0,-1,0,0
383.872,377.011,7.28,-1.328,520,5,0,-1,0,0
391.152,375.683,7.28,-1.328,520,10,0,1,0,0
398.432,374.354,7.28,-1.328,520,15,0,1,0,0
405.712,373.026,7.28,-1.328,520,20,0,1,0,0
412.992,371.698,7.28,-1.328,520,25,0,1,0,0
420.271,370.37,7.28,-1.328,520,30,0,1,0,0
427.551,369.042,7.28,-1.328,520,35,0,1,0,0
434.831,367.713,7.28,-1.328,520,40,0,1,0,0
442.111,366.385,7.28,-1.328,520,45,0,1,0,0
449.391,365.057,7.28,-1.328,520,50,0,1,0,0
456.671,363.729,7.28,-1.328,520,55,0,1,0,0
463.95,362.401,7.28,-1.328,520,60,0,1,0,0
471.23,361.073,7.28,-1.328,520,65,0,1,0,0
478.51,359.744,7.28,-1.328,520,70,0,1,0,0
485.79,358.416,7.28,-1.328,520,75,0,1,0,0
493.07,357.088,7.28,-1.328,520,80,0,1,0,0
500.35,355.76,7.28,-1.328,520,85,0,1,0,0
507.629,354.432,7.28,-1.328,520,90,0,1,0,0
514.909,353.103,7.28,-1.328,520,95,0,1,0,0
522.189,351.775,7.28,-1.328,520,100,0,1,0,0
529.469,350.447,7.28,-1.328,520,105,0,1,0,0
536.749,349.119,7.28,-1.328,520,110,0,1,0,0
544.029,347.791,7.28,-1.328,520,115,0,1,0,0
551.308,346.463,7.28,-1.328,520,120,0,1,0,0
558.588,345.134,7.28,-1.328,520,125,0,1,0,0
565.868,343.806,7.28,-1.328,520,130,0,1,0,0
573.148,342.478,7.28,-1.328,520,135,0,1,0,0
580.428,341.15,7.28,-1.328,520,140,0,1,0,0
587.708,339.822,7.28,-1.328,520,145,0,1,0,0
594.987,338.494,7.28,-1.328,520,150,0,1,0,0
602.267,337.165,7.28,-1.328,520,155,0,1,0,0
609.547,335.837,7.28,-1.328,520,160,0,1,0,0
616.827,334.509,7.28,-1.328,520,165,0,1,0,0
624.107,333.181,7.28,-1.328,520,170,0,1,0,0
631.387,331.853,7.28,-1.328,520,175,0,1,0,0
638.666,330.524,7.28,-1.328,520,180,0,1,0,0
645.946,329.196,7.28,-1.328,520,185,0,1,0,0
653.226,327.868,7.28,-1.328,520,190,0,1,0,0
660.506,326.54,7.28,-1.328,520,195,0,1,0,0
667.786,325.212,7.28,-1.328,520,200,0,1,0,0
675.065,323.884,7.28,-1.328,520,205,0,1,0,0
682.345,322.555,7.28,-1.328,520,210,0,1,0,0
689.625,321.227,7.28,-1.328,520,215,0,1,0,0
696.905,319.899,7.28,-1.328,520,220,0,1,0,0
704.185,318.571,7.28,-1.328,520,225,0,1,0,0
711.465,317.243,7.28,-1.328,520,230,0,1,0,0
718.744,315.915,7.28,-1.328,520,235,0,1,0,0
726.024,314.586,7.28,-1.328,520,240,0,1,0,0
733.304,313.258,7.28,-1.328,520,245,0,1,0,0
740.584,311.93,7.28,-1.328,520,250,0,1,0,0
747.864,310.602,7.28,-1.328,520,255,0,1,0,0
751.0,309.274,-7.474,1.851,520,260,0,1,0,0
743.526,311.125,-7.474,1.851,520,265,0,1,0,0
736.052,312.976,-7.474,1.851,520,270,0,1,0,0
728.577,314.827,-7.474,1.851,520,275,0,1,0,0
721.103,316.678,-7.474,1.851,520,280,0,1,0,0
713.629,318.529,-7.474,1.851,520,285,0,1,0,0
706.155,320.38,-7.474,1.851,515,285,-1,0,0,0
698.681,322.231,-7.474,1.851,510,285,-1,0,0,0
691.207,324.083,-7.474,1.851,505,285,-1,0,0,0
683.732,325.934,-7.474,1.851,500,285,-1,0,0,0
676.258,327.785,-7.474,1.851,495,285,-1,0,0,0
668.784,329.636,-7.474,1.851,490,285,-1,0,0,0
661.31,331.487,-7.474,1.851,485,285,-1,0,0,0
653.836,333.338,-7.474,1.851,480,285,-1,0,0,0
646.361,335.189,-7.474,1.851,475,285,-1,0,0,0
638.887,337.04,-7.474,1.851,470,285,-1,0,0,0
631.413,338.891,-7.474,1.851,465,285,-1,0,0,0
623.939,340.743,-7.474,1.851,460,285,-1,0,0,0
616.465,342.594,-7.474,1.851,455,285,-1,0,0,0
608.991,344.445,-7.474,1.851,450,285,-1,0,0,0
601.516,346.296,-7.474,1.851,445,285,-1,0,0,0
594.042,348.147,-7.474,1.851,440,285,-1,0,0,0
586.568,349.998,-7.474,1.851,435,285,-1,0,0,0
579.094,351.849,-7.474,1.851,430,285,-1,0,0,0
571.62,353.7,-7.474,1.851,425,285,-1,0,0,0
564.145,355.552,-7.474,1.851,420,285,-1,0,0,0
556.671,357.403,-7.474,1.851,415,285,-1,0,0,0
549.197,359.254,-7.474,1.851,415,285,0,0,0,0
541.723,361.105,-7.474,1.851,415,285,0,0,0,0
534.249,362.956,-7.474,1.851,415,285,0,0,0,0
526.775,364.807,-7.474,1.851,415,285,0,0,0,0
519.3,366.658,-7.474,1.851,415,285,0,0,0,0
511.826,368.509,-7.474,1.851,415,285,0,0,0,0
504.352,370.36,-7.474,1.851,415,285,0,0,0,0
496.878,372.212,-7.474,1.851,415,285,0,0,0,0
489.404,374.063,-7.474,1.851,415,285,0,0,0,0
481.93,375.914,-7.474,1.851,415,285,0,0,0,0
474.455,377.765,-7.474,1.851,415,285,0,0,0,0
466.981,379.616,-7.474,1.851,415,285,0,0,0,0
459.507,381.467,-7.474,1.851,415,285,0,0,0,0
452.033,383.318,-7.474,1.851,415,285,0,0,0,0
444.559,385.169,-7.474,1.851,415,285,0,0,0,0
437.084,387.02,-7.474,1.851,415,285,0,0,0,0
429.61,388.872,-7.474,1.851,415,285,0,0,0,0
422.136,390.723,-7.474,1.851,415,285,0,0,0,0
414.662,392.574,-7.474,1.851,415,285,0,0,0,0
407.188,394.425,-7.474,1.851,415,285,0,0,0,0
399.714,396.276,-7.474,1.851,415,285,0,0,0,0
392.239,398.127,-7.474,1.851,415,285,0,0,0,0
384.765,399.978,-7.474,1.851,415,285,0,0,0,0
377.291,401.829,-7.474,1.851,415,285,0,0,0,0
369.817,403.681,-7.474,1.851,415,285,0,0,0,0
362.343,405.532,-7.474,1.851,415,285,0,0,0,0
354.868,407.383,-7.474,1.851,415,285,0,0,0,0
347.394,409.234,-7.474,1.851,415,285,0,0,0,0
339.92,411.085,-7.474,1.851,415,285,0,0,0,0
332.446,412.936,-7.474,1.851,415,285,0,0,0,0
324.972,414.787,-7.474,1.851,415,285,0,0,0,0
317.498,416.638,-7.474,1.851,415,285,0,0,0,0
310.023,418.489,-7.474,1.851,415,285,0,0,0,0
302.549,420.341,-7.474,1.851,415,285,0,0,0,0
295.075,422.192,-7.474,1.851,415,285,0,0,0,0
287.601,424.043,-7.474,1.851,415,285,0,0,0,0
280.127,425.894,-7.474,1.851,415,285,0,0,0,0
272.652,427.745,-7.474,1.851,415,285,0,0,0,0
265.178,429.596,-7.474,1.851,415,285,0,0,0,0
257.704,431.447,-7.474,1.851,415,285,0,0,0,0
250.23,433.298,-7.474,1.851,415,285,0,0,0,0
242.756,435.149,-7.474,1.851,415,285,0,0,0,0
235.282,437.001,-7.474,1.851,420,285,1,0,0,0
227.807,438.852,-7.474,1.851,425,285,1,0,0,0
220.333,440.703,-7.474,1.851,430,285,1,0,0,0
212.859,442.554,-7.474,1.851,435,285,1,0,0,0
205.385,444.405,-7.474,1.851,435,285,0,0,0,0
197.911,446.256,-7.474,1.851,435,285,0,0,0,0
190.436,448.107,-7.474,1.851,435,285,0,0,0,0
182.962,449.958,-7.474,1.851,435,285,0,0,0,0
175.488,451.81,-7.474,1.851,435,285,0,0,0,0
168.014,453.661,-7.474,1.851,435,285,0,0,0,0
160.54,455.512,-7.474,1.851,435,285,0,0,0,0
153.066,457.363,-7.474,1.851,435,285,0,0,0,0
145.591,459.214,-7.474,1.851,435,285,0,0,0,0
138.117,461.065,-7.474,1.851,435,285,0,0,0,0
130.643,462.916,-7.474,1.851,435,285,0,0,0,0
123.169,464.767,-7.474,1.851,435,285,0,0,0,0
115.695,466.618,-7.474,1.851,435,285,0,0,0,0
108.221,468.47,-7.474,1.851,435,285,0,0,0,0
100.746,470.321,-7.474,1.851,435,285,0,0,0,0
93.272,472.172,-7.474,1.851,435,285,0,0,0,0
85.798,474.023,-7.474,1.851,440,285,1,0,0,0
78.324,475.874,-7.474,1.851,445,285,1,0,0,0
70.85,477.725,-7.474,1.851,450,285,1,0,0,0
63.375,479.576,-7.474,1.851,455,285,1,0,0,0
55.901,481.427,-7.474,1.851,455,285,0,0,0,0
48.427,483.279,-7.474,1.851,455,285,0,0,0,0
49.0,485.13,7.734,-2.044,455,285,0,0,0,0
56.734,483.085,7.734,-2.044,455,285,0,0,0,0
64.469,481.041,7.734,-2.044,455,285,0,0,0,0
72.203,478.997,7.734,-2.044,455,285,0,0,0,0
79.938,476.952,7.734,-2.044,455,285,0,0,0,0
87.672,474.908,7.734,-2.044,455,285,0,0,0,0
95.406,472.864,7.734,-2.044,455,285,0,0,0,0
103.141,470.819,7.734,-2.044,455,285,0,0,0,0
110.875,468.775,7.734,-2.044,455,285,0,0,0,0
118.609,466.731,7.734,-2.044,455,285,0,0,0,0
126.344,464.686,7.734,-2.044,455,285,0,0,0,0
134.078,462.642,7.734,-2.044,455,285,0,0,0,0
141.813,460.598,7.734,-2.044,455,285,0,0,0,0
149.547,458.554,7.734,-2.044,455,285,0,0,0,0
157.281,456.509,7.734,-2.044,455,285,0,0,0,0
165.016,454.465,7.734,-2.044,455,285,0,0,0,0
172.75,452.421,7.734,-2.044,455,285,0,0,0,0
180.485,450.376,7.734,-2.044,455,285,0,0,0,0
188.219,448.332,7.734,-2.044,455,285,0,0,0,0
195.953,446.288,7.734,-2.044,455,285,0,0,0,0
203.688,444.243,7.734,-2.044,455,285,0,0,0,0
211.422,442.199,7.734,-2.044,455,285,0,0,0,0
219.157,440.155,7.734,-2.044,455,285,0,0,0,0
226.891,438.11,7.734,-2.044,455,285,0,0,0,0
234.625,436.066,7.734,-2.044,455,285,0,0,0,0
242.36,434.022,7.734,-2.044,455,285,0,0,0,0
250.094,431.977,7.734,-2.044,455,285,0,0,0,0
257.828,429.933,7.734,-2.044,455,285,0,0,0,0
265.563,427.889,7.734,-2.044,455,285,0,0,0,0
273.297,425.844,7.734,-2.044,455,285,0,0,0,0
281.032,423.8,7.734,-2.044,455,285,0,0,0,0
288.766,421.756,7.734,-2.044,455,285,0,0,0,0
296.5,419.711,7.734,-2.044,455,285,0,0,0,0
304.235,417.667,7.734,-2.044,455,285,0,0,0,0
311.969,415.623,7.734,-2.044,455,285,0,0,0,0
319.704,413.579,7.734,-2.044,455,285,0,0,0,0
327.438,411.534,7.734,-2.044,455,285,0,0,0,0
335.172,409.49,7.734,-2.044,455,285,0,0,0,0
342.907,407.446,7.734,-2.044,455,285,0,0,0,0
350.641,405.401,7.734,-2.044,455,285,0,0,0,0
358.376,403.357,7.734,-2.044,455,285,0,0,0,0
366.11,401.313,7.734,-2.044,455,285,0,0,0,0
373.844,399.268,7.734,-2.044,455,285,0,0,0,0
381.579,397.224,7.734,-2.044,455,285,0,0,0,0
389.313,395.18,7.734,-2.044,455,285,0,0,0,0
397.047,393.135,7.734,-2.044,455,285,0,0,0,0
404.782,391.091,7.734,-2.044,455,285,0,0,0,0
412.516,389.047,7.734,-2.044,455,285,0,0,0,0
420.251,387.002,7.734,-2.044,455,285,0,0,0,0
427.985,384.958,7.734,-2.044,455,285,0,0,0,0
435.719,382.914,7.734,-2.044,455,285,0,0,0,0
443.454,380.869,7.734,-2.044,455,285,0,0,0,0
451.188,378.825,7.734,-2.044,455,285,0,0,0,0
458.923,376.781,7.734,-2.044,455,285,0,0,0,0
466.657,374.736,7.734,-2.044,455,285,0,0,0,0
474.391,372.692,7.734,-2.044,455,285,0,0,0,0
482.126,370.648,7.734,-2.044,455,285,0,0,0,0
489.86,368.604,7.734,-2.044,455,285,0,0,0,0
497.595,366.559,7.734,-2.044,455,285,0,0,0,0
505.329,364.515,7.734,-2.044,455,285,0,0,0,0
513.063,362.471,7.734,-2.044,455,285,0,0,0,0
520.798,360.426,7.734,-2.044,455,285,0,0,0,0
528.532,358.382,7.734,-2.044,455,285,0,0,0,0
536.266,356.338,7.734,-2.044,455,285,0,0,0,0
544.001,354.293,7.734,-2.044,455,285,0,0,0,0
551.735,352.249,7.734,-2.044,455,285,0,0,0,0
559.47,350.205,7.734,-2.044,455,285,0,0,0,0
567.204,348.16,7.734,-2.044,455,285,0,0,0,0
574.938,346.116,7.734,-2.044,455,285,0,0,0,0
582.673,344.072,7.734,-2.044,455,285,0,0,0,0
590.407,342.027,7.734,-2.044,455,285,0,0,0,0
598.142,339.983,7.734,-2.044,455,285,0,0,0,0
605.876,337.939,7.734,-2.044,455,285,0,0,0,0
613.61,335.894,7.734,-2.044,455,285,0,0,0,0
621.345,333.85,7.734,-2.044,455,285,0,0,0,0
629.079,331.806,7.734,-2.044,455,285,0,0,0,0
636.814,329.762,7.734,-2.044,455,280,0,-1,0,0
644.548,327.717,7.734,-2.044,455,275,0,-1,0,0
652.282,325.673,7.734,-2.044,455,270,0,-1,0,0
660.017,323.629,7.734,-2.044,455,265,0,-1,0,0
667.751,321.584,7.734,-2.044,450,260,-1,-1,0,0
675.485,319.54,7.734,-2.044,445,255,-1,-1,0,0
683.22,317.496,7.734,-2.044,440,250,-1,-1,0,0
690.954,315.451,7.734,-2.044,435,245,-1,-1,0,0
698.689,313.407,7.734,-2.044,430,245,-1,0,0,0
706.423,311.363,7.734,-2.044,425,245,-1,0,0,0
714.157,309.318,7.734,-2.044,420,245,-1,0,0,0
721.892,307.274,7.734,-2.044,415,245,-1,0,0,0
729.626,305.23,7.734,-2.044,410,245,-1,0,0,0
737.361,303.185,7.734,-2.044,405,245,-1,0,0,0
745.095,301.141,7.734,-2.044,400,245,-1,0,0,0
752.829,299.097,7.734,-2.044,395,245,-1,0,0,0
751.0,297.052,-7.89,2.576,390,245,-1,0,0,0
743.11,299.628,-7.89,2.576,385,245,-1,0,0,0
735.22,302.204,-7.89,2.576,380,245,-1,0,0,0
727.329,304.779,-7.89,2.576,375,245,-1,0,0,0
719.439,307.355,-7.89,2.576,370,245,-1,0,0,0
711.549,309.931,-7.89,2.576,365,245,-1,0,0,0
703.659,312.507,-7.89,2.576,360,245,-1,0,0,0
695.768,315.082,-7.89,2.576,355,245,-1,0,0,0
687.878,317.658,-7.89,2.576,350,245,-1,0,0,0
679.988,320.234,-7.89,2.576,350,245,0,0,0,0
672.098,322.809,-7.89,2.576,350,245,0,0,0,0
664.207,325.385,-7.89,2.576,350,245,0,0,0,0
656.317,327.961,-7.89,2.576,350,245,0,0,0,0
648.427,330.536,-7.89,2.576,350,245,0,0,0,0
640.537,333.112,-7.89,2.576,350,245,0,0,0,0
632.646,335.688,-7.89,2.576,350,245,0,0,0,0
624.756,338.263,-7.89,2.576,350,245,0,0,0,0
616.866,340.839,-7.89,2.576,350,245,0,0,0,0
608.976,343.415,-7.89,2.576,350,245,0,0,0,0
601.085,345.99,-7.89,2.576,355,245,1,0,0,0
593.195,348.566,-7.89,2.576,360,245,1,0,0,0
585.305,351.142,-7.89,2.576,365,250,1,1,0,0
577.415,353.717,-7.89,2.576,370,255,1,1,0,0
569.524,356.293,-7.89,2.576,375,260,1,1,0,0
561.634,358.869,-7.89,2.576,380,265,1,1,0,0
553.744,361.444,-7.89,2.576,385,270,1,1,0,0
545.854,364.02,-7.89,2.576,390,275,1,1,0,0
537.964,366.596,-7.89,2.576,395,280,1,1,0,0
530.073,369.171,-7.89,2.576,400,285,1,1,0,0
522.183,371.747,-7.89,2.576,405,290,1,1,0,0
514.293,374.323,-7.89,2.576,410,295,1,1,0,0
506.403,376.898,-7.89,2.576,415,300,1,1,0,0
498.512,379.474,-7.89,2.576,420,305,1,1,0,0
490.622,382.05,-7.89,2.576,425,310,1,1,0,0
482.732,384.625,-7.89,2.576,430,315,1,1,0,0
474.842,387.201,-7.89,2.576,435,320,1,1,0,0
466.951,389.777,-7.89,2.576,440,325,1,1,0,0
459.061,392.353,-7.89,2.576,445,330,1,1,0,0
451.171,394.928,-7.89,2.576,450,335,1,1,0,0
443.281,397.504,-7.89,2.576,455,340,1,1,0,0
435.39,400.08,-7.89,2.576,455,340,0,0,0,0
427.5,402.655,-7.89,2.576,455,340,0,0,0,0
419.61,405.231,-7.89,2.576,455,340,0,0,0,0
411.72,407.807,-7.89,2.576,455,340,0,0,0,0
403.829,410.382,-7.89,2.576,455,340,0,0,0,0
395.939,412.958,-7.89,2.576,455,340,0,0,0,0
388.049,415.534,-7.89,2.576,455,340,0,0,0,0
380.159,418.109,-7.89,2.576,455,340,0,0,0,0
372.268,420.685,-7.89,2.576,455,340,0,0,0,0
364.378,423.261,-7.89,2.576,455,340,0,0,0,0
356.488,425.836,-7.89,2.576,455,340,0,0,0,0
348.598,428.412,-7.89,2.576,455,340,0,0,0,0
340.708,430.988,-7.89,2.576,455,340,0,0,0,0
332.817,433.563,-7.89,2.576,455,340,0,0,0,0
324.927,436.139,-7.89,2.576,455,340,0,0,0,0
317.037,438.715,-7.89,2.576,455,340,0,0,0,0
309.147,441.29,-7.89,2.576,455,340,0,0,0,0
301.256,443.866,-7.89,2.576,455,340,0,0,0,0
293.366,446.442,-7.89,2.576,455,340,0,0,0,0
285.476,449.017,-7.89,2.576,455,340,0,0,0,0
277.586,451.593,-7.89,2.576,455,340,0,0,0,0
269.695,454.169,-7.89,2.576,455,340,0,0,0,0
261.805,456.744,-7.89,2.576,455,340,0,0,0,0
253.915,459.32,-7.89,2.576,455,340,0,0,0,0
246.025,461.896,-7.89,2.576,455,340,0,0,0,0
238.134,464.471,-7.89,2.576,455,340,0,0,0,0
230.244,467.047,-7.89,2.576,455,340,0,0,0,0
222.354,469.623,-7.89,2.576,455,340,0,0,0,0
214.464,472.199,-7.89,2.576,455,340,0,0,0,0
206.573,474.774,-7.89,2.576,455,340,0,0,0,0
198.683,477.35,-7.89,2.576,455,340,0,0,0,0
190.793,479.926,-7.89,2.576,455,340,0,0,0,0
182.903,482.501,-7.89,2.576,455,340,0,0,0,0
175.012,485.077,-7.89,2.576,455,340,0,0,0,0
167.122,487.653,-7.89,2.576,455,340,0,0,0,0
159.232,490.228,-7.89,2.576,455,340,0,0,0,0
151.342,492.804,-7.89,2.576,455,340,0,0,0,0
143.452,495.38,-7.89,2.576,455,340,0,0,0,0
135.561,497.955,-7.89,2.576,455,340,0,0,0,0
127.671,500.531,-7.89,2.576,455,340,0,0,0,0
119.781,503.107,-7.89,2.576,455,340,0,0,0,0
111.891,505.682,-7.89,2.576,455,340,0,0,0,0
104.0,508.258,-7.89,2.576,455,340,0,0,0,0
96.11,510.834,-7.89,2.576,455,340,0,0,0,0
88.22,513.409,-7.89,2.576,455,340,0,0,0,0
80.33,515.985,-7.89,2.576,455,340,0,0,0,0
72.439,518.561,-7.89,2.576,455,340,0,0,0,0
64.549,521.136,-7.89,2.576,455,340,0,0,0,0
56.659,523.712,-7.89,2.576,455,340,0,0,0,0
48.769,526.288,-7.89,2.576,455,340,0,0,0,0
49.0,528.863,5.436,6.664,455,340,0,0,0,0
54.436,535.527,5.436,6.664,455,340,0,0,0,0
59.872,542.192,5.436,6.664,455,340,0,0,0,0
65.308,548.856,5.436,6.664,455,340,0,0,0,0
70.744,555.52,5.436,6.664,455,340,0,0,0,0
76.18,562.184,5.436,6.664,455,340,0,0,0,0
81.616,568.848,5.436,6.664,460,340,1,0,0,0
87.052,575.512,5.436,6.664,465,340,1,0,0,0
92.488,582.176,5.436,6.664,470,340,1,0,0,0
97.924,588.84,5.436,6.664,475,340,1,0,0,0
103.36,594.0,5.436,-6.664,480,340,1,0,0,0
108.796,587.336,5.436,-6.664,485,340,1,0,0,0
114.232,580.672,5.436,-6.664,490,340,1,0,0,0
119.668,574.008,5.436,-6.664,495,340,1,0,0,0
125.104,567.344,5.436,-6.664,500,340,1,0,0,0
130.54,560.68,5.436,-6.664,505,340,1,0,0,0
135.976,554.016,5.436,-6.664,510,340,1,0,0,0
141.412,547.352,5.436,-6.664,515,340,1,0,0,0
146.848,540.688,5.436,-6.664,520,340,1,0,0,0
152.284,534.023,5.436,-6.664,520,340,1,0,0,0
157.72,527.359,5.436,-6.664,520,340,1,0,0,0
163.156,520.695,5.436,-6.664,520,340,1,0,0,0
168.592,514.031,5.436,-6.664,520,340,1,0,0,0
174.028,507.367,5.436,-6.664,520,340,1,0,0,0
179.464,500.703,5.436,-6.664,520,340,1,0,0,0
184.9,494.039,5.436,-6.664,520,340,1,0,0,0
190.336,487.375,5.436,-6.664,520,340,0,0,0,0
195.772,480.711,5.436,-6.664,520,340,0,0,0,0
201.209,474.047,5.436,-6.664,520,340,0,0,0,0
206.645,467.383,5.436,-6.664,520,340,0,0,0,0
212.081,460.719,5.436,-6.664,520,340,0,0,0,0
217.517,454.055,5.436,-6.664,515,340,-1,0,0,0
222.953,447.391,5.436,-6.664,510,340,-1,0,0,0
228.389,440.727,5.436,-6.664,505,340,-1,0,0,0
233.825,434.063,5.436,-6.664,500,340,-1,0,0,0
239.261,427.398,5.436,-6.664,495,340,-1,0,0,0
244.697,420.734,5.436,-6.664,490,340,-1,0,0,0
250.133,414.07,5.436,-6.664,485,340,-1,0,0,0
255.569,407.406,5.436,-6.664,480,340,-1,0,0,0
261.005,400.742,5.436,-6.664,475,340,-1,0,0,0
266.441,394.078,5.436,-6.664,470,340,-1,0,0,0
271.877,387.414,5.436,-6.664,465,340,-1,0,0,0
277.313,380.75,5.436,-6.664,460,340,-1,0,0,0
282.749,374.086,5.436,-6.664,455,340,-1,0,0,0
288.185,367.422,5.436,-6.664,450,340,-1,0,0,0
293.621,360.758,5.436,-6.664,445,340,-1,0,0,0
299.057,354.094,5.436,-6.664,440,340,-1,0,0,0
304.493,347.43,5.436,-6.664,435,340,-1,0,0,0
309.929,340.766,5.436,-6.664,430,340,-1,0,0,0
315.365,334.102,5.436,-6.664,425,340,-1,0,0,0
320.801,327.438,5.436,-6.664,420,335,-1,-1,0,0
326.237,320.774,5.436,-6.664,415,330,-1,-1,0,0
331.673,314.109,5.436,-6.664,410,325,-1,-1,0,0
337.109,307.445,5.436,-6.664,405,320,-1,-1,0,0
342.545,300.781,5.436,-6.664,400,315,-1,-1,0,0
347.981,294.117,5.436,-6.664,395,310,-1,-1,0,0
353.417,287.453,5.436,-6.664,390,305,-1,-1,0,0
358.853,280.789,5.436,-6.664,385,300,-1,-1,0,0
364.289,274.125,5.436,-6.664,380,295,-1,-1,0,0
369.725,267.461,5.436,-6.664,375,290,-1,-1,0,0
375.161,260.797,5.436,-6.664,370,285,-1,-1,0,0
380.597,254.133,5.436,-6.664,365,280,-1,-1,0,0
386.033,247.469,5.436,-6.664,360,275,-1,-1,0,0
391.469,240.805,5.436,-6.664,355,270,-1,-1,0,0
396.905,234.141,5.436,-6.664,350,265,-1,-1,0,0
402.341,227.477,5.436,-6.664,345,260,-1,-1,0,0
407.777,220.813,5.436,-6.664,340,255,-1,-1,0,0
413.213,214.149,5.436,-6.664,335,250,-1,-1,0,0
418.649,207.484,5.436,-6.664,330,245,-1,-1,0,0
424.085,200.82,5.436,-6.664,325,240,-1,-1,0,0
429.521,194.156,5.436,-6.664,320,235,-1,-1,0,0
434.957,187.492,5.436,-6.664,315,230,-1,-1,0,0
440.393,180.828,5.436,-6.664,310,225,-1,-1,0,0
445.829,174.164,5.436,-6.664,305,220,-1,-1,0,0
451.265,167.5,5.436,-6.664,300,215,-1,-1,0,0
456.701,160.836,5.436,-6.664,295,210,-1,-1,0,0
462.137,154.172,5.436,-6.664,290,205,-1,-1,0,0
467.573,147.508,5.436,-6.664,285,200,-1,-1,0,0
473.009,140.844,5.436,-6.664,280,195,-1,-1,0,0
478.445,134.18,5.436,-6.664,275,190,-1,-1,0,0
483.881,127.516,5.436,-6.664,270,185,-1,-1,0,0
489.317,120.852,5.436,-6.664,265,180,-1,-1,0,0
494.754,114.188,5.436,-6.664,260,175,-1,-1,0,0
500.19,107.524,5.436,-6.664,255,170,-1,-1,0,0
505.626,100.86,5.436,-6.664,250,165,-1,-1,0,0
511.062,94.195,5.436,-6.664,245,160,-1,-1,0,0
516.498,87.531,5.436,-6.664,240,155,-1,-1,0,0
521.934,80.867,5.436,-6.664,235,150,-1,-1,0,0
527.37,74.203,5.436,-6.664,230,145,-1,-1,0,0
532.806,67.539,5.436,-6.664,225,140,-1,-1,0,0
538.242,60.875,5.436,-6.664,220,135,-1,-1,0,0
543.678,54.211,5.436,-6.664,215,130,-1,-1,0,0
549.114,47.547,5.436,-6.664,210,125,-1,-1,0,0
554.55,40.883,5.436,-6.664,205,120,-1,-1,0,0
559.986,34.219,5.436,-6.664,200,115,-1,-1,0,0
565.422,27.555,5.436,-6.664,195,110,-1,-1,0,0
570.858,20.891,5.436,-6.664,190,105,-1,-1,0,0
576.294,14.227,5.436,-6.664,185,100,-1,-1,0,0
581.73,7.563,5.436,-6.664,180,95,-1,-1,0,0
587.166,6.0,5.436,6.664,175,90,-1,-1,0,0
592.602,12.664,5.436,6.664,170,85,-1,-1,0,0
598.038,19.328,5.436,6.664,170,80,0,-1,0,0
603.474,25.992,5.436,6.664,170,75,0,-1,0,0
608.91,32.656,5.436,6.664,170,75,0,0,0,0
614.346,39.32,5.436,6.664,170,75,0,0,0,0
619.782,45.984,5.436,6.664,175,75,1,0,0,0
625.218,52.648,5.436,6.664,180,75,1,0,0,0
630.654,59.312,5.436,6.664,185,75,1,0,0,0
636.09,65.977,5.436,6.664,190,75,1,0,0,0
641.526,72.641,5.436,6.664,195,75,1,0,0,0
646.962,79.305,5.436,6.664,200,75,1,0,0,0
652.398,85.969,5.436,6.664,205,75,1,0,0,0
657.834,92.633,5.436,6.664,210,80,1,1,0,0
663.27,99.297,5.436,6.664,215,85,1,1,0,0
668.706,105.961,5.436,6.664,220,90,1,1,0,0
674.142,112.625,5.436,6.664,225,95,1,1,0,0
679.578,119.289,5.436,6.664,230,100,1,1,0,0
685.014,125.953,5.436,6.664,235,100,1,0,0,0
690.45,132.617,5.436,6.664,240,100,1,0,0,0
695.886,139.281,5.436,6.664,245,100,1,0,0,0
701.322,145.945,5.436,6.664,250,100,1,0,0,0
706.758,152.609,5.436,6.664,255,100,1,0,0,0
712.194,159.273,5.436,6.664,260,100,1,0,0,0
717.63,165.937,5.436,6.664,265,100,1,0,0,0
723.066,172.602,5.436,6.664,270,100,1,0,0,0
728.502,179.266,5.436,6.664,275,100,1,0,0,0
733.938,185.93,5.436,6.664,280,105,1,1,0,0
739.374,192.594,5.436,6.664,285,110,1,1,0,0
744.81,199.258,5.436,6.664,290,115,1,1,0,0
750.246,205.922,5.436,6.664,295,120,1,1,0,0
755.682,212.586,5.436,6.664,300,125,1,1,0,0
761.118,219.25,5.436,6.664,305,130,1,1,0,0
766.554,225.914,5.436,6.664,310,135,1,1,0,0
771.99,232.578,5.436,6.664,315,140,1,1,0,0
777.426,239.242,5.436,6.664,320,145,1,1,0,0
782.862,245.906,5.436,6.664,325,150,1,1,0,0
788.299,252.57,5.436,6.664,330,155,1,1,0,0
793.735,259.234,5.436,6.664,335,160,1,1,0,0
799.171,265.898,5.436,6.664,340,165,1,1,0,0
804.607,272.562,5.436,6.664,345,170,1,1,0,0
400.0,300.0,-4.986,-0.37,350,175,1,1,1,0
395.014,299.63,-4.986,-0.37,350,175,0,0,0,0
390.027,299.26,-4.986,-0.37,350,175,0,0,0,0
385.041,298.89,-4.986,-0.37,350,175,0,0,0,0
380.055,298.52,-4.986,-0.37,350,175,0,0,0,0
375.069,298.15,-4.986,-0.37,350,175,0,0,0,0
370.082,297.78,-4.986,-0.37,350,175,0,0,0,0
365.096,297.411,-4.986,-0.37,350,175,0,0,0,0
360.11,297.041,-4.986,-0.37,350,175,0,0,0,0
355.123,296.671,-4.986,-0.37,350,175,0,0,0,0
350.137,296.301,-4.986,-0.37,350,175,0,0,0,0
345.151,295.931,-4.986,-0.37,350,175,0,0,0,0
340.164,295.561,-4.986,-0.37,350,175,0,0,0,0
335.178,295.191,-4.986,-0.37,350,175,0,0,0,0
330.192,294.821,-4.986,-0.37,350,175,0,0,0,0
325.206,294.451,-4.986,-0.37,350,175,0,0,0,0
320.219,294.081,-4.986,-0.37,350,175,0,0,0,0
315.233,293.711,-4.986,-0.37,350,175,0,0,0,0
310.247,293.341,-4.986,-0.37,350,175,0,0,0,0
305.26,292.971,-4.986,-0.37,350,175,0,0,0,0
300.274,292.601,-4.986,-0.37,350,175,0,0,0,0
295.288,292.232,-4.986,-0.37,350,175,0,0,0,0
290.301,291.862,-4.986,-0.37,350,175,0,0,0,0
285.315,291.492,-4.986,-0.37,350,175,0,0,0,0
280.329,291.122,-4.986,-0.37,350,175,0,0,0,0
275.343,290.752,-4.986,-0.37,350,175,0,0,0,0
270.356,290.382,-4.986,-0.37,350,175,0,0,0,0
265.37,290.012,-4.986,-0.37,350,175,0,0,0,0
260.384,289.642,-4.986,-0.37,350,175,0,0,0,0
255.397,289.272,-4.986,-0.37,350,175,0,0,0,0
250.411,288.902,-4.986,-0.37,350,175,0,0,0,0
245.425,288.532,-4.986,-0.37,350,175,0,0,0,0
240.439,288.162,-4.986,-0.37,350,175,0,0,0,0
235.452,287.792,-4.986,-0.37,345,175,-1,0,0,0
230.466,287.423,-4.986,-0.37,340,175,-1,0,0,0
225.48,287.053,-4.986,-0.37,335,175,-1,0,0,0
220.493,286.683,-4.986,-0.37,330,175,-1,0,0,0
215.507,286.313,-4.986,-0.37,325,175,-1,0,0,0
210.521,285.943,-4.986,-0.37,320,175,-1,0,0,0
205.534,285.573,-4.986,-0.37,315,175,-1,0,0,0
200.548,285.203,-4.986,-0.37,310,175,-1,0,0,0
195.562,284.833,-4.986,-0.37,305,175,-1,0,0,0
190.576,284.463,-4.986,-0.37,300,175,-1,0,0,0
185.589,284.093,-4.986,-0.37,295,175,-1,0,0,0
180.603,283.723,-4.986,-0.37,290,175,-1,0,0,0
175.617,283.353,-4.986,-0.37,285,175,-1,0,0,0
170.63,282.983,-4.986,-0.37,280,175,-1,0,0,0
165.644,282.614,-4.986,-0.37,275,175,-1,0,0,0
160.658,282.244,-4.986,-0.37,270,175,-1,0,0,0
155.671,281.874,-4.986,-0.37,265,175,-1,0,0,0
150.685,281.504,-4.986,-0.37,260,175,-1,0,0,0
145.699,281.134,-4.986,-0.37,255,175,-1,0,0,0
140.713,280.764,-4.986,-0.37,250,170,-1,-1,0,0
135.726,280.394,-4.986,-0.37,245,165,-1,-1,0,0
130.74,280.024,-4.986,-0.37,240,160,-1,-1,0,0
125.754,279.654,-4.986,-0.37,240,155,0,-1,0,0
120.767,279.284,-4.986,-0.37,240,150,0,-1,0,0
115.781,278.914,-4.986,-0.37,240,145,0,-1,0,0
110.795,278.544,-4.986,-0.37,240,140,0,-1,0,0
105.808,278.174,-4.986,-0.37,240,135,0,-1,0,0
100.822,277.804,-4.986,-0.37,240,130,0,-1,0,0
95.836,277.435,-4.986,-0.37,240,125,0,-1,0,0
90.85,277.065,-4.986,-0.37,240,120,0,-1,0,0
85.863,276.695,-4.986,-0.37,240,115,0,-1,0,0
80.877,276.325,-4.986,-0.37,240,110,0,-1,0,0
75.891,275.955,-4.986,-0.37,235,105,-1,-1,0,0
70.904,275.585,-4.986,-0.37,230,100,-1,-1,0,0
65.918,275.215,-4.986,-0.37,225,95,-1,-1,0,0
60.932,274.845,-4.986,-0.37,220,90,-1,-1,0,0
55.946,274.475,-4.986,-0.37,215,85,-1,-1,0,0
50.959,274.105,-4.986,-0.37,210,80,-1,-1,0,0
49.0,273.735,3.87,3.622,205,75,-1,-1,0,0
52.87,277.357,3.87,3.622,200,70,-1,-1,0,0
56.739,280.978,3.87,3.622,195,65,-1,-1,0,0
60.609,284.6,3.87,3.622,195,65,0,0,0,0
64.479,288.222,3.87,3.622,195,65,0,0,0,0
68.348,291.843,3.87,3.622,195,65,0,0,0,0
72.218,295.465,3.87,3.622,195,65,0,0,0,0
76.088,299.086,3.87,3.622,200,65,1,0,0,0
79.957,302.708,3.87,3.622,205,65,1,0,0,0
83.827,306.329,3.87,3.622,210,65,1,0,0,0
87.697,309.951,3.87,3.622,215,65,1,0,0,0
91.566,313.572,3.87,3.622,220,65,1,0,0,0
95.436,317.194,3.87,3.622,225,65,1,0,0,0
99.306,320.815,3.87,3.622,230,70,1,1,0,0
103.175,324.437,3.87,3.622,235,75,1,1,0,0
107.045,328.059,3.87,3.622,240,80,1,1,0,0
110.915,331.68,3.87,3.622,245,85,1,1,0,0
114.784,335.302,3.87,3.622,250,90,1,1,0,0
118.654,338.923,3.87,3.622,255,95,1,1,0,0
122.524,342.545,3.87,3.622,260,100,1,1,0,0
126.393,346.166,3.87,3.622,265,105,1,1,0,0
130.263,349.788,3.87,3.622,270,110,1,1,0,0
134.133,353.409,3.87,3.622,275,115,1,1,0,0
138.002,357.031,3.87,3.622,280,120,1,1,0,0
141.872,360.653,3.87,3.622,285,125,1,1,0,0
145.742,364.274,3.87,3.622,290,125,1,0,0,0
149.612,367.896,3.87,3.622,295,125,1,0,0,0
153.481,371.517,3.87,3.622,300,125,1,0,0,0
157.351,375.139,3.87,3.622,305,125,1,0,0,0
161.221,378.76,3.87,3.622,310,125,1,0,0,0
165.09,382.382,3.87,3.622,315,125,1,0,0,0
168.96,386.003,3.87,3.622,320,125,1,0,0,0
172.83,389.625,3.87,3.622,325,125,1,0,0,0
176.699,393.246,3.87,3.622,330,130,1,1,0,0
180.569,396.868,3.87,3.622,335,135,1,1,0,0
184.439,400.49,3.87,3.622,340,140,1,1,0,0
188.308,404.111,3.87,3.622,345,145,1,1,0,0
192.178,407.733,3.87,3.622,350,150,1,1,0,0
196.048,411.354,3.87,3.622,355,155,1,1,0,0
199.917,414.976,3.87,3.622,360,160,1,1,0,0
203.787,418.597,3.87,3.622,365,165,1,1,0,0
207.657,422.219,3.87,3.622,370,170,1,1,0,0
211.526,425.84,3.87,3.622,375,175,1,1,0,0
215.396,429.462,3.87,3.622,380,180,1,1,0,0
219.266,433.084,3.87,3.622,385,185,1,1,0,0
223.135,436.705,3.87,3.622,390,190,1,1,0,0
227.005,440.327,3.87,3.622,395,195,1,1,0,0
230.875,443.948,3.87,3.622,400,200,1,1,0,0
234.744,447.57,3.87,3.622,405,205,1,1,0,0
238.614,451.191,3.87,3.622,410,210,1,1,0,0
242.484,454.813,3.87,3.622,415,215,1,1,0,0
246.353,458.434,3.87,3.622,415,220,0,1,0,0
250.223,462.056,3.87,3.622,415,225,0,1,0,0
254.093,465.677,3.87,3.622,415,230,0,1,0,0
257.962,469.299,3.87,3.622,415,235,0,1,0,0
261.832,472.921,3.87,3.622,415,240,0,1,0,0
265.702,476.542,3.87,3.622,415,245,0,1,0,0
269.571,480.164,3.87,3.622,415,250,0,1,0,0
273.441,483.785,3.87,3.622,415,255,0,1,0,0
277.311,487.407,3.87,3.622,415,260,0,1,0,0
281.18,491.028,3.87,3.622,415,265,0,1,0,0
285.05,494.65,3.87,3.622,415,270,0,1,0,0
288.92,498.271,3.87,3.622,415,275,0,1,0,0
292.789,501.893,3.87,3.622,415,280,0,1,0,0
296.659,505.515,3.87,3.622,415,285,0,1,0,0
300.529,509.136,3.87,3.622,415,290,0,1,0,0
304.398,512.758,3.87,3.622,415,295,0,1,0,0
308.268,516.379,3.87,3.622,415,300,0,1,0,0
312.138,520.001,3.87,3.622,415,305,0,1,0,0
316.007,523.622,3.87,3.622,415,310,0,1,0,0
319.877,527.244,3.87,3.622,415,315,0,1,0,0
323.747,530.865,3.87,3.622,415,320,0,1,0,0
327.616,534.487,3.87,3.622,415,325,0,1,0,0
331.486,538.108,3.87,3.622,415,330,0,1,0,0
335.356,541.73,3.87,3.622,415,335,0,1,0,0
339.226,545.352,3.87,3.622,415,340,0,1,0,0
343.095,548.973,3.87,3.622,415,345,0,1,0,0
346.965,552.595,3.87,3.622,415,350,0,1,0,0
350.835,556.216,3.87,3.622,415,355,0,1,0,0
354.704,559.838,3.87,3.622,415,360,0,1,0,0
358.574,563.459,3.87,3.622,415,365,0,1,0,0
362.444,567.081,3.87,3.622,415,370,0,1,0,0
366.313,570.702,3.87,3.622,415,375,0,1,0,0
370.183,574.324,3.87,3.622,415,380,0,1,0,0
374.053,577.946,3.87,3.622,415,385,0,1,0,0
377.922,581.567,3.87,3.622,415,390,0,1,0,0
381.792,585.189,3.87,3.622,415,395,0,1,0,0
385.662,588.81,3.87,3.622,415,400,0,1,0,0
389.531,592.432,3.87,3.622,415,405,0,1,0,0
393.401,594.0,3.87,-3.622,415,410,0,1,0,0
397.271,590.378,3.87,-3.622,415,415,0,1,0,0
401.14,586.757,3.87,-3.622,415,420,0,1,0,0
405.01,583.135,3.87,-3.622,415,425,0,1,0,0
408.88,579.514,3.87,-3.622,415,430,0,1,0,0
412.749,575.892,3.87,-3.622,415,435,0,1,0,0
416.619,572.271,3.87,-3.622,415,435,0,0,0,0
420.489,568.649,3.87,-3.622,415,435,0,0,0,0
424.358,565.028,3.87,-3.622,415,435,0,0,0,0
428.228,561.406,3.87,-3.622,415,435,0,0,0,0
432.098,557.784,3.87,-3.622,415,435,0,0,0,0
435.967,554.163,3.87,-3.622,415,435,0,0,0,0
439.837,550.541,3.87,-3.622,415,435,0,0,0,0
443.707,546.92,3.87,-3.622,415,435,0,0,0,0
447.576,543.298,3.87,-3.622,415,435,0,0,0,0
451.446,539.677,3.87,-3.622,415,435,0,0,0,0
455.316,536.055,3.87,-3.622,415,435,0,0,0,0
459.185,532.434,3.87,-3.622,415,435,0,0,0,0
463.055,528.812,3.87,-3.622,415,435,0,0,0,0
466.925,525.191,3.87,-3.622,415,435,0,0,0,0
470.794,521.569,3.87,-3.622,415,435,0,0,0,0
474.664,517.947,3.87,-3.622,415,435,0,0,0,0
478.534,514.326,3.87,-3.622,415,435,0,0,0,0
482.403,510.704,3.87,-3.622,415,435,0,0,0,0
486.273,507.083,3.87,-3.622,415,435,0,0,0,0
490.143,503.461,3.87,-3.622,415,435,0,0,0,0
494.012,499.84,3.87,-3.622,415,430,0,-1,0,0
497.882,496.218,3.87,-3.622,415,425,0,-1,0,0
501.752,492.597,3.87,-3.622,415,420,0,-1,0,0
505.621,488.975,3.87,-3.622,415,415,0,-1,0,0
509.491,485.353,3.87,-3.622,415,410,0,-1,0,0
513.361,481.732,3.87,-3.622,415,405,0,-1,0,0
517.23,478.11,3.87,-3.622,415,400,0,-1,0,0
521.1,474.489,3.87,-3.622,415,395,0,-1,0,0
524.97,470.867,3.87,-3.622,415,390,0,-1,0,0
528.839,467.246,3.87,-3.622,415,385,0,-1,0,0
532.709,463.624,3.87,-3.622,415,380,0,-1,0,0
536.579,460.003,3.87,-3.622,415,375,0,-1,0,0
540.449,456.381,3.87,-3.622,415,370,0,-1,0,0
544.318,452.76,3.87,-3.622,415,365,0,-1,0,0
548.188,449.138,3.87,-3.622,410,365,-1,0,0,0
552.058,445.516,3.87,-3.622,405,365,-1,0,0,0
555.927,441.895,3.87,-3.622,400,365,-1,0,0,0
559.797,438.273,3.87,-3.622,395,365,-1,0,0,0
563.667,434.652,3.87,-3.622,390,365,-1,0,0,0
567.536,431.03,3.87,-3.622,385,365,-1,0,0,0
571.406,427.409,3.87,-3.622,380,365,-1,0,0,0
575.276,423.787,3.87,-3.622,375,365,-1,0,0,0
579.145,420.166,3.87,-3.622,370,365,-1,0,0,0
583.015,416.544,3.87,-3.622,365,365,-1,0,0,0
586.885,412.922,3.87,-3.622,360,365,-1,0,0,0
590.754,409.301,3.87,-3.622,355,365,-1,0,0,0
594.624,405.679,3.87,-3.622,350,365,-1,0,0,0
598.494,402.058,3.87,-3.622,345,365,-1,0,0,0
602.363,398.436,3.87,-3.622,345,365,0,0,0,0
606.233,394.815,3.87,-3.622,345,365,0,0,0,0
610.103,391.193,3.87,-3.622,345,365,0,0,0,0
613.972,387.572,3.87,-3.622,345,365,0,0,0,0
617.842,383.95,3.87,-3.622,345,365,0,0,0,0
621.712,380.329,3.87,-3.622,345,365,0,0,0,0
625.581,376.707,3.87,-3.622,345,365,0,0,0,0
629.451,373.085,3.87,-3.622,345,365,0,0,0,0
633.321,369.464,3.87,-3.622,345,365,0,0,0,0
637.19,365.842,3.87,-3.622,345,365,0,0,0,0
641.06,362.221,3.87,-3.622,345,365,0,0,0,0
644.93,358.599,3.87,-3.622,345,365,0,0,0,0
648.799,354.978,3.87,-3.622,345,360,0,-1,0,0
652.669,351.356,3.87,-3.622,345,355,0,-1,0,0
656.539,347.735,3.87,-3.622,340,350,-1,-1,0,0
660.408,344.113,3.87,-3.622,335,345,-1,-1,0,0
664.278,340.491,3.87,-3.622,330,340,-1,-1,0,0
668.148,336.87,3.87,-3.622,325,335,-1,-1,0,0
672.017,333.248,3.87,-3.622,320,330,-1,-1,0,0
675.887,329.627,3.87,-3.622,315,325,-1,-1,0,0
679.757,326.005,3.87,-3.622,310,320,-1,-1,0,0
683.626,322.384,3.87,-3.622,305,315,-1,-1,0,0
687.496,318.762,3.87,-3.622,300,310,-1,-1,0,0
691.366,315.141,3.87,-3.622,295,305,-1,-1,0,0
695.235,311.519,3.87,-3.622,290,300,-1,-1,0,0
699.105,307.898,3.87,-3.622,285,295,-1,-1,0,0
702.975,304.276,3.87,-3.622,280,290,-1,-1,0,0
706.844,300.654,3.87,-3.622,275,285,-1,-1,0,0
710.714,297.033,3.87,-3.622,270,280,-1,-1,0,0
714.584,293.411,3.87,-3.622,265,275,-1,-1,0,0
718.453,289.79,3.87,-3.622,260,270,-1,-1,0,0
722.323,286.168,3.87,-3.622,255,265,-1,-1,0,0
726.193,282.547,3.87,-3.622,250,260,-1,-1,0,0
730.063,278.925,3.87,-3.622,245,255,-1,-1,0,0
733.932,275.304,3.87,-3.622,240,250,-1,-1,0,0
737.802,271.682,3.87,-3.622,235,245,-1,-1,0,0
741.672,268.06,3.87,-3.622,230,240,-1,-1,0,0
745.541,264.439,3.87,-3.622,225,235,-1,-1,0,0
749.411,260.817,3.87,-3.622,220,230,-1,-1,0,0
751.0,257.196,-5.484,-1.136,215,225,-1,-1,0,0
745.516,256.06,-5.484,-1.136,210,220,-1,-1,0,0
740.033,254.923,-5.484,-1.136,205,215,-1,-1,0,0
734.549,253.787,-5.484,-1.136,200,210,-1,-1,0,0
729.066,252.651,-5.484,-1.136,195,205,-1,-1,0,0
723.582,251.515,-5.484,-1.136,190,200,-1,-1,0,0
718.099,250.379,-5.484,-1.136,185,195,-1,-1,0,0
712.615,249.242,-5.484,-1.136,180,190,-1,-1,0,0
707.132,248.106,-5.484,-1.136,175,185,-1,-1,0,0
701.648,246.97,-5.484,-1.136,170,180,-1,-1,0,0
696.165,245.834,-5.484,-1.136,165,175,-1,-1,0,0
690.681,244.697,-5.484,-1.136,160,170,-1,-1,0,0
685.198,243.561,-5.484,-1.136,155,165,-1,-1,0,0
679.714,242.425,-5.484,-1.136,150,160,-1,-1,0,0
674.231,241.289,-5.484,-1.136,145,155,-1,-1,0,0
668.747,240.153,-5.484,-1.136,140,150,-1,-1,0,0
663.264,239.016,-5.484,-1.136,135,145,-1,-1,0,0
657.78,237.88,-5.484,-1.136,130,145,-1,0,0,0
652.297,236.744,-5.484,-1.136,125,145,-1,0,0,0
646.813,235.608,-5.484,-1.136,120,145,-1,0,0,0
641.33,234.472,-5.484,-1.136,120,145,0,0,0,0
635.846,233.335,-5.484,-1.136,120,145,0,0,0,0
630.362,232.199,-5.484,-1.136,120,145,0,0,0,0
624.879,231.063,-5.484,-1.136,120,145,0,0,0,0
619.395,229.927,-5.484,-1.136,120,145,0,0,0,0
613.912,228.791,-5.484,-1.136,120,145,0,0,0,0
608.428,227.654,-5.484,-1.136,120,145,0,0,0,0
602.945,226.518,-5.484,-1.136,125,145,1,0,0,0
597.461,225.382,-5.484,-1.136,130,145,1,0,0,0
591.978,224.246,-5.484,-1.136,135,145,1,0,0,0
586.494,223.109,-5.484,-1.136,140,145,1,0,0,0
581.011,221.973,-5.484,-1.136,145,145,1,0,0,0
575.527,220.837,-5.484,-1.136,150,145,1,0,0,0
570.044,219.701,-5.484,-1.136,155,145,1,0,0,0
564.56,218.565,-5.484,-1.136,160,145,1,0,0,0
559.077,217.428,-5.484,-1.136,165,145,1,0,0,0
553.593,216.292,-5.484,-1.136,170,145,1,0,0,0
548.11,215.156,-5.484,-1.136,175,145,1,0,0,0
542.626,214.02,-5.484,-1.136,175,145,0,0,0,0
537.143,212.884,-5.484,-1.136,175,145,0,0,0,0
531.659,211.747,-5.484,-1.136,175,145,0,0,0,0
526.176,210.611,-5.484,-1.136,175,145,0,0,0,0
520.692,209.475,-5.484,-1.136,175,150,0,1,0,0
515.209,208.339,-5.484,-1.136,175,155,0,1,0,0
509.725,207.202,-5.484,-1.136,175,160,0,1,0,0
504.241,206.066,-5.484,-1.136,175,165,0,1,0,0
498.758,204.93,-5.484,-1.136,175,170,0,1,0,0
493.274,203.794,-5.484,-1.136,175,175,0,1,0,0
487.791,202.658,-5.484,-1.136,175,180,0,1,0,0
482.307,201.521,-5.484,-1.136,175,185,0,1,0,0
476.824,200.385,-5.484,-1.136,175,185,0,0,0,0
471.34,199.249,-5.484,-1.136,175,185,0,0,0,0
465.857,198.113,-5.484,-1.136,175,185,0,0,0,0
460.373,196.977,-5.484,-1.136,175,185,0,0,0,0
454.89,195.84,-5.484,-1.136,170,185,-1,0,0,0
449.406,194.704,-5.484,-1.136,165,185,-1,0,0,0
443.923,193.568,-5.484,-1.136,160,185,-1,0,0,0
438.439,192.432,-5.484,-1.136,155,185,-1,0,0,0
432.956,191.296,-5.484,-1.136,150,185,-1,0,0,0
427.472,190.159,-5.484,-1.136,145,185,-1,0,0,0
421.989,189.023,-5.484,-1.136,145,185,0,0,0,0
416.505,187.887,-5.484,-1.136,145,185,0,0,0,0
411.022,186.751,-5.484,-1.136,145,185,0,0,0,0
405.538,185.614,-5.484,-1.136,145,185,0,0,0,0
400.055,184.478,-5.484,-1.136,145,185,0,0,0,0
394.571,183.342,-5.484,-1.136,145,185,0,0,0,0
389.087,182.206,-5.484,-1.136,145,185,0,0,0,0
383.604,181.07,-5.484,-1.136,145,185,0,0,0,0
378.12,179.933,-5.484,-1.136,145,185,0,0,0,0
372.637,178.797,-5.484,-1.136,145,185,0,0,0,0
367.153,177.661,-5.484,-1.136,145,185,0,0,0,0
361.67,176.525,-5.484,-1.136,145,185,0,0,0,0
356.186,175.389,-5.484,-1.136,145,185,0,0,0,0
350.703,174.252,-5.484,-1.136,145,185,0,0,0,0
345.219,173.116,-5.484,-1.136,145,185,0,0,0,0
339.736,171.98,-5.484,-1.136,140,185,-1,0,0,0
334.252,170.844,-5.484,-1.136,135,185,-1,0,0,0
328.769,169.708,-5.484,-1.136,130,185,-1,0,0,0
323.285,168.571,-5.484,-1.136,125,185,-1,0,0,0
317.802,167.435,-5.484,-1.136,120,185,-1,0,0,0
312.318,166.299,-5.484,-1.136,115,185,-1,0,0,0
306.835,165.163,-5.484,-1.136,110,185,-1,0,0,0
301.351,164.026,-5.484,-1.136,105,185,-1,0,0,0
295.868,162.89,-5.484,-1.136,100,185,-1,0,0,0
290.384,161.754,-5.484,-1.136,100,185,0,0,0,0
284.901,160.618,-5.484,-1.136,100,185,0,0,0,0
279.417,159.482,-5.484,-1.136,100,185,0,0,0,0
273.934,158.345,-5.484,-1.136,100,185,0,0,0,0
268.45,157.209,-5.484,-1.136,100,185,0,0,0,0
262.966,156.073,-5.484,-1.136,100,185,0,0,0,0
257.483,154.937,-5.484,-1.136,100,185,0,0,0,0
251.999,153.801,-5.484,-1.136,100,185,0,0,0,0
246.516,152.664,-5.484,-1.136,100,185,0,0,0,0
241.032,151.528,-5.484,-1.136,100,185,0,0,0,0
235.549,150.392,-5.484,-1.136,100,185,0,0,0,0
230.065,149.256,-5.484,-1.136,100,185,0,0,0,0
224.582,148.119,-5.484,-1.136,100,185,0,0,0,0
219.098,146.983,-5.484,-1.136,100,185,0,0,0,0
213.615,145.847,-5.484,-1.136,100,185,0,0,0,0
208.131,144.711,-5.484,-1.136,100,185,0,0,0,0
202.648,143.575,-5.484,-1.136,95,185,-1,0,0,0
197.164,142.438,-5.484,-1.136,90,185,-1,0,0,0
191.681,141.302,-5.484,-1.136,85,185,-1,0,0,0
186.197,140.166,-5.484,-1.136,80,185,-1,0,0,0
180.714,139.03,-5.484,-1.136,75,185,-1,0,0,0
175.23,137.894,-5.484,-1.136,70,185,-1,0,0,0
169.747,136.757,-5.484,-1.136,65,185,-1,0,0,0
164.263,135.621,-5.484,-1.136,65,185,0,0,0,0
158.78,134.485,-5.484,-1.136,65,185,0,0,0,0
153.296,133.349,-5.484,-1.136,65,185,0,0,0,0
147.812,132.213,-5.484,-1.136,65,185,0,0,0,0
142.329,131.076,-5.484,-1.136,65,185,0,0,0,0
136.845,129.94,-5.484,-1.136,65,185,0,0,0,0
131.362,128.804,-5.484,-1.136,65,185,0,0,0,0
125.878,127.668,-5.484,-1.136,65,185,0,0,0,0
120.395,126.531,-5.484,-1.136,65,185,0,0,0,0
114.911,125.395,-5.484,-1.136,65,185,0,0,0,0
109.428,124.259,-5.484,-1.136,65,185,0,0,0,0
103.944,123.123,-5.484,-1.136,65,185,0,0,0,0
98.461,121.987,-5.484,-1.136,65,185,0,0,0,0
92.977,120.85,-5.484,-1.136,65,185,0,0,0,0
87.494,119.714,-5.484,-1.136,65,185,0,0,0,0
82.01,118.578,-5.484,-1.136,65,185,0,0,0,0
76.527,117.442,-5.484,-1.136,65,185,0,0,0,0
71.043,116.306,-5.484,-1.136,65,185,0,0,0,0
65.56,115.169,-5.484,-1.136,65,185,0,0,0,0
60.076,114.033,-5.484,-1.136,65,185,0,0,0,0
54.593,112.897,-5.484,-1.136,65,185,0,0,0,0
49.109,111.761,-5.484,-1.136,65,185,0,0,0,0
49.0,110.625,5.836,0.866,65,185,0,0,0,0
54.836,111.49,5.836,0.866,65,185,0,0,0,0
60.672,112.356,5.836,0.866,65,185,0,0,0,0
66.508,113.221,5.836,0.866,70,185,1,0,0,0
72.345,114.087,5.836,0.866,75,185,1,0,0,0
78.181,114.953,5.836,0.866,80,185,1,0,0,0
84.017,115.818,5.836,0.866,85,185,1,0,0,0
89.853,116.684,5.836,0.866,90,185,1,0,0,0
95.689,117.55,5.836,0.866,95,185,1,0,0,0
101.525,118.415,5.836,0.866,100,185,1,0,0,0
107.362,119.281,5.836,0.866,105,185,1,0,0,0
113.198,120.147,5.836,0.866,110,185,1,0,0,0
119.034,121.012,5.836,0.866,115,185,1,0,0,0
124.87,121.878,5.836,0.866,120,185,1,0,0,0
130.706,122.743,5.836,0.866,125,185,1,0,0,0
136.542,123.609,5.836,0.866,130,185,1,0,0,0
142.378,124.475,5.836,0.866,135,185,1,0,0,0
148.215,125.34,5.836,0.866,140,185,1,0,0,0
154.051,126.206,5.836,0.866,145,185,1,0,0,0
159.887,127.072,5.836,0.866,150,185,1,0,0,0
165.723,127.937,5.836,0.866,155,185,1,0,0,0
171.559,128.803,5.836,0.866,160,185,1,0,0,0
177.395,129.669,5.836,0.866,165,185,1,0,0,0
183.232,130.534,5.836,0.866,170,185,1,0,0,0
189.068,131.4,5.836,0.866,175,185,1,0,0,0
194.904,132.265,5.836,0.866,180,185,1,0,0,0
200.74,133.131,5.836,0.866,185,185,1,0,0,0
206.576,133.997,5.836,0.866,190,185,1,0,0,0
212.412,134.862,5.836,0.866,195,185,1,0,0,0
218.248,135.728,5.836,0.866,200,185,1,0,0,0
224.085,136.594,5.836,0.866,205,185,1,0,0,0
229.921,137.459,5.836,0.866,210,185,1,0,0,0
235.757,138.325,5.836,0.866,215,185,1,0,0,0
241.593,139.191,5.836,0.866,220,185,1,0,0,0
247.429,140.056,5.836,0.866,225,185,1,0,0,0
253.265,140.922,5.836,0.866,230,185,1,0,0,0
259.101,141.787,5.836,0.866,235,185,1,0,0,0
264.938,142.653,5.836,0.866,240,185,1,0,0,0
270.774,143.519,5.836,0.866,245,185,1,0,0,0
276.61,144.384,5.836,0.866,250,185,1,0,0,0
282.446,145.25,5.836,0.866,255,185,1,0,0,0
288.282,146.116,5.836,0.866,260,180,1,-1,0,0
294.118,146.981,5.836,0.866,265,175,1,-1,0,0
299.955,147.847,5.836,0.866,270,170,1,-1,0,0
305.791,148.713,5.836,0.866,275,165,1,-1,0,0
311.627,149.578,5.836,0.866,280,160,1,-1,0,0
317.463,150.444,5.836,0.866,285,155,1,-1,0,0
323.299,151.309,5.836,0.866,290,150,1,-1,0,0
329.135,152.175,5.836,0.866,295,145,1,-1,0,0
334.971,153.041,5.836,0.866,300,140,1,-1,0,0
340.808,153.906,5.836,0.866,305,135,1,-1,0,0
346.644,154.772,5.836,0.866,310,130,1,-1,0,0
352.48,155.638,5.836,0.866,315,125,1,-1,0,0
358.316,156.503,5.836,0.866,315,120,0,-1,0,0
364.152,157.369,5.836,0.866,315,115,0,-1,0,0
369.988,158.235,5.836,0.866,315,110,0,-1,0,0
375.825,159.1,5.836,0.866,315,110,0,0,0,0
381.661,159.966,5.836,0.866,315,110,0,0,0,0
387.497,160.831,5.836,0.866,315,110,0,0,0,0
393.333,161.697,5.836,0.866,315,110,0,0,0,0
399.169,162.563,5.836,0.866,315,110,0,0,0,0
405.005,163.428,5.836,0.866,315,110,0,0,0,0
410.841,164.294,5.836,0.866,315,110,0,0,0,0
416.678,165.16,5.836,0.866,315,110,0,0,0,0
422.514,166.025,5.836,0.866,315,110,0,0,0,0
428.35,166.891,5.836,0.866,315,110,0,0,0,0
434.186,167.757,5.836,0.866,315,110,0,0,0,0
440.022,168.622,5.836,0.866,315,110,0,0,0,0
445.858,169.488,5.836,0.866,315,110,0,0,0,0
451.695,170.353,5.836,0.866,315,110,0,0,0,0
457.531,171.219,5.836,0.866,315,110,0,0,0,0
463.367,172.085,5.836,0.866,315,110,0,0,0,0
469.203,172.95,5.836,0.866,315,110,0,0,0,0
475.039,173.816,5.836,0.866,315,110,0,0,0,0
480.875,174.682,5.836,0.866,315,110,0,0,0,0
486.711,175.547,5.836,0.866,315,110,0,0,0,0
492.548,176.413,5.836,0.866,315,110,0,0,0,0
498.384,177.279,5.836,0.866,315,110,0,0,0,0
504.22,178.144,5.836,0.866,315,110,0,0,0,0
510.056,179.01,5.836,0.866,315,110,0,0,0,0
515.892,179.875,5.836,0.866,315,110,0,0,0,0
521.728,180.741,5.836,0.866,315,110,0,0,0,0
527.564,181.607,5.836,0.866,315,110,0,0,0,0
533.401,182.472,5.836,0.866,315,115,0,1,0,0
539.237,183.338,5.836,0.866,315,120,0,1,0,0
545.073,184.204,5.836,0.866,315,125,0,1,0,0
550.909,185.069,5.836,0.866,315,130,0,1,0,0
556.745,185.935,5.836,0.866,315,135,0,1,0,0
562.581,186.801,5.836,0.866,315,140,0,1,0,0
568.418,187.666,5.836,0.866,315,145,0,1,0,0
574.254,188.532,5.836,0.866,315,150,0,1,0,0
580.09,189.397,5.836,0.866,315,155,0,1,0,0
585.926,190.263,5.836,0.866,315,160,0,1,0,0
591.762,191.129,5.836,0.866,315,165,0,1,0,0
597.598,191.994,5.836,0.866,315,170,0,1,0,0
603.434,192.86,5.836,0.866,315,175,0,1,0,0
609.271,193.726,5.836,0.866,315,180,0,1,0,0
615.107,194.591,5.836,0.866,315,185,0,1,0,0
620.943,195.457,5.836,0.866,315,185,0,0,0,0
626.779,196.323,5.836,0.866,315,185,0,0,0,0
632.615,197.188,5.836,0.866,315,185,0,0,0,0
638.451,198.054,5.836,0.866,315,185,0,0,0,0
644.288,198.919,5.836,0.866,315,185,0,0,0,0
650.124,199.785,5.836,0.866,315,185,0,0,0,0
655.96,200.651,5.836,0.866,315,185,0,0,0,0
661.796,201.516,5.836,0.866,315,185,0,0,0,0
667.632,202.382,5.836,0.866,315,185,0,0,0,0
673.468,203.248,5.836,0.866,315,185,0,0,0,0
679.304,204.113,5.836,0.866,315,185,0,0,0,0
685.141,204.979,5.836,0.866,315,185,0,0,0,0
690.977,205.845,5.836,0.866,315,185,0,0,0,0
696.813,206.71,5.836,0.866,315,185,0,0,0,0
702.649,207.576,5.836,0.866,315,185,0,0,0,0
708.485,208.441,5.836,0.866,315,185,0,0,0,0
714.321,209.307,5.836,0.866,315,185,0,0,0,0
720.158,210.173,5.836,0.866,315,185,0,0,0,0
725.994,211.038,5.836,0.866,315,185,0,0,0,0
731.83,211.904,5.836,0.866,315,185,0,0,0,0
737.666,212.77,5.836,0.866,315,185,0,0,0,0
743.502,213.635,5.836,0.866,315,185,0,0,0,0
749.338,214.501,5.836,0.866,315,185,0,0,0,0
751.0,215.367,-6.004,-1.547,315,185,0,0,0,0
744.996,213.819,-6.004,-1.547,315,185,0,0,0,0
738.992,212.272,-6.004,-1.547,315,185,0,0,0,0
732.988,210.725,-6.004,-1.547,315,185,0,0,0,0
726.985,209.178,-6.004,-1.547,315,185,0,0,0,0
720.981,207.631,-6.004,-1.547,315,185,0,0,0,0
714.977,206.084,-6.004,-1.547,315,185,0,0,0,0
708.973,204.537,-6.004,-1.547,315,185,0,0,0,0
702.969,202.989,-6.004,-1.547,315,185,0,0,0,0
696.965,201.442,-6.004,-1.547,315,185,0,0,0,0
690.961,199.895,-6.004,-1.547,315,185,0,0,0,0
684.958,198.348,-6.004,-1.547,315,185,0,0,0,0
678.954,196.801,-6.004,-1.547,315,185,0,0,0,0
672.95,195.254,-6.004,-1.547,310,185,-1,0,0,0
666.946,193.707,-6.004,-1.547,305,185,-1,0,0,0
660.942,192.159,-6.004,-1.547,300,185,-1,0,0,0
654.938,190.612,-6.004,-1.547,295,185,-1,0,0,0
648.934,189.065,-6.004,-1.547,290,185,-1,0,0,0
642.93,187.518,-6.004,-1.547,285,185,-1,0,0,0
636.927,185.971,-6.004,-1.547,280,185,-1,0,0,0
630.923,184.424,-6.004,-1.547,275,185,-1,0,0,0
624.919,182.877,-6.004,-1.547,270,185,-1,0,0,0
618.915,181.33,-6.004,-1.547,265,185,-1,0,0,0
612.911,179.782,-6.004,-1.547,260,185,-1,0,0,0
606.907,178.235,-6.004,-1.547,255,185,-1,0,0,0
600.903,176.688,-6.004,-1.547,250,185,-1,0,0,0
594.9,175.141,-6.004,-1.547,245,185,-1,0,0,0
588.896,173.594,-6.004,-1.547,240,185,-1,0,0,0
582.892,172.047,-6.004,-1.547,235,185,-1,0,0,0
576.888,170.5,-6.004,-1.547,230,185,-1,0,0,0
570.884,168.952,-6.004,-1.547,225,185,-1,0,0,0
564.88,167.405,-6.004,-1.547,220,185,-1,0,0,0
558.876,165.858,-6.004,-1.547,215,185,-1,0,0,0
552.873,164.311,-6.004,-1.547,210,185,-1,0,0,0
546.869,162.764,-6.004,-1.547,205,185,-1,0,0,0
540.865,161.217,-6.004,-1.547,200,185,-1,0,0,0
534.861,159.67,-6.004,-1.547,195,185,-1,0,0,0
528.857,158.122,-6.004,-1.547,190,185,-1,0,0,0
522.853,156.575,-6.004,-1.547,185,185,-1,0,0,0
516.849,155.028,-6.004,-1.547,180,185,-1,0,0,0
510.845,153.481,-6.004,-1.547,175,185,-1,0,0,0
504.842,151.934,-6.004,-1.547,170,185,-1,0,0,0
498.838,150.387,-6.004,-1.547,165,185,-1,0,0,0
492.834,148.84,-6.004,-1.547,160,185,-1,0,0,0
486.83,147.292,-6.004,-1.547,155,185,-1,0,0,0
480.826,145.745,-6.004,-1.547,150,185,-1,0,0,0
474.822,144.198,-6.004,-1.547,145,185,-1,0,0,0
468.818,142.651,-6.004,-1.547,140,185,-1,0,0,0
462.815,141.104,-6.004,-1.547,135,185,-1,0,0,0
456.811,139.557,-6.004,-1.547,130,185,-1,0,0,0
450.807,138.01,-6.004,-1.547,125,185,-1,0,0,0
444.803,136.463,-6.004,-1.547,120,185,-1,0,0,0
438.799,134.915,-6.004,-1.547,115,185,-1,0,0,0
432.795,133.368,-6.004,-1.547,110,185,-1,0,0,0
426.791,131.821,-6.004,-1.547,105,185,-1,0,0,0
420.788,130.274,-6.004,-1.547,100,185,-1,0,0,0
414.784,128.727,-6.004,-1.547,95,185,-1,0,0,0
408.78,127.18,-6.004,-1.547,90,185,-1,0,0,0
402.776,125.633,-6.004,-1.547,85,185,-1,0,0,0
396.772,124.085,-6.004,-1.547,80,185,-1,0,0,0
390.768,122.538,-6.004,-1.547,75,185,-1,0,0,0
384.764,120.991,-6.004,-1.547,70,185,-1,0,0,0
378.761,119.444,-6.004,-1.547,65,185,-1,0,0,0
372.757,117.897,-6.004,-1.547,60,185,-1,0,0,0
366.753,116.35,-6.004,-1.547,55,185,-1,0,0,0
360.749,114.803,-6.004,-1.547,50,185,-1,0,0,0
354.745,113.255,-6.004,-1.547,45,185,-1,0,0,0
348.741,111.708,-6.004,-1.547,40,185,-1,0,0,0
342.737,110.161,-6.004,-1.547,35,185,-1,0,0,0
336.733,108.614,-6.004,-1.547,30,185,-1,0,0,0
330.73,107.067,-6.004,-1.547,25,185,-1,0,0,0
324.726,105.52,-6.004,-1.547,20,185,-1,0,0,0
318.722,103.973,-6.004,-1.547,15,185,-1,0,0,0
312.718,102.426,-6.004,-1.547,10,185,-1,0,0,0
306.714,100.878,-6.004,-1.547,5,185,-1,0,0,0
300.71,99.331,-6.004,-1.547,0,185,-1,0,0,0
294.706,97.784,-6.004,-1.547,0,185,-1,0,0,0
288.703,96.237,-6.004,-1.547,0,185,0,0,0,0
282.699,94.69,-6.004,-1.547,0,185,0,0,0,0
276.695,93.143,-6.004,-1.547,0,185,0,0,0,0
270.691,91.596,-6.004,-1.547,0,185,0,0,0,0
264.687,90.048,-6.004,-1.547,0,185,0,0,0,0
258.683,88.501,-6.004,-1.547,0,185,0,0,0,0
252.679,86.954,-6.004,-1.547,0,185,0,0,0,0
246.676,85.407,-6.004,-1.547,0,185,0,0,0,0
240.672,83.86,-6.004,-1.547,0,185,0,0,0,0
234.668,82.313,-6.004,-1.547,0,185,0,0,0,0
228.664,80.766,-6.004,-1.547,0,185,0,0,0,0
222.66,79.218,-6.004,-1.547,0,185,0,0,0,0
216.656,77.671,-6.004,-1.547,0,185,0,0,0,0
210.652,76.124,-6.004,-1.547,0,185,0,0,0,0
204.649,74.577,-6.004,-1.547,0,185,0,0,0,0
198.645,73.03,-6.004,-1.547,0,185,0,0,0,0
192.641,71.483,-6.004,-1.547,0,185,0,0,0,0
186.637,69.936,-6.004,-1.547,0,185,0,0,0,0
180.633,68.388,-6.004,-1.547,0,185,0,0,0,0
174.629,66.841,-6.004,-1.547,0,185,0,0,0,0
168.625,65.294,-6.004,-1.547,0,185,0,0,0,0
162.621,63.747,-6.004,-1.547,0,185,0,0,0,0
156.618,62.2,-6.004,-1.547,0,185,0,0,0,0
150.614,60.653,-6.004,-1.547,0,185,0,0,0,0
144.61,59.106,-6.004,-1.547,0,185,0,0,0,0
138.606,57.559,-6.004,-1.547,0,185,0,0,0,0
132.602,56.011,-6.004,-1.547,0,185,0,0,0,0
126.598,54.464,-6.004,-1.547,0,185,0,0,0,0
120.594,52.917,-6.004,-1.547,0,185,0,0,0,0
114.591,51.37,-6.004,-1.547,0,185,0,0,0,0
108.587,49.823,-6.004,-1.547,0,185,0,0,0,0
102.583,48.276,-6.004,-1.547,0,185,0,0,0,0
96.579,46.729,-6.004,-1.547,0,185,0,0,0,0
90.575,45.181,-6.004,-1.547,0,185,0,0,0,0
84.571,43.634,-6.004,-1.547,0,185,0,0,0,0
78.567,42.087,-6.004,-1.547,0,185,0,0,0,0
72.564,40.54,-6.004,-1.547,0,185,0,0,0,0
66.56,38.993,-6.004,-1.547,0,185,0,0,0,0
60.556,37.446,-6.004,-1.547,0,185,0,0,0,0
54.552,35.899,-6.004,-1.547,0,185,0,0,0,0
48.548,34.351,-6.004,-1.547,0,185,0,0,0,0
49.0,32.804,6.385,-1.217,0,185,0,0,0,0
55.385,31.587,6.385,-1.217,0,185,0,0,0,0
61.77,30.37,6.385,-1.217,5,185,1,0,0,0
68.155,29.153,6.385,-1.217,10,185,1,0,0,0
74.54,27.935,6.385,-1.217,15,185,1,0,0,0
80.925,26.718,6.385,-1.217,20,185,1,0,0,0
87.31,25.501,6.385,-1.217,25,185,1,0,0,0
93.695,24.284,6.385,-1.217,30,185,1,0,0,0
100.08,23.066,6.385,-1.217,35,185,1,0,0,0
106.465,21.849,6.385,-1.217,40,185,1,0,0,0
112.85,20.632,6.385,-1.217,45,185,1,0,0,0
119.235,19.414,6.385,-1.217,50,185,1,0,0,0
125.62,18.197,6.385,-1.217,55,185,1,0,0,0
132.005,16.98,6.385,-1.217,60,185,1,0,0,0
138.39,15.763,6.385,-1.217,65,185,1,0,0,0
144.775,14.545,6.385,-1.217,70,185,1,0,0,0
151.16,13.328,6.385,-1.217,75,185,1,0,0,0
157.545,12.111,6.385,-1.217,80,185,1,0,0,0
163.93,10.894,6.385,-1.217,85,185,1,0,0,0
170.315,9.676,6.385,-1.217,90,185,1,0,0,0
176.7,8.459,6.385,-1.217,95,185,1,0,0,0
183.085,7.242,6.385,-1.217,100,185,1,0,0,0
189.47,6.025,6.385,-1.217,105,185,1,0,0,0
195.855,6.0,6.385,1.217,110,185,1,0,0,0
202.24,7.217,6.385,1.217,115,185,1,0,0,0
208.625,8.435,6.385,1.217,120,185,1,0,0,0
215.01,9.652,6.385,1.217,125,185,1,0,0,0
221.395,10.869,6.385,1.217,130,185,1,0,0,0
227.78,12.086,6.385,1.217,135,185,1,0,0,0
234.165,13.304,6.385,1.217,140,185,1,0,0,0
240.55,14.521,6.385,1.217,145,185,1,0,0,0
246.935,15.738,6.385,1.217,150,185,1,0,0,0
253.32,16.955,6.385,1.217,155,185,1,0,0,0
259.705,18.173,6.385,1.217,160,185,1,0,0,0
266.09,19.39,6.385,1.217,165,185,1,0,0,0
272.475,20.607,6.385,1.217,170,185,1,0,0,0
278.86,21.824,6.385,1.217,170,185,0,0,0,0
285.245,23.042,6.385,1.217,170,185,0,0,0,0
291.63,24.259,6.385,1.217,170,185,0,0,0,0
298.015,25.476,6.385,1.217,170,185,0,0,0,0
304.4,26.693,6.385,1.217,170,185,0,0,0,0
310.785,27.911,6.385,1.217,170,185,0,0,0,0
317.17,29.128,6.385,1.217,170,185,0,0,0,0
323.555,30.345,6.385,1.217,170,185,0,0,0,0
329.94,31.562,6.385,1.217,170,185,0,0,0,0
336.325,32.78,6.385,1.217,170,185,0,0,0,0
342.71,33.997,6.385,1.217,170,185,0,0,0,0
349.095,35.214,6.385,1.217,170,185,0,0,0,0
355.48,36.431,6.385,1.217,170,185,0,0,0,0
361.865,37.649,6.385,1.217,170,185,0,0,0,0
368.25,38.866,6.385,1.217,170,185,0,0,0,0
374.635,40.083,6.385,1.217,170,185,0,0,0,0
381.02,41.3,6.385,1.217,170,185,0,0,0,0
387.405,42.518,6.385,1.217,170,185,0,0,0,0
393.79,43.735,6.385,1.217,170,185,0,0,0,0
400.175,44.952,6.385,1.217,170,185,0,0,0,0
406.56,46.169,6.385,1.217,170,185,0,0,0,0
412.945,47.387,6.385,1.217,170,185,0,0,0,0
419.33,48.604,6.385,1.217,170,185,0,0,0,0
425.715,49.821,6.385,1.217,170,185,0,0,0,0
432.1,51.039,6.385,1.217,170,185,0,0,0,0
438.485,52.256,6.385,1.217,170,185,0,0,0,0
444.87,53.473,6.385,1.217,170,185,0,0,0,0
451.255,54.69,6.385,1.217,170,185,0,0,0,0
457.64,55.908,6.385,1.217,170,185,0,0,0,0
464.025,57.125,6.385,1.217,170,185,0,0,0,0
470.41,58.342,6.385,1.217,170,180,0,-1,0,0
476.795,59.559,6.385,1.217,170,175,0,-1,0,0
483.18,60.777,6.385,1.217,170,170,0,-1,0,0
489.565,61.994,6.385,1.217,170,165,0,-1,0,0
495.95,63.211,6.385,1.217,170,160,0,-1,0,0
502.335,64.428,6.385,1.217,170,155,0,-1,0,0
508.72,65.646,6.385,1.217,170,150,0,-1,0,0
515.105,66.863,6.385,1.217,170,145,0,-1,0,0
521.49,68.08,6.385,1.217,165,140,-1,-1,0,0
527.875,69.297,6.385,1.217,160,135,-1,-1,0,0
534.26,70.515,6.385,1.217,155,130,-1,-1,0,0
540.645,71.732,6.385,1.217,150,125,-1,-1,0,0
547.03,72.949,6.385,1.217,145,120,-1,-1,0,0
553.415,74.166,6.385,1.217,140,120,-1,0,0,0
559.8,75.384,6.385,1.217,135,120,-1,0,0,0
566.185,76.601,6.385,1.217,130,120,-1,0,0,0
572.57,77.818,6.385,1.217,125,120,-1,0,0,0
578.955,79.035,6.385,1.217,120,120,-1,0,0,0
585.34,80.253,6.385,1.217,115,120,-1,0,0,0
591.725,81.47,6.385,1.217,110,120,-1,0,0,0
598.11,82.687,6.385,1.217,105,120,-1,0,0,0
604.495,83.904,6.385,1.217,100,120,-1,0,0,0
610.88,85.122,6.385,1.217,95,120,-1,0,0,0
617.265,86.339,6.385,1.217,95,120,0,0,0,0
623.65,87.556,6.385,1.217,95,120,0,0,0,0
630.035,88.773,6.385,1.217,95,120,0,0,0,0
636.42,89.991,6.385,1.217,95,120,0,0,0,0
642.805,91.208,6.385,1.217,95,120,0,0,0,0
649.19,92.425,6.385,1.217,95,120,0,0,0,0
655.575,93.643,6.385,1.217,95,120,0,0,0,0
661.96,94.86,6.385,1.217,95,115,0,-1,0,0
668.345,96.077,6.385,1.217,95,110,0,-1,0,0
674.73,97.294,6.385,1.217,95,105,0,-1,0,0
681.115,98.512,6.385,1.217,95,100,0,-1,0,0
687.5,99.729,6.385,1.217,95,95,0,-1,0,0
693.885,100.946,6.385,1.217,95,90,0,-1,0,0
700.27,102.163,6.385,1.217,95,85,0,-1,0,0
706.655,103.381,6.385,1.217,95,80,0,-1,0,0
713.04,104.598,6.385,1.217,90,75,-1,-1,0,0
719.425,105.815,6.385,1.217,85,70,-1,-1,0,0
725.81,107.032,6.385,1.217,80,65,-1,-1,0,0
732.196,108.25,6.385,1.217,75,60,-1,-1,0,0
738.581,109.467,6.385,1.217,70,55,-1,-1,0,0
744.966,110.684,6.385,1.217,65,50,-1,-1,0,0
751.351,111.901,6.385,1.217,60,45,-1,-1,0,0
751.0,113.119,-4.4,5.184,55,40,-1,-1,0,0
746.6,118.303,-4.4,5.184,50,40,-1,0,0,0
742.2,123.488,-4.4,5.184,45,40,-1,0,0,0
737.799,128.672,-4.4,5.184,40,40,-1,0,0,0
733.399,133.856,-4.4,5.184,40,40,0,0,0,0
728.999,139.041,-4.4,5.184,40,40,0,0,0,0
724.599,144.225,-4.4,5.184,40,40,0,0,0,0
720.199,149.41,-4.4,5.184,40,40,0,0,0,0
715.799,154.594,-4.4,5.184,40,40,0,0,0,0
711.398,159.779,-4.4,5.184,40,40,0,0,0,0
706.998,164.963,-4.4,5.184,40,40,0,0,0,0
702.598,170.148,-4.4,5.184,40,40,0,0,0,0
698.198,175.332,-4.4,5.184,40,40,0,0,0,0
693.798,180.516,-4.4,5.184,40,40,0,0,0,0
689.398,185.701,-4.4,5.184,45,40,1,0,0,0
684.997,190.885,-4.4,5.184,50,40,1,0,0,0
680.597,196.07,-4.4,5.184,55,40,1,0,0,0
676.197,201.254,-4.4,5.184,60,40,1,0,0,0
671.797,206.439,-4.4,5.184,65,40,1,0,0,0
667.397,211.623,-4.4,5.184,70,40,1,0,0,0
662.997,216.808,-4.4,5.184,75,40,1,0,0,0
658.596,221.992,-4.4,5.184,80,40,1,0,0,0
654.196,227.177,-4.4,5.184,85,40,1,0,0,0
649.796,232.361,-4.4,5.184,90,40,1,0,0,0
645.396,237.545,-4.4,5.184,95,40,1,0,0,0
640.996,242.73,-4.4,5.184,100,40,1,0,0,0
636.596,247.914,-4.4,5.184,105,40,1,0,0,0
632.195,253.099,-4.4,5.184,110,40,1,0,0,0
627.795,258.283,-4.4,5.184,115,45,1,1,0,0
623.395,263.468,-4.4,5.184,120,50,1,1,0,0
618.995,268.652,-4.4,5.184,125,55,1,1,0,0
614.595,273.837,-4.4,5.184,130,60,1,1,0,0
610.195,279.021,-4.4,5.184,135,65,1,1,0,0
605.794,284.206,-4.4,5.184,140,70,1,1,0,0
601.394,289.39,-4.4,5.184,145,75,1,1,0,0
596.994,294.574,-4.4,5.184,150,80,1,1,0,0
592.594,299.759,-4.4,5.184,155,85,1,1,0,0
588.194,304.943,-4.4,5.184,160,90,1,1,0,0
583.794,310.128,-4.4,5.184,165,95,1,1,0,0
579.393,315.312,-4.4,5.184,170,100,1,1,0,0
574.993,320.497,-4.4,5.184,175,105,1,1,0,0
570.593,325.681,-4.4,5.184,180,110,1,1,0,0
566.193,330.866,-4.4,5.184,185,115,1,1,0,0
561.793,336.05,-4.4,5.184,190,120,1,1,0,0
557.393,341.234,-4.4,5.184,195,125,1,1,0,0
552.992,346.419,-4.4,5.184,200,130,1,1,0,0
548.592,351.603,-4.4,5.184,205,135,1,1,0,0
544.192,356.788,-4.4,5.184,210,140,1,1,0,0
539.792,361.972,-4.4,5.184,215,145,1,1,0,0
535.392,367.157,-4.4,5.184,220,150,1,1,0,0
530.992,372.341,-4.4,5.184,225,155,1,1,0,0
526.591,377.526,-4.4,5.184,230,160,1,1,0,0
522.191,382.71,-4.4,5.184,235,165,1,1,0,0
517.791,387.895,-4.4,5.184,240,170,1,1,0,0
513.391,393.079,-4.4,5.184,245,175,1,1,0,0
508.991,398.263,-4.4,5.184,250,180,1,1,0,0
504.591,403.448,-4.4,5.184,255,185,1,1,0,0
500.19,408.632,-4.4,5.184,260,190,1,1,0,0
495.79,413.817,-4.4,5.184,265,195,1,1,0,0
491.39,419.001,-4.4,5.184,270,200,1,1,0,0
486.99,424.186,-4.4,5.184,275,205,1,1,0,0
482.59,429.37,-4.4,5.184,280,210,1,1,0,0
478.19,434.555,-4.4,5.184,285,215,1,1,0,0
473.789,439.739,-4.4,5.184,290,220,1,1,0,0
469.389,444.923,-4.4,5.184,295,225,1,1,0,0
464.989,450.108,-4.4,5.184,300,230,1,1,0,0
460.589,455.292,-4.4,5.184,305,235,1,1,0,0
456.189,460.477,-4.4,5.184,310,240,1,1,0,0
451.789,465.661,-4.4,5.184,315,245,1,1,0,0
447.388,470.846,-4.4,5.184,320,250,1,1,0,0
442.988,476.03,-4.4,5.184,325,255,1,1,0,0
438.588,481.215,-4.4,5.184,330,260,1,1,0,0
434.188,486.399,-4.4,5.184,335,265,1,1,0,0
429.788,491.584,-4.4,5.184,340,265,1,0,0,0
425.388,496.768,-4.4,5.184,345,265,1,0,0,0
420.987,501.952,-4.4,5.184,350,265,1,0,0,0
416.587,507.137,-4.4,5.184,355,265,1,0,0,0
412.187,512.321,-4.4,5.184,360,265,1,0,0,0
407.787,517.506,-4.4,5.184,365,265,1,0,0,0
403.387,522.69,-4.4,5.184,370,265,1,0,0,0
398.987,527.875,-4.4,5.184,375,265,1,0,0,0
394.586,533.059,-4.4,5.184,380,265,1,0,0,0
390.186,538.244,-4.4,5.184,385,265,1,0,0,0
385.786,543.428,-4.4,5.184,390,265,1,0,0,0
381.386,548.613,-4.4,5.184,395,265,1,0,0,0
376.986,553.797,-4.4,5.184,400,265,1,0,0,0
372.586,558.981,-4.4,5.184,405,265,1,0,0,0
368.185,564.166,-4.4,5.184,410,265,1,0,0,0
363.785,569.35,-4.4,5.184,410,265,0,0,0,0
359.385,574.535,-4.4,5.184,410,265,0,0,0,0
354.985,579.719,-4.4,5.184,410,265,0,0,0,0
350.585,584.904,-4.4,5.184,410,265,0,0,0,0
346.185,590.088,-4.4,5.184,410,265,0,0,0,0
341.784,594.0,-4.4,-5.184,410,265,0,0,0,0
337.384,588.816,-4.4,-5.184,410,265,0,0,0,0
332.984,583.631,-4.4,-5.184,410,265,0,0,0,0
328.584,578.447,-4.4,-5.184,405,265,-1,0,0,0
324.184,573.262,-4.4,-5.184,400,265,-1,0,0,0
319.784,568.078,-4.4,-5.184,395,265,-1,0,0,0
315.383,562.893,-4.4,-5.184,390,265,-1,0,0,0
310.983,557.709,-4.4,-5.184,385,265,-1,0,0,0
306.583,552.524,-4.4,-5.184,380,265,-1,0,0,0
302.183,547.34,-4.4,-5.184,375,265,-1,0,0,0
297.783,542.155,-4.4,-5.184,370,265,-1,0,0,0
293.383,536.971,-4.4,-5.184,365,265,-1,0,0,0
288.982,531.787,-4.4,-5.184,360,265,-1,0,0,0
284.582,526.602,-4.4,-5.184,355,265,-1,0,0,0
280.182,521.418,-4.4,-5.184,350,265,-1,0,0,0
275.782,516.233,-4.4,-5.184,345,265,-1,0,0,0
271.382,511.049,-4.4,-5.184,340,265,-1,0,0,0
266.982,505.864,-4.4,-5.184,335,265,-1,0,0,0
262.581,500.68,-4.4,-5.184,330,265,-1,0,0,0
258.181,495.495,-4.4,-5.184,325,265,-1,0,0,0
253.781,490.311,-4.4,-5.184,320,265,-1,0,0,0
249.381,485.127,-4.4,-5.184,315,265,-1,0,0,0
244.981,479.942,-4.4,-5.184,310,265,-1,0,0,0
240.581,474.758,-4.4,-5.184,305,265,-1,0,0,0
236.18,469.573,-4.4,-5.184,300,265,-1,0,0,0
231.78,464.389,-4.4,-5.184,295,265,-1,0,0,0
227.38,459.204,-4.4,-5.184,290,265,-1,0,0,0
222.98,454.02,-4.4,-5.184,285,265,-1,0,0,0
218.58,448.835,-4.4,-5.184,280,265,-1,0,0,0
214.18,443.651,-4.4,-5.184,275,265,-1,0,0,0
209.779,438.466,-4.4,-5.184,270,265,-1,0,0,0
205.379,433.282,-4.4,-5.184,265,265,-1,0,0,0
200.979,428.098,-4.4,-5.184,260,265,-1,0,0,0
196.579,422.913,-4.4,-5.184,255,265,-1,0,0,0
192.179,417.729,-4.4,-5.184,250,265,-1,0,0,0
187.779,412.544,-4.4,-5.184,245,265,-1,0,0,0
183.378,407.36,-4.4,-5.184,240,265,-1,0,0,0
178.978,402.175,-4.4,-5.184,235,265,-1,0,0,0
174.578,396.991,-4.4,-5.184,230,265,-1,0,0,0
170.178,391.806,-4.4,-5.184,225,265,-1,0,0,0
165.778,386.622,-4.4,-5.184,220,265,-1,0,0,0
161.378,381.438,-4.4,-5.184,220,265,0,0,0,0
156.977,376.253,-4.4,-5.184,220,265,0,0,0,0
152.577,371.069,-4.4,-5.184,220,265,0,0,0,0
148.177,365.884,-4.4,-5.184,220,265,0,0,0,0
143.777,360.7,-4.4,-5.184,220,265,0,0,0,0
139.377,355.515,-4.4,-5.184,220,265,0,0,0,0
134.977,350.331,-4.4,-5.184,220,265,0,0,0,0
130.576,345.146,-4.4,-5.184,220,265,0,0,0,0
126.176,339.962,-4.4,-5.184,220,265,0,0,0,0
121.776,334.777,-4.4,-5.184,220,265,0,0,0,0
117.376,329.593,-4.4,-5.184,220,265,0,0,0,0
112.976,324.409,-4.4,-5.184,220,265,0,0,0,0
108.576,319.224,-4.4,-5.184,220,265,0,0,0,0
104.175,314.04,-4.4,-5.184,220,265,0,0,0,0
99.775,308.855,-4.4,-5.184,220,265,0,0,0,0
95.375,303.671,-4.4,-5.184,220,270,0,1,0,0
90.975,298.486,-4.4,-5.184,220,275,0,1,0,0
86.575,293.302,-4.4,-5.184,220,280,0,1,0,0
82.175,288.117,-4.4,-5.184,220,285,0,1,0,0
77.774,282.933,-4.4,-5.184,215,290,-1,1,0,0
73.374,277.748,-4.4,-5.184,210,295,-1,1,0,0
68.974,272.564,-4.4,-5.184,205,300,-1,1,0,0
64.574,267.38,-4.4,-5.184,200,300,-1,0,0,0
60.174,262.195,-4.4,-5.184,195,300,-1,0,0,0
55.774,257.011,-4.4,-5.184,190,300,-1,0,0,0
51.373,251.826,-4.4,-5.184,185,300,-1,0,0,0
49.0,246.642,5.442,4.56,180,300,-1,0,0,0
54.442,251.202,5.442,4.56,175,300,-1,0,0,0
59.884,255.762,5.442,4.56,170,300,-1,0,0,0
65.326,260.323,5.442,4.56,165,300,-1,0,0,0
70.768,264.883,5.442,4.56,160,300,-1,0,0,0
76.209,269.443,5.442,4.56,155,300,-1,0,0,0
81.651,274.003,5.442,4.56,150,300,-1,0,0,0
87.093,278.564,5.442,4.56,145,300,-1,0,0,0
92.535,283.124,5.442,4.56,140,300,-1,0,0,0
97.977,287.684,5.442,4.56,135,300,-1,0,0,0
103.419,292.244,5.442,4.56,130,300,-1,0,0,0
108.861,296.805,5.442,4.56,125,300,-1,0,0,0
114.303,301.365,5.442,4.56,120,300,-1,0,0,0
119.745,305.925,5.442,4.56,115,300,-1,0,0,0
125.186,310.485,5.442,4.56,110,300,-1,0,0,0
130.628,315.046,5.442,4.56,105,300,-1,0,0,0
136.07,319.606,5.442,4.56,100,300,-1,0,0,0
141.512,324.166,5.442,4.56,95,300,-1,0,0,0
146.954,328.726,5.442,4.56,90,300,-1,0,0,0
152.396,333.286,5.442,4.56,85,300,-1,0,0,0
157.838,337.847,5.442,4.56,90,300,1,0,0,0
163.28,342.407,5.442,4.56,95,300,1,0,0,0
168.722,346.967,5.442,4.56,100,300,1,0,0,0
174.163,351.527,5.442,4.56,105,300,1,0,0,0
179.605,356.088,5.442,4.56,110,300,1,0,0,0
185.047,360.648,5.442,4.56,115,300,1,0,0,0
190.489,365.208,5.442,4.56,120,300,1,0,0,0
195.931,369.768,5.442,4.56,125,300,1,0,0,0
201.373,374.329,5.442,4.56,130,300,1,0,0,0
206.815,378.889,5.442,4.56,135,300,1,0,0,0
212.257,383.449,5.442,4.56,140,300,1,0,0,0
217.699,388.009,5.442,4.56,145,300,1,0,0,0
223.14,392.57,5.442,4.56,150,300,1,0,0,0
228.582,397.13,5.442,4.56,155,300,1,0,0,0
234.024,401.69,5.442,4.56,160,300,1,0,0,0
239.466,406.25,5.442,4.56,165,300,1,0,0,0
244.908,410.811,5.442,4.56,170,300,1,0,0,0
250.35,415.371,5.442,4.56,175,300,1,0,0,0
255.792,419.931,5.442,4.56,180,300,1,0,0,0
261.234,424.491,5.442,4.56,185,300,1,0,0,0
266.675,429.052,5.442,4.56,190,300,1,0,0,0
272.117,433.612,5.442,4.56,195,300,1,0,0,0
277.559,438.172,5.442,4.56,200,305,1,1,0,0
283.001,442.732,5.442,4.56,205,310,1,1,0,0
288.443,447.293,5.442,4.56,210,315,1,1,0,0
293.885,451.853,5.442,4.56,215,320,1,1,0,0
299.327,456.413,5.442,4.56,220,325,1,1,0,0
304.769,460.973,5.442,4.56,225,330,1,1,0,0
310.211,465.534,5.442,4.56,230,335,1,1,0,0
315.652,470.094,5.442,4.56,235,340,1,1,0,0
321.094,474.654,5.442,4.56,240,345,1,1,0,0
326.536,479.214,5.442,4.56,245,350,1,1,0,0
331.978,483.775,5.442,4.56,250,355,1,1,0,0
337.42,488.335,5.442,4.56,255,360,1,1,0,0
342.862,492.895,5.442,4.56,260,365,1,1,0,0
348.304,497.455,5.442,4.56,265,370,1,1,0,0
353.746,502.016,5.442,4.56,270,375,1,1,0,0
359.188,506.576,5.442,4.56,275,380,1,1,0,0
364.629,511.136,5.442,4.56,280,385,1,1,0,0
370.071,515.696,5.442,4.56,285,385,1,0,0,0
375.513,520.257,5.442,4.56,290,385,1,0,0,0
380.955,524.817,5.442,4.56,295,385,1,0,0,0
386.397,529.377,5.442,4.56,300,385,1,0,0,0
391.839,533.937,5.442,4.56,305,385,1,0,0,0
397.281,538.498,5.442,4.56,310,385,1,0,0,0
402.723,543.058,5.442,4.56,310,385,0,0,0,0
408.165,547.618,5.442,4.56,310,385,0,0,0,0
413.606,552.178,5.442,4.56,310,385,0,0,0,0
419.048,556.739,5.442,4.56,310,385,0,0,0,0
424.49,561.299,5.442,4.56,310,385,0,0,0,0
429.932,565.859,5.442,4.56,310,385,0,0,0,0
435.374,570.419,5.442,4.56,310,385,0,0,0,0
440.816,574.98,5.442,4.56,310,385,0,0,0,0
446.258,579.54,5.442,4.56,310,385,0,0,0,0
451.7,584.1,5.442,4.56,310,385,0,0,0,0
457.142,588.66,5.442,4.56,310,385,0,0,0,0
462.583,593.221,5.442,4.56,310,385,0,0,0,0
468.025,594.0,5.442,-4.56,310,385,0,0,0,0
473.467,589.44,5.442,-4.56,310,385,0,0,0,0
478.909,584.88,5.442,-4.56,310,385,0,0,0,0
484.351,580.319,5.442,-4.56,310,385,0,0,0,0
489.793,575.759,5.442,-4.56,310,385,0,0,0,0
495.235,571.199,5.442,-4.56,310,385,0,0,0,0
500.677,566.639,5.442,-4.56,310,385,0,0,0,0
506.119,562.078,5.442,-4.56,310,390,0,1,0,0
511.56,557.518,5.442,-4.56,310,395,0,1,0,0
517.002,552.958,5.442,-4.56,310,400,0,1,0,0
522.444,548.398,5.442,-4.56,310,405,0,1,0,0
527.886,543.837,5.442,-4.56,310,410,0,1,0,0
533.328,539.277,5.442,-4.56,310,415,0,1,0,0
538.77,534.717,5.442,-4.56,310,420,0,1,0,0
544.212,530.157,5.442,-4.56,310,425,0,1,0,0
549.654,525.596,5.442,-4.56,310,430,0,1,0,0
555.096,521.036,5.442,-4.56,310,435,0,1,0,0
560.537,516.476,5.442,-4.56,310,440,0,1,0,0
565.979,511.916,5.442,-4.56,310,445,0,1,0,0
571.421,507.355,5.442,-4.56,310,450,0,1,0,0
576.863,502.795,5.442,-4.56,310,455,0,1,0,0
582.305,498.235,5.442,-4.56,310,460,0,1,0,0
587.747,493.675,5.442,-4.56,310,465,0,1,0,0
593.189,489.114,5.442,-4.56,310,465,0,0,0,0
598.631,484.554,5.442,-4.56,310,465,0,0,0,0
604.073,479.994,5.442,-4.56,310,465,0,0,0,0
609.514,475.434,5.442,-4.56,310,465,0,0,0,0
614.956,470.873,5.442,-4.56,310,465,0,0,0,0
620.398,466.313,5.442,-4.56,310,465,0,0,0,0
625.84,461.753,5.442,-4.56,310,465,0,0,0,0
631.282,457.193,5.442,-4.56,310,465,0,0,0,0
636.724,452.632,5.442,-4.56,310,465,0,0,0,0
642.166,448.072,5.442,-4.56,310,465,0,0,0,0
647.608,443.512,5.442,-4.56,310,465,0,0,0,0
653.05,438.952,5.442,-4.56,310,460,0,-1,0,0
658.491,434.391,5.442,-4.56,310,455,0,-1,0,0
663.933,429.831,5.442,-4.56,310,450,0,-1,0,0
669.375,425.271,5.442,-4.56,310,445,0,-1,0,0
674.817,420.711,5.442,-4.56,310,440,0,-1,0,0
680.259,416.15,5.442,-4.56,310,435,0,-1,0,0
685.701,411.59,5.442,-4.56,310,430,0,-1,0,0
691.143,407.03,5.442,-4.56,310,425,0,-1,0,0
696.585,402.47,5.442,-4.56,310,420,0,-1,0,0
702.026,397.909,5.442,-4.56,310,415,0,-1,0,0
707.468,393.349,5.442,-4.56,310,410,0,-1,0,0
712.91,388.789,5.442,-4.56,310,405,0,-1,0,0
718.352,384.229,5.442,-4.56,310,400,0,-1,0,0
723.794,379.668,5.442,-4.56,310,395,0,-1,0,0
729.236,375.108,5.442,-4.56,310,390,0,-1,0,0
734.678,370.548,5.442,-4.56,310,385,0,-1,0,0
740.12,365.988,5.442,-4.56,310,380,0,-1,0,0
745.562,361.427,5.442,-4.56,310,375,0,-1,0,0
751.003,356.867,5.442,-4.56,310,370,0,-1,0,0
756.445,352.307,5.442,-4.56,310,365,0,-1,0,0
761.887,347.747,5.442,-4.56,310,360,0,-1,0,0
767.329,343.186,5.442,-4.56,310,355,0,-1,0,0
772.771,338.626,5.442,-4.56,310,350,0,-1,0,0
778.213,334.066,5.442,-4.56,310,345,0,-1,0,0
783.655,329.506,5.442,-4.56,310,340,0,-1,0,0
789.097,324.945,5.442,-4.56,310,335,0,-1,0,0
794.539,320.385,5.442,-4.56,310,330,0,-1,0,0
799.98,315.825,5.442,-4.56,310,325,0,-1,0,0
805.422,311.265,5.442,-4.56,310,320,0,-1,0,0
400.0,300.0,-4.998,-0.153,310,315,0,-1,1,0
404.959,299.36,4.959,-0.64,310,315,0,0,0,0
409.918,298.72,4.959,-0.64,310,315,0,0,0,0
414.877,298.08,4.959,-0.64,310,315,0,0,0,0
419.835,297.44,4.959,-0.64,310,315,0,0,0,0
424.794,296.8,4.959,-0.64,310,315,0,0,0,0
429.753,296.16,4.959,-0.64,310,315,0,0,0,0
434.712,295.52,4.959,-0.64,310,315,0,0,0,0
439.671,294.879,4.959,-0.64,310,315,0,0,0,0
444.63,294.239,4.959,-0.64,310,315,0,0,0,0
449.589,293.599,4.959,-0.64,310,315,0,0,0,0
454.547,292.959,4.959,-0.64,310,315,0,0,0,0
459.506,292.319,4.959,-0.64,310,315,0,0,0,0
464.465,291.679,4.959,-0.64,310,315,0,0,0,0
469.424,291.039,4.959,-0.64,310,315,0,0,0,0
474.383,290.399,4.959,-0.64,310,315,0,0,0,0
479.342,289.759,4.959,-0.64,310,315,0,0,0,0
484.301,289.119,4.959,-0.64,310,315,0,0,0,0
489.26,288.479,4.959,-0.64,310,315,0,0,0,0
494.218,287.839,4.959,-0.64,310,315,0,0,0,0
499.177,287.199,4.959,-0.64,310,315,0,0,0,0
504.136,286.559,4.959,-0.64,310,315,0,0,0,0
509.095,285.919,4.959,-0.64,310,315,0,0,0,0
514.054,285.278,4.959,-0.64,310,315,0,0,0,0
519.013,284.638,4.959,-0.64,310,315,0,0,0,0
523.972,283.998,4.959,-0.64,310,315,0,0,0,0
528.93,283.358,4.959,-0.64,310,315,0,0,0,0
533.889,282.718,4.959,-0.64,310,315,0,0,0,0
538.848,282.078,4.959,-0.64,310,315,0,0,0,0
543.807,281.438,4.959,-0.64,310,315,0,0,0,0
548.766,280.798,4.959,-0.64,310,315,0,0,0,0
553.725,280.158,4.959,-0.64,310,315,0,0,0,0
558.684,279.518,4.959,-0.64,310,315,0,0,0,0
563.642,278.878,4.959,-0.64,310,315,0,0,0,0
568.601,278.238,4.959,-0.64,310,315,0,0,0,0
573.56,277.598,4.959,-0.64,310,315,0,0,0,0
578.519,276.958,4.959,-0.64,310,315,0,0,0,0
583.478,276.318,4.959,-0.64,310,315,0,0,0,0
588.437,275.678,4.959,-0.64,310,315,0,0,0,0
593.396,275.037,4.959,-0.64,310,315,0,0,0,0
598.354,274.397,4.959,-0.64,310,315,0,0,0,0
603.313,273.757,4.959,-0.64,310,315,0,0,0,0
608.272,273.117,4.959,-0.64,310,315,0,0,0,0
613.231,272.477,4.959,-0.64,310,315,0,0,0,0
618.19,271.837,4.959,-0.64,310,315,0,0,0,0
623.149,271.197,4.959,-0.64,310,315,0,0,0,0
628.108,270.557,4.959,-0.64,310,315,0,0,0,0
633.067,269.917,4.959,-0.64,310,315,0,0,0,0
638.025,269.277,4.959,-0.64,310,315,0,0,0,0
642.984,268.637,4.959,-0.64,310,315,0,0,0,0
647.943,267.997,4.959,-0.64,310,315,0,0,0,0
652.902,267.357,4.959,-0.64,310,315,0,0,0,0
657.861,266.717,4.959,-0.64,310,315,0,0,0,0
662.82,266.077,4.959,-0.64,310,315,0,0,0,0
667.779,265.436,4.959,-0.64,310,315,0,0,0,0
672.737,264.796,4.959,-0.64,310,315,0,0,0,0
677.696,264.156,4.959,-0.64,310,315,0,0,0,0
682.655,263.516,4.959,-0.64,310,315,0,0,0,0
687.614,262.876,4.959,-0.64,310,315,0,0,0,0
692.573,262.236,4.959,-0.64,310,315,0,0,0,0
697.532,261.596,4.959,-0.64,310,315,0,0,0,0
702.491,260.956,4.959,-0.64,310,315,0,0,0,0
707.449,260.316,4.959,-0.64,310,315,0,0,0,0
712.408,259.676,4.959,-0.64,310,315,0,0,0,0
717.367,259.036,4.959,-0.64,310,315,0,0,0,0
722.326,258.396,4.959,-0.64,310,315,0,0,0,0
727.285,257.756,4.959,-0.64,310,315,0,0,0,0
732.244,257.116,4.959,-0.64,310,315,0,0,0,0
737.203,256.476,4.959,-0.64,310,315,0,0,0,0
742.162,255.835,4.959,-0.64,310,315,0,0,0,0
747.12,255.195,4.959,-0.64,310,315,0,0,0,0
752.079,254.555,4.959,-0.64,310,315,0,0,0,0
757.038,253.915,4.959,-0.64,310,315,0,0,0,0
761.997,253.275,4.959,-0.64,310,315,0,0,0,0
766.956,252.635,4.959,-0.64,310,315,0,0,0,0
771.915,251.995,4.959,-0.64,310,315,0,0,0,0
